{"type": "FeatureCollection", "name": "ayora", "crs_note": "EPSG:4326 (GeoJSON siempre en WGS84). El layout está en EPSG:25830", "generado_por": "tools/geojson_activo.py", "que_es": "La planta como ACTIVO: parcela, seguidores con su montaje, NCU, HSU y caminos. No confundir con <planta>_real.geojson, que es la malla de radio medida.", "montaje": {"tipo": "SingleAxisTrackerMount", "axis_tilt": 0, "axis_azimuth": 0, "max_angle": 55, "backtrack": true, "gcr": 0.3973, "cross_axis_tilt": 0, "module_height": null, "night_stow_deg": 5, "pitch": 6, "cuerda": 2.384, "modulos_en_vertical": 1}, "montaje_origen": {"pitch": "medido · mesa.pasoFila", "cuerda": "derivado · mesa.modH 2.384 × 1V del nombre del bloque", "gcr": "derivado · cuerda 2.384 / paso 6", "axis_azimuth": "canon · eje N-S (0), que es lo que mide el DWG", "tipo": "del layout · la planta es de seguidores", "axis_tilt": "canon · el eje se genera horizontal; el terreno se aplica aparte (bt3d)", "max_angle": "declarado por la casa · 55° en TODAS las plantas (2026-08-21). Coincide con el CANONICAL_MAX_ANGLE_DEG del core y con lo unico medido, la plantilla TCU de El Burgo", "backtrack": "canon · CANONICAL_BACKTRACK, y es lo que ejecutan las fichas", "cross_axis_tilt": "canon · 0, que es lo que pasa el JS a singleaxis", "module_height": "null · no se ha medido la altura del tubo en ninguna planta", "night_stow_deg": "canon · 5° al este, dato de proyecto", "modulos_en_vertical": "medido · del nombre del bloque del DWG"}, "meteo_nota": "La NCU 15 tiene DOS HSU, las dos en el GATEWAY 1, con esclavos 230 y 231 (toolbox, del Excel de coordenadas; el GW1 confirmado además por la casa el 2026-08-26). NO es el patrón de El Burgo, donde las dos HSU de una NCU van una por gateway. Lo que se repite en las dos plantas es el PAR 230/231 por NCU; cómo se reparte entre gateways, no. Las otras ocho NCU con HSU llevan una y esclavo 230.", "features": [{"type": "Feature", "geometry": {"type": "Point", "coordinates": [-1.1484704, 39.1223721]}, "properties": {"rol": "seguidor", "id": "TK 001-01", "tipo": "completo", "axis_azimuth": 0, "punto": "eje de unidad (no el motor)", "ncu": 1, "gw": 1, "axis_tilt": 0, "max_angle": 55, "backtrack": true, "gcr": 0.3973, "cross_axis_tilt": 0}}, {"type": "Feature", "geometry": {"type": "Point", "coordinates": [-1.1484881, 39.1216975]}, "properties": {"rol": "seguidor", "id": "TK 002-01", "tipo": "completo", "axis_azimuth": 0, "punto": "eje de unidad (no el motor)", "ncu": 1, "gw": 1, "axis_tilt": 0, "max_angle": 55, "backtrack": true, "gcr": 0.3973, "cross_axis_tilt": 0}}, {"type": "Feature", "geometry": {"type": "Point", "coordinates": [-1.1485057, 39.1210229]}, "properties": {"rol": "seguidor", "id": "TK 003-01", "tipo": "completo", "axis_azimuth": 0, "punto": "eje de unidad (no el motor)", "ncu": 1, "gw": 1, "axis_tilt": 0, "max_angle": 55, "backtrack": true, "gcr": 0.3973, "cross_axis_tilt": 0}}, {"type": "Feature", "geometry": {"type": "Point", "coordinates": [-1.1483317, 39.1223699]}, "properties": {"rol": "seguidor", "id": "TK 004-01", "tipo": "completo", "axis_azimuth": 0, "punto": "eje de unidad (no el motor)", "ncu": 1, "gw": 1, "axis_tilt": 0, "max_angle": 55, "backtrack": true, "gcr": 0.3973, "cross_axis_tilt": 0}}, {"type": "Feature", "geometry": {"type": "Point", "coordinates": [-1.1483493, 39.1216953]}, "properties": {"rol": "seguidor", "id": "TK 005-01", "tipo": "completo", "axis_azimuth": 0, "punto": "eje de unidad (no el motor)", "ncu": 1, "gw": 1, "axis_tilt": 0, "max_angle": 55, "backtrack": true, "gcr": 0.3973, "cross_axis_tilt": 0}}, {"type": "Feature", "geometry": {"type": "Point", "coordinates": [-1.148367, 39.1210207]}, "properties": {"rol": "seguidor", "id": "TK 006-01", "tipo": "completo", "axis_azimuth": 0, "punto": "eje de unidad (no el motor)", "ncu": 1, "gw": 1, "axis_tilt": 0, "max_angle": 55, "backtrack": true, "gcr": 0.3973, "cross_axis_tilt": 0}}, {"type": "Feature", "geometry": {"type": "Point", "coordinates": [-1.1481972, 39.122202]}, "properties": {"rol": "seguidor", "id": "TK 007-01", "tipo": "completo", "axis_azimuth": 0, "punto": "eje de unidad (no el motor)", "ncu": 1, "gw": 1, "axis_tilt": 0, "max_angle": 55, "backtrack": true, "gcr": 0.3973, "cross_axis_tilt": 0}}, {"type": "Feature", "geometry": {"type": "Point", "coordinates": [-1.1482149, 39.1215274]}, "properties": {"rol": "seguidor", "id": "TK 008-01", "tipo": "completo", "axis_azimuth": 0, "punto": "eje de unidad (no el motor)", "ncu": 1, "gw": 1, "axis_tilt": 0, "max_angle": 55, "backtrack": true, "gcr": 0.3973, "cross_axis_tilt": 0}}, {"type": "Feature", "geometry": {"type": "Point", "coordinates": [-1.1482326, 39.1208519]}, "properties": {"rol": "seguidor", "id": "TK 009-01", "tipo": "completo", "axis_azimuth": 0, "punto": "eje de unidad (no el motor)", "ncu": 1, "gw": 1, "axis_tilt": 0, "max_angle": 55, "backtrack": true, "gcr": 0.3973, "cross_axis_tilt": 0}}, {"type": "Feature", "geometry": {"type": "Point", "coordinates": [-1.1480585, 39.1221998]}, "properties": {"rol": "seguidor", "id": "TK 010-01", "tipo": "completo", "axis_azimuth": 0, "punto": "eje de unidad (no el motor)", "ncu": 1, "gw": 1, "axis_tilt": 0, "max_angle": 55, "backtrack": true, "gcr": 0.3973, "cross_axis_tilt": 0}}, {"type": "Feature", "geometry": {"type": "Point", "coordinates": [-1.1480762, 39.1215252]}, "properties": {"rol": "seguidor", "id": "TK 011-01", "tipo": "completo", "axis_azimuth": 0, "punto": "eje de unidad (no el motor)", "ncu": 1, "gw": 1, "axis_tilt": 0, "max_angle": 55, "backtrack": true, "gcr": 0.3973, "cross_axis_tilt": 0}}, {"type": "Feature", "geometry": {"type": "Point", "coordinates": [-1.1480939, 39.1208497]}, "properties": {"rol": "seguidor", "id": "TK 012-01", "tipo": "completo", "axis_azimuth": 0, "punto": "eje de unidad (no el motor)", "ncu": 1, "gw": 1, "axis_tilt": 0, "max_angle": 55, "backtrack": true, "gcr": 0.3973, "cross_axis_tilt": 0}}, {"type": "Feature", "geometry": {"type": "Point", "coordinates": [-1.1479198, 39.1221976]}, "properties": {"rol": "seguidor", "id": "TK 013-01", "tipo": "completo", "axis_azimuth": 0, "punto": "eje de unidad (no el motor)", "ncu": 1, "gw": 1, "axis_tilt": 0, "max_angle": 55, "backtrack": true, "gcr": 0.3973, "cross_axis_tilt": 0}}, {"type": "Feature", "geometry": {"type": "Point", "coordinates": [-1.1479374, 39.121523]}, "properties": {"rol": "seguidor", "id": "TK 014-01", "tipo": "completo", "axis_azimuth": 0, "punto": "eje de unidad (no el motor)", "ncu": 1, "gw": 1, "axis_tilt": 0, "max_angle": 55, "backtrack": true, "gcr": 0.3973, "cross_axis_tilt": 0}}, {"type": "Feature", "geometry": {"type": "Point", "coordinates": [-1.1479551, 39.1208475]}, "properties": {"rol": "seguidor", "id": "TK 015-01", "tipo": "completo", "axis_azimuth": 0, "punto": "eje de unidad (no el motor)", "ncu": 1, "gw": 1, "axis_tilt": 0, "max_angle": 55, "backtrack": true, "gcr": 0.3973, "cross_axis_tilt": 0}}, {"type": "Feature", "geometry": {"type": "Point", "coordinates": [-1.147781, 39.1221954]}, "properties": {"rol": "seguidor", "id": "TK 016-01", "tipo": "completo", "axis_azimuth": 0, "punto": "eje de unidad (no el motor)", "ncu": 1, "gw": 1, "axis_tilt": 0, "max_angle": 55, "backtrack": true, "gcr": 0.3973, "cross_axis_tilt": 0}}, {"type": "Feature", "geometry": {"type": "Point", "coordinates": [-1.1477987, 39.1215208]}, "properties": {"rol": "seguidor", "id": "TK 017-01", "tipo": "completo", "axis_azimuth": 0, "punto": "eje de unidad (no el motor)", "ncu": 1, "gw": 1, "axis_tilt": 0, "max_angle": 55, "backtrack": true, "gcr": 0.3973, "cross_axis_tilt": 0}}, {"type": "Feature", "geometry": {"type": "Point", "coordinates": [-1.1478164, 39.1208453]}, "properties": {"rol": "seguidor", "id": "TK 018-01", "tipo": "completo", "axis_azimuth": 0, "punto": "eje de unidad (no el motor)", "ncu": 1, "gw": 1, "axis_tilt": 0, "max_angle": 55, "backtrack": true, "gcr": 0.3973, "cross_axis_tilt": 0}}, {"type": "Feature", "geometry": {"type": "Point", "coordinates": [-1.1476423, 39.1221922]}, "properties": {"rol": "seguidor", "id": "TK 019-01", "tipo": "completo", "axis_azimuth": 0, "punto": "eje de unidad (no el motor)", "ncu": 1, "gw": 1, "axis_tilt": 0, "max_angle": 55, "backtrack": true, "gcr": 0.3973, "cross_axis_tilt": 0}}, {"type": "Feature", "geometry": {"type": "Point", "coordinates": [-1.14766, 39.1215177]}, "properties": {"rol": "seguidor", "id": "TK 020-01", "tipo": "completo", "axis_azimuth": 0, "punto": "eje de unidad (no el motor)", "ncu": 1, "gw": 1, "axis_tilt": 0, "max_angle": 55, "backtrack": true, "gcr": 0.3973, "cross_axis_tilt": 0}}, {"type": "Feature", "geometry": {"type": "Point", "coordinates": [-1.1476776, 39.1208431]}, "properties": {"rol": "seguidor", "id": "TK 021-01", "tipo": "completo", "axis_azimuth": 0, "punto": "eje de unidad (no el motor)", "ncu": 1, "gw": 1, "axis_tilt": 0, "max_angle": 55, "backtrack": true, "gcr": 0.3973, "cross_axis_tilt": 0}}, {"type": "Feature", "geometry": {"type": "Point", "coordinates": [-1.1475035, 39.1221909]}, "properties": {"rol": "seguidor", "id": "TK 022-01", "tipo": "completo", "axis_azimuth": 0, "punto": "eje de unidad (no el motor)", "ncu": 1, "gw": 1, "axis_tilt": 0, "max_angle": 55, "backtrack": true, "gcr": 0.3973, "cross_axis_tilt": 0}}, {"type": "Feature", "geometry": {"type": "Point", "coordinates": [-1.1475212, 39.1215164]}, "properties": {"rol": "seguidor", "id": "TK 023-01", "tipo": "completo", "axis_azimuth": 0, "punto": "eje de unidad (no el motor)", "ncu": 1, "gw": 1, "axis_tilt": 0, "max_angle": 55, "backtrack": true, "gcr": 0.3973, "cross_axis_tilt": 0}}, {"type": "Feature", "geometry": {"type": "Point", "coordinates": [-1.1475389, 39.1208409]}, "properties": {"rol": "seguidor", "id": "TK 024-01", "tipo": "completo", "axis_azimuth": 0, "punto": "eje de unidad (no el motor)", "ncu": 1, "gw": 1, "axis_tilt": 0, "max_angle": 55, "backtrack": true, "gcr": 0.3973, "cross_axis_tilt": 0}}, {"type": "Feature", "geometry": {"type": "Point", "coordinates": [-1.1473648, 39.1221887]}, "properties": {"rol": "seguidor", "id": "TK 025-01", "tipo": "completo", "axis_azimuth": 0, "punto": "eje de unidad (no el motor)", "ncu": 1, "gw": 1, "axis_tilt": 0, "max_angle": 55, "backtrack": true, "gcr": 0.3973, "cross_axis_tilt": 0}}, {"type": "Feature", "geometry": {"type": "Point", "coordinates": [-1.1473824, 39.1215142]}, "properties": {"rol": "seguidor", "id": "TK 026-01", "tipo": "completo", "axis_azimuth": 0, "punto": "eje de unidad (no el motor)", "ncu": 1, "gw": 1, "axis_tilt": 0, "max_angle": 55, "backtrack": true, "gcr": 0.3973, "cross_axis_tilt": 0}}, {"type": "Feature", "geometry": {"type": "Point", "coordinates": [-1.1474001, 39.1208387]}, "properties": {"rol": "seguidor", "id": "TK 027-01", "tipo": "completo", "axis_azimuth": 0, "punto": "eje de unidad (no el motor)", "ncu": 1, "gw": 1, "axis_tilt": 0, "max_angle": 55, "backtrack": true, "gcr": 0.3973, "cross_axis_tilt": 0}}, {"type": "Feature", "geometry": {"type": "Point", "coordinates": [-1.1472212, 39.1223685]}, "properties": {"rol": "seguidor", "id": "TK 028-01", "tipo": "completo", "axis_azimuth": 0, "punto": "eje de unidad (no el motor)", "ncu": 1, "gw": 1, "axis_tilt": 0, "max_angle": 55, "backtrack": true, "gcr": 0.3973, "cross_axis_tilt": 0}}, {"type": "Feature", "geometry": {"type": "Point", "coordinates": [-1.1472367, 39.1217767]}, "properties": {"rol": "seguidor", "id": "TK 029-01", "tipo": "medio", "axis_azimuth": 0, "punto": "eje de unidad (no el motor)", "ncu": 1, "gw": 1, "axis_tilt": 0, "max_angle": 55, "backtrack": true, "gcr": 0.3973, "cross_axis_tilt": 0}}, {"type": "Feature", "geometry": {"type": "Point", "coordinates": [-1.1472675, 39.120605]}, "properties": {"rol": "seguidor", "id": "TK 030-01", "tipo": "completo", "axis_azimuth": 0, "punto": "eje de unidad (no el motor)", "ncu": 1, "gw": 1, "axis_tilt": 0, "max_angle": 55, "backtrack": true, "gcr": 0.3973, "cross_axis_tilt": 0}}, {"type": "Feature", "geometry": {"type": "Point", "coordinates": [-1.1470825, 39.1223663]}, "properties": {"rol": "seguidor", "id": "TK 031-01", "tipo": "completo", "axis_azimuth": 0, "punto": "eje de unidad (no el motor)", "ncu": 1, "gw": 1, "axis_tilt": 0, "max_angle": 55, "backtrack": true, "gcr": 0.3973, "cross_axis_tilt": 0}}, {"type": "Feature", "geometry": {"type": "Point", "coordinates": [-1.147098, 39.1217745]}, "properties": {"rol": "seguidor", "id": "TK 032-01", "tipo": "medio", "axis_azimuth": 0, "punto": "eje de unidad (no el motor)", "ncu": 1, "gw": 1, "axis_tilt": 0, "max_angle": 55, "backtrack": true, "gcr": 0.3973, "cross_axis_tilt": 0}}, {"type": "Feature", "geometry": {"type": "Point", "coordinates": [-1.1471287, 39.1206028]}, "properties": {"rol": "seguidor", "id": "TK 033-01", "tipo": "completo", "axis_azimuth": 0, "punto": "eje de unidad (no el motor)", "ncu": 1, "gw": 1, "axis_tilt": 0, "max_angle": 55, "backtrack": true, "gcr": 0.3973, "cross_axis_tilt": 0}}, {"type": "Feature", "geometry": {"type": "Point", "coordinates": [-1.1469437, 39.122364]}, "properties": {"rol": "seguidor", "id": "TK 034-01", "tipo": "completo", "axis_azimuth": 0, "punto": "eje de unidad (no el motor)", "ncu": 1, "gw": 1, "axis_tilt": 0, "max_angle": 55, "backtrack": true, "gcr": 0.3973, "cross_axis_tilt": 0}}, {"type": "Feature", "geometry": {"type": "Point", "coordinates": [-1.1469593, 39.1217723]}, "properties": {"rol": "seguidor", "id": "TK 035-01", "tipo": "medio", "axis_azimuth": 0, "punto": "eje de unidad (no el motor)", "ncu": 1, "gw": 1, "axis_tilt": 0, "max_angle": 55, "backtrack": true, "gcr": 0.3973, "cross_axis_tilt": 0}}, {"type": "Feature", "geometry": {"type": "Point", "coordinates": [-1.146805, 39.1223618]}, "properties": {"rol": "seguidor", "id": "TK 036-01", "tipo": "completo", "axis_azimuth": 0, "punto": "eje de unidad (no el motor)", "ncu": 1, "gw": 1, "axis_tilt": 0, "max_angle": 55, "backtrack": true, "gcr": 0.3973, "cross_axis_tilt": 0}}, {"type": "Feature", "geometry": {"type": "Point", "coordinates": [-1.1468205, 39.1217701]}, "properties": {"rol": "seguidor", "id": "TK 037-01", "tipo": "medio", "axis_azimuth": 0, "punto": "eje de unidad (no el motor)", "ncu": 1, "gw": 1, "axis_tilt": 0, "max_angle": 55, "backtrack": true, "gcr": 0.3973, "cross_axis_tilt": 0}}, {"type": "Feature", "geometry": {"type": "Point", "coordinates": [-1.1466754, 39.122012]}, "properties": {"rol": "seguidor", "id": "TK 038-01", "tipo": "completo", "axis_azimuth": 0, "punto": "eje de unidad (no el motor)", "ncu": 1, "gw": 1, "axis_tilt": 0, "max_angle": 55, "backtrack": true, "gcr": 0.3973, "cross_axis_tilt": 0}}, {"type": "Feature", "geometry": {"type": "Point", "coordinates": [-1.1466931, 39.1213365]}, "properties": {"rol": "seguidor", "id": "TK 039-01", "tipo": "completo", "axis_azimuth": 0, "punto": "eje de unidad (no el motor)", "ncu": 1, "gw": 1, "axis_tilt": 0, "max_angle": 55, "backtrack": true, "gcr": 0.3973, "cross_axis_tilt": 0}}, {"type": "Feature", "geometry": {"type": "Point", "coordinates": [-1.1465366, 39.1220098]}, "properties": {"rol": "seguidor", "id": "TK 040-01", "tipo": "completo", "axis_azimuth": 0, "punto": "eje de unidad (no el motor)", "ncu": 1, "gw": 1, "axis_tilt": 0, "max_angle": 55, "backtrack": true, "gcr": 0.3973, "cross_axis_tilt": 0}}, {"type": "Feature", "geometry": {"type": "Point", "coordinates": [-1.1465543, 39.1213343]}, "properties": {"rol": "seguidor", "id": "TK 041-01", "tipo": "completo", "axis_azimuth": 0, "punto": "eje de unidad (no el motor)", "ncu": 1, "gw": 1, "axis_tilt": 0, "max_angle": 55, "backtrack": true, "gcr": 0.3973, "cross_axis_tilt": 0}}, {"type": "Feature", "geometry": {"type": "Point", "coordinates": [-1.1463978, 39.1220094]}, "properties": {"rol": "seguidor", "id": "TK 042-01", "tipo": "completo", "axis_azimuth": 0, "punto": "eje de unidad (no el motor)", "ncu": 1, "gw": 1, "axis_tilt": 0, "max_angle": 55, "backtrack": true, "gcr": 0.3973, "cross_axis_tilt": 0}}, {"type": "Feature", "geometry": {"type": "Point", "coordinates": [-1.1464156, 39.121333]}, "properties": {"rol": "seguidor", "id": "TK 043-01", "tipo": "completo", "axis_azimuth": 0, "punto": "eje de unidad (no el motor)", "ncu": 1, "gw": 1, "axis_tilt": 0, "max_angle": 55, "backtrack": true, "gcr": 0.3973, "cross_axis_tilt": 0}}, {"type": "Feature", "geometry": {"type": "Point", "coordinates": [-1.1464333, 39.1206575]}, "properties": {"rol": "seguidor", "id": "TK 044-01", "tipo": "completo", "axis_azimuth": 0, "punto": "eje de unidad (no el motor)", "ncu": 1, "gw": 1, "axis_tilt": 0, "max_angle": 55, "backtrack": true, "gcr": 0.3973, "cross_axis_tilt": 0}}, {"type": "Feature", "geometry": {"type": "Point", "coordinates": [-1.1462591, 39.1220054]}, "properties": {"rol": "seguidor", "id": "TK 045-01", "tipo": "completo", "axis_azimuth": 0, "punto": "eje de unidad (no el motor)", "ncu": 1, "gw": 1, "axis_tilt": 0, "max_angle": 55, "backtrack": true, "gcr": 0.3973, "cross_axis_tilt": 0}}, {"type": "Feature", "geometry": {"type": "Point", "coordinates": [-1.1462768, 39.1213299]}, "properties": {"rol": "seguidor", "id": "TK 046-01", "tipo": "completo", "axis_azimuth": 0, "punto": "eje de unidad (no el motor)", "ncu": 1, "gw": 1, "axis_tilt": 0, "max_angle": 55, "backtrack": true, "gcr": 0.3973, "cross_axis_tilt": 0}}, {"type": "Feature", "geometry": {"type": "Point", "coordinates": [-1.1462945, 39.1206553]}, "properties": {"rol": "seguidor", "id": "TK 047-01", "tipo": "completo", "axis_azimuth": 0, "punto": "eje de unidad (no el motor)", "ncu": 1, "gw": 1, "axis_tilt": 0, "max_angle": 55, "backtrack": true, "gcr": 0.3973, "cross_axis_tilt": 0}}, {"type": "Feature", "geometry": {"type": "Point", "coordinates": [-1.1461204, 39.1220023]}, "properties": {"rol": "seguidor", "id": "TK 048-01", "tipo": "completo", "axis_azimuth": 0, "punto": "eje de unidad (no el motor)", "ncu": 1, "gw": 1, "axis_tilt": 0, "max_angle": 55, "backtrack": true, "gcr": 0.3973, "cross_axis_tilt": 0}}, {"type": "Feature", "geometry": {"type": "Point", "coordinates": [-1.1461381, 39.1213277]}, "properties": {"rol": "seguidor", "id": "TK 049-01", "tipo": "completo", "axis_azimuth": 0, "punto": "eje de unidad (no el motor)", "ncu": 1, "gw": 1, "axis_tilt": 0, "max_angle": 55, "backtrack": true, "gcr": 0.3973, "cross_axis_tilt": 0}}, {"type": "Feature", "geometry": {"type": "Point", "coordinates": [-1.1461558, 39.1206531]}, "properties": {"rol": "seguidor", "id": "TK 050-01", "tipo": "completo", "axis_azimuth": 0, "punto": "eje de unidad (no el motor)", "ncu": 1, "gw": 1, "axis_tilt": 0, "max_angle": 55, "backtrack": true, "gcr": 0.3973, "cross_axis_tilt": 0}}, {"type": "Feature", "geometry": {"type": "Point", "coordinates": [-1.1459816, 39.1220009]}, "properties": {"rol": "seguidor", "id": "TK 051-01", "tipo": "completo", "axis_azimuth": 0, "punto": "eje de unidad (no el motor)", "ncu": 1, "gw": 1, "axis_tilt": 0, "max_angle": 55, "backtrack": true, "gcr": 0.3973, "cross_axis_tilt": 0}}, {"type": "Feature", "geometry": {"type": "Point", "coordinates": [-1.1459993, 39.1213255]}, "properties": {"rol": "seguidor", "id": "TK 052-01", "tipo": "completo", "axis_azimuth": 0, "punto": "eje de unidad (no el motor)", "ncu": 1, "gw": 1, "axis_tilt": 0, "max_angle": 55, "backtrack": true, "gcr": 0.3973, "cross_axis_tilt": 0}}, {"type": "Feature", "geometry": {"type": "Point", "coordinates": [-1.146017, 39.1206509]}, "properties": {"rol": "seguidor", "id": "TK 053-01", "tipo": "completo", "axis_azimuth": 0, "punto": "eje de unidad (no el motor)", "ncu": 1, "gw": 1, "axis_tilt": 0, "max_angle": 55, "backtrack": true, "gcr": 0.3973, "cross_axis_tilt": 0}}, {"type": "Feature", "geometry": {"type": "Point", "coordinates": [-1.1458429, 39.1219978]}, "properties": {"rol": "seguidor", "id": "TK 054-01", "tipo": "completo", "axis_azimuth": 0, "punto": "eje de unidad (no el motor)", "ncu": 1, "gw": 1, "axis_tilt": 0, "max_angle": 55, "backtrack": true, "gcr": 0.3973, "cross_axis_tilt": 0}}, {"type": "Feature", "geometry": {"type": "Point", "coordinates": [-1.1458606, 39.1213233]}, "properties": {"rol": "seguidor", "id": "TK 055-01", "tipo": "completo", "axis_azimuth": 0, "punto": "eje de unidad (no el motor)", "ncu": 1, "gw": 1, "axis_tilt": 0, "max_angle": 55, "backtrack": true, "gcr": 0.3973, "cross_axis_tilt": 0}}, {"type": "Feature", "geometry": {"type": "Point", "coordinates": [-1.1458783, 39.1206487]}, "properties": {"rol": "seguidor", "id": "TK 056-01", "tipo": "completo", "axis_azimuth": 0, "punto": "eje de unidad (no el motor)", "ncu": 1, "gw": 1, "axis_tilt": 0, "max_angle": 55, "backtrack": true, "gcr": 0.3973, "cross_axis_tilt": 0}}, {"type": "Feature", "geometry": {"type": "Point", "coordinates": [-1.1457085, 39.1218299]}, "properties": {"rol": "seguidor", "id": "TK 057-01", "tipo": "completo", "axis_azimuth": 0, "punto": "eje de unidad (no el motor)", "ncu": 1, "gw": 1, "axis_tilt": 0, "max_angle": 55, "backtrack": true, "gcr": 0.3973, "cross_axis_tilt": 0}}, {"type": "Feature", "geometry": {"type": "Point", "coordinates": [-1.1457262, 39.1211544]}, "properties": {"rol": "seguidor", "id": "TK 058-01", "tipo": "completo", "axis_azimuth": 0, "punto": "eje de unidad (no el motor)", "ncu": 1, "gw": 1, "axis_tilt": 0, "max_angle": 55, "backtrack": true, "gcr": 0.3973, "cross_axis_tilt": 0}}, {"type": "Feature", "geometry": {"type": "Point", "coordinates": [-1.1457417, 39.1205627]}, "properties": {"rol": "seguidor", "id": "TK 059-01", "tipo": "medio", "axis_azimuth": 0, "punto": "eje de unidad (no el motor)", "ncu": 1, "gw": 1, "axis_tilt": 0, "max_angle": 55, "backtrack": true, "gcr": 0.3973, "cross_axis_tilt": 0}}, {"type": "Feature", "geometry": {"type": "Point", "coordinates": [-1.1455698, 39.1218277]}, "properties": {"rol": "seguidor", "id": "TK 060-01", "tipo": "completo", "axis_azimuth": 0, "punto": "eje de unidad (no el motor)", "ncu": 1, "gw": 1, "axis_tilt": 0, "max_angle": 55, "backtrack": true, "gcr": 0.3973, "cross_axis_tilt": 0}}, {"type": "Feature", "geometry": {"type": "Point", "coordinates": [-1.1455875, 39.1211522]}, "properties": {"rol": "seguidor", "id": "TK 061-01", "tipo": "completo", "axis_azimuth": 0, "punto": "eje de unidad (no el motor)", "ncu": 1, "gw": 1, "axis_tilt": 0, "max_angle": 55, "backtrack": true, "gcr": 0.3973, "cross_axis_tilt": 0}}, {"type": "Feature", "geometry": {"type": "Point", "coordinates": [-1.145603, 39.1205605]}, "properties": {"rol": "seguidor", "id": "TK 062-01", "tipo": "medio", "axis_azimuth": 0, "punto": "eje de unidad (no el motor)", "ncu": 1, "gw": 1, "axis_tilt": 0, "max_angle": 55, "backtrack": true, "gcr": 0.3973, "cross_axis_tilt": 0}}, {"type": "Feature", "geometry": {"type": "Point", "coordinates": [-1.1454563, 39.1208627]}, "properties": {"rol": "seguidor", "id": "TK 063-01", "tipo": "completo", "axis_azimuth": 0, "punto": "eje de unidad (no el motor)", "ncu": 1, "gw": 1, "axis_tilt": 0, "max_angle": 55, "backtrack": true, "gcr": 0.3973, "cross_axis_tilt": 0}}, {"type": "Feature", "geometry": {"type": "Point", "coordinates": [-1.152229, 39.1219578]}, "properties": {"rol": "seguidor", "id": "TK 001-02", "tipo": "completo", "axis_azimuth": 0, "punto": "eje de unidad (no el motor)", "ncu": 2, "gw": 1, "axis_tilt": 0, "max_angle": 55, "backtrack": true, "gcr": 0.3973, "cross_axis_tilt": 0}}, {"type": "Feature", "geometry": {"type": "Point", "coordinates": [-1.1522466, 39.1212832]}, "properties": {"rol": "seguidor", "id": "TK 002-02", "tipo": "completo", "axis_azimuth": 0, "punto": "eje de unidad (no el motor)", "ncu": 2, "gw": 1, "axis_tilt": 0, "max_angle": 55, "backtrack": true, "gcr": 0.3973, "cross_axis_tilt": 0}}, {"type": "Feature", "geometry": {"type": "Point", "coordinates": [-1.1520902, 39.1219556]}, "properties": {"rol": "seguidor", "id": "TK 003-02", "tipo": "completo", "axis_azimuth": 0, "punto": "eje de unidad (no el motor)", "ncu": 2, "gw": 1, "axis_tilt": 0, "max_angle": 55, "backtrack": true, "gcr": 0.3973, "cross_axis_tilt": 0}}, {"type": "Feature", "geometry": {"type": "Point", "coordinates": [-1.1521079, 39.121281]}, "properties": {"rol": "seguidor", "id": "TK 004-02", "tipo": "completo", "axis_azimuth": 0, "punto": "eje de unidad (no el motor)", "ncu": 2, "gw": 1, "axis_tilt": 0, "max_angle": 55, "backtrack": true, "gcr": 0.3973, "cross_axis_tilt": 0}}, {"type": "Feature", "geometry": {"type": "Point", "coordinates": [-1.1519515, 39.1219534]}, "properties": {"rol": "seguidor", "id": "TK 005-02", "tipo": "completo", "axis_azimuth": 0, "punto": "eje de unidad (no el motor)", "ncu": 2, "gw": 1, "axis_tilt": 0, "max_angle": 55, "backtrack": true, "gcr": 0.3973, "cross_axis_tilt": 0}}, {"type": "Feature", "geometry": {"type": "Point", "coordinates": [-1.1519691, 39.1212788]}, "properties": {"rol": "seguidor", "id": "TK 006-02", "tipo": "completo", "axis_azimuth": 0, "punto": "eje de unidad (no el motor)", "ncu": 2, "gw": 1, "axis_tilt": 0, "max_angle": 55, "backtrack": true, "gcr": 0.3973, "cross_axis_tilt": 0}}, {"type": "Feature", "geometry": {"type": "Point", "coordinates": [-1.1518127, 39.1219512]}, "properties": {"rol": "seguidor", "id": "TK 007-02", "tipo": "completo", "axis_azimuth": 0, "punto": "eje de unidad (no el motor)", "ncu": 2, "gw": 1, "axis_tilt": 0, "max_angle": 55, "backtrack": true, "gcr": 0.3973, "cross_axis_tilt": 0}}, {"type": "Feature", "geometry": {"type": "Point", "coordinates": [-1.1518304, 39.1212766]}, "properties": {"rol": "seguidor", "id": "TK 008-02", "tipo": "completo", "axis_azimuth": 0, "punto": "eje de unidad (no el motor)", "ncu": 2, "gw": 1, "axis_tilt": 0, "max_angle": 55, "backtrack": true, "gcr": 0.3973, "cross_axis_tilt": 0}}, {"type": "Feature", "geometry": {"type": "Point", "coordinates": [-1.151674, 39.121949]}, "properties": {"rol": "seguidor", "id": "TK 009-02", "tipo": "completo", "axis_azimuth": 0, "punto": "eje de unidad (no el motor)", "ncu": 2, "gw": 1, "axis_tilt": 0, "max_angle": 55, "backtrack": true, "gcr": 0.3973, "cross_axis_tilt": 0}}, {"type": "Feature", "geometry": {"type": "Point", "coordinates": [-1.1516916, 39.1212744]}, "properties": {"rol": "seguidor", "id": "TK 010-02", "tipo": "completo", "axis_azimuth": 0, "punto": "eje de unidad (no el motor)", "ncu": 2, "gw": 1, "axis_tilt": 0, "max_angle": 55, "backtrack": true, "gcr": 0.3973, "cross_axis_tilt": 0}}, {"type": "Feature", "geometry": {"type": "Point", "coordinates": [-1.1515352, 39.1219468]}, "properties": {"rol": "seguidor", "id": "TK 011-02", "tipo": "completo", "axis_azimuth": 0, "punto": "eje de unidad (no el motor)", "ncu": 2, "gw": 1, "axis_tilt": 0, "max_angle": 55, "backtrack": true, "gcr": 0.3973, "cross_axis_tilt": 0}}, {"type": "Feature", "geometry": {"type": "Point", "coordinates": [-1.1515529, 39.1212722]}, "properties": {"rol": "seguidor", "id": "TK 012-02", "tipo": "completo", "axis_azimuth": 0, "punto": "eje de unidad (no el motor)", "ncu": 2, "gw": 1, "axis_tilt": 0, "max_angle": 55, "backtrack": true, "gcr": 0.3973, "cross_axis_tilt": 0}}, {"type": "Feature", "geometry": {"type": "Point", "coordinates": [-1.1514055, 39.1215988]}, "properties": {"rol": "seguidor", "id": "TK 013-02", "tipo": "medio", "axis_azimuth": 0, "punto": "eje de unidad (no el motor)", "ncu": 2, "gw": 1, "axis_tilt": 0, "max_angle": 55, "backtrack": true, "gcr": 0.3973, "cross_axis_tilt": 0}}, {"type": "Feature", "geometry": {"type": "Point", "coordinates": [-1.1514188, 39.1210899]}, "properties": {"rol": "seguidor", "id": "TK 014-02", "tipo": "completo", "axis_azimuth": 0, "punto": "eje de unidad (no el motor)", "ncu": 2, "gw": 1, "axis_tilt": 0, "max_angle": 55, "backtrack": true, "gcr": 0.3973, "cross_axis_tilt": 0}}, {"type": "Feature", "geometry": {"type": "Point", "coordinates": [-1.1512667, 39.1215984]}, "properties": {"rol": "seguidor", "id": "TK 015-02", "tipo": "medio", "axis_azimuth": 0, "punto": "eje de unidad (no el motor)", "ncu": 2, "gw": 1, "axis_tilt": 0, "max_angle": 55, "backtrack": true, "gcr": 0.3973, "cross_axis_tilt": 0}}, {"type": "Feature", "geometry": {"type": "Point", "coordinates": [-1.1512801, 39.1210886]}, "properties": {"rol": "seguidor", "id": "TK 016-02", "tipo": "completo", "axis_azimuth": 0, "punto": "eje de unidad (no el motor)", "ncu": 2, "gw": 1, "axis_tilt": 0, "max_angle": 55, "backtrack": true, "gcr": 0.3973, "cross_axis_tilt": 0}}, {"type": "Feature", "geometry": {"type": "Point", "coordinates": [-1.1511332, 39.121398]}, "properties": {"rol": "seguidor", "id": "TK 017-02", "tipo": "medio", "axis_azimuth": 0, "punto": "eje de unidad (no el motor)", "ncu": 2, "gw": 1, "axis_tilt": 0, "max_angle": 55, "backtrack": true, "gcr": 0.3973, "cross_axis_tilt": 0}}, {"type": "Feature", "geometry": {"type": "Point", "coordinates": [-1.1511465, 39.1208892]}, "properties": {"rol": "seguidor", "id": "TK 018-02", "tipo": "completo", "axis_azimuth": 0, "punto": "eje de unidad (no el motor)", "ncu": 2, "gw": 1, "axis_tilt": 0, "max_angle": 55, "backtrack": true, "gcr": 0.3973, "cross_axis_tilt": 0}}, {"type": "Feature", "geometry": {"type": "Point", "coordinates": [-1.1509717, 39.1222649]}, "properties": {"rol": "seguidor", "id": "TK 023-02", "tipo": "medio", "axis_azimuth": 0, "punto": "eje de unidad (no el motor)", "ncu": 2, "gw": 1, "axis_tilt": 0, "max_angle": 55, "backtrack": true, "gcr": 0.3973, "cross_axis_tilt": 0}}, {"type": "Feature", "geometry": {"type": "Point", "coordinates": [-1.1510099, 39.1208041]}, "properties": {"rol": "seguidor", "id": "TK 019-02", "tipo": "medio", "axis_azimuth": 0, "punto": "eje de unidad (no el motor)", "ncu": 2, "gw": 1, "axis_tilt": 0, "max_angle": 55, "backtrack": true, "gcr": 0.3973, "cross_axis_tilt": 0}}, {"type": "Feature", "geometry": {"type": "Point", "coordinates": [-1.150833, 39.1222627]}, "properties": {"rol": "seguidor", "id": "TK 024-02", "tipo": "medio", "axis_azimuth": 0, "punto": "eje de unidad (no el motor)", "ncu": 2, "gw": 1, "axis_tilt": 0, "max_angle": 55, "backtrack": true, "gcr": 0.3973, "cross_axis_tilt": 0}}, {"type": "Feature", "geometry": {"type": "Point", "coordinates": [-1.1508712, 39.1208019]}, "properties": {"rol": "seguidor", "id": "TK 020-02", "tipo": "medio", "axis_azimuth": 0, "punto": "eje de unidad (no el motor)", "ncu": 2, "gw": 1, "axis_tilt": 0, "max_angle": 55, "backtrack": true, "gcr": 0.3973, "cross_axis_tilt": 0}}, {"type": "Feature", "geometry": {"type": "Point", "coordinates": [-1.1506985, 39.1220957]}, "properties": {"rol": "seguidor", "id": "TK 025-02", "tipo": "completo", "axis_azimuth": 0, "punto": "eje de unidad (no el motor)", "ncu": 2, "gw": 1, "axis_tilt": 0, "max_angle": 55, "backtrack": true, "gcr": 0.3973, "cross_axis_tilt": 0}}, {"type": "Feature", "geometry": {"type": "Point", "coordinates": [-1.1507324, 39.1207997]}, "properties": {"rol": "seguidor", "id": "TK 021-02", "tipo": "medio", "axis_azimuth": 0, "punto": "eje de unidad (no el motor)", "ncu": 2, "gw": 1, "axis_tilt": 0, "max_angle": 55, "backtrack": true, "gcr": 0.3973, "cross_axis_tilt": 0}}, {"type": "Feature", "geometry": {"type": "Point", "coordinates": [-1.1505598, 39.1220926]}, "properties": {"rol": "seguidor", "id": "TK 026-02", "tipo": "completo", "axis_azimuth": 0, "punto": "eje de unidad (no el motor)", "ncu": 2, "gw": 1, "axis_tilt": 0, "max_angle": 55, "backtrack": true, "gcr": 0.3973, "cross_axis_tilt": 0}}, {"type": "Feature", "geometry": {"type": "Point", "coordinates": [-1.1505753, 39.1215009]}, "properties": {"rol": "seguidor", "id": "TK 027-02", "tipo": "medio", "axis_azimuth": 0, "punto": "eje de unidad (no el motor)", "ncu": 2, "gw": 1, "axis_tilt": 0, "max_angle": 55, "backtrack": true, "gcr": 0.3973, "cross_axis_tilt": 0}}, {"type": "Feature", "geometry": {"type": "Point", "coordinates": [-1.1505937, 39.1207975]}, "properties": {"rol": "seguidor", "id": "TK 022-02", "tipo": "medio", "axis_azimuth": 0, "punto": "eje de unidad (no el motor)", "ncu": 2, "gw": 1, "axis_tilt": 0, "max_angle": 55, "backtrack": true, "gcr": 0.3973, "cross_axis_tilt": 0}}, {"type": "Feature", "geometry": {"type": "Point", "coordinates": [-1.1504211, 39.1220904]}, "properties": {"rol": "seguidor", "id": "TK 028-02", "tipo": "completo", "axis_azimuth": 0, "punto": "eje de unidad (no el motor)", "ncu": 2, "gw": 1, "axis_tilt": 0, "max_angle": 55, "backtrack": true, "gcr": 0.3973, "cross_axis_tilt": 0}}, {"type": "Feature", "geometry": {"type": "Point", "coordinates": [-1.1504365, 39.1214987]}, "properties": {"rol": "seguidor", "id": "TK 029-02", "tipo": "medio", "axis_azimuth": 0, "punto": "eje de unidad (no el motor)", "ncu": 2, "gw": 1, "axis_tilt": 0, "max_angle": 55, "backtrack": true, "gcr": 0.3973, "cross_axis_tilt": 0}}, {"type": "Feature", "geometry": {"type": "Point", "coordinates": [-1.1502828, 39.1220693]}, "properties": {"rol": "seguidor", "id": "TK 030-02", "tipo": "medio", "axis_azimuth": 0, "punto": "eje de unidad (no el motor)", "ncu": 2, "gw": 1, "axis_tilt": 0, "max_angle": 55, "backtrack": true, "gcr": 0.3973, "cross_axis_tilt": 0}}, {"type": "Feature", "geometry": {"type": "Point", "coordinates": [-1.1502961, 39.1215604]}, "properties": {"rol": "seguidor", "id": "TK 031-02", "tipo": "completo", "axis_azimuth": 0, "punto": "eje de unidad (no el motor)", "ncu": 2, "gw": 1, "axis_tilt": 0, "max_angle": 55, "backtrack": true, "gcr": 0.3973, "cross_axis_tilt": 0}}, {"type": "Feature", "geometry": {"type": "Point", "coordinates": [-1.150144, 39.1220689]}, "properties": {"rol": "seguidor", "id": "TK 032-02", "tipo": "medio", "axis_azimuth": 0, "punto": "eje de unidad (no el motor)", "ncu": 2, "gw": 1, "axis_tilt": 0, "max_angle": 55, "backtrack": true, "gcr": 0.3973, "cross_axis_tilt": 0}}, {"type": "Feature", "geometry": {"type": "Point", "coordinates": [-1.1501573, 39.1215591]}, "properties": {"rol": "seguidor", "id": "TK 033-02", "tipo": "completo", "axis_azimuth": 0, "punto": "eje de unidad (no el motor)", "ncu": 2, "gw": 1, "axis_tilt": 0, "max_angle": 55, "backtrack": true, "gcr": 0.3973, "cross_axis_tilt": 0}}, {"type": "Feature", "geometry": {"type": "Point", "coordinates": [-1.150175, 39.1208827]}, "properties": {"rol": "seguidor", "id": "TK 034-02", "tipo": "completo", "axis_azimuth": 0, "punto": "eje de unidad (no el motor)", "ncu": 2, "gw": 1, "axis_tilt": 0, "max_angle": 55, "backtrack": true, "gcr": 0.3973, "cross_axis_tilt": 0}}, {"type": "Feature", "geometry": {"type": "Point", "coordinates": [-1.1500009, 39.1222333]}, "properties": {"rol": "seguidor", "id": "TK 035-02", "tipo": "completo", "axis_azimuth": 0, "punto": "eje de unidad (no el motor)", "ncu": 2, "gw": 1, "axis_tilt": 0, "max_angle": 55, "backtrack": true, "gcr": 0.3973, "cross_axis_tilt": 0}}, {"type": "Feature", "geometry": {"type": "Point", "coordinates": [-1.1500186, 39.1215569]}, "properties": {"rol": "seguidor", "id": "TK 036-02", "tipo": "completo", "axis_azimuth": 0, "punto": "eje de unidad (no el motor)", "ncu": 2, "gw": 1, "axis_tilt": 0, "max_angle": 55, "backtrack": true, "gcr": 0.3973, "cross_axis_tilt": 0}}, {"type": "Feature", "geometry": {"type": "Point", "coordinates": [-1.1500363, 39.1208805]}, "properties": {"rol": "seguidor", "id": "TK 037-02", "tipo": "completo", "axis_azimuth": 0, "punto": "eje de unidad (no el motor)", "ncu": 2, "gw": 1, "axis_tilt": 0, "max_angle": 55, "backtrack": true, "gcr": 0.3973, "cross_axis_tilt": 0}}, {"type": "Feature", "geometry": {"type": "Point", "coordinates": [-1.1498622, 39.1222284]}, "properties": {"rol": "seguidor", "id": "TK 038-02", "tipo": "completo", "axis_azimuth": 0, "punto": "eje de unidad (no el motor)", "ncu": 2, "gw": 1, "axis_tilt": 0, "max_angle": 55, "backtrack": true, "gcr": 0.3973, "cross_axis_tilt": 0}}, {"type": "Feature", "geometry": {"type": "Point", "coordinates": [-1.1498799, 39.1215538]}, "properties": {"rol": "seguidor", "id": "TK 039-02", "tipo": "completo", "axis_azimuth": 0, "punto": "eje de unidad (no el motor)", "ncu": 2, "gw": 1, "axis_tilt": 0, "max_angle": 55, "backtrack": true, "gcr": 0.3973, "cross_axis_tilt": 0}}, {"type": "Feature", "geometry": {"type": "Point", "coordinates": [-1.1498975, 39.1208783]}, "properties": {"rol": "seguidor", "id": "TK 040-02", "tipo": "completo", "axis_azimuth": 0, "punto": "eje de unidad (no el motor)", "ncu": 2, "gw": 1, "axis_tilt": 0, "max_angle": 55, "backtrack": true, "gcr": 0.3973, "cross_axis_tilt": 0}}, {"type": "Feature", "geometry": {"type": "Point", "coordinates": [-1.1497235, 39.1222262]}, "properties": {"rol": "seguidor", "id": "TK 041-02", "tipo": "completo", "axis_azimuth": 0, "punto": "eje de unidad (no el motor)", "ncu": 2, "gw": 1, "axis_tilt": 0, "max_angle": 55, "backtrack": true, "gcr": 0.3973, "cross_axis_tilt": 0}}, {"type": "Feature", "geometry": {"type": "Point", "coordinates": [-1.1497411, 39.1215516]}, "properties": {"rol": "seguidor", "id": "TK 042-02", "tipo": "completo", "axis_azimuth": 0, "punto": "eje de unidad (no el motor)", "ncu": 2, "gw": 1, "axis_tilt": 0, "max_angle": 55, "backtrack": true, "gcr": 0.3973, "cross_axis_tilt": 0}}, {"type": "Feature", "geometry": {"type": "Point", "coordinates": [-1.1497588, 39.1208761]}, "properties": {"rol": "seguidor", "id": "TK 043-02", "tipo": "completo", "axis_azimuth": 0, "punto": "eje de unidad (no el motor)", "ncu": 2, "gw": 1, "axis_tilt": 0, "max_angle": 55, "backtrack": true, "gcr": 0.3973, "cross_axis_tilt": 0}}, {"type": "Feature", "geometry": {"type": "Point", "coordinates": [-1.1495847, 39.122224]}, "properties": {"rol": "seguidor", "id": "TK 044-02", "tipo": "completo", "axis_azimuth": 0, "punto": "eje de unidad (no el motor)", "ncu": 2, "gw": 1, "axis_tilt": 0, "max_angle": 55, "backtrack": true, "gcr": 0.3973, "cross_axis_tilt": 0}}, {"type": "Feature", "geometry": {"type": "Point", "coordinates": [-1.1496024, 39.1215494]}, "properties": {"rol": "seguidor", "id": "TK 045-02", "tipo": "completo", "axis_azimuth": 0, "punto": "eje de unidad (no el motor)", "ncu": 2, "gw": 1, "axis_tilt": 0, "max_angle": 55, "backtrack": true, "gcr": 0.3973, "cross_axis_tilt": 0}}, {"type": "Feature", "geometry": {"type": "Point", "coordinates": [-1.1496201, 39.1208739]}, "properties": {"rol": "seguidor", "id": "TK 046-02", "tipo": "completo", "axis_azimuth": 0, "punto": "eje de unidad (no el motor)", "ncu": 2, "gw": 1, "axis_tilt": 0, "max_angle": 55, "backtrack": true, "gcr": 0.3973, "cross_axis_tilt": 0}}, {"type": "Feature", "geometry": {"type": "Point", "coordinates": [-1.1494385, 39.1225073]}, "properties": {"rol": "seguidor", "id": "TK 047-02", "tipo": "medio", "axis_azimuth": 0, "punto": "eje de unidad (no el motor)", "ncu": 2, "gw": 1, "axis_tilt": 0, "max_angle": 55, "backtrack": true, "gcr": 0.3973, "cross_axis_tilt": 0}}, {"type": "Feature", "geometry": {"type": "Point", "coordinates": [-1.1494518, 39.1219993]}, "properties": {"rol": "seguidor", "id": "TK 048-02", "tipo": "completo", "axis_azimuth": 0, "punto": "eje de unidad (no el motor)", "ncu": 2, "gw": 1, "axis_tilt": 0, "max_angle": 55, "backtrack": true, "gcr": 0.3973, "cross_axis_tilt": 0}}, {"type": "Feature", "geometry": {"type": "Point", "coordinates": [-1.1494695, 39.121323]}, "properties": {"rol": "seguidor", "id": "TK 049-02", "tipo": "completo", "axis_azimuth": 0, "punto": "eje de unidad (no el motor)", "ncu": 2, "gw": 1, "axis_tilt": 0, "max_angle": 55, "backtrack": true, "gcr": 0.3973, "cross_axis_tilt": 0}}, {"type": "Feature", "geometry": {"type": "Point", "coordinates": [-1.1494872, 39.1206466]}, "properties": {"rol": "seguidor", "id": "TK 050-02", "tipo": "completo", "axis_azimuth": 0, "punto": "eje de unidad (no el motor)", "ncu": 2, "gw": 1, "axis_tilt": 0, "max_angle": 55, "backtrack": true, "gcr": 0.3973, "cross_axis_tilt": 0}}, {"type": "Feature", "geometry": {"type": "Point", "coordinates": [-1.1492998, 39.1225051]}, "properties": {"rol": "seguidor", "id": "TK 051-02", "tipo": "medio", "axis_azimuth": 0, "punto": "eje de unidad (no el motor)", "ncu": 2, "gw": 1, "axis_tilt": 0, "max_angle": 55, "backtrack": true, "gcr": 0.3973, "cross_axis_tilt": 0}}, {"type": "Feature", "geometry": {"type": "Point", "coordinates": [-1.1493131, 39.1219971]}, "properties": {"rol": "seguidor", "id": "TK 052-02", "tipo": "completo", "axis_azimuth": 0, "punto": "eje de unidad (no el motor)", "ncu": 2, "gw": 1, "axis_tilt": 0, "max_angle": 55, "backtrack": true, "gcr": 0.3973, "cross_axis_tilt": 0}}, {"type": "Feature", "geometry": {"type": "Point", "coordinates": [-1.1493308, 39.1213208]}, "properties": {"rol": "seguidor", "id": "TK 053-02", "tipo": "completo", "axis_azimuth": 0, "punto": "eje de unidad (no el motor)", "ncu": 2, "gw": 1, "axis_tilt": 0, "max_angle": 55, "backtrack": true, "gcr": 0.3973, "cross_axis_tilt": 0}}, {"type": "Feature", "geometry": {"type": "Point", "coordinates": [-1.1493485, 39.1206444]}, "properties": {"rol": "seguidor", "id": "TK 054-02", "tipo": "completo", "axis_azimuth": 0, "punto": "eje de unidad (no el motor)", "ncu": 2, "gw": 1, "axis_tilt": 0, "max_angle": 55, "backtrack": true, "gcr": 0.3973, "cross_axis_tilt": 0}}, {"type": "Feature", "geometry": {"type": "Point", "coordinates": [-1.149161, 39.1225029]}, "properties": {"rol": "seguidor", "id": "TK 055-02", "tipo": "completo", "axis_azimuth": 0, "punto": "eje de unidad (no el motor)", "ncu": 2, "gw": 1, "axis_tilt": 0, "max_angle": 55, "backtrack": true, "gcr": 0.3973, "cross_axis_tilt": 0}}, {"type": "Feature", "geometry": {"type": "Point", "coordinates": [-1.1491787, 39.1218283]}, "properties": {"rol": "seguidor", "id": "TK 056-02", "tipo": "completo", "axis_azimuth": 0, "punto": "eje de unidad (no el motor)", "ncu": 2, "gw": 1, "axis_tilt": 0, "max_angle": 55, "backtrack": true, "gcr": 0.3973, "cross_axis_tilt": 0}}, {"type": "Feature", "geometry": {"type": "Point", "coordinates": [-1.1491964, 39.1211519]}, "properties": {"rol": "seguidor", "id": "TK 057-02", "tipo": "completo", "axis_azimuth": 0, "punto": "eje de unidad (no el motor)", "ncu": 2, "gw": 1, "axis_tilt": 0, "max_angle": 55, "backtrack": true, "gcr": 0.3973, "cross_axis_tilt": 0}}, {"type": "Feature", "geometry": {"type": "Point", "coordinates": [-1.1492119, 39.1205593]}, "properties": {"rol": "seguidor", "id": "TK 058-02", "tipo": "medio", "axis_azimuth": 0, "punto": "eje de unidad (no el motor)", "ncu": 2, "gw": 1, "axis_tilt": 0, "max_angle": 55, "backtrack": true, "gcr": 0.3973, "cross_axis_tilt": 0}}, {"type": "Feature", "geometry": {"type": "Point", "coordinates": [-1.1490223, 39.1225007]}, "properties": {"rol": "seguidor", "id": "TK 059-02", "tipo": "completo", "axis_azimuth": 0, "punto": "eje de unidad (no el motor)", "ncu": 2, "gw": 1, "axis_tilt": 0, "max_angle": 55, "backtrack": true, "gcr": 0.3973, "cross_axis_tilt": 0}}, {"type": "Feature", "geometry": {"type": "Point", "coordinates": [-1.1490399, 39.1218261]}, "properties": {"rol": "seguidor", "id": "TK 060-02", "tipo": "completo", "axis_azimuth": 0, "punto": "eje de unidad (no el motor)", "ncu": 2, "gw": 1, "axis_tilt": 0, "max_angle": 55, "backtrack": true, "gcr": 0.3973, "cross_axis_tilt": 0}}, {"type": "Feature", "geometry": {"type": "Point", "coordinates": [-1.1490576, 39.1211497]}, "properties": {"rol": "seguidor", "id": "TK 061-02", "tipo": "completo", "axis_azimuth": 0, "punto": "eje de unidad (no el motor)", "ncu": 2, "gw": 1, "axis_tilt": 0, "max_angle": 55, "backtrack": true, "gcr": 0.3973, "cross_axis_tilt": 0}}, {"type": "Feature", "geometry": {"type": "Point", "coordinates": [-1.1490731, 39.1205571]}, "properties": {"rol": "seguidor", "id": "TK 062-02", "tipo": "medio", "axis_azimuth": 0, "punto": "eje de unidad (no el motor)", "ncu": 2, "gw": 1, "axis_tilt": 0, "max_angle": 55, "backtrack": true, "gcr": 0.3973, "cross_axis_tilt": 0}}, {"type": "Feature", "geometry": {"type": "Point", "coordinates": [-1.1489012, 39.1218212]}, "properties": {"rol": "seguidor", "id": "TK 063-02", "tipo": "medio", "axis_azimuth": 0, "punto": "eje de unidad (no el motor)", "ncu": 2, "gw": 1, "axis_tilt": 0, "max_angle": 55, "backtrack": true, "gcr": 0.3973, "cross_axis_tilt": 0}}, {"type": "Feature", "geometry": {"type": "Point", "coordinates": [-1.1489145, 39.1213132]}, "properties": {"rol": "seguidor", "id": "TK 064-02", "tipo": "completo", "axis_azimuth": 0, "punto": "eje de unidad (no el motor)", "ncu": 2, "gw": 1, "axis_tilt": 0, "max_angle": 55, "backtrack": true, "gcr": 0.3973, "cross_axis_tilt": 0}}, {"type": "Feature", "geometry": {"type": "Point", "coordinates": [-1.1489322, 39.1206378]}, "properties": {"rol": "seguidor", "id": "TK 065-02", "tipo": "completo", "axis_azimuth": 0, "punto": "eje de unidad (no el motor)", "ncu": 2, "gw": 1, "axis_tilt": 0, "max_angle": 55, "backtrack": true, "gcr": 0.3973, "cross_axis_tilt": 0}}, {"type": "Feature", "geometry": {"type": "Point", "coordinates": [-1.1487758, 39.121311]}, "properties": {"rol": "seguidor", "id": "TK 066-02", "tipo": "completo", "axis_azimuth": 0, "punto": "eje de unidad (no el motor)", "ncu": 2, "gw": 1, "axis_tilt": 0, "max_angle": 55, "backtrack": true, "gcr": 0.3973, "cross_axis_tilt": 0}}, {"type": "Feature", "geometry": {"type": "Point", "coordinates": [-1.1487935, 39.1206356]}, "properties": {"rol": "seguidor", "id": "TK 067-02", "tipo": "completo", "axis_azimuth": 0, "punto": "eje de unidad (no el motor)", "ncu": 2, "gw": 1, "axis_tilt": 0, "max_angle": 55, "backtrack": true, "gcr": 0.3973, "cross_axis_tilt": 0}}, {"type": "Feature", "geometry": {"type": "Point", "coordinates": [-1.148637, 39.1213088]}, "properties": {"rol": "seguidor", "id": "TK 068-02", "tipo": "completo", "axis_azimuth": 0, "punto": "eje de unidad (no el motor)", "ncu": 2, "gw": 1, "axis_tilt": 0, "max_angle": 55, "backtrack": true, "gcr": 0.3973, "cross_axis_tilt": 0}}, {"type": "Feature", "geometry": {"type": "Point", "coordinates": [-1.1486547, 39.1206334]}, "properties": {"rol": "seguidor", "id": "TK 069-02", "tipo": "completo", "axis_azimuth": 0, "punto": "eje de unidad (no el motor)", "ncu": 2, "gw": 1, "axis_tilt": 0, "max_angle": 55, "backtrack": true, "gcr": 0.3973, "cross_axis_tilt": 0}}, {"type": "Feature", "geometry": {"type": "Point", "coordinates": [-1.1570961, 39.1216141]}, "properties": {"rol": "seguidor", "id": "TK 001-03", "tipo": "completo", "axis_azimuth": 0, "punto": "eje de unidad (no el motor)", "ncu": 3, "gw": 1, "axis_tilt": 0, "max_angle": 55, "backtrack": true, "gcr": 0.3973, "cross_axis_tilt": 0}}, {"type": "Feature", "geometry": {"type": "Point", "coordinates": [-1.1569552, 39.1216948]}, "properties": {"rol": "seguidor", "id": "TK 002-03", "tipo": "completo", "axis_azimuth": 0, "punto": "eje de unidad (no el motor)", "ncu": 3, "gw": 1, "axis_tilt": 0, "max_angle": 55, "backtrack": true, "gcr": 0.3973, "cross_axis_tilt": 0}}, {"type": "Feature", "geometry": {"type": "Point", "coordinates": [-1.1568143, 39.1217754]}, "properties": {"rol": "seguidor", "id": "TK 003-03", "tipo": "completo", "axis_azimuth": 0, "punto": "eje de unidad (no el motor)", "ncu": 3, "gw": 1, "axis_tilt": 0, "max_angle": 55, "backtrack": true, "gcr": 0.3973, "cross_axis_tilt": 0}}, {"type": "Feature", "geometry": {"type": "Point", "coordinates": [-1.1566623, 39.1222821]}, "properties": {"rol": "seguidor", "id": "TK 004-03", "tipo": "completo", "axis_azimuth": 0, "punto": "eje de unidad (no el motor)", "ncu": 3, "gw": 1, "axis_tilt": 0, "max_angle": 55, "backtrack": true, "gcr": 0.3973, "cross_axis_tilt": 0}}, {"type": "Feature", "geometry": {"type": "Point", "coordinates": [-1.1566756, 39.1217732]}, "properties": {"rol": "seguidor", "id": "TK 005-03", "tipo": "completo", "axis_azimuth": 0, "punto": "eje de unidad (no el motor)", "ncu": 3, "gw": 1, "axis_tilt": 0, "max_angle": 55, "backtrack": true, "gcr": 0.3973, "cross_axis_tilt": 0}}, {"type": "Feature", "geometry": {"type": "Point", "coordinates": [-1.1565235, 39.1222799]}, "properties": {"rol": "seguidor", "id": "TK 006-03", "tipo": "completo", "axis_azimuth": 0, "punto": "eje de unidad (no el motor)", "ncu": 3, "gw": 1, "axis_tilt": 0, "max_angle": 55, "backtrack": true, "gcr": 0.3973, "cross_axis_tilt": 0}}, {"type": "Feature", "geometry": {"type": "Point", "coordinates": [-1.156539, 39.1216882]}, "properties": {"rol": "seguidor", "id": "TK 007-03", "tipo": "medio", "axis_azimuth": 0, "punto": "eje de unidad (no el motor)", "ncu": 3, "gw": 1, "axis_tilt": 0, "max_angle": 55, "backtrack": true, "gcr": 0.3973, "cross_axis_tilt": 0}}, {"type": "Feature", "geometry": {"type": "Point", "coordinates": [-1.1563805, 39.1224434]}, "properties": {"rol": "seguidor", "id": "TK 008-03", "tipo": "completo", "axis_azimuth": 0, "punto": "eje de unidad (no el motor)", "ncu": 3, "gw": 1, "axis_tilt": 0, "max_angle": 55, "backtrack": true, "gcr": 0.3973, "cross_axis_tilt": 0}}, {"type": "Feature", "geometry": {"type": "Point", "coordinates": [-1.1563981, 39.1217689]}, "properties": {"rol": "seguidor", "id": "TK 009-03", "tipo": "completo", "axis_azimuth": 0, "punto": "eje de unidad (no el motor)", "ncu": 3, "gw": 1, "axis_tilt": 0, "max_angle": 55, "backtrack": true, "gcr": 0.3973, "cross_axis_tilt": 0}}, {"type": "Feature", "geometry": {"type": "Point", "coordinates": [-1.1562307, 39.1228646]}, "properties": {"rol": "seguidor", "id": "TK 010-03", "tipo": "completo", "axis_azimuth": 0, "punto": "eje de unidad (no el motor)", "ncu": 3, "gw": 1, "axis_tilt": 0, "max_angle": 55, "backtrack": true, "gcr": 0.3973, "cross_axis_tilt": 0}}, {"type": "Feature", "geometry": {"type": "Point", "coordinates": [-1.156244, 39.1223548]}, "properties": {"rol": "seguidor", "id": "TK 011-03", "tipo": "completo", "axis_azimuth": 0, "punto": "eje de unidad (no el motor)", "ncu": 3, "gw": 1, "axis_tilt": 0, "max_angle": 55, "backtrack": true, "gcr": 0.3973, "cross_axis_tilt": 0}}, {"type": "Feature", "geometry": {"type": "Point", "coordinates": [-1.1562616, 39.1216784]}, "properties": {"rol": "seguidor", "id": "TK 012-03", "tipo": "completo", "axis_azimuth": 0, "punto": "eje de unidad (no el motor)", "ncu": 3, "gw": 1, "axis_tilt": 0, "max_angle": 55, "backtrack": true, "gcr": 0.3973, "cross_axis_tilt": 0}}, {"type": "Feature", "geometry": {"type": "Point", "coordinates": [-1.156092, 39.1228597]}, "properties": {"rol": "seguidor", "id": "TK 013-03", "tipo": "medio", "axis_azimuth": 0, "punto": "eje de unidad (no el motor)", "ncu": 3, "gw": 1, "axis_tilt": 0, "max_angle": 55, "backtrack": true, "gcr": 0.3973, "cross_axis_tilt": 0}}, {"type": "Feature", "geometry": {"type": "Point", "coordinates": [-1.1561053, 39.1223517]}, "properties": {"rol": "seguidor", "id": "TK 014-03", "tipo": "completo", "axis_azimuth": 0, "punto": "eje de unidad (no el motor)", "ncu": 3, "gw": 1, "axis_tilt": 0, "max_angle": 55, "backtrack": true, "gcr": 0.3973, "cross_axis_tilt": 0}}, {"type": "Feature", "geometry": {"type": "Point", "coordinates": [-1.1561229, 39.1216762]}, "properties": {"rol": "seguidor", "id": "TK 015-03", "tipo": "completo", "axis_azimuth": 0, "punto": "eje de unidad (no el motor)", "ncu": 3, "gw": 1, "axis_tilt": 0, "max_angle": 55, "backtrack": true, "gcr": 0.3973, "cross_axis_tilt": 0}}, {"type": "Feature", "geometry": {"type": "Point", "coordinates": [-1.1559533, 39.1228575]}, "properties": {"rol": "seguidor", "id": "TK 016-03", "tipo": "completo", "axis_azimuth": 0, "punto": "eje de unidad (no el motor)", "ncu": 3, "gw": 1, "axis_tilt": 0, "max_angle": 55, "backtrack": true, "gcr": 0.3973, "cross_axis_tilt": 0}}, {"type": "Feature", "geometry": {"type": "Point", "coordinates": [-1.1559665, 39.1223495]}, "properties": {"rol": "seguidor", "id": "TK 017-03", "tipo": "completo", "axis_azimuth": 0, "punto": "eje de unidad (no el motor)", "ncu": 3, "gw": 1, "axis_tilt": 0, "max_angle": 55, "backtrack": true, "gcr": 0.3973, "cross_axis_tilt": 0}}, {"type": "Feature", "geometry": {"type": "Point", "coordinates": [-1.1559841, 39.121674]}, "properties": {"rol": "seguidor", "id": "TK 018-03", "tipo": "completo", "axis_azimuth": 0, "punto": "eje de unidad (no el motor)", "ncu": 3, "gw": 1, "axis_tilt": 0, "max_angle": 55, "backtrack": true, "gcr": 0.3973, "cross_axis_tilt": 0}}, {"type": "Feature", "geometry": {"type": "Point", "coordinates": [-1.1558278, 39.1223473]}, "properties": {"rol": "seguidor", "id": "TK 019-03", "tipo": "completo", "axis_azimuth": 0, "punto": "eje de unidad (no el motor)", "ncu": 3, "gw": 1, "axis_tilt": 0, "max_angle": 55, "backtrack": true, "gcr": 0.3973, "cross_axis_tilt": 0}}, {"type": "Feature", "geometry": {"type": "Point", "coordinates": [-1.1558454, 39.1216718]}, "properties": {"rol": "seguidor", "id": "TK 020-03", "tipo": "completo", "axis_azimuth": 0, "punto": "eje de unidad (no el motor)", "ncu": 3, "gw": 1, "axis_tilt": 0, "max_angle": 55, "backtrack": true, "gcr": 0.3973, "cross_axis_tilt": 0}}, {"type": "Feature", "geometry": {"type": "Point", "coordinates": [-1.155689, 39.1223451]}, "properties": {"rol": "seguidor", "id": "TK 021-03", "tipo": "completo", "axis_azimuth": 0, "punto": "eje de unidad (no el motor)", "ncu": 3, "gw": 1, "axis_tilt": 0, "max_angle": 55, "backtrack": true, "gcr": 0.3973, "cross_axis_tilt": 0}}, {"type": "Feature", "geometry": {"type": "Point", "coordinates": [-1.1557066, 39.1216696]}, "properties": {"rol": "seguidor", "id": "TK 022-03", "tipo": "completo", "axis_azimuth": 0, "punto": "eje de unidad (no el motor)", "ncu": 3, "gw": 1, "axis_tilt": 0, "max_angle": 55, "backtrack": true, "gcr": 0.3973, "cross_axis_tilt": 0}}, {"type": "Feature", "geometry": {"type": "Point", "coordinates": [-1.1555503, 39.1223429]}, "properties": {"rol": "seguidor", "id": "TK 023-03", "tipo": "completo", "axis_azimuth": 0, "punto": "eje de unidad (no el motor)", "ncu": 3, "gw": 1, "axis_tilt": 0, "max_angle": 55, "backtrack": true, "gcr": 0.3973, "cross_axis_tilt": 0}}, {"type": "Feature", "geometry": {"type": "Point", "coordinates": [-1.1555679, 39.1216674]}, "properties": {"rol": "seguidor", "id": "TK 024-03", "tipo": "completo", "axis_azimuth": 0, "punto": "eje de unidad (no el motor)", "ncu": 3, "gw": 1, "axis_tilt": 0, "max_angle": 55, "backtrack": true, "gcr": 0.3973, "cross_axis_tilt": 0}}, {"type": "Feature", "geometry": {"type": "Point", "coordinates": [-1.1554115, 39.1223407]}, "properties": {"rol": "seguidor", "id": "TK 025-03", "tipo": "completo", "axis_azimuth": 0, "punto": "eje de unidad (no el motor)", "ncu": 3, "gw": 1, "axis_tilt": 0, "max_angle": 55, "backtrack": true, "gcr": 0.3973, "cross_axis_tilt": 0}}, {"type": "Feature", "geometry": {"type": "Point", "coordinates": [-1.1554291, 39.1216652]}, "properties": {"rol": "seguidor", "id": "TK 026-03", "tipo": "completo", "axis_azimuth": 0, "punto": "eje de unidad (no el motor)", "ncu": 3, "gw": 1, "axis_tilt": 0, "max_angle": 55, "backtrack": true, "gcr": 0.3973, "cross_axis_tilt": 0}}, {"type": "Feature", "geometry": {"type": "Point", "coordinates": [-1.1552728, 39.1223385]}, "properties": {"rol": "seguidor", "id": "TK 027-03", "tipo": "completo", "axis_azimuth": 0, "punto": "eje de unidad (no el motor)", "ncu": 3, "gw": 1, "axis_tilt": 0, "max_angle": 55, "backtrack": true, "gcr": 0.3973, "cross_axis_tilt": 0}}, {"type": "Feature", "geometry": {"type": "Point", "coordinates": [-1.1552904, 39.121663]}, "properties": {"rol": "seguidor", "id": "TK 028-03", "tipo": "completo", "axis_azimuth": 0, "punto": "eje de unidad (no el motor)", "ncu": 3, "gw": 1, "axis_tilt": 0, "max_angle": 55, "backtrack": true, "gcr": 0.3973, "cross_axis_tilt": 0}}, {"type": "Feature", "geometry": {"type": "Point", "coordinates": [-1.155134, 39.1223363]}, "properties": {"rol": "seguidor", "id": "TK 029-03", "tipo": "completo", "axis_azimuth": 0, "punto": "eje de unidad (no el motor)", "ncu": 3, "gw": 1, "axis_tilt": 0, "max_angle": 55, "backtrack": true, "gcr": 0.3973, "cross_axis_tilt": 0}}, {"type": "Feature", "geometry": {"type": "Point", "coordinates": [-1.1551516, 39.1216608]}, "properties": {"rol": "seguidor", "id": "TK 030-03", "tipo": "completo", "axis_azimuth": 0, "punto": "eje de unidad (no el motor)", "ncu": 3, "gw": 1, "axis_tilt": 0, "max_angle": 55, "backtrack": true, "gcr": 0.3973, "cross_axis_tilt": 0}}, {"type": "Feature", "geometry": {"type": "Point", "coordinates": [-1.1549953, 39.1223341]}, "properties": {"rol": "seguidor", "id": "TK 031-03", "tipo": "completo", "axis_azimuth": 0, "punto": "eje de unidad (no el motor)", "ncu": 3, "gw": 1, "axis_tilt": 0, "max_angle": 55, "backtrack": true, "gcr": 0.3973, "cross_axis_tilt": 0}}, {"type": "Feature", "geometry": {"type": "Point", "coordinates": [-1.1550129, 39.1216586]}, "properties": {"rol": "seguidor", "id": "TK 032-03", "tipo": "completo", "axis_azimuth": 0, "punto": "eje de unidad (no el motor)", "ncu": 3, "gw": 1, "axis_tilt": 0, "max_angle": 55, "backtrack": true, "gcr": 0.3973, "cross_axis_tilt": 0}}, {"type": "Feature", "geometry": {"type": "Point", "coordinates": [-1.1548565, 39.1223319]}, "properties": {"rol": "seguidor", "id": "TK 033-03", "tipo": "completo", "axis_azimuth": 0, "punto": "eje de unidad (no el motor)", "ncu": 3, "gw": 1, "axis_tilt": 0, "max_angle": 55, "backtrack": true, "gcr": 0.3973, "cross_axis_tilt": 0}}, {"type": "Feature", "geometry": {"type": "Point", "coordinates": [-1.1548741, 39.1216564]}, "properties": {"rol": "seguidor", "id": "TK 034-03", "tipo": "completo", "axis_azimuth": 0, "punto": "eje de unidad (no el motor)", "ncu": 3, "gw": 1, "axis_tilt": 0, "max_angle": 55, "backtrack": true, "gcr": 0.3973, "cross_axis_tilt": 0}}, {"type": "Feature", "geometry": {"type": "Point", "coordinates": [-1.1547221, 39.1221631]}, "properties": {"rol": "seguidor", "id": "TK 035-03", "tipo": "completo", "axis_azimuth": 0, "punto": "eje de unidad (no el motor)", "ncu": 3, "gw": 1, "axis_tilt": 0, "max_angle": 55, "backtrack": true, "gcr": 0.3973, "cross_axis_tilt": 0}}, {"type": "Feature", "geometry": {"type": "Point", "coordinates": [-1.1547376, 39.1215714]}, "properties": {"rol": "seguidor", "id": "TK 036-03", "tipo": "medio", "axis_azimuth": 0, "punto": "eje de unidad (no el motor)", "ncu": 3, "gw": 1, "axis_tilt": 0, "max_angle": 55, "backtrack": true, "gcr": 0.3973, "cross_axis_tilt": 0}}, {"type": "Feature", "geometry": {"type": "Point", "coordinates": [-1.1545834, 39.1221609]}, "properties": {"rol": "seguidor", "id": "TK 037-03", "tipo": "completo", "axis_azimuth": 0, "punto": "eje de unidad (no el motor)", "ncu": 3, "gw": 1, "axis_tilt": 0, "max_angle": 55, "backtrack": true, "gcr": 0.3973, "cross_axis_tilt": 0}}, {"type": "Feature", "geometry": {"type": "Point", "coordinates": [-1.1545988, 39.1215692]}, "properties": {"rol": "seguidor", "id": "TK 038-03", "tipo": "medio", "axis_azimuth": 0, "punto": "eje de unidad (no el motor)", "ncu": 3, "gw": 1, "axis_tilt": 0, "max_angle": 55, "backtrack": true, "gcr": 0.3973, "cross_axis_tilt": 0}}, {"type": "Feature", "geometry": {"type": "Point", "coordinates": [-1.1544446, 39.1221587]}, "properties": {"rol": "seguidor", "id": "TK 039-03", "tipo": "completo", "axis_azimuth": 0, "punto": "eje de unidad (no el motor)", "ncu": 3, "gw": 1, "axis_tilt": 0, "max_angle": 55, "backtrack": true, "gcr": 0.3973, "cross_axis_tilt": 0}}, {"type": "Feature", "geometry": {"type": "Point", "coordinates": [-1.1544601, 39.121567]}, "properties": {"rol": "seguidor", "id": "TK 040-03", "tipo": "medio", "axis_azimuth": 0, "punto": "eje de unidad (no el motor)", "ncu": 3, "gw": 1, "axis_tilt": 0, "max_angle": 55, "backtrack": true, "gcr": 0.3973, "cross_axis_tilt": 0}}, {"type": "Feature", "geometry": {"type": "Point", "coordinates": [-1.1543059, 39.1221565]}, "properties": {"rol": "seguidor", "id": "TK 041-03", "tipo": "medio", "axis_azimuth": 0, "punto": "eje de unidad (no el motor)", "ncu": 3, "gw": 1, "axis_tilt": 0, "max_angle": 55, "backtrack": true, "gcr": 0.3973, "cross_axis_tilt": 0}}, {"type": "Feature", "geometry": {"type": "Point", "coordinates": [-1.1543192, 39.1216476]}, "properties": {"rol": "seguidor", "id": "TK 042-03", "tipo": "completo", "axis_azimuth": 0, "punto": "eje de unidad (no el motor)", "ncu": 3, "gw": 1, "axis_tilt": 0, "max_angle": 55, "backtrack": true, "gcr": 0.3973, "cross_axis_tilt": 0}}, {"type": "Feature", "geometry": {"type": "Point", "coordinates": [-1.1541703, 39.1220345]}, "properties": {"rol": "seguidor", "id": "TK 043-03", "tipo": "completo", "axis_azimuth": 0, "punto": "eje de unidad (no el motor)", "ncu": 3, "gw": 1, "axis_tilt": 0, "max_angle": 55, "backtrack": true, "gcr": 0.3973, "cross_axis_tilt": 0}}, {"type": "Feature", "geometry": {"type": "Point", "coordinates": [-1.1540315, 39.1220323]}, "properties": {"rol": "seguidor", "id": "TK 044-03", "tipo": "completo", "axis_azimuth": 0, "punto": "eje de unidad (no el motor)", "ncu": 3, "gw": 1, "axis_tilt": 0, "max_angle": 55, "backtrack": true, "gcr": 0.3973, "cross_axis_tilt": 0}}, {"type": "Feature", "geometry": {"type": "Point", "coordinates": [-1.1538928, 39.1220301]}, "properties": {"rol": "seguidor", "id": "TK 045-03", "tipo": "completo", "axis_azimuth": 0, "punto": "eje de unidad (no el motor)", "ncu": 3, "gw": 1, "axis_tilt": 0, "max_angle": 55, "backtrack": true, "gcr": 0.3973, "cross_axis_tilt": 0}}, {"type": "Feature", "geometry": {"type": "Point", "coordinates": [-1.153754, 39.1220279]}, "properties": {"rol": "seguidor", "id": "TK 046-03", "tipo": "completo", "axis_azimuth": 0, "punto": "eje de unidad (no el motor)", "ncu": 3, "gw": 1, "axis_tilt": 0, "max_angle": 55, "backtrack": true, "gcr": 0.3973, "cross_axis_tilt": 0}}, {"type": "Feature", "geometry": {"type": "Point", "coordinates": [-1.1536153, 39.1220248]}, "properties": {"rol": "seguidor", "id": "TK 047-03", "tipo": "completo", "axis_azimuth": 0, "punto": "eje de unidad (no el motor)", "ncu": 3, "gw": 1, "axis_tilt": 0, "max_angle": 55, "backtrack": true, "gcr": 0.3973, "cross_axis_tilt": 0}}, {"type": "Feature", "geometry": {"type": "Point", "coordinates": [-1.1536329, 39.1213503]}, "properties": {"rol": "seguidor", "id": "TK 048-03", "tipo": "completo", "axis_azimuth": 0, "punto": "eje de unidad (no el motor)", "ncu": 3, "gw": 1, "axis_tilt": 0, "max_angle": 55, "backtrack": true, "gcr": 0.3973, "cross_axis_tilt": 0}}, {"type": "Feature", "geometry": {"type": "Point", "coordinates": [-1.1534765, 39.1220226]}, "properties": {"rol": "seguidor", "id": "TK 049-03", "tipo": "completo", "axis_azimuth": 0, "punto": "eje de unidad (no el motor)", "ncu": 3, "gw": 1, "axis_tilt": 0, "max_angle": 55, "backtrack": true, "gcr": 0.3973, "cross_axis_tilt": 0}}, {"type": "Feature", "geometry": {"type": "Point", "coordinates": [-1.1534942, 39.1213481]}, "properties": {"rol": "seguidor", "id": "TK 050-03", "tipo": "completo", "axis_azimuth": 0, "punto": "eje de unidad (no el motor)", "ncu": 3, "gw": 1, "axis_tilt": 0, "max_angle": 55, "backtrack": true, "gcr": 0.3973, "cross_axis_tilt": 0}}, {"type": "Feature", "geometry": {"type": "Point", "coordinates": [-1.1533378, 39.1220204]}, "properties": {"rol": "seguidor", "id": "TK 051-03", "tipo": "completo", "axis_azimuth": 0, "punto": "eje de unidad (no el motor)", "ncu": 3, "gw": 1, "axis_tilt": 0, "max_angle": 55, "backtrack": true, "gcr": 0.3973, "cross_axis_tilt": 0}}, {"type": "Feature", "geometry": {"type": "Point", "coordinates": [-1.1533554, 39.1213459]}, "properties": {"rol": "seguidor", "id": "TK 052-03", "tipo": "completo", "axis_azimuth": 0, "punto": "eje de unidad (no el motor)", "ncu": 3, "gw": 1, "axis_tilt": 0, "max_angle": 55, "backtrack": true, "gcr": 0.3973, "cross_axis_tilt": 0}}, {"type": "Feature", "geometry": {"type": "Point", "coordinates": [-1.153199, 39.1220182]}, "properties": {"rol": "seguidor", "id": "TK 053-03", "tipo": "completo", "axis_azimuth": 0, "punto": "eje de unidad (no el motor)", "ncu": 3, "gw": 1, "axis_tilt": 0, "max_angle": 55, "backtrack": true, "gcr": 0.3973, "cross_axis_tilt": 0}}, {"type": "Feature", "geometry": {"type": "Point", "coordinates": [-1.1532167, 39.1213437]}, "properties": {"rol": "seguidor", "id": "TK 054-03", "tipo": "completo", "axis_azimuth": 0, "punto": "eje de unidad (no el motor)", "ncu": 3, "gw": 1, "axis_tilt": 0, "max_angle": 55, "backtrack": true, "gcr": 0.3973, "cross_axis_tilt": 0}}, {"type": "Feature", "geometry": {"type": "Point", "coordinates": [-1.1530603, 39.122016]}, "properties": {"rol": "seguidor", "id": "TK 055-03", "tipo": "completo", "axis_azimuth": 0, "punto": "eje de unidad (no el motor)", "ncu": 3, "gw": 1, "axis_tilt": 0, "max_angle": 55, "backtrack": true, "gcr": 0.3973, "cross_axis_tilt": 0}}, {"type": "Feature", "geometry": {"type": "Point", "coordinates": [-1.1530779, 39.1213415]}, "properties": {"rol": "seguidor", "id": "TK 056-03", "tipo": "completo", "axis_azimuth": 0, "punto": "eje de unidad (no el motor)", "ncu": 3, "gw": 1, "axis_tilt": 0, "max_angle": 55, "backtrack": true, "gcr": 0.3973, "cross_axis_tilt": 0}}, {"type": "Feature", "geometry": {"type": "Point", "coordinates": [-1.1529215, 39.1220138]}, "properties": {"rol": "seguidor", "id": "TK 057-03", "tipo": "completo", "axis_azimuth": 0, "punto": "eje de unidad (no el motor)", "ncu": 3, "gw": 1, "axis_tilt": 0, "max_angle": 55, "backtrack": true, "gcr": 0.3973, "cross_axis_tilt": 0}}, {"type": "Feature", "geometry": {"type": "Point", "coordinates": [-1.1529392, 39.1213393]}, "properties": {"rol": "seguidor", "id": "TK 058-03", "tipo": "completo", "axis_azimuth": 0, "punto": "eje de unidad (no el motor)", "ncu": 3, "gw": 1, "axis_tilt": 0, "max_angle": 55, "backtrack": true, "gcr": 0.3973, "cross_axis_tilt": 0}}, {"type": "Feature", "geometry": {"type": "Point", "coordinates": [-1.152784, 39.1219666]}, "properties": {"rol": "seguidor", "id": "TK 059-03", "tipo": "completo", "axis_azimuth": 0, "punto": "eje de unidad (no el motor)", "ncu": 3, "gw": 1, "axis_tilt": 0, "max_angle": 55, "backtrack": true, "gcr": 0.3973, "cross_axis_tilt": 0}}, {"type": "Feature", "geometry": {"type": "Point", "coordinates": [-1.1528016, 39.121292]}, "properties": {"rol": "seguidor", "id": "TK 060-03", "tipo": "completo", "axis_azimuth": 0, "punto": "eje de unidad (no el motor)", "ncu": 3, "gw": 1, "axis_tilt": 0, "max_angle": 55, "backtrack": true, "gcr": 0.3973, "cross_axis_tilt": 0}}, {"type": "Feature", "geometry": {"type": "Point", "coordinates": [-1.1526452, 39.1219644]}, "properties": {"rol": "seguidor", "id": "TK 061-03", "tipo": "completo", "axis_azimuth": 0, "punto": "eje de unidad (no el motor)", "ncu": 3, "gw": 1, "axis_tilt": 0, "max_angle": 55, "backtrack": true, "gcr": 0.3973, "cross_axis_tilt": 0}}, {"type": "Feature", "geometry": {"type": "Point", "coordinates": [-1.1526629, 39.1212898]}, "properties": {"rol": "seguidor", "id": "TK 062-03", "tipo": "completo", "axis_azimuth": 0, "punto": "eje de unidad (no el motor)", "ncu": 3, "gw": 1, "axis_tilt": 0, "max_angle": 55, "backtrack": true, "gcr": 0.3973, "cross_axis_tilt": 0}}, {"type": "Feature", "geometry": {"type": "Point", "coordinates": [-1.1525065, 39.1219622]}, "properties": {"rol": "seguidor", "id": "TK 063-03", "tipo": "completo", "axis_azimuth": 0, "punto": "eje de unidad (no el motor)", "ncu": 3, "gw": 1, "axis_tilt": 0, "max_angle": 55, "backtrack": true, "gcr": 0.3973, "cross_axis_tilt": 0}}, {"type": "Feature", "geometry": {"type": "Point", "coordinates": [-1.1525241, 39.1212876]}, "properties": {"rol": "seguidor", "id": "TK 064-03", "tipo": "completo", "axis_azimuth": 0, "punto": "eje de unidad (no el motor)", "ncu": 3, "gw": 1, "axis_tilt": 0, "max_angle": 55, "backtrack": true, "gcr": 0.3973, "cross_axis_tilt": 0}}, {"type": "Feature", "geometry": {"type": "Point", "coordinates": [-1.1523677, 39.12196]}, "properties": {"rol": "seguidor", "id": "TK 065-03", "tipo": "completo", "axis_azimuth": 0, "punto": "eje de unidad (no el motor)", "ncu": 3, "gw": 1, "axis_tilt": 0, "max_angle": 55, "backtrack": true, "gcr": 0.3973, "cross_axis_tilt": 0}}, {"type": "Feature", "geometry": {"type": "Point", "coordinates": [-1.1523854, 39.1212854]}, "properties": {"rol": "seguidor", "id": "TK 066-03", "tipo": "completo", "axis_azimuth": 0, "punto": "eje de unidad (no el motor)", "ncu": 3, "gw": 1, "axis_tilt": 0, "max_angle": 55, "backtrack": true, "gcr": 0.3973, "cross_axis_tilt": 0}}, {"type": "Feature", "geometry": {"type": "Point", "coordinates": [-1.153726, 39.1190235]}, "properties": {"rol": "seguidor", "id": "TK 001-04", "tipo": "completo", "axis_azimuth": 0, "punto": "eje de unidad (no el motor)", "ncu": 4, "gw": 1, "axis_tilt": 0, "max_angle": 55, "backtrack": true, "gcr": 0.3973, "cross_axis_tilt": 0}}, {"type": "Feature", "geometry": {"type": "Point", "coordinates": [-1.1535873, 39.1190204]}, "properties": {"rol": "seguidor", "id": "TK 002-04", "tipo": "completo", "axis_azimuth": 0, "punto": "eje de unidad (no el motor)", "ncu": 4, "gw": 1, "axis_tilt": 0, "max_angle": 55, "backtrack": true, "gcr": 0.3973, "cross_axis_tilt": 0}}, {"type": "Feature", "geometry": {"type": "Point", "coordinates": [-1.1534486, 39.1190182]}, "properties": {"rol": "seguidor", "id": "TK 003-04", "tipo": "completo", "axis_azimuth": 0, "punto": "eje de unidad (no el motor)", "ncu": 4, "gw": 1, "axis_tilt": 0, "max_angle": 55, "backtrack": true, "gcr": 0.3973, "cross_axis_tilt": 0}}, {"type": "Feature", "geometry": {"type": "Point", "coordinates": [-1.1533098, 39.1190169]}, "properties": {"rol": "seguidor", "id": "TK 004-04", "tipo": "completo", "axis_azimuth": 0, "punto": "eje de unidad (no el motor)", "ncu": 4, "gw": 1, "axis_tilt": 0, "max_angle": 55, "backtrack": true, "gcr": 0.3973, "cross_axis_tilt": 0}}, {"type": "Feature", "geometry": {"type": "Point", "coordinates": [-1.1531506, 39.1197992]}, "properties": {"rol": "seguidor", "id": "TK 005-04", "tipo": "completo", "axis_azimuth": 0, "punto": "eje de unidad (no el motor)", "ncu": 4, "gw": 1, "axis_tilt": 0, "max_angle": 55, "backtrack": true, "gcr": 0.3973, "cross_axis_tilt": 0}}, {"type": "Feature", "geometry": {"type": "Point", "coordinates": [-1.1531711, 39.1190138]}, "properties": {"rol": "seguidor", "id": "TK 006-04", "tipo": "completo", "axis_azimuth": 0, "punto": "eje de unidad (no el motor)", "ncu": 4, "gw": 1, "axis_tilt": 0, "max_angle": 55, "backtrack": true, "gcr": 0.3973, "cross_axis_tilt": 0}}, {"type": "Feature", "geometry": {"type": "Point", "coordinates": [-1.1530123, 39.119779]}, "properties": {"rol": "seguidor", "id": "TK 007-04", "tipo": "medio", "axis_azimuth": 0, "punto": "eje de unidad (no el motor)", "ncu": 4, "gw": 1, "axis_tilt": 0, "max_angle": 55, "backtrack": true, "gcr": 0.3973, "cross_axis_tilt": 0}}, {"type": "Feature", "geometry": {"type": "Point", "coordinates": [-1.1530324, 39.1190116]}, "properties": {"rol": "seguidor", "id": "TK 008-04", "tipo": "completo", "axis_azimuth": 0, "punto": "eje de unidad (no el motor)", "ncu": 4, "gw": 1, "axis_tilt": 0, "max_angle": 55, "backtrack": true, "gcr": 0.3973, "cross_axis_tilt": 0}}, {"type": "Feature", "geometry": {"type": "Point", "coordinates": [-1.152874, 39.1197587]}, "properties": {"rol": "seguidor", "id": "TK 009-04", "tipo": "medio", "axis_azimuth": 0, "punto": "eje de unidad (no el motor)", "ncu": 4, "gw": 1, "axis_tilt": 0, "max_angle": 55, "backtrack": true, "gcr": 0.3973, "cross_axis_tilt": 0}}, {"type": "Feature", "geometry": {"type": "Point", "coordinates": [-1.1528936, 39.1190094]}, "properties": {"rol": "seguidor", "id": "TK 010-04", "tipo": "completo", "axis_azimuth": 0, "punto": "eje de unidad (no el motor)", "ncu": 4, "gw": 1, "axis_tilt": 0, "max_angle": 55, "backtrack": true, "gcr": 0.3973, "cross_axis_tilt": 0}}, {"type": "Feature", "geometry": {"type": "Point", "coordinates": [-1.1527358, 39.1197385]}, "properties": {"rol": "seguidor", "id": "TK 011-04", "tipo": "medio", "axis_azimuth": 0, "punto": "eje de unidad (no el motor)", "ncu": 4, "gw": 1, "axis_tilt": 0, "max_angle": 55, "backtrack": true, "gcr": 0.3973, "cross_axis_tilt": 0}}, {"type": "Feature", "geometry": {"type": "Point", "coordinates": [-1.1527549, 39.1190072]}, "properties": {"rol": "seguidor", "id": "TK 012-04", "tipo": "completo", "axis_azimuth": 0, "punto": "eje de unidad (no el motor)", "ncu": 4, "gw": 1, "axis_tilt": 0, "max_angle": 55, "backtrack": true, "gcr": 0.3973, "cross_axis_tilt": 0}}, {"type": "Feature", "geometry": {"type": "Point", "coordinates": [-1.1525975, 39.1197183]}, "properties": {"rol": "seguidor", "id": "TK 013-04", "tipo": "completo", "axis_azimuth": 0, "punto": "eje de unidad (no el motor)", "ncu": 4, "gw": 1, "axis_tilt": 0, "max_angle": 55, "backtrack": true, "gcr": 0.3973, "cross_axis_tilt": 0}}, {"type": "Feature", "geometry": {"type": "Point", "coordinates": [-1.1526161, 39.119005]}, "properties": {"rol": "seguidor", "id": "TK 014-04", "tipo": "completo", "axis_azimuth": 0, "punto": "eje de unidad (no el motor)", "ncu": 4, "gw": 1, "axis_tilt": 0, "max_angle": 55, "backtrack": true, "gcr": 0.3973, "cross_axis_tilt": 0}}, {"type": "Feature", "geometry": {"type": "Point", "coordinates": [-1.1524672, 39.119391]}, "properties": {"rol": "seguidor", "id": "TK 015-04", "tipo": "completo", "axis_azimuth": 0, "punto": "eje de unidad (no el motor)", "ncu": 4, "gw": 1, "axis_tilt": 0, "max_angle": 55, "backtrack": true, "gcr": 0.3973, "cross_axis_tilt": 0}}, {"type": "Feature", "geometry": {"type": "Point", "coordinates": [-1.1524827, 39.1187993]}, "properties": {"rol": "seguidor", "id": "TK 016-04", "tipo": "completo", "axis_azimuth": 0, "punto": "eje de unidad (no el motor)", "ncu": 4, "gw": 1, "axis_tilt": 0, "max_angle": 55, "backtrack": true, "gcr": 0.3973, "cross_axis_tilt": 0}}, {"type": "Feature", "geometry": {"type": "Point", "coordinates": [-1.1523285, 39.1193888]}, "properties": {"rol": "seguidor", "id": "TK 017-04", "tipo": "completo", "axis_azimuth": 0, "punto": "eje de unidad (no el motor)", "ncu": 4, "gw": 1, "axis_tilt": 0, "max_angle": 55, "backtrack": true, "gcr": 0.3973, "cross_axis_tilt": 0}}, {"type": "Feature", "geometry": {"type": "Point", "coordinates": [-1.152344, 39.1187971]}, "properties": {"rol": "seguidor", "id": "TK 018-04", "tipo": "medio", "axis_azimuth": 0, "punto": "eje de unidad (no el motor)", "ncu": 4, "gw": 1, "axis_tilt": 0, "max_angle": 55, "backtrack": true, "gcr": 0.3973, "cross_axis_tilt": 0}}, {"type": "Feature", "geometry": {"type": "Point", "coordinates": [-1.1521898, 39.1193866]}, "properties": {"rol": "seguidor", "id": "TK 019-04", "tipo": "completo", "axis_azimuth": 0, "punto": "eje de unidad (no el motor)", "ncu": 4, "gw": 1, "axis_tilt": 0, "max_angle": 55, "backtrack": true, "gcr": 0.3973, "cross_axis_tilt": 0}}, {"type": "Feature", "geometry": {"type": "Point", "coordinates": [-1.1522052, 39.1187949]}, "properties": {"rol": "seguidor", "id": "TK 020-04", "tipo": "medio", "axis_azimuth": 0, "punto": "eje de unidad (no el motor)", "ncu": 4, "gw": 1, "axis_tilt": 0, "max_angle": 55, "backtrack": true, "gcr": 0.3973, "cross_axis_tilt": 0}}, {"type": "Feature", "geometry": {"type": "Point", "coordinates": [-1.152051, 39.1193844]}, "properties": {"rol": "seguidor", "id": "TK 021-04", "tipo": "completo", "axis_azimuth": 0, "punto": "eje de unidad (no el motor)", "ncu": 4, "gw": 1, "axis_tilt": 0, "max_angle": 55, "backtrack": true, "gcr": 0.3973, "cross_axis_tilt": 0}}, {"type": "Feature", "geometry": {"type": "Point", "coordinates": [-1.1520665, 39.1187927]}, "properties": {"rol": "seguidor", "id": "TK 022-04", "tipo": "medio", "axis_azimuth": 0, "punto": "eje de unidad (no el motor)", "ncu": 4, "gw": 1, "axis_tilt": 0, "max_angle": 55, "backtrack": true, "gcr": 0.3973, "cross_axis_tilt": 0}}, {"type": "Feature", "geometry": {"type": "Point", "coordinates": [-1.1519123, 39.1193822]}, "properties": {"rol": "seguidor", "id": "TK 023-04", "tipo": "completo", "axis_azimuth": 0, "punto": "eje de unidad (no el motor)", "ncu": 4, "gw": 1, "axis_tilt": 0, "max_angle": 55, "backtrack": true, "gcr": 0.3973, "cross_axis_tilt": 0}}, {"type": "Feature", "geometry": {"type": "Point", "coordinates": [-1.1519277, 39.1187905]}, "properties": {"rol": "seguidor", "id": "TK 024-04", "tipo": "medio", "axis_azimuth": 0, "punto": "eje de unidad (no el motor)", "ncu": 4, "gw": 1, "axis_tilt": 0, "max_angle": 55, "backtrack": true, "gcr": 0.3973, "cross_axis_tilt": 0}}, {"type": "Feature", "geometry": {"type": "Point", "coordinates": [-1.1517735, 39.11938]}, "properties": {"rol": "seguidor", "id": "TK 025-04", "tipo": "completo", "axis_azimuth": 0, "punto": "eje de unidad (no el motor)", "ncu": 4, "gw": 1, "axis_tilt": 0, "max_angle": 55, "backtrack": true, "gcr": 0.3973, "cross_axis_tilt": 0}}, {"type": "Feature", "geometry": {"type": "Point", "coordinates": [-1.151789, 39.1187883]}, "properties": {"rol": "seguidor", "id": "TK 026-04", "tipo": "completo", "axis_azimuth": 0, "punto": "eje de unidad (no el motor)", "ncu": 4, "gw": 1, "axis_tilt": 0, "max_angle": 55, "backtrack": true, "gcr": 0.3973, "cross_axis_tilt": 0}}, {"type": "Feature", "geometry": {"type": "Point", "coordinates": [-1.1516348, 39.1193778]}, "properties": {"rol": "seguidor", "id": "TK 027-04", "tipo": "completo", "axis_azimuth": 0, "punto": "eje de unidad (no el motor)", "ncu": 4, "gw": 1, "axis_tilt": 0, "max_angle": 55, "backtrack": true, "gcr": 0.3973, "cross_axis_tilt": 0}}, {"type": "Feature", "geometry": {"type": "Point", "coordinates": [-1.1516481, 39.1188689]}, "properties": {"rol": "seguidor", "id": "TK 028-04", "tipo": "completo", "axis_azimuth": 0, "punto": "eje de unidad (no el motor)", "ncu": 4, "gw": 1, "axis_tilt": 0, "max_angle": 55, "backtrack": true, "gcr": 0.3973, "cross_axis_tilt": 0}}, {"type": "Feature", "geometry": {"type": "Point", "coordinates": [-1.1514967, 39.1193495]}, "properties": {"rol": "seguidor", "id": "TK 029-04", "tipo": "completo", "axis_azimuth": 0, "punto": "eje de unidad (no el motor)", "ncu": 4, "gw": 1, "axis_tilt": 0, "max_angle": 55, "backtrack": true, "gcr": 0.3973, "cross_axis_tilt": 0}}, {"type": "Feature", "geometry": {"type": "Point", "coordinates": [-1.1513558, 39.1194292]}, "properties": {"rol": "seguidor", "id": "TK 030-04", "tipo": "completo", "axis_azimuth": 0, "punto": "eje de unidad (no el motor)", "ncu": 4, "gw": 1, "axis_tilt": 0, "max_angle": 55, "backtrack": true, "gcr": 0.3973, "cross_axis_tilt": 0}}, {"type": "Feature", "geometry": {"type": "Point", "coordinates": [-1.1555746, 39.1173309]}, "properties": {"rol": "seguidor", "id": "TK 031-04", "tipo": "completo", "axis_azimuth": 0, "punto": "eje de unidad (no el motor)", "ncu": 5, "gw": 1, "axis_tilt": 0, "max_angle": 55, "backtrack": true, "gcr": 0.3973, "cross_axis_tilt": 0}}, {"type": "Feature", "geometry": {"type": "Point", "coordinates": [-1.155438, 39.117245]}, "properties": {"rol": "seguidor", "id": "TK 032-04", "tipo": "completo", "axis_azimuth": 0, "punto": "eje de unidad (no el motor)", "ncu": 5, "gw": 1, "axis_tilt": 0, "max_angle": 55, "backtrack": true, "gcr": 0.3973, "cross_axis_tilt": 0}}, {"type": "Feature", "geometry": {"type": "Point", "coordinates": [-1.1552993, 39.1172428]}, "properties": {"rol": "seguidor", "id": "TK 033-04", "tipo": "completo", "axis_azimuth": 0, "punto": "eje de unidad (no el motor)", "ncu": 5, "gw": 1, "axis_tilt": 0, "max_angle": 55, "backtrack": true, "gcr": 0.3973, "cross_axis_tilt": 0}}, {"type": "Feature", "geometry": {"type": "Point", "coordinates": [-1.1553126, 39.1167339]}, "properties": {"rol": "seguidor", "id": "TK 034-04", "tipo": "completo", "axis_azimuth": 0, "punto": "eje de unidad (no el motor)", "ncu": 5, "gw": 1, "axis_tilt": 0, "max_angle": 55, "backtrack": true, "gcr": 0.3973, "cross_axis_tilt": 0}}, {"type": "Feature", "geometry": {"type": "Point", "coordinates": [-1.1551605, 39.1172406]}, "properties": {"rol": "seguidor", "id": "TK 035-04", "tipo": "completo", "axis_azimuth": 0, "punto": "eje de unidad (no el motor)", "ncu": 5, "gw": 1, "axis_tilt": 0, "max_angle": 55, "backtrack": true, "gcr": 0.3973, "cross_axis_tilt": 0}}, {"type": "Feature", "geometry": {"type": "Point", "coordinates": [-1.1551738, 39.1167317]}, "properties": {"rol": "seguidor", "id": "TK 036-04", "tipo": "medio", "axis_azimuth": 0, "punto": "eje de unidad (no el motor)", "ncu": 5, "gw": 1, "axis_tilt": 0, "max_angle": 55, "backtrack": true, "gcr": 0.3973, "cross_axis_tilt": 0}}, {"type": "Feature", "geometry": {"type": "Point", "coordinates": [-1.1550218, 39.1172384]}, "properties": {"rol": "seguidor", "id": "TK 037-04", "tipo": "completo", "axis_azimuth": 0, "punto": "eje de unidad (no el motor)", "ncu": 5, "gw": 1, "axis_tilt": 0, "max_angle": 55, "backtrack": true, "gcr": 0.3973, "cross_axis_tilt": 0}}, {"type": "Feature", "geometry": {"type": "Point", "coordinates": [-1.1550351, 39.1167295]}, "properties": {"rol": "seguidor", "id": "TK 038-04", "tipo": "medio", "axis_azimuth": 0, "punto": "eje de unidad (no el motor)", "ncu": 5, "gw": 1, "axis_tilt": 0, "max_angle": 55, "backtrack": true, "gcr": 0.3973, "cross_axis_tilt": 0}}, {"type": "Feature", "geometry": {"type": "Point", "coordinates": [-1.1548741, 39.1175811]}, "properties": {"rol": "seguidor", "id": "TK 039-04", "tipo": "completo", "axis_azimuth": 0, "punto": "eje de unidad (no el motor)", "ncu": 5, "gw": 1, "axis_tilt": 0, "max_angle": 55, "backtrack": true, "gcr": 0.3973, "cross_axis_tilt": 0}}, {"type": "Feature", "geometry": {"type": "Point", "coordinates": [-1.1548917, 39.1169065]}, "properties": {"rol": "seguidor", "id": "TK 040-04", "tipo": "completo", "axis_azimuth": 0, "punto": "eje de unidad (no el motor)", "ncu": 5, "gw": 1, "axis_tilt": 0, "max_angle": 55, "backtrack": true, "gcr": 0.3973, "cross_axis_tilt": 0}}, {"type": "Feature", "geometry": {"type": "Point", "coordinates": [-1.1547353, 39.1175789]}, "properties": {"rol": "seguidor", "id": "TK 041-04", "tipo": "completo", "axis_azimuth": 0, "punto": "eje de unidad (no el motor)", "ncu": 5, "gw": 1, "axis_tilt": 0, "max_angle": 55, "backtrack": true, "gcr": 0.3973, "cross_axis_tilt": 0}}, {"type": "Feature", "geometry": {"type": "Point", "coordinates": [-1.1547529, 39.1169043]}, "properties": {"rol": "seguidor", "id": "TK 042-04", "tipo": "completo", "axis_azimuth": 0, "punto": "eje de unidad (no el motor)", "ncu": 5, "gw": 1, "axis_tilt": 0, "max_angle": 55, "backtrack": true, "gcr": 0.3973, "cross_axis_tilt": 0}}, {"type": "Feature", "geometry": {"type": "Point", "coordinates": [-1.1545922, 39.1177433]}, "properties": {"rol": "seguidor", "id": "TK 043-04", "tipo": "completo", "axis_azimuth": 0, "punto": "eje de unidad (no el motor)", "ncu": 5, "gw": 1, "axis_tilt": 0, "max_angle": 55, "backtrack": true, "gcr": 0.3973, "cross_axis_tilt": 0}}, {"type": "Feature", "geometry": {"type": "Point", "coordinates": [-1.1546099, 39.1170679]}, "properties": {"rol": "seguidor", "id": "TK 044-04", "tipo": "completo", "axis_azimuth": 0, "punto": "eje de unidad (no el motor)", "ncu": 5, "gw": 1, "axis_tilt": 0, "max_angle": 55, "backtrack": true, "gcr": 0.3973, "cross_axis_tilt": 0}}, {"type": "Feature", "geometry": {"type": "Point", "coordinates": [-1.1544535, 39.1177411]}, "properties": {"rol": "seguidor", "id": "TK 045-04", "tipo": "completo", "axis_azimuth": 0, "punto": "eje de unidad (no el motor)", "ncu": 5, "gw": 1, "axis_tilt": 0, "max_angle": 55, "backtrack": true, "gcr": 0.3973, "cross_axis_tilt": 0}}, {"type": "Feature", "geometry": {"type": "Point", "coordinates": [-1.1544711, 39.1170657]}, "properties": {"rol": "seguidor", "id": "TK 046-04", "tipo": "completo", "axis_azimuth": 0, "punto": "eje de unidad (no el motor)", "ncu": 5, "gw": 1, "axis_tilt": 0, "max_angle": 55, "backtrack": true, "gcr": 0.3973, "cross_axis_tilt": 0}}, {"type": "Feature", "geometry": {"type": "Point", "coordinates": [-1.1543083, 39.1179884]}, "properties": {"rol": "seguidor", "id": "TK 047-04", "tipo": "completo", "axis_azimuth": 0, "punto": "eje de unidad (no el motor)", "ncu": 5, "gw": 1, "axis_tilt": 0, "max_angle": 55, "backtrack": true, "gcr": 0.3973, "cross_axis_tilt": 0}}, {"type": "Feature", "geometry": {"type": "Point", "coordinates": [-1.1543237, 39.1173967]}, "properties": {"rol": "seguidor", "id": "TK 048-04", "tipo": "completo", "axis_azimuth": 0, "punto": "eje de unidad (no el motor)", "ncu": 5, "gw": 1, "axis_tilt": 0, "max_angle": 55, "backtrack": true, "gcr": 0.3973, "cross_axis_tilt": 0}}, {"type": "Feature", "geometry": {"type": "Point", "coordinates": [-1.154337, 39.1168878]}, "properties": {"rol": "seguidor", "id": "TK 049-04", "tipo": "medio", "axis_azimuth": 0, "punto": "eje de unidad (no el motor)", "ncu": 5, "gw": 1, "axis_tilt": 0, "max_angle": 55, "backtrack": true, "gcr": 0.3973, "cross_axis_tilt": 0}}, {"type": "Feature", "geometry": {"type": "Point", "coordinates": [-1.1541695, 39.1179862]}, "properties": {"rol": "seguidor", "id": "TK 050-04", "tipo": "medio", "axis_azimuth": 0, "punto": "eje de unidad (no el motor)", "ncu": 5, "gw": 1, "axis_tilt": 0, "max_angle": 55, "backtrack": true, "gcr": 0.3973, "cross_axis_tilt": 0}}, {"type": "Feature", "geometry": {"type": "Point", "coordinates": [-1.154185, 39.1173945]}, "properties": {"rol": "seguidor", "id": "TK 051-04", "tipo": "completo", "axis_azimuth": 0, "punto": "eje de unidad (no el motor)", "ncu": 5, "gw": 1, "axis_tilt": 0, "max_angle": 55, "backtrack": true, "gcr": 0.3973, "cross_axis_tilt": 0}}, {"type": "Feature", "geometry": {"type": "Point", "coordinates": [-1.1541982, 39.1168856]}, "properties": {"rol": "seguidor", "id": "TK 052-04", "tipo": "completo", "axis_azimuth": 0, "punto": "eje de unidad (no el motor)", "ncu": 5, "gw": 1, "axis_tilt": 0, "max_angle": 55, "backtrack": true, "gcr": 0.3973, "cross_axis_tilt": 0}}, {"type": "Feature", "geometry": {"type": "Point", "coordinates": [-1.154029, 39.1180516]}, "properties": {"rol": "seguidor", "id": "TK 053-04", "tipo": "completo", "axis_azimuth": 0, "punto": "eje de unidad (no el motor)", "ncu": 5, "gw": 1, "axis_tilt": 0, "max_angle": 55, "backtrack": true, "gcr": 0.3973, "cross_axis_tilt": 0}}, {"type": "Feature", "geometry": {"type": "Point", "coordinates": [-1.1540445, 39.1174599]}, "properties": {"rol": "seguidor", "id": "TK 054-04", "tipo": "completo", "axis_azimuth": 0, "punto": "eje de unidad (no el motor)", "ncu": 5, "gw": 1, "axis_tilt": 0, "max_angle": 55, "backtrack": true, "gcr": 0.3973, "cross_axis_tilt": 0}}, {"type": "Feature", "geometry": {"type": "Point", "coordinates": [-1.1540577, 39.1169519]}, "properties": {"rol": "seguidor", "id": "TK 055-04", "tipo": "medio", "axis_azimuth": 0, "punto": "eje de unidad (no el motor)", "ncu": 5, "gw": 1, "axis_tilt": 0, "max_angle": 55, "backtrack": true, "gcr": 0.3973, "cross_axis_tilt": 0}}, {"type": "Feature", "geometry": {"type": "Point", "coordinates": [-1.1538903, 39.1180494]}, "properties": {"rol": "seguidor", "id": "TK 056-04", "tipo": "medio", "axis_azimuth": 0, "punto": "eje de unidad (no el motor)", "ncu": 5, "gw": 1, "axis_tilt": 0, "max_angle": 55, "backtrack": true, "gcr": 0.3973, "cross_axis_tilt": 0}}, {"type": "Feature", "geometry": {"type": "Point", "coordinates": [-1.1539057, 39.1174577]}, "properties": {"rol": "seguidor", "id": "TK 057-04", "tipo": "completo", "axis_azimuth": 0, "punto": "eje de unidad (no el motor)", "ncu": 5, "gw": 1, "axis_tilt": 0, "max_angle": 55, "backtrack": true, "gcr": 0.3973, "cross_axis_tilt": 0}}, {"type": "Feature", "geometry": {"type": "Point", "coordinates": [-1.153919, 39.1169497]}, "properties": {"rol": "seguidor", "id": "TK 058-04", "tipo": "medio", "axis_azimuth": 0, "punto": "eje de unidad (no el motor)", "ncu": 5, "gw": 1, "axis_tilt": 0, "max_angle": 55, "backtrack": true, "gcr": 0.3973, "cross_axis_tilt": 0}}, {"type": "Feature", "geometry": {"type": "Point", "coordinates": [-1.1537515, 39.1180472]}, "properties": {"rol": "seguidor", "id": "TK 059-04", "tipo": "medio", "axis_azimuth": 0, "punto": "eje de unidad (no el motor)", "ncu": 5, "gw": 1, "axis_tilt": 0, "max_angle": 55, "backtrack": true, "gcr": 0.3973, "cross_axis_tilt": 0}}, {"type": "Feature", "geometry": {"type": "Point", "coordinates": [-1.153767, 39.1174555]}, "properties": {"rol": "seguidor", "id": "TK 060-04", "tipo": "completo", "axis_azimuth": 0, "punto": "eje de unidad (no el motor)", "ncu": 5, "gw": 1, "axis_tilt": 0, "max_angle": 55, "backtrack": true, "gcr": 0.3973, "cross_axis_tilt": 0}}, {"type": "Feature", "geometry": {"type": "Point", "coordinates": [-1.1537802, 39.1169475]}, "properties": {"rol": "seguidor", "id": "TK 061-04", "tipo": "completo", "axis_azimuth": 0, "punto": "eje de unidad (no el motor)", "ncu": 5, "gw": 1, "axis_tilt": 0, "max_angle": 55, "backtrack": true, "gcr": 0.3973, "cross_axis_tilt": 0}}, {"type": "Feature", "geometry": {"type": "Point", "coordinates": [-1.153615, 39.1179621]}, "properties": {"rol": "seguidor", "id": "TK 062-04", "tipo": "completo", "axis_azimuth": 0, "punto": "eje de unidad (no el motor)", "ncu": 5, "gw": 1, "axis_tilt": 0, "max_angle": 55, "backtrack": true, "gcr": 0.3973, "cross_axis_tilt": 0}}, {"type": "Feature", "geometry": {"type": "Point", "coordinates": [-1.1536326, 39.1172875]}, "properties": {"rol": "seguidor", "id": "TK 063-04", "tipo": "completo", "axis_azimuth": 0, "punto": "eje de unidad (no el motor)", "ncu": 5, "gw": 1, "axis_tilt": 0, "max_angle": 55, "backtrack": true, "gcr": 0.3973, "cross_axis_tilt": 0}}, {"type": "Feature", "geometry": {"type": "Point", "coordinates": [-1.1534762, 39.1179599]}, "properties": {"rol": "seguidor", "id": "TK 064-04", "tipo": "completo", "axis_azimuth": 0, "punto": "eje de unidad (no el motor)", "ncu": 5, "gw": 1, "axis_tilt": 0, "max_angle": 55, "backtrack": true, "gcr": 0.3973, "cross_axis_tilt": 0}}, {"type": "Feature", "geometry": {"type": "Point", "coordinates": [-1.1534938, 39.1172853]}, "properties": {"rol": "seguidor", "id": "TK 065-04", "tipo": "completo", "axis_azimuth": 0, "punto": "eje de unidad (no el motor)", "ncu": 5, "gw": 1, "axis_tilt": 0, "max_angle": 55, "backtrack": true, "gcr": 0.3973, "cross_axis_tilt": 0}}, {"type": "Feature", "geometry": {"type": "Point", "coordinates": [-1.1533375, 39.1179577]}, "properties": {"rol": "seguidor", "id": "TK 066-04", "tipo": "completo", "axis_azimuth": 0, "punto": "eje de unidad (no el motor)", "ncu": 5, "gw": 1, "axis_tilt": 0, "max_angle": 55, "backtrack": true, "gcr": 0.3973, "cross_axis_tilt": 0}}, {"type": "Feature", "geometry": {"type": "Point", "coordinates": [-1.1533551, 39.1172831]}, "properties": {"rol": "seguidor", "id": "TK 067-04", "tipo": "completo", "axis_azimuth": 0, "punto": "eje de unidad (no el motor)", "ncu": 5, "gw": 1, "axis_tilt": 0, "max_angle": 55, "backtrack": true, "gcr": 0.3973, "cross_axis_tilt": 0}}, {"type": "Feature", "geometry": {"type": "Point", "coordinates": [-1.1532009, 39.1178727]}, "properties": {"rol": "seguidor", "id": "TK 068-04", "tipo": "completo", "axis_azimuth": 0, "punto": "eje de unidad (no el motor)", "ncu": 5, "gw": 1, "axis_tilt": 0, "max_angle": 55, "backtrack": true, "gcr": 0.3973, "cross_axis_tilt": 0}}, {"type": "Feature", "geometry": {"type": "Point", "coordinates": [-1.1532164, 39.1172809]}, "properties": {"rol": "seguidor", "id": "TK 069-04", "tipo": "completo", "axis_azimuth": 0, "punto": "eje de unidad (no el motor)", "ncu": 5, "gw": 1, "axis_tilt": 0, "max_angle": 55, "backtrack": true, "gcr": 0.3973, "cross_axis_tilt": 0}}, {"type": "Feature", "geometry": {"type": "Point", "coordinates": [-1.15306, 39.1179533]}, "properties": {"rol": "seguidor", "id": "TK 070-04", "tipo": "medio", "axis_azimuth": 0, "punto": "eje de unidad (no el motor)", "ncu": 5, "gw": 1, "axis_tilt": 0, "max_angle": 55, "backtrack": true, "gcr": 0.3973, "cross_axis_tilt": 0}}, {"type": "Feature", "geometry": {"type": "Point", "coordinates": [-1.1530786, 39.11724]}, "properties": {"rol": "seguidor", "id": "TK 071-04", "tipo": "medio", "axis_azimuth": 0, "punto": "eje de unidad (no el motor)", "ncu": 5, "gw": 1, "axis_tilt": 0, "max_angle": 55, "backtrack": true, "gcr": 0.3973, "cross_axis_tilt": 0}}, {"type": "Feature", "geometry": {"type": "Point", "coordinates": [-1.1529213, 39.1179511]}, "properties": {"rol": "seguidor", "id": "TK 072-04", "tipo": "medio", "axis_azimuth": 0, "punto": "eje de unidad (no el motor)", "ncu": 5, "gw": 1, "axis_tilt": 0, "max_angle": 55, "backtrack": true, "gcr": 0.3973, "cross_axis_tilt": 0}}, {"type": "Feature", "geometry": {"type": "Point", "coordinates": [-1.1529399, 39.1172378]}, "properties": {"rol": "seguidor", "id": "TK 073-04", "tipo": "completo", "axis_azimuth": 0, "punto": "eje de unidad (no el motor)", "ncu": 5, "gw": 1, "axis_tilt": 0, "max_angle": 55, "backtrack": true, "gcr": 0.3973, "cross_axis_tilt": 0}}, {"type": "Feature", "geometry": {"type": "Point", "coordinates": [-1.1527804, 39.1180318]}, "properties": {"rol": "seguidor", "id": "TK 074-04", "tipo": "completo", "axis_azimuth": 0, "punto": "eje de unidad (no el motor)", "ncu": 5, "gw": 1, "axis_tilt": 0, "max_angle": 55, "backtrack": true, "gcr": 0.3973, "cross_axis_tilt": 0}}, {"type": "Feature", "geometry": {"type": "Point", "coordinates": [-1.1526416, 39.1180296]}, "properties": {"rol": "seguidor", "id": "TK 075-04", "tipo": "medio", "axis_azimuth": 0, "punto": "eje de unidad (no el motor)", "ncu": 5, "gw": 1, "axis_tilt": 0, "max_angle": 55, "backtrack": true, "gcr": 0.3973, "cross_axis_tilt": 0}}, {"type": "Feature", "geometry": {"type": "Point", "coordinates": [-1.1525029, 39.1180274]}, "properties": {"rol": "seguidor", "id": "TK 076-04", "tipo": "medio", "axis_azimuth": 0, "punto": "eje de unidad (no el motor)", "ncu": 5, "gw": 1, "axis_tilt": 0, "max_angle": 55, "backtrack": true, "gcr": 0.3973, "cross_axis_tilt": 0}}, {"type": "Feature", "geometry": {"type": "Point", "coordinates": [-1.1523641, 39.1180252]}, "properties": {"rol": "seguidor", "id": "TK 077-04", "tipo": "completo", "axis_azimuth": 0, "punto": "eje de unidad (no el motor)", "ncu": 5, "gw": 1, "axis_tilt": 0, "max_angle": 55, "backtrack": true, "gcr": 0.3973, "cross_axis_tilt": 0}}, {"type": "Feature", "geometry": {"type": "Point", "coordinates": [-1.1522232, 39.1181068]}, "properties": {"rol": "seguidor", "id": "TK 078-04", "tipo": "completo", "axis_azimuth": 0, "punto": "eje de unidad (no el motor)", "ncu": 5, "gw": 1, "axis_tilt": 0, "max_angle": 55, "backtrack": true, "gcr": 0.3973, "cross_axis_tilt": 0}}, {"type": "Feature", "geometry": {"type": "Point", "coordinates": [-1.1584141, 39.1198185]}, "properties": {"rol": "seguidor", "id": "TK 001-05", "tipo": "completo", "axis_azimuth": 0, "punto": "eje de unidad (no el motor)", "ncu": 6, "gw": 1, "axis_tilt": 0, "max_angle": 55, "backtrack": true, "gcr": 0.3973, "cross_axis_tilt": 0}}, {"type": "Feature", "geometry": {"type": "Point", "coordinates": [-1.1582732, 39.1198992]}, "properties": {"rol": "seguidor", "id": "TK 002-05", "tipo": "completo", "axis_azimuth": 0, "punto": "eje de unidad (no el motor)", "ncu": 6, "gw": 1, "axis_tilt": 0, "max_angle": 55, "backtrack": true, "gcr": 0.3973, "cross_axis_tilt": 0}}, {"type": "Feature", "geometry": {"type": "Point", "coordinates": [-1.1581345, 39.119897]}, "properties": {"rol": "seguidor", "id": "TK 003-05", "tipo": "completo", "axis_azimuth": 0, "punto": "eje de unidad (no el motor)", "ncu": 6, "gw": 1, "axis_tilt": 0, "max_angle": 55, "backtrack": true, "gcr": 0.3973, "cross_axis_tilt": 0}}, {"type": "Feature", "geometry": {"type": "Point", "coordinates": [-1.1579957, 39.1198948]}, "properties": {"rol": "seguidor", "id": "TK 004-05", "tipo": "completo", "axis_azimuth": 0, "punto": "eje de unidad (no el motor)", "ncu": 6, "gw": 1, "axis_tilt": 0, "max_angle": 55, "backtrack": true, "gcr": 0.3973, "cross_axis_tilt": 0}}, {"type": "Feature", "geometry": {"type": "Point", "coordinates": [-1.1578496, 39.1201772]}, "properties": {"rol": "seguidor", "id": "TK 005-05", "tipo": "completo", "axis_azimuth": 0, "punto": "eje de unidad (no el motor)", "ncu": 6, "gw": 1, "axis_tilt": 0, "max_angle": 55, "backtrack": true, "gcr": 0.3973, "cross_axis_tilt": 0}}, {"type": "Feature", "geometry": {"type": "Point", "coordinates": [-1.157865, 39.1195855]}, "properties": {"rol": "seguidor", "id": "TK 006-05", "tipo": "completo", "axis_azimuth": 0, "punto": "eje de unidad (no el motor)", "ncu": 6, "gw": 1, "axis_tilt": 0, "max_angle": 55, "backtrack": true, "gcr": 0.3973, "cross_axis_tilt": 0}}, {"type": "Feature", "geometry": {"type": "Point", "coordinates": [-1.1577108, 39.120175]}, "properties": {"rol": "seguidor", "id": "TK 007-05", "tipo": "completo", "axis_azimuth": 0, "punto": "eje de unidad (no el motor)", "ncu": 6, "gw": 1, "axis_tilt": 0, "max_angle": 55, "backtrack": true, "gcr": 0.3973, "cross_axis_tilt": 0}}, {"type": "Feature", "geometry": {"type": "Point", "coordinates": [-1.1577262, 39.1195833]}, "properties": {"rol": "seguidor", "id": "TK 008-05", "tipo": "medio", "axis_azimuth": 0, "punto": "eje de unidad (no el motor)", "ncu": 6, "gw": 1, "axis_tilt": 0, "max_angle": 55, "backtrack": true, "gcr": 0.3973, "cross_axis_tilt": 0}}, {"type": "Feature", "geometry": {"type": "Point", "coordinates": [-1.1575721, 39.1201728]}, "properties": {"rol": "seguidor", "id": "TK 009-05", "tipo": "completo", "axis_azimuth": 0, "punto": "eje de unidad (no el motor)", "ncu": 6, "gw": 1, "axis_tilt": 0, "max_angle": 55, "backtrack": true, "gcr": 0.3973, "cross_axis_tilt": 0}}, {"type": "Feature", "geometry": {"type": "Point", "coordinates": [-1.1575875, 39.1195811]}, "properties": {"rol": "seguidor", "id": "TK 010-05", "tipo": "medio", "axis_azimuth": 0, "punto": "eje de unidad (no el motor)", "ncu": 6, "gw": 1, "axis_tilt": 0, "max_angle": 55, "backtrack": true, "gcr": 0.3973, "cross_axis_tilt": 0}}, {"type": "Feature", "geometry": {"type": "Point", "coordinates": [-1.1574333, 39.1201706]}, "properties": {"rol": "seguidor", "id": "TK 011-05", "tipo": "completo", "axis_azimuth": 0, "punto": "eje de unidad (no el motor)", "ncu": 6, "gw": 1, "axis_tilt": 0, "max_angle": 55, "backtrack": true, "gcr": 0.3973, "cross_axis_tilt": 0}}, {"type": "Feature", "geometry": {"type": "Point", "coordinates": [-1.1574487, 39.1195789]}, "properties": {"rol": "seguidor", "id": "TK 012-05", "tipo": "medio", "axis_azimuth": 0, "punto": "eje de unidad (no el motor)", "ncu": 6, "gw": 1, "axis_tilt": 0, "max_angle": 55, "backtrack": true, "gcr": 0.3973, "cross_axis_tilt": 0}}, {"type": "Feature", "geometry": {"type": "Point", "coordinates": [-1.1572946, 39.1201684]}, "properties": {"rol": "seguidor", "id": "TK 013-05", "tipo": "completo", "axis_azimuth": 0, "punto": "eje de unidad (no el motor)", "ncu": 6, "gw": 1, "axis_tilt": 0, "max_angle": 55, "backtrack": true, "gcr": 0.3973, "cross_axis_tilt": 0}}, {"type": "Feature", "geometry": {"type": "Point", "coordinates": [-1.15731, 39.1195767]}, "properties": {"rol": "seguidor", "id": "TK 014-05", "tipo": "medio", "axis_azimuth": 0, "punto": "eje de unidad (no el motor)", "ncu": 6, "gw": 1, "axis_tilt": 0, "max_angle": 55, "backtrack": true, "gcr": 0.3973, "cross_axis_tilt": 0}}, {"type": "Feature", "geometry": {"type": "Point", "coordinates": [-1.1571558, 39.1201662]}, "properties": {"rol": "seguidor", "id": "TK 015-05", "tipo": "completo", "axis_azimuth": 0, "punto": "eje de unidad (no el motor)", "ncu": 6, "gw": 1, "axis_tilt": 0, "max_angle": 55, "backtrack": true, "gcr": 0.3973, "cross_axis_tilt": 0}}, {"type": "Feature", "geometry": {"type": "Point", "coordinates": [-1.1571713, 39.1195745]}, "properties": {"rol": "seguidor", "id": "TK 016-05", "tipo": "medio", "axis_azimuth": 0, "punto": "eje de unidad (no el motor)", "ncu": 6, "gw": 1, "axis_tilt": 0, "max_angle": 55, "backtrack": true, "gcr": 0.3973, "cross_axis_tilt": 0}}, {"type": "Feature", "geometry": {"type": "Point", "coordinates": [-1.1570171, 39.120164]}, "properties": {"rol": "seguidor", "id": "TK 017-05", "tipo": "completo", "axis_azimuth": 0, "punto": "eje de unidad (no el motor)", "ncu": 6, "gw": 1, "axis_tilt": 0, "max_angle": 55, "backtrack": true, "gcr": 0.3973, "cross_axis_tilt": 0}}, {"type": "Feature", "geometry": {"type": "Point", "coordinates": [-1.1570325, 39.1195723]}, "properties": {"rol": "seguidor", "id": "TK 018-05", "tipo": "medio", "axis_azimuth": 0, "punto": "eje de unidad (no el motor)", "ncu": 6, "gw": 1, "axis_tilt": 0, "max_angle": 55, "backtrack": true, "gcr": 0.3973, "cross_axis_tilt": 0}}, {"type": "Feature", "geometry": {"type": "Point", "coordinates": [-1.1568783, 39.1201618]}, "properties": {"rol": "seguidor", "id": "TK 019-05", "tipo": "medio", "axis_azimuth": 0, "punto": "eje de unidad (no el motor)", "ncu": 6, "gw": 1, "axis_tilt": 0, "max_angle": 55, "backtrack": true, "gcr": 0.3973, "cross_axis_tilt": 0}}, {"type": "Feature", "geometry": {"type": "Point", "coordinates": [-1.1568916, 39.119653]}, "properties": {"rol": "seguidor", "id": "TK 020-05", "tipo": "completo", "axis_azimuth": 0, "punto": "eje de unidad (no el motor)", "ncu": 6, "gw": 1, "axis_tilt": 0, "max_angle": 55, "backtrack": true, "gcr": 0.3973, "cross_axis_tilt": 0}}, {"type": "Feature", "geometry": {"type": "Point", "coordinates": [-1.1567396, 39.1201596]}, "properties": {"rol": "seguidor", "id": "TK 021-05", "tipo": "completo", "axis_azimuth": 0, "punto": "eje de unidad (no el motor)", "ncu": 6, "gw": 1, "axis_tilt": 0, "max_angle": 55, "backtrack": true, "gcr": 0.3973, "cross_axis_tilt": 0}}, {"type": "Feature", "geometry": {"type": "Point", "coordinates": [-1.1567529, 39.1196508]}, "properties": {"rol": "seguidor", "id": "TK 022-05", "tipo": "completo", "axis_azimuth": 0, "punto": "eje de unidad (no el motor)", "ncu": 6, "gw": 1, "axis_tilt": 0, "max_angle": 55, "backtrack": true, "gcr": 0.3973, "cross_axis_tilt": 0}}, {"type": "Feature", "geometry": {"type": "Point", "coordinates": [-1.1566141, 39.1196486]}, "properties": {"rol": "seguidor", "id": "TK 023-05", "tipo": "completo", "axis_azimuth": 0, "punto": "eje de unidad (no el motor)", "ncu": 6, "gw": 1, "axis_tilt": 0, "max_angle": 55, "backtrack": true, "gcr": 0.3973, "cross_axis_tilt": 0}}, {"type": "Feature", "geometry": {"type": "Point", "coordinates": [-1.1564754, 39.1196464]}, "properties": {"rol": "seguidor", "id": "TK 024-05", "tipo": "completo", "axis_azimuth": 0, "punto": "eje de unidad (no el motor)", "ncu": 6, "gw": 1, "axis_tilt": 0, "max_angle": 55, "backtrack": true, "gcr": 0.3973, "cross_axis_tilt": 0}}, {"type": "Feature", "geometry": {"type": "Point", "coordinates": [-1.1563345, 39.119727]}, "properties": {"rol": "seguidor", "id": "TK 025-05", "tipo": "medio", "axis_azimuth": 0, "punto": "eje de unidad (no el motor)", "ncu": 6, "gw": 1, "axis_tilt": 0, "max_angle": 55, "backtrack": true, "gcr": 0.3973, "cross_axis_tilt": 0}}, {"type": "Feature", "geometry": {"type": "Point", "coordinates": [-1.1561957, 39.1197248]}, "properties": {"rol": "seguidor", "id": "TK 026-05", "tipo": "completo", "axis_azimuth": 0, "punto": "eje de unidad (no el motor)", "ncu": 6, "gw": 1, "axis_tilt": 0, "max_angle": 55, "backtrack": true, "gcr": 0.3973, "cross_axis_tilt": 0}}, {"type": "Feature", "geometry": {"type": "Point", "coordinates": [-1.1559507, 39.1188758]}, "properties": {"rol": "seguidor", "id": "TK 027-05", "tipo": "completo", "axis_azimuth": 0, "punto": "eje de unidad (no el motor)", "ncu": 7, "gw": 1, "axis_tilt": 0, "max_angle": 55, "backtrack": true, "gcr": 0.3973, "cross_axis_tilt": 0}}, {"type": "Feature", "geometry": {"type": "Point", "coordinates": [-1.1558098, 39.1189556]}, "properties": {"rol": "seguidor", "id": "TK 028-05", "tipo": "completo", "axis_azimuth": 0, "punto": "eje de unidad (no el motor)", "ncu": 7, "gw": 1, "axis_tilt": 0, "max_angle": 55, "backtrack": true, "gcr": 0.3973, "cross_axis_tilt": 0}}, {"type": "Feature", "geometry": {"type": "Point", "coordinates": [-1.1556689, 39.1190362]}, "properties": {"rol": "seguidor", "id": "TK 029-05", "tipo": "completo", "axis_azimuth": 0, "punto": "eje de unidad (no el motor)", "ncu": 7, "gw": 1, "axis_tilt": 0, "max_angle": 55, "backtrack": true, "gcr": 0.3973, "cross_axis_tilt": 0}}, {"type": "Feature", "geometry": {"type": "Point", "coordinates": [-1.1555302, 39.119034]}, "properties": {"rol": "seguidor", "id": "TK 030-05", "tipo": "completo", "axis_azimuth": 0, "punto": "eje de unidad (no el motor)", "ncu": 7, "gw": 1, "axis_tilt": 0, "max_angle": 55, "backtrack": true, "gcr": 0.3973, "cross_axis_tilt": 0}}, {"type": "Feature", "geometry": {"type": "Point", "coordinates": [-1.1553914, 39.1190318]}, "properties": {"rol": "seguidor", "id": "TK 031-05", "tipo": "completo", "axis_azimuth": 0, "punto": "eje de unidad (no el motor)", "ncu": 7, "gw": 1, "axis_tilt": 0, "max_angle": 55, "backtrack": true, "gcr": 0.3973, "cross_axis_tilt": 0}}, {"type": "Feature", "geometry": {"type": "Point", "coordinates": [-1.1552391, 39.1195502]}, "properties": {"rol": "seguidor", "id": "TK 032-05", "tipo": "completo", "axis_azimuth": 0, "punto": "eje de unidad (no el motor)", "ncu": 7, "gw": 1, "axis_tilt": 0, "max_angle": 55, "backtrack": true, "gcr": 0.3973, "cross_axis_tilt": 0}}, {"type": "Feature", "geometry": {"type": "Point", "coordinates": [-1.1552545, 39.1189585]}, "properties": {"rol": "seguidor", "id": "TK 033-05", "tipo": "completo", "axis_azimuth": 0, "punto": "eje de unidad (no el motor)", "ncu": 7, "gw": 1, "axis_tilt": 0, "max_angle": 55, "backtrack": true, "gcr": 0.3973, "cross_axis_tilt": 0}}, {"type": "Feature", "geometry": {"type": "Point", "coordinates": [-1.1551004, 39.119548]}, "properties": {"rol": "seguidor", "id": "TK 034-05", "tipo": "medio", "axis_azimuth": 0, "punto": "eje de unidad (no el motor)", "ncu": 7, "gw": 1, "axis_tilt": 0, "max_angle": 55, "backtrack": true, "gcr": 0.3973, "cross_axis_tilt": 0}}, {"type": "Feature", "geometry": {"type": "Point", "coordinates": [-1.1551158, 39.1189563]}, "properties": {"rol": "seguidor", "id": "TK 035-05", "tipo": "completo", "axis_azimuth": 0, "punto": "eje de unidad (no el motor)", "ncu": 7, "gw": 1, "axis_tilt": 0, "max_angle": 55, "backtrack": true, "gcr": 0.3973, "cross_axis_tilt": 0}}, {"type": "Feature", "geometry": {"type": "Point", "coordinates": [-1.1549594, 39.1196287]}, "properties": {"rol": "seguidor", "id": "TK 036-05", "tipo": "completo", "axis_azimuth": 0, "punto": "eje de unidad (no el motor)", "ncu": 7, "gw": 1, "axis_tilt": 0, "max_angle": 55, "backtrack": true, "gcr": 0.3973, "cross_axis_tilt": 0}}, {"type": "Feature", "geometry": {"type": "Point", "coordinates": [-1.154977, 39.1189541]}, "properties": {"rol": "seguidor", "id": "TK 037-05", "tipo": "completo", "axis_azimuth": 0, "punto": "eje de unidad (no el motor)", "ncu": 7, "gw": 1, "axis_tilt": 0, "max_angle": 55, "backtrack": true, "gcr": 0.3973, "cross_axis_tilt": 0}}, {"type": "Feature", "geometry": {"type": "Point", "coordinates": [-1.1548158, 39.1198156]}, "properties": {"rol": "seguidor", "id": "TK 038-05", "tipo": "completo", "axis_azimuth": 0, "punto": "eje de unidad (no el motor)", "ncu": 7, "gw": 1, "axis_tilt": 0, "max_angle": 55, "backtrack": true, "gcr": 0.3973, "cross_axis_tilt": 0}}, {"type": "Feature", "geometry": {"type": "Point", "coordinates": [-1.1548269, 39.1193905]}, "properties": {"rol": "seguidor", "id": "TK 039-05", "tipo": "medio", "axis_azimuth": 0, "punto": "eje de unidad (no el motor)", "ncu": 7, "gw": 1, "axis_tilt": 0, "max_angle": 55, "backtrack": true, "gcr": 0.3973, "cross_axis_tilt": 0}}, {"type": "Feature", "geometry": {"type": "Point", "coordinates": [-1.1548412, 39.1188411]}, "properties": {"rol": "seguidor", "id": "TK 040-05", "tipo": "completo", "axis_azimuth": 0, "punto": "eje de unidad (no el motor)", "ncu": 7, "gw": 1, "axis_tilt": 0, "max_angle": 55, "backtrack": true, "gcr": 0.3973, "cross_axis_tilt": 0}}, {"type": "Feature", "geometry": {"type": "Point", "coordinates": [-1.154677, 39.1198134]}, "properties": {"rol": "seguidor", "id": "TK 041-05", "tipo": "medio", "axis_azimuth": 0, "punto": "eje de unidad (no el motor)", "ncu": 7, "gw": 1, "axis_tilt": 0, "max_angle": 55, "backtrack": true, "gcr": 0.3973, "cross_axis_tilt": 0}}, {"type": "Feature", "geometry": {"type": "Point", "coordinates": [-1.1546881, 39.1193883]}, "properties": {"rol": "seguidor", "id": "TK 042-05", "tipo": "medio", "axis_azimuth": 0, "punto": "eje de unidad (no el motor)", "ncu": 7, "gw": 1, "axis_tilt": 0, "max_angle": 55, "backtrack": true, "gcr": 0.3973, "cross_axis_tilt": 0}}, {"type": "Feature", "geometry": {"type": "Point", "coordinates": [-1.1545383, 39.1198112]}, "properties": {"rol": "seguidor", "id": "TK 043-05", "tipo": "medio", "axis_azimuth": 0, "punto": "eje de unidad (no el motor)", "ncu": 7, "gw": 1, "axis_tilt": 0, "max_angle": 55, "backtrack": true, "gcr": 0.3973, "cross_axis_tilt": 0}}, {"type": "Feature", "geometry": {"type": "Point", "coordinates": [-1.1545494, 39.1193861]}, "properties": {"rol": "seguidor", "id": "TK 044-05", "tipo": "medio", "axis_azimuth": 0, "punto": "eje de unidad (no el motor)", "ncu": 7, "gw": 1, "axis_tilt": 0, "max_angle": 55, "backtrack": true, "gcr": 0.3973, "cross_axis_tilt": 0}}, {"type": "Feature", "geometry": {"type": "Point", "coordinates": [-1.1543995, 39.119809]}, "properties": {"rol": "seguidor", "id": "TK 045-05", "tipo": "medio", "axis_azimuth": 0, "punto": "eje de unidad (no el motor)", "ncu": 7, "gw": 1, "axis_tilt": 0, "max_angle": 55, "backtrack": true, "gcr": 0.3973, "cross_axis_tilt": 0}}, {"type": "Feature", "geometry": {"type": "Point", "coordinates": [-1.154415, 39.1192173]}, "properties": {"rol": "seguidor", "id": "TK 046-05", "tipo": "completo", "axis_azimuth": 0, "punto": "eje de unidad (no el motor)", "ncu": 7, "gw": 1, "axis_tilt": 0, "max_angle": 55, "backtrack": true, "gcr": 0.3973, "cross_axis_tilt": 0}}, {"type": "Feature", "geometry": {"type": "Point", "coordinates": [-1.1542608, 39.1198068]}, "properties": {"rol": "seguidor", "id": "TK 047-05", "tipo": "medio", "axis_azimuth": 0, "punto": "eje de unidad (no el motor)", "ncu": 7, "gw": 1, "axis_tilt": 0, "max_angle": 55, "backtrack": true, "gcr": 0.3973, "cross_axis_tilt": 0}}, {"type": "Feature", "geometry": {"type": "Point", "coordinates": [-1.1542762, 39.1192151]}, "properties": {"rol": "seguidor", "id": "TK 048-05", "tipo": "completo", "axis_azimuth": 0, "punto": "eje de unidad (no el motor)", "ncu": 7, "gw": 1, "axis_tilt": 0, "max_angle": 55, "backtrack": true, "gcr": 0.3973, "cross_axis_tilt": 0}}, {"type": "Feature", "geometry": {"type": "Point", "coordinates": [-1.154122, 39.1198046]}, "properties": {"rol": "seguidor", "id": "TK 049-05", "tipo": "completo", "axis_azimuth": 0, "punto": "eje de unidad (no el motor)", "ncu": 7, "gw": 1, "axis_tilt": 0, "max_angle": 55, "backtrack": true, "gcr": 0.3973, "cross_axis_tilt": 0}}, {"type": "Feature", "geometry": {"type": "Point", "coordinates": [-1.1541375, 39.1192129]}, "properties": {"rol": "seguidor", "id": "TK 050-05", "tipo": "completo", "axis_azimuth": 0, "punto": "eje de unidad (no el motor)", "ncu": 7, "gw": 1, "axis_tilt": 0, "max_angle": 55, "backtrack": true, "gcr": 0.3973, "cross_axis_tilt": 0}}, {"type": "Feature", "geometry": {"type": "Point", "coordinates": [-1.1539987, 39.1192125]}, "properties": {"rol": "seguidor", "id": "TK 051-05", "tipo": "completo", "axis_azimuth": 0, "punto": "eje de unidad (no el motor)", "ncu": 7, "gw": 1, "axis_tilt": 0, "max_angle": 55, "backtrack": true, "gcr": 0.3973, "cross_axis_tilt": 0}}, {"type": "Feature", "geometry": {"type": "Point", "coordinates": [-1.1685966, 39.1183769]}, "properties": {"rol": "seguidor", "id": "TK 023-06", "tipo": "completo", "axis_azimuth": 0, "punto": "eje de unidad (no el motor)", "ncu": 8, "gw": 1, "axis_tilt": 0, "max_angle": 55, "backtrack": true, "gcr": 0.3973, "cross_axis_tilt": 0}}, {"type": "Feature", "geometry": {"type": "Point", "coordinates": [-1.1684446, 39.1188863]}, "properties": {"rol": "seguidor", "id": "TK 024-06", "tipo": "completo", "axis_azimuth": 0, "punto": "eje de unidad (no el motor)", "ncu": 8, "gw": 1, "axis_tilt": 0, "max_angle": 55, "backtrack": true, "gcr": 0.3973, "cross_axis_tilt": 0}}, {"type": "Feature", "geometry": {"type": "Point", "coordinates": [-1.1684621, 39.1182117]}, "properties": {"rol": "seguidor", "id": "TK 025-06", "tipo": "completo", "axis_azimuth": 0, "punto": "eje de unidad (no el motor)", "ncu": 8, "gw": 1, "axis_tilt": 0, "max_angle": 55, "backtrack": true, "gcr": 0.3973, "cross_axis_tilt": 0}}, {"type": "Feature", "geometry": {"type": "Point", "coordinates": [-1.1683464, 39.1200003]}, "properties": {"rol": "seguidor", "id": "TK 001-06", "tipo": "completo", "axis_azimuth": 0, "punto": "eje de unidad (no el motor)", "ncu": 8, "gw": 1, "axis_tilt": 0, "max_angle": 55, "backtrack": true, "gcr": 0.3973, "cross_axis_tilt": 0}}, {"type": "Feature", "geometry": {"type": "Point", "coordinates": [-1.1683059, 39.1188841]}, "properties": {"rol": "seguidor", "id": "TK 026-06", "tipo": "completo", "axis_azimuth": 0, "punto": "eje de unidad (no el motor)", "ncu": 8, "gw": 1, "axis_tilt": 0, "max_angle": 55, "backtrack": true, "gcr": 0.3973, "cross_axis_tilt": 0}}, {"type": "Feature", "geometry": {"type": "Point", "coordinates": [-1.1683234, 39.1182096]}, "properties": {"rol": "seguidor", "id": "TK 027-06", "tipo": "completo", "axis_azimuth": 0, "punto": "eje de unidad (no el motor)", "ncu": 8, "gw": 1, "axis_tilt": 0, "max_angle": 55, "backtrack": true, "gcr": 0.3973, "cross_axis_tilt": 0}}, {"type": "Feature", "geometry": {"type": "Point", "coordinates": [-1.1682077, 39.1199981]}, "properties": {"rol": "seguidor", "id": "TK 002-06", "tipo": "completo", "axis_azimuth": 0, "punto": "eje de unidad (no el motor)", "ncu": 8, "gw": 1, "axis_tilt": 0, "max_angle": 55, "backtrack": true, "gcr": 0.3973, "cross_axis_tilt": 0}}, {"type": "Feature", "geometry": {"type": "Point", "coordinates": [-1.1681672, 39.118882]}, "properties": {"rol": "seguidor", "id": "TK 028-06", "tipo": "completo", "axis_azimuth": 0, "punto": "eje de unidad (no el motor)", "ncu": 8, "gw": 1, "axis_tilt": 0, "max_angle": 55, "backtrack": true, "gcr": 0.3973, "cross_axis_tilt": 0}}, {"type": "Feature", "geometry": {"type": "Point", "coordinates": [-1.1681846, 39.1182074]}, "properties": {"rol": "seguidor", "id": "TK 029-06", "tipo": "completo", "axis_azimuth": 0, "punto": "eje de unidad (no el motor)", "ncu": 8, "gw": 1, "axis_tilt": 0, "max_angle": 55, "backtrack": true, "gcr": 0.3973, "cross_axis_tilt": 0}}, {"type": "Feature", "geometry": {"type": "Point", "coordinates": [-1.1680586, 39.1203922]}, "properties": {"rol": "seguidor", "id": "TK 003-06", "tipo": "completo", "axis_azimuth": 0, "punto": "eje de unidad (no el motor)", "ncu": 8, "gw": 1, "axis_tilt": 0, "max_angle": 55, "backtrack": true, "gcr": 0.3973, "cross_axis_tilt": 0}}, {"type": "Feature", "geometry": {"type": "Point", "coordinates": [-1.1680761, 39.1197167]}, "properties": {"rol": "seguidor", "id": "TK 004-06", "tipo": "completo", "axis_azimuth": 0, "punto": "eje de unidad (no el motor)", "ncu": 8, "gw": 1, "axis_tilt": 0, "max_angle": 55, "backtrack": true, "gcr": 0.3973, "cross_axis_tilt": 0}}, {"type": "Feature", "geometry": {"type": "Point", "coordinates": [-1.1680284, 39.1188798]}, "properties": {"rol": "seguidor", "id": "TK 030-06", "tipo": "completo", "axis_azimuth": 0, "punto": "eje de unidad (no el motor)", "ncu": 8, "gw": 1, "axis_tilt": 0, "max_angle": 55, "backtrack": true, "gcr": 0.3973, "cross_axis_tilt": 0}}, {"type": "Feature", "geometry": {"type": "Point", "coordinates": [-1.1680459, 39.1182052]}, "properties": {"rol": "seguidor", "id": "TK 031-06", "tipo": "completo", "axis_azimuth": 0, "punto": "eje de unidad (no el motor)", "ncu": 8, "gw": 1, "axis_tilt": 0, "max_angle": 55, "backtrack": true, "gcr": 0.3973, "cross_axis_tilt": 0}}, {"type": "Feature", "geometry": {"type": "Point", "coordinates": [-1.1679024, 39.1210646]}, "properties": {"rol": "seguidor", "id": "TK 005-06", "tipo": "completo", "axis_azimuth": 0, "punto": "eje de unidad (no el motor)", "ncu": 8, "gw": 1, "axis_tilt": 0, "max_angle": 55, "backtrack": true, "gcr": 0.3973, "cross_axis_tilt": 0}}, {"type": "Feature", "geometry": {"type": "Point", "coordinates": [-1.1679199, 39.12039]}, "properties": {"rol": "seguidor", "id": "TK 006-06", "tipo": "completo", "axis_azimuth": 0, "punto": "eje de unidad (no el motor)", "ncu": 8, "gw": 1, "axis_tilt": 0, "max_angle": 55, "backtrack": true, "gcr": 0.3973, "cross_axis_tilt": 0}}, {"type": "Feature", "geometry": {"type": "Point", "coordinates": [-1.1679374, 39.1197145]}, "properties": {"rol": "seguidor", "id": "TK 007-06", "tipo": "completo", "axis_azimuth": 0, "punto": "eje de unidad (no el motor)", "ncu": 8, "gw": 1, "axis_tilt": 0, "max_angle": 55, "backtrack": true, "gcr": 0.3973, "cross_axis_tilt": 0}}, {"type": "Feature", "geometry": {"type": "Point", "coordinates": [-1.1677637, 39.1210624]}, "properties": {"rol": "seguidor", "id": "TK 008-06", "tipo": "completo", "axis_azimuth": 0, "punto": "eje de unidad (no el motor)", "ncu": 8, "gw": 1, "axis_tilt": 0, "max_angle": 55, "backtrack": true, "gcr": 0.3973, "cross_axis_tilt": 0}}, {"type": "Feature", "geometry": {"type": "Point", "coordinates": [-1.1677811, 39.1203878]}, "properties": {"rol": "seguidor", "id": "TK 009-06", "tipo": "completo", "axis_azimuth": 0, "punto": "eje de unidad (no el motor)", "ncu": 8, "gw": 1, "axis_tilt": 0, "max_angle": 55, "backtrack": true, "gcr": 0.3973, "cross_axis_tilt": 0}}, {"type": "Feature", "geometry": {"type": "Point", "coordinates": [-1.1677987, 39.1197123]}, "properties": {"rol": "seguidor", "id": "TK 010-06", "tipo": "completo", "axis_azimuth": 0, "punto": "eje de unidad (no el motor)", "ncu": 8, "gw": 1, "axis_tilt": 0, "max_angle": 55, "backtrack": true, "gcr": 0.3973, "cross_axis_tilt": 0}}, {"type": "Feature", "geometry": {"type": "Point", "coordinates": [-1.1678203, 39.1188765]}, "properties": {"rol": "seguidor", "id": "TK 032-06", "tipo": "completo", "axis_azimuth": 0, "punto": "eje de unidad (no el motor)", "ncu": 8, "gw": 1, "axis_tilt": 0, "max_angle": 55, "backtrack": true, "gcr": 0.3973, "cross_axis_tilt": 0}}, {"type": "Feature", "geometry": {"type": "Point", "coordinates": [-1.1678378, 39.1182019]}, "properties": {"rol": "seguidor", "id": "TK 033-06", "tipo": "completo", "axis_azimuth": 0, "punto": "eje de unidad (no el motor)", "ncu": 8, "gw": 1, "axis_tilt": 0, "max_angle": 55, "backtrack": true, "gcr": 0.3973, "cross_axis_tilt": 0}}, {"type": "Feature", "geometry": {"type": "Point", "coordinates": [-1.1676249, 39.1210611]}, "properties": {"rol": "seguidor", "id": "TK 011-06", "tipo": "completo", "axis_azimuth": 0, "punto": "eje de unidad (no el motor)", "ncu": 8, "gw": 1, "axis_tilt": 0, "max_angle": 55, "backtrack": true, "gcr": 0.3973, "cross_axis_tilt": 0}}, {"type": "Feature", "geometry": {"type": "Point", "coordinates": [-1.1676599, 39.1197101]}, "properties": {"rol": "seguidor", "id": "TK 012-06", "tipo": "completo", "axis_azimuth": 0, "punto": "eje de unidad (no el motor)", "ncu": 8, "gw": 1, "axis_tilt": 0, "max_angle": 55, "backtrack": true, "gcr": 0.3973, "cross_axis_tilt": 0}}, {"type": "Feature", "geometry": {"type": "Point", "coordinates": [-1.1676816, 39.1188743]}, "properties": {"rol": "seguidor", "id": "TK 034-06", "tipo": "completo", "axis_azimuth": 0, "punto": "eje de unidad (no el motor)", "ncu": 8, "gw": 1, "axis_tilt": 0, "max_angle": 55, "backtrack": true, "gcr": 0.3973, "cross_axis_tilt": 0}}, {"type": "Feature", "geometry": {"type": "Point", "coordinates": [-1.167699, 39.1181997]}, "properties": {"rol": "seguidor", "id": "TK 035-06", "tipo": "completo", "axis_azimuth": 0, "punto": "eje de unidad (no el motor)", "ncu": 8, "gw": 1, "axis_tilt": 0, "max_angle": 55, "backtrack": true, "gcr": 0.3973, "cross_axis_tilt": 0}}, {"type": "Feature", "geometry": {"type": "Point", "coordinates": [-1.1674862, 39.1210589]}, "properties": {"rol": "seguidor", "id": "TK 013-06", "tipo": "completo", "axis_azimuth": 0, "punto": "eje de unidad (no el motor)", "ncu": 8, "gw": 1, "axis_tilt": 0, "max_angle": 55, "backtrack": true, "gcr": 0.3973, "cross_axis_tilt": 0}}, {"type": "Feature", "geometry": {"type": "Point", "coordinates": [-1.1675212, 39.119708]}, "properties": {"rol": "seguidor", "id": "TK 014-06", "tipo": "completo", "axis_azimuth": 0, "punto": "eje de unidad (no el motor)", "ncu": 8, "gw": 1, "axis_tilt": 0, "max_angle": 55, "backtrack": true, "gcr": 0.3973, "cross_axis_tilt": 0}}, {"type": "Feature", "geometry": {"type": "Point", "coordinates": [-1.1675428, 39.1188722]}, "properties": {"rol": "seguidor", "id": "TK 036-06", "tipo": "completo", "axis_azimuth": 0, "punto": "eje de unidad (no el motor)", "ncu": 8, "gw": 1, "axis_tilt": 0, "max_angle": 55, "backtrack": true, "gcr": 0.3973, "cross_axis_tilt": 0}}, {"type": "Feature", "geometry": {"type": "Point", "coordinates": [-1.1675603, 39.1181976]}, "properties": {"rol": "seguidor", "id": "TK 037-06", "tipo": "completo", "axis_azimuth": 0, "punto": "eje de unidad (no el motor)", "ncu": 8, "gw": 1, "axis_tilt": 0, "max_angle": 55, "backtrack": true, "gcr": 0.3973, "cross_axis_tilt": 0}}, {"type": "Feature", "geometry": {"type": "Point", "coordinates": [-1.1673474, 39.1210568]}, "properties": {"rol": "seguidor", "id": "TK 015-06", "tipo": "completo", "axis_azimuth": 0, "punto": "eje de unidad (no el motor)", "ncu": 8, "gw": 1, "axis_tilt": 0, "max_angle": 55, "backtrack": true, "gcr": 0.3973, "cross_axis_tilt": 0}}, {"type": "Feature", "geometry": {"type": "Point", "coordinates": [-1.1674041, 39.11887]}, "properties": {"rol": "seguidor", "id": "TK 038-06", "tipo": "completo", "axis_azimuth": 0, "punto": "eje de unidad (no el motor)", "ncu": 8, "gw": 1, "axis_tilt": 0, "max_angle": 55, "backtrack": true, "gcr": 0.3973, "cross_axis_tilt": 0}}, {"type": "Feature", "geometry": {"type": "Point", "coordinates": [-1.1674216, 39.1181954]}, "properties": {"rol": "seguidor", "id": "TK 039-06", "tipo": "completo", "axis_azimuth": 0, "punto": "eje de unidad (no el motor)", "ncu": 8, "gw": 1, "axis_tilt": 0, "max_angle": 55, "backtrack": true, "gcr": 0.3973, "cross_axis_tilt": 0}}, {"type": "Feature", "geometry": {"type": "Point", "coordinates": [-1.1672066, 39.1211329]}, "properties": {"rol": "seguidor", "id": "TK 016-06", "tipo": "completo", "axis_azimuth": 0, "punto": "eje de unidad (no el motor)", "ncu": 8, "gw": 1, "axis_tilt": 0, "max_angle": 55, "backtrack": true, "gcr": 0.3973, "cross_axis_tilt": 0}}, {"type": "Feature", "geometry": {"type": "Point", "coordinates": [-1.1672241, 39.1204583]}, "properties": {"rol": "seguidor", "id": "TK 017-06", "tipo": "completo", "axis_azimuth": 0, "punto": "eje de unidad (no el motor)", "ncu": 8, "gw": 1, "axis_tilt": 0, "max_angle": 55, "backtrack": true, "gcr": 0.3973, "cross_axis_tilt": 0}}, {"type": "Feature", "geometry": {"type": "Point", "coordinates": [-1.1672653, 39.1188678]}, "properties": {"rol": "seguidor", "id": "TK 040-06", "tipo": "completo", "axis_azimuth": 0, "punto": "eje de unidad (no el motor)", "ncu": 8, "gw": 1, "axis_tilt": 0, "max_angle": 55, "backtrack": true, "gcr": 0.3973, "cross_axis_tilt": 0}}, {"type": "Feature", "geometry": {"type": "Point", "coordinates": [-1.1672828, 39.1181932]}, "properties": {"rol": "seguidor", "id": "TK 041-06", "tipo": "completo", "axis_azimuth": 0, "punto": "eje de unidad (no el motor)", "ncu": 8, "gw": 1, "axis_tilt": 0, "max_angle": 55, "backtrack": true, "gcr": 0.3973, "cross_axis_tilt": 0}}, {"type": "Feature", "geometry": {"type": "Point", "coordinates": [-1.1670679, 39.1211308]}, "properties": {"rol": "seguidor", "id": "TK 018-06", "tipo": "completo", "axis_azimuth": 0, "punto": "eje de unidad (no el motor)", "ncu": 8, "gw": 1, "axis_tilt": 0, "max_angle": 55, "backtrack": true, "gcr": 0.3973, "cross_axis_tilt": 0}}, {"type": "Feature", "geometry": {"type": "Point", "coordinates": [-1.1670854, 39.1204562]}, "properties": {"rol": "seguidor", "id": "TK 019-06", "tipo": "completo", "axis_azimuth": 0, "punto": "eje de unidad (no el motor)", "ncu": 8, "gw": 1, "axis_tilt": 0, "max_angle": 55, "backtrack": true, "gcr": 0.3973, "cross_axis_tilt": 0}}, {"type": "Feature", "geometry": {"type": "Point", "coordinates": [-1.1671266, 39.1188656]}, "properties": {"rol": "seguidor", "id": "TK 042-06", "tipo": "completo", "axis_azimuth": 0, "punto": "eje de unidad (no el motor)", "ncu": 8, "gw": 1, "axis_tilt": 0, "max_angle": 55, "backtrack": true, "gcr": 0.3973, "cross_axis_tilt": 0}}, {"type": "Feature", "geometry": {"type": "Point", "coordinates": [-1.1671441, 39.118191]}, "properties": {"rol": "seguidor", "id": "TK 043-06", "tipo": "completo", "axis_azimuth": 0, "punto": "eje de unidad (no el motor)", "ncu": 8, "gw": 1, "axis_tilt": 0, "max_angle": 55, "backtrack": true, "gcr": 0.3973, "cross_axis_tilt": 0}}, {"type": "Feature", "geometry": {"type": "Point", "coordinates": [-1.1669291, 39.1211286]}, "properties": {"rol": "seguidor", "id": "TK 020-06", "tipo": "completo", "axis_azimuth": 0, "punto": "eje de unidad (no el motor)", "ncu": 8, "gw": 1, "axis_tilt": 0, "max_angle": 55, "backtrack": true, "gcr": 0.3973, "cross_axis_tilt": 0}}, {"type": "Feature", "geometry": {"type": "Point", "coordinates": [-1.1669466, 39.120454]}, "properties": {"rol": "seguidor", "id": "TK 021-06", "tipo": "completo", "axis_azimuth": 0, "punto": "eje de unidad (no el motor)", "ncu": 8, "gw": 1, "axis_tilt": 0, "max_angle": 55, "backtrack": true, "gcr": 0.3973, "cross_axis_tilt": 0}}, {"type": "Feature", "geometry": {"type": "Point", "coordinates": [-1.1670053, 39.1181888]}, "properties": {"rol": "seguidor", "id": "TK 044-06", "tipo": "completo", "axis_azimuth": 0, "punto": "eje de unidad (no el motor)", "ncu": 8, "gw": 1, "axis_tilt": 0, "max_angle": 55, "backtrack": true, "gcr": 0.3973, "cross_axis_tilt": 0}}, {"type": "Feature", "geometry": {"type": "Point", "coordinates": [-1.1668079, 39.1204518]}, "properties": {"rol": "seguidor", "id": "TK 022-06", "tipo": "completo", "axis_azimuth": 0, "punto": "eje de unidad (no el motor)", "ncu": 8, "gw": 1, "axis_tilt": 0, "max_angle": 55, "backtrack": true, "gcr": 0.3973, "cross_axis_tilt": 0}}, {"type": "Feature", "geometry": {"type": "Point", "coordinates": [-1.1691062, 39.1174587]}, "properties": {"rol": "seguidor", "id": "TK 045-06", "tipo": "completo", "axis_azimuth": 0, "punto": "eje de unidad (no el motor)", "ncu": 9, "gw": 1, "axis_tilt": 0, "max_angle": 55, "backtrack": true, "gcr": 0.3973, "cross_axis_tilt": 0}}, {"type": "Feature", "geometry": {"type": "Point", "coordinates": [-1.1689653, 39.1175394]}, "properties": {"rol": "seguidor", "id": "TK 046-06", "tipo": "medio", "axis_azimuth": 0, "punto": "eje de unidad (no el motor)", "ncu": 9, "gw": 1, "axis_tilt": 0, "max_angle": 55, "backtrack": true, "gcr": 0.3973, "cross_axis_tilt": 0}}, {"type": "Feature", "geometry": {"type": "Point", "coordinates": [-1.1689806, 39.1169476]}, "properties": {"rol": "seguidor", "id": "TK 047-06", "tipo": "completo", "axis_azimuth": 0, "punto": "eje de unidad (no el motor)", "ncu": 9, "gw": 1, "axis_tilt": 0, "max_angle": 55, "backtrack": true, "gcr": 0.3973, "cross_axis_tilt": 0}}, {"type": "Feature", "geometry": {"type": "Point", "coordinates": [-1.1688287, 39.1174543]}, "properties": {"rol": "seguidor", "id": "TK 048-06", "tipo": "completo", "axis_azimuth": 0, "punto": "eje de unidad (no el motor)", "ncu": 9, "gw": 1, "axis_tilt": 0, "max_angle": 55, "backtrack": true, "gcr": 0.3973, "cross_axis_tilt": 0}}, {"type": "Feature", "geometry": {"type": "Point", "coordinates": [-1.1688462, 39.1167797]}, "properties": {"rol": "seguidor", "id": "TK 049-06", "tipo": "completo", "axis_azimuth": 0, "punto": "eje de unidad (no el motor)", "ncu": 9, "gw": 1, "axis_tilt": 0, "max_angle": 55, "backtrack": true, "gcr": 0.3973, "cross_axis_tilt": 0}}, {"type": "Feature", "geometry": {"type": "Point", "coordinates": [-1.1686878, 39.117535]}, "properties": {"rol": "seguidor", "id": "TK 050-06", "tipo": "medio", "axis_azimuth": 0, "punto": "eje de unidad (no el motor)", "ncu": 9, "gw": 1, "axis_tilt": 0, "max_angle": 55, "backtrack": true, "gcr": 0.3973, "cross_axis_tilt": 0}}, {"type": "Feature", "geometry": {"type": "Point", "coordinates": [-1.1687032, 39.1169433]}, "properties": {"rol": "seguidor", "id": "TK 051-06", "tipo": "completo", "axis_azimuth": 0, "punto": "eje de unidad (no el motor)", "ncu": 9, "gw": 1, "axis_tilt": 0, "max_angle": 55, "backtrack": true, "gcr": 0.3973, "cross_axis_tilt": 0}}, {"type": "Feature", "geometry": {"type": "Point", "coordinates": [-1.1687206, 39.1162687]}, "properties": {"rol": "seguidor", "id": "TK 052-06", "tipo": "completo", "axis_azimuth": 0, "punto": "eje de unidad (no el motor)", "ncu": 9, "gw": 1, "axis_tilt": 0, "max_angle": 55, "backtrack": true, "gcr": 0.3973, "cross_axis_tilt": 0}}, {"type": "Feature", "geometry": {"type": "Point", "coordinates": [-1.1685512, 39.11745]}, "properties": {"rol": "seguidor", "id": "TK 053-06", "tipo": "completo", "axis_azimuth": 0, "punto": "eje de unidad (no el motor)", "ncu": 9, "gw": 1, "axis_tilt": 0, "max_angle": 55, "backtrack": true, "gcr": 0.3973, "cross_axis_tilt": 0}}, {"type": "Feature", "geometry": {"type": "Point", "coordinates": [-1.1685687, 39.1167754]}, "properties": {"rol": "seguidor", "id": "TK 054-06", "tipo": "completo", "axis_azimuth": 0, "punto": "eje de unidad (no el motor)", "ncu": 9, "gw": 1, "axis_tilt": 0, "max_angle": 55, "backtrack": true, "gcr": 0.3973, "cross_axis_tilt": 0}}, {"type": "Feature", "geometry": {"type": "Point", "coordinates": [-1.1685862, 39.1160999]}, "properties": {"rol": "seguidor", "id": "TK 055-06", "tipo": "completo", "axis_azimuth": 0, "punto": "eje de unidad (no el motor)", "ncu": 9, "gw": 1, "axis_tilt": 0, "max_angle": 55, "backtrack": true, "gcr": 0.3973, "cross_axis_tilt": 0}}, {"type": "Feature", "geometry": {"type": "Point", "coordinates": [-1.1684125, 39.1174478]}, "properties": {"rol": "seguidor", "id": "TK 056-06", "tipo": "completo", "axis_azimuth": 0, "punto": "eje de unidad (no el motor)", "ncu": 9, "gw": 1, "axis_tilt": 0, "max_angle": 55, "backtrack": true, "gcr": 0.3973, "cross_axis_tilt": 0}}, {"type": "Feature", "geometry": {"type": "Point", "coordinates": [-1.16843, 39.1167732]}, "properties": {"rol": "seguidor", "id": "TK 057-06", "tipo": "completo", "axis_azimuth": 0, "punto": "eje de unidad (no el motor)", "ncu": 9, "gw": 1, "axis_tilt": 0, "max_angle": 55, "backtrack": true, "gcr": 0.3973, "cross_axis_tilt": 0}}, {"type": "Feature", "geometry": {"type": "Point", "coordinates": [-1.1684475, 39.1160977]}, "properties": {"rol": "seguidor", "id": "TK 058-06", "tipo": "completo", "axis_azimuth": 0, "punto": "eje de unidad (no el motor)", "ncu": 9, "gw": 1, "axis_tilt": 0, "max_angle": 55, "backtrack": true, "gcr": 0.3973, "cross_axis_tilt": 0}}, {"type": "Feature", "geometry": {"type": "Point", "coordinates": [-1.1682738, 39.1174456]}, "properties": {"rol": "seguidor", "id": "TK 059-06", "tipo": "completo", "axis_azimuth": 0, "punto": "eje de unidad (no el motor)", "ncu": 9, "gw": 1, "axis_tilt": 0, "max_angle": 55, "backtrack": true, "gcr": 0.3973, "cross_axis_tilt": 0}}, {"type": "Feature", "geometry": {"type": "Point", "coordinates": [-1.1682912, 39.116771]}, "properties": {"rol": "seguidor", "id": "TK 060-06", "tipo": "completo", "axis_azimuth": 0, "punto": "eje de unidad (no el motor)", "ncu": 9, "gw": 1, "axis_tilt": 0, "max_angle": 55, "backtrack": true, "gcr": 0.3973, "cross_axis_tilt": 0}}, {"type": "Feature", "geometry": {"type": "Point", "coordinates": [-1.1683087, 39.1160955]}, "properties": {"rol": "seguidor", "id": "TK 061-06", "tipo": "completo", "axis_azimuth": 0, "punto": "eje de unidad (no el motor)", "ncu": 9, "gw": 1, "axis_tilt": 0, "max_angle": 55, "backtrack": true, "gcr": 0.3973, "cross_axis_tilt": 0}}, {"type": "Feature", "geometry": {"type": "Point", "coordinates": [-1.168135, 39.1174434]}, "properties": {"rol": "seguidor", "id": "TK 062-06", "tipo": "completo", "axis_azimuth": 0, "punto": "eje de unidad (no el motor)", "ncu": 9, "gw": 1, "axis_tilt": 0, "max_angle": 55, "backtrack": true, "gcr": 0.3973, "cross_axis_tilt": 0}}, {"type": "Feature", "geometry": {"type": "Point", "coordinates": [-1.1681525, 39.1167688]}, "properties": {"rol": "seguidor", "id": "TK 063-06", "tipo": "completo", "axis_azimuth": 0, "punto": "eje de unidad (no el motor)", "ncu": 9, "gw": 1, "axis_tilt": 0, "max_angle": 55, "backtrack": true, "gcr": 0.3973, "cross_axis_tilt": 0}}, {"type": "Feature", "geometry": {"type": "Point", "coordinates": [-1.16817, 39.1160933]}, "properties": {"rol": "seguidor", "id": "TK 064-06", "tipo": "completo", "axis_azimuth": 0, "punto": "eje de unidad (no el motor)", "ncu": 9, "gw": 1, "axis_tilt": 0, "max_angle": 55, "backtrack": true, "gcr": 0.3973, "cross_axis_tilt": 0}}, {"type": "Feature", "geometry": {"type": "Point", "coordinates": [-1.1679941, 39.1175241]}, "properties": {"rol": "seguidor", "id": "TK 065-06", "tipo": "medio", "axis_azimuth": 0, "punto": "eje de unidad (no el motor)", "ncu": 9, "gw": 1, "axis_tilt": 0, "max_angle": 55, "backtrack": true, "gcr": 0.3973, "cross_axis_tilt": 0}}, {"type": "Feature", "geometry": {"type": "Point", "coordinates": [-1.1680095, 39.1169324]}, "properties": {"rol": "seguidor", "id": "TK 066-06", "tipo": "completo", "axis_azimuth": 0, "punto": "eje de unidad (no el motor)", "ncu": 9, "gw": 1, "axis_tilt": 0, "max_angle": 55, "backtrack": true, "gcr": 0.3973, "cross_axis_tilt": 0}}, {"type": "Feature", "geometry": {"type": "Point", "coordinates": [-1.1680269, 39.1162578]}, "properties": {"rol": "seguidor", "id": "TK 067-06", "tipo": "completo", "axis_azimuth": 0, "punto": "eje de unidad (no el motor)", "ncu": 9, "gw": 1, "axis_tilt": 0, "max_angle": 55, "backtrack": true, "gcr": 0.3973, "cross_axis_tilt": 0}}, {"type": "Feature", "geometry": {"type": "Point", "coordinates": [-1.1678554, 39.1175219]}, "properties": {"rol": "seguidor", "id": "TK 068-06", "tipo": "medio", "axis_azimuth": 0, "punto": "eje de unidad (no el motor)", "ncu": 9, "gw": 1, "axis_tilt": 0, "max_angle": 55, "backtrack": true, "gcr": 0.3973, "cross_axis_tilt": 0}}, {"type": "Feature", "geometry": {"type": "Point", "coordinates": [-1.1678707, 39.1169302]}, "properties": {"rol": "seguidor", "id": "TK 069-06", "tipo": "completo", "axis_azimuth": 0, "punto": "eje de unidad (no el motor)", "ncu": 9, "gw": 1, "axis_tilt": 0, "max_angle": 55, "backtrack": true, "gcr": 0.3973, "cross_axis_tilt": 0}}, {"type": "Feature", "geometry": {"type": "Point", "coordinates": [-1.1678882, 39.1162556]}, "properties": {"rol": "seguidor", "id": "TK 070-06", "tipo": "completo", "axis_azimuth": 0, "punto": "eje de unidad (no el motor)", "ncu": 9, "gw": 1, "axis_tilt": 0, "max_angle": 55, "backtrack": true, "gcr": 0.3973, "cross_axis_tilt": 0}}, {"type": "Feature", "geometry": {"type": "Point", "coordinates": [-1.1677188, 39.1174369]}, "properties": {"rol": "seguidor", "id": "TK 071-06", "tipo": "completo", "axis_azimuth": 0, "punto": "eje de unidad (no el motor)", "ncu": 9, "gw": 1, "axis_tilt": 0, "max_angle": 55, "backtrack": true, "gcr": 0.3973, "cross_axis_tilt": 0}}, {"type": "Feature", "geometry": {"type": "Point", "coordinates": [-1.1677363, 39.1167623]}, "properties": {"rol": "seguidor", "id": "TK 072-06", "tipo": "completo", "axis_azimuth": 0, "punto": "eje de unidad (no el motor)", "ncu": 9, "gw": 1, "axis_tilt": 0, "max_angle": 55, "backtrack": true, "gcr": 0.3973, "cross_axis_tilt": 0}}, {"type": "Feature", "geometry": {"type": "Point", "coordinates": [-1.1677495, 39.1162534]}, "properties": {"rol": "seguidor", "id": "TK 073-06", "tipo": "medio", "axis_azimuth": 0, "punto": "eje de unidad (no el motor)", "ncu": 9, "gw": 1, "axis_tilt": 0, "max_angle": 55, "backtrack": true, "gcr": 0.3973, "cross_axis_tilt": 0}}, {"type": "Feature", "geometry": {"type": "Point", "coordinates": [-1.1675801, 39.1174347]}, "properties": {"rol": "seguidor", "id": "TK 074-06", "tipo": "completo", "axis_azimuth": 0, "punto": "eje de unidad (no el motor)", "ncu": 9, "gw": 1, "axis_tilt": 0, "max_angle": 55, "backtrack": true, "gcr": 0.3973, "cross_axis_tilt": 0}}, {"type": "Feature", "geometry": {"type": "Point", "coordinates": [-1.1675975, 39.1167601]}, "properties": {"rol": "seguidor", "id": "TK 075-06", "tipo": "completo", "axis_azimuth": 0, "punto": "eje de unidad (no el motor)", "ncu": 9, "gw": 1, "axis_tilt": 0, "max_angle": 55, "backtrack": true, "gcr": 0.3973, "cross_axis_tilt": 0}}, {"type": "Feature", "geometry": {"type": "Point", "coordinates": [-1.1676107, 39.1162512]}, "properties": {"rol": "seguidor", "id": "TK 076-06", "tipo": "completo", "axis_azimuth": 0, "punto": "eje de unidad (no el motor)", "ncu": 9, "gw": 1, "axis_tilt": 0, "max_angle": 55, "backtrack": true, "gcr": 0.3973, "cross_axis_tilt": 0}}, {"type": "Feature", "geometry": {"type": "Point", "coordinates": [-1.1674413, 39.1174325]}, "properties": {"rol": "seguidor", "id": "TK 077-06", "tipo": "completo", "axis_azimuth": 0, "punto": "eje de unidad (no el motor)", "ncu": 9, "gw": 1, "axis_tilt": 0, "max_angle": 55, "backtrack": true, "gcr": 0.3973, "cross_axis_tilt": 0}}, {"type": "Feature", "geometry": {"type": "Point", "coordinates": [-1.1674588, 39.1167579]}, "properties": {"rol": "seguidor", "id": "TK 078-06", "tipo": "completo", "axis_azimuth": 0, "punto": "eje de unidad (no el motor)", "ncu": 9, "gw": 1, "axis_tilt": 0, "max_angle": 55, "backtrack": true, "gcr": 0.3973, "cross_axis_tilt": 0}}, {"type": "Feature", "geometry": {"type": "Point", "coordinates": [-1.1673026, 39.1174294]}, "properties": {"rol": "seguidor", "id": "TK 079-06", "tipo": "completo", "axis_azimuth": 0, "punto": "eje de unidad (no el motor)", "ncu": 9, "gw": 1, "axis_tilt": 0, "max_angle": 55, "backtrack": true, "gcr": 0.3973, "cross_axis_tilt": 0}}, {"type": "Feature", "geometry": {"type": "Point", "coordinates": [-1.1673201, 39.116753]}, "properties": {"rol": "seguidor", "id": "TK 080-06", "tipo": "completo", "axis_azimuth": 0, "punto": "eje de unidad (no el motor)", "ncu": 9, "gw": 1, "axis_tilt": 0, "max_angle": 55, "backtrack": true, "gcr": 0.3973, "cross_axis_tilt": 0}}, {"type": "Feature", "geometry": {"type": "Point", "coordinates": [-1.1671639, 39.1174273]}, "properties": {"rol": "seguidor", "id": "TK 081-06", "tipo": "completo", "axis_azimuth": 0, "punto": "eje de unidad (no el motor)", "ncu": 9, "gw": 1, "axis_tilt": 0, "max_angle": 55, "backtrack": true, "gcr": 0.3973, "cross_axis_tilt": 0}}, {"type": "Feature", "geometry": {"type": "Point", "coordinates": [-1.1671814, 39.1167509]}, "properties": {"rol": "seguidor", "id": "TK 082-06", "tipo": "completo", "axis_azimuth": 0, "punto": "eje de unidad (no el motor)", "ncu": 9, "gw": 1, "axis_tilt": 0, "max_angle": 55, "backtrack": true, "gcr": 0.3973, "cross_axis_tilt": 0}}, {"type": "Feature", "geometry": {"type": "Point", "coordinates": [-1.1670208, 39.1175917]}, "properties": {"rol": "seguidor", "id": "TK 083-06", "tipo": "completo", "axis_azimuth": 0, "punto": "eje de unidad (no el motor)", "ncu": 9, "gw": 1, "axis_tilt": 0, "max_angle": 55, "backtrack": true, "gcr": 0.3973, "cross_axis_tilt": 0}}, {"type": "Feature", "geometry": {"type": "Point", "coordinates": [-1.1670411, 39.1168108]}, "properties": {"rol": "seguidor", "id": "TK 084-06", "tipo": "completo", "axis_azimuth": 0, "punto": "eje de unidad (no el motor)", "ncu": 9, "gw": 1, "axis_tilt": 0, "max_angle": 55, "backtrack": true, "gcr": 0.3973, "cross_axis_tilt": 0}}, {"type": "Feature", "geometry": {"type": "Point", "coordinates": [-1.1669044, 39.1167276]}, "properties": {"rol": "seguidor", "id": "TK 085-06", "tipo": "completo", "axis_azimuth": 0, "punto": "eje de unidad (no el motor)", "ncu": 9, "gw": 1, "axis_tilt": 0, "max_angle": 55, "backtrack": true, "gcr": 0.3973, "cross_axis_tilt": 0}}, {"type": "Feature", "geometry": {"type": "Point", "coordinates": [-1.1709912, 39.1126867]}, "properties": {"rol": "seguidor", "id": "TK 084-07", "tipo": "completo", "axis_azimuth": 0, "punto": "eje de unidad (no el motor)", "ncu": 10, "gw": 1, "axis_tilt": 0, "max_angle": 55, "backtrack": true, "gcr": 0.3973, "cross_axis_tilt": 0}}, {"type": "Feature", "geometry": {"type": "Point", "coordinates": [-1.1708531, 39.1126575]}, "properties": {"rol": "seguidor", "id": "TK 085-07", "tipo": "medio", "axis_azimuth": 0, "punto": "eje de unidad (no el motor)", "ncu": 10, "gw": 1, "axis_tilt": 0, "max_angle": 55, "backtrack": true, "gcr": 0.3973, "cross_axis_tilt": 0}}, {"type": "Feature", "geometry": {"type": "Point", "coordinates": [-1.1707151, 39.1126283]}, "properties": {"rol": "seguidor", "id": "TK 086-07", "tipo": "medio", "axis_azimuth": 0, "punto": "eje de unidad (no el motor)", "ncu": 10, "gw": 1, "axis_tilt": 0, "max_angle": 55, "backtrack": true, "gcr": 0.3973, "cross_axis_tilt": 0}}, {"type": "Feature", "geometry": {"type": "Point", "coordinates": [-1.1705583, 39.1133242]}, "properties": {"rol": "seguidor", "id": "TK 066-07", "tipo": "completo", "axis_azimuth": 0, "punto": "eje de unidad (no el motor)", "ncu": 10, "gw": 1, "axis_tilt": 0, "max_angle": 55, "backtrack": true, "gcr": 0.3973, "cross_axis_tilt": 0}}, {"type": "Feature", "geometry": {"type": "Point", "coordinates": [-1.1705771, 39.1125991]}, "properties": {"rol": "seguidor", "id": "TK 087-07", "tipo": "medio", "axis_azimuth": 0, "punto": "eje de unidad (no el motor)", "ncu": 10, "gw": 1, "axis_tilt": 0, "max_angle": 55, "backtrack": true, "gcr": 0.3973, "cross_axis_tilt": 0}}, {"type": "Feature", "geometry": {"type": "Point", "coordinates": [-1.1704196, 39.113322]}, "properties": {"rol": "seguidor", "id": "TK 067-07", "tipo": "completo", "axis_azimuth": 0, "punto": "eje de unidad (no el motor)", "ncu": 10, "gw": 1, "axis_tilt": 0, "max_angle": 55, "backtrack": true, "gcr": 0.3973, "cross_axis_tilt": 0}}, {"type": "Feature", "geometry": {"type": "Point", "coordinates": [-1.170439, 39.1125699]}, "properties": {"rol": "seguidor", "id": "TK 088-07", "tipo": "medio", "axis_azimuth": 0, "punto": "eje de unidad (no el motor)", "ncu": 10, "gw": 1, "axis_tilt": 0, "max_angle": 55, "backtrack": true, "gcr": 0.3973, "cross_axis_tilt": 0}}, {"type": "Feature", "geometry": {"type": "Point", "coordinates": [-1.1702816, 39.1132928]}, "properties": {"rol": "seguidor", "id": "TK 068-07", "tipo": "completo", "axis_azimuth": 0, "punto": "eje de unidad (no el motor)", "ncu": 10, "gw": 1, "axis_tilt": 0, "max_angle": 55, "backtrack": true, "gcr": 0.3973, "cross_axis_tilt": 0}}, {"type": "Feature", "geometry": {"type": "Point", "coordinates": [-1.170301, 39.1125408]}, "properties": {"rol": "seguidor", "id": "TK 089-07", "tipo": "completo", "axis_azimuth": 0, "punto": "eje de unidad (no el motor)", "ncu": 10, "gw": 1, "axis_tilt": 0, "max_angle": 55, "backtrack": true, "gcr": 0.3973, "cross_axis_tilt": 0}}, {"type": "Feature", "geometry": {"type": "Point", "coordinates": [-1.1701435, 39.1132636]}, "properties": {"rol": "seguidor", "id": "TK 069-07", "tipo": "completo", "axis_azimuth": 0, "punto": "eje de unidad (no el motor)", "ncu": 10, "gw": 1, "axis_tilt": 0, "max_angle": 55, "backtrack": true, "gcr": 0.3973, "cross_axis_tilt": 0}}, {"type": "Feature", "geometry": {"type": "Point", "coordinates": [-1.1700012, 39.113401]}, "properties": {"rol": "seguidor", "id": "TK 070-07", "tipo": "completo", "axis_azimuth": 0, "punto": "eje de unidad (no el motor)", "ncu": 10, "gw": 1, "axis_tilt": 0, "max_angle": 55, "backtrack": true, "gcr": 0.3973, "cross_axis_tilt": 0}}, {"type": "Feature", "geometry": {"type": "Point", "coordinates": [-1.1697484, 39.112442]}, "properties": {"rol": "seguidor", "id": "TK 090-07", "tipo": "completo", "axis_azimuth": 0, "punto": "eje de unidad (no el motor)", "ncu": 10, "gw": 1, "axis_tilt": 0, "max_angle": 55, "backtrack": true, "gcr": 0.3973, "cross_axis_tilt": 0}}, {"type": "Feature", "geometry": {"type": "Point", "coordinates": [-1.1695897, 39.1132135]}, "properties": {"rol": "seguidor", "id": "TK 071-07", "tipo": "completo", "axis_azimuth": 0, "punto": "eje de unidad (no el motor)", "ncu": 10, "gw": 1, "axis_tilt": 0, "max_angle": 55, "backtrack": true, "gcr": 0.3973, "cross_axis_tilt": 0}}, {"type": "Feature", "geometry": {"type": "Point", "coordinates": [-1.1696104, 39.1124128]}, "properties": {"rol": "seguidor", "id": "TK 091-07", "tipo": "completo", "axis_azimuth": 0, "punto": "eje de unidad (no el motor)", "ncu": 10, "gw": 1, "axis_tilt": 0, "max_angle": 55, "backtrack": true, "gcr": 0.3973, "cross_axis_tilt": 0}}, {"type": "Feature", "geometry": {"type": "Point", "coordinates": [-1.1694516, 39.1131843]}, "properties": {"rol": "seguidor", "id": "TK 072-07", "tipo": "medio", "axis_azimuth": 0, "punto": "eje de unidad (no el motor)", "ncu": 10, "gw": 1, "axis_tilt": 0, "max_angle": 55, "backtrack": true, "gcr": 0.3973, "cross_axis_tilt": 0}}, {"type": "Feature", "geometry": {"type": "Point", "coordinates": [-1.1694702, 39.1124664]}, "properties": {"rol": "seguidor", "id": "TK 092-07", "tipo": "medio", "axis_azimuth": 0, "punto": "eje de unidad (no el motor)", "ncu": 10, "gw": 1, "axis_tilt": 0, "max_angle": 55, "backtrack": true, "gcr": 0.3973, "cross_axis_tilt": 0}}, {"type": "Feature", "geometry": {"type": "Point", "coordinates": [-1.1693136, 39.1131551]}, "properties": {"rol": "seguidor", "id": "TK 073-07", "tipo": "medio", "axis_azimuth": 0, "punto": "eje de unidad (no el motor)", "ncu": 10, "gw": 1, "axis_tilt": 0, "max_angle": 55, "backtrack": true, "gcr": 0.3973, "cross_axis_tilt": 0}}, {"type": "Feature", "geometry": {"type": "Point", "coordinates": [-1.1693322, 39.1124372]}, "properties": {"rol": "seguidor", "id": "TK 093-07", "tipo": "medio", "axis_azimuth": 0, "punto": "eje de unidad (no el motor)", "ncu": 10, "gw": 1, "axis_tilt": 0, "max_angle": 55, "backtrack": true, "gcr": 0.3973, "cross_axis_tilt": 0}}, {"type": "Feature", "geometry": {"type": "Point", "coordinates": [-1.1691756, 39.1131259]}, "properties": {"rol": "seguidor", "id": "TK 074-07", "tipo": "medio", "axis_azimuth": 0, "punto": "eje de unidad (no el motor)", "ncu": 10, "gw": 1, "axis_tilt": 0, "max_angle": 55, "backtrack": true, "gcr": 0.3973, "cross_axis_tilt": 0}}, {"type": "Feature", "geometry": {"type": "Point", "coordinates": [-1.1691942, 39.112408]}, "properties": {"rol": "seguidor", "id": "TK 094-07", "tipo": "medio", "axis_azimuth": 0, "punto": "eje de unidad (no el motor)", "ncu": 10, "gw": 1, "axis_tilt": 0, "max_angle": 55, "backtrack": true, "gcr": 0.3973, "cross_axis_tilt": 0}}, {"type": "Feature", "geometry": {"type": "Point", "coordinates": [-1.1690375, 39.1130967]}, "properties": {"rol": "seguidor", "id": "TK 075-07", "tipo": "medio", "axis_azimuth": 0, "punto": "eje de unidad (no el motor)", "ncu": 10, "gw": 1, "axis_tilt": 0, "max_angle": 55, "backtrack": true, "gcr": 0.3973, "cross_axis_tilt": 0}}, {"type": "Feature", "geometry": {"type": "Point", "coordinates": [-1.1690583, 39.112296]}, "properties": {"rol": "seguidor", "id": "TK 095-07", "tipo": "completo", "axis_azimuth": 0, "punto": "eje de unidad (no el motor)", "ncu": 10, "gw": 1, "axis_tilt": 0, "max_angle": 55, "backtrack": true, "gcr": 0.3973, "cross_axis_tilt": 0}}, {"type": "Feature", "geometry": {"type": "Point", "coordinates": [-1.1688995, 39.1130675]}, "properties": {"rol": "seguidor", "id": "TK 076-07", "tipo": "medio", "axis_azimuth": 0, "punto": "eje de unidad (no el motor)", "ncu": 10, "gw": 1, "axis_tilt": 0, "max_angle": 55, "backtrack": true, "gcr": 0.3973, "cross_axis_tilt": 0}}, {"type": "Feature", "geometry": {"type": "Point", "coordinates": [-1.1689202, 39.1122668]}, "properties": {"rol": "seguidor", "id": "TK 096-07", "tipo": "medio", "axis_azimuth": 0, "punto": "eje de unidad (no el motor)", "ncu": 10, "gw": 1, "axis_tilt": 0, "max_angle": 55, "backtrack": true, "gcr": 0.3973, "cross_axis_tilt": 0}}, {"type": "Feature", "geometry": {"type": "Point", "coordinates": [-1.1687615, 39.1130383]}, "properties": {"rol": "seguidor", "id": "TK 077-07", "tipo": "medio", "axis_azimuth": 0, "punto": "eje de unidad (no el motor)", "ncu": 10, "gw": 1, "axis_tilt": 0, "max_angle": 55, "backtrack": true, "gcr": 0.3973, "cross_axis_tilt": 0}}, {"type": "Feature", "geometry": {"type": "Point", "coordinates": [-1.1687822, 39.1122376]}, "properties": {"rol": "seguidor", "id": "TK 097-07", "tipo": "medio", "axis_azimuth": 0, "punto": "eje de unidad (no el motor)", "ncu": 10, "gw": 1, "axis_tilt": 0, "max_angle": 55, "backtrack": true, "gcr": 0.3973, "cross_axis_tilt": 0}}, {"type": "Feature", "geometry": {"type": "Point", "coordinates": [-1.1686234, 39.1130091]}, "properties": {"rol": "seguidor", "id": "TK 078-07", "tipo": "medio", "axis_azimuth": 0, "punto": "eje de unidad (no el motor)", "ncu": 10, "gw": 1, "axis_tilt": 0, "max_angle": 55, "backtrack": true, "gcr": 0.3973, "cross_axis_tilt": 0}}, {"type": "Feature", "geometry": {"type": "Point", "coordinates": [-1.1686463, 39.1121255]}, "properties": {"rol": "seguidor", "id": "TK 098-07", "tipo": "completo", "axis_azimuth": 0, "punto": "eje de unidad (no el motor)", "ncu": 10, "gw": 1, "axis_tilt": 0, "max_angle": 55, "backtrack": true, "gcr": 0.3973, "cross_axis_tilt": 0}}, {"type": "Feature", "geometry": {"type": "Point", "coordinates": [-1.1684854, 39.1129799]}, "properties": {"rol": "seguidor", "id": "TK 079-07", "tipo": "medio", "axis_azimuth": 0, "punto": "eje de unidad (no el motor)", "ncu": 10, "gw": 1, "axis_tilt": 0, "max_angle": 55, "backtrack": true, "gcr": 0.3973, "cross_axis_tilt": 0}}, {"type": "Feature", "geometry": {"type": "Point", "coordinates": [-1.1685083, 39.1120954]}, "properties": {"rol": "seguidor", "id": "TK 099-07", "tipo": "completo", "axis_azimuth": 0, "punto": "eje de unidad (no el motor)", "ncu": 10, "gw": 1, "axis_tilt": 0, "max_angle": 55, "backtrack": true, "gcr": 0.3973, "cross_axis_tilt": 0}}, {"type": "Feature", "geometry": {"type": "Point", "coordinates": [-1.1683474, 39.1129507]}, "properties": {"rol": "seguidor", "id": "TK 080-07", "tipo": "medio", "axis_azimuth": 0, "punto": "eje de unidad (no el motor)", "ncu": 10, "gw": 1, "axis_tilt": 0, "max_angle": 55, "backtrack": true, "gcr": 0.3973, "cross_axis_tilt": 0}}, {"type": "Feature", "geometry": {"type": "Point", "coordinates": [-1.1683696, 39.1120932]}, "properties": {"rol": "seguidor", "id": "TK 100-07", "tipo": "completo", "axis_azimuth": 0, "punto": "eje de unidad (no el motor)", "ncu": 10, "gw": 1, "axis_tilt": 0, "max_angle": 55, "backtrack": true, "gcr": 0.3973, "cross_axis_tilt": 0}}, {"type": "Feature", "geometry": {"type": "Point", "coordinates": [-1.1682101, 39.1128944]}, "properties": {"rol": "seguidor", "id": "TK 081-07", "tipo": "medio", "axis_azimuth": 0, "punto": "eje de unidad (no el motor)", "ncu": 10, "gw": 1, "axis_tilt": 0, "max_angle": 55, "backtrack": true, "gcr": 0.3973, "cross_axis_tilt": 0}}, {"type": "Feature", "geometry": {"type": "Point", "coordinates": [-1.1682309, 39.1120911]}, "properties": {"rol": "seguidor", "id": "TK 101-07", "tipo": "completo", "axis_azimuth": 0, "punto": "eje de unidad (no el motor)", "ncu": 10, "gw": 1, "axis_tilt": 0, "max_angle": 55, "backtrack": true, "gcr": 0.3973, "cross_axis_tilt": 0}}, {"type": "Feature", "geometry": {"type": "Point", "coordinates": [-1.1680747, 39.1127635]}, "properties": {"rol": "seguidor", "id": "TK 082-07", "tipo": "completo", "axis_azimuth": 0, "punto": "eje de unidad (no el motor)", "ncu": 10, "gw": 1, "axis_tilt": 0, "max_angle": 55, "backtrack": true, "gcr": 0.3973, "cross_axis_tilt": 0}}, {"type": "Feature", "geometry": {"type": "Point", "coordinates": [-1.1680921, 39.1120889]}, "properties": {"rol": "seguidor", "id": "TK 102-07", "tipo": "completo", "axis_azimuth": 0, "punto": "eje de unidad (no el motor)", "ncu": 10, "gw": 1, "axis_tilt": 0, "max_angle": 55, "backtrack": true, "gcr": 0.3973, "cross_axis_tilt": 0}}, {"type": "Feature", "geometry": {"type": "Point", "coordinates": [-1.1679359, 39.1127613]}, "properties": {"rol": "seguidor", "id": "TK 083-07", "tipo": "completo", "axis_azimuth": 0, "punto": "eje de unidad (no el motor)", "ncu": 10, "gw": 1, "axis_tilt": 0, "max_angle": 55, "backtrack": true, "gcr": 0.3973, "cross_axis_tilt": 0}}, {"type": "Feature", "geometry": {"type": "Point", "coordinates": [-1.1679534, 39.1120867]}, "properties": {"rol": "seguidor", "id": "TK103-07", "tipo": "completo", "axis_azimuth": 0, "punto": "eje de unidad (no el motor)", "ncu": 10, "gw": 1, "axis_tilt": 0, "max_angle": 55, "backtrack": true, "gcr": 0.3973, "cross_axis_tilt": 0}}, {"type": "Feature", "geometry": {"type": "Point", "coordinates": [-1.1678147, 39.1120845]}, "properties": {"rol": "seguidor", "id": "TK104-07", "tipo": "completo", "axis_azimuth": 0, "punto": "eje de unidad (no el motor)", "ncu": 10, "gw": 1, "axis_tilt": 0, "max_angle": 55, "backtrack": true, "gcr": 0.3973, "cross_axis_tilt": 0}}, {"type": "Feature", "geometry": {"type": "Point", "coordinates": [-1.1676781, 39.1119995]}, "properties": {"rol": "seguidor", "id": "TK105-07", "tipo": "completo", "axis_azimuth": 0, "punto": "eje de unidad (no el motor)", "ncu": 10, "gw": 1, "axis_tilt": 0, "max_angle": 55, "backtrack": true, "gcr": 0.3973, "cross_axis_tilt": 0}}, {"type": "Feature", "geometry": {"type": "Point", "coordinates": [-1.1719153, 39.1145204]}, "properties": {"rol": "seguidor", "id": "TK 029-07", "tipo": "completo", "axis_azimuth": 0, "punto": "eje de unidad (no el motor)", "ncu": 11, "gw": 1, "axis_tilt": 0, "max_angle": 55, "backtrack": true, "gcr": 0.3973, "cross_axis_tilt": 0}}, {"type": "Feature", "geometry": {"type": "Point", "coordinates": [-1.1717766, 39.1145182]}, "properties": {"rol": "seguidor", "id": "TK 030-07", "tipo": "medio", "axis_azimuth": 0, "punto": "eje de unidad (no el motor)", "ncu": 11, "gw": 1, "axis_tilt": 0, "max_angle": 55, "backtrack": true, "gcr": 0.3973, "cross_axis_tilt": 0}}, {"type": "Feature", "geometry": {"type": "Point", "coordinates": [-1.1716378, 39.1145161]}, "properties": {"rol": "seguidor", "id": "TK 031-07", "tipo": "medio", "axis_azimuth": 0, "punto": "eje de unidad (no el motor)", "ncu": 11, "gw": 1, "axis_tilt": 0, "max_angle": 55, "backtrack": true, "gcr": 0.3973, "cross_axis_tilt": 0}}, {"type": "Feature", "geometry": {"type": "Point", "coordinates": [-1.1714969, 39.1145967]}, "properties": {"rol": "seguidor", "id": "TK 032-07", "tipo": "completo", "axis_azimuth": 0, "punto": "eje de unidad (no el motor)", "ncu": 11, "gw": 1, "axis_tilt": 0, "max_angle": 55, "backtrack": true, "gcr": 0.3973, "cross_axis_tilt": 0}}, {"type": "Feature", "geometry": {"type": "Point", "coordinates": [-1.1713582, 39.1145946]}, "properties": {"rol": "seguidor", "id": "TK 033-07", "tipo": "medio", "axis_azimuth": 0, "punto": "eje de unidad (no el motor)", "ncu": 11, "gw": 1, "axis_tilt": 0, "max_angle": 55, "backtrack": true, "gcr": 0.3973, "cross_axis_tilt": 0}}, {"type": "Feature", "geometry": {"type": "Point", "coordinates": [-1.1712195, 39.1145924]}, "properties": {"rol": "seguidor", "id": "TK 034-07", "tipo": "medio", "axis_azimuth": 0, "punto": "eje de unidad (no el motor)", "ncu": 11, "gw": 1, "axis_tilt": 0, "max_angle": 55, "backtrack": true, "gcr": 0.3973, "cross_axis_tilt": 0}}, {"type": "Feature", "geometry": {"type": "Point", "coordinates": [-1.1710807, 39.1145902]}, "properties": {"rol": "seguidor", "id": "TK 035-07", "tipo": "medio", "axis_azimuth": 0, "punto": "eje de unidad (no el motor)", "ncu": 11, "gw": 1, "axis_tilt": 0, "max_angle": 55, "backtrack": true, "gcr": 0.3973, "cross_axis_tilt": 0}}, {"type": "Feature", "geometry": {"type": "Point", "coordinates": [-1.170942, 39.114588]}, "properties": {"rol": "seguidor", "id": "TK 036-07", "tipo": "medio", "axis_azimuth": 0, "punto": "eje de unidad (no el motor)", "ncu": 11, "gw": 1, "axis_tilt": 0, "max_angle": 55, "backtrack": true, "gcr": 0.3973, "cross_axis_tilt": 0}}, {"type": "Feature", "geometry": {"type": "Point", "coordinates": [-1.1707857, 39.1152658]}, "properties": {"rol": "seguidor", "id": "TK 001-07", "tipo": "completo", "axis_azimuth": 0, "punto": "eje de unidad (no el motor)", "ncu": 11, "gw": 1, "axis_tilt": 0, "max_angle": 55, "backtrack": true, "gcr": 0.3973, "cross_axis_tilt": 0}}, {"type": "Feature", "geometry": {"type": "Point", "coordinates": [-1.1708033, 39.1145859]}, "properties": {"rol": "seguidor", "id": "TK 037-07", "tipo": "medio", "axis_azimuth": 0, "punto": "eje de unidad (no el motor)", "ncu": 11, "gw": 1, "axis_tilt": 0, "max_angle": 55, "backtrack": true, "gcr": 0.3973, "cross_axis_tilt": 0}}, {"type": "Feature", "geometry": {"type": "Point", "coordinates": [-1.1706295, 39.1159383]}, "properties": {"rol": "seguidor", "id": "TK 002-07", "tipo": "completo", "axis_azimuth": 0, "punto": "eje de unidad (no el motor)", "ncu": 11, "gw": 1, "axis_tilt": 0, "max_angle": 55, "backtrack": true, "gcr": 0.3973, "cross_axis_tilt": 0}}, {"type": "Feature", "geometry": {"type": "Point", "coordinates": [-1.170647, 39.1152637]}, "properties": {"rol": "seguidor", "id": "TK 003-07", "tipo": "completo", "axis_azimuth": 0, "punto": "eje de unidad (no el motor)", "ncu": 11, "gw": 1, "axis_tilt": 0, "max_angle": 55, "backtrack": true, "gcr": 0.3973, "cross_axis_tilt": 0}}, {"type": "Feature", "geometry": {"type": "Point", "coordinates": [-1.1706645, 39.1145837]}, "properties": {"rol": "seguidor", "id": "TK 038-07", "tipo": "medio", "axis_azimuth": 0, "punto": "eje de unidad (no el motor)", "ncu": 11, "gw": 1, "axis_tilt": 0, "max_angle": 55, "backtrack": true, "gcr": 0.3973, "cross_axis_tilt": 0}}, {"type": "Feature", "geometry": {"type": "Point", "coordinates": [-1.1704818, 39.1162819]}, "properties": {"rol": "seguidor", "id": "TK 004-07", "tipo": "completo", "axis_azimuth": 0, "punto": "eje de unidad (no el motor)", "ncu": 11, "gw": 1, "axis_tilt": 0, "max_angle": 55, "backtrack": true, "gcr": 0.3973, "cross_axis_tilt": 0}}, {"type": "Feature", "geometry": {"type": "Point", "coordinates": [-1.1704971, 39.1156902]}, "properties": {"rol": "seguidor", "id": "TK 005-07", "tipo": "medio", "axis_azimuth": 0, "punto": "eje de unidad (no el motor)", "ncu": 11, "gw": 1, "axis_tilt": 0, "max_angle": 55, "backtrack": true, "gcr": 0.3973, "cross_axis_tilt": 0}}, {"type": "Feature", "geometry": {"type": "Point", "coordinates": [-1.1705279, 39.1144986]}, "properties": {"rol": "seguidor", "id": "TK 039-07", "tipo": "completo", "axis_azimuth": 0, "punto": "eje de unidad (no el motor)", "ncu": 11, "gw": 1, "axis_tilt": 0, "max_angle": 55, "backtrack": true, "gcr": 0.3973, "cross_axis_tilt": 0}}, {"type": "Feature", "geometry": {"type": "Point", "coordinates": [-1.1703431, 39.1162798]}, "properties": {"rol": "seguidor", "id": "TK 006-07", "tipo": "completo", "axis_azimuth": 0, "punto": "eje de unidad (no el motor)", "ncu": 11, "gw": 1, "axis_tilt": 0, "max_angle": 55, "backtrack": true, "gcr": 0.3973, "cross_axis_tilt": 0}}, {"type": "Feature", "geometry": {"type": "Point", "coordinates": [-1.1703584, 39.115688]}, "properties": {"rol": "seguidor", "id": "TK 007-07", "tipo": "medio", "axis_azimuth": 0, "punto": "eje de unidad (no el motor)", "ncu": 11, "gw": 1, "axis_tilt": 0, "max_angle": 55, "backtrack": true, "gcr": 0.3973, "cross_axis_tilt": 0}}, {"type": "Feature", "geometry": {"type": "Point", "coordinates": [-1.1703892, 39.1144965]}, "properties": {"rol": "seguidor", "id": "TK 040-07", "tipo": "completo", "axis_azimuth": 0, "punto": "eje de unidad (no el motor)", "ncu": 11, "gw": 1, "axis_tilt": 0, "max_angle": 55, "backtrack": true, "gcr": 0.3973, "cross_axis_tilt": 0}}, {"type": "Feature", "geometry": {"type": "Point", "coordinates": [-1.1702001, 39.1164433]}, "properties": {"rol": "seguidor", "id": "TK 008-07", "tipo": "completo", "axis_azimuth": 0, "punto": "eje de unidad (no el motor)", "ncu": 11, "gw": 1, "axis_tilt": 0, "max_angle": 55, "backtrack": true, "gcr": 0.3973, "cross_axis_tilt": 0}}, {"type": "Feature", "geometry": {"type": "Point", "coordinates": [-1.1702175, 39.1157687]}, "properties": {"rol": "seguidor", "id": "TK 009-07", "tipo": "completo", "axis_azimuth": 0, "punto": "eje de unidad (no el motor)", "ncu": 11, "gw": 1, "axis_tilt": 0, "max_angle": 55, "backtrack": true, "gcr": 0.3973, "cross_axis_tilt": 0}}, {"type": "Feature", "geometry": {"type": "Point", "coordinates": [-1.1702462, 39.1146591]}, "properties": {"rol": "seguidor", "id": "TK 041-07", "tipo": "medio", "axis_azimuth": 0, "punto": "eje de unidad (no el motor)", "ncu": 11, "gw": 1, "axis_tilt": 0, "max_angle": 55, "backtrack": true, "gcr": 0.3973, "cross_axis_tilt": 0}}, {"type": "Feature", "geometry": {"type": "Point", "coordinates": [-1.1702572, 39.114234]}, "properties": {"rol": "seguidor", "id": "TK 042-07", "tipo": "completo", "axis_azimuth": 0, "punto": "eje de unidad (no el motor)", "ncu": 11, "gw": 1, "axis_tilt": 0, "max_angle": 55, "backtrack": true, "gcr": 0.3973, "cross_axis_tilt": 0}}, {"type": "Feature", "geometry": {"type": "Point", "coordinates": [-1.1700571, 39.116605]}, "properties": {"rol": "seguidor", "id": "TK 010-07", "tipo": "completo", "axis_azimuth": 0, "punto": "eje de unidad (no el motor)", "ncu": 11, "gw": 1, "axis_tilt": 0, "max_angle": 55, "backtrack": true, "gcr": 0.3973, "cross_axis_tilt": 0}}, {"type": "Feature", "geometry": {"type": "Point", "coordinates": [-1.1700746, 39.1159295]}, "properties": {"rol": "seguidor", "id": "TK 011-07", "tipo": "completo", "axis_azimuth": 0, "punto": "eje de unidad (no el motor)", "ncu": 11, "gw": 1, "axis_tilt": 0, "max_angle": 55, "backtrack": true, "gcr": 0.3973, "cross_axis_tilt": 0}}, {"type": "Feature", "geometry": {"type": "Point", "coordinates": [-1.170092, 39.115255]}, "properties": {"rol": "seguidor", "id": "TK 012-07", "tipo": "completo", "axis_azimuth": 0, "punto": "eje de unidad (no el motor)", "ncu": 11, "gw": 1, "axis_tilt": 0, "max_angle": 55, "backtrack": true, "gcr": 0.3973, "cross_axis_tilt": 0}}, {"type": "Feature", "geometry": {"type": "Point", "coordinates": [-1.1701075, 39.1146578]}, "properties": {"rol": "seguidor", "id": "TK 043-07", "tipo": "medio", "axis_azimuth": 0, "punto": "eje de unidad (no el motor)", "ncu": 11, "gw": 1, "axis_tilt": 0, "max_angle": 55, "backtrack": true, "gcr": 0.3973, "cross_axis_tilt": 0}}, {"type": "Feature", "geometry": {"type": "Point", "coordinates": [-1.1701244, 39.1140012]}, "properties": {"rol": "seguidor", "id": "TK 044-07", "tipo": "completo", "axis_azimuth": 0, "punto": "eje de unidad (no el motor)", "ncu": 11, "gw": 1, "axis_tilt": 0, "max_angle": 55, "backtrack": true, "gcr": 0.3973, "cross_axis_tilt": 0}}, {"type": "Feature", "geometry": {"type": "Point", "coordinates": [-1.1699183, 39.1166029]}, "properties": {"rol": "seguidor", "id": "TK 013-07", "tipo": "completo", "axis_azimuth": 0, "punto": "eje de unidad (no el motor)", "ncu": 11, "gw": 1, "axis_tilt": 0, "max_angle": 55, "backtrack": true, "gcr": 0.3973, "cross_axis_tilt": 0}}, {"type": "Feature", "geometry": {"type": "Point", "coordinates": [-1.1699358, 39.1159274]}, "properties": {"rol": "seguidor", "id": "TK 014-07", "tipo": "completo", "axis_azimuth": 0, "punto": "eje de unidad (no el motor)", "ncu": 11, "gw": 1, "axis_tilt": 0, "max_angle": 55, "backtrack": true, "gcr": 0.3973, "cross_axis_tilt": 0}}, {"type": "Feature", "geometry": {"type": "Point", "coordinates": [-1.1699533, 39.1152528]}, "properties": {"rol": "seguidor", "id": "TK 015-07", "tipo": "completo", "axis_azimuth": 0, "punto": "eje de unidad (no el motor)", "ncu": 11, "gw": 1, "axis_tilt": 0, "max_angle": 55, "backtrack": true, "gcr": 0.3973, "cross_axis_tilt": 0}}, {"type": "Feature", "geometry": {"type": "Point", "coordinates": [-1.1699687, 39.1146556]}, "properties": {"rol": "seguidor", "id": "TK 045-07", "tipo": "medio", "axis_azimuth": 0, "punto": "eje de unidad (no el motor)", "ncu": 11, "gw": 1, "axis_tilt": 0, "max_angle": 55, "backtrack": true, "gcr": 0.3973, "cross_axis_tilt": 0}}, {"type": "Feature", "geometry": {"type": "Point", "coordinates": [-1.1699857, 39.1139991]}, "properties": {"rol": "seguidor", "id": "TK 046-07", "tipo": "completo", "axis_azimuth": 0, "punto": "eje de unidad (no el motor)", "ncu": 11, "gw": 1, "axis_tilt": 0, "max_angle": 55, "backtrack": true, "gcr": 0.3973, "cross_axis_tilt": 0}}, {"type": "Feature", "geometry": {"type": "Point", "coordinates": [-1.1697796, 39.1166007]}, "properties": {"rol": "seguidor", "id": "TK 016-07", "tipo": "completo", "axis_azimuth": 0, "punto": "eje de unidad (no el motor)", "ncu": 11, "gw": 1, "axis_tilt": 0, "max_angle": 55, "backtrack": true, "gcr": 0.3973, "cross_axis_tilt": 0}}, {"type": "Feature", "geometry": {"type": "Point", "coordinates": [-1.1697971, 39.1159252]}, "properties": {"rol": "seguidor", "id": "TK 017-07", "tipo": "completo", "axis_azimuth": 0, "punto": "eje de unidad (no el motor)", "ncu": 11, "gw": 1, "axis_tilt": 0, "max_angle": 55, "backtrack": true, "gcr": 0.3973, "cross_axis_tilt": 0}}, {"type": "Feature", "geometry": {"type": "Point", "coordinates": [-1.1698145, 39.1152506]}, "properties": {"rol": "seguidor", "id": "TK 018-07", "tipo": "completo", "axis_azimuth": 0, "punto": "eje de unidad (no el motor)", "ncu": 11, "gw": 1, "axis_tilt": 0, "max_angle": 55, "backtrack": true, "gcr": 0.3973, "cross_axis_tilt": 0}}, {"type": "Feature", "geometry": {"type": "Point", "coordinates": [-1.16983, 39.1146535]}, "properties": {"rol": "seguidor", "id": "TK 047-07", "tipo": "completo", "axis_azimuth": 0, "punto": "eje de unidad (no el motor)", "ncu": 11, "gw": 1, "axis_tilt": 0, "max_angle": 55, "backtrack": true, "gcr": 0.3973, "cross_axis_tilt": 0}}, {"type": "Feature", "geometry": {"type": "Point", "coordinates": [-1.1696409, 39.1165985]}, "properties": {"rol": "seguidor", "id": "TK 019-07", "tipo": "completo", "axis_azimuth": 0, "punto": "eje de unidad (no el motor)", "ncu": 11, "gw": 1, "axis_tilt": 0, "max_angle": 55, "backtrack": true, "gcr": 0.3973, "cross_axis_tilt": 0}}, {"type": "Feature", "geometry": {"type": "Point", "coordinates": [-1.1696583, 39.115923]}, "properties": {"rol": "seguidor", "id": "TK 020-07", "tipo": "completo", "axis_azimuth": 0, "punto": "eje de unidad (no el motor)", "ncu": 11, "gw": 1, "axis_tilt": 0, "max_angle": 55, "backtrack": true, "gcr": 0.3973, "cross_axis_tilt": 0}}, {"type": "Feature", "geometry": {"type": "Point", "coordinates": [-1.1696758, 39.1152484]}, "properties": {"rol": "seguidor", "id": "TK 021-07", "tipo": "completo", "axis_azimuth": 0, "punto": "eje de unidad (no el motor)", "ncu": 11, "gw": 1, "axis_tilt": 0, "max_angle": 55, "backtrack": true, "gcr": 0.3973, "cross_axis_tilt": 0}}, {"type": "Feature", "geometry": {"type": "Point", "coordinates": [-1.1695196, 39.1159208]}, "properties": {"rol": "seguidor", "id": "TK 022-07", "tipo": "completo", "axis_azimuth": 0, "punto": "eje de unidad (no el motor)", "ncu": 11, "gw": 1, "axis_tilt": 0, "max_angle": 55, "backtrack": true, "gcr": 0.3973, "cross_axis_tilt": 0}}, {"type": "Feature", "geometry": {"type": "Point", "coordinates": [-1.1695371, 39.1152462]}, "properties": {"rol": "seguidor", "id": "TK 023-07", "tipo": "completo", "axis_azimuth": 0, "punto": "eje de unidad (no el motor)", "ncu": 11, "gw": 1, "axis_tilt": 0, "max_angle": 55, "backtrack": true, "gcr": 0.3973, "cross_axis_tilt": 0}}, {"type": "Feature", "geometry": {"type": "Point", "coordinates": [-1.1695544, 39.1145771]}, "properties": {"rol": "seguidor", "id": "TK 048-07", "tipo": "completo", "axis_azimuth": 0, "punto": "eje de unidad (no el motor)", "ncu": 11, "gw": 1, "axis_tilt": 0, "max_angle": 55, "backtrack": true, "gcr": 0.3973, "cross_axis_tilt": 0}}, {"type": "Feature", "geometry": {"type": "Point", "coordinates": [-1.1695676, 39.1140682]}, "properties": {"rol": "seguidor", "id": "TK 049-07", "tipo": "completo", "axis_azimuth": 0, "punto": "eje de unidad (no el motor)", "ncu": 11, "gw": 1, "axis_tilt": 0, "max_angle": 55, "backtrack": true, "gcr": 0.3973, "cross_axis_tilt": 0}}, {"type": "Feature", "geometry": {"type": "Point", "coordinates": [-1.1693852, 39.1157529]}, "properties": {"rol": "seguidor", "id": "TK 024-07", "tipo": "completo", "axis_azimuth": 0, "punto": "eje de unidad (no el motor)", "ncu": 11, "gw": 1, "axis_tilt": 0, "max_angle": 55, "backtrack": true, "gcr": 0.3973, "cross_axis_tilt": 0}}, {"type": "Feature", "geometry": {"type": "Point", "coordinates": [-1.1694005, 39.1151612]}, "properties": {"rol": "seguidor", "id": "TK 025-07", "tipo": "medio", "axis_azimuth": 0, "punto": "eje de unidad (no el motor)", "ncu": 11, "gw": 1, "axis_tilt": 0, "max_angle": 55, "backtrack": true, "gcr": 0.3973, "cross_axis_tilt": 0}}, {"type": "Feature", "geometry": {"type": "Point", "coordinates": [-1.1694157, 39.1145749]}, "properties": {"rol": "seguidor", "id": "TK 050-07", "tipo": "medio", "axis_azimuth": 0, "punto": "eje de unidad (no el motor)", "ncu": 11, "gw": 1, "axis_tilt": 0, "max_angle": 55, "backtrack": true, "gcr": 0.3973, "cross_axis_tilt": 0}}, {"type": "Feature", "geometry": {"type": "Point", "coordinates": [-1.1694288, 39.114066]}, "properties": {"rol": "seguidor", "id": "TK 051-07", "tipo": "completo", "axis_azimuth": 0, "punto": "eje de unidad (no el motor)", "ncu": 11, "gw": 1, "axis_tilt": 0, "max_angle": 55, "backtrack": true, "gcr": 0.3973, "cross_axis_tilt": 0}}, {"type": "Feature", "geometry": {"type": "Point", "coordinates": [-1.1692596, 39.1152419]}, "properties": {"rol": "seguidor", "id": "TK 026-07", "tipo": "completo", "axis_azimuth": 0, "punto": "eje de unidad (no el motor)", "ncu": 11, "gw": 1, "axis_tilt": 0, "max_angle": 55, "backtrack": true, "gcr": 0.3973, "cross_axis_tilt": 0}}, {"type": "Feature", "geometry": {"type": "Point", "coordinates": [-1.1692769, 39.1145727]}, "properties": {"rol": "seguidor", "id": "TK 052-07", "tipo": "medio", "axis_azimuth": 0, "punto": "eje de unidad (no el motor)", "ncu": 11, "gw": 1, "axis_tilt": 0, "max_angle": 55, "backtrack": true, "gcr": 0.3973, "cross_axis_tilt": 0}}, {"type": "Feature", "geometry": {"type": "Point", "coordinates": [-1.1692901, 39.1140638]}, "properties": {"rol": "seguidor", "id": "TK 053-07", "tipo": "completo", "axis_azimuth": 0, "punto": "eje de unidad (no el motor)", "ncu": 11, "gw": 1, "axis_tilt": 0, "max_angle": 55, "backtrack": true, "gcr": 0.3973, "cross_axis_tilt": 0}}, {"type": "Feature", "geometry": {"type": "Point", "coordinates": [-1.1691209, 39.1152397]}, "properties": {"rol": "seguidor", "id": "TK 027-07", "tipo": "completo", "axis_azimuth": 0, "punto": "eje de unidad (no el motor)", "ncu": 11, "gw": 1, "axis_tilt": 0, "max_angle": 55, "backtrack": true, "gcr": 0.3973, "cross_axis_tilt": 0}}, {"type": "Feature", "geometry": {"type": "Point", "coordinates": [-1.1691382, 39.1145705]}, "properties": {"rol": "seguidor", "id": "TK 054-07", "tipo": "medio", "axis_azimuth": 0, "punto": "eje de unidad (no el motor)", "ncu": 11, "gw": 1, "axis_tilt": 0, "max_angle": 55, "backtrack": true, "gcr": 0.3973, "cross_axis_tilt": 0}}, {"type": "Feature", "geometry": {"type": "Point", "coordinates": [-1.1691514, 39.1140616]}, "properties": {"rol": "seguidor", "id": "TK 055-07", "tipo": "completo", "axis_azimuth": 0, "punto": "eje de unidad (no el motor)", "ncu": 11, "gw": 1, "axis_tilt": 0, "max_angle": 55, "backtrack": true, "gcr": 0.3973, "cross_axis_tilt": 0}}, {"type": "Feature", "geometry": {"type": "Point", "coordinates": [-1.1689843, 39.1151547]}, "properties": {"rol": "seguidor", "id": "TK 028-07", "tipo": "completo", "axis_azimuth": 0, "punto": "eje de unidad (no el motor)", "ncu": 11, "gw": 1, "axis_tilt": 0, "max_angle": 55, "backtrack": true, "gcr": 0.3973, "cross_axis_tilt": 0}}, {"type": "Feature", "geometry": {"type": "Point", "coordinates": [-1.1689994, 39.1145683]}, "properties": {"rol": "seguidor", "id": "TK 056-07", "tipo": "medio", "axis_azimuth": 0, "punto": "eje de unidad (no el motor)", "ncu": 11, "gw": 1, "axis_tilt": 0, "max_angle": 55, "backtrack": true, "gcr": 0.3973, "cross_axis_tilt": 0}}, {"type": "Feature", "geometry": {"type": "Point", "coordinates": [-1.1690126, 39.1140595]}, "properties": {"rol": "seguidor", "id": "TK 057-07", "tipo": "completo", "axis_azimuth": 0, "punto": "eje de unidad (no el motor)", "ncu": 11, "gw": 1, "axis_tilt": 0, "max_angle": 55, "backtrack": true, "gcr": 0.3973, "cross_axis_tilt": 0}}, {"type": "Feature", "geometry": {"type": "Point", "coordinates": [-1.1688607, 39.1145662]}, "properties": {"rol": "seguidor", "id": "TK 058-07", "tipo": "medio", "axis_azimuth": 0, "punto": "eje de unidad (no el motor)", "ncu": 11, "gw": 1, "axis_tilt": 0, "max_angle": 55, "backtrack": true, "gcr": 0.3973, "cross_axis_tilt": 0}}, {"type": "Feature", "geometry": {"type": "Point", "coordinates": [-1.1688739, 39.1140573]}, "properties": {"rol": "seguidor", "id": "TK 059-07", "tipo": "completo", "axis_azimuth": 0, "punto": "eje de unidad (no el motor)", "ncu": 11, "gw": 1, "axis_tilt": 0, "max_angle": 55, "backtrack": true, "gcr": 0.3973, "cross_axis_tilt": 0}}, {"type": "Feature", "geometry": {"type": "Point", "coordinates": [-1.168722, 39.114564]}, "properties": {"rol": "seguidor", "id": "TK 060-07", "tipo": "completo", "axis_azimuth": 0, "punto": "eje de unidad (no el motor)", "ncu": 11, "gw": 1, "axis_tilt": 0, "max_angle": 55, "backtrack": true, "gcr": 0.3973, "cross_axis_tilt": 0}}, {"type": "Feature", "geometry": {"type": "Point", "coordinates": [-1.1687352, 39.1140551]}, "properties": {"rol": "seguidor", "id": "TK 061-07", "tipo": "completo", "axis_azimuth": 0, "punto": "eje de unidad (no el motor)", "ncu": 11, "gw": 1, "axis_tilt": 0, "max_angle": 55, "backtrack": true, "gcr": 0.3973, "cross_axis_tilt": 0}}, {"type": "Feature", "geometry": {"type": "Point", "coordinates": [-1.1685916, 39.1142385]}, "properties": {"rol": "seguidor", "id": "TK 062-07", "tipo": "completo", "axis_azimuth": 0, "punto": "eje de unidad (no el motor)", "ncu": 11, "gw": 1, "axis_tilt": 0, "max_angle": 55, "backtrack": true, "gcr": 0.3973, "cross_axis_tilt": 0}}, {"type": "Feature", "geometry": {"type": "Point", "coordinates": [-1.1686026, 39.1138134]}, "properties": {"rol": "seguidor", "id": "TK 063-07", "tipo": "completo", "axis_azimuth": 0, "punto": "eje de unidad (no el motor)", "ncu": 11, "gw": 1, "axis_tilt": 0, "max_angle": 55, "backtrack": true, "gcr": 0.3973, "cross_axis_tilt": 0}}, {"type": "Feature", "geometry": {"type": "Point", "coordinates": [-1.1684647, 39.1137814]}, "properties": {"rol": "seguidor", "id": "TK 064-07", "tipo": "completo", "axis_azimuth": 0, "punto": "eje de unidad (no el motor)", "ncu": 11, "gw": 1, "axis_tilt": 0, "max_angle": 55, "backtrack": true, "gcr": 0.3973, "cross_axis_tilt": 0}}, {"type": "Feature", "geometry": {"type": "Point", "coordinates": [-1.1683288, 39.1136676]}, "properties": {"rol": "seguidor", "id": "TK 065-07", "tipo": "completo", "axis_azimuth": 0, "punto": "eje de unidad (no el motor)", "ncu": 11, "gw": 1, "axis_tilt": 0, "max_angle": 55, "backtrack": true, "gcr": 0.3973, "cross_axis_tilt": 0}}, {"type": "Feature", "geometry": {"type": "Point", "coordinates": [-1.172002, 39.1111673]}, "properties": {"rol": "seguidor", "id": "TK 026-08", "tipo": "completo", "axis_azimuth": 0, "punto": "eje de unidad (no el motor)", "ncu": 12, "gw": 1, "axis_tilt": 0, "max_angle": 55, "backtrack": true, "gcr": 0.3973, "cross_axis_tilt": 0}}, {"type": "Feature", "geometry": {"type": "Point", "coordinates": [-1.1718644, 39.11112]}, "properties": {"rol": "seguidor", "id": "TK 027-08", "tipo": "completo", "axis_azimuth": 0, "punto": "eje de unidad (no el motor)", "ncu": 12, "gw": 1, "axis_tilt": 0, "max_angle": 55, "backtrack": true, "gcr": 0.3973, "cross_axis_tilt": 0}}, {"type": "Feature", "geometry": {"type": "Point", "coordinates": [-1.171729, 39.11099]}, "properties": {"rol": "seguidor", "id": "TK 028-08", "tipo": "medio", "axis_azimuth": 0, "punto": "eje de unidad (no el motor)", "ncu": 12, "gw": 1, "axis_tilt": 0, "max_angle": 55, "backtrack": true, "gcr": 0.3973, "cross_axis_tilt": 0}}, {"type": "Feature", "geometry": {"type": "Point", "coordinates": [-1.1715914, 39.1109428]}, "properties": {"rol": "seguidor", "id": "TK 029-08", "tipo": "medio", "axis_azimuth": 0, "punto": "eje de unidad (no el motor)", "ncu": 12, "gw": 1, "axis_tilt": 0, "max_angle": 55, "backtrack": true, "gcr": 0.3973, "cross_axis_tilt": 0}}, {"type": "Feature", "geometry": {"type": "Point", "coordinates": [-1.1714538, 39.1108956]}, "properties": {"rol": "seguidor", "id": "TK 030-08", "tipo": "medio", "axis_azimuth": 0, "punto": "eje de unidad (no el motor)", "ncu": 12, "gw": 1, "axis_tilt": 0, "max_angle": 55, "backtrack": true, "gcr": 0.3973, "cross_axis_tilt": 0}}, {"type": "Feature", "geometry": {"type": "Point", "coordinates": [-1.1713115, 39.1110321]}, "properties": {"rol": "seguidor", "id": "TK 031-08", "tipo": "completo", "axis_azimuth": 0, "punto": "eje de unidad (no el motor)", "ncu": 12, "gw": 1, "axis_tilt": 0, "max_angle": 55, "backtrack": true, "gcr": 0.3973, "cross_axis_tilt": 0}}, {"type": "Feature", "geometry": {"type": "Point", "coordinates": [-1.1712419, 39.1101903]}, "properties": {"rol": "seguidor", "id": "TK 049-08", "tipo": "completo", "axis_azimuth": 0, "punto": "eje de unidad (no el motor)", "ncu": 12, "gw": 1, "axis_tilt": 0, "max_angle": 55, "backtrack": true, "gcr": 0.3973, "cross_axis_tilt": 0}}, {"type": "Feature", "geometry": {"type": "Point", "coordinates": [-1.1711735, 39.1110029]}, "properties": {"rol": "seguidor", "id": "TK 032-08", "tipo": "completo", "axis_azimuth": 0, "punto": "eje de unidad (no el motor)", "ncu": 12, "gw": 1, "axis_tilt": 0, "max_angle": 55, "backtrack": true, "gcr": 0.3973, "cross_axis_tilt": 0}}, {"type": "Feature", "geometry": {"type": "Point", "coordinates": [-1.1711041, 39.1101521]}, "properties": {"rol": "seguidor", "id": "TK 050-08", "tipo": "completo", "axis_azimuth": 0, "punto": "eje de unidad (no el motor)", "ncu": 12, "gw": 1, "axis_tilt": 0, "max_angle": 55, "backtrack": true, "gcr": 0.3973, "cross_axis_tilt": 0}}, {"type": "Feature", "geometry": {"type": "Point", "coordinates": [-1.1710355, 39.1109737]}, "properties": {"rol": "seguidor", "id": "TK 033-08", "tipo": "completo", "axis_azimuth": 0, "punto": "eje de unidad (no el motor)", "ncu": 12, "gw": 1, "axis_tilt": 0, "max_angle": 55, "backtrack": true, "gcr": 0.3973, "cross_axis_tilt": 0}}, {"type": "Feature", "geometry": {"type": "Point", "coordinates": [-1.1709642, 39.1101968]}, "properties": {"rol": "seguidor", "id": "TK 051-08", "tipo": "medio", "axis_azimuth": 0, "punto": "eje de unidad (no el motor)", "ncu": 12, "gw": 1, "axis_tilt": 0, "max_angle": 55, "backtrack": true, "gcr": 0.3973, "cross_axis_tilt": 0}}, {"type": "Feature", "geometry": {"type": "Point", "coordinates": [-1.1708974, 39.1109445]}, "properties": {"rol": "seguidor", "id": "TK 034-08", "tipo": "completo", "axis_azimuth": 0, "punto": "eje de unidad (no el motor)", "ncu": 12, "gw": 1, "axis_tilt": 0, "max_angle": 55, "backtrack": true, "gcr": 0.3973, "cross_axis_tilt": 0}}, {"type": "Feature", "geometry": {"type": "Point", "coordinates": [-1.1708264, 39.1101586]}, "properties": {"rol": "seguidor", "id": "TK 052-08", "tipo": "medio", "axis_azimuth": 0, "punto": "eje de unidad (no el motor)", "ncu": 12, "gw": 1, "axis_tilt": 0, "max_angle": 55, "backtrack": true, "gcr": 0.3973, "cross_axis_tilt": 0}}, {"type": "Feature", "geometry": {"type": "Point", "coordinates": [-1.1707594, 39.1109153]}, "properties": {"rol": "seguidor", "id": "TK 035-08", "tipo": "completo", "axis_azimuth": 0, "punto": "eje de unidad (no el motor)", "ncu": 12, "gw": 1, "axis_tilt": 0, "max_angle": 55, "backtrack": true, "gcr": 0.3973, "cross_axis_tilt": 0}}, {"type": "Feature", "geometry": {"type": "Point", "coordinates": [-1.1706886, 39.1101204]}, "properties": {"rol": "seguidor", "id": "TK 053-08", "tipo": "completo", "axis_azimuth": 0, "punto": "eje de unidad (no el motor)", "ncu": 12, "gw": 1, "axis_tilt": 0, "max_angle": 55, "backtrack": true, "gcr": 0.3973, "cross_axis_tilt": 0}}, {"type": "Feature", "geometry": {"type": "Point", "coordinates": [-1.1706214, 39.1108861]}, "properties": {"rol": "seguidor", "id": "TK 036-08", "tipo": "completo", "axis_azimuth": 0, "punto": "eje de unidad (no el motor)", "ncu": 12, "gw": 1, "axis_tilt": 0, "max_angle": 55, "backtrack": true, "gcr": 0.3973, "cross_axis_tilt": 0}}, {"type": "Feature", "geometry": {"type": "Point", "coordinates": [-1.1704811, 39.1109443]}, "properties": {"rol": "seguidor", "id": "TK 037-08", "tipo": "medio", "axis_azimuth": 0, "punto": "eje de unidad (no el motor)", "ncu": 12, "gw": 1, "axis_tilt": 0, "max_angle": 55, "backtrack": true, "gcr": 0.3973, "cross_axis_tilt": 0}}, {"type": "Feature", "geometry": {"type": "Point", "coordinates": [-1.170318, 39.1118842]}, "properties": {"rol": "seguidor", "id": "TK 001-08", "tipo": "completo", "axis_azimuth": 0, "punto": "eje de unidad (no el motor)", "ncu": 12, "gw": 1, "axis_tilt": 0, "max_angle": 55, "backtrack": true, "gcr": 0.3973, "cross_axis_tilt": 0}}, {"type": "Feature", "geometry": {"type": "Point", "coordinates": [-1.1703424, 39.1109421]}, "properties": {"rol": "seguidor", "id": "TK 038-08", "tipo": "medio", "axis_azimuth": 0, "punto": "eje de unidad (no el motor)", "ncu": 12, "gw": 1, "axis_tilt": 0, "max_angle": 55, "backtrack": true, "gcr": 0.3973, "cross_axis_tilt": 0}}, {"type": "Feature", "geometry": {"type": "Point", "coordinates": [-1.1701793, 39.111882]}, "properties": {"rol": "seguidor", "id": "TK 002-08", "tipo": "completo", "axis_azimuth": 0, "punto": "eje de unidad (no el motor)", "ncu": 12, "gw": 1, "axis_tilt": 0, "max_angle": 55, "backtrack": true, "gcr": 0.3973, "cross_axis_tilt": 0}}, {"type": "Feature", "geometry": {"type": "Point", "coordinates": [-1.170204, 39.1109264]}, "properties": {"rol": "seguidor", "id": "TK 039-08", "tipo": "medio", "axis_azimuth": 0, "punto": "eje de unidad (no el motor)", "ncu": 12, "gw": 1, "axis_tilt": 0, "max_angle": 55, "backtrack": true, "gcr": 0.3973, "cross_axis_tilt": 0}}, {"type": "Feature", "geometry": {"type": "Point", "coordinates": [-1.1700476, 39.111606]}, "properties": {"rol": "seguidor", "id": "TK 003-08", "tipo": "completo", "axis_azimuth": 0, "punto": "eje de unidad (no el motor)", "ncu": 12, "gw": 1, "axis_tilt": 0, "max_angle": 55, "backtrack": true, "gcr": 0.3973, "cross_axis_tilt": 0}}, {"type": "Feature", "geometry": {"type": "Point", "coordinates": [-1.170066, 39.1108972]}, "properties": {"rol": "seguidor", "id": "TK 040-08", "tipo": "medio", "axis_azimuth": 0, "punto": "eje de unidad (no el motor)", "ncu": 12, "gw": 1, "axis_tilt": 0, "max_angle": 55, "backtrack": true, "gcr": 0.3973, "cross_axis_tilt": 0}}, {"type": "Feature", "geometry": {"type": "Point", "coordinates": [-1.1699089, 39.1116038]}, "properties": {"rol": "seguidor", "id": "TK 004-08", "tipo": "completo", "axis_azimuth": 0, "punto": "eje de unidad (no el motor)", "ncu": 12, "gw": 1, "axis_tilt": 0, "max_angle": 55, "backtrack": true, "gcr": 0.3973, "cross_axis_tilt": 0}}, {"type": "Feature", "geometry": {"type": "Point", "coordinates": [-1.1699279, 39.110868]}, "properties": {"rol": "seguidor", "id": "TK 041-08", "tipo": "completo", "axis_azimuth": 0, "punto": "eje de unidad (no el motor)", "ncu": 12, "gw": 1, "axis_tilt": 0, "max_angle": 55, "backtrack": true, "gcr": 0.3973, "cross_axis_tilt": 0}}, {"type": "Feature", "geometry": {"type": "Point", "coordinates": [-1.1697702, 39.1116017]}, "properties": {"rol": "seguidor", "id": "TK 005-08", "tipo": "completo", "axis_azimuth": 0, "punto": "eje de unidad (no el motor)", "ncu": 12, "gw": 1, "axis_tilt": 0, "max_angle": 55, "backtrack": true, "gcr": 0.3973, "cross_axis_tilt": 0}}, {"type": "Feature", "geometry": {"type": "Point", "coordinates": [-1.1696314, 39.1115995]}, "properties": {"rol": "seguidor", "id": "TK 006-08", "tipo": "completo", "axis_azimuth": 0, "punto": "eje de unidad (no el motor)", "ncu": 12, "gw": 1, "axis_tilt": 0, "max_angle": 55, "backtrack": true, "gcr": 0.3973, "cross_axis_tilt": 0}}, {"type": "Feature", "geometry": {"type": "Point", "coordinates": [-1.1694927, 39.1115973]}, "properties": {"rol": "seguidor", "id": "TK 007-08", "tipo": "completo", "axis_azimuth": 0, "punto": "eje de unidad (no el motor)", "ncu": 12, "gw": 1, "axis_tilt": 0, "max_angle": 55, "backtrack": true, "gcr": 0.3973, "cross_axis_tilt": 0}}, {"type": "Feature", "geometry": {"type": "Point", "coordinates": [-1.1695138, 39.1107822]}, "properties": {"rol": "seguidor", "id": "TK 042-08", "tipo": "completo", "axis_azimuth": 0, "punto": "eje de unidad (no el motor)", "ncu": 12, "gw": 1, "axis_tilt": 0, "max_angle": 55, "backtrack": true, "gcr": 0.3973, "cross_axis_tilt": 0}}, {"type": "Feature", "geometry": {"type": "Point", "coordinates": [-1.169354, 39.1115951]}, "properties": {"rol": "seguidor", "id": "TK 008-08", "tipo": "completo", "axis_azimuth": 0, "punto": "eje de unidad (no el motor)", "ncu": 12, "gw": 1, "axis_tilt": 0, "max_angle": 55, "backtrack": true, "gcr": 0.3973, "cross_axis_tilt": 0}}, {"type": "Feature", "geometry": {"type": "Point", "coordinates": [-1.1693751, 39.11078]}, "properties": {"rol": "seguidor", "id": "TK 043-08", "tipo": "medio", "axis_azimuth": 0, "punto": "eje de unidad (no el motor)", "ncu": 12, "gw": 1, "axis_tilt": 0, "max_angle": 55, "backtrack": true, "gcr": 0.3973, "cross_axis_tilt": 0}}, {"type": "Feature", "geometry": {"type": "Point", "coordinates": [-1.1692227, 39.1113065]}, "properties": {"rol": "seguidor", "id": "TK 009-08", "tipo": "completo", "axis_azimuth": 0, "punto": "eje de unidad (no el motor)", "ncu": 12, "gw": 1, "axis_tilt": 0, "max_angle": 55, "backtrack": true, "gcr": 0.3973, "cross_axis_tilt": 0}}, {"type": "Feature", "geometry": {"type": "Point", "coordinates": [-1.1692364, 39.1107778]}, "properties": {"rol": "seguidor", "id": "TK 044-08", "tipo": "medio", "axis_azimuth": 0, "punto": "eje de unidad (no el motor)", "ncu": 12, "gw": 1, "axis_tilt": 0, "max_angle": 55, "backtrack": true, "gcr": 0.3973, "cross_axis_tilt": 0}}, {"type": "Feature", "geometry": {"type": "Point", "coordinates": [-1.1690847, 39.1112746]}, "properties": {"rol": "seguidor", "id": "TK 010-08", "tipo": "medio", "axis_azimuth": 0, "punto": "eje de unidad (no el motor)", "ncu": 12, "gw": 1, "axis_tilt": 0, "max_angle": 55, "backtrack": true, "gcr": 0.3973, "cross_axis_tilt": 0}}, {"type": "Feature", "geometry": {"type": "Point", "coordinates": [-1.1691012, 39.1106388]}, "properties": {"rol": "seguidor", "id": "TK 045-08", "tipo": "completo", "axis_azimuth": 0, "punto": "eje de unidad (no el motor)", "ncu": 12, "gw": 1, "axis_tilt": 0, "max_angle": 55, "backtrack": true, "gcr": 0.3973, "cross_axis_tilt": 0}}, {"type": "Feature", "geometry": {"type": "Point", "coordinates": [-1.1689467, 39.1112427]}, "properties": {"rol": "seguidor", "id": "TK 011-08", "tipo": "medio", "axis_azimuth": 0, "punto": "eje de unidad (no el motor)", "ncu": 12, "gw": 1, "axis_tilt": 0, "max_angle": 55, "backtrack": true, "gcr": 0.3973, "cross_axis_tilt": 0}}, {"type": "Feature", "geometry": {"type": "Point", "coordinates": [-1.1689624, 39.1106366]}, "properties": {"rol": "seguidor", "id": "TK 046-08", "tipo": "medio", "axis_azimuth": 0, "punto": "eje de unidad (no el motor)", "ncu": 12, "gw": 1, "axis_tilt": 0, "max_angle": 55, "backtrack": true, "gcr": 0.3973, "cross_axis_tilt": 0}}, {"type": "Feature", "geometry": {"type": "Point", "coordinates": [-1.1688088, 39.1112108]}, "properties": {"rol": "seguidor", "id": "TK 012-08", "tipo": "medio", "axis_azimuth": 0, "punto": "eje de unidad (no el motor)", "ncu": 12, "gw": 1, "axis_tilt": 0, "max_angle": 55, "backtrack": true, "gcr": 0.3973, "cross_axis_tilt": 0}}, {"type": "Feature", "geometry": {"type": "Point", "coordinates": [-1.1688237, 39.1106344]}, "properties": {"rol": "seguidor", "id": "TK 047-08", "tipo": "completo", "axis_azimuth": 0, "punto": "eje de unidad (no el motor)", "ncu": 12, "gw": 1, "axis_tilt": 0, "max_angle": 55, "backtrack": true, "gcr": 0.3973, "cross_axis_tilt": 0}}, {"type": "Feature", "geometry": {"type": "Point", "coordinates": [-1.1686687, 39.1112618]}, "properties": {"rol": "seguidor", "id": "TK 013-08", "tipo": "completo", "axis_azimuth": 0, "punto": "eje de unidad (no el motor)", "ncu": 12, "gw": 1, "axis_tilt": 0, "max_angle": 55, "backtrack": true, "gcr": 0.3973, "cross_axis_tilt": 0}}, {"type": "Feature", "geometry": {"type": "Point", "coordinates": [-1.1686833, 39.1106971]}, "properties": {"rol": "seguidor", "id": "TK 048-08", "tipo": "completo", "axis_azimuth": 0, "punto": "eje de unidad (no el motor)", "ncu": 12, "gw": 1, "axis_tilt": 0, "max_angle": 55, "backtrack": true, "gcr": 0.3973, "cross_axis_tilt": 0}}, {"type": "Feature", "geometry": {"type": "Point", "coordinates": [-1.1685258, 39.1114199]}, "properties": {"rol": "seguidor", "id": "TK 014-08", "tipo": "completo", "axis_azimuth": 0, "punto": "eje de unidad (no el motor)", "ncu": 12, "gw": 1, "axis_tilt": 0, "max_angle": 55, "backtrack": true, "gcr": 0.3973, "cross_axis_tilt": 0}}, {"type": "Feature", "geometry": {"type": "Point", "coordinates": [-1.1683871, 39.1114177]}, "properties": {"rol": "seguidor", "id": "TK 015-08", "tipo": "completo", "axis_azimuth": 0, "punto": "eje de unidad (no el motor)", "ncu": 12, "gw": 1, "axis_tilt": 0, "max_angle": 55, "backtrack": true, "gcr": 0.3973, "cross_axis_tilt": 0}}, {"type": "Feature", "geometry": {"type": "Point", "coordinates": [-1.1682484, 39.1114156]}, "properties": {"rol": "seguidor", "id": "TK 016-08", "tipo": "completo", "axis_azimuth": 0, "punto": "eje de unidad (no el motor)", "ncu": 12, "gw": 1, "axis_tilt": 0, "max_angle": 55, "backtrack": true, "gcr": 0.3973, "cross_axis_tilt": 0}}, {"type": "Feature", "geometry": {"type": "Point", "coordinates": [-1.1681096, 39.1114143]}, "properties": {"rol": "seguidor", "id": "TK 017-08", "tipo": "completo", "axis_azimuth": 0, "punto": "eje de unidad (no el motor)", "ncu": 12, "gw": 1, "axis_tilt": 0, "max_angle": 55, "backtrack": true, "gcr": 0.3973, "cross_axis_tilt": 0}}, {"type": "Feature", "geometry": {"type": "Point", "coordinates": [-1.1679709, 39.1114121]}, "properties": {"rol": "seguidor", "id": "TK 018-08", "tipo": "completo", "axis_azimuth": 0, "punto": "eje de unidad (no el motor)", "ncu": 12, "gw": 1, "axis_tilt": 0, "max_angle": 55, "backtrack": true, "gcr": 0.3973, "cross_axis_tilt": 0}}, {"type": "Feature", "geometry": {"type": "Point", "coordinates": [-1.1678322, 39.111409]}, "properties": {"rol": "seguidor", "id": "TK 019-08", "tipo": "completo", "axis_azimuth": 0, "punto": "eje de unidad (no el motor)", "ncu": 12, "gw": 1, "axis_tilt": 0, "max_angle": 55, "backtrack": true, "gcr": 0.3973, "cross_axis_tilt": 0}}, {"type": "Feature", "geometry": {"type": "Point", "coordinates": [-1.1678475, 39.1108173]}, "properties": {"rol": "seguidor", "id": "TK 020-08", "tipo": "completo", "axis_azimuth": 0, "punto": "eje de unidad (no el motor)", "ncu": 12, "gw": 1, "axis_tilt": 0, "max_angle": 55, "backtrack": true, "gcr": 0.3973, "cross_axis_tilt": 0}}, {"type": "Feature", "geometry": {"type": "Point", "coordinates": [-1.1676934, 39.1114077]}, "properties": {"rol": "seguidor", "id": "TK 021-08", "tipo": "completo", "axis_azimuth": 0, "punto": "eje de unidad (no el motor)", "ncu": 12, "gw": 1, "axis_tilt": 0, "max_angle": 55, "backtrack": true, "gcr": 0.3973, "cross_axis_tilt": 0}}, {"type": "Feature", "geometry": {"type": "Point", "coordinates": [-1.1677087, 39.110816]}, "properties": {"rol": "seguidor", "id": "TK 022-08", "tipo": "completo", "axis_azimuth": 0, "punto": "eje de unidad (no el motor)", "ncu": 12, "gw": 1, "axis_tilt": 0, "max_angle": 55, "backtrack": true, "gcr": 0.3973, "cross_axis_tilt": 0}}, {"type": "Feature", "geometry": {"type": "Point", "coordinates": [-1.1675552, 39.1113857]}, "properties": {"rol": "seguidor", "id": "TK 023-08", "tipo": "completo", "axis_azimuth": 0, "punto": "eje de unidad (no el motor)", "ncu": 12, "gw": 1, "axis_tilt": 0, "max_angle": 55, "backtrack": true, "gcr": 0.3973, "cross_axis_tilt": 0}}, {"type": "Feature", "geometry": {"type": "Point", "coordinates": [-1.1675662, 39.1109606]}, "properties": {"rol": "seguidor", "id": "TK 024-08", "tipo": "completo", "axis_azimuth": 0, "punto": "eje de unidad (no el motor)", "ncu": 12, "gw": 1, "axis_tilt": 0, "max_angle": 55, "backtrack": true, "gcr": 0.3973, "cross_axis_tilt": 0}}, {"type": "Feature", "geometry": {"type": "Point", "coordinates": [-1.1674257, 39.111026]}, "properties": {"rol": "seguidor", "id": "TK 025-08", "tipo": "completo", "axis_azimuth": 0, "punto": "eje de unidad (no el motor)", "ncu": 12, "gw": 1, "axis_tilt": 0, "max_angle": 55, "backtrack": true, "gcr": 0.3973, "cross_axis_tilt": 0}}, {"type": "Feature", "geometry": {"type": "Point", "coordinates": [-1.17321, 39.107383]}, "properties": {"rol": "seguidor", "id": "TK 025-09", "tipo": "completo", "axis_azimuth": 0, "punto": "eje de unidad (no el motor)", "ncu": 13, "gw": 1, "axis_tilt": 0, "max_angle": 55, "backtrack": true, "gcr": 0.3973, "cross_axis_tilt": 0}}, {"type": "Feature", "geometry": {"type": "Point", "coordinates": [-1.1730734, 39.1072979]}, "properties": {"rol": "seguidor", "id": "TK 026-09", "tipo": "completo", "axis_azimuth": 0, "punto": "eje de unidad (no el motor)", "ncu": 13, "gw": 1, "axis_tilt": 0, "max_angle": 55, "backtrack": true, "gcr": 0.3973, "cross_axis_tilt": 0}}, {"type": "Feature", "geometry": {"type": "Point", "coordinates": [-1.1729347, 39.1072958]}, "properties": {"rol": "seguidor", "id": "TK 027-09", "tipo": "medio", "axis_azimuth": 0, "punto": "eje de unidad (no el motor)", "ncu": 13, "gw": 1, "axis_tilt": 0, "max_angle": 55, "backtrack": true, "gcr": 0.3973, "cross_axis_tilt": 0}}, {"type": "Feature", "geometry": {"type": "Point", "coordinates": [-1.1727981, 39.1072107]}, "properties": {"rol": "seguidor", "id": "TK 028-09", "tipo": "completo", "axis_azimuth": 0, "punto": "eje de unidad (no el motor)", "ncu": 13, "gw": 1, "axis_tilt": 0, "max_angle": 55, "backtrack": true, "gcr": 0.3973, "cross_axis_tilt": 0}}, {"type": "Feature", "geometry": {"type": "Point", "coordinates": [-1.1726572, 39.1072914]}, "properties": {"rol": "seguidor", "id": "TK 029-09", "tipo": "medio", "axis_azimuth": 0, "punto": "eje de unidad (no el motor)", "ncu": 13, "gw": 1, "axis_tilt": 0, "max_angle": 55, "backtrack": true, "gcr": 0.3973, "cross_axis_tilt": 0}}, {"type": "Feature", "geometry": {"type": "Point", "coordinates": [-1.1726682, 39.1068663]}, "properties": {"rol": "seguidor", "id": "TK 030-09", "tipo": "completo", "axis_azimuth": 0, "punto": "eje de unidad (no el motor)", "ncu": 13, "gw": 1, "axis_tilt": 0, "max_angle": 55, "backtrack": true, "gcr": 0.3973, "cross_axis_tilt": 0}}, {"type": "Feature", "geometry": {"type": "Point", "coordinates": [-1.1725206, 39.1072064]}, "properties": {"rol": "seguidor", "id": "TK 031-09", "tipo": "completo", "axis_azimuth": 0, "punto": "eje de unidad (no el motor)", "ncu": 13, "gw": 1, "axis_tilt": 0, "max_angle": 55, "backtrack": true, "gcr": 0.3973, "cross_axis_tilt": 0}}, {"type": "Feature", "geometry": {"type": "Point", "coordinates": [-1.1725338, 39.1066975]}, "properties": {"rol": "seguidor", "id": "TK 032-09", "tipo": "completo", "axis_azimuth": 0, "punto": "eje de unidad (no el motor)", "ncu": 13, "gw": 1, "axis_tilt": 0, "max_angle": 55, "backtrack": true, "gcr": 0.3973, "cross_axis_tilt": 0}}, {"type": "Feature", "geometry": {"type": "Point", "coordinates": [-1.1723798, 39.1072871]}, "properties": {"rol": "seguidor", "id": "TK 033-09", "tipo": "medio", "axis_azimuth": 0, "punto": "eje de unidad (no el motor)", "ncu": 13, "gw": 1, "axis_tilt": 0, "max_angle": 55, "backtrack": true, "gcr": 0.3973, "cross_axis_tilt": 0}}, {"type": "Feature", "geometry": {"type": "Point", "coordinates": [-1.1723951, 39.1066953]}, "properties": {"rol": "seguidor", "id": "TK 034-09", "tipo": "completo", "axis_azimuth": 0, "punto": "eje de unidad (no el motor)", "ncu": 13, "gw": 1, "axis_tilt": 0, "max_angle": 55, "backtrack": true, "gcr": 0.3973, "cross_axis_tilt": 0}}, {"type": "Feature", "geometry": {"type": "Point", "coordinates": [-1.1722432, 39.107202]}, "properties": {"rol": "seguidor", "id": "TK 035-09", "tipo": "completo", "axis_azimuth": 0, "punto": "eje de unidad (no el motor)", "ncu": 13, "gw": 1, "axis_tilt": 0, "max_angle": 55, "backtrack": true, "gcr": 0.3973, "cross_axis_tilt": 0}}, {"type": "Feature", "geometry": {"type": "Point", "coordinates": [-1.1722606, 39.1065274]}, "properties": {"rol": "seguidor", "id": "TK 036-09", "tipo": "completo", "axis_azimuth": 0, "punto": "eje de unidad (no el motor)", "ncu": 13, "gw": 1, "axis_tilt": 0, "max_angle": 55, "backtrack": true, "gcr": 0.3973, "cross_axis_tilt": 0}}, {"type": "Feature", "geometry": {"type": "Point", "coordinates": [-1.1721045, 39.1071998]}, "properties": {"rol": "seguidor", "id": "TK 037-09", "tipo": "completo", "axis_azimuth": 0, "punto": "eje de unidad (no el motor)", "ncu": 13, "gw": 1, "axis_tilt": 0, "max_angle": 55, "backtrack": true, "gcr": 0.3973, "cross_axis_tilt": 0}}, {"type": "Feature", "geometry": {"type": "Point", "coordinates": [-1.1721219, 39.1065253]}, "properties": {"rol": "seguidor", "id": "TK 038-09", "tipo": "completo", "axis_azimuth": 0, "punto": "eje de unidad (no el motor)", "ncu": 13, "gw": 1, "axis_tilt": 0, "max_angle": 55, "backtrack": true, "gcr": 0.3973, "cross_axis_tilt": 0}}, {"type": "Feature", "geometry": {"type": "Point", "coordinates": [-1.1719546, 39.10763]}, "properties": {"rol": "seguidor", "id": "TK 039-09", "tipo": "completo", "axis_azimuth": 0, "punto": "eje de unidad (no el motor)", "ncu": 13, "gw": 1, "axis_tilt": 0, "max_angle": 55, "backtrack": true, "gcr": 0.3973, "cross_axis_tilt": 0}}, {"type": "Feature", "geometry": {"type": "Point", "coordinates": [-1.1719699, 39.1070383]}, "properties": {"rol": "seguidor", "id": "TK 040-09", "tipo": "completo", "axis_azimuth": 0, "punto": "eje de unidad (no el motor)", "ncu": 13, "gw": 1, "axis_tilt": 0, "max_angle": 55, "backtrack": true, "gcr": 0.3973, "cross_axis_tilt": 0}}, {"type": "Feature", "geometry": {"type": "Point", "coordinates": [-1.1719873, 39.1063637]}, "properties": {"rol": "seguidor", "id": "TK 041-09", "tipo": "completo", "axis_azimuth": 0, "punto": "eje de unidad (no el motor)", "ncu": 13, "gw": 1, "axis_tilt": 0, "max_angle": 55, "backtrack": true, "gcr": 0.3973, "cross_axis_tilt": 0}}, {"type": "Feature", "geometry": {"type": "Point", "coordinates": [-1.171818, 39.107545]}, "properties": {"rol": "seguidor", "id": "TK 042-09", "tipo": "completo", "axis_azimuth": 0, "punto": "eje de unidad (no el motor)", "ncu": 13, "gw": 1, "axis_tilt": 0, "max_angle": 55, "backtrack": true, "gcr": 0.3973, "cross_axis_tilt": 0}}, {"type": "Feature", "geometry": {"type": "Point", "coordinates": [-1.1718354, 39.1068704]}, "properties": {"rol": "seguidor", "id": "TK 043-09", "tipo": "completo", "axis_azimuth": 0, "punto": "eje de unidad (no el motor)", "ncu": 13, "gw": 1, "axis_tilt": 0, "max_angle": 55, "backtrack": true, "gcr": 0.3973, "cross_axis_tilt": 0}}, {"type": "Feature", "geometry": {"type": "Point", "coordinates": [-1.1718529, 39.1061949]}, "properties": {"rol": "seguidor", "id": "TK 044-09", "tipo": "completo", "axis_azimuth": 0, "punto": "eje de unidad (no el motor)", "ncu": 13, "gw": 1, "axis_tilt": 0, "max_angle": 55, "backtrack": true, "gcr": 0.3973, "cross_axis_tilt": 0}}, {"type": "Feature", "geometry": {"type": "Point", "coordinates": [-1.1716771, 39.1076256]}, "properties": {"rol": "seguidor", "id": "TK 045-09", "tipo": "medio", "axis_azimuth": 0, "punto": "eje de unidad (no el motor)", "ncu": 13, "gw": 1, "axis_tilt": 0, "max_angle": 55, "backtrack": true, "gcr": 0.3973, "cross_axis_tilt": 0}}, {"type": "Feature", "geometry": {"type": "Point", "coordinates": [-1.1716924, 39.1070339]}, "properties": {"rol": "seguidor", "id": "TK 046-09", "tipo": "completo", "axis_azimuth": 0, "punto": "eje de unidad (no el motor)", "ncu": 13, "gw": 1, "axis_tilt": 0, "max_angle": 55, "backtrack": true, "gcr": 0.3973, "cross_axis_tilt": 0}}, {"type": "Feature", "geometry": {"type": "Point", "coordinates": [-1.1717099, 39.1063593]}, "properties": {"rol": "seguidor", "id": "TK 047-09", "tipo": "completo", "axis_azimuth": 0, "punto": "eje de unidad (no el motor)", "ncu": 13, "gw": 1, "axis_tilt": 0, "max_angle": 55, "backtrack": true, "gcr": 0.3973, "cross_axis_tilt": 0}}, {"type": "Feature", "geometry": {"type": "Point", "coordinates": [-1.171723, 39.1058504]}, "properties": {"rol": "seguidor", "id": "TK 048-09", "tipo": "completo", "axis_azimuth": 0, "punto": "eje de unidad (no el motor)", "ncu": 13, "gw": 1, "axis_tilt": 0, "max_angle": 55, "backtrack": true, "gcr": 0.3973, "cross_axis_tilt": 0}}, {"type": "Feature", "geometry": {"type": "Point", "coordinates": [-1.1715384, 39.1076235]}, "properties": {"rol": "seguidor", "id": "TK 049-09", "tipo": "medio", "axis_azimuth": 0, "punto": "eje de unidad (no el motor)", "ncu": 13, "gw": 1, "axis_tilt": 0, "max_angle": 55, "backtrack": true, "gcr": 0.3973, "cross_axis_tilt": 0}}, {"type": "Feature", "geometry": {"type": "Point", "coordinates": [-1.1715537, 39.1070317]}, "properties": {"rol": "seguidor", "id": "TK 050-09", "tipo": "completo", "axis_azimuth": 0, "punto": "eje de unidad (no el motor)", "ncu": 13, "gw": 1, "axis_tilt": 0, "max_angle": 55, "backtrack": true, "gcr": 0.3973, "cross_axis_tilt": 0}}, {"type": "Feature", "geometry": {"type": "Point", "coordinates": [-1.1715711, 39.1063571]}, "properties": {"rol": "seguidor", "id": "TK 051-09", "tipo": "completo", "axis_azimuth": 0, "punto": "eje de unidad (no el motor)", "ncu": 13, "gw": 1, "axis_tilt": 0, "max_angle": 55, "backtrack": true, "gcr": 0.3973, "cross_axis_tilt": 0}}, {"type": "Feature", "geometry": {"type": "Point", "coordinates": [-1.1715843, 39.1058483]}, "properties": {"rol": "seguidor", "id": "TK 052-09", "tipo": "completo", "axis_azimuth": 0, "punto": "eje de unidad (no el motor)", "ncu": 13, "gw": 1, "axis_tilt": 0, "max_angle": 55, "backtrack": true, "gcr": 0.3973, "cross_axis_tilt": 0}}, {"type": "Feature", "geometry": {"type": "Point", "coordinates": [-1.1714018, 39.1075384]}, "properties": {"rol": "seguidor", "id": "TK 053-09", "tipo": "completo", "axis_azimuth": 0, "punto": "eje de unidad (no el motor)", "ncu": 13, "gw": 1, "axis_tilt": 0, "max_angle": 55, "backtrack": true, "gcr": 0.3973, "cross_axis_tilt": 0}}, {"type": "Feature", "geometry": {"type": "Point", "coordinates": [-1.1714193, 39.1068638]}, "properties": {"rol": "seguidor", "id": "TK 054-09", "tipo": "completo", "axis_azimuth": 0, "punto": "eje de unidad (no el motor)", "ncu": 13, "gw": 1, "axis_tilt": 0, "max_angle": 55, "backtrack": true, "gcr": 0.3973, "cross_axis_tilt": 0}}, {"type": "Feature", "geometry": {"type": "Point", "coordinates": [-1.1714367, 39.1061883]}, "properties": {"rol": "seguidor", "id": "TK 055-09", "tipo": "completo", "axis_azimuth": 0, "punto": "eje de unidad (no el motor)", "ncu": 13, "gw": 1, "axis_tilt": 0, "max_angle": 55, "backtrack": true, "gcr": 0.3973, "cross_axis_tilt": 0}}, {"type": "Feature", "geometry": {"type": "Point", "coordinates": [-1.171255, 39.1078497]}, "properties": {"rol": "seguidor", "id": "TK 056-09", "tipo": "completo", "axis_azimuth": 0, "punto": "eje de unidad (no el motor)", "ncu": 13, "gw": 1, "axis_tilt": 0, "max_angle": 55, "backtrack": true, "gcr": 0.3973, "cross_axis_tilt": 0}}, {"type": "Feature", "geometry": {"type": "Point", "coordinates": [-1.1712703, 39.1072579]}, "properties": {"rol": "seguidor", "id": "TK 057-09", "tipo": "completo", "axis_azimuth": 0, "punto": "eje de unidad (no el motor)", "ncu": 13, "gw": 1, "axis_tilt": 0, "max_angle": 55, "backtrack": true, "gcr": 0.3973, "cross_axis_tilt": 0}}, {"type": "Feature", "geometry": {"type": "Point", "coordinates": [-1.1712878, 39.1065834]}, "properties": {"rol": "seguidor", "id": "TK 058-09", "tipo": "completo", "axis_azimuth": 0, "punto": "eje de unidad (no el motor)", "ncu": 13, "gw": 1, "axis_tilt": 0, "max_angle": 55, "backtrack": true, "gcr": 0.3973, "cross_axis_tilt": 0}}, {"type": "Feature", "geometry": {"type": "Point", "coordinates": [-1.1713009, 39.1060745]}, "properties": {"rol": "seguidor", "id": "TK 059-09", "tipo": "completo", "axis_azimuth": 0, "punto": "eje de unidad (no el motor)", "ncu": 13, "gw": 1, "axis_tilt": 0, "max_angle": 55, "backtrack": true, "gcr": 0.3973, "cross_axis_tilt": 0}}, {"type": "Feature", "geometry": {"type": "Point", "coordinates": [-1.1711184, 39.1077646]}, "properties": {"rol": "seguidor", "id": "TK 060-09", "tipo": "completo", "axis_azimuth": 0, "punto": "eje de unidad (no el motor)", "ncu": 13, "gw": 1, "axis_tilt": 0, "max_angle": 55, "backtrack": true, "gcr": 0.3973, "cross_axis_tilt": 0}}, {"type": "Feature", "geometry": {"type": "Point", "coordinates": [-1.1711359, 39.10709]}, "properties": {"rol": "seguidor", "id": "TK 061-09", "tipo": "completo", "axis_azimuth": 0, "punto": "eje de unidad (no el motor)", "ncu": 13, "gw": 1, "axis_tilt": 0, "max_angle": 55, "backtrack": true, "gcr": 0.3973, "cross_axis_tilt": 0}}, {"type": "Feature", "geometry": {"type": "Point", "coordinates": [-1.1711533, 39.1064146]}, "properties": {"rol": "seguidor", "id": "TK 062-09", "tipo": "completo", "axis_azimuth": 0, "punto": "eje de unidad (no el motor)", "ncu": 13, "gw": 1, "axis_tilt": 0, "max_angle": 55, "backtrack": true, "gcr": 0.3973, "cross_axis_tilt": 0}}, {"type": "Feature", "geometry": {"type": "Point", "coordinates": [-1.1709776, 39.1078453]}, "properties": {"rol": "seguidor", "id": "TK 063-09", "tipo": "medio", "axis_azimuth": 0, "punto": "eje de unidad (no el motor)", "ncu": 13, "gw": 1, "axis_tilt": 0, "max_angle": 55, "backtrack": true, "gcr": 0.3973, "cross_axis_tilt": 0}}, {"type": "Feature", "geometry": {"type": "Point", "coordinates": [-1.1709929, 39.1072536]}, "properties": {"rol": "seguidor", "id": "TK 064-09", "tipo": "completo", "axis_azimuth": 0, "punto": "eje de unidad (no el motor)", "ncu": 13, "gw": 1, "axis_tilt": 0, "max_angle": 55, "backtrack": true, "gcr": 0.3973, "cross_axis_tilt": 0}}, {"type": "Feature", "geometry": {"type": "Point", "coordinates": [-1.1710103, 39.106579]}, "properties": {"rol": "seguidor", "id": "TK 065-09", "tipo": "completo", "axis_azimuth": 0, "punto": "eje de unidad (no el motor)", "ncu": 13, "gw": 1, "axis_tilt": 0, "max_angle": 55, "backtrack": true, "gcr": 0.3973, "cross_axis_tilt": 0}}, {"type": "Feature", "geometry": {"type": "Point", "coordinates": [-1.1708389, 39.1078431]}, "properties": {"rol": "seguidor", "id": "TK 066-09", "tipo": "medio", "axis_azimuth": 0, "punto": "eje de unidad (no el motor)", "ncu": 13, "gw": 1, "axis_tilt": 0, "max_angle": 55, "backtrack": true, "gcr": 0.3973, "cross_axis_tilt": 0}}, {"type": "Feature", "geometry": {"type": "Point", "coordinates": [-1.1708542, 39.1072514]}, "properties": {"rol": "seguidor", "id": "TK 067-09", "tipo": "completo", "axis_azimuth": 0, "punto": "eje de unidad (no el motor)", "ncu": 13, "gw": 1, "axis_tilt": 0, "max_angle": 55, "backtrack": true, "gcr": 0.3973, "cross_axis_tilt": 0}}, {"type": "Feature", "geometry": {"type": "Point", "coordinates": [-1.1708716, 39.1065768]}, "properties": {"rol": "seguidor", "id": "TK 068-09", "tipo": "completo", "axis_azimuth": 0, "punto": "eje de unidad (no el motor)", "ncu": 13, "gw": 1, "axis_tilt": 0, "max_angle": 55, "backtrack": true, "gcr": 0.3973, "cross_axis_tilt": 0}}, {"type": "Feature", "geometry": {"type": "Point", "coordinates": [-1.1706972, 39.1079563]}, "properties": {"rol": "seguidor", "id": "TK 069-09", "tipo": "completo", "axis_azimuth": 0, "punto": "eje de unidad (no el motor)", "ncu": 13, "gw": 1, "axis_tilt": 0, "max_angle": 55, "backtrack": true, "gcr": 0.3973, "cross_axis_tilt": 0}}, {"type": "Feature", "geometry": {"type": "Point", "coordinates": [-1.1707125, 39.1073645]}, "properties": {"rol": "seguidor", "id": "TK 070-09", "tipo": "completo", "axis_azimuth": 0, "punto": "eje de unidad (no el motor)", "ncu": 13, "gw": 1, "axis_tilt": 0, "max_angle": 55, "backtrack": true, "gcr": 0.3973, "cross_axis_tilt": 0}}, {"type": "Feature", "geometry": {"type": "Point", "coordinates": [-1.1707299, 39.106689]}, "properties": {"rol": "seguidor", "id": "TK 071-09", "tipo": "completo", "axis_azimuth": 0, "punto": "eje de unidad (no el motor)", "ncu": 13, "gw": 1, "axis_tilt": 0, "max_angle": 55, "backtrack": true, "gcr": 0.3973, "cross_axis_tilt": 0}}, {"type": "Feature", "geometry": {"type": "Point", "coordinates": [-1.1705606, 39.1078703]}, "properties": {"rol": "seguidor", "id": "TK 072-09", "tipo": "completo", "axis_azimuth": 0, "punto": "eje de unidad (no el motor)", "ncu": 13, "gw": 1, "axis_tilt": 0, "max_angle": 55, "backtrack": true, "gcr": 0.3973, "cross_axis_tilt": 0}}, {"type": "Feature", "geometry": {"type": "Point", "coordinates": [-1.170578, 39.1071957]}, "properties": {"rol": "seguidor", "id": "TK 073-09", "tipo": "completo", "axis_azimuth": 0, "punto": "eje de unidad (no el motor)", "ncu": 13, "gw": 1, "axis_tilt": 0, "max_angle": 55, "backtrack": true, "gcr": 0.3973, "cross_axis_tilt": 0}}, {"type": "Feature", "geometry": {"type": "Point", "coordinates": [-1.1705912, 39.1066868]}, "properties": {"rol": "seguidor", "id": "TK 074-09", "tipo": "completo", "axis_azimuth": 0, "punto": "eje de unidad (no el motor)", "ncu": 13, "gw": 1, "axis_tilt": 0, "max_angle": 55, "backtrack": true, "gcr": 0.3973, "cross_axis_tilt": 0}}, {"type": "Feature", "geometry": {"type": "Point", "coordinates": [-1.1704197, 39.1079519]}, "properties": {"rol": "seguidor", "id": "TK 075-09", "tipo": "medio", "axis_azimuth": 0, "punto": "eje de unidad (no el motor)", "ncu": 13, "gw": 1, "axis_tilt": 0, "max_angle": 55, "backtrack": true, "gcr": 0.3973, "cross_axis_tilt": 0}}, {"type": "Feature", "geometry": {"type": "Point", "coordinates": [-1.170435, 39.1073602]}, "properties": {"rol": "seguidor", "id": "TK 076-09", "tipo": "completo", "axis_azimuth": 0, "punto": "eje de unidad (no el motor)", "ncu": 13, "gw": 1, "axis_tilt": 0, "max_angle": 55, "backtrack": true, "gcr": 0.3973, "cross_axis_tilt": 0}}, {"type": "Feature", "geometry": {"type": "Point", "coordinates": [-1.1704482, 39.1068513]}, "properties": {"rol": "seguidor", "id": "TK 077-09", "tipo": "medio", "axis_azimuth": 0, "punto": "eje de unidad (no el motor)", "ncu": 13, "gw": 1, "axis_tilt": 0, "max_angle": 55, "backtrack": true, "gcr": 0.3973, "cross_axis_tilt": 0}}, {"type": "Feature", "geometry": {"type": "Point", "coordinates": [-1.170281, 39.1079497]}, "properties": {"rol": "seguidor", "id": "TK 078-09", "tipo": "medio", "axis_azimuth": 0, "punto": "eje de unidad (no el motor)", "ncu": 13, "gw": 1, "axis_tilt": 0, "max_angle": 55, "backtrack": true, "gcr": 0.3973, "cross_axis_tilt": 0}}, {"type": "Feature", "geometry": {"type": "Point", "coordinates": [-1.1702963, 39.107358]}, "properties": {"rol": "seguidor", "id": "TK 079-09", "tipo": "completo", "axis_azimuth": 0, "punto": "eje de unidad (no el motor)", "ncu": 13, "gw": 1, "axis_tilt": 0, "max_angle": 55, "backtrack": true, "gcr": 0.3973, "cross_axis_tilt": 0}}, {"type": "Feature", "geometry": {"type": "Point", "coordinates": [-1.1703095, 39.1068491]}, "properties": {"rol": "seguidor", "id": "TK 080-09", "tipo": "completo", "axis_azimuth": 0, "punto": "eje de unidad (no el motor)", "ncu": 13, "gw": 1, "axis_tilt": 0, "max_angle": 55, "backtrack": true, "gcr": 0.3973, "cross_axis_tilt": 0}}, {"type": "Feature", "geometry": {"type": "Point", "coordinates": [-1.1701444, 39.1078638]}, "properties": {"rol": "seguidor", "id": "TK 081-09", "tipo": "completo", "axis_azimuth": 0, "punto": "eje de unidad (no el motor)", "ncu": 13, "gw": 1, "axis_tilt": 0, "max_angle": 55, "backtrack": true, "gcr": 0.3973, "cross_axis_tilt": 0}}, {"type": "Feature", "geometry": {"type": "Point", "coordinates": [-1.1701619, 39.1071892]}, "properties": {"rol": "seguidor", "id": "TK 082-09", "tipo": "completo", "axis_azimuth": 0, "punto": "eje de unidad (no el motor)", "ncu": 13, "gw": 1, "axis_tilt": 0, "max_angle": 55, "backtrack": true, "gcr": 0.3973, "cross_axis_tilt": 0}}, {"type": "Feature", "geometry": {"type": "Point", "coordinates": [-1.170006, 39.1078499]}, "properties": {"rol": "seguidor", "id": "TK 083-09", "tipo": "medio", "axis_azimuth": 0, "punto": "eje de unidad (no el motor)", "ncu": 13, "gw": 1, "axis_tilt": 0, "max_angle": 55, "backtrack": true, "gcr": 0.3973, "cross_axis_tilt": 0}}, {"type": "Feature", "geometry": {"type": "Point", "coordinates": [-1.1700213, 39.1072582]}, "properties": {"rol": "seguidor", "id": "TK 084-09", "tipo": "completo", "axis_azimuth": 0, "punto": "eje de unidad (no el motor)", "ncu": 13, "gw": 1, "axis_tilt": 0, "max_angle": 55, "backtrack": true, "gcr": 0.3973, "cross_axis_tilt": 0}}, {"type": "Feature", "geometry": {"type": "Point", "coordinates": [-1.1698694, 39.1077649]}, "properties": {"rol": "seguidor", "id": "TK 085-09", "tipo": "completo", "axis_azimuth": 0, "punto": "eje de unidad (no el motor)", "ncu": 13, "gw": 1, "axis_tilt": 0, "max_angle": 55, "backtrack": true, "gcr": 0.3973, "cross_axis_tilt": 0}}, {"type": "Feature", "geometry": {"type": "Point", "coordinates": [-1.1698826, 39.107256]}, "properties": {"rol": "seguidor", "id": "TK 086-09", "tipo": "medio", "axis_azimuth": 0, "punto": "eje de unidad (no el motor)", "ncu": 13, "gw": 1, "axis_tilt": 0, "max_angle": 55, "backtrack": true, "gcr": 0.3973, "cross_axis_tilt": 0}}, {"type": "Feature", "geometry": {"type": "Point", "coordinates": [-1.1697307, 39.1077627]}, "properties": {"rol": "seguidor", "id": "TK 087-09", "tipo": "completo", "axis_azimuth": 0, "punto": "eje de unidad (no el motor)", "ncu": 13, "gw": 1, "axis_tilt": 0, "max_angle": 55, "backtrack": true, "gcr": 0.3973, "cross_axis_tilt": 0}}, {"type": "Feature", "geometry": {"type": "Point", "coordinates": [-1.1697439, 39.1072538]}, "properties": {"rol": "seguidor", "id": "TK 088-09", "tipo": "completo", "axis_azimuth": 0, "punto": "eje de unidad (no el motor)", "ncu": 13, "gw": 1, "axis_tilt": 0, "max_angle": 55, "backtrack": true, "gcr": 0.3973, "cross_axis_tilt": 0}}, {"type": "Feature", "geometry": {"type": "Point", "coordinates": [-1.1695898, 39.1078434]}, "properties": {"rol": "seguidor", "id": "TK 089-09", "tipo": "medio", "axis_azimuth": 0, "punto": "eje de unidad (no el motor)", "ncu": 13, "gw": 1, "axis_tilt": 0, "max_angle": 55, "backtrack": true, "gcr": 0.3973, "cross_axis_tilt": 0}}, {"type": "Feature", "geometry": {"type": "Point", "coordinates": [-1.1696009, 39.1074173]}, "properties": {"rol": "seguidor", "id": "TK 090-09", "tipo": "completo", "axis_azimuth": 0, "punto": "eje de unidad (no el motor)", "ncu": 13, "gw": 1, "axis_tilt": 0, "max_angle": 55, "backtrack": true, "gcr": 0.3973, "cross_axis_tilt": 0}}, {"type": "Feature", "geometry": {"type": "Point", "coordinates": [-1.1694533, 39.1077583]}, "properties": {"rol": "seguidor", "id": "TK 091-09", "tipo": "completo", "axis_azimuth": 0, "punto": "eje de unidad (no el motor)", "ncu": 13, "gw": 1, "axis_tilt": 0, "max_angle": 55, "backtrack": true, "gcr": 0.3973, "cross_axis_tilt": 0}}, {"type": "Feature", "geometry": {"type": "Point", "coordinates": [-1.1693124, 39.107839]}, "properties": {"rol": "seguidor", "id": "TK 092-09", "tipo": "completo", "axis_azimuth": 0, "punto": "eje de unidad (no el motor)", "ncu": 13, "gw": 1, "axis_tilt": 0, "max_angle": 55, "backtrack": true, "gcr": 0.3973, "cross_axis_tilt": 0}}, {"type": "Feature", "geometry": {"type": "Point", "coordinates": [-1.1691715, 39.1079197]}, "properties": {"rol": "seguidor", "id": "TK 093-09", "tipo": "medio", "axis_azimuth": 0, "punto": "eje de unidad (no el motor)", "ncu": 13, "gw": 1, "axis_tilt": 0, "max_angle": 55, "backtrack": true, "gcr": 0.3973, "cross_axis_tilt": 0}}, {"type": "Feature", "geometry": {"type": "Point", "coordinates": [-1.1690328, 39.1079175]}, "properties": {"rol": "seguidor", "id": "TK 094-09", "tipo": "medio", "axis_azimuth": 0, "punto": "eje de unidad (no el motor)", "ncu": 13, "gw": 1, "axis_tilt": 0, "max_angle": 55, "backtrack": true, "gcr": 0.3973, "cross_axis_tilt": 0}}, {"type": "Feature", "geometry": {"type": "Point", "coordinates": [-1.1688941, 39.1079153]}, "properties": {"rol": "seguidor", "id": "TK 095-09", "tipo": "medio", "axis_azimuth": 0, "punto": "eje de unidad (no el motor)", "ncu": 13, "gw": 1, "axis_tilt": 0, "max_angle": 55, "backtrack": true, "gcr": 0.3973, "cross_axis_tilt": 0}}, {"type": "Feature", "geometry": {"type": "Point", "coordinates": [-1.1687554, 39.1079131]}, "properties": {"rol": "seguidor", "id": "TK 096-09", "tipo": "completo", "axis_azimuth": 0, "punto": "eje de unidad (no el motor)", "ncu": 13, "gw": 1, "axis_tilt": 0, "max_angle": 55, "backtrack": true, "gcr": 0.3973, "cross_axis_tilt": 0}}, {"type": "Feature", "geometry": {"type": "Point", "coordinates": [-1.1744273, 39.1086094]}, "properties": {"rol": "seguidor", "id": "TK 007-09", "tipo": "completo", "axis_azimuth": 0, "punto": "eje de unidad (no el motor)", "ncu": 14, "gw": 1, "axis_tilt": 0, "max_angle": 55, "backtrack": true, "gcr": 0.3973, "cross_axis_tilt": 0}}, {"type": "Feature", "geometry": {"type": "Point", "coordinates": [-1.1742887, 39.1086036]}, "properties": {"rol": "seguidor", "id": "TK 008-09", "tipo": "completo", "axis_azimuth": 0, "punto": "eje de unidad (no el motor)", "ncu": 14, "gw": 1, "axis_tilt": 0, "max_angle": 55, "backtrack": true, "gcr": 0.3973, "cross_axis_tilt": 0}}, {"type": "Feature", "geometry": {"type": "Point", "coordinates": [-1.1741514, 39.1085438]}, "properties": {"rol": "seguidor", "id": "TK 009-09", "tipo": "completo", "axis_azimuth": 0, "punto": "eje de unidad (no el motor)", "ncu": 14, "gw": 1, "axis_tilt": 0, "max_angle": 55, "backtrack": true, "gcr": 0.3973, "cross_axis_tilt": 0}}, {"type": "Feature", "geometry": {"type": "Point", "coordinates": [-1.1740127, 39.1085417]}, "properties": {"rol": "seguidor", "id": "TK 010-09", "tipo": "completo", "axis_azimuth": 0, "punto": "eje de unidad (no el motor)", "ncu": 14, "gw": 1, "axis_tilt": 0, "max_angle": 55, "backtrack": true, "gcr": 0.3973, "cross_axis_tilt": 0}}, {"type": "Feature", "geometry": {"type": "Point", "coordinates": [-1.1738697, 39.1087043]}, "properties": {"rol": "seguidor", "id": "TK 011-09", "tipo": "medio", "axis_azimuth": 0, "punto": "eje de unidad (no el motor)", "ncu": 14, "gw": 1, "axis_tilt": 0, "max_angle": 55, "backtrack": true, "gcr": 0.3973, "cross_axis_tilt": 0}}, {"type": "Feature", "geometry": {"type": "Point", "coordinates": [-1.1738829, 39.1081954]}, "properties": {"rol": "seguidor", "id": "TK 012-09", "tipo": "completo", "axis_azimuth": 0, "punto": "eje de unidad (no el motor)", "ncu": 14, "gw": 1, "axis_tilt": 0, "max_angle": 55, "backtrack": true, "gcr": 0.3973, "cross_axis_tilt": 0}}, {"type": "Feature", "geometry": {"type": "Point", "coordinates": [-1.173731, 39.1087021]}, "properties": {"rol": "seguidor", "id": "TK 013-09", "tipo": "completo", "axis_azimuth": 0, "punto": "eje de unidad (no el motor)", "ncu": 14, "gw": 1, "axis_tilt": 0, "max_angle": 55, "backtrack": true, "gcr": 0.3973, "cross_axis_tilt": 0}}, {"type": "Feature", "geometry": {"type": "Point", "coordinates": [-1.1737463, 39.1081104]}, "properties": {"rol": "seguidor", "id": "TK 014-09", "tipo": "medio", "axis_azimuth": 0, "punto": "eje de unidad (no el motor)", "ncu": 14, "gw": 1, "axis_tilt": 0, "max_angle": 55, "backtrack": true, "gcr": 0.3973, "cross_axis_tilt": 0}}, {"type": "Feature", "geometry": {"type": "Point", "coordinates": [-1.173588, 39.1088666]}, "properties": {"rol": "seguidor", "id": "TK 015-09", "tipo": "completo", "axis_azimuth": 0, "punto": "eje de unidad (no el motor)", "ncu": 14, "gw": 1, "axis_tilt": 0, "max_angle": 55, "backtrack": true, "gcr": 0.3973, "cross_axis_tilt": 0}}, {"type": "Feature", "geometry": {"type": "Point", "coordinates": [-1.1736054, 39.1081911]}, "properties": {"rol": "seguidor", "id": "TK 016-09", "tipo": "completo", "axis_azimuth": 0, "punto": "eje de unidad (no el motor)", "ncu": 14, "gw": 1, "axis_tilt": 0, "max_angle": 55, "backtrack": true, "gcr": 0.3973, "cross_axis_tilt": 0}}, {"type": "Feature", "geometry": {"type": "Point", "coordinates": [-1.1734493, 39.1088644]}, "properties": {"rol": "seguidor", "id": "TK 017-09", "tipo": "completo", "axis_azimuth": 0, "punto": "eje de unidad (no el motor)", "ncu": 14, "gw": 1, "axis_tilt": 0, "max_angle": 55, "backtrack": true, "gcr": 0.3973, "cross_axis_tilt": 0}}, {"type": "Feature", "geometry": {"type": "Point", "coordinates": [-1.1734667, 39.1081889]}, "properties": {"rol": "seguidor", "id": "TK 018-09", "tipo": "completo", "axis_azimuth": 0, "punto": "eje de unidad (no el motor)", "ncu": 14, "gw": 1, "axis_tilt": 0, "max_angle": 55, "backtrack": true, "gcr": 0.3973, "cross_axis_tilt": 0}}, {"type": "Feature", "geometry": {"type": "Point", "coordinates": [-1.1733105, 39.1088622]}, "properties": {"rol": "seguidor", "id": "TK 019-09", "tipo": "completo", "axis_azimuth": 0, "punto": "eje de unidad (no el motor)", "ncu": 14, "gw": 1, "axis_tilt": 0, "max_angle": 55, "backtrack": true, "gcr": 0.3973, "cross_axis_tilt": 0}}, {"type": "Feature", "geometry": {"type": "Point", "coordinates": [-1.173328, 39.1081867]}, "properties": {"rol": "seguidor", "id": "TK 020-09", "tipo": "completo", "axis_azimuth": 0, "punto": "eje de unidad (no el motor)", "ncu": 14, "gw": 1, "axis_tilt": 0, "max_angle": 55, "backtrack": true, "gcr": 0.3973, "cross_axis_tilt": 0}}, {"type": "Feature", "geometry": {"type": "Point", "coordinates": [-1.1731428, 39.1095804]}, "properties": {"rol": "seguidor", "id": "TK 004-09", "tipo": "completo", "axis_azimuth": 0, "punto": "eje de unidad (no el motor)", "ncu": 14, "gw": 1, "axis_tilt": 0, "max_angle": 55, "backtrack": true, "gcr": 0.3973, "cross_axis_tilt": 0}}, {"type": "Feature", "geometry": {"type": "Point", "coordinates": [-1.1731718, 39.1088601]}, "properties": {"rol": "seguidor", "id": "TK 021-09", "tipo": "completo", "axis_azimuth": 0, "punto": "eje de unidad (no el motor)", "ncu": 14, "gw": 1, "axis_tilt": 0, "max_angle": 55, "backtrack": true, "gcr": 0.3973, "cross_axis_tilt": 0}}, {"type": "Feature", "geometry": {"type": "Point", "coordinates": [-1.1731893, 39.1081846]}, "properties": {"rol": "seguidor", "id": "TK 022-09", "tipo": "completo", "axis_azimuth": 0, "punto": "eje de unidad (no el motor)", "ncu": 14, "gw": 1, "axis_tilt": 0, "max_angle": 55, "backtrack": true, "gcr": 0.3973, "cross_axis_tilt": 0}}, {"type": "Feature", "geometry": {"type": "Point", "coordinates": [-1.1730051, 39.1095395]}, "properties": {"rol": "seguidor", "id": "TK 005-09", "tipo": "completo", "axis_azimuth": 0, "punto": "eje de unidad (no el motor)", "ncu": 14, "gw": 1, "axis_tilt": 0, "max_angle": 55, "backtrack": true, "gcr": 0.3973, "cross_axis_tilt": 0}}, {"type": "Feature", "geometry": {"type": "Point", "coordinates": [-1.1730505, 39.1081842]}, "properties": {"rol": "seguidor", "id": "TK 023-09", "tipo": "completo", "axis_azimuth": 0, "punto": "eje de unidad (no el motor)", "ncu": 14, "gw": 1, "axis_tilt": 0, "max_angle": 55, "backtrack": true, "gcr": 0.3973, "cross_axis_tilt": 0}}, {"type": "Feature", "geometry": {"type": "Point", "coordinates": [-1.1728672, 39.1095031]}, "properties": {"rol": "seguidor", "id": "TK 006-09", "tipo": "completo", "axis_azimuth": 0, "punto": "eje de unidad (no el motor)", "ncu": 14, "gw": 1, "axis_tilt": 0, "max_angle": 55, "backtrack": true, "gcr": 0.3973, "cross_axis_tilt": 0}}, {"type": "Feature", "geometry": {"type": "Point", "coordinates": [-1.172914, 39.1080973]}, "properties": {"rol": "seguidor", "id": "TK 024-09", "tipo": "completo", "axis_azimuth": 0, "punto": "eje de unidad (no el motor)", "ncu": 14, "gw": 1, "axis_tilt": 0, "max_angle": 55, "backtrack": true, "gcr": 0.3973, "cross_axis_tilt": 0}}, {"type": "Feature", "geometry": {"type": "Point", "coordinates": [-1.1726144, 39.1099334]}, "properties": {"rol": "seguidor", "id": "TK 001-09", "tipo": "completo", "axis_azimuth": 0, "punto": "eje de unidad (no el motor)", "ncu": 14, "gw": 1, "axis_tilt": 0, "max_angle": 55, "backtrack": true, "gcr": 0.3973, "cross_axis_tilt": 0}}, {"type": "Feature", "geometry": {"type": "Point", "coordinates": [-1.1724774, 39.1098637]}, "properties": {"rol": "seguidor", "id": "TK 002-09", "tipo": "completo", "axis_azimuth": 0, "punto": "eje de unidad (no el motor)", "ncu": 14, "gw": 1, "axis_tilt": 0, "max_angle": 55, "backtrack": true, "gcr": 0.3973, "cross_axis_tilt": 0}}, {"type": "Feature", "geometry": {"type": "Point", "coordinates": [-1.172341, 39.1097733]}, "properties": {"rol": "seguidor", "id": "TK 003-09", "tipo": "completo", "axis_azimuth": 0, "punto": "eje de unidad (no el motor)", "ncu": 14, "gw": 1, "axis_tilt": 0, "max_angle": 55, "backtrack": true, "gcr": 0.3973, "cross_axis_tilt": 0}}, {"type": "Feature", "geometry": {"type": "Point", "coordinates": [-1.1702791, 39.1234905]}, "properties": {"rol": "seguidor", "id": "TK 036-10", "tipo": "completo", "axis_azimuth": 0, "punto": "eje de unidad (no el motor)", "ncu": 15, "gw": 1, "axis_tilt": 0, "max_angle": 55, "backtrack": true, "gcr": 0.3973, "cross_axis_tilt": 0}}, {"type": "Feature", "geometry": {"type": "Point", "coordinates": [-1.1702966, 39.1228159]}, "properties": {"rol": "seguidor", "id": "TK 037-010", "tipo": "completo", "axis_azimuth": 0, "punto": "eje de unidad (no el motor)", "ncu": 15, "gw": 1, "axis_tilt": 0, "max_angle": 55, "backtrack": true, "gcr": 0.3973, "cross_axis_tilt": 0}}, {"type": "Feature", "geometry": {"type": "Point", "coordinates": [-1.170122, 39.1253135]}, "properties": {"rol": "seguidor", "id": "TK 001-010", "tipo": "completo", "axis_azimuth": 0, "punto": "eje de unidad (no el motor)", "ncu": 15, "gw": 1, "axis_tilt": 0, "max_angle": 55, "backtrack": true, "gcr": 0.3973, "cross_axis_tilt": 0}}, {"type": "Feature", "geometry": {"type": "Point", "coordinates": [-1.1701395, 39.124639]}, "properties": {"rol": "seguidor", "id": "TK 002-010", "tipo": "completo", "axis_azimuth": 0, "punto": "eje de unidad (no el motor)", "ncu": 15, "gw": 1, "axis_tilt": 0, "max_angle": 55, "backtrack": true, "gcr": 0.3973, "cross_axis_tilt": 0}}, {"type": "Feature", "geometry": {"type": "Point", "coordinates": [-1.1701404, 39.1234884]}, "properties": {"rol": "seguidor", "id": "TK 038-010", "tipo": "completo", "axis_azimuth": 0, "punto": "eje de unidad (no el motor)", "ncu": 15, "gw": 1, "axis_tilt": 0, "max_angle": 55, "backtrack": true, "gcr": 0.3973, "cross_axis_tilt": 0}}, {"type": "Feature", "geometry": {"type": "Point", "coordinates": [-1.1701578, 39.1228138]}, "properties": {"rol": "seguidor", "id": "TK 039-010", "tipo": "completo", "axis_azimuth": 0, "punto": "eje de unidad (no el motor)", "ncu": 15, "gw": 1, "axis_tilt": 0, "max_angle": 55, "backtrack": true, "gcr": 0.3973, "cross_axis_tilt": 0}}, {"type": "Feature", "geometry": {"type": "Point", "coordinates": [-1.1699833, 39.1253114]}, "properties": {"rol": "seguidor", "id": "TK 003-010", "tipo": "completo", "axis_azimuth": 0, "punto": "eje de unidad (no el motor)", "ncu": 15, "gw": 1, "axis_tilt": 0, "max_angle": 55, "backtrack": true, "gcr": 0.3973, "cross_axis_tilt": 0}}, {"type": "Feature", "geometry": {"type": "Point", "coordinates": [-1.1700007, 39.1246368]}, "properties": {"rol": "seguidor", "id": "TK 004-010", "tipo": "completo", "axis_azimuth": 0, "punto": "eje de unidad (no el motor)", "ncu": 15, "gw": 1, "axis_tilt": 0, "max_angle": 55, "backtrack": true, "gcr": 0.3973, "cross_axis_tilt": 0}}, {"type": "Feature", "geometry": {"type": "Point", "coordinates": [-1.1700016, 39.1234862]}, "properties": {"rol": "seguidor", "id": "TK 040-010", "tipo": "completo", "axis_azimuth": 0, "punto": "eje de unidad (no el motor)", "ncu": 15, "gw": 1, "axis_tilt": 0, "max_angle": 55, "backtrack": true, "gcr": 0.3973, "cross_axis_tilt": 0}}, {"type": "Feature", "geometry": {"type": "Point", "coordinates": [-1.1700191, 39.1228116]}, "properties": {"rol": "seguidor", "id": "TK 041-010", "tipo": "completo", "axis_azimuth": 0, "punto": "eje de unidad (no el motor)", "ncu": 15, "gw": 1, "axis_tilt": 0, "max_angle": 55, "backtrack": true, "gcr": 0.3973, "cross_axis_tilt": 0}}, {"type": "Feature", "geometry": {"type": "Point", "coordinates": [-1.1698445, 39.1253092]}, "properties": {"rol": "seguidor", "id": "TK 005-010", "tipo": "completo", "axis_azimuth": 0, "punto": "eje de unidad (no el motor)", "ncu": 15, "gw": 1, "axis_tilt": 0, "max_angle": 55, "backtrack": true, "gcr": 0.3973, "cross_axis_tilt": 0}}, {"type": "Feature", "geometry": {"type": "Point", "coordinates": [-1.169862, 39.1246346]}, "properties": {"rol": "seguidor", "id": "TK 006-010", "tipo": "completo", "axis_azimuth": 0, "punto": "eje de unidad (no el motor)", "ncu": 15, "gw": 1, "axis_tilt": 0, "max_angle": 55, "backtrack": true, "gcr": 0.3973, "cross_axis_tilt": 0}}, {"type": "Feature", "geometry": {"type": "Point", "coordinates": [-1.1698761, 39.1229724]}, "properties": {"rol": "seguidor", "id": "TK 042-010", "tipo": "completo", "axis_azimuth": 0, "punto": "eje de unidad (no el motor)", "ncu": 15, "gw": 1, "axis_tilt": 0, "max_angle": 55, "backtrack": true, "gcr": 0.3973, "cross_axis_tilt": 0}}, {"type": "Feature", "geometry": {"type": "Point", "coordinates": [-1.1697058, 39.125307]}, "properties": {"rol": "seguidor", "id": "TK 007-010", "tipo": "completo", "axis_azimuth": 0, "punto": "eje de unidad (no el motor)", "ncu": 15, "gw": 1, "axis_tilt": 0, "max_angle": 55, "backtrack": true, "gcr": 0.3973, "cross_axis_tilt": 0}}, {"type": "Feature", "geometry": {"type": "Point", "coordinates": [-1.1697232, 39.1246324]}, "properties": {"rol": "seguidor", "id": "TK 008-010", "tipo": "completo", "axis_azimuth": 0, "punto": "eje de unidad (no el motor)", "ncu": 15, "gw": 1, "axis_tilt": 0, "max_angle": 55, "backtrack": true, "gcr": 0.3973, "cross_axis_tilt": 0}}, {"type": "Feature", "geometry": {"type": "Point", "coordinates": [-1.1697373, 39.1229702]}, "properties": {"rol": "seguidor", "id": "TK 043-010", "tipo": "completo", "axis_azimuth": 0, "punto": "eje de unidad (no el motor)", "ncu": 15, "gw": 1, "axis_tilt": 0, "max_angle": 55, "backtrack": true, "gcr": 0.3973, "cross_axis_tilt": 0}}, {"type": "Feature", "geometry": {"type": "Point", "coordinates": [-1.169567, 39.1253048]}, "properties": {"rol": "seguidor", "id": "TK 009-010", "tipo": "completo", "axis_azimuth": 0, "punto": "eje de unidad (no el motor)", "ncu": 15, "gw": 1, "axis_tilt": 0, "max_angle": 55, "backtrack": true, "gcr": 0.3973, "cross_axis_tilt": 0}}, {"type": "Feature", "geometry": {"type": "Point", "coordinates": [-1.1695845, 39.1246302]}, "properties": {"rol": "seguidor", "id": "TK 010-010", "tipo": "completo", "axis_azimuth": 0, "punto": "eje de unidad (no el motor)", "ncu": 15, "gw": 1, "axis_tilt": 0, "max_angle": 55, "backtrack": true, "gcr": 0.3973, "cross_axis_tilt": 0}}, {"type": "Feature", "geometry": {"type": "Point", "coordinates": [-1.169414, 39.1258547]}, "properties": {"rol": "seguidor", "id": "TK 011-010", "tipo": "completo", "axis_azimuth": 0, "punto": "eje de unidad (no el motor)", "ncu": 15, "gw": 1, "axis_tilt": 0, "max_angle": 55, "backtrack": true, "gcr": 0.3973, "cross_axis_tilt": 0}}, {"type": "Feature", "geometry": {"type": "Point", "coordinates": [-1.1694315, 39.1251793]}, "properties": {"rol": "seguidor", "id": "TK 012-010", "tipo": "completo", "axis_azimuth": 0, "punto": "eje de unidad (no el motor)", "ncu": 15, "gw": 1, "axis_tilt": 0, "max_angle": 55, "backtrack": true, "gcr": 0.3973, "cross_axis_tilt": 0}}, {"type": "Feature", "geometry": {"type": "Point", "coordinates": [-1.1694489, 39.1245047]}, "properties": {"rol": "seguidor", "id": "TK 013-010", "tipo": "completo", "axis_azimuth": 0, "punto": "eje de unidad (no el motor)", "ncu": 15, "gw": 1, "axis_tilt": 0, "max_angle": 55, "backtrack": true, "gcr": 0.3973, "cross_axis_tilt": 0}}, {"type": "Feature", "geometry": {"type": "Point", "coordinates": [-1.1692752, 39.1258526]}, "properties": {"rol": "seguidor", "id": "TK 014-010", "tipo": "completo", "axis_azimuth": 0, "punto": "eje de unidad (no el motor)", "ncu": 15, "gw": 1, "axis_tilt": 0, "max_angle": 55, "backtrack": true, "gcr": 0.3973, "cross_axis_tilt": 0}}, {"type": "Feature", "geometry": {"type": "Point", "coordinates": [-1.1692927, 39.1251771]}, "properties": {"rol": "seguidor", "id": "TK 015-010", "tipo": "completo", "axis_azimuth": 0, "punto": "eje de unidad (no el motor)", "ncu": 15, "gw": 1, "axis_tilt": 0, "max_angle": 55, "backtrack": true, "gcr": 0.3973, "cross_axis_tilt": 0}}, {"type": "Feature", "geometry": {"type": "Point", "coordinates": [-1.1693102, 39.1245025]}, "properties": {"rol": "seguidor", "id": "TK 016-010", "tipo": "completo", "axis_azimuth": 0, "punto": "eje de unidad (no el motor)", "ncu": 15, "gw": 1, "axis_tilt": 0, "max_angle": 55, "backtrack": true, "gcr": 0.3973, "cross_axis_tilt": 0}}, {"type": "Feature", "geometry": {"type": "Point", "coordinates": [-1.1691365, 39.1258504]}, "properties": {"rol": "seguidor", "id": "TK 017-010", "tipo": "completo", "axis_azimuth": 0, "punto": "eje de unidad (no el motor)", "ncu": 15, "gw": 1, "axis_tilt": 0, "max_angle": 55, "backtrack": true, "gcr": 0.3973, "cross_axis_tilt": 0}}, {"type": "Feature", "geometry": {"type": "Point", "coordinates": [-1.169154, 39.1251749]}, "properties": {"rol": "seguidor", "id": "TK 018-010", "tipo": "completo", "axis_azimuth": 0, "punto": "eje de unidad (no el motor)", "ncu": 15, "gw": 1, "axis_tilt": 0, "max_angle": 55, "backtrack": true, "gcr": 0.3973, "cross_axis_tilt": 0}}, {"type": "Feature", "geometry": {"type": "Point", "coordinates": [-1.1691714, 39.1245003]}, "properties": {"rol": "seguidor", "id": "TK 019-010", "tipo": "completo", "axis_azimuth": 0, "punto": "eje de unidad (no el motor)", "ncu": 15, "gw": 1, "axis_tilt": 0, "max_angle": 55, "backtrack": true, "gcr": 0.3973, "cross_axis_tilt": 0}}, {"type": "Feature", "geometry": {"type": "Point", "coordinates": [-1.1689977, 39.1258482]}, "properties": {"rol": "seguidor", "id": "TK 020-010", "tipo": "completo", "axis_azimuth": 0, "punto": "eje de unidad (no el motor)", "ncu": 15, "gw": 1, "axis_tilt": 0, "max_angle": 55, "backtrack": true, "gcr": 0.3973, "cross_axis_tilt": 0}}, {"type": "Feature", "geometry": {"type": "Point", "coordinates": [-1.1690152, 39.1251727]}, "properties": {"rol": "seguidor", "id": "TK 021-010", "tipo": "completo", "axis_azimuth": 0, "punto": "eje de unidad (no el motor)", "ncu": 15, "gw": 1, "axis_tilt": 0, "max_angle": 55, "backtrack": true, "gcr": 0.3973, "cross_axis_tilt": 0}}, {"type": "Feature", "geometry": {"type": "Point", "coordinates": [-1.1690327, 39.1244981]}, "properties": {"rol": "seguidor", "id": "TK 022-010", "tipo": "completo", "axis_azimuth": 0, "punto": "eje de unidad (no el motor)", "ncu": 15, "gw": 1, "axis_tilt": 0, "max_angle": 55, "backtrack": true, "gcr": 0.3973, "cross_axis_tilt": 0}}, {"type": "Feature", "geometry": {"type": "Point", "coordinates": [-1.1685036, 39.1251845]}, "properties": {"rol": "seguidor", "id": "TK 023-010", "tipo": "completo", "axis_azimuth": 0, "punto": "eje de unidad (no el motor)", "ncu": 15, "gw": 1, "axis_tilt": 0, "max_angle": 55, "backtrack": true, "gcr": 0.3973, "cross_axis_tilt": 0}}, {"type": "Feature", "geometry": {"type": "Point", "coordinates": [-1.1683385, 39.1262001]}, "properties": {"rol": "seguidor", "id": "TK 024-010", "tipo": "completo", "axis_azimuth": 0, "punto": "eje de unidad (no el motor)", "ncu": 15, "gw": 1, "axis_tilt": 0, "max_angle": 55, "backtrack": true, "gcr": 0.3973, "cross_axis_tilt": 0}}, {"type": "Feature", "geometry": {"type": "Point", "coordinates": [-1.168356, 39.1255246]}, "properties": {"rol": "seguidor", "id": "TK 025-010", "tipo": "completo", "axis_azimuth": 0, "punto": "eje de unidad (no el motor)", "ncu": 15, "gw": 1, "axis_tilt": 0, "max_angle": 55, "backtrack": true, "gcr": 0.3973, "cross_axis_tilt": 0}}, {"type": "Feature", "geometry": {"type": "Point", "coordinates": [-1.1683691, 39.1250166]}, "properties": {"rol": "seguidor", "id": "TK 026-010", "tipo": "completo", "axis_azimuth": 0, "punto": "eje de unidad (no el motor)", "ncu": 15, "gw": 1, "axis_tilt": 0, "max_angle": 55, "backtrack": true, "gcr": 0.3973, "cross_axis_tilt": 0}}, {"type": "Feature", "geometry": {"type": "Point", "coordinates": [-1.1681997, 39.1261988]}, "properties": {"rol": "seguidor", "id": "TK 027-010", "tipo": "completo", "axis_azimuth": 0, "punto": "eje de unidad (no el motor)", "ncu": 15, "gw": 1, "axis_tilt": 0, "max_angle": 55, "backtrack": true, "gcr": 0.3973, "cross_axis_tilt": 0}}, {"type": "Feature", "geometry": {"type": "Point", "coordinates": [-1.1682172, 39.1255242]}, "properties": {"rol": "seguidor", "id": "TK 028-010", "tipo": "completo", "axis_azimuth": 0, "punto": "eje de unidad (no el motor)", "ncu": 15, "gw": 1, "axis_tilt": 0, "max_angle": 55, "backtrack": true, "gcr": 0.3973, "cross_axis_tilt": 0}}, {"type": "Feature", "geometry": {"type": "Point", "coordinates": [-1.1680609, 39.1261966]}, "properties": {"rol": "seguidor", "id": "TK 029-010", "tipo": "completo", "axis_azimuth": 0, "punto": "eje de unidad (no el motor)", "ncu": 15, "gw": 1, "axis_tilt": 0, "max_angle": 55, "backtrack": true, "gcr": 0.3973, "cross_axis_tilt": 0}}, {"type": "Feature", "geometry": {"type": "Point", "coordinates": [-1.1680784, 39.125522]}, "properties": {"rol": "seguidor", "id": "TK 030-010", "tipo": "completo", "axis_azimuth": 0, "punto": "eje de unidad (no el motor)", "ncu": 15, "gw": 1, "axis_tilt": 0, "max_angle": 55, "backtrack": true, "gcr": 0.3973, "cross_axis_tilt": 0}}, {"type": "Feature", "geometry": {"type": "Point", "coordinates": [-1.1679222, 39.1261944]}, "properties": {"rol": "seguidor", "id": "TK 031-010", "tipo": "completo", "axis_azimuth": 0, "punto": "eje de unidad (no el motor)", "ncu": 15, "gw": 1, "axis_tilt": 0, "max_angle": 55, "backtrack": true, "gcr": 0.3973, "cross_axis_tilt": 0}}, {"type": "Feature", "geometry": {"type": "Point", "coordinates": [-1.1677834, 39.1261922]}, "properties": {"rol": "seguidor", "id": "TK 032-010", "tipo": "completo", "axis_azimuth": 0, "punto": "eje de unidad (no el motor)", "ncu": 15, "gw": 1, "axis_tilt": 0, "max_angle": 55, "backtrack": true, "gcr": 0.3973, "cross_axis_tilt": 0}}, {"type": "Feature", "geometry": {"type": "Point", "coordinates": [-1.1676447, 39.1261901]}, "properties": {"rol": "seguidor", "id": "TK 033-010", "tipo": "completo", "axis_azimuth": 0, "punto": "eje de unidad (no el motor)", "ncu": 15, "gw": 1, "axis_tilt": 0, "max_angle": 55, "backtrack": true, "gcr": 0.3973, "cross_axis_tilt": 0}}, {"type": "Feature", "geometry": {"type": "Point", "coordinates": [-1.1675059, 39.1261879]}, "properties": {"rol": "seguidor", "id": "TK 034-010", "tipo": "completo", "axis_azimuth": 0, "punto": "eje de unidad (no el motor)", "ncu": 15, "gw": 1, "axis_tilt": 0, "max_angle": 55, "backtrack": true, "gcr": 0.3973, "cross_axis_tilt": 0}}, {"type": "Feature", "geometry": {"type": "Point", "coordinates": [-1.167365, 39.1262685]}, "properties": {"rol": "seguidor", "id": "TK 035-010", "tipo": "completo", "axis_azimuth": 0, "punto": "eje de unidad (no el motor)", "ncu": 15, "gw": 1, "axis_tilt": 0, "max_angle": 55, "backtrack": true, "gcr": 0.3973, "cross_axis_tilt": 0}}, {"type": "Feature", "geometry": {"type": "Point", "coordinates": [-1.1696543, 39.1300654]}, "properties": {"rol": "seguidor", "id": "TK 001-011", "tipo": "completo", "axis_azimuth": 0, "punto": "eje de unidad (no el motor)", "ncu": 16, "gw": 1, "axis_tilt": 0, "max_angle": 55, "backtrack": true, "gcr": 0.3973, "cross_axis_tilt": 0}}, {"type": "Feature", "geometry": {"type": "Point", "coordinates": [-1.1696675, 39.1295574]}, "properties": {"rol": "seguidor", "id": "TK 002-011", "tipo": "completo", "axis_azimuth": 0, "punto": "eje de unidad (no el motor)", "ncu": 16, "gw": 1, "axis_tilt": 0, "max_angle": 55, "backtrack": true, "gcr": 0.3973, "cross_axis_tilt": 0}}, {"type": "Feature", "geometry": {"type": "Point", "coordinates": [-1.1696869, 39.1288045]}, "properties": {"rol": "seguidor", "id": "TK 024-011", "tipo": "completo", "axis_azimuth": 0, "punto": "eje de unidad (no el motor)", "ncu": 16, "gw": 1, "axis_tilt": 0, "max_angle": 55, "backtrack": true, "gcr": 0.3973, "cross_axis_tilt": 0}}, {"type": "Feature", "geometry": {"type": "Point", "coordinates": [-1.1697023, 39.1282127]}, "properties": {"rol": "seguidor", "id": "TK 025-011", "tipo": "completo", "axis_azimuth": 0, "punto": "eje de unidad (no el motor)", "ncu": 16, "gw": 1, "axis_tilt": 0, "max_angle": 55, "backtrack": true, "gcr": 0.3973, "cross_axis_tilt": 0}}, {"type": "Feature", "geometry": {"type": "Point", "coordinates": [-1.1694938, 39.1309044]}, "properties": {"rol": "seguidor", "id": "TK 003-011", "tipo": "completo", "axis_azimuth": 0, "punto": "eje de unidad (no el motor)", "ncu": 16, "gw": 1, "axis_tilt": 0, "max_angle": 55, "backtrack": true, "gcr": 0.3973, "cross_axis_tilt": 0}}, {"type": "Feature", "geometry": {"type": "Point", "coordinates": [-1.1695112, 39.1302298]}, "properties": {"rol": "seguidor", "id": "TK 004-011", "tipo": "completo", "axis_azimuth": 0, "punto": "eje de unidad (no el motor)", "ncu": 16, "gw": 1, "axis_tilt": 0, "max_angle": 55, "backtrack": true, "gcr": 0.3973, "cross_axis_tilt": 0}}, {"type": "Feature", "geometry": {"type": "Point", "coordinates": [-1.1695287, 39.1295552]}, "properties": {"rol": "seguidor", "id": "TK 005-011", "tipo": "completo", "axis_azimuth": 0, "punto": "eje de unidad (no el motor)", "ncu": 16, "gw": 1, "axis_tilt": 0, "max_angle": 55, "backtrack": true, "gcr": 0.3973, "cross_axis_tilt": 0}}, {"type": "Feature", "geometry": {"type": "Point", "coordinates": [-1.1695482, 39.1288023]}, "properties": {"rol": "seguidor", "id": "TK 026-011", "tipo": "medio", "axis_azimuth": 0, "punto": "eje de unidad (no el motor)", "ncu": 16, "gw": 1, "axis_tilt": 0, "max_angle": 55, "backtrack": true, "gcr": 0.3973, "cross_axis_tilt": 0}}, {"type": "Feature", "geometry": {"type": "Point", "coordinates": [-1.1695635, 39.1282106]}, "properties": {"rol": "seguidor", "id": "TK 027-011", "tipo": "completo", "axis_azimuth": 0, "punto": "eje de unidad (no el motor)", "ncu": 16, "gw": 1, "axis_tilt": 0, "max_angle": 55, "backtrack": true, "gcr": 0.3973, "cross_axis_tilt": 0}}, {"type": "Feature", "geometry": {"type": "Point", "coordinates": [-1.169355, 39.1309022]}, "properties": {"rol": "seguidor", "id": "TK 006-011", "tipo": "completo", "axis_azimuth": 0, "punto": "eje de unidad (no el motor)", "ncu": 16, "gw": 1, "axis_tilt": 0, "max_angle": 55, "backtrack": true, "gcr": 0.3973, "cross_axis_tilt": 0}}, {"type": "Feature", "geometry": {"type": "Point", "coordinates": [-1.1693725, 39.1302277]}, "properties": {"rol": "seguidor", "id": "TK 007-011", "tipo": "completo", "axis_azimuth": 0, "punto": "eje de unidad (no el motor)", "ncu": 16, "gw": 1, "axis_tilt": 0, "max_angle": 55, "backtrack": true, "gcr": 0.3973, "cross_axis_tilt": 0}}, {"type": "Feature", "geometry": {"type": "Point", "coordinates": [-1.1693899, 39.1295531]}, "properties": {"rol": "seguidor", "id": "TK 008-011", "tipo": "completo", "axis_azimuth": 0, "punto": "eje de unidad (no el motor)", "ncu": 16, "gw": 1, "axis_tilt": 0, "max_angle": 55, "backtrack": true, "gcr": 0.3973, "cross_axis_tilt": 0}}, {"type": "Feature", "geometry": {"type": "Point", "coordinates": [-1.1694073, 39.128883]}, "properties": {"rol": "seguidor", "id": "TK 028-011", "tipo": "medio", "axis_azimuth": 0, "punto": "eje de unidad (no el motor)", "ncu": 16, "gw": 1, "axis_tilt": 0, "max_angle": 55, "backtrack": true, "gcr": 0.3973, "cross_axis_tilt": 0}}, {"type": "Feature", "geometry": {"type": "Point", "coordinates": [-1.1692205, 39.1307343]}, "properties": {"rol": "seguidor", "id": "TK 009-011", "tipo": "completo", "axis_azimuth": 0, "punto": "eje de unidad (no el motor)", "ncu": 16, "gw": 1, "axis_tilt": 0, "max_angle": 55, "backtrack": true, "gcr": 0.3973, "cross_axis_tilt": 0}}, {"type": "Feature", "geometry": {"type": "Point", "coordinates": [-1.169238, 39.1300589]}, "properties": {"rol": "seguidor", "id": "TK 010-011", "tipo": "completo", "axis_azimuth": 0, "punto": "eje de unidad (no el motor)", "ncu": 16, "gw": 1, "axis_tilt": 0, "max_angle": 55, "backtrack": true, "gcr": 0.3973, "cross_axis_tilt": 0}}, {"type": "Feature", "geometry": {"type": "Point", "coordinates": [-1.1692533, 39.1294671]}, "properties": {"rol": "seguidor", "id": "TK 011-011", "tipo": "medio", "axis_azimuth": 0, "punto": "eje de unidad (no el motor)", "ncu": 16, "gw": 1, "axis_tilt": 0, "max_angle": 55, "backtrack": true, "gcr": 0.3973, "cross_axis_tilt": 0}}, {"type": "Feature", "geometry": {"type": "Point", "coordinates": [-1.1692685, 39.1288808]}, "properties": {"rol": "seguidor", "id": "TK 029-011", "tipo": "medio", "axis_azimuth": 0, "punto": "eje de unidad (no el motor)", "ncu": 16, "gw": 1, "axis_tilt": 0, "max_angle": 55, "backtrack": true, "gcr": 0.3973, "cross_axis_tilt": 0}}, {"type": "Feature", "geometry": {"type": "Point", "coordinates": [-1.1690817, 39.1307322]}, "properties": {"rol": "seguidor", "id": "TK 012-011", "tipo": "completo", "axis_azimuth": 0, "punto": "eje de unidad (no el motor)", "ncu": 16, "gw": 1, "axis_tilt": 0, "max_angle": 55, "backtrack": true, "gcr": 0.3973, "cross_axis_tilt": 0}}, {"type": "Feature", "geometry": {"type": "Point", "coordinates": [-1.1690992, 39.1300567]}, "properties": {"rol": "seguidor", "id": "TK 013-011", "tipo": "completo", "axis_azimuth": 0, "punto": "eje de unidad (no el motor)", "ncu": 16, "gw": 1, "axis_tilt": 0, "max_angle": 55, "backtrack": true, "gcr": 0.3973, "cross_axis_tilt": 0}}, {"type": "Feature", "geometry": {"type": "Point", "coordinates": [-1.1691146, 39.1294649]}, "properties": {"rol": "seguidor", "id": "TK 014-011", "tipo": "medio", "axis_azimuth": 0, "punto": "eje de unidad (no el motor)", "ncu": 16, "gw": 1, "axis_tilt": 0, "max_angle": 55, "backtrack": true, "gcr": 0.3973, "cross_axis_tilt": 0}}, {"type": "Feature", "geometry": {"type": "Point", "coordinates": [-1.1691298, 39.1288786]}, "properties": {"rol": "seguidor", "id": "TK 030-011", "tipo": "medio", "axis_azimuth": 0, "punto": "eje de unidad (no el motor)", "ncu": 16, "gw": 1, "axis_tilt": 0, "max_angle": 55, "backtrack": true, "gcr": 0.3973, "cross_axis_tilt": 0}}, {"type": "Feature", "geometry": {"type": "Point", "coordinates": [-1.1689562, 39.1302211]}, "properties": {"rol": "seguidor", "id": "TK 015-011", "tipo": "completo", "axis_azimuth": 0, "punto": "eje de unidad (no el motor)", "ncu": 16, "gw": 1, "axis_tilt": 0, "max_angle": 55, "backtrack": true, "gcr": 0.3973, "cross_axis_tilt": 0}}, {"type": "Feature", "geometry": {"type": "Point", "coordinates": [-1.1689736, 39.1295465]}, "properties": {"rol": "seguidor", "id": "TK 016-011", "tipo": "completo", "axis_azimuth": 0, "punto": "eje de unidad (no el motor)", "ncu": 16, "gw": 1, "axis_tilt": 0, "max_angle": 55, "backtrack": true, "gcr": 0.3973, "cross_axis_tilt": 0}}, {"type": "Feature", "geometry": {"type": "Point", "coordinates": [-1.1689934, 39.1287819]}, "properties": {"rol": "seguidor", "id": "TK 031-011", "tipo": "completo", "axis_azimuth": 0, "punto": "eje de unidad (no el motor)", "ncu": 16, "gw": 1, "axis_tilt": 0, "max_angle": 55, "backtrack": true, "gcr": 0.3973, "cross_axis_tilt": 0}}, {"type": "Feature", "geometry": {"type": "Point", "coordinates": [-1.1690066, 39.1282739]}, "properties": {"rol": "seguidor", "id": "TK 032-011", "tipo": "completo", "axis_azimuth": 0, "punto": "eje de unidad (no el motor)", "ncu": 16, "gw": 1, "axis_tilt": 0, "max_angle": 55, "backtrack": true, "gcr": 0.3973, "cross_axis_tilt": 0}}, {"type": "Feature", "geometry": {"type": "Point", "coordinates": [-1.1688174, 39.1302189]}, "properties": {"rol": "seguidor", "id": "TK 017-011", "tipo": "completo", "axis_azimuth": 0, "punto": "eje de unidad (no el motor)", "ncu": 16, "gw": 1, "axis_tilt": 0, "max_angle": 55, "backtrack": true, "gcr": 0.3973, "cross_axis_tilt": 0}}, {"type": "Feature", "geometry": {"type": "Point", "coordinates": [-1.1688349, 39.1295443]}, "properties": {"rol": "seguidor", "id": "TK 018-011", "tipo": "completo", "axis_azimuth": 0, "punto": "eje de unidad (no el motor)", "ncu": 16, "gw": 1, "axis_tilt": 0, "max_angle": 55, "backtrack": true, "gcr": 0.3973, "cross_axis_tilt": 0}}, {"type": "Feature", "geometry": {"type": "Point", "coordinates": [-1.1688547, 39.1287797]}, "properties": {"rol": "seguidor", "id": "TK 033-011", "tipo": "completo", "axis_azimuth": 0, "punto": "eje de unidad (no el motor)", "ncu": 16, "gw": 1, "axis_tilt": 0, "max_angle": 55, "backtrack": true, "gcr": 0.3973, "cross_axis_tilt": 0}}, {"type": "Feature", "geometry": {"type": "Point", "coordinates": [-1.1688678, 39.1282717]}, "properties": {"rol": "seguidor", "id": "TK 034-011", "tipo": "medio", "axis_azimuth": 0, "punto": "eje de unidad (no el motor)", "ncu": 16, "gw": 1, "axis_tilt": 0, "max_angle": 55, "backtrack": true, "gcr": 0.3973, "cross_axis_tilt": 0}}, {"type": "Feature", "geometry": {"type": "Point", "coordinates": [-1.1686829, 39.1300501]}, "properties": {"rol": "seguidor", "id": "TK 019-011", "tipo": "completo", "axis_azimuth": 0, "punto": "eje de unidad (no el motor)", "ncu": 16, "gw": 1, "axis_tilt": 0, "max_angle": 55, "backtrack": true, "gcr": 0.3973, "cross_axis_tilt": 0}}, {"type": "Feature", "geometry": {"type": "Point", "coordinates": [-1.1686983, 39.1294584]}, "properties": {"rol": "seguidor", "id": "TK 020-011", "tipo": "medio", "axis_azimuth": 0, "punto": "eje de unidad (no el motor)", "ncu": 16, "gw": 1, "axis_tilt": 0, "max_angle": 55, "backtrack": true, "gcr": 0.3973, "cross_axis_tilt": 0}}, {"type": "Feature", "geometry": {"type": "Point", "coordinates": [-1.1687159, 39.1287775]}, "properties": {"rol": "seguidor", "id": "TK 035-011", "tipo": "completo", "axis_azimuth": 0, "punto": "eje de unidad (no el motor)", "ncu": 16, "gw": 1, "axis_tilt": 0, "max_angle": 55, "backtrack": true, "gcr": 0.3973, "cross_axis_tilt": 0}}, {"type": "Feature", "geometry": {"type": "Point", "coordinates": [-1.1687291, 39.1282695]}, "properties": {"rol": "seguidor", "id": "TK 036-011", "tipo": "medio", "axis_azimuth": 0, "punto": "eje de unidad (no el motor)", "ncu": 16, "gw": 1, "axis_tilt": 0, "max_angle": 55, "backtrack": true, "gcr": 0.3973, "cross_axis_tilt": 0}}, {"type": "Feature", "geometry": {"type": "Point", "coordinates": [-1.1685442, 39.1300479]}, "properties": {"rol": "seguidor", "id": "TK 021-011", "tipo": "completo", "axis_azimuth": 0, "punto": "eje de unidad (no el motor)", "ncu": 16, "gw": 1, "axis_tilt": 0, "max_angle": 55, "backtrack": true, "gcr": 0.3973, "cross_axis_tilt": 0}}, {"type": "Feature", "geometry": {"type": "Point", "coordinates": [-1.1685573, 39.12954]}, "properties": {"rol": "seguidor", "id": "TK 022-011", "tipo": "completo", "axis_azimuth": 0, "punto": "eje de unidad (no el motor)", "ncu": 16, "gw": 1, "axis_tilt": 0, "max_angle": 55, "backtrack": true, "gcr": 0.3973, "cross_axis_tilt": 0}}, {"type": "Feature", "geometry": {"type": "Point", "coordinates": [-1.1685772, 39.1287753]}, "properties": {"rol": "seguidor", "id": "TK 037-011", "tipo": "completo", "axis_azimuth": 0, "punto": "eje de unidad (no el motor)", "ncu": 16, "gw": 1, "axis_tilt": 0, "max_angle": 55, "backtrack": true, "gcr": 0.3973, "cross_axis_tilt": 0}}, {"type": "Feature", "geometry": {"type": "Point", "coordinates": [-1.1685903, 39.1282674]}, "properties": {"rol": "seguidor", "id": "TK 038-011", "tipo": "medio", "axis_azimuth": 0, "punto": "eje de unidad (no el motor)", "ncu": 16, "gw": 1, "axis_tilt": 0, "max_angle": 55, "backtrack": true, "gcr": 0.3973, "cross_axis_tilt": 0}}, {"type": "Feature", "geometry": {"type": "Point", "coordinates": [-1.1684208, 39.129454]}, "properties": {"rol": "seguidor", "id": "TK 023-011", "tipo": "completo", "axis_azimuth": 0, "punto": "eje de unidad (no el motor)", "ncu": 16, "gw": 1, "axis_tilt": 0, "max_angle": 55, "backtrack": true, "gcr": 0.3973, "cross_axis_tilt": 0}}, {"type": "Feature", "geometry": {"type": "Point", "coordinates": [-1.1684384, 39.1287731]}, "properties": {"rol": "seguidor", "id": "TK 039-011", "tipo": "completo", "axis_azimuth": 0, "punto": "eje de unidad (no el motor)", "ncu": 16, "gw": 1, "axis_tilt": 0, "max_angle": 55, "backtrack": true, "gcr": 0.3973, "cross_axis_tilt": 0}}, {"type": "Feature", "geometry": {"type": "Point", "coordinates": [-1.1684516, 39.1282652]}, "properties": {"rol": "seguidor", "id": "TK 040-011", "tipo": "medio", "axis_azimuth": 0, "punto": "eje de unidad (no el motor)", "ncu": 16, "gw": 1, "axis_tilt": 0, "max_angle": 55, "backtrack": true, "gcr": 0.3973, "cross_axis_tilt": 0}}, {"type": "Feature", "geometry": {"type": "Point", "coordinates": [-1.1682996, 39.128771]}, "properties": {"rol": "seguidor", "id": "TK 041-011", "tipo": "completo", "axis_azimuth": 0, "punto": "eje de unidad (no el motor)", "ncu": 16, "gw": 1, "axis_tilt": 0, "max_angle": 55, "backtrack": true, "gcr": 0.3973, "cross_axis_tilt": 0}}, {"type": "Feature", "geometry": {"type": "Point", "coordinates": [-1.1683128, 39.128263]}, "properties": {"rol": "seguidor", "id": "TK 042-011", "tipo": "medio", "axis_azimuth": 0, "punto": "eje de unidad (no el motor)", "ncu": 16, "gw": 1, "axis_tilt": 0, "max_angle": 55, "backtrack": true, "gcr": 0.3973, "cross_axis_tilt": 0}}, {"type": "Feature", "geometry": {"type": "Point", "coordinates": [-1.1681694, 39.1284382]}, "properties": {"rol": "seguidor", "id": "TK 043-011", "tipo": "completo", "axis_azimuth": 0, "punto": "eje de unidad (no el motor)", "ncu": 16, "gw": 1, "axis_tilt": 0, "max_angle": 55, "backtrack": true, "gcr": 0.3973, "cross_axis_tilt": 0}}, {"type": "Feature", "geometry": {"type": "Point", "coordinates": [-1.1680328, 39.1283532]}, "properties": {"rol": "seguidor", "id": "TK 044-011", "tipo": "completo", "axis_azimuth": 0, "punto": "eje de unidad (no el motor)", "ncu": 16, "gw": 1, "axis_tilt": 0, "max_angle": 55, "backtrack": true, "gcr": 0.3973, "cross_axis_tilt": 0}}, {"type": "Feature", "geometry": {"type": "Point", "coordinates": [-1.1678962, 39.1282682]}, "properties": {"rol": "seguidor", "id": "TK 045-011", "tipo": "completo", "axis_azimuth": 0, "punto": "eje de unidad (no el motor)", "ncu": 16, "gw": 1, "axis_tilt": 0, "max_angle": 55, "backtrack": true, "gcr": 0.3973, "cross_axis_tilt": 0}}, {"type": "Feature", "geometry": {"type": "Point", "coordinates": [-1.1468953, 39.1205937]}, "properties": {"rol": "NCU", "nombre": "NCU 1"}}, {"type": "Feature", "geometry": {"type": "Point", "coordinates": [-1.1503545, 39.1207883]}, "properties": {"rol": "NCU", "nombre": "NCU 2"}}, {"type": "Feature", "geometry": {"type": "Point", "coordinates": [-1.1544005, 39.1211894]}, "properties": {"rol": "NCU", "nombre": "NCU 3"}}, {"type": "Feature", "geometry": {"type": "Point", "coordinates": [-1.1532639, 39.1185621]}, "properties": {"rol": "NCU", "nombre": "NCU 4.1"}}, {"type": "Feature", "geometry": {"type": "Point", "coordinates": [-1.1544575, 39.1181629]}, "properties": {"rol": "NCU", "nombre": "NCU 4.2"}}, {"type": "Feature", "geometry": {"type": "Point", "coordinates": [-1.1559629, 39.1196482]}, "properties": {"rol": "NCU", "nombre": "NCU 5.1"}}, {"type": "Feature", "geometry": {"type": "Point", "coordinates": [-1.1554104, 39.1195439]}, "properties": {"rol": "NCU", "nombre": "NCU 5.2"}}, {"type": "Feature", "geometry": {"type": "Point", "coordinates": [-1.1677412, 39.1192519]}, "properties": {"rol": "NCU", "nombre": "NCU 6.1"}}, {"type": "Feature", "geometry": {"type": "Point", "coordinates": [-1.1687497, 39.1178712]}, "properties": {"rol": "NCU", "nombre": "NCU 6.2"}}, {"type": "Feature", "geometry": {"type": "Point", "coordinates": [-1.1697805, 39.1130804]}, "properties": {"rol": "NCU", "nombre": "NCU 7.1"}}, {"type": "Feature", "geometry": {"type": "Point", "coordinates": [-1.1694809, 39.1147795]}, "properties": {"rol": "NCU", "nombre": "NCU 7.2"}}, {"type": "Feature", "geometry": {"type": "Point", "coordinates": [-1.1696906, 39.1106102]}, "properties": {"rol": "NCU", "nombre": "NCU 8"}}, {"type": "Feature", "geometry": {"type": "Point", "coordinates": [-1.1716002, 39.1079182]}, "properties": {"rol": "NCU", "nombre": "NCU 9.1"}}, {"type": "Feature", "geometry": {"type": "Point", "coordinates": [-1.1733697, 39.1092578]}, "properties": {"rol": "NCU", "nombre": "NCU 9.2"}}, {"type": "Feature", "geometry": {"type": "Point", "coordinates": [-1.1699919, 39.1238627]}, "properties": {"rol": "NCU", "nombre": "NCU 10"}}, {"type": "Feature", "geometry": {"type": "Point", "coordinates": [-1.1692631, 39.1290906]}, "properties": {"rol": "NCU", "nombre": "NCU 11"}}, {"type": "Feature", "geometry": {"type": "Point", "coordinates": [-1.1485676, 39.123035]}, "properties": {"rol": "HSU", "nombre": "HSU 1 (US)", "ncu": 2, "ncu_origen": "toolbox · SCADA/tools/tcu-toolbox/plantas/24025-ayora.json, del Excel de coordenadas de la planta", "gw": 1, "gw_origen": "toolbox · SCADA/tools/tcu-toolbox/plantas/24025-ayora.json, del Excel de coordenadas de la planta", "esclavo": 230, "esclavo_origen": "toolbox · SCADA/tools/tcu-toolbox/plantas/24025-ayora.json, del Excel de coordenadas de la planta"}}, {"type": "Feature", "geometry": {"type": "Point", "coordinates": [-1.1567566, 39.1212826]}, "properties": {"rol": "HSU", "nombre": "HSU 2 (US)", "ncu": 3, "ncu_origen": "toolbox · SCADA/tools/tcu-toolbox/plantas/24025-ayora.json, del Excel de coordenadas de la planta", "gw": 1, "gw_origen": "toolbox · SCADA/tools/tcu-toolbox/plantas/24025-ayora.json, del Excel de coordenadas de la planta", "esclavo": 230, "esclavo_origen": "toolbox · SCADA/tools/tcu-toolbox/plantas/24025-ayora.json, del Excel de coordenadas de la planta"}}, {"type": "Feature", "geometry": {"type": "Point", "coordinates": [-1.1544525, 39.1165383]}, "properties": {"rol": "HSU", "nombre": "HSU 3 (US)", "ncu": 5, "ncu_origen": "toolbox · SCADA/tools/tcu-toolbox/plantas/24025-ayora.json, del Excel de coordenadas de la planta", "gw": 1, "gw_origen": "toolbox · SCADA/tools/tcu-toolbox/plantas/24025-ayora.json, del Excel de coordenadas de la planta", "esclavo": 230, "esclavo_origen": "toolbox · SCADA/tools/tcu-toolbox/plantas/24025-ayora.json, del Excel de coordenadas de la planta"}}, {"type": "Feature", "geometry": {"type": "Point", "coordinates": [-1.1667154, 39.1193358]}, "properties": {"rol": "HSU", "nombre": "HSU 4 (US)", "ncu": 8, "ncu_origen": "toolbox · SCADA/tools/tcu-toolbox/plantas/24025-ayora.json, del Excel de coordenadas de la planta", "gw": 1, "gw_origen": "toolbox · SCADA/tools/tcu-toolbox/plantas/24025-ayora.json, del Excel de coordenadas de la planta", "esclavo": 230, "esclavo_origen": "toolbox · SCADA/tools/tcu-toolbox/plantas/24025-ayora.json, del Excel de coordenadas de la planta"}}, {"type": "Feature", "geometry": {"type": "Point", "coordinates": [-1.1712831, 39.1150403]}, "properties": {"rol": "HSU", "nombre": "HSU 5 (US)", "ncu": 11, "ncu_origen": "toolbox · SCADA/tools/tcu-toolbox/plantas/24025-ayora.json, del Excel de coordenadas de la planta", "gw": 1, "gw_origen": "toolbox · SCADA/tools/tcu-toolbox/plantas/24025-ayora.json, del Excel de coordenadas de la planta", "esclavo": 230, "esclavo_origen": "toolbox · SCADA/tools/tcu-toolbox/plantas/24025-ayora.json, del Excel de coordenadas de la planta"}}, {"type": "Feature", "geometry": {"type": "Point", "coordinates": [-1.1670608, 39.1109626]}, "properties": {"rol": "HSU", "nombre": "HSU 6 (US)", "ncu": 12, "ncu_origen": "toolbox · SCADA/tools/tcu-toolbox/plantas/24025-ayora.json, del Excel de coordenadas de la planta", "gw": 1, "gw_origen": "toolbox · SCADA/tools/tcu-toolbox/plantas/24025-ayora.json, del Excel de coordenadas de la planta", "esclavo": 230, "esclavo_origen": "toolbox · SCADA/tools/tcu-toolbox/plantas/24025-ayora.json, del Excel de coordenadas de la planta"}}, {"type": "Feature", "geometry": {"type": "Point", "coordinates": [-1.1703531, 39.1083347]}, "properties": {"rol": "HSU", "nombre": "HSU 7 (US, snow)", "ncu": 13, "ncu_origen": "toolbox · SCADA/tools/tcu-toolbox/plantas/24025-ayora.json, del Excel de coordenadas de la planta", "gw": 1, "gw_origen": "toolbox · SCADA/tools/tcu-toolbox/plantas/24025-ayora.json, del Excel de coordenadas de la planta", "esclavo": 230, "esclavo_origen": "toolbox · SCADA/tools/tcu-toolbox/plantas/24025-ayora.json, del Excel de coordenadas de la planta"}}, {"type": "Feature", "geometry": {"type": "Point", "coordinates": [-1.1669508, 39.1264936]}, "properties": {"rol": "HSU", "nombre": "HSU 8 (US, snow)", "ncu": 15, "ncu_origen": "toolbox · SCADA/tools/tcu-toolbox/plantas/24025-ayora.json, del Excel de coordenadas de la planta", "gw": 1, "gw_origen": "toolbox · SCADA/tools/tcu-toolbox/plantas/24025-ayora.json, del Excel de coordenadas de la planta", "esclavo": 230, "esclavo_origen": "toolbox · SCADA/tools/tcu-toolbox/plantas/24025-ayora.json, del Excel de coordenadas de la planta"}}, {"type": "Feature", "geometry": {"type": "Point", "coordinates": [-1.1705241, 39.1223816]}, "properties": {"rol": "HSU", "nombre": "HSU 9 (US)", "ncu": 15, "ncu_origen": "toolbox · SCADA/tools/tcu-toolbox/plantas/24025-ayora.json, del Excel de coordenadas de la planta", "gw": 1, "gw_origen": "toolbox · SCADA/tools/tcu-toolbox/plantas/24025-ayora.json, del Excel de coordenadas de la planta", "esclavo": 231, "esclavo_origen": "toolbox · SCADA/tools/tcu-toolbox/plantas/24025-ayora.json, del Excel de coordenadas de la planta"}}, {"type": "Feature", "geometry": {"type": "Point", "coordinates": [-1.1694825, 39.1315187]}, "properties": {"rol": "HSU", "nombre": "HSU 10 (US)", "ncu": 16, "ncu_origen": "toolbox · SCADA/tools/tcu-toolbox/plantas/24025-ayora.json, del Excel de coordenadas de la planta", "gw": 1, "gw_origen": "toolbox · SCADA/tools/tcu-toolbox/plantas/24025-ayora.json, del Excel de coordenadas de la planta", "esclavo": 230, "esclavo_origen": "toolbox · SCADA/tools/tcu-toolbox/plantas/24025-ayora.json, del Excel de coordenadas de la planta"}}]}