{"type": "FeatureCollection", "name": "benante", "crs_note": "EPSG:4326 (GeoJSON siempre en WGS84). El layout está en EPSG:25833", "generado_por": "tools/geojson_activo.py", "que_es": "La planta como ACTIVO: parcela, seguidores con su montaje, NCU, HSU, repetidores y caminos. No confundir con <planta>_real.geojson, que es la malla de radio medida.", "montaje": {"tipo": "SingleAxisTrackerMount", "axis_tilt": 0, "axis_azimuth": 0, "max_angle": 55, "backtrack": true, "gcr": 0.397, "cross_axis_tilt": 0, "module_height": null, "night_stow_deg": 5, "pitch": null, "cuerda": 2.382, "modulos_en_vertical": 1}, "montaje_origen": {"pitch": null, "cuerda": "derivado · mesa.modH 2.382 × 1V del nombre del bloque", "gcr": "canon · CANONICAL_GCR del proyecto, no medido en esta planta", "axis_azimuth": "canon · eje N-S (0), que es lo que mide el DWG", "tipo": "del layout · la planta es de seguidores", "axis_tilt": "canon · el eje se genera horizontal; el terreno se aplica aparte (bt3d)", "max_angle": "declarado por la casa · 55° en TODAS las plantas (2026-08-21). Coincide con el CANONICAL_MAX_ANGLE_DEG del core y con lo unico medido, la plantilla TCU de El Burgo", "backtrack": "canon · CANONICAL_BACKTRACK, y es lo que ejecutan las fichas", "cross_axis_tilt": "canon · 0, que es lo que pasa el JS a singleaxis", "module_height": "null · no se ha medido la altura del tubo en ninguna planta", "night_stow_deg": "canon · 5° al este, dato de proyecto", "modulos_en_vertical": "medido · del nombre del bloque del DWG"}, "meteo_nota": null, "reps_nota": null, "features": [{"type": "Feature", "geometry": {"type": "Polygon", "coordinates": [[[14.9005453, 37.3733803], [14.9005665, 37.3733462], [14.9013708, 37.3720935], [14.9014782, 37.3719422], [14.9020065, 37.3711041], [14.9020714, 37.371001], [14.9028081, 37.3698299], [14.9030939, 37.3698753], [14.9033193, 37.3693425], [14.903206, 37.3692623], [14.9032384, 37.3692179], [14.9041564, 37.3691815], [14.9043782, 37.3712106], [14.9065841, 37.3713301], [14.9065747, 37.3713989], [14.9067077, 37.3714964], [14.9070003, 37.3716932], [14.9070441, 37.3717221], [14.9005453, 37.3733803]]]}, "properties": {"rol": "parcela", "origen": "vallado del DWG"}}, {"type": "Feature", "geometry": {"type": "Polygon", "coordinates": [[[14.8997386, 37.3734001], [14.899408, 37.3733148], [14.8992631, 37.3734302], [14.8980505, 37.3749718], [14.8977369, 37.3753852], [14.897499, 37.3756347], [14.8969541, 37.3761147], [14.8965903, 37.3765821], [14.8976214, 37.376863], [14.8986684, 37.3752646], [14.8987797, 37.3751049], [14.8998742, 37.373435], [14.8998031, 37.3734167], [14.8997386, 37.3734001]]]}, "properties": {"rol": "parcela", "origen": "vallado del DWG"}}, {"type": "Feature", "geometry": {"type": "Polygon", "coordinates": [[[14.907094, 37.3717549], [14.9071354, 37.3717821], [14.9074763, 37.3720081], [14.9076343, 37.3721075], [14.9077968, 37.3722207], [14.9081522, 37.3724546], [14.9082855, 37.3725532], [14.9089409, 37.3729865], [14.9090786, 37.3730715], [14.909274, 37.3732131], [14.9094758, 37.3733504], [14.9097451, 37.3735333], [14.9099525, 37.3736734], [14.9080449, 37.3772729], [14.9081063, 37.3772732], [14.9064729, 37.3803555], [14.9064724, 37.3803564], [14.906519, 37.3803793], [14.906572, 37.3803974], [14.9063204, 37.3808653], [14.9062706, 37.3808482], [14.9062082, 37.3808403], [14.905823, 37.381567], [14.9055904, 37.3815509], [14.9022868, 37.3808964], [14.9025198, 37.3804387], [14.9029047, 37.3796622], [14.9035643, 37.3784063], [14.9013161, 37.3778165], [14.898487, 37.3770438], [14.8984923, 37.3770285], [14.8985778, 37.3768674], [14.89832, 37.3767774], [14.8985854, 37.3763712], [14.8990675, 37.3756425], [14.8988581, 37.3756694], [14.899056, 37.3753702], [14.8992911, 37.3752963], [14.8992975, 37.3752763], [14.8993014, 37.3752695], [14.8997289, 37.3746301], [14.8998226, 37.3746534], [14.9003081, 37.3747459], [14.9004362, 37.3744346], [14.9005355, 37.3741934], [14.9001387, 37.3741101], [14.9000835, 37.3740997], [14.9001116, 37.3740577], [14.9004874, 37.3734737], [14.9005149, 37.3734293], [14.907094, 37.3717549]]]}, "properties": {"rol": "parcela", "origen": "vallado del DWG"}}, {"type": "Feature", "geometry": {"type": "Point", "coordinates": [14.9059509, 37.3726268]}, "properties": {"rol": "seguidor", "id": "TK0001", "tipo": "completo", "axis_azimuth": 0, "punto": "eje de unidad (no el motor)", "ncu": 6, "gw": 6, "axis_tilt": 0, "max_angle": 55, "backtrack": true, "gcr": 0.397, "cross_axis_tilt": 0}}, {"type": "Feature", "geometry": {"type": "Point", "coordinates": [14.9060693, 37.3726314]}, "properties": {"rol": "seguidor", "id": "TK0002", "tipo": "completo", "axis_azimuth": 0, "punto": "eje de unidad (no el motor)", "ncu": 6, "gw": 6, "axis_tilt": 0, "max_angle": 55, "backtrack": true, "gcr": 0.397, "cross_axis_tilt": 0}}, {"type": "Feature", "geometry": {"type": "Point", "coordinates": [14.9061876, 37.3726361]}, "properties": {"rol": "seguidor", "id": "TK0003", "tipo": "completo", "axis_azimuth": 0, "punto": "eje de unidad (no el motor)", "ncu": 6, "gw": 6, "axis_tilt": 0, "max_angle": 55, "backtrack": true, "gcr": 0.397, "cross_axis_tilt": 0}}, {"type": "Feature", "geometry": {"type": "Point", "coordinates": [14.9058325, 37.3726447]}, "properties": {"rol": "seguidor", "id": "TK0004", "tipo": "Medio", "axis_azimuth": 0, "punto": "eje de unidad (no el motor)", "ncu": 6, "gw": 6, "axis_tilt": 0, "max_angle": 55, "backtrack": true, "gcr": 0.397, "cross_axis_tilt": 0}}, {"type": "Feature", "geometry": {"type": "Point", "coordinates": [14.9050172, 37.376077]}, "properties": {"rol": "seguidor", "id": "TK0005", "tipo": "completo", "axis_azimuth": 0, "punto": "eje de unidad (no el motor)", "ncu": 2, "gw": 2, "axis_tilt": 0, "max_angle": 55, "backtrack": true, "gcr": 0.397, "cross_axis_tilt": 0}}, {"type": "Feature", "geometry": {"type": "Point", "coordinates": [14.9051355, 37.376077]}, "properties": {"rol": "seguidor", "id": "TK0006", "tipo": "completo", "axis_azimuth": 0, "punto": "eje de unidad (no el motor)", "ncu": 2, "gw": 2, "axis_tilt": 0, "max_angle": 55, "backtrack": true, "gcr": 0.397, "cross_axis_tilt": 0}}, {"type": "Feature", "geometry": {"type": "Point", "coordinates": [14.9052539, 37.3760771]}, "properties": {"rol": "seguidor", "id": "TK0007", "tipo": "completo", "axis_azimuth": 0, "punto": "eje de unidad (no el motor)", "ncu": 2, "gw": 2, "axis_tilt": 0, "max_angle": 55, "backtrack": true, "gcr": 0.397, "cross_axis_tilt": 0}}, {"type": "Feature", "geometry": {"type": "Point", "coordinates": [14.9053723, 37.3760772]}, "properties": {"rol": "seguidor", "id": "TK0008", "tipo": "completo", "axis_azimuth": 0, "punto": "eje de unidad (no el motor)", "ncu": 2, "gw": 2, "axis_tilt": 0, "max_angle": 55, "backtrack": true, "gcr": 0.397, "cross_axis_tilt": 0}}, {"type": "Feature", "geometry": {"type": "Point", "coordinates": [14.9054907, 37.3760773]}, "properties": {"rol": "seguidor", "id": "TK0009", "tipo": "completo", "axis_azimuth": 0, "punto": "eje de unidad (no el motor)", "ncu": 2, "gw": 2, "axis_tilt": 0, "max_angle": 55, "backtrack": true, "gcr": 0.397, "cross_axis_tilt": 0}}, {"type": "Feature", "geometry": {"type": "Point", "coordinates": [14.905609, 37.3760774]}, "properties": {"rol": "seguidor", "id": "TK0010", "tipo": "completo", "axis_azimuth": 0, "punto": "eje de unidad (no el motor)", "ncu": 2, "gw": 2, "axis_tilt": 0, "max_angle": 55, "backtrack": true, "gcr": 0.397, "cross_axis_tilt": 0}}, {"type": "Feature", "geometry": {"type": "Point", "coordinates": [14.9057274, 37.3760775]}, "properties": {"rol": "seguidor", "id": "TK0011", "tipo": "completo", "axis_azimuth": 0, "punto": "eje de unidad (no el motor)", "ncu": 2, "gw": 2, "axis_tilt": 0, "max_angle": 55, "backtrack": true, "gcr": 0.397, "cross_axis_tilt": 0}}, {"type": "Feature", "geometry": {"type": "Point", "coordinates": [14.9058458, 37.3760776]}, "properties": {"rol": "seguidor", "id": "TK0012", "tipo": "completo", "axis_azimuth": 0, "punto": "eje de unidad (no el motor)", "ncu": 2, "gw": 2, "axis_tilt": 0, "max_angle": 55, "backtrack": true, "gcr": 0.397, "cross_axis_tilt": 0}}, {"type": "Feature", "geometry": {"type": "Point", "coordinates": [14.9059641, 37.3760777]}, "properties": {"rol": "seguidor", "id": "TK0013", "tipo": "completo", "axis_azimuth": 0, "punto": "eje de unidad (no el motor)", "ncu": 2, "gw": 2, "axis_tilt": 0, "max_angle": 55, "backtrack": true, "gcr": 0.397, "cross_axis_tilt": 0}}, {"type": "Feature", "geometry": {"type": "Point", "coordinates": [14.9060825, 37.3760778]}, "properties": {"rol": "seguidor", "id": "TK0014", "tipo": "completo", "axis_azimuth": 0, "punto": "eje de unidad (no el motor)", "ncu": 2, "gw": 2, "axis_tilt": 0, "max_angle": 55, "backtrack": true, "gcr": 0.397, "cross_axis_tilt": 0}}, {"type": "Feature", "geometry": {"type": "Point", "coordinates": [14.9062009, 37.3760779]}, "properties": {"rol": "seguidor", "id": "TK0015", "tipo": "completo", "axis_azimuth": 0, "punto": "eje de unidad (no el motor)", "ncu": 2, "gw": 2, "axis_tilt": 0, "max_angle": 55, "backtrack": true, "gcr": 0.397, "cross_axis_tilt": 0}}, {"type": "Feature", "geometry": {"type": "Point", "coordinates": [14.9063192, 37.376078]}, "properties": {"rol": "seguidor", "id": "TK0016", "tipo": "completo", "axis_azimuth": 0, "punto": "eje de unidad (no el motor)", "ncu": 2, "gw": 2, "axis_tilt": 0, "max_angle": 55, "backtrack": true, "gcr": 0.397, "cross_axis_tilt": 0}}, {"type": "Feature", "geometry": {"type": "Point", "coordinates": [14.9064376, 37.3760781]}, "properties": {"rol": "seguidor", "id": "TK0017", "tipo": "completo", "axis_azimuth": 0, "punto": "eje de unidad (no el motor)", "ncu": 2, "gw": 2, "axis_tilt": 0, "max_angle": 55, "backtrack": true, "gcr": 0.397, "cross_axis_tilt": 0}}, {"type": "Feature", "geometry": {"type": "Point", "coordinates": [14.906556, 37.3760782]}, "properties": {"rol": "seguidor", "id": "TK0018", "tipo": "completo", "axis_azimuth": 0, "punto": "eje de unidad (no el motor)", "ncu": 2, "gw": 2, "axis_tilt": 0, "max_angle": 55, "backtrack": true, "gcr": 0.397, "cross_axis_tilt": 0}}, {"type": "Feature", "geometry": {"type": "Point", "coordinates": [14.9066744, 37.3760783]}, "properties": {"rol": "seguidor", "id": "TK0019", "tipo": "completo", "axis_azimuth": 0, "punto": "eje de unidad (no el motor)", "ncu": 2, "gw": 2, "axis_tilt": 0, "max_angle": 55, "backtrack": true, "gcr": 0.397, "cross_axis_tilt": 0}}, {"type": "Feature", "geometry": {"type": "Point", "coordinates": [14.9067927, 37.3760784]}, "properties": {"rol": "seguidor", "id": "TK0020", "tipo": "completo", "axis_azimuth": 0, "punto": "eje de unidad (no el motor)", "ncu": 2, "gw": 2, "axis_tilt": 0, "max_angle": 55, "backtrack": true, "gcr": 0.397, "cross_axis_tilt": 0}}, {"type": "Feature", "geometry": {"type": "Point", "coordinates": [14.9048986, 37.3762322]}, "properties": {"rol": "seguidor", "id": "TK0021", "tipo": "Medio", "axis_azimuth": 0, "punto": "eje de unidad (no el motor)", "ncu": 2, "gw": 2, "axis_tilt": 0, "max_angle": 55, "backtrack": true, "gcr": 0.397, "cross_axis_tilt": 0}}, {"type": "Feature", "geometry": {"type": "Point", "coordinates": [14.9047802, 37.3762321]}, "properties": {"rol": "seguidor", "id": "TK0022", "tipo": "Medio", "axis_azimuth": 0, "punto": "eje de unidad (no el motor)", "ncu": 2, "gw": 2, "axis_tilt": 0, "max_angle": 55, "backtrack": true, "gcr": 0.397, "cross_axis_tilt": 0}}, {"type": "Feature", "geometry": {"type": "Point", "coordinates": [14.9069111, 37.3760785]}, "properties": {"rol": "seguidor", "id": "TK0023", "tipo": "completo", "axis_azimuth": 0, "punto": "eje de unidad (no el motor)", "ncu": 2, "gw": 2, "axis_tilt": 0, "max_angle": 55, "backtrack": true, "gcr": 0.397, "cross_axis_tilt": 0}}, {"type": "Feature", "geometry": {"type": "Point", "coordinates": [14.9070295, 37.3760785]}, "properties": {"rol": "seguidor", "id": "TK0024", "tipo": "completo", "axis_azimuth": 0, "punto": "eje de unidad (no el motor)", "ncu": 2, "gw": 2, "axis_tilt": 0, "max_angle": 55, "backtrack": true, "gcr": 0.397, "cross_axis_tilt": 0}}, {"type": "Feature", "geometry": {"type": "Point", "coordinates": [14.9071477, 37.3761598]}, "properties": {"rol": "seguidor", "id": "TK0025", "tipo": "completo", "axis_azimuth": 0, "punto": "eje de unidad (no el motor)", "ncu": 2, "gw": 2, "axis_tilt": 0, "max_angle": 55, "backtrack": true, "gcr": 0.397, "cross_axis_tilt": 0}}, {"type": "Feature", "geometry": {"type": "Point", "coordinates": [14.9072661, 37.3761599]}, "properties": {"rol": "seguidor", "id": "TK0026", "tipo": "completo", "axis_azimuth": 0, "punto": "eje de unidad (no el motor)", "ncu": 2, "gw": 2, "axis_tilt": 0, "max_angle": 55, "backtrack": true, "gcr": 0.397, "cross_axis_tilt": 0}}, {"type": "Feature", "geometry": {"type": "Point", "coordinates": [14.9073845, 37.37616]}, "properties": {"rol": "seguidor", "id": "TK0027", "tipo": "completo", "axis_azimuth": 0, "punto": "eje de unidad (no el motor)", "ncu": 2, "gw": 2, "axis_tilt": 0, "max_angle": 55, "backtrack": true, "gcr": 0.397, "cross_axis_tilt": 0}}, {"type": "Feature", "geometry": {"type": "Point", "coordinates": [14.9075029, 37.3760789]}, "properties": {"rol": "seguidor", "id": "TK0028", "tipo": "completo", "axis_azimuth": 0, "punto": "eje de unidad (no el motor)", "ncu": 3, "gw": 3, "axis_tilt": 0, "max_angle": 55, "backtrack": true, "gcr": 0.397, "cross_axis_tilt": 0}}, {"type": "Feature", "geometry": {"type": "Point", "coordinates": [14.9076213, 37.376079]}, "properties": {"rol": "seguidor", "id": "TK0029", "tipo": "completo", "axis_azimuth": 0, "punto": "eje de unidad (no el motor)", "ncu": 3, "gw": 3, "axis_tilt": 0, "max_angle": 55, "backtrack": true, "gcr": 0.397, "cross_axis_tilt": 0}}, {"type": "Feature", "geometry": {"type": "Point", "coordinates": [14.9077397, 37.3760791]}, "properties": {"rol": "seguidor", "id": "TK0030", "tipo": "completo", "axis_azimuth": 0, "punto": "eje de unidad (no el motor)", "ncu": 3, "gw": 3, "axis_tilt": 0, "max_angle": 55, "backtrack": true, "gcr": 0.397, "cross_axis_tilt": 0}}, {"type": "Feature", "geometry": {"type": "Point", "coordinates": [14.907858, 37.3760792]}, "properties": {"rol": "seguidor", "id": "TK0031", "tipo": "completo", "axis_azimuth": 0, "punto": "eje de unidad (no el motor)", "ncu": 3, "gw": 3, "axis_tilt": 0, "max_angle": 55, "backtrack": true, "gcr": 0.397, "cross_axis_tilt": 0}}, {"type": "Feature", "geometry": {"type": "Point", "coordinates": [14.9079764, 37.3760793]}, "properties": {"rol": "seguidor", "id": "TK0032", "tipo": "completo", "axis_azimuth": 0, "punto": "eje de unidad (no el motor)", "ncu": 3, "gw": 3, "axis_tilt": 0, "max_angle": 55, "backtrack": true, "gcr": 0.397, "cross_axis_tilt": 0}}, {"type": "Feature", "geometry": {"type": "Point", "coordinates": [14.9080948, 37.3760794]}, "properties": {"rol": "seguidor", "id": "TK0033", "tipo": "completo", "axis_azimuth": 0, "punto": "eje de unidad (no el motor)", "ncu": 3, "gw": 3, "axis_tilt": 0, "max_angle": 55, "backtrack": true, "gcr": 0.397, "cross_axis_tilt": 0}}, {"type": "Feature", "geometry": {"type": "Point", "coordinates": [14.9082132, 37.3760795]}, "properties": {"rol": "seguidor", "id": "TK0034", "tipo": "completo", "axis_azimuth": 0, "punto": "eje de unidad (no el motor)", "ncu": 3, "gw": 3, "axis_tilt": 0, "max_angle": 55, "backtrack": true, "gcr": 0.397, "cross_axis_tilt": 0}}, {"type": "Feature", "geometry": {"type": "Point", "coordinates": [14.9083315, 37.3760796]}, "properties": {"rol": "seguidor", "id": "TK0035", "tipo": "completo", "axis_azimuth": 0, "punto": "eje de unidad (no el motor)", "ncu": 3, "gw": 3, "axis_tilt": 0, "max_angle": 55, "backtrack": true, "gcr": 0.397, "cross_axis_tilt": 0}}, {"type": "Feature", "geometry": {"type": "Point", "coordinates": [14.9080941, 37.3766813]}, "properties": {"rol": "seguidor", "id": "TK0036", "tipo": "Medio", "axis_azimuth": 0, "punto": "eje de unidad (no el motor)", "ncu": 2, "gw": 2, "axis_tilt": 0, "max_angle": 55, "backtrack": true, "gcr": 0.397, "cross_axis_tilt": 0}}, {"type": "Feature", "geometry": {"type": "Point", "coordinates": [14.9056098, 37.3754247]}, "properties": {"rol": "seguidor", "id": "TK0037", "tipo": "completo", "axis_azimuth": 0, "punto": "eje de unidad (no el motor)", "ncu": 2, "gw": 2, "axis_tilt": 0, "max_angle": 55, "backtrack": true, "gcr": 0.397, "cross_axis_tilt": 0}}, {"type": "Feature", "geometry": {"type": "Point", "coordinates": [14.9057282, 37.3754248]}, "properties": {"rol": "seguidor", "id": "TK0038", "tipo": "completo", "axis_azimuth": 0, "punto": "eje de unidad (no el motor)", "ncu": 2, "gw": 2, "axis_tilt": 0, "max_angle": 55, "backtrack": true, "gcr": 0.397, "cross_axis_tilt": 0}}, {"type": "Feature", "geometry": {"type": "Point", "coordinates": [14.9058466, 37.3754249]}, "properties": {"rol": "seguidor", "id": "TK0039", "tipo": "completo", "axis_azimuth": 0, "punto": "eje de unidad (no el motor)", "ncu": 2, "gw": 2, "axis_tilt": 0, "max_angle": 55, "backtrack": true, "gcr": 0.397, "cross_axis_tilt": 0}}, {"type": "Feature", "geometry": {"type": "Point", "coordinates": [14.9059649, 37.375425]}, "properties": {"rol": "seguidor", "id": "TK0040", "tipo": "completo", "axis_azimuth": 0, "punto": "eje de unidad (no el motor)", "ncu": 2, "gw": 2, "axis_tilt": 0, "max_angle": 55, "backtrack": true, "gcr": 0.397, "cross_axis_tilt": 0}}, {"type": "Feature", "geometry": {"type": "Point", "coordinates": [14.9060833, 37.3754251]}, "properties": {"rol": "seguidor", "id": "TK0041", "tipo": "completo", "axis_azimuth": 0, "punto": "eje de unidad (no el motor)", "ncu": 3, "gw": 3, "axis_tilt": 0, "max_angle": 55, "backtrack": true, "gcr": 0.397, "cross_axis_tilt": 0}}, {"type": "Feature", "geometry": {"type": "Point", "coordinates": [14.9062017, 37.3754252]}, "properties": {"rol": "seguidor", "id": "TK0042", "tipo": "completo", "axis_azimuth": 0, "punto": "eje de unidad (no el motor)", "ncu": 3, "gw": 3, "axis_tilt": 0, "max_angle": 55, "backtrack": true, "gcr": 0.397, "cross_axis_tilt": 0}}, {"type": "Feature", "geometry": {"type": "Point", "coordinates": [14.9063201, 37.3754253]}, "properties": {"rol": "seguidor", "id": "TK0043", "tipo": "completo", "axis_azimuth": 0, "punto": "eje de unidad (no el motor)", "ncu": 3, "gw": 3, "axis_tilt": 0, "max_angle": 55, "backtrack": true, "gcr": 0.397, "cross_axis_tilt": 0}}, {"type": "Feature", "geometry": {"type": "Point", "coordinates": [14.9064384, 37.3754254]}, "properties": {"rol": "seguidor", "id": "TK0044", "tipo": "completo", "axis_azimuth": 0, "punto": "eje de unidad (no el motor)", "ncu": 3, "gw": 3, "axis_tilt": 0, "max_angle": 55, "backtrack": true, "gcr": 0.397, "cross_axis_tilt": 0}}, {"type": "Feature", "geometry": {"type": "Point", "coordinates": [14.9065568, 37.3754255]}, "properties": {"rol": "seguidor", "id": "TK0045", "tipo": "completo", "axis_azimuth": 0, "punto": "eje de unidad (no el motor)", "ncu": 3, "gw": 3, "axis_tilt": 0, "max_angle": 55, "backtrack": true, "gcr": 0.397, "cross_axis_tilt": 0}}, {"type": "Feature", "geometry": {"type": "Point", "coordinates": [14.9066752, 37.3754256]}, "properties": {"rol": "seguidor", "id": "TK0046", "tipo": "completo", "axis_azimuth": 0, "punto": "eje de unidad (no el motor)", "ncu": 3, "gw": 3, "axis_tilt": 0, "max_angle": 55, "backtrack": true, "gcr": 0.397, "cross_axis_tilt": 0}}, {"type": "Feature", "geometry": {"type": "Point", "coordinates": [14.9067935, 37.3754257]}, "properties": {"rol": "seguidor", "id": "TK0047", "tipo": "completo", "axis_azimuth": 0, "punto": "eje de unidad (no el motor)", "ncu": 3, "gw": 3, "axis_tilt": 0, "max_angle": 55, "backtrack": true, "gcr": 0.397, "cross_axis_tilt": 0}}, {"type": "Feature", "geometry": {"type": "Point", "coordinates": [14.9069119, 37.3754258]}, "properties": {"rol": "seguidor", "id": "TK0048", "tipo": "completo", "axis_azimuth": 0, "punto": "eje de unidad (no el motor)", "ncu": 3, "gw": 3, "axis_tilt": 0, "max_angle": 55, "backtrack": true, "gcr": 0.397, "cross_axis_tilt": 0}}, {"type": "Feature", "geometry": {"type": "Point", "coordinates": [14.9070303, 37.3754259]}, "properties": {"rol": "seguidor", "id": "TK0049", "tipo": "completo", "axis_azimuth": 0, "punto": "eje de unidad (no el motor)", "ncu": 3, "gw": 3, "axis_tilt": 0, "max_angle": 55, "backtrack": true, "gcr": 0.397, "cross_axis_tilt": 0}}, {"type": "Feature", "geometry": {"type": "Point", "coordinates": [14.9071485, 37.3755071]}, "properties": {"rol": "seguidor", "id": "TK0050", "tipo": "completo", "axis_azimuth": 0, "punto": "eje de unidad (no el motor)", "ncu": 3, "gw": 3, "axis_tilt": 0, "max_angle": 55, "backtrack": true, "gcr": 0.397, "cross_axis_tilt": 0}}, {"type": "Feature", "geometry": {"type": "Point", "coordinates": [14.9072669, 37.3755072]}, "properties": {"rol": "seguidor", "id": "TK0051", "tipo": "completo", "axis_azimuth": 0, "punto": "eje de unidad (no el motor)", "ncu": 3, "gw": 3, "axis_tilt": 0, "max_angle": 55, "backtrack": true, "gcr": 0.397, "cross_axis_tilt": 0}}, {"type": "Feature", "geometry": {"type": "Point", "coordinates": [14.9073853, 37.3755073]}, "properties": {"rol": "seguidor", "id": "TK0052", "tipo": "completo", "axis_azimuth": 0, "punto": "eje de unidad (no el motor)", "ncu": 3, "gw": 3, "axis_tilt": 0, "max_angle": 55, "backtrack": true, "gcr": 0.397, "cross_axis_tilt": 0}}, {"type": "Feature", "geometry": {"type": "Point", "coordinates": [14.9066758, 37.3749283]}, "properties": {"rol": "seguidor", "id": "TK0053", "tipo": "Medio", "axis_azimuth": 0, "punto": "eje de unidad (no el motor)", "ncu": 3, "gw": 3, "axis_tilt": 0, "max_angle": 55, "backtrack": true, "gcr": 0.397, "cross_axis_tilt": 0}}, {"type": "Feature", "geometry": {"type": "Point", "coordinates": [14.9065574, 37.3749282]}, "properties": {"rol": "seguidor", "id": "TK0054", "tipo": "Medio", "axis_azimuth": 0, "punto": "eje de unidad (no el motor)", "ncu": 3, "gw": 3, "axis_tilt": 0, "max_angle": 55, "backtrack": true, "gcr": 0.397, "cross_axis_tilt": 0}}, {"type": "Feature", "geometry": {"type": "Point", "coordinates": [14.906439, 37.3749281]}, "properties": {"rol": "seguidor", "id": "TK0055", "tipo": "Medio", "axis_azimuth": 0, "punto": "eje de unidad (no el motor)", "ncu": 3, "gw": 3, "axis_tilt": 0, "max_angle": 55, "backtrack": true, "gcr": 0.397, "cross_axis_tilt": 0}}, {"type": "Feature", "geometry": {"type": "Point", "coordinates": [14.9063207, 37.374928]}, "properties": {"rol": "seguidor", "id": "TK0056", "tipo": "Medio", "axis_azimuth": 0, "punto": "eje de unidad (no el motor)", "ncu": 3, "gw": 3, "axis_tilt": 0, "max_angle": 55, "backtrack": true, "gcr": 0.397, "cross_axis_tilt": 0}}, {"type": "Feature", "geometry": {"type": "Point", "coordinates": [14.9062023, 37.3749279]}, "properties": {"rol": "seguidor", "id": "TK0057", "tipo": "Medio", "axis_azimuth": 0, "punto": "eje de unidad (no el motor)", "ncu": 3, "gw": 3, "axis_tilt": 0, "max_angle": 55, "backtrack": true, "gcr": 0.397, "cross_axis_tilt": 0}}, {"type": "Feature", "geometry": {"type": "Point", "coordinates": [14.9060839, 37.3749278]}, "properties": {"rol": "seguidor", "id": "TK0058", "tipo": "Medio", "axis_azimuth": 0, "punto": "eje de unidad (no el motor)", "ncu": 3, "gw": 3, "axis_tilt": 0, "max_angle": 55, "backtrack": true, "gcr": 0.397, "cross_axis_tilt": 0}}, {"type": "Feature", "geometry": {"type": "Point", "coordinates": [14.9059656, 37.3749277]}, "properties": {"rol": "seguidor", "id": "TK0059", "tipo": "Medio", "axis_azimuth": 0, "punto": "eje de unidad (no el motor)", "ncu": 2, "gw": 2, "axis_tilt": 0, "max_angle": 55, "backtrack": true, "gcr": 0.397, "cross_axis_tilt": 0}}, {"type": "Feature", "geometry": {"type": "Point", "coordinates": [14.9058472, 37.3749276]}, "properties": {"rol": "seguidor", "id": "TK0060", "tipo": "Medio", "axis_azimuth": 0, "punto": "eje de unidad (no el motor)", "ncu": 2, "gw": 2, "axis_tilt": 0, "max_angle": 55, "backtrack": true, "gcr": 0.397, "cross_axis_tilt": 0}}, {"type": "Feature", "geometry": {"type": "Point", "coordinates": [14.9057288, 37.3749275]}, "properties": {"rol": "seguidor", "id": "TK0061", "tipo": "Medio", "axis_azimuth": 0, "punto": "eje de unidad (no el motor)", "ncu": 2, "gw": 2, "axis_tilt": 0, "max_angle": 55, "backtrack": true, "gcr": 0.397, "cross_axis_tilt": 0}}, {"type": "Feature", "geometry": {"type": "Point", "coordinates": [14.9070309, 37.3749285]}, "properties": {"rol": "seguidor", "id": "TK0062", "tipo": "Medio", "axis_azimuth": 0, "punto": "eje de unidad (no el motor)", "ncu": 3, "gw": 3, "axis_tilt": 0, "max_angle": 55, "backtrack": true, "gcr": 0.397, "cross_axis_tilt": 0}}, {"type": "Feature", "geometry": {"type": "Point", "coordinates": [14.9069125, 37.3749285]}, "properties": {"rol": "seguidor", "id": "TK0063", "tipo": "Medio", "axis_azimuth": 0, "punto": "eje de unidad (no el motor)", "ncu": 3, "gw": 3, "axis_tilt": 0, "max_angle": 55, "backtrack": true, "gcr": 0.397, "cross_axis_tilt": 0}}, {"type": "Feature", "geometry": {"type": "Point", "coordinates": [14.9067941, 37.3749284]}, "properties": {"rol": "seguidor", "id": "TK0064", "tipo": "Medio", "axis_azimuth": 0, "punto": "eje de unidad (no el motor)", "ncu": 3, "gw": 3, "axis_tilt": 0, "max_angle": 55, "backtrack": true, "gcr": 0.397, "cross_axis_tilt": 0}}, {"type": "Feature", "geometry": {"type": "Point", "coordinates": [14.9075037, 37.3754262]}, "properties": {"rol": "seguidor", "id": "TK0065", "tipo": "completo", "axis_azimuth": 0, "punto": "eje de unidad (no el motor)", "ncu": 3, "gw": 3, "axis_tilt": 0, "max_angle": 55, "backtrack": true, "gcr": 0.397, "cross_axis_tilt": 0}}, {"type": "Feature", "geometry": {"type": "Point", "coordinates": [14.9076221, 37.3754263]}, "properties": {"rol": "seguidor", "id": "TK0066", "tipo": "completo", "axis_azimuth": 0, "punto": "eje de unidad (no el motor)", "ncu": 3, "gw": 3, "axis_tilt": 0, "max_angle": 55, "backtrack": true, "gcr": 0.397, "cross_axis_tilt": 0}}, {"type": "Feature", "geometry": {"type": "Point", "coordinates": [14.9077405, 37.3754264]}, "properties": {"rol": "seguidor", "id": "TK0067", "tipo": "completo", "axis_azimuth": 0, "punto": "eje de unidad (no el motor)", "ncu": 3, "gw": 3, "axis_tilt": 0, "max_angle": 55, "backtrack": true, "gcr": 0.397, "cross_axis_tilt": 0}}, {"type": "Feature", "geometry": {"type": "Point", "coordinates": [14.9078588, 37.3754265]}, "properties": {"rol": "seguidor", "id": "TK0068", "tipo": "completo", "axis_azimuth": 0, "punto": "eje de unidad (no el motor)", "ncu": 3, "gw": 3, "axis_tilt": 0, "max_angle": 55, "backtrack": true, "gcr": 0.397, "cross_axis_tilt": 0}}, {"type": "Feature", "geometry": {"type": "Point", "coordinates": [14.9079772, 37.3754266]}, "properties": {"rol": "seguidor", "id": "TK0069", "tipo": "completo", "axis_azimuth": 0, "punto": "eje de unidad (no el motor)", "ncu": 3, "gw": 3, "axis_tilt": 0, "max_angle": 55, "backtrack": true, "gcr": 0.397, "cross_axis_tilt": 0}}, {"type": "Feature", "geometry": {"type": "Point", "coordinates": [14.9080956, 37.3754267]}, "properties": {"rol": "seguidor", "id": "TK0070", "tipo": "completo", "axis_azimuth": 0, "punto": "eje de unidad (no el motor)", "ncu": 3, "gw": 3, "axis_tilt": 0, "max_angle": 55, "backtrack": true, "gcr": 0.397, "cross_axis_tilt": 0}}, {"type": "Feature", "geometry": {"type": "Point", "coordinates": [14.908214, 37.3754268]}, "properties": {"rol": "seguidor", "id": "TK0071", "tipo": "completo", "axis_azimuth": 0, "punto": "eje de unidad (no el motor)", "ncu": 3, "gw": 3, "axis_tilt": 0, "max_angle": 55, "backtrack": true, "gcr": 0.397, "cross_axis_tilt": 0}}, {"type": "Feature", "geometry": {"type": "Point", "coordinates": [14.9083323, 37.3754269]}, "properties": {"rol": "seguidor", "id": "TK0072", "tipo": "completo", "axis_azimuth": 0, "punto": "eje de unidad (no el motor)", "ncu": 3, "gw": 3, "axis_tilt": 0, "max_angle": 55, "backtrack": true, "gcr": 0.397, "cross_axis_tilt": 0}}, {"type": "Feature", "geometry": {"type": "Point", "coordinates": [14.9084511, 37.3750954]}, "properties": {"rol": "seguidor", "id": "TK0073", "tipo": "completo", "axis_azimuth": 0, "punto": "eje de unidad (no el motor)", "ncu": 3, "gw": 3, "axis_tilt": 0, "max_angle": 55, "backtrack": true, "gcr": 0.397, "cross_axis_tilt": 0}}, {"type": "Feature", "geometry": {"type": "Point", "coordinates": [14.9053731, 37.3754246]}, "properties": {"rol": "seguidor", "id": "TK0074", "tipo": "completo", "axis_azimuth": 0, "punto": "eje de unidad (no el motor)", "ncu": 2, "gw": 2, "axis_tilt": 0, "max_angle": 55, "backtrack": true, "gcr": 0.397, "cross_axis_tilt": 0}}, {"type": "Feature", "geometry": {"type": "Point", "coordinates": [14.9054915, 37.3754246]}, "properties": {"rol": "seguidor", "id": "TK0075", "tipo": "completo", "axis_azimuth": 0, "punto": "eje de unidad (no el motor)", "ncu": 2, "gw": 2, "axis_tilt": 0, "max_angle": 55, "backtrack": true, "gcr": 0.397, "cross_axis_tilt": 0}}, {"type": "Feature", "geometry": {"type": "Point", "coordinates": [14.9056105, 37.3749274]}, "properties": {"rol": "seguidor", "id": "TK0076", "tipo": "Medio", "axis_azimuth": 0, "punto": "eje de unidad (no el motor)", "ncu": 2, "gw": 2, "axis_tilt": 0, "max_angle": 55, "backtrack": true, "gcr": 0.397, "cross_axis_tilt": 0}}, {"type": "Feature", "geometry": {"type": "Point", "coordinates": [14.9052545, 37.3755798]}, "properties": {"rol": "seguidor", "id": "TK0077", "tipo": "Medio", "axis_azimuth": 0, "punto": "eje de unidad (no el motor)", "ncu": 2, "gw": 2, "axis_tilt": 0, "max_angle": 55, "backtrack": true, "gcr": 0.397, "cross_axis_tilt": 0}}, {"type": "Feature", "geometry": {"type": "Point", "coordinates": [14.9051362, 37.3755797]}, "properties": {"rol": "seguidor", "id": "TK0078", "tipo": "Medio", "axis_azimuth": 0, "punto": "eje de unidad (no el motor)", "ncu": 2, "gw": 2, "axis_tilt": 0, "max_angle": 55, "backtrack": true, "gcr": 0.397, "cross_axis_tilt": 0}}, {"type": "Feature", "geometry": {"type": "Point", "coordinates": [14.9078595, 37.3749292]}, "properties": {"rol": "seguidor", "id": "TK0079", "tipo": "Medio", "axis_azimuth": 0, "punto": "eje de unidad (no el motor)", "ncu": 3, "gw": 3, "axis_tilt": 0, "max_angle": 55, "backtrack": true, "gcr": 0.397, "cross_axis_tilt": 0}}, {"type": "Feature", "geometry": {"type": "Point", "coordinates": [14.9077411, 37.3749291]}, "properties": {"rol": "seguidor", "id": "TK0080", "tipo": "Medio", "axis_azimuth": 0, "punto": "eje de unidad (no el motor)", "ncu": 3, "gw": 3, "axis_tilt": 0, "max_angle": 55, "backtrack": true, "gcr": 0.397, "cross_axis_tilt": 0}}, {"type": "Feature", "geometry": {"type": "Point", "coordinates": [14.9076227, 37.374929]}, "properties": {"rol": "seguidor", "id": "TK0081", "tipo": "Medio", "axis_azimuth": 0, "punto": "eje de unidad (no el motor)", "ncu": 3, "gw": 3, "axis_tilt": 0, "max_angle": 55, "backtrack": true, "gcr": 0.397, "cross_axis_tilt": 0}}, {"type": "Feature", "geometry": {"type": "Point", "coordinates": [14.9082146, 37.3749295]}, "properties": {"rol": "seguidor", "id": "TK0082", "tipo": "Medio", "axis_azimuth": 0, "punto": "eje de unidad (no el motor)", "ncu": 3, "gw": 3, "axis_tilt": 0, "max_angle": 55, "backtrack": true, "gcr": 0.397, "cross_axis_tilt": 0}}, {"type": "Feature", "geometry": {"type": "Point", "coordinates": [14.9080962, 37.3749294]}, "properties": {"rol": "seguidor", "id": "TK0083", "tipo": "Medio", "axis_azimuth": 0, "punto": "eje de unidad (no el motor)", "ncu": 3, "gw": 3, "axis_tilt": 0, "max_angle": 55, "backtrack": true, "gcr": 0.397, "cross_axis_tilt": 0}}, {"type": "Feature", "geometry": {"type": "Point", "coordinates": [14.9079778, 37.3749293]}, "properties": {"rol": "seguidor", "id": "TK0084", "tipo": "Medio", "axis_azimuth": 0, "punto": "eje de unidad (no el motor)", "ncu": 3, "gw": 3, "axis_tilt": 0, "max_angle": 55, "backtrack": true, "gcr": 0.397, "cross_axis_tilt": 0}}, {"type": "Feature", "geometry": {"type": "Point", "coordinates": [14.9075044, 37.3749289]}, "properties": {"rol": "seguidor", "id": "TK0085", "tipo": "Medio", "axis_azimuth": 0, "punto": "eje de unidad (no el motor)", "ncu": 3, "gw": 3, "axis_tilt": 0, "max_angle": 55, "backtrack": true, "gcr": 0.397, "cross_axis_tilt": 0}}, {"type": "Feature", "geometry": {"type": "Point", "coordinates": [14.9071491, 37.3750098]}, "properties": {"rol": "seguidor", "id": "TK0086", "tipo": "Medio", "axis_azimuth": 0, "punto": "eje de unidad (no el motor)", "ncu": 3, "gw": 3, "axis_tilt": 0, "max_angle": 55, "backtrack": true, "gcr": 0.397, "cross_axis_tilt": 0}}, {"type": "Feature", "geometry": {"type": "Point", "coordinates": [14.9072675, 37.3750099]}, "properties": {"rol": "seguidor", "id": "TK0087", "tipo": "Medio", "axis_azimuth": 0, "punto": "eje de unidad (no el motor)", "ncu": 3, "gw": 3, "axis_tilt": 0, "max_angle": 55, "backtrack": true, "gcr": 0.397, "cross_axis_tilt": 0}}, {"type": "Feature", "geometry": {"type": "Point", "coordinates": [14.9073859, 37.3750099]}, "properties": {"rol": "seguidor", "id": "TK0088", "tipo": "Medio", "axis_azimuth": 0, "punto": "eje de unidad (no el motor)", "ncu": 3, "gw": 3, "axis_tilt": 0, "max_angle": 55, "backtrack": true, "gcr": 0.397, "cross_axis_tilt": 0}}, {"type": "Feature", "geometry": {"type": "Point", "coordinates": [14.9083329, 37.3749296]}, "properties": {"rol": "seguidor", "id": "TK0089", "tipo": "Medio", "axis_azimuth": 0, "punto": "eje de unidad (no el motor)", "ncu": 3, "gw": 3, "axis_tilt": 0, "max_angle": 55, "backtrack": true, "gcr": 0.397, "cross_axis_tilt": 0}}, {"type": "Feature", "geometry": {"type": "Point", "coordinates": [14.9088062, 37.3750956]}, "properties": {"rol": "seguidor", "id": "TK0090", "tipo": "completo", "axis_azimuth": 0, "punto": "eje de unidad (no el motor)", "ncu": 3, "gw": 3, "axis_tilt": 0, "max_angle": 55, "backtrack": true, "gcr": 0.397, "cross_axis_tilt": 0}}, {"type": "Feature", "geometry": {"type": "Point", "coordinates": [14.9067371, 37.3741954]}, "properties": {"rol": "seguidor", "id": "TK0091", "tipo": "completo", "axis_azimuth": 0, "punto": "eje de unidad (no el motor)", "ncu": 3, "gw": 3, "axis_tilt": 0, "max_angle": 55, "backtrack": true, "gcr": 0.397, "cross_axis_tilt": 0}}, {"type": "Feature", "geometry": {"type": "Point", "coordinates": [14.9067379, 37.3735427]}, "properties": {"rol": "seguidor", "id": "TK0092", "tipo": "completo", "axis_azimuth": 0, "punto": "eje de unidad (no el motor)", "ncu": 3, "gw": 3, "axis_tilt": 0, "max_angle": 55, "backtrack": true, "gcr": 0.397, "cross_axis_tilt": 0}}, {"type": "Feature", "geometry": {"type": "Point", "coordinates": [14.9068555, 37.3741955]}, "properties": {"rol": "seguidor", "id": "TK0093", "tipo": "completo", "axis_azimuth": 0, "punto": "eje de unidad (no el motor)", "ncu": 3, "gw": 3, "axis_tilt": 0, "max_angle": 55, "backtrack": true, "gcr": 0.397, "cross_axis_tilt": 0}}, {"type": "Feature", "geometry": {"type": "Point", "coordinates": [14.9068563, 37.3735428]}, "properties": {"rol": "seguidor", "id": "TK0094", "tipo": "completo", "axis_azimuth": 0, "punto": "eje de unidad (no el motor)", "ncu": 3, "gw": 3, "axis_tilt": 0, "max_angle": 55, "backtrack": true, "gcr": 0.397, "cross_axis_tilt": 0}}, {"type": "Feature", "geometry": {"type": "Point", "coordinates": [14.9069739, 37.3741956]}, "properties": {"rol": "seguidor", "id": "TK0095", "tipo": "completo", "axis_azimuth": 0, "punto": "eje de unidad (no el motor)", "ncu": 3, "gw": 3, "axis_tilt": 0, "max_angle": 55, "backtrack": true, "gcr": 0.397, "cross_axis_tilt": 0}}, {"type": "Feature", "geometry": {"type": "Point", "coordinates": [14.9069747, 37.3735429]}, "properties": {"rol": "seguidor", "id": "TK0096", "tipo": "completo", "axis_azimuth": 0, "punto": "eje de unidad (no el motor)", "ncu": 3, "gw": 3, "axis_tilt": 0, "max_angle": 55, "backtrack": true, "gcr": 0.397, "cross_axis_tilt": 0}}, {"type": "Feature", "geometry": {"type": "Point", "coordinates": [14.9070922, 37.3741957]}, "properties": {"rol": "seguidor", "id": "TK0097", "tipo": "completo", "axis_azimuth": 0, "punto": "eje de unidad (no el motor)", "ncu": 3, "gw": 3, "axis_tilt": 0, "max_angle": 55, "backtrack": true, "gcr": 0.397, "cross_axis_tilt": 0}}, {"type": "Feature", "geometry": {"type": "Point", "coordinates": [14.907093, 37.373543]}, "properties": {"rol": "seguidor", "id": "TK0098", "tipo": "completo", "axis_azimuth": 0, "punto": "eje de unidad (no el motor)", "ncu": 3, "gw": 3, "axis_tilt": 0, "max_angle": 55, "backtrack": true, "gcr": 0.397, "cross_axis_tilt": 0}}, {"type": "Feature", "geometry": {"type": "Point", "coordinates": [14.9070938, 37.3728903]}, "properties": {"rol": "seguidor", "id": "TK0099", "tipo": "completo", "axis_azimuth": 0, "punto": "eje de unidad (no el motor)", "ncu": 3, "gw": 3, "axis_tilt": 0, "max_angle": 55, "backtrack": true, "gcr": 0.397, "cross_axis_tilt": 0}}, {"type": "Feature", "geometry": {"type": "Point", "coordinates": [14.9072106, 37.3741958]}, "properties": {"rol": "seguidor", "id": "TK0100", "tipo": "completo", "axis_azimuth": 0, "punto": "eje de unidad (no el motor)", "ncu": 3, "gw": 3, "axis_tilt": 0, "max_angle": 55, "backtrack": true, "gcr": 0.397, "cross_axis_tilt": 0}}, {"type": "Feature", "geometry": {"type": "Point", "coordinates": [14.9072114, 37.3735431]}, "properties": {"rol": "seguidor", "id": "TK0101", "tipo": "completo", "axis_azimuth": 0, "punto": "eje de unidad (no el motor)", "ncu": 3, "gw": 3, "axis_tilt": 0, "max_angle": 55, "backtrack": true, "gcr": 0.397, "cross_axis_tilt": 0}}, {"type": "Feature", "geometry": {"type": "Point", "coordinates": [14.9072122, 37.3728904]}, "properties": {"rol": "seguidor", "id": "TK0102", "tipo": "completo", "axis_azimuth": 0, "punto": "eje de unidad (no el motor)", "ncu": 3, "gw": 3, "axis_tilt": 0, "max_angle": 55, "backtrack": true, "gcr": 0.397, "cross_axis_tilt": 0}}, {"type": "Feature", "geometry": {"type": "Point", "coordinates": [14.907329, 37.3741959]}, "properties": {"rol": "seguidor", "id": "TK0103", "tipo": "completo", "axis_azimuth": 0, "punto": "eje de unidad (no el motor)", "ncu": 3, "gw": 3, "axis_tilt": 0, "max_angle": 55, "backtrack": true, "gcr": 0.397, "cross_axis_tilt": 0}}, {"type": "Feature", "geometry": {"type": "Point", "coordinates": [14.9073298, 37.3735432]}, "properties": {"rol": "seguidor", "id": "TK0104", "tipo": "completo", "axis_azimuth": 0, "punto": "eje de unidad (no el motor)", "ncu": 3, "gw": 3, "axis_tilt": 0, "max_angle": 55, "backtrack": true, "gcr": 0.397, "cross_axis_tilt": 0}}, {"type": "Feature", "geometry": {"type": "Point", "coordinates": [14.9073306, 37.3728905]}, "properties": {"rol": "seguidor", "id": "TK0105", "tipo": "completo", "axis_azimuth": 0, "punto": "eje de unidad (no el motor)", "ncu": 3, "gw": 3, "axis_tilt": 0, "max_angle": 55, "backtrack": true, "gcr": 0.397, "cross_axis_tilt": 0}}, {"type": "Feature", "geometry": {"type": "Point", "coordinates": [14.9074473, 37.374196]}, "properties": {"rol": "seguidor", "id": "TK0106", "tipo": "completo", "axis_azimuth": 0, "punto": "eje de unidad (no el motor)", "ncu": 3, "gw": 3, "axis_tilt": 0, "max_angle": 55, "backtrack": true, "gcr": 0.397, "cross_axis_tilt": 0}}, {"type": "Feature", "geometry": {"type": "Point", "coordinates": [14.9074481, 37.3735433]}, "properties": {"rol": "seguidor", "id": "TK0107", "tipo": "completo", "axis_azimuth": 0, "punto": "eje de unidad (no el motor)", "ncu": 3, "gw": 3, "axis_tilt": 0, "max_angle": 55, "backtrack": true, "gcr": 0.397, "cross_axis_tilt": 0}}, {"type": "Feature", "geometry": {"type": "Point", "coordinates": [14.9074489, 37.3728906]}, "properties": {"rol": "seguidor", "id": "TK0108", "tipo": "completo", "axis_azimuth": 0, "punto": "eje de unidad (no el motor)", "ncu": 3, "gw": 3, "axis_tilt": 0, "max_angle": 55, "backtrack": true, "gcr": 0.397, "cross_axis_tilt": 0}}, {"type": "Feature", "geometry": {"type": "Point", "coordinates": [14.9075657, 37.3741961]}, "properties": {"rol": "seguidor", "id": "TK0109", "tipo": "completo", "axis_azimuth": 0, "punto": "eje de unidad (no el motor)", "ncu": 3, "gw": 3, "axis_tilt": 0, "max_angle": 55, "backtrack": true, "gcr": 0.397, "cross_axis_tilt": 0}}, {"type": "Feature", "geometry": {"type": "Point", "coordinates": [14.9075665, 37.3735434]}, "properties": {"rol": "seguidor", "id": "TK0110", "tipo": "completo", "axis_azimuth": 0, "punto": "eje de unidad (no el motor)", "ncu": 3, "gw": 3, "axis_tilt": 0, "max_angle": 55, "backtrack": true, "gcr": 0.397, "cross_axis_tilt": 0}}, {"type": "Feature", "geometry": {"type": "Point", "coordinates": [14.9075673, 37.3728907]}, "properties": {"rol": "seguidor", "id": "TK0111", "tipo": "completo", "axis_azimuth": 0, "punto": "eje de unidad (no el motor)", "ncu": 3, "gw": 3, "axis_tilt": 0, "max_angle": 55, "backtrack": true, "gcr": 0.397, "cross_axis_tilt": 0}}, {"type": "Feature", "geometry": {"type": "Point", "coordinates": [14.9076841, 37.3741961]}, "properties": {"rol": "seguidor", "id": "TK0112", "tipo": "completo", "axis_azimuth": 0, "punto": "eje de unidad (no el motor)", "ncu": 3, "gw": 3, "axis_tilt": 0, "max_angle": 55, "backtrack": true, "gcr": 0.397, "cross_axis_tilt": 0}}, {"type": "Feature", "geometry": {"type": "Point", "coordinates": [14.9076849, 37.3735435]}, "properties": {"rol": "seguidor", "id": "TK0113", "tipo": "completo", "axis_azimuth": 0, "punto": "eje de unidad (no el motor)", "ncu": 3, "gw": 3, "axis_tilt": 0, "max_angle": 55, "backtrack": true, "gcr": 0.397, "cross_axis_tilt": 0}}, {"type": "Feature", "geometry": {"type": "Point", "coordinates": [14.9076857, 37.3728908]}, "properties": {"rol": "seguidor", "id": "TK0114", "tipo": "completo", "axis_azimuth": 0, "punto": "eje de unidad (no el motor)", "ncu": 3, "gw": 3, "axis_tilt": 0, "max_angle": 55, "backtrack": true, "gcr": 0.397, "cross_axis_tilt": 0}}, {"type": "Feature", "geometry": {"type": "Point", "coordinates": [14.9078024, 37.3741962]}, "properties": {"rol": "seguidor", "id": "TK0115", "tipo": "completo", "axis_azimuth": 0, "punto": "eje de unidad (no el motor)", "ncu": 3, "gw": 3, "axis_tilt": 0, "max_angle": 55, "backtrack": true, "gcr": 0.397, "cross_axis_tilt": 0}}, {"type": "Feature", "geometry": {"type": "Point", "coordinates": [14.9078032, 37.3735436]}, "properties": {"rol": "seguidor", "id": "TK0116", "tipo": "completo", "axis_azimuth": 0, "punto": "eje de unidad (no el motor)", "ncu": 3, "gw": 3, "axis_tilt": 0, "max_angle": 55, "backtrack": true, "gcr": 0.397, "cross_axis_tilt": 0}}, {"type": "Feature", "geometry": {"type": "Point", "coordinates": [14.907804, 37.3728909]}, "properties": {"rol": "seguidor", "id": "TK0117", "tipo": "completo", "axis_azimuth": 0, "punto": "eje de unidad (no el motor)", "ncu": 3, "gw": 3, "axis_tilt": 0, "max_angle": 55, "backtrack": true, "gcr": 0.397, "cross_axis_tilt": 0}}, {"type": "Feature", "geometry": {"type": "Point", "coordinates": [14.9079208, 37.3741963]}, "properties": {"rol": "seguidor", "id": "TK0118", "tipo": "completo", "axis_azimuth": 0, "punto": "eje de unidad (no el motor)", "ncu": 3, "gw": 3, "axis_tilt": 0, "max_angle": 55, "backtrack": true, "gcr": 0.397, "cross_axis_tilt": 0}}, {"type": "Feature", "geometry": {"type": "Point", "coordinates": [14.9079216, 37.3735436]}, "properties": {"rol": "seguidor", "id": "TK0119", "tipo": "completo", "axis_azimuth": 0, "punto": "eje de unidad (no el motor)", "ncu": 3, "gw": 3, "axis_tilt": 0, "max_angle": 55, "backtrack": true, "gcr": 0.397, "cross_axis_tilt": 0}}, {"type": "Feature", "geometry": {"type": "Point", "coordinates": [14.9079224, 37.372891]}, "properties": {"rol": "seguidor", "id": "TK0120", "tipo": "completo", "axis_azimuth": 0, "punto": "eje de unidad (no el motor)", "ncu": 3, "gw": 3, "axis_tilt": 0, "max_angle": 55, "backtrack": true, "gcr": 0.397, "cross_axis_tilt": 0}}, {"type": "Feature", "geometry": {"type": "Point", "coordinates": [14.9080392, 37.3741964]}, "properties": {"rol": "seguidor", "id": "TK0121", "tipo": "completo", "axis_azimuth": 0, "punto": "eje de unidad (no el motor)", "ncu": 3, "gw": 3, "axis_tilt": 0, "max_angle": 55, "backtrack": true, "gcr": 0.397, "cross_axis_tilt": 0}}, {"type": "Feature", "geometry": {"type": "Point", "coordinates": [14.90804, 37.3735437]}, "properties": {"rol": "seguidor", "id": "TK0122", "tipo": "completo", "axis_azimuth": 0, "punto": "eje de unidad (no el motor)", "ncu": 3, "gw": 3, "axis_tilt": 0, "max_angle": 55, "backtrack": true, "gcr": 0.397, "cross_axis_tilt": 0}}, {"type": "Feature", "geometry": {"type": "Point", "coordinates": [14.9080408, 37.3728911]}, "properties": {"rol": "seguidor", "id": "TK0123", "tipo": "completo", "axis_azimuth": 0, "punto": "eje de unidad (no el motor)", "ncu": 3, "gw": 3, "axis_tilt": 0, "max_angle": 55, "backtrack": true, "gcr": 0.397, "cross_axis_tilt": 0}}, {"type": "Feature", "geometry": {"type": "Point", "coordinates": [14.9061453, 37.3741949]}, "properties": {"rol": "seguidor", "id": "TK0124", "tipo": "completo", "axis_azimuth": 0, "punto": "eje de unidad (no el motor)", "ncu": 3, "gw": 3, "axis_tilt": 0, "max_angle": 55, "backtrack": true, "gcr": 0.397, "cross_axis_tilt": 0}}, {"type": "Feature", "geometry": {"type": "Point", "coordinates": [14.9062637, 37.374195]}, "properties": {"rol": "seguidor", "id": "TK0125", "tipo": "completo", "axis_azimuth": 0, "punto": "eje de unidad (no el motor)", "ncu": 3, "gw": 3, "axis_tilt": 0, "max_angle": 55, "backtrack": true, "gcr": 0.397, "cross_axis_tilt": 0}}, {"type": "Feature", "geometry": {"type": "Point", "coordinates": [14.906382, 37.3741951]}, "properties": {"rol": "seguidor", "id": "TK0126", "tipo": "completo", "axis_azimuth": 0, "punto": "eje de unidad (no el motor)", "ncu": 3, "gw": 3, "axis_tilt": 0, "max_angle": 55, "backtrack": true, "gcr": 0.397, "cross_axis_tilt": 0}}, {"type": "Feature", "geometry": {"type": "Point", "coordinates": [14.9063828, 37.3735424]}, "properties": {"rol": "seguidor", "id": "TK0127", "tipo": "completo", "axis_azimuth": 0, "punto": "eje de unidad (no el motor)", "ncu": 3, "gw": 3, "axis_tilt": 0, "max_angle": 55, "backtrack": true, "gcr": 0.397, "cross_axis_tilt": 0}}, {"type": "Feature", "geometry": {"type": "Point", "coordinates": [14.9065004, 37.3741952]}, "properties": {"rol": "seguidor", "id": "TK0128", "tipo": "completo", "axis_azimuth": 0, "punto": "eje de unidad (no el motor)", "ncu": 3, "gw": 3, "axis_tilt": 0, "max_angle": 55, "backtrack": true, "gcr": 0.397, "cross_axis_tilt": 0}}, {"type": "Feature", "geometry": {"type": "Point", "coordinates": [14.9065012, 37.3735425]}, "properties": {"rol": "seguidor", "id": "TK0129", "tipo": "completo", "axis_azimuth": 0, "punto": "eje de unidad (no el motor)", "ncu": 3, "gw": 3, "axis_tilt": 0, "max_angle": 55, "backtrack": true, "gcr": 0.397, "cross_axis_tilt": 0}}, {"type": "Feature", "geometry": {"type": "Point", "coordinates": [14.9066188, 37.3741953]}, "properties": {"rol": "seguidor", "id": "TK0130", "tipo": "completo", "axis_azimuth": 0, "punto": "eje de unidad (no el motor)", "ncu": 3, "gw": 3, "axis_tilt": 0, "max_angle": 55, "backtrack": true, "gcr": 0.397, "cross_axis_tilt": 0}}, {"type": "Feature", "geometry": {"type": "Point", "coordinates": [14.9066196, 37.3735426]}, "properties": {"rol": "seguidor", "id": "TK0131", "tipo": "completo", "axis_azimuth": 0, "punto": "eje de unidad (no el motor)", "ncu": 3, "gw": 3, "axis_tilt": 0, "max_angle": 55, "backtrack": true, "gcr": 0.397, "cross_axis_tilt": 0}}, {"type": "Feature", "geometry": {"type": "Point", "coordinates": [14.9060269, 37.3741948]}, "properties": {"rol": "seguidor", "id": "TK0132", "tipo": "completo", "axis_azimuth": 0, "punto": "eje de unidad (no el motor)", "ncu": 3, "gw": 3, "axis_tilt": 0, "max_angle": 55, "backtrack": true, "gcr": 0.397, "cross_axis_tilt": 0}}, {"type": "Feature", "geometry": {"type": "Point", "coordinates": [14.9059084, 37.3743501]}, "properties": {"rol": "seguidor", "id": "TK0133", "tipo": "Medio", "axis_azimuth": 0, "punto": "eje de unidad (no el motor)", "ncu": 3, "gw": 3, "axis_tilt": 0, "max_angle": 55, "backtrack": true, "gcr": 0.397, "cross_axis_tilt": 0}}, {"type": "Feature", "geometry": {"type": "Point", "coordinates": [14.9062643, 37.3736977]}, "properties": {"rol": "seguidor", "id": "TK0134", "tipo": "Medio", "axis_azimuth": 0, "punto": "eje de unidad (no el motor)", "ncu": 3, "gw": 3, "axis_tilt": 0, "max_angle": 55, "backtrack": true, "gcr": 0.397, "cross_axis_tilt": 0}}, {"type": "Feature", "geometry": {"type": "Point", "coordinates": [14.9081575, 37.3741965]}, "properties": {"rol": "seguidor", "id": "TK0135", "tipo": "completo", "axis_azimuth": 0, "punto": "eje de unidad (no el motor)", "ncu": 3, "gw": 3, "axis_tilt": 0, "max_angle": 55, "backtrack": true, "gcr": 0.397, "cross_axis_tilt": 0}}, {"type": "Feature", "geometry": {"type": "Point", "coordinates": [14.9081583, 37.3735438]}, "properties": {"rol": "seguidor", "id": "TK0136", "tipo": "completo", "axis_azimuth": 0, "punto": "eje de unidad (no el motor)", "ncu": 3, "gw": 3, "axis_tilt": 0, "max_angle": 55, "backtrack": true, "gcr": 0.397, "cross_axis_tilt": 0}}, {"type": "Feature", "geometry": {"type": "Point", "coordinates": [14.9082759, 37.3741966]}, "properties": {"rol": "seguidor", "id": "TK0137", "tipo": "completo", "axis_azimuth": 0, "punto": "eje de unidad (no el motor)", "ncu": 3, "gw": 3, "axis_tilt": 0, "max_angle": 55, "backtrack": true, "gcr": 0.397, "cross_axis_tilt": 0}}, {"type": "Feature", "geometry": {"type": "Point", "coordinates": [14.9082767, 37.3735439]}, "properties": {"rol": "seguidor", "id": "TK0138", "tipo": "completo", "axis_azimuth": 0, "punto": "eje de unidad (no el motor)", "ncu": 3, "gw": 3, "axis_tilt": 0, "max_angle": 55, "backtrack": true, "gcr": 0.397, "cross_axis_tilt": 0}}, {"type": "Feature", "geometry": {"type": "Point", "coordinates": [14.9083943, 37.3741967]}, "properties": {"rol": "seguidor", "id": "TK0139", "tipo": "completo", "axis_azimuth": 0, "punto": "eje de unidad (no el motor)", "ncu": 3, "gw": 3, "axis_tilt": 0, "max_angle": 55, "backtrack": true, "gcr": 0.397, "cross_axis_tilt": 0}}, {"type": "Feature", "geometry": {"type": "Point", "coordinates": [14.9083951, 37.373544]}, "properties": {"rol": "seguidor", "id": "TK0140", "tipo": "completo", "axis_azimuth": 0, "punto": "eje de unidad (no el motor)", "ncu": 3, "gw": 3, "axis_tilt": 0, "max_angle": 55, "backtrack": true, "gcr": 0.397, "cross_axis_tilt": 0}}, {"type": "Feature", "geometry": {"type": "Point", "coordinates": [14.9085126, 37.3741968]}, "properties": {"rol": "seguidor", "id": "TK0141", "tipo": "completo", "axis_azimuth": 0, "punto": "eje de unidad (no el motor)", "ncu": 3, "gw": 3, "axis_tilt": 0, "max_angle": 55, "backtrack": true, "gcr": 0.397, "cross_axis_tilt": 0}}, {"type": "Feature", "geometry": {"type": "Point", "coordinates": [14.9085134, 37.3735441]}, "properties": {"rol": "seguidor", "id": "TK0142", "tipo": "completo", "axis_azimuth": 0, "punto": "eje de unidad (no el motor)", "ncu": 3, "gw": 3, "axis_tilt": 0, "max_angle": 55, "backtrack": true, "gcr": 0.397, "cross_axis_tilt": 0}}, {"type": "Feature", "geometry": {"type": "Point", "coordinates": [14.908631, 37.3741969]}, "properties": {"rol": "seguidor", "id": "TK0143", "tipo": "completo", "axis_azimuth": 0, "punto": "eje de unidad (no el motor)", "ncu": 3, "gw": 3, "axis_tilt": 0, "max_angle": 55, "backtrack": true, "gcr": 0.397, "cross_axis_tilt": 0}}, {"type": "Feature", "geometry": {"type": "Point", "coordinates": [14.9086318, 37.3735442]}, "properties": {"rol": "seguidor", "id": "TK0144", "tipo": "completo", "axis_azimuth": 0, "punto": "eje de unidad (no el motor)", "ncu": 3, "gw": 3, "axis_tilt": 0, "max_angle": 55, "backtrack": true, "gcr": 0.397, "cross_axis_tilt": 0}}, {"type": "Feature", "geometry": {"type": "Point", "coordinates": [14.9087494, 37.374197]}, "properties": {"rol": "seguidor", "id": "TK0145", "tipo": "completo", "axis_azimuth": 0, "punto": "eje de unidad (no el motor)", "ncu": 3, "gw": 3, "axis_tilt": 0, "max_angle": 55, "backtrack": true, "gcr": 0.397, "cross_axis_tilt": 0}}, {"type": "Feature", "geometry": {"type": "Point", "coordinates": [14.9087502, 37.3735443]}, "properties": {"rol": "seguidor", "id": "TK0146", "tipo": "completo", "axis_azimuth": 0, "punto": "eje de unidad (no el motor)", "ncu": 3, "gw": 3, "axis_tilt": 0, "max_angle": 55, "backtrack": true, "gcr": 0.397, "cross_axis_tilt": 0}}, {"type": "Feature", "geometry": {"type": "Point", "coordinates": [14.9088677, 37.3741971]}, "properties": {"rol": "seguidor", "id": "TK0147", "tipo": "completo", "axis_azimuth": 0, "punto": "eje de unidad (no el motor)", "ncu": 3, "gw": 3, "axis_tilt": 0, "max_angle": 55, "backtrack": true, "gcr": 0.397, "cross_axis_tilt": 0}}, {"type": "Feature", "geometry": {"type": "Point", "coordinates": [14.9088685, 37.3735444]}, "properties": {"rol": "seguidor", "id": "TK0148", "tipo": "completo", "axis_azimuth": 0, "punto": "eje de unidad (no el motor)", "ncu": 3, "gw": 3, "axis_tilt": 0, "max_angle": 55, "backtrack": true, "gcr": 0.397, "cross_axis_tilt": 0}}, {"type": "Feature", "geometry": {"type": "Point", "coordinates": [14.9089861, 37.3741972]}, "properties": {"rol": "seguidor", "id": "TK0149", "tipo": "completo", "axis_azimuth": 0, "punto": "eje de unidad (no el motor)", "ncu": 3, "gw": 3, "axis_tilt": 0, "max_angle": 55, "backtrack": true, "gcr": 0.397, "cross_axis_tilt": 0}}, {"type": "Feature", "geometry": {"type": "Point", "coordinates": [14.9089869, 37.3735445]}, "properties": {"rol": "seguidor", "id": "TK0150", "tipo": "completo", "axis_azimuth": 0, "punto": "eje de unidad (no el motor)", "ncu": 3, "gw": 3, "axis_tilt": 0, "max_angle": 55, "backtrack": true, "gcr": 0.397, "cross_axis_tilt": 0}}, {"type": "Feature", "geometry": {"type": "Point", "coordinates": [14.9091044, 37.3742672]}, "properties": {"rol": "seguidor", "id": "TK0151", "tipo": "completo", "axis_azimuth": 0, "punto": "eje de unidad (no el motor)", "ncu": 3, "gw": 3, "axis_tilt": 0, "max_angle": 55, "backtrack": true, "gcr": 0.397, "cross_axis_tilt": 0}}, {"type": "Feature", "geometry": {"type": "Point", "coordinates": [14.9091052, 37.3736145]}, "properties": {"rol": "seguidor", "id": "TK0152", "tipo": "completo", "axis_azimuth": 0, "punto": "eje de unidad (no el motor)", "ncu": 3, "gw": 3, "axis_tilt": 0, "max_angle": 55, "backtrack": true, "gcr": 0.397, "cross_axis_tilt": 0}}, {"type": "Feature", "geometry": {"type": "Point", "coordinates": [14.9092227, 37.3743097]}, "properties": {"rol": "seguidor", "id": "TK0153", "tipo": "completo", "axis_azimuth": 0, "punto": "eje de unidad (no el motor)", "ncu": 3, "gw": 3, "axis_tilt": 0, "max_angle": 55, "backtrack": true, "gcr": 0.397, "cross_axis_tilt": 0}}, {"type": "Feature", "geometry": {"type": "Point", "coordinates": [14.9092235, 37.373657]}, "properties": {"rol": "seguidor", "id": "TK0154", "tipo": "completo", "axis_azimuth": 0, "punto": "eje de unidad (no el motor)", "ncu": 3, "gw": 3, "axis_tilt": 0, "max_angle": 55, "backtrack": true, "gcr": 0.397, "cross_axis_tilt": 0}}, {"type": "Feature", "geometry": {"type": "Point", "coordinates": [14.9093418, 37.3737296]}, "properties": {"rol": "seguidor", "id": "TK0155", "tipo": "completo", "axis_azimuth": 0, "punto": "eje de unidad (no el motor)", "ncu": 3, "gw": 3, "axis_tilt": 0, "max_angle": 55, "backtrack": true, "gcr": 0.397, "cross_axis_tilt": 0}}, {"type": "Feature", "geometry": {"type": "Point", "coordinates": [14.9094601, 37.3737957]}, "properties": {"rol": "seguidor", "id": "TK0156", "tipo": "completo", "axis_azimuth": 0, "punto": "eje de unidad (no el motor)", "ncu": 3, "gw": 3, "axis_tilt": 0, "max_angle": 55, "backtrack": true, "gcr": 0.397, "cross_axis_tilt": 0}}, {"type": "Feature", "geometry": {"type": "Point", "coordinates": [14.9093412, 37.3742165]}, "properties": {"rol": "seguidor", "id": "TK0157", "tipo": "Medio", "axis_azimuth": 0, "punto": "eje de unidad (no el motor)", "ncu": 3, "gw": 3, "axis_tilt": 0, "max_angle": 55, "backtrack": true, "gcr": 0.397, "cross_axis_tilt": 0}}, {"type": "Feature", "geometry": {"type": "Point", "coordinates": [14.9081589, 37.3730465]}, "properties": {"rol": "seguidor", "id": "TK0158", "tipo": "Medio", "axis_azimuth": 0, "punto": "eje de unidad (no el motor)", "ncu": 3, "gw": 3, "axis_tilt": 0, "max_angle": 55, "backtrack": true, "gcr": 0.397, "cross_axis_tilt": 0}}, {"type": "Feature", "geometry": {"type": "Point", "coordinates": [14.9082773, 37.3730466]}, "properties": {"rol": "seguidor", "id": "TK0159", "tipo": "Medio", "axis_azimuth": 0, "punto": "eje de unidad (no el motor)", "ncu": 3, "gw": 3, "axis_tilt": 0, "max_angle": 55, "backtrack": true, "gcr": 0.397, "cross_axis_tilt": 0}}, {"type": "Feature", "geometry": {"type": "Point", "coordinates": [14.9083957, 37.3730467]}, "properties": {"rol": "seguidor", "id": "TK0160", "tipo": "Medio", "axis_azimuth": 0, "punto": "eje de unidad (no el motor)", "ncu": 3, "gw": 3, "axis_tilt": 0, "max_angle": 55, "backtrack": true, "gcr": 0.397, "cross_axis_tilt": 0}}, {"type": "Feature", "geometry": {"type": "Point", "coordinates": [14.908514, 37.3730468]}, "properties": {"rol": "seguidor", "id": "TK0161", "tipo": "Medio", "axis_azimuth": 0, "punto": "eje de unidad (no el motor)", "ncu": 3, "gw": 3, "axis_tilt": 0, "max_angle": 55, "backtrack": true, "gcr": 0.397, "cross_axis_tilt": 0}}, {"type": "Feature", "geometry": {"type": "Point", "coordinates": [14.9066202, 37.3730453]}, "properties": {"rol": "seguidor", "id": "TK0162", "tipo": "Medio", "axis_azimuth": 0, "punto": "eje de unidad (no el motor)", "ncu": 3, "gw": 3, "axis_tilt": 0, "max_angle": 55, "backtrack": true, "gcr": 0.397, "cross_axis_tilt": 0}}, {"type": "Feature", "geometry": {"type": "Point", "coordinates": [14.9089247, 37.3749548]}, "properties": {"rol": "seguidor", "id": "TK0163", "tipo": "completo", "axis_azimuth": 0, "punto": "eje de unidad (no el motor)", "ncu": 3, "gw": 3, "axis_tilt": 0, "max_angle": 55, "backtrack": true, "gcr": 0.397, "cross_axis_tilt": 0}}, {"type": "Feature", "geometry": {"type": "Point", "coordinates": [14.9090432, 37.3748445]}, "properties": {"rol": "seguidor", "id": "TK0164", "tipo": "Medio", "axis_azimuth": 0, "punto": "eje de unidad (no el motor)", "ncu": 3, "gw": 3, "axis_tilt": 0, "max_angle": 55, "backtrack": true, "gcr": 0.397, "cross_axis_tilt": 0}}, {"type": "Feature", "geometry": {"type": "Point", "coordinates": [14.9057255, 37.3776188]}, "properties": {"rol": "seguidor", "id": "TK0165", "tipo": "completo", "axis_azimuth": 0, "punto": "eje de unidad (no el motor)", "ncu": 2, "gw": 2, "axis_tilt": 0, "max_angle": 55, "backtrack": true, "gcr": 0.397, "cross_axis_tilt": 0}}, {"type": "Feature", "geometry": {"type": "Point", "coordinates": [14.9057263, 37.3769661]}, "properties": {"rol": "seguidor", "id": "TK0166", "tipo": "completo", "axis_azimuth": 0, "punto": "eje de unidad (no el motor)", "ncu": 2, "gw": 2, "axis_tilt": 0, "max_angle": 55, "backtrack": true, "gcr": 0.397, "cross_axis_tilt": 0}}, {"type": "Feature", "geometry": {"type": "Point", "coordinates": [14.9056071, 37.3776187]}, "properties": {"rol": "seguidor", "id": "TK0167", "tipo": "completo", "axis_azimuth": 0, "punto": "eje de unidad (no el motor)", "ncu": 2, "gw": 2, "axis_tilt": 0, "max_angle": 55, "backtrack": true, "gcr": 0.397, "cross_axis_tilt": 0}}, {"type": "Feature", "geometry": {"type": "Point", "coordinates": [14.9056079, 37.3769661]}, "properties": {"rol": "seguidor", "id": "TK0168", "tipo": "completo", "axis_azimuth": 0, "punto": "eje de unidad (no el motor)", "ncu": 2, "gw": 2, "axis_tilt": 0, "max_angle": 55, "backtrack": true, "gcr": 0.397, "cross_axis_tilt": 0}}, {"type": "Feature", "geometry": {"type": "Point", "coordinates": [14.9054887, 37.3776186]}, "properties": {"rol": "seguidor", "id": "TK0169", "tipo": "completo", "axis_azimuth": 0, "punto": "eje de unidad (no el motor)", "ncu": 2, "gw": 2, "axis_tilt": 0, "max_angle": 55, "backtrack": true, "gcr": 0.397, "cross_axis_tilt": 0}}, {"type": "Feature", "geometry": {"type": "Point", "coordinates": [14.9054895, 37.376966]}, "properties": {"rol": "seguidor", "id": "TK0170", "tipo": "completo", "axis_azimuth": 0, "punto": "eje de unidad (no el motor)", "ncu": 2, "gw": 2, "axis_tilt": 0, "max_angle": 55, "backtrack": true, "gcr": 0.397, "cross_axis_tilt": 0}}, {"type": "Feature", "geometry": {"type": "Point", "coordinates": [14.9053703, 37.3776185]}, "properties": {"rol": "seguidor", "id": "TK0171", "tipo": "completo", "axis_azimuth": 0, "punto": "eje de unidad (no el motor)", "ncu": 2, "gw": 2, "axis_tilt": 0, "max_angle": 55, "backtrack": true, "gcr": 0.397, "cross_axis_tilt": 0}}, {"type": "Feature", "geometry": {"type": "Point", "coordinates": [14.9053712, 37.3769659]}, "properties": {"rol": "seguidor", "id": "TK0172", "tipo": "completo", "axis_azimuth": 0, "punto": "eje de unidad (no el motor)", "ncu": 2, "gw": 2, "axis_tilt": 0, "max_angle": 55, "backtrack": true, "gcr": 0.397, "cross_axis_tilt": 0}}, {"type": "Feature", "geometry": {"type": "Point", "coordinates": [14.905252, 37.3776185]}, "properties": {"rol": "seguidor", "id": "TK0173", "tipo": "completo", "axis_azimuth": 0, "punto": "eje de unidad (no el motor)", "ncu": 2, "gw": 2, "axis_tilt": 0, "max_angle": 55, "backtrack": true, "gcr": 0.397, "cross_axis_tilt": 0}}, {"type": "Feature", "geometry": {"type": "Point", "coordinates": [14.9052528, 37.3769658]}, "properties": {"rol": "seguidor", "id": "TK0174", "tipo": "completo", "axis_azimuth": 0, "punto": "eje de unidad (no el motor)", "ncu": 2, "gw": 2, "axis_tilt": 0, "max_angle": 55, "backtrack": true, "gcr": 0.397, "cross_axis_tilt": 0}}, {"type": "Feature", "geometry": {"type": "Point", "coordinates": [14.9051336, 37.3776184]}, "properties": {"rol": "seguidor", "id": "TK0175", "tipo": "completo", "axis_azimuth": 0, "punto": "eje de unidad (no el motor)", "ncu": 2, "gw": 2, "axis_tilt": 0, "max_angle": 55, "backtrack": true, "gcr": 0.397, "cross_axis_tilt": 0}}, {"type": "Feature", "geometry": {"type": "Point", "coordinates": [14.9051344, 37.3769657]}, "properties": {"rol": "seguidor", "id": "TK0176", "tipo": "completo", "axis_azimuth": 0, "punto": "eje de unidad (no el motor)", "ncu": 2, "gw": 2, "axis_tilt": 0, "max_angle": 55, "backtrack": true, "gcr": 0.397, "cross_axis_tilt": 0}}, {"type": "Feature", "geometry": {"type": "Point", "coordinates": [14.9050152, 37.3776183]}, "properties": {"rol": "seguidor", "id": "TK0177", "tipo": "completo", "axis_azimuth": 0, "punto": "eje de unidad (no el motor)", "ncu": 2, "gw": 2, "axis_tilt": 0, "max_angle": 55, "backtrack": true, "gcr": 0.397, "cross_axis_tilt": 0}}, {"type": "Feature", "geometry": {"type": "Point", "coordinates": [14.9050161, 37.3769656]}, "properties": {"rol": "seguidor", "id": "TK0178", "tipo": "completo", "axis_azimuth": 0, "punto": "eje de unidad (no el motor)", "ncu": 2, "gw": 2, "axis_tilt": 0, "max_angle": 55, "backtrack": true, "gcr": 0.397, "cross_axis_tilt": 0}}, {"type": "Feature", "geometry": {"type": "Point", "coordinates": [14.9054881, 37.3781056]}, "properties": {"rol": "seguidor", "id": "TK0179", "tipo": "Medio", "axis_azimuth": 0, "punto": "eje de unidad (no el motor)", "ncu": 2, "gw": 2, "axis_tilt": 0, "max_angle": 55, "backtrack": true, "gcr": 0.397, "cross_axis_tilt": 0}}, {"type": "Feature", "geometry": {"type": "Point", "coordinates": [14.9053697, 37.3781055]}, "properties": {"rol": "seguidor", "id": "TK0180", "tipo": "Medio", "axis_azimuth": 0, "punto": "eje de unidad (no el motor)", "ncu": 2, "gw": 2, "axis_tilt": 0, "max_angle": 55, "backtrack": true, "gcr": 0.397, "cross_axis_tilt": 0}}, {"type": "Feature", "geometry": {"type": "Point", "coordinates": [14.9052514, 37.3781054]}, "properties": {"rol": "seguidor", "id": "TK0181", "tipo": "Medio", "axis_azimuth": 0, "punto": "eje de unidad (no el motor)", "ncu": 2, "gw": 2, "axis_tilt": 0, "max_angle": 55, "backtrack": true, "gcr": 0.397, "cross_axis_tilt": 0}}, {"type": "Feature", "geometry": {"type": "Point", "coordinates": [14.905133, 37.3781053]}, "properties": {"rol": "seguidor", "id": "TK0182", "tipo": "Medio", "axis_azimuth": 0, "punto": "eje de unidad (no el motor)", "ncu": 2, "gw": 2, "axis_tilt": 0, "max_angle": 55, "backtrack": true, "gcr": 0.397, "cross_axis_tilt": 0}}, {"type": "Feature", "geometry": {"type": "Point", "coordinates": [14.9050146, 37.3781052]}, "properties": {"rol": "seguidor", "id": "TK0183", "tipo": "Medio", "axis_azimuth": 0, "punto": "eje de unidad (no el motor)", "ncu": 2, "gw": 2, "axis_tilt": 0, "max_angle": 55, "backtrack": true, "gcr": 0.397, "cross_axis_tilt": 0}}, {"type": "Feature", "geometry": {"type": "Point", "coordinates": [14.9048969, 37.3776182]}, "properties": {"rol": "seguidor", "id": "TK0184", "tipo": "completo", "axis_azimuth": 0, "punto": "eje de unidad (no el motor)", "ncu": 2, "gw": 2, "axis_tilt": 0, "max_angle": 55, "backtrack": true, "gcr": 0.397, "cross_axis_tilt": 0}}, {"type": "Feature", "geometry": {"type": "Point", "coordinates": [14.9048977, 37.3769655]}, "properties": {"rol": "seguidor", "id": "TK0185", "tipo": "completo", "axis_azimuth": 0, "punto": "eje de unidad (no el motor)", "ncu": 2, "gw": 2, "axis_tilt": 0, "max_angle": 55, "backtrack": true, "gcr": 0.397, "cross_axis_tilt": 0}}, {"type": "Feature", "geometry": {"type": "Point", "coordinates": [14.9047785, 37.3776181]}, "properties": {"rol": "seguidor", "id": "TK0186", "tipo": "completo", "axis_azimuth": 0, "punto": "eje de unidad (no el motor)", "ncu": 2, "gw": 2, "axis_tilt": 0, "max_angle": 55, "backtrack": true, "gcr": 0.397, "cross_axis_tilt": 0}}, {"type": "Feature", "geometry": {"type": "Point", "coordinates": [14.9047793, 37.3769654]}, "properties": {"rol": "seguidor", "id": "TK0187", "tipo": "completo", "axis_azimuth": 0, "punto": "eje de unidad (no el motor)", "ncu": 2, "gw": 2, "axis_tilt": 0, "max_angle": 55, "backtrack": true, "gcr": 0.397, "cross_axis_tilt": 0}}, {"type": "Feature", "geometry": {"type": "Point", "coordinates": [14.9046601, 37.377618]}, "properties": {"rol": "seguidor", "id": "TK0188", "tipo": "completo", "axis_azimuth": 0, "punto": "eje de unidad (no el motor)", "ncu": 2, "gw": 2, "axis_tilt": 0, "max_angle": 55, "backtrack": true, "gcr": 0.397, "cross_axis_tilt": 0}}, {"type": "Feature", "geometry": {"type": "Point", "coordinates": [14.9046609, 37.3769653]}, "properties": {"rol": "seguidor", "id": "TK0189", "tipo": "completo", "axis_azimuth": 0, "punto": "eje de unidad (no el motor)", "ncu": 2, "gw": 2, "axis_tilt": 0, "max_angle": 55, "backtrack": true, "gcr": 0.397, "cross_axis_tilt": 0}}, {"type": "Feature", "geometry": {"type": "Point", "coordinates": [14.9045417, 37.3776179]}, "properties": {"rol": "seguidor", "id": "TK0190", "tipo": "completo", "axis_azimuth": 0, "punto": "eje de unidad (no el motor)", "ncu": 2, "gw": 2, "axis_tilt": 0, "max_angle": 55, "backtrack": true, "gcr": 0.397, "cross_axis_tilt": 0}}, {"type": "Feature", "geometry": {"type": "Point", "coordinates": [14.9045426, 37.3769652]}, "properties": {"rol": "seguidor", "id": "TK0191", "tipo": "completo", "axis_azimuth": 0, "punto": "eje de unidad (no el motor)", "ncu": 2, "gw": 2, "axis_tilt": 0, "max_angle": 55, "backtrack": true, "gcr": 0.397, "cross_axis_tilt": 0}}, {"type": "Feature", "geometry": {"type": "Point", "coordinates": [14.9048962, 37.3781051]}, "properties": {"rol": "seguidor", "id": "TK0192", "tipo": "Medio", "axis_azimuth": 0, "punto": "eje de unidad (no el motor)", "ncu": 2, "gw": 2, "axis_tilt": 0, "max_angle": 55, "backtrack": true, "gcr": 0.397, "cross_axis_tilt": 0}}, {"type": "Feature", "geometry": {"type": "Point", "coordinates": [14.9047779, 37.378105]}, "properties": {"rol": "seguidor", "id": "TK0193", "tipo": "Medio", "axis_azimuth": 0, "punto": "eje de unidad (no el motor)", "ncu": 2, "gw": 2, "axis_tilt": 0, "max_angle": 55, "backtrack": true, "gcr": 0.397, "cross_axis_tilt": 0}}, {"type": "Feature", "geometry": {"type": "Point", "coordinates": [14.9058438, 37.3776189]}, "properties": {"rol": "seguidor", "id": "TK0194", "tipo": "completo", "axis_azimuth": 0, "punto": "eje de unidad (no el motor)", "ncu": 2, "gw": 2, "axis_tilt": 0, "max_angle": 55, "backtrack": true, "gcr": 0.397, "cross_axis_tilt": 0}}, {"type": "Feature", "geometry": {"type": "Point", "coordinates": [14.9058447, 37.3769662]}, "properties": {"rol": "seguidor", "id": "TK0195", "tipo": "completo", "axis_azimuth": 0, "punto": "eje de unidad (no el motor)", "ncu": 2, "gw": 2, "axis_tilt": 0, "max_angle": 55, "backtrack": true, "gcr": 0.397, "cross_axis_tilt": 0}}, {"type": "Feature", "geometry": {"type": "Point", "coordinates": [14.9063174, 37.3775923]}, "properties": {"rol": "seguidor", "id": "TK0196", "tipo": "completo", "axis_azimuth": 0, "punto": "eje de unidad (no el motor)", "ncu": 2, "gw": 2, "axis_tilt": 0, "max_angle": 55, "backtrack": true, "gcr": 0.397, "cross_axis_tilt": 0}}, {"type": "Feature", "geometry": {"type": "Point", "coordinates": [14.9063182, 37.3769396]}, "properties": {"rol": "seguidor", "id": "TK0197", "tipo": "completo", "axis_azimuth": 0, "punto": "eje de unidad (no el motor)", "ncu": 2, "gw": 2, "axis_tilt": 0, "max_angle": 55, "backtrack": true, "gcr": 0.397, "cross_axis_tilt": 0}}, {"type": "Feature", "geometry": {"type": "Point", "coordinates": [14.9064357, 37.3775924]}, "properties": {"rol": "seguidor", "id": "TK0198", "tipo": "completo", "axis_azimuth": 0, "punto": "eje de unidad (no el motor)", "ncu": 2, "gw": 2, "axis_tilt": 0, "max_angle": 55, "backtrack": true, "gcr": 0.397, "cross_axis_tilt": 0}}, {"type": "Feature", "geometry": {"type": "Point", "coordinates": [14.9064365, 37.3769397]}, "properties": {"rol": "seguidor", "id": "TK0199", "tipo": "completo", "axis_azimuth": 0, "punto": "eje de unidad (no el motor)", "ncu": 2, "gw": 2, "axis_tilt": 0, "max_angle": 55, "backtrack": true, "gcr": 0.397, "cross_axis_tilt": 0}}, {"type": "Feature", "geometry": {"type": "Point", "coordinates": [14.9065549, 37.3769398]}, "properties": {"rol": "seguidor", "id": "TK0200", "tipo": "completo", "axis_azimuth": 0, "punto": "eje de unidad (no el motor)", "ncu": 2, "gw": 2, "axis_tilt": 0, "max_angle": 55, "backtrack": true, "gcr": 0.397, "cross_axis_tilt": 0}}, {"type": "Feature", "geometry": {"type": "Point", "coordinates": [14.9066733, 37.3769399]}, "properties": {"rol": "seguidor", "id": "TK0201", "tipo": "completo", "axis_azimuth": 0, "punto": "eje de unidad (no el motor)", "ncu": 2, "gw": 2, "axis_tilt": 0, "max_angle": 55, "backtrack": true, "gcr": 0.397, "cross_axis_tilt": 0}}, {"type": "Feature", "geometry": {"type": "Point", "coordinates": [14.9067917, 37.37694]}, "properties": {"rol": "seguidor", "id": "TK0202", "tipo": "completo", "axis_azimuth": 0, "punto": "eje de unidad (no el motor)", "ncu": 2, "gw": 2, "axis_tilt": 0, "max_angle": 55, "backtrack": true, "gcr": 0.397, "cross_axis_tilt": 0}}, {"type": "Feature", "geometry": {"type": "Point", "coordinates": [14.90691, 37.3769401]}, "properties": {"rol": "seguidor", "id": "TK0203", "tipo": "completo", "axis_azimuth": 0, "punto": "eje de unidad (no el motor)", "ncu": 2, "gw": 2, "axis_tilt": 0, "max_angle": 55, "backtrack": true, "gcr": 0.397, "cross_axis_tilt": 0}}, {"type": "Feature", "geometry": {"type": "Point", "coordinates": [14.9070284, 37.3769402]}, "properties": {"rol": "seguidor", "id": "TK0204", "tipo": "completo", "axis_azimuth": 0, "punto": "eje de unidad (no el motor)", "ncu": 2, "gw": 2, "axis_tilt": 0, "max_angle": 55, "backtrack": true, "gcr": 0.397, "cross_axis_tilt": 0}}, {"type": "Feature", "geometry": {"type": "Point", "coordinates": [14.9071468, 37.3769403]}, "properties": {"rol": "seguidor", "id": "TK0205", "tipo": "completo", "axis_azimuth": 0, "punto": "eje de unidad (no el motor)", "ncu": 2, "gw": 2, "axis_tilt": 0, "max_angle": 55, "backtrack": true, "gcr": 0.397, "cross_axis_tilt": 0}}, {"type": "Feature", "geometry": {"type": "Point", "coordinates": [14.9072651, 37.3769404]}, "properties": {"rol": "seguidor", "id": "TK0206", "tipo": "completo", "axis_azimuth": 0, "punto": "eje de unidad (no el motor)", "ncu": 2, "gw": 2, "axis_tilt": 0, "max_angle": 55, "backtrack": true, "gcr": 0.397, "cross_axis_tilt": 0}}, {"type": "Feature", "geometry": {"type": "Point", "coordinates": [14.9073835, 37.3769405]}, "properties": {"rol": "seguidor", "id": "TK0207", "tipo": "completo", "axis_azimuth": 0, "punto": "eje de unidad (no el motor)", "ncu": 2, "gw": 2, "axis_tilt": 0, "max_angle": 55, "backtrack": true, "gcr": 0.397, "cross_axis_tilt": 0}}, {"type": "Feature", "geometry": {"type": "Point", "coordinates": [14.9076203, 37.3769407]}, "properties": {"rol": "seguidor", "id": "TK0208", "tipo": "completo", "axis_azimuth": 0, "punto": "eje de unidad (no el motor)", "ncu": 2, "gw": 2, "axis_tilt": 0, "max_angle": 55, "backtrack": true, "gcr": 0.397, "cross_axis_tilt": 0}}, {"type": "Feature", "geometry": {"type": "Point", "coordinates": [14.9077386, 37.3769408]}, "properties": {"rol": "seguidor", "id": "TK0209", "tipo": "completo", "axis_azimuth": 0, "punto": "eje de unidad (no el motor)", "ncu": 2, "gw": 2, "axis_tilt": 0, "max_angle": 55, "backtrack": true, "gcr": 0.397, "cross_axis_tilt": 0}}, {"type": "Feature", "geometry": {"type": "Point", "coordinates": [14.907857, 37.3769409]}, "properties": {"rol": "seguidor", "id": "TK0210", "tipo": "completo", "axis_azimuth": 0, "punto": "eje de unidad (no el motor)", "ncu": 2, "gw": 2, "axis_tilt": 0, "max_angle": 55, "backtrack": true, "gcr": 0.397, "cross_axis_tilt": 0}}, {"type": "Feature", "geometry": {"type": "Point", "coordinates": [14.9079755, 37.3768469]}, "properties": {"rol": "seguidor", "id": "TK0211", "tipo": "completo", "axis_azimuth": 0, "punto": "eje de unidad (no el motor)", "ncu": 2, "gw": 2, "axis_tilt": 0, "max_angle": 55, "backtrack": true, "gcr": 0.397, "cross_axis_tilt": 0}}, {"type": "Feature", "geometry": {"type": "Point", "coordinates": [14.9066727, 37.3774269]}, "properties": {"rol": "seguidor", "id": "TK0212", "tipo": "Medio", "axis_azimuth": 0, "punto": "eje de unidad (no el motor)", "ncu": 2, "gw": 2, "axis_tilt": 0, "max_angle": 55, "backtrack": true, "gcr": 0.397, "cross_axis_tilt": 0}}, {"type": "Feature", "geometry": {"type": "Point", "coordinates": [14.9067911, 37.377427]}, "properties": {"rol": "seguidor", "id": "TK0213", "tipo": "Medio", "axis_azimuth": 0, "punto": "eje de unidad (no el motor)", "ncu": 2, "gw": 2, "axis_tilt": 0, "max_angle": 55, "backtrack": true, "gcr": 0.397, "cross_axis_tilt": 0}}, {"type": "Feature", "geometry": {"type": "Point", "coordinates": [14.9069094, 37.3774271]}, "properties": {"rol": "seguidor", "id": "TK0214", "tipo": "Medio", "axis_azimuth": 0, "punto": "eje de unidad (no el motor)", "ncu": 2, "gw": 2, "axis_tilt": 0, "max_angle": 55, "backtrack": true, "gcr": 0.397, "cross_axis_tilt": 0}}, {"type": "Feature", "geometry": {"type": "Point", "coordinates": [14.9070278, 37.3774272]}, "properties": {"rol": "seguidor", "id": "TK0215", "tipo": "Medio", "axis_azimuth": 0, "punto": "eje de unidad (no el motor)", "ncu": 2, "gw": 2, "axis_tilt": 0, "max_angle": 55, "backtrack": true, "gcr": 0.397, "cross_axis_tilt": 0}}, {"type": "Feature", "geometry": {"type": "Point", "coordinates": [14.9071462, 37.3774273]}, "properties": {"rol": "seguidor", "id": "TK0216", "tipo": "Medio", "axis_azimuth": 0, "punto": "eje de unidad (no el motor)", "ncu": 2, "gw": 2, "axis_tilt": 0, "max_angle": 55, "backtrack": true, "gcr": 0.397, "cross_axis_tilt": 0}}, {"type": "Feature", "geometry": {"type": "Point", "coordinates": [14.9072645, 37.3774274]}, "properties": {"rol": "seguidor", "id": "TK0217", "tipo": "Medio", "axis_azimuth": 0, "punto": "eje de unidad (no el motor)", "ncu": 2, "gw": 2, "axis_tilt": 0, "max_angle": 55, "backtrack": true, "gcr": 0.397, "cross_axis_tilt": 0}}, {"type": "Feature", "geometry": {"type": "Point", "coordinates": [14.9073829, 37.3774275]}, "properties": {"rol": "seguidor", "id": "TK0218", "tipo": "Medio", "axis_azimuth": 0, "punto": "eje de unidad (no el motor)", "ncu": 2, "gw": 2, "axis_tilt": 0, "max_angle": 55, "backtrack": true, "gcr": 0.397, "cross_axis_tilt": 0}}, {"type": "Feature", "geometry": {"type": "Point", "coordinates": [14.9044234, 37.3776317]}, "properties": {"rol": "seguidor", "id": "TK0219", "tipo": "completo", "axis_azimuth": 0, "punto": "eje de unidad (no el motor)", "ncu": 2, "gw": 2, "axis_tilt": 0, "max_angle": 55, "backtrack": true, "gcr": 0.397, "cross_axis_tilt": 0}}, {"type": "Feature", "geometry": {"type": "Point", "coordinates": [14.9044242, 37.376979]}, "properties": {"rol": "seguidor", "id": "TK0220", "tipo": "completo", "axis_azimuth": 0, "punto": "eje de unidad (no el motor)", "ncu": 2, "gw": 2, "axis_tilt": 0, "max_angle": 55, "backtrack": true, "gcr": 0.397, "cross_axis_tilt": 0}}, {"type": "Feature", "geometry": {"type": "Point", "coordinates": [14.9043046, 37.3779141]}, "properties": {"rol": "seguidor", "id": "TK0221", "tipo": "completo", "axis_azimuth": 0, "punto": "eje de unidad (no el motor)", "ncu": 2, "gw": 2, "axis_tilt": 0, "max_angle": 55, "backtrack": true, "gcr": 0.397, "cross_axis_tilt": 0}}, {"type": "Feature", "geometry": {"type": "Point", "coordinates": [14.9043054, 37.3772614]}, "properties": {"rol": "seguidor", "id": "TK0222", "tipo": "completo", "axis_azimuth": 0, "punto": "eje de unidad (no el motor)", "ncu": 2, "gw": 2, "axis_tilt": 0, "max_angle": 55, "backtrack": true, "gcr": 0.397, "cross_axis_tilt": 0}}, {"type": "Feature", "geometry": {"type": "Point", "coordinates": [14.9041858, 37.3782456]}, "properties": {"rol": "seguidor", "id": "TK0223", "tipo": "completo", "axis_azimuth": 0, "punto": "eje de unidad (no el motor)", "ncu": 2, "gw": 2, "axis_tilt": 0, "max_angle": 55, "backtrack": true, "gcr": 0.397, "cross_axis_tilt": 0}}, {"type": "Feature", "geometry": {"type": "Point", "coordinates": [14.9041867, 37.3775929]}, "properties": {"rol": "seguidor", "id": "TK0224", "tipo": "completo", "axis_azimuth": 0, "punto": "eje de unidad (no el motor)", "ncu": 2, "gw": 2, "axis_tilt": 0, "max_angle": 55, "backtrack": true, "gcr": 0.397, "cross_axis_tilt": 0}}, {"type": "Feature", "geometry": {"type": "Point", "coordinates": [14.9040679, 37.3779139]}, "properties": {"rol": "seguidor", "id": "TK0225", "tipo": "completo", "axis_azimuth": 0, "punto": "eje de unidad (no el motor)", "ncu": 2, "gw": 2, "axis_tilt": 0, "max_angle": 55, "backtrack": true, "gcr": 0.397, "cross_axis_tilt": 0}}, {"type": "Feature", "geometry": {"type": "Point", "coordinates": [14.9039495, 37.3779138]}, "properties": {"rol": "seguidor", "id": "TK0226", "tipo": "completo", "axis_azimuth": 0, "punto": "eje de unidad (no el motor)", "ncu": 2, "gw": 2, "axis_tilt": 0, "max_angle": 55, "backtrack": true, "gcr": 0.397, "cross_axis_tilt": 0}}, {"type": "Feature", "geometry": {"type": "Point", "coordinates": [14.9038307, 37.3782453]}, "properties": {"rol": "seguidor", "id": "TK0227", "tipo": "completo", "axis_azimuth": 0, "punto": "eje de unidad (no el motor)", "ncu": 2, "gw": 2, "axis_tilt": 0, "max_angle": 55, "backtrack": true, "gcr": 0.397, "cross_axis_tilt": 0}}, {"type": "Feature", "geometry": {"type": "Point", "coordinates": [14.904304, 37.378401]}, "properties": {"rol": "seguidor", "id": "TK0228", "tipo": "Medio", "axis_azimuth": 0, "punto": "eje de unidad (no el motor)", "ncu": 2, "gw": 2, "axis_tilt": 0, "max_angle": 55, "backtrack": true, "gcr": 0.397, "cross_axis_tilt": 0}}, {"type": "Feature", "geometry": {"type": "Point", "coordinates": [14.905517, 37.3801267]}, "properties": {"rol": "seguidor", "id": "TK0229", "tipo": "completo", "axis_azimuth": 0, "punto": "eje de unidad (no el motor)", "ncu": 1, "gw": 1, "axis_tilt": 0, "max_angle": 55, "backtrack": true, "gcr": 0.397, "cross_axis_tilt": 0}}, {"type": "Feature", "geometry": {"type": "Point", "coordinates": [14.9055179, 37.379474]}, "properties": {"rol": "seguidor", "id": "TK0230", "tipo": "completo", "axis_azimuth": 0, "punto": "eje de unidad (no el motor)", "ncu": 1, "gw": 1, "axis_tilt": 0, "max_angle": 55, "backtrack": true, "gcr": 0.397, "cross_axis_tilt": 0}}, {"type": "Feature", "geometry": {"type": "Point", "coordinates": [14.9053987, 37.3801266]}, "properties": {"rol": "seguidor", "id": "TK0231", "tipo": "completo", "axis_azimuth": 0, "punto": "eje de unidad (no el motor)", "ncu": 1, "gw": 1, "axis_tilt": 0, "max_angle": 55, "backtrack": true, "gcr": 0.397, "cross_axis_tilt": 0}}, {"type": "Feature", "geometry": {"type": "Point", "coordinates": [14.9053995, 37.3794739]}, "properties": {"rol": "seguidor", "id": "TK0232", "tipo": "completo", "axis_azimuth": 0, "punto": "eje de unidad (no el motor)", "ncu": 1, "gw": 1, "axis_tilt": 0, "max_angle": 55, "backtrack": true, "gcr": 0.397, "cross_axis_tilt": 0}}, {"type": "Feature", "geometry": {"type": "Point", "coordinates": [14.9052803, 37.3801265]}, "properties": {"rol": "seguidor", "id": "TK0233", "tipo": "completo", "axis_azimuth": 0, "punto": "eje de unidad (no el motor)", "ncu": 1, "gw": 1, "axis_tilt": 0, "max_angle": 55, "backtrack": true, "gcr": 0.397, "cross_axis_tilt": 0}}, {"type": "Feature", "geometry": {"type": "Point", "coordinates": [14.9052811, 37.3794738]}, "properties": {"rol": "seguidor", "id": "TK0234", "tipo": "completo", "axis_azimuth": 0, "punto": "eje de unidad (no el motor)", "ncu": 1, "gw": 1, "axis_tilt": 0, "max_angle": 55, "backtrack": true, "gcr": 0.397, "cross_axis_tilt": 0}}, {"type": "Feature", "geometry": {"type": "Point", "coordinates": [14.9051619, 37.3801264]}, "properties": {"rol": "seguidor", "id": "TK0235", "tipo": "completo", "axis_azimuth": 0, "punto": "eje de unidad (no el motor)", "ncu": 1, "gw": 1, "axis_tilt": 0, "max_angle": 55, "backtrack": true, "gcr": 0.397, "cross_axis_tilt": 0}}, {"type": "Feature", "geometry": {"type": "Point", "coordinates": [14.9051627, 37.3794737]}, "properties": {"rol": "seguidor", "id": "TK0236", "tipo": "completo", "axis_azimuth": 0, "punto": "eje de unidad (no el motor)", "ncu": 1, "gw": 1, "axis_tilt": 0, "max_angle": 55, "backtrack": true, "gcr": 0.397, "cross_axis_tilt": 0}}, {"type": "Feature", "geometry": {"type": "Point", "coordinates": [14.9050435, 37.3801263]}, "properties": {"rol": "seguidor", "id": "TK0237", "tipo": "completo", "axis_azimuth": 0, "punto": "eje de unidad (no el motor)", "ncu": 1, "gw": 1, "axis_tilt": 0, "max_angle": 55, "backtrack": true, "gcr": 0.397, "cross_axis_tilt": 0}}, {"type": "Feature", "geometry": {"type": "Point", "coordinates": [14.9050444, 37.3794736]}, "properties": {"rol": "seguidor", "id": "TK0238", "tipo": "completo", "axis_azimuth": 0, "punto": "eje de unidad (no el motor)", "ncu": 1, "gw": 1, "axis_tilt": 0, "max_angle": 55, "backtrack": true, "gcr": 0.397, "cross_axis_tilt": 0}}, {"type": "Feature", "geometry": {"type": "Point", "coordinates": [14.9049252, 37.3801262]}, "properties": {"rol": "seguidor", "id": "TK0239", "tipo": "completo", "axis_azimuth": 0, "punto": "eje de unidad (no el motor)", "ncu": 1, "gw": 1, "axis_tilt": 0, "max_angle": 55, "backtrack": true, "gcr": 0.397, "cross_axis_tilt": 0}}, {"type": "Feature", "geometry": {"type": "Point", "coordinates": [14.904926, 37.3794735]}, "properties": {"rol": "seguidor", "id": "TK0240", "tipo": "completo", "axis_azimuth": 0, "punto": "eje de unidad (no el motor)", "ncu": 1, "gw": 1, "axis_tilt": 0, "max_angle": 55, "backtrack": true, "gcr": 0.397, "cross_axis_tilt": 0}}, {"type": "Feature", "geometry": {"type": "Point", "coordinates": [14.9056362, 37.3794741]}, "properties": {"rol": "seguidor", "id": "TK0241", "tipo": "completo", "axis_azimuth": 0, "punto": "eje de unidad (no el motor)", "ncu": 1, "gw": 1, "axis_tilt": 0, "max_angle": 55, "backtrack": true, "gcr": 0.397, "cross_axis_tilt": 0}}, {"type": "Feature", "geometry": {"type": "Point", "coordinates": [14.9048068, 37.3801261]}, "properties": {"rol": "seguidor", "id": "TK0242", "tipo": "completo", "axis_azimuth": 0, "punto": "eje de unidad (no el motor)", "ncu": 1, "gw": 1, "axis_tilt": 0, "max_angle": 55, "backtrack": true, "gcr": 0.397, "cross_axis_tilt": 0}}, {"type": "Feature", "geometry": {"type": "Point", "coordinates": [14.9048076, 37.3794735]}, "properties": {"rol": "seguidor", "id": "TK0243", "tipo": "completo", "axis_azimuth": 0, "punto": "eje de unidad (no el motor)", "ncu": 1, "gw": 1, "axis_tilt": 0, "max_angle": 55, "backtrack": true, "gcr": 0.397, "cross_axis_tilt": 0}}, {"type": "Feature", "geometry": {"type": "Point", "coordinates": [14.9046884, 37.380126]}, "properties": {"rol": "seguidor", "id": "TK0244", "tipo": "completo", "axis_azimuth": 0, "punto": "eje de unidad (no el motor)", "ncu": 1, "gw": 1, "axis_tilt": 0, "max_angle": 55, "backtrack": true, "gcr": 0.397, "cross_axis_tilt": 0}}, {"type": "Feature", "geometry": {"type": "Point", "coordinates": [14.9046892, 37.3794734]}, "properties": {"rol": "seguidor", "id": "TK0245", "tipo": "completo", "axis_azimuth": 0, "punto": "eje de unidad (no el motor)", "ncu": 1, "gw": 1, "axis_tilt": 0, "max_angle": 55, "backtrack": true, "gcr": 0.397, "cross_axis_tilt": 0}}, {"type": "Feature", "geometry": {"type": "Point", "coordinates": [14.90457, 37.3801259]}, "properties": {"rol": "seguidor", "id": "TK0246", "tipo": "completo", "axis_azimuth": 0, "punto": "eje de unidad (no el motor)", "ncu": 1, "gw": 1, "axis_tilt": 0, "max_angle": 55, "backtrack": true, "gcr": 0.397, "cross_axis_tilt": 0}}, {"type": "Feature", "geometry": {"type": "Point", "coordinates": [14.9045709, 37.3794733]}, "properties": {"rol": "seguidor", "id": "TK0247", "tipo": "completo", "axis_azimuth": 0, "punto": "eje de unidad (no el motor)", "ncu": 1, "gw": 1, "axis_tilt": 0, "max_angle": 55, "backtrack": true, "gcr": 0.397, "cross_axis_tilt": 0}}, {"type": "Feature", "geometry": {"type": "Point", "coordinates": [14.9044517, 37.3801258]}, "properties": {"rol": "seguidor", "id": "TK0248", "tipo": "completo", "axis_azimuth": 0, "punto": "eje de unidad (no el motor)", "ncu": 1, "gw": 1, "axis_tilt": 0, "max_angle": 55, "backtrack": true, "gcr": 0.397, "cross_axis_tilt": 0}}, {"type": "Feature", "geometry": {"type": "Point", "coordinates": [14.9044525, 37.3794732]}, "properties": {"rol": "seguidor", "id": "TK0249", "tipo": "completo", "axis_azimuth": 0, "punto": "eje de unidad (no el motor)", "ncu": 1, "gw": 1, "axis_tilt": 0, "max_angle": 55, "backtrack": true, "gcr": 0.397, "cross_axis_tilt": 0}}, {"type": "Feature", "geometry": {"type": "Point", "coordinates": [14.9043333, 37.3801257]}, "properties": {"rol": "seguidor", "id": "TK0250", "tipo": "completo", "axis_azimuth": 0, "punto": "eje de unidad (no el motor)", "ncu": 1, "gw": 1, "axis_tilt": 0, "max_angle": 55, "backtrack": true, "gcr": 0.397, "cross_axis_tilt": 0}}, {"type": "Feature", "geometry": {"type": "Point", "coordinates": [14.9043341, 37.3794731]}, "properties": {"rol": "seguidor", "id": "TK0251", "tipo": "completo", "axis_azimuth": 0, "punto": "eje de unidad (no el motor)", "ncu": 1, "gw": 1, "axis_tilt": 0, "max_angle": 55, "backtrack": true, "gcr": 0.397, "cross_axis_tilt": 0}}, {"type": "Feature", "geometry": {"type": "Point", "coordinates": [14.9042149, 37.3801256]}, "properties": {"rol": "seguidor", "id": "TK0252", "tipo": "completo", "axis_azimuth": 0, "punto": "eje de unidad (no el motor)", "ncu": 1, "gw": 1, "axis_tilt": 0, "max_angle": 55, "backtrack": true, "gcr": 0.397, "cross_axis_tilt": 0}}, {"type": "Feature", "geometry": {"type": "Point", "coordinates": [14.9042157, 37.379473]}, "properties": {"rol": "seguidor", "id": "TK0253", "tipo": "completo", "axis_azimuth": 0, "punto": "eje de unidad (no el motor)", "ncu": 1, "gw": 1, "axis_tilt": 0, "max_angle": 55, "backtrack": true, "gcr": 0.397, "cross_axis_tilt": 0}}, {"type": "Feature", "geometry": {"type": "Point", "coordinates": [14.9040965, 37.3801256]}, "properties": {"rol": "seguidor", "id": "TK0254", "tipo": "completo", "axis_azimuth": 0, "punto": "eje de unidad (no el motor)", "ncu": 1, "gw": 1, "axis_tilt": 0, "max_angle": 55, "backtrack": true, "gcr": 0.397, "cross_axis_tilt": 0}}, {"type": "Feature", "geometry": {"type": "Point", "coordinates": [14.9040974, 37.3794729]}, "properties": {"rol": "seguidor", "id": "TK0255", "tipo": "completo", "axis_azimuth": 0, "punto": "eje de unidad (no el motor)", "ncu": 1, "gw": 1, "axis_tilt": 0, "max_angle": 55, "backtrack": true, "gcr": 0.397, "cross_axis_tilt": 0}}, {"type": "Feature", "geometry": {"type": "Point", "coordinates": [14.9039781, 37.3801255]}, "properties": {"rol": "seguidor", "id": "TK0256", "tipo": "completo", "axis_azimuth": 0, "punto": "eje de unidad (no el motor)", "ncu": 1, "gw": 1, "axis_tilt": 0, "max_angle": 55, "backtrack": true, "gcr": 0.397, "cross_axis_tilt": 0}}, {"type": "Feature", "geometry": {"type": "Point", "coordinates": [14.903979, 37.3794728]}, "properties": {"rol": "seguidor", "id": "TK0257", "tipo": "completo", "axis_azimuth": 0, "punto": "eje de unidad (no el motor)", "ncu": 1, "gw": 1, "axis_tilt": 0, "max_angle": 55, "backtrack": true, "gcr": 0.397, "cross_axis_tilt": 0}}, {"type": "Feature", "geometry": {"type": "Point", "coordinates": [14.9038598, 37.3801254]}, "properties": {"rol": "seguidor", "id": "TK0258", "tipo": "completo", "axis_azimuth": 0, "punto": "eje de unidad (no el motor)", "ncu": 1, "gw": 1, "axis_tilt": 0, "max_angle": 55, "backtrack": true, "gcr": 0.397, "cross_axis_tilt": 0}}, {"type": "Feature", "geometry": {"type": "Point", "coordinates": [14.9038606, 37.3794727]}, "properties": {"rol": "seguidor", "id": "TK0259", "tipo": "completo", "axis_azimuth": 0, "punto": "eje de unidad (no el motor)", "ncu": 1, "gw": 1, "axis_tilt": 0, "max_angle": 55, "backtrack": true, "gcr": 0.397, "cross_axis_tilt": 0}}, {"type": "Feature", "geometry": {"type": "Point", "coordinates": [14.9037414, 37.3801253]}, "properties": {"rol": "seguidor", "id": "TK0260", "tipo": "completo", "axis_azimuth": 0, "punto": "eje de unidad (no el motor)", "ncu": 1, "gw": 1, "axis_tilt": 0, "max_angle": 55, "backtrack": true, "gcr": 0.397, "cross_axis_tilt": 0}}, {"type": "Feature", "geometry": {"type": "Point", "coordinates": [14.9037422, 37.3794726]}, "properties": {"rol": "seguidor", "id": "TK0261", "tipo": "completo", "axis_azimuth": 0, "punto": "eje de unidad (no el motor)", "ncu": 1, "gw": 1, "axis_tilt": 0, "max_angle": 55, "backtrack": true, "gcr": 0.397, "cross_axis_tilt": 0}}, {"type": "Feature", "geometry": {"type": "Point", "coordinates": [14.9052795, 37.3807792]}, "properties": {"rol": "seguidor", "id": "TK0262", "tipo": "completo", "axis_azimuth": 0, "punto": "eje de unidad (no el motor)", "ncu": 1, "gw": 1, "axis_tilt": 0, "max_angle": 55, "backtrack": true, "gcr": 0.397, "cross_axis_tilt": 0}}, {"type": "Feature", "geometry": {"type": "Point", "coordinates": [14.9051611, 37.3807791]}, "properties": {"rol": "seguidor", "id": "TK0263", "tipo": "completo", "axis_azimuth": 0, "punto": "eje de unidad (no el motor)", "ncu": 1, "gw": 1, "axis_tilt": 0, "max_angle": 55, "backtrack": true, "gcr": 0.397, "cross_axis_tilt": 0}}, {"type": "Feature", "geometry": {"type": "Point", "coordinates": [14.9050427, 37.380779]}, "properties": {"rol": "seguidor", "id": "TK0264", "tipo": "completo", "axis_azimuth": 0, "punto": "eje de unidad (no el motor)", "ncu": 1, "gw": 1, "axis_tilt": 0, "max_angle": 55, "backtrack": true, "gcr": 0.397, "cross_axis_tilt": 0}}, {"type": "Feature", "geometry": {"type": "Point", "coordinates": [14.9049243, 37.3807789]}, "properties": {"rol": "seguidor", "id": "TK0265", "tipo": "completo", "axis_azimuth": 0, "punto": "eje de unidad (no el motor)", "ncu": 1, "gw": 1, "axis_tilt": 0, "max_angle": 55, "backtrack": true, "gcr": 0.397, "cross_axis_tilt": 0}}, {"type": "Feature", "geometry": {"type": "Point", "coordinates": [14.904806, 37.3807788]}, "properties": {"rol": "seguidor", "id": "TK0266", "tipo": "completo", "axis_azimuth": 0, "punto": "eje de unidad (no el motor)", "ncu": 1, "gw": 1, "axis_tilt": 0, "max_angle": 55, "backtrack": true, "gcr": 0.397, "cross_axis_tilt": 0}}, {"type": "Feature", "geometry": {"type": "Point", "coordinates": [14.9046876, 37.3807787]}, "properties": {"rol": "seguidor", "id": "TK0267", "tipo": "completo", "axis_azimuth": 0, "punto": "eje de unidad (no el motor)", "ncu": 1, "gw": 1, "axis_tilt": 0, "max_angle": 55, "backtrack": true, "gcr": 0.397, "cross_axis_tilt": 0}}, {"type": "Feature", "geometry": {"type": "Point", "coordinates": [14.9045692, 37.3807786]}, "properties": {"rol": "seguidor", "id": "TK0268", "tipo": "completo", "axis_azimuth": 0, "punto": "eje de unidad (no el motor)", "ncu": 1, "gw": 1, "axis_tilt": 0, "max_angle": 55, "backtrack": true, "gcr": 0.397, "cross_axis_tilt": 0}}, {"type": "Feature", "geometry": {"type": "Point", "coordinates": [14.9044508, 37.3807785]}, "properties": {"rol": "seguidor", "id": "TK0269", "tipo": "completo", "axis_azimuth": 0, "punto": "eje de unidad (no el motor)", "ncu": 1, "gw": 1, "axis_tilt": 0, "max_angle": 55, "backtrack": true, "gcr": 0.397, "cross_axis_tilt": 0}}, {"type": "Feature", "geometry": {"type": "Point", "coordinates": [14.9043324, 37.3807784]}, "properties": {"rol": "seguidor", "id": "TK0270", "tipo": "completo", "axis_azimuth": 0, "punto": "eje de unidad (no el motor)", "ncu": 1, "gw": 1, "axis_tilt": 0, "max_angle": 55, "backtrack": true, "gcr": 0.397, "cross_axis_tilt": 0}}, {"type": "Feature", "geometry": {"type": "Point", "coordinates": [14.9042141, 37.3807783]}, "properties": {"rol": "seguidor", "id": "TK0271", "tipo": "completo", "axis_azimuth": 0, "punto": "eje de unidad (no el motor)", "ncu": 1, "gw": 1, "axis_tilt": 0, "max_angle": 55, "backtrack": true, "gcr": 0.397, "cross_axis_tilt": 0}}, {"type": "Feature", "geometry": {"type": "Point", "coordinates": [14.9040957, 37.3807782]}, "properties": {"rol": "seguidor", "id": "TK0272", "tipo": "completo", "axis_azimuth": 0, "punto": "eje de unidad (no el motor)", "ncu": 1, "gw": 1, "axis_tilt": 0, "max_angle": 55, "backtrack": true, "gcr": 0.397, "cross_axis_tilt": 0}}, {"type": "Feature", "geometry": {"type": "Point", "coordinates": [14.9039773, 37.3807781]}, "properties": {"rol": "seguidor", "id": "TK0273", "tipo": "completo", "axis_azimuth": 0, "punto": "eje de unidad (no el motor)", "ncu": 1, "gw": 1, "axis_tilt": 0, "max_angle": 55, "backtrack": true, "gcr": 0.397, "cross_axis_tilt": 0}}, {"type": "Feature", "geometry": {"type": "Point", "coordinates": [14.9038589, 37.380778]}, "properties": {"rol": "seguidor", "id": "TK0274", "tipo": "completo", "axis_azimuth": 0, "punto": "eje de unidad (no el motor)", "ncu": 1, "gw": 1, "axis_tilt": 0, "max_angle": 55, "backtrack": true, "gcr": 0.397, "cross_axis_tilt": 0}}, {"type": "Feature", "geometry": {"type": "Point", "coordinates": [14.9036222, 37.3807779]}, "properties": {"rol": "seguidor", "id": "TK0275", "tipo": "completo", "axis_azimuth": 0, "punto": "eje de unidad (no el motor)", "ncu": 1, "gw": 1, "axis_tilt": 0, "max_angle": 55, "backtrack": true, "gcr": 0.397, "cross_axis_tilt": 0}}, {"type": "Feature", "geometry": {"type": "Point", "coordinates": [14.9061097, 37.3794745]}, "properties": {"rol": "seguidor", "id": "TK0276", "tipo": "completo", "axis_azimuth": 0, "punto": "eje de unidad (no el motor)", "ncu": 1, "gw": 1, "axis_tilt": 0, "max_angle": 55, "backtrack": true, "gcr": 0.397, "cross_axis_tilt": 0}}, {"type": "Feature", "geometry": {"type": "Point", "coordinates": [14.9059914, 37.3794746]}, "properties": {"rol": "seguidor", "id": "TK0277", "tipo": "completo", "axis_azimuth": 0, "punto": "eje de unidad (no el motor)", "ncu": 1, "gw": 1, "axis_tilt": 0, "max_angle": 55, "backtrack": true, "gcr": 0.397, "cross_axis_tilt": 0}}, {"type": "Feature", "geometry": {"type": "Point", "coordinates": [14.905873, 37.3794745]}, "properties": {"rol": "seguidor", "id": "TK0278", "tipo": "completo", "axis_azimuth": 0, "punto": "eje de unidad (no el motor)", "ncu": 1, "gw": 1, "axis_tilt": 0, "max_angle": 55, "backtrack": true, "gcr": 0.397, "cross_axis_tilt": 0}}, {"type": "Feature", "geometry": {"type": "Point", "coordinates": [14.9057546, 37.3794744]}, "properties": {"rol": "seguidor", "id": "TK0279", "tipo": "completo", "axis_azimuth": 0, "punto": "eje de unidad (no el motor)", "ncu": 1, "gw": 1, "axis_tilt": 0, "max_angle": 55, "backtrack": true, "gcr": 0.397, "cross_axis_tilt": 0}}, {"type": "Feature", "geometry": {"type": "Point", "coordinates": [14.9062281, 37.3794746]}, "properties": {"rol": "seguidor", "id": "TK0280", "tipo": "completo", "axis_azimuth": 0, "punto": "eje de unidad (no el motor)", "ncu": 1, "gw": 1, "axis_tilt": 0, "max_angle": 55, "backtrack": true, "gcr": 0.397, "cross_axis_tilt": 0}}, {"type": "Feature", "geometry": {"type": "Point", "coordinates": [14.903623, 37.3801252]}, "properties": {"rol": "seguidor", "id": "TK0281", "tipo": "completo", "axis_azimuth": 0, "punto": "eje de unidad (no el motor)", "ncu": 1, "gw": 1, "axis_tilt": 0, "max_angle": 55, "backtrack": true, "gcr": 0.397, "cross_axis_tilt": 0}}, {"type": "Feature", "geometry": {"type": "Point", "coordinates": [14.9036239, 37.3794725]}, "properties": {"rol": "seguidor", "id": "TK0282", "tipo": "completo", "axis_azimuth": 0, "punto": "eje de unidad (no el motor)", "ncu": 1, "gw": 1, "axis_tilt": 0, "max_angle": 55, "backtrack": true, "gcr": 0.397, "cross_axis_tilt": 0}}, {"type": "Feature", "geometry": {"type": "Point", "coordinates": [14.9035046, 37.3801251]}, "properties": {"rol": "seguidor", "id": "TK0283", "tipo": "completo", "axis_azimuth": 0, "punto": "eje de unidad (no el motor)", "ncu": 1, "gw": 1, "axis_tilt": 0, "max_angle": 55, "backtrack": true, "gcr": 0.397, "cross_axis_tilt": 0}}, {"type": "Feature", "geometry": {"type": "Point", "coordinates": [14.9035055, 37.3794724]}, "properties": {"rol": "seguidor", "id": "TK0284", "tipo": "completo", "axis_azimuth": 0, "punto": "eje de unidad (no el motor)", "ncu": 1, "gw": 1, "axis_tilt": 0, "max_angle": 55, "backtrack": true, "gcr": 0.397, "cross_axis_tilt": 0}}, {"type": "Feature", "geometry": {"type": "Point", "coordinates": [14.9033871, 37.3795124]}, "properties": {"rol": "seguidor", "id": "TK0285", "tipo": "completo", "axis_azimuth": 0, "punto": "eje de unidad (no el motor)", "ncu": 1, "gw": 1, "axis_tilt": 0, "max_angle": 55, "backtrack": true, "gcr": 0.397, "cross_axis_tilt": 0}}, {"type": "Feature", "geometry": {"type": "Point", "coordinates": [14.9032686, 37.3795536]}, "properties": {"rol": "seguidor", "id": "TK0286", "tipo": "completo", "axis_azimuth": 0, "punto": "eje de unidad (no el motor)", "ncu": 1, "gw": 1, "axis_tilt": 0, "max_angle": 55, "backtrack": true, "gcr": 0.397, "cross_axis_tilt": 0}}, {"type": "Feature", "geometry": {"type": "Point", "coordinates": [14.9031501, 37.3796738]}, "properties": {"rol": "seguidor", "id": "TK0287", "tipo": "completo", "axis_azimuth": 0, "punto": "eje de unidad (no el motor)", "ncu": 1, "gw": 1, "axis_tilt": 0, "max_angle": 55, "backtrack": true, "gcr": 0.397, "cross_axis_tilt": 0}}, {"type": "Feature", "geometry": {"type": "Point", "coordinates": [14.9030314, 37.379917]}, "properties": {"rol": "seguidor", "id": "TK0288", "tipo": "completo", "axis_azimuth": 0, "punto": "eje de unidad (no el motor)", "ncu": 1, "gw": 1, "axis_tilt": 0, "max_angle": 55, "backtrack": true, "gcr": 0.397, "cross_axis_tilt": 0}}, {"type": "Feature", "geometry": {"type": "Point", "coordinates": [14.9029127, 37.3801946]}, "properties": {"rol": "seguidor", "id": "TK0289", "tipo": "completo", "axis_azimuth": 0, "punto": "eje de unidad (no el motor)", "ncu": 1, "gw": 1, "axis_tilt": 0, "max_angle": 55, "backtrack": true, "gcr": 0.397, "cross_axis_tilt": 0}}, {"type": "Feature", "geometry": {"type": "Point", "coordinates": [14.9033862, 37.3801651]}, "properties": {"rol": "seguidor", "id": "TK0290", "tipo": "completo", "axis_azimuth": 0, "punto": "eje de unidad (no el motor)", "ncu": 1, "gw": 1, "axis_tilt": 0, "max_angle": 55, "backtrack": true, "gcr": 0.397, "cross_axis_tilt": 0}}, {"type": "Feature", "geometry": {"type": "Point", "coordinates": [14.9032678, 37.3802063]}, "properties": {"rol": "seguidor", "id": "TK0291", "tipo": "completo", "axis_azimuth": 0, "punto": "eje de unidad (no el motor)", "ncu": 1, "gw": 1, "axis_tilt": 0, "max_angle": 55, "backtrack": true, "gcr": 0.397, "cross_axis_tilt": 0}}, {"type": "Feature", "geometry": {"type": "Point", "coordinates": [14.9031493, 37.3803265]}, "properties": {"rol": "seguidor", "id": "TK0292", "tipo": "completo", "axis_azimuth": 0, "punto": "eje de unidad (no el motor)", "ncu": 1, "gw": 1, "axis_tilt": 0, "max_angle": 55, "backtrack": true, "gcr": 0.397, "cross_axis_tilt": 0}}, {"type": "Feature", "geometry": {"type": "Point", "coordinates": [14.9030306, 37.3805697]}, "properties": {"rol": "seguidor", "id": "TK0293", "tipo": "completo", "axis_azimuth": 0, "punto": "eje de unidad (no el motor)", "ncu": 1, "gw": 1, "axis_tilt": 0, "max_angle": 55, "backtrack": true, "gcr": 0.397, "cross_axis_tilt": 0}}, {"type": "Feature", "geometry": {"type": "Point", "coordinates": [14.902794, 37.3804235]}, "properties": {"rol": "seguidor", "id": "TK0294", "tipo": "completo", "axis_azimuth": 0, "punto": "eje de unidad (no el motor)", "ncu": 1, "gw": 1, "axis_tilt": 0, "max_angle": 55, "backtrack": true, "gcr": 0.397, "cross_axis_tilt": 0}}, {"type": "Feature", "geometry": {"type": "Point", "coordinates": [14.902912, 37.3806815]}, "properties": {"rol": "seguidor", "id": "TK0295", "tipo": "Medio", "axis_azimuth": 0, "punto": "eje de unidad (no el motor)", "ncu": 1, "gw": 1, "axis_tilt": 0, "max_angle": 55, "backtrack": true, "gcr": 0.397, "cross_axis_tilt": 0}}, {"type": "Feature", "geometry": {"type": "Point", "coordinates": [14.9031486, 37.3808134]}, "properties": {"rol": "seguidor", "id": "TK0296", "tipo": "Medio", "axis_azimuth": 0, "punto": "eje de unidad (no el motor)", "ncu": 1, "gw": 1, "axis_tilt": 0, "max_angle": 55, "backtrack": true, "gcr": 0.397, "cross_axis_tilt": 0}}, {"type": "Feature", "geometry": {"type": "Point", "coordinates": [14.9032672, 37.3806933]}, "properties": {"rol": "seguidor", "id": "TK0297", "tipo": "Medio", "axis_azimuth": 0, "punto": "eje de unidad (no el motor)", "ncu": 1, "gw": 1, "axis_tilt": 0, "max_angle": 55, "backtrack": true, "gcr": 0.397, "cross_axis_tilt": 0}}, {"type": "Feature", "geometry": {"type": "Point", "coordinates": [14.9033856, 37.3806521]}, "properties": {"rol": "seguidor", "id": "TK0298", "tipo": "Medio", "axis_azimuth": 0, "punto": "eje de unidad (no el motor)", "ncu": 1, "gw": 1, "axis_tilt": 0, "max_angle": 55, "backtrack": true, "gcr": 0.397, "cross_axis_tilt": 0}}, {"type": "Feature", "geometry": {"type": "Point", "coordinates": [14.9064649, 37.3794748]}, "properties": {"rol": "seguidor", "id": "TK0299", "tipo": "completo", "axis_azimuth": 0, "punto": "eje de unidad (no el motor)", "ncu": 1, "gw": 1, "axis_tilt": 0, "max_angle": 55, "backtrack": true, "gcr": 0.397, "cross_axis_tilt": 0}}, {"type": "Feature", "geometry": {"type": "Point", "coordinates": [14.9063465, 37.3794747]}, "properties": {"rol": "seguidor", "id": "TK0300", "tipo": "completo", "axis_azimuth": 0, "punto": "eje de unidad (no el motor)", "ncu": 1, "gw": 1, "axis_tilt": 0, "max_angle": 55, "backtrack": true, "gcr": 0.397, "cross_axis_tilt": 0}}, {"type": "Feature", "geometry": {"type": "Point", "coordinates": [14.9065832, 37.3794749]}, "properties": {"rol": "seguidor", "id": "TK0301", "tipo": "completo", "axis_azimuth": 0, "punto": "eje de unidad (no el motor)", "ncu": 1, "gw": 1, "axis_tilt": 0, "max_angle": 55, "backtrack": true, "gcr": 0.397, "cross_axis_tilt": 0}}, {"type": "Feature", "geometry": {"type": "Point", "coordinates": [14.9052819, 37.3788754]}, "properties": {"rol": "seguidor", "id": "TK0302", "tipo": "Medio", "axis_azimuth": 0, "punto": "eje de unidad (no el motor)", "ncu": 1, "gw": 1, "axis_tilt": 0, "max_angle": 55, "backtrack": true, "gcr": 0.397, "cross_axis_tilt": 0}}, {"type": "Feature", "geometry": {"type": "Point", "coordinates": [14.9051635, 37.3788753]}, "properties": {"rol": "seguidor", "id": "TK0303", "tipo": "Medio", "axis_azimuth": 0, "punto": "eje de unidad (no el motor)", "ncu": 1, "gw": 1, "axis_tilt": 0, "max_angle": 55, "backtrack": true, "gcr": 0.397, "cross_axis_tilt": 0}}, {"type": "Feature", "geometry": {"type": "Point", "coordinates": [14.9050451, 37.3788753]}, "properties": {"rol": "seguidor", "id": "TK0304", "tipo": "Medio", "axis_azimuth": 0, "punto": "eje de unidad (no el motor)", "ncu": 1, "gw": 1, "axis_tilt": 0, "max_angle": 55, "backtrack": true, "gcr": 0.397, "cross_axis_tilt": 0}}, {"type": "Feature", "geometry": {"type": "Point", "coordinates": [14.9049267, 37.3788752]}, "properties": {"rol": "seguidor", "id": "TK0305", "tipo": "Medio", "axis_azimuth": 0, "punto": "eje de unidad (no el motor)", "ncu": 1, "gw": 1, "axis_tilt": 0, "max_angle": 55, "backtrack": true, "gcr": 0.397, "cross_axis_tilt": 0}}, {"type": "Feature", "geometry": {"type": "Point", "coordinates": [14.9048084, 37.3788751]}, "properties": {"rol": "seguidor", "id": "TK0306", "tipo": "Medio", "axis_azimuth": 0, "punto": "eje de unidad (no el motor)", "ncu": 1, "gw": 1, "axis_tilt": 0, "max_angle": 55, "backtrack": true, "gcr": 0.397, "cross_axis_tilt": 0}}, {"type": "Feature", "geometry": {"type": "Point", "coordinates": [14.90469, 37.378875]}, "properties": {"rol": "seguidor", "id": "TK0307", "tipo": "Medio", "axis_azimuth": 0, "punto": "eje de unidad (no el motor)", "ncu": 1, "gw": 1, "axis_tilt": 0, "max_angle": 55, "backtrack": true, "gcr": 0.397, "cross_axis_tilt": 0}}, {"type": "Feature", "geometry": {"type": "Point", "coordinates": [14.9063474, 37.3787209]}, "properties": {"rol": "seguidor", "id": "TK0308", "tipo": "completo", "axis_azimuth": 0, "punto": "eje de unidad (no el motor)", "ncu": 1, "gw": 1, "axis_tilt": 0, "max_angle": 55, "backtrack": true, "gcr": 0.397, "cross_axis_tilt": 0}}, {"type": "Feature", "geometry": {"type": "Point", "coordinates": [14.906229, 37.3787208]}, "properties": {"rol": "seguidor", "id": "TK0309", "tipo": "completo", "axis_azimuth": 0, "punto": "eje de unidad (no el motor)", "ncu": 1, "gw": 1, "axis_tilt": 0, "max_angle": 55, "backtrack": true, "gcr": 0.397, "cross_axis_tilt": 0}}, {"type": "Feature", "geometry": {"type": "Point", "coordinates": [14.9061107, 37.3787207]}, "properties": {"rol": "seguidor", "id": "TK0310", "tipo": "completo", "axis_azimuth": 0, "punto": "eje de unidad (no el motor)", "ncu": 1, "gw": 1, "axis_tilt": 0, "max_angle": 55, "backtrack": true, "gcr": 0.397, "cross_axis_tilt": 0}}, {"type": "Feature", "geometry": {"type": "Point", "coordinates": [14.9059923, 37.3787207]}, "properties": {"rol": "seguidor", "id": "TK0311", "tipo": "completo", "axis_azimuth": 0, "punto": "eje de unidad (no el motor)", "ncu": 1, "gw": 1, "axis_tilt": 0, "max_angle": 55, "backtrack": true, "gcr": 0.397, "cross_axis_tilt": 0}}, {"type": "Feature", "geometry": {"type": "Point", "coordinates": [14.9058739, 37.3787206]}, "properties": {"rol": "seguidor", "id": "TK0312", "tipo": "completo", "axis_azimuth": 0, "punto": "eje de unidad (no el motor)", "ncu": 1, "gw": 1, "axis_tilt": 0, "max_angle": 55, "backtrack": true, "gcr": 0.397, "cross_axis_tilt": 0}}, {"type": "Feature", "geometry": {"type": "Point", "coordinates": [14.9057556, 37.3787205]}, "properties": {"rol": "seguidor", "id": "TK0313", "tipo": "completo", "axis_azimuth": 0, "punto": "eje de unidad (no el motor)", "ncu": 1, "gw": 1, "axis_tilt": 0, "max_angle": 55, "backtrack": true, "gcr": 0.397, "cross_axis_tilt": 0}}, {"type": "Feature", "geometry": {"type": "Point", "coordinates": [14.9056372, 37.3787204]}, "properties": {"rol": "seguidor", "id": "TK0314", "tipo": "completo", "axis_azimuth": 0, "punto": "eje de unidad (no el motor)", "ncu": 1, "gw": 1, "axis_tilt": 0, "max_angle": 55, "backtrack": true, "gcr": 0.397, "cross_axis_tilt": 0}}, {"type": "Feature", "geometry": {"type": "Point", "coordinates": [14.9055188, 37.3787203]}, "properties": {"rol": "seguidor", "id": "TK0315", "tipo": "completo", "axis_azimuth": 0, "punto": "eje de unidad (no el motor)", "ncu": 1, "gw": 1, "axis_tilt": 0, "max_angle": 55, "backtrack": true, "gcr": 0.397, "cross_axis_tilt": 0}}, {"type": "Feature", "geometry": {"type": "Point", "coordinates": [14.9070578, 37.378582]}, "properties": {"rol": "seguidor", "id": "TK0316", "tipo": "completo", "axis_azimuth": 0, "punto": "eje de unidad (no el motor)", "ncu": 1, "gw": 1, "axis_tilt": 0, "max_angle": 55, "backtrack": true, "gcr": 0.397, "cross_axis_tilt": 0}}, {"type": "Feature", "geometry": {"type": "Point", "coordinates": [14.9069393, 37.3787214]}, "properties": {"rol": "seguidor", "id": "TK0317", "tipo": "completo", "axis_azimuth": 0, "punto": "eje de unidad (no el motor)", "ncu": 1, "gw": 1, "axis_tilt": 0, "max_angle": 55, "backtrack": true, "gcr": 0.397, "cross_axis_tilt": 0}}, {"type": "Feature", "geometry": {"type": "Point", "coordinates": [14.9068209, 37.3787213]}, "properties": {"rol": "seguidor", "id": "TK0318", "tipo": "completo", "axis_azimuth": 0, "punto": "eje de unidad (no el motor)", "ncu": 1, "gw": 1, "axis_tilt": 0, "max_angle": 55, "backtrack": true, "gcr": 0.397, "cross_axis_tilt": 0}}, {"type": "Feature", "geometry": {"type": "Point", "coordinates": [14.9067025, 37.3787212]}, "properties": {"rol": "seguidor", "id": "TK0319", "tipo": "completo", "axis_azimuth": 0, "punto": "eje de unidad (no el motor)", "ncu": 1, "gw": 1, "axis_tilt": 0, "max_angle": 55, "backtrack": true, "gcr": 0.397, "cross_axis_tilt": 0}}, {"type": "Feature", "geometry": {"type": "Point", "coordinates": [14.9065842, 37.3787211]}, "properties": {"rol": "seguidor", "id": "TK0320", "tipo": "completo", "axis_azimuth": 0, "punto": "eje de unidad (no el motor)", "ncu": 1, "gw": 1, "axis_tilt": 0, "max_angle": 55, "backtrack": true, "gcr": 0.397, "cross_axis_tilt": 0}}, {"type": "Feature", "geometry": {"type": "Point", "coordinates": [14.9064658, 37.378721]}, "properties": {"rol": "seguidor", "id": "TK0321", "tipo": "completo", "axis_azimuth": 0, "punto": "eje de unidad (no el motor)", "ncu": 1, "gw": 1, "axis_tilt": 0, "max_angle": 55, "backtrack": true, "gcr": 0.397, "cross_axis_tilt": 0}}, {"type": "Feature", "geometry": {"type": "Point", "coordinates": [14.9071764, 37.3783952]}, "properties": {"rol": "seguidor", "id": "TK0322", "tipo": "completo", "axis_azimuth": 0, "punto": "eje de unidad (no el motor)", "ncu": 1, "gw": 1, "axis_tilt": 0, "max_angle": 55, "backtrack": true, "gcr": 0.397, "cross_axis_tilt": 0}}, {"type": "Feature", "geometry": {"type": "Point", "coordinates": [14.9069399, 37.3782241]}, "properties": {"rol": "seguidor", "id": "TK0323", "tipo": "Medio", "axis_azimuth": 0, "punto": "eje de unidad (no el motor)", "ncu": 1, "gw": 1, "axis_tilt": 0, "max_angle": 55, "backtrack": true, "gcr": 0.397, "cross_axis_tilt": 0}}, {"type": "Feature", "geometry": {"type": "Point", "coordinates": [14.9068215, 37.378224]}, "properties": {"rol": "seguidor", "id": "TK0324", "tipo": "Medio", "axis_azimuth": 0, "punto": "eje de unidad (no el motor)", "ncu": 1, "gw": 1, "axis_tilt": 0, "max_angle": 55, "backtrack": true, "gcr": 0.397, "cross_axis_tilt": 0}}, {"type": "Feature", "geometry": {"type": "Point", "coordinates": [14.9067032, 37.3782239]}, "properties": {"rol": "seguidor", "id": "TK0325", "tipo": "Medio", "axis_azimuth": 0, "punto": "eje de unidad (no el motor)", "ncu": 1, "gw": 1, "axis_tilt": 0, "max_angle": 55, "backtrack": true, "gcr": 0.397, "cross_axis_tilt": 0}}, {"type": "Feature", "geometry": {"type": "Point", "coordinates": [14.9065848, 37.3782238]}, "properties": {"rol": "seguidor", "id": "TK0326", "tipo": "Medio", "axis_azimuth": 0, "punto": "eje de unidad (no el motor)", "ncu": 1, "gw": 1, "axis_tilt": 0, "max_angle": 55, "backtrack": true, "gcr": 0.397, "cross_axis_tilt": 0}}, {"type": "Feature", "geometry": {"type": "Point", "coordinates": [14.9064664, 37.3782237]}, "properties": {"rol": "seguidor", "id": "TK0327", "tipo": "Medio", "axis_azimuth": 0, "punto": "eje de unidad (no el motor)", "ncu": 1, "gw": 1, "axis_tilt": 0, "max_angle": 55, "backtrack": true, "gcr": 0.397, "cross_axis_tilt": 0}}, {"type": "Feature", "geometry": {"type": "Point", "coordinates": [14.9048017, 37.3717112]}, "properties": {"rol": "seguidor", "id": "TK0328", "tipo": "completo", "axis_azimuth": 0, "punto": "eje de unidad (no el motor)", "ncu": 6, "gw": 6, "axis_tilt": 0, "max_angle": 55, "backtrack": true, "gcr": 0.397, "cross_axis_tilt": 0}}, {"type": "Feature", "geometry": {"type": "Point", "coordinates": [14.90492, 37.3717113]}, "properties": {"rol": "seguidor", "id": "TK0329", "tipo": "completo", "axis_azimuth": 0, "punto": "eje de unidad (no el motor)", "ncu": 6, "gw": 6, "axis_tilt": 0, "max_angle": 55, "backtrack": true, "gcr": 0.397, "cross_axis_tilt": 0}}, {"type": "Feature", "geometry": {"type": "Point", "coordinates": [14.9050384, 37.3717114]}, "properties": {"rol": "seguidor", "id": "TK0330", "tipo": "completo", "axis_azimuth": 0, "punto": "eje de unidad (no el motor)", "ncu": 6, "gw": 6, "axis_tilt": 0, "max_angle": 55, "backtrack": true, "gcr": 0.397, "cross_axis_tilt": 0}}, {"type": "Feature", "geometry": {"type": "Point", "coordinates": [14.9051567, 37.3717115]}, "properties": {"rol": "seguidor", "id": "TK0331", "tipo": "completo", "axis_azimuth": 0, "punto": "eje de unidad (no el motor)", "ncu": 6, "gw": 6, "axis_tilt": 0, "max_angle": 55, "backtrack": true, "gcr": 0.397, "cross_axis_tilt": 0}}, {"type": "Feature", "geometry": {"type": "Point", "coordinates": [14.9052751, 37.3717116]}, "properties": {"rol": "seguidor", "id": "TK0332", "tipo": "completo", "axis_azimuth": 0, "punto": "eje de unidad (no el motor)", "ncu": 6, "gw": 6, "axis_tilt": 0, "max_angle": 55, "backtrack": true, "gcr": 0.397, "cross_axis_tilt": 0}}, {"type": "Feature", "geometry": {"type": "Point", "coordinates": [14.9053935, 37.3717117]}, "properties": {"rol": "seguidor", "id": "TK0333", "tipo": "completo", "axis_azimuth": 0, "punto": "eje de unidad (no el motor)", "ncu": 6, "gw": 6, "axis_tilt": 0, "max_angle": 55, "backtrack": true, "gcr": 0.397, "cross_axis_tilt": 0}}, {"type": "Feature", "geometry": {"type": "Point", "coordinates": [14.9055118, 37.3717118]}, "properties": {"rol": "seguidor", "id": "TK0334", "tipo": "completo", "axis_azimuth": 0, "punto": "eje de unidad (no el motor)", "ncu": 6, "gw": 6, "axis_tilt": 0, "max_angle": 55, "backtrack": true, "gcr": 0.397, "cross_axis_tilt": 0}}, {"type": "Feature", "geometry": {"type": "Point", "coordinates": [14.9045647, 37.3718664]}, "properties": {"rol": "seguidor", "id": "TK0335", "tipo": "Medio", "axis_azimuth": 0, "punto": "eje de unidad (no el motor)", "ncu": 6, "gw": 6, "axis_tilt": 0, "max_angle": 55, "backtrack": true, "gcr": 0.397, "cross_axis_tilt": 0}}, {"type": "Feature", "geometry": {"type": "Point", "coordinates": [14.9056302, 37.3717119]}, "properties": {"rol": "seguidor", "id": "TK0336", "tipo": "completo", "axis_azimuth": 0, "punto": "eje de unidad (no el motor)", "ncu": 6, "gw": 6, "axis_tilt": 0, "max_angle": 55, "backtrack": true, "gcr": 0.397, "cross_axis_tilt": 0}}, {"type": "Feature", "geometry": {"type": "Point", "coordinates": [14.9059853, 37.3716702]}, "properties": {"rol": "seguidor", "id": "TK0337", "tipo": "Medio", "axis_azimuth": 0, "punto": "eje de unidad (no el motor)", "ncu": 6, "gw": 6, "axis_tilt": 0, "max_angle": 55, "backtrack": true, "gcr": 0.397, "cross_axis_tilt": 0}}, {"type": "Feature", "geometry": {"type": "Point", "coordinates": [14.9024383, 37.3724685]}, "properties": {"rol": "seguidor", "id": "TK0338", "tipo": "completo", "axis_azimuth": 0, "punto": "eje de unidad (no el motor)", "ncu": 6, "gw": 6, "axis_tilt": 0, "max_angle": 55, "backtrack": true, "gcr": 0.397, "cross_axis_tilt": 0}}, {"type": "Feature", "geometry": {"type": "Point", "coordinates": [14.9025566, 37.3724734]}, "properties": {"rol": "seguidor", "id": "TK0339", "tipo": "completo", "axis_azimuth": 0, "punto": "eje de unidad (no el motor)", "ncu": 6, "gw": 6, "axis_tilt": 0, "max_angle": 55, "backtrack": true, "gcr": 0.397, "cross_axis_tilt": 0}}, {"type": "Feature", "geometry": {"type": "Point", "coordinates": [14.902675, 37.3724783]}, "properties": {"rol": "seguidor", "id": "TK0340", "tipo": "completo", "axis_azimuth": 0, "punto": "eje de unidad (no el motor)", "ncu": 6, "gw": 6, "axis_tilt": 0, "max_angle": 55, "backtrack": true, "gcr": 0.397, "cross_axis_tilt": 0}}, {"type": "Feature", "geometry": {"type": "Point", "coordinates": [14.9027933, 37.3724832]}, "properties": {"rol": "seguidor", "id": "TK0341", "tipo": "completo", "axis_azimuth": 0, "punto": "eje de unidad (no el motor)", "ncu": 6, "gw": 6, "axis_tilt": 0, "max_angle": 55, "backtrack": true, "gcr": 0.397, "cross_axis_tilt": 0}}, {"type": "Feature", "geometry": {"type": "Point", "coordinates": [14.9029117, 37.3724882]}, "properties": {"rol": "seguidor", "id": "TK0342", "tipo": "completo", "axis_azimuth": 0, "punto": "eje de unidad (no el motor)", "ncu": 6, "gw": 6, "axis_tilt": 0, "max_angle": 55, "backtrack": true, "gcr": 0.397, "cross_axis_tilt": 0}}, {"type": "Feature", "geometry": {"type": "Point", "coordinates": [14.90303, 37.3724931]}, "properties": {"rol": "seguidor", "id": "TK0343", "tipo": "completo", "axis_azimuth": 0, "punto": "eje de unidad (no el motor)", "ncu": 6, "gw": 6, "axis_tilt": 0, "max_angle": 55, "backtrack": true, "gcr": 0.397, "cross_axis_tilt": 0}}, {"type": "Feature", "geometry": {"type": "Point", "coordinates": [14.9031484, 37.372498]}, "properties": {"rol": "seguidor", "id": "TK0344", "tipo": "completo", "axis_azimuth": 0, "punto": "eje de unidad (no el motor)", "ncu": 6, "gw": 6, "axis_tilt": 0, "max_angle": 55, "backtrack": true, "gcr": 0.397, "cross_axis_tilt": 0}}, {"type": "Feature", "geometry": {"type": "Point", "coordinates": [14.9032668, 37.3725029]}, "properties": {"rol": "seguidor", "id": "TK0345", "tipo": "completo", "axis_azimuth": 0, "punto": "eje de unidad (no el motor)", "ncu": 6, "gw": 6, "axis_tilt": 0, "max_angle": 55, "backtrack": true, "gcr": 0.397, "cross_axis_tilt": 0}}, {"type": "Feature", "geometry": {"type": "Point", "coordinates": [14.9033839, 37.3725079]}, "properties": {"rol": "seguidor", "id": "TK0346", "tipo": "completo", "axis_azimuth": 0, "punto": "eje de unidad (no el motor)", "ncu": 6, "gw": 6, "axis_tilt": 0, "max_angle": 55, "backtrack": true, "gcr": 0.397, "cross_axis_tilt": 0}}, {"type": "Feature", "geometry": {"type": "Point", "coordinates": [14.9035035, 37.3725128]}, "properties": {"rol": "seguidor", "id": "TK0347", "tipo": "completo", "axis_azimuth": 0, "punto": "eje de unidad (no el motor)", "ncu": 6, "gw": 6, "axis_tilt": 0, "max_angle": 55, "backtrack": true, "gcr": 0.397, "cross_axis_tilt": 0}}, {"type": "Feature", "geometry": {"type": "Point", "coordinates": [14.9036218, 37.3725172]}, "properties": {"rol": "seguidor", "id": "TK0348", "tipo": "completo", "axis_azimuth": 0, "punto": "eje de unidad (no el motor)", "ncu": 6, "gw": 6, "axis_tilt": 0, "max_angle": 55, "backtrack": true, "gcr": 0.397, "cross_axis_tilt": 0}}, {"type": "Feature", "geometry": {"type": "Point", "coordinates": [14.9020832, 37.3724537]}, "properties": {"rol": "seguidor", "id": "TK0349", "tipo": "completo", "axis_azimuth": 0, "punto": "eje de unidad (no el motor)", "ncu": 5, "gw": 5, "axis_tilt": 0, "max_angle": 55, "backtrack": true, "gcr": 0.397, "cross_axis_tilt": 0}}, {"type": "Feature", "geometry": {"type": "Point", "coordinates": [14.9022015, 37.3724586]}, "properties": {"rol": "seguidor", "id": "TK0350", "tipo": "completo", "axis_azimuth": 0, "punto": "eje de unidad (no el motor)", "ncu": 5, "gw": 5, "axis_tilt": 0, "max_angle": 55, "backtrack": true, "gcr": 0.397, "cross_axis_tilt": 0}}, {"type": "Feature", "geometry": {"type": "Point", "coordinates": [14.9023199, 37.3724635]}, "properties": {"rol": "seguidor", "id": "TK0351", "tipo": "completo", "axis_azimuth": 0, "punto": "eje de unidad (no el motor)", "ncu": 5, "gw": 5, "axis_tilt": 0, "max_angle": 55, "backtrack": true, "gcr": 0.397, "cross_axis_tilt": 0}}, {"type": "Feature", "geometry": {"type": "Point", "coordinates": [14.9017281, 37.3724389]}, "properties": {"rol": "seguidor", "id": "TK0352", "tipo": "completo", "axis_azimuth": 0, "punto": "eje de unidad (no el motor)", "ncu": 5, "gw": 5, "axis_tilt": 0, "max_angle": 55, "backtrack": true, "gcr": 0.397, "cross_axis_tilt": 0}}, {"type": "Feature", "geometry": {"type": "Point", "coordinates": [14.9018465, 37.3724438]}, "properties": {"rol": "seguidor", "id": "TK0353", "tipo": "completo", "axis_azimuth": 0, "punto": "eje de unidad (no el motor)", "ncu": 5, "gw": 5, "axis_tilt": 0, "max_angle": 55, "backtrack": true, "gcr": 0.397, "cross_axis_tilt": 0}}, {"type": "Feature", "geometry": {"type": "Point", "coordinates": [14.9019648, 37.3724488]}, "properties": {"rol": "seguidor", "id": "TK0354", "tipo": "completo", "axis_azimuth": 0, "punto": "eje de unidad (no el motor)", "ncu": 5, "gw": 5, "axis_tilt": 0, "max_angle": 55, "backtrack": true, "gcr": 0.397, "cross_axis_tilt": 0}}, {"type": "Feature", "geometry": {"type": "Point", "coordinates": [14.9014911, 37.3726177]}, "properties": {"rol": "seguidor", "id": "TK0355", "tipo": "completo", "axis_azimuth": 0, "punto": "eje de unidad (no el motor)", "ncu": 5, "gw": 5, "axis_tilt": 0, "max_angle": 55, "backtrack": true, "gcr": 0.397, "cross_axis_tilt": 0}}, {"type": "Feature", "geometry": {"type": "Point", "coordinates": [14.9016097, 37.372434]}, "properties": {"rol": "seguidor", "id": "TK0356", "tipo": "completo", "axis_azimuth": 0, "punto": "eje de unidad (no el motor)", "ncu": 5, "gw": 5, "axis_tilt": 0, "max_angle": 55, "backtrack": true, "gcr": 0.397, "cross_axis_tilt": 0}}, {"type": "Feature", "geometry": {"type": "Point", "coordinates": [14.9024374, 37.3731211]}, "properties": {"rol": "seguidor", "id": "TK0357", "tipo": "completo", "axis_azimuth": 0, "punto": "eje de unidad (no el motor)", "ncu": 5, "gw": 5, "axis_tilt": 0, "max_angle": 55, "backtrack": true, "gcr": 0.397, "cross_axis_tilt": 0}}, {"type": "Feature", "geometry": {"type": "Point", "coordinates": [14.9025558, 37.3731261]}, "properties": {"rol": "seguidor", "id": "TK0358", "tipo": "completo", "axis_azimuth": 0, "punto": "eje de unidad (no el motor)", "ncu": 6, "gw": 6, "axis_tilt": 0, "max_angle": 55, "backtrack": true, "gcr": 0.397, "cross_axis_tilt": 0}}, {"type": "Feature", "geometry": {"type": "Point", "coordinates": [14.9026741, 37.373131]}, "properties": {"rol": "seguidor", "id": "TK0359", "tipo": "completo", "axis_azimuth": 0, "punto": "eje de unidad (no el motor)", "ncu": 6, "gw": 6, "axis_tilt": 0, "max_angle": 55, "backtrack": true, "gcr": 0.397, "cross_axis_tilt": 0}}, {"type": "Feature", "geometry": {"type": "Point", "coordinates": [14.9027925, 37.3731359]}, "properties": {"rol": "seguidor", "id": "TK0360", "tipo": "completo", "axis_azimuth": 0, "punto": "eje de unidad (no el motor)", "ncu": 6, "gw": 6, "axis_tilt": 0, "max_angle": 55, "backtrack": true, "gcr": 0.397, "cross_axis_tilt": 0}}, {"type": "Feature", "geometry": {"type": "Point", "coordinates": [14.9029108, 37.3731409]}, "properties": {"rol": "seguidor", "id": "TK0361", "tipo": "completo", "axis_azimuth": 0, "punto": "eje de unidad (no el motor)", "ncu": 6, "gw": 6, "axis_tilt": 0, "max_angle": 55, "backtrack": true, "gcr": 0.397, "cross_axis_tilt": 0}}, {"type": "Feature", "geometry": {"type": "Point", "coordinates": [14.9020823, 37.3731064]}, "properties": {"rol": "seguidor", "id": "TK0362", "tipo": "completo", "axis_azimuth": 0, "punto": "eje de unidad (no el motor)", "ncu": 5, "gw": 5, "axis_tilt": 0, "max_angle": 55, "backtrack": true, "gcr": 0.397, "cross_axis_tilt": 0}}, {"type": "Feature", "geometry": {"type": "Point", "coordinates": [14.9022007, 37.3731113]}, "properties": {"rol": "seguidor", "id": "TK0363", "tipo": "completo", "axis_azimuth": 0, "punto": "eje de unidad (no el motor)", "ncu": 5, "gw": 5, "axis_tilt": 0, "max_angle": 55, "backtrack": true, "gcr": 0.397, "cross_axis_tilt": 0}}, {"type": "Feature", "geometry": {"type": "Point", "coordinates": [14.902319, 37.3731162]}, "properties": {"rol": "seguidor", "id": "TK0364", "tipo": "completo", "axis_azimuth": 0, "punto": "eje de unidad (no el motor)", "ncu": 5, "gw": 5, "axis_tilt": 0, "max_angle": 55, "backtrack": true, "gcr": 0.397, "cross_axis_tilt": 0}}, {"type": "Feature", "geometry": {"type": "Point", "coordinates": [14.9017273, 37.3730916]}, "properties": {"rol": "seguidor", "id": "TK0365", "tipo": "completo", "axis_azimuth": 0, "punto": "eje de unidad (no el motor)", "ncu": 5, "gw": 5, "axis_tilt": 0, "max_angle": 55, "backtrack": true, "gcr": 0.397, "cross_axis_tilt": 0}}, {"type": "Feature", "geometry": {"type": "Point", "coordinates": [14.9018456, 37.3730965]}, "properties": {"rol": "seguidor", "id": "TK0366", "tipo": "completo", "axis_azimuth": 0, "punto": "eje de unidad (no el motor)", "ncu": 5, "gw": 5, "axis_tilt": 0, "max_angle": 55, "backtrack": true, "gcr": 0.397, "cross_axis_tilt": 0}}, {"type": "Feature", "geometry": {"type": "Point", "coordinates": [14.901964, 37.3731014]}, "properties": {"rol": "seguidor", "id": "TK0367", "tipo": "completo", "axis_azimuth": 0, "punto": "eje de unidad (no el motor)", "ncu": 5, "gw": 5, "axis_tilt": 0, "max_angle": 55, "backtrack": true, "gcr": 0.397, "cross_axis_tilt": 0}}, {"type": "Feature", "geometry": {"type": "Point", "coordinates": [14.9016089, 37.3730867]}, "properties": {"rol": "seguidor", "id": "TK0368", "tipo": "completo", "axis_azimuth": 0, "punto": "eje de unidad (no el motor)", "ncu": 5, "gw": 5, "axis_tilt": 0, "max_angle": 55, "backtrack": true, "gcr": 0.397, "cross_axis_tilt": 0}}, {"type": "Feature", "geometry": {"type": "Point", "coordinates": [14.9030292, 37.3731458]}, "properties": {"rol": "seguidor", "id": "TK0369", "tipo": "completo", "axis_azimuth": 0, "punto": "eje de unidad (no el motor)", "ncu": 6, "gw": 6, "axis_tilt": 0, "max_angle": 55, "backtrack": true, "gcr": 0.397, "cross_axis_tilt": 0}}, {"type": "Feature", "geometry": {"type": "Point", "coordinates": [14.9031476, 37.3731507]}, "properties": {"rol": "seguidor", "id": "TK0370", "tipo": "completo", "axis_azimuth": 0, "punto": "eje de unidad (no el motor)", "ncu": 6, "gw": 6, "axis_tilt": 0, "max_angle": 55, "backtrack": true, "gcr": 0.397, "cross_axis_tilt": 0}}, {"type": "Feature", "geometry": {"type": "Point", "coordinates": [14.9032659, 37.3731556]}, "properties": {"rol": "seguidor", "id": "TK0371", "tipo": "completo", "axis_azimuth": 0, "punto": "eje de unidad (no el motor)", "ncu": 6, "gw": 6, "axis_tilt": 0, "max_angle": 55, "backtrack": true, "gcr": 0.397, "cross_axis_tilt": 0}}, {"type": "Feature", "geometry": {"type": "Point", "coordinates": [14.9013728, 37.3726176]}, "properties": {"rol": "seguidor", "id": "TK0372", "tipo": "completo", "axis_azimuth": 0, "punto": "eje de unidad (no el motor)", "ncu": 5, "gw": 5, "axis_tilt": 0, "max_angle": 55, "backtrack": true, "gcr": 0.397, "cross_axis_tilt": 0}}, {"type": "Feature", "geometry": {"type": "Point", "coordinates": [14.9011356, 37.372949]}, "properties": {"rol": "seguidor", "id": "TK0373", "tipo": "completo", "axis_azimuth": 0, "punto": "eje de unidad (no el motor)", "ncu": 5, "gw": 5, "axis_tilt": 0, "max_angle": 55, "backtrack": true, "gcr": 0.397, "cross_axis_tilt": 0}}, {"type": "Feature", "geometry": {"type": "Point", "coordinates": [14.901254, 37.3729491]}, "properties": {"rol": "seguidor", "id": "TK0374", "tipo": "completo", "axis_azimuth": 0, "punto": "eje de unidad (no el motor)", "ncu": 5, "gw": 5, "axis_tilt": 0, "max_angle": 55, "backtrack": true, "gcr": 0.397, "cross_axis_tilt": 0}}, {"type": "Feature", "geometry": {"type": "Point", "coordinates": [14.9010171, 37.3730986]}, "properties": {"rol": "seguidor", "id": "TK0375", "tipo": "completo", "axis_azimuth": 0, "punto": "eje de unidad (no el motor)", "ncu": 5, "gw": 5, "axis_tilt": 0, "max_angle": 55, "backtrack": true, "gcr": 0.397, "cross_axis_tilt": 0}}, {"type": "Feature", "geometry": {"type": "Point", "coordinates": [14.9013721, 37.3731046]}, "properties": {"rol": "seguidor", "id": "TK0376", "tipo": "Medio", "axis_azimuth": 0, "punto": "eje de unidad (no el motor)", "ncu": 5, "gw": 5, "axis_tilt": 0, "max_angle": 55, "backtrack": true, "gcr": 0.397, "cross_axis_tilt": 0}}, {"type": "Feature", "geometry": {"type": "Point", "coordinates": [14.9014905, 37.3731047]}, "properties": {"rol": "seguidor", "id": "TK0377", "tipo": "Medio", "axis_azimuth": 0, "punto": "eje de unidad (no el motor)", "ncu": 5, "gw": 5, "axis_tilt": 0, "max_angle": 55, "backtrack": true, "gcr": 0.397, "cross_axis_tilt": 0}}, {"type": "Feature", "geometry": {"type": "Point", "coordinates": [14.9008985, 37.3732538]}, "properties": {"rol": "seguidor", "id": "TK0378", "tipo": "Medio", "axis_azimuth": 0, "punto": "eje de unidad (no el motor)", "ncu": 5, "gw": 5, "axis_tilt": 0, "max_angle": 55, "backtrack": true, "gcr": 0.397, "cross_axis_tilt": 0}}, {"type": "Feature", "geometry": {"type": "Point", "coordinates": [14.9033832, 37.3729948]}, "properties": {"rol": "seguidor", "id": "TK0379", "tipo": "Medio", "axis_azimuth": 0, "punto": "eje de unidad (no el motor)", "ncu": 6, "gw": 6, "axis_tilt": 0, "max_angle": 55, "backtrack": true, "gcr": 0.397, "cross_axis_tilt": 0}}, {"type": "Feature", "geometry": {"type": "Point", "coordinates": [14.9035029, 37.3729998]}, "properties": {"rol": "seguidor", "id": "TK0380", "tipo": "Medio", "axis_azimuth": 0, "punto": "eje de unidad (no el motor)", "ncu": 6, "gw": 6, "axis_tilt": 0, "max_angle": 55, "backtrack": true, "gcr": 0.397, "cross_axis_tilt": 0}}, {"type": "Feature", "geometry": {"type": "Point", "coordinates": [14.9037417, 37.3723556]}, "properties": {"rol": "seguidor", "id": "TK0381", "tipo": "Medio", "axis_azimuth": 0, "punto": "eje de unidad (no el motor)", "ncu": 6, "gw": 6, "axis_tilt": 0, "max_angle": 55, "backtrack": true, "gcr": 0.397, "cross_axis_tilt": 0}}, {"type": "Feature", "geometry": {"type": "Point", "coordinates": [14.9041866, 37.3726108]}, "properties": {"rol": "seguidor", "id": "TK0382", "tipo": "completo", "axis_azimuth": 0, "punto": "eje de unidad (no el motor)", "ncu": 6, "gw": 6, "axis_tilt": 0, "max_angle": 55, "backtrack": true, "gcr": 0.397, "cross_axis_tilt": 0}}, {"type": "Feature", "geometry": {"type": "Point", "coordinates": [14.9043038, 37.3725682]}, "properties": {"rol": "seguidor", "id": "TK0383", "tipo": "completo", "axis_azimuth": 0, "punto": "eje de unidad (no el motor)", "ncu": 6, "gw": 6, "axis_tilt": 0, "max_angle": 55, "backtrack": true, "gcr": 0.397, "cross_axis_tilt": 0}}, {"type": "Feature", "geometry": {"type": "Point", "coordinates": [14.9044236, 37.3724075]}, "properties": {"rol": "seguidor", "id": "TK0384", "tipo": "Medio", "axis_azimuth": 0, "punto": "eje de unidad (no el motor)", "ncu": 6, "gw": 6, "axis_tilt": 0, "max_angle": 55, "backtrack": true, "gcr": 0.397, "cross_axis_tilt": 0}}, {"type": "Feature", "geometry": {"type": "Point", "coordinates": [14.9045432, 37.3724125]}, "properties": {"rol": "seguidor", "id": "TK0385", "tipo": "Medio", "axis_azimuth": 0, "punto": "eje de unidad (no el motor)", "ncu": 6, "gw": 6, "axis_tilt": 0, "max_angle": 55, "backtrack": true, "gcr": 0.397, "cross_axis_tilt": 0}}, {"type": "Feature", "geometry": {"type": "Point", "coordinates": [14.9046628, 37.3724175]}, "properties": {"rol": "seguidor", "id": "TK0386", "tipo": "Medio", "axis_azimuth": 0, "punto": "eje de unidad (no el motor)", "ncu": 6, "gw": 6, "axis_tilt": 0, "max_angle": 55, "backtrack": true, "gcr": 0.397, "cross_axis_tilt": 0}}, {"type": "Feature", "geometry": {"type": "Point", "coordinates": [14.9047825, 37.3724225]}, "properties": {"rol": "seguidor", "id": "TK0387", "tipo": "Medio", "axis_azimuth": 0, "punto": "eje de unidad (no el motor)", "ncu": 6, "gw": 6, "axis_tilt": 0, "max_angle": 55, "backtrack": true, "gcr": 0.397, "cross_axis_tilt": 0}}, {"type": "Feature", "geometry": {"type": "Point", "coordinates": [14.9040668, 37.3727727]}, "properties": {"rol": "seguidor", "id": "TK0388", "tipo": "Medio", "axis_azimuth": 0, "punto": "eje de unidad (no el motor)", "ncu": 6, "gw": 6, "axis_tilt": 0, "max_angle": 55, "backtrack": true, "gcr": 0.397, "cross_axis_tilt": 0}}, {"type": "Feature", "geometry": {"type": "Point", "coordinates": [14.9039471, 37.3728357]}, "properties": {"rol": "seguidor", "id": "TK0389", "tipo": "Medio", "axis_azimuth": 0, "punto": "eje de unidad (no el motor)", "ncu": 6, "gw": 6, "axis_tilt": 0, "max_angle": 55, "backtrack": true, "gcr": 0.397, "cross_axis_tilt": 0}}, {"type": "Feature", "geometry": {"type": "Point", "coordinates": [14.9038273, 37.3730083]}, "properties": {"rol": "seguidor", "id": "TK0390", "tipo": "Medio", "axis_azimuth": 0, "punto": "eje de unidad (no el motor)", "ncu": 6, "gw": 6, "axis_tilt": 0, "max_angle": 55, "backtrack": true, "gcr": 0.397, "cross_axis_tilt": 0}}, {"type": "Feature", "geometry": {"type": "Point", "coordinates": [14.9024771, 37.3716267]}, "properties": {"rol": "seguidor", "id": "TK0391", "tipo": "completo", "axis_azimuth": 0, "punto": "eje de unidad (no el motor)", "ncu": 6, "gw": 6, "axis_tilt": 0, "max_angle": 55, "backtrack": true, "gcr": 0.397, "cross_axis_tilt": 0}}, {"type": "Feature", "geometry": {"type": "Point", "coordinates": [14.9025954, 37.3716316]}, "properties": {"rol": "seguidor", "id": "TK0392", "tipo": "completo", "axis_azimuth": 0, "punto": "eje de unidad (no el motor)", "ncu": 6, "gw": 6, "axis_tilt": 0, "max_angle": 55, "backtrack": true, "gcr": 0.397, "cross_axis_tilt": 0}}, {"type": "Feature", "geometry": {"type": "Point", "coordinates": [14.9027138, 37.3716366]}, "properties": {"rol": "seguidor", "id": "TK0393", "tipo": "completo", "axis_azimuth": 0, "punto": "eje de unidad (no el motor)", "ncu": 6, "gw": 6, "axis_tilt": 0, "max_angle": 55, "backtrack": true, "gcr": 0.397, "cross_axis_tilt": 0}}, {"type": "Feature", "geometry": {"type": "Point", "coordinates": [14.9028321, 37.3716415]}, "properties": {"rol": "seguidor", "id": "TK0394", "tipo": "completo", "axis_azimuth": 0, "punto": "eje de unidad (no el motor)", "ncu": 6, "gw": 6, "axis_tilt": 0, "max_angle": 55, "backtrack": true, "gcr": 0.397, "cross_axis_tilt": 0}}, {"type": "Feature", "geometry": {"type": "Point", "coordinates": [14.9029505, 37.3716464]}, "properties": {"rol": "seguidor", "id": "TK0395", "tipo": "completo", "axis_azimuth": 0, "punto": "eje de unidad (no el motor)", "ncu": 6, "gw": 6, "axis_tilt": 0, "max_angle": 55, "backtrack": true, "gcr": 0.397, "cross_axis_tilt": 0}}, {"type": "Feature", "geometry": {"type": "Point", "coordinates": [14.9030688, 37.3716513]}, "properties": {"rol": "seguidor", "id": "TK0396", "tipo": "completo", "axis_azimuth": 0, "punto": "eje de unidad (no el motor)", "ncu": 6, "gw": 6, "axis_tilt": 0, "max_angle": 55, "backtrack": true, "gcr": 0.397, "cross_axis_tilt": 0}}, {"type": "Feature", "geometry": {"type": "Point", "coordinates": [14.9031872, 37.3716563]}, "properties": {"rol": "seguidor", "id": "TK0397", "tipo": "completo", "axis_azimuth": 0, "punto": "eje de unidad (no el motor)", "ncu": 6, "gw": 6, "axis_tilt": 0, "max_angle": 55, "backtrack": true, "gcr": 0.397, "cross_axis_tilt": 0}}, {"type": "Feature", "geometry": {"type": "Point", "coordinates": [14.9033056, 37.3716612]}, "properties": {"rol": "seguidor", "id": "TK0398", "tipo": "completo", "axis_azimuth": 0, "punto": "eje de unidad (no el motor)", "ncu": 6, "gw": 6, "axis_tilt": 0, "max_angle": 55, "backtrack": true, "gcr": 0.397, "cross_axis_tilt": 0}}, {"type": "Feature", "geometry": {"type": "Point", "coordinates": [14.9034227, 37.3716661]}, "properties": {"rol": "seguidor", "id": "TK0399", "tipo": "completo", "axis_azimuth": 0, "punto": "eje de unidad (no el motor)", "ncu": 6, "gw": 6, "axis_tilt": 0, "max_angle": 55, "backtrack": true, "gcr": 0.397, "cross_axis_tilt": 0}}, {"type": "Feature", "geometry": {"type": "Point", "coordinates": [14.9035423, 37.371671]}, "properties": {"rol": "seguidor", "id": "TK0400", "tipo": "completo", "axis_azimuth": 0, "punto": "eje de unidad (no el motor)", "ncu": 6, "gw": 6, "axis_tilt": 0, "max_angle": 55, "backtrack": true, "gcr": 0.397, "cross_axis_tilt": 0}}, {"type": "Feature", "geometry": {"type": "Point", "coordinates": [14.9036606, 37.3716755]}, "properties": {"rol": "seguidor", "id": "TK0401", "tipo": "completo", "axis_azimuth": 0, "punto": "eje de unidad (no el motor)", "ncu": 6, "gw": 6, "axis_tilt": 0, "max_angle": 55, "backtrack": true, "gcr": 0.397, "cross_axis_tilt": 0}}, {"type": "Feature", "geometry": {"type": "Point", "coordinates": [14.902122, 37.3716119]}, "properties": {"rol": "seguidor", "id": "TK0402", "tipo": "completo", "axis_azimuth": 0, "punto": "eje de unidad (no el motor)", "ncu": 6, "gw": 6, "axis_tilt": 0, "max_angle": 55, "backtrack": true, "gcr": 0.397, "cross_axis_tilt": 0}}, {"type": "Feature", "geometry": {"type": "Point", "coordinates": [14.9022404, 37.3716169]}, "properties": {"rol": "seguidor", "id": "TK0403", "tipo": "completo", "axis_azimuth": 0, "punto": "eje de unidad (no el motor)", "ncu": 6, "gw": 6, "axis_tilt": 0, "max_angle": 55, "backtrack": true, "gcr": 0.397, "cross_axis_tilt": 0}}, {"type": "Feature", "geometry": {"type": "Point", "coordinates": [14.9023587, 37.3716218]}, "properties": {"rol": "seguidor", "id": "TK0404", "tipo": "completo", "axis_azimuth": 0, "punto": "eje de unidad (no el motor)", "ncu": 6, "gw": 6, "axis_tilt": 0, "max_angle": 55, "backtrack": true, "gcr": 0.397, "cross_axis_tilt": 0}}, {"type": "Feature", "geometry": {"type": "Point", "coordinates": [14.9037777, 37.3716804]}, "properties": {"rol": "seguidor", "id": "TK0405", "tipo": "completo", "axis_azimuth": 0, "punto": "eje de unidad (no el motor)", "ncu": 6, "gw": 6, "axis_tilt": 0, "max_angle": 55, "backtrack": true, "gcr": 0.397, "cross_axis_tilt": 0}}, {"type": "Feature", "geometry": {"type": "Point", "coordinates": [14.9038973, 37.3716853]}, "properties": {"rol": "seguidor", "id": "TK0406", "tipo": "completo", "axis_azimuth": 0, "punto": "eje de unidad (no el motor)", "ncu": 6, "gw": 6, "axis_tilt": 0, "max_angle": 55, "backtrack": true, "gcr": 0.397, "cross_axis_tilt": 0}}, {"type": "Feature", "geometry": {"type": "Point", "coordinates": [14.9040157, 37.3716897]}, "properties": {"rol": "seguidor", "id": "TK0407", "tipo": "completo", "axis_azimuth": 0, "punto": "eje de unidad (no el motor)", "ncu": 6, "gw": 6, "axis_tilt": 0, "max_angle": 55, "backtrack": true, "gcr": 0.397, "cross_axis_tilt": 0}}, {"type": "Feature", "geometry": {"type": "Point", "coordinates": [14.9020036, 37.371607]}, "properties": {"rol": "seguidor", "id": "TK0408", "tipo": "completo", "axis_azimuth": 0, "punto": "eje de unidad (no el motor)", "ncu": 6, "gw": 6, "axis_tilt": 0, "max_angle": 55, "backtrack": true, "gcr": 0.397, "cross_axis_tilt": 0}}, {"type": "Feature", "geometry": {"type": "Point", "coordinates": [14.9041341, 37.3716941]}, "properties": {"rol": "seguidor", "id": "TK0409", "tipo": "completo", "axis_azimuth": 0, "punto": "eje de unidad (no el motor)", "ncu": 6, "gw": 6, "axis_tilt": 0, "max_angle": 55, "backtrack": true, "gcr": 0.397, "cross_axis_tilt": 0}}, {"type": "Feature", "geometry": {"type": "Point", "coordinates": [14.9024779, 37.370974]}, "properties": {"rol": "seguidor", "id": "TK0410", "tipo": "completo", "axis_azimuth": 0, "punto": "eje de unidad (no el motor)", "ncu": 6, "gw": 6, "axis_tilt": 0, "max_angle": 55, "backtrack": true, "gcr": 0.397, "cross_axis_tilt": 0}}, {"type": "Feature", "geometry": {"type": "Point", "coordinates": [14.9025963, 37.370979]}, "properties": {"rol": "seguidor", "id": "TK0411", "tipo": "completo", "axis_azimuth": 0, "punto": "eje de unidad (no el motor)", "ncu": 6, "gw": 6, "axis_tilt": 0, "max_angle": 55, "backtrack": true, "gcr": 0.397, "cross_axis_tilt": 0}}, {"type": "Feature", "geometry": {"type": "Point", "coordinates": [14.9027146, 37.3709839]}, "properties": {"rol": "seguidor", "id": "TK0412", "tipo": "completo", "axis_azimuth": 0, "punto": "eje de unidad (no el motor)", "ncu": 6, "gw": 6, "axis_tilt": 0, "max_angle": 55, "backtrack": true, "gcr": 0.397, "cross_axis_tilt": 0}}, {"type": "Feature", "geometry": {"type": "Point", "coordinates": [14.902833, 37.3709888]}, "properties": {"rol": "seguidor", "id": "TK0413", "tipo": "completo", "axis_azimuth": 0, "punto": "eje de unidad (no el motor)", "ncu": 6, "gw": 6, "axis_tilt": 0, "max_angle": 55, "backtrack": true, "gcr": 0.397, "cross_axis_tilt": 0}}, {"type": "Feature", "geometry": {"type": "Point", "coordinates": [14.9029513, 37.3709937]}, "properties": {"rol": "seguidor", "id": "TK0414", "tipo": "completo", "axis_azimuth": 0, "punto": "eje de unidad (no el motor)", "ncu": 6, "gw": 6, "axis_tilt": 0, "max_angle": 55, "backtrack": true, "gcr": 0.397, "cross_axis_tilt": 0}}, {"type": "Feature", "geometry": {"type": "Point", "coordinates": [14.9030697, 37.3709986]}, "properties": {"rol": "seguidor", "id": "TK0415", "tipo": "completo", "axis_azimuth": 0, "punto": "eje de unidad (no el motor)", "ncu": 6, "gw": 6, "axis_tilt": 0, "max_angle": 55, "backtrack": true, "gcr": 0.397, "cross_axis_tilt": 0}}, {"type": "Feature", "geometry": {"type": "Point", "coordinates": [14.903188, 37.3710036]}, "properties": {"rol": "seguidor", "id": "TK0416", "tipo": "completo", "axis_azimuth": 0, "punto": "eje de unidad (no el motor)", "ncu": 6, "gw": 6, "axis_tilt": 0, "max_angle": 55, "backtrack": true, "gcr": 0.397, "cross_axis_tilt": 0}}, {"type": "Feature", "geometry": {"type": "Point", "coordinates": [14.9033064, 37.3710085]}, "properties": {"rol": "seguidor", "id": "TK0417", "tipo": "completo", "axis_azimuth": 0, "punto": "eje de unidad (no el motor)", "ncu": 6, "gw": 6, "axis_tilt": 0, "max_angle": 55, "backtrack": true, "gcr": 0.397, "cross_axis_tilt": 0}}, {"type": "Feature", "geometry": {"type": "Point", "coordinates": [14.9034235, 37.3710134]}, "properties": {"rol": "seguidor", "id": "TK0418", "tipo": "completo", "axis_azimuth": 0, "punto": "eje de unidad (no el motor)", "ncu": 6, "gw": 6, "axis_tilt": 0, "max_angle": 55, "backtrack": true, "gcr": 0.397, "cross_axis_tilt": 0}}, {"type": "Feature", "geometry": {"type": "Point", "coordinates": [14.9035431, 37.3710184]}, "properties": {"rol": "seguidor", "id": "TK0419", "tipo": "completo", "axis_azimuth": 0, "punto": "eje de unidad (no el motor)", "ncu": 6, "gw": 6, "axis_tilt": 0, "max_angle": 55, "backtrack": true, "gcr": 0.397, "cross_axis_tilt": 0}}, {"type": "Feature", "geometry": {"type": "Point", "coordinates": [14.9036615, 37.3710228]}, "properties": {"rol": "seguidor", "id": "TK0420", "tipo": "completo", "axis_azimuth": 0, "punto": "eje de unidad (no el motor)", "ncu": 6, "gw": 6, "axis_tilt": 0, "max_angle": 55, "backtrack": true, "gcr": 0.397, "cross_axis_tilt": 0}}, {"type": "Feature", "geometry": {"type": "Point", "coordinates": [14.9023596, 37.3709691]}, "properties": {"rol": "seguidor", "id": "TK0421", "tipo": "completo", "axis_azimuth": 0, "punto": "eje de unidad (no el motor)", "ncu": 6, "gw": 6, "axis_tilt": 0, "max_angle": 55, "backtrack": true, "gcr": 0.397, "cross_axis_tilt": 0}}, {"type": "Feature", "geometry": {"type": "Point", "coordinates": [14.9037786, 37.3710277]}, "properties": {"rol": "seguidor", "id": "TK0422", "tipo": "completo", "axis_azimuth": 0, "punto": "eje de unidad (no el motor)", "ncu": 6, "gw": 6, "axis_tilt": 0, "max_angle": 55, "backtrack": true, "gcr": 0.397, "cross_axis_tilt": 0}}, {"type": "Feature", "geometry": {"type": "Point", "coordinates": [14.9038982, 37.3710326]}, "properties": {"rol": "seguidor", "id": "TK0423", "tipo": "completo", "axis_azimuth": 0, "punto": "eje de unidad (no el motor)", "ncu": 6, "gw": 6, "axis_tilt": 0, "max_angle": 55, "backtrack": true, "gcr": 0.397, "cross_axis_tilt": 0}}, {"type": "Feature", "geometry": {"type": "Point", "coordinates": [14.9040165, 37.371037]}, "properties": {"rol": "seguidor", "id": "TK0424", "tipo": "completo", "axis_azimuth": 0, "punto": "eje de unidad (no el motor)", "ncu": 6, "gw": 6, "axis_tilt": 0, "max_angle": 55, "backtrack": true, "gcr": 0.397, "cross_axis_tilt": 0}}, {"type": "Feature", "geometry": {"type": "Point", "coordinates": [14.9041349, 37.3710415]}, "properties": {"rol": "seguidor", "id": "TK0425", "tipo": "completo", "axis_azimuth": 0, "punto": "eje de unidad (no el motor)", "ncu": 6, "gw": 6, "axis_tilt": 0, "max_angle": 55, "backtrack": true, "gcr": 0.397, "cross_axis_tilt": 0}}, {"type": "Feature", "geometry": {"type": "Point", "coordinates": [14.9042527, 37.371478]}, "properties": {"rol": "seguidor", "id": "TK0426", "tipo": "completo", "axis_azimuth": 0, "punto": "eje de unidad (no el motor)", "ncu": 6, "gw": 6, "axis_tilt": 0, "max_angle": 55, "backtrack": true, "gcr": 0.397, "cross_axis_tilt": 0}}, {"type": "Feature", "geometry": {"type": "Point", "coordinates": [14.902241, 37.3711195]}, "properties": {"rol": "seguidor", "id": "TK0427", "tipo": "Medio", "axis_azimuth": 0, "punto": "eje de unidad (no el motor)", "ncu": 6, "gw": 6, "axis_tilt": 0, "max_angle": 55, "backtrack": true, "gcr": 0.397, "cross_axis_tilt": 0}}, {"type": "Feature", "geometry": {"type": "Point", "coordinates": [14.9018851, 37.3717574]}, "properties": {"rol": "seguidor", "id": "TK0428", "tipo": "Medio", "axis_azimuth": 0, "punto": "eje de unidad (no el motor)", "ncu": 6, "gw": 6, "axis_tilt": 0, "max_angle": 55, "backtrack": true, "gcr": 0.397, "cross_axis_tilt": 0}}, {"type": "Feature", "geometry": {"type": "Point", "coordinates": [14.9017667, 37.3717525]}, "properties": {"rol": "seguidor", "id": "TK0429", "tipo": "Medio", "axis_azimuth": 0, "punto": "eje de unidad (no el motor)", "ncu": 6, "gw": 6, "axis_tilt": 0, "max_angle": 55, "backtrack": true, "gcr": 0.397, "cross_axis_tilt": 0}}, {"type": "Feature", "geometry": {"type": "Point", "coordinates": [14.9043711, 37.3714203]}, "properties": {"rol": "seguidor", "id": "TK0430", "tipo": "Medio", "axis_azimuth": 0, "punto": "eje de unidad (no el motor)", "ncu": 6, "gw": 6, "axis_tilt": 0, "max_angle": 55, "backtrack": true, "gcr": 0.397, "cross_axis_tilt": 0}}, {"type": "Feature", "geometry": {"type": "Point", "coordinates": [14.90388, 37.3738861]}, "properties": {"rol": "seguidor", "id": "TK0431", "tipo": "completo", "axis_azimuth": 0, "punto": "eje de unidad (no el motor)", "ncu": 6, "gw": 6, "axis_tilt": 0, "max_angle": 55, "backtrack": true, "gcr": 0.397, "cross_axis_tilt": 0}}, {"type": "Feature", "geometry": {"type": "Point", "coordinates": [14.9039984, 37.3738381]}, "properties": {"rol": "seguidor", "id": "TK0432", "tipo": "completo", "axis_azimuth": 0, "punto": "eje de unidad (no el motor)", "ncu": 6, "gw": 6, "axis_tilt": 0, "max_angle": 55, "backtrack": true, "gcr": 0.397, "cross_axis_tilt": 0}}, {"type": "Feature", "geometry": {"type": "Point", "coordinates": [14.9041168, 37.3737829]}, "properties": {"rol": "seguidor", "id": "TK0433", "tipo": "completo", "axis_azimuth": 0, "punto": "eje de unidad (no el motor)", "ncu": 6, "gw": 6, "axis_tilt": 0, "max_angle": 55, "backtrack": true, "gcr": 0.397, "cross_axis_tilt": 0}}, {"type": "Feature", "geometry": {"type": "Point", "coordinates": [14.9042353, 37.373721]}, "properties": {"rol": "seguidor", "id": "TK0434", "tipo": "completo", "axis_azimuth": 0, "punto": "eje de unidad (no el motor)", "ncu": 6, "gw": 6, "axis_tilt": 0, "max_angle": 55, "backtrack": true, "gcr": 0.397, "cross_axis_tilt": 0}}, {"type": "Feature", "geometry": {"type": "Point", "coordinates": [14.9043533, 37.3739691]}, "properties": {"rol": "seguidor", "id": "TK0435", "tipo": "completo", "axis_azimuth": 0, "punto": "eje de unidad (no el motor)", "ncu": 6, "gw": 6, "axis_tilt": 0, "max_angle": 55, "backtrack": true, "gcr": 0.397, "cross_axis_tilt": 0}}, {"type": "Feature", "geometry": {"type": "Point", "coordinates": [14.9044718, 37.3738611]}, "properties": {"rol": "seguidor", "id": "TK0436", "tipo": "completo", "axis_azimuth": 0, "punto": "eje de unidad (no el motor)", "ncu": 6, "gw": 6, "axis_tilt": 0, "max_angle": 55, "backtrack": true, "gcr": 0.397, "cross_axis_tilt": 0}}, {"type": "Feature", "geometry": {"type": "Point", "coordinates": [14.9045899, 37.3740887]}, "properties": {"rol": "seguidor", "id": "TK0437", "tipo": "completo", "axis_azimuth": 0, "punto": "eje de unidad (no el motor)", "ncu": 6, "gw": 6, "axis_tilt": 0, "max_angle": 55, "backtrack": true, "gcr": 0.397, "cross_axis_tilt": 0}}, {"type": "Feature", "geometry": {"type": "Point", "coordinates": [14.9047083, 37.3740397]}, "properties": {"rol": "seguidor", "id": "TK0438", "tipo": "completo", "axis_azimuth": 0, "punto": "eje de unidad (no el motor)", "ncu": 6, "gw": 6, "axis_tilt": 0, "max_angle": 55, "backtrack": true, "gcr": 0.397, "cross_axis_tilt": 0}}, {"type": "Feature", "geometry": {"type": "Point", "coordinates": [14.9048268, 37.3739744]}, "properties": {"rol": "seguidor", "id": "TK0439", "tipo": "completo", "axis_azimuth": 0, "punto": "eje de unidad (no el motor)", "ncu": 6, "gw": 6, "axis_tilt": 0, "max_angle": 55, "backtrack": true, "gcr": 0.397, "cross_axis_tilt": 0}}, {"type": "Feature", "geometry": {"type": "Point", "coordinates": [14.9049452, 37.3739234]}, "properties": {"rol": "seguidor", "id": "TK0440", "tipo": "completo", "axis_azimuth": 0, "punto": "eje de unidad (no el motor)", "ncu": 6, "gw": 6, "axis_tilt": 0, "max_angle": 55, "backtrack": true, "gcr": 0.397, "cross_axis_tilt": 0}}, {"type": "Feature", "geometry": {"type": "Point", "coordinates": [14.9050632, 37.374196]}, "properties": {"rol": "seguidor", "id": "TK0441", "tipo": "completo", "axis_azimuth": 0, "punto": "eje de unidad (no el motor)", "ncu": 6, "gw": 6, "axis_tilt": 0, "max_angle": 55, "backtrack": true, "gcr": 0.397, "cross_axis_tilt": 0}}, {"type": "Feature", "geometry": {"type": "Point", "coordinates": [14.9051816, 37.3741961]}, "properties": {"rol": "seguidor", "id": "TK0442", "tipo": "completo", "axis_azimuth": 0, "punto": "eje de unidad (no el motor)", "ncu": 6, "gw": 6, "axis_tilt": 0, "max_angle": 55, "backtrack": true, "gcr": 0.397, "cross_axis_tilt": 0}}, {"type": "Feature", "geometry": {"type": "Point", "coordinates": [14.9053, 37.3741962]}, "properties": {"rol": "seguidor", "id": "TK0443", "tipo": "completo", "axis_azimuth": 0, "punto": "eje de unidad (no el motor)", "ncu": 6, "gw": 6, "axis_tilt": 0, "max_angle": 55, "backtrack": true, "gcr": 0.397, "cross_axis_tilt": 0}}, {"type": "Feature", "geometry": {"type": "Point", "coordinates": [14.904946, 37.3732707]}, "properties": {"rol": "seguidor", "id": "TK0444", "tipo": "completo", "axis_azimuth": 0, "punto": "eje de unidad (no el motor)", "ncu": 6, "gw": 6, "axis_tilt": 0, "max_angle": 55, "backtrack": true, "gcr": 0.397, "cross_axis_tilt": 0}}, {"type": "Feature", "geometry": {"type": "Point", "coordinates": [14.9050641, 37.3735433]}, "properties": {"rol": "seguidor", "id": "TK0445", "tipo": "completo", "axis_azimuth": 0, "punto": "eje de unidad (no el motor)", "ncu": 6, "gw": 6, "axis_tilt": 0, "max_angle": 55, "backtrack": true, "gcr": 0.397, "cross_axis_tilt": 0}}, {"type": "Feature", "geometry": {"type": "Point", "coordinates": [14.9051824, 37.3735434]}, "properties": {"rol": "seguidor", "id": "TK0446", "tipo": "completo", "axis_azimuth": 0, "punto": "eje de unidad (no el motor)", "ncu": 6, "gw": 6, "axis_tilt": 0, "max_angle": 55, "backtrack": true, "gcr": 0.397, "cross_axis_tilt": 0}}, {"type": "Feature", "geometry": {"type": "Point", "coordinates": [14.9053008, 37.3735435]}, "properties": {"rol": "seguidor", "id": "TK0447", "tipo": "completo", "axis_azimuth": 0, "punto": "eje de unidad (no el motor)", "ncu": 6, "gw": 6, "axis_tilt": 0, "max_angle": 55, "backtrack": true, "gcr": 0.397, "cross_axis_tilt": 0}}, {"type": "Feature", "geometry": {"type": "Point", "coordinates": [14.9048276, 37.3733217]}, "properties": {"rol": "seguidor", "id": "TK0448", "tipo": "completo", "axis_azimuth": 0, "punto": "eje de unidad (no el motor)", "ncu": 6, "gw": 6, "axis_tilt": 0, "max_angle": 55, "backtrack": true, "gcr": 0.397, "cross_axis_tilt": 0}}, {"type": "Feature", "geometry": {"type": "Point", "coordinates": [14.9047092, 37.3733871]}, "properties": {"rol": "seguidor", "id": "TK0449", "tipo": "completo", "axis_azimuth": 0, "punto": "eje de unidad (no el motor)", "ncu": 6, "gw": 6, "axis_tilt": 0, "max_angle": 55, "backtrack": true, "gcr": 0.397, "cross_axis_tilt": 0}}, {"type": "Feature", "geometry": {"type": "Point", "coordinates": [14.9045907, 37.373436]}, "properties": {"rol": "seguidor", "id": "TK0450", "tipo": "completo", "axis_azimuth": 0, "punto": "eje de unidad (no el motor)", "ncu": 6, "gw": 6, "axis_tilt": 0, "max_angle": 55, "backtrack": true, "gcr": 0.397, "cross_axis_tilt": 0}}, {"type": "Feature", "geometry": {"type": "Point", "coordinates": [14.9054185, 37.3740445]}, "properties": {"rol": "seguidor", "id": "TK0451", "tipo": "completo", "axis_azimuth": 0, "punto": "eje de unidad (no el motor)", "ncu": 6, "gw": 6, "axis_tilt": 0, "max_angle": 55, "backtrack": true, "gcr": 0.397, "cross_axis_tilt": 0}}, {"type": "Feature", "geometry": {"type": "Point", "coordinates": [14.9054194, 37.3733918]}, "properties": {"rol": "seguidor", "id": "TK0452", "tipo": "completo", "axis_azimuth": 0, "punto": "eje de unidad (no el motor)", "ncu": 6, "gw": 6, "axis_tilt": 0, "max_angle": 55, "backtrack": true, "gcr": 0.397, "cross_axis_tilt": 0}}, {"type": "Feature", "geometry": {"type": "Point", "coordinates": [14.9055373, 37.3737235]}, "properties": {"rol": "seguidor", "id": "TK0453", "tipo": "completo", "axis_azimuth": 0, "punto": "eje de unidad (no el motor)", "ncu": 6, "gw": 6, "axis_tilt": 0, "max_angle": 55, "backtrack": true, "gcr": 0.397, "cross_axis_tilt": 0}}, {"type": "Feature", "geometry": {"type": "Point", "coordinates": [14.9056561, 37.373392]}, "properties": {"rol": "seguidor", "id": "TK0454", "tipo": "completo", "axis_azimuth": 0, "punto": "eje de unidad (no el motor)", "ncu": 6, "gw": 6, "axis_tilt": 0, "max_angle": 55, "backtrack": true, "gcr": 0.397, "cross_axis_tilt": 0}}, {"type": "Feature", "geometry": {"type": "Point", "coordinates": [14.9057745, 37.3733928]}, "properties": {"rol": "seguidor", "id": "TK0455", "tipo": "completo", "axis_azimuth": 0, "punto": "eje de unidad (no el motor)", "ncu": 6, "gw": 6, "axis_tilt": 0, "max_angle": 55, "backtrack": true, "gcr": 0.397, "cross_axis_tilt": 0}}, {"type": "Feature", "geometry": {"type": "Point", "coordinates": [14.9055373, 37.3732262]}, "properties": {"rol": "seguidor", "id": "TK0456", "tipo": "Medio", "axis_azimuth": 0, "punto": "eje de unidad (no el motor)", "ncu": 6, "gw": 6, "axis_tilt": 0, "max_angle": 55, "backtrack": true, "gcr": 0.397, "cross_axis_tilt": 0}}, {"type": "Feature", "geometry": {"type": "Point", "coordinates": [14.9044718, 37.3733637]}, "properties": {"rol": "seguidor", "id": "TK0457", "tipo": "Medio", "axis_azimuth": 0, "punto": "eje de unidad (no el motor)", "ncu": 6, "gw": 6, "axis_tilt": 0, "max_angle": 55, "backtrack": true, "gcr": 0.397, "cross_axis_tilt": 0}}, {"type": "Feature", "geometry": {"type": "Point", "coordinates": [14.9043533, 37.3734718]}, "properties": {"rol": "seguidor", "id": "TK0458", "tipo": "Medio", "axis_azimuth": 0, "punto": "eje de unidad (no el motor)", "ncu": 6, "gw": 6, "axis_tilt": 0, "max_angle": 55, "backtrack": true, "gcr": 0.397, "cross_axis_tilt": 0}}, {"type": "Feature", "geometry": {"type": "Point", "coordinates": [14.9058924, 37.3732265]}, "properties": {"rol": "seguidor", "id": "TK0459", "tipo": "Medio", "axis_azimuth": 0, "punto": "eje de unidad (no el motor)", "ncu": 6, "gw": 6, "axis_tilt": 0, "max_angle": 55, "backtrack": true, "gcr": 0.397, "cross_axis_tilt": 0}}, {"type": "Feature", "geometry": {"type": "Point", "coordinates": [14.8975149, 37.3760886]}, "properties": {"rol": "seguidor", "id": "TK0460", "tipo": "completo", "axis_azimuth": 0, "punto": "eje de unidad (no el motor)", "ncu": 4, "gw": 4, "axis_tilt": 0, "max_angle": 55, "backtrack": true, "gcr": 0.397, "cross_axis_tilt": 0}}, {"type": "Feature", "geometry": {"type": "Point", "coordinates": [14.8975142, 37.3765755]}, "properties": {"rol": "seguidor", "id": "TK0461", "tipo": "Medio", "axis_azimuth": 0, "punto": "eje de unidad (no el motor)", "ncu": 4, "gw": 4, "axis_tilt": 0, "max_angle": 55, "backtrack": true, "gcr": 0.397, "cross_axis_tilt": 0}}, {"type": "Feature", "geometry": {"type": "Point", "coordinates": [14.8976333, 37.3760188]}, "properties": {"rol": "seguidor", "id": "TK0462", "tipo": "completo", "axis_azimuth": 0, "punto": "eje de unidad (no el motor)", "ncu": 4, "gw": 4, "axis_tilt": 0, "max_angle": 55, "backtrack": true, "gcr": 0.397, "cross_axis_tilt": 0}}, {"type": "Feature", "geometry": {"type": "Point", "coordinates": [14.8976327, 37.3765057]}, "properties": {"rol": "seguidor", "id": "TK0463", "tipo": "Medio", "axis_azimuth": 0, "punto": "eje de unidad (no el motor)", "ncu": 4, "gw": 4, "axis_tilt": 0, "max_angle": 55, "backtrack": true, "gcr": 0.397, "cross_axis_tilt": 0}}, {"type": "Feature", "geometry": {"type": "Point", "coordinates": [14.8973963, 37.3762055]}, "properties": {"rol": "seguidor", "id": "TK0464", "tipo": "completo", "axis_azimuth": 0, "punto": "eje de unidad (no el motor)", "ncu": 4, "gw": 4, "axis_tilt": 0, "max_angle": 55, "backtrack": true, "gcr": 0.397, "cross_axis_tilt": 0}}, {"type": "Feature", "geometry": {"type": "Point", "coordinates": [14.8972778, 37.3763225]}, "properties": {"rol": "seguidor", "id": "TK0465", "tipo": "completo", "axis_azimuth": 0, "punto": "eje de unidad (no el motor)", "ncu": 4, "gw": 4, "axis_tilt": 0, "max_angle": 55, "backtrack": true, "gcr": 0.397, "cross_axis_tilt": 0}}, {"type": "Feature", "geometry": {"type": "Point", "coordinates": [14.8971593, 37.3763792]}, "properties": {"rol": "seguidor", "id": "TK0466", "tipo": "completo", "axis_azimuth": 0, "punto": "eje de unidad (no el motor)", "ncu": 4, "gw": 4, "axis_tilt": 0, "max_angle": 55, "backtrack": true, "gcr": 0.397, "cross_axis_tilt": 0}}, {"type": "Feature", "geometry": {"type": "Point", "coordinates": [14.8977516, 37.3760667]}, "properties": {"rol": "seguidor", "id": "TK0467", "tipo": "completo", "axis_azimuth": 0, "punto": "eje de unidad (no el motor)", "ncu": 4, "gw": 4, "axis_tilt": 0, "max_angle": 55, "backtrack": true, "gcr": 0.397, "cross_axis_tilt": 0}}, {"type": "Feature", "geometry": {"type": "Point", "coordinates": [14.8970409, 37.3764119]}, "properties": {"rol": "seguidor", "id": "TK0468", "tipo": "Medio", "axis_azimuth": 0, "punto": "eje de unidad (no el motor)", "ncu": 4, "gw": 4, "axis_tilt": 0, "max_angle": 55, "backtrack": true, "gcr": 0.397, "cross_axis_tilt": 0}}, {"type": "Feature", "geometry": {"type": "Point", "coordinates": [14.8969225, 37.3764628]}, "properties": {"rol": "seguidor", "id": "TK0469", "tipo": "Medio", "axis_azimuth": 0, "punto": "eje de unidad (no el motor)", "ncu": 4, "gw": 4, "axis_tilt": 0, "max_angle": 55, "backtrack": true, "gcr": 0.397, "cross_axis_tilt": 0}}, {"type": "Feature", "geometry": {"type": "Point", "coordinates": [14.8984145, 37.3750013]}, "properties": {"rol": "seguidor", "id": "TK0470", "tipo": "completo", "axis_azimuth": 0, "punto": "eje de unidad (no el motor)", "ncu": 4, "gw": 4, "axis_tilt": 0, "max_angle": 55, "backtrack": true, "gcr": 0.397, "cross_axis_tilt": 0}}, {"type": "Feature", "geometry": {"type": "Point", "coordinates": [14.898533, 37.3749025]}, "properties": {"rol": "seguidor", "id": "TK0471", "tipo": "completo", "axis_azimuth": 0, "punto": "eje de unidad (no el motor)", "ncu": 4, "gw": 4, "axis_tilt": 0, "max_angle": 55, "backtrack": true, "gcr": 0.397, "cross_axis_tilt": 0}}, {"type": "Feature", "geometry": {"type": "Point", "coordinates": [14.898296, 37.3751298]}, "properties": {"rol": "seguidor", "id": "TK0472", "tipo": "completo", "axis_azimuth": 0, "punto": "eje de unidad (no el motor)", "ncu": 4, "gw": 4, "axis_tilt": 0, "max_angle": 55, "backtrack": true, "gcr": 0.397, "cross_axis_tilt": 0}}, {"type": "Feature", "geometry": {"type": "Point", "coordinates": [14.8986516, 37.3747518]}, "properties": {"rol": "seguidor", "id": "TK0473", "tipo": "completo", "axis_azimuth": 0, "punto": "eje de unidad (no el motor)", "ncu": 4, "gw": 4, "axis_tilt": 0, "max_angle": 55, "backtrack": true, "gcr": 0.397, "cross_axis_tilt": 0}}, {"type": "Feature", "geometry": {"type": "Point", "coordinates": [14.8987702, 37.3745636]}, "properties": {"rol": "seguidor", "id": "TK0474", "tipo": "completo", "axis_azimuth": 0, "punto": "eje de unidad (no el motor)", "ncu": 4, "gw": 4, "axis_tilt": 0, "max_angle": 55, "backtrack": true, "gcr": 0.397, "cross_axis_tilt": 0}}, {"type": "Feature", "geometry": {"type": "Point", "coordinates": [14.8988888, 37.37438]}, "properties": {"rol": "seguidor", "id": "TK0475", "tipo": "completo", "axis_azimuth": 0, "punto": "eje de unidad (no el motor)", "ncu": 4, "gw": 4, "axis_tilt": 0, "max_angle": 55, "backtrack": true, "gcr": 0.397, "cross_axis_tilt": 0}}, {"type": "Feature", "geometry": {"type": "Point", "coordinates": [14.8990074, 37.3742224]}, "properties": {"rol": "seguidor", "id": "TK0476", "tipo": "completo", "axis_azimuth": 0, "punto": "eje de unidad (no el motor)", "ncu": 4, "gw": 4, "axis_tilt": 0, "max_angle": 55, "backtrack": true, "gcr": 0.397, "cross_axis_tilt": 0}}, {"type": "Feature", "geometry": {"type": "Point", "coordinates": [14.899126, 37.3740647]}, "properties": {"rol": "seguidor", "id": "TK0477", "tipo": "completo", "axis_azimuth": 0, "punto": "eje de unidad (no el motor)", "ncu": 4, "gw": 4, "axis_tilt": 0, "max_angle": 55, "backtrack": true, "gcr": 0.397, "cross_axis_tilt": 0}}, {"type": "Feature", "geometry": {"type": "Point", "coordinates": [14.8981775, 37.3752342]}, "properties": {"rol": "seguidor", "id": "TK0478", "tipo": "Medio", "axis_azimuth": 0, "punto": "eje de unidad (no el motor)", "ncu": 4, "gw": 4, "axis_tilt": 0, "max_angle": 55, "backtrack": true, "gcr": 0.397, "cross_axis_tilt": 0}}, {"type": "Feature", "geometry": {"type": "Point", "coordinates": [14.8980591, 37.3752732]}, "properties": {"rol": "seguidor", "id": "TK0479", "tipo": "Medio", "axis_azimuth": 0, "punto": "eje de unidad (no el motor)", "ncu": 4, "gw": 4, "axis_tilt": 0, "max_angle": 55, "backtrack": true, "gcr": 0.397, "cross_axis_tilt": 0}}, {"type": "Feature", "geometry": {"type": "Point", "coordinates": [14.9037109, 37.374521]}, "properties": {"rol": "seguidor", "id": "TK0480", "tipo": "Medio", "axis_azimuth": 0, "punto": "eje de unidad (no el motor)", "ncu": 5, "gw": 5, "axis_tilt": 0, "max_angle": 55, "backtrack": true, "gcr": 0.397, "cross_axis_tilt": 0}}, {"type": "Feature", "geometry": {"type": "Point", "coordinates": [14.9035925, 37.374521]}, "properties": {"rol": "seguidor", "id": "TK0481", "tipo": "Medio", "axis_azimuth": 0, "punto": "eje de unidad (no el motor)", "ncu": 5, "gw": 5, "axis_tilt": 0, "max_angle": 55, "backtrack": true, "gcr": 0.397, "cross_axis_tilt": 0}}, {"type": "Feature", "geometry": {"type": "Point", "coordinates": [14.9034741, 37.3745209]}, "properties": {"rol": "seguidor", "id": "TK0482", "tipo": "Medio", "axis_azimuth": 0, "punto": "eje de unidad (no el motor)", "ncu": 5, "gw": 5, "axis_tilt": 0, "max_angle": 55, "backtrack": true, "gcr": 0.397, "cross_axis_tilt": 0}}, {"type": "Feature", "geometry": {"type": "Point", "coordinates": [14.9033558, 37.3745208]}, "properties": {"rol": "seguidor", "id": "TK0483", "tipo": "Medio", "axis_azimuth": 0, "punto": "eje de unidad (no el motor)", "ncu": 5, "gw": 5, "axis_tilt": 0, "max_angle": 55, "backtrack": true, "gcr": 0.397, "cross_axis_tilt": 0}}, {"type": "Feature", "geometry": {"type": "Point", "coordinates": [14.9032374, 37.3745207]}, "properties": {"rol": "seguidor", "id": "TK0484", "tipo": "Medio", "axis_azimuth": 0, "punto": "eje de unidad (no el motor)", "ncu": 5, "gw": 5, "axis_tilt": 0, "max_angle": 55, "backtrack": true, "gcr": 0.397, "cross_axis_tilt": 0}}, {"type": "Feature", "geometry": {"type": "Point", "coordinates": [14.903119, 37.3745206]}, "properties": {"rol": "seguidor", "id": "TK0485", "tipo": "Medio", "axis_azimuth": 0, "punto": "eje de unidad (no el motor)", "ncu": 5, "gw": 5, "axis_tilt": 0, "max_angle": 55, "backtrack": true, "gcr": 0.397, "cross_axis_tilt": 0}}, {"type": "Feature", "geometry": {"type": "Point", "coordinates": [14.9030007, 37.3745205]}, "properties": {"rol": "seguidor", "id": "TK0486", "tipo": "Medio", "axis_azimuth": 0, "punto": "eje de unidad (no el motor)", "ncu": 5, "gw": 5, "axis_tilt": 0, "max_angle": 55, "backtrack": true, "gcr": 0.397, "cross_axis_tilt": 0}}, {"type": "Feature", "geometry": {"type": "Point", "coordinates": [14.9038292, 37.3745211]}, "properties": {"rol": "seguidor", "id": "TK0487", "tipo": "Medio", "axis_azimuth": 0, "punto": "eje de unidad (no el motor)", "ncu": 5, "gw": 5, "axis_tilt": 0, "max_angle": 55, "backtrack": true, "gcr": 0.397, "cross_axis_tilt": 0}}, {"type": "Feature", "geometry": {"type": "Point", "coordinates": [14.9026678, 37.3744112]}, "properties": {"rol": "seguidor", "id": "TK0488", "tipo": "Medio", "axis_azimuth": 0, "punto": "eje de unidad (no el motor)", "ncu": 5, "gw": 5, "axis_tilt": 0, "max_angle": 55, "backtrack": true, "gcr": 0.397, "cross_axis_tilt": 0}}, {"type": "Feature", "geometry": {"type": "Point", "coordinates": [14.9025494, 37.3744728]}, "properties": {"rol": "seguidor", "id": "TK0489", "tipo": "Medio", "axis_azimuth": 0, "punto": "eje de unidad (no el motor)", "ncu": 5, "gw": 5, "axis_tilt": 0, "max_angle": 55, "backtrack": true, "gcr": 0.397, "cross_axis_tilt": 0}}, {"type": "Feature", "geometry": {"type": "Point", "coordinates": [14.9027943, 37.3757454]}, "properties": {"rol": "seguidor", "id": "TK0490", "tipo": "completo", "axis_azimuth": 0, "punto": "eje de unidad (no el motor)", "ncu": 2, "gw": 2, "axis_tilt": 0, "max_angle": 55, "backtrack": true, "gcr": 0.397, "cross_axis_tilt": 0}}, {"type": "Feature", "geometry": {"type": "Point", "coordinates": [14.9029127, 37.3757455]}, "properties": {"rol": "seguidor", "id": "TK0491", "tipo": "completo", "axis_azimuth": 0, "punto": "eje de unidad (no el motor)", "ncu": 2, "gw": 2, "axis_tilt": 0, "max_angle": 55, "backtrack": true, "gcr": 0.397, "cross_axis_tilt": 0}}, {"type": "Feature", "geometry": {"type": "Point", "coordinates": [14.903031, 37.3757456]}, "properties": {"rol": "seguidor", "id": "TK0492", "tipo": "completo", "axis_azimuth": 0, "punto": "eje de unidad (no el motor)", "ncu": 2, "gw": 2, "axis_tilt": 0, "max_angle": 55, "backtrack": true, "gcr": 0.397, "cross_axis_tilt": 0}}, {"type": "Feature", "geometry": {"type": "Point", "coordinates": [14.9031494, 37.3757457]}, "properties": {"rol": "seguidor", "id": "TK0493", "tipo": "completo", "axis_azimuth": 0, "punto": "eje de unidad (no el motor)", "ncu": 2, "gw": 2, "axis_tilt": 0, "max_angle": 55, "backtrack": true, "gcr": 0.397, "cross_axis_tilt": 0}}, {"type": "Feature", "geometry": {"type": "Point", "coordinates": [14.9032678, 37.3757458]}, "properties": {"rol": "seguidor", "id": "TK0494", "tipo": "completo", "axis_azimuth": 0, "punto": "eje de unidad (no el motor)", "ncu": 2, "gw": 2, "axis_tilt": 0, "max_angle": 55, "backtrack": true, "gcr": 0.397, "cross_axis_tilt": 0}}, {"type": "Feature", "geometry": {"type": "Point", "coordinates": [14.9033861, 37.3757459]}, "properties": {"rol": "seguidor", "id": "TK0495", "tipo": "completo", "axis_azimuth": 0, "punto": "eje de unidad (no el motor)", "ncu": 2, "gw": 2, "axis_tilt": 0, "max_angle": 55, "backtrack": true, "gcr": 0.397, "cross_axis_tilt": 0}}, {"type": "Feature", "geometry": {"type": "Point", "coordinates": [14.9035045, 37.375746]}, "properties": {"rol": "seguidor", "id": "TK0496", "tipo": "completo", "axis_azimuth": 0, "punto": "eje de unidad (no el motor)", "ncu": 2, "gw": 2, "axis_tilt": 0, "max_angle": 55, "backtrack": true, "gcr": 0.397, "cross_axis_tilt": 0}}, {"type": "Feature", "geometry": {"type": "Point", "coordinates": [14.9036229, 37.3757461]}, "properties": {"rol": "seguidor", "id": "TK0497", "tipo": "completo", "axis_azimuth": 0, "punto": "eje de unidad (no el motor)", "ncu": 2, "gw": 2, "axis_tilt": 0, "max_angle": 55, "backtrack": true, "gcr": 0.397, "cross_axis_tilt": 0}}, {"type": "Feature", "geometry": {"type": "Point", "coordinates": [14.9037413, 37.3757462]}, "properties": {"rol": "seguidor", "id": "TK0498", "tipo": "completo", "axis_azimuth": 0, "punto": "eje de unidad (no el motor)", "ncu": 2, "gw": 2, "axis_tilt": 0, "max_angle": 55, "backtrack": true, "gcr": 0.397, "cross_axis_tilt": 0}}, {"type": "Feature", "geometry": {"type": "Point", "coordinates": [14.9038596, 37.3757463]}, "properties": {"rol": "seguidor", "id": "TK0499", "tipo": "completo", "axis_azimuth": 0, "punto": "eje de unidad (no el motor)", "ncu": 2, "gw": 2, "axis_tilt": 0, "max_angle": 55, "backtrack": true, "gcr": 0.397, "cross_axis_tilt": 0}}, {"type": "Feature", "geometry": {"type": "Point", "coordinates": [14.903978, 37.3757464]}, "properties": {"rol": "seguidor", "id": "TK0500", "tipo": "completo", "axis_azimuth": 0, "punto": "eje de unidad (no el motor)", "ncu": 2, "gw": 2, "axis_tilt": 0, "max_angle": 55, "backtrack": true, "gcr": 0.397, "cross_axis_tilt": 0}}, {"type": "Feature", "geometry": {"type": "Point", "coordinates": [14.9040964, 37.3757465]}, "properties": {"rol": "seguidor", "id": "TK0501", "tipo": "completo", "axis_azimuth": 0, "punto": "eje de unidad (no el motor)", "ncu": 2, "gw": 2, "axis_tilt": 0, "max_angle": 55, "backtrack": true, "gcr": 0.397, "cross_axis_tilt": 0}}, {"type": "Feature", "geometry": {"type": "Point", "coordinates": [14.9042147, 37.3757465]}, "properties": {"rol": "seguidor", "id": "TK0502", "tipo": "completo", "axis_azimuth": 0, "punto": "eje de unidad (no el motor)", "ncu": 2, "gw": 2, "axis_tilt": 0, "max_angle": 55, "backtrack": true, "gcr": 0.397, "cross_axis_tilt": 0}}, {"type": "Feature", "geometry": {"type": "Point", "coordinates": [14.9043331, 37.3757466]}, "properties": {"rol": "seguidor", "id": "TK0503", "tipo": "completo", "axis_azimuth": 0, "punto": "eje de unidad (no el motor)", "ncu": 2, "gw": 2, "axis_tilt": 0, "max_angle": 55, "backtrack": true, "gcr": 0.397, "cross_axis_tilt": 0}}, {"type": "Feature", "geometry": {"type": "Point", "coordinates": [14.9044515, 37.3757467]}, "properties": {"rol": "seguidor", "id": "TK0504", "tipo": "completo", "axis_azimuth": 0, "punto": "eje de unidad (no el motor)", "ncu": 2, "gw": 2, "axis_tilt": 0, "max_angle": 55, "backtrack": true, "gcr": 0.397, "cross_axis_tilt": 0}}, {"type": "Feature", "geometry": {"type": "Point", "coordinates": [14.9030319, 37.3750929]}, "properties": {"rol": "seguidor", "id": "TK0505", "tipo": "completo", "axis_azimuth": 0, "punto": "eje de unidad (no el motor)", "ncu": 2, "gw": 2, "axis_tilt": 0, "max_angle": 55, "backtrack": true, "gcr": 0.397, "cross_axis_tilt": 0}}, {"type": "Feature", "geometry": {"type": "Point", "coordinates": [14.9031502, 37.375093]}, "properties": {"rol": "seguidor", "id": "TK0506", "tipo": "completo", "axis_azimuth": 0, "punto": "eje de unidad (no el motor)", "ncu": 2, "gw": 2, "axis_tilt": 0, "max_angle": 55, "backtrack": true, "gcr": 0.397, "cross_axis_tilt": 0}}, {"type": "Feature", "geometry": {"type": "Point", "coordinates": [14.9032686, 37.3750931]}, "properties": {"rol": "seguidor", "id": "TK0507", "tipo": "completo", "axis_azimuth": 0, "punto": "eje de unidad (no el motor)", "ncu": 2, "gw": 2, "axis_tilt": 0, "max_angle": 55, "backtrack": true, "gcr": 0.397, "cross_axis_tilt": 0}}, {"type": "Feature", "geometry": {"type": "Point", "coordinates": [14.903387, 37.3750932]}, "properties": {"rol": "seguidor", "id": "TK0508", "tipo": "completo", "axis_azimuth": 0, "punto": "eje de unidad (no el motor)", "ncu": 2, "gw": 2, "axis_tilt": 0, "max_angle": 55, "backtrack": true, "gcr": 0.397, "cross_axis_tilt": 0}}, {"type": "Feature", "geometry": {"type": "Point", "coordinates": [14.9035054, 37.3750933]}, "properties": {"rol": "seguidor", "id": "TK0509", "tipo": "completo", "axis_azimuth": 0, "punto": "eje de unidad (no el motor)", "ncu": 2, "gw": 2, "axis_tilt": 0, "max_angle": 55, "backtrack": true, "gcr": 0.397, "cross_axis_tilt": 0}}, {"type": "Feature", "geometry": {"type": "Point", "coordinates": [14.9036237, 37.3750934]}, "properties": {"rol": "seguidor", "id": "TK0510", "tipo": "completo", "axis_azimuth": 0, "punto": "eje de unidad (no el motor)", "ncu": 2, "gw": 2, "axis_tilt": 0, "max_angle": 55, "backtrack": true, "gcr": 0.397, "cross_axis_tilt": 0}}, {"type": "Feature", "geometry": {"type": "Point", "coordinates": [14.9037421, 37.3750935]}, "properties": {"rol": "seguidor", "id": "TK0511", "tipo": "completo", "axis_azimuth": 0, "punto": "eje de unidad (no el motor)", "ncu": 2, "gw": 2, "axis_tilt": 0, "max_angle": 55, "backtrack": true, "gcr": 0.397, "cross_axis_tilt": 0}}, {"type": "Feature", "geometry": {"type": "Point", "coordinates": [14.9038605, 37.3750936]}, "properties": {"rol": "seguidor", "id": "TK0512", "tipo": "completo", "axis_azimuth": 0, "punto": "eje de unidad (no el motor)", "ncu": 2, "gw": 2, "axis_tilt": 0, "max_angle": 55, "backtrack": true, "gcr": 0.397, "cross_axis_tilt": 0}}, {"type": "Feature", "geometry": {"type": "Point", "coordinates": [14.9039788, 37.3750937]}, "properties": {"rol": "seguidor", "id": "TK0513", "tipo": "completo", "axis_azimuth": 0, "punto": "eje de unidad (no el motor)", "ncu": 2, "gw": 2, "axis_tilt": 0, "max_angle": 55, "backtrack": true, "gcr": 0.397, "cross_axis_tilt": 0}}, {"type": "Feature", "geometry": {"type": "Point", "coordinates": [14.9040972, 37.3750938]}, "properties": {"rol": "seguidor", "id": "TK0514", "tipo": "completo", "axis_azimuth": 0, "punto": "eje de unidad (no el motor)", "ncu": 2, "gw": 2, "axis_tilt": 0, "max_angle": 55, "backtrack": true, "gcr": 0.397, "cross_axis_tilt": 0}}, {"type": "Feature", "geometry": {"type": "Point", "coordinates": [14.9042156, 37.3750939]}, "properties": {"rol": "seguidor", "id": "TK0515", "tipo": "completo", "axis_azimuth": 0, "punto": "eje de unidad (no el motor)", "ncu": 2, "gw": 2, "axis_tilt": 0, "max_angle": 55, "backtrack": true, "gcr": 0.397, "cross_axis_tilt": 0}}, {"type": "Feature", "geometry": {"type": "Point", "coordinates": [14.9043339, 37.375094]}, "properties": {"rol": "seguidor", "id": "TK0516", "tipo": "completo", "axis_azimuth": 0, "punto": "eje de unidad (no el motor)", "ncu": 2, "gw": 2, "axis_tilt": 0, "max_angle": 55, "backtrack": true, "gcr": 0.397, "cross_axis_tilt": 0}}, {"type": "Feature", "geometry": {"type": "Point", "coordinates": [14.9044523, 37.3750941]}, "properties": {"rol": "seguidor", "id": "TK0517", "tipo": "completo", "axis_azimuth": 0, "punto": "eje de unidad (no el motor)", "ncu": 2, "gw": 2, "axis_tilt": 0, "max_angle": 55, "backtrack": true, "gcr": 0.397, "cross_axis_tilt": 0}}, {"type": "Feature", "geometry": {"type": "Point", "coordinates": [14.9027951, 37.3750927]}, "properties": {"rol": "seguidor", "id": "TK0518", "tipo": "completo", "axis_azimuth": 0, "punto": "eje de unidad (no el motor)", "ncu": 2, "gw": 2, "axis_tilt": 0, "max_angle": 55, "backtrack": true, "gcr": 0.397, "cross_axis_tilt": 0}}, {"type": "Feature", "geometry": {"type": "Point", "coordinates": [14.9029135, 37.3750928]}, "properties": {"rol": "seguidor", "id": "TK0519", "tipo": "completo", "axis_azimuth": 0, "punto": "eje de unidad (no el motor)", "ncu": 2, "gw": 2, "axis_tilt": 0, "max_angle": 55, "backtrack": true, "gcr": 0.397, "cross_axis_tilt": 0}}, {"type": "Feature", "geometry": {"type": "Point", "coordinates": [14.9027935, 37.3763981]}, "properties": {"rol": "seguidor", "id": "TK0520", "tipo": "completo", "axis_azimuth": 0, "punto": "eje de unidad (no el motor)", "ncu": 2, "gw": 2, "axis_tilt": 0, "max_angle": 55, "backtrack": true, "gcr": 0.397, "cross_axis_tilt": 0}}, {"type": "Feature", "geometry": {"type": "Point", "coordinates": [14.9029118, 37.3763982]}, "properties": {"rol": "seguidor", "id": "TK0521", "tipo": "completo", "axis_azimuth": 0, "punto": "eje de unidad (no el motor)", "ncu": 2, "gw": 2, "axis_tilt": 0, "max_angle": 55, "backtrack": true, "gcr": 0.397, "cross_axis_tilt": 0}}, {"type": "Feature", "geometry": {"type": "Point", "coordinates": [14.9030302, 37.3763983]}, "properties": {"rol": "seguidor", "id": "TK0522", "tipo": "completo", "axis_azimuth": 0, "punto": "eje de unidad (no el motor)", "ncu": 2, "gw": 2, "axis_tilt": 0, "max_angle": 55, "backtrack": true, "gcr": 0.397, "cross_axis_tilt": 0}}, {"type": "Feature", "geometry": {"type": "Point", "coordinates": [14.9031486, 37.3763984]}, "properties": {"rol": "seguidor", "id": "TK0523", "tipo": "completo", "axis_azimuth": 0, "punto": "eje de unidad (no el motor)", "ncu": 2, "gw": 2, "axis_tilt": 0, "max_angle": 55, "backtrack": true, "gcr": 0.397, "cross_axis_tilt": 0}}, {"type": "Feature", "geometry": {"type": "Point", "coordinates": [14.9032669, 37.3763985]}, "properties": {"rol": "seguidor", "id": "TK0524", "tipo": "completo", "axis_azimuth": 0, "punto": "eje de unidad (no el motor)", "ncu": 2, "gw": 2, "axis_tilt": 0, "max_angle": 55, "backtrack": true, "gcr": 0.397, "cross_axis_tilt": 0}}, {"type": "Feature", "geometry": {"type": "Point", "coordinates": [14.9033853, 37.3763986]}, "properties": {"rol": "seguidor", "id": "TK0525", "tipo": "completo", "axis_azimuth": 0, "punto": "eje de unidad (no el motor)", "ncu": 2, "gw": 2, "axis_tilt": 0, "max_angle": 55, "backtrack": true, "gcr": 0.397, "cross_axis_tilt": 0}}, {"type": "Feature", "geometry": {"type": "Point", "coordinates": [14.9035037, 37.3763987]}, "properties": {"rol": "seguidor", "id": "TK0526", "tipo": "completo", "axis_azimuth": 0, "punto": "eje de unidad (no el motor)", "ncu": 2, "gw": 2, "axis_tilt": 0, "max_angle": 55, "backtrack": true, "gcr": 0.397, "cross_axis_tilt": 0}}, {"type": "Feature", "geometry": {"type": "Point", "coordinates": [14.9036221, 37.3763988]}, "properties": {"rol": "seguidor", "id": "TK0527", "tipo": "completo", "axis_azimuth": 0, "punto": "eje de unidad (no el motor)", "ncu": 2, "gw": 2, "axis_tilt": 0, "max_angle": 55, "backtrack": true, "gcr": 0.397, "cross_axis_tilt": 0}}, {"type": "Feature", "geometry": {"type": "Point", "coordinates": [14.9037404, 37.3763988]}, "properties": {"rol": "seguidor", "id": "TK0528", "tipo": "completo", "axis_azimuth": 0, "punto": "eje de unidad (no el motor)", "ncu": 2, "gw": 2, "axis_tilt": 0, "max_angle": 55, "backtrack": true, "gcr": 0.397, "cross_axis_tilt": 0}}, {"type": "Feature", "geometry": {"type": "Point", "coordinates": [14.9027926, 37.3770913]}, "properties": {"rol": "seguidor", "id": "TK0529", "tipo": "completo", "axis_azimuth": 0, "punto": "eje de unidad (no el motor)", "ncu": 2, "gw": 2, "axis_tilt": 0, "max_angle": 55, "backtrack": true, "gcr": 0.397, "cross_axis_tilt": 0}}, {"type": "Feature", "geometry": {"type": "Point", "coordinates": [14.9029109, 37.3770914]}, "properties": {"rol": "seguidor", "id": "TK0530", "tipo": "completo", "axis_azimuth": 0, "punto": "eje de unidad (no el motor)", "ncu": 2, "gw": 2, "axis_tilt": 0, "max_angle": 55, "backtrack": true, "gcr": 0.397, "cross_axis_tilt": 0}}, {"type": "Feature", "geometry": {"type": "Point", "coordinates": [14.9030293, 37.3770915]}, "properties": {"rol": "seguidor", "id": "TK0531", "tipo": "completo", "axis_azimuth": 0, "punto": "eje de unidad (no el motor)", "ncu": 2, "gw": 2, "axis_tilt": 0, "max_angle": 55, "backtrack": true, "gcr": 0.397, "cross_axis_tilt": 0}}, {"type": "Feature", "geometry": {"type": "Point", "coordinates": [14.9031477, 37.3770916]}, "properties": {"rol": "seguidor", "id": "TK0532", "tipo": "completo", "axis_azimuth": 0, "punto": "eje de unidad (no el motor)", "ncu": 2, "gw": 2, "axis_tilt": 0, "max_angle": 55, "backtrack": true, "gcr": 0.397, "cross_axis_tilt": 0}}, {"type": "Feature", "geometry": {"type": "Point", "coordinates": [14.9032661, 37.3770917]}, "properties": {"rol": "seguidor", "id": "TK0533", "tipo": "completo", "axis_azimuth": 0, "punto": "eje de unidad (no el motor)", "ncu": 2, "gw": 2, "axis_tilt": 0, "max_angle": 55, "backtrack": true, "gcr": 0.397, "cross_axis_tilt": 0}}, {"type": "Feature", "geometry": {"type": "Point", "coordinates": [14.9033844, 37.3770918]}, "properties": {"rol": "seguidor", "id": "TK0534", "tipo": "completo", "axis_azimuth": 0, "punto": "eje de unidad (no el motor)", "ncu": 2, "gw": 2, "axis_tilt": 0, "max_angle": 55, "backtrack": true, "gcr": 0.397, "cross_axis_tilt": 0}}, {"type": "Feature", "geometry": {"type": "Point", "coordinates": [14.9035028, 37.3770919]}, "properties": {"rol": "seguidor", "id": "TK0535", "tipo": "completo", "axis_azimuth": 0, "punto": "eje de unidad (no el motor)", "ncu": 2, "gw": 2, "axis_tilt": 0, "max_angle": 55, "backtrack": true, "gcr": 0.397, "cross_axis_tilt": 0}}, {"type": "Feature", "geometry": {"type": "Point", "coordinates": [14.9036212, 37.377092]}, "properties": {"rol": "seguidor", "id": "TK0536", "tipo": "completo", "axis_azimuth": 0, "punto": "eje de unidad (no el motor)", "ncu": 2, "gw": 2, "axis_tilt": 0, "max_angle": 55, "backtrack": true, "gcr": 0.397, "cross_axis_tilt": 0}}, {"type": "Feature", "geometry": {"type": "Point", "coordinates": [14.9027917, 37.377744]}, "properties": {"rol": "seguidor", "id": "TK0537", "tipo": "completo", "axis_azimuth": 0, "punto": "eje de unidad (no el motor)", "ncu": 2, "gw": 2, "axis_tilt": 0, "max_angle": 55, "backtrack": true, "gcr": 0.397, "cross_axis_tilt": 0}}, {"type": "Feature", "geometry": {"type": "Point", "coordinates": [14.9029101, 37.3777441]}, "properties": {"rol": "seguidor", "id": "TK0538", "tipo": "completo", "axis_azimuth": 0, "punto": "eje de unidad (no el motor)", "ncu": 2, "gw": 2, "axis_tilt": 0, "max_angle": 55, "backtrack": true, "gcr": 0.397, "cross_axis_tilt": 0}}, {"type": "Feature", "geometry": {"type": "Point", "coordinates": [14.9030285, 37.3777442]}, "properties": {"rol": "seguidor", "id": "TK0539", "tipo": "completo", "axis_azimuth": 0, "punto": "eje de unidad (no el motor)", "ncu": 2, "gw": 2, "axis_tilt": 0, "max_angle": 55, "backtrack": true, "gcr": 0.397, "cross_axis_tilt": 0}}, {"type": "Feature", "geometry": {"type": "Point", "coordinates": [14.9031468, 37.3777443]}, "properties": {"rol": "seguidor", "id": "TK0540", "tipo": "completo", "axis_azimuth": 0, "punto": "eje de unidad (no el motor)", "ncu": 2, "gw": 2, "axis_tilt": 0, "max_angle": 55, "backtrack": true, "gcr": 0.397, "cross_axis_tilt": 0}}, {"type": "Feature", "geometry": {"type": "Point", "coordinates": [14.9032652, 37.3777444]}, "properties": {"rol": "seguidor", "id": "TK0541", "tipo": "completo", "axis_azimuth": 0, "punto": "eje de unidad (no el motor)", "ncu": 2, "gw": 2, "axis_tilt": 0, "max_angle": 55, "backtrack": true, "gcr": 0.397, "cross_axis_tilt": 0}}, {"type": "Feature", "geometry": {"type": "Point", "coordinates": [14.9033836, 37.3777445]}, "properties": {"rol": "seguidor", "id": "TK0542", "tipo": "completo", "axis_azimuth": 0, "punto": "eje de unidad (no el motor)", "ncu": 2, "gw": 2, "axis_tilt": 0, "max_angle": 55, "backtrack": true, "gcr": 0.397, "cross_axis_tilt": 0}}, {"type": "Feature", "geometry": {"type": "Point", "coordinates": [14.9024392, 37.3757527]}, "properties": {"rol": "seguidor", "id": "TK0543", "tipo": "completo", "axis_azimuth": 0, "punto": "eje de unidad (no el motor)", "ncu": 2, "gw": 2, "axis_tilt": 0, "max_angle": 55, "backtrack": true, "gcr": 0.397, "cross_axis_tilt": 0}}, {"type": "Feature", "geometry": {"type": "Point", "coordinates": [14.9025578, 37.3755378]}, "properties": {"rol": "seguidor", "id": "TK0544", "tipo": "completo", "axis_azimuth": 0, "punto": "eje de unidad (no el motor)", "ncu": 2, "gw": 2, "axis_tilt": 0, "max_angle": 55, "backtrack": true, "gcr": 0.397, "cross_axis_tilt": 0}}, {"type": "Feature", "geometry": {"type": "Point", "coordinates": [14.9026765, 37.3753349]}, "properties": {"rol": "seguidor", "id": "TK0545", "tipo": "completo", "axis_azimuth": 0, "punto": "eje de unidad (no el motor)", "ncu": 2, "gw": 2, "axis_tilt": 0, "max_angle": 55, "backtrack": true, "gcr": 0.397, "cross_axis_tilt": 0}}, {"type": "Feature", "geometry": {"type": "Point", "coordinates": [14.9022018, 37.376239]}, "properties": {"rol": "seguidor", "id": "TK0546", "tipo": "completo", "axis_azimuth": 0, "punto": "eje de unidad (no el motor)", "ncu": 2, "gw": 2, "axis_tilt": 0, "max_angle": 55, "backtrack": true, "gcr": 0.397, "cross_axis_tilt": 0}}, {"type": "Feature", "geometry": {"type": "Point", "coordinates": [14.9023205, 37.3759973]}, "properties": {"rol": "seguidor", "id": "TK0547", "tipo": "completo", "axis_azimuth": 0, "punto": "eje de unidad (no el motor)", "ncu": 2, "gw": 2, "axis_tilt": 0, "max_angle": 55, "backtrack": true, "gcr": 0.397, "cross_axis_tilt": 0}}, {"type": "Feature", "geometry": {"type": "Point", "coordinates": [14.9024383, 37.3764054]}, "properties": {"rol": "seguidor", "id": "TK0548", "tipo": "completo", "axis_azimuth": 0, "punto": "eje de unidad (no el motor)", "ncu": 2, "gw": 2, "axis_tilt": 0, "max_angle": 55, "backtrack": true, "gcr": 0.397, "cross_axis_tilt": 0}}, {"type": "Feature", "geometry": {"type": "Point", "coordinates": [14.902557, 37.3761905]}, "properties": {"rol": "seguidor", "id": "TK0549", "tipo": "completo", "axis_azimuth": 0, "punto": "eje de unidad (no el motor)", "ncu": 2, "gw": 2, "axis_tilt": 0, "max_angle": 55, "backtrack": true, "gcr": 0.397, "cross_axis_tilt": 0}}, {"type": "Feature", "geometry": {"type": "Point", "coordinates": [14.9026756, 37.3759876]}, "properties": {"rol": "seguidor", "id": "TK0550", "tipo": "completo", "axis_azimuth": 0, "punto": "eje de unidad (no el motor)", "ncu": 2, "gw": 2, "axis_tilt": 0, "max_angle": 55, "backtrack": true, "gcr": 0.397, "cross_axis_tilt": 0}}, {"type": "Feature", "geometry": {"type": "Point", "coordinates": [14.9020832, 37.3764406]}, "properties": {"rol": "seguidor", "id": "TK0551", "tipo": "completo", "axis_azimuth": 0, "punto": "eje de unidad (no el motor)", "ncu": 2, "gw": 2, "axis_tilt": 0, "max_angle": 55, "backtrack": true, "gcr": 0.397, "cross_axis_tilt": 0}}, {"type": "Feature", "geometry": {"type": "Point", "coordinates": [14.902201, 37.3768916]}, "properties": {"rol": "seguidor", "id": "TK0552", "tipo": "completo", "axis_azimuth": 0, "punto": "eje de unidad (no el motor)", "ncu": 2, "gw": 2, "axis_tilt": 0, "max_angle": 55, "backtrack": true, "gcr": 0.397, "cross_axis_tilt": 0}}, {"type": "Feature", "geometry": {"type": "Point", "coordinates": [14.9023197, 37.37665]}, "properties": {"rol": "seguidor", "id": "TK0553", "tipo": "completo", "axis_azimuth": 0, "punto": "eje de unidad (no el motor)", "ncu": 2, "gw": 2, "axis_tilt": 0, "max_angle": 55, "backtrack": true, "gcr": 0.397, "cross_axis_tilt": 0}}, {"type": "Feature", "geometry": {"type": "Point", "coordinates": [14.9024375, 37.3770581]}, "properties": {"rol": "seguidor", "id": "TK0554", "tipo": "completo", "axis_azimuth": 0, "punto": "eje de unidad (no el motor)", "ncu": 2, "gw": 2, "axis_tilt": 0, "max_angle": 55, "backtrack": true, "gcr": 0.397, "cross_axis_tilt": 0}}, {"type": "Feature", "geometry": {"type": "Point", "coordinates": [14.9025561, 37.3768432]}, "properties": {"rol": "seguidor", "id": "TK0555", "tipo": "completo", "axis_azimuth": 0, "punto": "eje de unidad (no el motor)", "ncu": 2, "gw": 2, "axis_tilt": 0, "max_angle": 55, "backtrack": true, "gcr": 0.397, "cross_axis_tilt": 0}}, {"type": "Feature", "geometry": {"type": "Point", "coordinates": [14.9026748, 37.3766403]}, "properties": {"rol": "seguidor", "id": "TK0556", "tipo": "completo", "axis_azimuth": 0, "punto": "eje de unidad (no el motor)", "ncu": 2, "gw": 2, "axis_tilt": 0, "max_angle": 55, "backtrack": true, "gcr": 0.397, "cross_axis_tilt": 0}}, {"type": "Feature", "geometry": {"type": "Point", "coordinates": [14.9020823, 37.3770933]}, "properties": {"rol": "seguidor", "id": "TK0557", "tipo": "completo", "axis_azimuth": 0, "punto": "eje de unidad (no el motor)", "ncu": 2, "gw": 2, "axis_tilt": 0, "max_angle": 55, "backtrack": true, "gcr": 0.397, "cross_axis_tilt": 0}}, {"type": "Feature", "geometry": {"type": "Point", "coordinates": [14.9023188, 37.3773027]}, "properties": {"rol": "seguidor", "id": "TK0558", "tipo": "completo", "axis_azimuth": 0, "punto": "eje de unidad (no el motor)", "ncu": 2, "gw": 2, "axis_tilt": 0, "max_angle": 55, "backtrack": true, "gcr": 0.397, "cross_axis_tilt": 0}}, {"type": "Feature", "geometry": {"type": "Point", "coordinates": [14.9024366, 37.3777107]}, "properties": {"rol": "seguidor", "id": "TK0559", "tipo": "completo", "axis_azimuth": 0, "punto": "eje de unidad (no el motor)", "ncu": 2, "gw": 2, "axis_tilt": 0, "max_angle": 55, "backtrack": true, "gcr": 0.397, "cross_axis_tilt": 0}}, {"type": "Feature", "geometry": {"type": "Point", "coordinates": [14.9025553, 37.3774958]}, "properties": {"rol": "seguidor", "id": "TK0560", "tipo": "completo", "axis_azimuth": 0, "punto": "eje de unidad (no el motor)", "ncu": 2, "gw": 2, "axis_tilt": 0, "max_angle": 55, "backtrack": true, "gcr": 0.397, "cross_axis_tilt": 0}}, {"type": "Feature", "geometry": {"type": "Point", "coordinates": [14.9026739, 37.377293]}, "properties": {"rol": "seguidor", "id": "TK0561", "tipo": "completo", "axis_azimuth": 0, "punto": "eje de unidad (no el motor)", "ncu": 2, "gw": 2, "axis_tilt": 0, "max_angle": 55, "backtrack": true, "gcr": 0.397, "cross_axis_tilt": 0}}, {"type": "Feature", "geometry": {"type": "Point", "coordinates": [14.9022001, 37.3775443]}, "properties": {"rol": "seguidor", "id": "TK0562", "tipo": "completo", "axis_azimuth": 0, "punto": "eje de unidad (no el motor)", "ncu": 2, "gw": 2, "axis_tilt": 0, "max_angle": 55, "backtrack": true, "gcr": 0.397, "cross_axis_tilt": 0}}, {"type": "Feature", "geometry": {"type": "Point", "coordinates": [14.9019645, 37.3766594]}, "properties": {"rol": "seguidor", "id": "TK0563", "tipo": "completo", "axis_azimuth": 0, "punto": "eje de unidad (no el motor)", "ncu": 2, "gw": 2, "axis_tilt": 0, "max_angle": 55, "backtrack": true, "gcr": 0.397, "cross_axis_tilt": 0}}, {"type": "Feature", "geometry": {"type": "Point", "coordinates": [14.9019637, 37.3773121]}, "properties": {"rol": "seguidor", "id": "TK0564", "tipo": "completo", "axis_azimuth": 0, "punto": "eje de unidad (no el motor)", "ncu": 2, "gw": 2, "axis_tilt": 0, "max_angle": 55, "backtrack": true, "gcr": 0.397, "cross_axis_tilt": 0}}, {"type": "Feature", "geometry": {"type": "Point", "coordinates": [14.9018459, 37.3768815]}, "properties": {"rol": "seguidor", "id": "TK0565", "tipo": "completo", "axis_azimuth": 0, "punto": "eje de unidad (no el motor)", "ncu": 2, "gw": 2, "axis_tilt": 0, "max_angle": 55, "backtrack": true, "gcr": 0.397, "cross_axis_tilt": 0}}, {"type": "Feature", "geometry": {"type": "Point", "coordinates": [14.901845, 37.3775342]}, "properties": {"rol": "seguidor", "id": "TK0566", "tipo": "completo", "axis_azimuth": 0, "punto": "eje de unidad (no el motor)", "ncu": 2, "gw": 2, "axis_tilt": 0, "max_angle": 55, "backtrack": true, "gcr": 0.397, "cross_axis_tilt": 0}}, {"type": "Feature", "geometry": {"type": "Point", "coordinates": [14.9017272, 37.3771036]}, "properties": {"rol": "seguidor", "id": "TK0567", "tipo": "completo", "axis_azimuth": 0, "punto": "eje de unidad (no el motor)", "ncu": 2, "gw": 2, "axis_tilt": 0, "max_angle": 55, "backtrack": true, "gcr": 0.397, "cross_axis_tilt": 0}}, {"type": "Feature", "geometry": {"type": "Point", "coordinates": [14.9016085, 37.3773256]}, "properties": {"rol": "seguidor", "id": "TK0568", "tipo": "completo", "axis_azimuth": 0, "punto": "eje de unidad (no el motor)", "ncu": 2, "gw": 2, "axis_tilt": 0, "max_angle": 55, "backtrack": true, "gcr": 0.397, "cross_axis_tilt": 0}}, {"type": "Feature", "geometry": {"type": "Point", "coordinates": [14.9020817, 37.3775802]}, "properties": {"rol": "seguidor", "id": "TK0569", "tipo": "Medio", "axis_azimuth": 0, "punto": "eje de unidad (no el motor)", "ncu": 2, "gw": 2, "axis_tilt": 0, "max_angle": 55, "backtrack": true, "gcr": 0.397, "cross_axis_tilt": 0}}, {"type": "Feature", "geometry": {"type": "Point", "coordinates": [14.9017266, 37.3775905]}, "properties": {"rol": "seguidor", "id": "TK0570", "tipo": "Medio", "axis_azimuth": 0, "punto": "eje de unidad (no el motor)", "ncu": 2, "gw": 2, "axis_tilt": 0, "max_angle": 55, "backtrack": true, "gcr": 0.397, "cross_axis_tilt": 0}}, {"type": "Feature", "geometry": {"type": "Point", "coordinates": [14.9026733, 37.3777799]}, "properties": {"rol": "seguidor", "id": "TK0571", "tipo": "Medio", "axis_azimuth": 0, "punto": "eje de unidad (no el motor)", "ncu": 2, "gw": 2, "axis_tilt": 0, "max_angle": 55, "backtrack": true, "gcr": 0.397, "cross_axis_tilt": 0}}, {"type": "Feature", "geometry": {"type": "Point", "coordinates": [14.9038588, 37.3763989]}, "properties": {"rol": "seguidor", "id": "TK0572", "tipo": "completo", "axis_azimuth": 0, "punto": "eje de unidad (no el motor)", "ncu": 2, "gw": 2, "axis_tilt": 0, "max_angle": 55, "backtrack": true, "gcr": 0.397, "cross_axis_tilt": 0}}, {"type": "Feature", "geometry": {"type": "Point", "coordinates": [14.9039772, 37.376399]}, "properties": {"rol": "seguidor", "id": "TK0573", "tipo": "completo", "axis_azimuth": 0, "punto": "eje de unidad (no el motor)", "ncu": 2, "gw": 2, "axis_tilt": 0, "max_angle": 55, "backtrack": true, "gcr": 0.397, "cross_axis_tilt": 0}}, {"type": "Feature", "geometry": {"type": "Point", "coordinates": [14.9040955, 37.3763991]}, "properties": {"rol": "seguidor", "id": "TK0574", "tipo": "completo", "axis_azimuth": 0, "punto": "eje de unidad (no el motor)", "ncu": 2, "gw": 2, "axis_tilt": 0, "max_angle": 55, "backtrack": true, "gcr": 0.397, "cross_axis_tilt": 0}}, {"type": "Feature", "geometry": {"type": "Point", "coordinates": [14.9045707, 37.3750942]}, "properties": {"rol": "seguidor", "id": "TK0575", "tipo": "completo", "axis_azimuth": 0, "punto": "eje de unidad (no el motor)", "ncu": 2, "gw": 2, "axis_tilt": 0, "max_angle": 55, "backtrack": true, "gcr": 0.397, "cross_axis_tilt": 0}}, {"type": "Feature", "geometry": {"type": "Point", "coordinates": [14.904689, 37.3750943]}, "properties": {"rol": "seguidor", "id": "TK0576", "tipo": "completo", "axis_azimuth": 0, "punto": "eje de unidad (no el motor)", "ncu": 2, "gw": 2, "axis_tilt": 0, "max_angle": 55, "backtrack": true, "gcr": 0.397, "cross_axis_tilt": 0}}, {"type": "Feature", "geometry": {"type": "Point", "coordinates": [14.9048074, 37.3750944]}, "properties": {"rol": "seguidor", "id": "TK0577", "tipo": "completo", "axis_azimuth": 0, "punto": "eje de unidad (no el motor)", "ncu": 2, "gw": 2, "axis_tilt": 0, "max_angle": 55, "backtrack": true, "gcr": 0.397, "cross_axis_tilt": 0}}, {"type": "Feature", "geometry": {"type": "Point", "coordinates": [14.9042141, 37.3762335]}, "properties": {"rol": "seguidor", "id": "TK0578", "tipo": "Medio", "axis_azimuth": 0, "punto": "eje de unidad (no el motor)", "ncu": 2, "gw": 2, "axis_tilt": 0, "max_angle": 55, "backtrack": true, "gcr": 0.397, "cross_axis_tilt": 0}}, {"type": "Feature", "geometry": {"type": "Point", "coordinates": [14.9045701, 37.3755811]}, "properties": {"rol": "seguidor", "id": "TK0579", "tipo": "Medio", "axis_azimuth": 0, "punto": "eje de unidad (no el motor)", "ncu": 2, "gw": 2, "axis_tilt": 0, "max_angle": 55, "backtrack": true, "gcr": 0.397, "cross_axis_tilt": 0}}, {"type": "Feature", "geometry": {"type": "Point", "coordinates": [14.904926, 37.3749287]}, "properties": {"rol": "seguidor", "id": "TK0580", "tipo": "Medio", "axis_azimuth": 0, "punto": "eje de unidad (no el motor)", "ncu": 2, "gw": 2, "axis_tilt": 0, "max_angle": 55, "backtrack": true, "gcr": 0.397, "cross_axis_tilt": 0}}, {"type": "Feature", "geometry": {"type": "Point", "coordinates": [14.9035022, 37.3775789]}, "properties": {"rol": "seguidor", "id": "TK0581", "tipo": "Medio", "axis_azimuth": 0, "punto": "eje de unidad (no el motor)", "ncu": 2, "gw": 2, "axis_tilt": 0, "max_angle": 55, "backtrack": true, "gcr": 0.397, "cross_axis_tilt": 0}}, {"type": "Feature", "geometry": {"type": "Point", "coordinates": [14.9008372, 37.3739524]}, "properties": {"rol": "seguidor", "id": "TK0582", "tipo": "completo", "axis_azimuth": 0, "punto": "eje de unidad (no el motor)", "ncu": 5, "gw": 5, "axis_tilt": 0, "max_angle": 55, "backtrack": true, "gcr": 0.397, "cross_axis_tilt": 0}}, {"type": "Feature", "geometry": {"type": "Point", "coordinates": [14.9009552, 37.3742368]}, "properties": {"rol": "seguidor", "id": "TK0583", "tipo": "completo", "axis_azimuth": 0, "punto": "eje de unidad (no el motor)", "ncu": 5, "gw": 5, "axis_tilt": 0, "max_angle": 55, "backtrack": true, "gcr": 0.397, "cross_axis_tilt": 0}}, {"type": "Feature", "geometry": {"type": "Point", "coordinates": [14.9010736, 37.3741875]}, "properties": {"rol": "seguidor", "id": "TK0584", "tipo": "completo", "axis_azimuth": 0, "punto": "eje de unidad (no el motor)", "ncu": 5, "gw": 5, "axis_tilt": 0, "max_angle": 55, "backtrack": true, "gcr": 0.397, "cross_axis_tilt": 0}}, {"type": "Feature", "geometry": {"type": "Point", "coordinates": [14.901192, 37.3741368]}, "properties": {"rol": "seguidor", "id": "TK0585", "tipo": "completo", "axis_azimuth": 0, "punto": "eje de unidad (no el motor)", "ncu": 5, "gw": 5, "axis_tilt": 0, "max_angle": 55, "backtrack": true, "gcr": 0.397, "cross_axis_tilt": 0}}, {"type": "Feature", "geometry": {"type": "Point", "coordinates": [14.9006004, 37.3739522]}, "properties": {"rol": "seguidor", "id": "TK0586", "tipo": "completo", "axis_azimuth": 0, "punto": "eje de unidad (no el motor)", "ncu": 5, "gw": 5, "axis_tilt": 0, "max_angle": 55, "backtrack": true, "gcr": 0.397, "cross_axis_tilt": 0}}, {"type": "Feature", "geometry": {"type": "Point", "coordinates": [14.9007188, 37.3739523]}, "properties": {"rol": "seguidor", "id": "TK0587", "tipo": "completo", "axis_azimuth": 0, "punto": "eje de unidad (no el motor)", "ncu": 5, "gw": 5, "axis_tilt": 0, "max_angle": 55, "backtrack": true, "gcr": 0.397, "cross_axis_tilt": 0}}, {"type": "Feature", "geometry": {"type": "Point", "coordinates": [14.9004821, 37.3739356]}, "properties": {"rol": "seguidor", "id": "TK0588", "tipo": "Medio", "axis_azimuth": 0, "punto": "eje de unidad (no el motor)", "ncu": 5, "gw": 5, "axis_tilt": 0, "max_angle": 55, "backtrack": true, "gcr": 0.397, "cross_axis_tilt": 0}}, {"type": "Feature", "geometry": {"type": "Point", "coordinates": [14.9003637, 37.3739355]}, "properties": {"rol": "seguidor", "id": "TK0589", "tipo": "Medio", "axis_azimuth": 0, "punto": "eje de unidad (no el motor)", "ncu": 5, "gw": 5, "axis_tilt": 0, "max_angle": 55, "backtrack": true, "gcr": 0.397, "cross_axis_tilt": 0}}, {"type": "Feature", "geometry": {"type": "Point", "coordinates": [14.9005998, 37.3744391]}, "properties": {"rol": "seguidor", "id": "TK0590", "tipo": "Medio", "axis_azimuth": 0, "punto": "eje de unidad (no el motor)", "ncu": 5, "gw": 5, "axis_tilt": 0, "max_angle": 55, "backtrack": true, "gcr": 0.397, "cross_axis_tilt": 0}}, {"type": "Feature", "geometry": {"type": "Point", "coordinates": [14.9007182, 37.3744392]}, "properties": {"rol": "seguidor", "id": "TK0591", "tipo": "Medio", "axis_azimuth": 0, "punto": "eje de unidad (no el motor)", "ncu": 5, "gw": 5, "axis_tilt": 0, "max_angle": 55, "backtrack": true, "gcr": 0.397, "cross_axis_tilt": 0}}, {"type": "Feature", "geometry": {"type": "Point", "coordinates": [14.9008365, 37.3744393]}, "properties": {"rol": "seguidor", "id": "TK0592", "tipo": "Medio", "axis_azimuth": 0, "punto": "eje de unidad (no el motor)", "ncu": 5, "gw": 5, "axis_tilt": 0, "max_angle": 55, "backtrack": true, "gcr": 0.397, "cross_axis_tilt": 0}}, {"type": "Feature", "geometry": {"type": "Point", "coordinates": [14.9014812, 37.3741201]}, "properties": {"rol": "seguidor", "id": "TK0593", "tipo": "completo", "axis_azimuth": 0, "punto": "eje de unidad (no el motor)", "ncu": 5, "gw": 5, "axis_tilt": 0, "max_angle": 55, "backtrack": true, "gcr": 0.397, "cross_axis_tilt": 0}}, {"type": "Feature", "geometry": {"type": "Point", "coordinates": [14.9015995, 37.3741977]}, "properties": {"rol": "seguidor", "id": "TK0594", "tipo": "Medio", "axis_azimuth": 0, "punto": "eje de unidad (no el motor)", "ncu": 5, "gw": 5, "axis_tilt": 0, "max_angle": 55, "backtrack": true, "gcr": 0.397, "cross_axis_tilt": 0}}, {"type": "Feature", "geometry": {"type": "Point", "coordinates": [14.901718, 37.3741429]}, "properties": {"rol": "seguidor", "id": "TK0595", "tipo": "Medio", "axis_azimuth": 0, "punto": "eje de unidad (no el motor)", "ncu": 5, "gw": 5, "axis_tilt": 0, "max_angle": 55, "backtrack": true, "gcr": 0.397, "cross_axis_tilt": 0}}, {"type": "Feature", "geometry": {"type": "Point", "coordinates": [14.9018364, 37.3740935]}, "properties": {"rol": "seguidor", "id": "TK0596", "tipo": "Medio", "axis_azimuth": 0, "punto": "eje de unidad (no el motor)", "ncu": 5, "gw": 5, "axis_tilt": 0, "max_angle": 55, "backtrack": true, "gcr": 0.397, "cross_axis_tilt": 0}}, {"type": "Feature", "geometry": {"type": "Point", "coordinates": [14.9019548, 37.3740633]}, "properties": {"rol": "seguidor", "id": "TK0597", "tipo": "Medio", "axis_azimuth": 0, "punto": "eje de unidad (no el motor)", "ncu": 5, "gw": 5, "axis_tilt": 0, "max_angle": 55, "backtrack": true, "gcr": 0.397, "cross_axis_tilt": 0}}, {"type": "Feature", "geometry": {"type": "Point", "coordinates": [14.8996464, 37.3769876]}, "properties": {"rol": "seguidor", "id": "TK0598", "tipo": "completo", "axis_azimuth": 0, "punto": "eje de unidad (no el motor)", "ncu": 4, "gw": 4, "axis_tilt": 0, "max_angle": 55, "backtrack": true, "gcr": 0.397, "cross_axis_tilt": 0}}, {"type": "Feature", "geometry": {"type": "Point", "coordinates": [14.8997647, 37.3770193]}, "properties": {"rol": "seguidor", "id": "TK0599", "tipo": "completo", "axis_azimuth": 0, "punto": "eje de unidad (no el motor)", "ncu": 4, "gw": 4, "axis_tilt": 0, "max_angle": 55, "backtrack": true, "gcr": 0.397, "cross_axis_tilt": 0}}, {"type": "Feature", "geometry": {"type": "Point", "coordinates": [14.899883, 37.3770509]}, "properties": {"rol": "seguidor", "id": "TK0600", "tipo": "completo", "axis_azimuth": 0, "punto": "eje de unidad (no el motor)", "ncu": 4, "gw": 4, "axis_tilt": 0, "max_angle": 55, "backtrack": true, "gcr": 0.397, "cross_axis_tilt": 0}}, {"type": "Feature", "geometry": {"type": "Point", "coordinates": [14.9000014, 37.3770825]}, "properties": {"rol": "seguidor", "id": "TK0601", "tipo": "completo", "axis_azimuth": 0, "punto": "eje de unidad (no el motor)", "ncu": 4, "gw": 4, "axis_tilt": 0, "max_angle": 55, "backtrack": true, "gcr": 0.397, "cross_axis_tilt": 0}}, {"type": "Feature", "geometry": {"type": "Point", "coordinates": [14.8994098, 37.3768897]}, "properties": {"rol": "seguidor", "id": "TK0602", "tipo": "completo", "axis_azimuth": 0, "punto": "eje de unidad (no el motor)", "ncu": 4, "gw": 4, "axis_tilt": 0, "max_angle": 55, "backtrack": true, "gcr": 0.397, "cross_axis_tilt": 0}}, {"type": "Feature", "geometry": {"type": "Point", "coordinates": [14.8995281, 37.376956]}, "properties": {"rol": "seguidor", "id": "TK0603", "tipo": "completo", "axis_azimuth": 0, "punto": "eje de unidad (no el motor)", "ncu": 4, "gw": 4, "axis_tilt": 0, "max_angle": 55, "backtrack": true, "gcr": 0.397, "cross_axis_tilt": 0}}, {"type": "Feature", "geometry": {"type": "Point", "coordinates": [14.900238, 37.3771458]}, "properties": {"rol": "seguidor", "id": "TK0604", "tipo": "completo", "axis_azimuth": 0, "punto": "eje de unidad (no el motor)", "ncu": 4, "gw": 4, "axis_tilt": 0, "max_angle": 55, "backtrack": true, "gcr": 0.397, "cross_axis_tilt": 0}}, {"type": "Feature", "geometry": {"type": "Point", "coordinates": [14.9003564, 37.3771775]}, "properties": {"rol": "seguidor", "id": "TK0605", "tipo": "completo", "axis_azimuth": 0, "punto": "eje de unidad (no el motor)", "ncu": 4, "gw": 4, "axis_tilt": 0, "max_angle": 55, "backtrack": true, "gcr": 0.397, "cross_axis_tilt": 0}}, {"type": "Feature", "geometry": {"type": "Point", "coordinates": [14.9004747, 37.3772091]}, "properties": {"rol": "seguidor", "id": "TK0606", "tipo": "completo", "axis_azimuth": 0, "punto": "eje de unidad (no el motor)", "ncu": 4, "gw": 4, "axis_tilt": 0, "max_angle": 55, "backtrack": true, "gcr": 0.397, "cross_axis_tilt": 0}}, {"type": "Feature", "geometry": {"type": "Point", "coordinates": [14.900593, 37.3772408]}, "properties": {"rol": "seguidor", "id": "TK0607", "tipo": "completo", "axis_azimuth": 0, "punto": "eje de unidad (no el motor)", "ncu": 4, "gw": 4, "axis_tilt": 0, "max_angle": 55, "backtrack": true, "gcr": 0.397, "cross_axis_tilt": 0}}, {"type": "Feature", "geometry": {"type": "Point", "coordinates": [14.9001197, 37.3771142]}, "properties": {"rol": "seguidor", "id": "TK0608", "tipo": "completo", "axis_azimuth": 0, "punto": "eje de unidad (no el motor)", "ncu": 4, "gw": 4, "axis_tilt": 0, "max_angle": 55, "backtrack": true, "gcr": 0.397, "cross_axis_tilt": 0}}, {"type": "Feature", "geometry": {"type": "Point", "coordinates": [14.8992914, 37.3769067]}, "properties": {"rol": "seguidor", "id": "TK0609", "tipo": "completo", "axis_azimuth": 0, "punto": "eje de unidad (no el motor)", "ncu": 4, "gw": 4, "axis_tilt": 0, "max_angle": 55, "backtrack": true, "gcr": 0.397, "cross_axis_tilt": 0}}, {"type": "Feature", "geometry": {"type": "Point", "coordinates": [14.8990548, 37.3767949]}, "properties": {"rol": "seguidor", "id": "TK0610", "tipo": "completo", "axis_azimuth": 0, "punto": "eje de unidad (no el motor)", "ncu": 4, "gw": 4, "axis_tilt": 0, "max_angle": 55, "backtrack": true, "gcr": 0.397, "cross_axis_tilt": 0}}, {"type": "Feature", "geometry": {"type": "Point", "coordinates": [14.8991733, 37.3766626]}, "properties": {"rol": "seguidor", "id": "TK0611", "tipo": "completo", "axis_azimuth": 0, "punto": "eje de unidad (no el motor)", "ncu": 4, "gw": 4, "axis_tilt": 0, "max_angle": 55, "backtrack": true, "gcr": 0.397, "cross_axis_tilt": 0}}, {"type": "Feature", "geometry": {"type": "Point", "coordinates": [14.8994106, 37.376237]}, "properties": {"rol": "seguidor", "id": "TK0612", "tipo": "completo", "axis_azimuth": 0, "punto": "eje de unidad (no el motor)", "ncu": 4, "gw": 4, "axis_tilt": 0, "max_angle": 55, "backtrack": true, "gcr": 0.397, "cross_axis_tilt": 0}}, {"type": "Feature", "geometry": {"type": "Point", "coordinates": [14.8992922, 37.376254]}, "properties": {"rol": "seguidor", "id": "TK0613", "tipo": "completo", "axis_azimuth": 0, "punto": "eje de unidad (no el motor)", "ncu": 4, "gw": 4, "axis_tilt": 0, "max_angle": 55, "backtrack": true, "gcr": 0.397, "cross_axis_tilt": 0}}, {"type": "Feature", "geometry": {"type": "Point", "coordinates": [14.8991742, 37.3760099]}, "properties": {"rol": "seguidor", "id": "TK0614", "tipo": "completo", "axis_azimuth": 0, "punto": "eje de unidad (no el motor)", "ncu": 4, "gw": 4, "axis_tilt": 0, "max_angle": 55, "backtrack": true, "gcr": 0.397, "cross_axis_tilt": 0}}, {"type": "Feature", "geometry": {"type": "Point", "coordinates": [14.8990557, 37.3761423]}, "properties": {"rol": "seguidor", "id": "TK0615", "tipo": "completo", "axis_azimuth": 0, "punto": "eje de unidad (no el motor)", "ncu": 4, "gw": 4, "axis_tilt": 0, "max_angle": 55, "backtrack": true, "gcr": 0.397, "cross_axis_tilt": 0}}, {"type": "Feature", "geometry": {"type": "Point", "coordinates": [14.8989366, 37.3766261]}, "properties": {"rol": "seguidor", "id": "TK0616", "tipo": "completo", "axis_azimuth": 0, "punto": "eje de unidad (no el motor)", "ncu": 4, "gw": 4, "axis_tilt": 0, "max_angle": 55, "backtrack": true, "gcr": 0.397, "cross_axis_tilt": 0}}, {"type": "Feature", "geometry": {"type": "Point", "coordinates": [14.8988181, 37.3767776]}, "properties": {"rol": "seguidor", "id": "TK0617", "tipo": "completo", "axis_azimuth": 0, "punto": "eje de unidad (no el motor)", "ncu": 4, "gw": 4, "axis_tilt": 0, "max_angle": 55, "backtrack": true, "gcr": 0.397, "cross_axis_tilt": 0}}, {"type": "Feature", "geometry": {"type": "Point", "coordinates": [14.9013034, 37.3771523]}, "properties": {"rol": "seguidor", "id": "TK0618", "tipo": "Medio", "axis_azimuth": 0, "punto": "eje de unidad (no el motor)", "ncu": 4, "gw": 4, "axis_tilt": 0, "max_angle": 55, "backtrack": true, "gcr": 0.397, "cross_axis_tilt": 0}}, {"type": "Feature", "geometry": {"type": "Point", "coordinates": [14.8994113, 37.3757397]}, "properties": {"rol": "seguidor", "id": "TK0619", "tipo": "Medio", "axis_azimuth": 0, "punto": "eje de unidad (no el motor)", "ncu": 4, "gw": 4, "axis_tilt": 0, "max_angle": 55, "backtrack": true, "gcr": 0.397, "cross_axis_tilt": 0}}, {"type": "Feature", "geometry": {"type": "Point", "coordinates": [14.8992929, 37.3757567]}, "properties": {"rol": "seguidor", "id": "TK0620", "tipo": "Medio", "axis_azimuth": 0, "punto": "eje de unidad (no el motor)", "ncu": 4, "gw": 4, "axis_tilt": 0, "max_angle": 55, "backtrack": true, "gcr": 0.397, "cross_axis_tilt": 0}}, {"type": "Feature", "geometry": {"type": "Point", "coordinates": [14.8989373, 37.3761287]}, "properties": {"rol": "seguidor", "id": "TK0621", "tipo": "Medio", "axis_azimuth": 0, "punto": "eje de unidad (no el motor)", "ncu": 4, "gw": 4, "axis_tilt": 0, "max_angle": 55, "backtrack": true, "gcr": 0.397, "cross_axis_tilt": 0}}, {"type": "Feature", "geometry": {"type": "Point", "coordinates": [14.8988187, 37.3762803]}, "properties": {"rol": "seguidor", "id": "TK0622", "tipo": "Medio", "axis_azimuth": 0, "punto": "eje de unidad (no el motor)", "ncu": 4, "gw": 4, "axis_tilt": 0, "max_angle": 55, "backtrack": true, "gcr": 0.397, "cross_axis_tilt": 0}}, {"type": "Feature", "geometry": {"type": "Point", "coordinates": [14.8986999, 37.3766308]}, "properties": {"rol": "seguidor", "id": "TK0623", "tipo": "completo", "axis_azimuth": 0, "punto": "eje de unidad (no el motor)", "ncu": 4, "gw": 4, "axis_tilt": 0, "max_angle": 55, "backtrack": true, "gcr": 0.397, "cross_axis_tilt": 0}}, {"type": "Feature", "geometry": {"type": "Point", "coordinates": [14.8985815, 37.3766273]}, "properties": {"rol": "seguidor", "id": "TK0624", "tipo": "Medio", "axis_azimuth": 0, "punto": "eje de unidad (no el motor)", "ncu": 4, "gw": 4, "axis_tilt": 0, "max_angle": 55, "backtrack": true, "gcr": 0.397, "cross_axis_tilt": 0}}, {"type": "Feature", "geometry": {"type": "Point", "coordinates": [14.9017941, 37.3757873]}, "properties": {"rol": "seguidor", "id": "TK0625", "tipo": "completo", "axis_azimuth": 0, "punto": "eje de unidad (no el motor)", "ncu": 5, "gw": 5, "axis_tilt": 0, "max_angle": 55, "backtrack": true, "gcr": 0.397, "cross_axis_tilt": 0}}, {"type": "Feature", "geometry": {"type": "Point", "coordinates": [14.901795, 37.3751347]}, "properties": {"rol": "seguidor", "id": "TK0626", "tipo": "completo", "axis_azimuth": 0, "punto": "eje de unidad (no el motor)", "ncu": 5, "gw": 5, "axis_tilt": 0, "max_angle": 55, "backtrack": true, "gcr": 0.397, "cross_axis_tilt": 0}}, {"type": "Feature", "geometry": {"type": "Point", "coordinates": [14.9016762, 37.3754662]}, "properties": {"rol": "seguidor", "id": "TK0627", "tipo": "completo", "axis_azimuth": 0, "punto": "eje de unidad (no el motor)", "ncu": 5, "gw": 5, "axis_tilt": 0, "max_angle": 55, "backtrack": true, "gcr": 0.397, "cross_axis_tilt": 0}}, {"type": "Feature", "geometry": {"type": "Point", "coordinates": [14.9019133, 37.3751348]}, "properties": {"rol": "seguidor", "id": "TK0628", "tipo": "completo", "axis_azimuth": 0, "punto": "eje de unidad (no el motor)", "ncu": 5, "gw": 5, "axis_tilt": 0, "max_angle": 55, "backtrack": true, "gcr": 0.397, "cross_axis_tilt": 0}}, {"type": "Feature", "geometry": {"type": "Point", "coordinates": [14.9020317, 37.3751349]}, "properties": {"rol": "seguidor", "id": "TK0629", "tipo": "completo", "axis_azimuth": 0, "punto": "eje de unidad (no el motor)", "ncu": 5, "gw": 5, "axis_tilt": 0, "max_angle": 55, "backtrack": true, "gcr": 0.397, "cross_axis_tilt": 0}}, {"type": "Feature", "geometry": {"type": "Point", "coordinates": [14.9019125, 37.3757874]}, "properties": {"rol": "seguidor", "id": "TK0630", "tipo": "completo", "axis_azimuth": 0, "punto": "eje de unidad (no el motor)", "ncu": 5, "gw": 5, "axis_tilt": 0, "max_angle": 55, "backtrack": true, "gcr": 0.397, "cross_axis_tilt": 0}}, {"type": "Feature", "geometry": {"type": "Point", "coordinates": [14.9021501, 37.375135]}, "properties": {"rol": "seguidor", "id": "TK0631", "tipo": "completo", "axis_azimuth": 0, "punto": "eje de unidad (no el motor)", "ncu": 5, "gw": 5, "axis_tilt": 0, "max_angle": 55, "backtrack": true, "gcr": 0.397, "cross_axis_tilt": 0}}, {"type": "Feature", "geometry": {"type": "Point", "coordinates": [14.9022684, 37.3751351]}, "properties": {"rol": "seguidor", "id": "TK0632", "tipo": "completo", "axis_azimuth": 0, "punto": "eje de unidad (no el motor)", "ncu": 5, "gw": 5, "axis_tilt": 0, "max_angle": 55, "backtrack": true, "gcr": 0.397, "cross_axis_tilt": 0}}, {"type": "Feature", "geometry": {"type": "Point", "coordinates": [14.9020311, 37.3756218]}, "properties": {"rol": "seguidor", "id": "TK0633", "tipo": "Medio", "axis_azimuth": 0, "punto": "eje de unidad (no el motor)", "ncu": 5, "gw": 5, "axis_tilt": 0, "max_angle": 55, "backtrack": true, "gcr": 0.397, "cross_axis_tilt": 0}}, {"type": "Feature", "geometry": {"type": "Point", "coordinates": [14.9015578, 37.3754892]}, "properties": {"rol": "seguidor", "id": "TK0634", "tipo": "completo", "axis_azimuth": 0, "punto": "eje de unidad (no el motor)", "ncu": 5, "gw": 5, "axis_tilt": 0, "max_angle": 55, "backtrack": true, "gcr": 0.397, "cross_axis_tilt": 0}}, {"type": "Feature", "geometry": {"type": "Point", "coordinates": [14.9014394, 37.3754911]}, "properties": {"rol": "seguidor", "id": "TK0635", "tipo": "completo", "axis_azimuth": 0, "punto": "eje de unidad (no el motor)", "ncu": 5, "gw": 5, "axis_tilt": 0, "max_angle": 55, "backtrack": true, "gcr": 0.397, "cross_axis_tilt": 0}}, {"type": "Feature", "geometry": {"type": "Point", "coordinates": [14.9013213, 37.3752491]}, "properties": {"rol": "seguidor", "id": "TK0636", "tipo": "completo", "axis_azimuth": 0, "punto": "eje de unidad (no el motor)", "ncu": 5, "gw": 5, "axis_tilt": 0, "max_angle": 55, "backtrack": true, "gcr": 0.397, "cross_axis_tilt": 0}}, {"type": "Feature", "geometry": {"type": "Point", "coordinates": [14.9012029, 37.3752892]}, "properties": {"rol": "seguidor", "id": "TK0637", "tipo": "completo", "axis_azimuth": 0, "punto": "eje de unidad (no el motor)", "ncu": 5, "gw": 5, "axis_tilt": 0, "max_angle": 55, "backtrack": true, "gcr": 0.397, "cross_axis_tilt": 0}}, {"type": "Feature", "geometry": {"type": "Point", "coordinates": [14.9010845, 37.3753195]}, "properties": {"rol": "seguidor", "id": "TK0638", "tipo": "completo", "axis_azimuth": 0, "punto": "eje de unidad (no el motor)", "ncu": 5, "gw": 5, "axis_tilt": 0, "max_angle": 55, "backtrack": true, "gcr": 0.397, "cross_axis_tilt": 0}}, {"type": "Feature", "geometry": {"type": "Point", "coordinates": [14.9009661, 37.3753698]}, "properties": {"rol": "seguidor", "id": "TK0639", "tipo": "completo", "axis_azimuth": 0, "punto": "eje de unidad (no el motor)", "ncu": 5, "gw": 5, "axis_tilt": 0, "max_angle": 55, "backtrack": true, "gcr": 0.397, "cross_axis_tilt": 0}}, {"type": "Feature", "geometry": {"type": "Point", "coordinates": [14.9003742, 37.3753964]}, "properties": {"rol": "seguidor", "id": "TK0640", "tipo": "Medio", "axis_azimuth": 0, "punto": "eje de unidad (no el motor)", "ncu": 5, "gw": 5, "axis_tilt": 0, "max_angle": 55, "backtrack": true, "gcr": 0.397, "cross_axis_tilt": 0}}, {"type": "Feature", "geometry": {"type": "Point", "coordinates": [14.9004926, 37.3753688]}, "properties": {"rol": "seguidor", "id": "TK0641", "tipo": "Medio", "axis_azimuth": 0, "punto": "eje de unidad (no el motor)", "ncu": 5, "gw": 5, "axis_tilt": 0, "max_angle": 55, "backtrack": true, "gcr": 0.397, "cross_axis_tilt": 0}}, {"type": "Feature", "geometry": {"type": "Point", "coordinates": [14.900611, 37.3753309]}, "properties": {"rol": "seguidor", "id": "TK0642", "tipo": "Medio", "axis_azimuth": 0, "punto": "eje de unidad (no el motor)", "ncu": 5, "gw": 5, "axis_tilt": 0, "max_angle": 55, "backtrack": true, "gcr": 0.397, "cross_axis_tilt": 0}}, {"type": "Feature", "geometry": {"type": "Point", "coordinates": [14.9016768, 37.3749688]}, "properties": {"rol": "seguidor", "id": "TK0643", "tipo": "Medio", "axis_azimuth": 0, "punto": "eje de unidad (no el motor)", "ncu": 5, "gw": 5, "axis_tilt": 0, "max_angle": 55, "backtrack": true, "gcr": 0.397, "cross_axis_tilt": 0}}, {"type": "Feature", "geometry": {"type": "Point", "coordinates": [14.902387, 37.3749694]}, "properties": {"rol": "seguidor", "id": "TK0644", "tipo": "Medio", "axis_azimuth": 0, "punto": "eje de unidad (no el motor)", "ncu": 5, "gw": 5, "axis_tilt": 0, "max_angle": 55, "backtrack": true, "gcr": 0.397, "cross_axis_tilt": 0}}, {"type": "Feature", "geometry": {"type": "Point", "coordinates": [14.9007116, 37.3771067]}, "properties": {"rol": "seguidor", "id": "TK0645", "tipo": "Medio", "axis_azimuth": 0, "punto": "eje de unidad (no el motor)", "ncu": 4, "gw": 4, "axis_tilt": 0, "max_angle": 55, "backtrack": true, "gcr": 0.397, "cross_axis_tilt": 0}}, {"type": "Feature", "geometry": {"type": "Point", "coordinates": [14.9008299, 37.3771383]}, "properties": {"rol": "seguidor", "id": "TK0646", "tipo": "Medio", "axis_azimuth": 0, "punto": "eje de unidad (no el motor)", "ncu": 4, "gw": 4, "axis_tilt": 0, "max_angle": 55, "backtrack": true, "gcr": 0.397, "cross_axis_tilt": 0}}, {"type": "Feature", "geometry": {"type": "Point", "coordinates": [14.9009482, 37.37717]}, "properties": {"rol": "seguidor", "id": "TK0647", "tipo": "Medio", "axis_azimuth": 0, "punto": "eje de unidad (no el motor)", "ncu": 4, "gw": 4, "axis_tilt": 0, "max_angle": 55, "backtrack": true, "gcr": 0.397, "cross_axis_tilt": 0}}, {"type": "Feature", "geometry": {"type": "Point", "coordinates": [14.9010666, 37.3772016]}, "properties": {"rol": "seguidor", "id": "TK0648", "tipo": "Medio", "axis_azimuth": 0, "punto": "eje de unidad (no el motor)", "ncu": 4, "gw": 4, "axis_tilt": 0, "max_angle": 55, "backtrack": true, "gcr": 0.397, "cross_axis_tilt": 0}}, {"type": "Feature", "geometry": {"type": "Point", "coordinates": [14.9011849, 37.3772333]}, "properties": {"rol": "seguidor", "id": "TK0649", "tipo": "Medio", "axis_azimuth": 0, "punto": "eje de unidad (no el motor)", "ncu": 4, "gw": 4, "axis_tilt": 0, "max_angle": 55, "backtrack": true, "gcr": 0.397, "cross_axis_tilt": 0}}, {"type": "Feature", "geometry": {"type": "Point", "coordinates": [14.9007294, 37.3752896]}, "properties": {"rol": "seguidor", "id": "TK0650", "tipo": "Medio", "axis_azimuth": 0, "punto": "eje de unidad (no el motor)", "ncu": 5, "gw": 5, "axis_tilt": 0, "max_angle": 55, "backtrack": true, "gcr": 0.397, "cross_axis_tilt": 0}}, {"type": "Feature", "geometry": {"type": "Point", "coordinates": [14.9008479, 37.3752607]}, "properties": {"rol": "seguidor", "id": "TK0651", "tipo": "Medio", "axis_azimuth": 0, "punto": "eje de unidad (no el motor)", "ncu": 5, "gw": 5, "axis_tilt": 0, "max_angle": 55, "backtrack": true, "gcr": 0.397, "cross_axis_tilt": 0}}, {"type": "Feature", "geometry": {"type": "Point", "coordinates": [14.9039489, 37.3784008]}, "properties": {"rol": "seguidor", "id": "TK0652", "tipo": "Medio", "axis_azimuth": 0, "punto": "eje de unidad (no el motor)", "ncu": 2, "gw": 2, "axis_tilt": 0, "max_angle": 55, "backtrack": true, "gcr": 0.397, "cross_axis_tilt": 0}}, {"type": "Feature", "geometry": {"type": "Point", "coordinates": [14.9040673, 37.3784009]}, "properties": {"rol": "seguidor", "id": "TK0653", "tipo": "Medio", "axis_azimuth": 0, "punto": "eje de unidad (no el motor)", "ncu": 2, "gw": 2, "axis_tilt": 0, "max_angle": 55, "backtrack": true, "gcr": 0.397, "cross_axis_tilt": 0}}, {"type": "Feature", "geometry": {"type": "Point", "coordinates": [14.9037406, 37.3807779]}, "properties": {"rol": "seguidor", "id": "TK0654", "tipo": "completo", "axis_azimuth": 0, "punto": "eje de unidad (no el motor)", "ncu": 1, "gw": 1, "axis_tilt": 0, "max_angle": 55, "backtrack": true, "gcr": 0.397, "cross_axis_tilt": 0}}, {"type": "Feature", "geometry": {"type": "Point", "coordinates": [14.9026755, 37.3804924]}, "properties": {"rol": "seguidor", "id": "TK0655", "tipo": "Medio", "axis_azimuth": 0, "punto": "eje de unidad (no el motor)", "ncu": 1, "gw": 1, "axis_tilt": 0, "max_angle": 55, "backtrack": true, "gcr": 0.397, "cross_axis_tilt": 0}}, {"type": "Feature", "geometry": {"type": "Point", "coordinates": [14.9067387, 37.37289]}, "properties": {"rol": "seguidor", "id": "TK0656", "tipo": "completo", "axis_azimuth": 0, "punto": "eje de unidad (no el motor)", "ncu": 3, "gw": 3, "axis_tilt": 0, "max_angle": 55, "backtrack": true, "gcr": 0.397, "cross_axis_tilt": 0}}, {"type": "Feature", "geometry": {"type": "Point", "coordinates": [14.9051824, 37.3730461]}, "properties": {"rol": "seguidor", "id": "TK0657", "tipo": "Medio", "axis_azimuth": 0, "punto": "eje de unidad (no el motor)", "ncu": 6, "gw": 6, "axis_tilt": 0, "max_angle": 55, "backtrack": true, "gcr": 0.397, "cross_axis_tilt": 0}}, {"type": "Feature", "geometry": {"type": "Point", "coordinates": [14.905064, 37.373046]}, "properties": {"rol": "seguidor", "id": "TK0658", "tipo": "Medio", "axis_azimuth": 0, "punto": "eje de unidad (no el motor)", "ncu": 6, "gw": 6, "axis_tilt": 0, "max_angle": 55, "backtrack": true, "gcr": 0.397, "cross_axis_tilt": 0}}, {"type": "Feature", "geometry": {"type": "Point", "coordinates": [14.9053008, 37.3730462]}, "properties": {"rol": "seguidor", "id": "TK0659", "tipo": "Medio", "axis_azimuth": 0, "punto": "eje de unidad (no el motor)", "ncu": 6, "gw": 6, "axis_tilt": 0, "max_angle": 55, "backtrack": true, "gcr": 0.397, "cross_axis_tilt": 0}}, {"type": "Feature", "geometry": {"type": "Point", "coordinates": [14.9046833, 37.3717112]}, "properties": {"rol": "seguidor", "id": "TK0660", "tipo": "completo", "axis_azimuth": 0, "punto": "eje de unidad (no el motor)", "ncu": 6, "gw": 6, "axis_tilt": 0, "max_angle": 55, "backtrack": true, "gcr": 0.397, "cross_axis_tilt": 0}}, {"type": "Feature", "geometry": {"type": "Point", "coordinates": [14.9044464, 37.3718663]}, "properties": {"rol": "seguidor", "id": "TK0661", "tipo": "Medio", "axis_azimuth": 0, "punto": "eje de unidad (no el motor)", "ncu": 6, "gw": 6, "axis_tilt": 0, "max_angle": 55, "backtrack": true, "gcr": 0.397, "cross_axis_tilt": 0}}, {"type": "Feature", "geometry": {"type": "Point", "coordinates": [14.9015584, 37.3749919]}, "properties": {"rol": "seguidor", "id": "TK0662", "tipo": "Medio", "axis_azimuth": 0, "punto": "eje de unidad (no el motor)", "ncu": 5, "gw": 5, "axis_tilt": 0, "max_angle": 55, "backtrack": true, "gcr": 0.397, "cross_axis_tilt": 0}}, {"type": "Feature", "geometry": {"type": "Point", "coordinates": [14.90144, 37.3749938]}, "properties": {"rol": "seguidor", "id": "TK0663", "tipo": "Medio", "axis_azimuth": 0, "punto": "eje de unidad (no el motor)", "ncu": 5, "gw": 5, "axis_tilt": 0, "max_angle": 55, "backtrack": true, "gcr": 0.397, "cross_axis_tilt": 0}}, {"type": "Feature", "geometry": {"type": "Point", "coordinates": [14.90149, 37.3774238]}, "properties": {"rol": "seguidor", "id": "TK0664", "tipo": "Medio", "axis_azimuth": 0, "punto": "eje de unidad (no el motor)", "ncu": 2, "gw": 2, "axis_tilt": 0, "max_angle": 55, "backtrack": true, "gcr": 0.397, "cross_axis_tilt": 0}}, {"type": "Feature", "geometry": {"type": "Point", "coordinates": [14.9061037, 37.3716286]}, "properties": {"rol": "seguidor", "id": "TK0665", "tipo": "Medio", "axis_azimuth": 0, "punto": "eje de unidad (no el motor)", "ncu": 6, "gw": 6, "axis_tilt": 0, "max_angle": 55, "backtrack": true, "gcr": 0.397, "cross_axis_tilt": 0}}, {"type": "Feature", "geometry": {"type": "Point", "coordinates": [14.9045409, 37.3782706]}, "properties": {"rol": "seguidor", "id": "TK0666", "tipo": "completo", "axis_azimuth": 0, "punto": "eje de unidad (no el motor)", "ncu": 2, "gw": 2, "axis_tilt": 0, "max_angle": 55, "backtrack": true, "gcr": 0.397, "cross_axis_tilt": 0}}, {"type": "Feature", "geometry": {"type": "Point", "coordinates": [14.9065541, 37.3775925]}, "properties": {"rol": "seguidor", "id": "TK0667", "tipo": "completo", "axis_azimuth": 0, "punto": "eje de unidad (no el motor)", "ncu": 2, "gw": 2, "axis_tilt": 0, "max_angle": 55, "backtrack": true, "gcr": 0.397, "cross_axis_tilt": 0}}, {"type": "Feature", "geometry": {"type": "Point", "coordinates": [14.9038613, 37.3723606]}, "properties": {"rol": "seguidor", "id": "TK0668", "tipo": "Medio", "axis_azimuth": 0, "punto": "eje de unidad (no el motor)", "ncu": 6, "gw": 6, "axis_tilt": 0, "max_angle": 55, "backtrack": true, "gcr": 0.397, "cross_axis_tilt": 0}}, {"type": "Feature", "geometry": {"type": "Point", "coordinates": [14.9027863, 37.3743399]}, "properties": {"rol": "seguidor", "id": "TK0669", "tipo": "Medio", "axis_azimuth": 0, "punto": "eje de unidad (no el motor)", "ncu": 5, "gw": 5, "axis_tilt": 0, "max_angle": 55, "backtrack": true, "gcr": 0.397, "cross_axis_tilt": 0}}, {"type": "Feature", "geometry": {"type": "Point", "coordinates": [14.903504, 37.380612]}, "properties": {"rol": "seguidor", "id": "TK0670", "tipo": "Medio", "axis_azimuth": 0, "punto": "eje de unidad (no el motor)", "ncu": 1, "gw": 1, "axis_tilt": 0, "max_angle": 55, "backtrack": true, "gcr": 0.397, "cross_axis_tilt": 0}}, {"type": "Feature", "geometry": {"type": "Point", "coordinates": [14.9029522, 37.370341]}, "properties": {"rol": "seguidor", "id": "TK0671", "tipo": "completo", "axis_azimuth": 0, "punto": "eje de unidad (no el motor)", "ncu": 6, "gw": 6, "axis_tilt": 0, "max_angle": 55, "backtrack": true, "gcr": 0.397, "cross_axis_tilt": 0}}, {"type": "Feature", "geometry": {"type": "Point", "coordinates": [14.9030705, 37.370346]}, "properties": {"rol": "seguidor", "id": "TK0672", "tipo": "completo", "axis_azimuth": 0, "punto": "eje de unidad (no el motor)", "ncu": 6, "gw": 6, "axis_tilt": 0, "max_angle": 55, "backtrack": true, "gcr": 0.397, "cross_axis_tilt": 0}}, {"type": "Feature", "geometry": {"type": "Point", "coordinates": [14.9031889, 37.3703509]}, "properties": {"rol": "seguidor", "id": "TK0673", "tipo": "completo", "axis_azimuth": 0, "punto": "eje de unidad (no el motor)", "ncu": 6, "gw": 6, "axis_tilt": 0, "max_angle": 55, "backtrack": true, "gcr": 0.397, "cross_axis_tilt": 0}}, {"type": "Feature", "geometry": {"type": "Point", "coordinates": [14.9033072, 37.3703558]}, "properties": {"rol": "seguidor", "id": "TK0674", "tipo": "completo", "axis_azimuth": 0, "punto": "eje de unidad (no el motor)", "ncu": 6, "gw": 6, "axis_tilt": 0, "max_angle": 55, "backtrack": true, "gcr": 0.397, "cross_axis_tilt": 0}}, {"type": "Feature", "geometry": {"type": "Point", "coordinates": [14.9034243, 37.3703607]}, "properties": {"rol": "seguidor", "id": "TK0675", "tipo": "completo", "axis_azimuth": 0, "punto": "eje de unidad (no el motor)", "ncu": 6, "gw": 6, "axis_tilt": 0, "max_angle": 55, "backtrack": true, "gcr": 0.397, "cross_axis_tilt": 0}}, {"type": "Feature", "geometry": {"type": "Point", "coordinates": [14.9035439, 37.3703657]}, "properties": {"rol": "seguidor", "id": "TK0676", "tipo": "completo", "axis_azimuth": 0, "punto": "eje de unidad (no el motor)", "ncu": 6, "gw": 6, "axis_tilt": 0, "max_angle": 55, "backtrack": true, "gcr": 0.397, "cross_axis_tilt": 0}}, {"type": "Feature", "geometry": {"type": "Point", "coordinates": [14.9036623, 37.3703701]}, "properties": {"rol": "seguidor", "id": "TK0677", "tipo": "completo", "axis_azimuth": 0, "punto": "eje de unidad (no el motor)", "ncu": 6, "gw": 6, "axis_tilt": 0, "max_angle": 55, "backtrack": true, "gcr": 0.397, "cross_axis_tilt": 0}}, {"type": "Feature", "geometry": {"type": "Point", "coordinates": [14.9037794, 37.370375]}, "properties": {"rol": "seguidor", "id": "TK0678", "tipo": "completo", "axis_azimuth": 0, "punto": "eje de unidad (no el motor)", "ncu": 6, "gw": 6, "axis_tilt": 0, "max_angle": 55, "backtrack": true, "gcr": 0.397, "cross_axis_tilt": 0}}, {"type": "Feature", "geometry": {"type": "Point", "coordinates": [14.903899, 37.3703799]}, "properties": {"rol": "seguidor", "id": "TK0679", "tipo": "completo", "axis_azimuth": 0, "punto": "eje de unidad (no el motor)", "ncu": 6, "gw": 6, "axis_tilt": 0, "max_angle": 55, "backtrack": true, "gcr": 0.397, "cross_axis_tilt": 0}}, {"type": "Feature", "geometry": {"type": "Point", "coordinates": [14.9040174, 37.3703844]}, "properties": {"rol": "seguidor", "id": "TK0680", "tipo": "completo", "axis_azimuth": 0, "punto": "eje de unidad (no el motor)", "ncu": 6, "gw": 6, "axis_tilt": 0, "max_angle": 55, "backtrack": true, "gcr": 0.397, "cross_axis_tilt": 0}}, {"type": "Feature", "geometry": {"type": "Point", "coordinates": [14.9035448, 37.369713]}, "properties": {"rol": "seguidor", "id": "TK0681", "tipo": "completo", "axis_azimuth": 0, "punto": "eje de unidad (no el motor)", "ncu": 6, "gw": 6, "axis_tilt": 0, "max_angle": 55, "backtrack": true, "gcr": 0.397, "cross_axis_tilt": 0}}, {"type": "Feature", "geometry": {"type": "Point", "coordinates": [14.9036631, 37.3697174]}, "properties": {"rol": "seguidor", "id": "TK0682", "tipo": "completo", "axis_azimuth": 0, "punto": "eje de unidad (no el motor)", "ncu": 6, "gw": 6, "axis_tilt": 0, "max_angle": 55, "backtrack": true, "gcr": 0.397, "cross_axis_tilt": 0}}, {"type": "Feature", "geometry": {"type": "Point", "coordinates": [14.9037802, 37.3697223]}, "properties": {"rol": "seguidor", "id": "TK0683", "tipo": "completo", "axis_azimuth": 0, "punto": "eje de unidad (no el motor)", "ncu": 6, "gw": 6, "axis_tilt": 0, "max_angle": 55, "backtrack": true, "gcr": 0.397, "cross_axis_tilt": 0}}, {"type": "Feature", "geometry": {"type": "Point", "coordinates": [14.9038998, 37.3697273]}, "properties": {"rol": "seguidor", "id": "TK0684", "tipo": "completo", "axis_azimuth": 0, "punto": "eje de unidad (no el motor)", "ncu": 6, "gw": 6, "axis_tilt": 0, "max_angle": 55, "backtrack": true, "gcr": 0.397, "cross_axis_tilt": 0}}, {"type": "Feature", "geometry": {"type": "Point", "coordinates": [14.9034252, 37.3697081]}, "properties": {"rol": "seguidor", "id": "TK0685", "tipo": "completo", "axis_azimuth": 0, "punto": "eje de unidad (no el motor)", "ncu": 6, "gw": 6, "axis_tilt": 0, "max_angle": 55, "backtrack": true, "gcr": 0.397, "cross_axis_tilt": 0}}, {"type": "Feature", "geometry": {"type": "Point", "coordinates": [14.9028338, 37.3703361]}, "properties": {"rol": "seguidor", "id": "TK0686", "tipo": "completo", "axis_azimuth": 0, "punto": "eje de unidad (no el motor)", "ncu": 6, "gw": 6, "axis_tilt": 0, "max_angle": 55, "backtrack": true, "gcr": 0.397, "cross_axis_tilt": 0}}, {"type": "Feature", "geometry": {"type": "Point", "coordinates": [14.9027153, 37.3704866]}, "properties": {"rol": "seguidor", "id": "TK0687", "tipo": "Medio", "axis_azimuth": 0, "punto": "eje de unidad (no el motor)", "ncu": 6, "gw": 6, "axis_tilt": 0, "max_angle": 55, "backtrack": true, "gcr": 0.397, "cross_axis_tilt": 0}}, {"type": "Feature", "geometry": {"type": "Point", "coordinates": [14.9025969, 37.3704816]}, "properties": {"rol": "seguidor", "id": "TK0688", "tipo": "Medio", "axis_azimuth": 0, "punto": "eje de unidad (no el motor)", "ncu": 6, "gw": 6, "axis_tilt": 0, "max_angle": 55, "backtrack": true, "gcr": 0.397, "cross_axis_tilt": 0}}, {"type": "Feature", "geometry": {"type": "Point", "coordinates": [14.9033079, 37.3698585]}, "properties": {"rol": "seguidor", "id": "TK0689", "tipo": "Medio", "axis_azimuth": 0, "punto": "eje de unidad (no el motor)", "ncu": 6, "gw": 6, "axis_tilt": 0, "max_angle": 55, "backtrack": true, "gcr": 0.397, "cross_axis_tilt": 0}}, {"type": "Feature", "geometry": {"type": "Point", "coordinates": [14.9040182, 37.3697317]}, "properties": {"rol": "seguidor", "id": "TK0690", "tipo": "completo", "axis_azimuth": 0, "punto": "eje de unidad (no el motor)", "ncu": 6, "gw": 6, "axis_tilt": 0, "max_angle": 55, "backtrack": true, "gcr": 0.397, "cross_axis_tilt": 0}}, {"type": "Feature", "geometry": {"type": "Point", "coordinates": [14.9041357, 37.3703888]}, "properties": {"rol": "seguidor", "id": "TK0691", "tipo": "completo", "axis_azimuth": 0, "punto": "eje de unidad (no el motor)", "ncu": 6, "gw": 6, "axis_tilt": 0, "max_angle": 55, "backtrack": true, "gcr": 0.397, "cross_axis_tilt": 0}}, {"type": "Feature", "geometry": {"type": "Point", "coordinates": [14.9056356, 37.3799611]}, "properties": {"rol": "seguidor", "id": "TK0692", "tipo": "Medio", "axis_azimuth": 0, "punto": "eje de unidad (no el motor)", "ncu": 1, "gw": 1, "axis_tilt": 0, "max_angle": 55, "backtrack": true, "gcr": 0.397, "cross_axis_tilt": 0}}, {"type": "Feature", "geometry": {"type": "Point", "coordinates": [14.9067018, 37.3793094]}, "properties": {"rol": "seguidor", "id": "TK0693", "tipo": "Medio", "axis_azimuth": 0, "punto": "eje de unidad (no el motor)", "ncu": 1, "gw": 1, "axis_tilt": 0, "max_angle": 55, "backtrack": true, "gcr": 0.397, "cross_axis_tilt": 0}}, {"type": "Feature", "geometry": {"type": "Point", "coordinates": [14.9060806, 37.3775922]}, "properties": {"rol": "seguidor", "id": "TK0694", "tipo": "completo", "axis_azimuth": 0, "punto": "eje de unidad (no el motor)", "ncu": 2, "gw": 2, "axis_tilt": 0, "max_angle": 55, "backtrack": true, "gcr": 0.397, "cross_axis_tilt": 0}}, {"type": "Feature", "geometry": {"type": "Point", "coordinates": [14.906199, 37.3775922]}, "properties": {"rol": "seguidor", "id": "TK0695", "tipo": "completo", "axis_azimuth": 0, "punto": "eje de unidad (no el motor)", "ncu": 2, "gw": 2, "axis_tilt": 0, "max_angle": 55, "backtrack": true, "gcr": 0.397, "cross_axis_tilt": 0}}, {"type": "Feature", "geometry": {"type": "Point", "coordinates": [14.9059622, 37.3775921]}, "properties": {"rol": "seguidor", "id": "TK0696", "tipo": "completo", "axis_azimuth": 0, "punto": "eje de unidad (no el motor)", "ncu": 2, "gw": 2, "axis_tilt": 0, "max_angle": 55, "backtrack": true, "gcr": 0.397, "cross_axis_tilt": 0}}, {"type": "Feature", "geometry": {"type": "Point", "coordinates": [14.9061996, 37.3770949]}, "properties": {"rol": "seguidor", "id": "TK0697", "tipo": "Medio", "axis_azimuth": 0, "punto": "eje de unidad (no el motor)", "ncu": 2, "gw": 2, "axis_tilt": 0, "max_angle": 55, "backtrack": true, "gcr": 0.397, "cross_axis_tilt": 0}}, {"type": "Feature", "geometry": {"type": "Point", "coordinates": [14.9060812, 37.3770948]}, "properties": {"rol": "seguidor", "id": "TK0698", "tipo": "Medio", "axis_azimuth": 0, "punto": "eje de unidad (no el motor)", "ncu": 2, "gw": 2, "axis_tilt": 0, "max_angle": 55, "backtrack": true, "gcr": 0.397, "cross_axis_tilt": 0}}, {"type": "Feature", "geometry": {"type": "Point", "coordinates": [14.9059629, 37.3770947]}, "properties": {"rol": "seguidor", "id": "TK0699", "tipo": "Medio", "axis_azimuth": 0, "punto": "eje de unidad (no el motor)", "ncu": 2, "gw": 2, "axis_tilt": 0, "max_angle": 55, "backtrack": true, "gcr": 0.397, "cross_axis_tilt": 0}}, {"type": "Feature", "geometry": {"type": "Point", "coordinates": [14.8993799, 37.3736877]}, "properties": {"rol": "seguidor", "id": "TK0700", "tipo": "Medio", "axis_azimuth": 0, "punto": "eje de unidad (no el motor)", "ncu": 4, "gw": 4, "axis_tilt": 0, "max_angle": 55, "backtrack": true, "gcr": 0.397, "cross_axis_tilt": 0}}, {"type": "Feature", "geometry": {"type": "Point", "coordinates": [14.9095783, 37.3738681]}, "properties": {"rol": "seguidor", "id": "TK0701", "tipo": "Medio", "axis_azimuth": 0, "punto": "eje de unidad (no el motor)", "ncu": 3, "gw": 3, "axis_tilt": 0, "max_angle": 55, "backtrack": true, "gcr": 0.397, "cross_axis_tilt": 0}}, {"type": "Feature", "geometry": {"type": "Point", "coordinates": [14.9039476, 37.3745212]}, "properties": {"rol": "seguidor", "id": "TK0702", "tipo": "Medio", "axis_azimuth": 0, "punto": "eje de unidad (no el motor)", "ncu": 5, "gw": 5, "axis_tilt": 0, "max_angle": 55, "backtrack": true, "gcr": 0.397, "cross_axis_tilt": 0}}, {"type": "Feature", "geometry": {"type": "Point", "coordinates": [14.9037397, 37.3769264]}, "properties": {"rol": "seguidor", "id": "TK0703", "tipo": "Medio", "axis_azimuth": 0, "punto": "eje de unidad (no el motor)", "ncu": 2, "gw": 2, "axis_tilt": 0, "max_angle": 55, "backtrack": true, "gcr": 0.397, "cross_axis_tilt": 0}}, {"type": "Feature", "geometry": {"type": "Point", "coordinates": [14.9072951, 37.3781747]}, "properties": {"rol": "seguidor", "id": "TK0704", "tipo": "completo", "axis_azimuth": 0, "punto": "eje de unidad (no el motor)", "ncu": 1, "gw": 1, "axis_tilt": 0, "max_angle": 55, "backtrack": true, "gcr": 0.397, "cross_axis_tilt": 0}}, {"type": "Feature", "geometry": {"type": "Point", "coordinates": [14.9075019, 37.3769406]}, "properties": {"rol": "seguidor", "id": "TK0705", "tipo": "completo", "axis_azimuth": 0, "punto": "eje de unidad (no el motor)", "ncu": 2, "gw": 2, "axis_tilt": 0, "max_angle": 55, "backtrack": true, "gcr": 0.397, "cross_axis_tilt": 0}}, {"type": "Feature", "geometry": {"type": "Point", "coordinates": [14.9084503, 37.375748]}, "properties": {"rol": "seguidor", "id": "TK0706", "tipo": "completo", "axis_azimuth": 0, "punto": "eje de unidad (no el motor)", "ncu": 3, "gw": 3, "axis_tilt": 0, "max_angle": 55, "backtrack": true, "gcr": 0.397, "cross_axis_tilt": 0}}, {"type": "Feature", "geometry": {"type": "Point", "coordinates": [14.9054921, 37.3749273]}, "properties": {"rol": "seguidor", "id": "TK0707", "tipo": "Medio", "axis_azimuth": 0, "punto": "eje de unidad (no el motor)", "ncu": 2, "gw": 2, "axis_tilt": 0, "max_angle": 55, "backtrack": true, "gcr": 0.397, "cross_axis_tilt": 0}}, {"type": "Feature", "geometry": {"type": "Point", "coordinates": [14.9085695, 37.3750955]}, "properties": {"rol": "seguidor", "id": "TK0708", "tipo": "completo", "axis_azimuth": 0, "punto": "eje de unidad (no el motor)", "ncu": 3, "gw": 3, "axis_tilt": 0, "max_angle": 55, "backtrack": true, "gcr": 0.397, "cross_axis_tilt": 0}}, {"type": "Feature", "geometry": {"type": "Point", "coordinates": [14.9086878, 37.3750955]}, "properties": {"rol": "seguidor", "id": "TK0709", "tipo": "completo", "axis_azimuth": 0, "punto": "eje de unidad (no el motor)", "ncu": 3, "gw": 3, "axis_tilt": 0, "max_angle": 55, "backtrack": true, "gcr": 0.397, "cross_axis_tilt": 0}}, {"type": "Feature", "geometry": {"type": "Point", "coordinates": [14.9086872, 37.3755825]}, "properties": {"rol": "seguidor", "id": "TK0710", "tipo": "Medio", "axis_azimuth": 0, "punto": "eje de unidad (no el motor)", "ncu": 3, "gw": 3, "axis_tilt": 0, "max_angle": 55, "backtrack": true, "gcr": 0.397, "cross_axis_tilt": 0}}, {"type": "Feature", "geometry": {"type": "Point", "coordinates": [14.9085689, 37.3755824]}, "properties": {"rol": "seguidor", "id": "TK0711", "tipo": "Medio", "axis_azimuth": 0, "punto": "eje de unidad (no el motor)", "ncu": 3, "gw": 3, "axis_tilt": 0, "max_angle": 55, "backtrack": true, "gcr": 0.397, "cross_axis_tilt": 0}}, {"type": "Feature", "geometry": {"type": "Point", "coordinates": [14.8994984, 37.373637]}, "properties": {"rol": "seguidor", "id": "TK0712", "tipo": "Medio", "axis_azimuth": 0, "punto": "eje de unidad (no el motor)", "ncu": 4, "gw": 4, "axis_tilt": 0, "max_angle": 55, "backtrack": true, "gcr": 0.397, "cross_axis_tilt": 0}}, {"type": "Feature", "geometry": {"type": "Point", "coordinates": [14.8978702, 37.3758986]}, "properties": {"rol": "seguidor", "id": "TK0713", "tipo": "Medio", "axis_azimuth": 0, "punto": "eje de unidad (no el motor)", "ncu": 4, "gw": 4, "axis_tilt": 0, "max_angle": 55, "backtrack": true, "gcr": 0.397, "cross_axis_tilt": 0}}, {"type": "Feature", "geometry": {"type": "Point", "coordinates": [14.905754, 37.3799612]}, "properties": {"rol": "seguidor", "id": "TK0714", "tipo": "Medio", "axis_azimuth": 0, "punto": "eje de unidad (no el motor)", "ncu": 1, "gw": 1, "axis_tilt": 0, "max_angle": 55, "backtrack": true, "gcr": 0.397, "cross_axis_tilt": 0}}, {"type": "Feature", "geometry": {"type": "Point", "coordinates": [14.9058724, 37.3799613]}, "properties": {"rol": "seguidor", "id": "TK0715", "tipo": "Medio", "axis_azimuth": 0, "punto": "eje de unidad (no el motor)", "ncu": 1, "gw": 1, "axis_tilt": 0, "max_angle": 55, "backtrack": true, "gcr": 0.397, "cross_axis_tilt": 0}}, {"type": "Feature", "geometry": {"type": "Point", "coordinates": [14.9059908, 37.3799614]}, "properties": {"rol": "seguidor", "id": "TK0716", "tipo": "Medio", "axis_azimuth": 0, "punto": "eje de unidad (no el motor)", "ncu": 1, "gw": 1, "axis_tilt": 0, "max_angle": 55, "backtrack": true, "gcr": 0.397, "cross_axis_tilt": 0}}, {"type": "Feature", "geometry": {"type": "Point", "coordinates": [14.9061091, 37.3799615]}, "properties": {"rol": "seguidor", "id": "TK0717", "tipo": "Medio", "axis_azimuth": 0, "punto": "eje de unidad (no el motor)", "ncu": 1, "gw": 1, "axis_tilt": 0, "max_angle": 55, "backtrack": true, "gcr": 0.397, "cross_axis_tilt": 0}}, {"type": "Feature", "geometry": {"type": "Point", "coordinates": [14.9062275, 37.3799616]}, "properties": {"rol": "seguidor", "id": "TK0718", "tipo": "Medio", "axis_azimuth": 0, "punto": "eje de unidad (no el motor)", "ncu": 1, "gw": 1, "axis_tilt": 0, "max_angle": 55, "backtrack": true, "gcr": 0.397, "cross_axis_tilt": 0}}, {"type": "Feature", "geometry": {"type": "Point", "coordinates": [14.9063459, 37.3799616]}, "properties": {"rol": "seguidor", "id": "TK0719", "tipo": "Medio", "axis_azimuth": 0, "punto": "eje de unidad (no el motor)", "ncu": 1, "gw": 1, "axis_tilt": 0, "max_angle": 55, "backtrack": true, "gcr": 0.397, "cross_axis_tilt": 0}}, {"type": "Feature", "geometry": {"type": "Point", "coordinates": [14.9054002, 37.3788755]}, "properties": {"rol": "seguidor", "id": "TK0720", "tipo": "Medio", "axis_azimuth": 0, "punto": "eje de unidad (no el motor)", "ncu": 1, "gw": 1, "axis_tilt": 0, "max_angle": 55, "backtrack": true, "gcr": 0.397, "cross_axis_tilt": 0}}, {"type": "Feature", "geometry": {"type": "Point", "coordinates": [14.9074136, 37.3780679]}, "properties": {"rol": "seguidor", "id": "TK0721", "tipo": "Medio", "axis_azimuth": 0, "punto": "eje de unidad (no el motor)", "ncu": 1, "gw": 1, "axis_tilt": 0, "max_angle": 55, "backtrack": true, "gcr": 0.397, "cross_axis_tilt": 0}}, {"type": "Feature", "geometry": {"type": "Point", "coordinates": [14.9075322, 37.3778921]}, "properties": {"rol": "seguidor", "id": "TK0722", "tipo": "Medio", "axis_azimuth": 0, "punto": "eje de unidad (no el motor)", "ncu": 1, "gw": 1, "axis_tilt": 0, "max_angle": 55, "backtrack": true, "gcr": 0.397, "cross_axis_tilt": 0}}, {"type": "Feature", "geometry": {"type": "Point", "coordinates": [14.9069755, 37.3728902]}, "properties": {"rol": "seguidor", "id": "TK0723", "tipo": "completo", "axis_azimuth": 0, "punto": "eje de unidad (no el motor)", "ncu": 3, "gw": 3, "axis_tilt": 0, "max_angle": 55, "backtrack": true, "gcr": 0.397, "cross_axis_tilt": 0}}, {"type": "Feature", "geometry": {"type": "Point", "coordinates": [14.9068571, 37.3728901]}, "properties": {"rol": "seguidor", "id": "TK0724", "tipo": "completo", "axis_azimuth": 0, "punto": "eje de unidad (no el motor)", "ncu": 3, "gw": 3, "axis_tilt": 0, "max_angle": 55, "backtrack": true, "gcr": 0.397, "cross_axis_tilt": 0}}, {"type": "Feature", "geometry": {"type": "Point", "coordinates": [14.9057486, 37.3717146]}, "properties": {"rol": "seguidor", "id": "TK0725", "tipo": "completo", "axis_azimuth": 0, "punto": "eje de unidad (no el motor)", "ncu": 6, "gw": 6, "axis_tilt": 0, "max_angle": 55, "backtrack": true, "gcr": 0.397, "cross_axis_tilt": 0}}, {"type": "Feature", "geometry": {"type": "Point", "coordinates": [14.905867, 37.3716443]}, "properties": {"rol": "seguidor", "id": "TK0726", "tipo": "completo", "axis_azimuth": 0, "punto": "eje de unidad (no el motor)", "ncu": 6, "gw": 6, "axis_tilt": 0, "max_angle": 55, "backtrack": true, "gcr": 0.397, "cross_axis_tilt": 0}}, {"type": "Feature", "geometry": {"type": "Point", "coordinates": [14.9044225, 37.3782844]}, "properties": {"rol": "seguidor", "id": "TK0727", "tipo": "completo", "axis_azimuth": 0, "punto": "eje de unidad (no el motor)", "ncu": 2, "gw": 2, "axis_tilt": 0, "max_angle": 55, "backtrack": true, "gcr": 0.397, "cross_axis_tilt": 0}}, {"type": "Feature", "geometry": {"type": "Point", "coordinates": [14.9050444, 37.3749288]}, "properties": {"rol": "seguidor", "id": "TK0728", "tipo": "Medio", "axis_azimuth": 0, "punto": "eje de unidad (no el motor)", "ncu": 2, "gw": 2, "axis_tilt": 0, "max_angle": 55, "backtrack": true, "gcr": 0.397, "cross_axis_tilt": 0}}, {"type": "Feature", "geometry": {"type": "Point", "coordinates": [14.9046593, 37.3782707]}, "properties": {"rol": "seguidor", "id": "TK0729", "tipo": "completo", "axis_azimuth": 0, "punto": "eje de unidad (no el motor)", "ncu": 2, "gw": 2, "axis_tilt": 0, "max_angle": 55, "backtrack": true, "gcr": 0.397, "cross_axis_tilt": 0}}, {"type": "Feature", "geometry": {"type": "Point", "coordinates": [14.9024309, 37.3745383]}, "properties": {"rol": "seguidor", "id": "TK0730", "tipo": "Medio", "axis_azimuth": 0, "punto": "eje de unidad (no el motor)", "ncu": 5, "gw": 5, "axis_tilt": 0, "max_angle": 55, "backtrack": true, "gcr": 0.397, "cross_axis_tilt": 0}}, {"type": "Feature", "geometry": {"type": "Point", "coordinates": [14.9043015, 37.3789631]}, "properties": {"rol": "NCU", "nombre": "NCU 01"}}, {"type": "Feature", "geometry": {"type": "Point", "coordinates": [14.9046168, 37.3763297]}, "properties": {"rol": "NCU", "nombre": "NCU 02"}}, {"type": "Feature", "geometry": {"type": "Point", "coordinates": [14.9076162, 37.3746006]}, "properties": {"rol": "NCU", "nombre": "NCU 03"}}, {"type": "Feature", "geometry": {"type": "Point", "coordinates": [14.8992859, 37.3754548]}, "properties": {"rol": "NCU", "nombre": "NCU 04"}}, {"type": "Feature", "geometry": {"type": "Point", "coordinates": [14.9023124, 37.3740685]}, "properties": {"rol": "NCU", "nombre": "NCU 05"}}, {"type": "Feature", "geometry": {"type": "Point", "coordinates": [14.9044129, 37.3720496]}, "properties": {"rol": "NCU", "nombre": "NCU 06"}}, {"type": "Feature", "geometry": {"type": "Point", "coordinates": [14.9098466, 37.3736419]}, "properties": {"rol": "HSU", "nombre": "HSU 03-02", "ncu": 3, "ncu_origen": "nombre del DWG «HSU 03-02», corroborado con la geometría: la NCU 3 es también la más cercana, a 224 m", "gw": null, "gw_origen": null, "esclavo": null, "esclavo_origen": null}}, {"type": "Feature", "geometry": {"type": "Point", "coordinates": [14.9049133, 37.3812265]}, "properties": {"rol": "HSU", "nombre": "HSU 01-01", "ncu": 1, "ncu_origen": "nombre del DWG «HSU 01-01», corroborado con la geometría: la NCU 1 es también la más cercana, a 257 m", "gw": null, "gw_origen": null, "esclavo": null, "esclavo_origen": null}}, {"type": "Feature", "geometry": {"type": "Point", "coordinates": [14.9028648, 37.369889]}, "properties": {"rol": "HSU", "nombre": "HSU 06-04", "ncu": 6, "ncu_origen": "nombre del DWG «HSU 06-04», corroborado con la geometría: la NCU 6 es también la más cercana, a 276 m", "gw": null, "gw_origen": null, "esclavo": null, "esclavo_origen": null}}, {"type": "Feature", "geometry": {"type": "Point", "coordinates": [14.8967097, 37.3765669]}, "properties": {"rol": "HSU", "nombre": "HSU 04-03", "ncu": 4, "ncu_origen": "nombre del DWG «HSU 04-03», corroborado con la geometría: la NCU 4 es también la más cercana, a 259 m", "gw": null, "gw_origen": null, "esclavo": null, "esclavo_origen": null}}]}