planta,ncu,tcu,tracker,zona,id_levantamiento,tipo,linea,r41033_west_pitch_m,r41106_east_pitch_m,r41035_panel_width_m,r41037_max_west_deg,r41038_max_east_deg,r41098_west_grade_rad,r41100_west_grade_azimuth_rad,r41102_east_grade_rad,r41104_east_grade_azimuth_rad,oeste_vector_pct,oeste_azimut_deg,este_vector_pct,este_azimut_deg,oeste_transv_pct,este_transv_pct,pendiente_longitudinal_pct,oeste_vecina_critica,este_vecina_critica
sanjose,1,1,TR-01_1-001,SJ,TR-01_1-001,2TTx64,444,6.21,6.144,2.382,55,55,0.01029,4.941027,0.020677,4.825835,1.029,283.1,2.068,276.5,-1.002,2.055,-0.233,TR-02_2-065-E,
sanjose,1,2,TR-01_1-002,SJ,TR-01_1-002,2TTx64,447,6.821,6.129,2.382,55,55,0.012669,4.846779,0.014759,4.827581,1.267,277.7,1.476,276.6,-1.256,1.466,-0.169,,TR-01_1-003-W
sanjose,1,3,TR-01_1-003,SJ,TR-01_1-003,2TTx64,448,6.129,6.167,2.382,55,55,0.012739,4.808382,0.016339,4.787438,1.274,275.5,1.634,274.3,-1.268,1.629,-0.122,TR-01_1-002-E,TR-01_1-004-W
sanjose,1,4,TR-01_1-004,SJ,TR-01_1-004,2TTx64,450,6.223,6.152,2.382,55,55,0.00847,5.54142,0.013749,5.183628,0.847,317.5,1.375,297,-0.572,1.225,-0.625,TR-01_1-003-E,TR-01_1-005-W
sanjose,1,5,TR-01_1-005,SJ,TR-01_1-005,2TTx64,452,6.25,6.164,2.382,55,55,0.016339,5.026548,0.012079,5.14174,1.634,288,1.208,294.6,-1.554,1.098,-0.504,TR-01_1-004-E,TR-01_1-006-W
sanjose,1,6,TR-01_1-006,SJ,TR-01_1-006,2TTx64,454,6.322,6.176,2.382,55,55,0.013389,5.201081,0.00767,5.670575,1.339,298,0.767,324.9,-1.183,0.441,-0.628,TR-01_1-005-E,TR-01_1-007-W
sanjose,1,7,TR-01_1-007,SJ,TR-01_1-007,2TTx64,456,6.222,6.174,2.382,55,55,0.01008,5.654867,0.035615,4.942772,1.008,324,3.563,283.2,-0.592,3.468,-0.815,TR-01_1-006-E,TR-01_1-008-W
sanjose,1,8,TR-01_1-008,SJ,TR-01_1-008,2TTx64,458,6.214,6.184,2.382,55,55,0.017158,0.764454,0.052332,4.951499,1.716,43.8,5.238,283.7,1.188,5.09,-1.238,TR-01_1-007-E,
sanjose,1,9,TR-01_1-009,SJ,TR-01_1-009,2TTx64,444,6.21,6.144,2.382,55,55,0.012319,5.372123,0.03154,4.953244,1.232,307.8,3.155,283.8,-0.973,3.063,-0.755,TR-02_2-083-E,
sanjose,1,10,TR-01_1-010,SJ,TR-01_1-010,2TTx64,447,6.821,6.129,2.382,55,55,0.015149,5.01084,0.017988,4.963716,1.515,287.1,1.799,284.4,-1.448,1.743,-0.446,,TR-01_1-011-W
sanjose,1,11,TR-01_1-011,SJ,TR-01_1-011,2TTx64,448,6.129,6.167,2.382,55,55,0.013389,5.098107,0.03152,4.872959,1.339,292.1,3.153,279.2,-1.241,3.112,-0.504,TR-01_1-010-E,TR-01_1-012-W
sanjose,1,12,TR-01_1-012,SJ,TR-01_1-012,2TTx64,450,6.223,6.152,2.382,55,55,0.014319,5.031784,0.017688,4.970698,1.432,288.3,1.769,284.8,-1.359,1.711,-0.451,TR-01_1-011-E,TR-01_1-013-W
sanjose,1,13,TR-01_1-013,SJ,TR-01_1-013,2TTx64,452,6.25,6.164,2.382,55,55,0.024195,5.094616,0.00906,0.061087,2.42,291.9,0.906,3.5,-2.245,-0.056,-0.904,TR-01_1-012-E,TR-01_1-014-W
sanjose,1,14,TR-01_1-014,SJ,TR-01_1-014,2TTx64,454,6.322,6.176,2.382,55,55,0.00957,6.066764,0.028103,5.050983,0.957,347.6,2.811,289.4,-0.206,2.651,-0.935,TR-01_1-013-E,TR-01_1-015-W
sanjose,1,15,TR-01_1-015,SJ,TR-01_1-015,2TTx64,456,6.222,6.174,2.382,55,55,0.025425,5.023058,0.027563,4.998623,2.543,287.8,2.757,286.4,-2.421,2.645,-0.778,TR-01_1-014-E,TR-01_1-016-W
sanjose,1,16,TR-01_1-016,SJ,TR-01_1-016,2TTx64,458,6.214,6.184,2.382,55,55,0.012989,5.120796,0.011549,5.176647,1.299,293.4,1.155,296.6,-1.192,1.033,-0.516,TR-01_1-015-E,TR-01_1-017-W
sanjose,1,17,TR-01_1-017,SJ,TR-01_1-017,2TTx64,460,6.164,6.161,2.382,55,55,0.012629,5.279621,0.030041,4.939282,1.263,302.5,3.005,283,-1.065,2.927,-0.678,TR-01_1-016-E,TR-01_1-018-W
sanjose,1,18,TR-01_1-018,SJ,TR-01_1-018,2TTx64,462,6.593,6.207,2.382,55,55,0.037462,5.157448,0.044002,5.087635,3.748,295.5,4.403,291.5,-3.382,4.096,-1.615,TR-01_1-017-E,
sanjose,1,19,TR-01_1-019,SJ,TR-01_1-019,2TTx64,444,6.21,6.144,2.382,55,55,0.013129,5.504768,0.029002,5.040511,1.313,315.4,2.901,288.8,-0.922,2.746,-0.935,TR-02_2-101-E,
sanjose,1,20,TR-01_1-020,SJ,TR-01_1-020,2TTx64,447,6.821,6.129,2.382,55,55,0.018678,5.373869,0.028123,5.133013,1.868,307.9,2.813,294.1,-1.474,2.569,-1.147,,TR-01_1-021-W
sanjose,1,21,TR-01_1-021,SJ,TR-01_1-021,2TTx64,448,6.129,6.167,2.382,55,55,0.020877,5.291838,0.033977,5.054474,2.088,303.2,3.399,289.6,-1.748,3.201,-1.142,TR-01_1-020-E,TR-01_1-022-W
sanjose,1,22,TR-01_1-022,SJ,TR-01_1-022,2TTx64,450,6.223,6.152,2.382,55,55,0.025564,5.075417,0.018398,5.229006,2.557,290.8,1.84,299.6,-2.39,1.6,-0.908,TR-01_1-021-E,TR-01_1-023-W
sanjose,1,23,TR-01_1-023,SJ,TR-01_1-023,2TTx64,452,6.25,6.164,2.382,55,55,0.022086,5.108579,0.016449,5.258677,2.209,292.7,1.645,301.3,-2.038,1.406,-0.853,TR-01_1-022-E,TR-01_1-024-W
sanjose,1,24,TR-01_1-024,SJ,TR-01_1-024,2TTx64,454,6.322,6.176,2.382,55,55,0.024045,5.365142,0.026084,5.305801,2.405,307.4,2.609,304,-1.911,2.162,-1.46,TR-01_1-023-E,TR-01_1-025-W
sanjose,1,25,TR-01_1-025,SJ,TR-01_1-025,2TTx64,456,6.222,6.174,2.382,55,55,0.024735,5.295329,0.013759,6.141814,2.474,303.4,1.376,351.9,-2.065,0.194,-1.362,TR-01_1-024-E,TR-01_1-026-W
sanjose,1,26,TR-01_1-026,SJ,TR-01_1-026,2TTx64,458,6.214,6.184,2.382,55,55,0.022066,5.654867,0.03087,5.32849,2.207,324,3.088,305.3,-1.298,2.52,-1.785,TR-01_1-025-E,TR-01_1-027-W
sanjose,1,27,TR-01_1-027,SJ,TR-01_1-027,2TTx64,460,6.164,6.161,2.382,55,55,0.023226,5.508259,0.047285,5.070181,2.323,315.6,4.732,290.5,-1.626,4.432,-1.659,TR-01_1-026-E,TR-01_1-028-W
sanjose,1,28,TR-01_1-028,SJ,TR-01_1-028,2TTx64,462,6.593,6.207,2.382,55,55,0.046437,4.911357,0.038771,4.949754,4.647,281.4,3.879,283.6,-4.556,3.77,-0.915,TR-01_1-027-E,
sanjose,1,29,TR-01_1-029,SJ,TR-01_1-029,2TTx64,464,12.393,6.185,2.382,55,55,0.028972,4.941027,0.027493,4.953244,2.898,283.1,2.75,283.8,-2.823,2.671,-0.655,,TR-01_1-030-W
sanjose,1,30,TR-01_1-030,SJ,TR-01_1-030,2TTx64,465,6.185,6.2,2.382,55,55,0.040787,4.949754,0.013969,5.471607,4.081,283.6,1.397,313.5,-3.966,1.014,-0.961,TR-01_1-029-E,TR-01_1-031-W
sanjose,1,31,TR-01_1-031,SJ,TR-01_1-031,2TTx64,467,6.281,6.031,2.382,55,55,0.011479,5.77704,0.028802,5.068436,1.148,331,2.881,290.4,-0.556,2.7,-1.005,TR-01_1-030-E,TR-01_1-032-W
sanjose,1,32,TR-01_1-032,SJ,TR-01_1-032,2TTx64,469,6.353,6.101,2.382,55,55,0.028982,5.042256,0.043383,4.930555,2.899,288.9,4.341,282.5,-2.742,4.238,-0.94,TR-01_1-031-E,TR-01_1-033-W
sanjose,1,33,TR-01_1-033,SJ,TR-01_1-033,2TTx64,471,5.459,6.526,2.382,55,55,0.037702,4.963716,0.012789,5.534439,3.772,284.4,1.279,317.1,-3.654,0.87,-0.937,TR-01_1-032-E,TR-01_1-034-W
sanjose,1,34,TR-01_1-034,SJ,TR-01_1-034,2TTx64,473,6.178,6.162,2.382,55,55,0.150865,4.775221,0.025215,5.099852,15.202,273.6,2.522,292.2,-15.172,2.334,-0.955,TR-01_1-033-E,TR-01_1-035-W
sanjose,1,35,TR-01_1-035,SJ,TR-01_1-035,2TTx64,475,6.273,6.102,2.382,55,55,0.018518,5.049238,0.036973,4.878195,1.852,289.3,3.699,279.5,-1.748,3.648,-0.611,TR-01_1-034-E,TR-01_1-036-W
sanjose,1,36,TR-01_1-036,SJ,TR-01_1-036,2TTx64,477,6.068,6.226,2.382,55,55,0.032738,4.838053,0.023096,4.890413,3.275,277.2,2.31,280.2,-3.249,2.273,-0.41,TR-01_1-035-E,TR-01_1-037-W
sanjose,1,37,TR-01_1-037,SJ,TR-01_1-037,2TTx64,479,6.273,6.097,2.382,55,55,0.025594,5.03702,0.014979,5.290093,2.56,288.6,1.498,303.1,-2.426,1.255,-0.817,TR-01_1-036-E,TR-01_1-038-W
sanjose,1,38,TR-01_1-038,SJ,TR-01_1-038,2TTx64,481,6.281,6.141,2.382,55,55,0.023096,4.749041,0.075039,4.722861,2.31,272.1,7.518,270.6,-2.309,7.518,-0.083,TR-01_1-037-E,TR-01_1-039-W
sanjose,1,39,TR-01_1-039,SJ,TR-01_1-039,2TTx64,483,6.267,6.116,2.382,55,55,0.0059,4.74555,0.016918,4.724606,0.59,271.9,1.692,270.7,-0.59,1.692,-0.02,TR-01_1-038-E,TR-01_1-040-W
sanjose,1,40,TR-01_1-040,SJ,TR-01_1-040,2TTx64,485,6.261,6.115,2.382,55,55,0.018858,4.925319,0.034307,4.829326,1.886,282.2,3.432,276.7,-1.843,3.409,-0.399,TR-01_1-039-E,TR-01_1-041-W
sanjose,1,41,TR-01_1-041,SJ,TR-01_1-041,2TTx64,487,6.299,6.101,2.382,55,55,0.035525,4.885177,0.03151,4.906121,3.554,279.9,3.152,281.1,-3.501,3.093,-0.609,TR-01_1-040-E,
sanjose,1,42,TR-01_1-042,SJ,TR-01_1-042,2TTx64,444,6.21,6.144,2.382,55,55,0.027893,4.918338,0.014859,5.105088,2.79,281.8,1.486,292.5,-2.731,1.373,-0.569,TR-02_2-119-E,
sanjose,1,43,TR-01_1-043,SJ,TR-01_1-043,2TTx64,447,6.821,6.129,2.382,55,55,0.018298,4.885177,0.024135,4.843289,1.83,279.9,2.414,277.5,-1.803,2.394,-0.314,,TR-01_1-044-W
sanjose,1,44,TR-01_1-044,SJ,TR-01_1-044,2TTx64,448,6.129,6.167,2.382,55,55,0.022876,4.778711,0.013349,4.825835,2.288,273.8,1.335,276.5,-2.283,1.326,-0.151,TR-01_1-043-E,TR-01_1-045-W
sanjose,1,45,TR-01_1-045,SJ,TR-01_1-045,2TTx64,450,6.223,6.152,2.382,55,55,0.025395,4.811873,0.025994,4.810127,2.54,275.7,2.6,275.6,-2.527,2.588,-0.254,TR-01_1-044-E,TR-01_1-046-W
sanjose,1,46,TR-01_1-046,SJ,TR-01_1-046,2TTx64,452,6.25,6.164,2.382,55,55,0.026364,4.790929,0.032549,4.775221,2.637,274.5,3.256,273.6,-2.629,3.249,-0.206,TR-01_1-045-E,TR-01_1-047-W
sanjose,1,47,TR-01_1-047,SJ,TR-01_1-047,2TTx64,454,6.322,6.176,2.382,55,55,0.034217,4.832817,0.017848,4.946263,3.423,276.9,1.785,283.4,-3.398,1.737,-0.413,TR-01_1-046-E,TR-01_1-048-W
sanjose,1,48,TR-01_1-048,SJ,TR-01_1-048,2TTx64,456,6.222,6.174,2.382,55,55,0.024135,4.989896,0.024125,4.989896,2.414,285.9,2.413,285.9,-2.322,2.321,-0.661,TR-01_1-047-E,TR-01_1-049-W
sanjose,1,49,TR-01_1-049,SJ,TR-01_1-049,2TTx64,458,6.214,6.184,2.382,55,55,0.020407,4.975934,0.034287,4.867723,2.041,285.1,3.43,278.9,-1.97,3.388,-0.533,TR-01_1-048-E,TR-01_1-050-W
sanjose,1,50,TR-01_1-050,SJ,TR-01_1-050,2TTx64,460,6.164,6.161,2.382,55,55,0.031589,4.95848,0.03072,4.965462,3.16,284.1,3.073,284.5,-3.065,2.975,-0.771,TR-01_1-049-E,TR-01_1-051-W
sanjose,1,51,TR-01_1-051,SJ,TR-01_1-051,2TTx64,462,6.593,6.207,2.382,55,55,0.029611,5.035275,0.018438,5.248205,2.962,288.5,1.844,300.7,-2.809,1.586,-0.94,TR-01_1-050-E,
sanjose,1,52,TR-01_1-052,SJ,TR-01_1-052,2TTx64,464,12.393,6.185,2.382,55,55,0.017408,5.473353,0.038132,5.031784,1.741,313.6,3.815,288.3,-1.262,3.621,-1.2,,TR-01_1-053-W
sanjose,1,53,TR-01_1-053,SJ,TR-01_1-053,2TTx64,465,6.185,6.2,2.382,55,55,0.033278,5.057964,0.033408,5.056219,3.329,289.8,3.342,289.7,-3.133,3.147,-1.125,TR-01_1-052-E,TR-01_1-054-W
sanjose,1,54,TR-01_1-054,SJ,TR-01_1-054,2TTx64,467,6.281,6.031,2.382,55,55,0.0394,4.944518,0.012889,5.48906,3.942,283.3,1.289,314.5,-3.837,0.919,-0.904,TR-01_1-053-E,TR-01_1-055-W
sanjose,1,55,TR-01_1-055,SJ,TR-01_1-055,2TTx64,469,6.353,6.101,2.382,55,55,0.013819,4.979424,0.032828,4.82409,1.382,285.3,3.284,276.4,-1.333,3.264,-0.365,TR-01_1-054-E,TR-01_1-056-W
sanjose,1,56,TR-01_1-056,SJ,TR-01_1-056,2TTx64,471,5.459,6.526,2.382,55,55,0.027213,4.749041,0.013099,4.789183,2.722,272.1,1.31,274.4,-2.72,1.306,-0.101,TR-01_1-055-E,TR-01_1-057-W
sanjose,1,57,TR-01_1-057,SJ,TR-01_1-057,2TTx64,473,6.178,6.162,2.382,55,55,0.080525,4.639085,0.043752,4.576253,8.07,265.8,4.378,262.2,-8.048,4.337,0.596,TR-01_1-056-E,TR-01_1-058-W
sanjose,1,58,TR-01_1-058,SJ,TR-01_1-058,2TTx64,475,6.273,6.102,2.382,55,55,0.060795,4.862487,0.024585,5.092871,6.087,278.6,2.459,291.8,-6.018,2.283,-0.914,TR-01_1-057-E,TR-01_1-059-W
sanjose,1,59,TR-01_1-059,SJ,TR-01_1-059,2TTx64,477,6.068,6.226,2.382,55,55,0.03066,4.982915,0.033987,4.956735,3.067,285.5,3.4,284,-2.955,3.3,-0.82,TR-01_1-058-E,TR-01_1-060-W
sanjose,1,60,TR-01_1-060,SJ,TR-01_1-060,2TTx64,479,6.273,6.097,2.382,55,55,0.033497,4.925319,0.015239,5.195845,3.351,282.2,1.524,297.7,-3.275,1.349,-0.709,TR-01_1-059-E,TR-01_1-061-W
sanjose,1,61,TR-01_1-061,SJ,TR-01_1-061,2TTx64,481,6.281,6.141,2.382,55,55,0.020687,5.070181,0.034057,4.927064,2.069,290.5,3.407,282.3,-1.938,3.329,-0.724,TR-01_1-060-E,TR-01_1-062-W
sanjose,1,62,TR-01_1-062,SJ,TR-01_1-062,2TTx64,483,6.267,6.116,2.382,55,55,0.026114,5.155703,0.031699,5.073672,2.612,295.4,3.171,290.7,-2.36,2.966,-1.12,TR-01_1-061-E,TR-01_1-063-W
sanjose,1,63,TR-01_1-063,SJ,TR-01_1-063,2TTx64,485,6.261,6.115,2.382,55,55,0.028772,5.009095,0.020667,5.131268,2.878,287,2.067,294,-2.752,1.888,-0.841,TR-01_1-062-E,TR-01_1-064-W
sanjose,1,64,TR-01_1-064,SJ,TR-01_1-064,2TTx64,487,6.299,6.101,2.382,55,55,0.025654,5.044002,0.041586,4.914847,2.566,289,4.161,281.6,-2.426,4.076,-0.837,TR-01_1-063-E,TR-01_1-065-W
sanjose,1,65,TR-01_1-065,SJ,TR-01_1-065,2TTx64,489,6.159,6.167,2.382,55,55,0.040668,4.893903,0.039639,4.899139,4.069,280.4,3.966,280.7,-4.002,3.897,-0.735,TR-01_1-064-E,TR-01_1-066-W
sanjose,1,66,TR-01_1-066,SJ,TR-01_1-066,2TTx64,491,6.219,6.173,2.382,55,55,0.022526,5.023058,0.023756,5.00735,2.253,287.8,2.376,286.9,-2.145,2.273,-0.69,TR-01_1-065-E,TR-01_1-067-W
sanjose,1,67,TR-01_1-067,SJ,TR-01_1-067,2TTx64,493,6.195,6.198,2.382,55,55,0.022936,4.925319,0.029062,4.879941,2.294,282.2,2.907,279.6,-2.242,2.866,-0.485,TR-01_1-066-E,TR-01_1-068-W
sanjose,1,68,TR-01_1-068,SJ,TR-01_1-068,2TTx64,495,6.237,6.219,2.382,55,55,0.032598,4.904375,0.028003,4.935791,3.261,281,2.801,282.8,-3.201,2.731,-0.621,TR-01_1-067-E,
sanjose,1,69,TR-01_1-069,SJ,TR-01_1-069,2TTx64,472,6.526,6.178,2.382,55,55,,,0.028782,5.359906,,,2.879,307.1,,2.295,-1.738,,TR-01_1-070-W
sanjose,1,70,TR-01_1-070,SJ,TR-01_1-070,2TTx64,473,6.178,6.162,2.382,55,55,0.036524,5.105088,0.068413,4.918338,3.654,292.5,6.852,281.8,-3.375,6.707,-1.401,TR-01_1-069-E,TR-01_1-071-W
sanjose,1,71,TR-01_1-071,SJ,TR-01_1-071,2TTx64,475,6.273,6.102,2.382,55,55,0.094587,4.820599,0.038092,4.982915,9.487,276.2,3.811,285.5,-9.432,3.673,-1.017,TR-01_1-070-E,TR-01_1-072-W
sanjose,1,72,TR-01_1-072,SJ,TR-01_1-072,2TTx64,477,6.068,6.226,2.382,55,55,0.034586,5.00735,0.017208,5.335472,3.46,286.9,1.721,305.7,-3.311,1.397,-1.005,TR-01_1-071-E,TR-01_1-073-W
sanjose,1,73,TR-01_1-073,SJ,TR-01_1-073,2TTx64,479,6.273,6.097,2.382,55,55,0.028113,5.293584,0.03885,5.120796,2.812,303.3,3.887,293.4,-2.35,3.567,-1.543,TR-01_1-072-E,TR-01_1-074-W
sanjose,1,74,TR-01_1-074,SJ,TR-01_1-074,2TTx64,481,6.281,6.141,2.382,55,55,0.0389,5.164429,0.037752,5.180137,3.892,295.9,3.777,296.8,-3.5,3.372,-1.701,TR-01_1-073-E,TR-01_1-075-W
sanjose,1,75,TR-01_1-075,SJ,TR-01_1-075,2TTx64,483,6.267,6.116,2.382,55,55,0.022386,5.649631,0.03098,5.333726,2.239,323.7,3.099,305.6,-1.326,2.52,-1.804,TR-01_1-074-E,TR-01_1-076-W
sanjose,1,76,TR-01_1-076,SJ,TR-01_1-076,2TTx64,485,6.261,6.115,2.382,55,55,0.029422,5.344198,0.027743,5.389577,2.943,306.2,2.775,308.8,-2.375,2.163,-1.738,TR-01_1-075-E,TR-01_1-077-W
sanjose,1,77,TR-01_1-077,SJ,TR-01_1-077,2TTx64,487,6.299,6.101,2.382,55,55,0.026874,5.352925,0.035635,5.180137,2.688,306.7,3.565,296.8,-2.156,3.183,-1.605,TR-01_1-076-E,TR-01_1-078-W
sanjose,1,78,TR-01_1-078,SJ,TR-01_1-078,2TTx64,489,6.159,6.167,2.382,55,55,0.034556,5.049238,0.011809,0.258309,3.457,289.3,1.181,14.8,-3.263,-0.301,-1.142,TR-01_1-077-E,TR-01_1-079-W
sanjose,1,79,TR-01_1-079,SJ,TR-01_1-079,2TTx64,491,6.219,6.173,2.382,55,55,0.041257,5.042256,0.041127,5.044002,4.128,288.9,4.115,289,-3.905,3.891,-1.338,TR-01_1-078-E,TR-01_1-080-W
sanjose,1,80,TR-01_1-080,SJ,TR-01_1-080,2TTx64,493,6.195,6.198,2.382,55,55,0.037283,5.078908,0.028252,5.204572,3.73,291,2.826,298.2,-3.483,2.49,-1.336,TR-01_1-079-E,TR-01_1-081-W
sanjose,1,81,TR-01_1-081,SJ,TR-01_1-081,2TTx64,495,6.237,6.219,2.382,55,55,0.029961,5.082399,0.018468,5.338962,2.997,291.2,1.847,305.9,-2.794,1.495,-1.084,TR-01_1-080-E,
sanjose,1,82,TR-01_1-082,SJ,TR-01_1-082,2TTx64,471,5.459,6.526,2.382,55,55,,,0.028592,4.888667,,,2.86,280.1,,2.816,-0.501,,TR-01_1-083-W
sanjose,1,83,TR-01_1-083,SJ,TR-01_1-083,2TTx64,472,6.526,6.178,2.382,55,55,0.018868,5.166175,0.037413,4.935791,1.887,296,3.743,282.8,-1.696,3.651,-0.826,TR-01_1-082-E,TR-01_1-084-W
sanjose,1,84,TR-01_1-084,SJ,TR-01_1-084,2TTx64,474,6.162,6.273,2.382,55,55,0.034117,5.03702,0.035185,5.026548,3.413,288.6,3.52,288,-3.235,3.348,-1.088,TR-01_1-083-E,TR-01_1-085-W
sanjose,1,85,TR-01_1-085,SJ,TR-01_1-085,2TTx64,476,6.102,6.068,2.382,55,55,0.035195,4.98466,0.018178,5.260422,3.521,285.6,1.818,301.4,-3.391,1.551,-0.948,TR-01_1-084-E,TR-01_1-086-W
sanjose,1,86,TR-01_1-086,SJ,TR-01_1-086,2TTx64,478,6.226,6.273,2.382,55,55,0.017888,5.106833,0.023336,5.01084,1.789,292.6,2.334,287.1,-1.652,2.23,-0.688,TR-01_1-085-E,TR-01_1-087-W
sanjose,1,87,TR-01_1-087,SJ,TR-01_1-087,2TTx64,480,6.097,6.281,2.382,55,55,0.04495,4.799655,0.019178,4.920083,4.498,275,1.918,281.9,-4.481,1.877,-0.394,TR-01_1-086-E,TR-01_1-088-W
sanjose,1,88,TR-01_1-088,SJ,TR-01_1-088,2TTx64,482,6.141,6.267,2.382,55,55,0.00626,5.344198,0.033048,4.82409,0.626,306.2,3.306,276.4,-0.505,3.285,-0.369,TR-01_1-087-E,TR-01_1-089-W
sanjose,1,89,TR-01_1-089,SJ,TR-01_1-089,2TTx64,484,6.116,6.261,2.382,55,55,0.027363,4.995132,0.027053,4.998623,2.737,286.2,2.706,286.4,-2.628,2.596,-0.763,TR-01_1-088-E,TR-01_1-090-W
sanjose,1,90,TR-01_1-090,SJ,TR-01_1-090,2TTx64,486,6.115,6.299,2.382,55,55,0.026314,5.176647,0.03142,5.096361,2.632,296.6,3.143,292,-2.354,2.914,-1.176,TR-01_1-089-E,TR-01_1-091-W
sanjose,1,91,TR-01_1-091,SJ,TR-01_1-091,2TTx64,488,6.101,6.159,2.382,55,55,0.020787,5.522222,0.034966,5.157448,2.079,316.4,3.498,295.5,-1.435,3.158,-1.505,TR-01_1-090-E,TR-01_1-092-W
sanjose,1,92,TR-01_1-092,SJ,TR-01_1-092,2TTx64,490,6.167,6.219,2.382,55,55,0.033288,5.188864,0.020947,5.530948,3.33,297.3,2.095,316.9,-2.958,1.432,-1.53,TR-01_1-091-E,TR-01_1-093-W
sanjose,1,93,TR-01_1-093,SJ,TR-01_1-093,2TTx64,492,6.173,6.195,2.382,55,55,0.019268,5.344198,0.038191,5.014331,1.927,306.2,3.821,287.3,-1.555,3.648,-1.138,TR-01_1-092-E,TR-01_1-094-W
sanjose,1,94,TR-01_1-094,SJ,TR-01_1-094,2TTx64,494,6.198,6.237,2.382,55,55,0.03144,5.064945,0.055124,4.909611,3.145,290.2,5.518,281.3,-2.952,5.41,-1.085,TR-01_1-093-E,TR-01_1-095-W
sanjose,1,95,TR-01_1-095,SJ,TR-01_1-095,2TTx64,496,6.219,5.661,2.382,55,55,0.019657,5.314528,0.01116,0.08203,1.966,304.5,1.116,4.7,-1.621,-0.092,-1.112,TR-01_1-094-E,
sanjose,1,96,TR-01_1-096,SJ,TR-01_1-096,2TTx64,471,5.459,6.526,2.382,55,55,,,0.022986,5.190609,,,2.299,297.4,,2.041,-1.059,,TR-01_1-097-W
sanjose,1,97,TR-01_1-097,SJ,TR-01_1-097,2TTx64,472,6.526,6.178,2.382,55,55,0.018838,5.279621,0.032539,5.028294,1.884,302.5,3.255,288.1,-1.589,3.094,-1.013,TR-01_1-096-E,TR-01_1-098-W
sanjose,1,98,TR-01_1-098,SJ,TR-01_1-098,2TTx64,474,6.162,6.273,2.382,55,55,0.033727,4.946263,0.034257,4.942772,3.374,283.4,3.427,283.2,-3.282,3.336,-0.783,TR-01_1-097-E,TR-01_1-099-W
sanjose,1,99,TR-01_1-099,SJ,TR-01_1-099,2TTx64,476,6.102,6.068,2.382,55,55,0.034237,4.832817,0.01048,5.117305,3.425,276.9,1.048,293.2,-3.4,0.963,-0.412,TR-01_1-098-E,TR-01_1-100-W
sanjose,1,100,TR-01_1-100,SJ,TR-01_1-100,2TTx64,478,6.226,6.273,2.382,55,55,0.020857,5.342453,0.023835,5.253441,2.086,306.1,2.384,301,-1.685,2.043,-1.23,TR-01_1-099-E,TR-01_1-101-W
sanjose,1,101,TR-01_1-101,SJ,TR-01_1-101,2TTx64,480,6.097,6.281,2.382,55,55,0.028662,5.321509,0.034956,5.201081,2.867,304.9,3.497,298,-2.351,3.088,-1.641,TR-01_1-100-E,TR-01_1-102-W
sanjose,1,102,TR-01_1-102,SJ,TR-01_1-102,2TTx64,482,6.141,6.267,2.382,55,55,0.031969,5.356415,0.032419,5.345943,3.198,306.9,3.243,306.3,-2.558,2.614,-1.919,TR-01_1-101-E,TR-01_1-103-W
sanjose,1,103,TR-01_1-103,SJ,TR-01_1-103,2TTx64,484,6.116,6.261,2.382,55,55,0.03944,5.146976,0.029611,5.307546,3.946,294.9,2.962,304.1,-3.581,2.454,-1.659,TR-01_1-102-E,TR-01_1-104-W
sanjose,1,104,TR-01_1-104,SJ,TR-01_1-104,2TTx64,486,6.115,6.299,2.382,55,55,0.036114,5.098107,0.018428,5.54142,3.613,292.1,1.843,317.5,-3.348,1.246,-1.358,TR-01_1-103-E,TR-01_1-105-W
sanjose,1,105,TR-01_1-105,SJ,TR-01_1-105,2TTx64,488,6.101,6.159,2.382,55,55,0.039479,4.975934,0.033527,5.024803,3.95,285.1,3.354,287.9,-3.813,3.192,-1.03,TR-01_1-104-E,TR-01_1-106-W
sanjose,1,106,TR-01_1-106,SJ,TR-01_1-106,2TTx64,490,6.167,6.219,2.382,55,55,0.03931,5.014331,0.012829,5.857325,3.933,287.3,1.283,335.6,-3.756,0.53,-1.168,TR-01_1-105-E,TR-01_1-107-W
sanjose,1,107,TR-01_1-107,SJ,TR-01_1-107,2TTx64,492,6.173,6.195,2.382,55,55,0.015609,5.918411,0.034027,5.155703,1.561,339.1,3.404,295.4,-0.556,3.076,-1.458,TR-01_1-106-E,TR-01_1-108-W
sanjose,1,108,TR-01_1-108,SJ,TR-01_1-108,2TTx64,494,6.198,6.237,2.382,55,55,0.030251,5.190609,0.048352,5.003859,3.026,297.4,4.839,286.7,-2.686,4.634,-1.394,TR-01_1-107-E,TR-01_1-109-W
sanjose,1,109,TR-01_1-109,SJ,TR-01_1-109,2TTx64,496,6.219,5.661,2.382,55,55,0.017448,5.757841,0.050697,5.014331,1.745,329.9,5.074,287.3,-0.874,4.844,-1.51,TR-01_1-108-E,
sanjose,1,110,TR-01_1-110,SJ,TR-01_1-110,2TTx64,477,6.068,6.226,2.382,55,55,,,0.027923,5.099852,,,2.793,292.2,,2.586,-1.056,,TR-01_1-111-W
sanjose,1,111,TR-01_1-111,SJ,TR-01_1-111,2TTx64,478,6.226,6.273,2.382,55,55,0.021047,5.164429,0.037462,4.960226,2.105,295.9,3.748,284.2,-1.893,3.633,-0.921,TR-01_1-110-E,TR-01_1-112-W
sanjose,1,112,TR-01_1-112,SJ,TR-01_1-112,2TTx64,480,6.097,6.281,2.382,55,55,0.03921,4.817109,0.021197,4.907866,3.923,276,2.12,281.2,-3.901,2.08,-0.41,TR-01_1-111-E,TR-01_1-113-W
sanjose,1,113,TR-01_1-113,SJ,TR-01_1-113,2TTx64,482,6.141,6.267,2.382,55,55,0.022846,4.843289,0.037203,4.792674,2.285,277.5,3.722,274.6,-2.265,3.71,-0.299,TR-01_1-112-E,TR-01_1-114-W
sanjose,1,114,TR-01_1-114,SJ,TR-01_1-114,2TTx64,484,6.116,6.261,2.382,55,55,0.036933,4.893903,0.019198,5.068436,3.695,280.4,1.92,290.4,-3.634,1.8,-0.669,TR-01_1-113-E,TR-01_1-115-W
sanjose,1,115,TR-01_1-115,SJ,TR-01_1-115,2TTx64,486,6.115,6.299,2.382,55,55,0.025904,5.092871,0.03106,5.026548,2.591,291.8,3.107,288,-2.406,2.955,-0.961,TR-01_1-114-E,TR-01_1-116-W
sanjose,1,116,TR-01_1-116,SJ,TR-01_1-116,2TTx64,488,6.101,6.159,2.382,55,55,0.028123,5.094616,0.021697,5.218534,2.813,291.9,2.17,299,-2.609,1.899,-1.051,TR-01_1-115-E,TR-01_1-117-W
sanjose,1,117,TR-01_1-117,SJ,TR-01_1-117,2TTx64,490,6.167,6.219,2.382,55,55,0.024495,4.963716,0.034866,4.888667,2.45,284.4,3.488,280.1,-2.373,3.434,-0.609,TR-01_1-116-E,TR-01_1-118-W
sanjose,1,118,TR-01_1-118,SJ,TR-01_1-118,2TTx64,492,6.173,6.195,2.382,55,55,0.03154,4.989896,0.032429,4.98117,3.155,285.9,3.244,285.4,-3.035,3.127,-0.862,TR-01_1-117-E,TR-01_1-119-W
sanjose,1,119,TR-01_1-119,SJ,TR-01_1-119,2TTx64,494,6.198,6.237,2.382,55,55,0.029222,4.918338,0.045728,4.843289,2.923,281.8,4.576,277.5,-2.861,4.537,-0.598,TR-01_1-118-E,
sanjose,3,2,TR-02_1-002,SJ,TR-02_1-002,2TTx64,360,6.234,6.208,2.382,55,55,,,0.043453,4.513421,,,4.348,258.6,,4.263,0.858,,TR-02_1-003-W
sanjose,3,3,TR-02_1-003,SJ,TR-02_1-003,2TTx64,361,6.208,6.16,2.382,55,55,0.03941,4.440118,0.050866,4.501204,3.943,254.4,5.091,257.9,-3.797,4.979,1.064,TR-02_1-002-E,TR-02_1-004-W
sanjose,3,4,TR-02_1-004,SJ,TR-02_1-004,2TTx64,363,6.226,6.226,2.382,55,55,0.037403,4.277802,0.026854,4.085816,3.742,245.1,2.686,234.1,-3.395,2.176,1.574,TR-02_1-003-E,TR-02_1-005-W
sanjose,3,5,TR-02_1-005,SJ,TR-02_1-005,2TTx64,365,6.122,6.195,2.382,55,55,0.026884,4.218461,0.014829,3.679154,2.689,241.7,1.483,210.8,-2.368,0.759,1.274,TR-02_1-004-E,TR-02_1-006-W
sanjose,3,6,TR-02_1-006,SJ,TR-02_1-006,2TTx64,367,6.223,6.204,2.382,55,55,0.017458,3.188717,0.024035,3.900811,1.746,182.7,2.404,223.5,-0.081,1.654,1.744,TR-02_1-005-E,TR-02_1-007-W
sanjose,3,7,TR-02_1-007,SJ,TR-02_1-007,2TTx64,369,6.218,6.218,2.382,55,55,0.026224,3.967133,0.034037,4.16261,2.623,227.3,3.405,238.5,-1.928,2.904,1.778,TR-02_1-006-E,TR-02_1-008-W
sanjose,3,8,TR-02_1-008,SJ,TR-02_1-008,2TTx64,371,6.219,6.208,2.382,55,55,0.032908,4.227187,0.016089,3.44528,3.292,242.2,1.609,197.4,-2.912,0.482,1.535,TR-02_1-007-E,TR-02_1-009-W
sanjose,3,9,TR-02_1-009,SJ,TR-02_1-009,2TTx64,373,6.195,6.186,2.382,55,55,0.020887,2.04029,0.012779,3.881612,2.089,116.9,1.278,222.4,1.864,0.862,0.944,TR-02_1-008-E,TR-02_1-010-W
sanjose,3,10,TR-02_1-010,SJ,TR-02_1-010,2TTx64,375,6.228,6.152,2.382,55,55,0.01016,4.731588,0.042584,4.717625,1.016,271.1,4.261,270.3,-1.016,4.261,-0.019,TR-02_1-009-E,
sanjose,3,11,TR-02_1-011,SJ,TR-02_1-011,2TTx64,379,7.127,6.182,2.382,55,55,,,0.015409,5.335472,,,1.541,305.7,,1.251,-0.899,,TR-02_1-012-W
sanjose,3,12,TR-02_1-012,SJ,TR-02_1-012,2TTx64,380,6.182,6.19,2.382,55,55,0.015119,5.311037,0.016319,5.262168,1.512,304.3,1.632,301.5,-1.249,1.391,-0.853,TR-02_1-011-E,TR-02_1-013-W
sanjose,3,13,TR-02_1-013,SJ,TR-02_1-013,2TTx64,382,6.204,6.191,2.382,55,55,0.022246,5.169665,0.018898,5.258677,2.225,296.2,1.89,301.3,-1.996,1.614,-0.983,TR-02_1-012-E,TR-02_1-014-W
sanjose,3,14,TR-02_1-014,SJ,TR-02_1-014,2TTx64,384,5.994,6.401,2.382,55,55,0.030311,4.961971,0.03083,4.95848,3.032,284.3,3.084,284.1,-2.938,2.992,-0.749,TR-02_1-013-E,TR-02_1-015-W
sanjose,3,15,TR-02_1-015,SJ,TR-02_1-015,2TTx64,386,6.193,6.154,2.382,55,55,0.032349,4.759513,0.028193,4.766494,3.236,272.7,2.82,273.1,-3.232,2.816,-0.153,TR-02_1-014-E,TR-02_1-016-W
sanjose,3,16,TR-02_1-016,SJ,TR-02_1-016,2TTx64,388,6.242,6.3,2.382,55,55,0.033707,4.801401,0.031839,4.806637,3.372,275.1,3.185,275.4,-3.359,3.171,-0.298,TR-02_1-015-E,TR-02_1-017-W
sanjose,3,17,TR-02_1-017,SJ,TR-02_1-017,2TTx64,390,6.182,6.171,2.382,55,55,0.034466,4.815363,0.030171,4.829326,3.448,275.9,3.018,276.7,-3.43,2.997,-0.352,TR-02_1-016-E,TR-02_1-018-W
sanjose,3,18,TR-02_1-018,SJ,TR-02_1-018,2TTx64,392,6.284,6.155,2.382,55,55,0.016708,4.773476,0.025325,4.752532,1.671,273.5,2.533,272.3,-1.668,2.531,-0.101,TR-02_1-017-E,TR-02_1-019-W
sanjose,3,19,TR-02_1-019,SJ,TR-02_1-019,2TTx64,394,6.247,6.166,2.382,55,55,0.024175,4.698426,0.025534,4.698426,2.418,269.2,2.554,269.2,-2.418,2.554,0.034,TR-02_1-018-E,TR-02_1-020-W
sanjose,3,20,TR-02_1-020,SJ,TR-02_1-020,2TTx64,396,6.207,6.184,2.382,55,55,0.022806,4.612905,0.03897,4.653048,2.281,264.3,3.899,266.6,-2.27,3.892,0.228,TR-02_1-019-E,TR-02_1-021-W
sanjose,3,21,TR-02_1-021,SJ,TR-02_1-021,2TTx64,398,6.206,6.198,2.382,55,55,0.038551,4.654793,0.042295,4.660029,3.857,266.7,4.232,267,-3.85,4.226,0.225,TR-02_1-020-E,TR-02_1-022-W
sanjose,3,22,TR-02_1-022,SJ,TR-02_1-022,2TTx64,400,6.3,6.156,2.382,55,55,0.045409,4.747296,0.039979,4.752532,4.544,272,4,272.3,-4.541,3.997,-0.16,TR-02_1-021-E,TR-02_1-023-W
sanjose,3,23,TR-02_1-023,SJ,TR-02_1-023,2TTx64,402,6.224,6.186,2.382,55,55,0.0392,4.848525,0.043133,4.836307,3.922,277.8,4.316,277.1,-3.886,4.283,-0.534,TR-02_1-022-E,TR-02_2-001-W
sanjose,3,24,TR-02_1-024,SJ,TR-02_1-024,2TTx64,357,6.258,6.152,2.382,55,55,0.023226,4.871214,0.033497,4.822345,2.323,279.1,3.351,276.3,-2.294,3.331,-0.368,TR-03_1-034-E,TR-02_1-025-W
sanjose,3,25,TR-02_1-025,SJ,TR-02_1-025,2TTx64,359,6.177,6.234,2.382,55,55,0.028203,4.728097,0.025315,4.729842,2.821,270.9,2.532,271,-2.821,2.532,-0.044,TR-02_1-024-E,TR-02_1-026-W
sanjose,3,26,TR-02_1-026,SJ,TR-02_1-026,2TTx64,361,6.208,6.16,2.382,55,55,0.021417,4.656538,0.044042,4.686209,2.142,266.8,4.407,268.5,-2.139,4.405,0.118,TR-02_1-025-E,TR-02_1-027-W
sanjose,3,27,TR-02_1-027,SJ,TR-02_1-027,2TTx64,363,6.226,6.226,2.382,55,55,0.013599,5.08938,0.021057,4.953244,1.36,291.6,2.106,283.8,-1.264,2.045,-0.501,TR-02_1-026-E,TR-02_1-028-W
sanjose,3,28,TR-02_1-028,SJ,TR-02_1-028,2TTx64,365,6.122,6.195,2.382,55,55,0.022336,4.897394,0.00698,5.338962,2.234,280.6,0.698,305.9,-2.196,0.565,-0.409,TR-02_1-027-E,TR-02_1-029-W
sanjose,3,29,TR-02_1-029,SJ,TR-02_1-029,2TTx64,367,6.223,6.204,2.382,55,55,0.01096,5.61647,0.012649,5.461135,1.096,321.8,1.265,312.9,-0.678,0.927,-0.861,TR-02_1-028-E,TR-02_1-030-W
sanjose,3,30,TR-02_1-030,SJ,TR-02_1-030,2TTx64,369,6.218,6.218,2.382,55,55,0.014579,5.581563,0.038691,5.003859,1.458,319.8,3.871,286.7,-0.942,3.707,-1.113,TR-02_1-029-E,TR-02_1-031-W
sanjose,3,31,TR-02_1-031,SJ,TR-02_1-031,2TTx64,371,6.219,6.208,2.382,55,55,0.035116,5.038766,0.022226,5.244714,3.513,288.7,2.223,300.5,-3.327,1.916,-1.128,TR-02_1-030-E,TR-02_1-032-W
sanjose,3,32,TR-02_1-032,SJ,TR-02_1-032,2TTx64,373,6.195,6.186,2.382,55,55,0.021427,5.201081,0.045439,4.935791,2.143,298,4.547,282.8,-1.893,4.434,-1.005,TR-02_1-031-E,TR-02_1-033-W
sanjose,3,33,TR-02_1-033,SJ,TR-02_1-033,2TTx64,375,6.228,6.152,2.382,55,55,0.042724,4.90263,0.062777,4.841543,4.275,280.9,6.286,277.4,-4.198,6.234,-0.81,TR-02_1-032-E,
sanjose,3,34,TR-02_1-034,SJ,TR-02_1-034,2TTx64,379,7.127,6.182,2.382,55,55,,,0.024415,5.185373,,,2.442,297.1,,2.174,-1.112,,TR-02_1-035-W
sanjose,3,35,TR-02_1-035,SJ,TR-02_1-035,2TTx64,380,6.182,6.19,2.382,55,55,0.029342,5.244714,0.024705,5.359906,2.935,300.5,2.471,307.1,-2.529,1.972,-1.489,TR-02_1-034-E,TR-02_1-036-W
sanjose,3,36,TR-02_1-036,SJ,TR-02_1-036,2TTx64,382,6.204,6.191,2.382,55,55,0.026854,5.1941,0.033348,5.094616,2.686,297.6,3.336,291.9,-2.381,3.096,-1.244,TR-02_1-035-E,TR-02_1-037-W
sanjose,3,37,TR-02_1-037,SJ,TR-02_1-037,2TTx64,384,5.994,6.401,2.382,55,55,0.025694,5.468117,0.021966,5.644395,2.57,313.3,2.197,323.4,-1.869,1.31,-1.764,TR-02_1-036-E,TR-02_1-038-W
sanjose,3,38,TR-02_1-038,SJ,TR-02_1-038,2TTx64,386,6.193,6.154,2.382,55,55,0.021877,5.988225,0.039879,5.263913,2.188,343.1,3.99,301.6,-0.635,3.397,-2.093,TR-02_1-037-E,TR-02_1-039-W
sanjose,3,39,TR-02_1-039,SJ,TR-02_1-039,2TTx64,388,6.242,6.3,2.382,55,55,0.038401,5.230752,0.038401,5.230752,3.842,299.7,3.842,299.7,-3.338,3.338,-1.902,TR-02_1-038-E,TR-02_1-040-W
sanjose,3,40,TR-02_1-040,SJ,TR-02_1-040,2TTx64,390,6.182,6.171,2.382,55,55,0.040128,5.225516,0.026154,5.5676,4.015,299.4,2.616,319,-3.497,1.717,-1.973,TR-02_1-039-E,TR-02_1-041-W
sanjose,3,41,TR-02_1-041,SJ,TR-02_1-041,2TTx64,392,6.284,6.155,2.382,55,55,0.025624,5.766568,0.031929,5.483825,2.563,330.4,3.194,314.2,-1.268,2.289,-2.228,TR-02_1-040-E,TR-02_1-042-W
sanjose,3,42,TR-02_1-042,SJ,TR-02_1-042,2TTx64,394,6.247,6.166,2.382,55,55,0.032948,5.427974,0.030011,5.51524,3.296,311,3.002,316,-2.489,2.085,-2.16,TR-02_1-041-E,TR-02_1-043-W
sanjose,3,43,TR-02_1-043,SJ,TR-02_1-043,2TTx64,396,6.207,6.184,2.382,55,55,0.031719,5.480334,0.044051,5.235988,3.173,314,4.408,300,-2.284,3.818,-2.203,TR-02_1-042-E,TR-02_1-044-W
sanjose,3,44,TR-02_1-044,SJ,TR-02_1-044,2TTx64,398,6.206,6.198,2.382,55,55,0.040588,5.262168,0.047624,5.173156,4.061,301.5,4.766,296.4,-3.464,4.269,-2.119,TR-02_1-043-E,TR-02_1-045-W
sanjose,3,45,TR-02_1-045,SJ,TR-02_1-045,2TTx64,400,6.3,6.156,2.382,55,55,0.051684,5.08938,0.048352,5.117305,5.173,291.6,4.839,293.2,-4.809,4.448,-1.906,TR-02_1-044-E,TR-02_1-046-W
sanjose,3,46,TR-02_1-046,SJ,TR-02_1-046,2TTx64,402,6.224,6.186,2.382,55,55,0.046387,5.042256,0.043003,5.070181,4.642,288.9,4.303,290.5,-4.391,4.031,-1.505,TR-02_1-045-E,TR-02_2-019-W
sanjose,3,47,TR-02_1-047,SJ,TR-02_1-047,2TTx64,363,6.226,6.226,2.382,55,55,0.027883,5.958554,0.042574,5.382595,2.789,341.4,4.26,308.4,-0.889,3.34,-2.644,TR-03_1-053-E,TR-02_1-048-W
sanjose,3,48,TR-02_1-048,SJ,TR-02_1-048,2TTx64,365,6.122,6.195,2.382,55,55,0.03944,5.349434,0.029801,5.61996,3.946,306.5,2.981,322,-3.171,1.836,-2.349,TR-02_1-047-E,TR-02_1-049-W
sanjose,3,49,TR-02_1-049,SJ,TR-02_1-049,2TTx64,367,6.223,6.204,2.382,55,55,0.023486,5.53793,0.019937,5.759587,2.349,317.3,1.994,330,-1.592,0.996,-1.728,TR-02_1-048-E,TR-02_1-050-W
sanjose,3,50,TR-02_1-050,SJ,TR-02_1-050,2TTx64,369,6.218,6.218,2.382,55,55,0.016878,5.674065,0.025544,5.284857,1.688,325.1,2.555,302.8,-0.966,2.147,-1.384,TR-02_1-049-E,TR-02_1-051-W
sanjose,3,51,TR-02_1-051,SJ,TR-02_1-051,2TTx64,371,6.219,6.208,2.382,55,55,0.024865,5.318018,0.015329,5.888741,2.487,304.7,1.533,337.4,-2.045,0.589,-1.416,TR-02_1-050-E,TR-02_1-052-W
sanjose,3,52,TR-02_1-052,SJ,TR-02_1-052,2TTx64,373,6.195,6.186,2.382,55,55,0.033128,5.134759,0.038531,5.071927,3.314,294.2,3.855,290.6,-3.023,3.608,-1.358,TR-02_1-051-E,TR-02_1-053-W
sanjose,3,53,TR-02_1-053,SJ,TR-02_1-053,2TTx64,375,6.228,6.152,2.382,55,55,0.03151,5.225516,0.028223,5.293584,3.152,299.4,2.823,303.3,-2.745,2.36,-1.55,TR-02_1-052-E,
sanjose,3,54,TR-02_1-054,SJ,TR-02_1-054,2TTx64,379,7.127,6.182,2.382,55,55,,,0.032039,5.555383,,,3.205,318.3,,2.13,-2.394,,TR-02_1-055-W
sanjose,3,55,TR-02_1-055,SJ,TR-02_1-055,2TTx64,380,6.182,6.19,2.382,55,55,0.021767,0.47473,0.048203,5.126032,2.177,27.2,4.824,293.7,0.996,4.419,-1.936,TR-02_1-054-E,TR-02_1-056-W
sanjose,3,56,TR-02_1-056,SJ,TR-02_1-056,2TTx64,382,6.204,6.191,2.382,55,55,0.033927,5.293584,0.029002,5.408775,3.394,303.3,2.901,309.9,-2.838,2.225,-1.861,TR-02_1-055-E,
sanjose,3,59,TR-02_1-059,SJ,TR-02_1-059,2TTx64,389,6.3,6.182,2.382,55,55,,,0.034676,5.003859,,,3.469,286.7,,3.323,-0.997,,TR-02_1-060-W
sanjose,3,60,TR-02_1-060,SJ,TR-02_1-060,2TTx64,390,6.182,6.171,2.382,55,55,0.041077,4.993387,0.026344,5.160939,4.11,286.1,2.635,295.7,-3.948,2.375,-1.142,TR-02_1-059-E,TR-02_1-061-W
sanjose,3,61,TR-02_1-061,SJ,TR-02_1-061,2TTx64,392,6.284,6.155,2.382,55,55,0.021437,5.297074,0.017698,5.443682,2.144,303.5,1.77,311.9,-1.788,1.317,-1.183,TR-02_1-060-E,TR-02_1-062-W
sanjose,3,62,TR-02_1-062,SJ,TR-02_1-062,2TTx64,394,6.247,6.166,2.382,55,55,0.014319,5.119051,0.029242,4.907866,1.432,293.3,2.925,281.2,-1.315,2.869,-0.568,TR-02_1-061-E,TR-02_1-063-W
sanjose,3,63,TR-02_1-063,SJ,TR-02_1-063,2TTx64,396,6.207,6.184,2.382,55,55,0.028612,4.811873,0.027733,4.813618,2.862,275.7,2.774,275.8,-2.848,2.76,-0.282,TR-02_1-062-E,TR-02_1-064-W
sanjose,3,64,TR-02_1-064,SJ,TR-02_1-064,2TTx64,398,6.206,6.198,2.382,55,55,0.025904,4.665265,0.015719,4.633849,2.591,267.3,1.572,265.5,-2.588,1.567,0.122,TR-02_1-063-E,TR-02_1-065-W
sanjose,3,65,TR-02_1-065,SJ,TR-02_1-065,2TTx64,400,6.3,6.156,2.382,55,55,0.022856,4.733333,0.020617,4.735078,2.286,271.2,2.062,271.3,-2.285,2.061,-0.048,TR-02_1-064-E,TR-02_1-066-W
sanjose,3,66,TR-02_1-066,SJ,TR-02_1-066,2TTx64,402,6.224,6.186,2.382,55,55,0.019238,4.74555,0.030311,4.733333,1.924,271.9,3.032,271.2,-1.923,3.031,-0.062,TR-02_1-065-E,TR-02_1-067-W
sanjose,3,67,TR-02_1-067,SJ,TR-02_1-067,2TTx64,404,6.227,6.152,2.382,55,55,0.033937,4.775221,0.022886,4.804891,3.395,273.6,2.289,275.3,-3.388,2.279,-0.211,TR-02_1-066-E,TR-02_1-068-W
sanjose,3,68,TR-02_1-068,SJ,TR-02_1-068,2TTx64,406,6.24,6.167,2.382,55,55,0.019667,4.598943,0.012539,4.534365,1.967,263.5,1.254,259.8,-1.954,1.234,0.223,TR-02_1-067-E,TR-02_2-048-W
sanjose,3,69,TR-02_1-069,SJ,TR-02_1-069,2TTx64,363,6.226,6.226,2.382,55,55,0.052123,4.459316,0.036564,4.347615,5.217,255.5,3.658,249.1,-5.051,3.416,1.307,TR-03_1-072-E,TR-02_1-070-W
sanjose,3,70,TR-02_1-070,SJ,TR-02_1-070,2TTx64,365,6.122,6.195,2.382,55,55,0.037233,4.567527,0.00942,4.10676,3.725,261.7,0.942,235.3,-3.686,0.775,0.536,TR-02_1-069-E,TR-02_1-071-W
sanjose,3,71,TR-02_1-071,SJ,TR-02_1-071,2TTx64,367,6.223,6.204,2.382,55,55,0.00918,4.258603,0.015959,4.457571,0.918,244,1.596,255.4,-0.825,1.544,0.402,TR-02_1-070-E,TR-02_1-072-W
sanjose,3,72,TR-02_1-072,SJ,TR-02_1-072,2TTx64,369,6.218,6.218,2.382,55,55,0.013759,4.74555,0.024085,4.731588,1.376,271.9,2.409,271.1,-1.375,2.409,-0.046,TR-02_1-071-E,TR-02_1-073-W
sanjose,3,73,TR-02_1-073,SJ,TR-02_1-073,2TTx64,371,6.219,6.208,2.382,55,55,0.022496,4.832817,0.050028,4.766494,2.25,276.9,5.007,273.1,-2.234,5,-0.27,TR-02_1-072-E,TR-02_1-074-W
sanjose,3,74,TR-02_1-074,SJ,TR-02_1-074,2TTx64,373,6.195,6.186,2.382,55,55,0.03099,4.878195,0.03917,4.843289,3.1,279.5,3.919,277.5,-3.057,3.885,-0.514,TR-02_1-073-E,TR-02_1-075-W
sanjose,3,75,TR-02_1-075,SJ,TR-02_1-075,2TTx64,375,6.228,6.152,2.382,55,55,0.039809,4.825835,0.042165,4.818854,3.983,276.5,4.219,276.1,-3.958,4.195,-0.449,TR-02_1-074-E,
sanjose,3,76,TR-02_1-076,SJ,TR-02_1-076,2TTx64,379,7.127,6.182,2.382,55,55,,,0.019078,4.98466,,,1.908,285.6,,1.837,-0.514,,TR-02_1-077-W
sanjose,3,77,TR-02_1-077,SJ,TR-02_1-077,2TTx64,380,6.182,6.19,2.382,55,55,0.014419,0.790634,0.040897,4.961971,1.442,45.3,4.092,284.3,1.026,3.965,-1.014,TR-02_1-076-E,TR-02_1-078-W
sanjose,3,78,TR-02_1-078,SJ,TR-02_1-078,2TTx64,382,6.204,6.191,2.382,55,55,0.029012,5.148721,0.018808,5.420993,2.902,295,1.881,310.6,-2.631,1.428,-1.224,TR-02_1-077-E,
sanjose,3,79,TR-02_1-079,SJ,TR-02_1-079,2TTx64,385,6.401,6.193,2.382,55,55,0.024635,4.953244,0.022686,4.974188,2.464,283.8,2.269,285,-2.393,2.191,-0.588,,TR-02_1-080-W
sanjose,3,80,TR-02_1-080,SJ,TR-02_1-080,2TTx64,386,6.193,6.154,2.382,55,55,0.024585,5.183628,0.021477,5.258677,2.459,297,2.148,301.3,-2.191,1.835,-1.116,TR-02_1-079-E,TR-02_1-081-W
sanjose,3,81,TR-02_1-081,SJ,TR-02_1-081,2TTx64,388,6.242,6.3,2.382,55,55,0.018708,5.572836,0.045139,5.031784,1.871,319.3,4.517,288.3,-1.221,4.289,-1.417,TR-02_1-080-E,TR-02_1-082-W
sanjose,3,82,TR-02_1-082,SJ,TR-02_1-082,2TTx64,390,6.182,6.171,2.382,55,55,0.035295,5.162684,0.025484,5.359906,3.531,295.8,2.549,307.1,-3.179,2.034,-1.536,TR-02_1-081-E,TR-02_1-083-W
sanjose,3,83,TR-02_1-083,SJ,TR-02_1-083,2TTx64,392,6.284,6.155,2.382,55,55,0.026134,5.318018,0.024135,5.377359,2.614,304.7,2.414,308.1,-2.149,1.9,-1.489,TR-02_1-082-E,TR-02_1-084-W
sanjose,3,84,TR-02_1-084,SJ,TR-02_1-084,2TTx64,394,6.247,6.166,2.382,55,55,0.024155,5.637413,0.026923,5.51175,2.416,323,2.693,315.8,-1.453,1.877,-1.931,TR-02_1-083-E,TR-02_1-085-W
sanjose,3,85,TR-02_1-085,SJ,TR-02_1-085,2TTx64,396,6.207,6.184,2.382,55,55,0.027223,5.618215,0.03137,5.464626,2.723,321.9,3.138,313.1,-1.681,2.293,-2.142,TR-02_1-084-E,TR-02_1-086-W
sanjose,3,86,TR-02_1-086,SJ,TR-02_1-086,2TTx64,398,6.206,6.198,2.382,55,55,0.032758,5.633923,0.029282,5.811946,3.277,322.8,2.929,333,-1.983,1.331,-2.609,TR-02_1-085-E,TR-02_1-087-W
sanjose,3,87,TR-02_1-087,SJ,TR-02_1-087,2TTx64,400,6.3,6.156,2.382,55,55,0.045229,5.38085,0.039499,5.503023,4.526,308.3,3.952,315.3,-3.551,2.782,-2.807,TR-02_1-086-E,TR-02_1-088-W
sanjose,3,88,TR-02_1-088,SJ,TR-02_1-088,2TTx64,402,6.224,6.186,2.382,55,55,0.03945,5.557128,0.044531,5.436701,3.947,318.4,4.456,311.5,-2.619,3.337,-2.953,TR-02_1-087-E,TR-02_1-089-W
sanjose,3,89,TR-02_1-089,SJ,TR-02_1-089,2TTx64,404,6.227,6.152,2.382,55,55,0.046846,5.325,0.026953,6.248279,4.688,305.1,2.696,358,-3.837,0.096,-2.694,TR-02_1-088-E,TR-02_1-090-W
sanjose,3,90,TR-02_1-090,SJ,TR-02_1-090,2TTx64,406,6.24,6.167,2.382,55,55,0.025824,0.101229,0.025714,6.244788,2.583,5.8,2.572,357.8,0.26,0.099,-2.57,TR-02_1-089-E,TR-02_2-066-W
sanjose,3,91,TR-02_1-091,SJ,TR-02_1-091,2TTx64,379,7.127,6.182,2.382,55,55,,,0.023386,4.803146,,,2.339,275.2,,2.329,-0.214,,TR-02_1-092-W
sanjose,3,92,TR-02_1-092,SJ,TR-02_1-092,2TTx64,380,6.182,6.19,2.382,55,55,0.00245,5.153957,0.0393,4.738569,0.245,295.3,3.932,271.5,-0.222,3.931,-0.105,TR-02_1-091-E,TR-02_1-093-W
sanjose,3,93,TR-02_1-093,SJ,TR-02_1-093,2TTx64,382,6.204,6.191,2.382,55,55,0.03064,4.598943,0.01132,4.40172,3.065,263.5,1.132,252.2,-3.045,1.078,0.346,TR-02_1-092-E,TR-02_1-094-W
sanjose,3,94,TR-02_1-094,SJ,TR-02_1-094,2TTx64,384,5.994,6.401,2.382,55,55,0.0112,4.317945,0.025225,4.541347,1.12,247.4,2.523,260.2,-1.034,2.486,0.429,TR-02_1-093-E,TR-02_1-095-W
sanjose,3,95,TR-02_1-095,SJ,TR-02_1-095,2TTx64,386,6.193,6.154,2.382,55,55,0.022966,4.492477,0.032379,4.557055,2.297,257.4,3.239,261.1,-2.241,3.2,0.503,TR-02_1-094-E,TR-02_1-096-W
sanjose,3,96,TR-02_1-096,SJ,TR-02_1-096,2TTx64,388,6.242,6.3,2.382,55,55,0.034846,4.482006,0.026933,4.412192,3.486,256.8,2.694,252.8,-3.394,2.574,0.796,TR-02_1-095-E,TR-02_1-097-W
sanjose,3,97,TR-02_1-097,SJ,TR-02_1-097,2TTx64,390,6.182,6.171,2.382,55,55,0.030091,4.352851,0.019867,4.150393,3.01,249.4,1.987,237.8,-2.818,1.681,1.059,TR-02_1-096-E,TR-02_1-098-W
sanjose,3,98,TR-02_1-098,SJ,TR-02_1-098,2TTx64,392,6.284,6.155,2.382,55,55,0.032059,4.403466,0.032139,4.405211,3.207,252.3,3.215,252.4,-3.056,3.064,0.972,TR-02_1-097-E,TR-02_1-099-W
sanjose,3,99,TR-02_1-099,SJ,TR-02_1-099,2TTx64,394,6.247,6.166,2.382,55,55,0.036833,4.436627,0.021926,4.237659,3.685,254.2,2.193,242.8,-3.546,1.951,1.002,TR-02_1-098-E,TR-02_1-100-W
sanjose,3,100,TR-02_1-100,SJ,TR-02_1-100,2TTx64,396,6.207,6.184,2.382,55,55,0.021227,4.101524,0.03106,4.309218,2.123,235,3.107,246.9,-1.739,2.858,1.218,TR-02_1-099-E,TR-02_1-101-W
sanjose,3,101,TR-02_1-101,SJ,TR-02_1-101,2TTx64,398,6.206,6.198,2.382,55,55,0.027593,4.218461,0.025165,4.166101,2.76,241.7,2.517,238.7,-2.43,2.15,1.309,TR-02_1-100-E,TR-02_1-102-W
sanjose,3,102,TR-02_1-102,SJ,TR-02_1-102,2TTx64,400,6.3,6.156,2.382,55,55,0.051933,4.461062,0.033398,4.314454,5.198,255.6,3.341,247.2,-5.034,3.08,1.294,TR-02_1-101-E,TR-02_1-103-W
sanjose,3,103,TR-02_1-103,SJ,TR-02_1-103,2TTx64,402,6.224,6.186,2.382,55,55,0.03148,4.244641,0.033817,4.277802,3.149,243.2,3.383,245.1,-2.81,3.069,1.422,TR-02_1-102-E,TR-02_1-104-W
sanjose,3,104,TR-02_1-104,SJ,TR-02_1-104,2TTx64,404,6.227,6.152,2.382,55,55,0.033737,4.235914,0.015459,3.141593,3.375,242.7,1.546,180,-3,0.001,1.546,TR-02_1-103-E,TR-02_1-105-W
sanjose,3,105,TR-02_1-105,SJ,TR-02_1-105,2TTx64,406,6.24,6.167,2.382,55,55,0.01093,2.478368,0.013179,4.000295,1.093,142,1.318,229.2,0.673,0.998,0.861,TR-02_1-104-E,TR-02_2-084-W
sanjose,3,106,TR-02_1-106,SJ,TR-02_1-106,2TTx64,379,7.127,6.182,2.382,55,55,,,0.024895,4.588471,,,2.49,262.9,,2.471,0.308,,TR-02_1-107-W
sanjose,3,107,TR-02_1-107,SJ,TR-02_1-107,2TTx64,380,6.182,6.19,2.382,55,55,0.0072,4.761258,0.037632,4.721116,0.72,272.8,3.765,270.5,-0.719,3.765,-0.035,TR-02_1-106-E,TR-02_1-108-W
sanjose,3,108,TR-02_1-108,SJ,TR-02_1-108,2TTx64,382,6.204,6.191,2.382,55,55,0.028932,4.864233,0.017418,4.967207,2.894,278.7,1.742,284.6,-2.86,1.686,-0.439,TR-02_1-107-E,TR-02_1-109-W
sanjose,3,109,TR-02_1-109,SJ,TR-02_1-109,2TTx64,384,5.994,6.401,2.382,55,55,0.016688,5.304056,0.023086,5.127777,1.669,303.9,2.309,293.8,-1.386,2.113,-0.93,TR-02_1-108-E,TR-02_1-110-W
sanjose,3,110,TR-02_1-110,SJ,TR-02_1-110,2TTx64,386,6.193,6.154,2.382,55,55,0.020037,5.183628,0.027553,5.049238,2.004,297,2.756,289.3,-1.786,2.601,-0.91,TR-02_1-109-E,TR-02_1-111-W
sanjose,3,111,TR-02_1-111,SJ,TR-02_1-111,2TTx64,388,6.242,6.3,2.382,55,55,0.029981,4.977679,0.024185,5.044002,2.999,285.2,2.419,289,-2.894,2.288,-0.787,TR-02_1-110-E,TR-02_1-112-W
sanjose,3,112,TR-02_1-112,SJ,TR-02_1-112,2TTx64,390,6.182,6.171,2.382,55,55,0.026794,5.110324,0.022436,5.192355,2.68,292.8,2.244,297.5,-2.471,1.99,-1.038,TR-02_1-111-E,TR-02_1-113-W
sanjose,3,113,TR-02_1-113,SJ,TR-02_1-113,2TTx64,392,6.284,6.155,2.382,55,55,0.019697,5.138249,0.013469,5.361651,1.97,294.4,1.347,307.2,-1.794,1.073,-0.813,TR-02_1-112-E,TR-02_1-114-W
sanjose,3,114,TR-02_1-114,SJ,TR-02_1-114,2TTx64,394,6.247,6.166,2.382,55,55,0.018708,5.03353,0.014419,5.134759,1.871,288.4,1.442,294.2,-1.775,1.315,-0.592,TR-02_1-113-E,TR-02_1-115-W
sanjose,3,115,TR-02_1-115,SJ,TR-02_1-115,2TTx64,396,6.207,6.184,2.382,55,55,0.013489,5.038766,0.016568,4.977679,1.349,288.7,1.657,285.2,-1.278,1.599,-0.433,TR-02_1-114-E,TR-02_1-116-W
sanjose,3,116,TR-02_1-116,SJ,TR-02_1-116,2TTx64,398,6.206,6.198,2.382,55,55,0.017468,5.014331,0.038491,4.848525,1.747,287.3,3.851,277.8,-1.668,3.816,-0.52,TR-02_1-115-E,TR-02_1-117-W
sanjose,3,117,TR-02_1-117,SJ,TR-02_1-117,2TTx64,400,6.3,6.156,2.382,55,55,0.038251,4.838053,0.033328,4.857251,3.827,277.2,3.334,278.3,-3.797,3.299,-0.482,TR-02_1-116-E,TR-02_1-118-W
sanjose,3,118,TR-02_1-118,SJ,TR-02_1-118,2TTx64,402,6.224,6.186,2.382,55,55,0.030331,4.888667,0.028632,4.899139,3.034,280.1,2.864,280.7,-2.987,2.814,-0.531,TR-02_1-117-E,TR-02_1-119-W
sanjose,3,119,TR-02_1-119,SJ,TR-02_1-119,2TTx64,404,6.227,6.152,2.382,55,55,0.021587,4.878195,0.016628,4.92881,2.159,279.5,1.663,282.4,-2.129,1.624,-0.356,TR-02_1-118-E,TR-02_1-120-W
sanjose,3,120,TR-02_1-120,SJ,TR-02_1-120,2TTx64,406,6.24,6.167,2.382,55,55,0.01077,4.769985,0.00972,4.776966,1.077,273.3,0.972,273.7,-1.075,0.97,-0.062,TR-02_1-119-E,TR-02_2-102-W
sanjose,2,1,TR-02_2-001,SJ,TR-02_2-001,2TTx64,404,6.227,6.152,2.382,55,55,0.046077,4.913102,0.058673,4.869469,4.611,281.5,5.874,279,-4.518,5.801,-0.921,TR-02_1-023-E,TR-02_2-002-W
sanjose,2,2,TR-02_2-002,SJ,TR-02_2-002,2TTx64,406,6.24,6.167,2.382,55,55,0.050836,4.930555,0.019028,5.32849,5.088,282.5,1.903,305.3,-4.967,1.552,-1.101,TR-02_2-001-E,TR-02_2-003-W
sanjose,2,3,TR-02_2-003,SJ,TR-02_2-003,2TTx64,408,6.317,6.17,2.382,55,55,0.024715,5.401794,0.051574,5.021312,2.472,309.5,5.162,287.7,-1.908,4.917,-1.572,TR-02_2-002-E,TR-02_2-004-W
sanjose,2,4,TR-02_2-004,SJ,TR-02_2-004,2TTx64,410,6.242,6.149,2.382,55,55,0.050188,5.019567,0.034646,5.166175,5.023,287.6,3.466,296,-4.788,3.115,-1.52,TR-02_2-003-E,TR-02_2-005-W
sanjose,2,5,TR-02_2-005,SJ,TR-02_2-005,2TTx64,412,6.235,6.167,2.382,55,55,0.040278,5.251696,0.043443,5.208062,4.03,300.9,4.347,298.4,-3.458,3.823,-2.07,TR-02_2-004-E,TR-02_2-006-W
sanjose,2,6,TR-02_2-006,SJ,TR-02_2-006,2TTx64,414,6.224,6.169,2.382,55,55,0.046017,5.239478,0.033497,5.476843,4.605,300.2,3.351,313.8,-3.979,2.42,-2.318,TR-02_2-005-E,TR-02_2-007-W
sanjose,2,7,TR-02_2-007,SJ,TR-02_2-007,2TTx64,416,6.346,6.156,2.382,55,55,0.033777,5.277876,0.018798,6.009169,3.379,302.4,1.88,344.3,-2.854,0.51,-1.809,TR-02_2-006-E,TR-02_2-008-W
sanjose,2,8,TR-02_2-008,SJ,TR-02_2-008,2TTx64,418,6.276,6.119,2.382,55,55,0.03148,5.265658,0.016608,6.185447,3.149,301.7,1.661,354.4,-2.68,0.162,-1.653,TR-02_2-007-E,TR-02_2-009-W
sanjose,2,9,TR-02_2-009,SJ,TR-02_2-009,2TTx64,420,6.256,6.15,2.382,55,55,0.021727,5.848598,0.020457,6.009169,2.173,335.1,2.046,344.3,-0.916,0.553,-1.97,TR-02_2-008-E,TR-02_2-010-W
sanjose,2,10,TR-02_2-010,SJ,TR-02_2-010,2TTx64,422,6.241,6.11,2.382,55,55,0.023276,5.839872,0.021027,6.277949,2.328,334.6,2.103,359.7,-0.997,0.012,-2.103,TR-02_2-009-E,TR-02_2-011-W
sanjose,2,11,TR-02_2-011,SJ,TR-02_2-011,2TTx64,424,6.395,6.149,2.382,55,55,0.024645,6.155776,0.042425,0.95644,2.465,352.7,4.245,54.8,-0.313,-3.47,-2.445,TR-02_2-010-E,TR-02_2-012-W
sanjose,2,12,TR-02_2-012,SJ,TR-02_2-012,2TTx64,426,6.121,6.254,2.382,55,55,0.033697,0.537561,0.030511,0.321141,3.371,30.8,3.052,18.4,1.724,-0.961,-2.897,TR-02_2-011-E,TR-02_2-013-W
sanjose,2,13,TR-02_2-013,SJ,TR-02_2-013,2TTx64,428,6.194,6.177,2.382,55,55,0.033148,0.513127,0.030341,0.312414,3.316,29.4,3.035,17.9,1.628,-0.931,-2.889,TR-02_2-012-E,TR-02_2-014-W
sanjose,2,14,TR-02_2-014,SJ,TR-02_2-014,2TTx64,430,6.213,6.318,2.382,55,55,0.027513,0.336849,0.028292,0.408407,2.752,19.3,2.83,23.4,0.909,-1.123,-2.598,TR-02_2-013-E,TR-05_1-109-W
sanjose,2,15,TR-02_2-015,SJ,TR-02_2-015,2TTx64,454,6.322,6.176,2.382,55,55,0.018338,5.002114,0.027193,4.906121,1.834,286.6,2.72,281.1,-1.757,2.669,-0.525,TR-05_1-119-E,TR-02_2-016-W
sanjose,2,16,TR-02_2-016,SJ,TR-02_2-016,2TTx64,456,6.222,6.174,2.382,55,55,0.027753,4.998623,0.029092,4.98466,2.776,286.4,2.91,285.6,-2.663,2.803,-0.782,TR-02_2-015-E,TR-02_2-017-W
sanjose,2,17,TR-02_2-017,SJ,TR-02_2-017,2TTx64,458,6.214,6.184,2.382,55,55,0.026244,5.052728,0.030521,5.003859,2.625,289.5,3.053,286.7,-2.474,2.924,-0.878,TR-02_2-016-E,TR-02_2-018-W
sanjose,2,18,TR-02_2-018,SJ,TR-02_2-018,2TTx64,460,6.164,6.161,2.382,55,55,0.033158,5.024803,0.033787,5.019567,3.317,287.9,3.38,287.6,-3.156,3.222,-1.022,TR-02_2-017-E,
sanjose,2,19,TR-02_2-019,SJ,TR-02_2-019,2TTx64,404,6.227,6.152,2.382,55,55,0.042395,5.035275,0.070035,4.906121,4.242,288.5,7.015,281.1,-4.022,6.884,-1.349,TR-02_1-046-E,TR-02_2-020-W
sanjose,2,20,TR-02_2-020,SJ,TR-02_2-020,2TTx64,406,6.24,6.167,2.382,55,55,0.062518,4.918338,0.037532,5.061455,6.26,281.8,3.755,290,-6.127,3.529,-1.284,TR-02_2-019-E,TR-02_2-021-W
sanjose,2,21,TR-02_2-021,SJ,TR-02_2-021,2TTx64,408,6.317,6.17,2.382,55,55,0.037592,4.95848,0.012509,0.752237,3.761,284.1,1.251,43.1,-3.648,-0.854,-0.914,TR-02_2-020-E,TR-02_2-022-W
sanjose,2,22,TR-02_2-022,SJ,TR-02_2-022,2TTx64,410,6.242,6.149,2.382,55,55,0.019538,4.82409,0.044012,4.763004,1.954,276.4,4.404,272.9,-1.942,4.399,-0.219,TR-02_2-021-E,TR-02_2-023-W
sanjose,2,23,TR-02_2-023,SJ,TR-02_2-023,2TTx64,412,6.235,6.167,2.382,55,55,0.047953,4.600688,0.03111,4.539601,4.799,263.6,3.112,260.1,-4.769,3.066,0.535,TR-02_2-022-E,TR-02_2-024-W
sanjose,2,24,TR-02_2-024,SJ,TR-02_2-024,2TTx64,414,6.224,6.169,2.382,55,55,0.028302,4.525639,0.020627,4.45408,2.831,259.3,2.063,255.2,-2.782,1.995,0.526,TR-02_2-023-E,TR-02_2-025-W
sanjose,2,25,TR-02_2-025,SJ,TR-02_2-025,2TTx64,416,6.346,6.156,2.382,55,55,0.018288,4.565781,0.015529,4.539601,1.829,261.6,1.553,260.1,-1.809,1.53,0.266,TR-02_2-024-E,TR-02_2-026-W
sanjose,2,26,TR-02_2-026,SJ,TR-02_2-026,2TTx64,418,6.276,6.119,2.382,55,55,0.039609,4.836307,0.00719,5.457645,3.963,277.1,0.719,312.7,-3.933,0.528,-0.487,TR-02_2-025-E,TR-02_2-027-W
sanjose,2,27,TR-02_2-027,SJ,TR-02_2-027,2TTx64,420,6.256,6.15,2.382,55,55,0.00664,5.665339,0.01065,5.24646,0.664,324.6,1.065,300.6,-0.385,0.917,-0.541,TR-02_2-026-E,TR-02_2-028-W
sanjose,2,28,TR-02_2-028,SJ,TR-02_2-028,2TTx64,422,6.241,6.11,2.382,55,55,0.0033,5.269149,0.00204,0.548033,0.33,301.9,0.204,31.4,-0.28,-0.106,-0.174,TR-02_2-027-E,TR-02_2-029-W
sanjose,2,29,TR-02_2-029,SJ,TR-02_2-029,2TTx64,424,6.395,6.149,2.382,55,55,0.0073,1.677261,0.00698,4.602433,0.73,96.1,0.698,263.7,0.726,0.694,0.077,TR-02_2-028-E,TR-02_2-030-W
sanjose,2,30,TR-02_2-030,SJ,TR-02_2-030,2TTx64,426,6.121,6.254,2.382,55,55,0.01041,4.82409,0.00715,1.408481,1.041,276.4,0.715,80.7,-1.035,-0.706,-0.116,TR-02_2-029-E,TR-02_2-031-W
sanjose,2,31,TR-02_2-031,SJ,TR-02_2-031,2TTx64,428,6.194,6.177,2.382,55,55,0.00946,1.172861,0.00814,1.104793,0.946,67.2,0.814,63.3,0.872,-0.727,-0.366,TR-02_2-030-E,TR-02_2-032-W
sanjose,2,32,TR-02_2-032,SJ,TR-02_2-032,2TTx64,430,6.213,6.318,2.382,55,55,0.00528,0.357792,0.012639,1.169371,0.528,20.5,1.264,67,0.185,-1.163,-0.494,TR-02_2-031-E,TR-02_2-033-W
sanjose,2,33,TR-02_2-033,SJ,TR-02_2-033,2TTx64,432,6.194,6.184,2.382,55,55,0.00401,1.214749,0.023006,1.50971,0.401,69.6,2.301,86.5,0.376,-2.297,-0.14,TR-02_2-032-E,TR-02_2-034-W
sanjose,2,34,TR-02_2-034,SJ,TR-02_2-034,2TTx64,434,6.215,6.151,2.382,55,55,0.00487,5.529203,0.014919,4.953244,0.487,316.8,1.492,283.8,-0.333,1.449,-0.355,TR-02_2-033-E,TR-02_2-035-W
sanjose,2,35,TR-02_2-035,SJ,TR-02_2-035,2TTx64,436,6.24,6.177,2.382,55,55,0.011499,5.216789,0.027953,4.913102,1.15,298.9,2.796,281.5,-1.007,2.74,-0.556,TR-02_2-034-E,TR-02_2-036-W
sanjose,2,36,TR-02_2-036,SJ,TR-02_2-036,2TTx64,438,6.222,6.169,2.382,55,55,0.024095,5.073672,0.032529,4.977679,2.41,290.7,3.254,285.2,-2.255,3.141,-0.851,TR-02_2-035-E,TR-02_2-037-W
sanjose,2,37,TR-02_2-037,SJ,TR-02_2-037,2TTx64,440,6.275,6.182,2.382,55,55,0.033737,5.019567,0.038401,4.98117,3.375,287.6,3.842,285.4,-3.216,3.703,-1.023,TR-02_2-036-E,TR-02_2-038-W
sanjose,2,38,TR-02_2-038,SJ,TR-02_2-038,2TTx64,442,6.222,6.189,2.382,55,55,0.014609,6.073746,0.024795,5.326745,1.461,348,2.48,305.2,-0.303,2.027,-1.429,TR-02_2-037-E,TR-02_2-039-W
sanjose,2,39,TR-02_2-039,SJ,TR-02_2-039,2TTx64,444,6.21,6.144,2.382,55,55,0.019837,5.794493,0.040977,5.153957,1.984,332,4.1,295.3,-0.931,3.707,-1.753,TR-02_2-038-E,TR-02_2-040-W
sanjose,2,40,TR-02_2-040,SJ,TR-02_2-040,2TTx64,446,5.766,6.821,2.382,55,55,0.034766,5.227261,0.023845,5.513495,3.478,299.5,2.385,315.9,-3.026,1.659,-1.714,TR-02_2-039-E,TR-02_2-041-W
sanjose,2,41,TR-02_2-041,SJ,TR-02_2-041,2TTx64,448,6.129,6.167,2.382,55,55,0.022426,5.473353,0.043213,5.078908,2.243,313.6,4.324,291,-1.624,4.038,-1.547,TR-02_2-040-E,TR-02_2-042-W
sanjose,2,42,TR-02_2-042,SJ,TR-02_2-042,2TTx64,450,6.223,6.152,2.382,55,55,0.020467,5.510004,0.014699,6.194174,2.047,315.7,1.47,354.9,-1.431,0.131,-1.464,TR-02_2-041-E,TR-02_2-043-W
sanjose,2,43,TR-02_2-043,SJ,TR-02_2-043,2TTx64,452,6.25,6.164,2.382,55,55,0.016938,0.125664,0.023556,5.506514,1.694,7.2,2.356,315.5,0.211,1.651,-1.681,TR-02_2-042-E,TR-02_2-044-W
sanjose,2,44,TR-02_2-044,SJ,TR-02_2-044,2TTx64,454,6.322,6.176,2.382,55,55,0.019787,5.731661,0.019288,5.775294,1.979,328.4,1.929,330.9,-1.038,0.939,-1.684,TR-02_2-043-E,TR-02_2-045-W
sanjose,2,45,TR-02_2-045,SJ,TR-02_2-045,2TTx64,456,6.222,6.174,2.382,55,55,0.018298,5.742133,0.035175,5.174901,1.83,329,3.519,296.5,-0.942,3.15,-1.569,TR-02_2-044-E,TR-02_2-046-W
sanjose,2,46,TR-02_2-046,SJ,TR-02_2-046,2TTx64,458,6.214,6.184,2.382,55,55,0.03134,5.22028,0.024085,5.398303,3.135,299.1,2.409,309.3,-2.739,1.865,-1.525,TR-02_2-045-E,TR-02_2-047-W
sanjose,2,47,TR-02_2-047,SJ,TR-02_2-047,2TTx64,460,6.164,6.161,2.382,55,55,0.034017,5.106833,0.048522,4.98466,3.403,292.6,4.856,285.6,-3.141,4.676,-1.309,TR-02_2-046-E,
sanjose,2,48,TR-02_2-048,SJ,TR-02_2-048,2TTx64,408,6.317,6.17,2.382,55,55,0.050796,4.504695,0.049689,4.501204,5.084,258.1,4.973,257.9,-4.976,4.862,1.044,TR-02_1-068-E,TR-02_2-049-W
sanjose,2,49,TR-02_2-049,SJ,TR-02_2-049,2TTx64,410,6.242,6.149,2.382,55,55,0.048841,4.420919,0.03155,4.251622,4.888,253.3,3.156,243.6,-4.683,2.828,1.402,TR-02_2-048-E,TR-02_2-050-W
sanjose,2,50,TR-02_2-050,SJ,TR-02_2-050,2TTx64,412,6.235,6.167,2.382,55,55,0.021247,4.057891,0.026664,4.206243,2.125,232.5,2.667,241,-1.686,2.332,1.294,TR-02_2-049-E,TR-02_2-051-W
sanjose,2,51,TR-02_2-051,SJ,TR-02_2-051,2TTx64,414,6.224,6.169,2.382,55,55,0.030131,4.152138,0.017668,2.70526,3.014,237.9,1.767,155,-2.554,-0.748,1.601,TR-02_2-050-E,TR-02_2-052-W
sanjose,2,52,TR-02_2-052,SJ,TR-02_2-052,2TTx64,416,6.346,6.156,2.382,55,55,0.027953,3.920009,0.029951,3.986332,2.796,224.6,2.996,228.4,-1.965,2.24,1.989,TR-02_2-051-E,TR-02_2-053-W
sanjose,2,53,TR-02_2-053,SJ,TR-02_2-053,2TTx64,418,6.276,6.119,2.382,55,55,0.03072,4.127704,0.022406,3.853687,3.073,236.5,2.241,220.8,-2.563,1.464,1.696,TR-02_2-052-E,TR-02_2-054-W
sanjose,2,54,TR-02_2-054,SJ,TR-02_2-054,2TTx64,420,6.256,6.15,2.382,55,55,0.016439,3.668682,0.014219,3.10145,1.644,210.2,1.422,177.7,-0.828,-0.056,1.421,TR-02_2-053-E,TR-02_2-055-W
sanjose,2,55,TR-02_2-055,SJ,TR-02_2-055,2TTx64,422,6.241,6.11,2.382,55,55,0.011809,3.197443,0.015279,3.830998,1.181,183.2,1.528,219.5,-0.066,0.972,1.179,TR-02_2-054-E,TR-02_2-056-W
sanjose,2,56,TR-02_2-056,SJ,TR-02_2-056,2TTx64,424,6.395,6.149,2.382,55,55,0.025984,4.405211,0.023086,4.365068,2.599,252.4,2.309,250.1,-2.477,2.171,0.785,TR-02_2-055-E,
sanjose,2,59,TR-02_2-059,SJ,TR-02_2-059,2TTx64,431,6.318,6.194,2.382,55,55,,,0.015639,5.469862,,,1.564,313.4,,1.137,-1.074,,TR-02_2-060-W
sanjose,2,60,TR-02_2-060,SJ,TR-02_2-060,2TTx64,432,6.194,6.184,2.382,55,55,0.021966,5.443682,0.015179,6.021386,2.197,311.9,1.518,345,-1.636,0.393,-1.466,TR-02_2-059-E,TR-02_2-061-W
sanjose,2,61,TR-02_2-061,SJ,TR-02_2-061,2TTx64,434,6.215,6.151,2.382,55,55,0.020377,5.349434,0.026614,5.185373,2.038,306.5,2.662,297.1,-1.637,2.369,-1.214,TR-02_2-060-E,TR-02_2-062-W
sanjose,2,62,TR-02_2-062,SJ,TR-02_2-062,2TTx64,436,6.24,6.177,2.382,55,55,0.023096,5.27613,0.023835,5.256932,2.31,302.3,2.384,301.2,-1.953,2.04,-1.234,TR-02_2-061-E,TR-02_2-063-W
sanjose,2,63,TR-02_2-063,SJ,TR-02_2-063,2TTx64,438,6.222,6.169,2.382,55,55,0.025694,5.03353,0.016469,5.227261,2.57,288.4,1.647,299.5,-2.439,1.434,-0.81,TR-02_2-062-E,TR-02_2-064-W
sanjose,2,64,TR-02_2-064,SJ,TR-02_2-064,2TTx64,440,6.275,6.182,2.382,55,55,0.020267,4.829326,0.039729,4.77173,2.027,276.7,3.975,273.4,-2.013,3.968,-0.237,TR-02_2-063-E,TR-02_2-065-W
sanjose,2,65,TR-02_2-065,SJ,TR-02_2-065,2TTx64,442,6.222,6.189,2.382,55,55,0.00411,1.200787,0.01068,4.852015,0.411,68.8,1.068,278,0.383,1.058,-0.148,TR-02_2-064-E,TR-01_1-001-W
sanjose,2,66,TR-02_2-066,SJ,TR-02_2-066,2TTx64,408,6.317,6.17,2.382,55,55,0.038681,5.455899,0.043363,5.361651,3.87,312.6,4.339,307.2,-2.848,3.458,-2.621,TR-02_1-090-E,TR-02_2-067-W
sanjose,2,67,TR-02_2-067,SJ,TR-02_2-067,2TTx64,410,6.242,6.149,2.382,55,55,0.045049,5.375614,0.032139,5.754351,4.508,308,3.215,329.7,-3.553,1.624,-2.775,TR-02_2-066-E,TR-02_2-068-W
sanjose,2,68,TR-02_2-068,SJ,TR-02_2-068,2TTx64,412,6.235,6.167,2.382,55,55,0.032728,5.670575,0.026953,6.169739,3.274,324.9,2.696,353.5,-1.883,0.307,-2.678,TR-02_2-067-E,TR-02_2-069-W
sanjose,2,69,TR-02_2-069,SJ,TR-02_2-069,2TTx64,414,6.224,6.169,2.382,55,55,0.029981,6.213372,0.049659,5.358161,2.999,356,4.97,307,-0.211,3.969,-2.992,TR-02_2-068-E,TR-02_2-070-W
sanjose,2,70,TR-02_2-070,SJ,TR-02_2-070,2TTx64,416,6.346,6.156,2.382,55,55,0.043223,5.548402,0.039939,5.644395,4.325,317.9,3.996,323.4,-2.901,2.383,-3.208,TR-02_2-069-E,TR-02_2-071-W
sanjose,2,71,TR-02_2-071,SJ,TR-02_2-071,2TTx64,418,6.276,6.119,2.382,55,55,0.047065,5.632177,0.040538,5.890486,4.71,322.7,4.056,337.5,-2.853,1.551,-3.748,TR-02_2-070-E,TR-02_2-072-W
sanjose,2,72,TR-02_2-072,SJ,TR-02_2-072,2TTx64,420,6.256,6.15,2.382,55,55,0.042125,5.864306,0.046307,5.693264,4.215,336,4.634,326.2,-1.716,2.58,-3.85,TR-02_2-071-E,TR-02_2-073-W
sanjose,2,73,TR-02_2-073,SJ,TR-02_2-073,2TTx64,422,6.241,6.11,2.382,55,55,0.049699,5.745624,0.046616,5.869542,4.974,329.2,4.665,336.3,-2.545,1.873,-4.273,TR-02_2-072-E,TR-02_2-074-W
sanjose,2,74,TR-02_2-074,SJ,TR-02_2-074,2TTx64,424,6.395,6.149,2.382,55,55,0.048272,5.869542,0.049779,5.804965,4.831,336.3,4.982,332.6,-1.941,2.291,-4.424,TR-02_2-073-E,
sanjose,2,75,TR-02_2-075,SJ,TR-02_2-075,2TTx64,427,6.254,6.194,2.382,55,55,0.048811,5.808456,0.050298,5.752605,4.885,332.8,5.034,329.6,-2.235,2.545,-4.344,,TR-02_2-076-W
sanjose,2,76,TR-02_2-076,SJ,TR-02_2-076,2TTx64,428,6.194,6.177,2.382,55,55,0.050677,5.757841,0.056619,5.597271,5.072,329.9,5.668,320.7,-2.545,3.589,-4.387,TR-02_2-075-E,TR-02_2-077-W
sanjose,2,77,TR-02_2-077,SJ,TR-02_2-077,2TTx64,430,6.213,6.318,2.382,55,55,0.0531,5.605998,0.056051,5.543166,5.315,321.2,5.611,317.6,-3.332,3.785,-4.142,TR-02_2-076-E,TR-02_2-078-W
sanjose,2,78,TR-02_2-078,SJ,TR-02_2-078,2TTx64,432,6.194,6.184,2.382,55,55,0.047564,5.522222,0.034456,6.276204,4.76,316.4,3.447,359.6,-3.283,0.023,-3.447,TR-02_2-077-E,TR-02_2-079-W
sanjose,2,79,TR-02_2-079,SJ,TR-02_2-079,2TTx64,434,6.215,6.151,2.382,55,55,0.028652,0.298451,0.029402,5.91143,2.866,17.1,2.941,338.7,0.844,1.07,-2.739,TR-02_2-078-E,TR-02_2-080-W
sanjose,2,80,TR-02_2-080,SJ,TR-02_2-080,2TTx64,436,6.24,6.177,2.382,55,55,0.021047,6.014405,0.022076,0.404916,2.105,344.6,2.208,23.2,-0.558,-0.869,-2.03,TR-02_2-079-E,TR-02_2-081-W
sanjose,2,81,TR-02_2-081,SJ,TR-02_2-081,2TTx64,438,6.222,6.169,2.382,55,55,0.019338,0.256563,0.020027,0.364774,1.934,14.7,2.003,20.9,0.491,-0.716,-1.87,TR-02_2-080-E,TR-02_2-082-W
sanjose,2,82,TR-02_2-082,SJ,TR-02_2-082,2TTx64,440,6.275,6.182,2.382,55,55,0.013979,0.410152,0.013089,6.078982,1.398,23.5,1.309,348.3,0.557,0.265,-1.282,TR-02_2-081-E,TR-02_2-083-W
sanjose,2,83,TR-02_2-083,SJ,TR-02_2-083,2TTx64,442,6.222,6.189,2.382,55,55,0.012599,0.904081,0.014949,5.260422,1.26,51.8,1.495,301.4,0.99,1.276,-0.779,TR-02_2-082-E,TR-01_1-009-W
sanjose,2,84,TR-02_2-084,SJ,TR-02_2-084,2TTx64,408,6.317,6.17,2.382,55,55,0.016369,4.176573,0.029262,4.422664,1.637,239.3,2.927,253.4,-1.408,2.805,0.836,TR-02_1-105-E,TR-02_2-085-W
sanjose,2,85,TR-02_2-085,SJ,TR-02_2-085,2TTx64,410,6.242,6.149,2.382,55,55,0.024365,4.295255,0.035136,4.4279,2.437,246.1,3.515,253.7,-2.228,3.373,0.987,TR-02_2-084-E,TR-02_2-086-W
sanjose,2,86,TR-02_2-086,SJ,TR-02_2-086,2TTx64,412,6.235,6.167,2.382,55,55,0.035615,4.452335,0.035225,4.448844,3.563,255.1,3.524,254.9,-3.443,3.403,0.916,TR-02_2-085-E,TR-02_2-087-W
sanjose,2,87,TR-02_2-087,SJ,TR-02_2-087,2TTx64,414,6.224,6.169,2.382,55,55,0.037882,4.583235,0.040957,4.593707,3.79,262.6,4.098,263.2,-3.759,4.069,0.486,TR-02_2-086-E,TR-02_2-088-W
sanjose,2,88,TR-02_2-088,SJ,TR-02_2-088,2TTx64,416,6.346,6.156,2.382,55,55,0.040508,4.604179,0.033248,4.579744,4.053,263.8,3.326,262.4,-4.029,3.297,0.439,TR-02_2-087-E,TR-02_2-089-W
sanjose,2,89,TR-02_2-089,SJ,TR-02_2-089,2TTx64,418,6.276,6.119,2.382,55,55,0.037892,4.565781,0.019847,4.4279,3.791,261.6,1.985,253.7,-3.75,1.905,0.557,TR-02_2-088-E,TR-02_2-090-W
sanjose,2,90,TR-02_2-090,SJ,TR-02_2-090,2TTx64,420,6.256,6.15,2.382,55,55,0.021427,4.258603,0.026814,4.354596,2.143,244,2.682,249.5,-1.926,2.512,0.939,TR-02_2-089-E,TR-02_2-091-W
sanjose,2,91,TR-02_2-091,SJ,TR-02_2-091,2TTx64,422,6.241,6.11,2.382,55,55,0.022446,4.007276,0.026864,4.139921,2.245,229.6,2.687,237.2,-1.711,2.259,1.454,TR-02_2-090-E,TR-02_2-092-W
sanjose,2,92,TR-02_2-092,SJ,TR-02_2-092,2TTx64,424,6.395,6.149,2.382,55,55,0.022306,4.262094,0.014959,4.003785,2.231,244.2,1.496,229.4,-2.008,1.136,0.973,TR-02_2-091-E,TR-02_2-093-W
sanjose,2,93,TR-02_2-093,SJ,TR-02_2-093,2TTx64,426,6.121,6.254,2.382,55,55,0.017948,3.373721,0.026794,4.00204,1.795,193.3,2.68,229.3,-0.413,2.033,1.747,TR-02_2-092-E,TR-02_2-094-W
sanjose,2,94,TR-02_2-094,SJ,TR-02_2-094,2TTx64,428,6.194,6.177,2.382,55,55,0.026674,3.940953,0.023985,3.825762,2.668,225.8,2.399,219.2,-1.912,1.515,1.86,TR-02_2-093-E,TR-02_2-095-W
sanjose,2,95,TR-02_2-095,SJ,TR-02_2-095,2TTx64,430,6.213,6.318,2.382,55,55,0.03103,4.019493,0.019817,3.145083,3.104,230.3,1.982,180.2,-2.389,0.006,1.982,TR-02_2-094-E,TR-02_2-096-W
sanjose,2,96,TR-02_2-096,SJ,TR-02_2-096,2TTx64,432,6.194,6.184,2.382,55,55,0.018538,3.60585,0.016568,3.131121,1.854,206.6,1.657,179.4,-0.831,-0.017,1.657,TR-02_2-095-E,TR-02_2-097-W
sanjose,2,97,TR-02_2-097,SJ,TR-02_2-097,2TTx64,434,6.215,6.151,2.382,55,55,0.016598,2.502802,0.028053,4.218461,1.66,143.4,2.806,241.7,0.99,2.47,1.332,TR-02_2-096-E,TR-02_2-098-W
sanjose,2,98,TR-02_2-098,SJ,TR-02_2-098,2TTx64,436,6.24,6.177,2.382,55,55,0.022296,4.316199,0.012159,2.356194,2.23,247.3,1.216,135,-2.058,-0.86,0.859,TR-02_2-097-E,TR-02_2-099-W
sanjose,2,99,TR-02_2-099,SJ,TR-02_2-099,2TTx64,438,6.222,6.169,2.382,55,55,0.011609,2.113594,0.00623,3.413864,1.161,121.1,0.623,195.6,0.994,0.168,0.6,TR-02_2-098-E,TR-02_2-100-W
sanjose,2,100,TR-02_2-100,SJ,TR-02_2-100,2TTx64,440,6.275,6.182,2.382,55,55,0.00245,1.06116,0.00411,5.009095,0.245,60.8,0.411,287,0.214,0.393,-0.12,TR-02_2-099-E,TR-02_2-101-W
sanjose,2,101,TR-02_2-101,SJ,TR-02_2-101,2TTx64,442,6.222,6.189,2.382,55,55,0.00796,0.249582,0.013539,5.318018,0.796,14.3,1.354,304.7,0.197,1.113,-0.771,TR-02_2-100-E,TR-01_1-019-W
sanjose,2,102,TR-02_2-102,SJ,TR-02_2-102,2TTx64,408,6.317,6.17,2.382,55,55,0.026174,4.679228,0.0105,4.630359,2.618,268.1,1.05,265.3,-2.617,1.046,0.086,TR-02_1-120-E,TR-02_2-103-W
sanjose,2,103,TR-02_2-103,SJ,TR-02_2-103,2TTx64,410,6.242,6.149,2.382,55,55,0.014569,4.846779,0.014669,4.845034,1.457,277.7,1.467,277.6,-1.444,1.454,-0.195,TR-02_2-102-E,TR-02_2-104-W
sanjose,2,104,TR-02_2-104,SJ,TR-02_2-104,2TTx64,412,6.235,6.167,2.382,55,55,0.024925,4.862487,0.036644,4.815363,2.493,278.6,3.666,275.9,-2.465,3.647,-0.375,TR-02_2-103-E,TR-02_2-105-W
sanjose,2,105,TR-02_2-105,SJ,TR-02_2-105,2TTx64,414,6.224,6.169,2.382,55,55,0.03917,4.749041,0.03055,4.759513,3.919,272.1,3.056,272.7,-3.916,3.052,-0.146,TR-02_2-104-E,TR-02_2-106-W
sanjose,2,106,TR-02_2-106,SJ,TR-02_2-106,2TTx64,416,6.346,6.156,2.382,55,55,0.047025,4.712389,0.023746,4.714134,4.706,270,2.375,270.1,-4.706,2.375,-0.003,TR-02_2-105-E,TR-02_2-107-W
sanjose,2,107,TR-02_2-107,SJ,TR-02_2-107,2TTx64,418,6.276,6.119,2.382,55,55,0.025464,4.571017,0.023496,4.560545,2.547,261.9,2.35,261.3,-2.522,2.323,0.357,TR-02_2-106-E,TR-02_2-108-W
sanjose,2,108,TR-02_2-108,SJ,TR-02_2-108,2TTx64,420,6.256,6.15,2.382,55,55,0.026354,4.511676,0.01061,4.194026,2.636,258.5,1.061,240.3,-2.583,0.922,0.525,TR-02_2-107-E,TR-02_2-109-W
sanjose,2,109,TR-02_2-109,SJ,TR-02_2-109,2TTx64,422,6.241,6.11,2.382,55,55,0.011789,4.307473,0.0068,2.319543,1.179,246.8,0.68,132.9,-1.084,-0.498,0.464,TR-02_2-108-E,TR-02_2-110-W
sanjose,2,110,TR-02_2-110,SJ,TR-02_2-110,2TTx64,424,6.395,6.149,2.382,55,55,0.041746,4.5588,0.014959,4.270821,4.177,261.2,1.496,244.7,-4.128,1.352,0.64,TR-02_2-109-E,TR-02_2-111-W
sanjose,2,111,TR-02_2-111,SJ,TR-02_2-111,2TTx64,426,6.121,6.254,2.382,55,55,0.00582,4.0544,0.023186,4.5588,0.582,232.3,2.319,261.2,-0.46,2.291,0.356,TR-02_2-110-E,TR-02_2-112-W
sanjose,2,112,TR-02_2-112,SJ,TR-02_2-112,2TTx64,428,6.194,6.177,2.382,55,55,0.016648,4.625123,0.012209,4.591961,1.665,265,1.221,263.1,-1.659,1.212,0.146,TR-02_2-111-E,TR-02_2-113-W
sanjose,2,113,TR-02_2-113,SJ,TR-02_2-113,2TTx64,430,6.213,6.318,2.382,55,55,0.01128,4.501204,0.01075,4.490732,1.128,257.9,1.075,257.3,-1.103,1.049,0.237,TR-02_2-112-E,TR-02_2-114-W
sanjose,2,114,TR-02_2-114,SJ,TR-02_2-114,2TTx64,432,6.194,6.184,2.382,55,55,0.01122,4.595452,0.017218,4.635594,1.122,263.3,1.722,265.6,-1.114,1.717,0.132,TR-02_2-113-E,TR-02_2-115-W
sanjose,2,115,TR-02_2-115,SJ,TR-02_2-115,2TTx64,434,6.215,6.151,2.382,55,55,0.03096,4.825835,0.013719,4.972443,3.097,276.5,1.372,284.9,-3.077,1.326,-0.353,TR-02_2-114-E,TR-02_2-116-W
sanjose,2,116,TR-02_2-116,SJ,TR-02_2-116,2TTx64,436,6.24,6.177,2.382,55,55,0.015489,4.752532,0.015629,4.752532,1.549,272.3,1.563,272.3,-1.548,1.562,-0.062,TR-02_2-115-E,TR-02_2-117-W
sanjose,2,117,TR-02_2-117,SJ,TR-02_2-117,2TTx64,438,6.222,6.169,2.382,55,55,0.017858,4.87645,0.012969,4.941027,1.786,279.4,1.297,283.1,-1.762,1.263,-0.293,TR-02_2-116-E,TR-02_2-118-W
sanjose,2,118,TR-02_2-118,SJ,TR-02_2-118,2TTx64,440,6.275,6.182,2.382,55,55,0.017878,5.044002,0.00693,5.710717,1.788,289,0.693,327.2,-1.69,0.375,-0.582,TR-02_2-117-E,TR-02_2-119-W
sanjose,2,119,TR-02_2-119,SJ,TR-02_2-119,2TTx64,442,6.222,6.189,2.382,55,55,0.00555,6.115634,0.034177,4.872959,0.555,350.4,3.419,279.2,-0.093,3.375,-0.547,TR-02_2-118-E,TR-01_1-042-W
sanjose,4,1,TR-03_1-001,SJ,TR-03_1-001,2TTx64,306,4.477,5.671,2.382,55,55,0.026264,5.152212,0.047794,4.948008,2.627,295.2,4.783,283.5,-2.376,4.65,-1.12,TR-04_1-040-E,TR-03_1-002-W
sanjose,4,2,TR-03_1-002,SJ,TR-03_1-002,2TTx64,309,4.367,5.792,2.382,55,55,0.044291,5.040511,0.044451,5.038766,4.432,288.8,4.448,288.7,-4.196,4.213,-1.426,TR-03_1-001-E,TR-03_1-003-W
sanjose,4,3,TR-03_1-003,SJ,TR-03_1-003,2TTx64,312,4.401,5.788,2.382,55,55,0.032608,4.914847,0.0114,5.32849,3.262,281.6,1.14,305.3,-3.195,0.931,-0.658,TR-03_1-002-E,TR-03_1-004-W
sanjose,4,4,TR-03_1-004,SJ,TR-03_1-004,2TTx64,315,4.615,6.12,2.382,55,55,0.013319,5.044002,0.00761,0.963422,1.332,289,0.761,55.2,-1.259,-0.625,-0.434,TR-03_1-003-E,
sanjose,4,18,TR-03_1-018,SJ,TR-03_1-018,2TTx64,306,4.477,5.671,2.382,55,55,0.022086,4.682718,0.03076,4.691445,2.209,268.3,3.077,268.8,-2.208,3.076,0.065,TR-04_1-056-E,TR-03_1-019-W
sanjose,4,19,TR-03_1-019,SJ,TR-03_1-019,2TTx64,309,4.367,5.792,2.382,55,55,0.038441,4.598943,0.034187,4.58498,3.846,263.5,3.42,262.7,-3.822,3.393,0.433,TR-03_1-018-E,TR-03_1-020-W
sanjose,4,20,TR-03_1-020,SJ,TR-03_1-020,2TTx64,312,4.401,5.788,2.382,55,55,0.027753,4.722861,0.032279,4.721116,2.776,270.6,3.229,270.5,-2.776,3.229,-0.027,TR-03_1-019-E,TR-03_1-021-W
sanjose,4,21,TR-03_1-021,SJ,TR-03_1-021,2TTx64,315,4.615,6.12,2.382,55,55,0.03091,4.759513,0.00307,5.195845,3.092,272.7,0.307,297.7,-3.089,0.272,-0.143,TR-03_1-020-E,
sanjose,4,22,TR-03_1-022,SJ,TR-03_1-022,2TTx64,318,5.496,2.152,2.382,55,55,0.00231,2.277655,0.035875,4.670501,0.231,130.5,3.589,267.6,0.176,3.586,0.15,,TR-03_1-023-W
sanjose,4,23,TR-03_1-023,SJ,TR-03_1-023,2TTx64,320,4.626,5.64,2.382,55,55,0.035885,4.759513,0.024205,4.783947,3.59,272.7,2.421,274.1,-3.586,2.415,-0.172,TR-03_1-022-E,TR-03_1-024-W
sanjose,4,24,TR-03_1-024,SJ,TR-03_1-024,2TTx64,323,4.935,5.383,2.382,55,55,0.023576,4.703662,0.019188,4.701917,2.358,269.5,1.919,269.4,-2.358,1.919,0.019,TR-03_1-023-E,TR-03_1-025-W
sanjose,4,25,TR-03_1-025,SJ,TR-03_1-025,2TTx64,326,4.741,6.056,2.382,55,55,0.016329,4.684464,0.036444,4.700172,1.633,268.4,3.646,269.3,-1.632,3.646,0.045,TR-03_1-024-E,TR-03_1-026-W
sanjose,4,26,TR-03_1-026,SJ,TR-03_1-026,2TTx64,328,6.214,6.178,2.382,55,55,0.00318,3.555236,0.045668,4.647812,0.318,203.7,4.57,266.3,-0.128,4.561,0.291,TR-03_1-025-E,TR-03_1-027-W
sanjose,4,27,TR-03_1-027,SJ,TR-03_1-027,2TTx64,330,6.12,5.711,2.382,55,55,0.057018,4.619887,0.022676,4.47677,5.708,264.7,2.268,256.5,-5.683,2.206,0.529,TR-03_1-026-E,TR-03_1-028-W
sanjose,4,28,TR-03_1-028,SJ,TR-03_1-028,2TTx64,333,4.6,5.699,2.382,55,55,0.016698,4.262094,0.00994,3.89383,1.67,244.2,0.994,223.1,-1.504,0.679,0.726,TR-03_1-027-E,TR-03_1-029-W
sanjose,4,29,TR-03_1-029,SJ,TR-03_1-029,2TTx64,336,3.767,2.407,2.382,55,55,0.025874,4.274311,0.033837,4.380776,2.588,244.9,3.385,251,-2.343,3.201,1.1,TR-03_1-028-E,TR-03_1-030-W
sanjose,4,30,TR-03_1-030,SJ,TR-03_1-030,2TTx64,340,3.769,2.422,2.382,55,55,0.013109,3.956661,0.032129,4.429646,1.311,226.7,3.214,253.8,-0.954,3.086,0.899,TR-03_1-029-E,TR-03_1-031-W
sanjose,4,31,TR-03_1-031,SJ,TR-03_1-031,2TTx64,344,3.749,2.424,2.382,55,55,0.036524,4.272566,0.020597,3.857178,3.654,244.8,2.06,221,-3.306,1.351,1.555,TR-03_1-030-E,TR-03_1-032-W
sanjose,4,32,TR-03_1-032,SJ,TR-03_1-032,2TTx64,348,3.765,2.423,2.382,55,55,0.013589,4.035201,0.025155,4.366814,1.359,231.2,2.516,250.2,-1.059,2.368,0.851,TR-03_1-031-E,TR-03_1-033-W
sanjose,4,33,TR-03_1-033,SJ,TR-03_1-033,2TTx64,352,3.784,2.403,2.382,55,55,0.032728,4.379031,0.047474,4.483751,3.274,250.9,4.751,256.9,-3.093,4.628,1.073,TR-03_1-032-E,TR-03_1-034-W
sanjose,4,34,TR-03_1-034,SJ,TR-03_1-034,2TTx64,355,6.243,6.146,2.382,55,55,0.011969,2.083923,0.024425,4.469788,1.197,119.4,2.443,256.1,1.043,2.371,0.588,TR-03_1-033-E,TR-02_1-024-W
sanjose,4,35,TR-03_1-035,SJ,TR-03_1-035,2TTx64,309,4.367,5.792,2.382,55,55,0.023456,3.979351,0.042734,4.337143,2.346,228,4.276,248.5,-1.745,3.978,1.569,TR-04_1-073-E,TR-03_1-036-W
sanjose,4,36,TR-03_1-036,SJ,TR-03_1-036,2TTx64,312,4.401,5.788,2.382,55,55,0.038671,4.373795,0.026654,4.209734,3.869,250.6,2.666,241.2,-3.649,2.336,1.285,TR-03_1-035-E,TR-03_1-037-W
sanjose,4,37,TR-03_1-037,SJ,TR-03_1-037,2TTx64,315,4.615,6.12,2.382,55,55,0.029192,4.298746,0.026294,4.249877,2.92,246.3,2.63,243.5,-2.674,2.353,1.174,TR-03_1-036-E,TR-03_1-038-W
sanjose,4,38,TR-03_1-038,SJ,TR-03_1-038,2TTx64,317,6.336,5.496,2.382,55,55,0.019707,4.333653,0.0076,2.848377,1.971,248.3,0.76,163.2,-1.832,-0.22,0.728,TR-03_1-037-E,TR-03_1-039-W
sanjose,4,39,TR-03_1-039,SJ,TR-03_1-039,2TTx64,320,4.626,5.64,2.382,55,55,0.00555,1.239184,0.048612,4.749041,0.555,71,4.865,272.1,0.525,4.862,-0.18,TR-03_1-038-E,TR-03_1-040-W
sanjose,4,40,TR-03_1-040,SJ,TR-03_1-040,2TTx64,323,4.935,5.383,2.382,55,55,0.050078,4.804891,0.032179,4.857251,5.012,275.3,3.219,278.3,-4.99,3.185,-0.465,TR-03_1-039-E,TR-03_1-041-W
sanjose,4,41,TR-03_1-041,SJ,TR-03_1-041,2TTx64,326,4.741,6.056,2.382,55,55,0.040897,5.096361,0.025514,5.356415,4.092,292,2.552,306.9,-3.794,2.04,-1.534,TR-03_1-040-E,TR-03_1-042-W
sanjose,4,42,TR-03_1-042,SJ,TR-03_1-042,2TTx64,328,6.214,6.178,2.382,55,55,0.038381,5.124287,0.04937,5.028294,3.84,293.6,4.941,288.1,-3.519,4.695,-1.538,TR-03_1-041-E,TR-03_1-043-W
sanjose,4,43,TR-03_1-043,SJ,TR-03_1-043,2TTx64,330,6.12,5.711,2.382,55,55,0.056918,5.113815,0.042514,5.262168,5.698,293,4.254,301.5,-5.246,3.626,-2.225,TR-03_1-042-E,TR-03_1-044-W
sanjose,4,44,TR-03_1-044,SJ,TR-03_1-044,2TTx64,333,4.6,5.699,2.382,55,55,0.041137,5.331981,0.028312,5.717699,4.116,305.5,2.832,327.6,-3.35,1.519,-2.391,TR-03_1-043-E,TR-03_1-045-W
sanjose,4,45,TR-03_1-045,SJ,TR-03_1-045,2TTx64,336,3.767,2.407,2.382,55,55,0.029312,5.487315,0.038511,5.274385,2.932,314.4,3.853,302.2,-2.095,3.262,-2.051,TR-03_1-044-E,TR-03_1-046-W
sanjose,4,46,TR-03_1-046,SJ,TR-03_1-046,2TTx64,340,3.769,2.422,2.382,55,55,0.060098,5.127777,0.029372,5.682792,6.017,293.8,2.938,325.6,-5.507,1.659,-2.425,TR-03_1-045-E,TR-03_1-047-W
sanjose,4,47,TR-03_1-047,SJ,TR-03_1-047,2TTx64,344,3.749,2.424,2.382,55,55,0.03117,5.743879,0.038441,5.482079,3.118,329.1,3.846,314.1,-1.603,2.763,-2.675,TR-03_1-046-E,TR-03_1-048-W
sanjose,4,48,TR-03_1-048,SJ,TR-03_1-048,2TTx64,348,3.765,2.423,2.382,55,55,0.034656,5.54142,0.03095,5.684537,3.467,317.5,3.096,325.7,-2.342,1.747,-2.557,TR-03_1-047-E,TR-03_1-049-W
sanjose,4,49,TR-03_1-049,SJ,TR-03_1-049,2TTx64,352,3.784,2.403,2.382,55,55,0.025634,5.909685,0.059978,5.120796,2.564,338.6,6.005,293.4,-0.936,5.51,-2.388,TR-03_1-048-E,TR-03_1-050-W
sanjose,4,50,TR-03_1-050,SJ,TR-03_1-050,2TTx64,355,6.243,6.146,2.382,55,55,0.026394,0.020944,0.037832,5.483825,2.64,1.2,3.785,314.2,0.054,2.713,-2.639,TR-03_1-049-E,TR-03_1-051-W
sanjose,4,51,TR-03_1-051,SJ,TR-03_1-051,2TTx64,357,6.258,6.152,2.382,55,55,0.034926,5.743879,0.047973,5.387831,3.494,329.1,4.801,308.7,-1.794,3.749,-2.999,TR-03_1-050-E,TR-03_1-052-W
sanjose,4,52,TR-03_1-052,SJ,TR-03_1-052,2TTx64,359,6.177,6.234,2.382,55,55,0.043912,5.522222,0.036963,5.749115,4.394,316.4,3.698,329.4,-3.03,1.885,-3.182,TR-03_1-051-E,TR-03_1-053-W
sanjose,4,53,TR-03_1-053,SJ,TR-03_1-053,2TTx64,361,6.208,6.16,2.382,55,55,0.033727,5.667084,0.043842,5.391322,3.374,324.7,4.387,308.9,-1.951,3.416,-2.752,TR-03_1-052-E,TR-02_1-047-W
sanjose,4,54,TR-03_1-054,SJ,TR-03_1-054,2TTx64,309,4.367,5.792,2.382,55,55,0.029342,5.701991,0.043463,5.312782,2.935,326.7,4.349,304.4,-1.611,3.59,-2.454,TR-04_1-090-E,TR-03_1-055-W
sanjose,4,55,TR-03_1-055,SJ,TR-03_1-055,2TTx64,312,4.401,5.788,2.382,55,55,0.035495,5.377359,0.026264,5.700245,3.551,308.1,2.627,326.6,-2.793,1.446,-2.193,TR-03_1-054-E,TR-03_1-056-W
sanjose,4,56,TR-03_1-056,SJ,TR-03_1-056,2TTx64,315,4.615,6.12,2.382,55,55,0.027273,5.576327,0.032618,5.401794,2.728,319.5,3.263,309.5,-1.772,2.519,-2.074,TR-03_1-055-E,TR-03_1-057-W
sanjose,4,57,TR-03_1-057,SJ,TR-03_1-057,2TTx64,317,6.336,5.496,2.382,55,55,0.030201,5.119051,0.018958,5.394813,3.021,293.3,1.896,309.1,-2.774,1.471,-1.197,TR-03_1-056-E,TR-03_1-058-W
sanjose,4,58,TR-03_1-058,SJ,TR-03_1-058,2TTx64,320,4.626,5.64,2.382,55,55,0.026074,5.222025,0.059898,4.927064,2.608,299.2,5.997,282.3,-2.276,5.86,-1.274,TR-03_1-057-E,TR-03_1-059-W
sanjose,4,59,TR-03_1-059,SJ,TR-03_1-059,2TTx64,323,4.935,5.383,2.382,55,55,0.060456,4.941027,0.051425,4.98117,6.053,283.1,5.147,285.4,-5.896,4.962,-1.369,TR-03_1-058-E,TR-03_1-060-W
sanjose,4,60,TR-03_1-060,SJ,TR-03_1-060,2TTx64,326,4.741,6.056,2.382,55,55,0.056181,4.895649,0.014729,5.478589,5.624,280.5,1.473,313.9,-5.53,1.061,-1.022,TR-03_1-059-E,TR-03_1-061-W
sanjose,4,61,TR-03_1-061,SJ,TR-03_1-061,2TTx64,328,6.214,6.178,2.382,55,55,0.048632,4.848525,0.034107,4.907866,4.867,277.8,3.412,281.2,-4.821,3.347,-0.664,TR-03_1-060-E,TR-03_1-062-W
sanjose,4,62,TR-03_1-062,SJ,TR-03_1-062,2TTx64,330,6.12,5.711,2.382,55,55,0.03897,4.829326,0.033907,4.846779,3.899,276.7,3.392,277.7,-3.873,3.362,-0.453,TR-03_1-061-E,TR-03_1-063-W
sanjose,4,63,TR-03_1-063,SJ,TR-03_1-063,2TTx64,333,4.6,5.699,2.382,55,55,0.033997,4.759513,0.016009,4.811873,3.401,272.7,1.601,275.7,-3.397,1.593,-0.159,TR-03_1-062-E,TR-03_1-064-W
sanjose,4,64,TR-03_1-064,SJ,TR-03_1-064,2TTx64,336,3.767,2.407,2.382,55,55,0.017108,4.862487,0.031909,4.792674,1.711,278.6,3.192,274.6,-1.692,3.182,-0.257,TR-03_1-063-E,TR-03_1-065-W
sanjose,4,65,TR-03_1-065,SJ,TR-03_1-065,2TTx64,340,3.769,2.422,2.382,55,55,0.044551,4.707153,0.019308,4.701917,4.458,269.7,1.931,269.4,-4.458,1.931,0.021,TR-03_1-064-E,TR-03_1-066-W
sanjose,4,66,TR-03_1-066,SJ,TR-03_1-066,2TTx64,344,3.749,2.424,2.382,55,55,0.013899,4.546583,0.032698,4.642576,1.39,260.5,3.271,266,-1.371,3.263,0.23,TR-03_1-065-E,TR-03_1-067-W
sanjose,4,67,TR-03_1-067,SJ,TR-03_1-067,2TTx64,348,3.765,2.423,2.382,55,55,0.03129,4.579744,0.00426,2.935644,3.13,262.4,0.426,168.2,-3.102,-0.087,0.417,TR-03_1-066-E,TR-03_1-068-W
sanjose,4,68,TR-03_1-068,SJ,TR-03_1-068,2TTx64,352,3.784,2.403,2.382,55,55,0.00598,4.068362,0.050916,4.642576,0.598,233.1,5.096,266,-0.478,5.083,0.359,TR-03_1-067-E,TR-03_1-069-W
sanjose,4,69,TR-03_1-069,SJ,TR-03_1-069,2TTx64,355,6.243,6.146,2.382,55,55,0.032389,4.342379,0.028023,4.281293,3.24,248.8,2.803,245.3,-3.02,2.546,1.172,TR-03_1-068-E,TR-03_1-070-W
sanjose,4,70,TR-03_1-070,SJ,TR-03_1-070,2TTx64,357,6.258,6.152,2.382,55,55,0.022686,3.989823,0.038561,4.312709,2.269,228.6,3.858,247.1,-1.702,3.554,1.5,TR-03_1-069-E,TR-03_1-071-W
sanjose,4,71,TR-03_1-071,SJ,TR-03_1-071,2TTx64,359,6.177,6.234,2.382,55,55,0.036853,4.195772,0.020437,3.611086,3.687,240.4,2.044,206.9,-3.205,0.925,1.823,TR-03_1-070-E,TR-03_1-072-W
sanjose,4,72,TR-03_1-072,SJ,TR-03_1-072,2TTx64,361,6.208,6.16,2.382,55,55,0.022326,3.862414,0.023815,2.352704,2.233,221.3,2.382,134.8,-1.473,-1.691,1.678,TR-03_1-071-E,TR-02_1-069-W
sanjose,4,73,TR-03_1-073,SJ,TR-03_1-073,2TTx64,309,4.367,5.792,2.382,55,55,0.050357,5.171411,0.034606,5.412266,5.04,296.3,3.462,310.1,-4.52,2.647,-2.231,TR-04_1-107-E,TR-03_1-074-W
sanjose,4,74,TR-03_1-074,SJ,TR-03_1-074,2TTx64,312,4.401,5.788,2.382,55,55,0.035445,5.419247,0.033647,5.464626,3.546,310.5,3.366,313.1,-2.698,2.456,-2.301,TR-03_1-073-E,TR-03_1-075-W
sanjose,4,75,TR-03_1-075,SJ,TR-03_1-075,2TTx64,315,4.615,6.12,2.382,55,55,0.037093,5.51175,0.038781,5.466371,3.711,315.8,3.88,313.2,-2.589,2.826,-2.658,TR-03_1-074-E,TR-03_1-076-W
sanjose,4,76,TR-03_1-076,SJ,TR-03_1-076,2TTx64,317,6.336,5.496,2.382,55,55,0.025874,0.008727,0.026714,0.251327,2.588,0.5,2.672,14.4,0.024,-0.663,-2.588,TR-03_1-075-E,TR-03_1-077-W
sanjose,4,77,TR-03_1-077,SJ,TR-03_1-077,2TTx64,320,4.626,5.64,2.382,55,55,0.028512,0.328122,0.035006,5.59378,2.852,18.8,3.502,320.5,0.917,2.23,-2.701,TR-03_1-076-E,TR-03_1-078-W
sanjose,4,78,TR-03_1-078,SJ,TR-03_1-078,2TTx64,323,4.935,5.383,2.382,55,55,0.034376,5.401794,0.049091,5.173156,3.439,309.5,4.913,296.4,-2.655,4.4,-2.185,TR-03_1-077-E,TR-03_1-079-W
sanjose,4,79,TR-03_1-079,SJ,TR-03_1-079,2TTx64,326,4.741,6.056,2.382,55,55,0.03896,5.201081,0.020407,5.827654,3.898,298,2.041,333.9,-3.44,0.899,-1.832,TR-03_1-078-E,TR-03_1-080-W
sanjose,4,80,TR-03_1-080,SJ,TR-03_1-080,2TTx64,328,6.214,6.178,2.382,55,55,0.051155,5.080653,0.021437,5.747369,5.12,291.1,2.144,329.3,-4.776,1.093,-1.844,TR-03_1-079-E,TR-03_1-081-W
sanjose,4,81,TR-03_1-081,SJ,TR-03_1-081,2TTx64,330,6.12,5.711,2.382,55,55,0.026324,5.160939,0.011529,0.150098,2.633,295.7,1.153,8.6,-2.373,-0.173,-1.14,TR-03_1-080-E,TR-03_1-082-W
sanjose,4,82,TR-03_1-082,SJ,TR-03_1-082,2TTx64,333,4.6,5.699,2.382,55,55,0.00688,5.187119,0.00629,5.235988,0.688,297.2,0.629,300,-0.612,0.545,-0.314,TR-03_1-081-E,TR-03_1-083-W
sanjose,4,83,TR-03_1-083,SJ,TR-03_1-083,2TTx64,336,3.767,2.407,2.382,55,55,0.01009,4.691445,0.00237,4.619887,1.009,268.8,0.237,264.7,-1.009,0.236,0.022,TR-03_1-082-E,TR-03_1-084-W
sanjose,4,84,TR-03_1-084,SJ,TR-03_1-084,2TTx64,340,3.769,2.422,2.382,55,55,0.029332,4.630359,0.020207,4.591961,2.934,265.3,2.021,263.1,-2.924,2.007,0.241,TR-03_1-083-E,TR-03_1-085-W
sanjose,4,85,TR-03_1-085,SJ,TR-03_1-085,2TTx64,344,3.749,2.424,2.382,55,55,0.017528,4.738569,0.025764,4.729842,1.753,271.5,2.577,271,-1.752,2.577,-0.047,TR-03_1-084-E,TR-03_1-086-W
sanjose,4,86,TR-03_1-086,SJ,TR-03_1-086,2TTx64,348,3.765,2.423,2.382,55,55,0.026524,4.757768,0.015819,4.789183,2.653,272.6,1.582,274.4,-2.65,1.577,-0.122,TR-03_1-085-E,TR-03_1-087-W
sanjose,4,87,TR-03_1-087,SJ,TR-03_1-087,2TTx64,352,3.784,2.403,2.382,55,55,0.019677,4.918338,0.017498,4.944518,1.968,281.8,1.75,283.3,-1.926,1.703,-0.404,TR-03_1-086-E,TR-03_1-088-W
sanjose,4,88,TR-03_1-088,SJ,TR-03_1-088,2TTx64,355,6.243,6.146,2.382,55,55,0.038441,4.883431,0.040019,4.87645,3.846,279.8,4.004,279.4,-3.789,3.95,-0.657,TR-03_1-087-E,TR-03_1-089-W
sanjose,4,89,TR-03_1-089,SJ,TR-03_1-089,2TTx64,357,6.258,6.152,2.382,55,55,0.039959,5.162684,0.047584,5.085889,3.998,295.8,4.762,291.4,-3.599,4.433,-1.74,TR-03_1-088-E,
sanjose,4,90,TR-03_1-090,SJ,TR-03_1-090,2TTx64,309,4.367,5.792,2.382,55,55,0.040248,4.885177,0.043423,4.872959,4.027,279.9,4.345,279.2,-3.966,4.289,-0.696,TR-04_1-124-E,TR-03_1-091-W
sanjose,4,91,TR-03_1-091,SJ,TR-03_1-091,2TTx64,312,4.401,5.788,2.382,55,55,0.03926,4.862487,0.029961,4.909611,3.928,278.6,2.997,281.3,-3.884,2.938,-0.589,TR-03_1-090-E,TR-03_1-092-W
sanjose,4,92,TR-03_1-092,SJ,TR-03_1-092,2TTx64,315,4.615,6.12,2.382,55,55,0.029372,4.857251,0.034726,4.834562,2.938,278.3,3.474,277,-2.908,3.448,-0.422,TR-03_1-091-E,TR-03_1-093-W
sanjose,4,93,TR-03_1-093,SJ,TR-03_1-093,2TTx64,317,6.336,5.496,2.382,55,55,0.015549,4.913102,0.011709,4.98117,1.555,281.5,1.171,285.4,-1.524,1.129,-0.31,TR-03_1-092-E,TR-03_1-094-W
sanjose,4,94,TR-03_1-094,SJ,TR-03_1-094,2TTx64,320,4.626,5.64,2.382,55,55,0.01092,5.30231,0.00772,0.663225,1.092,303.8,0.772,38,-0.907,-0.475,-0.608,TR-03_1-093-E,TR-03_1-095-W
sanjose,4,95,TR-03_1-095,SJ,TR-03_1-095,2TTx64,323,4.935,5.383,2.382,55,55,0.013509,0.596903,0.024675,5.181883,1.351,34.2,2.468,296.9,0.76,2.201,-1.117,TR-03_1-094-E,TR-03_1-096-W
sanjose,4,96,TR-03_1-096,SJ,TR-03_1-096,2TTx64,326,4.741,6.056,2.382,55,55,0.016259,5.43321,0.027433,5.113815,1.626,311.3,2.744,293,-1.222,2.526,-1.073,TR-03_1-095-E,TR-03_1-097-W
sanjose,4,97,TR-03_1-097,SJ,TR-03_1-097,2TTx64,328,6.214,6.178,2.382,55,55,0.025654,5.181883,0.0389,5.016076,2.566,296.9,3.892,287.4,-2.287,3.714,-1.163,TR-03_1-096-E,TR-03_1-098-W
sanjose,4,98,TR-03_1-098,SJ,TR-03_1-098,2TTx64,330,6.12,5.711,2.382,55,55,0.048442,5.068436,0.017348,6.054547,4.848,290.4,1.735,346.9,-4.544,0.393,-1.69,TR-03_1-097-E,TR-03_1-099-W
sanjose,4,99,TR-03_1-099,SJ,TR-03_1-099,2TTx64,333,4.6,5.699,2.382,55,55,0.030041,5.981243,0.035525,5.651376,3.005,342.7,3.554,323.8,-0.895,2.098,-2.868,TR-03_1-098-E,TR-03_1-100-W
sanjose,4,100,TR-03_1-100,SJ,TR-03_1-100,2TTx64,336,3.767,2.407,2.382,55,55,0.037872,5.869542,0.034716,6.246533,3.789,336.3,3.473,357.9,-1.52,0.129,-3.47,TR-03_1-099-E,TR-03_1-101-W
sanjose,4,101,TR-03_1-101,SJ,TR-03_1-101,2TTx64,340,3.769,2.422,2.382,55,55,0.057895,5.408775,0.045469,5.670575,5.796,309.9,4.55,324.9,-4.444,2.618,-3.722,TR-03_1-100-E,TR-03_1-102-W
sanjose,4,102,TR-03_1-102,SJ,TR-03_1-102,2TTx64,344,3.749,2.424,2.382,55,55,0.044022,5.742133,0.053509,5.494296,4.405,329,5.356,314.8,-2.272,3.801,-3.774,TR-03_1-101-E,
sanjose,4,103,TR-03_1-103,SJ,TR-03_1-103,2TTx64,295,4.238,5.779,2.382,55,55,,,0.038471,4.858997,,,3.849,278.4,,3.807,-0.564,,TR-03_1-104-W
sanjose,4,104,TR-03_1-104,SJ,TR-03_1-104,2TTx64,297,2.148,4.344,2.382,55,55,0.029801,4.673992,0.041147,4.684464,2.981,267.8,4.117,268.4,-2.979,4.115,0.116,TR-03_1-103-E,TR-03_1-105-W
sanjose,4,105,TR-03_1-105,SJ,TR-03_1-105,2TTx64,299,6.219,6.212,2.382,55,55,0.043263,4.588471,0.024935,4.497713,4.329,262.9,2.494,257.7,-4.296,2.436,0.532,TR-03_1-104-E,TR-03_1-106-W
sanjose,4,106,TR-03_1-106,SJ,TR-03_1-106,2TTx64,302,2.183,4.694,2.382,55,55,0.024565,4.352851,0.048133,4.53262,2.457,249.4,4.817,259.7,-2.3,4.739,0.864,TR-03_1-105-E,TR-03_1-107-W
sanjose,4,107,TR-03_1-107,SJ,TR-03_1-107,2TTx64,305,2.241,4.477,2.382,55,55,0.043123,4.485496,0.025884,4.328417,4.315,257,2.589,248,-4.205,2.401,0.97,TR-03_1-106-E,TR-03_1-108-W
sanjose,4,108,TR-03_1-108,SJ,TR-03_1-108,2TTx64,308,2.228,4.367,2.382,55,55,0.024635,4.408702,0.030241,4.466298,2.464,252.6,3.025,255.9,-2.351,2.934,0.738,TR-03_1-107-E,TR-03_1-109-W
sanjose,4,109,TR-03_1-109,SJ,TR-03_1-109,2TTx64,311,2.191,4.401,2.382,55,55,0.040198,4.632104,0.015799,4.508185,4.022,265.4,1.58,258.3,-4.009,1.547,0.32,TR-03_1-108-E,TR-03_1-110-W
sanjose,4,110,TR-03_1-110,SJ,TR-03_1-110,2TTx64,314,2.205,4.615,2.382,55,55,0.020887,4.673992,0.036024,4.6897,2.089,267.8,3.604,268.7,-2.087,3.603,0.082,TR-03_1-109-E,TR-03_1-111-W
sanjose,4,111,TR-03_1-111,SJ,TR-03_1-111,2TTx64,316,6.12,6.336,2.382,55,55,0.037063,4.708898,0.03086,4.708898,3.708,269.8,3.087,269.8,-3.708,3.087,0.01,TR-03_1-110-E,TR-03_1-112-W
sanjose,4,112,TR-03_1-112,SJ,TR-03_1-112,2TTx64,319,2.152,4.626,2.382,55,55,0.036624,4.881686,0.033138,4.899139,3.664,279.7,3.315,280.7,-3.612,3.257,-0.617,TR-03_1-111-E,TR-03_1-113-W
sanjose,4,113,TR-03_1-113,SJ,TR-03_1-113,2TTx64,322,2.071,4.935,2.382,55,55,0.032309,5.110324,0.035325,5.073672,3.232,292.8,3.534,290.7,-2.981,3.305,-1.25,TR-03_1-112-E,TR-03_1-114-W
sanjose,4,114,TR-03_1-114,SJ,TR-03_1-114,2TTx64,325,2.139,4.741,2.382,55,55,0.037173,5.138249,0.062259,4.961971,3.719,294.4,6.234,284.3,-3.387,6.042,-1.536,TR-03_1-113-E,TR-03_1-115-W
sanjose,4,115,TR-03_1-115,SJ,TR-03_1-115,2TTx64,327,6.056,6.214,2.382,55,55,0.063863,5.098107,0.046347,5.258677,6.395,292.1,4.638,301.3,-5.923,3.963,-2.41,TR-03_1-114-E,TR-03_1-116-W
sanjose,4,116,TR-03_1-116,SJ,TR-03_1-116,2TTx64,329,6.178,6.12,2.382,55,55,0.048861,5.166175,0.065267,5.047492,4.89,296,6.536,289.2,-4.394,6.174,-2.145,TR-03_1-115-E,TR-03_1-117-W
sanjose,4,117,TR-03_1-117,SJ,TR-03_1-117,2TTx64,332,2.084,4.6,2.382,55,55,0.048103,5.145231,0.028143,5.51175,4.814,294.8,2.815,315.8,-4.37,1.963,-2.018,TR-03_1-116-E,
sanjose,4,118,TR-03_1-118,SJ,TR-03_1-118,2TTx64,317,6.336,5.496,2.382,55,55,,,0.048173,4.98117,,,4.821,285.4,,4.648,-1.278,,TR-03_1-119-W
sanjose,4,119,TR-03_1-119,SJ,TR-03_1-119,2TTx64,319,2.152,4.626,2.382,55,55,0.037343,4.893903,0.062688,4.818854,3.736,280.4,6.277,276.1,-3.675,6.241,-0.671,TR-03_1-118-E,TR-03_1-120-W
sanjose,4,120,TR-03_1-120,SJ,TR-03_1-120,2TTx64,322,2.071,4.935,2.382,55,55,0.058274,4.803146,0.022596,4.948008,5.834,275.2,2.26,283.5,-5.81,2.198,-0.526,TR-03_1-119-E,TR-03_1-121-W
sanjose,4,121,TR-03_1-121,SJ,TR-03_1-121,2TTx64,325,2.139,4.741,2.382,55,55,0.023546,4.780457,0.029362,4.766494,2.355,273.9,2.937,273.1,-2.35,2.933,-0.161,TR-03_1-120-E,TR-03_1-122-W
sanjose,4,122,TR-03_1-122,SJ,TR-03_1-122,2TTx64,327,6.056,6.214,2.382,55,55,0.029811,4.572763,0.03916,4.605924,2.982,262,3.918,263.9,-2.953,3.896,0.413,TR-03_1-121-E,TR-03_1-123-W
sanjose,4,123,TR-03_1-123,SJ,TR-03_1-123,2TTx64,329,6.178,6.12,2.382,55,55,0.036903,4.39823,0.04489,4.455826,3.692,252,4.492,255.3,-3.512,4.345,1.14,TR-03_1-122-E,TR-03_1-124-W
sanjose,4,124,TR-03_1-124,SJ,TR-03_1-124,2TTx64,332,2.084,4.6,2.382,55,55,0.045918,4.356342,0.052472,4.40172,4.595,249.6,5.252,252.2,-4.305,5.001,1.605,TR-03_1-123-E,
sanjose,9,1,TR-03_2-001,SJ,TR-03_2-001,2TTx64,317,6.336,5.496,2.382,55,55,0.042155,4.660029,0.021017,4.607669,4.218,267,2.102,264,-4.212,2.091,0.219,TR-06_1-013-E,
sanjose,9,2,TR-03_2-002,SJ,TR-03_2-002,2TTx64,317,6.336,5.496,2.382,55,55,0.023915,5.54142,0.020697,5.731661,2.392,317.5,2.07,328.4,-1.617,1.086,-1.762,TR-06_1-026-E,TR-03_2-003-W
sanjose,9,3,TR-03_2-003,SJ,TR-03_2-003,2TTx64,320,4.626,5.64,2.382,55,55,0.027473,5.890486,,4.722861,2.748,337.5,242.077,270.6,-1.052,242.064,-2.539,TR-03_2-002-E,TR-03_2-004-W
sanjose,9,4,TR-03_2-004,SJ,TR-03_2-004,2TTx64,324,5.383,2.139,2.382,55,55,,4.71937,,1.563815,360.37,270.4,352.205,89.6,-360.361,-352.195,-2.592,TR-03_2-003-E,TR-03_2-005-W
sanjose,9,5,TR-03_2-005,SJ,TR-03_2-005,2TTx64,326,4.741,6.056,2.382,55,55,0.681593,1.546362,0.020187,6.208136,81.13,88.6,2.019,355.7,81.105,0.153,-2.013,TR-03_2-004-E,TR-03_2-006-W
sanjose,9,6,TR-03_2-006,SJ,TR-03_2-006,2TTx64,328,6.214,6.178,2.382,55,55,0.024865,6.154031,0.046387,5.27264,2.487,352.6,4.642,302.1,-0.322,3.933,-2.466,TR-03_2-005-E,TR-03_2-007-W
sanjose,9,7,TR-03_2-007,SJ,TR-03_2-007,2TTx64,330,6.12,5.711,2.382,55,55,0.036224,5.431465,0.080446,5.012586,3.624,311.2,8.062,287.2,-2.728,7.701,-2.386,TR-03_2-006-E,TR-03_2-008-W
sanjose,9,8,TR-03_2-008,SJ,TR-03_2-008,2TTx64,333,4.6,5.699,2.382,55,55,0.072483,5.016076,0.042035,5.256932,7.261,287.4,4.206,301.2,-6.927,3.599,-2.176,TR-03_2-007-E,
sanjose,9,9,TR-03_2-009,SJ,TR-03_2-009,2TTx64,317,6.336,5.496,2.382,55,55,0.027143,5.270894,0.025055,5.325,2.715,302,2.506,305.1,-2.302,2.051,-1.44,TR-06_1-044-E,TR-03_2-010-W
sanjose,9,10,TR-03_2-010,SJ,TR-03_2-010,2TTx64,320,4.626,5.64,2.382,55,55,0.026234,5.031784,0.047853,4.885177,2.624,288.3,4.789,279.9,-2.491,4.717,-0.825,TR-03_2-009-E,TR-03_2-011-W
sanjose,9,11,TR-03_2-011,SJ,TR-03_2-011,2TTx64,323,4.935,5.383,2.382,55,55,0.043373,4.858997,0.028822,4.934046,4.34,278.4,2.883,282.7,-4.294,2.813,-0.633,TR-03_2-010-E,TR-03_2-012-W
sanjose,9,12,TR-03_2-012,SJ,TR-03_2-012,2TTx64,326,4.741,6.056,2.382,55,55,0.028582,4.831071,0.00972,1.21824,2.859,276.8,0.972,69.8,-2.839,-0.912,-0.336,TR-03_2-011-E,TR-03_2-013-W
sanjose,9,13,TR-03_2-013,SJ,TR-03_2-013,2TTx64,328,6.214,6.178,2.382,55,55,0.023516,4.974188,0.036344,4.879941,2.352,285,3.636,279.6,-2.272,3.585,-0.608,TR-03_2-012-E,TR-03_2-014-W
sanjose,9,14,TR-03_2-014,SJ,TR-03_2-014,2TTx64,330,6.12,5.711,2.382,55,55,0.037203,4.871214,0.043143,4.848525,3.722,279.1,4.317,277.8,-3.675,4.277,-0.588,TR-03_2-013-E,TR-03_2-015-W
sanjose,9,15,TR-03_2-015,SJ,TR-03_2-015,2TTx64,333,4.6,5.699,2.382,55,55,0.035146,4.759513,0.020717,4.792674,3.516,272.7,2.072,274.6,-3.512,2.065,-0.165,TR-03_2-014-E,
sanjose,9,16,TR-03_2-016,SJ,TR-03_2-016,2TTx64,336,3.767,2.407,2.382,55,55,0.020927,4.550073,0.029172,4.595452,2.093,260.7,2.918,263.3,-2.065,2.898,0.339,,TR-03_2-017-W
sanjose,9,17,TR-03_2-017,SJ,TR-03_2-017,2TTx64,340,3.769,2.422,2.382,55,55,0.013959,3.928736,0.021177,4.228933,1.396,225.1,2.118,242.3,-0.989,1.875,0.985,TR-03_2-016-E,TR-03_2-018-W
sanjose,9,18,TR-03_2-018,SJ,TR-03_2-018,2TTx64,344,3.749,2.424,2.382,55,55,0.011579,3.344051,0.021807,4.164356,1.158,191.6,2.181,238.6,-0.232,1.862,1.135,TR-03_2-017-E,TR-03_2-019-W
sanjose,9,19,TR-03_2-019,SJ,TR-03_2-019,2TTx64,348,3.765,2.423,2.382,55,55,0.025584,4.13294,0.025874,4.139921,2.559,236.8,2.588,237.2,-2.141,2.176,1.402,TR-03_2-018-E,TR-03_2-020-W
sanjose,9,20,TR-03_2-020,SJ,TR-03_2-020,2TTx64,352,3.784,2.403,2.382,55,55,0.030131,4.08407,0.022756,3.820526,3.014,234,2.276,218.9,-2.438,1.429,1.772,TR-03_2-019-E,TR-03_2-021-W
sanjose,9,21,TR-03_2-021,SJ,TR-03_2-021,2TTx64,355,6.243,6.146,2.382,55,55,0.025445,2.422517,0.028143,2.319543,2.545,138.8,2.815,132.9,1.676,-2.063,1.915,TR-03_2-020-E,TR-03_2-022-W
sanjose,9,22,TR-03_2-022,SJ,TR-03_2-022,2TTx64,357,6.258,6.152,2.382,55,55,0.016928,1.811652,0.00723,4.122468,1.693,103.8,0.723,236.2,1.644,0.601,0.403,TR-03_2-021-E,TR-03_2-023-W
sanjose,9,23,TR-03_2-023,SJ,TR-03_2-023,2TTx64,359,6.177,6.234,2.382,55,55,0.014949,4.48026,0.065018,4.660029,1.495,256.7,6.511,267,-1.455,6.502,0.345,TR-03_2-022-E,TR-03_2-024-W
sanjose,9,24,TR-03_2-024,SJ,TR-03_2-024,2TTx64,361,6.208,6.16,2.382,55,55,0.054785,4.497713,0.044171,4.443608,5.484,257.7,4.42,254.6,-5.357,4.262,1.172,TR-03_2-023-E,TR-03_2-025-W
sanjose,9,25,TR-03_2-025,SJ,TR-03_2-025,2TTx64,363,6.226,6.226,2.382,55,55,0.037123,4.206243,0.079909,4.485496,3.714,241,8.008,257,-3.248,7.803,1.8,TR-03_2-024-E,TR-03_2-026-W
sanjose,9,26,TR-03_2-026,SJ,TR-03_2-026,2TTx64,365,6.122,6.195,2.382,55,55,0.08565,4.307473,0.065417,4.169592,8.586,246.8,6.551,238.9,-7.892,5.61,3.382,TR-03_2-025-E,TR-03_2-027-W
sanjose,9,27,TR-03_2-027,SJ,TR-03_2-027,2TTx64,367,6.223,6.204,2.382,55,55,0.067886,3.928736,0.093625,4.176573,6.799,225.1,9.39,239.3,-4.818,8.072,4.797,TR-03_2-026-E,TR-03_2-028-W
sanjose,9,28,TR-03_2-028,SJ,TR-03_2-028,2TTx64,369,6.218,6.218,2.382,55,55,0.096569,3.935717,0.07486,3.577925,9.687,225.5,7.5,205,-6.904,3.172,6.796,TR-03_2-027-E,TR-05_2-011-W
sanjose,9,29,TR-03_2-029,SJ,TR-03_2-029,2TTx64,317,6.336,5.496,2.382,55,55,0.01034,4.61116,0.047365,4.6897,1.034,264.2,4.74,268.7,-1.029,4.739,0.105,TR-06_1-062-E,TR-03_2-030-W
sanjose,9,30,TR-03_2-030,SJ,TR-03_2-030,2TTx64,320,4.626,5.64,2.382,55,55,0.042584,4.832817,0.038581,4.845034,4.261,276.9,3.86,277.6,-4.23,3.826,-0.512,TR-03_2-029-E,TR-03_2-031-W
sanjose,9,31,TR-03_2-031,SJ,TR-03_2-031,2TTx64,323,4.935,5.383,2.382,55,55,0.036264,4.927064,0.034436,4.939282,3.628,282.3,3.445,283,-3.544,3.357,-0.774,TR-03_2-030-E,TR-03_2-032-W
sanjose,9,32,TR-03_2-032,SJ,TR-03_2-032,2TTx64,326,4.741,6.056,2.382,55,55,0.033927,5.153957,0.025225,5.325,3.394,295.3,2.523,305.1,-3.069,2.065,-1.449,TR-03_2-031-E,TR-03_2-033-W
sanjose,9,33,TR-03_2-033,SJ,TR-03_2-033,2TTx64,328,6.214,6.178,2.382,55,55,0.00924,0.361283,0.016588,5.260422,0.924,20.7,1.659,301.4,0.327,1.416,-0.864,TR-03_2-032-E,TR-03_2-034-W
sanjose,9,34,TR-03_2-034,SJ,TR-03_2-034,2TTx64,330,6.12,5.711,2.382,55,55,0.012639,5.340708,0.023246,5.03702,1.264,306,2.325,288.6,-1.023,2.203,-0.742,TR-03_2-033-E,TR-03_2-035-W
sanjose,9,35,TR-03_2-035,SJ,TR-03_2-035,2TTx64,333,4.6,5.699,2.382,55,55,0.016768,4.986406,0.026194,4.886922,1.677,285.7,2.62,280,-1.614,2.58,-0.454,TR-03_2-034-E,TR-03_2-036-W
sanjose,9,36,TR-03_2-036,SJ,TR-03_2-036,2TTx64,336,3.767,2.407,2.382,55,55,0.024305,4.991642,0.021297,5.031784,2.431,286,2.13,288.3,-2.337,2.022,-0.67,TR-03_2-035-E,TR-03_2-037-W
sanjose,9,37,TR-03_2-037,SJ,TR-03_2-037,2TTx64,340,3.769,2.422,2.382,55,55,0.032938,5.084144,0.029481,5.129523,3.295,291.3,2.949,293.9,-3.07,2.695,-1.197,TR-03_2-036-E,TR-03_2-038-W
sanjose,9,38,TR-03_2-038,SJ,TR-03_2-038,2TTx64,344,3.749,2.424,2.382,55,55,0.024265,5.434955,0.024915,5.412266,2.427,311.4,2.492,310.1,-1.821,1.906,-1.605,TR-03_2-037-E,TR-03_2-039-W
sanjose,9,39,TR-03_2-039,SJ,TR-03_2-039,2TTx64,348,3.765,2.423,2.382,55,55,0.012739,5.59029,0.019817,5.229006,1.274,320.3,1.982,299.6,-0.814,1.723,-0.98,TR-03_2-038-E,TR-03_2-040-W
sanjose,9,40,TR-03_2-040,SJ,TR-03_2-040,2TTx64,352,3.784,2.403,2.382,55,55,0.020387,5.267404,0.017758,5.361651,2.039,301.8,1.776,307.2,-1.733,1.414,-1.074,TR-03_2-039-E,TR-03_2-041-W
sanjose,9,41,TR-03_2-041,SJ,TR-03_2-041,2TTx64,355,6.243,6.146,2.382,55,55,0.029222,5.386086,0.030071,5.363397,2.923,308.6,3.008,307.3,-2.284,2.391,-1.825,TR-03_2-040-E,TR-03_2-042-W
sanjose,9,42,TR-03_2-042,SJ,TR-03_2-042,2TTx64,357,6.258,6.152,2.382,55,55,0.030501,5.400049,0.027523,5.490806,3.051,309.4,2.753,314.6,-2.359,1.959,-1.934,TR-03_2-041-E,TR-03_2-043-W
sanjose,9,43,TR-03_2-043,SJ,TR-03_2-043,2TTx64,359,6.177,6.234,2.382,55,55,0.03137,5.429719,0.022056,0.361283,3.138,311.1,2.206,20.7,-2.364,-0.781,-2.064,TR-03_2-042-E,TR-03_2-044-W
sanjose,9,44,TR-03_2-044,SJ,TR-03_2-044,2TTx64,361,6.208,6.16,2.382,55,55,0.025894,0.640536,0.028512,5.527458,2.59,36.7,2.852,316.7,1.549,1.956,-2.076,TR-03_2-043-E,TR-03_2-045-W
sanjose,9,45,TR-03_2-045,SJ,TR-03_2-045,2TTx64,363,6.226,6.226,2.382,55,55,0.048981,5.16792,0.035855,5.358161,4.902,296.1,3.587,307,-4.401,2.865,-2.159,TR-03_2-044-E,TR-03_2-046-W
sanjose,9,46,TR-03_2-046,SJ,TR-03_2-046,2TTx64,365,6.122,6.195,2.382,55,55,0.026134,5.473353,0.050906,5.073672,2.614,313.6,5.095,290.7,-1.893,4.765,-1.803,TR-03_2-045-E,TR-03_2-047-W
sanjose,9,47,TR-03_2-047,SJ,TR-03_2-047,2TTx64,367,6.223,6.204,2.382,55,55,0.038002,5.082399,0.013979,6.103416,3.802,291.2,1.398,349.7,-3.544,0.249,-1.375,TR-03_2-046-E,TR-03_2-048-W
sanjose,9,48,TR-03_2-048,SJ,TR-03_2-048,2TTx64,369,6.218,6.218,2.382,55,55,0.020357,5.496042,0.015309,5.930629,2.036,314.9,1.531,339.8,-1.442,0.529,-1.437,TR-03_2-047-E,TR-05_2-025-W
sanjose,9,49,TR-03_2-049,SJ,TR-03_2-049,2TTx64,317,6.336,5.496,2.382,55,55,0.036384,4.410447,0.013459,3.776893,3.64,252.7,1.346,216.4,-3.475,0.799,1.083,TR-06_1-079-E,TR-03_2-050-W
sanjose,9,50,TR-03_2-050,SJ,TR-03_2-050,2TTx64,320,4.626,5.64,2.382,55,55,0.00889,5.923647,0.012159,5.466371,0.889,339.4,1.216,313.2,-0.312,0.887,-0.832,TR-03_2-049-E,TR-03_2-051-W
sanjose,9,51,TR-03_2-051,SJ,TR-03_2-051,2TTx64,323,4.935,5.383,2.382,55,55,0.00935,6.129596,0.022656,5.133013,0.935,351.2,2.266,294.1,-0.143,2.069,-0.924,TR-03_2-050-E,TR-03_2-052-W
sanjose,9,52,TR-03_2-052,SJ,TR-03_2-052,2TTx64,326,4.741,6.056,2.382,55,55,0.00866,5.373869,0.00924,5.325,0.866,307.9,0.924,305.1,-0.683,0.756,-0.532,TR-03_2-051-E,TR-03_2-053-W
sanjose,9,53,TR-03_2-053,SJ,TR-03_2-053,2TTx64,328,6.214,6.178,2.382,55,55,0.03883,4.888667,0.00799,5.738643,3.885,280.1,0.799,328.8,-3.824,0.414,-0.684,TR-03_2-052-E,TR-03_2-054-W
sanjose,9,54,TR-03_2-054,SJ,TR-03_2-054,2TTx64,330,6.12,5.711,2.382,55,55,0.00541,5.536184,0.045379,4.799655,0.541,317.2,4.541,275,-0.368,4.524,-0.397,TR-03_2-053-E,TR-03_2-055-W
sanjose,9,55,TR-03_2-055,SJ,TR-03_2-055,2TTx64,333,4.6,5.699,2.382,55,55,0.054107,4.811873,0.04501,4.832817,5.416,275.7,4.504,276.9,-5.389,4.472,-0.538,TR-03_2-054-E,TR-03_2-056-W
sanjose,9,56,TR-03_2-056,SJ,TR-03_2-056,2TTx64,336,3.767,2.407,2.382,55,55,0.046995,4.658284,0.026474,4.618141,4.703,266.9,2.648,264.6,-4.696,2.636,0.251,TR-03_2-055-E,TR-03_2-057-W
sanjose,9,57,TR-03_2-057,SJ,TR-03_2-057,2TTx64,340,3.769,2.422,2.382,55,55,0.062837,4.731588,0.00931,4.838053,6.292,271.1,0.931,277.2,-6.291,0.924,-0.116,TR-03_2-056-E,
sanjose,9,60,TR-03_2-060,SJ,TR-03_2-060,2TTx64,354,3.746,6.243,2.382,55,55,,,0.015589,4.194026,,,1.559,240.3,,1.354,0.773,,TR-03_2-061-W
sanjose,9,61,TR-03_2-061,SJ,TR-03_2-061,2TTx64,355,6.243,6.146,2.382,55,55,0.015299,4.227187,0.032958,4.494223,1.53,242.2,3.297,257.5,-1.354,3.219,0.713,TR-03_2-060-E,
sanjose,9,62,TR-03_2-062,SJ,TR-03_2-062,2TTx64,357,6.258,6.152,2.382,55,55,0.043093,4.64083,0.020687,4.562291,4.312,265.9,2.069,261.4,-4.301,2.046,0.309,,TR-03_2-063-W
sanjose,9,63,TR-03_2-063,SJ,TR-03_2-063,2TTx64,359,6.177,6.234,2.382,55,55,0.032529,4.694936,0.019577,4.682718,3.254,269,1.958,268.3,-3.253,1.957,0.058,TR-03_2-062-E,
sanjose,9,64,TR-03_2-064,SJ,TR-03_2-064,2TTx64,361,6.208,6.16,2.382,55,55,0.019877,4.534365,0.015089,4.47677,1.988,259.8,1.509,256.5,-1.957,1.468,0.351,,TR-03_2-065-W
sanjose,9,65,TR-03_2-065,SJ,TR-03_2-065,2TTx64,363,6.226,6.226,2.382,55,55,0.016299,4.457571,0.019438,4.499459,1.63,255.4,1.944,257.8,-1.577,1.9,0.411,TR-03_2-064-E,TR-03_2-066-W
sanjose,9,66,TR-03_2-066,SJ,TR-03_2-066,2TTx64,365,6.122,6.195,2.382,55,55,0.025614,4.691445,0.021747,4.687954,2.562,268.8,2.175,268.6,-2.561,2.174,0.053,TR-03_2-065-E,TR-03_2-067-W
sanjose,9,67,TR-03_2-067,SJ,TR-03_2-067,2TTx64,367,6.223,6.204,2.382,55,55,0.020967,4.874705,0.032219,4.817109,2.097,279.3,3.223,276,-2.07,3.205,-0.338,TR-03_2-066-E,TR-03_2-068-W
sanjose,9,68,TR-03_2-068,SJ,TR-03_2-068,2TTx64,369,6.218,6.218,2.382,55,55,0.034356,4.740314,0.017568,4.766494,3.437,271.6,1.757,273.1,-3.436,1.754,-0.095,TR-03_2-067-E,TR-05_2-052-W
sanjose,9,69,TR-03_2-069,SJ,TR-03_2-069,2TTx64,317,6.336,5.496,2.382,55,55,0.057955,5.29882,0.036883,5.766568,5.802,303.6,3.69,330.4,-4.833,1.82,-3.21,TR-06_1-096-E,TR-03_2-070-W
sanjose,9,70,TR-03_2-070,SJ,TR-03_2-070,2TTx64,320,4.626,5.64,2.382,55,55,0.03105,5.778785,0.034626,5.614724,3.106,331.1,3.464,321.7,-1.501,2.145,-2.719,TR-03_2-069-E,TR-03_2-071-W
sanjose,9,71,TR-03_2-071,SJ,TR-03_2-071,2TTx64,323,4.935,5.383,2.382,55,55,0.029292,6.169739,0.034257,5.728171,2.93,353.5,3.427,328.2,-0.331,1.808,-2.912,TR-03_2-070-E,TR-03_2-072-W
sanjose,9,72,TR-03_2-072,SJ,TR-03_2-072,2TTx64,326,4.741,6.056,2.382,55,55,0.027563,6.049311,0.050148,5.27613,2.757,346.6,5.019,302.3,-0.637,4.242,-2.683,TR-03_2-071-E,TR-03_2-073-W
sanjose,9,73,TR-03_2-073,SJ,TR-03_2-073,2TTx64,328,6.214,6.178,2.382,55,55,0.022856,0.331613,0.021677,0.080285,2.286,19,2.168,4.6,0.746,-0.174,-2.161,TR-03_2-072-E,TR-03_2-074-W
sanjose,9,74,TR-03_2-074,SJ,TR-03_2-074,2TTx64,330,6.12,5.711,2.382,55,55,0.021847,6.222099,0.025734,5.722935,2.185,356.5,2.574,327.9,-0.134,1.366,-2.181,TR-03_2-073-E,TR-03_2-075-W
sanjose,9,75,TR-03_2-075,SJ,TR-03_2-075,2TTx64,333,4.6,5.699,2.382,55,55,0.026534,5.126032,0.020067,5.27264,2.654,293.7,2.007,302.1,-2.43,1.7,-1.067,TR-03_2-074-E,TR-03_2-076-W
sanjose,9,76,TR-03_2-076,SJ,TR-03_2-076,2TTx64,336,3.767,2.407,2.382,55,55,0.021497,5.396558,,,2.15,309.2,,,-1.666,,-1.36,TR-03_2-075-E,
sanjose,9,77,TR-03_2-077,SJ,TR-03_2-077,2TTx64,340,3.769,2.422,2.382,55,55,,,0.022196,5.017822,,,2.22,287.5,,2.118,-0.666,,
sanjose,9,78,TR-03_2-078,SJ,TR-03_2-078,2TTx64,346,3.755,2.434,2.382,55,55,0.020867,5.455899,0.017318,5.667084,2.087,312.6,1.732,324.7,-1.536,1.002,-1.413,,TR-03_2-079-W
sanjose,9,79,TR-03_2-079,SJ,TR-03_2-079,2TTx64,348,3.765,2.423,2.382,55,55,0.012509,5.35467,0.00991,5.5676,1.251,306.8,0.991,319,-1.002,0.65,-0.748,TR-03_2-078-E,TR-03_2-080-W
sanjose,9,80,TR-03_2-080,SJ,TR-03_2-080,2TTx64,352,3.784,2.403,2.382,55,55,0.017118,5.16792,0.017248,5.164429,1.712,296.1,1.725,295.9,-1.537,1.551,-0.754,TR-03_2-079-E,TR-03_2-081-W
sanjose,9,81,TR-03_2-081,SJ,TR-03_2-081,2TTx64,355,6.243,6.146,2.382,55,55,0.032299,4.763004,0.026884,4.77173,3.231,272.9,2.689,273.4,-3.227,2.684,-0.161,TR-03_2-080-E,TR-03_2-082-W
sanjose,9,82,TR-03_2-082,SJ,TR-03_2-082,2TTx64,357,6.258,6.152,2.382,55,55,0.040458,4.698426,0.011619,4.665265,4.048,269.2,1.162,267.3,-4.048,1.161,0.055,TR-03_2-081-E,TR-03_2-083-W
sanjose,9,83,TR-03_2-083,SJ,TR-03_2-083,2TTx64,359,6.177,6.234,2.382,55,55,0.021447,4.577999,0.023656,4.591961,2.145,262.3,2.366,263.1,-2.126,2.349,0.286,TR-03_2-082-E,TR-03_2-084-W
sanjose,9,84,TR-03_2-084,SJ,TR-03_2-084,2TTx64,361,6.208,6.16,2.382,55,55,0.0092,5.030039,0.028532,4.813618,0.92,288.2,2.854,275.8,-0.874,2.839,-0.288,TR-03_2-083-E,TR-03_2-085-W
sanjose,9,85,TR-03_2-085,SJ,TR-03_2-085,2TTx64,363,6.226,6.226,2.382,55,55,0.016698,5.094616,0.080267,4.789183,1.67,291.9,8.044,274.4,-1.55,8.02,-0.622,TR-03_2-084-E,TR-03_2-086-W
sanjose,9,86,TR-03_2-086,SJ,TR-03_2-086,2TTx64,365,6.122,6.195,2.382,55,55,0.064839,4.995132,0.040578,5.174901,6.493,286.2,4.06,296.5,-6.236,3.634,-1.81,TR-03_2-085-E,
sanjose,9,87,TR-03_2-087,SJ,TR-03_2-087,2TTx64,367,6.223,6.204,2.382,55,55,0.038122,5.021312,0.011599,0.040143,3.814,287.7,1.16,2.3,-3.634,-0.047,-1.159,,TR-03_2-088-W
sanjose,9,88,TR-03_2-088,SJ,TR-03_2-088,2TTx64,369,6.218,6.218,2.382,55,55,0.013209,0.132645,0.025714,5.24646,1.321,7.6,2.572,300.6,0.174,2.214,-1.309,TR-03_2-087-E,TR-05_2-067-W
sanjose,9,89,TR-03_2-089,SJ,TR-03_2-089,2TTx64,317,6.336,5.496,2.382,55,55,0.05938,4.225442,0.027803,3.141593,5.945,242.1,2.781,180,-5.255,0,2.781,TR-06_1-113-E,TR-03_2-090-W
sanjose,9,90,TR-03_2-090,SJ,TR-03_2-090,2TTx64,320,4.626,5.64,2.382,55,55,0.030041,3.12763,0.037413,3.780383,3.005,179.2,3.743,216.6,0.042,2.231,3.005,TR-03_2-089-E,TR-03_2-091-W
sanjose,9,91,TR-03_2-091,SJ,TR-03_2-091,2TTx64,323,4.935,5.383,2.382,55,55,0.032359,3.703589,0.03094,3.626794,3.237,212.2,3.095,207.8,-1.726,1.442,2.738,TR-03_2-090-E,TR-03_2-092-W
sanjose,9,92,TR-03_2-092,SJ,TR-03_2-092,2TTx64,326,4.741,6.056,2.382,55,55,0.027363,3.529056,0.033697,3.860668,2.737,202.2,3.371,221.2,-1.032,2.222,2.535,TR-03_2-091-E,TR-03_2-093-W
sanjose,9,93,TR-03_2-093,SJ,TR-03_2-093,2TTx64,328,6.214,6.178,2.382,55,55,0.018868,3.525565,0.017968,3.371976,1.887,202,1.797,193.2,-0.708,0.411,1.749,TR-03_2-092-E,TR-03_2-094-W
sanjose,9,94,TR-03_2-094,SJ,TR-03_2-094,2TTx64,330,6.12,5.711,2.382,55,55,0.016399,2.935644,0.0308,4.164356,1.64,168.2,3.081,238.6,0.336,2.63,1.606,TR-03_2-093-E,TR-03_2-095-W
sanjose,9,95,TR-03_2-095,SJ,TR-03_2-095,2TTx64,333,4.6,5.699,2.382,55,55,0.029641,4.309218,0.023576,4.195772,2.965,246.9,2.358,240.4,-2.727,2.05,1.164,TR-03_2-094-E,TR-03_2-096-W
sanjose,9,96,TR-03_2-096,SJ,TR-03_2-096,2TTx64,336,3.767,2.407,2.382,55,55,0.018528,4.340634,0.00853,3.801327,1.853,248.7,0.853,217.8,-1.726,0.522,0.674,TR-03_2-095-E,TR-03_2-097-W
sanjose,9,97,TR-03_2-097,SJ,TR-03_2-097,2TTx64,340,3.769,2.422,2.382,55,55,0.012749,4.380776,0.033797,4.588471,1.275,251,3.381,262.9,-1.205,3.355,0.415,TR-03_2-096-E,TR-03_2-098-W
sanjose,9,98,TR-03_2-098,SJ,TR-03_2-098,2TTx64,344,3.749,2.424,2.382,55,55,0.042993,4.614651,0.00478,3.649483,4.302,264.4,0.478,209.1,-4.282,0.233,0.418,TR-03_2-097-E,TR-03_2-099-W
sanjose,9,99,TR-03_2-099,SJ,TR-03_2-099,2TTx64,348,3.765,2.423,2.382,55,55,0.00206,3.04909,0.00868,4.473279,0.206,174.7,0.868,256.3,0.019,0.843,0.205,TR-03_2-098-E,TR-03_2-100-W
sanjose,9,100,TR-03_2-100,SJ,TR-03_2-100,2TTx64,352,3.784,2.403,2.382,55,55,0.011609,4.700172,0.026494,4.707153,1.161,269.3,2.65,269.7,-1.161,2.65,0.013,TR-03_2-099-E,TR-03_2-101-W
sanjose,9,101,TR-03_2-101,SJ,TR-03_2-101,2TTx64,355,6.243,6.146,2.382,55,55,0.028802,4.790929,0.022186,4.813618,2.881,274.5,2.219,275.8,-2.872,2.207,-0.226,TR-03_2-100-E,TR-03_2-102-W
sanjose,9,102,TR-03_2-102,SJ,TR-03_2-102,2TTx64,357,6.258,6.152,2.382,55,55,0.023905,4.839798,0.012029,4.968952,2.391,277.3,1.203,284.7,-2.371,1.164,-0.306,TR-03_2-101-E,TR-03_2-103-W
sanjose,9,103,TR-03_2-103,SJ,TR-03_2-103,2TTx64,359,6.177,6.234,2.382,55,55,0.015179,4.942772,0.031979,4.820599,1.518,283.2,3.199,276.2,-1.478,3.18,-0.346,TR-03_2-102-E,TR-03_2-104-W
sanjose,9,104,TR-03_2-104,SJ,TR-03_2-104,2TTx64,361,6.208,6.16,2.382,55,55,0.032608,4.858997,0.034346,4.85027,3.262,278.4,3.436,277.9,-3.227,3.403,-0.475,TR-03_2-103-E,TR-03_2-105-W
sanjose,9,105,TR-03_2-105,SJ,TR-03_2-105,2TTx64,363,6.226,6.226,2.382,55,55,0.044531,4.63734,0.04475,4.639085,4.456,265.7,4.478,265.8,-4.444,4.466,0.332,TR-03_2-104-E,TR-03_2-106-W
sanjose,9,106,TR-03_2-106,SJ,TR-03_2-106,2TTx64,365,6.122,6.195,2.382,55,55,0.051644,4.569272,0.031779,4.478515,5.169,261.8,3.179,256.6,-5.116,3.092,0.738,TR-03_2-105-E,TR-03_2-107-W
sanjose,9,107,TR-03_2-107,SJ,TR-03_2-107,2TTx64,367,6.223,6.204,2.382,55,55,0.032039,4.740314,0.033348,4.738569,3.205,271.6,3.336,271.5,-3.204,3.335,-0.09,TR-03_2-106-E,
sanjose,9,108,TR-03_2-108,SJ,TR-03_2-108,2TTx64,370,6.218,6.219,2.382,55,55,0.034336,4.810127,0.029911,4.82409,3.435,275.6,2.992,276.4,-3.419,2.973,-0.335,,TR-05_2-070-W
sanjose,9,109,TR-03_2-109,SJ,TR-03_2-109,2TTx64,342,3.799,2.441,2.382,55,55,,,0.01088,5.626942,,,1.088,322.4,,0.664,-0.861,,TR-03_2-110-W
sanjose,9,110,TR-03_2-110,SJ,TR-03_2-110,2TTx64,344,3.749,2.424,2.382,55,55,0.036124,4.817109,0.011959,1.24791,3.614,276,1.196,71.5,-3.594,-1.134,-0.38,TR-03_2-109-E,TR-03_2-111-W
sanjose,9,111,TR-03_2-111,SJ,TR-03_2-111,2TTx64,348,3.765,2.423,2.382,55,55,0.00369,5.85907,0.021727,4.867723,0.369,335.7,2.173,278.9,-0.152,2.147,-0.336,TR-03_2-110-E,TR-03_2-112-W
sanjose,9,112,TR-03_2-112,SJ,TR-03_2-112,2TTx64,352,3.784,2.403,2.382,55,55,0.023536,4.944518,0.038102,4.855506,2.354,283.3,3.812,278.2,-2.291,3.773,-0.543,TR-03_2-111-E,TR-03_2-113-W
sanjose,9,113,TR-03_2-113,SJ,TR-03_2-113,2TTx64,355,6.243,6.146,2.382,55,55,0.01119,5.162684,0.029222,4.879941,1.119,295.8,2.923,279.6,-1.008,2.882,-0.486,TR-03_2-112-E,TR-03_2-114-W
sanjose,9,114,TR-03_2-114,SJ,TR-03_2-114,2TTx64,357,6.258,6.152,2.382,55,55,0.028003,4.874705,0.026784,4.883431,2.801,279.3,2.679,279.8,-2.764,2.64,-0.454,TR-03_2-113-E,TR-03_2-115-W
sanjose,9,115,TR-03_2-115,SJ,TR-03_2-115,2TTx64,359,6.177,6.234,2.382,55,55,0.032858,4.848525,0.028952,4.865978,3.287,277.8,2.896,278.8,-3.257,2.862,-0.444,TR-03_2-114-E,TR-03_2-116-W
sanjose,9,116,TR-03_2-116,SJ,TR-03_2-116,2TTx64,361,6.208,6.16,2.382,55,55,0.029641,4.829326,0.023036,4.862487,2.965,276.7,2.304,278.6,-2.945,2.278,-0.344,TR-03_2-115-E,TR-03_2-117-W
sanjose,9,117,TR-03_2-117,SJ,TR-03_2-117,2TTx64,363,6.226,6.226,2.382,55,55,0.021657,4.808382,0.013869,4.860742,2.166,275.5,1.387,278.5,-2.156,1.372,-0.206,TR-03_2-116-E,TR-03_2-118-W
sanjose,9,118,TR-03_2-118,SJ,TR-03_2-118,2TTx64,365,6.122,6.195,2.382,55,55,0.035385,4.700172,0.047125,4.703662,3.54,269.3,4.716,269.5,-3.54,4.716,0.041,TR-03_2-117-E,TR-03_2-119-W
sanjose,9,119,TR-03_2-119,SJ,TR-03_2-119,2TTx64,367,6.223,6.204,2.382,55,55,0.044201,4.605924,0.020447,4.48026,4.423,263.9,2.045,256.7,-4.398,1.99,0.471,TR-03_2-118-E,TR-03_2-120-W
sanjose,9,120,TR-03_2-120,SJ,TR-03_2-120,2TTx64,369,6.218,6.218,2.382,55,55,0.022476,4.42441,0.037153,4.539601,2.248,253.5,3.717,260.1,-2.156,3.662,0.638,TR-03_2-119-E,TR-05_2-084-W
sanjose,5,1,TR-04_1-001,SJ,TR-04_1-001,2TTx64,267,6.224,6.136,2.382,55,55,0.0306,5.129523,0.031889,5.112069,3.061,293.9,3.19,292.9,-2.798,2.939,-1.241,TR-04_2-017-E,TR-04_1-002-W
sanjose,5,2,TR-04_1-002,SJ,TR-04_1-002,2TTx64,269,6.278,6.125,2.382,55,55,0.029751,5.047492,0.036024,4.988151,2.976,289.2,3.604,285.8,-2.81,3.468,-0.981,TR-04_1-001-E,TR-04_1-003-W
sanjose,5,3,TR-04_1-003,SJ,TR-04_1-003,2TTx64,271,6.259,6.131,2.382,55,55,0.032519,4.913102,0.018088,5.078908,3.253,281.5,1.809,291,-3.188,1.689,-0.647,TR-04_1-002-E,TR-04_1-004-W
sanjose,5,4,TR-04_1-004,SJ,TR-04_1-004,2TTx64,273,6.272,6.115,2.382,55,55,0.03119,4.960226,0.03898,4.909611,3.12,284.2,3.9,281.3,-3.025,3.824,-0.766,TR-04_1-003-E,TR-04_1-005-W
sanjose,5,5,TR-04_1-005,SJ,TR-04_1-005,2TTx64,275,6.321,6.054,2.382,55,55,0.044231,4.846779,0.033008,4.892158,4.426,277.7,3.302,280.3,-4.387,3.249,-0.589,TR-04_1-004-E,TR-04_1-006-W
sanjose,5,6,TR-04_1-006,SJ,TR-04_1-006,2TTx64,277,6.296,6.119,2.382,55,55,0.033378,4.906121,0.020877,5.024803,3.339,281.1,2.088,287.9,-3.277,1.987,-0.642,TR-04_1-005-E,TR-04_1-007-W
sanjose,5,7,TR-04_1-007,SJ,TR-04_1-007,2TTx64,279,6.277,6.123,2.382,55,55,0.025714,4.918338,0.01127,5.197591,2.572,281.8,1.127,297.8,-2.518,0.997,-0.526,TR-04_1-006-E,TR-04_1-008-W
sanjose,5,8,TR-04_1-008,SJ,TR-04_1-008,2TTx64,281,6.275,6.128,2.382,55,55,0.00875,0.094248,0.032948,4.979424,0.875,5.4,3.296,285.3,0.083,3.179,-0.871,TR-04_1-007-E,TR-04_1-009-W
sanjose,5,9,TR-04_1-009,SJ,TR-04_1-009,2TTx64,283,6.197,6.21,2.382,55,55,0.036923,4.680973,0.016558,4.642576,3.694,268.2,1.656,266,-3.692,1.652,0.115,TR-04_1-008-E,
sanjose,5,10,TR-04_1-010,SJ,TR-04_1-010,2TTx64,267,6.224,6.136,2.382,55,55,0.025464,4.600688,0.025904,4.602433,2.547,263.6,2.591,263.7,-2.531,2.575,0.285,TR-04_2-034-E,TR-04_1-011-W
sanjose,5,11,TR-04_1-011,SJ,TR-04_1-011,2TTx64,269,6.278,6.125,2.382,55,55,0.026274,4.564036,0.053379,4.639085,2.628,261.5,5.343,265.8,-2.599,5.329,0.39,TR-04_1-010-E,TR-04_1-012-W
sanjose,5,12,TR-04_1-012,SJ,TR-04_1-012,2TTx64,271,6.259,6.131,2.382,55,55,0.043612,4.722861,0.023686,4.729842,4.364,270.6,2.369,271,-4.364,2.369,-0.043,TR-04_1-011-E,TR-04_1-013-W
sanjose,5,13,TR-04_1-013,SJ,TR-04_1-013,2TTx64,273,6.272,6.115,2.382,55,55,0.034816,4.763004,0.026194,4.780457,3.483,272.9,2.62,273.9,-3.479,2.614,-0.176,TR-04_1-012-E,TR-04_1-014-W
sanjose,5,14,TR-04_1-014,SJ,TR-04_1-014,2TTx64,275,6.321,6.054,2.382,55,55,0.032918,4.804891,0.023596,4.843289,3.293,275.3,2.36,277.5,-3.279,2.34,-0.306,TR-04_1-013-E,TR-04_1-015-W
sanjose,5,15,TR-04_1-015,SJ,TR-04_1-015,2TTx64,277,6.296,6.119,2.382,55,55,0.031729,4.778711,0.037682,4.76824,3.174,273.8,3.77,273.2,-3.167,3.764,-0.212,TR-04_1-014-E,TR-04_1-016-W
sanjose,5,16,TR-04_1-016,SJ,TR-04_1-016,2TTx64,279,6.277,6.123,2.382,55,55,0.030231,4.848525,0.011579,5.075417,3.024,277.8,1.158,290.8,-2.996,1.082,-0.412,TR-04_1-015-E,TR-04_1-017-W
sanjose,5,17,TR-04_1-017,SJ,TR-04_1-017,2TTx64,281,6.275,6.128,2.382,55,55,0.068045,4.74555,0.0058,5.122541,6.815,271.9,0.58,293.5,-6.811,0.532,-0.232,TR-04_1-016-E,TR-04_1-018-W
sanjose,5,18,TR-04_1-018,SJ,TR-04_1-018,2TTx64,283,6.197,6.21,2.382,55,55,0.018988,4.872959,0.015069,1.368338,1.899,279.2,1.507,78.4,-1.875,-1.476,-0.303,TR-04_1-017-E,TR-04_1-019-W
sanjose,5,19,TR-04_1-019,SJ,TR-04_1-019,2TTx64,285,6.204,6.19,2.382,55,55,0.00973,0.963422,0.026574,4.923574,0.973,55.2,2.658,282.1,0.799,2.599,-0.555,TR-04_1-018-E,TR-04_1-020-W
sanjose,5,20,TR-04_1-020,SJ,TR-04_1-020,2TTx64,287,6.21,2.384,2.382,55,55,0.016958,5.216789,0.028922,5.000368,1.696,298.9,2.893,286.5,-1.485,2.774,-0.82,TR-04_1-019-E,TR-04_1-021-W
sanjose,5,21,TR-04_1-021,SJ,TR-04_1-021,2TTx64,291,3.75,2.391,2.382,55,55,0.049659,4.883431,0.038691,4.934046,4.97,279.8,3.871,282.7,-4.897,3.776,-0.85,TR-04_1-020-E,TR-04_1-022-W
sanjose,5,22,TR-04_1-022,SJ,TR-04_1-022,2TTx64,295,4.238,5.779,2.382,55,55,0.037433,5.03702,0.035595,5.054474,3.745,288.6,3.561,289.6,-3.549,3.355,-1.194,TR-04_1-021-E,TR-04_1-023-W
sanjose,5,23,TR-04_1-023,SJ,TR-04_1-023,2TTx64,298,4.344,6.219,2.382,55,55,0.030031,5.248205,0.022886,5.447173,3.004,300.7,2.289,312.1,-2.582,1.698,-1.535,TR-04_1-022-E,TR-04_1-024-W
sanjose,5,24,TR-04_1-024,SJ,TR-04_1-024,2TTx64,300,6.212,5.86,2.382,55,55,0.023566,5.358161,0.030131,5.202827,2.357,307,3.014,298.1,-1.882,2.659,-1.418,TR-04_1-023-E,
sanjose,5,25,TR-04_1-025,SJ,TR-04_1-025,2TTx64,267,6.224,6.136,2.382,55,55,0.014009,4.577999,0.018188,4.607669,1.401,262.3,1.819,264,-1.388,1.809,0.189,TR-04_2-051-E,TR-04_1-026-W
sanjose,5,26,TR-04_1-026,SJ,TR-04_1-026,2TTx64,269,6.278,6.125,2.382,55,55,0.016518,4.562291,0.042425,4.654793,1.652,261.4,4.245,266.7,-1.633,4.238,0.248,TR-04_1-025-E,TR-04_1-027-W
sanjose,5,27,TR-04_1-027,SJ,TR-04_1-027,2TTx64,271,6.259,6.131,2.382,55,55,0.041726,4.691445,0.028882,4.682718,4.175,268.8,2.889,268.3,-4.174,2.888,0.087,TR-04_1-026-E,TR-04_1-028-W
sanjose,5,28,TR-04_1-028,SJ,TR-04_1-028,2TTx64,273,6.272,6.115,2.382,55,55,0.056659,4.71937,0.032968,4.722861,5.672,270.4,3.298,270.6,-5.672,3.298,-0.037,TR-04_1-027-E,TR-04_1-029-W
sanjose,5,29,TR-04_1-029,SJ,TR-04_1-029,2TTx64,275,6.321,6.054,2.382,55,55,0.048472,4.656538,0.00645,4.281293,4.851,266.8,0.645,245.3,-4.843,0.586,0.27,TR-04_1-028-E,TR-04_1-030-W
sanjose,5,30,TR-04_1-030,SJ,TR-04_1-030,2TTx64,277,6.296,6.119,2.382,55,55,0.016738,4.750786,0.04911,4.726352,1.674,272.2,4.915,270.8,-1.673,4.915,-0.064,TR-04_1-029-E,TR-04_1-031-W
sanjose,5,31,TR-04_1-031,SJ,TR-04_1-031,2TTx64,279,6.277,6.123,2.382,55,55,0.037852,4.735078,0.018678,4.757768,3.787,271.3,1.868,272.6,-3.786,1.866,-0.086,TR-04_1-030-E,TR-04_1-032-W
sanjose,5,32,TR-04_1-032,SJ,TR-04_1-032,2TTx64,281,6.275,6.128,2.382,55,55,0.048392,4.708898,0.014029,4.698426,4.843,269.8,1.403,269.2,-4.843,1.403,0.019,TR-04_1-031-E,TR-04_1-033-W
sanjose,5,33,TR-04_1-033,SJ,TR-04_1-033,2TTx64,283,6.197,6.21,2.382,55,55,0.022616,4.810127,0.015709,4.852015,2.262,275.6,1.571,278,-2.251,1.556,-0.219,TR-04_1-032-E,TR-04_1-034-W
sanjose,5,34,TR-04_1-034,SJ,TR-04_1-034,2TTx64,285,6.204,6.19,2.382,55,55,0.020347,5.045747,0.044271,4.864233,2.035,289.1,4.43,278.7,-1.923,4.38,-0.667,TR-04_1-033-E,TR-04_1-035-W
sanjose,5,35,TR-04_1-035,SJ,TR-04_1-035,2TTx64,287,6.21,2.384,2.382,55,55,0.037303,5.00735,0.045239,4.95499,3.732,286.9,4.527,283.9,-3.571,4.395,-1.085,TR-04_1-034-E,TR-04_1-036-W
sanjose,5,36,TR-04_1-036,SJ,TR-04_1-036,2TTx64,291,3.75,2.391,2.382,55,55,0.048642,4.975934,0.049928,4.968952,4.868,285.1,4.997,284.7,-4.7,4.833,-1.27,TR-04_1-035-E,TR-04_1-037-W
sanjose,5,37,TR-04_1-037,SJ,TR-04_1-037,2TTx64,295,4.238,5.779,2.382,55,55,0.043123,5.040511,0.047684,5.00735,4.315,288.8,4.772,286.9,-4.085,4.565,-1.389,TR-04_1-036-E,TR-04_1-038-W
sanjose,5,38,TR-04_1-038,SJ,TR-04_1-038,2TTx64,298,4.344,6.219,2.382,55,55,0.032788,5.054474,0.047714,4.944518,3.28,289.6,4.775,283.3,-3.09,4.646,-1.101,TR-04_1-037-E,TR-04_1-039-W
sanjose,5,39,TR-04_1-039,SJ,TR-04_1-039,2TTx64,300,6.212,5.86,2.382,55,55,0.032598,5.124287,0.042375,5.024803,3.261,293.6,4.24,287.9,-2.989,4.034,-1.304,TR-04_1-038-E,TR-04_1-040-W
sanjose,5,40,TR-04_1-040,SJ,TR-04_1-040,2TTx64,303,4.694,5.53,2.382,55,55,0.038521,4.982915,0.01033,0.080285,3.854,285.5,1.033,4.6,-3.714,-0.082,-1.029,TR-04_1-039-E,TR-03_1-001-W
sanjose,5,41,TR-04_1-041,SJ,TR-04_1-041,2TTx64,267,6.224,6.136,2.382,55,55,0.043043,5.054474,0.020577,5.48906,4.307,289.6,2.058,314.5,-4.058,1.468,-1.443,TR-04_2-068-E,TR-04_1-042-W
sanjose,5,42,TR-04_1-042,SJ,TR-04_1-042,2TTx64,269,6.278,6.125,2.382,55,55,0.023106,5.293584,0.027663,5.188864,2.311,303.3,2.767,297.3,-1.932,2.46,-1.268,TR-04_1-041-E,TR-04_1-043-W
sanjose,5,43,TR-04_1-043,SJ,TR-04_1-043,2TTx64,271,6.259,6.131,2.382,55,55,0.032209,5.22377,0.035365,5.173156,3.222,299.3,3.538,296.4,-2.811,3.168,-1.574,TR-04_1-042-E,TR-04_1-044-W
sanjose,5,44,TR-04_1-044,SJ,TR-04_1-044,2TTx64,273,6.272,6.115,2.382,55,55,0.032389,5.235988,0.04503,5.080653,3.24,300,4.506,291.1,-2.805,4.204,-1.621,TR-04_1-043-E,TR-04_1-045-W
sanjose,5,45,TR-04_1-045,SJ,TR-04_1-045,2TTx64,275,6.321,6.054,2.382,55,55,0.044551,5.071927,0.044012,5.077163,4.458,290.6,4.404,290.9,-4.173,4.115,-1.568,TR-04_1-044-E,TR-04_1-046-W
sanjose,5,46,TR-04_1-046,SJ,TR-04_1-046,2TTx64,277,6.296,6.119,2.382,55,55,0.041895,5.002114,0.032029,5.094616,4.192,286.6,3.204,291.9,-4.018,2.973,-1.195,TR-04_1-045-E,TR-04_1-047-W
sanjose,5,47,TR-04_1-047,SJ,TR-04_1-047,2TTx64,279,6.277,6.123,2.382,55,55,0.023546,4.951499,0.024955,4.937536,2.355,283.7,2.496,282.9,-2.288,2.433,-0.556,TR-04_1-046-E,TR-04_1-048-W
sanjose,5,48,TR-04_1-048,SJ,TR-04_1-048,2TTx64,281,6.275,6.128,2.382,55,55,0.015239,5.349434,0.00996,5.857325,1.524,306.5,0.996,335.6,-1.225,0.411,-0.907,TR-04_1-047-E,TR-04_1-049-W
sanjose,5,49,TR-04_1-049,SJ,TR-04_1-049,2TTx64,283,6.197,6.21,2.382,55,55,0.016269,4.972443,0.020867,4.914847,1.627,284.9,2.087,281.6,-1.572,2.044,-0.419,TR-04_1-048-E,TR-04_1-050-W
sanjose,5,50,TR-04_1-050,SJ,TR-04_1-050,2TTx64,285,6.204,6.19,2.382,55,55,0.032199,4.703662,0.027303,4.701917,3.221,269.5,2.731,269.4,-3.221,2.731,0.029,TR-04_1-049-E,TR-04_1-051-W
sanjose,5,51,TR-04_1-051,SJ,TR-04_1-051,2TTx64,287,6.21,2.384,2.382,55,55,0.018448,4.534365,0.06906,4.665265,1.845,259.8,6.917,267.3,-1.816,6.909,0.328,TR-04_1-050-E,TR-04_1-052-W
sanjose,5,52,TR-04_1-052,SJ,TR-04_1-052,2TTx64,291,3.75,2.391,2.382,55,55,0.085432,4.846779,0.055224,4.921828,8.564,277.7,5.528,282,-8.487,5.408,-1.147,TR-04_1-051-E,TR-04_1-053-W
sanjose,5,53,TR-04_1-053,SJ,TR-04_1-053,2TTx64,295,4.238,5.779,2.382,55,55,0.055323,4.831071,0.00712,5.892232,5.538,276.8,0.712,337.6,-5.499,0.272,-0.658,TR-04_1-052-E,TR-04_1-054-W
sanjose,5,54,TR-04_1-054,SJ,TR-04_1-054,2TTx64,298,4.344,6.219,2.382,55,55,0.0025,6.14705,0.037802,4.778711,0.25,352.2,3.782,273.8,-0.034,3.774,-0.248,TR-04_1-053-E,TR-04_1-055-W
sanjose,5,55,TR-04_1-055,SJ,TR-04_1-055,2TTx64,300,6.212,5.86,2.382,55,55,0.037672,4.831071,0.022056,4.914847,3.769,276.8,2.206,281.6,-3.743,2.161,-0.443,TR-04_1-054-E,TR-04_1-056-W
sanjose,5,56,TR-04_1-056,SJ,TR-04_1-056,2TTx64,303,4.694,5.53,2.382,55,55,0.027753,4.703662,0.029591,4.703662,2.776,269.5,2.96,269.5,-2.776,2.96,0.026,TR-04_1-055-E,TR-03_1-018-W
sanjose,5,57,TR-04_1-057,SJ,TR-04_1-057,2TTx64,267,6.224,6.136,2.382,55,55,0.027683,5.185373,0.018818,5.447173,2.769,297.1,1.882,312.1,-2.465,1.397,-1.261,TR-04_2-085-E,TR-04_1-058-W
sanjose,5,58,TR-04_1-058,SJ,TR-04_1-058,2TTx64,269,6.278,6.125,2.382,55,55,0.018268,5.555383,0.022336,5.370378,1.827,318.3,2.234,307.7,-1.215,1.769,-1.365,TR-04_1-057-E,TR-04_1-059-W
sanjose,5,59,TR-04_1-059,SJ,TR-04_1-059,2TTx64,271,6.259,6.131,2.382,55,55,0.024715,5.51524,0.029112,5.368633,2.472,316,2.912,307.6,-1.718,2.307,-1.777,TR-04_1-058-E,TR-04_1-060-W
sanjose,5,60,TR-04_1-060,SJ,TR-04_1-060,2TTx64,273,6.272,6.115,2.382,55,55,0.015629,6.178466,0.029222,5.27264,1.563,354,2.923,302.1,-0.164,2.476,-1.554,TR-04_1-059-E,TR-04_1-061-W
sanjose,5,61,TR-04_1-061,SJ,TR-04_1-061,2TTx64,275,6.321,6.054,2.382,55,55,0.032938,5.190609,0.025634,5.345943,3.295,297.4,2.564,306.3,-2.925,2.067,-1.518,TR-04_1-060-E,TR-04_1-062-W
sanjose,5,62,TR-04_1-062,SJ,TR-04_1-062,2TTx64,277,6.296,6.119,2.382,55,55,0.029202,5.359906,0.035435,5.232497,2.921,307.1,3.545,299.8,-2.329,3.076,-1.762,TR-04_1-061-E,TR-04_1-063-W
sanjose,5,63,TR-04_1-063,SJ,TR-04_1-063,2TTx64,279,6.277,6.123,2.382,55,55,0.030311,5.251696,0.025285,5.375614,3.032,300.9,2.529,308,-2.603,1.994,-1.555,TR-04_1-062-E,
sanjose,5,66,TR-04_1-066,SJ,TR-04_1-066,2TTx64,286,6.19,6.21,2.382,55,55,,,0.029172,5.314528,,,2.918,304.5,,2.405,-1.653,,TR-04_1-067-W
sanjose,5,67,TR-04_1-067,SJ,TR-04_1-067,2TTx64,287,6.21,2.384,2.382,55,55,0.016119,0.141372,0.067378,4.951499,1.612,8.1,6.748,283.7,0.227,6.556,-1.596,TR-04_1-066-E,TR-04_1-068-W
sanjose,5,68,TR-04_1-068,SJ,TR-04_1-068,2TTx64,291,3.75,2.391,2.382,55,55,0.026334,5.640904,0.030301,5.482079,2.634,323.2,3.031,314.1,-1.579,2.178,-2.108,TR-04_1-067-E,TR-04_1-069-W
sanjose,5,69,TR-04_1-069,SJ,TR-04_1-069,2TTx64,295,4.238,5.779,2.382,55,55,0.017528,5.654867,0.068791,4.920083,1.753,324,6.89,281.9,-1.031,6.742,-1.418,TR-04_1-068-E,TR-04_1-070-W
sanjose,5,70,TR-04_1-070,SJ,TR-04_1-070,2TTx64,298,4.344,6.219,2.382,55,55,0.065974,4.832817,0.016019,5.232497,6.607,276.9,1.602,299.8,-6.559,1.391,-0.795,TR-04_1-069-E,TR-04_1-071-W
sanjose,5,71,TR-04_1-071,SJ,TR-04_1-071,2TTx64,300,6.212,5.86,2.382,55,55,0.018368,4.609415,0.028622,4.646066,1.837,264.1,2.863,266.2,-1.827,2.857,0.188,TR-04_1-070-E,TR-04_1-072-W
sanjose,5,72,TR-04_1-072,SJ,TR-04_1-072,2TTx64,303,4.694,5.53,2.382,55,55,0.034436,4.288274,0.03906,4.342379,3.445,245.7,3.908,248.8,-3.141,3.642,1.416,TR-04_1-071-E,TR-04_1-073-W
sanjose,5,73,TR-04_1-073,SJ,TR-04_1-073,2TTx64,306,4.477,5.671,2.382,55,55,0.04496,4.363323,0.022566,3.963643,4.499,250,2.257,227.1,-4.229,1.654,1.536,TR-04_1-072-E,TR-03_1-035-W
sanjose,5,74,TR-04_1-074,SJ,TR-04_1-074,2TTx64,267,6.224,6.136,2.382,55,55,0.029032,5.504768,0.024985,5.688028,2.904,315.4,2.499,325.9,-2.037,1.402,-2.069,TR-04_2-102-E,TR-04_1-075-W
sanjose,5,75,TR-04_1-075,SJ,TR-04_1-075,2TTx64,269,6.278,6.125,2.382,55,55,0.017698,5.693264,0.029861,5.227261,1.77,326.2,2.987,299.5,-0.984,2.599,-1.471,TR-04_1-074-E,TR-04_1-076-W
sanjose,5,76,TR-04_1-076,SJ,TR-04_1-076,2TTx64,271,6.259,6.131,2.382,55,55,0.037892,5.127777,0.028362,5.281366,3.791,293.8,2.837,302.6,-3.47,2.391,-1.527,TR-04_1-075-E,TR-04_1-077-W
sanjose,5,77,TR-04_1-077,SJ,TR-04_1-077,2TTx64,273,6.272,6.115,2.382,55,55,0.040029,5.241224,0.020207,0.022689,4.005,300.3,2.021,1.3,-3.458,-0.047,-2.021,TR-04_1-076-E,TR-04_1-078-W
sanjose,5,78,TR-04_1-078,SJ,TR-04_1-078,2TTx64,275,6.321,6.054,2.382,55,55,0.024345,5.773549,0.021887,6.04233,2.435,330.8,2.189,346.2,-1.187,0.524,-2.126,TR-04_1-077-E,TR-04_1-079-W
sanjose,5,79,TR-04_1-079,SJ,TR-04_1-079,2TTx64,277,6.296,6.119,2.382,55,55,0.026024,5.784021,0.029871,5.583308,2.603,331.4,2.988,319.9,-1.248,1.926,-2.285,TR-04_1-078-E,TR-04_1-080-W
sanjose,5,80,TR-04_1-080,SJ,TR-04_1-080,2TTx64,279,6.277,6.123,2.382,55,55,0.026724,5.510004,0.021867,5.77704,2.673,315.7,2.187,331,-1.867,1.061,-1.913,TR-04_1-079-E,
sanjose,5,81,TR-04_1-081,SJ,TR-04_1-081,2TTx64,282,6.128,6.197,2.382,55,55,0.037462,5.222025,0.045099,5.129523,3.748,299.2,4.513,293.9,-3.27,4.125,-1.831,,TR-04_1-082-W
sanjose,5,82,TR-04_1-082,SJ,TR-04_1-082,2TTx64,283,6.197,6.21,2.382,55,55,0.047514,5.225516,0.033857,5.471607,4.755,299.4,3.387,313.5,-4.144,2.456,-2.332,TR-04_1-081-E,TR-04_1-083-W
sanjose,5,83,TR-04_1-083,SJ,TR-04_1-083,2TTx64,285,6.204,6.19,2.382,55,55,0.029821,5.700245,0.032598,5.579818,2.983,326.6,3.261,319.7,-1.644,2.108,-2.489,TR-04_1-082-E,TR-04_1-084-W
sanjose,5,84,TR-04_1-084,SJ,TR-04_1-084,2TTx64,287,6.21,2.384,2.382,55,55,0.022216,6.070255,0.024505,5.801474,2.222,347.8,2.451,332.4,-0.469,1.136,-2.172,TR-04_1-083-E,TR-04_1-085-W
sanjose,5,85,TR-04_1-085,SJ,TR-04_1-085,2TTx64,291,3.75,2.391,2.382,55,55,0.032119,5.358161,0.036244,5.274385,3.213,307,3.626,302.2,-2.567,3.069,-1.932,TR-04_1-084-E,TR-04_1-086-W
sanjose,5,86,TR-04_1-086,SJ,TR-04_1-086,2TTx64,295,4.238,5.779,2.382,55,55,0.030121,5.38085,0.022476,5.691519,3.013,308.3,2.248,326.1,-2.366,1.255,-1.865,TR-04_1-085-E,TR-04_1-087-W
sanjose,5,87,TR-04_1-087,SJ,TR-04_1-087,2TTx64,298,4.344,6.219,2.382,55,55,0.016558,5.653121,0.015519,5.752605,1.656,323.9,1.552,329.6,-0.976,0.786,-1.338,TR-04_1-086-E,TR-04_1-088-W
sanjose,5,88,TR-04_1-088,SJ,TR-04_1-088,2TTx64,300,6.212,5.86,2.382,55,55,0.018398,5.763077,0.018768,5.729916,1.84,330.2,1.877,328.3,-0.914,0.987,-1.596,TR-04_1-087-E,TR-04_1-089-W
sanjose,5,89,TR-04_1-089,SJ,TR-04_1-089,2TTx64,303,4.694,5.53,2.382,55,55,0.025904,5.813692,0.04486,5.253441,2.591,333.1,4.489,301,-1.172,3.849,-2.31,TR-04_1-088-E,TR-04_1-090-W
sanjose,5,90,TR-04_1-090,SJ,TR-04_1-090,2TTx64,306,4.477,5.671,2.382,55,55,0.025744,6.059783,0.032079,5.611234,2.575,347.2,3.209,321.5,-0.571,1.998,-2.511,TR-04_1-089-E,TR-03_1-054-W
sanjose,5,91,TR-04_1-091,SJ,TR-04_1-091,2TTx64,268,6.136,6.278,2.382,55,55,0.028113,5.43321,0.021457,5.757841,2.812,311.3,2.146,329.9,-2.112,1.076,-1.857,,TR-04_1-092-W
sanjose,5,92,TR-04_1-092,SJ,TR-04_1-092,2TTx64,269,6.278,6.125,2.382,55,55,0.019847,5.710717,0.028742,5.331981,1.985,327.2,2.875,305.5,-1.076,2.342,-1.668,TR-04_1-091-E,TR-04_1-093-W
sanjose,5,93,TR-04_1-093,SJ,TR-04_1-093,2TTx64,271,6.259,6.131,2.382,55,55,0.027713,5.185373,0.014739,5.742133,2.772,297.1,1.474,329,-2.467,0.76,-1.263,TR-04_1-092-E,TR-04_1-094-W
sanjose,5,94,TR-04_1-094,SJ,TR-04_1-094,2TTx64,273,6.272,6.115,2.382,55,55,0.021147,5.379105,0.028682,5.185373,2.115,308.2,2.869,297.1,-1.663,2.554,-1.307,TR-04_1-093-E,TR-04_1-095-W
sanjose,5,95,TR-04_1-095,SJ,TR-04_1-095,2TTx64,275,6.321,6.054,2.382,55,55,0.025564,5.078908,0.012769,5.51175,2.557,291,1.277,315.8,-2.388,0.891,-0.915,TR-04_1-094-E,TR-04_1-096-W
sanjose,5,96,TR-04_1-096,SJ,TR-04_1-096,2TTx64,277,6.296,6.119,2.382,55,55,0.00676,5.820673,0.028292,4.927064,0.676,333.5,2.83,282.3,-0.301,2.765,-0.605,TR-04_1-095-E,TR-04_1-097-W
sanjose,5,97,TR-04_1-097,SJ,TR-04_1-097,2TTx64,279,6.277,6.123,2.382,55,55,0.029831,5.071927,0.021547,5.222025,2.984,290.6,2.155,299.2,-2.793,1.882,-1.05,TR-04_1-096-E,TR-04_1-098-W
sanjose,5,98,TR-04_1-098,SJ,TR-04_1-098,2TTx64,281,6.275,6.128,2.382,55,55,0.020147,5.427974,0.037532,5.071927,2.015,311,3.755,290.6,-1.52,3.514,-1.323,TR-04_1-097-E,TR-04_1-099-W
sanjose,5,99,TR-04_1-099,SJ,TR-04_1-099,2TTx64,283,6.197,6.21,2.382,55,55,0.032049,5.145231,0.045,5.016076,3.206,294.8,4.503,287.4,-2.91,4.297,-1.346,TR-04_1-098-E,TR-04_1-100-W
sanjose,5,100,TR-04_1-100,SJ,TR-04_1-100,2TTx64,285,6.204,6.19,2.382,55,55,0.043313,5.038766,0.03063,5.183628,4.334,288.7,3.064,297,-4.104,2.73,-1.392,TR-04_1-099-E,TR-04_1-101-W
sanjose,5,101,TR-04_1-101,SJ,TR-04_1-101,2TTx64,287,6.21,2.384,2.382,55,55,0.030381,5.204572,0.018878,5.574582,3.039,298.2,1.888,319.4,-2.679,1.228,-1.434,TR-04_1-100-E,TR-04_1-102-W
sanjose,5,102,TR-04_1-102,SJ,TR-04_1-102,2TTx64,291,3.75,2.391,2.382,55,55,0.032459,5.222025,0.020167,5.614724,3.247,299.2,2.017,321.7,-2.835,1.249,-1.583,TR-04_1-101-E,TR-04_1-103-W
sanjose,5,103,TR-04_1-103,SJ,TR-04_1-103,2TTx64,295,4.238,5.779,2.382,55,55,0.017118,6.127851,0.026054,5.419247,1.712,351.1,2.606,310.5,-0.265,1.982,-1.692,TR-04_1-102-E,TR-04_1-104-W
sanjose,5,104,TR-04_1-104,SJ,TR-04_1-104,2TTx64,298,4.344,6.219,2.382,55,55,0.024015,5.681047,0.020107,6.106907,2.402,325.5,2.011,349.9,-1.36,0.354,-1.979,TR-04_1-103-E,TR-04_1-105-W
sanjose,5,105,TR-04_1-105,SJ,TR-04_1-105,2TTx64,300,6.212,5.86,2.382,55,55,0.025205,5.918411,0.029751,5.625196,2.521,339.1,2.976,322.3,-0.898,1.818,-2.356,TR-04_1-104-E,TR-04_1-106-W
sanjose,5,106,TR-04_1-106,SJ,TR-04_1-106,2TTx64,303,4.694,5.53,2.382,55,55,0.033068,5.599016,0.07106,5.080653,3.308,320.8,7.118,291.1,-2.092,6.641,-2.563,TR-04_1-105-E,TR-04_1-107-W
sanjose,5,107,TR-04_1-107,SJ,TR-04_1-107,2TTx64,306,4.477,5.671,2.382,55,55,0.023186,0.006981,0.04467,5.256932,2.319,0.4,4.47,301.2,0.017,3.822,-2.319,TR-04_1-106-E,TR-03_1-073-W
sanjose,5,120,TR-04_1-120,SJ,TR-04_1-120,2TTx64,296,5.779,2.148,2.382,55,55,,,0.018218,4.473279,,,1.822,256.3,,1.77,0.432,,TR-04_1-121-W
sanjose,5,121,TR-04_1-121,SJ,TR-04_1-121,2TTx64,298,4.344,6.219,2.382,55,55,0.018388,4.436627,0.035056,4.569272,1.839,254.2,3.507,261.8,-1.77,3.471,0.5,TR-04_1-120-E,TR-04_1-122-W
sanjose,5,122,TR-04_1-122,SJ,TR-04_1-122,2TTx64,300,6.212,5.86,2.382,55,55,0.038122,4.74206,0.024755,4.757768,3.814,271.7,2.476,272.6,-3.812,2.474,-0.111,TR-04_1-121-E,TR-04_1-123-W
sanjose,5,123,TR-04_1-123,SJ,TR-04_1-123,2TTx64,303,4.694,5.53,2.382,55,55,0.028003,4.626868,0.046716,4.661774,2.801,265.1,4.675,267.1,-2.791,4.669,0.238,TR-04_1-122-E,TR-04_1-124-W
sanjose,5,124,TR-04_1-124,SJ,TR-04_1-124,2TTx64,306,4.477,5.671,2.382,55,55,0.0078,5.551892,0.040857,4.855506,0.78,318.1,4.088,278.2,-0.521,4.047,-0.581,TR-04_1-123-E,TR-03_1-090-W
sanjose,6,1,TR-04_2-001,SJ,TR-04_2-001,2TTx64,234,1.728,4.529,2.382,55,55,,,0.021057,5.119051,,,2.106,293.3,,1.934,-0.833,,TR-04_2-002-W
sanjose,6,2,TR-04_2-002,SJ,TR-04_2-002,2TTx64,236,1.704,5.929,2.382,55,55,0.021597,5.174901,0.01137,5.722935,2.16,296.5,1.137,327.9,-1.934,0.605,-0.963,TR-04_2-001-E,TR-04_2-003-W
sanjose,6,3,TR-04_2-003,SJ,TR-04_2-003,2TTx64,238,6.345,6.111,2.382,55,55,0.007,5.796238,0.025604,4.956735,0.7,332.1,2.561,284,-0.328,2.485,-0.618,TR-04_2-002-E,TR-04_2-004-W
sanjose,6,4,TR-04_2-004,SJ,TR-04_2-004,2TTx64,240,6.206,6.12,2.382,55,55,0.03929,5.056219,0.015419,5.749115,3.931,289.7,1.542,329.4,-3.7,0.785,-1.327,TR-04_2-003-E,TR-04_2-005-W
sanjose,6,5,TR-04_2-005,SJ,TR-04_2-005,2TTx64,242,6.28,6.143,2.382,55,55,0.018808,6.171484,0.055623,5.054474,1.881,353.6,5.568,289.6,-0.21,5.245,-1.869,TR-04_2-004-E,TR-04_2-006-W
sanjose,6,6,TR-04_2-006,SJ,TR-04_2-006,2TTx64,245,1.829,5.909,2.382,55,55,0.055294,5.026548,0.047375,5.082399,5.535,288,4.741,291.2,-5.263,4.42,-1.715,TR-04_2-005-E,TR-04_2-007-W
sanjose,6,7,TR-04_2-007,SJ,TR-04_2-007,2TTx64,247,6.259,6.169,2.382,55,55,0.041526,5.113815,0.037772,5.157448,4.155,293,3.779,295.5,-3.824,3.412,-1.625,TR-04_2-006-E,TR-04_2-008-W
sanjose,6,8,TR-04_2-008,SJ,TR-04_2-008,2TTx64,249,6.238,6.168,2.382,55,55,0.035575,5.29882,0.029831,5.43321,3.559,303.6,2.984,311.3,-2.964,2.242,-1.97,TR-04_2-007-E,TR-04_2-009-W
sanjose,6,9,TR-04_2-009,SJ,TR-04_2-009,2TTx64,251,6.244,6.152,2.382,55,55,0.047574,5.117305,0.032628,5.323254,4.761,293.2,3.264,305,-4.377,2.672,-1.874,TR-04_2-008-E,TR-04_2-010-W
sanjose,6,10,TR-04_2-010,SJ,TR-04_2-010,2TTx64,253,6.244,,2.382,55,55,0.029631,5.227261,,,2.964,299.5,,,-2.579,,-1.46,TR-04_2-009-E,
sanjose,6,11,TR-04_2-011,SJ,TR-04_2-011,2TTx64,254,,6.282,2.382,55,55,,,0.022356,5.326745,,,2.236,305.2,,1.827,-1.289,,TR-04_2-012-W
sanjose,6,12,TR-04_2-012,SJ,TR-04_2-012,2TTx64,255,6.282,6.126,2.382,55,55,0.027163,5.157448,0.014659,5.633923,2.717,295.5,1.466,322.8,-2.453,0.886,-1.169,TR-04_2-011-E,TR-04_2-013-W
sanjose,6,13,TR-04_2-013,SJ,TR-04_2-013,2TTx64,257,6.255,6.125,2.382,55,55,0.028422,5.436701,0.034446,5.290093,2.843,311.5,3.446,303.1,-2.129,2.885,-1.884,TR-04_2-012-E,TR-04_2-014-W
sanjose,6,14,TR-04_2-014,SJ,TR-04_2-014,2TTx64,259,6.317,6.126,2.382,55,55,0.033318,5.153957,0.017078,5.6985,3.333,295.3,1.708,326.5,-3.013,0.943,-1.424,TR-04_2-013-E,TR-04_2-015-W
sanjose,6,15,TR-04_2-015,SJ,TR-04_2-015,2TTx64,261,6.307,6.16,2.382,55,55,0.013699,5.675811,0.032738,5.0632,1.37,325.2,3.275,290.1,-0.782,3.076,-1.125,TR-04_2-014-E,TR-04_2-016-W
sanjose,6,16,TR-04_2-016,SJ,TR-04_2-016,2TTx64,263,6.276,6.119,2.382,55,55,0.025554,5.438446,0.062728,4.986406,2.556,311.6,6.281,285.7,-1.91,6.047,-1.698,TR-04_2-015-E,TR-04_2-017-W
sanjose,6,17,TR-04_2-017,SJ,TR-04_2-017,2TTx64,265,6.275,6.155,2.382,55,55,0.039549,5.199336,0.035006,5.269149,3.957,297.9,3.502,301.9,-3.498,2.974,-1.85,TR-04_2-016-E,TR-04_1-001-W
sanjose,6,18,TR-04_2-018,SJ,TR-04_2-018,2TTx64,234,1.728,4.529,2.382,55,55,,,0.024085,4.565781,,,2.409,261.6,,2.383,0.352,,TR-04_2-019-W
sanjose,6,19,TR-04_2-019,SJ,TR-04_2-019,2TTx64,236,1.704,5.929,2.382,55,55,0.024835,4.426155,0.01076,4.000295,2.484,253.6,1.076,229.2,-2.383,0.815,0.703,TR-04_2-018-E,TR-04_2-020-W
sanjose,6,20,TR-04_2-020,SJ,TR-04_2-020,2TTx64,238,6.345,6.111,2.382,55,55,0.012399,3.913028,0.035415,4.459316,1.24,224.2,3.543,255.5,-0.864,3.43,0.889,TR-04_2-019-E,TR-04_2-021-W
sanjose,6,21,TR-04_2-021,SJ,TR-04_2-021,2TTx64,240,6.206,6.12,2.382,55,55,0.04946,4.593707,0.018528,4.392994,4.95,263.2,1.853,251.7,-4.916,1.759,0.583,TR-04_2-020-E,TR-04_2-022-W
sanjose,6,22,TR-04_2-022,SJ,TR-04_2-022,2TTx64,242,6.28,6.143,2.382,55,55,0.018008,4.321435,0.034247,4.509931,1.801,247.6,3.426,258.4,-1.665,3.356,0.687,TR-04_2-021-E,TR-04_2-023-W
sanjose,6,23,TR-04_2-023,SJ,TR-04_2-023,2TTx64,245,1.829,5.909,2.382,55,55,0.03943,4.361578,0.013949,3.385939,3.945,249.9,1.395,194,-3.706,0.338,1.353,TR-04_2-022-E,TR-04_2-024-W
sanjose,6,24,TR-04_2-024,SJ,TR-04_2-024,2TTx64,247,6.259,6.169,2.382,55,55,0.016329,3.207915,0.052093,4.394739,1.633,183.8,5.214,251.8,-0.109,4.953,1.63,TR-04_2-023-E,TR-04_2-025-W
sanjose,6,25,TR-04_2-025,SJ,TR-04_2-025,2TTx64,249,6.238,6.168,2.382,55,55,0.035535,4.338889,0.034736,4.330162,3.555,248.6,3.475,248.1,-3.311,3.225,1.294,TR-04_2-024-E,TR-04_2-026-W
sanjose,6,26,TR-04_2-026,SJ,TR-04_2-026,2TTx64,251,6.244,6.152,2.382,55,55,0.025884,3.977605,0.023256,3.869395,2.589,227.9,2.326,221.7,-1.92,1.547,1.736,TR-04_2-025-E,TR-04_2-027-W
sanjose,6,27,TR-04_2-027,SJ,TR-04_2-027,2TTx64,253,6.244,,2.382,55,55,0.021447,3.911283,,,2.145,224.1,,,-1.492,,1.54,TR-04_2-026-E,
sanjose,6,28,TR-04_2-028,SJ,TR-04_2-028,2TTx64,254,,6.282,2.382,55,55,,,0.040967,4.462807,,,4.099,255.7,,3.972,1.013,,TR-04_2-029-W
sanjose,6,29,TR-04_2-029,SJ,TR-04_2-029,2TTx64,255,6.282,6.126,2.382,55,55,0.055812,4.583235,0.017458,4.288274,5.587,262.6,1.746,245.7,-5.54,1.591,0.719,TR-04_2-028-E,TR-04_2-030-W
sanjose,6,30,TR-04_2-030,SJ,TR-04_2-030,2TTx64,257,6.255,6.125,2.382,55,55,0.045109,4.523893,0.028053,4.406956,4.514,259.2,2.806,252.5,-4.434,2.676,0.846,TR-04_2-029-E,TR-04_2-031-W
sanjose,6,31,TR-04_2-031,SJ,TR-04_2-031,2TTx64,259,6.317,6.126,2.382,55,55,0.027943,4.466298,0.020227,4.368559,2.795,255.9,2.023,250.3,-2.711,1.905,0.681,TR-04_2-030-E,TR-04_2-032-W
sanjose,6,32,TR-04_2-032,SJ,TR-04_2-032,2TTx64,261,6.307,6.16,2.382,55,55,0.019448,4.58498,0.022106,4.598943,1.945,262.7,2.211,263.5,-1.929,2.197,0.249,TR-04_2-031-E,TR-04_2-033-W
sanjose,6,33,TR-04_2-033,SJ,TR-04_2-033,2TTx64,263,6.276,6.119,2.382,55,55,0.022386,4.579744,0.074641,4.672246,2.239,262.4,7.478,267.7,-2.22,7.472,0.295,TR-04_2-032-E,TR-04_2-034-W
sanjose,6,34,TR-04_2-034,SJ,TR-04_2-034,2TTx64,265,6.275,6.155,2.382,55,55,0.036024,4.619887,0.027883,4.593707,3.604,264.7,2.789,263.2,-3.589,2.769,0.33,TR-04_2-033-E,TR-04_1-010-W
sanjose,6,35,TR-04_2-035,SJ,TR-04_2-035,2TTx64,234,1.728,4.529,2.382,55,55,,,0.019288,6.024877,,,1.929,345.2,,0.494,-1.865,,TR-04_2-036-W
sanjose,6,36,TR-04_2-036,SJ,TR-04_2-036,2TTx64,236,1.704,5.929,2.382,55,55,0.021677,6.052802,0.025185,5.705481,2.168,346.8,2.519,326.9,-0.494,1.374,-2.111,TR-04_2-035-E,TR-04_2-037-W
sanjose,6,37,TR-04_2-037,SJ,TR-04_2-037,2TTx64,238,6.345,6.111,2.382,55,55,0.023596,5.874778,0.051933,5.14174,2.36,336.6,5.198,294.6,-0.938,4.725,-2.165,TR-04_2-036-E,TR-04_2-038-W
sanjose,6,38,TR-04_2-038,SJ,TR-04_2-038,2TTx64,240,6.206,6.12,2.382,55,55,0.051614,5.281366,0.042724,5.420993,5.166,302.6,4.275,310.6,-4.354,3.248,-2.78,TR-04_2-037-E,TR-04_2-039-W
sanjose,6,39,TR-04_2-039,SJ,TR-04_2-039,2TTx64,242,6.28,6.143,2.382,55,55,0.03927,5.235988,0.021337,5.88176,3.929,300,2.134,337,-3.403,0.833,-1.965,TR-04_2-038-E,TR-04_2-040-W
sanjose,6,40,TR-04_2-040,SJ,TR-04_2-040,2TTx64,245,1.829,5.909,2.382,55,55,0.016079,5.909685,0.015579,6.003933,1.608,338.6,1.558,344,-0.586,0.43,-1.497,TR-04_2-039-E,TR-04_2-041-W
sanjose,6,41,TR-04_2-041,SJ,TR-04_2-041,2TTx64,247,6.259,6.169,2.382,55,55,0.021787,5.630432,0.022136,5.609488,2.179,322.6,2.214,321.4,-1.322,1.38,-1.732,TR-04_2-040-E,TR-04_2-042-W
sanjose,6,42,TR-04_2-042,SJ,TR-04_2-042,2TTx64,249,6.238,6.168,2.382,55,55,0.017708,5.520476,0.043882,5.009095,1.771,316.3,4.391,287,-1.223,4.2,-1.281,TR-04_2-041-E,TR-04_2-043-W
sanjose,6,43,TR-04_2-043,SJ,TR-04_2-043,2TTx64,251,6.244,6.152,2.382,55,55,0.033507,5.112069,0.014669,5.80322,3.352,292.9,1.467,332.5,-3.089,0.677,-1.302,TR-04_2-042-E,TR-04_2-044-W
sanjose,6,44,TR-04_2-044,SJ,TR-04_2-044,2TTx64,253,6.244,,2.382,55,55,0.014749,6.133087,,,1.475,351.4,,,-0.22,,-1.458,TR-04_2-043-E,
sanjose,6,45,TR-04_2-045,SJ,TR-04_2-045,2TTx64,254,,6.282,2.382,55,55,,,0.033028,5.206317,,,3.304,298.3,,2.908,-1.569,,TR-04_2-046-W
sanjose,6,46,TR-04_2-046,SJ,TR-04_2-046,2TTx64,255,6.282,6.126,2.382,55,55,0.036733,5.061455,0.024285,5.256932,3.675,290,2.429,301.2,-3.453,2.078,-1.257,TR-04_2-045-E,TR-04_2-047-W
sanjose,6,47,TR-04_2-047,SJ,TR-04_2-047,2TTx64,257,6.255,6.125,2.382,55,55,0.031919,5.05971,0.028422,5.105088,3.193,289.9,2.843,292.5,-3.003,2.627,-1.086,TR-04_2-046-E,TR-04_2-048-W
sanjose,6,48,TR-04_2-048,SJ,TR-04_2-048,2TTx64,259,6.317,6.126,2.382,55,55,0.031689,5.078908,0.027513,5.138249,3.17,291,2.752,294.4,-2.959,2.506,-1.138,TR-04_2-047-E,TR-04_2-049-W
sanjose,6,49,TR-04_2-049,SJ,TR-04_2-049,2TTx64,261,6.307,6.16,2.382,55,55,0.024115,5.11556,0.028772,5.047492,2.412,293.1,2.878,289.2,-2.219,2.719,-0.945,TR-04_2-048-E,TR-04_2-050-W
sanjose,6,50,TR-04_2-050,SJ,TR-04_2-050,2TTx64,263,6.276,6.119,2.382,55,55,0.021617,5.03702,0.058433,4.831071,2.162,288.6,5.85,276.8,-2.049,5.809,-0.689,TR-04_2-049-E,TR-04_2-051-W
sanjose,6,51,TR-04_2-051,SJ,TR-04_2-051,2TTx64,265,6.275,6.155,2.382,55,55,0.036384,4.815363,0.021956,4.883431,3.64,275.9,2.196,279.8,-3.621,2.164,-0.375,TR-04_2-050-E,TR-04_1-025-W
sanjose,6,52,TR-04_2-052,SJ,TR-04_2-052,2TTx64,234,1.728,4.529,2.382,55,55,,,0.017168,5.139995,,,1.717,294.5,,1.563,-0.711,,TR-04_2-053-W
sanjose,6,53,TR-04_2-053,SJ,TR-04_2-053,2TTx64,236,1.704,5.929,2.382,55,55,0.016129,4.961971,0.013799,5.005604,1.613,284.3,1.38,286.8,-1.563,1.321,-0.4,TR-04_2-052-E,TR-04_2-054-W
sanjose,6,54,TR-04_2-054,SJ,TR-04_2-054,2TTx64,238,6.345,6.111,2.382,55,55,0.020087,4.986406,0.016339,5.050983,2.009,285.7,1.634,289.4,-1.934,1.541,-0.544,TR-04_2-053-E,TR-04_2-055-W
sanjose,6,55,TR-04_2-055,SJ,TR-04_2-055,2TTx64,240,6.206,6.12,2.382,55,55,0.033168,4.810127,0.025844,4.838053,3.318,275.6,2.585,277.2,-3.302,2.565,-0.325,TR-04_2-054-E,TR-04_2-056-W
sanjose,6,56,TR-04_2-056,SJ,TR-04_2-056,2TTx64,242,6.28,6.143,2.382,55,55,0.027303,4.913102,0.013859,5.11556,2.731,281.5,1.386,293.1,-2.676,1.274,-0.545,TR-04_2-055-E,TR-04_2-057-W
sanjose,6,57,TR-04_2-057,SJ,TR-04_2-057,2TTx64,245,1.829,5.909,2.382,55,55,0.020417,5.009095,0.029412,4.916593,2.042,287,2.942,281.7,-1.953,2.881,-0.595,TR-04_2-056-E,TR-04_2-058-W
sanjose,6,58,TR-04_2-058,SJ,TR-04_2-058,2TTx64,247,6.259,6.169,2.382,55,55,0.028452,4.941027,0.023036,4.996878,2.846,283.1,2.304,286.3,-2.771,2.211,-0.647,TR-04_2-057-E,TR-04_2-059-W
sanjose,6,59,TR-04_2-059,SJ,TR-04_2-059,2TTx64,249,6.238,6.168,2.382,55,55,0.024665,5.145231,0.032738,5.03353,2.467,294.8,3.275,288.4,-2.239,3.107,-1.035,TR-04_2-058-E,TR-04_2-060-W
sanjose,6,60,TR-04_2-060,SJ,TR-04_2-060,2TTx64,251,6.244,6.152,2.382,55,55,0.051784,5.012586,0.021757,5.494296,5.183,287.2,2.176,314.8,-4.951,1.545,-1.532,TR-04_2-059-E,TR-04_2-061-W
sanjose,6,61,TR-04_2-061,SJ,TR-04_2-061,2TTx64,253,6.244,,2.382,55,55,0.021467,5.715953,,,2.147,327.5,,,-1.155,,-1.81,TR-04_2-060-E,
sanjose,6,62,TR-04_2-062,SJ,TR-04_2-062,2TTx64,254,,6.282,2.382,55,55,,,0.029821,5.293584,,,2.983,303.3,,2.493,-1.638,,TR-04_2-063-W
sanjose,6,63,TR-04_2-063,SJ,TR-04_2-063,2TTx64,255,6.282,6.126,2.382,55,55,0.034287,5.270894,0.026024,5.48557,3.43,302,2.603,314.3,-2.909,1.863,-1.818,TR-04_2-062-E,TR-04_2-064-W
sanjose,6,64,TR-04_2-064,SJ,TR-04_2-064,2TTx64,257,6.255,6.125,2.382,55,55,0.031609,5.408775,0.046866,5.159193,3.162,309.9,4.69,295.6,-2.425,4.228,-2.029,TR-04_2-063-E,TR-04_2-065-W
sanjose,6,65,TR-04_2-065,SJ,TR-04_2-065,2TTx64,259,6.317,6.126,2.382,55,55,0.040128,5.319764,0.050238,5.185373,4.015,304.8,5.028,297.1,-3.295,4.474,-2.294,TR-04_2-064-E,
sanjose,6,67,TR-04_2-067,SJ,TR-04_2-067,2TTx64,263,6.276,6.119,2.382,55,55,0.016179,6.06851,0.015919,6.167994,1.618,347.7,1.592,353.4,-0.346,0.183,-1.581,,TR-04_2-068-W
sanjose,6,68,TR-04_2-068,SJ,TR-04_2-068,2TTx64,265,6.275,6.155,2.382,55,55,0.034247,5.099852,0.034346,5.098107,3.426,292.2,3.436,292.1,-3.173,3.184,-1.292,TR-04_2-067-E,TR-04_1-041-W
sanjose,6,69,TR-04_2-069,SJ,TR-04_2-069,2TTx64,234,1.728,4.529,2.382,55,55,,,0.025285,5.48906,,,2.529,314.5,,1.803,-1.774,,TR-04_2-070-W
sanjose,6,70,TR-04_2-070,SJ,TR-04_2-070,2TTx64,236,1.704,5.929,2.382,55,55,0.023116,5.389577,0.021837,5.436701,2.312,308.8,2.184,311.5,-1.803,1.635,-1.447,TR-04_2-069-E,TR-04_2-071-W
sanjose,6,71,TR-04_2-071,SJ,TR-04_2-071,2TTx64,238,6.345,6.111,2.382,55,55,0.023825,5.256932,0.012349,0.02618,2.383,301.2,1.235,1.5,-2.039,-0.032,-1.234,TR-04_2-070-E,TR-04_2-072-W
sanjose,6,72,TR-04_2-072,SJ,TR-04_2-072,2TTx64,240,6.206,6.12,2.382,55,55,0.025015,0.572468,0.022086,5.970771,2.502,32.8,2.209,342.1,1.357,0.679,-2.102,TR-04_2-071-E,TR-04_2-073-W
sanjose,6,73,TR-04_2-073,SJ,TR-04_2-073,2TTx64,242,6.28,6.143,2.382,55,55,0.024765,6.211627,0.028103,5.785766,2.477,355.9,2.811,331.5,-0.177,1.34,-2.471,TR-04_2-072-E,TR-04_2-074-W
sanjose,6,74,TR-04_2-074,SJ,TR-04_2-074,2TTx64,245,1.829,5.909,2.382,55,55,0.029461,5.647885,0.039769,5.351179,2.947,323.6,3.979,306.6,-1.75,3.196,-2.371,TR-04_2-073-E,TR-04_2-075-W
sanjose,6,75,TR-04_2-075,SJ,TR-04_2-075,2TTx64,247,6.259,6.169,2.382,55,55,0.038481,5.377359,0.034706,5.466371,3.85,308.1,3.472,313.2,-3.03,2.533,-2.375,TR-04_2-074-E,TR-04_2-076-W
sanjose,6,76,TR-04_2-076,SJ,TR-04_2-076,2TTx64,249,6.238,6.168,2.382,55,55,0.032549,5.429719,0.025385,0.567232,3.256,311.1,2.539,32.5,-2.453,-1.364,-2.141,TR-04_2-075-E,
sanjose,6,79,TR-04_2-079,SJ,TR-04_2-079,2TTx64,254,,6.282,2.382,55,55,,,0.022736,5.642649,,,2.274,323.3,,1.358,-1.824,,TR-04_2-080-W
sanjose,6,80,TR-04_2-080,SJ,TR-04_2-080,2TTx64,255,6.282,6.126,2.382,55,55,0.020907,5.426229,0.017118,5.639159,2.091,310.9,1.712,323.1,-1.58,1.028,-1.369,TR-04_2-079-E,TR-04_2-081-W
sanjose,6,81,TR-04_2-081,SJ,TR-04_2-081,2TTx64,257,6.255,6.125,2.382,55,55,0.035665,5.045747,0.042385,4.991642,3.568,289.1,4.241,286,-3.372,4.077,-1.168,TR-04_2-080-E,TR-04_2-082-W
sanjose,6,82,TR-04_2-082,SJ,TR-04_2-082,2TTx64,259,6.317,6.126,2.382,55,55,0.045578,5.021312,0.027043,5.251696,4.561,287.7,2.705,300.9,-4.345,2.322,-1.388,TR-04_2-081-E,TR-04_2-083-W
sanjose,6,83,TR-04_2-083,SJ,TR-04_2-083,2TTx64,261,6.307,6.16,2.382,55,55,0.03127,5.176647,0.043473,5.040511,3.128,296.6,4.35,288.8,-2.796,4.118,-1.402,TR-04_2-082-E,TR-04_2-084-W
sanjose,6,84,TR-04_2-084,SJ,TR-04_2-084,2TTx64,263,6.276,6.119,2.382,55,55,0.044521,5.044002,0.014829,6.06851,4.455,289,1.483,347.7,-4.213,0.315,-1.449,TR-04_2-083-E,TR-04_2-085-W
sanjose,6,85,TR-04_2-085,SJ,TR-04_2-085,2TTx64,265,6.275,6.155,2.382,55,55,0.028932,5.164429,0.027203,5.1941,2.894,295.9,2.721,297.6,-2.604,2.41,-1.262,TR-04_2-084-E,TR-04_1-057-W
sanjose,6,86,TR-04_2-086,SJ,TR-04_2-086,2TTx64,234,1.728,4.529,2.382,55,55,,,0.04917,4.628613,,,4.921,265.2,,4.904,0.411,,TR-04_2-087-W
sanjose,6,87,TR-04_2-087,SJ,TR-04_2-087,2TTx64,236,1.704,5.929,2.382,55,55,0.04917,4.794419,0.044231,4.803146,4.921,274.7,4.426,275.2,-4.904,4.408,-0.404,TR-04_2-086-E,TR-04_2-088-W
sanjose,6,88,TR-04_2-088,SJ,TR-04_2-088,2TTx64,238,6.345,6.111,2.382,55,55,0.037253,5.031784,0.011799,0.102974,3.727,288.3,1.18,5.9,-3.538,-0.122,-1.173,TR-04_2-087-E,TR-04_2-089-W
sanjose,6,89,TR-04_2-089,SJ,TR-04_2-089,2TTx64,240,6.206,6.12,2.382,55,55,0.047205,5.138249,0.037323,5.262168,4.724,294.4,3.734,301.5,-4.303,3.184,-1.95,TR-04_2-088-E,TR-04_2-090-W
sanjose,6,90,TR-04_2-090,SJ,TR-04_2-090,2TTx64,242,6.28,6.143,2.382,55,55,0.040328,5.331981,0.027193,5.752605,4.035,305.5,2.72,329.6,-3.284,1.378,-2.345,TR-04_2-089-E,TR-04_2-091-W
sanjose,6,91,TR-04_2-091,SJ,TR-04_2-091,2TTx64,245,1.829,5.909,2.382,55,55,0.027223,5.845108,0.03109,5.628687,2.723,334.9,3.11,322.5,-1.155,1.894,-2.466,TR-04_2-090-E,TR-04_2-092-W
sanjose,6,92,TR-04_2-092,SJ,TR-04_2-092,2TTx64,247,6.259,6.169,2.382,55,55,0.029851,5.565855,0.038281,5.340708,2.986,318.9,3.83,306,-1.962,3.099,-2.251,TR-04_2-091-E,TR-04_2-093-W
sanjose,6,93,TR-04_2-093,SJ,TR-04_2-093,2TTx64,249,6.238,6.168,2.382,55,55,0.03083,5.349434,0.023516,5.605998,3.084,306.5,2.352,321.2,-2.48,1.473,-1.834,TR-04_2-092-E,
sanjose,6,94,TR-04_2-094,SJ,TR-04_2-094,2TTx64,252,6.152,6.244,2.382,55,55,0.036234,5.248205,0.019318,5.988225,3.625,300.7,1.932,343.1,-3.118,0.562,-1.848,,TR-04_2-095-W
sanjose,6,95,TR-04_2-095,SJ,TR-04_2-095,2TTx64,253,6.244,,2.382,55,55,0.018778,5.979498,,,1.878,342.6,,,-0.562,,-1.792,TR-04_2-094-E,
sanjose,6,96,TR-04_2-096,SJ,TR-04_2-096,2TTx64,254,,6.282,2.382,55,55,,,0.029481,5.581563,,,2.949,319.8,,1.903,-2.253,,TR-04_2-097-W
sanjose,6,97,TR-04_2-097,SJ,TR-04_2-097,2TTx64,255,6.282,6.126,2.382,55,55,0.038551,5.562364,0.030351,5.979498,3.857,318.7,3.036,342.6,-2.546,0.906,-2.898,TR-04_2-096-E,TR-04_2-098-W
sanjose,6,98,TR-04_2-098,SJ,TR-04_2-098,2TTx64,257,6.255,6.125,2.382,55,55,0.03883,5.473353,0.029731,5.834636,3.885,313.6,2.974,334.3,-2.811,1.288,-2.681,TR-04_2-097-E,TR-04_2-099-W
sanjose,6,99,TR-04_2-099,SJ,TR-04_2-099,2TTx64,259,6.317,6.126,2.382,55,55,0.032758,5.766568,0.05295,5.279621,3.277,330.4,5.3,302.5,-1.62,4.469,-2.849,TR-04_2-098-E,TR-04_2-100-W
sanjose,6,100,TR-04_2-100,SJ,TR-04_2-100,2TTx64,261,6.307,6.16,2.382,55,55,0.055752,5.291838,0.045379,5.452409,5.581,303.2,4.541,312.4,-4.668,3.356,-3.059,TR-04_2-099-E,TR-04_2-101-W
sanjose,6,101,TR-04_2-101,SJ,TR-04_2-101,2TTx64,263,6.276,6.119,2.382,55,55,0.045958,5.384341,0.038401,5.553638,4.599,308.5,3.842,318.2,-3.6,2.563,-2.862,TR-04_2-100-E,TR-04_2-102-W
sanjose,6,102,TR-04_2-102,SJ,TR-04_2-102,2TTx64,265,6.275,6.155,2.382,55,55,0.026444,5.759587,0.032608,5.490806,2.645,330,3.262,314.6,-1.322,2.321,-2.291,TR-04_2-101-E,TR-04_1-074-W
sanjose,6,103,TR-04_2-103,SJ,TR-04_2-103,2TTx64,234,1.728,4.529,2.382,55,55,,,0.058493,4.878195,,,5.856,279.5,,5.775,-0.969,,TR-04_2-104-W
sanjose,6,104,TR-04_2-104,SJ,TR-04_2-104,2TTx64,236,1.704,5.929,2.382,55,55,0.057716,4.74555,0.031849,4.773476,5.778,271.9,3.186,273.5,-5.775,3.18,-0.196,TR-04_2-103-E,TR-04_2-105-W
sanjose,6,105,TR-04_2-105,SJ,TR-04_2-105,2TTx64,238,6.345,6.111,2.382,55,55,0.037343,4.546583,0.015429,4.303982,3.736,260.5,1.543,246.6,-3.685,1.416,0.614,TR-04_2-104-E,TR-04_2-106-W
sanjose,6,106,TR-04_2-106,SJ,TR-04_2-106,2TTx64,240,6.206,6.12,2.382,55,55,0.065227,4.497713,0.034426,4.297001,6.532,257.7,3.444,246.2,-6.383,3.152,1.388,TR-04_2-105-E,TR-04_2-107-W
sanjose,6,107,TR-04_2-107,SJ,TR-04_2-107,2TTx64,242,6.28,6.143,2.382,55,55,0.023726,3.687881,0.055254,4.337143,2.373,211.3,5.531,248.5,-1.233,5.146,2.028,TR-04_2-106-E,TR-04_2-108-W
sanjose,6,108,TR-04_2-108,SJ,TR-04_2-108,2TTx64,245,1.829,5.909,2.382,55,55,0.043043,4.331907,0.018698,3.689626,4.307,248.2,1.87,211.4,-4,0.975,1.596,TR-04_2-107-E,TR-04_2-109-W
sanjose,6,109,TR-04_2-109,SJ,TR-04_2-109,2TTx64,247,6.259,6.169,2.382,55,55,0.019877,3.790855,0.029292,4.141666,1.988,217.2,2.93,237.3,-1.203,2.466,1.582,TR-04_2-108-E,TR-04_2-110-W
sanjose,6,110,TR-04_2-110,SJ,TR-04_2-110,2TTx64,249,6.238,6.168,2.382,55,55,0.029441,4.576253,0.028103,4.569272,2.945,262.2,2.811,261.8,-2.918,2.782,0.4,TR-04_2-109-E,TR-04_2-111-W
sanjose,6,111,TR-04_2-111,SJ,TR-04_2-111,2TTx64,251,6.244,6.152,2.382,55,55,0.032838,4.766494,0.03154,4.769985,3.285,273.1,3.155,273.3,-3.28,3.15,-0.18,TR-04_2-110-E,TR-04_2-112-W
sanjose,6,112,TR-04_2-112,SJ,TR-04_2-112,2TTx64,253,6.244,,2.382,55,55,0.034636,4.841543,,,3.465,277.4,,,-3.436,,-0.447,TR-04_2-111-E,
sanjose,6,113,TR-04_2-113,SJ,TR-04_2-113,2TTx64,254,,6.282,2.382,55,55,,,0.026714,4.687954,,,2.672,268.6,,2.671,0.065,,TR-04_2-114-W
sanjose,6,114,TR-04_2-114,SJ,TR-04_2-114,2TTx64,255,6.282,6.126,2.382,55,55,0.035445,4.736824,0.013509,4.778711,3.546,271.4,1.351,273.8,-3.545,1.348,-0.089,TR-04_2-113-E,TR-04_2-115-W
sanjose,6,115,TR-04_2-115,SJ,TR-04_2-115,2TTx64,257,6.255,6.125,2.382,55,55,0.033647,4.820599,0.017468,4.921828,3.366,276.2,1.747,282,-3.346,1.709,-0.362,TR-04_2-114-E,TR-04_2-116-W
sanjose,6,116,TR-04_2-116,SJ,TR-04_2-116,2TTx64,259,6.317,6.126,2.382,55,55,0.018678,5.181883,0.042504,4.913102,1.868,296.9,4.253,281.5,-1.666,4.168,-0.846,TR-04_2-115-E,TR-04_2-117-W
sanjose,6,117,TR-04_2-117,SJ,TR-04_2-117,2TTx64,261,6.307,6.16,2.382,55,55,0.046167,4.890413,0.040837,4.913102,4.62,280.2,4.086,281.5,-4.547,4.004,-0.816,TR-04_2-116-E,TR-04_2-118-W
sanjose,6,118,TR-04_2-118,SJ,TR-04_2-118,2TTx64,263,6.276,6.119,2.382,55,55,0.042914,5.026548,0.026674,5.232497,4.294,288,2.668,299.8,-4.084,2.315,-1.326,TR-04_2-117-E,TR-04_2-119-W
sanjose,6,119,TR-04_2-119,SJ,TR-04_2-119,2TTx64,265,6.275,6.155,2.382,55,55,0.023666,5.321509,0.023186,5.337217,2.367,304.9,2.319,305.8,-1.941,1.882,-1.355,TR-04_2-118-E,
sanjose,7,1,TR-05_1-001,SJ,TR-05_1-001,2TTx64,402,6.224,6.186,2.382,55,55,0.040318,4.974188,0.014709,5.501278,4.034,285,1.471,315.2,-3.897,1.037,-1.044,TR-05_2-039-E,TR-05_1-002-W
sanjose,7,2,TR-05_1-002,SJ,TR-05_1-002,2TTx64,404,6.227,6.152,2.382,55,55,0.019438,5.286602,0.033527,5.031784,1.944,302.9,3.354,288.3,-1.633,3.184,-1.055,TR-05_1-001-E,TR-05_1-003-W
sanjose,7,3,TR-05_1-003,SJ,TR-05_1-003,2TTx64,406,6.24,6.167,2.382,55,55,0.028582,5.208062,0.040837,5.050983,2.859,298.4,4.086,289.4,-2.516,3.854,-1.358,TR-05_1-002-E,
sanjose,7,4,TR-05_1-004,SJ,TR-05_1-004,2TTx64,402,6.224,6.186,2.382,55,55,0.028982,5.440191,0.035325,5.290093,2.899,311.7,3.534,303.1,-2.164,2.962,-1.928,TR-05_2-051-E,TR-05_1-005-W
sanjose,7,5,TR-05_1-005,SJ,TR-05_1-005,2TTx64,404,6.227,6.152,2.382,55,55,0.039629,5.323254,0.043652,5.260422,3.965,305,4.368,301.4,-3.246,3.728,-2.277,TR-05_1-004-E,TR-05_1-006-W
sanjose,7,6,TR-05_1-006,SJ,TR-05_1-006,2TTx64,406,6.24,6.167,2.382,55,55,0.036713,5.311037,0.028862,5.51175,3.673,304.3,2.887,315.8,-3.034,2.013,-2.07,TR-05_1-005-E,TR-05_1-007-W
sanjose,7,7,TR-05_1-007,SJ,TR-05_1-007,2TTx64,408,6.317,6.17,2.382,55,55,0.026274,5.503023,0.019078,0.200713,2.628,315.3,1.908,11.5,-1.847,-0.382,-1.869,TR-05_1-006-E,TR-05_1-008-W
sanjose,7,8,TR-05_1-008,SJ,TR-05_1-008,2TTx64,410,6.242,6.149,2.382,55,55,0.030481,5.391322,0.022056,5.763077,3.049,308.9,2.206,330.2,-2.374,1.097,-1.914,TR-05_1-007-E,TR-05_1-009-W
sanjose,7,9,TR-05_1-009,SJ,TR-05_1-009,2TTx64,412,6.235,6.167,2.382,55,55,0.021047,6.248279,0.035695,5.342453,2.105,358,3.571,306.1,-0.075,2.886,-2.103,TR-05_1-008-E,TR-05_1-010-W
sanjose,7,10,TR-05_1-010,SJ,TR-05_1-010,2TTx64,414,6.224,6.169,2.382,55,55,0.028652,5.581563,0.022686,6.019641,2.866,319.8,2.269,344.9,-1.849,0.591,-2.19,TR-05_1-009-E,
sanjose,7,11,TR-05_1-011,SJ,TR-05_1-011,2TTx64,402,6.224,6.186,2.382,55,55,0.063455,4.982915,0.045718,5.092871,6.354,285.5,4.575,291.8,-6.123,4.248,-1.699,TR-05_2-066-E,TR-05_1-012-W
sanjose,7,12,TR-05_1-012,SJ,TR-05_1-012,2TTx64,404,6.227,6.152,2.382,55,55,0.043453,5.117305,0.042405,5.127777,4.348,293.2,4.243,293.8,-3.997,3.882,-1.712,TR-05_1-011-E,TR-05_1-013-W
sanjose,7,13,TR-05_1-013,SJ,TR-05_1-013,2TTx64,406,6.24,6.167,2.382,55,55,0.038032,5.192355,0.021926,5.640904,3.805,297.5,2.193,323.2,-3.376,1.314,-1.755,TR-05_1-012-E,TR-05_1-014-W
sanjose,7,14,TR-05_1-014,SJ,TR-05_1-014,2TTx64,408,6.317,6.17,2.382,55,55,0.023825,5.67232,0.046945,5.139995,2.383,325,4.698,294.5,-1.368,4.274,-1.951,TR-05_1-013-E,TR-05_1-015-W
sanjose,7,15,TR-05_1-015,SJ,TR-05_1-015,2TTx64,410,6.242,6.149,2.382,55,55,0.024845,0.596903,0.020537,0.013963,2.485,34.2,2.054,0.8,1.398,-0.03,-2.054,TR-05_1-014-E,TR-05_1-016-W
sanjose,7,16,TR-05_1-016,SJ,TR-05_1-016,2TTx64,412,6.235,6.167,2.382,55,55,0.019987,0.005236,0.020007,6.239552,1.999,0.3,2.001,357.5,0.012,0.088,-1.999,TR-05_1-015-E,TR-05_1-017-W
sanjose,7,17,TR-05_1-017,SJ,TR-05_1-017,2TTx64,414,6.224,6.169,2.382,55,55,0.019018,0.013963,0.019548,6.051057,1.902,0.8,1.955,346.7,0.025,0.45,-1.902,TR-05_1-016-E,TR-05_1-018-W
sanjose,7,18,TR-05_1-018,SJ,TR-05_1-018,2TTx64,416,6.346,6.156,2.382,55,55,0.013069,6.276204,0.034336,1.179843,1.307,359.6,3.435,67.6,-0.009,-3.176,-1.307,TR-05_1-017-E,TR-05_1-019-W
sanjose,7,19,TR-05_1-019,SJ,TR-05_1-019,2TTx64,418,6.276,6.119,2.382,55,55,0.024335,5.178392,0.022886,5.209808,2.434,296.7,2.289,298.5,-2.175,2.011,-1.093,TR-05_1-018-E,TR-05_1-020-W
sanjose,7,20,TR-05_1-020,SJ,TR-05_1-020,2TTx64,420,6.256,6.15,2.382,55,55,0.023426,5.216789,0.023855,5.206317,2.343,298.9,2.386,298.3,-2.052,2.101,-1.131,TR-05_1-019-E,TR-05_1-021-W
sanjose,7,21,TR-05_1-021,SJ,TR-05_1-021,2TTx64,422,6.241,6.11,2.382,55,55,0.024585,5.157448,0.026684,5.120796,2.459,295.5,2.669,293.4,-2.219,2.45,-1.059,TR-05_1-020-E,
sanjose,7,22,TR-05_1-022,SJ,TR-05_1-022,2TTx64,400,6.3,6.156,2.382,55,55,0.036244,4.993387,0.03885,4.974188,3.626,286.1,3.887,285,-3.484,3.755,-1.006,TR-05_2-083-E,TR-05_1-023-W
sanjose,7,23,TR-05_1-023,SJ,TR-05_1-023,2TTx64,402,6.224,6.186,2.382,55,55,0.040498,4.916593,0.029282,4.996878,4.052,281.7,2.929,286.3,-3.967,2.811,-0.824,TR-05_1-022-E,TR-05_1-024-W
sanjose,7,24,TR-05_1-024,SJ,TR-05_1-024,2TTx64,404,6.227,6.152,2.382,55,55,0.029691,4.843289,0.024855,4.869469,2.97,277.5,2.486,279,-2.944,2.455,-0.389,TR-05_1-023-E,TR-05_1-025-W
sanjose,7,25,TR-05_1-025,SJ,TR-05_1-025,2TTx64,406,6.24,6.167,2.382,55,55,0.019448,5.040511,0.032349,4.907866,1.945,288.8,3.236,281.2,-1.841,3.175,-0.627,TR-05_1-024-E,TR-05_1-026-W
sanjose,7,26,TR-05_1-026,SJ,TR-05_1-026,2TTx64,408,6.317,6.17,2.382,55,55,0.026494,4.790929,0.020487,1.469567,2.65,274.5,2.049,84.2,-2.642,-2.039,-0.206,TR-05_1-025-E,TR-05_1-027-W
sanjose,7,27,TR-05_1-027,SJ,TR-05_1-027,2TTx64,410,6.242,6.149,2.382,55,55,0.019428,1.633628,0.016598,4.639085,1.943,93.6,1.66,265.8,1.939,1.656,0.121,TR-05_1-026-E,TR-05_1-028-W
sanjose,7,28,TR-05_1-028,SJ,TR-05_1-028,2TTx64,412,6.235,6.167,2.382,55,55,0.00591,5.244714,0.00787,5.103343,0.591,300.5,0.787,292.4,-0.509,0.727,-0.3,TR-05_1-027-E,TR-05_1-029-W
sanjose,7,29,TR-05_1-029,SJ,TR-05_1-029,2TTx64,414,6.224,6.169,2.382,55,55,0.00712,5.277876,0.014479,4.979424,0.712,302.4,1.448,285.3,-0.601,1.397,-0.381,TR-05_1-028-E,TR-05_1-030-W
sanjose,7,30,TR-05_1-030,SJ,TR-05_1-030,2TTx64,416,6.346,6.156,2.382,55,55,0.011809,5.321509,0.01084,5.384341,1.181,304.9,1.084,308.5,-0.969,0.848,-0.675,TR-05_1-029-E,
sanjose,7,33,TR-05_1-033,SJ,TR-05_1-033,2TTx64,423,6.11,6.395,2.382,55,55,,,0.014869,5.401794,,,1.487,309.5,,1.147,-0.947,,TR-05_1-034-W
sanjose,7,34,TR-05_1-034,SJ,TR-05_1-034,2TTx64,424,6.395,6.149,2.382,55,55,0.015249,5.703736,0.020537,5.382595,1.525,326.8,2.054,308.4,-0.835,1.61,-1.276,TR-05_1-033-E,
sanjose,7,35,TR-05_1-035,SJ,TR-05_1-035,2TTx64,427,6.254,6.194,2.382,55,55,0.028262,5.129523,0.026214,5.164429,2.827,293.9,2.622,295.9,-2.584,2.359,-1.145,,TR-05_1-036-W
sanjose,7,36,TR-05_1-036,SJ,TR-05_1-036,2TTx64,428,6.194,6.177,2.382,55,55,0.025464,5.099852,0.023306,5.136504,2.547,292.2,2.331,294.3,-2.359,2.124,-0.96,TR-05_1-035-E,TR-05_1-037-W
sanjose,7,37,TR-05_1-037,SJ,TR-05_1-037,2TTx64,430,6.213,6.318,2.382,55,55,0.023206,5.164429,0.014899,0.823795,2.321,295.9,1.49,47.2,-2.088,-1.093,-1.013,TR-05_1-036-E,
sanjose,7,38,TR-05_1-038,SJ,TR-05_1-038,2TTx64,400,6.3,6.156,2.382,55,55,0.047444,3.947935,0.050138,3.998549,4.748,226.2,5.018,229.1,-3.425,3.79,3.288,TR-05_2-097-E,TR-05_1-039-W
sanjose,7,39,TR-05_1-039,SJ,TR-05_1-039,2TTx64,402,6.224,6.186,2.382,55,55,0.050597,3.970624,0.042035,3.761185,5.064,227.5,4.206,215.5,-3.733,2.445,3.422,TR-05_1-038-E,TR-05_1-040-W
sanjose,7,40,TR-05_1-040,SJ,TR-05_1-040,2TTx64,404,6.227,6.152,2.382,55,55,0.03892,3.696607,0.042255,3.813544,3.894,211.8,4.228,218.5,-2.05,2.63,3.311,TR-05_1-039-E,TR-05_1-041-W
sanjose,7,41,TR-05_1-041,SJ,TR-05_1-041,2TTx64,406,6.24,6.167,2.382,55,55,0.03909,3.820526,0.034287,3.621558,3.911,218.9,3.43,207.5,-2.457,1.583,3.043,TR-05_1-040-E,TR-05_1-042-W
sanjose,7,42,TR-05_1-042,SJ,TR-05_1-042,2TTx64,408,6.317,6.17,2.382,55,55,0.035545,3.755949,0.032668,3.618068,3.556,215.2,3.268,207.3,-2.051,1.498,2.905,TR-05_1-041-E,TR-05_1-043-W
sanjose,7,43,TR-05_1-043,SJ,TR-05_1-043,2TTx64,410,6.242,6.149,2.382,55,55,0.035905,3.886848,0.028292,3.508112,3.592,222.7,2.83,201,-2.434,1.014,2.642,TR-05_1-042-E,TR-05_1-044-W
sanjose,7,44,TR-05_1-044,SJ,TR-05_1-044,2TTx64,412,6.235,6.167,2.382,55,55,0.023885,3.481932,0.035745,4.031711,2.389,199.5,3.576,231,-0.796,2.777,2.253,TR-05_1-043-E,TR-05_1-045-W
sanjose,7,45,TR-05_1-045,SJ,TR-05_1-045,2TTx64,414,6.224,6.169,2.382,55,55,0.033937,4.019493,0.024665,3.637266,3.395,230.3,2.467,208.4,-2.612,1.175,2.169,TR-05_1-044-E,TR-05_1-046-W
sanjose,7,46,TR-05_1-046,SJ,TR-05_1-046,2TTx64,416,6.346,6.156,2.382,55,55,0.023126,3.719297,0.03108,4.038692,2.313,213.1,3.109,231.4,-1.262,2.43,1.939,TR-05_1-045-E,
sanjose,7,47,TR-05_1-047,SJ,TR-05_1-047,2TTx64,419,6.119,6.256,2.382,55,55,0.019967,3.787364,0.027363,4.091052,1.997,217,2.737,234.4,-1.202,2.224,1.595,,TR-05_1-048-W
sanjose,7,48,TR-05_1-048,SJ,TR-05_1-048,2TTx64,420,6.256,6.15,2.382,55,55,0.026574,4.13294,0.027193,4.148648,2.658,236.8,2.72,237.7,-2.224,2.298,1.455,TR-05_1-047-E,TR-05_1-049-W
sanjose,7,49,TR-05_1-049,SJ,TR-05_1-049,2TTx64,422,6.241,6.11,2.382,55,55,0.025904,4.207989,0.012819,3.352777,2.591,241.1,1.282,192.1,-2.268,0.268,1.254,TR-05_1-048-E,TR-05_1-050-W
sanjose,7,50,TR-05_1-050,SJ,TR-05_1-050,2TTx64,424,6.395,6.149,2.382,55,55,0.014879,3.675663,0.029591,4.265585,1.488,210.6,2.96,244.4,-0.758,2.669,1.28,TR-05_1-049-E,TR-05_1-051-W
sanjose,7,51,TR-05_1-051,SJ,TR-05_1-051,2TTx64,426,6.121,6.254,2.382,55,55,0.017778,3.914774,0.023716,4.145157,1.778,224.3,2.372,237.5,-1.241,2.001,1.273,TR-05_1-050-E,TR-05_1-052-W
sanjose,7,52,TR-05_1-052,SJ,TR-05_1-052,2TTx64,428,6.194,6.177,2.382,55,55,0.027223,4.370304,0.032918,4.431391,2.723,250.4,3.293,253.9,-2.566,3.164,0.912,TR-05_1-051-E,TR-05_1-053-W
sanjose,7,53,TR-05_1-053,SJ,TR-05_1-053,2TTx64,430,6.213,6.318,2.382,55,55,0.033487,4.565781,0.024695,4.511676,3.35,261.6,2.47,258.5,-3.314,2.421,0.492,TR-05_1-052-E,TR-05_1-054-W
sanjose,7,54,TR-05_1-054,SJ,TR-05_1-054,2TTx64,432,6.194,6.184,2.382,55,55,0.026284,4.576253,0.024105,4.564036,2.629,262.2,2.411,261.5,-2.605,2.385,0.356,TR-05_1-053-E,TR-05_1-055-W
sanjose,7,55,TR-05_1-055,SJ,TR-05_1-055,2TTx64,434,6.215,6.151,2.382,55,55,0.034606,4.609415,0.026764,4.579744,3.462,264.1,2.677,262.4,-3.444,2.653,0.354,TR-05_1-054-E,TR-05_1-056-W
sanjose,7,56,TR-05_1-056,SJ,TR-05_1-056,2TTx64,436,6.24,6.177,2.382,55,55,0.029202,4.438372,0.035235,4.487242,2.921,254.3,3.525,257.1,-2.812,3.435,0.789,TR-05_1-055-E,TR-05_1-057-W
sanjose,7,57,TR-05_1-057,SJ,TR-05_1-057,2TTx64,438,6.222,6.169,2.382,55,55,0.038551,4.497713,0.014639,4.113741,3.857,257.7,1.464,235.7,-3.768,1.21,0.824,TR-05_1-056-E,
sanjose,7,58,TR-05_1-058,SJ,TR-05_1-058,2TTx64,400,6.3,6.156,2.382,55,55,0.032199,5.469862,0.022876,6.026622,3.221,313.4,2.288,345.3,-2.34,0.582,-2.213,TR-05_2-108-E,TR-05_1-059-W
sanjose,7,59,TR-05_1-059,SJ,TR-05_1-059,2TTx64,402,6.224,6.186,2.382,55,55,0.017748,5.721189,0.016049,5.923647,1.775,327.8,1.605,339.4,-0.946,0.564,-1.502,TR-05_1-058-E,TR-05_1-060-W
sanjose,7,60,TR-05_1-060,SJ,TR-05_1-060,2TTx64,404,6.227,6.152,2.382,55,55,0.017988,5.497787,0.023386,5.288348,1.799,315,2.339,303,-1.271,1.962,-1.273,TR-05_1-059-E,TR-05_1-061-W
sanjose,7,61,TR-05_1-061,SJ,TR-05_1-061,2TTx64,406,6.24,6.167,2.382,55,55,0.021916,5.342453,0.028382,5.185373,2.192,306.1,2.839,297.1,-1.771,2.528,-1.292,TR-05_1-060-E,TR-05_1-062-W
sanjose,7,62,TR-05_1-062,SJ,TR-05_1-062,2TTx64,408,6.317,6.17,2.382,55,55,0.026114,5.204572,0.03088,5.122541,2.612,298.2,3.089,293.5,-2.303,2.832,-1.232,TR-05_1-061-E,TR-05_1-063-W
sanjose,7,63,TR-05_1-063,SJ,TR-05_1-063,2TTx64,410,6.242,6.149,2.382,55,55,0.01045,0.644026,0.046317,4.893903,1.045,36.9,4.635,280.4,0.627,4.559,-0.836,TR-05_1-062-E,TR-05_1-064-W
sanjose,7,64,TR-05_1-064,SJ,TR-05_1-064,2TTx64,412,6.235,6.167,2.382,55,55,0.03942,4.975934,0.029581,5.066691,3.944,285.1,2.959,290.3,-3.808,2.776,-1.025,TR-05_1-063-E,TR-05_1-065-W
sanjose,7,65,TR-05_1-065,SJ,TR-05_1-065,2TTx64,414,6.224,6.169,2.382,55,55,0.031969,4.95499,0.014989,5.251696,3.198,283.9,1.499,300.9,-3.104,1.287,-0.769,TR-05_1-064-E,TR-05_1-066-W
sanjose,7,66,TR-05_1-066,SJ,TR-05_1-066,2TTx64,416,6.346,6.156,2.382,55,55,0.017158,4.895649,0.021017,4.860742,1.716,280.5,2.102,278.5,-1.687,2.079,-0.312,TR-05_1-065-E,TR-05_1-067-W
sanjose,7,67,TR-05_1-067,SJ,TR-05_1-067,2TTx64,418,6.276,6.119,2.382,55,55,0.012609,4.792674,0.00884,4.827581,1.261,274.6,0.884,276.6,-1.257,0.878,-0.101,TR-05_1-066-E,TR-05_1-068-W
sanjose,7,68,TR-05_1-068,SJ,TR-05_1-068,2TTx64,420,6.256,6.15,2.382,55,55,0.012359,5.071927,0.03096,4.853761,1.236,290.6,3.097,278.1,-1.157,3.066,-0.435,TR-05_1-067-E,TR-05_1-069-W
sanjose,7,69,TR-05_1-069,SJ,TR-05_1-069,2TTx64,422,6.241,6.11,2.382,55,55,0.03057,4.95499,0.021877,5.054474,3.058,283.9,2.188,289.6,-2.969,2.061,-0.733,TR-05_1-068-E,TR-05_1-070-W
sanjose,7,70,TR-05_1-070,SJ,TR-05_1-070,2TTx64,424,6.395,6.149,2.382,55,55,0.024025,5.215044,0.023306,5.232497,2.403,298.8,2.331,299.8,-2.105,2.023,-1.159,TR-05_1-069-E,TR-05_1-071-W
sanjose,7,71,TR-05_1-071,SJ,TR-05_1-071,2TTx64,426,6.121,6.254,2.382,55,55,0.014909,5.970771,0.03894,5.085889,1.491,342.1,3.896,291.4,-0.457,3.628,-1.419,TR-05_1-070-E,TR-05_1-072-W
sanjose,7,72,TR-05_1-072,SJ,TR-05_1-072,2TTx64,428,6.194,6.177,2.382,55,55,0.036544,5.038766,0.042744,4.989896,3.656,288.7,4.277,285.9,-3.463,4.113,-1.172,TR-05_1-071-E,TR-05_1-073-W
sanjose,7,73,TR-05_1-073,SJ,TR-05_1-073,2TTx64,430,6.213,6.318,2.382,55,55,0.042055,4.869469,0.024985,4.979424,4.208,279,2.499,285.3,-4.156,2.41,-0.661,TR-05_1-072-E,TR-05_1-074-W
sanjose,7,74,TR-05_1-074,SJ,TR-05_1-074,2TTx64,432,6.194,6.184,2.382,55,55,0.028213,4.907866,0.038281,4.855506,2.822,281.2,3.83,278.2,-2.768,3.791,-0.548,TR-05_1-073-E,TR-05_1-075-W
sanjose,7,75,TR-05_1-075,SJ,TR-05_1-075,2TTx64,434,6.215,6.151,2.382,55,55,0.029691,4.895649,0.027973,4.907866,2.97,280.5,2.798,281.2,-2.92,2.745,-0.541,TR-05_1-074-E,TR-05_1-076-W
sanjose,7,76,TR-05_1-076,SJ,TR-05_1-076,2TTx64,436,6.24,6.177,2.382,55,55,0.027793,4.939282,0.028562,4.934046,2.78,283,2.857,282.7,-2.709,2.788,-0.626,TR-05_1-075-E,TR-05_1-077-W
sanjose,7,77,TR-05_1-077,SJ,TR-05_1-077,2TTx64,438,6.222,6.169,2.382,55,55,0.030371,4.927064,0.032489,4.913102,3.038,282.3,3.25,281.5,-2.968,3.185,-0.649,TR-05_1-076-E,TR-05_1-078-W
sanjose,7,78,TR-05_1-078,SJ,TR-05_1-078,2TTx64,440,6.275,6.182,2.382,55,55,0.034866,4.867723,0.017798,5.019567,3.488,278.9,1.78,287.6,-3.446,1.696,-0.539,TR-05_1-077-E,TR-05_1-079-W
sanjose,7,79,TR-05_1-079,SJ,TR-05_1-079,2TTx64,442,6.222,6.189,2.382,55,55,0.029162,5.023058,0.023306,5.105088,2.917,287.8,2.331,292.5,-2.778,2.154,-0.891,TR-05_1-078-E,TR-05_1-080-W
sanjose,7,80,TR-05_1-080,SJ,TR-05_1-080,2TTx64,444,6.21,6.144,2.382,55,55,0.027583,5.117305,0.021986,5.229006,2.759,293.2,2.199,299.6,-2.536,1.911,-1.088,TR-05_1-079-E,TR-05_1-081-W
sanjose,7,81,TR-05_1-081,SJ,TR-05_1-081,2TTx64,446,5.766,6.821,2.382,55,55,0.027823,5.061455,0.040049,4.953244,2.783,290,4.007,283.8,-2.615,3.892,-0.953,TR-05_1-080-E,
sanjose,7,82,TR-05_1-082,SJ,TR-05_1-082,2TTx64,400,6.3,6.156,2.382,55,55,0.026973,5.93761,0.027263,5.909685,2.698,340.2,2.727,338.6,-0.912,0.993,-2.539,TR-05_2-119-E,TR-05_1-083-W
sanjose,7,83,TR-05_1-083,SJ,TR-05_1-083,2TTx64,402,6.224,6.186,2.382,55,55,0.035555,5.962045,0.036494,5.892232,3.557,341.6,3.651,337.6,-1.12,1.39,-3.376,TR-05_1-082-E,TR-05_1-084-W
sanjose,7,84,TR-05_1-084,SJ,TR-05_1-084,2TTx64,404,6.227,6.152,2.382,55,55,0.045878,5.934119,0.048881,5.792748,4.591,340,4.892,331.9,-1.572,2.307,-4.313,TR-05_1-083-E,TR-05_1-085-W
sanjose,7,85,TR-05_1-085,SJ,TR-05_1-085,2TTx64,406,6.24,6.167,2.382,55,55,0.045738,6.092944,0.053688,5.701991,4.577,349.1,5.374,326.7,-0.866,2.947,-4.494,TR-05_1-084-E,TR-05_1-086-W
sanjose,7,86,TR-05_1-086,SJ,TR-05_1-086,2TTx64,408,6.317,6.17,2.382,55,55,0.050806,5.923647,0.053898,5.792748,5.085,339.4,5.395,331.9,-1.791,2.541,-4.759,TR-05_1-085-E,TR-05_1-087-W
sanjose,7,87,TR-05_1-087,SJ,TR-05_1-087,2TTx64,410,6.242,6.149,2.382,55,55,0.068095,5.51175,0.049859,6.080727,6.82,315.8,4.99,348.4,-4.756,1.003,-4.888,TR-05_1-086-E,TR-05_1-088-W
sanjose,7,88,TR-05_1-088,SJ,TR-05_1-088,2TTx64,412,6.235,6.167,2.382,55,55,0.048213,6.058038,0.063126,5.551892,4.825,347.1,6.321,318.1,-1.075,4.222,-4.704,TR-05_1-087-E,TR-05_1-089-W
sanjose,7,89,TR-05_1-089,SJ,TR-05_1-089,2TTx64,414,6.224,6.169,2.382,55,55,0.055782,5.689773,0.051764,5.817182,5.584,326,5.181,333.3,-3.125,2.331,-4.627,TR-05_1-088-E,TR-05_1-090-W
sanjose,7,90,TR-05_1-090,SJ,TR-05_1-090,2TTx64,416,6.346,6.156,2.382,55,55,0.057138,5.899213,0.0531,6.220353,5.72,338,5.315,356.4,-2.138,0.333,-5.305,TR-05_1-089-E,TR-05_1-091-W
sanjose,7,91,TR-05_1-091,SJ,TR-05_1-091,2TTx64,418,6.276,6.119,2.382,55,55,0.052173,0.1309,0.054855,5.942846,5.222,7.5,5.491,340.5,0.684,1.832,-5.177,TR-05_1-090-E,TR-05_1-092-W
sanjose,7,92,TR-05_1-092,SJ,TR-05_1-092,2TTx64,420,6.256,6.15,2.382,55,55,0.054307,5.824164,0.0492,0.143117,5.436,333.7,4.924,8.2,-2.409,-0.704,-4.873,TR-05_1-091-E,TR-05_1-093-W
sanjose,7,93,TR-05_1-093,SJ,TR-05_1-093,2TTx64,422,6.241,6.11,2.382,55,55,0.040917,6.263987,0.045259,5.841617,4.094,358.9,4.529,334.7,-0.078,1.939,-4.093,TR-05_1-092-E,TR-05_1-094-W
sanjose,7,94,TR-05_1-094,SJ,TR-05_1-094,2TTx64,424,6.395,6.149,2.382,55,55,0.034526,5.796238,0.03074,0.120428,3.454,332.1,3.075,6.9,-1.616,-0.371,-3.053,TR-05_1-093-E,TR-05_1-095-W
sanjose,7,95,TR-05_1-095,SJ,TR-05_1-095,2TTx64,426,6.121,6.254,2.382,55,55,0.027093,5.808456,0.028073,5.743879,2.71,332.8,2.808,329.1,-1.239,1.442,-2.41,TR-05_1-094-E,TR-05_1-096-W
sanjose,7,96,TR-05_1-096,SJ,TR-05_1-096,2TTx64,428,6.194,6.177,2.382,55,55,0.021657,5.675811,0.021747,5.668829,2.166,325.2,2.175,324.8,-1.236,1.253,-1.778,TR-05_1-095-E,TR-05_1-097-W
sanjose,7,97,TR-05_1-097,SJ,TR-05_1-097,2TTx64,430,6.213,6.318,2.382,55,55,0.018818,5.454154,0.017478,0.757473,1.882,312.5,1.748,43.4,-1.388,-1.2,-1.271,TR-05_1-096-E,TR-05_1-098-W
sanjose,7,98,TR-05_1-098,SJ,TR-05_1-098,2TTx64,432,6.194,6.184,2.382,55,55,0.01074,0.144862,0.037393,5.000368,1.074,8.3,3.741,286.5,0.155,3.587,-1.062,TR-05_1-097-E,TR-05_1-099-W
sanjose,7,99,TR-05_1-099,SJ,TR-05_1-099,2TTx64,434,6.215,6.151,2.382,55,55,0.01094,5.75086,0.020427,5.192355,1.094,329.5,2.043,297.5,-0.555,1.812,-0.943,TR-05_1-098-E,TR-05_1-100-W
sanjose,7,100,TR-05_1-100,SJ,TR-05_1-100,2TTx64,436,6.24,6.177,2.382,55,55,0.020727,5.078908,0.025335,5.009095,2.073,291,2.534,287,-1.936,2.423,-0.742,TR-05_1-099-E,TR-05_1-101-W
sanjose,7,101,TR-05_1-101,SJ,TR-05_1-101,2TTx64,438,6.222,6.169,2.382,55,55,0.028352,4.9323,0.032399,4.904375,2.836,282.6,3.241,281,-2.768,3.182,-0.616,TR-05_1-100-E,TR-05_1-102-W
sanjose,7,102,TR-05_1-102,SJ,TR-05_1-102,2TTx64,440,6.275,6.182,2.382,55,55,0.03069,4.925319,0.017828,5.085889,3.07,282.2,1.783,291.4,-3,1.66,-0.65,TR-05_1-101-E,TR-05_1-103-W
sanjose,7,103,TR-05_1-103,SJ,TR-05_1-103,2TTx64,442,6.222,6.189,2.382,55,55,0.040648,4.853761,0.034127,4.881686,4.067,278.1,3.414,279.7,-4.026,3.366,-0.573,TR-05_1-102-E,TR-05_1-104-W
sanjose,7,104,TR-05_1-104,SJ,TR-05_1-104,2TTx64,444,6.21,6.144,2.382,55,55,0.034327,4.860742,0.027933,4.893903,3.434,278.5,2.794,280.4,-3.396,2.748,-0.507,TR-05_1-103-E,TR-05_1-105-W
sanjose,7,105,TR-05_1-105,SJ,TR-05_1-105,2TTx64,446,5.766,6.821,2.382,55,55,0.029102,4.806637,0.032049,4.79791,2.911,275.4,3.206,274.9,-2.898,3.194,-0.275,TR-05_1-104-E,TR-05_1-106-W
sanjose,7,106,TR-05_1-106,SJ,TR-05_1-106,2TTx64,448,6.129,6.167,2.382,55,55,0.029971,4.855506,0.023556,4.895649,2.998,278.2,2.356,280.5,-2.967,2.317,-0.429,TR-05_1-105-E,TR-05_1-107-W
sanjose,7,107,TR-05_1-107,SJ,TR-05_1-107,2TTx64,450,6.223,6.152,2.382,55,55,0.013569,4.623377,0.021956,4.658284,1.357,264.9,2.196,266.9,-1.352,2.193,0.12,TR-05_1-106-E,TR-05_1-108-W
sanjose,7,108,TR-05_1-108,SJ,TR-05_1-108,2TTx64,452,6.25,6.164,2.382,55,55,0.028822,4.764749,0.00761,4.913102,2.883,273,0.761,281.5,-2.879,0.746,-0.151,TR-05_1-107-E,
sanjose,7,109,TR-05_1-109,SJ,TR-05_1-109,2TTx64,432,6.194,6.184,2.382,55,55,0.025195,0.623083,0.020957,6.066764,2.52,35.7,2.096,347.6,1.469,0.451,-2.047,TR-02_2-014-E,TR-05_1-110-W
sanjose,7,110,TR-05_1-110,SJ,TR-05_1-110,2TTx64,434,6.215,6.151,2.382,55,55,0.017618,5.661848,0.021847,5.427974,1.762,324.4,2.185,311,-1.025,1.649,-1.433,TR-05_1-109-E,TR-05_1-111-W
sanjose,7,111,TR-05_1-111,SJ,TR-05_1-111,2TTx64,436,6.24,6.177,2.382,55,55,0.020547,5.414011,0.025355,5.263913,2.055,310.2,2.536,301.6,-1.569,2.161,-1.327,TR-05_1-110-E,TR-05_1-112-W
sanjose,7,112,TR-05_1-112,SJ,TR-05_1-112,2TTx64,438,6.222,6.169,2.382,55,55,0.023955,5.48906,0.019897,5.715953,2.396,314.5,1.99,327.5,-1.71,1.068,-1.679,TR-05_1-111-E,TR-05_1-113-W
sanjose,7,113,TR-05_1-113,SJ,TR-05_1-113,2TTx64,440,6.275,6.182,2.382,55,55,0.022546,5.64614,0.029292,5.379105,2.255,323.5,2.93,308.2,-1.342,2.302,-1.812,TR-05_1-112-E,TR-05_1-114-W
sanjose,7,114,TR-05_1-114,SJ,TR-05_1-114,2TTx64,442,6.222,6.189,2.382,55,55,0.017418,5.773549,0.021227,5.510004,1.742,330.8,2.123,315.7,-0.85,1.482,-1.52,TR-05_1-113-E,TR-05_1-115-W
sanjose,7,115,TR-05_1-115,SJ,TR-05_1-115,2TTx64,444,6.21,6.144,2.382,55,55,0.019717,5.569346,0.029921,5.234242,1.972,319.1,2.993,299.9,-1.292,2.596,-1.49,TR-05_1-114-E,TR-05_1-116-W
sanjose,7,116,TR-05_1-116,SJ,TR-05_1-116,2TTx64,446,5.766,6.821,2.382,55,55,0.036014,5.127777,0.022846,5.401794,3.603,293.8,2.285,309.5,-3.296,1.762,-1.455,TR-05_1-115-E,TR-05_1-117-W
sanjose,7,117,TR-05_1-117,SJ,TR-05_1-117,2TTx64,448,6.129,6.167,2.382,55,55,0.022866,5.234242,0.033158,5.0632,2.287,299.9,3.317,290.1,-1.982,3.114,-1.141,TR-05_1-116-E,TR-05_1-118-W
sanjose,7,118,TR-05_1-118,SJ,TR-05_1-118,2TTx64,450,6.223,6.152,2.382,55,55,0.028812,5.136504,0.013879,5.735152,2.882,294.3,1.388,328.6,-2.627,0.723,-1.185,TR-05_1-117-E,TR-05_1-119-W
sanjose,7,119,TR-05_1-119,SJ,TR-05_1-119,2TTx64,452,6.25,6.164,2.382,55,55,0.011459,5.27264,0.01069,5.318018,1.146,302.1,1.069,304.7,-0.971,0.879,-0.608,TR-05_1-118-E,TR-02_2-015-W
sanjose,8,1,TR-05_2-001,SJ,TR-05_2-001,2TTx64,380,6.182,6.19,2.382,55,55,0.07115,0.890118,0.078667,0.965167,7.127,51,7.883,55.3,5.537,-6.481,-4.487,TR-07_1-118-E,TR-05_2-002-W
sanjose,8,2,TR-05_2-002,SJ,TR-05_2-002,2TTx64,382,6.204,6.191,2.382,55,55,0.079095,0.966912,0.055184,5.665339,7.926,55.4,5.524,324.6,6.524,3.201,-4.502,TR-05_2-001-E,TR-05_2-003-W
sanjose,8,3,TR-05_2-003,SJ,TR-05_2-003,2TTx64,384,5.994,6.401,2.382,55,55,0.053499,6.215117,0.056041,0.308923,5.355,356.1,5.61,17.7,-0.364,-1.71,-5.343,TR-05_2-002-E,
sanjose,8,4,TR-05_2-004,SJ,TR-05_2-004,2TTx64,379,7.127,6.182,2.382,55,55,,,0.03133,0.305433,,,3.134,17.5,,-0.941,-2.989,,TR-05_2-005-W
sanjose,8,5,TR-05_2-005,SJ,TR-05_2-005,2TTx64,380,6.182,6.19,2.382,55,55,0.039639,0.23911,0.062399,0.905826,3.966,13.7,6.248,51.9,0.941,-4.919,-3.853,TR-05_2-004-E,TR-05_2-006-W
sanjose,8,6,TR-05_2-006,SJ,TR-05_2-006,2TTx64,382,6.204,6.191,2.382,55,55,0.069508,0.815069,0.048063,6.167994,6.962,46.7,4.81,353.4,5.063,0.555,-4.778,TR-05_2-005-E,TR-05_2-007-W
sanjose,8,7,TR-05_2-007,SJ,TR-05_2-007,2TTx64,384,5.994,6.401,2.382,55,55,0.035295,0.305433,0.050118,0.834267,3.531,17.5,5.016,47.8,1.059,-3.717,-3.368,TR-05_2-006-E,TR-05_2-008-W
sanjose,8,8,TR-05_2-008,SJ,TR-05_2-008,2TTx64,386,6.193,6.154,2.382,55,55,0.045089,0.820305,0.084528,1.199041,4.512,47,8.473,68.7,3.299,-7.894,-3.079,TR-05_2-007-E,TR-05_2-009-W
sanjose,8,9,TR-05_2-009,SJ,TR-05_2-009,2TTx64,388,6.242,6.3,2.382,55,55,0.080983,1.216494,0.057178,1.05767,8.116,69.7,5.724,60.6,7.613,-4.986,-2.812,TR-05_2-008-E,TR-05_2-010-W
sanjose,8,10,TR-05_2-010,SJ,TR-05_2-010,2TTx64,390,6.182,6.171,2.382,55,55,0.061941,1.089085,0.094964,1.263618,6.202,62.4,9.525,72.4,5.496,-9.081,-2.874,TR-05_2-009-E,
sanjose,8,11,TR-05_2-011,SJ,TR-05_2-011,2TTx64,371,6.219,6.208,2.382,55,55,0.074383,3.49764,0.071936,3.389429,7.452,200.4,7.206,194.2,-2.594,1.766,6.986,TR-03_2-028-E,TR-05_2-012-W
sanjose,8,12,TR-05_2-012,SJ,TR-05_2-012,2TTx64,373,6.195,6.186,2.382,55,55,0.069926,3.415609,0.06915,3.371976,7.004,195.7,6.926,193.2,-1.892,1.582,6.743,TR-05_2-011-E,TR-05_2-013-W
sanjose,8,13,TR-05_2-013,SJ,TR-05_2-013,2TTx64,375,6.228,6.152,2.382,55,55,0.063833,3.370231,0.063465,3.344051,6.392,193.1,6.355,191.6,-1.453,1.281,6.224,TR-05_2-012-E,
sanjose,8,14,TR-05_2-014,SJ,TR-05_2-014,2TTx64,379,7.127,6.182,2.382,55,55,0.076819,3.513348,0.07307,3.342306,7.697,201.3,7.32,191.5,-2.792,1.461,7.173,,TR-05_2-015-W
sanjose,8,15,TR-05_2-015,SJ,TR-05_2-015,2TTx64,380,6.182,6.19,2.382,55,55,0.071607,3.347542,0.070772,3.277728,7.173,191.8,7.089,187.8,-1.461,0.965,7.023,TR-05_2-014-E,TR-05_2-016-W
sanjose,8,16,TR-05_2-016,SJ,TR-05_2-016,2TTx64,382,6.204,6.191,2.382,55,55,0.068035,3.385939,0.069478,3.459243,6.814,194,6.959,198.2,-1.647,2.168,6.612,TR-05_2-015-E,TR-05_2-017-W
sanjose,8,17,TR-05_2-017,SJ,TR-05_2-017,2TTx64,384,5.994,6.401,2.382,55,55,0.059769,2.848377,0.058513,2.930408,5.984,163.2,5.858,167.9,1.731,-1.225,5.729,TR-05_2-016-E,TR-05_2-018-W
sanjose,8,18,TR-05_2-018,SJ,TR-05_2-018,2TTx64,386,6.193,6.154,2.382,55,55,0.041077,2.97055,0.041336,2.937389,4.11,170.2,4.136,168.3,0.701,-0.839,4.05,TR-05_2-017-E,TR-05_2-019-W
sanjose,8,19,TR-05_2-019,SJ,TR-05_2-019,2TTx64,388,6.242,6.3,2.382,55,55,0.025455,3.136357,0.025504,3.082251,2.546,179.7,2.551,176.6,0.012,-0.15,2.546,TR-05_2-018-E,TR-05_2-020-W
sanjose,8,20,TR-05_2-020,SJ,TR-05_2-020,2TTx64,390,6.182,6.171,2.382,55,55,0.015549,3.413864,0.042644,1.930334,1.555,195.6,4.267,110.6,-0.417,-3.995,1.498,TR-05_2-019-E,TR-05_2-021-W
sanjose,8,21,TR-05_2-021,SJ,TR-05_2-021,2TTx64,392,6.284,6.155,2.382,55,55,0.028203,1.69646,0.040098,1.658063,2.821,97.2,4.012,95,2.799,-3.997,0.352,TR-05_2-020-E,TR-05_2-022-W
sanjose,8,22,TR-05_2-022,SJ,TR-05_2-022,2TTx64,394,6.247,6.166,2.382,55,55,0.022906,5.188864,0.013959,5.565855,2.291,297.3,1.396,318.9,-2.035,0.918,-1.051,TR-05_2-021-E,TR-05_2-023-W
sanjose,8,23,TR-05_2-023,SJ,TR-05_2-023,2TTx64,396,6.207,6.184,2.382,55,55,0.019917,5.487315,0.014739,0.328122,1.992,314.4,1.474,18.8,-1.422,-0.476,-1.395,TR-05_2-022-E,TR-05_2-024-W
sanjose,8,24,TR-05_2-024,SJ,TR-05_2-024,2TTx64,398,6.206,6.198,2.382,55,55,0.014339,6.265732,0.026634,5.279621,1.434,359,2.664,302.5,-0.025,2.246,-1.433,TR-05_2-023-E,
sanjose,8,25,TR-05_2-025,SJ,TR-05_2-025,2TTx64,371,6.219,6.208,2.382,55,55,0.020817,5.520476,0.027733,5.286602,2.082,316.3,2.774,302.9,-1.438,2.329,-1.506,TR-03_2-048-E,TR-05_2-026-W
sanjose,8,26,TR-05_2-026,SJ,TR-05_2-026,2TTx64,373,6.195,6.186,2.382,55,55,0.027943,5.242969,0.022776,5.382595,2.795,300.4,2.278,308.4,-2.41,1.785,-1.415,TR-05_2-025-E,TR-05_2-027-W
sanjose,8,27,TR-05_2-027,SJ,TR-05_2-027,2TTx64,375,6.228,6.152,2.382,55,55,0.023466,5.462881,0.015999,6.267477,2.347,313,1.6,359.1,-1.718,0.026,-1.599,TR-05_2-026-E,
sanjose,8,28,TR-05_2-028,SJ,TR-05_2-028,2TTx64,379,7.127,6.182,2.382,55,55,0.029901,5.241224,0.017798,5.722935,2.991,300.3,1.78,327.9,-2.583,0.947,-1.507,,TR-05_2-029-W
sanjose,8,29,TR-05_2-029,SJ,TR-05_2-029,2TTx64,380,6.182,6.19,2.382,55,55,0.017158,5.6985,0.027243,5.265658,1.716,326.5,2.725,301.7,-0.947,2.319,-1.431,TR-05_2-028-E,TR-05_2-030-W
sanjose,8,30,TR-05_2-030,SJ,TR-05_2-030,2TTx64,382,6.204,6.191,2.382,55,55,0.029481,5.304056,0.025914,5.400049,2.949,303.9,2.592,309.4,-2.447,2.002,-1.646,TR-05_2-029-E,TR-05_2-031-W
sanjose,8,31,TR-05_2-031,SJ,TR-05_2-031,2TTx64,384,5.994,6.401,2.382,55,55,0.016469,5.895722,0.028552,5.27613,1.647,337.8,2.856,302.3,-0.623,2.415,-1.524,TR-05_2-030-E,TR-05_2-032-W
sanjose,8,32,TR-05_2-032,SJ,TR-05_2-032,2TTx64,386,6.193,6.154,2.382,55,55,0.033128,5.188864,0.029531,5.251696,3.314,297.3,2.954,300.9,-2.946,2.534,-1.518,TR-05_2-031-E,TR-05_2-033-W
sanjose,8,33,TR-05_2-033,SJ,TR-05_2-033,2TTx64,388,6.242,6.3,2.382,55,55,0.027313,5.030039,0.022086,5.108579,2.732,288.2,2.209,292.7,-2.595,2.038,-0.853,TR-05_2-032-E,TR-05_2-034-W
sanjose,8,34,TR-05_2-034,SJ,TR-05_2-034,2TTx64,390,6.182,6.171,2.382,55,55,0.025854,5.091125,0.0104,5.876524,2.586,291.7,1.04,336.7,-2.403,0.411,-0.956,TR-05_2-033-E,TR-05_2-035-W
sanjose,8,35,TR-05_2-035,SJ,TR-05_2-035,2TTx64,392,6.284,6.155,2.382,55,55,0.016239,5.323254,0.024485,5.103343,1.624,305,2.449,292.4,-1.33,2.264,-0.933,TR-05_2-034-E,TR-05_2-036-W
sanjose,8,36,TR-05_2-036,SJ,TR-05_2-036,2TTx64,394,6.247,6.166,2.382,55,55,0.020937,5.023058,0.016409,5.113815,2.094,287.8,1.641,293,-1.993,1.511,-0.641,TR-05_2-035-E,TR-05_2-037-W
sanjose,8,37,TR-05_2-037,SJ,TR-05_2-037,2TTx64,396,6.207,6.184,2.382,55,55,0.016069,4.874705,0.014359,4.893903,1.607,279.3,1.436,280.4,-1.586,1.412,-0.259,TR-05_2-036-E,TR-05_2-038-W
sanjose,8,38,TR-05_2-038,SJ,TR-05_2-038,2TTx64,398,6.206,6.198,2.382,55,55,0.022536,5.085889,0.031829,4.974188,2.254,291.4,3.184,285,-2.099,3.076,-0.822,TR-05_2-037-E,TR-05_2-039-W
sanjose,8,39,TR-05_2-039,SJ,TR-05_2-039,2TTx64,400,6.3,6.156,2.382,55,55,0.028642,5.028294,0.037942,4.948008,2.865,288.1,3.796,283.5,-2.723,3.69,-0.889,TR-05_2-038-E,TR-05_1-001-W
sanjose,8,40,TR-05_2-040,SJ,TR-05_2-040,2TTx64,379,7.127,6.182,2.382,55,55,0.034077,4.848525,0.017618,4.979424,3.409,277.8,1.762,285.3,-3.377,1.7,-0.465,,TR-05_2-041-W
sanjose,8,41,TR-05_2-041,SJ,TR-05_2-041,2TTx64,380,6.182,6.19,2.382,55,55,0.017888,5.028294,0.021307,4.975934,1.789,288.1,2.131,285.1,-1.7,2.057,-0.556,TR-05_2-040-E,TR-05_2-042-W
sanjose,8,42,TR-05_2-042,SJ,TR-05_2-042,2TTx64,382,6.204,6.191,2.382,55,55,0.018138,5.047492,0.00987,5.359906,1.814,289.2,0.987,307.1,-1.713,0.787,-0.596,TR-05_2-041-E,TR-05_2-043-W
sanjose,8,43,TR-05_2-043,SJ,TR-05_2-043,2TTx64,384,5.994,6.401,2.382,55,55,0.020597,4.948008,0.035006,4.85027,2.06,283.5,3.502,277.9,-2.003,3.469,-0.481,TR-05_2-042-E,TR-05_2-044-W
sanjose,8,44,TR-05_2-044,SJ,TR-05_2-044,2TTx64,386,6.193,6.154,2.382,55,55,0.03057,4.815363,0.017578,4.892158,3.058,275.9,1.758,280.3,-3.042,1.73,-0.315,TR-05_2-043-E,TR-05_2-045-W
sanjose,8,45,TR-05_2-045,SJ,TR-05_2-045,2TTx64,388,6.242,6.3,2.382,55,55,0.011769,5.269149,0.00973,5.40703,1.177,301.9,0.973,309.8,-0.999,0.747,-0.623,TR-05_2-044-E,TR-05_2-046-W
sanjose,8,46,TR-05_2-046,SJ,TR-05_2-046,2TTx64,390,6.182,6.171,2.382,55,55,0.017398,5.359906,0.042564,4.961971,1.74,307.1,4.259,284.3,-1.388,4.128,-1.05,TR-05_2-045-E,TR-05_2-047-W
sanjose,8,47,TR-05_2-047,SJ,TR-05_2-047,2TTx64,392,6.284,6.155,2.382,55,55,0.036004,4.967207,0.012409,5.530948,3.602,284.6,1.241,316.9,-3.486,0.847,-0.906,TR-05_2-046-E,TR-05_2-048-W
sanjose,8,48,TR-05_2-048,SJ,TR-05_2-048,2TTx64,394,6.247,6.166,2.382,55,55,0.023746,5.314528,0.023236,5.330236,2.375,304.5,2.324,305.4,-1.958,1.895,-1.345,TR-05_2-047-E,TR-05_2-049-W
sanjose,8,49,TR-05_2-049,SJ,TR-05_2-049,2TTx64,396,6.207,6.184,2.382,55,55,0.027503,5.496042,0.021597,5.827654,2.751,314.9,2.16,333.9,-1.95,0.949,-1.94,TR-05_2-048-E,TR-05_2-050-W
sanjose,8,50,TR-05_2-050,SJ,TR-05_2-050,2TTx64,398,6.206,6.198,2.382,55,55,0.024055,5.592035,0.043183,5.155703,2.406,320.4,4.321,295.4,-1.533,3.903,-1.854,TR-05_2-049-E,TR-05_2-051-W
sanjose,8,51,TR-05_2-051,SJ,TR-05_2-051,2TTx64,400,6.3,6.156,2.382,55,55,0.03889,5.061455,0.067816,4.909611,3.891,290,6.792,281.3,-3.657,6.66,-1.33,TR-05_2-050-E,TR-05_1-004-W
sanjose,8,52,TR-05_2-052,SJ,TR-05_2-052,2TTx64,371,6.219,6.208,2.382,55,55,0.021127,4.660029,0.043113,4.686209,2.113,267,4.314,268.5,-2.11,4.313,0.111,TR-03_2-068-E,TR-05_2-053-W
sanjose,8,53,TR-05_2-053,SJ,TR-05_2-053,2TTx64,373,6.195,6.186,2.382,55,55,0.019458,4.591961,0.00435,4.145157,1.946,263.1,0.435,237.5,-1.932,0.367,0.234,TR-05_2-052-E,TR-05_2-054-W
sanjose,8,54,TR-05_2-054,SJ,TR-05_2-054,2TTx64,375,6.228,6.152,2.382,55,55,0.00624,4.564036,0.013979,4.646066,0.624,261.5,1.398,266.2,-0.617,1.395,0.093,TR-05_2-053-E,
sanjose,8,55,TR-05_2-055,SJ,TR-05_2-055,2TTx64,379,7.127,6.182,2.382,55,55,0.027613,4.721116,0.03081,4.71937,2.762,270.5,3.082,270.4,-2.762,3.082,-0.024,,TR-05_2-056-W
sanjose,8,56,TR-05_2-056,SJ,TR-05_2-056,2TTx64,380,6.182,6.19,2.382,55,55,0.03099,4.818854,0.028482,4.829326,3.1,276.1,2.849,276.7,-3.082,2.83,-0.331,TR-05_2-055-E,TR-05_2-057-W
sanjose,8,57,TR-05_2-057,SJ,TR-05_2-057,2TTx64,382,6.204,6.191,2.382,55,55,0.027643,4.979424,0.022006,5.049238,2.765,285.3,2.201,289.3,-2.667,2.077,-0.729,TR-05_2-056-E,TR-05_2-058-W
sanjose,8,58,TR-05_2-058,SJ,TR-05_2-058,2TTx64,384,5.994,6.401,2.382,55,55,0.022186,5.071927,0.029521,4.979424,2.219,290.6,2.953,285.3,-2.077,2.848,-0.781,TR-05_2-057-E,TR-05_2-059-W
sanjose,8,59,TR-05_2-059,SJ,TR-05_2-059,2TTx64,386,6.193,6.154,2.382,55,55,0.030131,4.968952,0.027233,4.996878,3.014,284.7,2.724,286.3,-2.916,2.615,-0.764,TR-05_2-058-E,TR-05_2-060-W
sanjose,8,60,TR-05_2-060,SJ,TR-05_2-060,2TTx64,388,6.242,6.3,2.382,55,55,0.026634,5.019567,0.021517,5.096361,2.664,287.6,2.152,292,-2.539,1.995,-0.807,TR-05_2-059-E,TR-05_2-061-W
sanjose,8,61,TR-05_2-061,SJ,TR-05_2-061,2TTx64,390,6.182,6.171,2.382,55,55,0.026544,5.195845,0.052891,4.948008,2.655,297.7,5.294,283.5,-2.351,5.148,-1.233,TR-05_2-060-E,TR-05_2-062-W
sanjose,8,62,TR-05_2-062,SJ,TR-05_2-062,2TTx64,392,6.284,6.155,2.382,55,55,0.045768,5.092871,0.042195,5.127777,4.58,291.8,4.222,293.8,-4.252,3.864,-1.701,TR-05_2-061-E,TR-05_2-063-W
sanjose,8,63,TR-05_2-063,SJ,TR-05_2-063,2TTx64,394,6.247,6.166,2.382,55,55,0.041426,5.248205,0.047774,5.171411,4.145,300.7,4.781,296.3,-3.563,4.286,-2.118,TR-05_2-062-E,TR-05_2-064-W
sanjose,8,64,TR-05_2-064,SJ,TR-05_2-064,2TTx64,396,6.207,6.184,2.382,55,55,0.050178,5.138249,0.03902,5.27264,5.022,294.4,3.904,302.1,-4.572,3.306,-2.077,TR-05_2-063-E,TR-05_2-065-W
sanjose,8,65,TR-05_2-065,SJ,TR-05_2-065,2TTx64,398,6.206,6.198,2.382,55,55,0.042974,5.218534,0.035935,5.330236,4.3,299,3.595,305.4,-3.762,2.93,-2.083,TR-05_2-064-E,TR-05_2-066-W
sanjose,8,66,TR-05_2-066,SJ,TR-05_2-066,2TTx64,400,6.3,6.156,2.382,55,55,0.03887,5.229006,0.03927,5.22377,3.889,299.6,3.929,299.3,-3.381,3.426,-1.923,TR-05_2-065-E,TR-05_1-011-W
sanjose,8,67,TR-05_2-067,SJ,TR-05_2-067,2TTx64,371,6.219,6.208,2.382,55,55,0.017178,5.677556,0.014299,6.127851,1.718,325.3,1.43,351.1,-0.978,0.222,-1.413,TR-03_2-088-E,TR-05_2-068-W
sanjose,8,68,TR-05_2-068,SJ,TR-05_2-068,2TTx64,373,6.195,6.186,2.382,55,55,0.018168,0.996583,0.026294,5.096361,1.817,57.1,2.63,292,1.526,2.438,-0.986,TR-05_2-067-E,TR-05_2-069-W
sanjose,8,69,TR-05_2-069,SJ,TR-05_2-069,2TTx64,375,6.228,6.152,2.382,55,55,0.029611,5.050983,0.033647,5.009095,2.962,289.4,3.366,287,-2.795,3.22,-0.982,TR-05_2-068-E,
sanjose,8,70,TR-05_2-070,SJ,TR-05_2-070,2TTx64,371,6.219,6.208,2.382,55,55,0.037562,4.855506,0.012929,5.14174,3.758,278.2,1.293,294.6,-3.719,1.176,-0.538,TR-03_2-108-E,TR-05_2-071-W
sanjose,8,71,TR-05_2-071,SJ,TR-05_2-071,2TTx64,373,6.195,6.186,2.382,55,55,0.036953,4.939282,0.022976,5.084144,3.697,283,2.298,291.3,-3.602,2.142,-0.833,TR-05_2-070-E,TR-05_2-072-W
sanjose,8,72,TR-05_2-072,SJ,TR-05_2-072,2TTx64,375,6.228,6.152,2.382,55,55,0.032808,5.216789,0.018958,5.701991,3.282,298.9,1.896,326.7,-2.874,1.04,-1.585,TR-05_2-071-E,
sanjose,8,73,TR-05_2-073,SJ,TR-05_2-073,2TTx64,379,7.127,6.182,2.382,55,55,,,0.039659,5.469862,,,3.968,313.4,,2.885,-2.725,,TR-05_2-074-W
sanjose,8,74,TR-05_2-074,SJ,TR-05_2-074,2TTx64,380,6.182,6.19,2.382,55,55,0.043642,5.22377,0.030421,5.492551,4.367,299.3,3.043,314.7,-3.807,2.163,-2.14,TR-05_2-073-E,TR-05_2-075-W
sanjose,8,75,TR-05_2-075,SJ,TR-05_2-075,2TTx64,382,6.204,6.191,2.382,55,55,0.032868,5.48906,0.023626,6.059783,3.288,314.5,2.363,347.2,-2.345,0.524,-2.304,TR-05_2-074-E,
sanjose,8,78,TR-05_2-078,SJ,TR-05_2-078,2TTx64,389,6.3,6.182,2.382,55,55,,,0.025674,5.295329,,,2.568,303.4,,2.143,-1.415,,TR-05_2-079-W
sanjose,8,79,TR-05_2-079,SJ,TR-05_2-079,2TTx64,390,6.182,6.171,2.382,55,55,0.026364,5.127777,0.020477,5.258677,2.637,293.8,2.048,301.3,-2.413,1.75,-1.064,TR-05_2-078-E,TR-05_2-080-W
sanjose,8,80,TR-05_2-080,SJ,TR-05_2-080,2TTx64,392,6.284,6.155,2.382,55,55,0.026224,5.049238,0.045519,4.904375,2.623,289.3,4.555,281,-2.476,4.472,-0.867,TR-05_2-079-E,TR-05_2-081-W
sanjose,8,81,TR-05_2-081,SJ,TR-05_2-081,2TTx64,394,6.247,6.166,2.382,55,55,0.047943,4.975934,0.046197,4.98466,4.798,285.1,4.623,285.6,-4.633,4.452,-1.247,TR-05_2-080-E,TR-05_2-082-W
sanjose,8,82,TR-05_2-082,SJ,TR-05_2-082,2TTx64,396,6.207,6.184,2.382,55,55,0.046596,4.996878,0.057656,4.941027,4.663,286.3,5.772,283.1,-4.475,5.621,-1.312,TR-05_2-081-E,TR-05_2-083-W
sanjose,8,83,TR-05_2-083,SJ,TR-05_2-083,2TTx64,398,6.206,6.198,2.382,55,55,0.060357,4.87645,0.04918,4.913102,6.043,279.4,4.922,281.5,-5.962,4.822,-0.985,TR-05_2-082-E,TR-05_1-022-W
sanjose,8,84,TR-05_2-084,SJ,TR-05_2-084,2TTx64,371,6.219,6.208,2.382,55,55,0.03138,4.34936,0.040967,4.436627,3.139,249.2,4.099,254.2,-2.934,3.944,1.115,TR-03_2-120-E,TR-05_2-085-W
sanjose,8,85,TR-05_2-085,SJ,TR-05_2-085,2TTx64,373,6.195,6.186,2.382,55,55,0.037532,4.370304,0.032109,4.310963,3.755,250.4,3.212,247,-3.538,2.956,1.258,TR-05_2-084-E,TR-05_2-086-W
sanjose,8,86,TR-05_2-086,SJ,TR-05_2-086,2TTx64,375,6.228,6.152,2.382,55,55,0.036254,4.310963,0.041866,4.368559,3.627,247,4.189,250.3,-3.34,3.943,1.415,TR-05_2-085-E,
sanjose,8,87,TR-05_2-087,SJ,TR-05_2-087,2TTx64,379,7.127,6.182,2.382,55,55,,,0.040558,4.066617,,,4.058,233,,3.243,2.44,,TR-05_2-088-W
sanjose,8,88,TR-05_2-088,SJ,TR-05_2-088,2TTx64,380,6.182,6.19,2.382,55,55,0.031949,3.785619,0.048482,4.157374,3.196,216.9,4.852,238.2,-1.918,4.124,2.556,TR-05_2-087-E,TR-05_2-089-W
sanjose,8,89,TR-05_2-089,SJ,TR-05_2-089,2TTx64,382,6.204,6.191,2.382,55,55,0.039639,4.061381,0.024615,3.363249,3.966,232.7,2.462,192.7,-3.156,0.54,2.402,TR-05_2-088-E,
sanjose,8,90,TR-05_2-090,SJ,TR-05_2-090,2TTx64,385,6.401,6.193,2.382,55,55,0.029541,3.935717,0.033098,4.036947,2.955,225.5,3.311,231.3,-2.108,2.584,2.071,,TR-05_2-091-W
sanjose,8,91,TR-05_2-091,SJ,TR-05_2-091,2TTx64,386,6.193,6.154,2.382,55,55,0.033308,3.989823,0.033028,3.982841,3.332,228.6,3.304,228.2,-2.5,2.462,2.203,TR-05_2-090-E,TR-05_2-092-W
sanjose,8,92,TR-05_2-092,SJ,TR-05_2-092,2TTx64,388,6.242,6.3,2.382,55,55,0.034247,3.890339,0.03085,3.76293,3.426,222.9,3.086,215.6,-2.334,1.798,2.508,TR-05_2-091-E,TR-05_2-093-W
sanjose,8,93,TR-05_2-093,SJ,TR-05_2-093,2TTx64,390,6.182,6.171,2.382,55,55,0.030331,3.804818,0.032728,3.89383,3.034,218,3.274,223.1,-1.867,2.236,2.391,TR-05_2-092-E,TR-05_2-094-W
sanjose,8,94,TR-05_2-094,SJ,TR-05_2-094,2TTx64,392,6.284,6.155,2.382,55,55,0.037682,4.098033,0.03916,4.124213,3.77,234.8,3.918,236.3,-3.08,3.26,2.174,TR-05_2-093-E,TR-05_2-095-W
sanjose,8,95,TR-05_2-095,SJ,TR-05_2-095,2TTx64,394,6.247,6.166,2.382,55,55,0.042315,4.10676,0.048292,4.190536,4.234,235.3,4.833,240.1,-3.48,4.188,2.411,TR-05_2-094-E,TR-05_2-096-W
sanjose,8,96,TR-05_2-096,SJ,TR-05_2-096,2TTx64,396,6.207,6.184,2.382,55,55,0.054157,4.127704,0.038132,3.810054,5.421,236.5,3.815,218.3,-4.52,2.366,2.993,TR-05_2-095-E,TR-05_2-097-W
sanjose,8,97,TR-05_2-097,SJ,TR-05_2-097,2TTx64,398,6.206,6.198,2.382,55,55,0.038171,3.801327,0.043463,3.946189,3.819,217.8,4.349,226.1,-2.343,3.133,3.016,TR-05_2-096-E,TR-05_1-038-W
sanjose,8,98,TR-05_2-098,SJ,TR-05_2-098,2TTx64,379,7.127,6.182,2.382,55,55,,,0.035984,5.239478,,,3.6,300.2,,3.11,-1.814,,TR-05_2-099-W
sanjose,8,99,TR-05_2-099,SJ,TR-05_2-099,2TTx64,380,6.182,6.19,2.382,55,55,0.038501,5.286602,0.036983,5.312782,3.852,302.9,3.7,304.4,-3.236,3.053,-2.09,TR-05_2-098-E,TR-05_2-100-W
sanjose,8,100,TR-05_2-100,SJ,TR-05_2-100,2TTx64,382,6.204,6.191,2.382,55,55,0.041017,5.356415,0.048073,5.24995,4.104,306.9,4.811,300.8,-3.284,4.134,-2.462,TR-05_2-099-E,TR-05_2-101-W
sanjose,8,101,TR-05_2-101,SJ,TR-05_2-101,2TTx64,384,5.994,6.401,2.382,55,55,0.028203,5.743879,0.033348,5.523967,2.821,329.1,3.336,316.5,-1.451,2.297,-2.42,TR-05_2-100-E,TR-05_2-102-W
sanjose,8,102,TR-05_2-102,SJ,TR-05_2-102,2TTx64,386,6.193,6.154,2.382,55,55,0.032179,5.548402,0.031859,5.560619,3.219,317.9,3.187,318.6,-2.157,2.108,-2.39,TR-05_2-101-E,TR-05_2-103-W
sanjose,8,103,TR-05_2-103,SJ,TR-05_2-103,2TTx64,388,6.242,6.3,2.382,55,55,0.033328,5.530948,0.036813,5.43321,3.334,316.9,3.683,311.3,-2.28,2.765,-2.433,TR-05_2-102-E,TR-05_2-104-W
sanjose,8,104,TR-05_2-104,SJ,TR-05_2-104,2TTx64,390,6.182,6.171,2.382,55,55,0.035615,5.510004,0.049928,5.248205,3.563,315.7,4.997,300.7,-2.487,4.297,-2.551,TR-05_2-103-E,TR-05_2-105-W
sanjose,8,105,TR-05_2-105,SJ,TR-05_2-105,2TTx64,392,6.284,6.155,2.382,55,55,0.048761,5.347689,0.038092,5.576327,4.88,306.4,3.811,319.5,-3.926,2.474,-2.899,TR-05_2-104-E,TR-05_2-106-W
sanjose,8,106,TR-05_2-106,SJ,TR-05_2-106,2TTx64,394,6.247,6.166,2.382,55,55,0.035575,5.701991,0.034666,5.743879,3.559,326.7,3.468,329.1,-1.952,1.781,-2.976,TR-05_2-105-E,TR-05_2-107-W
sanjose,8,107,TR-05_2-107,SJ,TR-05_2-107,2TTx64,396,6.207,6.184,2.382,55,55,0.029312,5.787512,0.036284,5.503023,2.932,331.6,3.63,315.3,-1.393,2.554,-2.58,TR-05_2-106-E,TR-05_2-108-W
sanjose,8,108,TR-05_2-108,SJ,TR-05_2-108,2TTx64,398,6.206,6.198,2.382,55,55,0.036684,5.43321,0.032459,5.555383,3.67,311.3,3.247,318.3,-2.756,2.162,-2.423,TR-05_2-107-E,TR-05_1-058-W
sanjose,8,109,TR-05_2-109,SJ,TR-05_2-109,2TTx64,379,7.127,6.182,2.382,55,55,,,0.032958,5.794493,,,3.297,332,,1.549,-2.911,,TR-05_2-110-W
sanjose,8,110,TR-05_2-110,SJ,TR-05_2-110,2TTx64,380,6.182,6.19,2.382,55,55,0.03093,5.454154,0.023686,5.794493,3.094,312.5,2.369,332,-2.28,1.112,-2.092,TR-05_2-109-E,TR-05_2-111-W
sanjose,8,111,TR-05_2-111,SJ,TR-05_2-111,2TTx64,382,6.204,6.191,2.382,55,55,0.023076,5.372123,0.032888,5.157448,2.308,307.8,3.29,295.5,-1.823,2.97,-1.415,TR-05_2-110-E,TR-05_2-112-W
sanjose,8,112,TR-05_2-112,SJ,TR-05_2-112,2TTx64,384,5.994,6.401,2.382,55,55,0.026254,5.337217,0.031599,5.22028,2.626,305.8,3.161,299.1,-2.129,2.762,-1.538,TR-05_2-111-E,TR-05_2-113-W
sanjose,8,113,TR-05_2-113,SJ,TR-05_2-113,2TTx64,386,6.193,6.154,2.382,55,55,0.029561,5.417502,0.036723,5.262168,2.957,310.4,3.674,301.5,-2.251,3.134,-1.917,TR-05_2-112-E,TR-05_2-114-W
sanjose,8,114,TR-05_2-114,SJ,TR-05_2-114,2TTx64,388,6.242,6.3,2.382,55,55,0.03944,5.321509,0.042385,5.274385,3.946,304.9,4.241,302.2,-3.236,3.59,-2.257,TR-05_2-113-E,TR-05_2-115-W
sanjose,8,115,TR-05_2-115,SJ,TR-05_2-115,2TTx64,390,6.182,6.171,2.382,55,55,0.039499,5.277876,0.042285,5.235988,3.952,302.4,4.231,300,-3.338,3.664,-2.115,TR-05_2-114-E,TR-05_2-116-W
sanjose,8,116,TR-05_2-116,SJ,TR-05_2-116,2TTx64,392,6.284,6.155,2.382,55,55,0.050916,5.014331,0.019278,5.61996,5.096,287.3,1.928,322,-4.864,1.187,-1.519,TR-05_2-115-E,TR-05_2-117-W
sanjose,8,117,TR-05_2-117,SJ,TR-05_2-117,2TTx64,394,6.247,6.166,2.382,55,55,0.016928,5.691519,0.023756,5.345943,1.693,326.1,2.376,306.3,-0.944,1.915,-1.406,TR-05_2-116-E,TR-05_2-118-W
sanjose,8,118,TR-05_2-118,SJ,TR-05_2-118,2TTx64,396,6.207,6.184,2.382,55,55,0.029282,5.450663,0.041866,5.202827,2.929,312.3,4.189,298.1,-2.166,3.696,-1.972,TR-05_2-117-E,TR-05_2-119-W
sanjose,8,119,TR-05_2-119,SJ,TR-05_2-119,2TTx64,398,6.206,6.198,2.382,55,55,0.044501,5.281366,0.030311,5.626942,4.453,302.6,3.032,322.4,-3.75,1.85,-2.402,TR-05_2-118-E,TR-05_1-082-W
sanjose,10,1,TR-06_1-001,SJ,TR-06_1-001,2TTx64,282,6.128,6.197,2.382,55,55,,,0.00536,0.734784,,,0.536,42.1,,-0.359,-0.398,,TR-06_1-002-W
sanjose,10,2,TR-06_1-002,SJ,TR-06_1-002,2TTx64,283,6.197,6.21,2.382,55,55,0.015119,5.529203,0.014649,0.719076,1.512,316.8,1.465,41.2,-1.035,-0.965,-1.103,TR-06_1-001-E,TR-06_1-003-W
sanjose,10,3,TR-06_1-003,SJ,TR-06_1-003,2TTx64,285,6.204,6.19,2.382,55,55,0.016968,0.139626,0.030481,5.295329,1.697,8,3.049,303.4,0.236,2.544,-1.68,TR-06_1-002-E,TR-06_1-004-W
sanjose,10,4,TR-06_1-004,SJ,TR-06_1-004,2TTx64,287,6.21,2.384,2.382,55,55,0.031,5.344198,0.047913,5.105088,3.101,306.2,4.795,292.5,-2.501,4.43,-1.834,TR-06_1-003-E,TR-06_1-005-W
sanjose,10,5,TR-06_1-005,SJ,TR-06_1-005,2TTx64,291,3.75,2.391,2.382,55,55,0.038761,5.11556,,4.71588,3.878,293.1,363.084,270.2,-3.566,363.081,-1.524,TR-06_1-004-E,TR-06_1-006-W
sanjose,10,7,TR-06_1-007,SJ,TR-06_1-007,2TTx64,298,4.344,6.219,2.382,55,55,,1.570796,0.030201,4.703662,295.02,90,3.021,269.5,295.02,3.021,0.026,,TR-06_1-008-W
sanjose,10,8,TR-06_1-008,SJ,TR-06_1-008,2TTx64,300,6.212,5.86,2.382,55,55,0.032928,4.45408,0.018068,4.227187,3.294,255.2,1.807,242.2,-3.185,1.599,0.842,TR-06_1-007-E,TR-06_1-009-W
sanjose,10,9,TR-06_1-009,SJ,TR-06_1-009,2TTx64,303,4.694,5.53,2.382,55,55,0.028232,4.279547,0.017668,2.30558,2.824,245.2,1.767,132.1,-2.564,-1.312,1.184,TR-06_1-008-E,TR-06_1-010-W
sanjose,10,10,TR-06_1-010,SJ,TR-06_1-010,2TTx64,306,4.477,5.671,2.382,55,55,0.035355,4.370304,0.025774,2.047271,3.537,250.4,2.578,117.3,-3.333,-2.29,1.184,TR-06_1-009-E,TR-06_1-011-W
sanjose,10,11,TR-06_1-011,SJ,TR-06_1-011,2TTx64,309,4.367,5.792,2.382,55,55,0.017278,2.375393,0.016818,2.405064,1.728,136.1,1.682,137.8,1.197,-1.131,1.246,TR-06_1-010-E,TR-06_1-012-W
sanjose,10,12,TR-06_1-012,SJ,TR-06_1-012,2TTx64,312,4.401,5.788,2.382,55,55,0.0108,2.75413,0.015729,2.258456,1.08,157.8,1.573,129.4,0.409,-1.215,1,TR-06_1-011-E,TR-06_1-013-W
sanjose,10,13,TR-06_1-013,SJ,TR-06_1-013,2TTx64,315,4.615,6.12,2.382,55,55,0.00267,2.375393,0.00448,4.269075,0.267,136.1,0.448,244.6,0.185,0.405,0.192,TR-06_1-012-E,TR-03_2-001-W
sanjose,10,14,TR-06_1-014,SJ,TR-06_1-014,2TTx64,282,6.128,6.197,2.382,55,55,,,0.032848,5.321509,,,3.286,304.9,,2.696,-1.879,,TR-06_1-015-W
sanjose,10,15,TR-06_1-015,SJ,TR-06_1-015,2TTx64,283,6.197,6.21,2.382,55,55,0.064401,5.075417,0.023756,0.274017,6.449,290.8,2.376,15.7,-6.03,-0.644,-2.287,TR-06_1-014-E,TR-06_1-016-W
sanjose,10,16,TR-06_1-016,SJ,TR-06_1-016,2TTx64,285,6.204,6.19,2.382,55,55,0.021227,6.2029,0.059769,5.073672,2.123,355.4,5.984,290.7,-0.171,5.597,-2.116,TR-06_1-015-E,TR-06_1-017-W
sanjose,10,17,TR-06_1-017,SJ,TR-06_1-017,2TTx64,287,6.21,2.384,2.382,55,55,0.04943,5.119051,0.048462,5.127777,4.947,293.3,4.85,293.8,-4.544,4.438,-1.955,TR-06_1-016-E,TR-06_1-018-W
sanjose,10,18,TR-06_1-018,SJ,TR-06_1-018,2TTx64,291,3.75,2.391,2.382,55,55,0.049101,5.169665,0.021727,0.068068,4.914,296.2,2.173,3.9,-4.41,-0.147,-2.168,TR-06_1-017-E,
sanjose,10,19,TR-06_1-019,SJ,TR-06_1-019,2TTx64,295,4.238,5.779,2.382,55,55,0.017338,0.10472,0.017648,0.216421,1.734,6,1.765,12.4,0.182,-0.38,-1.724,,TR-06_1-020-W
sanjose,10,20,TR-06_1-020,SJ,TR-06_1-020,2TTx64,298,4.344,6.219,2.382,55,55,0.018828,0.300197,0.020237,5.80671,1.883,17.2,2.024,332.7,0.557,0.927,-1.799,TR-06_1-019-E,TR-06_1-021-W
sanjose,10,21,TR-06_1-021,SJ,TR-06_1-021,2TTx64,300,6.212,5.86,2.382,55,55,0.016938,5.93761,0.03084,1.027999,1.694,340.2,3.085,58.9,-0.575,-2.642,-1.593,TR-06_1-020-E,TR-06_1-022-W
sanjose,10,22,TR-06_1-022,SJ,TR-06_1-022,2TTx64,303,4.694,5.53,2.382,55,55,0.022166,1.021018,0.03073,5.099852,2.217,58.5,3.074,292.2,1.89,2.847,-1.159,TR-06_1-021-E,TR-06_1-023-W
sanjose,10,23,TR-06_1-023,SJ,TR-06_1-023,2TTx64,306,4.477,5.671,2.382,55,55,0.015959,5.414011,0.020617,1.047198,1.596,310.2,2.062,60,-1.219,-1.786,-1.031,TR-06_1-022-E,TR-06_1-024-W
sanjose,10,24,TR-06_1-024,SJ,TR-06_1-024,2TTx64,309,4.367,5.792,2.382,55,55,0.017848,0.666716,0.016079,5.771804,1.785,38.2,1.608,330.7,1.104,0.787,-1.403,TR-06_1-023-E,TR-06_1-025-W
sanjose,10,25,TR-06_1-025,SJ,TR-06_1-025,2TTx64,312,4.401,5.788,2.382,55,55,0.020967,5.958554,0.041267,5.215044,2.097,341.4,4.129,298.8,-0.669,3.619,-1.988,TR-06_1-024-E,TR-06_1-026-W
sanjose,10,26,TR-06_1-026,SJ,TR-06_1-026,2TTx64,315,4.615,6.12,2.382,55,55,0.041167,5.35467,0.027543,5.824164,4.119,306.8,2.755,333.7,-3.297,1.221,-2.47,TR-06_1-025-E,TR-03_2-002-W
sanjose,10,27,TR-06_1-027,SJ,TR-06_1-027,2TTx64,271,6.259,6.131,2.382,55,55,0.016738,3.824016,0.021197,4.052655,1.674,219.1,2.12,232.2,-1.055,1.674,1.3,TR-06_2-019-E,
sanjose,10,28,TR-06_1-028,SJ,TR-06_1-028,2TTx64,274,6.115,6.321,2.382,55,55,0.022566,3.832743,0.027273,4.021239,2.257,219.6,2.728,230.4,-1.44,2.103,1.738,,
sanjose,10,29,TR-06_1-029,SJ,TR-06_1-029,2TTx64,276,6.054,6.296,2.382,55,55,0.025524,4.11025,0.018618,3.822271,2.553,235.5,1.862,219,-2.103,1.171,1.447,,TR-06_1-030-W
sanjose,10,30,TR-06_1-030,SJ,TR-06_1-030,2TTx64,277,6.296,6.119,2.382,55,55,0.017398,3.879867,0.027783,4.230678,1.74,222.3,2.779,242.4,-1.171,2.463,1.287,TR-06_1-029-E,TR-06_1-031-W
sanjose,10,31,TR-06_1-031,SJ,TR-06_1-031,2TTx64,279,6.277,6.123,2.382,55,55,0.026734,4.239405,0.025395,4.211479,2.674,242.9,2.54,241.3,-2.38,2.228,1.22,TR-06_1-030-E,TR-06_1-032-W
sanjose,10,32,TR-06_1-032,SJ,TR-06_1-032,2TTx64,281,6.275,6.128,2.382,55,55,0.079363,4.628613,0.04486,4.562291,7.953,265.2,4.489,261.4,-7.925,4.439,0.667,TR-06_1-031-E,TR-06_1-033-W
sanjose,10,33,TR-06_1-033,SJ,TR-06_1-033,2TTx64,283,6.197,6.21,2.382,55,55,0.058513,4.602433,0.015169,4.276057,5.858,263.7,1.517,245,-5.823,1.374,0.642,TR-06_1-032-E,
sanjose,10,34,TR-06_1-034,SJ,TR-06_1-034,2TTx64,285,6.204,6.19,2.382,55,55,0.013939,4.543092,0.027173,4.625123,1.394,260.3,2.718,265,-1.374,2.708,0.236,,TR-06_1-035-W
sanjose,10,35,TR-06_1-035,SJ,TR-06_1-035,2TTx64,287,6.21,2.384,2.382,55,55,0.035076,4.714134,0.043313,4.714134,3.509,270.1,4.334,270.1,-3.509,4.334,-0.004,TR-06_1-034-E,TR-06_1-036-W
sanjose,10,36,TR-06_1-036,SJ,TR-06_1-036,2TTx64,291,3.75,2.391,2.382,55,55,0.052552,4.691445,0.015019,4.639085,5.26,268.8,1.502,265.8,-5.259,1.498,0.111,TR-06_1-035-E,TR-06_1-037-W
sanjose,10,37,TR-06_1-037,SJ,TR-06_1-037,2TTx64,295,4.238,5.779,2.382,55,55,0.017508,5.064945,0.00772,5.609488,1.751,290.2,0.772,321.4,-1.644,0.481,-0.603,TR-06_1-036-E,TR-06_1-038-W
sanjose,10,38,TR-06_1-038,SJ,TR-06_1-038,2TTx64,298,4.344,6.219,2.382,55,55,0.00581,5.960299,0.00677,5.663593,0.581,341.5,0.677,324.5,-0.184,0.393,-0.551,TR-06_1-037-E,TR-06_1-039-W
sanjose,10,39,TR-06_1-039,SJ,TR-06_1-039,2TTx64,300,6.212,5.86,2.382,55,55,0.00843,0.087266,,4.71588,0.843,5,235.407,270.2,0.073,235.406,-0.84,TR-06_1-038-E,TR-06_1-040-W
sanjose,10,40,TR-06_1-040,SJ,TR-06_1-040,2TTx64,304,5.53,2.241,2.382,55,55,,4.717625,,1.569051,253.038,270.3,590.575,89.9,-253.034,-590.573,-1.346,TR-06_1-039-E,TR-06_1-041-W
sanjose,10,41,TR-06_1-041,SJ,TR-06_1-041,2TTx64,306,4.477,5.671,2.382,55,55,0.028962,5.382595,0.021537,5.701991,2.897,308.4,2.154,326.7,-2.271,1.184,-1.799,TR-06_1-040-E,TR-06_1-042-W
sanjose,10,42,TR-06_1-042,SJ,TR-06_1-042,2TTx64,309,4.367,5.792,2.382,55,55,0.026164,5.546656,0.019418,0.066323,2.617,317.8,1.942,3.8,-1.758,-0.129,-1.938,TR-06_1-041-E,TR-06_1-043-W
sanjose,10,43,TR-06_1-043,SJ,TR-06_1-043,2TTx64,312,4.401,5.788,2.382,55,55,0.015839,5.749115,0.033088,5.136504,1.584,329.4,3.31,294.3,-0.807,3.016,-1.363,TR-06_1-042-E,TR-06_1-044-W
sanjose,10,44,TR-06_1-044,SJ,TR-06_1-044,2TTx64,315,4.615,6.12,2.382,55,55,0.029062,4.986406,0.00792,6.164503,2.907,285.7,0.792,353.2,-2.799,0.094,-0.787,TR-06_1-043-E,TR-03_2-009-W
sanjose,10,45,TR-06_1-045,SJ,TR-06_1-045,2TTx64,271,6.259,6.131,2.382,55,55,0.013699,4.530875,0.012289,4.509931,1.37,259.6,1.229,258.4,-1.348,1.204,0.247,TR-06_2-038-E,TR-06_1-046-W
sanjose,10,46,TR-06_1-046,SJ,TR-06_1-046,2TTx64,273,6.272,6.115,2.382,55,55,0.015599,1.930334,0.014049,4.310963,1.56,110.6,1.405,247,1.46,1.293,0.549,TR-06_1-045-E,TR-06_1-047-W
sanjose,10,47,TR-06_1-047,SJ,TR-06_1-047,2TTx64,275,6.321,6.054,2.382,55,55,0.029312,4.216715,0.013949,3.174754,2.932,241.6,1.395,181.9,-2.579,0.046,1.394,TR-06_1-046-E,TR-06_1-048-W
sanjose,10,48,TR-06_1-048,SJ,TR-06_1-048,2TTx64,277,6.296,6.119,2.382,55,55,0.017308,3.743731,0.042145,4.366814,1.731,214.5,4.217,250.2,-0.98,3.968,1.427,TR-06_1-047-E,TR-06_1-049-W
sanjose,10,49,TR-06_1-049,SJ,TR-06_1-049,2TTx64,279,6.277,6.123,2.382,55,55,0.040907,4.576253,0.025155,4.490732,4.093,262.2,2.516,257.3,-4.056,2.455,0.553,TR-06_1-048-E,TR-06_1-050-W
sanjose,10,50,TR-06_1-050,SJ,TR-06_1-050,2TTx64,281,6.275,6.128,2.382,55,55,0.07491,4.600688,0.062469,4.577999,7.505,263.6,6.255,262.3,-7.458,6.198,0.839,TR-06_1-049-E,TR-06_1-051-W
sanjose,10,51,TR-06_1-051,SJ,TR-06_1-051,2TTx64,283,6.197,6.21,2.382,55,55,0.044491,4.565781,0.082582,4.633849,4.452,261.6,8.277,265.5,-4.404,8.251,0.65,TR-06_1-050-E,TR-06_1-052-W
sanjose,10,52,TR-06_1-052,SJ,TR-06_1-052,2TTx64,285,6.204,6.19,2.382,55,55,0.061692,4.717625,0.039829,4.71937,6.177,270.3,3.985,270.4,-6.177,3.985,-0.029,TR-06_1-051-E,TR-06_1-053-W
sanjose,10,53,TR-06_1-053,SJ,TR-06_1-053,2TTx64,287,6.21,2.384,2.382,55,55,0.035675,4.71937,,,3.569,270.4,,,-3.569,,-0.025,TR-06_1-052-E,
sanjose,10,55,TR-06_1-055,SJ,TR-06_1-055,2TTx64,296,5.779,2.148,2.382,55,55,,,0.01132,3.764675,,,1.132,215.7,,0.66,0.92,,TR-06_1-056-W
sanjose,10,56,TR-06_1-056,SJ,TR-06_1-056,2TTx64,298,4.344,6.219,2.382,55,55,0.01076,3.801327,0.012979,3.998549,1.076,217.8,1.298,229.1,-0.66,0.981,0.85,TR-06_1-055-E,TR-06_1-057-W
sanjose,10,57,TR-06_1-057,SJ,TR-06_1-057,2TTx64,300,6.212,5.86,2.382,55,55,0.013589,4.038692,0.011469,3.881612,1.359,231.4,1.147,222.4,-1.062,0.773,0.848,TR-06_1-056-E,TR-06_1-058-W
sanjose,10,58,TR-06_1-058,SJ,TR-06_1-058,2TTx64,303,4.694,5.53,2.382,55,55,0.013859,4.138176,0.053908,4.572763,1.386,237.1,5.396,262,-1.164,5.343,0.753,TR-06_1-057-E,TR-06_1-059-W
sanjose,10,59,TR-06_1-059,SJ,TR-06_1-059,2TTx64,306,4.477,5.671,2.382,55,55,0.00959,2.094395,0.032299,4.564036,0.959,120,3.231,261.5,0.831,3.195,0.48,TR-06_1-058-E,
sanjose,10,60,TR-06_1-060,SJ,TR-06_1-060,2TTx64,310,5.792,2.191,2.382,55,55,,,0.00657,4.951499,,,0.657,283.7,,0.638,-0.156,,TR-06_1-061-W
sanjose,10,61,TR-06_1-061,SJ,TR-06_1-061,2TTx64,312,4.401,5.788,2.382,55,55,0.028023,4.675737,0.00875,1.685988,2.803,267.9,0.875,96.6,-2.801,-0.869,0.101,TR-06_1-060-E,TR-06_1-062-W
sanjose,10,62,TR-06_1-062,SJ,TR-06_1-062,2TTx64,315,4.615,6.12,2.382,55,55,0.00459,3.890339,0.029721,4.598943,0.459,222.9,2.973,263.5,-0.312,2.954,0.336,TR-06_1-061-E,TR-03_2-029-W
sanjose,10,63,TR-06_1-063,SJ,TR-06_1-063,2TTx64,273,6.272,6.115,2.382,55,55,0.025974,5.319764,0.021896,5.455899,2.598,304.8,2.19,312.6,-2.133,1.611,-1.484,TR-06_2-058-E,
sanjose,10,64,TR-06_1-064,SJ,TR-06_1-064,2TTx64,276,6.054,6.296,2.382,55,55,0.030011,5.684537,0.03119,5.630432,3.002,325.7,3.12,322.6,-1.693,1.894,-2.479,,TR-06_1-065-W
sanjose,10,65,TR-06_1-065,SJ,TR-06_1-065,2TTx64,277,6.296,6.119,2.382,55,55,0.034546,5.703736,0.03149,0.408407,3.456,326.8,3.15,23.4,-1.894,-1.253,-2.89,TR-06_1-064-E,TR-06_1-066-W
sanjose,10,66,TR-06_1-066,SJ,TR-06_1-066,2TTx64,279,6.277,6.123,2.382,55,55,0.035964,0.47473,,,3.598,27.2,,,1.646,,-3.199,TR-06_1-065-E,
sanjose,10,67,TR-06_1-067,SJ,TR-06_1-067,2TTx64,281,6.275,6.128,2.382,55,55,,,0.039549,5.415757,,,3.957,310.3,,3.018,-2.56,,TR-06_1-068-W
sanjose,10,68,TR-06_1-068,SJ,TR-06_1-068,2TTx64,283,6.197,6.21,2.382,55,55,0.046546,4.864233,0.021207,1.232202,4.658,278.7,2.121,70.6,-4.605,-2.001,-0.703,TR-06_1-067-E,TR-06_1-069-W
sanjose,10,69,TR-06_1-069,SJ,TR-06_1-069,2TTx64,285,6.204,6.19,2.382,55,55,0.024875,1.822124,0.00926,2.300344,2.488,104.4,0.926,131.8,2.41,-0.69,0.618,TR-06_1-068-E,TR-06_1-070-W
sanjose,10,70,TR-06_1-070,SJ,TR-06_1-070,2TTx64,287,6.21,2.384,2.382,55,55,0.00242,3.443535,0.00862,1.843068,0.242,197.3,0.862,105.6,-0.072,-0.83,0.231,TR-06_1-069-E,TR-06_1-071-W
sanjose,10,71,TR-06_1-071,SJ,TR-06_1-071,2TTx64,291,3.75,2.391,2.382,55,55,0.022136,4.972443,0.03888,4.858997,2.214,284.9,3.89,278.4,-2.14,3.848,-0.569,TR-06_1-070-E,TR-06_1-072-W
sanjose,10,72,TR-06_1-072,SJ,TR-06_1-072,2TTx64,295,4.238,5.779,2.382,55,55,0.042494,4.691445,0.03082,4.682718,4.252,268.8,3.083,268.3,-4.251,3.082,0.092,TR-06_1-071-E,TR-06_1-073-W
sanjose,10,73,TR-06_1-073,SJ,TR-06_1-073,2TTx64,298,4.344,6.219,2.382,55,55,0.029481,4.431391,0.014469,2.172935,2.949,253.9,1.447,124.5,-2.833,-1.193,0.819,TR-06_1-072-E,
sanjose,10,76,TR-06_1-076,SJ,TR-06_1-076,2TTx64,307,5.671,2.228,2.382,55,55,,,0.028422,4.913102,,,2.843,281.5,,2.786,-0.564,,TR-06_1-077-W
sanjose,10,77,TR-06_1-077,SJ,TR-06_1-077,2TTx64,309,4.367,5.792,2.382,55,55,0.029372,5.035275,0.089312,4.817109,2.938,288.5,8.955,276,-2.786,8.906,-0.932,TR-06_1-076-E,TR-06_1-078-W
sanjose,10,78,TR-06_1-078,SJ,TR-06_1-078,2TTx64,312,4.401,5.788,2.382,55,55,0.085362,4.714134,0.00936,1.558579,8.557,270.1,0.936,89.3,-8.557,-0.936,-0.012,TR-06_1-077-E,TR-06_1-079-W
sanjose,10,79,TR-06_1-079,SJ,TR-06_1-079,2TTx64,315,4.615,6.12,2.382,55,55,0.013919,3.408628,0.016249,3.740241,1.392,195.3,1.625,214.3,-0.368,0.916,1.342,TR-06_1-078-E,TR-03_2-049-W
sanjose,10,80,TR-06_1-080,SJ,TR-06_1-080,2TTx64,273,6.272,6.115,2.382,55,55,0.06688,4.452335,0.042954,4.298746,6.698,255.1,4.298,246.3,-6.472,3.937,1.725,TR-06_2-078-E,TR-06_1-081-W
sanjose,10,81,TR-06_1-081,SJ,TR-06_1-081,2TTx64,275,6.321,6.054,2.382,55,55,0.032608,4.146902,0.043013,4.29351,3.262,237.6,4.304,246,-2.753,3.932,1.75,TR-06_1-080-E,TR-06_1-082-W
sanjose,10,82,TR-06_1-082,SJ,TR-06_1-082,2TTx64,277,6.296,6.119,2.382,55,55,0.044511,4.26733,0.022886,3.721042,4.454,244.5,2.289,213.2,-4.021,1.254,1.915,TR-06_1-081-E,TR-06_1-083-W
sanjose,10,83,TR-06_1-083,SJ,TR-06_1-083,2TTx64,279,6.277,6.123,2.382,55,55,0.016199,3.307399,0.063534,4.459316,1.62,189.5,6.362,255.5,-0.266,6.158,1.598,TR-06_1-082-E,TR-06_1-084-W
sanjose,10,84,TR-06_1-084,SJ,TR-06_1-084,2TTx64,281,6.275,6.128,2.382,55,55,0.012839,3.687881,0.014829,3.879867,1.284,211.3,1.483,222.3,-0.667,0.997,1.097,TR-06_1-083-E,TR-06_1-085-W
sanjose,10,85,TR-06_1-085,SJ,TR-06_1-085,2TTx64,283,6.197,6.21,2.382,55,55,0.013409,4.782202,0.00566,4.87645,1.341,274,0.566,279.4,-1.338,0.558,-0.093,TR-06_1-084-E,TR-06_1-086-W
sanjose,10,86,TR-06_1-086,SJ,TR-06_1-086,2TTx64,285,6.204,6.19,2.382,55,55,0.00955,5.977753,0.00931,6.077236,0.955,342.5,0.931,348.2,-0.287,0.191,-0.911,TR-06_1-085-E,TR-06_1-087-W
sanjose,10,87,TR-06_1-087,SJ,TR-06_1-087,2TTx64,287,6.21,2.384,2.382,55,55,0.014369,5.995206,0.049849,4.991642,1.437,343.5,4.989,286,-0.407,4.795,-1.378,TR-06_1-086-E,TR-06_1-088-W
sanjose,10,88,TR-06_1-088,SJ,TR-06_1-088,2TTx64,291,3.75,2.391,2.382,55,55,0.026344,5.448918,0.025834,5.466371,2.635,312.2,2.584,313.2,-1.952,1.882,-1.77,TR-06_1-087-E,TR-06_1-089-W
sanjose,10,89,TR-06_1-089,SJ,TR-06_1-089,2TTx64,295,4.238,5.779,2.382,55,55,0.020697,5.661848,0.035245,5.209808,2.07,324.4,3.526,298.5,-1.206,3.099,-1.682,TR-06_1-088-E,TR-06_1-090-W
sanjose,10,90,TR-06_1-090,SJ,TR-06_1-090,2TTx64,298,4.344,6.219,2.382,55,55,0.036684,5.335472,0.064012,1.230457,3.67,305.7,6.41,70.5,-2.982,-6.042,-2.14,TR-06_1-089-E,
sanjose,10,91,TR-06_1-091,SJ,TR-06_1-091,2TTx64,301,5.86,2.183,2.382,55,55,0.048262,5.408775,0.057586,5.279621,4.83,309.9,5.765,302.5,-3.708,4.863,-3.095,,TR-06_1-092-W
sanjose,10,92,TR-06_1-092,SJ,TR-06_1-092,2TTx64,303,4.694,5.53,2.382,55,55,0.049789,5.241224,0.050198,5.235988,4.983,300.3,5.024,300,-4.304,4.352,-2.51,TR-06_1-091-E,TR-06_1-093-W
sanjose,10,93,TR-06_1-093,SJ,TR-06_1-093,2TTx64,306,4.477,5.671,2.382,55,55,0.036654,5.325,0.041876,5.241224,3.667,305.1,4.19,300.3,-2.999,3.619,-2.111,TR-06_1-092-E,TR-06_1-094-W
sanjose,10,94,TR-06_1-094,SJ,TR-06_1-094,2TTx64,309,4.367,5.792,2.382,55,55,0.03884,5.113815,0.068423,4.935791,3.886,293,6.853,282.8,-3.576,6.682,-1.52,TR-06_1-093-E,TR-06_1-095-W
sanjose,10,95,TR-06_1-095,SJ,TR-06_1-095,2TTx64,312,4.401,5.788,2.382,55,55,0.051634,5.120796,0.027073,5.572836,5.168,293.4,2.708,319.3,-4.743,1.765,-2.053,TR-06_1-094-E,TR-06_1-096-W
sanjose,10,96,TR-06_1-096,SJ,TR-06_1-096,2TTx64,315,4.615,6.12,2.382,55,55,0.03057,5.824164,0.047205,0.951204,3.058,333.7,4.724,54.5,-1.357,-3.848,-2.74,TR-06_1-095-E,TR-03_2-069-W
sanjose,10,97,TR-06_1-097,SJ,TR-06_1-097,2TTx64,273,6.272,6.115,2.382,55,55,0.037552,4.717625,0.035215,4.717625,3.757,270.3,3.523,270.3,-3.757,3.523,-0.019,TR-06_2-098-E,TR-06_1-098-W
sanjose,10,98,TR-06_1-098,SJ,TR-06_1-098,2TTx64,275,6.321,6.054,2.382,55,55,0.029352,4.647812,0.036813,4.661774,2.936,266.3,3.683,267.1,-2.93,3.678,0.189,TR-06_1-097-E,TR-06_1-099-W
sanjose,10,99,TR-06_1-099,SJ,TR-06_1-099,2TTx64,277,6.296,6.119,2.382,55,55,0.038411,4.626868,0.00388,2.583087,3.843,265.1,0.388,148,-3.829,-0.206,0.329,TR-06_1-098-E,TR-06_1-100-W
sanjose,10,100,TR-06_1-100,SJ,TR-06_1-100,2TTx64,279,6.277,6.123,2.382,55,55,0.00529,4.670501,0.061154,4.708898,0.529,267.6,6.123,269.8,-0.529,6.123,0.022,TR-06_1-099-E,TR-06_1-101-W
sanjose,10,101,TR-06_1-101,SJ,TR-06_1-101,2TTx64,281,6.275,6.128,2.382,55,55,0.031989,4.660029,0.033178,4.661774,3.2,267,3.319,267.1,-3.196,3.315,0.167,TR-06_1-100-E,TR-06_1-102-W
sanjose,10,102,TR-06_1-102,SJ,TR-06_1-102,2TTx64,283,6.197,6.21,2.382,55,55,0.041756,4.567527,0.014839,4.29351,4.178,261.7,1.484,246,-4.134,1.356,0.603,TR-06_1-101-E,TR-06_1-103-W
sanjose,10,103,TR-06_1-103,SJ,TR-06_1-103,2TTx64,285,6.204,6.19,2.382,55,55,0.015919,4.056145,0.014909,4.00204,1.592,232.4,1.491,229.3,-1.261,1.13,0.972,TR-06_1-102-E,TR-06_1-104-W
sanjose,10,104,TR-06_1-104,SJ,TR-06_1-104,2TTx64,287,6.21,2.384,2.382,55,55,0.017748,3.925245,0.053489,4.475024,1.775,224.9,5.354,256.4,-1.253,5.204,1.258,TR-06_1-103-E,TR-06_1-105-W
sanjose,10,105,TR-06_1-105,SJ,TR-06_1-105,2TTx64,291,3.75,2.391,2.382,55,55,0.025864,4.155629,0.029192,4.225442,2.587,238.1,2.92,242.1,-2.197,2.581,1.365,TR-06_1-104-E,TR-06_1-106-W
sanjose,10,106,TR-06_1-106,SJ,TR-06_1-106,2TTx64,295,4.238,5.779,2.382,55,55,0.028392,4.272566,0.013079,3.529056,2.84,244.8,1.308,202.2,-2.569,0.494,1.212,TR-06_1-105-E,TR-06_1-107-W
sanjose,10,107,TR-06_1-107,SJ,TR-06_1-107,2TTx64,298,4.344,6.219,2.382,55,55,0.014619,3.448771,0.025335,4.129449,1.462,197.6,2.534,236.6,-0.443,2.117,1.393,TR-06_1-106-E,TR-06_1-108-W
sanjose,10,108,TR-06_1-108,SJ,TR-06_1-108,2TTx64,300,6.212,5.86,2.382,55,55,0.024875,3.984587,0.035006,4.220206,2.488,228.3,3.502,241.8,-1.856,3.085,1.656,TR-06_1-107-E,TR-06_1-109-W
sanjose,10,109,TR-06_1-109,SJ,TR-06_1-109,2TTx64,303,4.694,5.53,2.382,55,55,0.032958,4.08407,0.047504,4.29351,3.297,234,4.754,246,-2.668,4.342,1.936,TR-06_1-108-E,TR-06_1-110-W
sanjose,10,110,TR-06_1-110,SJ,TR-06_1-110,2TTx64,306,4.477,5.671,2.382,55,55,0.020027,2.883284,0.040238,4.211479,2.003,165.2,4.026,241.3,0.513,3.53,1.936,TR-06_1-109-E,TR-06_1-111-W
sanjose,10,111,TR-06_1-111,SJ,TR-06_1-111,2TTx64,309,4.367,5.792,2.382,55,55,0.046027,4.331907,0.057855,4.413938,4.606,248.2,5.792,252.9,-4.278,5.535,1.708,TR-06_1-110-E,TR-06_1-112-W
sanjose,10,112,TR-06_1-112,SJ,TR-06_1-112,2TTx64,312,4.401,5.788,2.382,55,55,0.05307,4.368559,0.067726,4.445354,5.312,250.3,6.783,254.7,-5.002,6.543,1.787,TR-06_1-111-E,TR-06_1-113-W
sanjose,10,113,TR-06_1-113,SJ,TR-06_1-113,2TTx64,315,4.615,6.12,2.382,55,55,0.054785,4.337143,0.058952,1.918117,5.484,248.5,5.902,109.9,-5.104,-5.55,2.006,TR-06_1-112-E,TR-03_2-089-W
sanjose,10,114,TR-06_1-114,SJ,TR-06_1-114,2TTx64,273,6.272,6.115,2.382,55,55,0.047305,5.190609,0.038661,5.311037,4.734,297.4,3.868,304.3,-4.202,3.195,-2.18,TR-06_2-118-E,TR-06_1-115-W
sanjose,10,115,TR-06_1-115,SJ,TR-06_1-115,2TTx64,275,6.321,6.054,2.382,55,55,0.029292,5.546656,0.056948,5.103343,2.93,317.8,5.701,292.4,-1.967,5.271,-2.171,TR-06_1-114-E,TR-06_1-116-W
sanjose,10,116,TR-06_1-116,SJ,TR-06_1-116,2TTx64,277,6.296,6.119,2.382,55,55,0.045349,5.152212,0.019458,6.17323,4.538,295.2,1.946,353.7,-4.105,0.215,-1.934,TR-06_1-115-E,TR-06_1-117-W
sanjose,10,117,TR-06_1-117,SJ,TR-06_1-117,2TTx64,279,6.277,6.123,2.382,55,55,0.014709,5.667084,0.021147,5.316273,1.471,324.7,2.115,304.6,-0.85,1.741,-1.201,TR-06_1-116-E,TR-06_1-118-W
sanjose,10,118,TR-06_1-118,SJ,TR-06_1-118,2TTx64,281,6.275,6.128,2.382,55,55,0.034716,4.988151,0.029262,5.040511,3.473,285.8,2.927,288.8,-3.342,2.77,-0.944,TR-06_1-117-E,TR-06_1-119-W
sanjose,10,119,TR-06_1-119,SJ,TR-06_1-119,2TTx64,283,6.197,6.21,2.382,55,55,0.025844,5.262168,0.035755,5.099852,2.585,301.5,3.577,292.2,-2.203,3.312,-1.352,TR-06_1-118-E,
sanjose,11,1,TR-06_2-001,SJ,TR-06_2-001,2TTx64,234,1.728,4.529,2.382,55,55,,,0.065904,5.126032,,,6.6,293.7,,6.044,-2.651,,TR-06_2-002-W
sanjose,11,2,TR-06_2-002,SJ,TR-06_2-002,2TTx64,236,1.704,5.929,2.382,55,55,0.065237,5.101597,0.036753,5.452409,6.533,292.3,3.677,312.4,-6.044,2.714,-2.48,TR-06_2-001-E,TR-06_2-003-W
sanjose,11,3,TR-06_2-003,SJ,TR-06_2-003,2TTx64,238,6.345,6.111,2.382,55,55,0.03141,5.583308,0.041576,5.32849,3.142,319.9,4.16,305.3,-2.025,3.396,-2.402,TR-06_2-002-E,TR-06_2-004-W
sanjose,11,4,TR-06_2-004,SJ,TR-06_2-004,2TTx64,240,6.206,6.12,2.382,55,55,0.042754,5.242969,0.057118,5.099852,4.278,300.4,5.718,292.2,-3.69,5.293,-2.164,TR-06_2-003-E,TR-06_2-005-W
sanjose,11,5,TR-06_2-005,SJ,TR-06_2-005,2TTx64,242,6.28,6.143,2.382,55,55,0.056968,5.038766,0.051285,5.077163,5.703,288.7,5.133,290.9,-5.401,4.795,-1.831,TR-06_2-004-E,TR-06_2-006-W
sanjose,11,6,TR-06_2-006,SJ,TR-06_2-006,2TTx64,245,1.829,5.909,2.382,55,55,0.051086,4.960226,0.03063,5.134759,5.113,284.2,3.064,294.2,-4.957,2.795,-1.255,TR-06_2-005-E,TR-06_2-007-W
sanjose,11,7,TR-06_2-007,SJ,TR-06_2-007,2TTx64,247,6.259,6.169,2.382,55,55,0.021247,4.977679,0.026264,4.925319,2.125,285.2,2.627,282.2,-2.051,2.567,-0.556,TR-06_2-006-E,TR-06_2-008-W
sanjose,11,8,TR-06_2-008,SJ,TR-06_2-008,2TTx64,249,6.238,6.168,2.382,55,55,0.023486,4.92881,0.026314,4.904375,2.349,282.4,2.632,281,-2.295,2.584,-0.502,TR-06_2-007-E,TR-06_2-009-W
sanjose,11,9,TR-06_2-009,SJ,TR-06_2-009,2TTx64,251,6.244,6.152,2.382,55,55,0.028792,4.820599,0.012869,4.956735,2.88,276.2,1.287,284,-2.863,1.249,-0.312,TR-06_2-008-E,TR-06_2-010-W
sanjose,11,10,TR-06_2-010,SJ,TR-06_2-010,2TTx64,253,6.244,,2.382,55,55,0.014699,4.961971,,,1.47,284.3,,,-1.424,,-0.364,TR-06_2-009-E,
sanjose,11,11,TR-06_2-011,SJ,TR-06_2-011,2TTx64,254,,6.282,2.382,55,55,,,0.00941,3.930481,,,0.941,225.2,,0.668,0.663,,TR-06_2-012-W
sanjose,11,12,TR-06_2-012,SJ,TR-06_2-012,2TTx64,255,6.282,6.126,2.382,55,55,0.013359,3.724533,0.012539,3.614577,1.336,213.4,1.254,207.1,-0.735,0.572,1.116,TR-06_2-011-E,TR-06_2-013-W
sanjose,11,13,TR-06_2-013,SJ,TR-06_2-013,2TTx64,257,6.255,6.125,2.382,55,55,0.026184,4.218461,0.018388,3.972369,2.619,241.7,1.839,227.6,-2.307,1.358,1.24,TR-06_2-012-E,TR-06_2-014-W
sanjose,11,14,TR-06_2-014,SJ,TR-06_2-014,2TTx64,259,6.317,6.126,2.382,55,55,0.022166,3.888594,,4.698426,2.217,222.8,119.686,269.2,-1.507,119.675,1.626,TR-06_2-013-E,TR-06_2-015-W
sanjose,11,16,TR-06_2-016,SJ,TR-06_2-016,2TTx64,264,6.119,6.275,2.382,55,55,,,0.042714,4.403466,,,4.274,252.3,,4.072,1.298,,TR-06_2-017-W
sanjose,11,17,TR-06_2-017,SJ,TR-06_2-017,2TTx64,265,6.275,6.155,2.382,55,55,0.048562,4.431391,0.028902,4.227187,4.86,253.9,2.891,242.2,-4.67,2.558,1.346,TR-06_2-016-E,TR-06_2-018-W
sanjose,11,18,TR-06_2-018,SJ,TR-06_2-018,2TTx64,267,6.224,6.136,2.382,55,55,0.03058,4.0544,0.032039,4.089306,3.059,232.3,3.205,234.3,-2.421,2.602,1.871,TR-06_2-017-E,TR-06_2-019-W
sanjose,11,19,TR-06_2-019,SJ,TR-06_2-019,2TTx64,269,6.278,6.125,2.382,55,55,0.029951,4.269075,0.019098,3.974115,2.996,244.6,1.91,227.7,-2.705,1.412,1.287,TR-06_2-018-E,TR-06_1-027-W
sanjose,11,20,TR-06_2-020,SJ,TR-06_2-020,2TTx64,234,1.728,4.529,2.382,55,55,,,0.050796,4.733333,,,5.084,271.2,,5.083,-0.102,,TR-06_2-021-W
sanjose,11,21,TR-06_2-021,SJ,TR-06_2-021,2TTx64,236,1.704,5.929,2.382,55,55,0.050806,4.684464,0.022106,4.647812,5.085,268.4,2.211,266.3,-5.083,2.206,0.143,TR-06_2-020-E,TR-06_2-022-W
sanjose,11,22,TR-06_2-022,SJ,TR-06_2-022,2TTx64,238,6.345,6.111,2.382,55,55,0.020417,4.813618,0.051305,4.752532,2.042,275.8,5.135,272.3,-2.031,5.131,-0.208,TR-06_2-021-E,TR-06_2-023-W
sanjose,11,23,TR-06_2-023,SJ,TR-06_2-023,2TTx64,240,6.206,6.12,2.382,55,55,0.016429,4.909611,0.043233,4.787438,1.643,281.3,4.326,274.3,-1.611,4.314,-0.323,TR-06_2-022-E,TR-06_2-024-W
sanjose,11,24,TR-06_2-024,SJ,TR-06_2-024,2TTx64,242,6.28,6.143,2.382,55,55,0.041915,4.731588,0.028682,4.740314,4.194,271.1,2.869,271.6,-4.193,2.868,-0.078,TR-06_2-023-E,TR-06_2-025-W
sanjose,11,25,TR-06_2-025,SJ,TR-06_2-025,2TTx64,245,1.829,5.909,2.382,55,55,0.028952,4.724606,0.00387,4.79791,2.896,270.7,0.387,274.9,-2.896,0.386,-0.033,TR-06_2-024-E,TR-06_2-026-W
sanjose,11,26,TR-06_2-026,SJ,TR-06_2-026,2TTx64,247,6.259,6.169,2.382,55,55,0.00445,4.597197,0.026134,4.69319,0.445,263.4,2.614,268.9,-0.442,2.614,0.051,TR-06_2-025-E,TR-06_2-027-W
sanjose,11,27,TR-06_2-027,SJ,TR-06_2-027,2TTx64,249,6.238,6.168,2.382,55,55,0.020427,4.410447,0.023526,4.452335,2.043,252.7,2.353,255.1,-1.951,2.273,0.607,TR-06_2-026-E,TR-06_2-028-W
sanjose,11,28,TR-06_2-028,SJ,TR-06_2-028,2TTx64,251,6.244,6.152,2.382,55,55,0.027923,4.455826,0.014459,4.201008,2.793,255.3,1.446,240.7,-2.702,1.261,0.708,TR-06_2-027-E,TR-06_2-029-W
sanjose,11,29,TR-06_2-029,SJ,TR-06_2-029,2TTx64,253,6.244,,2.382,55,55,0.014609,3.920009,,,1.461,224.6,,,-1.026,,1.04,TR-06_2-028-E,
sanjose,11,30,TR-06_2-030,SJ,TR-06_2-030,2TTx64,254,,6.282,2.382,55,55,,,0.020847,3.270747,,,2.085,187.4,,0.268,2.068,,TR-06_2-031-W
sanjose,11,31,TR-06_2-031,SJ,TR-06_2-031,2TTx64,255,6.282,6.126,2.382,55,55,0.019518,3.696607,0.018598,2.672099,1.952,211.8,1.86,153.1,-1.03,-0.841,1.658,TR-06_2-030-E,TR-06_2-032-W
sanjose,11,32,TR-06_2-032,SJ,TR-06_2-032,2TTx64,257,6.255,6.125,2.382,55,55,0.030291,4.180064,0.024135,4.022984,3.03,239.5,2.414,230.5,-2.612,1.862,1.536,TR-06_2-031-E,TR-06_2-033-W
sanjose,11,33,TR-06_2-033,SJ,TR-06_2-033,2TTx64,259,6.317,6.126,2.382,55,55,0.024185,4.192281,0.012459,3.412119,2.419,240.2,1.246,195.5,-2.1,0.334,1.2,TR-06_2-032-E,TR-06_2-034-W
sanjose,11,34,TR-06_2-034,SJ,TR-06_2-034,2TTx64,261,6.307,6.16,2.382,55,55,0.012239,4.063126,0.026804,4.433136,1.224,232.8,2.681,254,-0.975,2.577,0.741,TR-06_2-033-E,TR-06_2-035-W
sanjose,11,35,TR-06_2-035,SJ,TR-06_2-035,2TTx64,263,6.276,6.119,2.382,55,55,0.028732,4.654793,0.032359,4.660029,2.874,266.7,3.237,267,-2.869,3.233,0.168,TR-06_2-034-E,TR-06_2-036-W
sanjose,11,36,TR-06_2-036,SJ,TR-06_2-036,2TTx64,265,6.275,6.155,2.382,55,55,0.047414,4.71937,0.029481,4.724606,4.745,270.4,2.949,270.7,-4.745,2.949,-0.034,TR-06_2-035-E,TR-06_2-037-W
sanjose,11,37,TR-06_2-037,SJ,TR-06_2-037,2TTx64,267,6.224,6.136,2.382,55,55,0.041287,4.707153,0.011569,4.691445,4.131,269.7,1.157,268.8,-4.131,1.157,0.024,TR-06_2-036-E,TR-06_2-038-W
sanjose,11,38,TR-06_2-038,SJ,TR-06_2-038,2TTx64,269,6.278,6.125,2.382,55,55,0.015259,4.864233,0.016029,4.855506,1.526,278.7,1.603,278.2,-1.509,1.586,-0.23,TR-06_2-037-E,TR-06_1-045-W
sanjose,11,39,TR-06_2-039,SJ,TR-06_2-039,2TTx64,234,1.728,4.529,2.382,55,55,,,0.026614,4.022984,,,2.662,230.5,,2.055,1.692,,TR-06_2-040-W
sanjose,11,40,TR-06_2-040,SJ,TR-06_2-040,2TTx64,236,1.704,5.929,2.382,55,55,0.025245,4.092797,0.040797,4.344125,2.525,234.5,4.082,248.9,-2.055,3.809,1.468,TR-06_2-039-E,TR-06_2-041-W
sanjose,11,41,TR-06_2-041,SJ,TR-06_2-041,2TTx64,238,6.345,6.111,2.382,55,55,0.041456,4.396484,0.012999,3.001966,4.148,251.9,1.3,172,-3.943,-0.182,1.288,TR-06_2-040-E,TR-06_2-042-W
sanjose,11,42,TR-06_2-042,SJ,TR-06_2-042,2TTx64,240,6.206,6.12,2.382,55,55,0.029182,4.049164,0.043373,4.284783,2.919,232,4.34,245.5,-2.299,3.95,1.799,TR-06_2-041-E,TR-06_2-043-W
sanjose,11,43,TR-06_2-043,SJ,TR-06_2-043,2TTx64,242,6.28,6.143,2.382,55,55,0.038701,4.150393,0.03932,4.160865,3.872,237.8,3.934,238.4,-3.276,3.35,2.063,TR-06_2-042-E,TR-06_2-044-W
sanjose,11,44,TR-06_2-044,SJ,TR-06_2-044,2TTx64,245,1.829,5.909,2.382,55,55,0.034746,4.108505,0.047943,4.288274,3.476,235.4,4.798,245.7,-2.86,4.373,1.975,TR-06_2-043-E,TR-06_2-045-W
sanjose,11,45,TR-06_2-045,SJ,TR-06_2-045,2TTx64,247,6.259,6.169,2.382,55,55,0.046696,4.39823,0.014519,3.038618,4.673,252,1.452,174.1,-4.444,-0.148,1.444,TR-06_2-044-E,TR-06_2-046-W
sanjose,11,46,TR-06_2-046,SJ,TR-06_2-046,2TTx64,249,6.238,6.168,2.382,55,55,0.014349,3.865904,0.036993,4.417428,1.435,221.5,3.701,253.1,-0.952,3.542,1.074,TR-06_2-045-E,TR-06_2-047-W
sanjose,11,47,TR-06_2-047,SJ,TR-06_2-047,2TTx64,251,6.244,6.152,2.382,55,55,0.016199,4.45408,0.03094,4.577999,1.62,255.2,3.095,262.3,-1.566,3.067,0.413,TR-06_2-046-E,TR-06_2-048-W
sanjose,11,48,TR-06_2-048,SJ,TR-06_2-048,2TTx64,253,6.244,,2.382,55,55,0.028602,4.710644,,,2.861,269.9,,,-2.861,,0.003,TR-06_2-047-E,
sanjose,11,49,TR-06_2-049,SJ,TR-06_2-049,2TTx64,254,,6.282,2.382,55,55,,,0.063295,4.918338,,,6.338,281.8,,6.205,-1.292,,TR-06_2-050-W
sanjose,11,50,TR-06_2-050,SJ,TR-06_2-050,2TTx64,255,6.282,6.126,2.382,55,55,0.064799,4.988151,0.063843,4.993387,6.489,285.8,6.393,286.1,-6.242,6.143,-1.772,TR-06_2-049-E,
sanjose,11,53,TR-06_2-053,SJ,TR-06_2-053,2TTx64,262,6.16,6.276,2.382,55,55,,,0.022026,5.59029,,,2.203,320.3,,1.408,-1.694,,TR-06_2-054-W
sanjose,11,54,TR-06_2-054,SJ,TR-06_2-054,2TTx64,263,6.276,6.119,2.382,55,55,0.019558,5.56411,0.021687,5.457645,1.956,318.8,2.169,312.7,-1.288,1.594,-1.471,TR-06_2-053-E,TR-06_2-055-W
sanjose,11,55,TR-06_2-055,SJ,TR-06_2-055,2TTx64,265,6.275,6.155,2.382,55,55,0.01021,0.479966,0.028193,5.038766,1.021,27.5,2.82,288.7,0.471,2.671,-0.906,TR-06_2-054-E,TR-06_2-056-W
sanjose,11,56,TR-06_2-056,SJ,TR-06_2-056,2TTx64,267,6.224,6.136,2.382,55,55,0.027083,4.886922,0.028562,4.878195,2.709,280,2.857,279.5,-2.668,2.818,-0.472,TR-06_2-055-E,TR-06_2-057-W
sanjose,11,57,TR-06_2-057,SJ,TR-06_2-057,2TTx64,269,6.278,6.125,2.382,55,55,0.031939,4.838053,0.03066,4.843289,3.195,277.2,3.067,277.5,-3.169,3.04,-0.403,TR-06_2-056-E,TR-06_2-058-W
sanjose,11,58,TR-06_2-058,SJ,TR-06_2-058,2TTx64,271,6.259,6.131,2.382,55,55,0.026724,5.017822,0.023056,5.068436,2.673,287.5,2.306,290.4,-2.549,2.161,-0.804,TR-06_2-057-E,TR-06_1-063-W
sanjose,11,59,TR-06_2-059,SJ,TR-06_2-059,2TTx64,234,1.728,4.529,2.382,55,55,,,0.028912,4.82409,,,2.892,276.4,,2.874,-0.321,,TR-06_2-060-W
sanjose,11,60,TR-06_2-060,SJ,TR-06_2-060,2TTx64,236,1.704,5.929,2.382,55,55,0.029172,4.886922,0.049719,4.813618,2.918,280,4.976,275.8,-2.874,4.95,-0.505,TR-06_2-059-E,TR-06_2-061-W
sanjose,11,61,TR-06_2-061,SJ,TR-06_2-061,2TTx64,238,6.345,6.111,2.382,55,55,0.042684,4.841543,0.01036,5.270894,4.271,277.4,1.036,302,-4.236,0.878,-0.549,TR-06_2-060-E,TR-06_2-062-W
sanjose,11,62,TR-06_2-062,SJ,TR-06_2-062,2TTx64,240,6.206,6.12,2.382,55,55,0.0057,5.649631,0.029671,4.867723,0.57,323.7,2.968,278.9,-0.338,2.932,-0.459,TR-06_2-061-E,TR-06_2-063-W
sanjose,11,63,TR-06_2-063,SJ,TR-06_2-063,2TTx64,242,6.28,6.143,2.382,55,55,0.03155,4.831071,0.020587,4.895649,3.156,276.8,2.059,280.5,-3.134,2.024,-0.375,TR-06_2-062-E,TR-06_2-064-W
sanjose,11,64,TR-06_2-064,SJ,TR-06_2-064,2TTx64,245,1.829,5.909,2.382,55,55,0.026564,4.623377,0.036903,4.647812,2.657,264.9,3.692,266.3,-2.646,3.684,0.237,TR-06_2-063-E,TR-06_2-065-W
sanjose,11,65,TR-06_2-065,SJ,TR-06_2-065,2TTx64,247,6.259,6.169,2.382,55,55,0.037023,4.653048,0.025055,4.625123,3.704,266.6,2.506,265,-3.697,2.496,0.22,TR-06_2-064-E,TR-06_2-066-W
sanjose,11,66,TR-06_2-066,SJ,TR-06_2-066,2TTx64,249,6.238,6.168,2.382,55,55,0.023366,4.682718,0.032159,4.691445,2.337,268.3,3.217,268.8,-2.336,3.216,0.069,TR-06_2-065-E,TR-06_2-067-W
sanjose,11,67,TR-06_2-067,SJ,TR-06_2-067,2TTx64,251,6.244,6.152,2.382,55,55,0.025904,4.516912,0.046985,4.604179,2.591,258.8,4.702,263.8,-2.542,4.675,0.504,TR-06_2-066-E,TR-06_2-068-W
sanjose,11,68,TR-06_2-068,SJ,TR-06_2-068,2TTx64,253,6.244,,2.382,55,55,0.036434,4.370304,,,3.645,250.4,,,-3.434,,1.223,TR-06_2-067-E,
sanjose,11,69,TR-06_2-069,SJ,TR-06_2-069,2TTx64,254,,6.282,2.382,55,55,,,0.051664,4.234169,,,5.171,242.6,,4.59,2.381,,TR-06_2-070-W
sanjose,11,70,TR-06_2-070,SJ,TR-06_2-070,2TTx64,255,6.282,6.126,2.382,55,55,0.058244,4.152138,0.051185,4.063126,5.831,237.9,5.123,232.8,-4.94,4.08,3.098,TR-06_2-069-E,
sanjose,11,71,TR-06_2-071,SJ,TR-06_2-071,2TTx64,258,6.125,6.317,2.382,55,55,0.040358,3.544764,0.043952,3.707079,4.038,203.1,4.398,212.4,-1.584,2.355,3.714,,TR-06_2-072-W
sanjose,11,72,TR-06_2-072,SJ,TR-06_2-072,2TTx64,259,6.317,6.126,2.382,55,55,0.046267,3.675663,0.054416,3.892084,4.63,210.6,5.447,223,-2.355,3.712,3.986,TR-06_2-071-E,TR-06_2-073-W
sanjose,11,73,TR-06_2-073,SJ,TR-06_2-073,2TTx64,261,6.307,6.16,2.382,55,55,0.054885,3.876376,0.043153,3.478441,5.494,222.1,4.318,199.3,-3.685,1.428,4.075,TR-06_2-072-E,TR-06_2-074-W
sanjose,11,74,TR-06_2-074,SJ,TR-06_2-074,2TTx64,263,6.276,6.119,2.382,55,55,0.038361,3.534292,0.040847,3.661701,3.838,202.5,4.087,209.8,-1.466,2.03,3.547,TR-06_2-073-E,TR-06_2-075-W
sanjose,11,75,TR-06_2-075,SJ,TR-06_2-075,2TTx64,265,6.275,6.155,2.382,55,55,0.029861,3.584906,0.033987,3.794346,2.987,205.4,3.4,217.4,-1.28,2.067,2.699,TR-06_2-074-E,TR-06_2-076-W
sanjose,11,76,TR-06_2-076,SJ,TR-06_2-076,2TTx64,267,6.224,6.136,2.382,55,55,0.029491,3.920009,0.033857,4.043928,2.95,224.6,3.387,231.7,-2.073,2.658,2.099,TR-06_2-075-E,TR-06_2-077-W
sanjose,11,77,TR-06_2-077,SJ,TR-06_2-077,2TTx64,269,6.278,6.125,2.382,55,55,0.037632,4.120722,0.043513,4.207989,3.765,236.1,4.354,241.1,-3.124,3.813,2.102,TR-06_2-076-E,TR-06_2-078-W
sanjose,11,78,TR-06_2-078,SJ,TR-06_2-078,2TTx64,271,6.259,6.131,2.382,55,55,0.035725,4.094542,0.065875,4.392994,3.574,234.6,6.597,251.7,-2.912,6.263,2.073,TR-06_2-077-E,TR-06_1-080-W
sanjose,11,79,TR-06_2-079,SJ,TR-06_2-079,2TTx64,234,1.728,4.529,2.382,55,55,,,0.029631,5.148721,,,2.964,295,,2.685,-1.254,,TR-06_2-080-W
sanjose,11,80,TR-06_2-080,SJ,TR-06_2-080,2TTx64,236,1.704,5.929,2.382,55,55,0.029202,5.117305,0.038761,5.014331,2.921,293.2,3.878,287.3,-2.685,3.703,-1.151,TR-06_2-079-E,TR-06_2-081-W
sanjose,11,81,TR-06_2-081,SJ,TR-06_2-081,2TTx64,238,6.345,6.111,2.382,55,55,0.036793,4.963716,0.012759,5.510004,3.681,284.4,1.276,315.7,-3.566,0.891,-0.913,TR-06_2-080-E,TR-06_2-082-W
sanjose,11,82,TR-06_2-082,SJ,TR-06_2-082,2TTx64,240,6.206,6.12,2.382,55,55,0.028562,5.131268,0.032539,5.077163,2.857,294,3.255,290.9,-2.61,3.041,-1.161,TR-06_2-081-E,TR-06_2-083-W
sanjose,11,83,TR-06_2-083,SJ,TR-06_2-083,2TTx64,242,6.28,6.143,2.382,55,55,0.034327,5.185373,0.025544,5.370378,3.434,297.1,2.555,307.7,-3.058,2.021,-1.563,TR-06_2-082-E,TR-06_2-084-W
sanjose,11,84,TR-06_2-084,SJ,TR-06_2-084,2TTx64,245,1.829,5.909,2.382,55,55,0.026294,5.522222,0.035315,5.281366,2.63,316.4,3.533,302.6,-1.815,2.977,-1.903,TR-06_2-083-E,TR-06_2-085-W
sanjose,11,85,TR-06_2-085,SJ,TR-06_2-085,2TTx64,247,6.259,6.169,2.382,55,55,0.035315,5.134759,0.037492,5.108579,3.533,294.2,3.751,292.7,-3.222,3.459,-1.45,TR-06_2-084-E,TR-06_2-086-W
sanjose,11,86,TR-06_2-086,SJ,TR-06_2-086,2TTx64,249,6.238,6.168,2.382,55,55,0.036234,5.155703,0.048522,5.038766,3.625,295.4,4.856,288.7,-3.274,4.6,-1.556,TR-06_2-085-E,TR-06_2-087-W
sanjose,11,87,TR-06_2-087,SJ,TR-06_2-087,2TTx64,251,6.244,6.152,2.382,55,55,0.021117,5.862561,0.051754,5.094616,2.112,335.9,5.18,291.9,-0.861,4.807,-1.929,TR-06_2-086-E,TR-06_2-088-W
sanjose,11,88,TR-06_2-088,SJ,TR-06_2-088,2TTx64,253,6.244,,2.382,55,55,0.050637,5.073672,,,5.068,290.7,,,-4.741,,-1.791,TR-06_2-087-E,
sanjose,11,89,TR-06_2-089,SJ,TR-06_2-089,2TTx64,254,,6.282,2.382,55,55,,,0.014679,6.250024,,,1.468,358.1,,0.048,-1.467,,TR-06_2-090-W
sanjose,11,90,TR-06_2-090,SJ,TR-06_2-090,2TTx64,255,6.282,6.126,2.382,55,55,0.020697,5.579818,0.024765,0.879646,2.07,319.7,2.477,50.4,-1.339,-1.908,-1.579,TR-06_2-089-E,TR-06_2-091-W
sanjose,11,91,TR-06_2-091,SJ,TR-06_2-091,2TTx64,257,6.255,6.125,2.382,55,55,0.037303,5.187119,0.017778,6.000442,3.732,297.2,1.778,343.8,-3.318,0.496,-1.707,TR-06_2-090-E,TR-06_2-092-W
sanjose,11,92,TR-06_2-092,SJ,TR-06_2-092,2TTx64,259,6.317,6.126,2.382,55,55,0.025345,5.770059,0.03148,5.490806,2.535,330.6,3.149,314.6,-1.243,2.244,-2.21,TR-06_2-091-E,TR-06_2-093-W
sanjose,11,93,TR-06_2-093,SJ,TR-06_2-093,2TTx64,261,6.307,6.16,2.382,55,55,0.033547,5.482079,0.038811,5.356415,3.356,314.1,3.883,306.9,-2.412,3.104,-2.333,TR-06_2-092-E,TR-06_2-094-W
sanjose,11,94,TR-06_2-094,SJ,TR-06_2-094,2TTx64,263,6.276,6.119,2.382,55,55,0.03927,5.387831,0.037882,5.417502,3.929,308.7,3.79,310.4,-3.066,2.886,-2.457,TR-06_2-093-E,TR-06_2-095-W
sanjose,11,95,TR-06_2-095,SJ,TR-06_2-095,2TTx64,265,6.275,6.155,2.382,55,55,0.020077,6.003933,0.040797,5.204572,2.008,344,4.082,298.2,-0.552,3.597,-1.931,TR-06_2-094-E,TR-06_2-096-W
sanjose,11,96,TR-06_2-096,SJ,TR-06_2-096,2TTx64,267,6.224,6.136,2.382,55,55,0.038351,5.225516,0.033647,5.305801,3.837,299.4,3.366,304,-3.342,2.789,-1.884,TR-06_2-095-E,TR-06_2-097-W
sanjose,11,97,TR-06_2-097,SJ,TR-06_2-097,2TTx64,269,6.278,6.125,2.382,55,55,0.027243,5.29882,0.031619,5.209808,2.725,303.6,3.163,298.5,-2.27,2.781,-1.508,TR-06_2-096-E,TR-06_2-098-W
sanjose,11,98,TR-06_2-098,SJ,TR-06_2-098,2TTx64,271,6.259,6.131,2.382,55,55,0.03154,5.057964,0.025305,5.146976,3.155,289.8,2.531,294.9,-2.969,2.295,-1.067,TR-06_2-097-E,TR-06_1-097-W
sanjose,11,99,TR-06_2-099,SJ,TR-06_2-099,2TTx64,234,1.728,4.529,2.382,55,55,,,0.01125,5.373869,,,1.125,307.9,,0.887,-0.692,,TR-06_2-100-W
sanjose,11,100,TR-06_2-100,SJ,TR-06_2-100,2TTx64,236,1.704,5.929,2.382,55,55,0.01067,5.30231,0.03063,4.907866,1.067,303.8,3.064,281.2,-0.887,3.006,-0.594,TR-06_2-099-E,TR-06_2-101-W
sanjose,11,101,TR-06_2-101,SJ,TR-06_2-101,2TTx64,238,6.345,6.111,2.382,55,55,0.030521,4.790929,0.020457,4.831071,3.053,274.5,2.046,276.8,-3.043,2.032,-0.242,TR-06_2-100-E,TR-06_2-102-W
sanjose,11,102,TR-06_2-102,SJ,TR-06_2-102,2TTx64,240,6.206,6.12,2.382,55,55,0.03885,4.811873,0.03893,4.811873,3.887,275.7,3.895,275.7,-3.868,3.876,-0.386,TR-06_2-101-E,TR-06_2-103-W
sanjose,11,103,TR-06_2-103,SJ,TR-06_2-103,2TTx64,242,6.28,6.143,2.382,55,55,0.041267,4.852015,0.034706,4.878195,4.129,278,3.472,279.5,-4.089,3.424,-0.574,TR-06_2-102-E,TR-06_2-104-W
sanjose,11,104,TR-06_2-104,SJ,TR-06_2-104,2TTx64,245,1.829,5.909,2.382,55,55,0.037353,5.000368,0.03905,4.988151,3.737,286.5,3.907,285.8,-3.582,3.759,-1.064,TR-06_2-103-E,TR-06_2-105-W
sanjose,11,105,TR-06_2-105,SJ,TR-06_2-105,2TTx64,247,6.259,6.169,2.382,55,55,0.028133,5.050983,0.045159,4.920083,2.814,289.4,4.519,281.9,-2.655,4.422,-0.934,TR-06_2-104-E,TR-06_2-106-W
sanjose,11,106,TR-06_2-106,SJ,TR-06_2-106,2TTx64,249,6.238,6.168,2.382,55,55,0.041017,5.080653,0.047754,5.026548,4.104,291.1,4.779,288,-3.828,4.545,-1.479,TR-06_2-105-E,TR-06_2-107-W
sanjose,11,107,TR-06_2-107,SJ,TR-06_2-107,2TTx64,251,6.244,6.152,2.382,55,55,0.025375,5.094616,0.017838,5.270894,2.538,291.9,1.784,302,-2.355,1.513,-0.945,TR-06_2-106-E,TR-06_2-108-W
sanjose,11,108,TR-06_2-108,SJ,TR-06_2-108,2TTx64,253,6.244,,2.382,55,55,0.017208,4.970698,,,1.721,284.8,,,-1.664,,-0.439,TR-06_2-107-E,
sanjose,11,109,TR-06_2-109,SJ,TR-06_2-109,2TTx64,254,,6.282,2.382,55,55,,,0.018698,5.330236,,,1.87,305.4,,1.524,-1.084,,TR-06_2-110-W
sanjose,11,110,TR-06_2-110,SJ,TR-06_2-110,2TTx64,255,6.282,6.126,2.382,55,55,0.030381,5.152212,0.013399,0.256563,3.039,295.2,1.34,14.7,-2.749,-0.341,-1.296,TR-06_2-109-E,TR-06_2-111-W
sanjose,11,111,TR-06_2-111,SJ,TR-06_2-111,2TTx64,257,6.255,6.125,2.382,55,55,0.014479,5.637413,0.021567,5.277876,1.448,323,2.157,302.4,-0.871,1.82,-1.157,TR-06_2-110-E,TR-06_2-112-W
sanjose,11,112,TR-06_2-112,SJ,TR-06_2-112,2TTx64,259,6.317,6.126,2.382,55,55,0.017088,5.384341,0.047983,4.935791,1.709,308.5,4.802,282.8,-1.337,4.682,-1.065,TR-06_2-111-E,TR-06_2-113-W
sanjose,11,113,TR-06_2-113,SJ,TR-06_2-113,2TTx64,261,6.307,6.16,2.382,55,55,0.047554,5.047492,0.027273,5.323254,4.759,289.2,2.728,305,-4.494,2.234,-1.565,TR-06_2-112-E,TR-06_2-114-W
sanjose,11,114,TR-06_2-114,SJ,TR-06_2-114,2TTx64,263,6.276,6.119,2.382,55,55,0.026624,5.281366,0.057835,4.963716,2.663,302.6,5.79,284.4,-2.243,5.609,-1.436,TR-06_2-113-E,TR-06_2-115-W
sanjose,11,115,TR-06_2-115,SJ,TR-06_2-115,2TTx64,265,6.275,6.155,2.382,55,55,0.019807,0.682424,0.043203,5.075417,1.981,39.1,4.323,290.8,1.25,4.041,-1.536,TR-06_2-114-E,TR-06_2-116-W
sanjose,11,116,TR-06_2-116,SJ,TR-06_2-116,2TTx64,267,6.224,6.136,2.382,55,55,0.051893,5.012586,0.027193,5.311037,5.194,287.2,2.72,304.3,-4.963,2.247,-1.533,TR-06_2-115-E,TR-06_2-117-W
sanjose,11,117,TR-06_2-117,SJ,TR-06_2-117,2TTx64,269,6.278,6.125,2.382,55,55,0.027963,5.241224,0.025864,5.290093,2.797,300.3,2.587,303.1,-2.415,2.168,-1.411,TR-06_2-116-E,TR-06_2-118-W
sanjose,11,118,TR-06_2-118,SJ,TR-06_2-118,2TTx64,271,6.259,6.131,2.382,55,55,0.029112,5.222025,0.015729,0.441568,2.912,299.2,1.573,25.3,-2.542,-0.673,-1.421,TR-06_2-117-E,TR-06_1-114-W
sanjose,12,1,TR-07_1-001,SJ,TR-07_1-001,2TTx64,271,6.259,6.131,2.382,55,55,0.00605,3.906047,0.027663,4.553564,0.605,223.8,2.767,260.9,-0.419,2.732,0.437,TR-07_2-013-E,TR-07_1-002-W
sanjose,12,2,TR-07_1-002,SJ,TR-07_1-002,2TTx64,273,6.272,6.115,2.382,55,55,0.055064,4.490732,0.016898,3.909538,5.512,257.3,1.69,224,-5.376,1.175,1.215,TR-07_1-001-E,TR-07_1-003-W
sanjose,12,3,TR-07_1-003,SJ,TR-07_1-003,2TTx64,275,6.321,6.054,2.382,55,55,0.028822,4.291765,0.017598,3.977605,2.883,245.9,1.76,227.9,-2.631,1.306,1.179,TR-07_1-002-E,TR-07_1-004-W
sanjose,12,4,TR-07_1-004,SJ,TR-07_1-004,2TTx64,277,6.296,6.119,2.382,55,55,0.024085,4.340634,0.054287,4.550073,2.409,248.7,5.434,260.7,-2.244,5.363,0.877,TR-07_1-003-E,TR-07_1-005-W
sanjose,12,5,TR-07_1-005,SJ,TR-07_1-005,2TTx64,279,6.277,6.123,2.382,55,55,0.059589,4.743805,0.069408,4.738569,5.966,271.8,6.952,271.5,-5.963,6.95,-0.184,TR-07_1-004-E,TR-07_1-006-W
sanjose,12,6,TR-07_1-006,SJ,TR-07_1-006,2TTx64,281,6.275,6.128,2.382,55,55,0.076828,4.895649,0.054317,4.974188,7.698,280.5,5.437,285,-7.569,5.253,-1.403,TR-07_1-005-E,
sanjose,12,7,TR-07_1-007,SJ,TR-07_1-007,2TTx64,314,2.205,4.615,2.382,55,55,0.028602,5.461135,0.027733,0.792379,2.861,312.9,2.774,45.4,-2.096,-1.975,-1.948,TR-08_1-114-E,TR-07_1-008-W
sanjose,12,8,TR-07_1-008,SJ,TR-07_1-008,2TTx64,316,6.12,6.336,2.382,55,55,0.020727,0.95295,0.013699,0.500909,2.073,54.6,1.37,28.7,1.689,-0.658,-1.202,TR-07_1-007-E,
sanjose,12,9,TR-07_1-009,SJ,TR-07_1-009,2TTx64,271,6.259,6.131,2.382,55,55,0.013659,0.518363,0.013869,0.544543,1.366,29.7,1.387,31.2,0.677,-0.719,-1.186,TR-07_2-031-E,TR-07_1-010-W
sanjose,12,10,TR-07_1-010,SJ,TR-07_1-010,2TTx64,273,6.272,6.115,2.382,55,55,0.00553,0.363028,0.01019,5.244714,0.553,20.8,1.019,300.5,0.196,0.878,-0.517,TR-07_1-009-E,TR-07_1-011-W
sanjose,12,11,TR-07_1-011,SJ,TR-07_1-011,2TTx64,275,6.321,6.054,2.382,55,55,0.018468,5.155703,0.019438,5.133013,1.847,295.4,1.944,294.1,-1.668,1.775,-0.793,TR-07_1-010-E,TR-07_1-012-W
sanjose,12,12,TR-07_1-012,SJ,TR-07_1-012,2TTx64,277,6.296,6.119,2.382,55,55,0.022756,4.906121,0.038441,4.825835,2.276,281.1,3.846,276.5,-2.233,3.821,-0.439,TR-07_1-011-E,TR-07_1-013-W
sanjose,12,13,TR-07_1-013,SJ,TR-07_1-013,2TTx64,279,6.277,6.123,2.382,55,55,0.043892,4.50644,0.074283,4.591961,4.392,258.2,7.442,263.1,-4.3,7.388,0.895,TR-07_1-012-E,TR-07_1-014-W
sanjose,12,14,TR-07_1-014,SJ,TR-07_1-014,2TTx64,281,6.275,6.128,2.382,55,55,0.064939,4.370304,0.07829,4.431391,6.503,250.4,7.845,253.9,-6.127,7.536,2.18,TR-07_1-013-E,
sanjose,12,15,TR-07_1-015,SJ,TR-07_1-015,2TTx64,314,2.205,4.615,2.382,55,55,0.037712,5.80671,0.050407,5.440191,3.773,332.7,5.045,311.7,-1.728,3.768,-3.354,TR-08_1-118-E,TR-07_1-016-W
sanjose,12,16,TR-07_1-016,SJ,TR-07_1-016,2TTx64,316,6.12,6.336,2.382,55,55,0.053648,5.731661,0.052242,5.778785,5.37,328.4,5.229,331.1,-2.811,2.53,-4.576,TR-07_1-015-E,TR-07_1-017-W
sanjose,12,17,TR-07_1-017,SJ,TR-07_1-017,2TTx64,319,2.152,4.626,2.382,55,55,0.060596,6.063274,0.059141,0.005236,6.067,347.4,5.921,0.3,-1.32,-0.032,-5.921,TR-07_1-016-E,TR-07_1-018-W
sanjose,12,18,TR-07_1-018,SJ,TR-07_1-018,2TTx64,322,2.071,4.935,2.382,55,55,0.053579,0.005236,0.057546,5.909685,5.363,0.3,5.761,338.6,0.027,2.103,-5.363,TR-07_1-017-E,TR-07_1-019-W
sanjose,12,19,TR-07_1-019,SJ,TR-07_1-019,2TTx64,325,2.139,4.741,2.382,55,55,0.047175,5.792748,0.064929,5.40703,4.721,331.9,6.502,309.8,-2.22,4.992,-4.166,TR-07_1-018-E,
sanjose,12,20,TR-07_1-020,SJ,TR-07_1-020,2TTx64,271,6.259,6.131,2.382,55,55,0.028203,6.127851,0.029931,5.909685,2.821,351.1,2.994,338.6,-0.437,1.092,-2.787,TR-07_2-049-E,TR-07_1-021-W
sanjose,12,21,TR-07_1-021,SJ,TR-07_1-021,2TTx64,273,6.272,6.115,2.382,55,55,0.035575,0.289725,0.034346,6.161012,3.559,16.6,3.436,353,1.017,0.416,-3.411,TR-07_1-020-E,TR-07_1-022-W
sanjose,12,22,TR-07_1-022,SJ,TR-07_1-022,2TTx64,275,6.321,6.054,2.382,55,55,0.038012,5.969026,0.036374,0.109956,3.803,342,3.639,6.3,-1.175,-0.401,-3.616,TR-07_1-021-E,TR-07_1-023-W
sanjose,12,23,TR-07_1-023,SJ,TR-07_1-023,2TTx64,277,6.296,6.119,2.382,55,55,0.029721,6.218608,0.029681,0.041888,2.973,356.3,2.969,2.4,-0.194,-0.122,-2.966,TR-07_1-022-E,TR-07_1-024-W
sanjose,12,24,TR-07_1-024,SJ,TR-07_1-024,2TTx64,279,6.277,6.123,2.382,55,55,0.022866,0.305433,0.024135,5.839872,2.287,17.5,2.414,334.6,0.687,1.035,-2.181,TR-07_1-023-E,TR-07_1-025-W
sanjose,12,25,TR-07_1-025,SJ,TR-07_1-025,2TTx64,281,6.275,6.128,2.382,55,55,0.019737,0.991347,0.034486,5.030039,1.974,56.8,3.45,288.2,1.652,3.277,-1.08,TR-07_1-024-E,
sanjose,12,26,TR-07_1-026,SJ,TR-07_1-026,2TTx64,315,4.615,6.12,2.382,55,55,,,0.022796,5.213298,,,2.28,298.7,,2,-1.095,,TR-07_1-027-W
sanjose,12,27,TR-07_1-027,SJ,TR-07_1-027,2TTx64,316,6.12,6.336,2.382,55,55,0.00397,6.204645,0.050347,4.790929,0.397,355.5,5.039,274.5,-0.031,5.023,-0.395,TR-07_1-026-E,TR-07_1-028-W
sanjose,12,28,TR-07_1-028,SJ,TR-07_1-028,2TTx64,319,2.152,4.626,2.382,55,55,0.021057,4.420919,0.00817,3.881612,2.106,253.3,0.817,222.4,-2.018,0.551,0.604,TR-07_1-027-E,TR-07_1-029-W
sanjose,12,29,TR-07_1-029,SJ,TR-07_1-029,2TTx64,322,2.071,4.935,2.382,55,55,0.00682,3.239331,0.023975,4.426155,0.682,185.6,2.398,253.6,-0.067,2.3,0.679,TR-07_1-028-E,TR-07_1-030-W
sanjose,12,30,TR-07_1-030,SJ,TR-07_1-030,2TTx64,325,2.139,4.741,2.382,55,55,0.013799,4.728097,0.011499,1.551598,1.38,270.9,1.15,88.9,-1.38,-1.15,-0.023,TR-07_1-029-E,TR-07_1-031-W
sanjose,12,31,TR-07_1-031,SJ,TR-07_1-031,2TTx64,327,6.056,6.214,2.382,55,55,0.014439,1.399754,0.031939,4.789183,1.444,80.2,3.195,274.4,1.423,3.186,-0.245,TR-07_1-030-E,TR-07_1-032-W
sanjose,12,32,TR-07_1-032,SJ,TR-07_1-032,2TTx64,329,6.178,6.12,2.382,55,55,0.022866,4.818854,0.069926,4.747296,2.287,276.1,7.004,272,-2.274,7,-0.242,TR-07_1-031-E,TR-07_1-033-W
sanjose,12,33,TR-07_1-033,SJ,TR-07_1-033,2TTx64,332,2.084,4.6,2.382,55,55,0.047434,5.01084,0.028722,5.218534,4.747,287.1,2.873,299,-4.538,2.512,-1.394,TR-07_1-032-E,TR-07_1-034-W
sanjose,12,34,TR-07_1-034,SJ,TR-07_1-034,2TTx64,335,2.48,3.767,2.382,55,55,0.028832,5.265658,0.015209,0.064577,2.884,301.7,1.521,3.7,-2.453,-0.099,-1.517,TR-07_1-033-E,
sanjose,12,35,TR-07_1-035,SJ,TR-07_1-035,2TTx64,271,6.259,6.131,2.382,55,55,0.038022,5.420993,0.04931,5.237733,3.804,310.6,4.935,300.1,-2.887,4.268,-2.478,TR-07_2-067-E,TR-07_1-036-W
sanjose,12,36,TR-07_1-036,SJ,TR-07_1-036,2TTx64,273,6.272,6.115,2.382,55,55,0.067348,5.057964,0.024385,5.920157,6.745,289.8,2.439,339.2,-6.348,0.866,-2.28,TR-07_1-035-E,TR-07_1-037-W
sanjose,12,37,TR-07_1-037,SJ,TR-07_1-037,2TTx64,275,6.321,6.054,2.382,55,55,0.026394,5.139995,0.021787,1.043707,2.64,294.5,2.179,59.8,-2.402,-1.883,-1.096,TR-07_1-036-E,TR-07_1-038-W
sanjose,12,38,TR-07_1-038,SJ,TR-07_1-038,2TTx64,277,6.296,6.119,2.382,55,55,0.015059,0.888373,0.0096,6.138323,1.506,50.9,0.96,351.7,1.168,0.139,-0.95,TR-07_1-037-E,TR-07_1-039-W
sanjose,12,39,TR-07_1-039,SJ,TR-07_1-039,2TTx64,279,6.277,6.123,2.382,55,55,0.015259,6.276204,0.027623,5.297074,1.526,359.6,2.763,303.5,-0.011,2.303,-1.526,TR-07_1-038-E,TR-07_1-040-W
sanjose,12,40,TR-07_1-040,SJ,TR-07_1-040,2TTx64,281,6.275,6.128,2.382,55,55,0.021167,6.17323,0.060098,1.213004,2.117,353.7,6.017,69.5,-0.234,-5.637,-2.104,TR-07_1-039-E,TR-07_1-041-W
sanjose,12,41,TR-07_1-041,SJ,TR-07_1-041,2TTx64,283,6.197,6.21,2.382,55,55,0.071607,1.261873,0.036084,0.923279,7.173,72.3,3.61,52.9,6.834,-2.878,-2.18,TR-07_1-040-E,TR-07_1-042-W
sanjose,12,42,TR-07_1-042,SJ,TR-07_1-042,2TTx64,285,6.204,6.19,2.382,55,55,0.041107,1.007055,0.036074,5.368633,4.113,57.7,3.609,307.6,3.475,2.86,-2.201,TR-07_1-041-E,TR-07_1-043-W
sanjose,12,43,TR-07_1-043,SJ,TR-07_1-043,2TTx64,287,6.21,2.384,2.382,55,55,0.029541,5.134759,0.04469,4.986406,2.955,294.2,4.472,285.7,-2.695,4.304,-1.213,TR-07_1-042-E,
sanjose,12,44,TR-07_1-044,SJ,TR-07_1-044,2TTx64,323,4.935,5.383,2.382,55,55,,,0.021287,5.253441,,,2.129,301,,1.825,-1.096,,TR-07_1-045-W
sanjose,12,45,TR-07_1-045,SJ,TR-07_1-045,2TTx64,325,2.139,4.741,2.382,55,55,0.020377,5.174901,0.00908,0.02618,2.038,296.5,0.908,1.5,-1.825,-0.023,-0.908,TR-07_1-044-E,TR-07_1-046-W
sanjose,12,46,TR-07_1-046,SJ,TR-07_1-046,2TTx64,327,6.056,6.214,2.382,55,55,0.016558,5.846853,0.014999,6.277949,1.656,335,1.5,359.7,-0.7,0.007,-1.5,TR-07_1-045-E,TR-07_1-047-W
sanjose,12,47,TR-07_1-047,SJ,TR-07_1-047,2TTx64,329,6.178,6.12,2.382,55,55,0.016928,5.604252,0.060954,4.930555,1.693,321.1,6.103,282.5,-1.063,5.959,-1.318,TR-07_1-046-E,TR-07_1-048-W
sanjose,12,48,TR-07_1-048,SJ,TR-07_1-048,2TTx64,332,2.084,4.6,2.382,55,55,0.057815,4.846779,0.046287,4.879941,5.788,277.7,4.632,279.6,-5.736,4.567,-0.772,TR-07_1-047-E,TR-07_1-049-W
sanjose,12,49,TR-07_1-049,SJ,TR-07_1-049,2TTx64,335,2.48,3.767,2.382,55,55,0.034107,4.967207,0.023666,5.084144,3.412,284.6,2.367,291.3,-3.302,2.205,-0.86,TR-07_1-048-E,TR-07_1-050-W
sanjose,12,50,TR-07_1-050,SJ,TR-07_1-050,2TTx64,339,2.474,3.769,2.382,55,55,0.016638,4.763004,0.018998,4.757768,1.664,272.9,1.9,272.6,-1.662,1.898,-0.085,TR-07_1-049-E,TR-07_1-051-W
sanjose,12,51,TR-07_1-051,SJ,TR-07_1-051,2TTx64,343,2.441,3.749,2.382,55,55,0.020007,4.564036,0.00995,1.872738,2.001,261.5,0.995,107.3,-1.979,-0.95,0.295,TR-07_1-050-E,TR-07_1-052-W
sanjose,12,52,TR-07_1-052,SJ,TR-07_1-052,2TTx64,347,2.434,3.765,2.382,55,55,0.00322,4.541347,0.0008,3.953171,0.322,260.2,0.08,226.5,-0.317,0.058,0.055,TR-07_1-051-E,TR-07_1-053-W
sanjose,12,53,TR-07_1-053,SJ,TR-07_1-053,2TTx64,351,2.429,3.784,2.382,55,55,0.00464,4.593707,0.034516,4.696681,0.464,263.2,3.453,269.1,-0.461,3.453,0.055,TR-07_1-052-E,
sanjose,12,54,TR-07_1-054,SJ,TR-07_1-054,2TTx64,271,6.259,6.131,2.382,55,55,0.026074,5.471607,0.020997,5.736897,2.608,313.5,2.1,328.7,-1.893,1.091,-1.794,TR-07_2-085-E,TR-07_1-055-W
sanjose,12,55,TR-07_1-055,SJ,TR-07_1-055,2TTx64,273,6.272,6.115,2.382,55,55,0.039869,5.003859,0.016878,5.461135,3.989,286.7,1.688,312.9,-3.82,1.237,-1.148,TR-07_1-054-E,TR-07_1-056-W
sanjose,12,56,TR-07_1-056,SJ,TR-07_1-056,2TTx64,275,6.321,6.054,2.382,55,55,0.023176,5.602507,0.018068,6.19941,2.318,321,1.807,355.2,-1.459,0.151,-1.801,TR-07_1-055-E,TR-07_1-057-W
sanjose,12,57,TR-07_1-057,SJ,TR-07_1-057,2TTx64,277,6.296,6.119,2.382,55,55,0.023945,6.188938,0.028782,5.688028,2.395,354.6,2.879,325.9,-0.227,1.613,-2.384,TR-07_1-056-E,TR-07_1-058-W
sanjose,12,58,TR-07_1-058,SJ,TR-07_1-058,2TTx64,279,6.277,6.123,2.382,55,55,0.031839,5.708972,0.030061,5.80671,3.185,327.1,3.007,332.7,-1.732,1.377,-2.673,TR-07_1-057-E,TR-07_1-059-W
sanjose,12,59,TR-07_1-059,SJ,TR-07_1-059,2TTx64,281,6.275,6.128,2.382,55,55,0.029541,5.895722,0.036544,0.726057,2.955,337.8,3.656,41.6,-1.115,-2.425,-2.736,TR-07_1-058-E,TR-07_1-060-W
sanjose,12,60,TR-07_1-060,SJ,TR-07_1-060,2TTx64,283,6.197,6.21,2.382,55,55,0.03917,0.404916,0.060098,0.928515,3.919,23.2,6.017,53.2,1.547,-4.82,-3.601,TR-07_1-059-E,TR-07_1-061-W
sanjose,12,61,TR-07_1-061,SJ,TR-07_1-061,2TTx64,285,6.204,6.19,2.382,55,55,0.058453,0.95295,0.03891,0.513127,5.852,54.6,3.893,29.4,4.769,-1.912,-3.391,TR-07_1-060-E,TR-07_1-062-W
sanjose,12,62,TR-07_1-062,SJ,TR-07_1-062,2TTx64,287,6.21,2.384,2.382,55,55,0.035056,0.499164,0.037572,0.610865,3.507,28.6,3.759,35,1.681,-2.157,-3.078,TR-07_1-061-E,TR-07_1-063-W
sanjose,12,63,TR-07_1-063,SJ,TR-07_1-063,2TTx64,291,3.75,2.391,2.382,55,55,0.024905,0.42237,0.023965,0.322886,2.491,24.2,2.397,18.5,1.02,-0.761,-2.273,TR-07_1-062-E,TR-07_1-064-W
sanjose,12,64,TR-07_1-064,SJ,TR-07_1-064,2TTx64,295,4.238,5.779,2.382,55,55,0.015909,0.781908,0.020607,5.291838,1.591,44.8,2.061,303.2,1.121,1.724,-1.13,TR-07_1-063-E,TR-07_1-065-W
sanjose,12,65,TR-07_1-065,SJ,TR-07_1-065,2TTx64,298,4.344,6.219,2.382,55,55,0.019098,5.091125,0.00935,5.5676,1.91,291.7,0.935,319,-1.775,0.614,-0.705,TR-07_1-064-E,TR-07_1-066-W
sanjose,12,66,TR-07_1-066,SJ,TR-07_1-066,2TTx64,300,6.212,5.86,2.382,55,55,0.019817,5.248205,0.065476,4.867723,1.982,300.7,6.557,278.9,-1.704,6.478,-1.013,TR-07_1-065-E,
sanjose,12,67,TR-07_1-067,SJ,TR-07_1-067,2TTx64,330,6.12,5.711,2.382,55,55,,,0.060357,2.520255,,,6.043,144.4,,-3.515,4.916,,TR-07_1-068-W
sanjose,12,68,TR-07_1-068,SJ,TR-07_1-068,2TTx64,331,5.711,2.084,2.382,55,55,0.069319,2.272419,0.045519,2.956588,6.943,130.2,4.555,169.4,5.307,-0.841,4.477,TR-07_1-067-E,TR-07_1-069-W
sanjose,12,69,TR-07_1-069,SJ,TR-07_1-069,2TTx64,334,5.699,2.48,2.382,55,55,0.034626,3.326598,0.088131,4.316199,3.464,190.6,8.836,247.3,-0.636,8.154,3.405,TR-07_1-068-E,TR-07_1-070-W
sanjose,12,70,TR-07_1-070,SJ,TR-07_1-070,2TTx64,338,3.738,2.474,2.382,55,55,0.083078,4.380776,0.067209,4.298746,8.327,251,6.731,246.3,-7.874,6.161,2.711,TR-07_1-069-E,TR-07_1-071-W
sanjose,12,71,TR-07_1-071,SJ,TR-07_1-071,2TTx64,342,3.799,2.441,2.382,55,55,0.060835,4.239405,0.05317,4.164356,6.091,242.9,5.322,238.6,-5.421,4.54,2.776,TR-07_1-070-E,TR-07_1-072-W
sanjose,12,72,TR-07_1-072,SJ,TR-07_1-072,2TTx64,346,3.755,2.434,2.382,55,55,0.051744,4.010767,0.034057,3.338815,5.179,229.8,3.407,191.3,-3.957,0.668,3.341,TR-07_1-071-E,TR-07_1-073-W
sanjose,12,73,TR-07_1-073,SJ,TR-07_1-073,2TTx64,350,3.774,2.429,2.382,55,55,0.048053,3.953171,0.073318,4.244641,4.809,226.5,7.345,243.2,-3.487,6.556,3.312,TR-07_1-072-E,TR-07_1-074-W
sanjose,12,74,TR-07_1-074,SJ,TR-07_1-074,2TTx64,354,3.746,6.243,2.382,55,55,0.061363,4.39823,0.044341,4.270821,6.144,252,4.437,244.7,-5.843,4.01,1.9,TR-07_1-073-E,TR-07_1-075-W
sanjose,12,75,TR-07_1-075,SJ,TR-07_1-075,2TTx64,356,6.146,6.258,2.382,55,55,0.032998,4.900885,0.042464,4.857251,3.301,280.8,4.249,278.3,-3.243,4.204,-0.616,TR-07_1-074-E,TR-07_1-076-W
sanjose,12,76,TR-07_1-076,SJ,TR-07_1-076,2TTx64,358,6.152,6.177,2.382,55,55,0.051185,5.27613,0.063176,5.160939,5.123,302.3,6.326,295.7,-4.329,5.703,-2.739,TR-07_1-075-E,TR-07_1-077-W
sanjose,12,77,TR-07_1-077,SJ,TR-07_1-077,2TTx64,360,6.234,6.208,2.382,55,55,0.050876,5.539675,0.082482,5.183628,5.092,317.4,8.267,297,-3.444,7.367,-3.751,TR-07_1-076-E,TR-07_1-078-W
sanjose,12,78,TR-07_1-078,SJ,TR-07_1-078,2TTx64,362,6.16,6.226,2.382,55,55,0.085114,5.192355,0.069926,5.311037,8.532,297.5,7.004,304.3,-7.566,5.789,-3.943,TR-07_1-077-E,
sanjose,12,79,TR-07_1-079,SJ,TR-07_1-079,2TTx64,271,6.259,6.131,2.382,55,55,0.00628,5.841617,0.020157,4.998623,0.628,334.7,2.016,286.4,-0.269,1.934,-0.568,TR-07_2-104-E,TR-07_1-080-W
sanjose,12,80,TR-07_1-080,SJ,TR-07_1-080,2TTx64,273,6.272,6.115,2.382,55,55,0.038201,4.886922,0.018328,5.082399,3.822,280,1.833,291.2,-3.764,1.709,-0.664,TR-07_1-079-E,TR-07_1-081-W
sanjose,12,81,TR-07_1-081,SJ,TR-07_1-081,2TTx64,275,6.321,6.054,2.382,55,55,0.014909,5.270894,0.032758,4.95499,1.491,302,3.277,283.9,-1.265,3.18,-0.79,TR-07_1-080-E,TR-07_1-082-W
sanjose,12,82,TR-07_1-082,SJ,TR-07_1-082,2TTx64,277,6.296,6.119,2.382,55,55,0.0311,4.986406,0.013289,5.398303,3.111,285.7,1.329,309.3,-2.995,1.029,-0.841,TR-07_1-081-E,TR-07_1-083-W
sanjose,12,83,TR-07_1-083,SJ,TR-07_1-083,2TTx64,279,6.277,6.123,2.382,55,55,0.018388,5.192355,0.03913,4.930555,1.839,297.5,3.915,282.5,-1.631,3.822,-0.85,TR-07_1-082-E,TR-07_1-084-W
sanjose,12,84,TR-07_1-084,SJ,TR-07_1-084,2TTx64,281,6.275,6.128,2.382,55,55,0.016738,5.201081,0.018408,5.152212,1.674,298,1.841,295.2,-1.479,1.665,-0.785,TR-07_1-083-E,TR-07_1-085-W
sanjose,12,85,TR-07_1-085,SJ,TR-07_1-085,2TTx64,283,6.197,6.21,2.382,55,55,0.034466,5.068436,0.034406,1.214749,3.448,290.4,3.442,69.6,-3.232,-3.226,-1.201,TR-07_1-084-E,TR-07_1-086-W
sanjose,12,86,TR-07_1-086,SJ,TR-07_1-086,2TTx64,285,6.204,6.19,2.382,55,55,0.033178,0.909317,0.020427,0.054105,3.319,52.1,2.043,3.1,2.618,-0.11,-2.04,TR-07_1-085-E,TR-07_1-087-W
sanjose,12,87,TR-07_1-087,SJ,TR-07_1-087,2TTx64,287,6.21,2.384,2.382,55,55,0.029551,0.417134,0.032369,0.58294,2.956,23.9,3.238,33.4,1.196,-1.784,-2.703,TR-07_1-086-E,TR-07_1-088-W
sanjose,12,88,TR-07_1-088,SJ,TR-07_1-088,2TTx64,291,3.75,2.391,2.382,55,55,0.032119,0.034907,0.050786,0.886627,3.213,2,5.083,50.8,0.11,-3.94,-3.211,TR-07_1-087-E,TR-07_1-089-W
sanjose,12,89,TR-07_1-089,SJ,TR-07_1-089,2TTx64,295,4.238,5.779,2.382,55,55,0.051933,0.715585,0.047714,0.607375,5.198,41,4.775,34.8,3.412,-2.726,-3.921,TR-07_1-088-E,TR-07_1-090-W
sanjose,12,90,TR-07_1-090,SJ,TR-07_1-090,2TTx64,298,4.344,6.219,2.382,55,55,0.03128,0.6353,0.025704,0.202458,3.129,36.4,2.571,11.6,1.857,-0.519,-2.518,TR-07_1-089-E,TR-07_1-091-W
sanjose,12,91,TR-07_1-091,SJ,TR-07_1-091,2TTx64,300,6.212,5.86,2.382,55,55,0.019488,5.953318,0.070473,4.975934,1.949,341.1,7.059,285.1,-0.631,6.814,-1.844,TR-07_1-090-E,
sanjose,12,92,TR-07_1-092,SJ,TR-07_1-092,2TTx64,359,6.177,6.234,2.382,55,55,,,0.01082,4.806637,,,1.082,275.4,,1.077,-0.102,,TR-07_1-093-W
sanjose,12,93,TR-07_1-093,SJ,TR-07_1-093,2TTx64,360,6.234,6.208,2.382,55,55,0.014909,4.323181,0.021877,4.45059,1.491,247.7,2.188,255,-1.379,2.113,0.566,TR-07_1-092-E,TR-07_1-094-W
sanjose,12,94,TR-07_1-094,SJ,TR-07_1-094,2TTx64,362,6.16,6.226,2.382,55,55,0.024915,4.016003,0.042804,4.330162,2.492,230.1,4.283,248.1,-1.913,3.974,1.597,TR-07_1-093-E,
sanjose,12,95,TR-07_1-095,SJ,TR-07_1-095,2TTx64,365,6.122,6.195,2.382,55,55,,,0.045089,4.509931,,,4.512,258.4,,4.419,0.91,,TR-07_1-096-W
sanjose,12,96,TR-07_1-096,SJ,TR-07_1-096,2TTx64,366,6.195,6.223,2.382,55,55,0.050118,4.656538,0.035345,4.633849,5.016,266.8,3.536,265.5,-5.008,3.525,0.28,TR-07_1-095-E,
sanjose,12,97,TR-07_1-097,SJ,TR-07_1-097,2TTx64,271,6.259,6.131,2.382,55,55,0.019308,4.846779,0.049869,4.764749,1.931,277.7,4.991,273,-1.913,4.984,-0.26,TR-07_2-119-E,TR-07_1-098-W
sanjose,12,98,TR-07_1-098,SJ,TR-07_1-098,2TTx64,273,6.272,6.115,2.382,55,55,0.015699,5.373869,0.028472,5.057964,1.57,307.9,2.848,289.8,-1.238,2.68,-0.965,TR-07_1-097-E,TR-07_1-099-W
sanjose,12,99,TR-07_1-099,SJ,TR-07_1-099,2TTx64,275,6.321,6.054,2.382,55,55,0.024065,5.244714,0.022526,5.286602,2.407,300.5,2.253,302.9,-2.073,1.892,-1.223,TR-07_1-098-E,TR-07_1-100-W
sanjose,12,100,TR-07_1-100,SJ,TR-07_1-100,2TTx64,277,6.296,6.119,2.382,55,55,0.017058,4.914847,0.015799,4.930555,1.706,281.6,1.58,282.5,-1.671,1.542,-0.342,TR-07_1-099-E,TR-07_1-101-W
sanjose,12,101,TR-07_1-101,SJ,TR-07_1-101,2TTx64,279,6.277,6.123,2.382,55,55,0.013409,4.696681,0.014419,1.584759,1.341,269.1,1.442,90.8,-1.341,-1.442,0.02,TR-07_1-100-E,TR-07_1-102-W
sanjose,12,102,TR-07_1-102,SJ,TR-07_1-102,2TTx64,281,6.275,6.128,2.382,55,55,0.011719,4.202753,0.017848,4.386012,1.172,240.8,1.785,251.3,-1.023,1.691,0.572,TR-07_1-101-E,TR-07_1-103-W
sanjose,12,103,TR-07_1-103,SJ,TR-07_1-103,2TTx64,283,6.197,6.21,2.382,55,55,0.016608,4.007276,0.019058,4.111996,1.661,229.6,1.906,235.6,-1.266,1.573,1.076,TR-07_1-102-E,TR-07_1-104-W
sanjose,12,104,TR-07_1-104,SJ,TR-07_1-104,2TTx64,285,6.204,6.19,2.382,55,55,0.018328,4.125958,0.026564,4.31969,1.833,236.4,2.657,247.5,-1.526,2.455,1.016,TR-07_1-103-E,TR-07_1-105-W
sanjose,12,105,TR-07_1-105,SJ,TR-07_1-105,2TTx64,287,6.21,2.384,2.382,55,55,0.015039,4.565781,0.047804,4.66701,1.504,261.6,4.784,267.4,-1.488,4.779,0.219,TR-07_1-104-E,TR-07_1-106-W
sanjose,12,106,TR-07_1-106,SJ,TR-07_1-106,2TTx64,291,3.75,2.391,2.382,55,55,0.020297,5.106833,0.021757,5.078908,2.03,292.6,2.176,291,-1.874,2.031,-0.78,TR-07_1-105-E,TR-07_1-107-W
sanjose,12,107,TR-07_1-107,SJ,TR-07_1-107,2TTx64,295,4.238,5.779,2.382,55,55,0.031989,5.1941,0.020767,0.778417,3.2,297.6,2.077,44.6,-2.837,-1.457,-1.48,TR-07_1-106-E,TR-07_1-108-W
sanjose,12,108,TR-07_1-108,SJ,TR-07_1-108,2TTx64,298,4.344,6.219,2.382,55,55,0.037952,0.555015,0.034057,5.956809,3.797,31.8,3.407,341.3,2.001,1.095,-3.227,TR-07_1-107-E,TR-07_1-109-W
sanjose,12,109,TR-07_1-109,SJ,TR-07_1-109,2TTx64,300,6.212,5.86,2.382,55,55,0.038311,5.880014,0.040458,0.513127,3.833,336.9,4.048,29.4,-1.503,-1.988,-3.526,TR-07_1-108-E,
sanjose,12,110,TR-07_1-110,SJ,TR-07_1-110,2TTx64,365,6.122,6.195,2.382,55,55,,,0.058055,4.66352,,,5.812,267.2,,5.805,0.284,,TR-07_1-111-W
sanjose,12,111,TR-07_1-111,SJ,TR-07_1-111,2TTx64,366,6.195,6.223,2.382,55,55,0.054047,4.646066,0.064142,4.656538,5.41,266.2,6.423,266.8,-5.398,6.413,0.356,TR-07_1-110-E,TR-07_1-112-W
sanjose,12,112,TR-07_1-112,SJ,TR-07_1-112,2TTx64,368,6.204,6.218,2.382,55,55,0.038661,4.541347,0.112888,4.654793,3.868,260.2,11.337,266.7,-3.811,11.318,0.66,TR-07_1-111-E,
sanjose,12,113,TR-07_1-113,SJ,TR-07_1-113,2TTx64,365,6.122,6.195,2.382,55,55,,,0.057576,4.635594,,,5.764,265.6,,5.747,0.442,,TR-07_1-114-W
sanjose,12,114,TR-07_1-114,SJ,TR-07_1-114,2TTx64,366,6.195,6.223,2.382,55,55,0.060994,4.694936,0.052013,4.69319,6.107,269,5.206,268.9,-6.106,5.205,0.104,TR-07_1-113-E,TR-07_1-115-W
sanjose,12,115,TR-07_1-115,SJ,TR-07_1-115,2TTx64,368,6.204,6.218,2.382,55,55,0.045938,4.881686,0.081579,4.806637,4.597,279.7,8.176,275.4,-4.531,8.139,-0.776,TR-07_1-114-E,TR-07_1-116-W
sanjose,12,116,TR-07_1-116,SJ,TR-07_1-116,2TTx64,370,6.218,6.219,2.382,55,55,0.072791,4.935791,0.092228,4.888667,7.292,282.8,9.249,280.1,-7.111,9.107,-1.614,TR-07_1-115-E,
sanjose,12,117,TR-07_1-117,SJ,TR-07_1-117,2TTx64,377,6.263,6.135,2.382,55,55,,,0.093893,1.211259,,,9.417,69.4,,-8.816,-3.31,,TR-07_1-118-W
sanjose,12,118,TR-07_1-118,SJ,TR-07_1-118,2TTx64,378,6.135,7.127,2.382,55,55,0.108957,1.193805,0.071886,0.977384,10.939,68.4,7.201,56,10.172,-5.972,-4.024,TR-07_1-117-E,TR-05_2-001-W
sanjose,13,1,TR-07_2-001,SJ,TR-07_2-001,2TTx64,248,6.169,6.238,2.382,55,55,,,0.038331,5.277876,,,3.835,302.4,,3.237,-2.057,,TR-07_2-002-W
sanjose,13,2,TR-07_2-002,SJ,TR-07_2-002,2TTx64,249,6.238,6.168,2.382,55,55,0.030421,5.279621,0.045479,5.080653,3.043,302.5,4.551,291.1,-2.565,4.247,-1.637,TR-07_2-001-E,TR-07_2-003-W
sanjose,13,3,TR-07_2-003,SJ,TR-07_2-003,2TTx64,251,6.244,6.152,2.382,55,55,0.022206,5.277876,0.014339,5.691519,2.221,302.4,1.434,326.1,-1.875,0.799,-1.19,TR-07_2-002-E,TR-07_2-004-W
sanjose,13,4,TR-07_2-004,SJ,TR-07_2-004,2TTx64,253,6.244,,2.382,55,55,0.015409,5.578072,,,1.541,319.6,,,-0.998,,-1.174,TR-07_2-003-E,
sanjose,13,5,TR-07_2-005,SJ,TR-07_2-005,2TTx64,254,,6.282,2.382,55,55,,,0.018048,5.057964,,,1.805,289.8,,1.698,-0.612,,TR-07_2-006-W
sanjose,13,6,TR-07_2-006,SJ,TR-07_2-006,2TTx64,255,6.282,6.126,2.382,55,55,0.019128,4.975934,0.015579,5.03702,1.913,285.1,1.558,288.6,-1.847,1.477,-0.497,TR-07_2-005-E,TR-07_2-007-W
sanjose,13,7,TR-07_2-007,SJ,TR-07_2-007,2TTx64,257,6.255,6.125,2.382,55,55,0.027133,4.705408,0.020797,4.703662,2.714,269.6,2.08,269.5,-2.714,2.08,0.017,TR-07_2-006-E,TR-07_2-008-W
sanjose,13,8,TR-07_2-008,SJ,TR-07_2-008,2TTx64,259,6.317,6.126,2.382,55,55,0.021037,4.5588,0.013509,4.471534,2.104,261.2,1.351,256.2,-2.079,1.312,0.322,TR-07_2-007-E,TR-07_2-009-W
sanjose,13,9,TR-07_2-009,SJ,TR-07_2-009,2TTx64,261,6.307,6.16,2.382,55,55,0.013789,4.150393,0.015169,4.207989,1.379,237.8,1.517,241.1,-1.167,1.328,0.734,TR-07_2-008-E,TR-07_2-010-W
sanjose,13,10,TR-07_2-010,SJ,TR-07_2-010,2TTx64,263,6.276,6.119,2.382,55,55,0.013399,4.34936,0.030531,4.555309,1.34,249.2,3.054,261,-1.252,3.017,0.476,TR-07_2-009-E,TR-07_2-011-W
sanjose,13,11,TR-07_2-011,SJ,TR-07_2-011,2TTx64,265,6.275,6.155,2.382,55,55,0.00904,4.867723,0.016449,4.79791,0.904,278.9,1.645,274.9,-0.893,1.639,-0.14,TR-07_2-010-E,TR-07_2-012-W
sanjose,13,12,TR-07_2-012,SJ,TR-07_2-012,2TTx64,267,6.224,6.136,2.382,55,55,0.019168,4.557055,0.015309,4.516912,1.917,261.1,1.531,258.8,-1.894,1.502,0.296,TR-07_2-011-E,TR-07_2-013-W
sanjose,13,13,TR-07_2-013,SJ,TR-07_2-013,2TTx64,269,6.278,6.125,2.382,55,55,0.015369,4.541347,0.00263,3.275983,1.537,260.2,0.263,187.7,-1.515,0.035,0.26,TR-07_2-012-E,TR-07_1-001-W
sanjose,13,14,TR-07_2-014,SJ,TR-07_2-014,2TTx64,237,5.929,6.345,2.382,55,55,,,0.029891,0.945968,,,2.99,54.2,,-2.426,-1.748,,TR-07_2-015-W
sanjose,13,15,TR-07_2-015,SJ,TR-07_2-015,2TTx64,238,6.345,6.111,2.382,55,55,0.026884,0.863938,0.034856,1.045452,2.689,49.5,3.487,59.9,2.045,-3.018,-1.746,TR-07_2-014-E,TR-07_2-016-W
sanjose,13,16,TR-07_2-016,SJ,TR-07_2-016,2TTx64,240,6.206,6.12,2.382,55,55,0.015569,5.044002,0.016399,5.026548,1.557,289,1.64,288,-1.472,1.56,-0.507,TR-07_2-015-E,TR-07_2-017-W
sanjose,13,17,TR-07_2-017,SJ,TR-07_2-017,2TTx64,242,6.28,6.143,2.382,55,55,0.013039,4.630359,0.015859,4.644321,1.304,265.3,1.586,266.1,-1.3,1.582,0.107,TR-07_2-016-E,TR-07_2-018-W
sanjose,13,18,TR-07_2-018,SJ,TR-07_2-018,2TTx64,245,1.829,5.909,2.382,55,55,0.00882,4.64083,0.017238,4.675737,0.882,265.9,1.724,267.9,-0.88,1.723,0.062,TR-07_2-017-E,TR-07_2-019-W
sanjose,13,19,TR-07_2-019,SJ,TR-07_2-019,2TTx64,247,6.259,6.169,2.382,55,55,0.020027,4.811873,0.029921,4.778711,2.003,275.7,2.993,273.8,-1.993,2.986,-0.2,TR-07_2-018-E,TR-07_2-020-W
sanjose,13,20,TR-07_2-020,SJ,TR-07_2-020,2TTx64,249,6.238,6.168,2.382,55,55,0.026134,4.913102,0.00631,5.681047,2.614,281.5,0.631,325.5,-2.562,0.357,-0.52,TR-07_2-019-E,TR-07_2-021-W
sanjose,13,21,TR-07_2-021,SJ,TR-07_2-021,2TTx64,251,6.244,6.152,2.382,55,55,0.018038,5.16792,0.015129,5.263913,1.804,296.1,1.513,301.6,-1.62,1.289,-0.793,TR-07_2-020-E,TR-07_2-022-W
sanjose,13,22,TR-07_2-022,SJ,TR-07_2-022,2TTx64,253,6.244,,2.382,55,55,0.019538,5.251696,,,1.954,300.9,,,-1.677,,-1.003,TR-07_2-021-E,
sanjose,13,23,TR-07_2-023,SJ,TR-07_2-023,2TTx64,254,,6.282,2.382,55,55,,,0.026034,5.436701,,,2.604,311.5,,1.95,-1.726,,TR-07_2-024-W
sanjose,13,24,TR-07_2-024,SJ,TR-07_2-024,2TTx64,255,6.282,6.126,2.382,55,55,0.025145,5.546656,0.030201,5.375614,2.515,317.8,3.021,308,-1.691,2.379,-1.862,TR-07_2-023-E,TR-07_2-025-W
sanjose,13,25,TR-07_2-025,SJ,TR-07_2-025,2TTx64,257,6.255,6.125,2.382,55,55,0.022396,6.040585,0.039799,5.290093,2.24,346.1,3.982,303.1,-0.538,3.336,-2.175,TR-07_2-024-E,TR-07_2-026-W
sanjose,13,26,TR-07_2-026,SJ,TR-07_2-026,2TTx64,259,6.317,6.126,2.382,55,55,0.044471,5.349434,0.027263,6.037094,4.45,306.5,2.727,345.9,-3.578,0.662,-2.645,TR-07_2-025-E,TR-07_2-027-W
sanjose,13,27,TR-07_2-027,SJ,TR-07_2-027,2TTx64,261,6.307,6.16,2.382,55,55,0.027523,6.023131,0.027483,6.028367,2.753,345.1,2.749,345.4,-0.707,0.691,-2.66,TR-07_2-026-E,TR-07_2-028-W
sanjose,13,28,TR-07_2-028,SJ,TR-07_2-028,2TTx64,263,6.276,6.119,2.382,55,55,0.029501,5.740388,0.025464,6.159267,2.951,328.9,2.547,352.9,-1.524,0.316,-2.527,TR-07_2-027-E,TR-07_2-029-W
sanjose,13,29,TR-07_2-029,SJ,TR-07_2-029,2TTx64,265,6.275,6.155,2.382,55,55,0.023456,5.773549,0.025924,5.621706,2.346,330.8,2.593,322.1,-1.146,1.592,-2.047,TR-07_2-028-E,TR-07_2-030-W
sanjose,13,30,TR-07_2-030,SJ,TR-07_2-030,2TTx64,267,6.224,6.136,2.382,55,55,0.026614,5.508259,0.023316,5.665339,2.662,315.6,2.332,324.6,-1.864,1.351,-1.901,TR-07_2-029-E,TR-07_2-031-W
sanjose,13,31,TR-07_2-031,SJ,TR-07_2-031,2TTx64,269,6.278,6.125,2.382,55,55,0.025375,5.440191,0.019647,0.537561,2.538,311.7,1.965,30.8,-1.896,-1.007,-1.687,TR-07_2-030-E,TR-07_1-009-W
sanjose,13,32,TR-07_2-032,SJ,TR-07_2-032,2TTx64,237,5.929,6.345,2.382,55,55,,,0.03058,0.572468,,,3.059,32.8,,-1.659,-2.57,,TR-07_2-033-W
sanjose,13,33,TR-07_2-033,SJ,TR-07_2-033,2TTx64,238,6.345,6.111,2.382,55,55,0.03074,6.003933,0.062489,1.078613,3.075,344,6.257,61.8,-0.848,-5.515,-2.956,TR-07_2-032-E,TR-07_2-034-W
sanjose,13,34,TR-07_2-034,SJ,TR-07_2-034,2TTx64,240,6.206,6.12,2.382,55,55,0.041137,5.846853,0.037462,6.188938,4.116,335,3.748,354.6,-1.737,0.355,-3.731,TR-07_2-033-E,TR-07_2-035-W
sanjose,13,35,TR-07_2-035,SJ,TR-07_2-035,2TTx64,242,6.28,6.143,2.382,55,55,0.042674,0.211185,0.047664,5.778785,4.27,12.1,4.77,331.1,0.892,2.304,-4.176,TR-07_2-034-E,TR-07_2-036-W
sanjose,13,36,TR-07_2-036,SJ,TR-07_2-036,2TTx64,245,1.829,5.909,2.382,55,55,0.045868,5.88525,0.043013,0.185005,4.59,337.2,4.304,10.6,-1.781,-0.788,-4.231,TR-07_2-035-E,TR-07_2-037-W
sanjose,13,37,TR-07_2-037,SJ,TR-07_2-037,2TTx64,247,6.259,6.169,2.382,55,55,0.036993,0.022689,0.037482,0.164061,3.701,1.3,3.75,9.4,0.086,-0.61,-3.7,TR-07_2-036-E,TR-07_2-038-W
sanjose,13,38,TR-07_2-038,SJ,TR-07_2-038,2TTx64,249,6.238,6.168,2.382,55,55,0.022376,6.218608,0.026794,5.6985,2.238,356.3,2.68,326.5,-0.145,1.481,-2.234,TR-07_2-037-E,TR-07_2-039-W
sanjose,13,39,TR-07_2-039,SJ,TR-07_2-039,2TTx64,251,6.244,6.152,2.382,55,55,0.021127,5.700245,0.025994,5.457645,2.113,326.6,2.6,312.7,-1.162,1.91,-1.764,TR-07_2-038-E,TR-07_2-040-W
sanjose,13,40,TR-07_2-040,SJ,TR-07_2-040,2TTx64,253,6.244,,2.382,55,55,0.024065,5.45939,,,2.407,312.8,,,-1.765,,-1.636,TR-07_2-039-E,
sanjose,13,41,TR-07_2-041,SJ,TR-07_2-041,2TTx64,254,,6.282,2.382,55,55,,,0.029631,4.991642,,,2.964,286,,2.849,-0.819,,TR-07_2-042-W
sanjose,13,42,TR-07_2-042,SJ,TR-07_2-042,2TTx64,255,6.282,6.126,2.382,55,55,0.012349,5.862561,0.06459,4.886922,1.235,335.9,6.468,280,-0.505,6.369,-1.128,TR-07_2-041-E,TR-07_2-043-W
sanjose,13,43,TR-07_2-043,SJ,TR-07_2-043,2TTx64,257,6.255,6.125,2.382,55,55,0.020467,5.450663,0.032489,5.150467,2.047,312.3,3.25,295.1,-1.515,2.944,-1.377,TR-07_2-042-E,TR-07_2-044-W
sanjose,13,44,TR-07_2-044,SJ,TR-07_2-044,2TTx64,259,6.317,6.126,2.382,55,55,0.032618,5.03353,0.023466,5.16792,3.263,288.4,2.347,296.1,-3.095,2.108,-1.032,TR-07_2-043-E,TR-07_2-045-W
sanjose,13,45,TR-07_2-045,SJ,TR-07_2-045,2TTx64,261,6.307,6.16,2.382,55,55,0.025634,5.295329,0.014209,6.17323,2.564,303.4,1.421,353.7,-2.14,0.157,-1.412,TR-07_2-044-E,TR-07_2-046-W
sanjose,13,46,TR-07_2-046,SJ,TR-07_2-046,2TTx64,263,6.276,6.119,2.382,55,55,0.014489,5.785766,0.025355,5.237733,1.449,331.5,2.536,300.1,-0.692,2.193,-1.273,TR-07_2-045-E,TR-07_2-047-W
sanjose,13,47,TR-07_2-047,SJ,TR-07_2-047,2TTx64,265,6.275,6.155,2.382,55,55,0.023895,0.865683,0.0307,5.241224,2.39,49.6,3.071,300.3,1.821,2.652,-1.548,TR-07_2-046-E,TR-07_2-048-W
sanjose,13,48,TR-07_2-048,SJ,TR-07_2-048,2TTx64,267,6.224,6.136,2.382,55,55,0.032059,5.258677,0.021137,5.61996,3.207,301.3,2.114,322,-2.741,1.302,-1.665,TR-07_2-047-E,TR-07_2-049-W
sanjose,13,49,TR-07_2-049,SJ,TR-07_2-049,2TTx64,269,6.278,6.125,2.382,55,55,0.021417,5.846853,0.020547,5.948082,2.142,335,2.055,340.8,-0.907,0.676,-1.941,TR-07_2-048-E,TR-07_1-020-W
sanjose,13,50,TR-07_2-050,SJ,TR-07_2-050,2TTx64,237,5.929,6.345,2.382,55,55,,,0.04927,4.965462,,,4.931,284.5,,4.775,-1.232,,TR-07_2-051-W
sanjose,13,51,TR-07_2-051,SJ,TR-07_2-051,2TTx64,238,6.345,6.111,2.382,55,55,0.050776,4.869469,0.04471,4.890413,5.082,279,4.474,280.2,-5.02,4.404,-0.791,TR-07_2-050-E,TR-07_2-052-W
sanjose,13,52,TR-07_2-052,SJ,TR-07_2-052,2TTx64,240,6.206,6.12,2.382,55,55,0.058702,4.838053,0.036434,4.916593,5.877,277.2,3.645,281.7,-5.831,3.57,-0.737,TR-07_2-051-E,TR-07_2-053-W
sanjose,13,53,TR-07_2-053,SJ,TR-07_2-053,2TTx64,242,6.28,6.143,2.382,55,55,0.026344,5.138249,0.047325,4.944518,2.635,294.4,4.736,283.3,-2.4,4.609,-1.088,TR-07_2-052-E,TR-07_2-054-W
sanjose,13,54,TR-07_2-054,SJ,TR-07_2-054,2TTx64,245,1.829,5.909,2.382,55,55,0.044451,4.911357,0.013279,0.849975,4.448,281.4,1.328,48.7,-4.361,-0.997,-0.877,TR-07_2-053-E,TR-07_2-055-W
sanjose,13,55,TR-07_2-055,SJ,TR-07_2-055,2TTx64,247,6.259,6.169,2.382,55,55,0.018508,6.026622,0.018158,6.112143,1.851,345.3,1.816,350.2,-0.47,0.308,-1.79,TR-07_2-054-E,TR-07_2-056-W
sanjose,13,56,TR-07_2-056,SJ,TR-07_2-056,2TTx64,249,6.238,6.168,2.382,55,55,0.027543,5.991715,0.028672,5.88176,2.755,343.3,2.868,337,-0.791,1.121,-2.639,TR-07_2-055-E,TR-07_2-057-W
sanjose,13,57,TR-07_2-057,SJ,TR-07_2-057,2TTx64,251,6.244,6.152,2.382,55,55,0.033188,5.906194,0.033008,5.920157,3.32,338.4,3.302,339.2,-1.224,1.172,-3.087,TR-07_2-056-E,TR-07_2-058-W
sanjose,13,58,TR-07_2-058,SJ,TR-07_2-058,2TTx64,253,6.244,,2.382,55,55,0.036624,6.010914,,,3.664,344.4,,,-0.987,,-3.529,TR-07_2-057-E,
sanjose,13,59,TR-07_2-059,SJ,TR-07_2-059,2TTx64,254,,6.282,2.382,55,55,,,0.03924,0.202458,,,3.926,11.6,,-0.789,-3.846,,TR-07_2-060-W
sanjose,13,60,TR-07_2-060,SJ,TR-07_2-060,2TTx64,255,6.282,6.126,2.382,55,55,0.048262,0.471239,0.045668,5.941101,4.83,27,4.57,340.4,2.189,1.534,-4.305,TR-07_2-059-E,TR-07_2-061-W
sanjose,13,61,TR-07_2-061,SJ,TR-07_2-061,2TTx64,257,6.255,6.125,2.382,55,55,0.034846,6.038839,0.038082,5.804965,3.486,346,3.81,332.6,-0.845,1.753,-3.383,TR-07_2-060-E,TR-07_2-062-W
sanjose,13,62,TR-07_2-062,SJ,TR-07_2-062,2TTx64,259,6.317,6.126,2.382,55,55,0.027493,5.904449,0.070075,5.085889,2.75,338.3,7.019,291.4,-1.015,6.537,-2.555,TR-07_2-061-E,
sanjose,13,65,TR-07_2-065,SJ,TR-07_2-065,2TTx64,266,6.155,6.224,2.382,55,55,,,0.032359,6.236061,,,3.237,357.3,,0.152,-3.233,,TR-07_2-066-W
sanjose,13,66,TR-07_2-066,SJ,TR-07_2-066,2TTx64,267,6.224,6.136,2.382,55,55,0.035215,5.951573,0.033807,0.172788,3.523,341,3.382,9.9,-1.148,-0.583,-3.331,TR-07_2-065-E,TR-07_2-067-W
sanjose,13,67,TR-07_2-067,SJ,TR-07_2-067,2TTx64,269,6.278,6.125,2.382,55,55,0.029781,0.069813,0.036524,5.661848,2.979,4,3.654,324.4,0.206,2.125,-2.972,TR-07_2-066-E,TR-07_1-035-W
sanjose,13,68,TR-07_2-068,SJ,TR-07_2-068,2TTx64,237,5.929,6.345,2.382,55,55,,,0.015119,4.469788,,,1.512,256.1,,1.468,0.363,,TR-07_2-069-W
sanjose,13,69,TR-07_2-069,SJ,TR-07_2-069,2TTx64,238,6.345,6.111,2.382,55,55,0.015149,4.71588,0.013909,4.717625,1.515,270.2,1.391,270.3,-1.515,1.391,-0.006,TR-07_2-068-E,TR-07_2-070-W
sanjose,13,70,TR-07_2-070,SJ,TR-07_2-070,2TTx64,240,6.206,6.12,2.382,55,55,0.047923,4.581489,0.030271,4.502949,4.796,262.5,3.028,258,-4.754,2.962,0.63,TR-07_2-069-E,TR-07_2-071-W
sanjose,13,71,TR-07_2-071,SJ,TR-07_2-071,2TTx64,242,6.28,6.143,2.382,55,55,0.029961,4.502949,0.014279,4.260349,2.997,258,1.428,244.1,-2.931,1.284,0.625,TR-07_2-070-E,TR-07_2-072-W
sanjose,13,72,TR-07_2-072,SJ,TR-07_2-072,2TTx64,245,1.829,5.909,2.382,55,55,0.018818,3.721042,0.044451,4.351106,1.882,213.2,4.448,249.3,-1.029,4.16,1.575,TR-07_2-071-E,TR-07_2-073-W
sanjose,13,73,TR-07_2-073,SJ,TR-07_2-073,2TTx64,247,6.259,6.169,2.382,55,55,0.045049,4.284783,0.026164,3.916519,4.508,245.5,2.617,224.4,-4.102,1.831,1.87,TR-07_2-072-E,TR-07_2-074-W
sanjose,13,74,TR-07_2-074,SJ,TR-07_2-074,2TTx64,249,6.238,6.168,2.382,55,55,0.036454,4.087561,0.044461,2.06996,3.647,234.2,4.449,118.6,-2.96,-3.905,2.131,TR-07_2-073-E,TR-07_2-075-W
sanjose,13,75,TR-07_2-075,SJ,TR-07_2-075,2TTx64,251,6.244,6.152,2.382,55,55,0.040937,4.206243,0.029342,3.968879,4.096,241,2.935,227.4,-3.581,2.16,1.988,TR-07_2-074-E,TR-07_2-076-W
sanjose,13,76,TR-07_2-076,SJ,TR-07_2-076,2TTx64,253,6.244,,2.382,55,55,0.026754,4.003785,,,2.676,229.4,,,-2.031,,1.743,TR-07_2-075-E,
sanjose,13,77,TR-07_2-077,SJ,TR-07_2-077,2TTx64,254,,6.282,2.382,55,55,,,0.017348,3.907792,,,1.735,223.9,,1.202,1.251,,TR-07_2-078-W
sanjose,13,78,TR-07_2-078,SJ,TR-07_2-078,2TTx64,255,6.282,6.126,2.382,55,55,0.0055,2.434734,0.037293,4.600688,0.55,139.5,3.731,263.6,0.357,3.707,0.418,TR-07_2-077-E,TR-07_2-079-W
sanjose,13,79,TR-07_2-079,SJ,TR-07_2-079,2TTx64,257,6.255,6.125,2.382,55,55,0.00547,0.895354,0.00345,6.155776,0.547,51.3,0.345,352.7,0.427,0.044,-0.342,TR-07_2-078-E,TR-07_2-080-W
sanjose,13,80,TR-07_2-080,SJ,TR-07_2-080,2TTx64,259,6.317,6.126,2.382,55,55,0.00709,0.645772,0.061393,4.804891,0.709,37,6.147,275.3,0.426,6.121,-0.566,TR-07_2-079-E,
sanjose,13,81,TR-07_2-081,SJ,TR-07_2-081,2TTx64,262,6.16,6.276,2.382,55,55,0.020637,5.148721,0.011539,5.569346,2.064,295,1.154,319.1,-1.87,0.755,-0.873,,TR-07_2-082-W
sanjose,13,82,TR-07_2-082,SJ,TR-07_2-082,2TTx64,263,6.276,6.119,2.382,55,55,0.021946,5.277876,0.015039,0.673697,2.195,302.4,1.504,38.6,-1.853,-0.938,-1.176,TR-07_2-081-E,TR-07_2-083-W
sanjose,13,83,TR-07_2-083,SJ,TR-07_2-083,2TTx64,265,6.275,6.155,2.382,55,55,0.038751,5.162684,0.040598,5.14174,3.877,295.8,4.062,294.6,-3.489,3.694,-1.689,TR-07_2-082-E,TR-07_2-084-W
sanjose,13,84,TR-07_2-084,SJ,TR-07_2-084,2TTx64,267,6.224,6.136,2.382,55,55,0.03919,5.235988,0.019787,0.127409,3.921,300,1.979,7.3,-3.394,-0.252,-1.963,TR-07_2-083-E,TR-07_2-085-W
sanjose,13,85,TR-07_2-085,SJ,TR-07_2-085,2TTx64,269,6.278,6.125,2.382,55,55,0.022866,0.673697,0.024305,5.53793,2.287,38.6,2.431,317.3,1.428,1.648,-1.787,TR-07_2-084-E,TR-07_1-054-W
sanjose,13,86,TR-07_2-086,SJ,TR-07_2-086,2TTx64,234,1.728,4.529,2.382,55,55,,,0.042534,3.543018,,,4.256,203,,1.664,3.917,,TR-07_2-087-W
sanjose,13,87,TR-07_2-087,SJ,TR-07_2-087,2TTx64,236,1.704,5.929,2.382,55,55,0.041616,3.55349,0.042335,2.693043,4.164,203.6,4.236,154.3,-1.664,-1.838,3.817,TR-07_2-086-E,TR-07_2-088-W
sanjose,13,88,TR-07_2-088,SJ,TR-07_2-088,2TTx64,238,6.345,6.111,2.382,55,55,0.040278,2.94088,0.041037,3.4191,4.03,168.5,4.106,195.9,0.806,1.126,3.949,TR-07_2-087-E,TR-07_2-089-W
sanjose,13,89,TR-07_2-089,SJ,TR-07_2-089,2TTx64,240,6.206,6.12,2.382,55,55,0.054317,3.794346,0.047484,3.570944,5.437,217.4,4.752,204.6,-3.299,1.976,4.322,TR-07_2-088-E,TR-07_2-090-W
sanjose,13,90,TR-07_2-090,SJ,TR-07_2-090,2TTx64,242,6.28,6.143,2.382,55,55,0.042684,3.569198,0.047624,3.759439,4.271,204.5,4.766,215.4,-1.774,2.762,3.885,TR-07_2-089-E,TR-07_2-091-W
sanjose,13,91,TR-07_2-091,SJ,TR-07_2-091,2TTx64,245,1.829,5.909,2.382,55,55,0.042125,3.817035,0.038771,3.700098,4.215,218.7,3.879,212,-2.638,2.058,3.288,TR-07_2-090-E,TR-07_2-092-W
sanjose,13,92,TR-07_2-092,SJ,TR-07_2-092,2TTx64,247,6.259,6.169,2.382,55,55,0.040258,4.033456,0.034386,3.886848,4.028,231.1,3.44,222.7,-3.136,2.332,2.528,TR-07_2-091-E,TR-07_2-093-W
sanjose,13,93,TR-07_2-093,SJ,TR-07_2-093,2TTx64,249,6.238,6.168,2.382,55,55,0.036594,4.098033,0.023286,3.577925,3.661,234.8,2.329,205,-2.991,0.983,2.112,TR-07_2-092-E,TR-07_2-094-W
sanjose,13,94,TR-07_2-094,SJ,TR-07_2-094,2TTx64,251,6.244,6.152,2.382,55,55,0.049978,4.396484,0.053858,4.419174,5.002,251.9,5.391,253.2,-4.754,5.162,1.554,TR-07_2-093-E,TR-07_2-095-W
sanjose,13,95,TR-07_2-095,SJ,TR-07_2-095,2TTx64,253,6.244,,2.382,55,55,0.050716,4.483751,,,5.076,256.9,,,-4.944,,1.151,TR-07_2-094-E,
sanjose,13,96,TR-07_2-096,SJ,TR-07_2-096,2TTx64,254,,6.282,2.382,55,55,,,0.037892,4.420919,,,3.791,253.3,,3.631,1.091,,TR-07_2-097-W
sanjose,13,97,TR-07_2-097,SJ,TR-07_2-097,2TTx64,255,6.282,6.126,2.382,55,55,0.050058,4.403466,0.023796,4.017748,5.01,252.3,2.38,230.2,-4.772,1.828,1.524,TR-07_2-096-E,TR-07_2-098-W
sanjose,13,98,TR-07_2-098,SJ,TR-07_2-098,2TTx64,257,6.255,6.125,2.382,55,55,0.032848,4.262094,0.055284,4.45059,3.286,244.2,5.534,255,-2.959,5.346,1.429,TR-07_2-097-E,TR-07_2-099-W
sanjose,13,99,TR-07_2-099,SJ,TR-07_2-099,2TTx64,259,6.317,6.126,2.382,55,55,0.051784,4.497713,0.047534,4.47677,5.183,257.7,4.757,256.5,-5.063,4.626,1.108,TR-07_2-098-E,TR-07_2-100-W
sanjose,13,100,TR-07_2-100,SJ,TR-07_2-100,2TTx64,261,6.307,6.16,2.382,55,55,0.060805,4.527384,0.013269,2.583087,6.088,259.4,1.327,148,-5.983,-0.704,1.125,TR-07_2-099-E,TR-07_2-101-W
sanjose,13,101,TR-07_2-101,SJ,TR-07_2-101,2TTx64,263,6.276,6.119,2.382,55,55,0.020517,4.515167,0.075824,4.660029,2.052,258.7,7.597,267,-2.012,7.586,0.402,TR-07_2-100-E,TR-07_2-102-W
sanjose,13,102,TR-07_2-102,SJ,TR-07_2-102,2TTx64,265,6.275,6.155,2.382,55,55,0.031799,4.649557,0.047554,4.670501,3.181,266.4,4.759,267.6,-3.175,4.755,0.2,TR-07_2-101-E,TR-07_2-103-W
sanjose,13,103,TR-07_2-103,SJ,TR-07_2-103,2TTx64,267,6.224,6.136,2.382,55,55,0.04456,4.722861,0.022016,4.731588,4.459,270.6,2.202,271.1,-4.459,2.202,-0.044,TR-07_2-102-E,TR-07_2-104-W
sanjose,13,104,TR-07_2-104,SJ,TR-07_2-104,2TTx64,269,6.278,6.125,2.382,55,55,0.017558,5.070181,0.00871,5.496042,1.756,290.5,0.871,314.9,-1.645,0.617,-0.615,TR-07_2-103-E,TR-07_1-079-W
sanjose,13,105,TR-07_2-105,SJ,TR-07_2-105,2TTx64,234,1.728,4.529,2.382,55,55,,,0.059918,1.553343,,,5.999,89,,-5.998,-0.103,,TR-07_2-106-W
sanjose,13,106,TR-07_2-106,SJ,TR-07_2-106,2TTx64,236,1.704,5.929,2.382,55,55,0.059908,1.569051,0.023806,4.717625,5.998,89.9,2.381,270.3,5.998,2.381,-0.013,TR-07_2-105-E,TR-07_2-107-W
sanjose,13,107,TR-07_2-107,SJ,TR-07_2-107,2TTx64,238,6.345,6.111,2.382,55,55,0.029781,4.888667,0.046047,1.45735,2.979,280.1,4.608,83.5,-2.933,-4.578,-0.522,TR-07_2-106-E,TR-07_2-108-W
sanjose,13,108,TR-07_2-108,SJ,TR-07_2-108,2TTx64,240,6.206,6.12,2.382,55,55,0.00639,5.555383,0.020247,4.949754,0.639,318.3,2.025,283.6,-0.425,1.968,-0.478,TR-07_2-107-E,TR-07_2-109-W
sanjose,13,109,TR-07_2-109,SJ,TR-07_2-109,2TTx64,242,6.28,6.143,2.382,55,55,0.021247,4.953244,0.033308,4.865978,2.125,283.8,3.332,278.8,-2.063,3.293,-0.509,TR-07_2-108-E,TR-07_2-110-W
sanjose,13,110,TR-07_2-110,SJ,TR-07_2-110,2TTx64,245,1.829,5.909,2.382,55,55,0.034586,4.829326,0.056609,4.783947,3.46,276.7,5.667,274.1,-3.436,5.653,-0.404,TR-07_2-109-E,TR-07_2-111-W
sanjose,13,111,TR-07_2-111,SJ,TR-07_2-111,2TTx64,247,6.259,6.169,2.382,55,55,0.055672,4.825835,0.056649,4.822345,5.573,276.5,5.671,276.3,-5.538,5.636,-0.626,TR-07_2-110-E,TR-07_2-112-W
sanjose,13,112,TR-07_2-112,SJ,TR-07_2-112,2TTx64,249,6.238,6.168,2.382,55,55,0.059041,4.930555,0.040717,5.030039,5.911,282.5,4.074,288.2,-5.772,3.869,-1.275,TR-07_2-111-E,TR-07_2-113-W
sanjose,13,113,TR-07_2-113,SJ,TR-07_2-113,2TTx64,251,6.244,6.152,2.382,55,55,0.0099,5.490806,0.062668,4.82409,0.99,314.6,6.275,276.4,-0.705,6.236,-0.695,TR-07_2-112-E,TR-07_2-114-W
sanjose,13,114,TR-07_2-114,SJ,TR-07_2-114,2TTx64,253,6.244,,2.382,55,55,0.051185,4.782202,,,5.123,274,,,-5.111,,-0.354,TR-07_2-113-E,
sanjose,13,115,TR-07_2-115,SJ,TR-07_2-115,2TTx64,262,6.16,6.276,2.382,55,55,,,0.032099,5.64614,,,3.211,323.5,,1.909,-2.582,,TR-07_2-116-W
sanjose,13,116,TR-07_2-116,SJ,TR-07_2-116,2TTx64,263,6.276,6.119,2.382,55,55,0.015289,6.065019,0.046417,5.040511,1.529,347.5,4.645,288.8,-0.331,4.398,-1.493,TR-07_2-115-E,TR-07_2-117-W
sanjose,13,117,TR-07_2-117,SJ,TR-07_2-117,2TTx64,265,6.275,6.155,2.382,55,55,0.016818,1.53589,0.042554,4.726352,1.682,88,4.258,270.8,1.681,4.258,-0.059,TR-07_2-116-E,TR-07_2-118-W
sanjose,13,118,TR-07_2-118,SJ,TR-07_2-118,2TTx64,267,6.224,6.136,2.382,55,55,0.044331,4.64083,0.037223,4.626868,4.436,265.9,3.724,265.1,-4.425,3.711,0.316,TR-07_2-117-E,TR-07_2-119-W
sanjose,13,119,TR-07_2-119,SJ,TR-07_2-119,2TTx64,269,6.278,6.125,2.382,55,55,0.040098,4.647812,0.029561,4.623377,4.012,266.3,2.957,264.9,-4.003,2.945,0.261,TR-07_2-118-E,TR-07_1-097-W
sanjose,15,1,TR-08_1-001,SJ,TR-08_1-001,2TTx64,237,5.929,6.345,2.382,55,55,,,0.029931,0.954695,,,2.994,54.7,,-2.445,-1.728,,TR-08_1-002-W
sanjose,15,3,TR-08_1-003,SJ,TR-08_1-003,2TTx64,240,6.206,6.12,2.382,55,55,,1.56556,0.011889,0.305433,238.252,89.7,1.189,17.5,238.249,-0.357,-1.135,TR-08_1-002-E,TR-08_1-004-W
sanjose,15,4,TR-08_1-004,SJ,TR-08_1-004,2TTx64,242,6.28,6.143,2.382,55,55,0.014159,5.455899,0.019508,5.225516,1.416,312.6,1.951,299.4,-1.043,1.7,-0.958,TR-08_1-003-E,TR-08_1-005-W
sanjose,15,5,TR-08_1-005,SJ,TR-08_1-005,2TTx64,244,4.646,1.829,2.382,55,55,0.024745,4.804891,0.016239,4.852015,2.475,275.3,1.624,278,-2.465,1.608,-0.227,TR-08_1-004-E,TR-08_1-006-W
sanjose,15,6,TR-08_1-006,SJ,TR-08_1-006,2TTx64,247,6.259,6.169,2.382,55,55,0.019078,4.942772,0.024065,4.893903,1.908,283.2,2.407,280.4,-1.857,2.367,-0.437,TR-08_1-005-E,TR-08_1-007-W
sanjose,15,7,TR-08_1-007,SJ,TR-08_1-007,2TTx64,249,6.238,6.168,2.382,55,55,0.020727,4.871214,0.023965,4.85027,2.073,279.1,2.397,277.9,-2.047,2.374,-0.329,TR-08_1-006-E,TR-08_1-008-W
sanjose,15,8,TR-08_1-008,SJ,TR-08_1-008,2TTx64,251,6.244,6.152,2.382,55,55,0.0033,5.756096,0.022476,4.839798,0.33,329.8,2.248,277.3,-0.166,2.23,-0.285,TR-08_1-007-E,TR-08_1-009-W
sanjose,15,9,TR-08_1-009,SJ,TR-08_1-009,2TTx64,253,6.244,,2.382,55,55,0.025564,4.878195,,,2.557,279.5,,,-2.522,,-0.42,TR-08_1-008-E,
sanjose,15,10,TR-08_1-010,SJ,TR-08_1-010,2TTx64,229,6.067,6.299,2.382,55,55,,,0.0088,5.464626,,,0.88,313.1,,0.643,-0.601,,TR-08_1-011-W
sanjose,15,11,TR-08_1-011,SJ,TR-08_1-011,2TTx64,230,6.299,6.098,2.382,55,55,0.019677,4.79791,0.013959,1.450369,1.968,274.9,1.396,83.1,-1.961,-1.386,-0.168,TR-08_1-010-E,TR-08_1-012-W
sanjose,15,12,TR-08_1-012,SJ,TR-08_1-012,2TTx64,232,6.242,6.158,2.382,55,55,0.038551,4.860742,0.065855,4.799655,3.857,278.5,6.595,275,-3.815,6.57,-0.569,TR-08_1-011-E,TR-08_1-013-W
sanjose,15,13,TR-08_1-013,SJ,TR-08_1-013,2TTx64,235,4.529,1.704,2.382,55,55,0.065227,4.740314,0.027163,4.778711,6.532,271.6,2.717,273.8,-6.53,2.711,-0.181,TR-08_1-012-E,TR-08_1-014-W
sanjose,15,14,TR-08_1-014,SJ,TR-08_1-014,2TTx64,238,6.345,6.111,2.382,55,55,0.021537,4.644321,0.020817,4.642576,2.154,266.1,2.082,266,-2.149,2.077,0.147,TR-08_1-013-E,TR-08_1-015-W
sanjose,15,15,TR-08_1-015,SJ,TR-08_1-015,2TTx64,240,6.206,6.12,2.382,55,55,0.014339,4.818854,0.00418,5.084144,1.434,276.1,0.418,291.3,-1.426,0.389,-0.152,TR-08_1-014-E,TR-08_1-016-W
sanjose,15,16,TR-08_1-016,SJ,TR-08_1-016,2TTx64,242,6.28,6.143,2.382,55,55,0.01073,5.318018,0.00954,5.40703,1.073,304.7,0.954,309.8,-0.882,0.733,-0.611,TR-08_1-015-E,TR-08_1-017-W
sanjose,15,17,TR-08_1-017,SJ,TR-08_1-017,2TTx64,244,4.646,1.829,2.382,55,55,0.013309,5.347689,0.018108,5.164429,1.331,306.4,1.811,295.9,-1.071,1.629,-0.79,TR-08_1-016-E,TR-08_1-018-W
sanjose,15,18,TR-08_1-018,SJ,TR-08_1-018,2TTx64,247,6.259,6.169,2.382,55,55,0.018158,5.117305,0.019917,5.078908,1.816,293.2,1.992,291,-1.67,1.859,-0.714,TR-08_1-017-E,TR-08_1-019-W
sanjose,15,19,TR-08_1-019,SJ,TR-08_1-019,2TTx64,249,6.238,6.168,2.382,55,55,0.018608,4.921828,0.00416,5.904449,1.861,282,0.416,338.3,-1.82,0.154,-0.387,TR-08_1-018-E,TR-08_1-020-W
sanjose,15,20,TR-08_1-020,SJ,TR-08_1-020,2TTx64,251,6.244,6.152,2.382,55,55,0.00331,5.112069,0.01128,4.827581,0.331,292.9,1.128,276.6,-0.305,1.121,-0.129,TR-08_1-019-E,TR-08_1-021-W
sanjose,15,21,TR-08_1-021,SJ,TR-08_1-021,2TTx64,253,6.244,,2.382,55,55,0.015089,4.832817,,,1.509,276.9,,,-1.498,,-0.181,TR-08_1-020-E,
sanjose,15,22,TR-08_1-022,SJ,TR-08_1-022,2TTx64,254,,6.282,2.382,55,55,,,0.00623,6.155776,,,0.623,352.7,,0.079,-0.618,,TR-08_1-023-W
sanjose,15,23,TR-08_1-023,SJ,TR-08_1-023,2TTx64,255,6.282,6.126,2.382,55,55,0.00829,5.190609,0.01055,1.200787,0.829,297.4,1.055,68.8,-0.736,-0.983,-0.382,TR-08_1-022-E,TR-08_1-024-W
sanjose,15,24,TR-08_1-024,SJ,TR-08_1-024,2TTx64,257,6.255,6.125,2.382,55,55,0.011919,4.726352,0.024795,1.563815,1.192,270.8,2.48,89.6,-1.192,-2.48,-0.016,TR-08_1-023-E,TR-08_1-025-W
sanjose,15,25,TR-08_1-025,SJ,TR-08_1-025,2TTx64,259,6.317,6.126,2.382,55,55,0.025614,1.937315,0.025265,1.942551,2.562,111,2.527,111.3,2.391,-2.354,0.92,TR-08_1-024-E,
sanjose,15,26,TR-08_1-026,SJ,TR-08_1-026,2TTx64,230,6.299,6.098,2.382,55,55,0.048223,4.00204,0.041257,3.84496,4.826,229.3,4.128,220.3,-3.658,2.67,3.148,TR-08_2-052-E,TR-08_1-027-W
sanjose,15,27,TR-08_1-027,SJ,TR-08_1-027,2TTx64,232,6.242,6.158,2.382,55,55,0.058314,3.956661,0.045259,3.62854,5.838,226.7,4.529,207.9,-4.249,2.118,4.004,TR-08_1-026-E,
sanjose,15,29,TR-08_1-029,SJ,TR-08_1-029,2TTx64,238,6.345,6.111,2.382,55,55,,,0.044111,3.609341,,,4.414,206.8,,1.99,3.94,,TR-08_1-030-W
sanjose,15,30,TR-08_1-030,SJ,TR-08_1-030,2TTx64,240,6.206,6.12,2.382,55,55,0.046846,3.504621,0.048053,3.565708,4.688,200.8,4.809,204.3,-1.662,1.977,4.384,TR-08_1-029-E,TR-08_1-031-W
sanjose,15,31,TR-08_1-031,SJ,TR-08_1-031,2TTx64,242,6.28,6.143,2.382,55,55,0.046147,3.213151,0.053798,2.59705,4.618,184.1,5.385,148.8,-0.332,-2.789,4.606,TR-08_1-030-E,
sanjose,15,32,TR-08_1-032,SJ,TR-08_1-032,2TTx64,259,6.317,6.126,2.382,55,55,0.059978,1.295034,0.021197,5.59378,6.005,74.2,2.12,320.5,5.778,1.349,-1.635,,TR-08_1-033-W
sanjose,15,33,TR-08_1-033,SJ,TR-08_1-033,2TTx64,260,6.126,6.307,2.382,55,55,0.026854,5.365142,0.030091,5.284857,2.686,307.4,3.01,302.8,-2.135,2.531,-1.629,TR-08_1-032-E,TR-08_1-034-W
sanjose,15,34,TR-08_1-034,SJ,TR-08_1-034,2TTx64,262,6.16,6.276,2.382,55,55,0.033757,4.836307,0.018128,4.946263,3.377,277.1,1.813,283.4,-3.351,1.764,-0.42,TR-08_1-033-E,TR-08_1-035-W
sanjose,15,35,TR-08_1-035,SJ,TR-08_1-035,2TTx64,264,6.119,6.275,2.382,55,55,0.014919,4.796165,0.041167,4.74206,1.492,274.8,4.119,271.7,-1.487,4.117,-0.125,TR-08_1-034-E,TR-08_1-036-W
sanjose,15,36,TR-08_1-036,SJ,TR-08_1-036,2TTx64,266,6.155,6.224,2.382,55,55,0.031909,4.773476,0.057108,4.74555,3.192,273.5,5.717,271.9,-3.186,5.714,-0.193,TR-08_1-035-E,
sanjose,15,37,TR-08_1-037,SJ,TR-08_1-037,2TTx64,269,6.278,6.125,2.382,55,55,0.00937,3.029892,0.013889,3.977605,0.937,173.6,1.389,227.9,0.105,1.031,0.931,,
sanjose,15,38,TR-08_1-038,SJ,TR-08_1-038,2TTx64,271,6.259,6.131,2.382,55,55,0.018928,3.15381,,,1.893,180.7,,,-0.024,,1.893,,
sanjose,15,39,TR-08_1-039,SJ,TR-08_1-039,2TTx64,273,6.272,6.115,2.382,55,55,,,0.026864,4.099778,,,2.687,234.9,,2.198,1.545,,
sanjose,15,40,TR-08_1-040,SJ,TR-08_1-040,2TTx64,275,6.321,6.054,2.382,55,55,0.032778,3.876376,0.029981,3.766421,3.279,222.1,2.999,215.8,-2.198,1.754,2.433,,
sanjose,15,41,TR-08_1-041,SJ,TR-08_1-041,2TTx64,253,6.244,,2.382,55,55,,,,,,,,,,,-0.272,,
sanjose,15,43,TR-08_1-043,SJ,TR-08_1-043,2TTx64,254,,6.282,2.382,55,55,,,0.015689,2.871067,,,1.569,164.5,,-0.42,1.512,,TR-08_1-044-W
sanjose,15,44,TR-08_1-044,SJ,TR-08_1-044,2TTx64,256,6.126,6.255,2.382,55,55,0.018598,2.801253,0.025315,2.335251,1.86,160.5,2.532,133.8,0.622,-1.827,1.753,TR-08_1-043-E,
sanjose,15,45,TR-08_1-045,SJ,TR-08_1-045,2TTx64,259,6.317,6.126,2.382,55,55,0.018328,2.782055,0.017258,3.248058,1.833,159.4,1.726,186.1,0.645,0.184,1.716,,TR-08_1-046-W
sanjose,15,46,TR-08_1-046,SJ,TR-08_1-046,2TTx64,260,6.126,6.307,2.382,55,55,0.013729,3.26202,0.015499,3.637266,1.373,186.9,1.55,208.4,-0.164,0.738,1.363,TR-08_1-045-E,TR-08_1-047-W
sanjose,15,47,TR-08_1-047,SJ,TR-08_1-047,2TTx64,262,6.16,6.276,2.382,55,55,0.012839,3.645993,0.020437,4.129449,1.284,208.9,2.044,236.6,-0.62,1.707,1.124,TR-08_1-046-E,TR-08_1-048-W
sanjose,15,48,TR-08_1-048,SJ,TR-08_1-048,2TTx64,264,6.119,6.275,2.382,55,55,0.022096,4.078834,0.013089,3.162537,2.21,233.7,1.309,181.2,-1.781,0.027,1.309,TR-08_1-047-E,TR-08_1-049-W
sanjose,15,49,TR-08_1-049,SJ,TR-08_1-049,2TTx64,266,6.155,6.224,2.382,55,55,0.019268,3.265511,0.036534,4.160865,1.927,187.1,3.655,238.4,-0.237,3.115,1.913,TR-08_1-048-E,
sanjose,15,50,TR-08_1-050,SJ,TR-08_1-050,2TTx64,269,6.278,6.125,2.382,55,55,0.025405,3.118903,0.027273,2.768092,2.541,178.7,2.728,158.6,0.057,-0.995,2.54,,
sanjose,15,52,TR-08_1-052,SJ,TR-08_1-052,2TTx64,277,6.296,6.119,2.382,55,55,0.022496,4.035201,0.027183,4.167846,2.25,231.2,2.719,238.8,-1.754,2.325,1.409,,
sanjose,15,53,TR-08_1-053,SJ,TR-08_1-053,2TTx64,279,6.277,6.123,2.382,55,55,0.025604,4.279547,,,2.561,245.2,,,-2.325,,1.074,,
sanjose,15,54,TR-08_1-054,SJ,TR-08_1-054,2TTx64,281,6.275,6.128,2.382,55,55,,,,,,,,,,,1.782,,
sanjose,14,1,TR-08_1-055,SJ,TR-08_1-055,2TTx64,232,6.242,6.158,2.382,55,55,0.026584,4.98466,0.023696,5.019567,2.659,285.6,2.37,287.6,-2.561,2.26,-0.715,TR-08_2-094-E,TR-08_1-056-W
sanjose,14,2,TR-08_1-056,SJ,TR-08_1-056,2TTx64,235,4.529,1.704,2.382,55,55,0.026654,4.972443,0.00921,5.550147,2.666,284.9,0.921,318,-2.576,0.616,-0.685,TR-08_1-055-E,TR-08_1-057-W
sanjose,14,3,TR-08_1-057,SJ,TR-08_1-057,2TTx64,238,6.345,6.111,2.382,55,55,0.00598,0.10821,0.046247,4.841543,0.598,6.2,4.628,277.4,0.065,4.59,-0.595,TR-08_1-056-E,TR-08_1-058-W
sanjose,14,4,TR-08_1-058,SJ,TR-08_1-058,2TTx64,240,6.206,6.12,2.382,55,55,0.027973,5.054474,0.011559,5.656612,2.798,289.6,1.156,324.1,-2.637,0.678,-0.937,TR-08_1-057-E,TR-08_1-059-W
sanjose,14,5,TR-08_1-059,SJ,TR-08_1-059,2TTx64,242,6.28,6.143,2.382,55,55,0.015619,5.325,0.022896,5.11556,1.562,305.1,2.29,293.1,-1.278,2.107,-0.898,TR-08_1-058-E,
sanjose,14,6,TR-08_1-060,SJ,TR-08_1-060,2TTx64,246,5.909,6.259,2.382,55,55,,,0.023806,2.818707,,,2.381,161.5,,-0.757,2.258,,TR-08_1-061-W
sanjose,14,7,TR-08_1-061,SJ,TR-08_1-061,2TTx64,247,6.259,6.169,2.382,55,55,0.026354,2.427753,0.019947,3.192207,2.636,139.1,1.995,182.9,1.727,0.1,1.992,TR-08_1-060-E,TR-08_1-062-W
sanjose,14,8,TR-08_1-062,SJ,TR-08_1-062,2TTx64,249,6.238,6.168,2.382,55,55,0.020487,3.244567,0.058105,4.354596,2.049,185.9,5.817,249.5,-0.209,5.448,2.039,TR-08_1-061-E,TR-08_1-063-W
sanjose,14,9,TR-08_1-063,SJ,TR-08_1-063,2TTx64,251,6.244,6.152,2.382,55,55,0.023905,3.330088,0.023616,3.035128,2.391,190.8,2.362,173.9,-0.449,-0.252,2.348,TR-08_1-062-E,TR-08_1-064-W
sanjose,14,10,TR-08_1-064,SJ,TR-08_1-064,2TTx64,253,6.244,,2.382,55,55,0.017908,2.80998,,,1.791,161,,,0.583,,1.693,TR-08_1-063-E,
sanjose,14,11,TR-08_1-065,SJ,TR-08_1-065,2TTx64,254,,6.282,2.382,55,55,,,0.083128,4.455826,,,8.332,255.3,,8.06,2.111,,TR-08_1-066-W
sanjose,14,12,TR-08_1-066,SJ,TR-08_1-066,2TTx64,255,6.282,6.126,2.382,55,55,0.093953,4.344125,0.076401,4.253367,9.423,248.9,7.655,243.7,-8.793,6.864,3.389,TR-08_1-065-E,TR-08_1-067-W
sanjose,14,13,TR-08_1-067,SJ,TR-08_1-067,2TTx64,257,6.255,6.125,2.382,55,55,0.100174,4.588471,0.074452,4.544837,10.051,262.9,7.459,260.4,-9.974,7.355,1.24,TR-08_1-066-E,TR-08_1-068-W
sanjose,14,14,TR-08_1-068,SJ,TR-08_1-068,2TTx64,259,6.317,6.126,2.382,55,55,0.105685,4.700172,0.00482,1.839577,10.608,269.3,0.482,105.4,-10.607,-0.465,0.128,TR-08_1-067-E,TR-08_1-069-W
sanjose,14,15,TR-08_1-069,SJ,TR-08_1-069,2TTx64,261,6.307,6.16,2.382,55,55,0.022526,5.440191,0.021627,5.476843,2.253,311.7,2.163,313.8,-1.683,1.56,-1.498,TR-08_1-068-E,
sanjose,14,16,TR-08_1-070,SJ,TR-08_1-070,2TTx64,264,6.119,6.275,2.382,55,55,0.017598,4.815363,0.014969,1.450369,1.76,275.9,1.497,83.1,-1.751,-1.486,-0.18,,TR-08_1-071-W
sanjose,14,17,TR-08_1-071,SJ,TR-08_1-071,2TTx64,265,6.275,6.155,2.382,55,55,0.019937,0.158825,0.028003,0.790634,1.994,9.1,2.801,45.3,0.315,-1.991,-1.969,TR-08_1-070-E,TR-08_1-072-W
sanjose,14,18,TR-08_1-072,SJ,TR-08_1-072,2TTx64,267,6.224,6.136,2.382,55,55,0.032598,0.74351,0.025075,0.293215,3.261,42.6,2.508,16.8,2.206,-0.726,-2.401,TR-08_1-071-E,TR-08_1-073-W
sanjose,14,19,TR-08_1-073,SJ,TR-08_1-073,2TTx64,269,6.278,6.125,2.382,55,55,0.019338,0.544543,0.023616,0.794125,1.934,31.2,2.362,45.5,1.001,-1.686,-1.655,TR-08_1-072-E,TR-08_1-074-W
sanjose,14,20,TR-08_1-074,SJ,TR-08_1-074,2TTx64,271,6.259,6.131,2.382,55,55,0.020457,0.815069,0.014039,0.033161,2.046,46.7,1.404,1.9,1.489,-0.047,-1.403,TR-08_1-073-E,TR-08_1-075-W
sanjose,14,21,TR-08_1-075,SJ,TR-08_1-075,2TTx64,273,6.272,6.115,2.382,55,55,0.00936,0.603884,0.00817,0.338594,0.936,34.6,0.817,19.4,0.531,-0.271,-0.771,TR-08_1-074-E,
sanjose,14,22,TR-08_1-076,SJ,TR-08_1-076,2TTx64,276,6.054,6.296,2.382,55,55,0.00776,4.675737,0.021727,4.700172,0.776,267.9,2.173,269.3,-0.775,2.173,0.028,,TR-08_1-077-W
sanjose,14,23,TR-08_1-077,SJ,TR-08_1-077,2TTx64,277,6.296,6.119,2.382,55,55,0.021946,4.571017,0.046756,4.646066,2.195,261.9,4.679,266.2,-2.173,4.669,0.311,TR-08_1-076-E,TR-08_1-078-W
sanjose,14,24,TR-08_1-078,SJ,TR-08_1-078,2TTx64,279,6.277,6.123,2.382,55,55,0.045968,4.726352,0.016758,4.750786,4.6,270.8,1.676,272.2,-4.6,1.675,-0.063,TR-08_1-077-E,TR-08_1-079-W
sanjose,14,25,TR-08_1-079,SJ,TR-08_1-079,2TTx64,281,6.275,6.128,2.382,55,55,0.0307,1.413717,0.030081,1.410226,3.071,81,3.009,80.8,3.033,-2.97,-0.48,TR-08_1-078-E,TR-08_1-080-W
sanjose,14,26,TR-08_1-080,SJ,TR-08_1-080,2TTx64,283,6.197,6.21,2.382,55,55,0.020877,1.441642,0.041486,1.506219,2.088,82.6,4.151,86.3,2.071,-4.142,-0.268,TR-08_1-079-E,TR-08_1-081-W
sanjose,14,27,TR-08_1-081,SJ,TR-08_1-081,2TTx64,285,6.204,6.19,2.382,55,55,0.029771,1.370083,0.011899,5.234242,2.978,78.5,1.19,299.9,2.918,1.031,-0.594,TR-08_1-080-E,TR-08_1-082-W
sanjose,14,28,TR-08_1-082,SJ,TR-08_1-082,2TTx64,287,6.21,2.384,2.382,55,55,0.013649,5.000368,0.015369,4.967207,1.365,286.5,1.537,284.6,-1.309,1.487,-0.388,TR-08_1-081-E,TR-08_1-083-W
sanjose,14,29,TR-08_1-083,SJ,TR-08_1-083,2TTx64,291,3.75,2.391,2.382,55,55,0.018348,4.944518,0.044551,4.806637,1.835,283.3,4.458,275.4,-1.786,4.438,-0.423,TR-08_1-082-E,
sanjose,14,30,TR-08_1-084,SJ,TR-08_1-084,2TTx64,232,6.242,6.158,2.382,55,55,0.038401,3.918264,0.05639,4.204498,3.842,224.5,5.645,240.9,-2.691,4.934,2.742,TR-08_2-121-E,TR-08_1-085-W
sanjose,14,31,TR-08_1-085,SJ,TR-08_1-085,2TTx64,235,4.529,1.704,2.382,55,55,0.041277,4.138176,0.051455,4.262094,4.13,237.1,5.15,244.2,-3.466,4.635,2.246,TR-08_1-084-E,TR-08_1-086-W
sanjose,14,32,TR-08_1-086,SJ,TR-08_1-086,2TTx64,238,6.345,6.111,2.382,55,55,0.043053,4.235914,0.031779,4.040437,4.308,242.7,3.179,231.5,-3.827,2.489,1.978,TR-08_1-085-E,TR-08_1-087-W
sanjose,14,33,TR-08_1-087,SJ,TR-08_1-087,2TTx64,240,6.206,6.12,2.382,55,55,0.027933,4.08058,0.054576,4.405211,2.794,233.8,5.463,252.4,-2.254,5.208,1.65,TR-08_1-086-E,TR-08_1-088-W
sanjose,14,34,TR-08_1-088,SJ,TR-08_1-088,2TTx64,242,6.28,6.143,2.382,55,55,0.037133,4.303982,0.025185,4.085816,3.715,246.6,2.519,234.1,-3.409,2.04,1.477,TR-08_1-087-E,
sanjose,14,35,TR-08_1-089,SJ,TR-08_1-089,2TTx64,246,5.909,6.259,2.382,55,55,,,0.041356,4.890413,,,4.138,280.2,,4.073,-0.73,,TR-08_1-090-W
sanjose,14,36,TR-08_1-090,SJ,TR-08_1-090,2TTx64,247,6.259,6.169,2.382,55,55,0.033667,4.921828,0.046187,4.864233,3.368,282,4.622,278.7,-3.294,4.568,-0.703,TR-08_1-089-E,TR-08_1-091-W
sanjose,14,37,TR-08_1-091,SJ,TR-08_1-091,2TTx64,249,6.238,6.168,2.382,55,55,0.03918,4.886922,0.046486,4.858997,3.92,280,4.652,278.4,-3.86,4.602,-0.682,TR-08_1-090-E,TR-08_1-092-W
sanjose,14,38,TR-08_1-092,SJ,TR-08_1-092,2TTx64,251,6.244,6.152,2.382,55,55,0.028223,1.260128,0.017988,5.213298,2.823,72.2,1.799,298.7,2.687,1.578,-0.865,TR-08_1-091-E,TR-08_1-093-W
sanjose,14,39,TR-08_1-093,SJ,TR-08_1-093,2TTx64,253,6.244,,2.382,55,55,0.020537,5.497787,,,2.054,315,,,-1.452,,-1.453,TR-08_1-092-E,
sanjose,14,40,TR-08_1-094,SJ,TR-08_1-094,2TTx64,254,,6.282,2.382,55,55,,,0.023716,5.352925,,,2.372,306.7,,1.902,-1.417,,TR-08_1-095-W
sanjose,14,41,TR-08_1-095,SJ,TR-08_1-095,2TTx64,255,6.282,6.126,2.382,55,55,0.033577,5.077163,0.012019,0.073304,3.359,290.9,1.202,4.2,-3.138,-0.087,-1.199,TR-08_1-094-E,TR-08_1-096-W
sanjose,14,42,TR-08_1-096,SJ,TR-08_1-096,2TTx64,257,6.255,6.125,2.382,55,55,0.145299,4.646066,0.062877,4.557055,14.633,266.2,6.296,261.1,-14.601,6.22,0.973,TR-08_1-095-E,TR-08_1-097-W
sanjose,14,43,TR-08_1-097,SJ,TR-08_1-097,2TTx64,259,6.317,6.126,2.382,55,55,0.077614,4.361578,0.036514,3.89383,7.777,249.9,3.653,223.1,-7.305,2.494,2.669,TR-08_1-096-E,TR-08_1-098-W
sanjose,14,44,TR-08_1-098,SJ,TR-08_1-098,2TTx64,261,6.307,6.16,2.382,55,55,0.049938,3.776893,0.079005,4.178318,4.998,216.4,7.917,239.4,-2.963,6.818,4.025,TR-08_1-097-E,
sanjose,14,45,TR-08_1-099,SJ,TR-08_1-099,2TTx64,288,2.384,3.784,2.382,55,55,,,0.031919,5.534439,,,3.193,317.1,,2.173,-2.34,,TR-08_1-100-W
sanjose,14,46,TR-08_1-100,SJ,TR-08_1-100,2TTx64,290,2.468,3.75,2.382,55,55,0.047584,5.265658,0.026144,5.986479,4.762,301.7,2.615,343,-4.053,0.766,-2.5,TR-08_1-099-E,TR-08_1-101-W
sanjose,14,47,TR-08_1-101,SJ,TR-08_1-101,2TTx64,294,2.422,4.238,2.382,55,55,0.027413,5.686283,0.022906,0.144862,2.742,325.8,2.291,8.3,-1.543,-0.332,-2.267,TR-08_1-100-E,TR-08_1-102-W
sanjose,14,48,TR-08_1-102,SJ,TR-08_1-102,2TTx64,297,2.148,4.344,2.382,55,55,0.014719,6.023131,0.014259,0.066323,1.472,345.1,1.426,3.8,-0.378,-0.095,-1.423,TR-08_1-101-E,TR-08_1-103-W
sanjose,14,49,TR-08_1-103,SJ,TR-08_1-103,2TTx64,299,6.219,6.212,2.382,55,55,0.013629,0.708604,0.021217,5.222025,1.363,40.6,2.122,299.2,0.887,1.853,-1.034,TR-08_1-102-E,TR-08_1-104-W
sanjose,14,50,TR-08_1-104,SJ,TR-08_1-104,2TTx64,302,2.183,4.694,2.382,55,55,0.027033,5.295329,0.033927,5.166175,2.704,303.4,3.394,296,-2.259,3.051,-1.487,TR-08_1-103-E,TR-08_1-105-W
sanjose,14,51,TR-08_1-105,SJ,TR-08_1-105,2TTx64,305,2.241,4.477,2.382,55,55,0.03103,5.391322,0.03146,5.38085,3.104,308.9,3.147,308.3,-2.415,2.47,-1.95,TR-08_1-104-E,
sanjose,14,52,TR-08_1-106,SJ,TR-08_1-106,2TTx64,288,2.384,3.784,2.382,55,55,,,0.036554,5.838126,,,3.657,334.5,,1.572,-3.302,,TR-08_1-107-W
sanjose,14,53,TR-08_1-107,SJ,TR-08_1-107,2TTx64,290,2.468,3.75,2.382,55,55,0.047843,5.290093,0.026194,0.068068,4.788,303.1,2.62,3.9,-4.012,-0.18,-2.614,TR-08_1-106-E,TR-08_1-108-W
sanjose,14,54,TR-08_1-108,SJ,TR-08_1-108,2TTx64,294,2.422,4.238,2.382,55,55,0.029441,5.85907,0.026884,6.222099,2.945,335.7,2.689,356.5,-1.212,0.163,-2.684,TR-08_1-107-E,TR-08_1-109-W
sanjose,14,55,TR-08_1-109,SJ,TR-08_1-109,2TTx64,297,2.148,4.344,2.382,55,55,0.036194,0.328122,0.034297,0.048869,3.621,18.8,3.431,2.8,1.169,-0.167,-3.427,TR-08_1-108-E,TR-08_1-110-W
sanjose,14,56,TR-08_1-110,SJ,TR-08_1-110,2TTx64,299,6.219,6.212,2.382,55,55,0.039509,0.26529,0.03942,6.026622,3.953,15.2,3.944,345.3,1.034,0.999,-3.815,TR-08_1-109-E,TR-08_1-111-W
sanjose,14,57,TR-08_1-111,SJ,TR-08_1-111,2TTx64,302,2.183,4.694,2.382,55,55,0.031609,5.995206,0.034217,5.799729,3.162,343.5,3.423,332.3,-0.898,1.589,-3.032,TR-08_1-110-E,TR-08_1-112-W
sanjose,14,58,TR-08_1-112,SJ,TR-08_1-112,2TTx64,305,2.241,4.477,2.382,55,55,0.033348,5.393067,0.024685,5.729916,3.336,309,2.469,328.3,-2.592,1.298,-2.1,TR-08_1-111-E,TR-08_1-113-W
sanjose,14,59,TR-08_1-113,SJ,TR-08_1-113,2TTx64,308,2.228,4.367,2.382,55,55,0.061233,5.375614,0.050228,5.560619,6.131,308,5.027,318.6,-4.833,3.322,-3.772,TR-08_1-112-E,TR-08_1-114-W
sanjose,14,60,TR-08_1-114,SJ,TR-08_1-114,2TTx64,311,2.191,4.401,2.382,55,55,0.041027,5.499532,0.035625,5.667084,4.105,315.1,3.564,324.7,-2.898,2.06,-2.908,TR-08_1-113-E,TR-07_1-007-W
sanjose,14,61,TR-08_1-115,SJ,TR-08_1-115,2TTx64,303,4.694,5.53,2.382,55,55,,,0.045049,0.008727,,,4.508,0.5,,-0.037,-4.508,,TR-08_1-116-W
sanjose,14,62,TR-08_1-116,SJ,TR-08_1-116,2TTx64,305,2.241,4.477,2.382,55,55,0.037852,0.492183,0.042904,5.602507,3.787,28.2,4.293,321,1.79,2.701,-3.337,TR-08_1-115-E,TR-08_1-117-W
sanjose,14,63,TR-08_1-117,SJ,TR-08_1-117,2TTx64,308,2.228,4.367,2.382,55,55,0.059918,5.003859,0.033727,5.248205,5.999,286.7,3.374,300.7,-5.746,2.9,-1.725,TR-08_1-116-E,TR-08_1-118-W
sanjose,14,64,TR-08_1-118,SJ,TR-08_1-118,2TTx64,311,2.191,4.401,2.382,55,55,0.042295,5.188864,0.023716,5.67232,4.232,297.3,2.372,325,-3.76,1.362,-1.942,TR-08_1-117-E,TR-07_1-015-W
sanjose,16,5,TR-08_2-005,SJ,TR-08_2-005,2TTx64,207,6.211,6.278,2.382,55,55,,,0.018888,4.419174,,,1.889,253.2,,1.808,0.547,,TR-08_2-006-W
sanjose,16,6,TR-08_2-006,SJ,TR-08_2-006,2TTx64,208,6.278,6.109,2.382,55,55,0.035325,4.48026,0.015049,4.143412,3.534,256.7,1.505,237.4,-3.44,1.268,0.811,TR-08_2-005-E,TR-08_2-007-W
sanjose,16,7,TR-08_2-007,SJ,TR-08_2-007,2TTx64,210,6.217,6.173,2.382,55,55,0.024025,4.307473,0.03945,4.469788,2.403,246.8,3.947,256.1,-2.209,3.832,0.945,TR-08_2-006-E,TR-08_2-008-W
sanjose,16,8,TR-08_2-008,SJ,TR-08_2-008,2TTx64,212,6.213,6.191,2.382,55,55,0.036184,4.34936,0.033048,4.312709,3.62,249.2,3.306,247.1,-3.384,3.045,1.287,TR-08_2-007-E,TR-08_2-009-W
sanjose,16,9,TR-08_2-009,SJ,TR-08_2-009,2TTx64,214,6.202,6.172,2.382,55,55,0.029282,4.153884,0.028083,4.127704,2.929,238,2.809,236.5,-2.484,2.342,1.551,TR-08_2-008-E,TR-08_2-010-W
sanjose,16,10,TR-08_2-010,SJ,TR-08_2-010,2TTx64,216,6.226,6.186,2.382,55,55,0.03121,4.180064,0.052342,4.405211,3.122,239.5,5.239,252.4,-2.691,4.994,1.583,TR-08_2-009-E,TR-08_2-011-W
sanjose,16,11,TR-08_2-011,SJ,TR-08_2-011,2TTx64,218,6.222,6.128,2.382,55,55,0.048392,4.283038,0.020447,3.303908,4.843,245.4,2.045,189.3,-4.402,0.33,2.019,TR-08_2-010-E,TR-08_2-012-W
sanjose,16,12,TR-08_2-012,SJ,TR-08_2-012,2TTx64,220,6.306,6.085,2.382,55,55,0.020387,3.672173,0.042005,4.281293,2.039,210.4,4.203,245.3,-1.031,3.817,1.759,TR-08_2-011-E,
sanjose,16,13,TR-08_2-013,SJ,TR-08_2-013,2TTx64,223,6.268,6.167,2.382,55,55,0.022626,3.696607,0.024435,3.806563,2.263,211.8,2.444,218.1,-1.192,1.508,1.924,,TR-08_2-014-W
sanjose,16,14,TR-08_2-014,SJ,TR-08_2-014,2TTx64,224,6.167,6.162,2.382,55,55,0.022566,3.759439,0.025784,3.918264,2.257,215.4,2.579,224.5,-1.308,1.808,1.839,TR-08_2-013-E,
sanjose,16,15,TR-08_2-015,SJ,TR-08_2-015,2TTx64,187,6.229,6.202,2.382,55,55,,,0.028942,4.513421,,,2.895,258.6,,2.838,0.572,,TR-08_2-016-W
sanjose,16,16,TR-08_2-016,SJ,TR-08_2-016,2TTx64,188,6.202,6.169,2.382,55,55,0.03067,4.445354,0.027733,4.417428,3.068,254.7,2.774,253.1,-2.96,2.654,0.807,TR-08_2-015-E,TR-08_2-017-W
sanjose,16,17,TR-08_2-017,SJ,TR-08_2-017,2TTx64,190,6.237,6.132,2.382,55,55,0.031779,4.447099,0.036883,4.483751,3.179,254.8,3.69,256.9,-3.068,3.595,0.833,TR-08_2-016-E,TR-08_2-018-W
sanjose,16,18,TR-08_2-018,SJ,TR-08_2-018,2TTx64,192,6.238,6.202,2.382,55,55,0.028123,4.406956,0.045339,4.523893,2.813,252.5,4.537,259.2,-2.682,4.457,0.848,TR-08_2-017-E,TR-08_2-019-W
sanjose,16,19,TR-08_2-019,SJ,TR-08_2-019,2TTx64,194,6.257,6.089,2.382,55,55,0.044022,4.482006,0.026314,4.31969,4.405,256.8,2.632,247.5,-4.288,2.432,1.007,TR-08_2-018-E,
sanjose,16,20,TR-08_2-020,SJ,TR-08_2-020,2TTx64,196,6.273,6.159,2.382,55,55,0.026454,4.307473,0.01126,3.525565,2.646,246.8,1.126,202,-2.432,0.422,1.044,,
sanjose,16,21,TR-08_2-021,SJ,TR-08_2-021,2TTx64,199,6.248,6.2,2.382,55,55,0.022056,4.087561,0.023316,4.125958,2.206,234.2,2.332,236.4,-1.79,1.943,1.29,,TR-08_2-022-W
sanjose,16,22,TR-08_2-022,SJ,TR-08_2-022,2TTx64,200,6.2,6.18,2.382,55,55,0.03156,4.120722,0.020687,3.694862,3.157,236.1,2.069,211.7,-2.621,1.088,1.76,TR-08_2-021-E,TR-08_2-023-W
sanjose,16,23,TR-08_2-023,SJ,TR-08_2-023,2TTx64,202,6.219,6.203,2.382,55,55,0.024175,3.644247,0.021447,2.984513,2.418,208.8,2.145,171,-1.166,-0.337,2.118,TR-08_2-022-E,TR-08_2-024-W
sanjose,16,24,TR-08_2-024,SJ,TR-08_2-024,2TTx64,204,6.221,6.143,2.382,55,55,0.027653,3.431317,0.026614,3.0456,2.766,196.6,2.662,174.5,-0.792,-0.256,2.65,TR-08_2-023-E,TR-08_2-025-W
sanjose,16,25,TR-08_2-025,SJ,TR-08_2-025,2TTx64,206,6.227,6.211,2.382,55,55,0.037413,3.20966,0.037572,3.25853,3.743,183.9,3.759,186.7,-0.257,0.436,3.734,TR-08_2-024-E,TR-08_2-026-W
sanjose,16,26,TR-08_2-026,SJ,TR-08_2-026,2TTx64,208,6.278,6.109,2.382,55,55,0.040358,3.043854,0.054795,3.890339,4.038,174.4,5.485,222.9,0.392,3.733,4.019,TR-08_2-025-E,
sanjose,16,27,TR-08_2-027,SJ,TR-08_2-027,2TTx64,179,6.205,6.18,2.382,55,55,0.028232,4.50644,0.04916,4.595452,2.824,258.2,4.92,263.3,-2.765,4.886,0.575,TR-09_1-041-E,TR-08_2-028-W
sanjose,16,28,TR-08_2-028,SJ,TR-08_2-028,2TTx64,181,6.219,6.171,2.382,55,55,0.040558,4.47677,0.029362,4.384267,4.058,256.5,2.937,251.2,-3.947,2.781,0.945,TR-08_2-027-E,TR-08_2-029-W
sanjose,16,29,TR-08_2-029,SJ,TR-08_2-029,2TTx64,183,6.202,6.22,2.382,55,55,0.030421,4.370304,0.014119,3.904302,3.043,250.4,1.412,223.7,-2.867,0.975,1.021,TR-08_2-028-E,
sanjose,16,30,TR-08_2-030,SJ,TR-08_2-030,2TTx64,185,,6.229,2.382,55,55,,,0.033408,3.714061,,,3.342,212.8,,1.811,2.809,,TR-08_2-031-W
sanjose,16,31,TR-08_2-031,SJ,TR-08_2-031,2TTx64,186,6.229,6.229,2.382,55,55,0.026943,3.099705,0.042235,4.021239,2.695,177.6,4.226,230.4,0.115,3.257,2.693,TR-08_2-030-E,TR-08_2-032-W
sanjose,16,32,TR-08_2-032,SJ,TR-08_2-032,2TTx64,188,6.202,6.169,2.382,55,55,0.036244,3.858923,0.028562,3.438299,3.626,221.1,2.857,197,-2.384,0.835,2.732,TR-08_2-031-E,TR-08_2-033-W
sanjose,16,33,TR-08_2-033,SJ,TR-08_2-033,2TTx64,191,6.132,6.238,2.382,55,55,,4.707153,,1.581268,592.814,269.7,251.927,90.6,-592.808,-251.913,2.7,TR-08_2-032-E,TR-08_2-034-W
sanjose,16,34,TR-08_2-034,SJ,TR-08_2-034,2TTx64,192,6.238,6.202,2.382,55,55,,1.581268,0.030201,3.801327,233.56,90.6,3.021,217.8,233.548,1.853,2.386,TR-08_2-033-E,
sanjose,16,37,TR-08_2-037,SJ,TR-08_2-037,2TTx64,199,6.248,6.2,2.382,55,55,,,0.0096,3.618068,,,0.96,207.3,,0.441,0.853,,TR-08_2-038-W
sanjose,16,38,TR-08_2-038,SJ,TR-08_2-038,2TTx64,200,6.2,6.18,2.382,55,55,0.014579,4.195772,0.00721,3.134611,1.458,240.4,0.721,179.6,-1.267,-0.005,0.721,TR-08_2-037-E,TR-08_2-039-W
sanjose,16,39,TR-08_2-039,SJ,TR-08_2-039,2TTx64,202,6.219,6.203,2.382,55,55,0.00519,3.998549,0.03116,4.602433,0.519,229.1,3.117,263.7,-0.392,3.098,0.34,TR-08_2-038-E,
sanjose,16,40,TR-08_2-040,SJ,TR-08_2-040,2TTx64,204,6.221,6.143,2.382,55,55,0.03139,4.548328,0.028262,4.530875,3.14,260.6,2.827,259.6,-3.098,2.78,0.512,,TR-08_2-041-W
sanjose,16,41,TR-08_2-041,SJ,TR-08_2-041,2TTx64,206,6.227,6.211,2.382,55,55,0.040348,4.539601,0.028392,4.466298,4.037,260.1,2.84,255.9,-3.977,2.754,0.692,TR-08_2-040-E,TR-08_2-042-W
sanjose,16,42,TR-08_2-042,SJ,TR-08_2-042,2TTx64,208,6.278,6.109,2.382,55,55,0.03073,4.328417,0.035405,4.382522,3.074,248,3.542,251.1,-2.851,3.35,1.15,TR-08_2-041-E,TR-08_2-043-W
sanjose,16,43,TR-08_2-043,SJ,TR-08_2-043,2TTx64,210,6.217,6.173,2.382,55,55,0.039589,4.321435,0.03056,4.197517,3.961,247.6,3.057,240.5,-3.663,2.66,1.507,TR-08_2-042-E,TR-08_2-044-W
sanjose,16,44,TR-08_2-044,SJ,TR-08_2-044,2TTx64,212,6.213,6.191,2.382,55,55,0.027323,4.049164,0.041726,4.297001,2.733,232,4.175,246.2,-2.153,3.821,1.683,TR-08_2-043-E,TR-08_2-045-W
sanjose,16,45,TR-08_2-045,SJ,TR-08_2-045,2TTx64,214,6.202,6.172,2.382,55,55,0.033837,4.160865,0.032149,4.127704,3.385,238.4,3.216,236.5,-2.883,2.683,1.774,TR-08_2-044-E,TR-08_2-046-W
sanjose,16,46,TR-08_2-046,SJ,TR-08_2-046,2TTx64,216,6.226,6.186,2.382,55,55,0.046786,4.26733,0.027523,3.892084,4.682,244.5,2.753,223,-4.227,1.877,2.014,TR-08_2-045-E,TR-08_2-047-W
sanjose,16,47,TR-08_2-047,SJ,TR-08_2-047,2TTx64,218,6.222,6.128,2.382,55,55,0.025335,3.769911,0.030541,3.97586,2.534,216,3.055,227.8,-1.488,2.264,2.051,TR-08_2-046-E,TR-08_2-048-W
sanjose,16,48,TR-08_2-048,SJ,TR-08_2-048,2TTx64,220,6.306,6.085,2.382,55,55,0.027393,3.857178,0.036584,4.111996,2.74,221,3.66,235.6,-1.798,3.02,2.067,TR-08_2-047-E,TR-08_2-049-W
sanjose,16,49,TR-08_2-049,SJ,TR-08_2-049,2TTx64,222,6.21,6.268,2.382,55,55,0.03106,3.878122,0.052173,4.255113,3.107,222.2,5.222,243.8,-2.087,4.687,2.302,TR-08_2-048-E,TR-08_2-050-W
sanjose,16,50,TR-08_2-050,SJ,TR-08_2-050,2TTx64,224,6.167,6.162,2.382,55,55,0.024905,3.420845,0.048831,4.201008,2.491,196,4.887,240.7,-0.686,4.26,2.394,TR-08_2-049-E,TR-08_2-051-W
sanjose,16,51,TR-08_2-051,SJ,TR-08_2-051,2TTx64,226,6.193,6.167,2.382,55,55,0.039579,4.014257,0.028622,3.616322,3.96,230,2.863,207.2,-3.034,1.31,2.546,TR-08_2-050-E,TR-08_2-052-W
sanjose,16,52,TR-08_2-052,SJ,TR-08_2-052,2TTx64,228,6.263,6.067,2.382,55,55,0.026774,3.562217,0.053339,4.237659,2.678,204.1,5.339,242.8,-1.095,4.747,2.444,TR-08_2-051-E,TR-08_1-026-W
sanjose,16,53,TR-08_2-053,SJ,TR-08_2-053,2TTx64,179,6.205,6.18,2.382,55,55,0.024055,3.829252,0.046137,4.297001,2.406,219.4,4.617,246.2,-1.526,4.226,1.86,TR-09_1-068-E,TR-08_2-054-W
sanjose,16,54,TR-08_2-054,SJ,TR-08_2-054,2TTx64,181,6.219,6.171,2.382,55,55,0.038122,4.192281,0.03067,4.047419,3.814,240.2,3.068,231.9,-3.311,2.414,1.893,TR-08_2-053-E,TR-08_2-055-W
sanjose,16,55,TR-08_2-055,SJ,TR-08_2-055,2TTx64,183,6.202,6.22,2.382,55,55,0.026854,3.940953,0.034836,4.145157,2.686,225.8,3.485,237.5,-1.926,2.939,1.873,TR-08_2-054-E,
sanjose,16,56,TR-08_2-056,SJ,TR-08_2-056,2TTx64,185,,6.229,2.382,55,55,,,0.023865,4.571017,,,2.387,261.9,,2.363,0.336,,TR-08_2-057-W
sanjose,16,57,TR-08_2-057,SJ,TR-08_2-057,2TTx64,186,6.229,6.229,2.382,55,55,0.026374,4.705408,0.021667,4.703662,2.638,269.6,2.167,269.5,-2.638,2.167,0.02,TR-08_2-056-E,TR-08_2-058-W
sanjose,16,58,TR-08_2-058,SJ,TR-08_2-058,2TTx64,188,6.202,6.169,2.382,55,55,0.023386,4.799655,0.00274,5.555383,2.339,275,0.274,318.3,-2.33,0.182,-0.204,TR-08_2-057-E,TR-08_2-059-W
sanjose,16,59,TR-08_2-059,SJ,TR-08_2-059,2TTx64,190,6.237,6.132,2.382,55,55,0.022316,4.541347,0.018658,4.50644,2.232,260.2,1.866,258.2,-2.199,1.827,0.381,TR-08_2-058-E,TR-08_2-060-W
sanjose,16,60,TR-08_2-060,SJ,TR-08_2-060,2TTx64,192,6.238,6.202,2.382,55,55,0.020597,4.45408,0.00957,4.131194,2.06,255.2,0.957,236.7,-1.992,0.8,0.525,TR-08_2-059-E,
sanjose,16,61,TR-08_2-061,SJ,TR-08_2-061,2TTx64,195,6.089,6.273,2.382,55,55,,,0.026894,4.145157,,,2.69,237.5,,2.269,1.445,,TR-08_2-062-W
sanjose,16,62,TR-08_2-062,SJ,TR-08_2-062,2TTx64,196,6.273,6.159,2.382,55,55,0.020757,3.986332,0.036124,4.321435,2.076,228.4,3.614,247.6,-1.552,3.341,1.378,TR-08_2-061-E,TR-08_2-063-W
sanjose,16,63,TR-08_2-063,SJ,TR-08_2-063,2TTx64,198,6.158,6.248,2.382,55,55,0.035056,4.34587,0.019398,4.007276,3.507,249,1.94,229.6,-3.274,1.478,1.256,TR-08_2-062-E,TR-08_2-064-W
sanjose,16,64,TR-08_2-064,SJ,TR-08_2-064,2TTx64,200,6.2,6.18,2.382,55,55,0.022976,3.895575,0.028352,4.08058,2.298,223.2,2.836,233.8,-1.573,2.288,1.676,TR-08_2-063-E,TR-08_2-065-W
sanjose,16,65,TR-08_2-065,SJ,TR-08_2-065,2TTx64,202,6.219,6.203,2.382,55,55,0.036034,4.180064,0.034346,4.150393,3.605,239.5,3.436,237.8,-3.107,2.909,1.829,TR-08_2-064-E,TR-08_2-066-W
sanjose,16,66,TR-08_2-066,SJ,TR-08_2-066,2TTx64,204,6.221,6.143,2.382,55,55,0.032359,4.045673,0.020027,3.12763,3.237,231.8,2.003,179.2,-2.543,-0.029,2.003,TR-08_2-065-E,TR-08_2-067-W
sanjose,16,67,TR-08_2-067,SJ,TR-08_2-067,2TTx64,206,6.227,6.211,2.382,55,55,0.032958,4.010767,0.029571,3.909538,3.297,229.8,2.958,224,-2.519,2.055,2.127,TR-08_2-066-E,
sanjose,16,68,TR-08_2-068,SJ,TR-08_2-068,2TTx64,179,6.205,6.18,2.382,55,55,0.030351,4.839798,0.021167,4.897394,3.036,277.3,2.117,280.6,-3.011,2.081,-0.388,TR-09_1-095-E,TR-08_2-069-W
sanjose,16,69,TR-08_2-069,SJ,TR-08_2-069,2TTx64,181,6.219,6.171,2.382,55,55,0.018648,4.872959,0.030031,4.811873,1.865,279.2,3.004,275.7,-1.841,2.989,-0.299,TR-08_2-068-E,TR-08_2-070-W
sanjose,16,70,TR-08_2-070,SJ,TR-08_2-070,2TTx64,183,6.202,6.22,2.382,55,55,0.027433,5.050983,0.03934,4.946263,2.744,289.4,3.936,283.4,-2.588,3.829,-0.912,TR-08_2-069-E,
sanjose,16,72,TR-08_2-072,SJ,TR-08_2-072,2TTx64,186,6.229,6.229,2.382,55,55,,1.574287,0.023296,3.801327,586.02,90.2,2.33,217.8,586.017,1.427,1.842,TR-08_2-071-E,TR-08_2-073-W
sanjose,16,73,TR-08_2-073,SJ,TR-08_2-073,2TTx64,188,6.202,6.169,2.382,55,55,,1.583014,0.110518,4.571017,124.98,90.7,11.097,261.9,124.97,10.987,1.558,TR-08_2-072-E,TR-08_2-074-W
sanjose,16,74,TR-08_2-074,SJ,TR-08_2-074,2TTx64,190,6.237,6.132,2.382,55,55,0.021667,3.974115,0.03135,4.228933,2.167,227.7,3.136,242.3,-1.602,2.776,1.46,TR-08_2-073-E,TR-08_2-075-W
sanjose,16,75,TR-08_2-075,SJ,TR-08_2-075,2TTx64,192,6.238,6.202,2.382,55,55,0.025594,4.071853,0.035245,4.263839,2.56,233.3,3.526,244.3,-2.053,3.178,1.529,TR-08_2-074-E,TR-08_2-076-W
sanjose,16,76,TR-08_2-076,SJ,TR-08_2-076,2TTx64,194,6.257,6.089,2.382,55,55,0.034067,4.122468,0.019258,2.965314,3.408,236.2,1.926,169.9,-2.832,-0.339,1.896,TR-08_2-075-E,TR-08_2-077-W
sanjose,16,77,TR-08_2-077,SJ,TR-08_2-077,2TTx64,196,6.273,6.159,2.382,55,55,0.021667,3.326598,0.021627,2.96706,2.167,190.6,2.163,170,-0.399,-0.375,2.13,TR-08_2-076-E,TR-08_2-078-W
sanjose,16,78,TR-08_2-078,SJ,TR-08_2-078,2TTx64,198,6.158,6.248,2.382,55,55,0.031599,3.911283,0.026334,3.672173,3.161,224.1,2.634,210.4,-2.198,1.333,2.271,TR-08_2-077-E,TR-08_2-079-W
sanjose,16,79,TR-08_2-079,SJ,TR-08_2-079,2TTx64,200,6.2,6.18,2.382,55,55,0.028362,3.478441,0.028063,3.44528,2.837,199.3,2.807,197.4,-0.937,0.839,2.678,TR-08_2-078-E,TR-08_2-080-W
sanjose,16,80,TR-08_2-080,SJ,TR-08_2-080,2TTx64,202,6.219,6.203,2.382,55,55,0.031729,3.230604,0.051026,4.045673,3.174,185.1,5.107,231.8,-0.28,4.011,3.162,TR-08_2-079-E,TR-08_2-081-W
sanjose,16,81,TR-08_2-081,SJ,TR-08_2-081,2TTx64,204,6.221,6.143,2.382,55,55,0.05297,4.085816,0.03112,3.195698,5.302,234.1,3.113,183.1,-4.295,0.169,3.108,TR-08_2-080-E,TR-08_2-082-W
sanjose,16,82,TR-08_2-082,SJ,TR-08_2-082,2TTx64,206,6.227,6.211,2.382,55,55,0.05656,4.073598,0.034117,2.99324,5.662,233.4,3.413,171.5,-4.546,-0.502,3.376,TR-08_2-081-E,
sanjose,16,83,TR-08_2-083,SJ,TR-08_2-083,2TTx64,209,6.109,6.217,2.382,55,55,0.045838,2.324779,0.042075,3.869395,4.587,133.2,4.21,221.7,3.342,2.802,3.142,,TR-08_2-084-W
sanjose,16,84,TR-08_2-084,SJ,TR-08_2-084,2TTx64,210,6.217,6.173,2.382,55,55,0.049559,3.741986,0.042834,3.443535,4.96,214.4,4.286,197.3,-2.802,1.274,4.092,TR-08_2-083-E,TR-08_2-085-W
sanjose,16,85,TR-08_2-085,SJ,TR-08_2-085,2TTx64,212,6.213,6.191,2.382,55,55,0.04918,3.34056,0.054935,3.642502,4.922,191.4,5.499,208.7,-0.97,2.637,4.826,TR-08_2-084-E,TR-08_2-086-W
sanjose,16,86,TR-08_2-086,SJ,TR-08_2-086,2TTx64,214,6.202,6.172,2.382,55,55,0.048412,3.574434,0.048771,3.590142,4.845,204.8,4.881,205.7,-2.033,2.117,4.398,TR-08_2-085-E,TR-08_2-087-W
sanjose,16,87,TR-08_2-087,SJ,TR-08_2-087,2TTx64,216,6.226,6.186,2.382,55,55,0.045229,3.003712,0.064431,3.944444,4.526,172.1,6.452,226,0.625,4.641,4.482,TR-08_2-086-E,TR-08_2-088-W
sanjose,16,88,TR-08_2-088,SJ,TR-08_2-088,2TTx64,218,6.222,6.128,2.382,55,55,0.05939,4.125958,0.034227,3.424336,5.946,236.4,3.424,196.2,-4.954,0.957,3.287,TR-08_2-087-E,
sanjose,16,89,TR-08_2-089,SJ,TR-08_2-089,2TTx64,221,6.085,6.21,2.382,55,55,0.00562,4.323181,0.045049,4.665265,0.562,247.7,4.508,267.3,-0.52,4.503,0.213,,TR-08_2-090-W
sanjose,16,90,TR-08_2-090,SJ,TR-08_2-090,2TTx64,222,6.21,6.268,2.382,55,55,0.018518,4.76824,0.058792,4.729842,1.852,273.2,5.886,271,-1.849,5.885,-0.104,TR-08_2-089-E,TR-08_2-091-W
sanjose,16,91,TR-08_2-091,SJ,TR-08_2-091,2TTx64,224,6.167,6.162,2.382,55,55,0.022196,4.864233,0.037043,4.803146,2.22,278.7,3.706,275.2,-2.194,3.691,-0.336,TR-08_2-090-E,TR-08_2-092-W
sanjose,16,92,TR-08_2-092,SJ,TR-08_2-092,2TTx64,226,6.193,6.167,2.382,55,55,0.035725,4.855506,0.042125,4.832817,3.574,278.2,4.215,276.9,-3.538,4.184,-0.508,TR-08_2-091-E,TR-08_2-093-W
sanjose,16,93,TR-08_2-093,SJ,TR-08_2-093,2TTx64,228,6.263,6.067,2.382,55,55,0.037522,4.9323,0.022646,5.082399,3.754,282.6,2.265,291.2,-3.663,2.112,-0.82,TR-08_2-092-E,TR-08_2-094-W
sanjose,16,94,TR-08_2-094,SJ,TR-08_2-094,2TTx64,230,6.299,6.098,2.382,55,55,0.029392,5.044002,0.032419,5.012586,2.94,289,3.243,287.2,-2.779,3.098,-0.959,TR-08_2-093-E,TR-08_1-055-W
sanjose,16,95,TR-08_2-095,SJ,TR-08_2-095,2TTx64,179,6.205,6.18,2.382,55,55,0.03156,6.040585,0.033188,5.888741,3.157,346.1,3.32,337.4,-0.758,1.278,-3.064,TR-09_1-122-E,TR-08_2-096-W
sanjose,16,96,TR-08_2-096,SJ,TR-08_2-096,2TTx64,181,6.219,6.171,2.382,55,55,0.022776,5.977753,0.022116,6.092944,2.278,342.5,2.212,349.1,-0.685,0.418,-2.172,TR-08_2-095-E,TR-08_2-097-W
sanjose,16,97,TR-08_2-097,SJ,TR-08_2-097,2TTx64,183,6.202,6.22,2.382,55,55,0.016958,5.729916,0.040009,5.080653,1.696,328.3,4.003,291.1,-0.891,3.734,-1.444,TR-08_2-096-E,
sanjose,16,98,TR-08_2-098,SJ,TR-08_2-098,2TTx64,185,,6.229,2.382,55,55,,,0.028472,5.691519,,,2.848,326.1,,1.587,-2.365,,TR-08_2-099-W
sanjose,16,99,TR-08_2-099,SJ,TR-08_2-099,2TTx64,186,6.229,6.229,2.382,55,55,0.022256,5.770059,0.026324,5.539675,2.226,330.6,2.633,317.4,-1.094,1.782,-1.939,TR-08_2-098-E,TR-08_2-100-W
sanjose,16,100,TR-08_2-100,SJ,TR-08_2-100,2TTx64,188,6.202,6.169,2.382,55,55,0.00978,5.305801,0.056759,4.808382,0.978,304,5.682,275.5,-0.81,5.656,-0.547,TR-08_2-099-E,TR-08_2-101-W
sanjose,16,101,TR-08_2-101,SJ,TR-08_2-101,2TTx64,190,6.237,6.132,2.382,55,55,0.00369,2.663372,0.022306,4.565781,0.369,152.6,2.231,261.6,0.17,2.207,0.328,TR-08_2-100-E,TR-08_2-102-W
sanjose,16,102,TR-08_2-102,SJ,TR-08_2-102,2TTx64,192,6.238,6.202,2.382,55,55,0.022016,4.696681,0.00269,4.577999,2.202,269.1,0.269,262.3,-2.202,0.267,0.036,TR-08_2-101-E,
sanjose,16,103,TR-08_2-103,SJ,TR-08_2-103,2TTx64,194,6.257,6.089,2.382,55,55,0.00544,3.654719,0.00859,2.155482,0.544,209.4,0.859,123.5,-0.267,-0.716,0.474,,TR-08_2-104-W
sanjose,16,104,TR-08_2-104,SJ,TR-08_2-104,2TTx64,196,6.273,6.159,2.382,55,55,0.00227,2.827433,0.023965,4.621632,0.227,162,2.397,264.8,0.07,2.387,0.216,TR-08_2-103-E,TR-08_2-105-W
sanjose,16,105,TR-08_2-105,SJ,TR-08_2-105,2TTx64,198,6.158,6.248,2.382,55,55,0.016389,4.832817,0.019597,4.811873,1.639,276.9,1.96,275.7,-1.627,1.95,-0.196,TR-08_2-104-E,TR-08_2-106-W
sanjose,16,106,TR-08_2-106,SJ,TR-08_2-106,2TTx64,200,6.2,6.18,2.382,55,55,0.00949,1.040216,0.049051,4.810127,0.949,59.6,4.909,275.6,0.819,4.885,-0.48,TR-08_2-105-E,TR-08_2-107-W
sanjose,16,107,TR-08_2-107,SJ,TR-08_2-107,2TTx64,202,6.219,6.203,2.382,55,55,0.03939,4.993387,0.066163,4.878195,3.941,286.1,6.626,279.5,-3.786,6.535,-1.094,TR-08_2-106-E,TR-08_2-108-W
sanjose,16,108,TR-08_2-108,SJ,TR-08_2-108,2TTx64,204,6.221,6.143,2.382,55,55,0.061343,4.810127,0.064809,1.478294,6.142,275.6,6.49,84.7,-6.112,-6.462,-0.604,TR-08_2-107-E,TR-08_2-109-W
sanjose,16,109,TR-08_2-109,SJ,TR-08_2-109,2TTx64,206,6.227,6.211,2.382,55,55,0.023646,4.813618,0.046816,4.763004,2.365,275.8,4.685,272.9,-2.353,4.679,-0.237,TR-08_2-108-E,
sanjose,16,110,TR-08_2-110,SJ,TR-08_2-110,2TTx64,209,6.109,6.217,2.382,55,55,0.03921,5.218534,0.0621,5.023058,3.923,299,6.218,287.8,-3.431,5.92,-1.903,,TR-08_2-111-W
sanjose,16,111,TR-08_2-111,SJ,TR-08_2-111,2TTx64,210,6.217,6.173,2.382,55,55,0.069259,5.260422,0.043293,5.700245,6.937,301.4,4.332,326.6,-5.92,2.386,-3.615,TR-08_2-110-E,TR-08_2-112-W
sanjose,16,112,TR-08_2-112,SJ,TR-08_2-112,2TTx64,212,6.213,6.191,2.382,55,55,0.045339,6.04233,0.058802,5.558874,4.537,346.2,5.887,318.5,-1.082,3.904,-4.406,TR-08_2-111-E,TR-08_2-113-W
sanjose,16,113,TR-08_2-113,SJ,TR-08_2-113,2TTx64,214,6.202,6.172,2.382,55,55,0.051784,5.701991,0.071189,0.918043,5.183,326.7,7.131,52.6,-2.845,-5.665,-4.332,TR-08_2-112-E,TR-08_2-114-W
sanjose,16,114,TR-08_2-114,SJ,TR-08_2-114,2TTx64,216,6.226,6.186,2.382,55,55,0.035915,0.008727,0.038481,5.916666,3.593,0.5,3.85,339,0.031,1.382,-3.593,TR-08_2-113-E,TR-08_2-115-W
sanjose,16,115,TR-08_2-115,SJ,TR-08_2-115,2TTx64,218,6.222,6.128,2.382,55,55,0.026124,5.761332,0.022876,0.137881,2.613,330.1,2.288,7.9,-1.301,-0.316,-2.267,TR-08_2-114-E,
sanjose,16,116,TR-08_2-116,SJ,TR-08_2-116,2TTx64,221,6.085,6.21,2.382,55,55,0.111308,4.806637,0.048951,4.927064,11.177,275.4,4.899,282.3,-11.128,4.786,-1.046,,TR-08_2-117-W
sanjose,16,117,TR-08_2-117,SJ,TR-08_2-117,2TTx64,222,6.21,6.268,2.382,55,55,0.091246,4.804891,0.034676,4.956735,9.15,275.3,3.469,284,-9.111,3.366,-0.84,TR-08_2-116-E,TR-08_2-118-W
sanjose,16,118,TR-08_2-118,SJ,TR-08_2-118,2TTx64,224,6.167,6.162,2.382,55,55,0.00328,3.558726,0.003,3.178245,0.328,203.9,0.3,182.1,-0.133,0.011,0.3,TR-08_2-117-E,TR-08_2-119-W
sanjose,16,119,TR-08_2-119,SJ,TR-08_2-119,2TTx64,226,6.193,6.167,2.382,55,55,0.018408,3.345796,0.021936,3.748967,1.841,191.7,2.194,214.8,-0.373,1.251,1.803,TR-08_2-118-E,TR-08_2-120-W
sanjose,16,120,TR-08_2-120,SJ,TR-08_2-120,2TTx64,228,6.263,6.067,2.382,55,55,0.029671,2.890265,0.031779,3.581416,2.968,165.6,3.179,205.2,0.736,1.355,2.876,TR-08_2-119-E,TR-08_2-121-W
sanjose,16,121,TR-08_2-121,SJ,TR-08_2-121,2TTx64,230,6.299,6.098,2.382,55,55,0.035385,3.195698,0.03937,3.598869,3.54,183.1,3.939,206.2,-0.191,1.738,3.535,TR-08_2-120-E,TR-08_1-084-W
sanjose,17,1,TR-09_1-001,SJ,TR-09_1-001,2TTx64,128,6.76,5.816,2.382,55,55,0.034336,4.600688,0.020607,4.525639,3.435,263.6,2.061,259.3,-3.414,2.025,0.382,,TR-09_1-002-W
sanjose,17,2,TR-09_1-002,SJ,TR-09_1-002,2TTx64,129,5.816,6.483,2.382,55,55,0.020357,4.605924,0.025884,4.628613,2.036,263.9,2.589,265.2,-2.025,2.58,0.216,TR-09_1-001-E,TR-09_1-003-W
sanjose,17,3,TR-09_1-003,SJ,TR-09_1-003,2TTx64,131,5.995,6.196,2.382,55,55,0.022206,4.752532,0.034876,4.736824,2.221,272.3,3.489,271.4,-2.219,3.488,-0.088,TR-09_1-002-E,TR-09_1-004-W
sanjose,17,4,TR-09_1-004,SJ,TR-09_1-004,2TTx64,133,6.204,6.227,2.382,55,55,0.031759,4.700172,0.00427,4.621632,3.177,269.3,0.427,264.8,-3.177,0.425,0.039,TR-09_1-003-E,TR-09_1-005-W
sanjose,17,5,TR-09_1-005,SJ,TR-09_1-005,2TTx64,135,6.125,6.329,2.382,55,55,0.050507,4.647812,0.039619,4.630359,5.055,266.3,3.964,265.3,-5.044,3.95,0.328,TR-09_1-004-E,TR-09_1-006-W
sanjose,17,6,TR-09_1-006,SJ,TR-09_1-006,2TTx64,137,6.105,6.206,2.382,55,55,0.042405,4.647812,0.026454,4.609415,4.243,266.3,2.646,264.1,-4.234,2.632,0.273,TR-09_1-005-E,TR-09_1-007-W
sanjose,17,7,TR-09_1-007,SJ,TR-09_1-007,2TTx64,139,6.192,6.19,2.382,55,55,0.026564,4.550073,0.021207,4.509931,2.657,260.7,2.121,258.4,-2.622,2.078,0.427,TR-09_1-006-E,TR-09_1-008-W
sanjose,17,8,TR-09_1-008,SJ,TR-09_1-008,2TTx64,141,6.209,6.197,2.382,55,55,0.020027,4.235914,0.033248,4.433136,2.003,242.7,3.326,254,-1.78,3.197,0.919,TR-09_1-007-E,TR-09_1-009-W
sanjose,17,9,TR-09_1-009,SJ,TR-09_1-009,2TTx64,143,6.196,6.212,2.382,55,55,0.012179,3.62854,0.014959,3.909538,1.218,207.9,1.496,224,-0.569,1.039,1.077,TR-09_1-008-E,TR-09_1-010-W
sanjose,17,10,TR-09_1-010,SJ,TR-09_1-010,2TTx64,145,6.183,6.184,2.382,55,55,0.012599,3.174754,0.03917,4.386012,1.26,181.9,3.919,251.3,-0.041,3.711,1.259,TR-09_1-009-E,
sanjose,17,15,TR-09_1-015,SJ,TR-09_1-015,2TTx64,125,6.278,6.609,2.382,55,55,0.019617,4.846779,0.037403,4.782202,1.962,277.7,3.742,274,-1.944,3.733,-0.263,TR-09_2-059-E,TR-09_1-016-W
sanjose,17,16,TR-09_1-016,SJ,TR-09_1-016,2TTx64,127,5.793,6.76,2.382,55,55,0.011649,4.544837,0.022096,4.623377,1.165,260.4,2.21,264.9,-1.149,2.201,0.195,TR-09_1-015-E,TR-09_1-017-W
sanjose,17,17,TR-09_1-017,SJ,TR-09_1-017,2TTx64,129,5.816,6.483,2.382,55,55,0.019148,4.738569,0.025235,4.731588,1.915,271.5,2.524,271.1,-1.914,2.524,-0.049,TR-09_1-016-E,TR-09_1-018-W
sanjose,17,18,TR-09_1-018,SJ,TR-09_1-018,2TTx64,131,5.995,6.196,2.382,55,55,0.025105,4.769985,0.020197,4.782202,2.511,273.3,2.02,274,-2.507,2.015,-0.142,TR-09_1-017-E,TR-09_1-019-W
sanjose,17,19,TR-09_1-019,SJ,TR-09_1-019,2TTx64,133,6.204,6.227,2.382,55,55,0.022946,4.69319,0.037892,4.701917,2.295,268.9,3.791,269.4,-2.295,3.791,0.043,TR-09_1-018-E,TR-09_1-020-W
sanjose,17,20,TR-09_1-020,SJ,TR-09_1-020,2TTx64,135,6.125,6.329,2.382,55,55,0.034576,4.586725,0.034027,4.583235,3.459,262.8,3.404,262.6,-3.431,3.376,0.436,TR-09_1-019-E,TR-09_1-021-W
sanjose,17,21,TR-09_1-021,SJ,TR-09_1-021,2TTx64,137,6.105,6.206,2.382,55,55,0.03941,4.644321,0.022556,4.593707,3.943,266.1,2.256,263.2,-3.934,2.24,0.265,TR-09_1-020-E,TR-09_1-022-W
sanjose,17,22,TR-09_1-022,SJ,TR-09_1-022,2TTx64,139,6.192,6.19,2.382,55,55,0.025335,4.504695,0.020697,4.457571,2.534,258.1,2.07,255.4,-2.48,2.003,0.522,TR-09_1-021-E,TR-09_1-023-W
sanjose,17,23,TR-09_1-023,SJ,TR-09_1-023,2TTx64,141,6.209,6.197,2.382,55,55,0.026654,4.509931,0.017348,4.39823,2.666,258.4,1.735,252,-2.611,1.65,0.537,TR-09_1-022-E,TR-09_1-024-W
sanjose,17,24,TR-09_1-024,SJ,TR-09_1-024,2TTx64,143,6.196,6.212,2.382,55,55,0.022666,4.45408,0.025315,4.482006,2.267,255.2,2.532,256.8,-2.191,2.465,0.58,TR-09_1-023-E,TR-09_1-025-W
sanjose,17,25,TR-09_1-025,SJ,TR-09_1-025,2TTx64,145,6.183,6.184,2.382,55,55,0.016938,4.433136,0.018418,4.455826,1.694,254,1.842,255.3,-1.628,1.782,0.468,TR-09_1-024-E,
sanjose,17,26,TR-09_1-026,SJ,TR-09_1-026,2TTx64,148,6.211,6.191,2.382,55,55,,,0.023256,4.822345,,,2.326,276.3,,2.312,-0.255,,TR-09_1-027-W
sanjose,17,27,TR-09_1-027,SJ,TR-09_1-027,2TTx64,149,6.191,6.215,2.382,55,55,0.034416,4.780457,0.00674,5.0632,3.443,273.9,0.674,290.1,-3.435,0.633,-0.232,TR-09_1-026-E,
sanjose,17,30,TR-09_1-030,SJ,TR-09_1-030,2TTx64,156,6.2,6.185,2.382,55,55,,,0.046696,4.79791,,,4.673,274.9,,4.656,-0.398,,TR-09_1-031-W
sanjose,17,31,TR-09_1-031,SJ,TR-09_1-031,2TTx64,157,6.185,6.227,2.382,55,55,0.046526,4.708898,0.033957,4.708898,4.656,269.8,3.397,269.8,-4.656,3.397,0.014,TR-09_1-030-E,TR-09_1-032-W
sanjose,17,32,TR-09_1-032,SJ,TR-09_1-032,2TTx64,159,6.175,6.214,2.382,55,55,0.033298,4.670501,,4.712389,3.331,267.6,593.303,270,-3.328,593.303,0.14,TR-09_1-031-E,TR-09_1-033-W
sanjose,17,33,TR-09_1-033,SJ,TR-09_1-033,2TTx64,161,6.2,6.194,2.382,55,55,,1.570796,0.029092,4.69319,589.584,90,2.91,268.9,589.584,2.909,0.054,TR-09_1-032-E,TR-09_1-034-W
sanjose,17,34,TR-09_1-034,SJ,TR-09_1-034,2TTx64,163,6.2,6.177,2.382,55,55,0.03082,4.583235,0.026644,4.562291,3.083,262.6,2.665,261.4,-3.057,2.635,0.397,TR-09_1-033-E,TR-09_1-035-W
sanjose,17,35,TR-09_1-035,SJ,TR-09_1-035,2TTx64,165,6.19,6.212,2.382,55,55,0.027473,4.541347,0.017398,4.440118,2.748,260.2,1.74,254.4,-2.708,1.676,0.469,TR-09_1-034-E,TR-09_1-036-W
sanjose,17,36,TR-09_1-036,SJ,TR-09_1-036,2TTx64,167,6.218,6.201,2.382,55,55,0.020257,4.462807,0.040069,4.586725,2.026,255.7,4.009,262.8,-1.963,3.978,0.501,TR-09_1-035-E,TR-09_1-037-W
sanjose,17,37,TR-09_1-037,SJ,TR-09_1-037,2TTx64,169,6.194,6.16,2.382,55,55,0.028113,4.5588,0.038032,4.598943,2.812,261.2,3.805,263.5,-2.779,3.78,0.432,TR-09_1-036-E,TR-09_1-038-W
sanjose,17,38,TR-09_1-038,SJ,TR-09_1-038,2TTx64,171,6.218,6.201,2.382,55,55,0.037452,4.546583,0.024385,4.455826,3.747,260.5,2.439,255.3,-3.696,2.359,0.619,TR-09_1-037-E,TR-09_1-039-W
sanjose,17,39,TR-09_1-039,SJ,TR-09_1-039,2TTx64,173,6.212,6.184,2.382,55,55,0.025265,4.420919,0.052302,4.572763,2.527,253.3,5.235,262,-2.421,5.185,0.725,TR-09_1-038-E,TR-09_1-040-W
sanjose,17,40,TR-09_1-040,SJ,TR-09_1-040,2TTx64,175,6.213,6.189,2.382,55,55,0.047714,4.5588,0.013029,4.117232,4.775,261.2,1.303,235.9,-4.719,1.079,0.73,TR-09_1-039-E,TR-09_1-041-W
sanjose,17,41,TR-09_1-041,SJ,TR-09_1-041,2TTx64,177,6.207,6.191,2.382,55,55,0.021367,4.361578,0.019717,4.330162,2.137,249.9,1.972,248.1,-2.007,1.83,0.735,TR-09_1-040-E,TR-08_2-027-W
sanjose,17,42,TR-09_1-042,SJ,TR-09_1-042,2TTx64,125,6.278,6.609,2.382,55,55,0.026494,4.769985,0.056849,4.738569,2.65,273.3,5.691,271.5,-2.646,5.689,-0.151,TR-09_2-080-E,TR-09_1-043-W
sanjose,17,43,TR-09_1-043,SJ,TR-09_1-043,2TTx64,127,5.793,6.76,2.382,55,55,0.030121,1.651081,0.619292,4.708898,3.013,94.6,71.284,269.8,3.003,71.284,0.244,TR-09_1-042-E,
sanjose,17,44,TR-09_1-044,SJ,TR-09_1-044,2TTx64,129,5.816,6.483,2.382,55,55,0.246117,3.230604,0.595739,4.333653,25.121,185.1,67.79,248.3,-2.235,63.003,25.021,,TR-09_1-045-W
sanjose,17,45,TR-09_1-045,SJ,TR-09_1-045,2TTx64,131,5.995,6.196,2.382,55,55,0.512146,1.576032,0.012499,4.459316,56.218,90.3,1.25,255.5,56.217,1.21,0.312,TR-09_1-044-E,TR-09_1-046-W
sanjose,17,46,TR-09_1-046,SJ,TR-09_1-046,2TTx64,133,6.204,6.227,2.382,55,55,0.015759,4.619887,0.03071,4.665265,1.576,264.7,3.072,267.3,-1.569,3.069,0.146,TR-09_1-045-E,TR-09_1-047-W
sanjose,17,47,TR-09_1-047,SJ,TR-09_1-047,2TTx64,135,6.125,6.329,2.382,55,55,0.027483,4.668756,,,2.749,267.5,,,-2.746,,0.12,TR-09_1-046-E,
sanjose,17,48,TR-09_1-048,SJ,TR-09_1-048,2TTx64,137,6.105,6.206,2.382,55,55,,,0.014759,4.392994,,,1.476,251.7,,1.402,0.463,,TR-09_1-049-W
sanjose,17,49,TR-09_1-049,SJ,TR-09_1-049,2TTx64,139,6.192,6.19,2.382,55,55,0.011819,4.262094,0.032059,4.551819,1.182,244.2,3.207,260.8,-1.064,3.165,0.514,TR-09_1-048-E,TR-09_1-050-W
sanjose,17,50,TR-09_1-050,SJ,TR-09_1-050,2TTx64,141,6.209,6.197,2.382,55,55,0.029511,4.539601,0.018488,4.434882,2.952,260.1,1.849,254.1,-2.908,1.778,0.506,TR-09_1-049-E,TR-09_1-051-W
sanjose,17,51,TR-09_1-051,SJ,TR-09_1-051,2TTx64,143,6.196,6.212,2.382,55,55,0.019328,4.488987,0.00841,4.178318,1.933,257.2,0.841,239.4,-1.885,0.724,0.428,TR-09_1-050-E,TR-09_1-052-W
sanjose,17,52,TR-09_1-052,SJ,TR-09_1-052,2TTx64,145,6.183,6.184,2.382,55,55,0.025604,4.394739,0.037612,4.497713,2.561,251.8,3.763,257.7,-2.433,3.677,0.799,TR-09_1-051-E,TR-09_1-053-W
sanjose,17,53,TR-09_1-053,SJ,TR-09_1-053,2TTx64,147,5.903,6.211,2.382,55,55,0.035935,4.462807,0.014779,4.068362,3.595,255.7,1.478,233.1,-3.484,1.182,0.887,TR-09_1-052-E,TR-09_1-054-W
sanjose,17,54,TR-09_1-054,SJ,TR-09_1-054,2TTx64,149,6.191,6.215,2.382,55,55,0.019967,4.155629,0.042674,4.462807,1.997,238.1,4.27,255.7,-1.695,4.137,1.056,TR-09_1-053-E,
sanjose,17,55,TR-09_1-055,SJ,TR-09_1-055,2TTx64,152,6.194,6.19,2.382,55,55,0.032898,4.382522,0.015439,3.951425,3.291,251.1,1.544,226.4,-3.114,1.118,1.065,,TR-09_1-056-W
sanjose,17,56,TR-09_1-056,SJ,TR-09_1-056,2TTx64,153,6.19,6.183,2.382,55,55,0.013209,3.434808,0.024535,4.171337,1.321,196.8,2.454,239,-0.382,2.103,1.265,TR-09_1-055-E,TR-09_1-057-W
sanjose,17,57,TR-09_1-057,SJ,TR-09_1-057,2TTx64,155,6.196,6.2,2.382,55,55,0.026424,4.218461,0.023716,4.155629,2.643,241.7,2.372,238.1,-2.327,2.014,1.253,TR-09_1-056-E,TR-09_1-058-W
sanjose,17,58,TR-09_1-058,SJ,TR-09_1-058,2TTx64,157,6.185,6.227,2.382,55,55,0.026854,4.195772,0.030251,4.258603,2.686,240.4,3.026,244,-2.335,2.72,1.327,TR-09_1-057-E,TR-09_1-059-W
sanjose,17,59,TR-09_1-059,SJ,TR-09_1-059,2TTx64,159,6.175,6.214,2.382,55,55,0.031919,4.290019,,,3.193,245.8,,,-2.913,,1.308,TR-09_1-058-E,
sanjose,17,60,TR-09_1-060,SJ,TR-09_1-060,2TTx64,161,6.2,6.194,2.382,55,55,,,0.028932,4.249877,,,2.894,243.5,,2.591,1.29,,TR-09_1-061-W
sanjose,17,61,TR-09_1-061,SJ,TR-09_1-061,2TTx64,163,6.2,6.177,2.382,55,55,0.034127,4.368559,0.021687,4.152138,3.414,250.3,2.169,237.9,-3.213,1.837,1.153,TR-09_1-060-E,TR-09_1-062-W
sanjose,17,62,TR-09_1-062,SJ,TR-09_1-062,2TTx64,165,6.19,6.212,2.382,55,55,0.024475,4.394739,0.028832,4.443608,2.448,251.8,2.884,254.6,-2.325,2.78,0.766,TR-09_1-061-E,TR-09_1-063-W
sanjose,17,63,TR-09_1-063,SJ,TR-09_1-063,2TTx64,167,6.218,6.201,2.382,55,55,0.023566,4.433136,0.012779,4.180064,2.357,254,1.278,239.5,-2.266,1.101,0.649,TR-09_1-062-E,TR-09_1-064-W
sanjose,17,64,TR-09_1-064,SJ,TR-09_1-064,2TTx64,169,6.194,6.16,2.382,55,55,0.033208,4.31969,0.024135,4.157374,3.322,247.5,2.414,238.2,-3.07,2.053,1.27,TR-09_1-063-E,TR-09_1-065-W
sanjose,17,65,TR-09_1-065,SJ,TR-09_1-065,2TTx64,171,6.218,6.201,2.382,55,55,0.018808,4.08407,0.042425,4.448844,1.881,234,4.245,254.9,-1.521,4.098,1.107,TR-09_1-064-E,TR-09_1-066-W
sanjose,17,66,TR-09_1-066,SJ,TR-09_1-066,2TTx64,173,6.212,6.184,2.382,55,55,0.046736,4.335398,0.017738,3.380703,4.677,248.4,1.774,193.7,-4.348,0.42,1.724,TR-09_1-065-E,TR-09_1-067-W
sanjose,17,67,TR-09_1-067,SJ,TR-09_1-067,2TTx64,175,6.213,6.189,2.382,55,55,0.019967,3.244567,0.034816,4.105014,1.997,185.9,3.483,235.2,-0.206,2.861,1.986,TR-09_1-066-E,TR-09_1-068-W
sanjose,17,68,TR-09_1-068,SJ,TR-09_1-068,2TTx64,177,6.207,6.191,2.382,55,55,0.027593,3.911283,0.03142,4.029965,2.76,224.1,3.143,230.9,-1.921,2.44,1.981,TR-09_1-067-E,TR-08_2-053-W
sanjose,17,69,TR-09_1-069,SJ,TR-09_1-069,2TTx64,125,6.278,6.609,2.382,55,55,0.042934,4.536111,0.040678,4.525639,4.296,259.9,4.07,259.3,-4.23,4,0.753,TR-09_2-101-E,TR-09_1-070-W
sanjose,17,70,TR-09_1-070,SJ,TR-09_1-070,2TTx64,127,5.793,6.76,2.382,55,55,0.031979,4.255113,0.022216,4.024729,3.199,243.8,2.222,230.6,-2.871,1.716,1.412,TR-09_1-069-E,TR-09_1-071-W
sanjose,17,71,TR-09_1-071,SJ,TR-09_1-071,2TTx64,129,5.816,6.483,2.382,55,55,0.027203,4.138176,0.025824,4.103269,2.721,237.1,2.583,235.1,-2.286,2.12,1.476,TR-09_1-070-E,
sanjose,17,72,TR-09_1-072,SJ,TR-09_1-072,2TTx64,131,5.995,6.196,2.382,55,55,0.024345,4.197517,0.025824,4.230678,2.435,240.5,2.583,242.4,-2.12,2.288,1.198,,TR-09_1-073-W
sanjose,17,73,TR-09_1-073,SJ,TR-09_1-073,2TTx64,133,6.204,6.227,2.382,55,55,0.029062,4.562291,0.051026,4.626868,2.907,261.4,5.107,265.1,-2.875,5.089,0.433,TR-09_1-072-E,TR-09_1-074-W
sanjose,17,74,TR-09_1-074,SJ,TR-09_1-074,2TTx64,135,6.125,6.329,2.382,55,55,0.046696,4.71937,0.0017,1.387537,4.673,270.4,0.17,79.5,-4.673,-0.167,-0.031,TR-09_1-073-E,TR-09_1-075-W
sanjose,17,75,TR-09_1-075,SJ,TR-09_1-075,2TTx64,137,6.105,6.206,2.382,55,55,0.028602,4.808382,0.03144,4.799655,2.861,275.5,3.145,275,-2.848,3.133,-0.276,TR-09_1-074-E,TR-09_1-076-W
sanjose,17,76,TR-09_1-076,SJ,TR-09_1-076,2TTx64,139,6.192,6.19,2.382,55,55,0.022786,4.953244,0.046826,4.829326,2.279,283.8,4.686,276.7,-2.213,4.654,-0.545,TR-09_1-075-E,TR-09_1-077-W
sanjose,17,77,TR-09_1-077,SJ,TR-09_1-077,2TTx64,141,6.209,6.197,2.382,55,55,0.047764,4.806637,0.013509,5.054474,4.78,275.4,1.351,289.6,-4.759,1.273,-0.453,TR-09_1-076-E,TR-09_1-078-W
sanjose,17,78,TR-09_1-078,SJ,TR-09_1-078,2TTx64,143,6.196,6.212,2.382,55,55,0.021237,5.291838,0.016648,5.483825,2.124,303.2,1.665,314.2,-1.778,1.193,-1.162,TR-09_1-077-E,TR-09_1-079-W
sanjose,17,79,TR-09_1-079,SJ,TR-09_1-079,2TTx64,145,6.183,6.184,2.382,55,55,0.012179,5.656612,,4.71588,1.218,324.1,238.614,270.2,-0.715,238.612,-0.986,TR-09_1-078-E,TR-09_1-080-W
sanjose,17,80,TR-09_1-080,SJ,TR-09_1-080,2TTx64,148,6.211,6.191,2.382,55,55,,4.712389,,1.570796,356.326,270,355.184,90,-356.326,-355.184,-0.091,TR-09_1-079-E,TR-09_1-081-W
sanjose,17,81,TR-09_1-081,SJ,TR-09_1-081,2TTx64,149,6.191,6.215,2.382,55,55,,1.570796,0.023556,4.708898,237.87,90,2.356,269.8,237.87,2.356,0.007,TR-09_1-080-E,TR-09_1-082-W
sanjose,17,82,TR-09_1-082,SJ,TR-09_1-082,2TTx64,151,6.207,6.194,2.382,55,55,0.014469,4.623377,0.023346,4.656538,1.447,264.9,2.335,266.8,-1.441,2.331,0.129,TR-09_1-081-E,TR-09_1-083-W
sanjose,17,83,TR-09_1-083,SJ,TR-09_1-083,2TTx64,153,6.19,6.183,2.382,55,55,0.034396,4.796165,0.031949,4.801401,3.441,274.8,3.196,275.1,-3.429,3.183,-0.285,TR-09_1-082-E,TR-09_1-084-W
sanjose,17,84,TR-09_1-084,SJ,TR-09_1-084,2TTx64,155,6.196,6.2,2.382,55,55,0.034646,4.766494,0.00186,6.181956,3.466,273.1,0.186,354.2,-3.461,0.019,-0.185,TR-09_1-083-E,TR-09_1-085-W
sanjose,17,85,TR-09_1-085,SJ,TR-09_1-085,2TTx64,157,6.185,6.227,2.382,55,55,0.0038,0.420624,0.032878,4.817109,0.38,24.1,3.289,276,0.155,3.271,-0.346,TR-09_1-084-E,TR-09_1-086-W
sanjose,17,86,TR-09_1-086,SJ,TR-09_1-086,2TTx64,159,6.175,6.214,2.382,55,55,0.037233,4.680973,0.050178,4.6897,3.725,268.2,5.022,268.7,-3.723,5.021,0.116,TR-09_1-085-E,TR-09_1-087-W
sanjose,17,87,TR-09_1-087,SJ,TR-09_1-087,2TTx64,161,6.2,6.194,2.382,55,55,0.01124,4.40172,0.00987,4.356342,1.124,252.2,0.987,249.6,-1.07,0.925,0.345,TR-09_1-086-E,TR-09_1-088-W
sanjose,17,88,TR-09_1-088,SJ,TR-09_1-088,2TTx64,163,6.2,6.177,2.382,55,55,0.00704,3.81529,0.032938,4.544837,0.704,218.6,3.295,260.4,-0.439,3.249,0.551,TR-09_1-087-E,TR-09_1-089-W
sanjose,17,89,TR-09_1-089,SJ,TR-09_1-089,2TTx64,165,6.19,6.212,2.382,55,55,0.035745,4.445354,0.027893,4.366814,3.576,254.7,2.79,250.2,-3.449,2.625,0.944,TR-09_1-088-E,TR-09_1-090-W
sanjose,17,90,TR-09_1-090,SJ,TR-09_1-090,2TTx64,167,6.218,6.201,2.382,55,55,0.022116,4.220206,0.055563,4.523893,2.212,241.8,5.562,259.2,-1.949,5.463,1.046,TR-09_1-089-E,TR-09_1-091-W
sanjose,17,91,TR-09_1-091,SJ,TR-09_1-091,2TTx64,169,6.194,6.16,2.382,55,55,0.01053,4.342379,0.03125,4.590216,1.053,248.8,3.126,263,-0.982,3.103,0.381,TR-09_1-090-E,TR-09_1-092-W
sanjose,17,92,TR-09_1-092,SJ,TR-09_1-092,2TTx64,171,6.218,6.201,2.382,55,55,0.041626,4.618141,0.019238,4.508185,4.165,264.6,1.924,258.3,-4.147,1.884,0.389,TR-09_1-091-E,TR-09_1-093-W
sanjose,17,93,TR-09_1-093,SJ,TR-09_1-093,2TTx64,173,6.212,6.184,2.382,55,55,0.019518,4.710644,0.00925,4.708898,1.952,269.9,0.925,269.8,-1.952,0.925,0.003,TR-09_1-092-E,TR-09_1-094-W
sanjose,17,94,TR-09_1-094,SJ,TR-09_1-094,2TTx64,175,6.213,6.189,2.382,55,55,0.019008,4.813618,0.027703,4.780457,1.901,275.8,2.771,273.9,-1.891,2.764,-0.19,TR-09_1-093-E,TR-09_1-095-W
sanjose,17,95,TR-09_1-095,SJ,TR-09_1-095,2TTx64,177,6.207,6.191,2.382,55,55,0.028093,4.817109,0.022706,4.841543,2.81,276,2.271,277.4,-2.795,2.252,-0.293,TR-09_1-094-E,TR-08_2-068-W
sanjose,17,96,TR-09_1-096,SJ,TR-09_1-096,2TTx64,125,6.278,6.609,2.382,55,55,0.062429,5.092871,0.023276,0.083776,6.251,291.8,2.328,4.8,-5.805,-0.195,-2.32,TR-09_2-122-E,TR-09_1-097-W
sanjose,17,97,TR-09_1-097,SJ,TR-09_1-097,2TTx64,127,5.793,6.76,2.382,55,55,0.065227,1.396263,0.012819,5.797984,6.532,80,1.282,332.2,6.433,0.598,-1.134,TR-09_1-096-E,TR-09_1-098-W
sanjose,17,98,TR-09_1-098,SJ,TR-09_1-098,2TTx64,129,5.816,6.483,2.382,55,55,0.00828,5.215044,0.017348,4.944518,0.828,298.8,1.735,283.3,-0.726,1.688,-0.399,TR-09_1-097-E,TR-09_1-099-W
sanjose,17,99,TR-09_1-099,SJ,TR-09_1-099,2TTx64,131,5.995,6.196,2.382,55,55,0.018438,4.686209,0.040668,4.700172,1.844,268.5,4.069,269.3,-1.843,4.069,0.048,TR-09_1-098-E,TR-09_1-100-W
sanjose,17,100,TR-09_1-100,SJ,TR-09_1-100,2TTx64,133,6.204,6.227,2.382,55,55,0.040877,4.504695,0.037313,4.485496,4.09,258.1,3.733,257,-4.002,3.637,0.842,TR-09_1-099-E,TR-09_1-101-W
sanjose,17,101,TR-09_1-101,SJ,TR-09_1-101,2TTx64,135,6.125,6.329,2.382,55,55,0.040558,4.40172,0.042834,4.419174,4.058,252.2,4.286,253.2,-3.864,4.102,1.241,TR-09_1-100-E,TR-09_1-102-W
sanjose,17,102,TR-09_1-102,SJ,TR-09_1-102,2TTx64,137,6.105,6.206,2.382,55,55,0.025844,4.181809,0.032179,4.29351,2.585,239.6,3.219,246,-2.229,2.941,1.309,TR-09_1-101-E,TR-09_1-103-W
sanjose,17,103,TR-09_1-103,SJ,TR-09_1-103,2TTx64,139,6.192,6.19,2.382,55,55,0.033477,4.333653,0.055413,4.487242,3.349,248.3,5.547,257.1,-3.111,5.407,1.24,TR-09_1-102-E,TR-09_1-104-W
sanjose,17,104,TR-09_1-104,SJ,TR-09_1-104,2TTx64,141,6.209,6.197,2.382,55,55,0.057158,4.553564,0.029461,4.399975,5.722,260.9,2.947,252.1,-5.65,2.804,0.906,TR-09_1-103-E,TR-09_1-105-W
sanjose,17,105,TR-09_1-105,SJ,TR-09_1-105,2TTx64,143,6.196,6.212,2.382,55,55,0.041257,4.443608,0.013339,2.534218,4.128,254.6,1.334,145.2,-3.98,-0.762,1.095,TR-09_1-104-E,TR-09_1-106-W
sanjose,17,106,TR-09_1-106,SJ,TR-09_1-106,2TTx64,145,6.183,6.184,2.382,55,55,0.013469,4.035201,0.01059,3.790855,1.347,231.2,1.059,217.2,-1.05,0.64,0.843,TR-09_1-105-E,TR-09_1-107-W
sanjose,17,107,TR-09_1-107,SJ,TR-09_1-107,2TTx64,147,5.903,6.211,2.382,55,55,0.00684,2.375393,0.019817,4.461062,0.684,136.1,1.982,255.6,0.475,1.92,0.493,TR-09_1-106-E,TR-09_1-108-W
sanjose,17,108,TR-09_1-108,SJ,TR-09_1-108,2TTx64,149,6.191,6.215,2.382,55,55,0.019088,5.075417,0.051634,4.843289,1.909,290.8,5.168,277.5,-1.785,5.123,-0.677,TR-09_1-107-E,TR-09_1-109-W
sanjose,17,109,TR-09_1-109,SJ,TR-09_1-109,2TTx64,151,6.207,6.194,2.382,55,55,0.04489,5.066691,0.03076,5.242969,4.492,290.3,3.077,300.4,-4.214,2.655,-1.555,TR-09_1-108-E,TR-09_1-110-W
sanjose,17,110,TR-09_1-110,SJ,TR-09_1-110,2TTx64,153,6.19,6.183,2.382,55,55,0.037452,5.253441,0.034516,5.304056,3.747,301,3.453,303.9,-3.213,2.865,-1.927,TR-09_1-109-E,TR-09_1-111-W
sanjose,17,111,TR-09_1-111,SJ,TR-09_1-111,2TTx64,155,6.196,6.2,2.382,55,55,0.035725,5.415757,0.028912,5.637413,3.574,310.3,2.892,323,-2.727,1.739,-2.311,TR-09_1-110-E,TR-09_1-112-W
sanjose,17,112,TR-09_1-112,SJ,TR-09_1-112,2TTx64,157,6.185,6.227,2.382,55,55,0.029062,5.61996,0.044201,5.256932,2.907,322,4.423,301.2,-1.791,3.785,-2.289,TR-09_1-111-E,TR-09_1-113-W
sanjose,17,113,TR-09_1-113,SJ,TR-09_1-113,2TTx64,159,6.175,6.214,2.382,55,55,0.040338,5.546656,0.046027,5.419247,4.036,317.8,4.606,310.5,-2.71,3.503,-2.991,TR-09_1-112-E,TR-09_1-114-W
sanjose,17,114,TR-09_1-114,SJ,TR-09_1-114,2TTx64,161,6.2,6.194,2.382,55,55,0.048771,5.53793,0.041137,5.771804,4.881,317.3,4.116,330.7,-3.309,2.017,-3.588,TR-09_1-113-E,TR-09_1-115-W
sanjose,17,115,TR-09_1-115,SJ,TR-09_1-115,2TTx64,163,6.2,6.177,2.382,55,55,0.045748,5.773549,0.047145,5.722935,4.578,330.8,4.718,327.9,-2.232,2.506,-3.997,TR-09_1-114-E,TR-09_1-116-W
sanjose,17,116,TR-09_1-116,SJ,TR-09_1-116,2TTx64,165,6.19,6.212,2.382,55,55,0.05326,5.733407,0.060436,5.562364,5.331,328.5,6.051,318.7,-2.789,3.996,-4.544,TR-09_1-115-E,TR-09_1-117-W
sanjose,17,117,TR-09_1-117,SJ,TR-09_1-117,2TTx64,167,6.218,6.201,2.382,55,55,0.063475,5.630432,0.072015,5.487315,6.356,322.6,7.214,314.4,-3.861,5.153,-5.049,TR-09_1-116-E,TR-09_1-118-W
sanjose,17,118,TR-09_1-118,SJ,TR-09_1-118,2TTx64,169,6.194,6.16,2.382,55,55,0.063305,5.599016,0.05933,5.686283,6.339,320.8,5.94,325.8,-4.006,3.34,-4.912,TR-09_1-117-E,TR-09_1-119-W
sanjose,17,119,TR-09_1-119,SJ,TR-09_1-119,2TTx64,171,6.218,6.201,2.382,55,55,0.064361,5.602507,0.058732,5.731661,6.445,321,5.88,328.4,-4.059,3.084,-5.007,TR-09_1-118-E,TR-09_1-120-W
sanjose,17,120,TR-09_1-120,SJ,TR-09_1-120,2TTx64,173,6.212,6.184,2.382,55,55,0.061692,5.701991,0.057507,5.825909,6.177,326.7,5.757,333.8,-3.39,2.546,-5.164,TR-09_1-119-E,TR-09_1-121-W
sanjose,17,121,TR-09_1-121,SJ,TR-09_1-121,2TTx64,175,6.213,6.189,2.382,55,55,0.055672,5.864306,0.050966,6.216863,5.573,336,5.101,356.2,-2.27,0.337,-5.09,TR-09_1-120-E,TR-09_1-122-W
sanjose,17,122,TR-09_1-122,SJ,TR-09_1-122,2TTx64,177,6.207,6.191,2.382,55,55,0.038701,0.263545,0.04492,5.695009,3.872,15.1,4.495,326.3,1.009,2.496,-3.738,TR-09_1-121-E,TR-08_2-095-W
sanjose,18,1,TR-09_2-001,SJ,TR-09_2-001,2TTx64,81,6.283,6.092,2.382,55,55,0.021267,4.413938,0.033477,4.523893,2.127,252.9,3.349,259.2,-2.033,3.29,0.627,TR-10_1-009-E,TR-09_2-002-W
sanjose,18,2,TR-09_2-002,SJ,TR-09_2-002,2TTx64,83,6.225,6.186,2.382,55,55,0.025215,4.492477,0.059041,4.619887,2.522,257.4,5.911,264.7,-2.462,5.886,0.548,TR-09_2-001-E,TR-09_2-003-W
sanjose,18,3,TR-09_2-003,SJ,TR-09_2-003,2TTx64,85,6.243,6.164,2.382,55,55,0.040408,4.565781,0.038122,1.726131,4.043,261.6,3.814,98.9,-4,-3.768,0.591,TR-09_2-002-E,TR-09_2-004-W
sanjose,18,4,TR-09_2-004,SJ,TR-09_2-004,2TTx64,87,6.239,6.115,2.382,55,55,0.036953,4.490732,0.045279,4.53262,3.697,257.3,4.531,259.7,-3.607,4.458,0.81,TR-09_2-003-E,TR-09_2-005-W
sanjose,18,5,TR-09_2-005,SJ,TR-09_2-005,2TTx64,89,6.25,6.162,2.382,55,55,0.03885,4.461062,0.023506,4.288274,3.887,255.6,2.351,245.7,-3.765,2.143,0.967,TR-09_2-004-E,TR-09_2-006-W
sanjose,18,6,TR-09_2-006,SJ,TR-09_2-006,2TTx64,91,6.246,6.149,2.382,55,55,0.023416,4.53262,0.028832,4.565781,2.342,259.7,2.884,261.6,-2.304,2.853,0.421,TR-09_2-005-E,TR-09_2-007-W
sanjose,18,7,TR-09_2-007,SJ,TR-09_2-007,2TTx64,93,6.232,6.174,2.382,55,55,0.031969,4.45059,0.035305,4.475024,3.198,255,3.532,256.4,-3.089,3.433,0.829,TR-09_2-006-E,TR-09_2-008-W
sanjose,18,8,TR-09_2-008,SJ,TR-09_2-008,2TTx64,95,6.226,6.167,2.382,55,55,0.013699,4.120722,0.041856,4.529129,1.37,236.1,4.188,259.5,-1.138,4.118,0.763,TR-09_2-007-E,TR-09_2-009-W
sanjose,18,9,TR-09_2-009,SJ,TR-09_2-009,2TTx64,97,6.257,6.16,2.382,55,55,0.04475,4.583235,0.055453,4.609415,4.478,262.6,5.551,264.1,-4.441,5.521,0.575,TR-09_2-008-E,TR-09_2-010-W
sanjose,18,10,TR-09_2-010,SJ,TR-09_2-010,2TTx64,99,6.217,6.198,2.382,55,55,0.057985,4.76824,,,5.805,273.2,,,-5.796,,-0.325,TR-09_2-009-E,
sanjose,18,16,TR-09_2-016,SJ,TR-09_2-016,2TTx64,81,6.283,6.092,2.382,55,55,0.022146,4.544837,0.0093,4.303982,2.215,260.4,0.93,246.6,-2.184,0.853,0.37,TR-10_1-027-E,TR-09_2-017-W
sanjose,18,17,TR-09_2-017,SJ,TR-09_2-017,2TTx64,83,6.225,6.186,2.382,55,55,0.019617,4.45059,0.04488,4.598943,1.962,255,4.491,263.5,-1.895,4.462,0.508,TR-09_2-016-E,TR-09_2-018-W
sanjose,18,18,TR-09_2-018,SJ,TR-09_2-018,2TTx64,85,6.243,6.164,2.382,55,55,0.040857,4.628613,0.00772,2.033309,4.088,265.2,0.772,116.5,-4.073,-0.691,0.344,TR-09_2-017-E,TR-09_2-019-W
sanjose,18,19,TR-09_2-019,SJ,TR-09_2-019,2TTx64,87,6.239,6.115,2.382,55,55,0.04489,4.598943,0.033657,4.560545,4.492,263.5,3.367,261.3,-4.463,3.328,0.511,TR-09_2-018-E,TR-09_2-020-W
sanjose,18,20,TR-09_2-020,SJ,TR-09_2-020,2TTx64,89,6.25,6.162,2.382,55,55,0.035275,4.548328,0.030361,4.522148,3.529,260.6,3.037,259.1,-3.482,2.982,0.574,TR-09_2-019-E,TR-09_2-021-W
sanjose,18,21,TR-09_2-021,SJ,TR-09_2-021,2TTx64,91,6.246,6.149,2.382,55,55,0.030391,4.468043,0.022716,4.382522,3.04,256,2.272,251.1,-2.949,2.149,0.737,TR-09_2-020-E,TR-09_2-022-W
sanjose,18,22,TR-09_2-022,SJ,TR-09_2-022,2TTx64,93,6.232,6.174,2.382,55,55,0.026864,4.487242,0.032469,4.527384,2.687,257.1,3.248,259.4,-2.619,3.192,0.6,TR-09_2-021-E,TR-09_2-023-W
sanjose,18,23,TR-09_2-023,SJ,TR-09_2-023,2TTx64,95,6.226,6.167,2.382,55,55,0.030211,4.47677,0.020847,4.368559,3.022,256.5,2.085,250.3,-2.939,1.963,0.704,TR-09_2-022-E,TR-09_2-024-W
sanjose,18,24,TR-09_2-024,SJ,TR-09_2-024,2TTx64,97,6.257,6.16,2.382,55,55,0.025814,4.363323,0.044461,4.511676,2.582,250,4.449,258.5,-2.426,4.36,0.884,TR-09_2-023-E,TR-09_2-025-W
sanjose,18,25,TR-09_2-025,SJ,TR-09_2-025,2TTx64,99,6.217,6.198,2.382,55,55,0.048352,4.363323,0.031929,4.167846,4.839,250,3.194,238.8,-4.548,2.732,1.654,TR-09_2-024-E,TR-09_2-026-W
sanjose,18,26,TR-09_2-026,SJ,TR-09_2-026,2TTx64,101,6.236,6.163,2.382,55,55,0.034057,4.190536,0.027243,4.038692,3.407,240.1,2.725,231.4,-2.953,2.13,1.7,TR-09_2-025-E,TR-09_2-027-W
sanjose,18,27,TR-09_2-027,SJ,TR-09_2-027,2TTx64,103,6.189,6.179,2.382,55,55,0.021527,2.188643,0.029012,4.269075,2.153,125.4,2.902,244.6,1.756,2.621,1.246,TR-09_2-026-E,TR-09_2-028-W
sanjose,18,28,TR-09_2-028,SJ,TR-09_2-028,2TTx64,105,6.226,6.18,2.382,55,55,0.030011,4.263839,0.026414,4.197517,3.002,244.3,2.642,240.5,-2.705,2.3,1.301,TR-09_2-027-E,TR-09_2-029-W
sanjose,18,29,TR-09_2-029,SJ,TR-09_2-029,2TTx64,107,6.209,6.18,2.382,55,55,0.025345,4.192281,0.026524,4.218461,2.535,240.2,2.653,241.7,-2.201,2.336,1.258,TR-09_2-028-E,TR-09_2-030-W
sanjose,18,30,TR-09_2-030,SJ,TR-09_2-030,2TTx64,109,6.231,6.117,2.382,55,55,0.032259,4.284783,0.028183,4.218461,3.227,245.5,2.819,241.7,-2.938,2.482,1.336,TR-09_2-029-E,
sanjose,18,31,TR-09_2-031,SJ,TR-09_2-031,2TTx64,112,6.144,6.226,2.382,55,55,0.027893,4.166101,0.028312,4.174828,2.79,238.7,2.832,239.2,-2.383,2.432,1.451,,TR-09_2-032-W
sanjose,18,32,TR-09_2-032,SJ,TR-09_2-032,2TTx64,113,6.226,6.146,2.382,55,55,0.020607,3.916519,0.035046,4.277802,2.061,224.4,3.506,245.1,-1.441,3.181,1.474,TR-09_2-031-E,TR-09_2-033-W
sanjose,18,33,TR-09_2-033,SJ,TR-09_2-033,2TTx64,115,6.264,6.13,2.382,55,55,0.031839,4.221951,0.019478,3.834488,3.185,241.9,1.948,219.7,-2.811,1.245,1.498,TR-09_2-032-E,TR-09_2-034-W
sanjose,18,34,TR-09_2-034,SJ,TR-09_2-034,2TTx64,117,6.263,6.167,2.382,55,55,0.021697,4.016003,0.033717,4.286529,2.17,230.1,3.373,245.6,-1.665,3.073,1.392,TR-09_2-033-E,
sanjose,18,38,TR-09_2-038,SJ,TR-09_2-038,2TTx64,126,6.609,5.793,2.382,55,55,,,0.037672,4.274311,,,3.769,244.9,,3.414,1.598,,
sanjose,18,39,TR-09_2-039,SJ,TR-09_2-039,2TTx64,83,6.225,6.186,2.382,55,55,0.014969,5.45939,0.025614,5.120796,1.497,312.8,2.562,293.4,-1.099,2.352,-1.017,TR-10_1-051-E,TR-09_2-040-W
sanjose,18,40,TR-09_2-040,SJ,TR-09_2-040,2TTx64,85,6.243,6.164,2.382,55,55,0.023426,5.103343,0.036554,4.95848,2.343,292.4,3.657,284.1,-2.167,3.547,-0.891,TR-09_2-039-E,TR-09_2-041-W
sanjose,18,41,TR-09_2-041,SJ,TR-09_2-041,2TTx64,87,6.239,6.115,2.382,55,55,0.029332,4.92881,0.019577,5.038766,2.934,282.4,1.958,288.7,-2.866,1.855,-0.628,TR-09_2-040-E,TR-09_2-042-W
sanjose,18,42,TR-09_2-042,SJ,TR-09_2-042,2TTx64,89,6.25,6.162,2.382,55,55,0.019218,5.112069,0.025604,5.009095,1.922,292.9,2.561,287,-1.77,2.449,-0.749,TR-09_2-041-E,TR-09_2-043-W
sanjose,18,43,TR-09_2-043,SJ,TR-09_2-043,2TTx64,91,6.246,6.149,2.382,55,55,0.024185,4.913102,0.024655,4.909611,2.419,281.5,2.466,281.3,-2.37,2.418,-0.484,TR-09_2-042-E,TR-09_2-044-W
sanjose,18,44,TR-09_2-044,SJ,TR-09_2-044,2TTx64,93,6.232,6.174,2.382,55,55,0.023316,4.895649,0.013739,5.024803,2.332,280.5,1.374,287.9,-2.293,1.307,-0.423,TR-09_2-043-E,TR-09_2-045-W
sanjose,18,45,TR-09_2-045,SJ,TR-09_2-045,2TTx64,95,6.226,6.167,2.382,55,55,0.00762,5.504768,0.028462,4.904375,0.762,315.4,2.847,281,-0.535,2.795,-0.542,TR-09_2-044-E,TR-09_2-046-W
sanjose,18,46,TR-09_2-046,SJ,TR-09_2-046,2TTx64,97,6.257,6.16,2.382,55,55,0.028762,4.911357,0.029621,4.906121,2.877,281.4,2.963,281.1,-2.82,2.907,-0.571,TR-09_2-045-E,TR-09_2-047-W
sanjose,18,47,TR-09_2-047,SJ,TR-09_2-047,2TTx64,99,6.217,6.198,2.382,55,55,0.033088,4.769985,0.030031,4.775221,3.31,273.3,3.004,273.6,-3.305,2.998,-0.188,TR-09_2-046-E,TR-09_2-048-W
sanjose,18,48,TR-09_2-048,SJ,TR-09_2-048,2TTx64,101,6.236,6.163,2.382,55,55,0.03077,4.815363,0.015109,4.923574,3.078,275.9,1.511,282.1,-3.062,1.477,-0.318,TR-09_2-047-E,
sanjose,18,51,TR-09_2-051,SJ,TR-09_2-051,2TTx64,108,6.18,6.231,2.382,55,55,,,0.032039,4.614651,,,3.205,264.4,,3.189,0.315,,TR-09_2-052-W
sanjose,18,52,TR-09_2-052,SJ,TR-09_2-052,2TTx64,109,6.231,6.117,2.382,55,55,0.034007,4.77173,0.028852,4.782202,3.402,273.4,2.886,274,-3.396,2.879,-0.2,TR-09_2-051-E,TR-09_2-053-W
sanjose,18,53,TR-09_2-053,SJ,TR-09_2-053,2TTx64,111,6.3,6.144,2.382,55,55,0.00142,5.824164,0.029591,4.756022,0.142,333.7,2.96,272.5,-0.063,2.957,-0.127,TR-09_2-052-E,TR-09_2-054-W
sanjose,18,54,TR-09_2-054,SJ,TR-09_2-054,2TTx64,113,6.226,6.146,2.382,55,55,0.036584,4.944518,0.026734,5.031784,3.66,283.3,2.674,288.3,-3.562,2.539,-0.839,TR-09_2-053-E,TR-09_2-055-W
sanjose,18,55,TR-09_2-055,SJ,TR-09_2-055,2TTx64,115,6.264,6.13,2.382,55,55,0.042225,4.838053,0.00581,5.846853,4.225,277.2,0.581,335,-4.192,0.246,-0.527,TR-09_2-054-E,TR-09_2-056-W
sanjose,18,56,TR-09_2-056,SJ,TR-09_2-056,2TTx64,117,6.263,6.167,2.382,55,55,0.013419,5.045747,0.046357,4.806637,1.342,289.1,4.639,275.4,-1.268,4.618,-0.439,TR-09_2-055-E,TR-09_2-057-W
sanjose,18,57,TR-09_2-057,SJ,TR-09_2-057,2TTx64,119,6.222,6.181,2.382,55,55,0.019468,4.921828,0.033048,4.836307,1.947,282,3.306,277.1,-1.904,3.281,-0.406,TR-09_2-056-E,
sanjose,18,58,TR-09_2-058,SJ,TR-09_2-058,2TTx64,122,6.135,6.297,2.382,55,55,0.038161,4.879941,,,3.818,279.6,,,-3.764,,-0.64,,
sanjose,18,59,TR-09_2-059,SJ,TR-09_2-059,2TTx64,124,6.101,6.278,2.382,55,55,,,0.027373,4.965462,,,2.738,284.5,,2.65,-0.687,,TR-09_1-015-W
sanjose,18,60,TR-09_2-060,SJ,TR-09_2-060,2TTx64,83,6.225,6.186,2.382,55,55,0.030501,4.888667,0.025365,4.925319,3.051,280.1,2.537,282.2,-3.003,2.479,-0.538,TR-10_1-075-E,TR-09_2-061-W
sanjose,18,61,TR-09_2-061,SJ,TR-09_2-061,2TTx64,85,6.243,6.164,2.382,55,55,0.027173,4.953244,0.020167,5.038766,2.718,283.8,2.017,288.7,-2.64,1.91,-0.647,TR-09_2-060-E,TR-09_2-062-W
sanjose,18,62,TR-09_2-062,SJ,TR-09_2-062,2TTx64,87,6.239,6.115,2.382,55,55,0.023186,5.124287,0.028113,5.049238,2.319,293.6,2.812,289.3,-2.125,2.654,-0.928,TR-09_2-061-E,TR-09_2-063-W
sanjose,18,63,TR-09_2-063,SJ,TR-09_2-063,2TTx64,89,6.25,6.162,2.382,55,55,0.027213,5.126032,0.018558,5.344198,2.722,293.7,1.856,306.2,-2.492,1.498,-1.095,TR-09_2-062-E,TR-09_2-064-W
sanjose,18,64,TR-09_2-064,SJ,TR-09_2-064,2TTx64,91,6.246,6.149,2.382,55,55,0.019647,5.232497,0.026514,5.08938,1.965,299.8,2.652,291.6,-1.706,2.466,-0.975,TR-09_2-063-E,TR-09_2-065-W
sanjose,18,65,TR-09_2-065,SJ,TR-09_2-065,2TTx64,93,6.232,6.174,2.382,55,55,0.027003,5.108579,0.016538,5.394813,2.701,292.7,1.654,309.1,-2.491,1.283,-1.044,TR-09_2-064-E,TR-09_2-066-W
sanjose,18,66,TR-09_2-066,SJ,TR-09_2-066,2TTx64,95,6.226,6.167,2.382,55,55,0.027803,5.049238,0.03113,5.01084,2.781,289.3,3.114,287.1,-2.625,2.976,-0.917,TR-09_2-065-E,TR-09_2-067-W
sanjose,18,67,TR-09_2-067,SJ,TR-09_2-067,2TTx64,97,6.257,6.16,2.382,55,55,0.031919,5.049238,0.018228,5.32849,3.193,289.3,1.823,305.3,-3.014,1.488,-1.053,TR-09_2-066-E,TR-09_2-068-W
sanjose,18,68,TR-09_2-068,SJ,TR-09_2-068,2TTx64,99,6.217,6.198,2.382,55,55,0.018108,5.408775,0.021207,5.291838,1.811,309.9,2.121,303.2,-1.389,1.775,-1.162,TR-09_2-067-E,TR-09_2-069-W
sanjose,18,69,TR-09_2-069,SJ,TR-09_2-069,2TTx64,101,6.236,6.163,2.382,55,55,0.018028,5.070181,0.021177,5.016076,1.803,290.5,2.118,287.4,-1.688,2.021,-0.632,TR-09_2-068-E,
sanjose,18,70,TR-09_2-070,SJ,TR-09_2-070,2TTx64,104,6.179,6.226,2.382,55,55,0.037093,4.665265,0.012679,4.572763,3.711,267.3,1.268,262,-3.707,1.256,0.177,,TR-09_2-071-W
sanjose,18,71,TR-09_2-071,SJ,TR-09_2-071,2TTx64,105,6.226,6.18,2.382,55,55,0.00553,5.190609,0.026963,4.806637,0.553,297.4,2.697,275.4,-0.491,2.685,-0.255,TR-09_2-070-E,TR-09_2-072-W
sanjose,18,72,TR-09_2-072,SJ,TR-09_2-072,2TTx64,107,6.209,6.18,2.382,55,55,0.028822,4.913102,0.00854,0.834267,2.883,281.5,0.854,47.8,-2.825,-0.632,-0.574,TR-09_2-071-E,TR-09_2-073-W
sanjose,18,73,TR-09_2-073,SJ,TR-09_2-073,2TTx64,109,6.231,6.117,2.382,55,55,0.011719,4.832817,0.027843,4.763004,1.172,276.9,2.785,272.9,-1.163,2.781,-0.141,TR-09_2-072-E,TR-09_2-074-W
sanjose,18,74,TR-09_2-074,SJ,TR-09_2-074,2TTx64,111,6.3,6.144,2.382,55,55,0.033278,4.785693,0.021467,4.827581,3.329,274.2,2.147,276.6,-3.32,2.133,-0.246,TR-09_2-073-E,TR-09_2-075-W
sanjose,18,75,TR-09_2-075,SJ,TR-09_2-075,2TTx64,113,6.226,6.146,2.382,55,55,0.013429,5.078908,0.032159,4.862487,1.343,291,3.217,278.6,-1.254,3.181,-0.482,TR-09_2-074-E,TR-09_2-076-W
sanjose,18,76,TR-09_2-076,SJ,TR-09_2-076,2TTx64,115,6.264,6.13,2.382,55,55,0.026884,4.890413,0.022496,4.925319,2.689,280.2,2.25,282.2,-2.646,2.199,-0.477,TR-09_2-075-E,TR-09_2-077-W
sanjose,18,77,TR-09_2-077,SJ,TR-09_2-077,2TTx64,117,6.263,6.167,2.382,55,55,0.022626,4.838053,0.034007,4.796165,2.263,277.2,3.402,274.8,-2.245,3.39,-0.283,TR-09_2-076-E,TR-09_2-078-W
sanjose,18,78,TR-09_2-078,SJ,TR-09_2-078,2TTx64,119,6.222,6.181,2.382,55,55,0.00626,5.139995,0.026644,4.810127,0.626,294.5,2.665,275.6,-0.57,2.652,-0.259,TR-09_2-077-E,TR-09_2-079-W
sanjose,18,79,TR-09_2-079,SJ,TR-09_2-079,2TTx64,121,6.226,6.135,2.382,55,55,0.021497,4.687954,0.0311,4.694936,2.15,268.6,3.111,269,-2.149,3.111,0.052,TR-09_2-078-E,TR-09_2-080-W
sanjose,18,80,TR-09_2-080,SJ,TR-09_2-080,2TTx64,123,6.297,6.101,2.382,55,55,0.027233,4.677482,0.029092,4.679228,2.724,268,2.91,268.1,-2.722,2.908,0.094,TR-09_2-079-E,TR-09_1-042-W
sanjose,18,81,TR-09_2-081,SJ,TR-09_2-081,2TTx64,83,6.225,6.186,2.382,55,55,0.034366,4.76824,0.016888,4.825835,3.438,273.2,1.689,276.5,-3.433,1.678,-0.191,TR-10_1-099-E,TR-09_2-082-W
sanjose,18,82,TR-09_2-082,SJ,TR-09_2-082,2TTx64,85,6.243,6.164,2.382,55,55,0.020577,4.750786,0.013269,4.77173,2.058,272.2,1.327,273.4,-2.056,1.325,-0.079,TR-09_2-081-E,TR-09_2-083-W
sanjose,18,83,TR-09_2-083,SJ,TR-09_2-083,2TTx64,87,6.239,6.115,2.382,55,55,0.016459,4.677482,0.036624,4.696681,1.646,268,3.664,269.1,-1.645,3.664,0.058,TR-09_2-082-E,TR-09_2-084-W
sanjose,18,84,TR-09_2-084,SJ,TR-09_2-084,2TTx64,89,6.25,6.162,2.382,55,55,0.03061,4.646066,0.041436,4.66352,3.062,266.2,4.146,267.2,-3.055,4.141,0.205,TR-09_2-083-E,TR-09_2-085-W
sanjose,18,85,TR-09_2-085,SJ,TR-09_2-085,2TTx64,91,6.246,6.149,2.382,55,55,0.03929,4.609415,0.021597,4.522148,3.931,264.1,2.16,259.1,-3.91,2.121,0.407,TR-09_2-084-E,TR-09_2-086-W
sanjose,18,86,TR-09_2-086,SJ,TR-09_2-086,2TTx64,93,6.232,6.174,2.382,55,55,0.025075,4.53262,0.00465,3.394665,2.508,259.7,0.465,194.5,-2.467,0.116,0.45,TR-09_2-085-E,TR-09_2-087-W
sanjose,18,87,TR-09_2-087,SJ,TR-09_2-087,2TTx64,95,6.226,6.167,2.382,55,55,0.019178,4.618141,0.033577,4.658284,1.918,264.6,3.359,266.9,-1.909,3.354,0.181,TR-09_2-086-E,TR-09_2-088-W
sanjose,18,88,TR-09_2-088,SJ,TR-09_2-088,2TTx64,97,6.257,6.16,2.382,55,55,0.018648,4.459316,0.00713,2.286381,1.865,255.5,0.713,131,-1.806,-0.538,0.467,TR-09_2-087-E,TR-09_2-089-W
sanjose,18,89,TR-09_2-089,SJ,TR-09_2-089,2TTx64,99,6.217,6.198,2.382,55,55,0.0078,3.441789,0.029571,4.457571,0.78,197.2,2.958,255.4,-0.23,2.863,0.745,TR-09_2-088-E,TR-09_2-090-W
sanjose,18,90,TR-09_2-090,SJ,TR-09_2-090,2TTx64,101,6.236,6.163,2.382,55,55,0.025834,4.174828,0.022106,4.071853,2.584,239.2,2.211,233.3,-2.22,1.773,1.321,TR-09_2-089-E,TR-09_2-091-W
sanjose,18,91,TR-09_2-091,SJ,TR-09_2-091,2TTx64,103,6.189,6.179,2.382,55,55,0.020387,4.16261,0.01138,3.499385,2.039,238.5,1.138,200.5,-1.738,0.399,1.066,TR-09_2-090-E,TR-09_2-092-W
sanjose,18,92,TR-09_2-092,SJ,TR-09_2-092,2TTx64,105,6.226,6.18,2.382,55,55,0.016658,3.436553,0.021447,3.874631,1.666,196.9,2.145,222,-0.483,1.435,1.594,TR-09_2-091-E,TR-09_2-093-W
sanjose,18,93,TR-09_2-093,SJ,TR-09_2-093,2TTx64,107,6.209,6.18,2.382,55,55,0.016998,3.406883,0.033378,4.199262,1.7,195.2,3.339,240.6,-0.446,2.908,1.64,TR-09_2-092-E,TR-09_2-094-W
sanjose,18,94,TR-09_2-094,SJ,TR-09_2-094,2TTx64,109,6.231,6.117,2.382,55,55,0.029222,4.283038,0.017628,2.333505,2.923,245.4,1.763,133.7,-2.657,-1.274,1.219,TR-09_2-093-E,TR-09_2-095-W
sanjose,18,95,TR-09_2-095,SJ,TR-09_2-095,2TTx64,111,6.3,6.144,2.382,55,55,0.047714,4.509931,0.021437,4.249877,4.775,258.4,2.144,243.5,-4.678,1.918,0.958,TR-09_2-094-E,TR-09_2-096-W
sanjose,18,96,TR-09_2-096,SJ,TR-09_2-096,2TTx64,113,6.226,6.146,2.382,55,55,0.012479,3.303908,0.034257,4.344125,1.248,189.3,3.427,248.9,-0.201,3.198,1.231,TR-09_2-095-E,TR-09_2-097-W
sanjose,18,97,TR-09_2-097,SJ,TR-09_2-097,2TTx64,115,6.264,6.13,2.382,55,55,0.029971,4.239405,0.034007,4.298746,2.998,242.9,3.402,246.3,-2.669,3.116,1.365,TR-09_2-096-E,TR-09_2-098-W
sanjose,18,98,TR-09_2-098,SJ,TR-09_2-098,2TTx64,117,6.263,6.167,2.382,55,55,0.0312,4.262094,0.013679,3.277728,3.121,244.2,1.368,187.8,-2.811,0.185,1.356,TR-09_2-097-E,TR-09_2-099-W
sanjose,18,99,TR-09_2-099,SJ,TR-09_2-099,2TTx64,119,6.222,6.181,2.382,55,55,0.037472,4.221951,0.023835,3.878122,3.749,241.9,2.384,222.2,-3.307,1.602,1.766,TR-09_2-098-E,TR-09_2-100-W
sanjose,18,100,TR-09_2-100,SJ,TR-09_2-100,2TTx64,121,6.226,6.135,2.382,55,55,0.026784,4.049164,0.016608,3.260275,2.679,232,1.661,186.8,-2.111,0.198,1.649,TR-09_2-099-E,TR-09_2-101-W
sanjose,18,101,TR-09_2-101,SJ,TR-09_2-101,2TTx64,123,6.297,6.101,2.382,55,55,0.017108,3.604105,0.032459,4.221951,1.711,206.5,3.247,241.9,-0.763,2.863,1.531,TR-09_2-100-E,TR-09_1-069-W
sanjose,18,102,TR-09_2-102,SJ,TR-09_2-102,2TTx64,83,6.225,6.186,2.382,55,55,0.032419,4.384267,0.013669,3.84147,3.243,251.2,1.367,220.1,-3.07,0.881,1.045,TR-10_1-123-E,TR-09_2-103-W
sanjose,18,103,TR-09_2-103,SJ,TR-09_2-103,2TTx64,85,6.243,6.164,2.382,55,55,0.016069,3.820526,0.0391,4.387758,1.607,218.9,3.912,251.4,-1.009,3.707,1.251,TR-09_2-102-E,TR-09_2-104-W
sanjose,18,104,TR-09_2-104,SJ,TR-09_2-104,2TTx64,87,6.239,6.115,2.382,55,55,0.024755,4.012512,0.026834,4.075344,2.476,229.9,2.684,233.5,-1.893,2.158,1.597,TR-09_2-103-E,TR-09_2-105-W
sanjose,18,105,TR-09_2-105,SJ,TR-09_2-105,2TTx64,89,6.25,6.162,2.382,55,55,0.033697,4.207989,0.016439,3.003712,3.371,241.1,1.644,172.1,-2.952,-0.226,1.628,TR-09_2-104-E,TR-09_2-106-W
sanjose,18,106,TR-09_2-106,SJ,TR-09_2-106,2TTx64,91,6.246,6.149,2.382,55,55,0.020937,3.457497,0.029152,3.961897,2.094,198.1,2.916,227,-0.652,2.131,1.99,TR-09_2-105-E,TR-09_2-107-W
sanjose,18,107,TR-09_2-107,SJ,TR-09_2-107,2TTx64,93,6.232,6.174,2.382,55,55,0.03103,3.970624,0.032069,4.000295,3.104,227.5,3.208,229.2,-2.289,2.428,2.097,TR-09_2-106-E,TR-09_2-108-W
sanjose,18,108,TR-09_2-108,SJ,TR-09_2-108,2TTx64,95,6.226,6.167,2.382,55,55,0.033088,4.047419,0.040528,4.1853,3.31,231.9,4.055,239.8,-2.605,3.503,2.042,TR-09_2-107-E,TR-09_2-109-W
sanjose,18,109,TR-09_2-109,SJ,TR-09_2-109,2TTx64,97,6.257,6.16,2.382,55,55,0.035225,4.26733,0.022166,2.324779,3.524,244.5,2.217,133.2,-3.181,-1.617,1.516,TR-09_2-108-E,TR-09_2-110-W
sanjose,18,110,TR-09_2-110,SJ,TR-09_2-110,2TTx64,99,6.217,6.198,2.382,55,55,0.013129,2.804744,0.034037,4.340634,1.313,160.7,3.405,248.7,0.434,3.172,1.239,TR-09_2-109-E,TR-09_2-111-W
sanjose,18,111,TR-09_2-111,SJ,TR-09_2-111,2TTx64,101,6.236,6.163,2.382,55,55,0.024025,4.366814,0.045149,4.530875,2.403,250.2,4.518,259.6,-2.261,4.444,0.813,TR-09_2-110-E,TR-09_2-112-W
sanjose,18,112,TR-09_2-112,SJ,TR-09_2-112,2TTx64,103,6.189,6.179,2.382,55,55,0.018228,4.653048,0.039559,4.684464,1.823,266.6,3.958,268.4,-1.82,3.956,0.109,TR-09_2-111-E,TR-09_2-113-W
sanjose,18,113,TR-09_2-113,SJ,TR-09_2-113,2TTx64,105,6.226,6.18,2.382,55,55,0.05653,4.832817,0.029601,4.942772,5.659,276.9,2.961,283.2,-5.618,2.882,-0.678,TR-09_2-112-E,TR-09_2-114-W
sanjose,18,114,TR-09_2-114,SJ,TR-09_2-114,2TTx64,107,6.209,6.18,2.382,55,55,0.042614,5.153957,0.032748,5.30231,4.264,295.3,3.276,303.8,-3.854,2.721,-1.824,TR-09_2-113-E,TR-09_2-115-W
sanjose,18,115,TR-09_2-115,SJ,TR-09_2-115,2TTx64,109,6.231,6.117,2.382,55,55,0.030481,5.462881,0.049549,5.145231,3.049,313,4.959,294.8,-2.231,4.502,-2.078,TR-09_2-114-E,TR-09_2-116-W
sanjose,18,116,TR-09_2-116,SJ,TR-09_2-116,2TTx64,111,6.3,6.144,2.382,55,55,0.018688,5.962045,0.026134,5.457645,1.869,341.6,2.614,312.7,-0.59,1.92,-1.774,TR-09_2-115-E,TR-09_2-117-W
sanjose,18,117,TR-09_2-117,SJ,TR-09_2-117,2TTx64,113,6.226,6.146,2.382,55,55,0.017708,5.991715,0.038072,5.174901,1.771,343.3,3.809,296.5,-0.508,3.41,-1.697,TR-09_2-116-E,TR-09_2-118-W
sanjose,18,118,TR-09_2-118,SJ,TR-09_2-118,2TTx64,115,6.264,6.13,2.382,55,55,0.028672,5.096361,0.017508,0.909317,2.868,292,1.751,52.1,-2.659,-1.382,-1.074,TR-09_2-117-E,TR-09_2-119-W
sanjose,18,119,TR-09_2-119,SJ,TR-09_2-119,2TTx64,117,6.263,6.167,2.382,55,55,0.00927,0.928515,0.00558,0.094248,0.927,53.2,0.558,5.4,0.742,-0.053,-0.556,TR-09_2-118-E,TR-09_2-120-W
sanjose,18,120,TR-09_2-120,SJ,TR-09_2-120,2TTx64,119,6.222,6.181,2.382,55,55,0.014339,5.440191,0.046856,4.916593,1.434,311.7,4.689,281.7,-1.071,4.591,-0.953,TR-09_2-119-E,TR-09_2-121-W
sanjose,18,121,TR-09_2-121,SJ,TR-09_2-121,2TTx64,121,6.226,6.135,2.382,55,55,0.057477,5.171411,0.048642,5.263913,5.754,296.3,4.868,301.6,-5.159,4.148,-2.547,TR-09_2-120-E,TR-09_2-122-W
sanjose,18,122,TR-09_2-122,SJ,TR-09_2-122,2TTx64,123,6.297,6.101,2.382,55,55,0.053499,5.370378,0.065566,5.234242,5.355,307.7,6.566,299.9,-4.238,5.692,-3.274,TR-09_2-121-E,TR-09_1-096-W
sanjose,19,5,TR-10_1-005,SJ,TR-10_1-005,2TTx64,72,6.096,6.306,2.382,55,55,,,0.017358,4.701917,,,1.736,269.4,,1.736,0.019,,TR-10_1-006-W
sanjose,19,6,TR-10_1-006,SJ,TR-10_1-006,2TTx64,73,6.306,6.144,2.382,55,55,0.017358,4.717625,0.026584,4.71588,1.736,270.3,2.659,270.2,-1.736,2.659,-0.008,TR-10_1-005-E,TR-10_1-007-W
sanjose,19,7,TR-10_1-007,SJ,TR-10_1-007,2TTx64,75,6.242,6.097,2.382,55,55,0.022906,4.769985,0.014289,4.806637,2.291,273.3,1.429,275.4,-2.287,1.423,-0.134,TR-10_1-006-E,TR-10_1-008-W
sanjose,19,8,TR-10_1-008,SJ,TR-10_1-008,2TTx64,77,6.314,6.118,2.382,55,55,0.157173,4.79791,0.034906,1.171116,15.848,274.9,3.492,67.1,-15.79,-3.217,-1.359,TR-10_1-007-E,TR-10_1-009-W
sanjose,19,9,TR-10_1-009,SJ,TR-10_1-009,2TTx64,79,6.25,6.163,2.382,55,55,0.024295,1.651081,0.018428,4.605924,2.43,94.6,1.843,263.9,2.422,1.833,0.195,TR-10_1-008-E,TR-09_2-001-W
sanjose,19,14,TR-10_1-014,SJ,TR-10_1-014,2TTx64,54,6.216,6.186,2.382,55,55,,,0.024975,4.76824,,,2.498,273.2,,2.494,-0.141,,TR-10_1-015-W
sanjose,19,15,TR-10_1-015,SJ,TR-10_1-015,2TTx64,55,6.186,6.17,2.382,55,55,0.032618,4.701917,0.017328,4.691445,3.263,269.4,1.733,268.8,-3.263,1.733,0.036,TR-10_1-014-E,TR-10_1-016-W
sanjose,19,16,TR-10_1-016,SJ,TR-10_1-016,2TTx64,57,6.23,6.184,2.382,55,55,0.019348,4.808382,0.023815,4.790929,1.935,275.5,2.382,274.5,-1.926,2.375,-0.185,TR-10_1-015-E,TR-10_1-017-W
sanjose,19,17,TR-10_1-017,SJ,TR-10_1-017,2TTx64,59,6.207,6.166,2.382,55,55,0.026644,4.66352,0.00948,4.574508,2.665,267.2,0.948,262.1,-2.662,0.939,0.131,TR-10_1-016-E,TR-10_1-018-W
sanjose,19,18,TR-10_1-018,SJ,TR-10_1-018,2TTx64,61,6.223,6.172,2.382,55,55,0.011939,4.90263,0.026734,4.796165,1.194,280.9,2.674,274.8,-1.173,2.664,-0.225,TR-10_1-017-E,
sanjose,19,19,TR-10_1-019,SJ,TR-10_1-019,2TTx64,64,6.152,6.269,2.382,55,55,0.024245,4.822345,0.020197,4.845034,2.425,276.3,2.02,277.6,-2.41,2.002,-0.266,,TR-10_1-020-W
sanjose,19,20,TR-10_1-020,SJ,TR-10_1-020,2TTx64,65,6.269,6.116,2.382,55,55,0.020067,4.783947,0.032778,4.756022,2.007,274.1,3.279,272.5,-2.002,3.276,-0.143,TR-10_1-019-E,TR-10_1-021-W
sanjose,19,21,TR-10_1-021,SJ,TR-10_1-021,2TTx64,67,6.268,6.098,2.382,55,55,0.03917,4.658284,0.011589,4.527384,3.919,266.9,1.159,259.4,-3.913,1.139,0.213,TR-10_1-020-E,TR-10_1-022-W
sanjose,19,22,TR-10_1-022,SJ,TR-10_1-022,2TTx64,69,6.304,6.057,2.382,55,55,0.020587,4.616396,0.020987,4.618141,2.059,264.5,2.099,264.6,-2.05,2.09,0.198,TR-10_1-021-E,TR-10_1-023-W
sanjose,19,23,TR-10_1-023,SJ,TR-10_1-023,2TTx64,71,6.331,6.096,2.382,55,55,0.021337,4.593707,0.028602,4.623377,2.134,263.2,2.861,264.9,-2.119,2.85,0.254,TR-10_1-022-E,TR-10_1-024-W
sanjose,19,24,TR-10_1-024,SJ,TR-10_1-024,2TTx64,73,6.306,6.144,2.382,55,55,0.03084,4.50644,0.031689,4.511676,3.085,258.2,3.17,258.5,-3.02,3.107,0.629,TR-10_1-023-E,TR-10_1-025-W
sanjose,19,25,TR-10_1-025,SJ,TR-10_1-025,2TTx64,75,6.242,6.097,2.382,55,55,0.03107,4.544837,0.0059,2.644174,3.108,260.4,0.59,151.5,-3.064,-0.282,0.519,TR-10_1-024-E,TR-10_1-026-W
sanjose,19,26,TR-10_1-026,SJ,TR-10_1-026,2TTx64,77,6.314,6.118,2.382,55,55,0.026164,4.494223,0.034886,4.550073,2.617,257.5,3.49,260.7,-2.555,3.444,0.566,TR-10_1-025-E,TR-10_1-027-W
sanjose,19,27,TR-10_1-027,SJ,TR-10_1-027,2TTx64,79,6.25,6.163,2.382,55,55,0.044221,4.574508,0.024185,4.457571,4.425,262.1,2.419,255.4,-4.383,2.341,0.608,TR-10_1-026-E,TR-09_2-016-W
sanjose,19,28,TR-10_1-028,SJ,TR-10_1-028,2TTx64,35,6.586,5.739,2.382,55,55,0.016838,4.71588,0.036154,4.714134,1.684,270.2,3.617,270.1,-1.684,3.617,-0.006,TR-10_2-076-E,TR-10_1-029-W
sanjose,19,29,TR-10_1-029,SJ,TR-10_1-029,2TTx64,37,6.395,6.182,2.382,55,55,0.031899,4.712389,0.019857,4.714134,3.191,270,1.986,270.1,-3.191,1.986,-0.003,TR-10_1-028-E,TR-10_1-030-W
sanjose,19,30,TR-10_1-030,SJ,TR-10_1-030,2TTx64,39,6.208,6.189,2.382,55,55,0.017948,4.595452,0.035925,4.654793,1.795,263.3,3.594,266.7,-1.783,3.588,0.209,TR-10_1-029-E,TR-10_1-031-W
sanjose,19,31,TR-10_1-031,SJ,TR-10_1-031,2TTx64,41,6.215,6.201,2.382,55,55,0.034636,4.74206,0.022476,4.757768,3.465,271.7,2.248,272.6,-3.463,2.246,-0.103,TR-10_1-030-E,TR-10_1-032-W
sanjose,19,32,TR-10_1-032,SJ,TR-10_1-032,2TTx64,43,6.485,5.721,2.382,55,55,0.024365,4.520403,0.00467,3.050836,2.437,259,0.467,174.8,-2.392,-0.042,0.466,TR-10_1-031-E,
sanjose,19,33,TR-10_1-033,SJ,TR-10_1-033,2TTx64,46,6.28,6.167,2.382,55,55,0.026574,4.738569,0.034097,4.733333,2.658,271.5,3.411,271.2,-2.657,3.41,-0.071,,TR-10_1-034-W
sanjose,19,34,TR-10_1-034,SJ,TR-10_1-034,2TTx64,47,6.167,6.194,2.382,55,55,0.034087,4.714134,0.028272,4.71588,3.41,270.1,2.828,270.2,-3.41,2.828,-0.008,TR-10_1-033-E,TR-10_1-035-W
sanjose,19,35,TR-10_1-035,SJ,TR-10_1-035,2TTx64,49,6.19,6.205,2.382,55,55,0.028153,4.703662,0.03072,4.703662,2.816,269.5,3.073,269.5,-2.816,3.073,0.026,TR-10_1-034-E,TR-10_1-036-W
sanjose,19,36,TR-10_1-036,SJ,TR-10_1-036,2TTx64,51,6.484,6.176,2.382,55,55,0.03072,4.740314,0.027833,4.74206,3.073,271.6,2.784,271.7,-3.072,2.783,-0.085,TR-10_1-035-E,TR-10_1-037-W
sanjose,19,37,TR-10_1-037,SJ,TR-10_1-037,2TTx64,53,6.206,6.216,2.382,55,55,0.026973,4.743805,0.019847,4.754277,2.698,271.8,1.985,272.4,-2.697,1.983,-0.085,TR-10_1-036-E,TR-10_1-038-W
sanjose,19,38,TR-10_1-038,SJ,TR-10_1-038,2TTx64,55,6.186,6.17,2.382,55,55,0.028822,4.74206,0.0017,5.244714,2.883,271.7,0.17,300.5,-2.882,0.146,-0.086,TR-10_1-037-E,TR-10_1-039-W
sanjose,19,39,TR-10_1-039,SJ,TR-10_1-039,2TTx64,57,6.23,6.184,2.382,55,55,0.00972,4.763004,0.047085,4.722861,0.972,272.9,4.712,270.6,-0.971,4.712,-0.05,TR-10_1-038-E,
sanjose,19,42,TR-10_1-042,SJ,TR-10_1-042,2TTx64,64,6.152,6.269,2.382,55,55,,,0.034666,4.726352,,,3.468,270.8,,3.468,-0.047,,TR-10_1-043-W
sanjose,19,43,TR-10_1-043,SJ,TR-10_1-043,2TTx64,65,6.269,6.116,2.382,55,55,0.035006,4.852015,0.015689,5.030039,3.502,278,1.569,288.2,-3.468,1.491,-0.49,TR-10_1-042-E,TR-10_1-044-W
sanjose,19,44,TR-10_1-044,SJ,TR-10_1-044,2TTx64,67,6.268,6.098,2.382,55,55,0.017658,4.879941,0.019548,4.862487,1.766,279.6,1.955,278.6,-1.741,1.933,-0.294,TR-10_1-043-E,TR-10_1-045-W
sanjose,19,45,TR-10_1-045,SJ,TR-10_1-045,2TTx64,69,6.304,6.057,2.382,55,55,0.013979,5.311037,0.028572,4.991642,1.398,304.3,2.858,286,-1.155,2.747,-0.788,TR-10_1-044-E,TR-10_1-046-W
sanjose,19,46,TR-10_1-046,SJ,TR-10_1-046,2TTx64,71,6.331,6.096,2.382,55,55,0.03107,5.023058,0.019088,5.234242,3.108,287.8,1.909,299.9,-2.959,1.655,-0.951,TR-10_1-045-E,TR-10_1-047-W
sanjose,19,47,TR-10_1-047,SJ,TR-10_1-047,2TTx64,73,6.306,6.144,2.382,55,55,0.020327,5.234242,0.023656,5.155703,2.033,299.9,2.366,295.4,-1.762,2.137,-1.015,TR-10_1-046-E,TR-10_1-048-W
sanjose,19,48,TR-10_1-048,SJ,TR-10_1-048,2TTx64,75,6.242,6.097,2.382,55,55,0.024075,5.145231,0.024295,5.14174,2.408,294.8,2.43,294.6,-2.186,2.21,-1.011,TR-10_1-047-E,TR-10_1-049-W
sanjose,19,49,TR-10_1-049,SJ,TR-10_1-049,2TTx64,77,6.314,6.118,2.382,55,55,0.020657,5.188864,0.026474,5.078908,2.066,297.3,2.648,291,-1.836,2.472,-0.948,TR-10_1-048-E,TR-10_1-050-W
sanjose,19,50,TR-10_1-050,SJ,TR-10_1-050,2TTx64,79,6.25,6.163,2.382,55,55,0.022726,5.1941,0.029751,5.073672,2.273,297.6,2.976,290.7,-2.014,2.784,-1.053,TR-10_1-049-E,TR-10_1-051-W
sanjose,19,51,TR-10_1-051,SJ,TR-10_1-051,2TTx64,81,6.283,6.092,2.382,55,55,0.028133,5.044002,0.017298,5.270894,2.814,289,1.73,302,-2.661,1.467,-0.916,TR-10_1-050-E,TR-09_2-039-W
sanjose,19,52,TR-10_1-052,SJ,TR-10_1-052,2TTx64,35,6.586,5.739,2.382,55,55,0.027753,4.680973,0.021257,4.672246,2.776,268.2,2.126,267.7,-2.775,2.124,0.086,TR-10_2-093-E,TR-10_1-053-W
sanjose,19,53,TR-10_1-053,SJ,TR-10_1-053,2TTx64,37,6.395,6.182,2.382,55,55,0.015539,4.780457,0.043233,4.736824,1.554,273.9,4.326,271.4,-1.55,4.325,-0.107,TR-10_1-052-E,TR-10_1-054-W
sanjose,19,54,TR-10_1-054,SJ,TR-10_1-054,2TTx64,39,6.208,6.189,2.382,55,55,0.022786,4.69319,0.00368,4.597197,2.279,268.9,0.368,263.4,-2.279,0.366,0.043,TR-10_1-053-E,TR-10_1-055-W
sanjose,19,55,TR-10_1-055,SJ,TR-10_1-055,2TTx64,41,6.215,6.201,2.382,55,55,0.014229,4.988151,0.035595,4.822345,1.423,285.8,3.561,276.3,-1.369,3.54,-0.388,TR-10_1-054-E,TR-10_1-056-W
sanjose,19,56,TR-10_1-056,SJ,TR-10_1-056,2TTx64,43,6.485,5.721,2.382,55,55,0.035675,4.848525,0.020957,4.946263,3.569,277.8,2.096,283.4,-3.536,2.039,-0.485,TR-10_1-055-E,TR-10_1-057-W
sanjose,19,57,TR-10_1-057,SJ,TR-10_1-057,2TTx64,45,6.32,6.28,2.382,55,55,0.020277,4.90263,0.028232,4.848525,2.028,280.9,2.824,277.8,-1.991,2.798,-0.385,TR-10_1-056-E,TR-10_1-058-W
sanjose,19,58,TR-10_1-058,SJ,TR-10_1-058,2TTx64,47,6.167,6.194,2.382,55,55,0.019627,5.117305,0.041506,4.899139,1.963,293.2,4.153,280.7,-1.804,4.08,-0.773,TR-10_1-057-E,TR-10_1-059-W
sanjose,19,59,TR-10_1-059,SJ,TR-10_1-059,2TTx64,49,6.19,6.205,2.382,55,55,0.044201,4.759513,0.016788,4.838053,4.423,272.7,1.679,277.2,-4.418,1.666,-0.21,TR-10_1-058-E,TR-10_1-060-W
sanjose,19,60,TR-10_1-060,SJ,TR-10_1-060,2TTx64,51,6.484,6.176,2.382,55,55,0.025924,4.916593,0.023935,4.934046,2.593,281.7,2.394,282.7,-2.539,2.335,-0.527,TR-10_1-059-E,TR-10_1-061-W
sanjose,19,61,TR-10_1-061,SJ,TR-10_1-061,2TTx64,53,6.206,6.216,2.382,55,55,0.105269,4.712389,0.00094,1.638864,10.566,270,0.094,93.9,-10.566,-0.094,0.006,TR-10_1-060-E,TR-10_1-062-W
sanjose,19,62,TR-10_1-062,SJ,TR-10_1-062,2TTx64,55,6.186,6.17,2.382,55,55,0.0047,6.140068,0.020607,4.939282,0.47,351.8,2.061,283,-0.067,2.008,-0.465,TR-10_1-061-E,TR-10_1-063-W
sanjose,19,63,TR-10_1-063,SJ,TR-10_1-063,2TTx64,57,6.23,6.184,2.382,55,55,0.018108,4.927064,0.014719,4.977679,1.811,282.3,1.472,285.2,-1.769,1.421,-0.386,TR-10_1-062-E,
sanjose,19,64,TR-10_1-064,SJ,TR-10_1-064,2TTx64,60,6.166,6.223,2.382,55,55,0.032499,4.834562,0.019977,4.911357,3.251,277,1.998,281.4,-3.227,1.959,-0.394,,TR-10_1-065-W
sanjose,19,65,TR-10_1-065,SJ,TR-10_1-065,2TTx64,61,6.223,6.172,2.382,55,55,0.00972,4.733333,0.03141,4.71937,0.972,271.2,3.142,270.4,-0.972,3.142,-0.021,TR-10_1-064-E,TR-10_1-066-W
sanjose,19,66,TR-10_1-066,SJ,TR-10_1-066,2TTx64,63,6.244,6.152,2.382,55,55,0.032229,4.722861,0.027153,4.724606,3.224,270.6,2.716,270.7,-3.224,2.716,-0.031,TR-10_1-065-E,TR-10_1-067-W
sanjose,19,67,TR-10_1-067,SJ,TR-10_1-067,2TTx64,65,6.269,6.116,2.382,55,55,0.027533,4.700172,0.017098,4.691445,2.754,269.3,1.71,268.8,-2.754,1.71,0.035,TR-10_1-066-E,TR-10_1-068-W
sanjose,19,68,TR-10_1-068,SJ,TR-10_1-068,2TTx64,67,6.268,6.098,2.382,55,55,0.025015,4.714134,0.012159,1.567306,2.502,270.1,1.216,89.8,-2.502,-1.216,-0.005,TR-10_1-067-E,TR-10_1-069-W
sanjose,19,69,TR-10_1-069,SJ,TR-10_1-069,2TTx64,69,6.304,6.057,2.382,55,55,0.03932,4.6897,0.035255,4.687954,3.934,268.7,3.527,268.6,-3.933,3.526,0.087,TR-10_1-068-E,TR-10_1-070-W
sanjose,19,70,TR-10_1-070,SJ,TR-10_1-070,2TTx64,71,6.331,6.096,2.382,55,55,0.038042,4.74206,0.023126,4.763004,3.806,271.7,2.313,272.9,-3.804,2.31,-0.115,TR-10_1-069-E,TR-10_1-071-W
sanjose,19,71,TR-10_1-071,SJ,TR-10_1-071,2TTx64,73,6.306,6.144,2.382,55,55,0.020777,4.759513,0.024165,4.752532,2.078,272.7,2.417,272.3,-2.076,2.415,-0.098,TR-10_1-070-E,TR-10_1-072-W
sanjose,19,72,TR-10_1-072,SJ,TR-10_1-072,2TTx64,75,6.242,6.097,2.382,55,55,0.024325,4.740314,0.027323,4.736824,2.433,271.6,2.733,271.4,-2.432,2.732,-0.066,TR-10_1-071-E,TR-10_1-073-W
sanjose,19,73,TR-10_1-073,SJ,TR-10_1-073,2TTx64,77,6.314,6.118,2.382,55,55,0.027573,4.761258,0.024785,4.766494,2.758,272.8,2.479,273.1,-2.755,2.475,-0.132,TR-10_1-072-E,TR-10_1-074-W
sanjose,19,74,TR-10_1-074,SJ,TR-10_1-074,2TTx64,79,6.25,6.163,2.382,55,55,0.026894,4.780457,0.019777,4.804891,2.69,273.9,1.978,275.3,-2.684,1.97,-0.182,TR-10_1-073-E,TR-10_1-075-W
sanjose,19,75,TR-10_1-075,SJ,TR-10_1-075,2TTx64,81,6.283,6.092,2.382,55,55,0.025375,4.825835,0.030281,4.806637,2.538,276.5,3.029,275.4,-2.522,3.015,-0.286,TR-10_1-074-E,TR-09_2-060-W
sanjose,19,76,TR-10_1-076,SJ,TR-10_1-076,2TTx64,35,6.586,5.739,2.382,55,55,0.033517,4.591961,0.016089,4.459316,3.353,263.1,1.609,255.5,-3.329,1.558,0.403,TR-10_2-110-E,TR-10_1-077-W
sanjose,19,77,TR-10_1-077,SJ,TR-10_1-077,2TTx64,37,6.395,6.182,2.382,55,55,0.03946,4.562291,0.012559,4.220206,3.948,261.4,1.256,241.8,-3.903,1.107,0.593,TR-10_1-076-E,TR-10_1-078-W
sanjose,19,78,TR-10_1-078,SJ,TR-10_1-078,2TTx64,39,6.208,6.189,2.382,55,55,0.014609,4.335398,0.030051,4.53262,1.461,248.4,3.006,259.7,-1.358,2.957,0.538,TR-10_1-077-E,TR-10_1-079-W
sanjose,19,79,TR-10_1-079,SJ,TR-10_1-079,2TTx64,41,6.215,6.201,2.382,55,55,0.023955,4.539601,0.019607,4.501204,2.396,260.1,1.961,257.9,-2.36,1.917,0.411,TR-10_1-078-E,TR-10_1-080-W
sanjose,19,80,TR-10_1-080,SJ,TR-10_1-080,2TTx64,43,6.485,5.721,2.382,55,55,0.015519,4.511676,0.020117,4.5588,1.552,258.5,2.012,261.2,-1.521,1.988,0.308,TR-10_1-079-E,TR-10_1-081-W
sanjose,19,81,TR-10_1-081,SJ,TR-10_1-081,2TTx64,45,6.32,6.28,2.382,55,55,0.037442,4.609415,0.035106,4.602433,3.746,264.1,3.512,263.7,-3.726,3.491,0.386,TR-10_1-080-E,TR-10_1-082-W
sanjose,19,82,TR-10_1-082,SJ,TR-10_1-082,2TTx64,47,6.167,6.194,2.382,55,55,0.041975,4.644321,0.016698,4.537856,4.2,266.1,1.67,260,-4.19,1.645,0.289,TR-10_1-081-E,TR-10_1-083-W
sanjose,19,83,TR-10_1-083,SJ,TR-10_1-083,2TTx64,49,6.19,6.205,2.382,55,55,0.01109,4.326671,0.045558,4.621632,1.109,247.9,4.559,264.8,-1.028,4.54,0.417,TR-10_1-082-E,TR-10_1-084-W
sanjose,19,84,TR-10_1-084,SJ,TR-10_1-084,2TTx64,51,6.484,6.176,2.382,55,55,0.032558,4.551819,0.022016,4.473279,3.257,260.8,2.202,256.3,-3.215,2.139,0.523,TR-10_1-083-E,TR-10_1-085-W
sanjose,19,85,TR-10_1-085,SJ,TR-10_1-085,2TTx64,53,6.206,6.216,2.382,55,55,0.00566,2.350959,0.026784,4.564036,0.566,134.7,2.679,261.5,0.402,2.649,0.398,TR-10_1-084-E,TR-10_1-086-W
sanjose,19,86,TR-10_1-086,SJ,TR-10_1-086,2TTx64,55,6.186,6.17,2.382,55,55,0.023296,4.628613,0.020847,4.619887,2.33,265.2,2.085,264.7,-2.322,2.076,0.193,TR-10_1-085-E,TR-10_1-087-W
sanjose,19,87,TR-10_1-087,SJ,TR-10_1-087,2TTx64,57,6.23,6.184,2.382,55,55,0.020397,4.595452,0.037712,4.649557,2.04,263.3,3.773,266.4,-2.026,3.766,0.236,TR-10_1-086-E,TR-10_1-088-W
sanjose,19,88,TR-10_1-088,SJ,TR-10_1-088,2TTx64,59,6.207,6.166,2.382,55,55,0.037273,4.708898,0.016229,4.703662,3.729,269.8,1.623,269.5,-3.729,1.623,0.013,TR-10_1-087-E,TR-10_1-089-W
sanjose,19,89,TR-10_1-089,SJ,TR-10_1-089,2TTx64,61,6.223,6.172,2.382,55,55,0.035735,4.682718,0.019747,4.660029,3.575,268.3,1.975,267,-3.573,1.972,0.104,TR-10_1-088-E,TR-10_1-090-W
sanjose,19,90,TR-10_1-090,SJ,TR-10_1-090,2TTx64,63,6.244,6.152,2.382,55,55,0.024525,4.710644,0.019008,4.710644,2.453,269.9,1.901,269.9,-2.453,1.901,0.003,TR-10_1-089-E,TR-10_1-091-W
sanjose,19,91,TR-10_1-091,SJ,TR-10_1-091,2TTx64,65,6.269,6.116,2.382,55,55,0.024965,4.733333,0.026374,4.733333,2.497,271.2,2.638,271.2,-2.496,2.637,-0.053,TR-10_1-090-E,TR-10_1-092-W
sanjose,19,92,TR-10_1-092,SJ,TR-10_1-092,2TTx64,67,6.268,6.098,2.382,55,55,0.026044,4.820599,0.035785,4.790929,2.605,276.2,3.58,274.5,-2.59,3.569,-0.283,TR-10_1-091-E,TR-10_1-093-W
sanjose,19,93,TR-10_1-093,SJ,TR-10_1-093,2TTx64,69,6.304,6.057,2.382,55,55,0.019977,4.961971,0.033308,4.860742,1.998,284.3,3.332,278.5,-1.936,3.295,-0.493,TR-10_1-092-E,TR-10_1-094-W
sanjose,19,94,TR-10_1-094,SJ,TR-10_1-094,2TTx64,71,6.331,6.096,2.382,55,55,0.036813,4.864233,0.027053,4.920083,3.683,278.7,2.706,281.9,-3.641,2.648,-0.558,TR-10_1-093-E,TR-10_1-095-W
sanjose,19,95,TR-10_1-095,SJ,TR-10_1-095,2TTx64,73,6.306,6.144,2.382,55,55,0.028013,5.0632,0.039499,4.95848,2.802,290.1,3.952,284.1,-2.631,3.833,-0.963,TR-10_1-094-E,TR-10_1-096-W
sanjose,19,96,TR-10_1-096,SJ,TR-10_1-096,2TTx64,75,6.242,6.097,2.382,55,55,0.033917,5.005604,0.036154,4.986406,3.393,286.8,3.617,285.7,-3.248,3.482,-0.98,TR-10_1-095-E,TR-10_1-097-W
sanjose,19,97,TR-10_1-097,SJ,TR-10_1-097,2TTx64,77,6.314,6.118,2.382,55,55,0.023476,5.05971,0.027963,5.002114,2.348,289.9,2.797,286.6,-2.207,2.68,-0.8,TR-10_1-096-E,TR-10_1-098-W
sanjose,19,98,TR-10_1-098,SJ,TR-10_1-098,2TTx64,79,6.25,6.163,2.382,55,55,0.032558,4.87645,0.020277,4.977679,3.257,279.4,2.028,285.2,-3.214,1.957,-0.53,TR-10_1-097-E,TR-10_1-099-W
sanjose,19,99,TR-10_1-099,SJ,TR-10_1-099,2TTx64,81,6.283,6.092,2.382,55,55,0.022866,4.836307,0.036234,4.790929,2.287,277.1,3.625,274.5,-2.27,3.614,-0.282,TR-10_1-098-E,TR-09_2-081-W
sanjose,19,100,TR-10_1-100,SJ,TR-10_1-100,2TTx64,35,6.586,5.739,2.382,55,55,0.027223,4.307473,0.027673,4.314454,2.723,246.8,2.768,247.2,-2.503,2.552,1.073,TR-10_2-126-E,TR-10_1-101-W
sanjose,19,101,TR-10_1-101,SJ,TR-10_1-101,2TTx64,37,6.395,6.182,2.382,55,55,0.025904,4.431391,0.015439,4.227187,2.591,253.9,1.544,242.2,-2.489,1.366,0.72,TR-10_1-100-E,TR-10_1-102-W
sanjose,19,102,TR-10_1-102,SJ,TR-10_1-102,2TTx64,39,6.208,6.189,2.382,55,55,0.023516,4.684464,0.058015,4.700172,2.352,268.4,5.808,269.3,-2.351,5.808,0.068,TR-10_1-101-E,TR-10_1-103-W
sanjose,19,103,TR-10_1-103,SJ,TR-10_1-103,2TTx64,41,6.215,6.201,2.382,55,55,0.051165,4.857251,0.023726,5.030039,5.121,278.3,2.373,288.2,-5.067,2.254,-0.742,TR-10_1-102-E,TR-10_1-104-W
sanjose,19,104,TR-10_1-104,SJ,TR-10_1-104,2TTx64,43,6.485,5.721,2.382,55,55,0.026724,4.972443,0.062847,4.822345,2.673,284.9,6.293,276.3,-2.583,6.255,-0.687,TR-10_1-103-E,TR-10_1-105-W
sanjose,19,105,TR-10_1-105,SJ,TR-10_1-105,2TTx64,45,6.32,6.28,2.382,55,55,0.014739,5.176647,0.028792,4.944518,1.474,296.6,2.88,283.3,-1.318,2.803,-0.661,TR-10_1-104-E,TR-10_1-106-W
sanjose,19,106,TR-10_1-106,SJ,TR-10_1-106,2TTx64,47,6.167,6.194,2.382,55,55,0.027593,4.979424,0.026784,4.986406,2.76,285.3,2.679,285.7,-2.663,2.579,-0.727,TR-10_1-105-E,TR-10_1-107-W
sanjose,19,107,TR-10_1-107,SJ,TR-10_1-107,2TTx64,49,6.19,6.205,2.382,55,55,0.024055,4.930555,0.022986,4.941027,2.406,282.5,2.299,283.1,-2.349,2.239,-0.522,TR-10_1-106-E,TR-10_1-108-W
sanjose,19,108,TR-10_1-108,SJ,TR-10_1-108,2TTx64,51,6.484,6.176,2.382,55,55,0.022146,4.836307,0.024325,4.825835,2.215,277.1,2.433,276.5,-2.198,2.417,-0.274,TR-10_1-107-E,TR-10_1-109-W
sanjose,19,109,TR-10_1-109,SJ,TR-10_1-109,2TTx64,53,6.206,6.216,2.382,55,55,0.026504,4.754277,0.017648,4.775221,2.651,272.4,1.765,273.6,-2.649,1.762,-0.11,TR-10_1-108-E,TR-10_1-110-W
sanjose,19,110,TR-10_1-110,SJ,TR-10_1-110,2TTx64,55,6.186,6.17,2.382,55,55,0.017048,4.646066,0.024565,4.665265,1.705,266.2,2.457,267.3,-1.701,2.454,0.114,TR-10_1-109-E,TR-10_1-111-W
sanjose,19,111,TR-10_1-111,SJ,TR-10_1-111,2TTx64,57,6.23,6.184,2.382,55,55,0.026804,4.756022,0.022686,4.764749,2.681,272.5,2.269,273,-2.678,2.266,-0.118,TR-10_1-110-E,TR-10_1-112-W
sanjose,19,112,TR-10_1-112,SJ,TR-10_1-112,2TTx64,59,6.207,6.166,2.382,55,55,0.020847,4.792674,0.037542,4.756022,2.085,274.6,3.756,272.5,-2.078,3.752,-0.167,TR-10_1-111-E,TR-10_1-113-W
sanjose,19,113,TR-10_1-113,SJ,TR-10_1-113,2TTx64,61,6.223,6.172,2.382,55,55,0.037732,4.773476,0.023446,4.810127,3.775,273.5,2.345,275.6,-3.768,2.334,-0.229,TR-10_1-112-E,TR-10_1-114-W
sanjose,19,114,TR-10_1-114,SJ,TR-10_1-114,2TTx64,63,6.244,6.152,2.382,55,55,0.022156,4.743805,0.030221,4.735078,2.216,271.8,3.023,271.3,-2.215,3.022,-0.07,TR-10_1-113-E,TR-10_1-115-W
sanjose,19,115,TR-10_1-115,SJ,TR-10_1-115,2TTx64,65,6.269,6.116,2.382,55,55,0.029701,4.675737,0.021157,4.660029,2.971,267.9,2.116,267,-2.969,2.113,0.109,TR-10_1-114-E,TR-10_1-116-W
sanjose,19,116,TR-10_1-116,SJ,TR-10_1-116,2TTx64,67,6.268,6.098,2.382,55,55,0.016359,4.548328,0.016079,4.544837,1.636,260.6,1.608,260.4,-1.614,1.585,0.268,TR-10_1-115-E,TR-10_1-117-W
sanjose,19,117,TR-10_1-117,SJ,TR-10_1-117,2TTx64,69,6.304,6.057,2.382,55,55,0.026324,4.625123,0.030521,4.63734,2.633,265,3.053,265.7,-2.623,3.044,0.231,TR-10_1-116-E,TR-10_1-118-W
sanjose,19,118,TR-10_1-118,SJ,TR-10_1-118,2TTx64,71,6.331,6.096,2.382,55,55,0.046576,4.543092,0.00788,3.173009,4.661,260.3,0.788,181.8,-4.594,0.025,0.788,TR-10_1-117-E,TR-10_1-119-W
sanjose,19,119,TR-10_1-119,SJ,TR-10_1-119,2TTx64,73,6.306,6.144,2.382,55,55,0.01083,4.096288,0.027203,4.48026,1.083,234.7,2.721,256.7,-0.884,2.648,0.625,TR-10_1-118-E,TR-10_1-120-W
sanjose,19,120,TR-10_1-120,SJ,TR-10_1-120,2TTx64,75,6.242,6.097,2.382,55,55,0.023656,4.274311,0.030031,4.37205,2.366,244.9,3.004,250.5,-2.143,2.832,1.002,TR-10_1-119-E,TR-10_1-121-W
sanjose,19,121,TR-10_1-121,SJ,TR-10_1-121,2TTx64,77,6.314,6.118,2.382,55,55,0.035175,4.380776,0.016469,3.944444,3.519,251,1.647,226,-3.328,1.184,1.145,TR-10_1-120-E,TR-10_1-122-W
sanjose,19,122,TR-10_1-122,SJ,TR-10_1-122,2TTx64,79,6.25,6.163,2.382,55,55,0.022796,4.190536,0.013849,3.748967,2.28,240.1,1.385,214.8,-1.976,0.79,1.138,TR-10_1-121-E,TR-10_1-123-W
sanjose,19,123,TR-10_1-123,SJ,TR-10_1-123,2TTx64,81,6.283,6.092,2.382,55,55,0.013049,3.663446,0.038781,4.415683,1.305,209.9,3.88,253,-0.65,3.711,1.131,TR-10_1-122-E,TR-09_2-102-W
sanjose,21,2,TR-10_2-002,SJ,TR-10_2-002,2TTx64,2,12.684,6.258,2.382,55,55,0.00884,3.811799,0.023346,4.410447,0.884,218.4,2.335,252.7,-0.549,2.23,0.693,,TR-10_2-003-W
sanjose,21,3,TR-10_2-003,SJ,TR-10_2-003,2TTx64,3,6.258,6.418,2.382,55,55,0.023176,4.502949,0.03078,4.555309,2.318,258,3.079,261,-2.267,3.041,0.482,TR-10_2-002-E,TR-10_2-004-W
sanjose,21,4,TR-10_2-004,SJ,TR-10_2-004,2TTx64,5,6.1,6.178,2.382,55,55,0.03926,4.675737,0.022536,4.649557,3.928,267.9,2.254,266.4,-3.925,2.249,0.143,TR-10_2-003-E,TR-10_2-005-W
sanjose,21,5,TR-10_2-005,SJ,TR-10_2-005,2TTx64,7,6.261,6.154,2.382,55,55,0.027023,4.598943,0.027763,4.602433,2.703,263.5,2.777,263.7,-2.686,2.76,0.305,TR-10_2-004-E,TR-10_2-006-W
sanjose,21,6,TR-10_2-006,SJ,TR-10_2-006,2TTx64,9,6.448,5.939,2.382,55,55,0.024035,4.633849,0.022606,4.628613,2.404,265.5,2.261,265.2,-2.397,2.253,0.189,TR-10_2-005-E,TR-10_2-007-W
sanjose,21,7,TR-10_2-007,SJ,TR-10_2-007,2TTx64,11,6.339,6.374,2.382,55,55,0.019897,4.574508,0.021777,4.58498,1.99,262.1,2.178,262.7,-1.971,2.161,0.275,TR-10_2-006-E,
sanjose,21,8,TR-10_2-008,SJ,TR-10_2-008,2TTx64,14,5.228,6.502,2.382,55,55,0.00523,2.94088,0.037692,4.576253,0.523,168.5,3.771,262.2,0.104,3.736,0.513,,TR-10_2-009-W
sanjose,21,9,TR-10_2-009,SJ,TR-10_2-009,2TTx64,15,6.502,6.152,2.382,55,55,0.037413,4.651302,0.032768,4.642576,3.743,266.5,3.278,266,-3.736,3.27,0.227,TR-10_2-008-E,TR-10_2-010-W
sanjose,21,10,TR-10_2-010,SJ,TR-10_2-010,2TTx64,17,6.208,6.218,2.382,55,55,0.024675,4.700172,0.021077,4.696681,2.468,269.3,2.108,269.1,-2.468,2.108,0.032,TR-10_2-009-E,TR-10_2-011-W
sanjose,21,11,TR-10_2-011,SJ,TR-10_2-011,2TTx64,19,6.302,5.929,2.382,55,55,0.018288,4.621632,0.020117,4.628613,1.829,264.8,2.012,265.2,-1.821,2.005,0.167,TR-10_2-010-E,TR-10_2-012-W
sanjose,21,12,TR-10_2-012,SJ,TR-10_2-012,2TTx64,21,6.218,6.433,2.382,55,55,0.017698,4.612905,0.027513,4.649557,1.77,264.3,2.752,266.4,-1.761,2.746,0.175,TR-10_2-011-E,TR-10_2-013-W
sanjose,21,13,TR-10_2-013,SJ,TR-10_2-013,2TTx64,23,6.472,5.806,2.382,55,55,0.026913,4.543092,0.016998,4.441863,2.692,260.3,1.7,254.5,-2.653,1.638,0.456,TR-10_2-012-E,TR-10_2-014-W
sanjose,21,14,TR-10_2-014,SJ,TR-10_2-014,2TTx64,25,6.359,6.176,2.382,55,55,0.016658,4.511676,0.042604,4.633849,1.666,258.5,4.263,265.5,-1.633,4.25,0.332,TR-10_2-013-E,
sanjose,21,15,TR-10_2-015,SJ,TR-10_2-015,2TTx64,28,5.307,6.619,2.382,55,55,0.014169,3.623304,0.019188,4.000295,1.417,207.6,1.919,229.2,-0.657,1.452,1.255,,TR-10_2-016-W
sanjose,21,16,TR-10_2-016,SJ,TR-10_2-016,2TTx64,29,6.619,6.141,2.382,55,55,0.013099,3.424336,0.024035,4.160865,1.31,196.2,2.404,238.4,-0.365,2.048,1.258,TR-10_2-015-E,TR-10_2-017-W
sanjose,21,17,TR-10_2-017,SJ,TR-10_2-017,2TTx64,31,6.208,6.201,2.382,55,55,0.021996,4.13643,0.024465,4.201008,2.2,237,2.447,240.7,-1.846,2.134,1.197,TR-10_2-016-E,TR-10_2-018-W
sanjose,21,18,TR-10_2-018,SJ,TR-10_2-018,2TTx64,33,6.2,6.343,2.382,55,55,0.025514,4.347615,0.025275,4.344125,2.552,249.1,2.528,248.9,-2.384,2.358,0.911,TR-10_2-017-E,
sanjose,21,19,TR-10_2-019,SJ,TR-10_2-019,2TTx64,36,5.739,6.395,2.382,55,55,0.03095,4.443608,0.019857,4.284783,3.096,254.6,1.986,245.5,-2.984,1.807,0.823,,TR-10_2-020-W
sanjose,21,20,TR-10_2-020,SJ,TR-10_2-020,2TTx64,37,6.395,6.182,2.382,55,55,0.027113,4.359832,0.025005,4.328417,2.712,249.8,2.501,248,-2.545,2.318,0.938,TR-10_2-019-E,TR-10_2-021-W
sanjose,21,21,TR-10_2-021,SJ,TR-10_2-021,2TTx64,39,6.208,6.189,2.382,55,55,0.03146,4.468043,0.020137,4.326671,3.147,256,2.014,247.9,-3.054,1.866,0.759,TR-10_2-020-E,TR-10_2-022-W
sanjose,21,22,TR-10_2-022,SJ,TR-10_2-022,2TTx64,41,6.215,6.201,2.382,55,55,0.020707,4.354596,0.022356,4.380776,2.071,249.5,2.236,251,-1.939,2.115,0.726,TR-10_2-021-E,
sanjose,21,23,TR-10_2-023,SJ,TR-10_2-023,2TTx64,44,5.721,6.32,2.382,55,55,0.01064,3.420845,0.017748,4.098033,1.064,196,1.775,234.8,-0.293,1.451,1.022,,TR-10_2-024-W
sanjose,21,24,TR-10_2-024,SJ,TR-10_2-024,2TTx64,45,6.32,6.28,2.382,55,55,0.015839,3.221878,0.042295,4.330162,1.584,184.6,4.232,248.1,-0.128,3.927,1.578,TR-10_2-023-E,TR-10_2-025-W
sanjose,21,25,TR-10_2-025,SJ,TR-10_2-025,2TTx64,47,6.167,6.194,2.382,55,55,0.033857,4.258603,0.051574,4.420919,3.387,244,5.162,253.3,-3.043,4.943,1.486,TR-10_2-024-E,TR-10_2-026-W
sanjose,21,26,TR-10_2-026,SJ,TR-10_2-026,2TTx64,49,6.19,6.205,2.382,55,55,0.042105,4.399975,0.026534,4.201008,4.213,252.1,2.654,240.7,-4.008,2.315,1.298,TR-10_2-025-E,
sanjose,21,27,TR-10_2-027,SJ,TR-10_2-027,2TTx64,1,,12.684,2.382,55,55,,,0.00906,4.893903,,,0.906,280.4,,0.891,-0.163,,
sanjose,21,28,TR-10_2-028,SJ,TR-10_2-028,2TTx64,2,12.684,6.258,2.382,55,55,0.028762,4.504695,0.013339,4.249877,2.877,258.1,1.334,243.5,-2.815,1.194,0.595,,TR-10_2-029-W
sanjose,21,29,TR-10_2-029,SJ,TR-10_2-029,2TTx64,3,6.258,6.418,2.382,55,55,0.026314,4.513421,0.00778,3.97586,2.632,258.6,0.778,227.8,-2.58,0.576,0.522,TR-10_2-028-E,TR-10_2-030-W
sanjose,21,30,TR-10_2-030,SJ,TR-10_2-030,2TTx64,5,6.1,6.178,2.382,55,55,0.01009,4.283038,0.021657,4.516912,1.009,245.4,2.166,258.8,-0.918,2.125,0.42,TR-10_2-029-E,TR-10_2-031-W
sanjose,21,31,TR-10_2-031,SJ,TR-10_2-031,2TTx64,7,6.261,6.154,2.382,55,55,0.027453,4.520403,0.041336,4.58498,2.746,259,4.136,262.7,-2.696,4.103,0.523,TR-10_2-030-E,TR-10_2-032-W
sanjose,21,32,TR-10_2-032,SJ,TR-10_2-032,2TTx64,9,6.448,5.939,2.382,55,55,0.03119,4.497713,0.015999,4.284783,3.12,257.7,1.6,245.5,-3.049,1.456,0.663,TR-10_2-031-E,TR-10_2-033-W
sanjose,21,33,TR-10_2-033,SJ,TR-10_2-033,2TTx64,11,6.339,6.374,2.382,55,55,0.021517,4.02822,0.091107,4.562291,2.152,230.8,9.136,261.4,-1.668,9.034,1.36,TR-10_2-032-E,
sanjose,21,34,TR-10_2-034,SJ,TR-10_2-034,2TTx64,14,5.228,6.502,2.382,55,55,0.026973,4.192281,0.032309,4.284783,2.698,240.2,3.232,245.5,-2.342,2.941,1.34,,TR-10_2-035-W
sanjose,21,35,TR-10_2-035,SJ,TR-10_2-035,2TTx64,15,6.502,6.152,2.382,55,55,0.032489,4.272566,0.013899,3.040364,3.25,244.8,1.39,174.2,-2.941,-0.14,1.383,TR-10_2-034-E,TR-10_2-036-W
sanjose,21,36,TR-10_2-036,SJ,TR-10_2-036,2TTx64,17,6.208,6.218,2.382,55,55,0.017088,3.289946,0.030301,4.120722,1.709,188.5,3.031,236.1,-0.253,2.516,1.69,TR-10_2-035-E,TR-10_2-037-W
sanjose,21,37,TR-10_2-037,SJ,TR-10_2-037,2TTx64,19,6.302,5.929,2.382,55,55,0.034856,4.091052,0.020337,3.223623,3.487,234.4,2.034,184.7,-2.837,0.168,2.028,TR-10_2-036-E,TR-10_2-038-W
sanjose,21,38,TR-10_2-038,SJ,TR-10_2-038,2TTx64,21,6.218,6.433,2.382,55,55,0.026504,3.855432,0.029441,3.965388,2.651,220.9,2.945,227.2,-1.737,2.16,2.002,TR-10_2-037-E,
sanjose,21,39,TR-10_2-039,SJ,TR-10_2-039,2TTx64,24,5.806,6.359,2.382,55,55,,,0.025904,3.824016,,,2.591,219.1,,1.634,2.01,,TR-10_2-040-W
sanjose,21,40,TR-10_2-040,SJ,TR-10_2-040,2TTx64,25,6.359,6.176,2.382,55,55,0.021617,3.529056,0.035046,4.105014,2.162,202.2,3.506,235.2,-0.818,2.879,2.002,TR-10_2-039-E,
sanjose,21,41,TR-10_2-041,SJ,TR-10_2-041,2TTx64,28,5.307,6.619,2.382,55,55,0.019587,4.204498,0.035865,4.443608,1.959,240.9,3.588,254.6,-1.711,3.459,0.954,,TR-10_2-042-W
sanjose,21,42,TR-10_2-042,SJ,TR-10_2-042,2TTx64,29,6.619,6.141,2.382,55,55,0.023096,4.279547,0.023626,4.290019,2.31,245.2,2.363,245.8,-2.097,2.155,0.969,TR-10_2-041-E,TR-10_2-043-W
sanjose,21,43,TR-10_2-043,SJ,TR-10_2-043,2TTx64,31,6.208,6.201,2.382,55,55,0.019488,1.623156,0.068353,4.696681,1.949,93,6.846,269.1,1.946,6.845,0.103,TR-10_2-042-E,TR-10_2-044-W
sanjose,21,44,TR-10_2-044,SJ,TR-10_2-044,2TTx64,33,6.2,6.343,2.382,55,55,0.051315,4.492477,0.027283,4.290019,5.136,257.4,2.729,245.8,-5.013,2.49,1.118,TR-10_2-043-E,
sanjose,21,49,TR-10_2-049,SJ,TR-10_2-049,2TTx64,1,,12.684,2.382,55,55,,,0.060078,4.408702,,,6.015,252.6,,5.74,1.797,,
sanjose,21,50,TR-10_2-050,SJ,TR-10_2-050,2TTx64,2,12.684,6.258,2.382,55,55,0.067826,4.672246,0.01019,4.447099,6.793,267.7,1.019,254.8,-6.788,0.983,0.267,,TR-10_2-051-W
sanjose,21,51,TR-10_2-051,SJ,TR-10_2-051,2TTx64,3,6.258,6.418,2.382,55,55,0.043922,4.579744,0.007,2.549926,4.395,262.4,0.7,146.1,-4.356,-0.39,0.581,TR-10_2-050-E,TR-10_2-052-W
sanjose,21,52,TR-10_2-052,SJ,TR-10_2-052,2TTx64,5,6.1,6.178,2.382,55,55,0.01059,2.083923,0.036014,4.567527,1.059,119.4,3.603,261.7,0.923,3.565,0.52,TR-10_2-051-E,TR-10_2-053-W
sanjose,21,53,TR-10_2-053,SJ,TR-10_2-053,2TTx64,7,6.261,6.154,2.382,55,55,0.03155,4.557055,0.086275,4.656538,3.156,261.1,8.649,266.8,-3.118,8.635,0.487,TR-10_2-052-E,
sanjose,21,54,TR-10_2-054,SJ,TR-10_2-054,2TTx64,10,5.939,6.339,2.382,55,55,0.014269,1.912881,0.021597,4.488987,1.427,109.6,2.16,257.2,1.344,2.106,0.479,,TR-10_2-055-W
sanjose,21,55,TR-10_2-055,SJ,TR-10_2-055,2TTx64,11,6.339,6.374,2.382,55,55,0.00973,4.014257,0.0079,2.485349,0.973,230,0.79,142.4,-0.746,-0.482,0.625,TR-10_2-054-E,
sanjose,21,56,TR-10_2-056,SJ,TR-10_2-056,2TTx64,14,5.228,6.502,2.382,55,55,0.024455,5.012586,0.026074,4.993387,2.446,287.2,2.608,286.1,-2.336,2.505,-0.724,,TR-10_2-057-W
sanjose,21,57,TR-10_2-057,SJ,TR-10_2-057,2TTx64,15,6.502,6.152,2.382,55,55,0.025045,4.712389,0.01022,4.710644,2.505,270,1.022,269.9,-2.505,1.022,0.001,TR-10_2-056-E,TR-10_2-058-W
sanjose,21,58,TR-10_2-058,SJ,TR-10_2-058,2TTx64,17,6.208,6.218,2.382,55,55,0.0087,4.764749,0.027843,4.728097,0.87,273,2.785,270.9,-0.869,2.785,-0.045,TR-10_2-057-E,TR-10_2-059-W
sanjose,21,59,TR-10_2-059,SJ,TR-10_2-059,2TTx64,19,6.302,5.929,2.382,55,55,0.023985,4.82409,0.026424,4.813618,2.399,276.4,2.643,275.8,-2.384,2.629,-0.268,TR-10_2-058-E,TR-10_2-060-W
sanjose,21,60,TR-10_2-060,SJ,TR-10_2-060,2TTx64,21,6.218,6.433,2.382,55,55,0.012139,4.780457,0.028302,4.74206,1.214,273.9,2.831,271.7,-1.211,2.83,-0.082,TR-10_2-059-E,
sanjose,21,63,TR-10_2-063,SJ,TR-10_2-063,2TTx64,1,,12.684,2.382,55,55,,,0.062757,4.731588,,,6.284,271.1,,6.283,-0.124,,
sanjose,21,64,TR-10_2-064,SJ,TR-10_2-064,2TTx64,2,12.684,6.258,2.382,55,55,0.060646,4.738569,0.018648,4.794419,6.072,271.5,1.865,274.7,-6.07,1.859,-0.154,,TR-10_2-065-W
sanjose,21,65,TR-10_2-065,SJ,TR-10_2-065,2TTx64,3,6.258,6.418,2.382,55,55,0.054197,4.682718,0.00784,1.781981,5.425,268.3,0.784,102.1,-5.423,-0.767,0.165,TR-10_2-064-E,TR-10_2-066-W
sanjose,21,66,TR-10_2-066,SJ,TR-10_2-066,2TTx64,5,6.1,6.178,2.382,55,55,0.012029,1.317724,0.024335,4.836307,1.203,75.5,2.434,277.1,1.165,2.415,-0.301,TR-10_2-065-E,TR-10_2-067-W
sanjose,21,67,TR-10_2-067,SJ,TR-10_2-067,2TTx64,7,6.261,6.154,2.382,55,55,0.022186,4.673992,0.041406,4.691445,2.219,267.8,4.143,268.8,-2.217,4.142,0.086,TR-10_2-066-E,
sanjose,20,7,TR-10_2-076,SJ,TR-10_2-076,2TTx64,34,6.343,6.586,2.382,55,55,,,0.024545,4.743805,,,2.455,271.8,,2.454,-0.078,,TR-10_1-028-W
sanjose,20,13,TR-10_2-082,SJ,TR-10_2-082,2TTx64,12,6.374,6.816,2.382,55,55,,,0.018238,4.644321,,,1.824,266.1,,1.82,0.124,,TR-10_2-083-W
sanjose,20,14,TR-10_2-083,SJ,TR-10_2-083,2TTx64,13,6.816,5.228,2.382,55,55,0.015319,4.714134,0.022726,4.712389,1.532,270.1,2.273,270,-1.532,2.273,-0.001,TR-10_2-082-E,TR-10_2-084-W
sanjose,20,15,TR-10_2-084,SJ,TR-10_2-084,2TTx64,15,6.502,6.152,2.382,55,55,0.022846,4.729842,0.01139,4.747296,2.285,271,1.139,272,-2.285,1.138,-0.04,TR-10_2-083-E,TR-10_2-085-W
sanjose,20,16,TR-10_2-085,SJ,TR-10_2-085,2TTx64,17,6.208,6.218,2.382,55,55,0.012929,5.005604,0.040877,4.803146,1.293,286.8,4.09,275.2,-1.238,4.073,-0.373,TR-10_2-084-E,TR-10_2-086-W
sanjose,20,17,TR-10_2-086,SJ,TR-10_2-086,2TTx64,19,6.302,5.929,2.382,55,55,0.038731,4.897394,0.021607,5.047492,3.875,280.6,2.161,289.2,-3.809,2.041,-0.711,TR-10_2-085-E,
sanjose,20,18,TR-10_2-087,SJ,TR-10_2-087,2TTx64,22,6.433,6.472,2.382,55,55,0.021387,5.016076,0.025325,4.967207,2.139,287.4,2.533,284.6,-2.041,2.451,-0.641,,TR-10_2-088-W
sanjose,20,19,TR-10_2-088,SJ,TR-10_2-088,2TTx64,23,6.472,5.806,2.382,55,55,0.025045,4.921828,0.027643,4.900885,2.505,282,2.765,280.8,-2.451,2.716,-0.519,TR-10_2-087-E,TR-10_2-089-W
sanjose,20,20,TR-10_2-089,SJ,TR-10_2-089,2TTx64,25,6.359,6.176,2.382,55,55,0.029012,4.871214,0.034646,4.845034,2.902,279.1,3.466,277.6,-2.866,3.436,-0.458,TR-10_2-088-E,TR-10_2-090-W
sanjose,20,21,TR-10_2-090,SJ,TR-10_2-090,2TTx64,27,6.733,5.307,2.382,55,55,0.020627,4.982915,0.013979,5.117305,2.063,285.5,1.398,293.2,-1.988,1.285,-0.551,TR-10_2-089-E,TR-10_2-091-W
sanjose,20,22,TR-10_2-091,SJ,TR-10_2-091,2TTx64,29,6.619,6.141,2.382,55,55,0.00295,4.042183,0.03946,4.665265,0.295,231.6,3.948,267.3,-0.231,3.944,0.183,TR-10_2-090-E,TR-10_2-092-W
sanjose,20,23,TR-10_2-092,SJ,TR-10_2-092,2TTx64,31,6.208,6.201,2.382,55,55,0.03915,4.670501,0.029801,4.658284,3.917,267.6,2.981,266.9,-3.914,2.977,0.161,TR-10_2-091-E,TR-10_2-093-W
sanjose,20,24,TR-10_2-093,SJ,TR-10_2-093,2TTx64,33,6.2,6.343,2.382,55,55,0.027333,4.752532,0.031999,4.747296,2.734,272.3,3.201,272,-2.732,3.199,-0.111,TR-10_2-092-E,TR-10_1-052-W
sanjose,20,25,TR-10_2-094,SJ,TR-10_2-094,2TTx64,2,12.684,6.258,2.382,55,55,,,0.012619,4.700172,,,1.262,269.3,,1.262,0.016,,TR-10_2-095-W
sanjose,20,26,TR-10_2-095,SJ,TR-10_2-095,2TTx64,3,6.258,6.418,2.382,55,55,0.029382,4.722861,0.00261,4.836307,2.939,270.6,0.261,277.1,-2.939,0.259,-0.032,TR-10_2-094-E,TR-10_2-096-W
sanjose,20,27,TR-10_2-096,SJ,TR-10_2-096,2TTx64,5,6.1,6.178,2.382,55,55,0.01041,4.803146,0.047394,4.731588,1.041,275.2,4.743,271.1,-1.037,4.742,-0.095,TR-10_2-095-E,TR-10_2-097-W
sanjose,20,28,TR-10_2-097,SJ,TR-10_2-097,2TTx64,7,6.261,6.154,2.382,55,55,0.040188,4.74555,0.025205,4.766494,4.021,271.9,2.521,273.1,-4.019,2.517,-0.135,TR-10_2-096-E,TR-10_2-098-W
sanjose,20,29,TR-10_2-098,SJ,TR-10_2-098,2TTx64,9,6.448,5.939,2.382,55,55,0.023656,4.848525,0.026834,4.832817,2.366,277.8,2.684,276.9,-2.344,2.665,-0.322,TR-10_2-097-E,TR-10_2-099-W
sanjose,20,30,TR-10_2-099,SJ,TR-10_2-099,2TTx64,11,6.339,6.374,2.382,55,55,0.023526,4.789183,0.012749,4.855506,2.353,274.4,1.275,278.2,-2.346,1.262,-0.182,TR-10_2-098-E,TR-10_2-100-W
sanjose,20,31,TR-10_2-100,SJ,TR-10_2-100,2TTx64,13,6.816,5.228,2.382,55,55,0.00937,4.974188,0.019178,4.839798,0.937,285,1.918,277.3,-0.905,1.903,-0.243,TR-10_2-099-E,TR-10_2-101-W
sanjose,20,32,TR-10_2-101,SJ,TR-10_2-101,2TTx64,15,6.502,6.152,2.382,55,55,0.017738,4.920083,0.035895,1.469567,1.774,281.9,3.591,84.2,-1.736,-3.572,-0.366,TR-10_2-100-E,TR-10_2-102-W
sanjose,20,33,TR-10_2-102,SJ,TR-10_2-102,2TTx64,17,6.208,6.218,2.382,55,55,0.064122,1.514946,0.027223,4.845034,6.421,86.8,2.723,277.6,6.411,2.699,-0.362,TR-10_2-101-E,TR-10_2-103-W
sanjose,20,34,TR-10_2-103,SJ,TR-10_2-103,2TTx64,19,6.302,5.929,2.382,55,55,0.102173,4.838053,0.051584,4.963716,10.253,277.2,5.163,284.4,-10.172,5,-1.286,TR-10_2-102-E,TR-10_2-104-W
sanjose,20,35,TR-10_2-104,SJ,TR-10_2-104,2TTx64,21,6.218,6.433,2.382,55,55,0.063544,4.729842,0.033557,4.743805,6.363,271,3.357,271.8,-6.362,3.355,-0.108,TR-10_2-103-E,TR-10_2-105-W
sanjose,20,36,TR-10_2-105,SJ,TR-10_2-105,2TTx64,23,6.472,5.806,2.382,55,55,0.03903,4.761258,0.014959,4.841543,3.905,272.8,1.496,277.4,-3.9,1.483,-0.193,TR-10_2-104-E,TR-10_2-106-W
sanjose,20,37,TR-10_2-106,SJ,TR-10_2-106,2TTx64,25,6.359,6.176,2.382,55,55,0.016858,4.810127,0.026054,4.775221,1.686,275.6,2.606,273.6,-1.678,2.601,-0.165,TR-10_2-105-E,TR-10_2-107-W
sanjose,20,38,TR-10_2-107,SJ,TR-10_2-107,2TTx64,27,6.733,5.307,2.382,55,55,0.027623,4.703662,0.01139,4.6897,2.763,269.5,1.139,268.7,-2.763,1.139,0.026,TR-10_2-106-E,TR-10_2-108-W
sanjose,20,39,TR-10_2-108,SJ,TR-10_2-108,2TTx64,29,6.619,6.141,2.382,55,55,0.012299,4.726352,0.023756,4.71937,1.23,270.8,2.376,270.4,-1.23,2.376,-0.016,TR-10_2-107-E,TR-10_2-109-W
sanjose,20,40,TR-10_2-109,SJ,TR-10_2-109,2TTx64,31,6.208,6.201,2.382,55,55,0.03075,4.626868,0.014889,4.534365,3.076,265.1,1.489,259.8,-3.065,1.466,0.263,TR-10_2-108-E,TR-10_2-110-W
sanjose,20,41,TR-10_2-110,SJ,TR-10_2-110,2TTx64,33,6.2,6.343,2.382,55,55,0.015049,4.614651,0.040108,4.675737,1.505,264.4,4.013,267.9,-1.498,4.01,0.147,TR-10_2-109-E,TR-10_1-076-W
sanjose,20,42,TR-10_2-111,SJ,TR-10_2-111,2TTx64,4,6.418,6.1,2.382,55,55,,,0.030101,4.838053,,,3.011,277.2,,2.987,-0.376,,TR-10_2-112-W
sanjose,20,43,TR-10_2-112,SJ,TR-10_2-112,2TTx64,5,6.1,6.178,2.382,55,55,0.038681,4.773476,0.021127,4.82409,3.87,273.5,2.113,276.4,-3.863,2.1,-0.234,TR-10_2-111-E,TR-10_2-113-W
sanjose,20,44,TR-10_2-113,SJ,TR-10_2-113,2TTx64,7,6.261,6.154,2.382,55,55,0.023246,4.756022,0.024665,4.754277,2.325,272.5,2.467,272.4,-2.323,2.465,-0.103,TR-10_2-112-E,TR-10_2-114-W
sanjose,20,45,TR-10_2-114,SJ,TR-10_2-114,2TTx64,9,6.448,5.939,2.382,55,55,0.027353,4.801401,0.011769,4.920083,2.736,275.1,1.177,281.9,-2.725,1.152,-0.242,TR-10_2-113-E,TR-10_2-115-W
sanjose,20,46,TR-10_2-115,SJ,TR-10_2-115,2TTx64,11,6.339,6.374,2.382,55,55,0.051245,4.703662,0.013719,4.679228,5.129,269.5,1.372,268.1,-5.129,1.371,0.046,TR-10_2-114-E,TR-10_2-116-W
sanjose,20,47,TR-10_2-116,SJ,TR-10_2-116,2TTx64,13,6.816,5.228,2.382,55,55,0.018608,4.808382,0.020917,4.79791,1.861,275.5,2.092,274.9,-1.852,2.084,-0.18,TR-10_2-115-E,TR-10_2-117-W
sanjose,20,48,TR-10_2-117,SJ,TR-10_2-117,2TTx64,15,6.502,6.152,2.382,55,55,0.024425,4.764749,0.050327,1.546362,2.443,273,5.037,88.6,-2.44,-5.035,-0.127,TR-10_2-116-E,TR-10_2-118-W
sanjose,20,49,TR-10_2-118,SJ,TR-10_2-118,2TTx64,17,6.208,6.218,2.382,55,55,0.081598,1.548107,0.051125,4.747296,8.178,88.7,5.117,272,8.176,5.114,-0.183,TR-10_2-117-E,TR-10_2-119-W
sanjose,20,50,TR-10_2-119,SJ,TR-10_2-119,2TTx64,19,6.302,5.929,2.382,55,55,0.103459,4.598943,0.026983,4.260349,10.383,263.5,2.699,244.1,-10.316,2.428,1.18,TR-10_2-118-E,TR-10_2-120-W
sanjose,20,51,TR-10_2-120,SJ,TR-10_2-120,2TTx64,21,6.218,6.433,2.382,55,55,0.027943,4.26733,0.029811,4.297001,2.795,244.5,2.982,246.2,-2.523,2.729,1.202,TR-10_2-119-E,TR-10_2-121-W
sanjose,20,52,TR-10_2-121,SJ,TR-10_2-121,2TTx64,23,6.472,5.806,2.382,55,55,0.03113,4.277802,0.033627,4.310963,3.114,245.1,3.364,247,-2.824,3.097,1.313,TR-10_2-120-E,TR-10_2-122-W
sanjose,20,53,TR-10_2-122,SJ,TR-10_2-122,2TTx64,25,6.359,6.176,2.382,55,55,0.038611,4.310963,0.048352,4.394739,3.863,247,4.839,251.8,-3.556,4.597,1.51,TR-10_2-121-E,TR-10_2-123-W
sanjose,20,54,TR-10_2-123,SJ,TR-10_2-123,2TTx64,27,6.733,5.307,2.382,55,55,0.029691,4.171337,0.021857,3.937463,2.97,239,2.186,225.6,-2.545,1.561,1.53,TR-10_2-122-E,
sanjose,20,55,TR-10_2-124,SJ,TR-10_2-124,2TTx64,29,6.619,6.141,2.382,55,55,0.022386,3.731514,0.028242,3.993313,2.239,213.8,2.825,228.8,-1.246,2.125,1.861,,TR-10_2-125-W
sanjose,20,56,TR-10_2-125,SJ,TR-10_2-125,2TTx64,31,6.208,6.201,2.382,55,55,0.024965,3.993313,0.030491,4.143412,2.497,228.8,3.05,237.4,-1.879,2.569,1.644,TR-10_2-124-E,TR-10_2-126-W
sanjose,20,57,TR-10_2-126,SJ,TR-10_2-126,2TTx64,33,6.2,6.343,2.382,55,55,0.027623,4.209734,0.03136,4.274311,2.763,241.2,3.137,244.9,-2.422,2.841,1.329,TR-10_2-125-E,TR-10_1-100-W
