tracker;zona;id;tipo;pend_long_pct;este_pend_transv_pct;este_pend_vector_pct;este_azimut_deg;este_vecina_critica;este_es_hermana;este_n_candidatas;oeste_pend_transv_pct;oeste_pend_vector_pct;oeste_azimut_deg;oeste_vecina_critica;oeste_es_hermana;oeste_n_candidatas
1;SJ;TR-01_1-001;2TTx64;-0,233;2,055;2,068;276,500;;NO;0;-1,002;1,029;283,100;TR-02_2-065-E;NO;1
2;SJ;TR-01_1-002;2TTx64;-0,169;1,466;1,476;276,600;TR-01_1-003-W;NO;1;-1,256;1,267;277,700;;NO;0
3;SJ;TR-01_1-003;2TTx64;-0,122;1,629;1,634;274,300;TR-01_1-004-W;NO;1;-1,268;1,274;275,500;TR-01_1-002-E;NO;1
4;SJ;TR-01_1-004;2TTx64;-0,625;1,225;1,375;297,000;TR-01_1-005-W;NO;1;-0,572;0,847;317,500;TR-01_1-003-E;NO;1
5;SJ;TR-01_1-005;2TTx64;-0,504;1,098;1,208;294,600;TR-01_1-006-W;NO;1;-1,554;1,634;288,000;TR-01_1-004-E;NO;1
6;SJ;TR-01_1-006;2TTx64;-0,628;0,441;0,767;324,900;TR-01_1-007-W;NO;1;-1,183;1,339;298,000;TR-01_1-005-E;NO;1
7;SJ;TR-01_1-007;2TTx64;-0,815;3,468;3,563;283,200;TR-01_1-008-W;NO;1;-0,592;1,008;324,000;TR-01_1-006-E;NO;1
8;SJ;TR-01_1-008;2TTx64;-1,238;5,090;5,238;283,700;;NO;0;1,188;1,716;43,800;TR-01_1-007-E;NO;1
9;SJ;TR-01_1-009;2TTx64;-0,755;3,063;3,155;283,800;;NO;0;-0,973;1,232;307,800;TR-02_2-083-E;NO;1
10;SJ;TR-01_1-010;2TTx64;-0,446;1,743;1,799;284,400;TR-01_1-011-W;NO;1;-1,448;1,515;287,100;;NO;0
11;SJ;TR-01_1-011;2TTx64;-0,504;3,112;3,153;279,200;TR-01_1-012-W;NO;1;-1,241;1,339;292,100;TR-01_1-010-E;NO;1
12;SJ;TR-01_1-012;2TTx64;-0,451;1,711;1,769;284,800;TR-01_1-013-W;NO;1;-1,359;1,432;288,300;TR-01_1-011-E;NO;1
13;SJ;TR-01_1-013;2TTx64;-0,904;-0,056;0,906;3,500;TR-01_1-014-W;NO;1;-2,245;2,420;291,900;TR-01_1-012-E;NO;1
14;SJ;TR-01_1-014;2TTx64;-0,935;2,651;2,811;289,400;TR-01_1-015-W;NO;1;-0,206;0,957;347,600;TR-01_1-013-E;NO;1
15;SJ;TR-01_1-015;2TTx64;-0,778;2,645;2,757;286,400;TR-01_1-016-W;NO;1;-2,421;2,543;287,800;TR-01_1-014-E;NO;1
16;SJ;TR-01_1-016;2TTx64;-0,516;1,033;1,155;296,600;TR-01_1-017-W;NO;1;-1,192;1,299;293,400;TR-01_1-015-E;NO;1
17;SJ;TR-01_1-017;2TTx64;-0,678;2,927;3,005;283,000;TR-01_1-018-W;NO;1;-1,065;1,263;302,500;TR-01_1-016-E;NO;1
18;SJ;TR-01_1-018;2TTx64;-1,615;4,096;4,403;291,500;;NO;0;-3,382;3,748;295,500;TR-01_1-017-E;NO;1
19;SJ;TR-01_1-019;2TTx64;-0,935;2,746;2,901;288,800;;NO;0;-0,922;1,313;315,400;TR-02_2-101-E;NO;1
20;SJ;TR-01_1-020;2TTx64;-1,147;2,569;2,813;294,100;TR-01_1-021-W;NO;1;-1,474;1,868;307,900;;NO;0
21;SJ;TR-01_1-021;2TTx64;-1,142;3,201;3,399;289,600;TR-01_1-022-W;NO;1;-1,748;2,088;303,200;TR-01_1-020-E;NO;1
22;SJ;TR-01_1-022;2TTx64;-0,908;1,600;1,840;299,600;TR-01_1-023-W;NO;1;-2,390;2,557;290,800;TR-01_1-021-E;NO;1
23;SJ;TR-01_1-023;2TTx64;-0,853;1,406;1,645;301,300;TR-01_1-024-W;NO;1;-2,038;2,209;292,700;TR-01_1-022-E;NO;1
24;SJ;TR-01_1-024;2TTx64;-1,460;2,162;2,609;304,000;TR-01_1-025-W;NO;1;-1,911;2,405;307,400;TR-01_1-023-E;NO;1
25;SJ;TR-01_1-025;2TTx64;-1,362;0,194;1,376;351,900;TR-01_1-026-W;NO;1;-2,065;2,474;303,400;TR-01_1-024-E;NO;1
26;SJ;TR-01_1-026;2TTx64;-1,785;2,520;3,088;305,300;TR-01_1-027-W;NO;1;-1,298;2,207;324,000;TR-01_1-025-E;NO;1
27;SJ;TR-01_1-027;2TTx64;-1,659;4,432;4,732;290,500;TR-01_1-028-W;NO;1;-1,626;2,323;315,600;TR-01_1-026-E;NO;1
28;SJ;TR-01_1-028;2TTx64;-0,915;3,770;3,879;283,600;;NO;0;-4,556;4,647;281,400;TR-01_1-027-E;NO;1
29;SJ;TR-01_1-029;2TTx64;-0,655;2,671;2,750;283,800;TR-01_1-030-W;NO;1;-2,823;2,898;283,100;;NO;0
30;SJ;TR-01_1-030;2TTx64;-0,961;1,014;1,397;313,500;TR-01_1-031-W;NO;1;-3,966;4,081;283,600;TR-01_1-029-E;NO;1
31;SJ;TR-01_1-031;2TTx64;-1,005;2,700;2,881;290,400;TR-01_1-032-W;NO;1;-0,556;1,148;331,000;TR-01_1-030-E;NO;1
32;SJ;TR-01_1-032;2TTx64;-0,940;4,238;4,341;282,500;TR-01_1-033-W;NO;1;-2,742;2,899;288,900;TR-01_1-031-E;NO;1
33;SJ;TR-01_1-033;2TTx64;-0,937;0,870;1,279;317,100;TR-01_1-034-W;NO;1;-3,654;3,772;284,400;TR-01_1-032-E;NO;1
34;SJ;TR-01_1-034;2TTx64;-0,955;2,334;2,522;292,200;TR-01_1-035-W;NO;1;-15,172;15,202;273,600;TR-01_1-033-E;NO;1
35;SJ;TR-01_1-035;2TTx64;-0,611;3,648;3,699;279,500;TR-01_1-036-W;NO;1;-1,748;1,852;289,300;TR-01_1-034-E;NO;1
36;SJ;TR-01_1-036;2TTx64;-0,410;2,273;2,310;280,200;TR-01_1-037-W;NO;1;-3,249;3,275;277,200;TR-01_1-035-E;NO;1
37;SJ;TR-01_1-037;2TTx64;-0,817;1,255;1,498;303,100;TR-01_1-038-W;NO;1;-2,426;2,560;288,600;TR-01_1-036-E;NO;1
38;SJ;TR-01_1-038;2TTx64;-0,083;7,518;7,518;270,600;TR-01_1-039-W;NO;1;-2,309;2,310;272,100;TR-01_1-037-E;NO;1
39;SJ;TR-01_1-039;2TTx64;-0,020;1,692;1,692;270,700;TR-01_1-040-W;NO;1;-0,590;0,590;271,900;TR-01_1-038-E;NO;1
40;SJ;TR-01_1-040;2TTx64;-0,399;3,409;3,432;276,700;TR-01_1-041-W;NO;1;-1,843;1,886;282,200;TR-01_1-039-E;NO;1
41;SJ;TR-01_1-041;2TTx64;-0,609;3,093;3,152;281,100;;NO;0;-3,501;3,554;279,900;TR-01_1-040-E;NO;1
42;SJ;TR-01_1-042;2TTx64;-0,569;1,373;1,486;292,500;;NO;0;-2,731;2,790;281,800;TR-02_2-119-E;NO;1
43;SJ;TR-01_1-043;2TTx64;-0,314;2,394;2,414;277,500;TR-01_1-044-W;NO;1;-1,803;1,830;279,900;;NO;0
44;SJ;TR-01_1-044;2TTx64;-0,151;1,326;1,335;276,500;TR-01_1-045-W;NO;1;-2,283;2,288;273,800;TR-01_1-043-E;NO;1
45;SJ;TR-01_1-045;2TTx64;-0,254;2,588;2,600;275,600;TR-01_1-046-W;NO;1;-2,527;2,540;275,700;TR-01_1-044-E;NO;1
46;SJ;TR-01_1-046;2TTx64;-0,206;3,249;3,256;273,600;TR-01_1-047-W;NO;1;-2,629;2,637;274,500;TR-01_1-045-E;NO;1
47;SJ;TR-01_1-047;2TTx64;-0,413;1,737;1,785;283,400;TR-01_1-048-W;NO;1;-3,398;3,423;276,900;TR-01_1-046-E;NO;1
48;SJ;TR-01_1-048;2TTx64;-0,661;2,321;2,413;285,900;TR-01_1-049-W;NO;1;-2,322;2,414;285,900;TR-01_1-047-E;NO;1
49;SJ;TR-01_1-049;2TTx64;-0,533;3,388;3,430;278,900;TR-01_1-050-W;NO;1;-1,970;2,041;285,100;TR-01_1-048-E;NO;1
50;SJ;TR-01_1-050;2TTx64;-0,771;2,975;3,073;284,500;TR-01_1-051-W;NO;1;-3,065;3,160;284,100;TR-01_1-049-E;NO;1
51;SJ;TR-01_1-051;2TTx64;-0,940;1,586;1,844;300,700;;NO;0;-2,809;2,962;288,500;TR-01_1-050-E;NO;1
52;SJ;TR-01_1-052;2TTx64;-1,200;3,621;3,815;288,300;TR-01_1-053-W;NO;1;-1,262;1,741;313,600;;NO;0
53;SJ;TR-01_1-053;2TTx64;-1,125;3,147;3,342;289,700;TR-01_1-054-W;NO;1;-3,133;3,329;289,800;TR-01_1-052-E;NO;1
54;SJ;TR-01_1-054;2TTx64;-0,904;0,919;1,289;314,500;TR-01_1-055-W;NO;1;-3,837;3,942;283,300;TR-01_1-053-E;NO;1
55;SJ;TR-01_1-055;2TTx64;-0,365;3,264;3,284;276,400;TR-01_1-056-W;NO;1;-1,333;1,382;285,300;TR-01_1-054-E;NO;1
56;SJ;TR-01_1-056;2TTx64;-0,101;1,306;1,310;274,400;TR-01_1-057-W;NO;1;-2,720;2,722;272,100;TR-01_1-055-E;NO;1
57;SJ;TR-01_1-057;2TTx64;0,596;4,337;4,378;262,200;TR-01_1-058-W;NO;1;-8,048;8,070;265,800;TR-01_1-056-E;NO;1
58;SJ;TR-01_1-058;2TTx64;-0,914;2,283;2,459;291,800;TR-01_1-059-W;NO;1;-6,018;6,087;278,600;TR-01_1-057-E;NO;1
59;SJ;TR-01_1-059;2TTx64;-0,820;3,300;3,400;284,000;TR-01_1-060-W;NO;1;-2,955;3,067;285,500;TR-01_1-058-E;NO;1
60;SJ;TR-01_1-060;2TTx64;-0,709;1,349;1,524;297,700;TR-01_1-061-W;NO;1;-3,275;3,351;282,200;TR-01_1-059-E;NO;1
61;SJ;TR-01_1-061;2TTx64;-0,724;3,329;3,407;282,300;TR-01_1-062-W;NO;1;-1,938;2,069;290,500;TR-01_1-060-E;NO;1
62;SJ;TR-01_1-062;2TTx64;-1,120;2,966;3,171;290,700;TR-01_1-063-W;NO;1;-2,360;2,612;295,400;TR-01_1-061-E;NO;1
63;SJ;TR-01_1-063;2TTx64;-0,841;1,888;2,067;294,000;TR-01_1-064-W;NO;1;-2,752;2,878;287,000;TR-01_1-062-E;NO;1
64;SJ;TR-01_1-064;2TTx64;-0,837;4,076;4,161;281,600;TR-01_1-065-W;NO;1;-2,426;2,566;289,000;TR-01_1-063-E;NO;1
65;SJ;TR-01_1-065;2TTx64;-0,735;3,897;3,966;280,700;TR-01_1-066-W;NO;1;-4,002;4,069;280,400;TR-01_1-064-E;NO;1
66;SJ;TR-01_1-066;2TTx64;-0,690;2,273;2,376;286,900;TR-01_1-067-W;NO;1;-2,145;2,253;287,800;TR-01_1-065-E;NO;1
67;SJ;TR-01_1-067;2TTx64;-0,485;2,866;2,907;279,600;TR-01_1-068-W;NO;1;-2,242;2,294;282,200;TR-01_1-066-E;NO;1
68;SJ;TR-01_1-068;2TTx64;-0,621;2,731;2,801;282,800;;NO;0;-3,201;3,261;281,000;TR-01_1-067-E;NO;1
69;SJ;TR-01_1-069;2TTx64;-1,738;2,295;2,879;307,100;TR-01_1-070-W;NO;1;;;;;;
70;SJ;TR-01_1-070;2TTx64;-1,401;6,707;6,852;281,800;TR-01_1-071-W;NO;1;-3,375;3,654;292,500;TR-01_1-069-E;NO;1
71;SJ;TR-01_1-071;2TTx64;-1,017;3,673;3,811;285,500;TR-01_1-072-W;NO;1;-9,432;9,487;276,200;TR-01_1-070-E;NO;1
72;SJ;TR-01_1-072;2TTx64;-1,005;1,397;1,721;305,700;TR-01_1-073-W;NO;1;-3,311;3,460;286,900;TR-01_1-071-E;NO;1
73;SJ;TR-01_1-073;2TTx64;-1,543;3,567;3,887;293,400;TR-01_1-074-W;NO;1;-2,350;2,812;303,300;TR-01_1-072-E;NO;1
74;SJ;TR-01_1-074;2TTx64;-1,701;3,372;3,777;296,800;TR-01_1-075-W;NO;1;-3,500;3,892;295,900;TR-01_1-073-E;NO;1
75;SJ;TR-01_1-075;2TTx64;-1,804;2,520;3,099;305,600;TR-01_1-076-W;NO;1;-1,326;2,239;323,700;TR-01_1-074-E;NO;1
76;SJ;TR-01_1-076;2TTx64;-1,738;2,163;2,775;308,800;TR-01_1-077-W;NO;1;-2,375;2,943;306,200;TR-01_1-075-E;NO;1
77;SJ;TR-01_1-077;2TTx64;-1,605;3,183;3,565;296,800;TR-01_1-078-W;NO;1;-2,156;2,688;306,700;TR-01_1-076-E;NO;1
78;SJ;TR-01_1-078;2TTx64;-1,142;-0,301;1,181;14,800;TR-01_1-079-W;NO;1;-3,263;3,457;289,300;TR-01_1-077-E;NO;1
79;SJ;TR-01_1-079;2TTx64;-1,338;3,891;4,115;289,000;TR-01_1-080-W;NO;1;-3,905;4,128;288,900;TR-01_1-078-E;NO;1
80;SJ;TR-01_1-080;2TTx64;-1,336;2,490;2,826;298,200;TR-01_1-081-W;NO;1;-3,483;3,730;291,000;TR-01_1-079-E;NO;1
81;SJ;TR-01_1-081;2TTx64;-1,084;1,495;1,847;305,900;;NO;0;-2,794;2,997;291,200;TR-01_1-080-E;NO;1
82;SJ;TR-01_1-082;2TTx64;-0,501;2,816;2,860;280,100;TR-01_1-083-W;NO;1;;;;;;
83;SJ;TR-01_1-083;2TTx64;-0,826;3,651;3,743;282,800;TR-01_1-084-W;NO;1;-1,696;1,887;296,000;TR-01_1-082-E;NO;1
84;SJ;TR-01_1-084;2TTx64;-1,088;3,348;3,520;288,000;TR-01_1-085-W;NO;1;-3,235;3,413;288,600;TR-01_1-083-E;NO;1
85;SJ;TR-01_1-085;2TTx64;-0,948;1,551;1,818;301,400;TR-01_1-086-W;NO;1;-3,391;3,521;285,600;TR-01_1-084-E;NO;1
86;SJ;TR-01_1-086;2TTx64;-0,688;2,230;2,334;287,100;TR-01_1-087-W;NO;1;-1,652;1,789;292,600;TR-01_1-085-E;NO;1
87;SJ;TR-01_1-087;2TTx64;-0,394;1,877;1,918;281,900;TR-01_1-088-W;NO;1;-4,481;4,498;275,000;TR-01_1-086-E;NO;1
88;SJ;TR-01_1-088;2TTx64;-0,369;3,285;3,306;276,400;TR-01_1-089-W;NO;1;-0,505;0,626;306,200;TR-01_1-087-E;NO;1
89;SJ;TR-01_1-089;2TTx64;-0,763;2,596;2,706;286,400;TR-01_1-090-W;NO;1;-2,628;2,737;286,200;TR-01_1-088-E;NO;1
90;SJ;TR-01_1-090;2TTx64;-1,176;2,914;3,143;292,000;TR-01_1-091-W;NO;1;-2,354;2,632;296,600;TR-01_1-089-E;NO;1
91;SJ;TR-01_1-091;2TTx64;-1,505;3,158;3,498;295,500;TR-01_1-092-W;NO;1;-1,435;2,079;316,400;TR-01_1-090-E;NO;1
92;SJ;TR-01_1-092;2TTx64;-1,530;1,432;2,095;316,900;TR-01_1-093-W;NO;1;-2,958;3,330;297,300;TR-01_1-091-E;NO;1
93;SJ;TR-01_1-093;2TTx64;-1,138;3,648;3,821;287,300;TR-01_1-094-W;NO;1;-1,555;1,927;306,200;TR-01_1-092-E;NO;1
94;SJ;TR-01_1-094;2TTx64;-1,085;5,410;5,518;281,300;TR-01_1-095-W;NO;1;-2,952;3,145;290,200;TR-01_1-093-E;NO;1
95;SJ;TR-01_1-095;2TTx64;-1,112;-0,092;1,116;4,700;;NO;0;-1,621;1,966;304,500;TR-01_1-094-E;NO;1
96;SJ;TR-01_1-096;2TTx64;-1,059;2,041;2,299;297,400;TR-01_1-097-W;NO;1;;;;;;
97;SJ;TR-01_1-097;2TTx64;-1,013;3,094;3,255;288,100;TR-01_1-098-W;NO;1;-1,589;1,884;302,500;TR-01_1-096-E;NO;1
98;SJ;TR-01_1-098;2TTx64;-0,783;3,336;3,427;283,200;TR-01_1-099-W;NO;1;-3,282;3,374;283,400;TR-01_1-097-E;NO;1
99;SJ;TR-01_1-099;2TTx64;-0,412;0,963;1,048;293,200;TR-01_1-100-W;NO;1;-3,400;3,425;276,900;TR-01_1-098-E;NO;1
100;SJ;TR-01_1-100;2TTx64;-1,230;2,043;2,384;301,000;TR-01_1-101-W;NO;1;-1,685;2,086;306,100;TR-01_1-099-E;NO;1
101;SJ;TR-01_1-101;2TTx64;-1,641;3,088;3,497;298,000;TR-01_1-102-W;NO;1;-2,351;2,867;304,900;TR-01_1-100-E;NO;1
102;SJ;TR-01_1-102;2TTx64;-1,919;2,614;3,243;306,300;TR-01_1-103-W;NO;1;-2,558;3,198;306,900;TR-01_1-101-E;NO;1
103;SJ;TR-01_1-103;2TTx64;-1,659;2,454;2,962;304,100;TR-01_1-104-W;NO;1;-3,581;3,946;294,900;TR-01_1-102-E;NO;1
104;SJ;TR-01_1-104;2TTx64;-1,358;1,246;1,843;317,500;TR-01_1-105-W;NO;1;-3,348;3,613;292,100;TR-01_1-103-E;NO;1
105;SJ;TR-01_1-105;2TTx64;-1,030;3,192;3,354;287,900;TR-01_1-106-W;NO;1;-3,813;3,950;285,100;TR-01_1-104-E;NO;1
106;SJ;TR-01_1-106;2TTx64;-1,168;0,530;1,283;335,600;TR-01_1-107-W;NO;1;-3,756;3,933;287,300;TR-01_1-105-E;NO;1
107;SJ;TR-01_1-107;2TTx64;-1,458;3,076;3,404;295,400;TR-01_1-108-W;NO;1;-0,556;1,561;339,100;TR-01_1-106-E;NO;1
108;SJ;TR-01_1-108;2TTx64;-1,394;4,634;4,839;286,700;TR-01_1-109-W;NO;1;-2,686;3,026;297,400;TR-01_1-107-E;NO;1
109;SJ;TR-01_1-109;2TTx64;-1,510;4,844;5,074;287,300;;NO;0;-0,874;1,745;329,900;TR-01_1-108-E;NO;1
110;SJ;TR-01_1-110;2TTx64;-1,056;2,586;2,793;292,200;TR-01_1-111-W;NO;1;;;;;;
111;SJ;TR-01_1-111;2TTx64;-0,921;3,633;3,748;284,200;TR-01_1-112-W;NO;1;-1,893;2,105;295,900;TR-01_1-110-E;NO;1
112;SJ;TR-01_1-112;2TTx64;-0,410;2,080;2,120;281,200;TR-01_1-113-W;NO;1;-3,901;3,923;276,000;TR-01_1-111-E;NO;1
113;SJ;TR-01_1-113;2TTx64;-0,299;3,710;3,722;274,600;TR-01_1-114-W;NO;1;-2,265;2,285;277,500;TR-01_1-112-E;NO;1
114;SJ;TR-01_1-114;2TTx64;-0,669;1,800;1,920;290,400;TR-01_1-115-W;NO;1;-3,634;3,695;280,400;TR-01_1-113-E;NO;1
115;SJ;TR-01_1-115;2TTx64;-0,961;2,955;3,107;288,000;TR-01_1-116-W;NO;1;-2,406;2,591;291,800;TR-01_1-114-E;NO;1
116;SJ;TR-01_1-116;2TTx64;-1,051;1,899;2,170;299,000;TR-01_1-117-W;NO;1;-2,609;2,813;291,900;TR-01_1-115-E;NO;1
117;SJ;TR-01_1-117;2TTx64;-0,609;3,434;3,488;280,100;TR-01_1-118-W;NO;1;-2,373;2,450;284,400;TR-01_1-116-E;NO;1
118;SJ;TR-01_1-118;2TTx64;-0,862;3,127;3,244;285,400;TR-01_1-119-W;NO;1;-3,035;3,155;285,900;TR-01_1-117-E;NO;1
119;SJ;TR-01_1-119;2TTx64;-0,598;4,537;4,576;277,500;;NO;0;-2,861;2,923;281,800;TR-01_1-118-E;NO;1
120;SJ;TR-02_1-002;2TTx64;0,858;4,263;4,348;258,600;TR-02_1-003-W;NO;1;;;;;;
121;SJ;TR-02_1-003;2TTx64;1,064;4,979;5,091;257,900;TR-02_1-004-W;NO;1;-3,797;3,943;254,400;TR-02_1-002-E;NO;1
122;SJ;TR-02_1-004;2TTx64;1,574;2,176;2,686;234,100;TR-02_1-005-W;NO;1;-3,395;3,742;245,100;TR-02_1-003-E;NO;1
123;SJ;TR-02_1-005;2TTx64;1,274;0,759;1,483;210,800;TR-02_1-006-W;NO;1;-2,368;2,689;241,700;TR-02_1-004-E;NO;1
124;SJ;TR-02_1-006;2TTx64;1,744;1,654;2,404;223,500;TR-02_1-007-W;NO;1;-0,081;1,746;182,700;TR-02_1-005-E;NO;1
125;SJ;TR-02_1-007;2TTx64;1,778;2,904;3,405;238,500;TR-02_1-008-W;NO;1;-1,928;2,623;227,300;TR-02_1-006-E;NO;1
126;SJ;TR-02_1-008;2TTx64;1,535;0,482;1,609;197,400;TR-02_1-009-W;NO;1;-2,912;3,292;242,200;TR-02_1-007-E;NO;1
127;SJ;TR-02_1-009;2TTx64;0,944;0,862;1,278;222,400;TR-02_1-010-W;NO;1;1,864;2,089;116,900;TR-02_1-008-E;NO;1
128;SJ;TR-02_1-010;2TTx64;-0,019;4,261;4,261;270,300;;NO;0;-1,016;1,016;271,100;TR-02_1-009-E;NO;1
129;SJ;TR-02_1-011;2TTx64;-0,899;1,251;1,541;305,700;TR-02_1-012-W;NO;1;;;;;;
130;SJ;TR-02_1-012;2TTx64;-0,853;1,391;1,632;301,500;TR-02_1-013-W;NO;1;-1,249;1,512;304,300;TR-02_1-011-E;NO;1
131;SJ;TR-02_1-013;2TTx64;-0,983;1,614;1,890;301,300;TR-02_1-014-W;NO;1;-1,996;2,225;296,200;TR-02_1-012-E;NO;1
132;SJ;TR-02_1-014;2TTx64;-0,749;2,992;3,084;284,100;TR-02_1-015-W;NO;1;-2,938;3,032;284,300;TR-02_1-013-E;NO;1
133;SJ;TR-02_1-015;2TTx64;-0,153;2,816;2,820;273,100;TR-02_1-016-W;NO;1;-3,232;3,236;272,700;TR-02_1-014-E;NO;1
134;SJ;TR-02_1-016;2TTx64;-0,298;3,171;3,185;275,400;TR-02_1-017-W;NO;1;-3,359;3,372;275,100;TR-02_1-015-E;NO;1
135;SJ;TR-02_1-017;2TTx64;-0,352;2,997;3,018;276,700;TR-02_1-018-W;NO;1;-3,430;3,448;275,900;TR-02_1-016-E;NO;1
136;SJ;TR-02_1-018;2TTx64;-0,101;2,531;2,533;272,300;TR-02_1-019-W;NO;1;-1,668;1,671;273,500;TR-02_1-017-E;NO;1
137;SJ;TR-02_1-019;2TTx64;0,034;2,554;2,554;269,200;TR-02_1-020-W;NO;1;-2,418;2,418;269,200;TR-02_1-018-E;NO;1
138;SJ;TR-02_1-020;2TTx64;0,228;3,892;3,899;266,600;TR-02_1-021-W;NO;1;-2,270;2,281;264,300;TR-02_1-019-E;NO;1
139;SJ;TR-02_1-021;2TTx64;0,225;4,226;4,232;267,000;TR-02_1-022-W;NO;1;-3,850;3,857;266,700;TR-02_1-020-E;NO;1
140;SJ;TR-02_1-022;2TTx64;-0,160;3,997;4,000;272,300;TR-02_1-023-W;NO;1;-4,541;4,544;272,000;TR-02_1-021-E;NO;1
141;SJ;TR-02_1-023;2TTx64;-0,534;4,283;4,316;277,100;TR-02_2-001-W;NO;1;-3,886;3,922;277,800;TR-02_1-022-E;NO;1
142;SJ;TR-02_1-024;2TTx64;-0,368;3,331;3,351;276,300;TR-02_1-025-W;NO;1;-2,294;2,323;279,100;TR-03_1-034-E;NO;1
143;SJ;TR-02_1-025;2TTx64;-0,044;2,532;2,532;271,000;TR-02_1-026-W;NO;1;-2,821;2,821;270,900;TR-02_1-024-E;NO;1
144;SJ;TR-02_1-026;2TTx64;0,118;4,405;4,407;268,500;TR-02_1-027-W;NO;1;-2,139;2,142;266,800;TR-02_1-025-E;NO;1
145;SJ;TR-02_1-027;2TTx64;-0,501;2,045;2,106;283,800;TR-02_1-028-W;NO;1;-1,264;1,360;291,600;TR-02_1-026-E;NO;1
146;SJ;TR-02_1-028;2TTx64;-0,409;0,565;0,698;305,900;TR-02_1-029-W;NO;1;-2,196;2,234;280,600;TR-02_1-027-E;NO;1
147;SJ;TR-02_1-029;2TTx64;-0,861;0,927;1,265;312,900;TR-02_1-030-W;NO;1;-0,678;1,096;321,800;TR-02_1-028-E;NO;1
148;SJ;TR-02_1-030;2TTx64;-1,113;3,707;3,871;286,700;TR-02_1-031-W;NO;1;-0,942;1,458;319,800;TR-02_1-029-E;NO;1
149;SJ;TR-02_1-031;2TTx64;-1,128;1,916;2,223;300,500;TR-02_1-032-W;NO;1;-3,327;3,513;288,700;TR-02_1-030-E;NO;1
150;SJ;TR-02_1-032;2TTx64;-1,005;4,434;4,547;282,800;TR-02_1-033-W;NO;1;-1,893;2,143;298,000;TR-02_1-031-E;NO;1
151;SJ;TR-02_1-033;2TTx64;-0,810;6,234;6,286;277,400;;NO;0;-4,198;4,275;280,900;TR-02_1-032-E;NO;1
152;SJ;TR-02_1-034;2TTx64;-1,112;2,174;2,442;297,100;TR-02_1-035-W;NO;1;;;;;;
153;SJ;TR-02_1-035;2TTx64;-1,489;1,972;2,471;307,100;TR-02_1-036-W;NO;1;-2,529;2,935;300,500;TR-02_1-034-E;NO;1
154;SJ;TR-02_1-036;2TTx64;-1,244;3,096;3,336;291,900;TR-02_1-037-W;NO;1;-2,381;2,686;297,600;TR-02_1-035-E;NO;1
155;SJ;TR-02_1-037;2TTx64;-1,764;1,310;2,197;323,400;TR-02_1-038-W;NO;1;-1,869;2,570;313,300;TR-02_1-036-E;NO;1
156;SJ;TR-02_1-038;2TTx64;-2,093;3,397;3,990;301,600;TR-02_1-039-W;NO;1;-0,635;2,188;343,100;TR-02_1-037-E;NO;1
157;SJ;TR-02_1-039;2TTx64;-1,902;3,338;3,842;299,700;TR-02_1-040-W;NO;1;-3,338;3,842;299,700;TR-02_1-038-E;NO;1
158;SJ;TR-02_1-040;2TTx64;-1,973;1,717;2,616;319,000;TR-02_1-041-W;NO;1;-3,497;4,015;299,400;TR-02_1-039-E;NO;1
159;SJ;TR-02_1-041;2TTx64;-2,228;2,289;3,194;314,200;TR-02_1-042-W;NO;1;-1,268;2,563;330,400;TR-02_1-040-E;NO;1
160;SJ;TR-02_1-042;2TTx64;-2,160;2,085;3,002;316,000;TR-02_1-043-W;NO;1;-2,489;3,296;311,000;TR-02_1-041-E;NO;1
161;SJ;TR-02_1-043;2TTx64;-2,203;3,818;4,408;300,000;TR-02_1-044-W;NO;1;-2,284;3,173;314,000;TR-02_1-042-E;NO;1
162;SJ;TR-02_1-044;2TTx64;-2,119;4,269;4,766;296,400;TR-02_1-045-W;NO;1;-3,464;4,061;301,500;TR-02_1-043-E;NO;1
163;SJ;TR-02_1-045;2TTx64;-1,906;4,448;4,839;293,200;TR-02_1-046-W;NO;1;-4,809;5,173;291,600;TR-02_1-044-E;NO;1
164;SJ;TR-02_1-046;2TTx64;-1,505;4,031;4,303;290,500;TR-02_2-019-W;NO;1;-4,391;4,642;288,900;TR-02_1-045-E;NO;1
165;SJ;TR-02_1-047;2TTx64;-2,644;3,340;4,260;308,400;TR-02_1-048-W;NO;1;-0,889;2,789;341,400;TR-03_1-053-E;NO;1
166;SJ;TR-02_1-048;2TTx64;-2,349;1,836;2,981;322,000;TR-02_1-049-W;NO;1;-3,171;3,946;306,500;TR-02_1-047-E;NO;1
167;SJ;TR-02_1-049;2TTx64;-1,728;0,996;1,994;330,000;TR-02_1-050-W;NO;1;-1,592;2,349;317,300;TR-02_1-048-E;NO;1
168;SJ;TR-02_1-050;2TTx64;-1,384;2,147;2,555;302,800;TR-02_1-051-W;NO;1;-0,966;1,688;325,100;TR-02_1-049-E;NO;1
169;SJ;TR-02_1-051;2TTx64;-1,416;0,589;1,533;337,400;TR-02_1-052-W;NO;1;-2,045;2,487;304,700;TR-02_1-050-E;NO;1
170;SJ;TR-02_1-052;2TTx64;-1,358;3,608;3,855;290,600;TR-02_1-053-W;NO;1;-3,023;3,314;294,200;TR-02_1-051-E;NO;1
171;SJ;TR-02_1-053;2TTx64;-1,550;2,360;2,823;303,300;;NO;0;-2,745;3,152;299,400;TR-02_1-052-E;NO;1
172;SJ;TR-02_1-054;2TTx64;-2,394;2,130;3,205;318,300;TR-02_1-055-W;NO;1;;;;;;
173;SJ;TR-02_1-055;2TTx64;-1,936;4,419;4,824;293,700;TR-02_1-056-W;NO;1;0,996;2,177;27,200;TR-02_1-054-E;NO;1
174;SJ;TR-02_1-056;2TTx64;-1,861;2,225;2,901;309,900;;NO;0;-2,838;3,394;303,300;TR-02_1-055-E;NO;1
175;SJ;TR-02_1-059;2TTx64;-0,997;3,323;3,469;286,700;TR-02_1-060-W;NO;1;;;;;;
176;SJ;TR-02_1-060;2TTx64;-1,142;2,375;2,635;295,700;TR-02_1-061-W;NO;1;-3,948;4,110;286,100;TR-02_1-059-E;NO;1
177;SJ;TR-02_1-061;2TTx64;-1,183;1,317;1,770;311,900;TR-02_1-062-W;NO;1;-1,788;2,144;303,500;TR-02_1-060-E;NO;1
178;SJ;TR-02_1-062;2TTx64;-0,568;2,869;2,925;281,200;TR-02_1-063-W;NO;1;-1,315;1,432;293,300;TR-02_1-061-E;NO;1
179;SJ;TR-02_1-063;2TTx64;-0,282;2,760;2,774;275,800;TR-02_1-064-W;NO;1;-2,848;2,862;275,700;TR-02_1-062-E;NO;1
180;SJ;TR-02_1-064;2TTx64;0,122;1,567;1,572;265,500;TR-02_1-065-W;NO;1;-2,588;2,591;267,300;TR-02_1-063-E;NO;1
181;SJ;TR-02_1-065;2TTx64;-0,048;2,061;2,062;271,300;TR-02_1-066-W;NO;1;-2,285;2,286;271,200;TR-02_1-064-E;NO;1
182;SJ;TR-02_1-066;2TTx64;-0,062;3,031;3,032;271,200;TR-02_1-067-W;NO;1;-1,923;1,924;271,900;TR-02_1-065-E;NO;1
183;SJ;TR-02_1-067;2TTx64;-0,211;2,279;2,289;275,300;TR-02_1-068-W;NO;1;-3,388;3,395;273,600;TR-02_1-066-E;NO;1
184;SJ;TR-02_1-068;2TTx64;0,223;1,234;1,254;259,800;TR-02_2-048-W;NO;1;-1,954;1,967;263,500;TR-02_1-067-E;NO;1
185;SJ;TR-02_1-069;2TTx64;1,307;3,416;3,658;249,100;TR-02_1-070-W;NO;1;-5,051;5,217;255,500;TR-03_1-072-E;NO;1
186;SJ;TR-02_1-070;2TTx64;0,536;0,775;0,942;235,300;TR-02_1-071-W;NO;1;-3,686;3,725;261,700;TR-02_1-069-E;NO;1
187;SJ;TR-02_1-071;2TTx64;0,402;1,544;1,596;255,400;TR-02_1-072-W;NO;1;-0,825;0,918;244,000;TR-02_1-070-E;NO;1
188;SJ;TR-02_1-072;2TTx64;-0,046;2,409;2,409;271,100;TR-02_1-073-W;NO;1;-1,375;1,376;271,900;TR-02_1-071-E;NO;1
189;SJ;TR-02_1-073;2TTx64;-0,270;5,000;5,007;273,100;TR-02_1-074-W;NO;1;-2,234;2,250;276,900;TR-02_1-072-E;NO;1
190;SJ;TR-02_1-074;2TTx64;-0,514;3,885;3,919;277,500;TR-02_1-075-W;NO;1;-3,057;3,100;279,500;TR-02_1-073-E;NO;1
191;SJ;TR-02_1-075;2TTx64;-0,449;4,195;4,219;276,100;;NO;0;-3,958;3,983;276,500;TR-02_1-074-E;NO;1
192;SJ;TR-02_1-076;2TTx64;-0,514;1,837;1,908;285,600;TR-02_1-077-W;NO;1;;;;;;
193;SJ;TR-02_1-077;2TTx64;-1,014;3,965;4,092;284,300;TR-02_1-078-W;NO;1;1,026;1,442;45,300;TR-02_1-076-E;NO;1
194;SJ;TR-02_1-078;2TTx64;-1,224;1,428;1,881;310,600;;NO;0;-2,631;2,902;295,000;TR-02_1-077-E;NO;1
195;SJ;TR-02_1-079;2TTx64;-0,588;2,191;2,269;285,000;TR-02_1-080-W;NO;1;-2,393;2,464;283,800;;NO;0
196;SJ;TR-02_1-080;2TTx64;-1,116;1,835;2,148;301,300;TR-02_1-081-W;NO;1;-2,191;2,459;297,000;TR-02_1-079-E;NO;1
197;SJ;TR-02_1-081;2TTx64;-1,417;4,289;4,517;288,300;TR-02_1-082-W;NO;1;-1,221;1,871;319,300;TR-02_1-080-E;NO;1
198;SJ;TR-02_1-082;2TTx64;-1,536;2,034;2,549;307,100;TR-02_1-083-W;NO;1;-3,179;3,531;295,800;TR-02_1-081-E;NO;1
199;SJ;TR-02_1-083;2TTx64;-1,489;1,900;2,414;308,100;TR-02_1-084-W;NO;1;-2,149;2,614;304,700;TR-02_1-082-E;NO;1
200;SJ;TR-02_1-084;2TTx64;-1,931;1,877;2,693;315,800;TR-02_1-085-W;NO;1;-1,453;2,416;323,000;TR-02_1-083-E;NO;1
201;SJ;TR-02_1-085;2TTx64;-2,142;2,293;3,138;313,100;TR-02_1-086-W;NO;1;-1,681;2,723;321,900;TR-02_1-084-E;NO;1
202;SJ;TR-02_1-086;2TTx64;-2,609;1,331;2,929;333,000;TR-02_1-087-W;NO;1;-1,983;3,277;322,800;TR-02_1-085-E;NO;1
203;SJ;TR-02_1-087;2TTx64;-2,807;2,782;3,952;315,300;TR-02_1-088-W;NO;1;-3,551;4,526;308,300;TR-02_1-086-E;NO;1
204;SJ;TR-02_1-088;2TTx64;-2,953;3,337;4,456;311,500;TR-02_1-089-W;NO;1;-2,619;3,947;318,400;TR-02_1-087-E;NO;1
205;SJ;TR-02_1-089;2TTx64;-2,694;0,096;2,696;358,000;TR-02_1-090-W;NO;1;-3,837;4,688;305,100;TR-02_1-088-E;NO;1
206;SJ;TR-02_1-090;2TTx64;-2,570;0,099;2,572;357,800;TR-02_2-066-W;NO;1;0,260;2,583;5,800;TR-02_1-089-E;NO;1
207;SJ;TR-02_1-091;2TTx64;-0,214;2,329;2,339;275,200;TR-02_1-092-W;NO;1;;;;;;
208;SJ;TR-02_1-092;2TTx64;-0,105;3,931;3,932;271,500;TR-02_1-093-W;NO;1;-0,222;0,245;295,300;TR-02_1-091-E;NO;1
209;SJ;TR-02_1-093;2TTx64;0,346;1,078;1,132;252,200;TR-02_1-094-W;NO;1;-3,045;3,065;263,500;TR-02_1-092-E;NO;1
210;SJ;TR-02_1-094;2TTx64;0,429;2,486;2,523;260,200;TR-02_1-095-W;NO;1;-1,034;1,120;247,400;TR-02_1-093-E;NO;1
211;SJ;TR-02_1-095;2TTx64;0,503;3,200;3,239;261,100;TR-02_1-096-W;NO;1;-2,241;2,297;257,400;TR-02_1-094-E;NO;1
212;SJ;TR-02_1-096;2TTx64;0,796;2,574;2,694;252,800;TR-02_1-097-W;NO;1;-3,394;3,486;256,800;TR-02_1-095-E;NO;1
213;SJ;TR-02_1-097;2TTx64;1,059;1,681;1,987;237,800;TR-02_1-098-W;NO;1;-2,818;3,010;249,400;TR-02_1-096-E;NO;1
214;SJ;TR-02_1-098;2TTx64;0,972;3,064;3,215;252,400;TR-02_1-099-W;NO;1;-3,056;3,207;252,300;TR-02_1-097-E;NO;1
215;SJ;TR-02_1-099;2TTx64;1,002;1,951;2,193;242,800;TR-02_1-100-W;NO;1;-3,546;3,685;254,200;TR-02_1-098-E;NO;1
216;SJ;TR-02_1-100;2TTx64;1,218;2,858;3,107;246,900;TR-02_1-101-W;NO;1;-1,739;2,123;235,000;TR-02_1-099-E;NO;1
217;SJ;TR-02_1-101;2TTx64;1,309;2,150;2,517;238,700;TR-02_1-102-W;NO;1;-2,430;2,760;241,700;TR-02_1-100-E;NO;1
218;SJ;TR-02_1-102;2TTx64;1,294;3,080;3,341;247,200;TR-02_1-103-W;NO;1;-5,034;5,198;255,600;TR-02_1-101-E;NO;1
219;SJ;TR-02_1-103;2TTx64;1,422;3,069;3,383;245,100;TR-02_1-104-W;NO;1;-2,810;3,149;243,200;TR-02_1-102-E;NO;1
220;SJ;TR-02_1-104;2TTx64;1,546;0,001;1,546;180,000;TR-02_1-105-W;NO;1;-3,000;3,375;242,700;TR-02_1-103-E;NO;1
221;SJ;TR-02_1-105;2TTx64;0,861;0,998;1,318;229,200;TR-02_2-084-W;NO;1;0,673;1,093;142,000;TR-02_1-104-E;NO;1
222;SJ;TR-02_1-106;2TTx64;0,308;2,471;2,490;262,900;TR-02_1-107-W;NO;1;;;;;;
223;SJ;TR-02_1-107;2TTx64;-0,035;3,765;3,765;270,500;TR-02_1-108-W;NO;1;-0,719;0,720;272,800;TR-02_1-106-E;NO;1
224;SJ;TR-02_1-108;2TTx64;-0,439;1,686;1,742;284,600;TR-02_1-109-W;NO;1;-2,860;2,894;278,700;TR-02_1-107-E;NO;1
225;SJ;TR-02_1-109;2TTx64;-0,930;2,113;2,309;293,800;TR-02_1-110-W;NO;1;-1,386;1,669;303,900;TR-02_1-108-E;NO;1
226;SJ;TR-02_1-110;2TTx64;-0,910;2,601;2,756;289,300;TR-02_1-111-W;NO;1;-1,786;2,004;297,000;TR-02_1-109-E;NO;1
227;SJ;TR-02_1-111;2TTx64;-0,787;2,288;2,419;289,000;TR-02_1-112-W;NO;1;-2,894;2,999;285,200;TR-02_1-110-E;NO;1
228;SJ;TR-02_1-112;2TTx64;-1,038;1,990;2,244;297,500;TR-02_1-113-W;NO;1;-2,471;2,680;292,800;TR-02_1-111-E;NO;1
229;SJ;TR-02_1-113;2TTx64;-0,813;1,073;1,347;307,200;TR-02_1-114-W;NO;1;-1,794;1,970;294,400;TR-02_1-112-E;NO;1
230;SJ;TR-02_1-114;2TTx64;-0,592;1,315;1,442;294,200;TR-02_1-115-W;NO;1;-1,775;1,871;288,400;TR-02_1-113-E;NO;1
231;SJ;TR-02_1-115;2TTx64;-0,433;1,599;1,657;285,200;TR-02_1-116-W;NO;1;-1,278;1,349;288,700;TR-02_1-114-E;NO;1
232;SJ;TR-02_1-116;2TTx64;-0,520;3,816;3,851;277,800;TR-02_1-117-W;NO;1;-1,668;1,747;287,300;TR-02_1-115-E;NO;1
233;SJ;TR-02_1-117;2TTx64;-0,482;3,299;3,334;278,300;TR-02_1-118-W;NO;1;-3,797;3,827;277,200;TR-02_1-116-E;NO;1
234;SJ;TR-02_1-118;2TTx64;-0,531;2,814;2,864;280,700;TR-02_1-119-W;NO;1;-2,987;3,034;280,100;TR-02_1-117-E;NO;1
235;SJ;TR-02_1-119;2TTx64;-0,356;1,624;1,663;282,400;TR-02_1-120-W;NO;1;-2,129;2,159;279,500;TR-02_1-118-E;NO;1
236;SJ;TR-02_1-120;2TTx64;-0,062;0,970;0,972;273,700;TR-02_2-102-W;NO;1;-1,075;1,077;273,300;TR-02_1-119-E;NO;1
237;SJ;TR-02_2-001;2TTx64;-0,921;5,801;5,874;279,000;TR-02_2-002-W;NO;1;-4,518;4,611;281,500;TR-02_1-023-E;NO;1
238;SJ;TR-02_2-002;2TTx64;-1,101;1,552;1,903;305,300;TR-02_2-003-W;NO;1;-4,967;5,088;282,500;TR-02_2-001-E;NO;1
239;SJ;TR-02_2-003;2TTx64;-1,572;4,917;5,162;287,700;TR-02_2-004-W;NO;1;-1,908;2,472;309,500;TR-02_2-002-E;NO;1
240;SJ;TR-02_2-004;2TTx64;-1,520;3,115;3,466;296,000;TR-02_2-005-W;NO;1;-4,788;5,023;287,600;TR-02_2-003-E;NO;1
241;SJ;TR-02_2-005;2TTx64;-2,070;3,823;4,347;298,400;TR-02_2-006-W;NO;1;-3,458;4,030;300,900;TR-02_2-004-E;NO;1
242;SJ;TR-02_2-006;2TTx64;-2,318;2,420;3,351;313,800;TR-02_2-007-W;NO;1;-3,979;4,605;300,200;TR-02_2-005-E;NO;1
243;SJ;TR-02_2-007;2TTx64;-1,809;0,510;1,880;344,300;TR-02_2-008-W;NO;1;-2,854;3,379;302,400;TR-02_2-006-E;NO;1
244;SJ;TR-02_2-008;2TTx64;-1,653;0,162;1,661;354,400;TR-02_2-009-W;NO;1;-2,680;3,149;301,700;TR-02_2-007-E;NO;1
245;SJ;TR-02_2-009;2TTx64;-1,970;0,553;2,046;344,300;TR-02_2-010-W;NO;1;-0,916;2,173;335,100;TR-02_2-008-E;NO;1
246;SJ;TR-02_2-010;2TTx64;-2,103;0,012;2,103;359,700;TR-02_2-011-W;NO;1;-0,997;2,328;334,600;TR-02_2-009-E;NO;1
247;SJ;TR-02_2-011;2TTx64;-2,445;-3,470;4,245;54,800;TR-02_2-012-W;NO;1;-0,313;2,465;352,700;TR-02_2-010-E;NO;1
248;SJ;TR-02_2-012;2TTx64;-2,897;-0,961;3,052;18,400;TR-02_2-013-W;NO;1;1,724;3,371;30,800;TR-02_2-011-E;NO;1
249;SJ;TR-02_2-013;2TTx64;-2,889;-0,931;3,035;17,900;TR-02_2-014-W;NO;1;1,628;3,316;29,400;TR-02_2-012-E;NO;1
250;SJ;TR-02_2-014;2TTx64;-2,598;-1,123;2,830;23,400;TR-05_1-109-W;NO;1;0,909;2,752;19,300;TR-02_2-013-E;NO;1
251;SJ;TR-02_2-015;2TTx64;-0,525;2,669;2,720;281,100;TR-02_2-016-W;NO;1;-1,757;1,834;286,600;TR-05_1-119-E;NO;1
252;SJ;TR-02_2-016;2TTx64;-0,782;2,803;2,910;285,600;TR-02_2-017-W;NO;1;-2,663;2,776;286,400;TR-02_2-015-E;NO;1
253;SJ;TR-02_2-017;2TTx64;-0,878;2,924;3,053;286,700;TR-02_2-018-W;NO;1;-2,474;2,625;289,500;TR-02_2-016-E;NO;1
254;SJ;TR-02_2-018;2TTx64;-1,022;3,222;3,380;287,600;;NO;0;-3,156;3,317;287,900;TR-02_2-017-E;NO;1
255;SJ;TR-02_2-019;2TTx64;-1,349;6,884;7,015;281,100;TR-02_2-020-W;NO;1;-4,022;4,242;288,500;TR-02_1-046-E;NO;1
256;SJ;TR-02_2-020;2TTx64;-1,284;3,529;3,755;290,000;TR-02_2-021-W;NO;1;-6,127;6,260;281,800;TR-02_2-019-E;NO;1
257;SJ;TR-02_2-021;2TTx64;-0,914;-0,854;1,251;43,100;TR-02_2-022-W;NO;1;-3,648;3,761;284,100;TR-02_2-020-E;NO;1
258;SJ;TR-02_2-022;2TTx64;-0,219;4,399;4,404;272,900;TR-02_2-023-W;NO;1;-1,942;1,954;276,400;TR-02_2-021-E;NO;1
259;SJ;TR-02_2-023;2TTx64;0,535;3,066;3,112;260,100;TR-02_2-024-W;NO;1;-4,769;4,799;263,600;TR-02_2-022-E;NO;1
260;SJ;TR-02_2-024;2TTx64;0,526;1,995;2,063;255,200;TR-02_2-025-W;NO;1;-2,782;2,831;259,300;TR-02_2-023-E;NO;1
261;SJ;TR-02_2-025;2TTx64;0,266;1,530;1,553;260,100;TR-02_2-026-W;NO;1;-1,809;1,829;261,600;TR-02_2-024-E;NO;1
262;SJ;TR-02_2-026;2TTx64;-0,487;0,528;0,719;312,700;TR-02_2-027-W;NO;1;-3,933;3,963;277,100;TR-02_2-025-E;NO;1
263;SJ;TR-02_2-027;2TTx64;-0,541;0,917;1,065;300,600;TR-02_2-028-W;NO;1;-0,385;0,664;324,600;TR-02_2-026-E;NO;1
264;SJ;TR-02_2-028;2TTx64;-0,174;-0,106;0,204;31,400;TR-02_2-029-W;NO;1;-0,280;0,330;301,900;TR-02_2-027-E;NO;1
265;SJ;TR-02_2-029;2TTx64;0,077;0,694;0,698;263,700;TR-02_2-030-W;NO;1;0,726;0,730;96,100;TR-02_2-028-E;NO;1
266;SJ;TR-02_2-030;2TTx64;-0,116;-0,706;0,715;80,700;TR-02_2-031-W;NO;1;-1,035;1,041;276,400;TR-02_2-029-E;NO;1
267;SJ;TR-02_2-031;2TTx64;-0,366;-0,727;0,814;63,300;TR-02_2-032-W;NO;1;0,872;0,946;67,200;TR-02_2-030-E;NO;1
268;SJ;TR-02_2-032;2TTx64;-0,494;-1,163;1,264;67,000;TR-02_2-033-W;NO;1;0,185;0,528;20,500;TR-02_2-031-E;NO;1
269;SJ;TR-02_2-033;2TTx64;-0,140;-2,297;2,301;86,500;TR-02_2-034-W;NO;1;0,376;0,401;69,600;TR-02_2-032-E;NO;1
270;SJ;TR-02_2-034;2TTx64;-0,355;1,449;1,492;283,800;TR-02_2-035-W;NO;1;-0,333;0,487;316,800;TR-02_2-033-E;NO;1
271;SJ;TR-02_2-035;2TTx64;-0,556;2,740;2,796;281,500;TR-02_2-036-W;NO;1;-1,007;1,150;298,900;TR-02_2-034-E;NO;1
272;SJ;TR-02_2-036;2TTx64;-0,851;3,141;3,254;285,200;TR-02_2-037-W;NO;1;-2,255;2,410;290,700;TR-02_2-035-E;NO;1
273;SJ;TR-02_2-037;2TTx64;-1,023;3,703;3,842;285,400;TR-02_2-038-W;NO;1;-3,216;3,375;287,600;TR-02_2-036-E;NO;1
274;SJ;TR-02_2-038;2TTx64;-1,429;2,027;2,480;305,200;TR-02_2-039-W;NO;1;-0,303;1,461;348,000;TR-02_2-037-E;NO;1
275;SJ;TR-02_2-039;2TTx64;-1,753;3,707;4,100;295,300;TR-02_2-040-W;NO;1;-0,931;1,984;332,000;TR-02_2-038-E;NO;1
276;SJ;TR-02_2-040;2TTx64;-1,714;1,659;2,385;315,900;TR-02_2-041-W;NO;1;-3,026;3,478;299,500;TR-02_2-039-E;NO;1
277;SJ;TR-02_2-041;2TTx64;-1,547;4,038;4,324;291,000;TR-02_2-042-W;NO;1;-1,624;2,243;313,600;TR-02_2-040-E;NO;1
278;SJ;TR-02_2-042;2TTx64;-1,464;0,131;1,470;354,900;TR-02_2-043-W;NO;1;-1,431;2,047;315,700;TR-02_2-041-E;NO;1
279;SJ;TR-02_2-043;2TTx64;-1,681;1,651;2,356;315,500;TR-02_2-044-W;NO;1;0,211;1,694;7,200;TR-02_2-042-E;NO;1
280;SJ;TR-02_2-044;2TTx64;-1,684;0,939;1,929;330,900;TR-02_2-045-W;NO;1;-1,038;1,979;328,400;TR-02_2-043-E;NO;1
281;SJ;TR-02_2-045;2TTx64;-1,569;3,150;3,519;296,500;TR-02_2-046-W;NO;1;-0,942;1,830;329,000;TR-02_2-044-E;NO;1
282;SJ;TR-02_2-046;2TTx64;-1,525;1,865;2,409;309,300;TR-02_2-047-W;NO;1;-2,739;3,135;299,100;TR-02_2-045-E;NO;1
283;SJ;TR-02_2-047;2TTx64;-1,309;4,676;4,856;285,600;;NO;0;-3,141;3,403;292,600;TR-02_2-046-E;NO;1
284;SJ;TR-02_2-048;2TTx64;1,044;4,862;4,973;257,900;TR-02_2-049-W;NO;1;-4,976;5,084;258,100;TR-02_1-068-E;NO;1
285;SJ;TR-02_2-049;2TTx64;1,402;2,828;3,156;243,600;TR-02_2-050-W;NO;1;-4,683;4,888;253,300;TR-02_2-048-E;NO;1
286;SJ;TR-02_2-050;2TTx64;1,294;2,332;2,667;241,000;TR-02_2-051-W;NO;1;-1,686;2,125;232,500;TR-02_2-049-E;NO;1
287;SJ;TR-02_2-051;2TTx64;1,601;-0,748;1,767;155,000;TR-02_2-052-W;NO;1;-2,554;3,014;237,900;TR-02_2-050-E;NO;1
288;SJ;TR-02_2-052;2TTx64;1,989;2,240;2,996;228,400;TR-02_2-053-W;NO;1;-1,965;2,796;224,600;TR-02_2-051-E;NO;1
289;SJ;TR-02_2-053;2TTx64;1,696;1,464;2,241;220,800;TR-02_2-054-W;NO;1;-2,563;3,073;236,500;TR-02_2-052-E;NO;1
290;SJ;TR-02_2-054;2TTx64;1,421;-0,056;1,422;177,700;TR-02_2-055-W;NO;1;-0,828;1,644;210,200;TR-02_2-053-E;NO;1
291;SJ;TR-02_2-055;2TTx64;1,179;0,972;1,528;219,500;TR-02_2-056-W;NO;1;-0,066;1,181;183,200;TR-02_2-054-E;NO;1
292;SJ;TR-02_2-056;2TTx64;0,785;2,171;2,309;250,100;;NO;0;-2,477;2,599;252,400;TR-02_2-055-E;NO;1
293;SJ;TR-02_2-059;2TTx64;-1,074;1,137;1,564;313,400;TR-02_2-060-W;NO;1;;;;;;
294;SJ;TR-02_2-060;2TTx64;-1,466;0,393;1,518;345,000;TR-02_2-061-W;NO;1;-1,636;2,197;311,900;TR-02_2-059-E;NO;1
295;SJ;TR-02_2-061;2TTx64;-1,214;2,369;2,662;297,100;TR-02_2-062-W;NO;1;-1,637;2,038;306,500;TR-02_2-060-E;NO;1
296;SJ;TR-02_2-062;2TTx64;-1,234;2,040;2,384;301,200;TR-02_2-063-W;NO;1;-1,953;2,310;302,300;TR-02_2-061-E;NO;1
297;SJ;TR-02_2-063;2TTx64;-0,810;1,434;1,647;299,500;TR-02_2-064-W;NO;1;-2,439;2,570;288,400;TR-02_2-062-E;NO;1
298;SJ;TR-02_2-064;2TTx64;-0,237;3,968;3,975;273,400;TR-02_2-065-W;NO;1;-2,013;2,027;276,700;TR-02_2-063-E;NO;1
299;SJ;TR-02_2-065;2TTx64;-0,148;1,058;1,068;278,000;TR-01_1-001-W;NO;1;0,383;0,411;68,800;TR-02_2-064-E;NO;1
300;SJ;TR-02_2-066;2TTx64;-2,621;3,458;4,339;307,200;TR-02_2-067-W;NO;1;-2,848;3,870;312,600;TR-02_1-090-E;NO;1
301;SJ;TR-02_2-067;2TTx64;-2,775;1,624;3,215;329,700;TR-02_2-068-W;NO;1;-3,553;4,508;308,000;TR-02_2-066-E;NO;1
302;SJ;TR-02_2-068;2TTx64;-2,678;0,307;2,696;353,500;TR-02_2-069-W;NO;1;-1,883;3,274;324,900;TR-02_2-067-E;NO;1
303;SJ;TR-02_2-069;2TTx64;-2,992;3,969;4,970;307,000;TR-02_2-070-W;NO;1;-0,211;2,999;356,000;TR-02_2-068-E;NO;1
304;SJ;TR-02_2-070;2TTx64;-3,208;2,383;3,996;323,400;TR-02_2-071-W;NO;1;-2,901;4,325;317,900;TR-02_2-069-E;NO;1
305;SJ;TR-02_2-071;2TTx64;-3,748;1,551;4,056;337,500;TR-02_2-072-W;NO;1;-2,853;4,710;322,700;TR-02_2-070-E;NO;1
306;SJ;TR-02_2-072;2TTx64;-3,850;2,580;4,634;326,200;TR-02_2-073-W;NO;1;-1,716;4,215;336,000;TR-02_2-071-E;NO;1
307;SJ;TR-02_2-073;2TTx64;-4,273;1,873;4,665;336,300;TR-02_2-074-W;NO;1;-2,545;4,974;329,200;TR-02_2-072-E;NO;1
308;SJ;TR-02_2-074;2TTx64;-4,424;2,291;4,982;332,600;;NO;0;-1,941;4,831;336,300;TR-02_2-073-E;NO;1
309;SJ;TR-02_2-075;2TTx64;-4,344;2,545;5,034;329,600;TR-02_2-076-W;NO;1;-2,235;4,885;332,800;;NO;0
310;SJ;TR-02_2-076;2TTx64;-4,387;3,589;5,668;320,700;TR-02_2-077-W;NO;1;-2,545;5,072;329,900;TR-02_2-075-E;NO;1
311;SJ;TR-02_2-077;2TTx64;-4,142;3,785;5,611;317,600;TR-02_2-078-W;NO;1;-3,332;5,315;321,200;TR-02_2-076-E;NO;1
312;SJ;TR-02_2-078;2TTx64;-3,447;0,023;3,447;359,600;TR-02_2-079-W;NO;1;-3,283;4,760;316,400;TR-02_2-077-E;NO;1
313;SJ;TR-02_2-079;2TTx64;-2,739;1,070;2,941;338,700;TR-02_2-080-W;NO;1;0,844;2,866;17,100;TR-02_2-078-E;NO;1
314;SJ;TR-02_2-080;2TTx64;-2,030;-0,869;2,208;23,200;TR-02_2-081-W;NO;1;-0,558;2,105;344,600;TR-02_2-079-E;NO;1
315;SJ;TR-02_2-081;2TTx64;-1,870;-0,716;2,003;20,900;TR-02_2-082-W;NO;1;0,491;1,934;14,700;TR-02_2-080-E;NO;1
316;SJ;TR-02_2-082;2TTx64;-1,282;0,265;1,309;348,300;TR-02_2-083-W;NO;1;0,557;1,398;23,500;TR-02_2-081-E;NO;1
317;SJ;TR-02_2-083;2TTx64;-0,779;1,276;1,495;301,400;TR-01_1-009-W;NO;1;0,990;1,260;51,800;TR-02_2-082-E;NO;1
318;SJ;TR-02_2-084;2TTx64;0,836;2,805;2,927;253,400;TR-02_2-085-W;NO;1;-1,408;1,637;239,300;TR-02_1-105-E;NO;1
319;SJ;TR-02_2-085;2TTx64;0,987;3,373;3,515;253,700;TR-02_2-086-W;NO;1;-2,228;2,437;246,100;TR-02_2-084-E;NO;1
320;SJ;TR-02_2-086;2TTx64;0,916;3,403;3,524;254,900;TR-02_2-087-W;NO;1;-3,443;3,563;255,100;TR-02_2-085-E;NO;1
321;SJ;TR-02_2-087;2TTx64;0,486;4,069;4,098;263,200;TR-02_2-088-W;NO;1;-3,759;3,790;262,600;TR-02_2-086-E;NO;1
322;SJ;TR-02_2-088;2TTx64;0,439;3,297;3,326;262,400;TR-02_2-089-W;NO;1;-4,029;4,053;263,800;TR-02_2-087-E;NO;1
323;SJ;TR-02_2-089;2TTx64;0,557;1,905;1,985;253,700;TR-02_2-090-W;NO;1;-3,750;3,791;261,600;TR-02_2-088-E;NO;1
324;SJ;TR-02_2-090;2TTx64;0,939;2,512;2,682;249,500;TR-02_2-091-W;NO;1;-1,926;2,143;244,000;TR-02_2-089-E;NO;1
325;SJ;TR-02_2-091;2TTx64;1,454;2,259;2,687;237,200;TR-02_2-092-W;NO;1;-1,711;2,245;229,600;TR-02_2-090-E;NO;1
326;SJ;TR-02_2-092;2TTx64;0,973;1,136;1,496;229,400;TR-02_2-093-W;NO;1;-2,008;2,231;244,200;TR-02_2-091-E;NO;1
327;SJ;TR-02_2-093;2TTx64;1,747;2,033;2,680;229,300;TR-02_2-094-W;NO;1;-0,413;1,795;193,300;TR-02_2-092-E;NO;1
328;SJ;TR-02_2-094;2TTx64;1,860;1,515;2,399;219,200;TR-02_2-095-W;NO;1;-1,912;2,668;225,800;TR-02_2-093-E;NO;1
329;SJ;TR-02_2-095;2TTx64;1,982;0,006;1,982;180,200;TR-02_2-096-W;NO;1;-2,389;3,104;230,300;TR-02_2-094-E;NO;1
330;SJ;TR-02_2-096;2TTx64;1,657;-0,017;1,657;179,400;TR-02_2-097-W;NO;1;-0,831;1,854;206,600;TR-02_2-095-E;NO;1
331;SJ;TR-02_2-097;2TTx64;1,332;2,470;2,806;241,700;TR-02_2-098-W;NO;1;0,990;1,660;143,400;TR-02_2-096-E;NO;1
332;SJ;TR-02_2-098;2TTx64;0,859;-0,860;1,216;135,000;TR-02_2-099-W;NO;1;-2,058;2,230;247,300;TR-02_2-097-E;NO;1
333;SJ;TR-02_2-099;2TTx64;0,600;0,168;0,623;195,600;TR-02_2-100-W;NO;1;0,994;1,161;121,100;TR-02_2-098-E;NO;1
334;SJ;TR-02_2-100;2TTx64;-0,120;0,393;0,411;287,000;TR-02_2-101-W;NO;1;0,214;0,245;60,800;TR-02_2-099-E;NO;1
335;SJ;TR-02_2-101;2TTx64;-0,771;1,113;1,354;304,700;TR-01_1-019-W;NO;1;0,197;0,796;14,300;TR-02_2-100-E;NO;1
336;SJ;TR-02_2-102;2TTx64;0,086;1,046;1,050;265,300;TR-02_2-103-W;NO;1;-2,617;2,618;268,100;TR-02_1-120-E;NO;1
337;SJ;TR-02_2-103;2TTx64;-0,195;1,454;1,467;277,600;TR-02_2-104-W;NO;1;-1,444;1,457;277,700;TR-02_2-102-E;NO;1
338;SJ;TR-02_2-104;2TTx64;-0,375;3,647;3,666;275,900;TR-02_2-105-W;NO;1;-2,465;2,493;278,600;TR-02_2-103-E;NO;1
339;SJ;TR-02_2-105;2TTx64;-0,146;3,052;3,056;272,700;TR-02_2-106-W;NO;1;-3,916;3,919;272,100;TR-02_2-104-E;NO;1
340;SJ;TR-02_2-106;2TTx64;-0,003;2,375;2,375;270,100;TR-02_2-107-W;NO;1;-4,706;4,706;270,000;TR-02_2-105-E;NO;1
341;SJ;TR-02_2-107;2TTx64;0,357;2,323;2,350;261,300;TR-02_2-108-W;NO;1;-2,522;2,547;261,900;TR-02_2-106-E;NO;1
342;SJ;TR-02_2-108;2TTx64;0,525;0,922;1,061;240,300;TR-02_2-109-W;NO;1;-2,583;2,636;258,500;TR-02_2-107-E;NO;1
343;SJ;TR-02_2-109;2TTx64;0,464;-0,498;0,680;132,900;TR-02_2-110-W;NO;1;-1,084;1,179;246,800;TR-02_2-108-E;NO;1
344;SJ;TR-02_2-110;2TTx64;0,640;1,352;1,496;244,700;TR-02_2-111-W;NO;1;-4,128;4,177;261,200;TR-02_2-109-E;NO;1
345;SJ;TR-02_2-111;2TTx64;0,356;2,291;2,319;261,200;TR-02_2-112-W;NO;1;-0,460;0,582;232,300;TR-02_2-110-E;NO;1
346;SJ;TR-02_2-112;2TTx64;0,146;1,212;1,221;263,100;TR-02_2-113-W;NO;1;-1,659;1,665;265,000;TR-02_2-111-E;NO;1
347;SJ;TR-02_2-113;2TTx64;0,237;1,049;1,075;257,300;TR-02_2-114-W;NO;1;-1,103;1,128;257,900;TR-02_2-112-E;NO;1
348;SJ;TR-02_2-114;2TTx64;0,132;1,717;1,722;265,600;TR-02_2-115-W;NO;1;-1,114;1,122;263,300;TR-02_2-113-E;NO;1
349;SJ;TR-02_2-115;2TTx64;-0,353;1,326;1,372;284,900;TR-02_2-116-W;NO;1;-3,077;3,097;276,500;TR-02_2-114-E;NO;1
350;SJ;TR-02_2-116;2TTx64;-0,062;1,562;1,563;272,300;TR-02_2-117-W;NO;1;-1,548;1,549;272,300;TR-02_2-115-E;NO;1
351;SJ;TR-02_2-117;2TTx64;-0,293;1,263;1,297;283,100;TR-02_2-118-W;NO;1;-1,762;1,786;279,400;TR-02_2-116-E;NO;1
352;SJ;TR-02_2-118;2TTx64;-0,582;0,375;0,693;327,200;TR-02_2-119-W;NO;1;-1,690;1,788;289,000;TR-02_2-117-E;NO;1
353;SJ;TR-02_2-119;2TTx64;-0,547;3,375;3,419;279,200;TR-01_1-042-W;NO;1;-0,093;0,555;350,400;TR-02_2-118-E;NO;1
354;SJ;TR-03_1-001;2TTx64;-1,120;4,650;4,783;283,500;TR-03_1-002-W;NO;1;-2,376;2,627;295,200;TR-04_1-040-E;NO;1
355;SJ;TR-03_1-002;2TTx64;-1,426;4,213;4,448;288,700;TR-03_1-003-W;NO;1;-4,196;4,432;288,800;TR-03_1-001-E;NO;1
356;SJ;TR-03_1-003;2TTx64;-0,658;0,931;1,140;305,300;TR-03_1-004-W;NO;1;-3,195;3,262;281,600;TR-03_1-002-E;NO;1
357;SJ;TR-03_1-004;2TTx64;-0,434;-0,625;0,761;55,200;;NO;0;-1,259;1,332;289,000;TR-03_1-003-E;NO;1
358;SJ;TR-03_1-018;2TTx64;0,065;3,076;3,077;268,800;TR-03_1-019-W;NO;1;-2,208;2,209;268,300;TR-04_1-056-E;NO;1
359;SJ;TR-03_1-019;2TTx64;0,433;3,393;3,420;262,700;TR-03_1-020-W;NO;1;-3,822;3,846;263,500;TR-03_1-018-E;NO;1
360;SJ;TR-03_1-020;2TTx64;-0,027;3,229;3,229;270,500;TR-03_1-021-W;NO;1;-2,776;2,776;270,600;TR-03_1-019-E;NO;1
361;SJ;TR-03_1-021;2TTx64;-0,143;0,272;0,307;297,700;;NO;0;-3,089;3,092;272,700;TR-03_1-020-E;NO;1
362;SJ;TR-03_1-022;2TTx64;0,150;3,586;3,589;267,600;TR-03_1-023-W;NO;1;0,176;0,231;130,500;;NO;0
363;SJ;TR-03_1-023;2TTx64;-0,172;2,415;2,421;274,100;TR-03_1-024-W;NO;1;-3,586;3,590;272,700;TR-03_1-022-E;NO;1
364;SJ;TR-03_1-024;2TTx64;0,019;1,919;1,919;269,400;TR-03_1-025-W;NO;1;-2,358;2,358;269,500;TR-03_1-023-E;NO;1
365;SJ;TR-03_1-025;2TTx64;0,045;3,646;3,646;269,300;TR-03_1-026-W;NO;1;-1,632;1,633;268,400;TR-03_1-024-E;NO;1
366;SJ;TR-03_1-026;2TTx64;0,291;4,561;4,570;266,300;TR-03_1-027-W;NO;1;-0,128;0,318;203,700;TR-03_1-025-E;NO;1
367;SJ;TR-03_1-027;2TTx64;0,529;2,206;2,268;256,500;TR-03_1-028-W;NO;1;-5,683;5,708;264,700;TR-03_1-026-E;NO;1
368;SJ;TR-03_1-028;2TTx64;0,726;0,679;0,994;223,100;TR-03_1-029-W;NO;1;-1,504;1,670;244,200;TR-03_1-027-E;NO;1
369;SJ;TR-03_1-029;2TTx64;1,100;3,201;3,385;251,000;TR-03_1-030-W;NO;1;-2,343;2,588;244,900;TR-03_1-028-E;NO;1
370;SJ;TR-03_1-030;2TTx64;0,899;3,086;3,214;253,800;TR-03_1-031-W;NO;1;-0,954;1,311;226,700;TR-03_1-029-E;NO;1
371;SJ;TR-03_1-031;2TTx64;1,555;1,351;2,060;221,000;TR-03_1-032-W;NO;1;-3,306;3,654;244,800;TR-03_1-030-E;NO;1
372;SJ;TR-03_1-032;2TTx64;0,851;2,368;2,516;250,200;TR-03_1-033-W;NO;1;-1,059;1,359;231,200;TR-03_1-031-E;NO;1
373;SJ;TR-03_1-033;2TTx64;1,073;4,628;4,751;256,900;TR-03_1-034-W;NO;1;-3,093;3,274;250,900;TR-03_1-032-E;NO;1
374;SJ;TR-03_1-034;2TTx64;0,588;2,371;2,443;256,100;TR-02_1-024-W;NO;1;1,043;1,197;119,400;TR-03_1-033-E;NO;1
375;SJ;TR-03_1-035;2TTx64;1,569;3,978;4,276;248,500;TR-03_1-036-W;NO;1;-1,745;2,346;228,000;TR-04_1-073-E;NO;1
376;SJ;TR-03_1-036;2TTx64;1,285;2,336;2,666;241,200;TR-03_1-037-W;NO;1;-3,649;3,869;250,600;TR-03_1-035-E;NO;1
377;SJ;TR-03_1-037;2TTx64;1,174;2,353;2,630;243,500;TR-03_1-038-W;NO;1;-2,674;2,920;246,300;TR-03_1-036-E;NO;1
378;SJ;TR-03_1-038;2TTx64;0,728;-0,220;0,760;163,200;TR-03_1-039-W;NO;1;-1,832;1,971;248,300;TR-03_1-037-E;NO;1
379;SJ;TR-03_1-039;2TTx64;-0,180;4,862;4,865;272,100;TR-03_1-040-W;NO;1;0,525;0,555;71,000;TR-03_1-038-E;NO;1
380;SJ;TR-03_1-040;2TTx64;-0,465;3,185;3,219;278,300;TR-03_1-041-W;NO;1;-4,990;5,012;275,300;TR-03_1-039-E;NO;1
381;SJ;TR-03_1-041;2TTx64;-1,534;2,040;2,552;306,900;TR-03_1-042-W;NO;1;-3,794;4,092;292,000;TR-03_1-040-E;NO;1
382;SJ;TR-03_1-042;2TTx64;-1,538;4,695;4,941;288,100;TR-03_1-043-W;NO;1;-3,519;3,840;293,600;TR-03_1-041-E;NO;1
383;SJ;TR-03_1-043;2TTx64;-2,225;3,626;4,254;301,500;TR-03_1-044-W;NO;1;-5,246;5,698;293,000;TR-03_1-042-E;NO;1
384;SJ;TR-03_1-044;2TTx64;-2,391;1,519;2,832;327,600;TR-03_1-045-W;NO;1;-3,350;4,116;305,500;TR-03_1-043-E;NO;1
385;SJ;TR-03_1-045;2TTx64;-2,051;3,262;3,853;302,200;TR-03_1-046-W;NO;1;-2,095;2,932;314,400;TR-03_1-044-E;NO;1
386;SJ;TR-03_1-046;2TTx64;-2,425;1,659;2,938;325,600;TR-03_1-047-W;NO;1;-5,507;6,017;293,800;TR-03_1-045-E;NO;1
387;SJ;TR-03_1-047;2TTx64;-2,675;2,763;3,846;314,100;TR-03_1-048-W;NO;1;-1,603;3,118;329,100;TR-03_1-046-E;NO;1
388;SJ;TR-03_1-048;2TTx64;-2,557;1,747;3,096;325,700;TR-03_1-049-W;NO;1;-2,342;3,467;317,500;TR-03_1-047-E;NO;1
389;SJ;TR-03_1-049;2TTx64;-2,388;5,510;6,005;293,400;TR-03_1-050-W;NO;1;-0,936;2,564;338,600;TR-03_1-048-E;NO;1
390;SJ;TR-03_1-050;2TTx64;-2,639;2,713;3,785;314,200;TR-03_1-051-W;NO;1;0,054;2,640;1,200;TR-03_1-049-E;NO;1
391;SJ;TR-03_1-051;2TTx64;-2,999;3,749;4,801;308,700;TR-03_1-052-W;NO;1;-1,794;3,494;329,100;TR-03_1-050-E;NO;1
392;SJ;TR-03_1-052;2TTx64;-3,182;1,885;3,698;329,400;TR-03_1-053-W;NO;1;-3,030;4,394;316,400;TR-03_1-051-E;NO;1
393;SJ;TR-03_1-053;2TTx64;-2,752;3,416;4,387;308,900;TR-02_1-047-W;NO;1;-1,951;3,374;324,700;TR-03_1-052-E;NO;1
394;SJ;TR-03_1-054;2TTx64;-2,454;3,590;4,349;304,400;TR-03_1-055-W;NO;1;-1,611;2,935;326,700;TR-04_1-090-E;NO;1
395;SJ;TR-03_1-055;2TTx64;-2,193;1,446;2,627;326,600;TR-03_1-056-W;NO;1;-2,793;3,551;308,100;TR-03_1-054-E;NO;1
396;SJ;TR-03_1-056;2TTx64;-2,074;2,519;3,263;309,500;TR-03_1-057-W;NO;1;-1,772;2,728;319,500;TR-03_1-055-E;NO;1
397;SJ;TR-03_1-057;2TTx64;-1,197;1,471;1,896;309,100;TR-03_1-058-W;NO;1;-2,774;3,021;293,300;TR-03_1-056-E;NO;1
398;SJ;TR-03_1-058;2TTx64;-1,274;5,860;5,997;282,300;TR-03_1-059-W;NO;1;-2,276;2,608;299,200;TR-03_1-057-E;NO;1
399;SJ;TR-03_1-059;2TTx64;-1,369;4,962;5,147;285,400;TR-03_1-060-W;NO;1;-5,896;6,053;283,100;TR-03_1-058-E;NO;1
400;SJ;TR-03_1-060;2TTx64;-1,022;1,061;1,473;313,900;TR-03_1-061-W;NO;1;-5,530;5,624;280,500;TR-03_1-059-E;NO;1
401;SJ;TR-03_1-061;2TTx64;-0,664;3,347;3,412;281,200;TR-03_1-062-W;NO;1;-4,821;4,867;277,800;TR-03_1-060-E;NO;1
402;SJ;TR-03_1-062;2TTx64;-0,453;3,362;3,392;277,700;TR-03_1-063-W;NO;1;-3,873;3,899;276,700;TR-03_1-061-E;NO;1
403;SJ;TR-03_1-063;2TTx64;-0,159;1,593;1,601;275,700;TR-03_1-064-W;NO;1;-3,397;3,401;272,700;TR-03_1-062-E;NO;1
404;SJ;TR-03_1-064;2TTx64;-0,257;3,182;3,192;274,600;TR-03_1-065-W;NO;1;-1,692;1,711;278,600;TR-03_1-063-E;NO;1
405;SJ;TR-03_1-065;2TTx64;0,021;1,931;1,931;269,400;TR-03_1-066-W;NO;1;-4,458;4,458;269,700;TR-03_1-064-E;NO;1
406;SJ;TR-03_1-066;2TTx64;0,230;3,263;3,271;266,000;TR-03_1-067-W;NO;1;-1,371;1,390;260,500;TR-03_1-065-E;NO;1
407;SJ;TR-03_1-067;2TTx64;0,417;-0,087;0,426;168,200;TR-03_1-068-W;NO;1;-3,102;3,130;262,400;TR-03_1-066-E;NO;1
408;SJ;TR-03_1-068;2TTx64;0,359;5,083;5,096;266,000;TR-03_1-069-W;NO;1;-0,478;0,598;233,100;TR-03_1-067-E;NO;1
409;SJ;TR-03_1-069;2TTx64;1,172;2,546;2,803;245,300;TR-03_1-070-W;NO;1;-3,020;3,240;248,800;TR-03_1-068-E;NO;1
410;SJ;TR-03_1-070;2TTx64;1,500;3,554;3,858;247,100;TR-03_1-071-W;NO;1;-1,702;2,269;228,600;TR-03_1-069-E;NO;1
411;SJ;TR-03_1-071;2TTx64;1,823;0,925;2,044;206,900;TR-03_1-072-W;NO;1;-3,205;3,687;240,400;TR-03_1-070-E;NO;1
412;SJ;TR-03_1-072;2TTx64;1,678;-1,691;2,382;134,800;TR-02_1-069-W;NO;1;-1,473;2,233;221,300;TR-03_1-071-E;NO;1
413;SJ;TR-03_1-073;2TTx64;-2,231;2,647;3,462;310,100;TR-03_1-074-W;NO;1;-4,520;5,040;296,300;TR-04_1-107-E;NO;1
414;SJ;TR-03_1-074;2TTx64;-2,301;2,456;3,366;313,100;TR-03_1-075-W;NO;1;-2,698;3,546;310,500;TR-03_1-073-E;NO;1
415;SJ;TR-03_1-075;2TTx64;-2,658;2,826;3,880;313,200;TR-03_1-076-W;NO;1;-2,589;3,711;315,800;TR-03_1-074-E;NO;1
416;SJ;TR-03_1-076;2TTx64;-2,588;-0,663;2,672;14,400;TR-03_1-077-W;NO;1;0,024;2,588;0,500;TR-03_1-075-E;NO;1
417;SJ;TR-03_1-077;2TTx64;-2,701;2,230;3,502;320,500;TR-03_1-078-W;NO;1;0,917;2,852;18,800;TR-03_1-076-E;NO;1
418;SJ;TR-03_1-078;2TTx64;-2,185;4,400;4,913;296,400;TR-03_1-079-W;NO;1;-2,655;3,439;309,500;TR-03_1-077-E;NO;1
419;SJ;TR-03_1-079;2TTx64;-1,832;0,899;2,041;333,900;TR-03_1-080-W;NO;1;-3,440;3,898;298,000;TR-03_1-078-E;NO;1
420;SJ;TR-03_1-080;2TTx64;-1,844;1,093;2,144;329,300;TR-03_1-081-W;NO;1;-4,776;5,120;291,100;TR-03_1-079-E;NO;1
421;SJ;TR-03_1-081;2TTx64;-1,140;-0,173;1,153;8,600;TR-03_1-082-W;NO;1;-2,373;2,633;295,700;TR-03_1-080-E;NO;1
422;SJ;TR-03_1-082;2TTx64;-0,314;0,545;0,629;300,000;TR-03_1-083-W;NO;1;-0,612;0,688;297,200;TR-03_1-081-E;NO;1
423;SJ;TR-03_1-083;2TTx64;0,022;0,236;0,237;264,700;TR-03_1-084-W;NO;1;-1,009;1,009;268,800;TR-03_1-082-E;NO;1
424;SJ;TR-03_1-084;2TTx64;0,241;2,007;2,021;263,100;TR-03_1-085-W;NO;1;-2,924;2,934;265,300;TR-03_1-083-E;NO;1
425;SJ;TR-03_1-085;2TTx64;-0,047;2,577;2,577;271,000;TR-03_1-086-W;NO;1;-1,752;1,753;271,500;TR-03_1-084-E;NO;1
426;SJ;TR-03_1-086;2TTx64;-0,122;1,577;1,582;274,400;TR-03_1-087-W;NO;1;-2,650;2,653;272,600;TR-03_1-085-E;NO;1
427;SJ;TR-03_1-087;2TTx64;-0,404;1,703;1,750;283,300;TR-03_1-088-W;NO;1;-1,926;1,968;281,800;TR-03_1-086-E;NO;1
428;SJ;TR-03_1-088;2TTx64;-0,657;3,950;4,004;279,400;TR-03_1-089-W;NO;1;-3,789;3,846;279,800;TR-03_1-087-E;NO;1
429;SJ;TR-03_1-089;2TTx64;-1,740;4,433;4,762;291,400;;NO;0;-3,599;3,998;295,800;TR-03_1-088-E;NO;1
430;SJ;TR-03_1-090;2TTx64;-0,696;4,289;4,345;279,200;TR-03_1-091-W;NO;1;-3,966;4,027;279,900;TR-04_1-124-E;NO;1
431;SJ;TR-03_1-091;2TTx64;-0,589;2,938;2,997;281,300;TR-03_1-092-W;NO;1;-3,884;3,928;278,600;TR-03_1-090-E;NO;1
432;SJ;TR-03_1-092;2TTx64;-0,422;3,448;3,474;277,000;TR-03_1-093-W;NO;1;-2,908;2,938;278,300;TR-03_1-091-E;NO;1
433;SJ;TR-03_1-093;2TTx64;-0,310;1,129;1,171;285,400;TR-03_1-094-W;NO;1;-1,524;1,555;281,500;TR-03_1-092-E;NO;1
434;SJ;TR-03_1-094;2TTx64;-0,608;-0,475;0,772;38,000;TR-03_1-095-W;NO;1;-0,907;1,092;303,800;TR-03_1-093-E;NO;1
435;SJ;TR-03_1-095;2TTx64;-1,117;2,201;2,468;296,900;TR-03_1-096-W;NO;1;0,760;1,351;34,200;TR-03_1-094-E;NO;1
436;SJ;TR-03_1-096;2TTx64;-1,073;2,526;2,744;293,000;TR-03_1-097-W;NO;1;-1,222;1,626;311,300;TR-03_1-095-E;NO;1
437;SJ;TR-03_1-097;2TTx64;-1,163;3,714;3,892;287,400;TR-03_1-098-W;NO;1;-2,287;2,566;296,900;TR-03_1-096-E;NO;1
438;SJ;TR-03_1-098;2TTx64;-1,690;0,393;1,735;346,900;TR-03_1-099-W;NO;1;-4,544;4,848;290,400;TR-03_1-097-E;NO;1
439;SJ;TR-03_1-099;2TTx64;-2,868;2,098;3,554;323,800;TR-03_1-100-W;NO;1;-0,895;3,005;342,700;TR-03_1-098-E;NO;1
440;SJ;TR-03_1-100;2TTx64;-3,470;0,129;3,473;357,900;TR-03_1-101-W;NO;1;-1,520;3,789;336,300;TR-03_1-099-E;NO;1
441;SJ;TR-03_1-101;2TTx64;-3,722;2,618;4,550;324,900;TR-03_1-102-W;NO;1;-4,444;5,796;309,900;TR-03_1-100-E;NO;1
442;SJ;TR-03_1-102;2TTx64;-3,774;3,801;5,356;314,800;;NO;0;-2,272;4,405;329,000;TR-03_1-101-E;NO;1
443;SJ;TR-03_1-103;2TTx64;-0,564;3,807;3,849;278,400;TR-03_1-104-W;NO;1;;;;;;
444;SJ;TR-03_1-104;2TTx64;0,116;4,115;4,117;268,400;TR-03_1-105-W;NO;1;-2,979;2,981;267,800;TR-03_1-103-E;NO;1
445;SJ;TR-03_1-105;2TTx64;0,532;2,436;2,494;257,700;TR-03_1-106-W;NO;1;-4,296;4,329;262,900;TR-03_1-104-E;NO;1
446;SJ;TR-03_1-106;2TTx64;0,864;4,739;4,817;259,700;TR-03_1-107-W;NO;1;-2,300;2,457;249,400;TR-03_1-105-E;NO;1
447;SJ;TR-03_1-107;2TTx64;0,970;2,401;2,589;248,000;TR-03_1-108-W;NO;1;-4,205;4,315;257,000;TR-03_1-106-E;NO;1
448;SJ;TR-03_1-108;2TTx64;0,738;2,934;3,025;255,900;TR-03_1-109-W;NO;1;-2,351;2,464;252,600;TR-03_1-107-E;NO;1
449;SJ;TR-03_1-109;2TTx64;0,320;1,547;1,580;258,300;TR-03_1-110-W;NO;1;-4,009;4,022;265,400;TR-03_1-108-E;NO;1
450;SJ;TR-03_1-110;2TTx64;0,082;3,603;3,604;268,700;TR-03_1-111-W;NO;1;-2,087;2,089;267,800;TR-03_1-109-E;NO;1
451;SJ;TR-03_1-111;2TTx64;0,010;3,087;3,087;269,800;TR-03_1-112-W;NO;1;-3,708;3,708;269,800;TR-03_1-110-E;NO;1
452;SJ;TR-03_1-112;2TTx64;-0,617;3,257;3,315;280,700;TR-03_1-113-W;NO;1;-3,612;3,664;279,700;TR-03_1-111-E;NO;1
453;SJ;TR-03_1-113;2TTx64;-1,250;3,305;3,534;290,700;TR-03_1-114-W;NO;1;-2,981;3,232;292,800;TR-03_1-112-E;NO;1
454;SJ;TR-03_1-114;2TTx64;-1,536;6,042;6,234;284,300;TR-03_1-115-W;NO;1;-3,387;3,719;294,400;TR-03_1-113-E;NO;1
455;SJ;TR-03_1-115;2TTx64;-2,410;3,963;4,638;301,300;TR-03_1-116-W;NO;1;-5,923;6,395;292,100;TR-03_1-114-E;NO;1
456;SJ;TR-03_1-116;2TTx64;-2,145;6,174;6,536;289,200;TR-03_1-117-W;NO;1;-4,394;4,890;296,000;TR-03_1-115-E;NO;1
457;SJ;TR-03_1-117;2TTx64;-2,018;1,963;2,815;315,800;;NO;0;-4,370;4,814;294,800;TR-03_1-116-E;NO;1
458;SJ;TR-03_1-118;2TTx64;-1,278;4,648;4,821;285,400;TR-03_1-119-W;NO;1;;;;;;
459;SJ;TR-03_1-119;2TTx64;-0,671;6,241;6,277;276,100;TR-03_1-120-W;NO;1;-3,675;3,736;280,400;TR-03_1-118-E;NO;1
460;SJ;TR-03_1-120;2TTx64;-0,526;2,198;2,260;283,500;TR-03_1-121-W;NO;1;-5,810;5,834;275,200;TR-03_1-119-E;NO;1
461;SJ;TR-03_1-121;2TTx64;-0,161;2,933;2,937;273,100;TR-03_1-122-W;NO;1;-2,350;2,355;273,900;TR-03_1-120-E;NO;1
462;SJ;TR-03_1-122;2TTx64;0,413;3,896;3,918;263,900;TR-03_1-123-W;NO;1;-2,953;2,982;262,000;TR-03_1-121-E;NO;1
463;SJ;TR-03_1-123;2TTx64;1,140;4,345;4,492;255,300;TR-03_1-124-W;NO;1;-3,512;3,692;252,000;TR-03_1-122-E;NO;1
464;SJ;TR-03_1-124;2TTx64;1,605;5,001;5,252;252,200;;NO;0;-4,305;4,595;249,600;TR-03_1-123-E;NO;1
465;SJ;TR-03_2-001;2TTx64;0,219;2,091;2,102;264,000;;NO;0;-4,212;4,218;267,000;TR-06_1-013-E;NO;1
466;SJ;TR-03_2-002;2TTx64;-1,762;1,086;2,070;328,400;TR-03_2-003-W;NO;1;-1,617;2,392;317,500;TR-06_1-026-E;NO;1
467;SJ;TR-03_2-003;2TTx64;-2,539;242,064;242,077;270,600;TR-03_2-004-W;NO;1;-1,052;2,748;337,500;TR-03_2-002-E;NO;1
468;SJ;TR-03_2-004;2TTx64;-2,592;-352,195;352,205;89,600;TR-03_2-005-W;NO;1;-360,361;360,370;270,400;TR-03_2-003-E;NO;1
469;SJ;TR-03_2-005;2TTx64;-2,013;0,153;2,019;355,700;TR-03_2-006-W;NO;1;81,105;81,130;88,600;TR-03_2-004-E;NO;1
470;SJ;TR-03_2-006;2TTx64;-2,466;3,933;4,642;302,100;TR-03_2-007-W;NO;1;-0,322;2,487;352,600;TR-03_2-005-E;NO;1
471;SJ;TR-03_2-007;2TTx64;-2,386;7,701;8,062;287,200;TR-03_2-008-W;NO;1;-2,728;3,624;311,200;TR-03_2-006-E;NO;1
472;SJ;TR-03_2-008;2TTx64;-2,176;3,599;4,206;301,200;;NO;0;-6,927;7,261;287,400;TR-03_2-007-E;NO;1
473;SJ;TR-03_2-009;2TTx64;-1,440;2,051;2,506;305,100;TR-03_2-010-W;NO;1;-2,302;2,715;302,000;TR-06_1-044-E;NO;1
474;SJ;TR-03_2-010;2TTx64;-0,825;4,717;4,789;279,900;TR-03_2-011-W;NO;1;-2,491;2,624;288,300;TR-03_2-009-E;NO;1
475;SJ;TR-03_2-011;2TTx64;-0,633;2,813;2,883;282,700;TR-03_2-012-W;NO;1;-4,294;4,340;278,400;TR-03_2-010-E;NO;1
476;SJ;TR-03_2-012;2TTx64;-0,336;-0,912;0,972;69,800;TR-03_2-013-W;NO;1;-2,839;2,859;276,800;TR-03_2-011-E;NO;1
477;SJ;TR-03_2-013;2TTx64;-0,608;3,585;3,636;279,600;TR-03_2-014-W;NO;1;-2,272;2,352;285,000;TR-03_2-012-E;NO;1
478;SJ;TR-03_2-014;2TTx64;-0,588;4,277;4,317;277,800;TR-03_2-015-W;NO;1;-3,675;3,722;279,100;TR-03_2-013-E;NO;1
479;SJ;TR-03_2-015;2TTx64;-0,165;2,065;2,072;274,600;;NO;0;-3,512;3,516;272,700;TR-03_2-014-E;NO;1
480;SJ;TR-03_2-016;2TTx64;0,339;2,898;2,918;263,300;TR-03_2-017-W;NO;1;-2,065;2,093;260,700;;NO;0
481;SJ;TR-03_2-017;2TTx64;0,985;1,875;2,118;242,300;TR-03_2-018-W;NO;1;-0,989;1,396;225,100;TR-03_2-016-E;NO;1
482;SJ;TR-03_2-018;2TTx64;1,135;1,862;2,181;238,600;TR-03_2-019-W;NO;1;-0,232;1,158;191,600;TR-03_2-017-E;NO;1
483;SJ;TR-03_2-019;2TTx64;1,402;2,176;2,588;237,200;TR-03_2-020-W;NO;1;-2,141;2,559;236,800;TR-03_2-018-E;NO;1
484;SJ;TR-03_2-020;2TTx64;1,772;1,429;2,276;218,900;TR-03_2-021-W;NO;1;-2,438;3,014;234,000;TR-03_2-019-E;NO;1
485;SJ;TR-03_2-021;2TTx64;1,915;-2,063;2,815;132,900;TR-03_2-022-W;NO;1;1,676;2,545;138,800;TR-03_2-020-E;NO;1
486;SJ;TR-03_2-022;2TTx64;0,403;0,601;0,723;236,200;TR-03_2-023-W;NO;1;1,644;1,693;103,800;TR-03_2-021-E;NO;1
487;SJ;TR-03_2-023;2TTx64;0,345;6,502;6,511;267,000;TR-03_2-024-W;NO;1;-1,455;1,495;256,700;TR-03_2-022-E;NO;1
488;SJ;TR-03_2-024;2TTx64;1,172;4,262;4,420;254,600;TR-03_2-025-W;NO;1;-5,357;5,484;257,700;TR-03_2-023-E;NO;1
489;SJ;TR-03_2-025;2TTx64;1,800;7,803;8,008;257,000;TR-03_2-026-W;NO;1;-3,248;3,714;241,000;TR-03_2-024-E;NO;1
490;SJ;TR-03_2-026;2TTx64;3,382;5,610;6,551;238,900;TR-03_2-027-W;NO;1;-7,892;8,586;246,800;TR-03_2-025-E;NO;1
491;SJ;TR-03_2-027;2TTx64;4,797;8,072;9,390;239,300;TR-03_2-028-W;NO;1;-4,818;6,799;225,100;TR-03_2-026-E;NO;1
492;SJ;TR-03_2-028;2TTx64;6,796;3,172;7,500;205,000;TR-05_2-011-W;NO;1;-6,904;9,687;225,500;TR-03_2-027-E;NO;1
493;SJ;TR-03_2-029;2TTx64;0,105;4,739;4,740;268,700;TR-03_2-030-W;NO;1;-1,029;1,034;264,200;TR-06_1-062-E;NO;1
494;SJ;TR-03_2-030;2TTx64;-0,512;3,826;3,860;277,600;TR-03_2-031-W;NO;1;-4,230;4,261;276,900;TR-03_2-029-E;NO;1
495;SJ;TR-03_2-031;2TTx64;-0,774;3,357;3,445;283,000;TR-03_2-032-W;NO;1;-3,544;3,628;282,300;TR-03_2-030-E;NO;1
496;SJ;TR-03_2-032;2TTx64;-1,449;2,065;2,523;305,100;TR-03_2-033-W;NO;1;-3,069;3,394;295,300;TR-03_2-031-E;NO;1
497;SJ;TR-03_2-033;2TTx64;-0,864;1,416;1,659;301,400;TR-03_2-034-W;NO;1;0,327;0,924;20,700;TR-03_2-032-E;NO;1
498;SJ;TR-03_2-034;2TTx64;-0,742;2,203;2,325;288,600;TR-03_2-035-W;NO;1;-1,023;1,264;306,000;TR-03_2-033-E;NO;1
499;SJ;TR-03_2-035;2TTx64;-0,454;2,580;2,620;280,000;TR-03_2-036-W;NO;1;-1,614;1,677;285,700;TR-03_2-034-E;NO;1
500;SJ;TR-03_2-036;2TTx64;-0,670;2,022;2,130;288,300;TR-03_2-037-W;NO;1;-2,337;2,431;286,000;TR-03_2-035-E;NO;1
501;SJ;TR-03_2-037;2TTx64;-1,197;2,695;2,949;293,900;TR-03_2-038-W;NO;1;-3,070;3,295;291,300;TR-03_2-036-E;NO;1
502;SJ;TR-03_2-038;2TTx64;-1,605;1,906;2,492;310,100;TR-03_2-039-W;NO;1;-1,821;2,427;311,400;TR-03_2-037-E;NO;1
503;SJ;TR-03_2-039;2TTx64;-0,980;1,723;1,982;299,600;TR-03_2-040-W;NO;1;-0,814;1,274;320,300;TR-03_2-038-E;NO;1
504;SJ;TR-03_2-040;2TTx64;-1,074;1,414;1,776;307,200;TR-03_2-041-W;NO;1;-1,733;2,039;301,800;TR-03_2-039-E;NO;1
505;SJ;TR-03_2-041;2TTx64;-1,825;2,391;3,008;307,300;TR-03_2-042-W;NO;1;-2,284;2,923;308,600;TR-03_2-040-E;NO;1
506;SJ;TR-03_2-042;2TTx64;-1,934;1,959;2,753;314,600;TR-03_2-043-W;NO;1;-2,359;3,051;309,400;TR-03_2-041-E;NO;1
507;SJ;TR-03_2-043;2TTx64;-2,064;-0,781;2,206;20,700;TR-03_2-044-W;NO;1;-2,364;3,138;311,100;TR-03_2-042-E;NO;1
508;SJ;TR-03_2-044;2TTx64;-2,076;1,956;2,852;316,700;TR-03_2-045-W;NO;1;1,549;2,590;36,700;TR-03_2-043-E;NO;1
509;SJ;TR-03_2-045;2TTx64;-2,159;2,865;3,587;307,000;TR-03_2-046-W;NO;1;-4,401;4,902;296,100;TR-03_2-044-E;NO;1
510;SJ;TR-03_2-046;2TTx64;-1,803;4,765;5,095;290,700;TR-03_2-047-W;NO;1;-1,893;2,614;313,600;TR-03_2-045-E;NO;1
511;SJ;TR-03_2-047;2TTx64;-1,375;0,249;1,398;349,700;TR-03_2-048-W;NO;1;-3,544;3,802;291,200;TR-03_2-046-E;NO;1
512;SJ;TR-03_2-048;2TTx64;-1,437;0,529;1,531;339,800;TR-05_2-025-W;NO;1;-1,442;2,036;314,900;TR-03_2-047-E;NO;1
513;SJ;TR-03_2-049;2TTx64;1,083;0,799;1,346;216,400;TR-03_2-050-W;NO;1;-3,475;3,640;252,700;TR-06_1-079-E;NO;1
514;SJ;TR-03_2-050;2TTx64;-0,832;0,887;1,216;313,200;TR-03_2-051-W;NO;1;-0,312;0,889;339,400;TR-03_2-049-E;NO;1
515;SJ;TR-03_2-051;2TTx64;-0,924;2,069;2,266;294,100;TR-03_2-052-W;NO;1;-0,143;0,935;351,200;TR-03_2-050-E;NO;1
516;SJ;TR-03_2-052;2TTx64;-0,532;0,756;0,924;305,100;TR-03_2-053-W;NO;1;-0,683;0,866;307,900;TR-03_2-051-E;NO;1
517;SJ;TR-03_2-053;2TTx64;-0,684;0,414;0,799;328,800;TR-03_2-054-W;NO;1;-3,824;3,885;280,100;TR-03_2-052-E;NO;1
518;SJ;TR-03_2-054;2TTx64;-0,397;4,524;4,541;275,000;TR-03_2-055-W;NO;1;-0,368;0,541;317,200;TR-03_2-053-E;NO;1
519;SJ;TR-03_2-055;2TTx64;-0,538;4,472;4,504;276,900;TR-03_2-056-W;NO;1;-5,389;5,416;275,700;TR-03_2-054-E;NO;1
520;SJ;TR-03_2-056;2TTx64;0,251;2,636;2,648;264,600;TR-03_2-057-W;NO;1;-4,696;4,703;266,900;TR-03_2-055-E;NO;1
521;SJ;TR-03_2-057;2TTx64;-0,116;0,924;0,931;277,200;;NO;0;-6,291;6,292;271,100;TR-03_2-056-E;NO;1
522;SJ;TR-03_2-060;2TTx64;0,773;1,354;1,559;240,300;TR-03_2-061-W;NO;1;;;;;;
523;SJ;TR-03_2-061;2TTx64;0,713;3,219;3,297;257,500;;NO;0;-1,354;1,530;242,200;TR-03_2-060-E;NO;1
524;SJ;TR-03_2-062;2TTx64;0,309;2,046;2,069;261,400;TR-03_2-063-W;NO;1;-4,301;4,312;265,900;;NO;0
525;SJ;TR-03_2-063;2TTx64;0,058;1,957;1,958;268,300;;NO;0;-3,253;3,254;269,000;TR-03_2-062-E;NO;1
526;SJ;TR-03_2-064;2TTx64;0,351;1,468;1,509;256,500;TR-03_2-065-W;NO;1;-1,957;1,988;259,800;;NO;0
527;SJ;TR-03_2-065;2TTx64;0,411;1,900;1,944;257,800;TR-03_2-066-W;NO;1;-1,577;1,630;255,400;TR-03_2-064-E;NO;1
528;SJ;TR-03_2-066;2TTx64;0,053;2,174;2,175;268,600;TR-03_2-067-W;NO;1;-2,561;2,562;268,800;TR-03_2-065-E;NO;1
529;SJ;TR-03_2-067;2TTx64;-0,338;3,205;3,223;276,000;TR-03_2-068-W;NO;1;-2,070;2,097;279,300;TR-03_2-066-E;NO;1
530;SJ;TR-03_2-068;2TTx64;-0,095;1,754;1,757;273,100;TR-05_2-052-W;NO;1;-3,436;3,437;271,600;TR-03_2-067-E;NO;1
531;SJ;TR-03_2-069;2TTx64;-3,210;1,820;3,690;330,400;TR-03_2-070-W;NO;1;-4,833;5,802;303,600;TR-06_1-096-E;NO;1
532;SJ;TR-03_2-070;2TTx64;-2,719;2,145;3,464;321,700;TR-03_2-071-W;NO;1;-1,501;3,106;331,100;TR-03_2-069-E;NO;1
533;SJ;TR-03_2-071;2TTx64;-2,912;1,808;3,427;328,200;TR-03_2-072-W;NO;1;-0,331;2,930;353,500;TR-03_2-070-E;NO;1
534;SJ;TR-03_2-072;2TTx64;-2,683;4,242;5,019;302,300;TR-03_2-073-W;NO;1;-0,637;2,757;346,600;TR-03_2-071-E;NO;1
535;SJ;TR-03_2-073;2TTx64;-2,161;-0,174;2,168;4,600;TR-03_2-074-W;NO;1;0,746;2,286;19,000;TR-03_2-072-E;NO;1
536;SJ;TR-03_2-074;2TTx64;-2,181;1,366;2,574;327,900;TR-03_2-075-W;NO;1;-0,134;2,185;356,500;TR-03_2-073-E;NO;1
537;SJ;TR-03_2-075;2TTx64;-1,067;1,700;2,007;302,100;TR-03_2-076-W;NO;1;-2,430;2,654;293,700;TR-03_2-074-E;NO;1
538;SJ;TR-03_2-076;2TTx64;-1,360;;;;;;;-1,666;2,150;309,200;TR-03_2-075-E;NO;1
539;SJ;TR-03_2-077;2TTx64;-0,666;2,118;2,220;287,500;;NO;0;;;;;;
540;SJ;TR-03_2-078;2TTx64;-1,413;1,002;1,732;324,700;TR-03_2-079-W;NO;1;-1,536;2,087;312,600;;NO;0
541;SJ;TR-03_2-079;2TTx64;-0,748;0,650;0,991;319,000;TR-03_2-080-W;NO;1;-1,002;1,251;306,800;TR-03_2-078-E;NO;1
542;SJ;TR-03_2-080;2TTx64;-0,754;1,551;1,725;295,900;TR-03_2-081-W;NO;1;-1,537;1,712;296,100;TR-03_2-079-E;NO;1
543;SJ;TR-03_2-081;2TTx64;-0,161;2,684;2,689;273,400;TR-03_2-082-W;NO;1;-3,227;3,231;272,900;TR-03_2-080-E;NO;1
544;SJ;TR-03_2-082;2TTx64;0,055;1,161;1,162;267,300;TR-03_2-083-W;NO;1;-4,048;4,048;269,200;TR-03_2-081-E;NO;1
545;SJ;TR-03_2-083;2TTx64;0,286;2,349;2,366;263,100;TR-03_2-084-W;NO;1;-2,126;2,145;262,300;TR-03_2-082-E;NO;1
546;SJ;TR-03_2-084;2TTx64;-0,288;2,839;2,854;275,800;TR-03_2-085-W;NO;1;-0,874;0,920;288,200;TR-03_2-083-E;NO;1
547;SJ;TR-03_2-085;2TTx64;-0,622;8,020;8,044;274,400;TR-03_2-086-W;NO;1;-1,550;1,670;291,900;TR-03_2-084-E;NO;1
548;SJ;TR-03_2-086;2TTx64;-1,810;3,634;4,060;296,500;;NO;0;-6,236;6,493;286,200;TR-03_2-085-E;NO;1
549;SJ;TR-03_2-087;2TTx64;-1,159;-0,047;1,160;2,300;TR-03_2-088-W;NO;1;-3,634;3,814;287,700;;NO;0
550;SJ;TR-03_2-088;2TTx64;-1,309;2,214;2,572;300,600;TR-05_2-067-W;NO;1;0,174;1,321;7,600;TR-03_2-087-E;NO;1
551;SJ;TR-03_2-089;2TTx64;2,781;-0,000;2,781;180,000;TR-03_2-090-W;NO;1;-5,255;5,945;242,100;TR-06_1-113-E;NO;1
552;SJ;TR-03_2-090;2TTx64;3,005;2,231;3,743;216,600;TR-03_2-091-W;NO;1;0,042;3,005;179,200;TR-03_2-089-E;NO;1
553;SJ;TR-03_2-091;2TTx64;2,738;1,442;3,095;207,800;TR-03_2-092-W;NO;1;-1,726;3,237;212,200;TR-03_2-090-E;NO;1
554;SJ;TR-03_2-092;2TTx64;2,535;2,222;3,371;221,200;TR-03_2-093-W;NO;1;-1,032;2,737;202,200;TR-03_2-091-E;NO;1
555;SJ;TR-03_2-093;2TTx64;1,749;0,411;1,797;193,200;TR-03_2-094-W;NO;1;-0,708;1,887;202,000;TR-03_2-092-E;NO;1
556;SJ;TR-03_2-094;2TTx64;1,606;2,630;3,081;238,600;TR-03_2-095-W;NO;1;0,336;1,640;168,200;TR-03_2-093-E;NO;1
557;SJ;TR-03_2-095;2TTx64;1,164;2,050;2,358;240,400;TR-03_2-096-W;NO;1;-2,727;2,965;246,900;TR-03_2-094-E;NO;1
558;SJ;TR-03_2-096;2TTx64;0,674;0,522;0,853;217,800;TR-03_2-097-W;NO;1;-1,726;1,853;248,700;TR-03_2-095-E;NO;1
559;SJ;TR-03_2-097;2TTx64;0,415;3,355;3,381;262,900;TR-03_2-098-W;NO;1;-1,205;1,275;251,000;TR-03_2-096-E;NO;1
560;SJ;TR-03_2-098;2TTx64;0,418;0,233;0,478;209,100;TR-03_2-099-W;NO;1;-4,282;4,302;264,400;TR-03_2-097-E;NO;1
561;SJ;TR-03_2-099;2TTx64;0,205;0,843;0,868;256,300;TR-03_2-100-W;NO;1;0,019;0,206;174,700;TR-03_2-098-E;NO;1
562;SJ;TR-03_2-100;2TTx64;0,013;2,650;2,650;269,700;TR-03_2-101-W;NO;1;-1,161;1,161;269,300;TR-03_2-099-E;NO;1
563;SJ;TR-03_2-101;2TTx64;-0,226;2,207;2,219;275,800;TR-03_2-102-W;NO;1;-2,872;2,881;274,500;TR-03_2-100-E;NO;1
564;SJ;TR-03_2-102;2TTx64;-0,306;1,164;1,203;284,700;TR-03_2-103-W;NO;1;-2,371;2,391;277,300;TR-03_2-101-E;NO;1
565;SJ;TR-03_2-103;2TTx64;-0,346;3,180;3,199;276,200;TR-03_2-104-W;NO;1;-1,478;1,518;283,200;TR-03_2-102-E;NO;1
566;SJ;TR-03_2-104;2TTx64;-0,475;3,403;3,436;277,900;TR-03_2-105-W;NO;1;-3,227;3,262;278,400;TR-03_2-103-E;NO;1
567;SJ;TR-03_2-105;2TTx64;0,332;4,466;4,478;265,800;TR-03_2-106-W;NO;1;-4,444;4,456;265,700;TR-03_2-104-E;NO;1
568;SJ;TR-03_2-106;2TTx64;0,738;3,092;3,179;256,600;TR-03_2-107-W;NO;1;-5,116;5,169;261,800;TR-03_2-105-E;NO;1
569;SJ;TR-03_2-107;2TTx64;-0,090;3,335;3,336;271,500;;NO;0;-3,204;3,205;271,600;TR-03_2-106-E;NO;1
570;SJ;TR-03_2-108;2TTx64;-0,335;2,973;2,992;276,400;TR-05_2-070-W;NO;1;-3,419;3,435;275,600;;NO;0
571;SJ;TR-03_2-109;2TTx64;-0,861;0,664;1,088;322,400;TR-03_2-110-W;NO;1;;;;;;
572;SJ;TR-03_2-110;2TTx64;-0,380;-1,134;1,196;71,500;TR-03_2-111-W;NO;1;-3,594;3,614;276,000;TR-03_2-109-E;NO;1
573;SJ;TR-03_2-111;2TTx64;-0,336;2,147;2,173;278,900;TR-03_2-112-W;NO;1;-0,152;0,369;335,700;TR-03_2-110-E;NO;1
574;SJ;TR-03_2-112;2TTx64;-0,543;3,773;3,812;278,200;TR-03_2-113-W;NO;1;-2,291;2,354;283,300;TR-03_2-111-E;NO;1
575;SJ;TR-03_2-113;2TTx64;-0,486;2,882;2,923;279,600;TR-03_2-114-W;NO;1;-1,008;1,119;295,800;TR-03_2-112-E;NO;1
576;SJ;TR-03_2-114;2TTx64;-0,454;2,640;2,679;279,800;TR-03_2-115-W;NO;1;-2,764;2,801;279,300;TR-03_2-113-E;NO;1
577;SJ;TR-03_2-115;2TTx64;-0,444;2,862;2,896;278,800;TR-03_2-116-W;NO;1;-3,257;3,287;277,800;TR-03_2-114-E;NO;1
578;SJ;TR-03_2-116;2TTx64;-0,344;2,278;2,304;278,600;TR-03_2-117-W;NO;1;-2,945;2,965;276,700;TR-03_2-115-E;NO;1
579;SJ;TR-03_2-117;2TTx64;-0,206;1,372;1,387;278,500;TR-03_2-118-W;NO;1;-2,156;2,166;275,500;TR-03_2-116-E;NO;1
580;SJ;TR-03_2-118;2TTx64;0,041;4,716;4,716;269,500;TR-03_2-119-W;NO;1;-3,540;3,540;269,300;TR-03_2-117-E;NO;1
581;SJ;TR-03_2-119;2TTx64;0,471;1,990;2,045;256,700;TR-03_2-120-W;NO;1;-4,398;4,423;263,900;TR-03_2-118-E;NO;1
582;SJ;TR-03_2-120;2TTx64;0,638;3,662;3,717;260,100;TR-05_2-084-W;NO;1;-2,156;2,248;253,500;TR-03_2-119-E;NO;1
583;SJ;TR-04_1-001;2TTx64;-1,241;2,939;3,190;292,900;TR-04_1-002-W;NO;1;-2,798;3,061;293,900;TR-04_2-017-E;NO;1
584;SJ;TR-04_1-002;2TTx64;-0,981;3,468;3,604;285,800;TR-04_1-003-W;NO;1;-2,810;2,976;289,200;TR-04_1-001-E;NO;1
585;SJ;TR-04_1-003;2TTx64;-0,647;1,689;1,809;291,000;TR-04_1-004-W;NO;1;-3,188;3,253;281,500;TR-04_1-002-E;NO;1
586;SJ;TR-04_1-004;2TTx64;-0,766;3,824;3,900;281,300;TR-04_1-005-W;NO;1;-3,025;3,120;284,200;TR-04_1-003-E;NO;1
587;SJ;TR-04_1-005;2TTx64;-0,589;3,249;3,302;280,300;TR-04_1-006-W;NO;1;-4,387;4,426;277,700;TR-04_1-004-E;NO;1
588;SJ;TR-04_1-006;2TTx64;-0,642;1,987;2,088;287,900;TR-04_1-007-W;NO;1;-3,277;3,339;281,100;TR-04_1-005-E;NO;1
589;SJ;TR-04_1-007;2TTx64;-0,526;0,997;1,127;297,800;TR-04_1-008-W;NO;1;-2,518;2,572;281,800;TR-04_1-006-E;NO;1
590;SJ;TR-04_1-008;2TTx64;-0,871;3,179;3,296;285,300;TR-04_1-009-W;NO;1;0,083;0,875;5,400;TR-04_1-007-E;NO;1
591;SJ;TR-04_1-009;2TTx64;0,115;1,652;1,656;266,000;;NO;0;-3,692;3,694;268,200;TR-04_1-008-E;NO;1
592;SJ;TR-04_1-010;2TTx64;0,285;2,575;2,591;263,700;TR-04_1-011-W;NO;1;-2,531;2,547;263,600;TR-04_2-034-E;NO;1
593;SJ;TR-04_1-011;2TTx64;0,390;5,329;5,343;265,800;TR-04_1-012-W;NO;1;-2,599;2,628;261,500;TR-04_1-010-E;NO;1
594;SJ;TR-04_1-012;2TTx64;-0,043;2,369;2,369;271,000;TR-04_1-013-W;NO;1;-4,364;4,364;270,600;TR-04_1-011-E;NO;1
595;SJ;TR-04_1-013;2TTx64;-0,176;2,614;2,620;273,900;TR-04_1-014-W;NO;1;-3,479;3,483;272,900;TR-04_1-012-E;NO;1
596;SJ;TR-04_1-014;2TTx64;-0,306;2,340;2,360;277,500;TR-04_1-015-W;NO;1;-3,279;3,293;275,300;TR-04_1-013-E;NO;1
597;SJ;TR-04_1-015;2TTx64;-0,212;3,764;3,770;273,200;TR-04_1-016-W;NO;1;-3,167;3,174;273,800;TR-04_1-014-E;NO;1
598;SJ;TR-04_1-016;2TTx64;-0,412;1,082;1,158;290,800;TR-04_1-017-W;NO;1;-2,996;3,024;277,800;TR-04_1-015-E;NO;1
599;SJ;TR-04_1-017;2TTx64;-0,232;0,532;0,580;293,500;TR-04_1-018-W;NO;1;-6,811;6,815;271,900;TR-04_1-016-E;NO;1
600;SJ;TR-04_1-018;2TTx64;-0,303;-1,476;1,507;78,400;TR-04_1-019-W;NO;1;-1,875;1,899;279,200;TR-04_1-017-E;NO;1
601;SJ;TR-04_1-019;2TTx64;-0,555;2,599;2,658;282,100;TR-04_1-020-W;NO;1;0,799;0,973;55,200;TR-04_1-018-E;NO;1
602;SJ;TR-04_1-020;2TTx64;-0,820;2,774;2,893;286,500;TR-04_1-021-W;NO;1;-1,485;1,696;298,900;TR-04_1-019-E;NO;1
603;SJ;TR-04_1-021;2TTx64;-0,850;3,776;3,871;282,700;TR-04_1-022-W;NO;1;-4,897;4,970;279,800;TR-04_1-020-E;NO;1
604;SJ;TR-04_1-022;2TTx64;-1,194;3,355;3,561;289,600;TR-04_1-023-W;NO;1;-3,549;3,745;288,600;TR-04_1-021-E;NO;1
605;SJ;TR-04_1-023;2TTx64;-1,535;1,698;2,289;312,100;TR-04_1-024-W;NO;1;-2,582;3,004;300,700;TR-04_1-022-E;NO;1
606;SJ;TR-04_1-024;2TTx64;-1,418;2,659;3,014;298,100;;NO;0;-1,882;2,357;307,000;TR-04_1-023-E;NO;1
607;SJ;TR-04_1-025;2TTx64;0,189;1,809;1,819;264,000;TR-04_1-026-W;NO;1;-1,388;1,401;262,300;TR-04_2-051-E;NO;1
608;SJ;TR-04_1-026;2TTx64;0,248;4,238;4,245;266,700;TR-04_1-027-W;NO;1;-1,633;1,652;261,400;TR-04_1-025-E;NO;1
609;SJ;TR-04_1-027;2TTx64;0,087;2,888;2,889;268,300;TR-04_1-028-W;NO;1;-4,174;4,175;268,800;TR-04_1-026-E;NO;1
610;SJ;TR-04_1-028;2TTx64;-0,037;3,298;3,298;270,600;TR-04_1-029-W;NO;1;-5,672;5,672;270,400;TR-04_1-027-E;NO;1
611;SJ;TR-04_1-029;2TTx64;0,270;0,586;0,645;245,300;TR-04_1-030-W;NO;1;-4,843;4,851;266,800;TR-04_1-028-E;NO;1
612;SJ;TR-04_1-030;2TTx64;-0,064;4,915;4,915;270,800;TR-04_1-031-W;NO;1;-1,673;1,674;272,200;TR-04_1-029-E;NO;1
613;SJ;TR-04_1-031;2TTx64;-0,086;1,866;1,868;272,600;TR-04_1-032-W;NO;1;-3,786;3,787;271,300;TR-04_1-030-E;NO;1
614;SJ;TR-04_1-032;2TTx64;0,019;1,403;1,403;269,200;TR-04_1-033-W;NO;1;-4,843;4,843;269,800;TR-04_1-031-E;NO;1
615;SJ;TR-04_1-033;2TTx64;-0,219;1,556;1,571;278,000;TR-04_1-034-W;NO;1;-2,251;2,262;275,600;TR-04_1-032-E;NO;1
616;SJ;TR-04_1-034;2TTx64;-0,667;4,380;4,430;278,700;TR-04_1-035-W;NO;1;-1,923;2,035;289,100;TR-04_1-033-E;NO;1
617;SJ;TR-04_1-035;2TTx64;-1,085;4,395;4,527;283,900;TR-04_1-036-W;NO;1;-3,571;3,732;286,900;TR-04_1-034-E;NO;1
618;SJ;TR-04_1-036;2TTx64;-1,270;4,833;4,997;284,700;TR-04_1-037-W;NO;1;-4,700;4,868;285,100;TR-04_1-035-E;NO;1
619;SJ;TR-04_1-037;2TTx64;-1,389;4,565;4,772;286,900;TR-04_1-038-W;NO;1;-4,085;4,315;288,800;TR-04_1-036-E;NO;1
620;SJ;TR-04_1-038;2TTx64;-1,101;4,646;4,775;283,300;TR-04_1-039-W;NO;1;-3,090;3,280;289,600;TR-04_1-037-E;NO;1
621;SJ;TR-04_1-039;2TTx64;-1,304;4,034;4,240;287,900;TR-04_1-040-W;NO;1;-2,989;3,261;293,600;TR-04_1-038-E;NO;1
622;SJ;TR-04_1-040;2TTx64;-1,029;-0,082;1,033;4,600;TR-03_1-001-W;NO;1;-3,714;3,854;285,500;TR-04_1-039-E;NO;1
623;SJ;TR-04_1-041;2TTx64;-1,443;1,468;2,058;314,500;TR-04_1-042-W;NO;1;-4,058;4,307;289,600;TR-04_2-068-E;NO;1
624;SJ;TR-04_1-042;2TTx64;-1,268;2,460;2,767;297,300;TR-04_1-043-W;NO;1;-1,932;2,311;303,300;TR-04_1-041-E;NO;1
625;SJ;TR-04_1-043;2TTx64;-1,574;3,168;3,538;296,400;TR-04_1-044-W;NO;1;-2,811;3,222;299,300;TR-04_1-042-E;NO;1
626;SJ;TR-04_1-044;2TTx64;-1,621;4,204;4,506;291,100;TR-04_1-045-W;NO;1;-2,805;3,240;300,000;TR-04_1-043-E;NO;1
627;SJ;TR-04_1-045;2TTx64;-1,568;4,115;4,404;290,900;TR-04_1-046-W;NO;1;-4,173;4,458;290,600;TR-04_1-044-E;NO;1
628;SJ;TR-04_1-046;2TTx64;-1,195;2,973;3,204;291,900;TR-04_1-047-W;NO;1;-4,018;4,192;286,600;TR-04_1-045-E;NO;1
629;SJ;TR-04_1-047;2TTx64;-0,556;2,433;2,496;282,900;TR-04_1-048-W;NO;1;-2,288;2,355;283,700;TR-04_1-046-E;NO;1
630;SJ;TR-04_1-048;2TTx64;-0,907;0,411;0,996;335,600;TR-04_1-049-W;NO;1;-1,225;1,524;306,500;TR-04_1-047-E;NO;1
631;SJ;TR-04_1-049;2TTx64;-0,419;2,044;2,087;281,600;TR-04_1-050-W;NO;1;-1,572;1,627;284,900;TR-04_1-048-E;NO;1
632;SJ;TR-04_1-050;2TTx64;0,029;2,731;2,731;269,400;TR-04_1-051-W;NO;1;-3,221;3,221;269,500;TR-04_1-049-E;NO;1
633;SJ;TR-04_1-051;2TTx64;0,328;6,909;6,917;267,300;TR-04_1-052-W;NO;1;-1,816;1,845;259,800;TR-04_1-050-E;NO;1
634;SJ;TR-04_1-052;2TTx64;-1,147;5,408;5,528;282,000;TR-04_1-053-W;NO;1;-8,487;8,564;277,700;TR-04_1-051-E;NO;1
635;SJ;TR-04_1-053;2TTx64;-0,658;0,272;0,712;337,600;TR-04_1-054-W;NO;1;-5,499;5,538;276,800;TR-04_1-052-E;NO;1
636;SJ;TR-04_1-054;2TTx64;-0,248;3,774;3,782;273,800;TR-04_1-055-W;NO;1;-0,034;0,250;352,200;TR-04_1-053-E;NO;1
637;SJ;TR-04_1-055;2TTx64;-0,443;2,161;2,206;281,600;TR-04_1-056-W;NO;1;-3,743;3,769;276,800;TR-04_1-054-E;NO;1
638;SJ;TR-04_1-056;2TTx64;0,026;2,960;2,960;269,500;TR-03_1-018-W;NO;1;-2,776;2,776;269,500;TR-04_1-055-E;NO;1
639;SJ;TR-04_1-057;2TTx64;-1,261;1,397;1,882;312,100;TR-04_1-058-W;NO;1;-2,465;2,769;297,100;TR-04_2-085-E;NO;1
640;SJ;TR-04_1-058;2TTx64;-1,365;1,769;2,234;307,700;TR-04_1-059-W;NO;1;-1,215;1,827;318,300;TR-04_1-057-E;NO;1
641;SJ;TR-04_1-059;2TTx64;-1,777;2,307;2,912;307,600;TR-04_1-060-W;NO;1;-1,718;2,472;316,000;TR-04_1-058-E;NO;1
642;SJ;TR-04_1-060;2TTx64;-1,554;2,476;2,923;302,100;TR-04_1-061-W;NO;1;-0,164;1,563;354,000;TR-04_1-059-E;NO;1
643;SJ;TR-04_1-061;2TTx64;-1,518;2,067;2,564;306,300;TR-04_1-062-W;NO;1;-2,925;3,295;297,400;TR-04_1-060-E;NO;1
644;SJ;TR-04_1-062;2TTx64;-1,762;3,076;3,545;299,800;TR-04_1-063-W;NO;1;-2,329;2,921;307,100;TR-04_1-061-E;NO;1
645;SJ;TR-04_1-063;2TTx64;-1,555;1,994;2,529;308,000;;NO;0;-2,603;3,032;300,900;TR-04_1-062-E;NO;1
646;SJ;TR-04_1-066;2TTx64;-1,653;2,405;2,918;304,500;TR-04_1-067-W;NO;1;;;;;;
647;SJ;TR-04_1-067;2TTx64;-1,596;6,556;6,748;283,700;TR-04_1-068-W;NO;1;0,227;1,612;8,100;TR-04_1-066-E;NO;1
648;SJ;TR-04_1-068;2TTx64;-2,108;2,178;3,031;314,100;TR-04_1-069-W;NO;1;-1,579;2,634;323,200;TR-04_1-067-E;NO;1
649;SJ;TR-04_1-069;2TTx64;-1,418;6,742;6,890;281,900;TR-04_1-070-W;NO;1;-1,031;1,753;324,000;TR-04_1-068-E;NO;1
650;SJ;TR-04_1-070;2TTx64;-0,795;1,391;1,602;299,800;TR-04_1-071-W;NO;1;-6,559;6,607;276,900;TR-04_1-069-E;NO;1
651;SJ;TR-04_1-071;2TTx64;0,188;2,857;2,863;266,200;TR-04_1-072-W;NO;1;-1,827;1,837;264,100;TR-04_1-070-E;NO;1
652;SJ;TR-04_1-072;2TTx64;1,416;3,642;3,908;248,800;TR-04_1-073-W;NO;1;-3,141;3,445;245,700;TR-04_1-071-E;NO;1
653;SJ;TR-04_1-073;2TTx64;1,536;1,654;2,257;227,100;TR-03_1-035-W;NO;1;-4,229;4,499;250,000;TR-04_1-072-E;NO;1
654;SJ;TR-04_1-074;2TTx64;-2,069;1,402;2,499;325,900;TR-04_1-075-W;NO;1;-2,037;2,904;315,400;TR-04_2-102-E;NO;1
655;SJ;TR-04_1-075;2TTx64;-1,471;2,599;2,987;299,500;TR-04_1-076-W;NO;1;-0,984;1,770;326,200;TR-04_1-074-E;NO;1
656;SJ;TR-04_1-076;2TTx64;-1,527;2,391;2,837;302,600;TR-04_1-077-W;NO;1;-3,470;3,791;293,800;TR-04_1-075-E;NO;1
657;SJ;TR-04_1-077;2TTx64;-2,021;-0,047;2,021;1,300;TR-04_1-078-W;NO;1;-3,458;4,005;300,300;TR-04_1-076-E;NO;1
658;SJ;TR-04_1-078;2TTx64;-2,126;0,524;2,189;346,200;TR-04_1-079-W;NO;1;-1,187;2,435;330,800;TR-04_1-077-E;NO;1
659;SJ;TR-04_1-079;2TTx64;-2,285;1,926;2,988;319,900;TR-04_1-080-W;NO;1;-1,248;2,603;331,400;TR-04_1-078-E;NO;1
660;SJ;TR-04_1-080;2TTx64;-1,913;1,061;2,187;331,000;;NO;0;-1,867;2,673;315,700;TR-04_1-079-E;NO;1
661;SJ;TR-04_1-081;2TTx64;-1,831;4,125;4,513;293,900;TR-04_1-082-W;NO;1;-3,270;3,748;299,200;;NO;0
662;SJ;TR-04_1-082;2TTx64;-2,332;2,456;3,387;313,500;TR-04_1-083-W;NO;1;-4,144;4,755;299,400;TR-04_1-081-E;NO;1
663;SJ;TR-04_1-083;2TTx64;-2,489;2,108;3,261;319,700;TR-04_1-084-W;NO;1;-1,644;2,983;326,600;TR-04_1-082-E;NO;1
664;SJ;TR-04_1-084;2TTx64;-2,172;1,136;2,451;332,400;TR-04_1-085-W;NO;1;-0,469;2,222;347,800;TR-04_1-083-E;NO;1
665;SJ;TR-04_1-085;2TTx64;-1,932;3,069;3,626;302,200;TR-04_1-086-W;NO;1;-2,567;3,213;307,000;TR-04_1-084-E;NO;1
666;SJ;TR-04_1-086;2TTx64;-1,865;1,255;2,248;326,100;TR-04_1-087-W;NO;1;-2,366;3,013;308,300;TR-04_1-085-E;NO;1
667;SJ;TR-04_1-087;2TTx64;-1,338;0,786;1,552;329,600;TR-04_1-088-W;NO;1;-0,976;1,656;323,900;TR-04_1-086-E;NO;1
668;SJ;TR-04_1-088;2TTx64;-1,596;0,987;1,877;328,300;TR-04_1-089-W;NO;1;-0,914;1,840;330,200;TR-04_1-087-E;NO;1
669;SJ;TR-04_1-089;2TTx64;-2,310;3,849;4,489;301,000;TR-04_1-090-W;NO;1;-1,172;2,591;333,100;TR-04_1-088-E;NO;1
670;SJ;TR-04_1-090;2TTx64;-2,511;1,998;3,209;321,500;TR-03_1-054-W;NO;1;-0,571;2,575;347,200;TR-04_1-089-E;NO;1
671;SJ;TR-04_1-091;2TTx64;-1,857;1,076;2,146;329,900;TR-04_1-092-W;NO;1;-2,112;2,812;311,300;;NO;0
672;SJ;TR-04_1-092;2TTx64;-1,668;2,342;2,875;305,500;TR-04_1-093-W;NO;1;-1,076;1,985;327,200;TR-04_1-091-E;NO;1
673;SJ;TR-04_1-093;2TTx64;-1,263;0,760;1,474;329,000;TR-04_1-094-W;NO;1;-2,467;2,772;297,100;TR-04_1-092-E;NO;1
674;SJ;TR-04_1-094;2TTx64;-1,307;2,554;2,869;297,100;TR-04_1-095-W;NO;1;-1,663;2,115;308,200;TR-04_1-093-E;NO;1
675;SJ;TR-04_1-095;2TTx64;-0,915;0,891;1,277;315,800;TR-04_1-096-W;NO;1;-2,388;2,557;291,000;TR-04_1-094-E;NO;1
676;SJ;TR-04_1-096;2TTx64;-0,605;2,765;2,830;282,300;TR-04_1-097-W;NO;1;-0,301;0,676;333,500;TR-04_1-095-E;NO;1
677;SJ;TR-04_1-097;2TTx64;-1,050;1,882;2,155;299,200;TR-04_1-098-W;NO;1;-2,793;2,984;290,600;TR-04_1-096-E;NO;1
678;SJ;TR-04_1-098;2TTx64;-1,323;3,514;3,755;290,600;TR-04_1-099-W;NO;1;-1,520;2,015;311,000;TR-04_1-097-E;NO;1
679;SJ;TR-04_1-099;2TTx64;-1,346;4,297;4,503;287,400;TR-04_1-100-W;NO;1;-2,910;3,206;294,800;TR-04_1-098-E;NO;1
680;SJ;TR-04_1-100;2TTx64;-1,392;2,730;3,064;297,000;TR-04_1-101-W;NO;1;-4,104;4,334;288,700;TR-04_1-099-E;NO;1
681;SJ;TR-04_1-101;2TTx64;-1,434;1,228;1,888;319,400;TR-04_1-102-W;NO;1;-2,679;3,039;298,200;TR-04_1-100-E;NO;1
682;SJ;TR-04_1-102;2TTx64;-1,583;1,249;2,017;321,700;TR-04_1-103-W;NO;1;-2,835;3,247;299,200;TR-04_1-101-E;NO;1
683;SJ;TR-04_1-103;2TTx64;-1,692;1,982;2,606;310,500;TR-04_1-104-W;NO;1;-0,265;1,712;351,100;TR-04_1-102-E;NO;1
684;SJ;TR-04_1-104;2TTx64;-1,979;0,354;2,011;349,900;TR-04_1-105-W;NO;1;-1,360;2,402;325,500;TR-04_1-103-E;NO;1
685;SJ;TR-04_1-105;2TTx64;-2,356;1,818;2,976;322,300;TR-04_1-106-W;NO;1;-0,898;2,521;339,100;TR-04_1-104-E;NO;1
686;SJ;TR-04_1-106;2TTx64;-2,563;6,641;7,118;291,100;TR-04_1-107-W;NO;1;-2,092;3,308;320,800;TR-04_1-105-E;NO;1
687;SJ;TR-04_1-107;2TTx64;-2,319;3,822;4,470;301,200;TR-03_1-073-W;NO;1;0,017;2,319;0,400;TR-04_1-106-E;NO;1
688;SJ;TR-04_1-120;2TTx64;0,432;1,770;1,822;256,300;TR-04_1-121-W;NO;1;;;;;;
689;SJ;TR-04_1-121;2TTx64;0,500;3,471;3,507;261,800;TR-04_1-122-W;NO;1;-1,770;1,839;254,200;TR-04_1-120-E;NO;1
690;SJ;TR-04_1-122;2TTx64;-0,111;2,474;2,476;272,600;TR-04_1-123-W;NO;1;-3,812;3,814;271,700;TR-04_1-121-E;NO;1
691;SJ;TR-04_1-123;2TTx64;0,238;4,669;4,675;267,100;TR-04_1-124-W;NO;1;-2,791;2,801;265,100;TR-04_1-122-E;NO;1
692;SJ;TR-04_1-124;2TTx64;-0,581;4,047;4,088;278,200;TR-03_1-090-W;NO;1;-0,521;0,780;318,100;TR-04_1-123-E;NO;1
693;SJ;TR-04_2-001;2TTx64;-0,833;1,934;2,106;293,300;TR-04_2-002-W;NO;1;;;;;;
694;SJ;TR-04_2-002;2TTx64;-0,963;0,605;1,137;327,900;TR-04_2-003-W;NO;1;-1,934;2,160;296,500;TR-04_2-001-E;NO;1
695;SJ;TR-04_2-003;2TTx64;-0,618;2,485;2,561;284,000;TR-04_2-004-W;NO;1;-0,328;0,700;332,100;TR-04_2-002-E;NO;1
696;SJ;TR-04_2-004;2TTx64;-1,327;0,785;1,542;329,400;TR-04_2-005-W;NO;1;-3,700;3,931;289,700;TR-04_2-003-E;NO;1
697;SJ;TR-04_2-005;2TTx64;-1,869;5,245;5,568;289,600;TR-04_2-006-W;NO;1;-0,210;1,881;353,600;TR-04_2-004-E;NO;1
698;SJ;TR-04_2-006;2TTx64;-1,715;4,420;4,741;291,200;TR-04_2-007-W;NO;1;-5,263;5,535;288,000;TR-04_2-005-E;NO;1
699;SJ;TR-04_2-007;2TTx64;-1,625;3,412;3,779;295,500;TR-04_2-008-W;NO;1;-3,824;4,155;293,000;TR-04_2-006-E;NO;1
700;SJ;TR-04_2-008;2TTx64;-1,970;2,242;2,984;311,300;TR-04_2-009-W;NO;1;-2,964;3,559;303,600;TR-04_2-007-E;NO;1
701;SJ;TR-04_2-009;2TTx64;-1,874;2,672;3,264;305,000;TR-04_2-010-W;NO;1;-4,377;4,761;293,200;TR-04_2-008-E;NO;1
702;SJ;TR-04_2-010;2TTx64;-1,460;;;;;;;-2,579;2,964;299,500;TR-04_2-009-E;NO;1
703;SJ;TR-04_2-011;2TTx64;-1,289;1,827;2,236;305,200;TR-04_2-012-W;NO;1;;;;;;
704;SJ;TR-04_2-012;2TTx64;-1,169;0,886;1,466;322,800;TR-04_2-013-W;NO;1;-2,453;2,717;295,500;TR-04_2-011-E;NO;1
705;SJ;TR-04_2-013;2TTx64;-1,884;2,885;3,446;303,100;TR-04_2-014-W;NO;1;-2,129;2,843;311,500;TR-04_2-012-E;NO;1
706;SJ;TR-04_2-014;2TTx64;-1,424;0,943;1,708;326,500;TR-04_2-015-W;NO;1;-3,013;3,333;295,300;TR-04_2-013-E;NO;1
707;SJ;TR-04_2-015;2TTx64;-1,125;3,076;3,275;290,100;TR-04_2-016-W;NO;1;-0,782;1,370;325,200;TR-04_2-014-E;NO;1
708;SJ;TR-04_2-016;2TTx64;-1,698;6,047;6,281;285,700;TR-04_2-017-W;NO;1;-1,910;2,556;311,600;TR-04_2-015-E;NO;1
709;SJ;TR-04_2-017;2TTx64;-1,850;2,974;3,502;301,900;TR-04_1-001-W;NO;1;-3,498;3,957;297,900;TR-04_2-016-E;NO;1
710;SJ;TR-04_2-018;2TTx64;0,352;2,383;2,409;261,600;TR-04_2-019-W;NO;1;;;;;;
711;SJ;TR-04_2-019;2TTx64;0,703;0,815;1,076;229,200;TR-04_2-020-W;NO;1;-2,383;2,484;253,600;TR-04_2-018-E;NO;1
712;SJ;TR-04_2-020;2TTx64;0,889;3,430;3,543;255,500;TR-04_2-021-W;NO;1;-0,864;1,240;224,200;TR-04_2-019-E;NO;1
713;SJ;TR-04_2-021;2TTx64;0,583;1,759;1,853;251,700;TR-04_2-022-W;NO;1;-4,916;4,950;263,200;TR-04_2-020-E;NO;1
714;SJ;TR-04_2-022;2TTx64;0,687;3,356;3,426;258,400;TR-04_2-023-W;NO;1;-1,665;1,801;247,600;TR-04_2-021-E;NO;1
715;SJ;TR-04_2-023;2TTx64;1,353;0,338;1,395;194,000;TR-04_2-024-W;NO;1;-3,706;3,945;249,900;TR-04_2-022-E;NO;1
716;SJ;TR-04_2-024;2TTx64;1,630;4,953;5,214;251,800;TR-04_2-025-W;NO;1;-0,109;1,633;183,800;TR-04_2-023-E;NO;1
717;SJ;TR-04_2-025;2TTx64;1,294;3,225;3,475;248,100;TR-04_2-026-W;NO;1;-3,311;3,555;248,600;TR-04_2-024-E;NO;1
718;SJ;TR-04_2-026;2TTx64;1,736;1,547;2,326;221,700;TR-04_2-027-W;NO;1;-1,920;2,589;227,900;TR-04_2-025-E;NO;1
719;SJ;TR-04_2-027;2TTx64;1,540;;;;;;;-1,492;2,145;224,100;TR-04_2-026-E;NO;1
720;SJ;TR-04_2-028;2TTx64;1,013;3,972;4,099;255,700;TR-04_2-029-W;NO;1;;;;;;
721;SJ;TR-04_2-029;2TTx64;0,719;1,591;1,746;245,700;TR-04_2-030-W;NO;1;-5,540;5,587;262,600;TR-04_2-028-E;NO;1
722;SJ;TR-04_2-030;2TTx64;0,846;2,676;2,806;252,500;TR-04_2-031-W;NO;1;-4,434;4,514;259,200;TR-04_2-029-E;NO;1
723;SJ;TR-04_2-031;2TTx64;0,681;1,905;2,023;250,300;TR-04_2-032-W;NO;1;-2,711;2,795;255,900;TR-04_2-030-E;NO;1
724;SJ;TR-04_2-032;2TTx64;0,249;2,197;2,211;263,500;TR-04_2-033-W;NO;1;-1,929;1,945;262,700;TR-04_2-031-E;NO;1
725;SJ;TR-04_2-033;2TTx64;0,295;7,472;7,478;267,700;TR-04_2-034-W;NO;1;-2,220;2,239;262,400;TR-04_2-032-E;NO;1
726;SJ;TR-04_2-034;2TTx64;0,330;2,769;2,789;263,200;TR-04_1-010-W;NO;1;-3,589;3,604;264,700;TR-04_2-033-E;NO;1
727;SJ;TR-04_2-035;2TTx64;-1,865;0,494;1,929;345,200;TR-04_2-036-W;NO;1;;;;;;
728;SJ;TR-04_2-036;2TTx64;-2,111;1,374;2,519;326,900;TR-04_2-037-W;NO;1;-0,494;2,168;346,800;TR-04_2-035-E;NO;1
729;SJ;TR-04_2-037;2TTx64;-2,165;4,725;5,198;294,600;TR-04_2-038-W;NO;1;-0,938;2,360;336,600;TR-04_2-036-E;NO;1
730;SJ;TR-04_2-038;2TTx64;-2,780;3,248;4,275;310,600;TR-04_2-039-W;NO;1;-4,354;5,166;302,600;TR-04_2-037-E;NO;1
731;SJ;TR-04_2-039;2TTx64;-1,965;0,833;2,134;337,000;TR-04_2-040-W;NO;1;-3,403;3,929;300,000;TR-04_2-038-E;NO;1
732;SJ;TR-04_2-040;2TTx64;-1,497;0,430;1,558;344,000;TR-04_2-041-W;NO;1;-0,586;1,608;338,600;TR-04_2-039-E;NO;1
733;SJ;TR-04_2-041;2TTx64;-1,732;1,380;2,214;321,400;TR-04_2-042-W;NO;1;-1,322;2,179;322,600;TR-04_2-040-E;NO;1
734;SJ;TR-04_2-042;2TTx64;-1,281;4,200;4,391;287,000;TR-04_2-043-W;NO;1;-1,223;1,771;316,300;TR-04_2-041-E;NO;1
735;SJ;TR-04_2-043;2TTx64;-1,302;0,677;1,467;332,500;TR-04_2-044-W;NO;1;-3,089;3,352;292,900;TR-04_2-042-E;NO;1
736;SJ;TR-04_2-044;2TTx64;-1,458;;;;;;;-0,220;1,475;351,400;TR-04_2-043-E;NO;1
737;SJ;TR-04_2-045;2TTx64;-1,569;2,908;3,304;298,300;TR-04_2-046-W;NO;1;;;;;;
738;SJ;TR-04_2-046;2TTx64;-1,257;2,078;2,429;301,200;TR-04_2-047-W;NO;1;-3,453;3,675;290,000;TR-04_2-045-E;NO;1
739;SJ;TR-04_2-047;2TTx64;-1,086;2,627;2,843;292,500;TR-04_2-048-W;NO;1;-3,003;3,193;289,900;TR-04_2-046-E;NO;1
740;SJ;TR-04_2-048;2TTx64;-1,138;2,506;2,752;294,400;TR-04_2-049-W;NO;1;-2,959;3,170;291,000;TR-04_2-047-E;NO;1
741;SJ;TR-04_2-049;2TTx64;-0,945;2,719;2,878;289,200;TR-04_2-050-W;NO;1;-2,219;2,412;293,100;TR-04_2-048-E;NO;1
742;SJ;TR-04_2-050;2TTx64;-0,689;5,809;5,850;276,800;TR-04_2-051-W;NO;1;-2,049;2,162;288,600;TR-04_2-049-E;NO;1
743;SJ;TR-04_2-051;2TTx64;-0,375;2,164;2,196;279,800;TR-04_1-025-W;NO;1;-3,621;3,640;275,900;TR-04_2-050-E;NO;1
744;SJ;TR-04_2-052;2TTx64;-0,711;1,563;1,717;294,500;TR-04_2-053-W;NO;1;;;;;;
745;SJ;TR-04_2-053;2TTx64;-0,400;1,321;1,380;286,800;TR-04_2-054-W;NO;1;-1,563;1,613;284,300;TR-04_2-052-E;NO;1
746;SJ;TR-04_2-054;2TTx64;-0,544;1,541;1,634;289,400;TR-04_2-055-W;NO;1;-1,934;2,009;285,700;TR-04_2-053-E;NO;1
747;SJ;TR-04_2-055;2TTx64;-0,325;2,565;2,585;277,200;TR-04_2-056-W;NO;1;-3,302;3,318;275,600;TR-04_2-054-E;NO;1
748;SJ;TR-04_2-056;2TTx64;-0,545;1,274;1,386;293,100;TR-04_2-057-W;NO;1;-2,676;2,731;281,500;TR-04_2-055-E;NO;1
749;SJ;TR-04_2-057;2TTx64;-0,595;2,881;2,942;281,700;TR-04_2-058-W;NO;1;-1,953;2,042;287,000;TR-04_2-056-E;NO;1
750;SJ;TR-04_2-058;2TTx64;-0,647;2,211;2,304;286,300;TR-04_2-059-W;NO;1;-2,771;2,846;283,100;TR-04_2-057-E;NO;1
751;SJ;TR-04_2-059;2TTx64;-1,035;3,107;3,275;288,400;TR-04_2-060-W;NO;1;-2,239;2,467;294,800;TR-04_2-058-E;NO;1
752;SJ;TR-04_2-060;2TTx64;-1,532;1,545;2,176;314,800;TR-04_2-061-W;NO;1;-4,951;5,183;287,200;TR-04_2-059-E;NO;1
753;SJ;TR-04_2-061;2TTx64;-1,810;;;;;;;-1,155;2,147;327,500;TR-04_2-060-E;NO;1
754;SJ;TR-04_2-062;2TTx64;-1,638;2,493;2,983;303,300;TR-04_2-063-W;NO;1;;;;;;
755;SJ;TR-04_2-063;2TTx64;-1,818;1,863;2,603;314,300;TR-04_2-064-W;NO;1;-2,909;3,430;302,000;TR-04_2-062-E;NO;1
756;SJ;TR-04_2-064;2TTx64;-2,029;4,228;4,690;295,600;TR-04_2-065-W;NO;1;-2,425;3,162;309,900;TR-04_2-063-E;NO;1
757;SJ;TR-04_2-065;2TTx64;-2,294;4,474;5,028;297,100;;NO;0;-3,295;4,015;304,800;TR-04_2-064-E;NO;1
758;SJ;TR-04_2-067;2TTx64;-1,581;0,183;1,592;353,400;TR-04_2-068-W;NO;1;-0,346;1,618;347,700;;NO;0
759;SJ;TR-04_2-068;2TTx64;-1,292;3,184;3,436;292,100;TR-04_1-041-W;NO;1;-3,173;3,426;292,200;TR-04_2-067-E;NO;1
760;SJ;TR-04_2-069;2TTx64;-1,774;1,803;2,529;314,500;TR-04_2-070-W;NO;1;;;;;;
761;SJ;TR-04_2-070;2TTx64;-1,447;1,635;2,184;311,500;TR-04_2-071-W;NO;1;-1,803;2,312;308,800;TR-04_2-069-E;NO;1
762;SJ;TR-04_2-071;2TTx64;-1,234;-0,032;1,235;1,500;TR-04_2-072-W;NO;1;-2,039;2,383;301,200;TR-04_2-070-E;NO;1
763;SJ;TR-04_2-072;2TTx64;-2,102;0,679;2,209;342,100;TR-04_2-073-W;NO;1;1,357;2,502;32,800;TR-04_2-071-E;NO;1
764;SJ;TR-04_2-073;2TTx64;-2,471;1,340;2,811;331,500;TR-04_2-074-W;NO;1;-0,177;2,477;355,900;TR-04_2-072-E;NO;1
765;SJ;TR-04_2-074;2TTx64;-2,371;3,196;3,979;306,600;TR-04_2-075-W;NO;1;-1,750;2,947;323,600;TR-04_2-073-E;NO;1
766;SJ;TR-04_2-075;2TTx64;-2,375;2,533;3,472;313,200;TR-04_2-076-W;NO;1;-3,030;3,850;308,100;TR-04_2-074-E;NO;1
767;SJ;TR-04_2-076;2TTx64;-2,141;-1,364;2,539;32,500;;NO;0;-2,453;3,256;311,100;TR-04_2-075-E;NO;1
768;SJ;TR-04_2-079;2TTx64;-1,824;1,358;2,274;323,300;TR-04_2-080-W;NO;1;;;;;;
769;SJ;TR-04_2-080;2TTx64;-1,369;1,028;1,712;323,100;TR-04_2-081-W;NO;1;-1,580;2,091;310,900;TR-04_2-079-E;NO;1
770;SJ;TR-04_2-081;2TTx64;-1,168;4,077;4,241;286,000;TR-04_2-082-W;NO;1;-3,372;3,568;289,100;TR-04_2-080-E;NO;1
771;SJ;TR-04_2-082;2TTx64;-1,388;2,322;2,705;300,900;TR-04_2-083-W;NO;1;-4,345;4,561;287,700;TR-04_2-081-E;NO;1
772;SJ;TR-04_2-083;2TTx64;-1,402;4,118;4,350;288,800;TR-04_2-084-W;NO;1;-2,796;3,128;296,600;TR-04_2-082-E;NO;1
773;SJ;TR-04_2-084;2TTx64;-1,449;0,315;1,483;347,700;TR-04_2-085-W;NO;1;-4,213;4,455;289,000;TR-04_2-083-E;NO;1
774;SJ;TR-04_2-085;2TTx64;-1,262;2,410;2,721;297,600;TR-04_1-057-W;NO;1;-2,604;2,894;295,900;TR-04_2-084-E;NO;1
775;SJ;TR-04_2-086;2TTx64;0,411;4,904;4,921;265,200;TR-04_2-087-W;NO;1;;;;;;
776;SJ;TR-04_2-087;2TTx64;-0,404;4,408;4,426;275,200;TR-04_2-088-W;NO;1;-4,904;4,921;274,700;TR-04_2-086-E;NO;1
777;SJ;TR-04_2-088;2TTx64;-1,173;-0,122;1,180;5,900;TR-04_2-089-W;NO;1;-3,538;3,727;288,300;TR-04_2-087-E;NO;1
778;SJ;TR-04_2-089;2TTx64;-1,950;3,184;3,734;301,500;TR-04_2-090-W;NO;1;-4,303;4,724;294,400;TR-04_2-088-E;NO;1
779;SJ;TR-04_2-090;2TTx64;-2,345;1,378;2,720;329,600;TR-04_2-091-W;NO;1;-3,284;4,035;305,500;TR-04_2-089-E;NO;1
780;SJ;TR-04_2-091;2TTx64;-2,466;1,894;3,110;322,500;TR-04_2-092-W;NO;1;-1,155;2,723;334,900;TR-04_2-090-E;NO;1
781;SJ;TR-04_2-092;2TTx64;-2,251;3,099;3,830;306,000;TR-04_2-093-W;NO;1;-1,962;2,986;318,900;TR-04_2-091-E;NO;1
782;SJ;TR-04_2-093;2TTx64;-1,834;1,473;2,352;321,200;;NO;0;-2,480;3,084;306,500;TR-04_2-092-E;NO;1
783;SJ;TR-04_2-094;2TTx64;-1,848;0,562;1,932;343,100;TR-04_2-095-W;NO;1;-3,118;3,625;300,700;;NO;0
784;SJ;TR-04_2-095;2TTx64;-1,792;;;;;;;-0,562;1,878;342,600;TR-04_2-094-E;NO;1
785;SJ;TR-04_2-096;2TTx64;-2,253;1,903;2,949;319,800;TR-04_2-097-W;NO;1;;;;;;
786;SJ;TR-04_2-097;2TTx64;-2,898;0,906;3,036;342,600;TR-04_2-098-W;NO;1;-2,546;3,857;318,700;TR-04_2-096-E;NO;1
787;SJ;TR-04_2-098;2TTx64;-2,681;1,288;2,974;334,300;TR-04_2-099-W;NO;1;-2,811;3,885;313,600;TR-04_2-097-E;NO;1
788;SJ;TR-04_2-099;2TTx64;-2,849;4,469;5,300;302,500;TR-04_2-100-W;NO;1;-1,620;3,277;330,400;TR-04_2-098-E;NO;1
789;SJ;TR-04_2-100;2TTx64;-3,059;3,356;4,541;312,400;TR-04_2-101-W;NO;1;-4,668;5,581;303,200;TR-04_2-099-E;NO;1
790;SJ;TR-04_2-101;2TTx64;-2,862;2,563;3,842;318,200;TR-04_2-102-W;NO;1;-3,600;4,599;308,500;TR-04_2-100-E;NO;1
791;SJ;TR-04_2-102;2TTx64;-2,291;2,321;3,262;314,600;TR-04_1-074-W;NO;1;-1,322;2,645;330,000;TR-04_2-101-E;NO;1
792;SJ;TR-04_2-103;2TTx64;-0,969;5,775;5,856;279,500;TR-04_2-104-W;NO;1;;;;;;
793;SJ;TR-04_2-104;2TTx64;-0,196;3,180;3,186;273,500;TR-04_2-105-W;NO;1;-5,775;5,778;271,900;TR-04_2-103-E;NO;1
794;SJ;TR-04_2-105;2TTx64;0,614;1,416;1,543;246,600;TR-04_2-106-W;NO;1;-3,685;3,736;260,500;TR-04_2-104-E;NO;1
795;SJ;TR-04_2-106;2TTx64;1,388;3,152;3,444;246,200;TR-04_2-107-W;NO;1;-6,383;6,532;257,700;TR-04_2-105-E;NO;1
796;SJ;TR-04_2-107;2TTx64;2,028;5,146;5,531;248,500;TR-04_2-108-W;NO;1;-1,233;2,373;211,300;TR-04_2-106-E;NO;1
797;SJ;TR-04_2-108;2TTx64;1,596;0,975;1,870;211,400;TR-04_2-109-W;NO;1;-4,000;4,307;248,200;TR-04_2-107-E;NO;1
798;SJ;TR-04_2-109;2TTx64;1,582;2,466;2,930;237,300;TR-04_2-110-W;NO;1;-1,203;1,988;217,200;TR-04_2-108-E;NO;1
799;SJ;TR-04_2-110;2TTx64;0,400;2,782;2,811;261,800;TR-04_2-111-W;NO;1;-2,918;2,945;262,200;TR-04_2-109-E;NO;1
800;SJ;TR-04_2-111;2TTx64;-0,180;3,150;3,155;273,300;TR-04_2-112-W;NO;1;-3,280;3,285;273,100;TR-04_2-110-E;NO;1
801;SJ;TR-04_2-112;2TTx64;-0,447;;;;;;;-3,436;3,465;277,400;TR-04_2-111-E;NO;1
802;SJ;TR-04_2-113;2TTx64;0,065;2,671;2,672;268,600;TR-04_2-114-W;NO;1;;;;;;
803;SJ;TR-04_2-114;2TTx64;-0,089;1,348;1,351;273,800;TR-04_2-115-W;NO;1;-3,545;3,546;271,400;TR-04_2-113-E;NO;1
804;SJ;TR-04_2-115;2TTx64;-0,362;1,709;1,747;282,000;TR-04_2-116-W;NO;1;-3,346;3,366;276,200;TR-04_2-114-E;NO;1
805;SJ;TR-04_2-116;2TTx64;-0,846;4,168;4,253;281,500;TR-04_2-117-W;NO;1;-1,666;1,868;296,900;TR-04_2-115-E;NO;1
806;SJ;TR-04_2-117;2TTx64;-0,816;4,004;4,086;281,500;TR-04_2-118-W;NO;1;-4,547;4,620;280,200;TR-04_2-116-E;NO;1
807;SJ;TR-04_2-118;2TTx64;-1,326;2,315;2,668;299,800;TR-04_2-119-W;NO;1;-4,084;4,294;288,000;TR-04_2-117-E;NO;1
808;SJ;TR-04_2-119;2TTx64;-1,355;1,882;2,319;305,800;;NO;0;-1,941;2,367;304,900;TR-04_2-118-E;NO;1
809;SJ;TR-05_1-001;2TTx64;-1,044;1,037;1,471;315,200;TR-05_1-002-W;NO;1;-3,897;4,034;285,000;TR-05_2-039-E;NO;1
810;SJ;TR-05_1-002;2TTx64;-1,055;3,184;3,354;288,300;TR-05_1-003-W;NO;1;-1,633;1,944;302,900;TR-05_1-001-E;NO;1
811;SJ;TR-05_1-003;2TTx64;-1,358;3,854;4,086;289,400;;NO;0;-2,516;2,859;298,400;TR-05_1-002-E;NO;1
812;SJ;TR-05_1-004;2TTx64;-1,928;2,962;3,534;303,100;TR-05_1-005-W;NO;1;-2,164;2,899;311,700;TR-05_2-051-E;NO;1
813;SJ;TR-05_1-005;2TTx64;-2,277;3,728;4,368;301,400;TR-05_1-006-W;NO;1;-3,246;3,965;305,000;TR-05_1-004-E;NO;1
814;SJ;TR-05_1-006;2TTx64;-2,070;2,013;2,887;315,800;TR-05_1-007-W;NO;1;-3,034;3,673;304,300;TR-05_1-005-E;NO;1
815;SJ;TR-05_1-007;2TTx64;-1,869;-0,382;1,908;11,500;TR-05_1-008-W;NO;1;-1,847;2,628;315,300;TR-05_1-006-E;NO;1
816;SJ;TR-05_1-008;2TTx64;-1,914;1,097;2,206;330,200;TR-05_1-009-W;NO;1;-2,374;3,049;308,900;TR-05_1-007-E;NO;1
817;SJ;TR-05_1-009;2TTx64;-2,103;2,886;3,571;306,100;TR-05_1-010-W;NO;1;-0,075;2,105;358,000;TR-05_1-008-E;NO;1
818;SJ;TR-05_1-010;2TTx64;-2,190;0,591;2,269;344,900;;NO;0;-1,849;2,866;319,800;TR-05_1-009-E;NO;1
819;SJ;TR-05_1-011;2TTx64;-1,699;4,248;4,575;291,800;TR-05_1-012-W;NO;1;-6,123;6,354;285,500;TR-05_2-066-E;NO;1
820;SJ;TR-05_1-012;2TTx64;-1,712;3,882;4,243;293,800;TR-05_1-013-W;NO;1;-3,997;4,348;293,200;TR-05_1-011-E;NO;1
821;SJ;TR-05_1-013;2TTx64;-1,755;1,314;2,193;323,200;TR-05_1-014-W;NO;1;-3,376;3,805;297,500;TR-05_1-012-E;NO;1
822;SJ;TR-05_1-014;2TTx64;-1,951;4,274;4,698;294,500;TR-05_1-015-W;NO;1;-1,368;2,383;325,000;TR-05_1-013-E;NO;1
823;SJ;TR-05_1-015;2TTx64;-2,054;-0,030;2,054;0,800;TR-05_1-016-W;NO;1;1,398;2,485;34,200;TR-05_1-014-E;NO;1
824;SJ;TR-05_1-016;2TTx64;-1,999;0,088;2,001;357,500;TR-05_1-017-W;NO;1;0,012;1,999;0,300;TR-05_1-015-E;NO;1
825;SJ;TR-05_1-017;2TTx64;-1,902;0,450;1,955;346,700;TR-05_1-018-W;NO;1;0,025;1,902;0,800;TR-05_1-016-E;NO;1
826;SJ;TR-05_1-018;2TTx64;-1,307;-3,176;3,435;67,600;TR-05_1-019-W;NO;1;-0,009;1,307;359,600;TR-05_1-017-E;NO;1
827;SJ;TR-05_1-019;2TTx64;-1,093;2,011;2,289;298,500;TR-05_1-020-W;NO;1;-2,175;2,434;296,700;TR-05_1-018-E;NO;1
828;SJ;TR-05_1-020;2TTx64;-1,131;2,101;2,386;298,300;TR-05_1-021-W;NO;1;-2,052;2,343;298,900;TR-05_1-019-E;NO;1
829;SJ;TR-05_1-021;2TTx64;-1,059;2,450;2,669;293,400;;NO;0;-2,219;2,459;295,500;TR-05_1-020-E;NO;1
830;SJ;TR-05_1-022;2TTx64;-1,006;3,755;3,887;285,000;TR-05_1-023-W;NO;1;-3,484;3,626;286,100;TR-05_2-083-E;NO;1
831;SJ;TR-05_1-023;2TTx64;-0,824;2,811;2,929;286,300;TR-05_1-024-W;NO;1;-3,967;4,052;281,700;TR-05_1-022-E;NO;1
832;SJ;TR-05_1-024;2TTx64;-0,389;2,455;2,486;279,000;TR-05_1-025-W;NO;1;-2,944;2,970;277,500;TR-05_1-023-E;NO;1
833;SJ;TR-05_1-025;2TTx64;-0,627;3,175;3,236;281,200;TR-05_1-026-W;NO;1;-1,841;1,945;288,800;TR-05_1-024-E;NO;1
834;SJ;TR-05_1-026;2TTx64;-0,206;-2,039;2,049;84,200;TR-05_1-027-W;NO;1;-2,642;2,650;274,500;TR-05_1-025-E;NO;1
835;SJ;TR-05_1-027;2TTx64;0,121;1,656;1,660;265,800;TR-05_1-028-W;NO;1;1,939;1,943;93,600;TR-05_1-026-E;NO;1
836;SJ;TR-05_1-028;2TTx64;-0,300;0,727;0,787;292,400;TR-05_1-029-W;NO;1;-0,509;0,591;300,500;TR-05_1-027-E;NO;1
837;SJ;TR-05_1-029;2TTx64;-0,381;1,397;1,448;285,300;TR-05_1-030-W;NO;1;-0,601;0,712;302,400;TR-05_1-028-E;NO;1
838;SJ;TR-05_1-030;2TTx64;-0,675;0,848;1,084;308,500;;NO;0;-0,969;1,181;304,900;TR-05_1-029-E;NO;1
839;SJ;TR-05_1-033;2TTx64;-0,947;1,147;1,487;309,500;TR-05_1-034-W;NO;1;;;;;;
840;SJ;TR-05_1-034;2TTx64;-1,276;1,610;2,054;308,400;;NO;0;-0,835;1,525;326,800;TR-05_1-033-E;NO;1
841;SJ;TR-05_1-035;2TTx64;-1,145;2,359;2,622;295,900;TR-05_1-036-W;NO;1;-2,584;2,827;293,900;;NO;0
842;SJ;TR-05_1-036;2TTx64;-0,960;2,124;2,331;294,300;TR-05_1-037-W;NO;1;-2,359;2,547;292,200;TR-05_1-035-E;NO;1
843;SJ;TR-05_1-037;2TTx64;-1,013;-1,093;1,490;47,200;;NO;0;-2,088;2,321;295,900;TR-05_1-036-E;NO;1
844;SJ;TR-05_1-038;2TTx64;3,288;3,790;5,018;229,100;TR-05_1-039-W;NO;1;-3,425;4,748;226,200;TR-05_2-097-E;NO;1
845;SJ;TR-05_1-039;2TTx64;3,422;2,445;4,206;215,500;TR-05_1-040-W;NO;1;-3,733;5,064;227,500;TR-05_1-038-E;NO;1
846;SJ;TR-05_1-040;2TTx64;3,311;2,630;4,228;218,500;TR-05_1-041-W;NO;1;-2,050;3,894;211,800;TR-05_1-039-E;NO;1
847;SJ;TR-05_1-041;2TTx64;3,043;1,583;3,430;207,500;TR-05_1-042-W;NO;1;-2,457;3,911;218,900;TR-05_1-040-E;NO;1
848;SJ;TR-05_1-042;2TTx64;2,905;1,498;3,268;207,300;TR-05_1-043-W;NO;1;-2,051;3,556;215,200;TR-05_1-041-E;NO;1
849;SJ;TR-05_1-043;2TTx64;2,642;1,014;2,830;201,000;TR-05_1-044-W;NO;1;-2,434;3,592;222,700;TR-05_1-042-E;NO;1
850;SJ;TR-05_1-044;2TTx64;2,253;2,777;3,576;231,000;TR-05_1-045-W;NO;1;-0,796;2,389;199,500;TR-05_1-043-E;NO;1
851;SJ;TR-05_1-045;2TTx64;2,169;1,175;2,467;208,400;TR-05_1-046-W;NO;1;-2,612;3,395;230,300;TR-05_1-044-E;NO;1
852;SJ;TR-05_1-046;2TTx64;1,939;2,430;3,109;231,400;;NO;0;-1,262;2,313;213,100;TR-05_1-045-E;NO;1
853;SJ;TR-05_1-047;2TTx64;1,595;2,224;2,737;234,400;TR-05_1-048-W;NO;1;-1,202;1,997;217,000;;NO;0
854;SJ;TR-05_1-048;2TTx64;1,455;2,298;2,720;237,700;TR-05_1-049-W;NO;1;-2,224;2,658;236,800;TR-05_1-047-E;NO;1
855;SJ;TR-05_1-049;2TTx64;1,254;0,268;1,282;192,100;TR-05_1-050-W;NO;1;-2,268;2,591;241,100;TR-05_1-048-E;NO;1
856;SJ;TR-05_1-050;2TTx64;1,280;2,669;2,960;244,400;TR-05_1-051-W;NO;1;-0,758;1,488;210,600;TR-05_1-049-E;NO;1
857;SJ;TR-05_1-051;2TTx64;1,273;2,001;2,372;237,500;TR-05_1-052-W;NO;1;-1,241;1,778;224,300;TR-05_1-050-E;NO;1
858;SJ;TR-05_1-052;2TTx64;0,912;3,164;3,293;253,900;TR-05_1-053-W;NO;1;-2,566;2,723;250,400;TR-05_1-051-E;NO;1
859;SJ;TR-05_1-053;2TTx64;0,492;2,421;2,470;258,500;TR-05_1-054-W;NO;1;-3,314;3,350;261,600;TR-05_1-052-E;NO;1
860;SJ;TR-05_1-054;2TTx64;0,356;2,385;2,411;261,500;TR-05_1-055-W;NO;1;-2,605;2,629;262,200;TR-05_1-053-E;NO;1
861;SJ;TR-05_1-055;2TTx64;0,354;2,653;2,677;262,400;TR-05_1-056-W;NO;1;-3,444;3,462;264,100;TR-05_1-054-E;NO;1
862;SJ;TR-05_1-056;2TTx64;0,789;3,435;3,525;257,100;TR-05_1-057-W;NO;1;-2,812;2,921;254,300;TR-05_1-055-E;NO;1
863;SJ;TR-05_1-057;2TTx64;0,824;1,210;1,464;235,700;;NO;0;-3,768;3,857;257,700;TR-05_1-056-E;NO;1
864;SJ;TR-05_1-058;2TTx64;-2,213;0,582;2,288;345,300;TR-05_1-059-W;NO;1;-2,340;3,221;313,400;TR-05_2-108-E;NO;1
865;SJ;TR-05_1-059;2TTx64;-1,502;0,564;1,605;339,400;TR-05_1-060-W;NO;1;-0,946;1,775;327,800;TR-05_1-058-E;NO;1
866;SJ;TR-05_1-060;2TTx64;-1,273;1,962;2,339;303,000;TR-05_1-061-W;NO;1;-1,271;1,799;315,000;TR-05_1-059-E;NO;1
867;SJ;TR-05_1-061;2TTx64;-1,292;2,528;2,839;297,100;TR-05_1-062-W;NO;1;-1,771;2,192;306,100;TR-05_1-060-E;NO;1
868;SJ;TR-05_1-062;2TTx64;-1,232;2,832;3,089;293,500;TR-05_1-063-W;NO;1;-2,303;2,612;298,200;TR-05_1-061-E;NO;1
869;SJ;TR-05_1-063;2TTx64;-0,836;4,559;4,635;280,400;TR-05_1-064-W;NO;1;0,627;1,045;36,900;TR-05_1-062-E;NO;1
870;SJ;TR-05_1-064;2TTx64;-1,025;2,776;2,959;290,300;TR-05_1-065-W;NO;1;-3,808;3,944;285,100;TR-05_1-063-E;NO;1
871;SJ;TR-05_1-065;2TTx64;-0,769;1,287;1,499;300,900;TR-05_1-066-W;NO;1;-3,104;3,198;283,900;TR-05_1-064-E;NO;1
872;SJ;TR-05_1-066;2TTx64;-0,312;2,079;2,102;278,500;TR-05_1-067-W;NO;1;-1,687;1,716;280,500;TR-05_1-065-E;NO;1
873;SJ;TR-05_1-067;2TTx64;-0,101;0,878;0,884;276,600;TR-05_1-068-W;NO;1;-1,257;1,261;274,600;TR-05_1-066-E;NO;1
874;SJ;TR-05_1-068;2TTx64;-0,435;3,066;3,097;278,100;TR-05_1-069-W;NO;1;-1,157;1,236;290,600;TR-05_1-067-E;NO;1
875;SJ;TR-05_1-069;2TTx64;-0,733;2,061;2,188;289,600;TR-05_1-070-W;NO;1;-2,969;3,058;283,900;TR-05_1-068-E;NO;1
876;SJ;TR-05_1-070;2TTx64;-1,159;2,023;2,331;299,800;TR-05_1-071-W;NO;1;-2,105;2,403;298,800;TR-05_1-069-E;NO;1
877;SJ;TR-05_1-071;2TTx64;-1,419;3,628;3,896;291,400;TR-05_1-072-W;NO;1;-0,457;1,491;342,100;TR-05_1-070-E;NO;1
878;SJ;TR-05_1-072;2TTx64;-1,172;4,113;4,277;285,900;TR-05_1-073-W;NO;1;-3,463;3,656;288,700;TR-05_1-071-E;NO;1
879;SJ;TR-05_1-073;2TTx64;-0,661;2,410;2,499;285,300;TR-05_1-074-W;NO;1;-4,156;4,208;279,000;TR-05_1-072-E;NO;1
880;SJ;TR-05_1-074;2TTx64;-0,548;3,791;3,830;278,200;TR-05_1-075-W;NO;1;-2,768;2,822;281,200;TR-05_1-073-E;NO;1
881;SJ;TR-05_1-075;2TTx64;-0,541;2,745;2,798;281,200;TR-05_1-076-W;NO;1;-2,920;2,970;280,500;TR-05_1-074-E;NO;1
882;SJ;TR-05_1-076;2TTx64;-0,626;2,788;2,857;282,700;TR-05_1-077-W;NO;1;-2,709;2,780;283,000;TR-05_1-075-E;NO;1
883;SJ;TR-05_1-077;2TTx64;-0,649;3,185;3,250;281,500;TR-05_1-078-W;NO;1;-2,968;3,038;282,300;TR-05_1-076-E;NO;1
884;SJ;TR-05_1-078;2TTx64;-0,539;1,696;1,780;287,600;TR-05_1-079-W;NO;1;-3,446;3,488;278,900;TR-05_1-077-E;NO;1
885;SJ;TR-05_1-079;2TTx64;-0,891;2,154;2,331;292,500;TR-05_1-080-W;NO;1;-2,778;2,917;287,800;TR-05_1-078-E;NO;1
886;SJ;TR-05_1-080;2TTx64;-1,088;1,911;2,199;299,600;TR-05_1-081-W;NO;1;-2,536;2,759;293,200;TR-05_1-079-E;NO;1
887;SJ;TR-05_1-081;2TTx64;-0,953;3,892;4,007;283,800;;NO;0;-2,615;2,783;290,000;TR-05_1-080-E;NO;1
888;SJ;TR-05_1-082;2TTx64;-2,539;0,993;2,727;338,600;TR-05_1-083-W;NO;1;-0,912;2,698;340,200;TR-05_2-119-E;NO;1
889;SJ;TR-05_1-083;2TTx64;-3,376;1,390;3,651;337,600;TR-05_1-084-W;NO;1;-1,120;3,557;341,600;TR-05_1-082-E;NO;1
890;SJ;TR-05_1-084;2TTx64;-4,313;2,307;4,892;331,900;TR-05_1-085-W;NO;1;-1,572;4,591;340,000;TR-05_1-083-E;NO;1
891;SJ;TR-05_1-085;2TTx64;-4,494;2,947;5,374;326,700;TR-05_1-086-W;NO;1;-0,866;4,577;349,100;TR-05_1-084-E;NO;1
892;SJ;TR-05_1-086;2TTx64;-4,759;2,541;5,395;331,900;TR-05_1-087-W;NO;1;-1,791;5,085;339,400;TR-05_1-085-E;NO;1
893;SJ;TR-05_1-087;2TTx64;-4,888;1,003;4,990;348,400;TR-05_1-088-W;NO;1;-4,756;6,820;315,800;TR-05_1-086-E;NO;1
894;SJ;TR-05_1-088;2TTx64;-4,704;4,222;6,321;318,100;TR-05_1-089-W;NO;1;-1,075;4,825;347,100;TR-05_1-087-E;NO;1
895;SJ;TR-05_1-089;2TTx64;-4,627;2,331;5,181;333,300;TR-05_1-090-W;NO;1;-3,125;5,584;326,000;TR-05_1-088-E;NO;1
896;SJ;TR-05_1-090;2TTx64;-5,305;0,333;5,315;356,400;TR-05_1-091-W;NO;1;-2,138;5,720;338,000;TR-05_1-089-E;NO;1
897;SJ;TR-05_1-091;2TTx64;-5,177;1,832;5,491;340,500;TR-05_1-092-W;NO;1;0,684;5,222;7,500;TR-05_1-090-E;NO;1
898;SJ;TR-05_1-092;2TTx64;-4,873;-0,704;4,924;8,200;TR-05_1-093-W;NO;1;-2,409;5,436;333,700;TR-05_1-091-E;NO;1
899;SJ;TR-05_1-093;2TTx64;-4,093;1,939;4,529;334,700;TR-05_1-094-W;NO;1;-0,078;4,094;358,900;TR-05_1-092-E;NO;1
900;SJ;TR-05_1-094;2TTx64;-3,053;-0,371;3,075;6,900;TR-05_1-095-W;NO;1;-1,616;3,454;332,100;TR-05_1-093-E;NO;1
901;SJ;TR-05_1-095;2TTx64;-2,410;1,442;2,808;329,100;TR-05_1-096-W;NO;1;-1,239;2,710;332,800;TR-05_1-094-E;NO;1
902;SJ;TR-05_1-096;2TTx64;-1,778;1,253;2,175;324,800;TR-05_1-097-W;NO;1;-1,236;2,166;325,200;TR-05_1-095-E;NO;1
903;SJ;TR-05_1-097;2TTx64;-1,271;-1,200;1,748;43,400;TR-05_1-098-W;NO;1;-1,388;1,882;312,500;TR-05_1-096-E;NO;1
904;SJ;TR-05_1-098;2TTx64;-1,062;3,587;3,741;286,500;TR-05_1-099-W;NO;1;0,155;1,074;8,300;TR-05_1-097-E;NO;1
905;SJ;TR-05_1-099;2TTx64;-0,943;1,812;2,043;297,500;TR-05_1-100-W;NO;1;-0,555;1,094;329,500;TR-05_1-098-E;NO;1
906;SJ;TR-05_1-100;2TTx64;-0,742;2,423;2,534;287,000;TR-05_1-101-W;NO;1;-1,936;2,073;291,000;TR-05_1-099-E;NO;1
907;SJ;TR-05_1-101;2TTx64;-0,616;3,182;3,241;281,000;TR-05_1-102-W;NO;1;-2,768;2,836;282,600;TR-05_1-100-E;NO;1
908;SJ;TR-05_1-102;2TTx64;-0,650;1,660;1,783;291,400;TR-05_1-103-W;NO;1;-3,000;3,070;282,200;TR-05_1-101-E;NO;1
909;SJ;TR-05_1-103;2TTx64;-0,573;3,366;3,414;279,700;TR-05_1-104-W;NO;1;-4,026;4,067;278,100;TR-05_1-102-E;NO;1
910;SJ;TR-05_1-104;2TTx64;-0,507;2,748;2,794;280,400;TR-05_1-105-W;NO;1;-3,396;3,434;278,500;TR-05_1-103-E;NO;1
911;SJ;TR-05_1-105;2TTx64;-0,275;3,194;3,206;274,900;TR-05_1-106-W;NO;1;-2,898;2,911;275,400;TR-05_1-104-E;NO;1
912;SJ;TR-05_1-106;2TTx64;-0,429;2,317;2,356;280,500;TR-05_1-107-W;NO;1;-2,967;2,998;278,200;TR-05_1-105-E;NO;1
913;SJ;TR-05_1-107;2TTx64;0,120;2,193;2,196;266,900;TR-05_1-108-W;NO;1;-1,352;1,357;264,900;TR-05_1-106-E;NO;1
914;SJ;TR-05_1-108;2TTx64;-0,151;0,746;0,761;281,500;;NO;0;-2,879;2,883;273,000;TR-05_1-107-E;NO;1
915;SJ;TR-05_1-109;2TTx64;-2,047;0,451;2,096;347,600;TR-05_1-110-W;NO;1;1,469;2,520;35,700;TR-02_2-014-E;NO;1
916;SJ;TR-05_1-110;2TTx64;-1,433;1,649;2,185;311,000;TR-05_1-111-W;NO;1;-1,025;1,762;324,400;TR-05_1-109-E;NO;1
917;SJ;TR-05_1-111;2TTx64;-1,327;2,161;2,536;301,600;TR-05_1-112-W;NO;1;-1,569;2,055;310,200;TR-05_1-110-E;NO;1
918;SJ;TR-05_1-112;2TTx64;-1,679;1,068;1,990;327,500;TR-05_1-113-W;NO;1;-1,710;2,396;314,500;TR-05_1-111-E;NO;1
919;SJ;TR-05_1-113;2TTx64;-1,812;2,302;2,930;308,200;TR-05_1-114-W;NO;1;-1,342;2,255;323,500;TR-05_1-112-E;NO;1
920;SJ;TR-05_1-114;2TTx64;-1,520;1,482;2,123;315,700;TR-05_1-115-W;NO;1;-0,850;1,742;330,800;TR-05_1-113-E;NO;1
921;SJ;TR-05_1-115;2TTx64;-1,490;2,596;2,993;299,900;TR-05_1-116-W;NO;1;-1,292;1,972;319,100;TR-05_1-114-E;NO;1
922;SJ;TR-05_1-116;2TTx64;-1,455;1,762;2,285;309,500;TR-05_1-117-W;NO;1;-3,296;3,603;293,800;TR-05_1-115-E;NO;1
923;SJ;TR-05_1-117;2TTx64;-1,141;3,114;3,317;290,100;TR-05_1-118-W;NO;1;-1,982;2,287;299,900;TR-05_1-116-E;NO;1
924;SJ;TR-05_1-118;2TTx64;-1,185;0,723;1,388;328,600;TR-05_1-119-W;NO;1;-2,627;2,882;294,300;TR-05_1-117-E;NO;1
925;SJ;TR-05_1-119;2TTx64;-0,608;0,879;1,069;304,700;TR-02_2-015-W;NO;1;-0,971;1,146;302,100;TR-05_1-118-E;NO;1
926;SJ;TR-05_2-001;2TTx64;-4,487;-6,481;7,883;55,300;TR-05_2-002-W;NO;1;5,537;7,127;51,000;TR-07_1-118-E;NO;1
927;SJ;TR-05_2-002;2TTx64;-4,502;3,201;5,524;324,600;TR-05_2-003-W;NO;1;6,524;7,926;55,400;TR-05_2-001-E;NO;1
928;SJ;TR-05_2-003;2TTx64;-5,343;-1,710;5,610;17,700;;NO;0;-0,364;5,355;356,100;TR-05_2-002-E;NO;1
929;SJ;TR-05_2-004;2TTx64;-2,989;-0,941;3,134;17,500;TR-05_2-005-W;NO;1;;;;;;
930;SJ;TR-05_2-005;2TTx64;-3,853;-4,919;6,248;51,900;TR-05_2-006-W;NO;1;0,941;3,966;13,700;TR-05_2-004-E;NO;1
931;SJ;TR-05_2-006;2TTx64;-4,778;0,555;4,810;353,400;TR-05_2-007-W;NO;1;5,063;6,962;46,700;TR-05_2-005-E;NO;1
932;SJ;TR-05_2-007;2TTx64;-3,368;-3,717;5,016;47,800;TR-05_2-008-W;NO;1;1,059;3,531;17,500;TR-05_2-006-E;NO;1
933;SJ;TR-05_2-008;2TTx64;-3,079;-7,894;8,473;68,700;TR-05_2-009-W;NO;1;3,299;4,512;47,000;TR-05_2-007-E;NO;1
934;SJ;TR-05_2-009;2TTx64;-2,812;-4,986;5,724;60,600;TR-05_2-010-W;NO;1;7,613;8,116;69,700;TR-05_2-008-E;NO;1
935;SJ;TR-05_2-010;2TTx64;-2,874;-9,081;9,525;72,400;;NO;0;5,496;6,202;62,400;TR-05_2-009-E;NO;1
936;SJ;TR-05_2-011;2TTx64;6,986;1,766;7,206;194,200;TR-05_2-012-W;NO;1;-2,594;7,452;200,400;TR-03_2-028-E;NO;1
937;SJ;TR-05_2-012;2TTx64;6,743;1,582;6,926;193,200;TR-05_2-013-W;NO;1;-1,892;7,004;195,700;TR-05_2-011-E;NO;1
938;SJ;TR-05_2-013;2TTx64;6,224;1,281;6,355;191,600;;NO;0;-1,453;6,392;193,100;TR-05_2-012-E;NO;1
939;SJ;TR-05_2-014;2TTx64;7,173;1,461;7,320;191,500;TR-05_2-015-W;NO;1;-2,792;7,697;201,300;;NO;0
940;SJ;TR-05_2-015;2TTx64;7,023;0,965;7,089;187,800;TR-05_2-016-W;NO;1;-1,461;7,173;191,800;TR-05_2-014-E;NO;1
941;SJ;TR-05_2-016;2TTx64;6,612;2,168;6,959;198,200;TR-05_2-017-W;NO;1;-1,647;6,814;194,000;TR-05_2-015-E;NO;1
942;SJ;TR-05_2-017;2TTx64;5,729;-1,225;5,858;167,900;TR-05_2-018-W;NO;1;1,731;5,984;163,200;TR-05_2-016-E;NO;1
943;SJ;TR-05_2-018;2TTx64;4,050;-0,839;4,136;168,300;TR-05_2-019-W;NO;1;0,701;4,110;170,200;TR-05_2-017-E;NO;1
944;SJ;TR-05_2-019;2TTx64;2,546;-0,150;2,551;176,600;TR-05_2-020-W;NO;1;0,012;2,546;179,700;TR-05_2-018-E;NO;1
945;SJ;TR-05_2-020;2TTx64;1,498;-3,995;4,267;110,600;TR-05_2-021-W;NO;1;-0,417;1,555;195,600;TR-05_2-019-E;NO;1
946;SJ;TR-05_2-021;2TTx64;0,352;-3,997;4,012;95,000;TR-05_2-022-W;NO;1;2,799;2,821;97,200;TR-05_2-020-E;NO;1
947;SJ;TR-05_2-022;2TTx64;-1,051;0,918;1,396;318,900;TR-05_2-023-W;NO;1;-2,035;2,291;297,300;TR-05_2-021-E;NO;1
948;SJ;TR-05_2-023;2TTx64;-1,395;-0,476;1,474;18,800;TR-05_2-024-W;NO;1;-1,422;1,992;314,400;TR-05_2-022-E;NO;1
949;SJ;TR-05_2-024;2TTx64;-1,433;2,246;2,664;302,500;;NO;0;-0,025;1,434;359,000;TR-05_2-023-E;NO;1
950;SJ;TR-05_2-025;2TTx64;-1,506;2,329;2,774;302,900;TR-05_2-026-W;NO;1;-1,438;2,082;316,300;TR-03_2-048-E;NO;1
951;SJ;TR-05_2-026;2TTx64;-1,415;1,785;2,278;308,400;TR-05_2-027-W;NO;1;-2,410;2,795;300,400;TR-05_2-025-E;NO;1
952;SJ;TR-05_2-027;2TTx64;-1,599;0,026;1,600;359,100;;NO;0;-1,718;2,347;313,000;TR-05_2-026-E;NO;1
953;SJ;TR-05_2-028;2TTx64;-1,507;0,947;1,780;327,900;TR-05_2-029-W;NO;1;-2,583;2,991;300,300;;NO;0
954;SJ;TR-05_2-029;2TTx64;-1,431;2,319;2,725;301,700;TR-05_2-030-W;NO;1;-0,947;1,716;326,500;TR-05_2-028-E;NO;1
955;SJ;TR-05_2-030;2TTx64;-1,646;2,002;2,592;309,400;TR-05_2-031-W;NO;1;-2,447;2,949;303,900;TR-05_2-029-E;NO;1
956;SJ;TR-05_2-031;2TTx64;-1,524;2,415;2,856;302,300;TR-05_2-032-W;NO;1;-0,623;1,647;337,800;TR-05_2-030-E;NO;1
957;SJ;TR-05_2-032;2TTx64;-1,518;2,534;2,954;300,900;TR-05_2-033-W;NO;1;-2,946;3,314;297,300;TR-05_2-031-E;NO;1
958;SJ;TR-05_2-033;2TTx64;-0,853;2,038;2,209;292,700;TR-05_2-034-W;NO;1;-2,595;2,732;288,200;TR-05_2-032-E;NO;1
959;SJ;TR-05_2-034;2TTx64;-0,956;0,411;1,040;336,700;TR-05_2-035-W;NO;1;-2,403;2,586;291,700;TR-05_2-033-E;NO;1
960;SJ;TR-05_2-035;2TTx64;-0,933;2,264;2,449;292,400;TR-05_2-036-W;NO;1;-1,330;1,624;305,000;TR-05_2-034-E;NO;1
961;SJ;TR-05_2-036;2TTx64;-0,641;1,511;1,641;293,000;TR-05_2-037-W;NO;1;-1,993;2,094;287,800;TR-05_2-035-E;NO;1
962;SJ;TR-05_2-037;2TTx64;-0,259;1,412;1,436;280,400;TR-05_2-038-W;NO;1;-1,586;1,607;279,300;TR-05_2-036-E;NO;1
963;SJ;TR-05_2-038;2TTx64;-0,822;3,076;3,184;285,000;TR-05_2-039-W;NO;1;-2,099;2,254;291,400;TR-05_2-037-E;NO;1
964;SJ;TR-05_2-039;2TTx64;-0,889;3,690;3,796;283,500;TR-05_1-001-W;NO;1;-2,723;2,865;288,100;TR-05_2-038-E;NO;1
965;SJ;TR-05_2-040;2TTx64;-0,465;1,700;1,762;285,300;TR-05_2-041-W;NO;1;-3,377;3,409;277,800;;NO;0
966;SJ;TR-05_2-041;2TTx64;-0,556;2,057;2,131;285,100;TR-05_2-042-W;NO;1;-1,700;1,789;288,100;TR-05_2-040-E;NO;1
967;SJ;TR-05_2-042;2TTx64;-0,596;0,787;0,987;307,100;TR-05_2-043-W;NO;1;-1,713;1,814;289,200;TR-05_2-041-E;NO;1
968;SJ;TR-05_2-043;2TTx64;-0,481;3,469;3,502;277,900;TR-05_2-044-W;NO;1;-2,003;2,060;283,500;TR-05_2-042-E;NO;1
969;SJ;TR-05_2-044;2TTx64;-0,315;1,730;1,758;280,300;TR-05_2-045-W;NO;1;-3,042;3,058;275,900;TR-05_2-043-E;NO;1
970;SJ;TR-05_2-045;2TTx64;-0,623;0,747;0,973;309,800;TR-05_2-046-W;NO;1;-0,999;1,177;301,900;TR-05_2-044-E;NO;1
971;SJ;TR-05_2-046;2TTx64;-1,050;4,128;4,259;284,300;TR-05_2-047-W;NO;1;-1,388;1,740;307,100;TR-05_2-045-E;NO;1
972;SJ;TR-05_2-047;2TTx64;-0,906;0,847;1,241;316,900;TR-05_2-048-W;NO;1;-3,486;3,602;284,600;TR-05_2-046-E;NO;1
973;SJ;TR-05_2-048;2TTx64;-1,345;1,895;2,324;305,400;TR-05_2-049-W;NO;1;-1,958;2,375;304,500;TR-05_2-047-E;NO;1
974;SJ;TR-05_2-049;2TTx64;-1,940;0,949;2,160;333,900;TR-05_2-050-W;NO;1;-1,950;2,751;314,900;TR-05_2-048-E;NO;1
975;SJ;TR-05_2-050;2TTx64;-1,854;3,903;4,321;295,400;TR-05_2-051-W;NO;1;-1,533;2,406;320,400;TR-05_2-049-E;NO;1
976;SJ;TR-05_2-051;2TTx64;-1,330;6,660;6,792;281,300;TR-05_1-004-W;NO;1;-3,657;3,891;290,000;TR-05_2-050-E;NO;1
977;SJ;TR-05_2-052;2TTx64;0,111;4,313;4,314;268,500;TR-05_2-053-W;NO;1;-2,110;2,113;267,000;TR-03_2-068-E;NO;1
978;SJ;TR-05_2-053;2TTx64;0,234;0,367;0,435;237,500;TR-05_2-054-W;NO;1;-1,932;1,946;263,100;TR-05_2-052-E;NO;1
979;SJ;TR-05_2-054;2TTx64;0,093;1,395;1,398;266,200;;NO;0;-0,617;0,624;261,500;TR-05_2-053-E;NO;1
980;SJ;TR-05_2-055;2TTx64;-0,024;3,082;3,082;270,400;TR-05_2-056-W;NO;1;-2,762;2,762;270,500;;NO;0
981;SJ;TR-05_2-056;2TTx64;-0,331;2,830;2,849;276,700;TR-05_2-057-W;NO;1;-3,082;3,100;276,100;TR-05_2-055-E;NO;1
982;SJ;TR-05_2-057;2TTx64;-0,729;2,077;2,201;289,300;TR-05_2-058-W;NO;1;-2,667;2,765;285,300;TR-05_2-056-E;NO;1
983;SJ;TR-05_2-058;2TTx64;-0,781;2,848;2,953;285,300;TR-05_2-059-W;NO;1;-2,077;2,219;290,600;TR-05_2-057-E;NO;1
984;SJ;TR-05_2-059;2TTx64;-0,764;2,615;2,724;286,300;TR-05_2-060-W;NO;1;-2,916;3,014;284,700;TR-05_2-058-E;NO;1
985;SJ;TR-05_2-060;2TTx64;-0,807;1,995;2,152;292,000;TR-05_2-061-W;NO;1;-2,539;2,664;287,600;TR-05_2-059-E;NO;1
986;SJ;TR-05_2-061;2TTx64;-1,233;5,148;5,294;283,500;TR-05_2-062-W;NO;1;-2,351;2,655;297,700;TR-05_2-060-E;NO;1
987;SJ;TR-05_2-062;2TTx64;-1,701;3,864;4,222;293,800;TR-05_2-063-W;NO;1;-4,252;4,580;291,800;TR-05_2-061-E;NO;1
988;SJ;TR-05_2-063;2TTx64;-2,118;4,286;4,781;296,300;TR-05_2-064-W;NO;1;-3,563;4,145;300,700;TR-05_2-062-E;NO;1
989;SJ;TR-05_2-064;2TTx64;-2,077;3,306;3,904;302,100;TR-05_2-065-W;NO;1;-4,572;5,022;294,400;TR-05_2-063-E;NO;1
990;SJ;TR-05_2-065;2TTx64;-2,083;2,930;3,595;305,400;TR-05_2-066-W;NO;1;-3,762;4,300;299,000;TR-05_2-064-E;NO;1
991;SJ;TR-05_2-066;2TTx64;-1,923;3,426;3,929;299,300;TR-05_1-011-W;NO;1;-3,381;3,889;299,600;TR-05_2-065-E;NO;1
992;SJ;TR-05_2-067;2TTx64;-1,413;0,222;1,430;351,100;TR-05_2-068-W;NO;1;-0,978;1,718;325,300;TR-03_2-088-E;NO;1
993;SJ;TR-05_2-068;2TTx64;-0,986;2,438;2,630;292,000;TR-05_2-069-W;NO;1;1,526;1,817;57,100;TR-05_2-067-E;NO;1
994;SJ;TR-05_2-069;2TTx64;-0,982;3,220;3,366;287,000;;NO;0;-2,795;2,962;289,400;TR-05_2-068-E;NO;1
995;SJ;TR-05_2-070;2TTx64;-0,538;1,176;1,293;294,600;TR-05_2-071-W;NO;1;-3,719;3,758;278,200;TR-03_2-108-E;NO;1
996;SJ;TR-05_2-071;2TTx64;-0,833;2,142;2,298;291,300;TR-05_2-072-W;NO;1;-3,602;3,697;283,000;TR-05_2-070-E;NO;1
997;SJ;TR-05_2-072;2TTx64;-1,585;1,040;1,896;326,700;;NO;0;-2,874;3,282;298,900;TR-05_2-071-E;NO;1
998;SJ;TR-05_2-073;2TTx64;-2,725;2,885;3,968;313,400;TR-05_2-074-W;NO;1;;;;;;
999;SJ;TR-05_2-074;2TTx64;-2,140;2,163;3,043;314,700;TR-05_2-075-W;NO;1;-3,807;4,367;299,300;TR-05_2-073-E;NO;1
1000;SJ;TR-05_2-075;2TTx64;-2,304;0,524;2,363;347,200;;NO;0;-2,345;3,288;314,500;TR-05_2-074-E;NO;1
1001;SJ;TR-05_2-078;2TTx64;-1,415;2,143;2,568;303,400;TR-05_2-079-W;NO;1;;;;;;
1002;SJ;TR-05_2-079;2TTx64;-1,064;1,750;2,048;301,300;TR-05_2-080-W;NO;1;-2,413;2,637;293,800;TR-05_2-078-E;NO;1
1003;SJ;TR-05_2-080;2TTx64;-0,867;4,472;4,555;281,000;TR-05_2-081-W;NO;1;-2,476;2,623;289,300;TR-05_2-079-E;NO;1
1004;SJ;TR-05_2-081;2TTx64;-1,247;4,452;4,623;285,600;TR-05_2-082-W;NO;1;-4,633;4,798;285,100;TR-05_2-080-E;NO;1
1005;SJ;TR-05_2-082;2TTx64;-1,312;5,621;5,772;283,100;TR-05_2-083-W;NO;1;-4,475;4,663;286,300;TR-05_2-081-E;NO;1
1006;SJ;TR-05_2-083;2TTx64;-0,985;4,822;4,922;281,500;TR-05_1-022-W;NO;1;-5,962;6,043;279,400;TR-05_2-082-E;NO;1
1007;SJ;TR-05_2-084;2TTx64;1,115;3,944;4,099;254,200;TR-05_2-085-W;NO;1;-2,934;3,139;249,200;TR-03_2-120-E;NO;1
1008;SJ;TR-05_2-085;2TTx64;1,258;2,956;3,212;247,000;TR-05_2-086-W;NO;1;-3,538;3,755;250,400;TR-05_2-084-E;NO;1
1009;SJ;TR-05_2-086;2TTx64;1,415;3,943;4,189;250,300;;NO;0;-3,340;3,627;247,000;TR-05_2-085-E;NO;1
1010;SJ;TR-05_2-087;2TTx64;2,440;3,243;4,058;233,000;TR-05_2-088-W;NO;1;;;;;;
1011;SJ;TR-05_2-088;2TTx64;2,556;4,124;4,852;238,200;TR-05_2-089-W;NO;1;-1,918;3,196;216,900;TR-05_2-087-E;NO;1
1012;SJ;TR-05_2-089;2TTx64;2,402;0,540;2,462;192,700;;NO;0;-3,156;3,966;232,700;TR-05_2-088-E;NO;1
1013;SJ;TR-05_2-090;2TTx64;2,071;2,584;3,311;231,300;TR-05_2-091-W;NO;1;-2,108;2,955;225,500;;NO;0
1014;SJ;TR-05_2-091;2TTx64;2,203;2,462;3,304;228,200;TR-05_2-092-W;NO;1;-2,500;3,332;228,600;TR-05_2-090-E;NO;1
1015;SJ;TR-05_2-092;2TTx64;2,508;1,798;3,086;215,600;TR-05_2-093-W;NO;1;-2,334;3,426;222,900;TR-05_2-091-E;NO;1
1016;SJ;TR-05_2-093;2TTx64;2,391;2,236;3,274;223,100;TR-05_2-094-W;NO;1;-1,867;3,034;218,000;TR-05_2-092-E;NO;1
1017;SJ;TR-05_2-094;2TTx64;2,174;3,260;3,918;236,300;TR-05_2-095-W;NO;1;-3,080;3,770;234,800;TR-05_2-093-E;NO;1
1018;SJ;TR-05_2-095;2TTx64;2,411;4,188;4,833;240,100;TR-05_2-096-W;NO;1;-3,480;4,234;235,300;TR-05_2-094-E;NO;1
1019;SJ;TR-05_2-096;2TTx64;2,993;2,366;3,815;218,300;TR-05_2-097-W;NO;1;-4,520;5,421;236,500;TR-05_2-095-E;NO;1
1020;SJ;TR-05_2-097;2TTx64;3,016;3,133;4,349;226,100;TR-05_1-038-W;NO;1;-2,343;3,819;217,800;TR-05_2-096-E;NO;1
1021;SJ;TR-05_2-098;2TTx64;-1,814;3,110;3,600;300,200;TR-05_2-099-W;NO;1;;;;;;
1022;SJ;TR-05_2-099;2TTx64;-2,090;3,053;3,700;304,400;TR-05_2-100-W;NO;1;-3,236;3,852;302,900;TR-05_2-098-E;NO;1
1023;SJ;TR-05_2-100;2TTx64;-2,462;4,134;4,811;300,800;TR-05_2-101-W;NO;1;-3,284;4,104;306,900;TR-05_2-099-E;NO;1
1024;SJ;TR-05_2-101;2TTx64;-2,420;2,297;3,336;316,500;TR-05_2-102-W;NO;1;-1,451;2,821;329,100;TR-05_2-100-E;NO;1
1025;SJ;TR-05_2-102;2TTx64;-2,390;2,108;3,187;318,600;TR-05_2-103-W;NO;1;-2,157;3,219;317,900;TR-05_2-101-E;NO;1
1026;SJ;TR-05_2-103;2TTx64;-2,433;2,765;3,683;311,300;TR-05_2-104-W;NO;1;-2,280;3,334;316,900;TR-05_2-102-E;NO;1
1027;SJ;TR-05_2-104;2TTx64;-2,551;4,297;4,997;300,700;TR-05_2-105-W;NO;1;-2,487;3,563;315,700;TR-05_2-103-E;NO;1
1028;SJ;TR-05_2-105;2TTx64;-2,899;2,474;3,811;319,500;TR-05_2-106-W;NO;1;-3,926;4,880;306,400;TR-05_2-104-E;NO;1
1029;SJ;TR-05_2-106;2TTx64;-2,976;1,781;3,468;329,100;TR-05_2-107-W;NO;1;-1,952;3,559;326,700;TR-05_2-105-E;NO;1
1030;SJ;TR-05_2-107;2TTx64;-2,580;2,554;3,630;315,300;TR-05_2-108-W;NO;1;-1,393;2,932;331,600;TR-05_2-106-E;NO;1
1031;SJ;TR-05_2-108;2TTx64;-2,423;2,162;3,247;318,300;TR-05_1-058-W;NO;1;-2,756;3,670;311,300;TR-05_2-107-E;NO;1
1032;SJ;TR-05_2-109;2TTx64;-2,911;1,549;3,297;332,000;TR-05_2-110-W;NO;1;;;;;;
1033;SJ;TR-05_2-110;2TTx64;-2,092;1,112;2,369;332,000;TR-05_2-111-W;NO;1;-2,280;3,094;312,500;TR-05_2-109-E;NO;1
1034;SJ;TR-05_2-111;2TTx64;-1,415;2,970;3,290;295,500;TR-05_2-112-W;NO;1;-1,823;2,308;307,800;TR-05_2-110-E;NO;1
1035;SJ;TR-05_2-112;2TTx64;-1,538;2,762;3,161;299,100;TR-05_2-113-W;NO;1;-2,129;2,626;305,800;TR-05_2-111-E;NO;1
1036;SJ;TR-05_2-113;2TTx64;-1,917;3,134;3,674;301,500;TR-05_2-114-W;NO;1;-2,251;2,957;310,400;TR-05_2-112-E;NO;1
1037;SJ;TR-05_2-114;2TTx64;-2,257;3,590;4,241;302,200;TR-05_2-115-W;NO;1;-3,236;3,946;304,900;TR-05_2-113-E;NO;1
1038;SJ;TR-05_2-115;2TTx64;-2,115;3,664;4,231;300,000;TR-05_2-116-W;NO;1;-3,338;3,952;302,400;TR-05_2-114-E;NO;1
1039;SJ;TR-05_2-116;2TTx64;-1,519;1,187;1,928;322,000;TR-05_2-117-W;NO;1;-4,864;5,096;287,300;TR-05_2-115-E;NO;1
1040;SJ;TR-05_2-117;2TTx64;-1,406;1,915;2,376;306,300;TR-05_2-118-W;NO;1;-0,944;1,693;326,100;TR-05_2-116-E;NO;1
1041;SJ;TR-05_2-118;2TTx64;-1,972;3,696;4,189;298,100;TR-05_2-119-W;NO;1;-2,166;2,929;312,300;TR-05_2-117-E;NO;1
1042;SJ;TR-05_2-119;2TTx64;-2,402;1,850;3,032;322,400;TR-05_1-082-W;NO;1;-3,750;4,453;302,600;TR-05_2-118-E;NO;1
1043;SJ;TR-06_1-001;2TTx64;-0,398;-0,359;0,536;42,100;TR-06_1-002-W;NO;1;;;;;;
1044;SJ;TR-06_1-002;2TTx64;-1,103;-0,965;1,465;41,200;TR-06_1-003-W;NO;1;-1,035;1,512;316,800;TR-06_1-001-E;NO;1
1045;SJ;TR-06_1-003;2TTx64;-1,680;2,544;3,049;303,400;TR-06_1-004-W;NO;1;0,236;1,697;8,000;TR-06_1-002-E;NO;1
1046;SJ;TR-06_1-004;2TTx64;-1,834;4,430;4,795;292,500;TR-06_1-005-W;NO;1;-2,501;3,101;306,200;TR-06_1-003-E;NO;1
1047;SJ;TR-06_1-005;2TTx64;-1,524;363,081;363,084;270,200;TR-06_1-006-W;NO;1;-3,566;3,878;293,100;TR-06_1-004-E;NO;1
1048;SJ;TR-06_1-006;2TTx64;-0,974;-295,020;295,022;89,800;;NO;0;-244,423;244,425;270,200;TR-06_1-005-E;NO;1
1049;SJ;TR-06_1-007;2TTx64;0,026;3,021;3,021;269,500;TR-06_1-008-W;NO;1;295,020;295,020;90,000;;NO;0
1050;SJ;TR-06_1-008;2TTx64;0,842;1,599;1,807;242,200;TR-06_1-009-W;NO;1;-3,185;3,294;255,200;TR-06_1-007-E;NO;1
1051;SJ;TR-06_1-009;2TTx64;1,184;-1,312;1,767;132,100;TR-06_1-010-W;NO;1;-2,564;2,824;245,200;TR-06_1-008-E;NO;1
1052;SJ;TR-06_1-010;2TTx64;1,184;-2,290;2,578;117,300;TR-06_1-011-W;NO;1;-3,333;3,537;250,400;TR-06_1-009-E;NO;1
1053;SJ;TR-06_1-011;2TTx64;1,246;-1,131;1,682;137,800;TR-06_1-012-W;NO;1;1,197;1,728;136,100;TR-06_1-010-E;NO;1
1054;SJ;TR-06_1-012;2TTx64;1,000;-1,215;1,573;129,400;TR-06_1-013-W;NO;1;0,409;1,080;157,800;TR-06_1-011-E;NO;1
1055;SJ;TR-06_1-013;2TTx64;0,192;0,405;0,448;244,600;TR-03_2-001-W;NO;1;0,185;0,267;136,100;TR-06_1-012-E;NO;1
1056;SJ;TR-06_1-014;2TTx64;-1,879;2,696;3,286;304,900;TR-06_1-015-W;NO;1;;;;;;
1057;SJ;TR-06_1-015;2TTx64;-2,287;-0,644;2,376;15,700;TR-06_1-016-W;NO;1;-6,030;6,449;290,800;TR-06_1-014-E;NO;1
1058;SJ;TR-06_1-016;2TTx64;-2,116;5,597;5,984;290,700;TR-06_1-017-W;NO;1;-0,171;2,123;355,400;TR-06_1-015-E;NO;1
1059;SJ;TR-06_1-017;2TTx64;-1,955;4,438;4,850;293,800;TR-06_1-018-W;NO;1;-4,544;4,947;293,300;TR-06_1-016-E;NO;1
1060;SJ;TR-06_1-018;2TTx64;-2,168;-0,147;2,173;3,900;;NO;0;-4,410;4,914;296,200;TR-06_1-017-E;NO;1
1061;SJ;TR-06_1-019;2TTx64;-1,724;-0,380;1,765;12,400;TR-06_1-020-W;NO;1;0,182;1,734;6,000;;NO;0
1062;SJ;TR-06_1-020;2TTx64;-1,799;0,927;2,024;332,700;TR-06_1-021-W;NO;1;0,557;1,883;17,200;TR-06_1-019-E;NO;1
1063;SJ;TR-06_1-021;2TTx64;-1,593;-2,642;3,085;58,900;TR-06_1-022-W;NO;1;-0,575;1,694;340,200;TR-06_1-020-E;NO;1
1064;SJ;TR-06_1-022;2TTx64;-1,159;2,847;3,074;292,200;TR-06_1-023-W;NO;1;1,890;2,217;58,500;TR-06_1-021-E;NO;1
1065;SJ;TR-06_1-023;2TTx64;-1,031;-1,786;2,062;60,000;TR-06_1-024-W;NO;1;-1,219;1,596;310,200;TR-06_1-022-E;NO;1
1066;SJ;TR-06_1-024;2TTx64;-1,403;0,787;1,608;330,700;TR-06_1-025-W;NO;1;1,104;1,785;38,200;TR-06_1-023-E;NO;1
1067;SJ;TR-06_1-025;2TTx64;-1,988;3,619;4,129;298,800;TR-06_1-026-W;NO;1;-0,669;2,097;341,400;TR-06_1-024-E;NO;1
1068;SJ;TR-06_1-026;2TTx64;-2,470;1,221;2,755;333,700;TR-03_2-002-W;NO;1;-3,297;4,119;306,800;TR-06_1-025-E;NO;1
1069;SJ;TR-06_1-027;2TTx64;1,300;1,674;2,120;232,200;;NO;0;-1,055;1,674;219,100;TR-06_2-019-E;NO;1
1070;SJ;TR-06_1-028;2TTx64;1,738;2,103;2,728;230,400;;NO;0;-1,440;2,257;219,600;;NO;0
1071;SJ;TR-06_1-029;2TTx64;1,447;1,171;1,862;219,000;TR-06_1-030-W;NO;1;-2,103;2,553;235,500;;NO;0
1072;SJ;TR-06_1-030;2TTx64;1,287;2,463;2,779;242,400;TR-06_1-031-W;NO;1;-1,171;1,740;222,300;TR-06_1-029-E;NO;1
1073;SJ;TR-06_1-031;2TTx64;1,220;2,228;2,540;241,300;TR-06_1-032-W;NO;1;-2,380;2,674;242,900;TR-06_1-030-E;NO;1
1074;SJ;TR-06_1-032;2TTx64;0,667;4,439;4,489;261,400;TR-06_1-033-W;NO;1;-7,925;7,953;265,200;TR-06_1-031-E;NO;1
1075;SJ;TR-06_1-033;2TTx64;0,642;1,374;1,517;245,000;;NO;0;-5,823;5,858;263,700;TR-06_1-032-E;NO;1
1076;SJ;TR-06_1-034;2TTx64;0,236;2,708;2,718;265,000;TR-06_1-035-W;NO;1;-1,374;1,394;260,300;;NO;0
1077;SJ;TR-06_1-035;2TTx64;-0,004;4,334;4,334;270,100;TR-06_1-036-W;NO;1;-3,509;3,509;270,100;TR-06_1-034-E;NO;1
1078;SJ;TR-06_1-036;2TTx64;0,111;1,498;1,502;265,800;TR-06_1-037-W;NO;1;-5,259;5,260;268,800;TR-06_1-035-E;NO;1
1079;SJ;TR-06_1-037;2TTx64;-0,603;0,481;0,772;321,400;TR-06_1-038-W;NO;1;-1,644;1,751;290,200;TR-06_1-036-E;NO;1
1080;SJ;TR-06_1-038;2TTx64;-0,551;0,393;0,677;324,500;TR-06_1-039-W;NO;1;-0,184;0,581;341,500;TR-06_1-037-E;NO;1
1081;SJ;TR-06_1-039;2TTx64;-0,840;235,406;235,407;270,200;TR-06_1-040-W;NO;1;0,073;0,843;5,000;TR-06_1-038-E;NO;1
1082;SJ;TR-06_1-040;2TTx64;-1,346;-590,573;590,575;89,900;TR-06_1-041-W;NO;1;-253,034;253,038;270,300;TR-06_1-039-E;NO;1
1083;SJ;TR-06_1-041;2TTx64;-1,799;1,184;2,154;326,700;TR-06_1-042-W;NO;1;-2,271;2,897;308,400;TR-06_1-040-E;NO;1
1084;SJ;TR-06_1-042;2TTx64;-1,938;-0,129;1,942;3,800;TR-06_1-043-W;NO;1;-1,758;2,617;317,800;TR-06_1-041-E;NO;1
1085;SJ;TR-06_1-043;2TTx64;-1,363;3,016;3,310;294,300;TR-06_1-044-W;NO;1;-0,807;1,584;329,400;TR-06_1-042-E;NO;1
1086;SJ;TR-06_1-044;2TTx64;-0,787;0,094;0,792;353,200;TR-03_2-009-W;NO;1;-2,799;2,907;285,700;TR-06_1-043-E;NO;1
1087;SJ;TR-06_1-045;2TTx64;0,247;1,204;1,229;258,400;TR-06_1-046-W;NO;1;-1,348;1,370;259,600;TR-06_2-038-E;NO;1
1088;SJ;TR-06_1-046;2TTx64;0,549;1,293;1,405;247,000;TR-06_1-047-W;NO;1;1,460;1,560;110,600;TR-06_1-045-E;NO;1
1089;SJ;TR-06_1-047;2TTx64;1,394;0,046;1,395;181,900;TR-06_1-048-W;NO;1;-2,579;2,932;241,600;TR-06_1-046-E;NO;1
1090;SJ;TR-06_1-048;2TTx64;1,427;3,968;4,217;250,200;TR-06_1-049-W;NO;1;-0,980;1,731;214,500;TR-06_1-047-E;NO;1
1091;SJ;TR-06_1-049;2TTx64;0,553;2,455;2,516;257,300;TR-06_1-050-W;NO;1;-4,056;4,093;262,200;TR-06_1-048-E;NO;1
1092;SJ;TR-06_1-050;2TTx64;0,839;6,198;6,255;262,300;TR-06_1-051-W;NO;1;-7,458;7,505;263,600;TR-06_1-049-E;NO;1
1093;SJ;TR-06_1-051;2TTx64;0,650;8,251;8,277;265,500;TR-06_1-052-W;NO;1;-4,404;4,452;261,600;TR-06_1-050-E;NO;1
1094;SJ;TR-06_1-052;2TTx64;-0,029;3,985;3,985;270,400;TR-06_1-053-W;NO;1;-6,177;6,177;270,300;TR-06_1-051-E;NO;1
1095;SJ;TR-06_1-053;2TTx64;-0,025;;;;;;;-3,569;3,569;270,400;TR-06_1-052-E;NO;1
1096;SJ;TR-06_1-055;2TTx64;0,920;0,660;1,132;215,700;TR-06_1-056-W;NO;1;;;;;;
1097;SJ;TR-06_1-056;2TTx64;0,850;0,981;1,298;229,100;TR-06_1-057-W;NO;1;-0,660;1,076;217,800;TR-06_1-055-E;NO;1
1098;SJ;TR-06_1-057;2TTx64;0,848;0,773;1,147;222,400;TR-06_1-058-W;NO;1;-1,062;1,359;231,400;TR-06_1-056-E;NO;1
1099;SJ;TR-06_1-058;2TTx64;0,753;5,343;5,396;262,000;TR-06_1-059-W;NO;1;-1,164;1,386;237,100;TR-06_1-057-E;NO;1
1100;SJ;TR-06_1-059;2TTx64;0,480;3,195;3,231;261,500;;NO;0;0,831;0,959;120,000;TR-06_1-058-E;NO;1
1101;SJ;TR-06_1-060;2TTx64;-0,156;0,638;0,657;283,700;TR-06_1-061-W;NO;1;;;;;;
1102;SJ;TR-06_1-061;2TTx64;0,101;-0,869;0,875;96,600;TR-06_1-062-W;NO;1;-2,801;2,803;267,900;TR-06_1-060-E;NO;1
1103;SJ;TR-06_1-062;2TTx64;0,336;2,954;2,973;263,500;TR-03_2-029-W;NO;1;-0,312;0,459;222,900;TR-06_1-061-E;NO;1
1104;SJ;TR-06_1-063;2TTx64;-1,484;1,611;2,190;312,600;;NO;0;-2,133;2,598;304,800;TR-06_2-058-E;NO;1
1105;SJ;TR-06_1-064;2TTx64;-2,479;1,894;3,120;322,600;TR-06_1-065-W;NO;1;-1,693;3,002;325,700;;NO;0
1106;SJ;TR-06_1-065;2TTx64;-2,890;-1,253;3,150;23,400;TR-06_1-066-W;NO;1;-1,894;3,456;326,800;TR-06_1-064-E;NO;1
1107;SJ;TR-06_1-066;2TTx64;-3,199;;;;;;;1,646;3,598;27,200;TR-06_1-065-E;NO;1
1108;SJ;TR-06_1-067;2TTx64;-2,560;3,018;3,957;310,300;TR-06_1-068-W;NO;1;;;;;;
1109;SJ;TR-06_1-068;2TTx64;-0,703;-2,001;2,121;70,600;TR-06_1-069-W;NO;1;-4,605;4,658;278,700;TR-06_1-067-E;NO;1
1110;SJ;TR-06_1-069;2TTx64;0,618;-0,690;0,926;131,800;TR-06_1-070-W;NO;1;2,410;2,488;104,400;TR-06_1-068-E;NO;1
1111;SJ;TR-06_1-070;2TTx64;0,231;-0,830;0,862;105,600;TR-06_1-071-W;NO;1;-0,072;0,242;197,300;TR-06_1-069-E;NO;1
1112;SJ;TR-06_1-071;2TTx64;-0,569;3,848;3,890;278,400;TR-06_1-072-W;NO;1;-2,140;2,214;284,900;TR-06_1-070-E;NO;1
1113;SJ;TR-06_1-072;2TTx64;0,092;3,082;3,083;268,300;TR-06_1-073-W;NO;1;-4,251;4,252;268,800;TR-06_1-071-E;NO;1
1114;SJ;TR-06_1-073;2TTx64;0,819;-1,193;1,447;124,500;;NO;0;-2,833;2,949;253,900;TR-06_1-072-E;NO;1
1115;SJ;TR-06_1-076;2TTx64;-0,564;2,786;2,843;281,500;TR-06_1-077-W;NO;1;;;;;;
1116;SJ;TR-06_1-077;2TTx64;-0,932;8,906;8,955;276,000;TR-06_1-078-W;NO;1;-2,786;2,938;288,500;TR-06_1-076-E;NO;1
1117;SJ;TR-06_1-078;2TTx64;-0,012;-0,936;0,936;89,300;TR-06_1-079-W;NO;1;-8,557;8,557;270,100;TR-06_1-077-E;NO;1
1118;SJ;TR-06_1-079;2TTx64;1,342;0,916;1,625;214,300;TR-03_2-049-W;NO;1;-0,368;1,392;195,300;TR-06_1-078-E;NO;1
1119;SJ;TR-06_1-080;2TTx64;1,725;3,937;4,298;246,300;TR-06_1-081-W;NO;1;-6,472;6,698;255,100;TR-06_2-078-E;NO;1
1120;SJ;TR-06_1-081;2TTx64;1,750;3,932;4,304;246,000;TR-06_1-082-W;NO;1;-2,753;3,262;237,600;TR-06_1-080-E;NO;1
1121;SJ;TR-06_1-082;2TTx64;1,915;1,254;2,289;213,200;TR-06_1-083-W;NO;1;-4,021;4,454;244,500;TR-06_1-081-E;NO;1
1122;SJ;TR-06_1-083;2TTx64;1,598;6,158;6,362;255,500;TR-06_1-084-W;NO;1;-0,266;1,620;189,500;TR-06_1-082-E;NO;1
1123;SJ;TR-06_1-084;2TTx64;1,097;0,997;1,483;222,300;TR-06_1-085-W;NO;1;-0,667;1,284;211,300;TR-06_1-083-E;NO;1
1124;SJ;TR-06_1-085;2TTx64;-0,093;0,558;0,566;279,400;TR-06_1-086-W;NO;1;-1,338;1,341;274,000;TR-06_1-084-E;NO;1
1125;SJ;TR-06_1-086;2TTx64;-0,911;0,191;0,931;348,200;TR-06_1-087-W;NO;1;-0,287;0,955;342,500;TR-06_1-085-E;NO;1
1126;SJ;TR-06_1-087;2TTx64;-1,378;4,795;4,989;286,000;TR-06_1-088-W;NO;1;-0,407;1,437;343,500;TR-06_1-086-E;NO;1
1127;SJ;TR-06_1-088;2TTx64;-1,770;1,882;2,584;313,200;TR-06_1-089-W;NO;1;-1,952;2,635;312,200;TR-06_1-087-E;NO;1
1128;SJ;TR-06_1-089;2TTx64;-1,682;3,099;3,526;298,500;TR-06_1-090-W;NO;1;-1,206;2,070;324,400;TR-06_1-088-E;NO;1
1129;SJ;TR-06_1-090;2TTx64;-2,140;-6,042;6,410;70,500;;NO;0;-2,982;3,670;305,700;TR-06_1-089-E;NO;1
1130;SJ;TR-06_1-091;2TTx64;-3,095;4,863;5,765;302,500;TR-06_1-092-W;NO;1;-3,708;4,830;309,900;;NO;0
1131;SJ;TR-06_1-092;2TTx64;-2,510;4,352;5,024;300,000;TR-06_1-093-W;NO;1;-4,304;4,983;300,300;TR-06_1-091-E;NO;1
1132;SJ;TR-06_1-093;2TTx64;-2,111;3,619;4,190;300,300;TR-06_1-094-W;NO;1;-2,999;3,667;305,100;TR-06_1-092-E;NO;1
1133;SJ;TR-06_1-094;2TTx64;-1,520;6,682;6,853;282,800;TR-06_1-095-W;NO;1;-3,576;3,886;293,000;TR-06_1-093-E;NO;1
1134;SJ;TR-06_1-095;2TTx64;-2,053;1,765;2,708;319,300;TR-06_1-096-W;NO;1;-4,743;5,168;293,400;TR-06_1-094-E;NO;1
1135;SJ;TR-06_1-096;2TTx64;-2,740;-3,848;4,724;54,500;TR-03_2-069-W;NO;1;-1,357;3,058;333,700;TR-06_1-095-E;NO;1
1136;SJ;TR-06_1-097;2TTx64;-0,019;3,523;3,523;270,300;TR-06_1-098-W;NO;1;-3,757;3,757;270,300;TR-06_2-098-E;NO;1
1137;SJ;TR-06_1-098;2TTx64;0,189;3,678;3,683;267,100;TR-06_1-099-W;NO;1;-2,930;2,936;266,300;TR-06_1-097-E;NO;1
1138;SJ;TR-06_1-099;2TTx64;0,329;-0,206;0,388;148,000;TR-06_1-100-W;NO;1;-3,829;3,843;265,100;TR-06_1-098-E;NO;1
1139;SJ;TR-06_1-100;2TTx64;0,022;6,123;6,123;269,800;TR-06_1-101-W;NO;1;-0,529;0,529;267,600;TR-06_1-099-E;NO;1
1140;SJ;TR-06_1-101;2TTx64;0,167;3,315;3,319;267,100;TR-06_1-102-W;NO;1;-3,196;3,200;267,000;TR-06_1-100-E;NO;1
1141;SJ;TR-06_1-102;2TTx64;0,603;1,356;1,484;246,000;TR-06_1-103-W;NO;1;-4,134;4,178;261,700;TR-06_1-101-E;NO;1
1142;SJ;TR-06_1-103;2TTx64;0,972;1,130;1,491;229,300;TR-06_1-104-W;NO;1;-1,261;1,592;232,400;TR-06_1-102-E;NO;1
1143;SJ;TR-06_1-104;2TTx64;1,258;5,204;5,354;256,400;TR-06_1-105-W;NO;1;-1,253;1,775;224,900;TR-06_1-103-E;NO;1
1144;SJ;TR-06_1-105;2TTx64;1,365;2,581;2,920;242,100;TR-06_1-106-W;NO;1;-2,197;2,587;238,100;TR-06_1-104-E;NO;1
1145;SJ;TR-06_1-106;2TTx64;1,212;0,494;1,308;202,200;TR-06_1-107-W;NO;1;-2,569;2,840;244,800;TR-06_1-105-E;NO;1
1146;SJ;TR-06_1-107;2TTx64;1,393;2,117;2,534;236,600;TR-06_1-108-W;NO;1;-0,443;1,462;197,600;TR-06_1-106-E;NO;1
1147;SJ;TR-06_1-108;2TTx64;1,656;3,085;3,502;241,800;TR-06_1-109-W;NO;1;-1,856;2,488;228,300;TR-06_1-107-E;NO;1
1148;SJ;TR-06_1-109;2TTx64;1,936;4,342;4,754;246,000;TR-06_1-110-W;NO;1;-2,668;3,297;234,000;TR-06_1-108-E;NO;1
1149;SJ;TR-06_1-110;2TTx64;1,936;3,530;4,026;241,300;TR-06_1-111-W;NO;1;0,513;2,003;165,200;TR-06_1-109-E;NO;1
1150;SJ;TR-06_1-111;2TTx64;1,708;5,535;5,792;252,900;TR-06_1-112-W;NO;1;-4,278;4,606;248,200;TR-06_1-110-E;NO;1
1151;SJ;TR-06_1-112;2TTx64;1,787;6,543;6,783;254,700;TR-06_1-113-W;NO;1;-5,002;5,312;250,300;TR-06_1-111-E;NO;1
1152;SJ;TR-06_1-113;2TTx64;2,006;-5,550;5,902;109,900;TR-03_2-089-W;NO;1;-5,104;5,484;248,500;TR-06_1-112-E;NO;1
1153;SJ;TR-06_1-114;2TTx64;-2,180;3,195;3,868;304,300;TR-06_1-115-W;NO;1;-4,202;4,734;297,400;TR-06_2-118-E;NO;1
1154;SJ;TR-06_1-115;2TTx64;-2,171;5,271;5,701;292,400;TR-06_1-116-W;NO;1;-1,967;2,930;317,800;TR-06_1-114-E;NO;1
1155;SJ;TR-06_1-116;2TTx64;-1,934;0,215;1,946;353,700;TR-06_1-117-W;NO;1;-4,105;4,538;295,200;TR-06_1-115-E;NO;1
1156;SJ;TR-06_1-117;2TTx64;-1,201;1,741;2,115;304,600;TR-06_1-118-W;NO;1;-0,850;1,471;324,700;TR-06_1-116-E;NO;1
1157;SJ;TR-06_1-118;2TTx64;-0,944;2,770;2,927;288,800;TR-06_1-119-W;NO;1;-3,342;3,473;285,800;TR-06_1-117-E;NO;1
1158;SJ;TR-06_1-119;2TTx64;-1,352;3,312;3,577;292,200;;NO;0;-2,203;2,585;301,500;TR-06_1-118-E;NO;1
1159;SJ;TR-06_2-001;2TTx64;-2,651;6,044;6,600;293,700;TR-06_2-002-W;NO;1;;;;;;
1160;SJ;TR-06_2-002;2TTx64;-2,480;2,714;3,677;312,400;TR-06_2-003-W;NO;1;-6,044;6,533;292,300;TR-06_2-001-E;NO;1
1161;SJ;TR-06_2-003;2TTx64;-2,402;3,396;4,160;305,300;TR-06_2-004-W;NO;1;-2,025;3,142;319,900;TR-06_2-002-E;NO;1
1162;SJ;TR-06_2-004;2TTx64;-2,164;5,293;5,718;292,200;TR-06_2-005-W;NO;1;-3,690;4,278;300,400;TR-06_2-003-E;NO;1
1163;SJ;TR-06_2-005;2TTx64;-1,831;4,795;5,133;290,900;TR-06_2-006-W;NO;1;-5,401;5,703;288,700;TR-06_2-004-E;NO;1
1164;SJ;TR-06_2-006;2TTx64;-1,255;2,795;3,064;294,200;TR-06_2-007-W;NO;1;-4,957;5,113;284,200;TR-06_2-005-E;NO;1
1165;SJ;TR-06_2-007;2TTx64;-0,556;2,567;2,627;282,200;TR-06_2-008-W;NO;1;-2,051;2,125;285,200;TR-06_2-006-E;NO;1
1166;SJ;TR-06_2-008;2TTx64;-0,502;2,584;2,632;281,000;TR-06_2-009-W;NO;1;-2,295;2,349;282,400;TR-06_2-007-E;NO;1
1167;SJ;TR-06_2-009;2TTx64;-0,312;1,249;1,287;284,000;TR-06_2-010-W;NO;1;-2,863;2,880;276,200;TR-06_2-008-E;NO;1
1168;SJ;TR-06_2-010;2TTx64;-0,364;;;;;;;-1,424;1,470;284,300;TR-06_2-009-E;NO;1
1169;SJ;TR-06_2-011;2TTx64;0,663;0,668;0,941;225,200;TR-06_2-012-W;NO;1;;;;;;
1170;SJ;TR-06_2-012;2TTx64;1,116;0,572;1,254;207,100;TR-06_2-013-W;NO;1;-0,735;1,336;213,400;TR-06_2-011-E;NO;1
1171;SJ;TR-06_2-013;2TTx64;1,240;1,358;1,839;227,600;TR-06_2-014-W;NO;1;-2,307;2,619;241,700;TR-06_2-012-E;NO;1
1172;SJ;TR-06_2-014;2TTx64;1,626;119,675;119,686;269,200;TR-06_2-015-W;NO;1;-1,507;2,217;222,800;TR-06_2-013-E;NO;1
1173;SJ;TR-06_2-015;2TTx64;-47,767;;;;;;;-179,647;185,889;284,900;TR-06_2-014-E;NO;1
1174;SJ;TR-06_2-016;2TTx64;1,298;4,072;4,274;252,300;TR-06_2-017-W;NO;1;;;;;;
1175;SJ;TR-06_2-017;2TTx64;1,346;2,558;2,891;242,200;TR-06_2-018-W;NO;1;-4,670;4,860;253,900;TR-06_2-016-E;NO;1
1176;SJ;TR-06_2-018;2TTx64;1,871;2,602;3,205;234,300;TR-06_2-019-W;NO;1;-2,421;3,059;232,300;TR-06_2-017-E;NO;1
1177;SJ;TR-06_2-019;2TTx64;1,287;1,412;1,910;227,700;TR-06_1-027-W;NO;1;-2,705;2,996;244,600;TR-06_2-018-E;NO;1
1178;SJ;TR-06_2-020;2TTx64;-0,102;5,083;5,084;271,200;TR-06_2-021-W;NO;1;;;;;;
1179;SJ;TR-06_2-021;2TTx64;0,143;2,206;2,211;266,300;TR-06_2-022-W;NO;1;-5,083;5,085;268,400;TR-06_2-020-E;NO;1
1180;SJ;TR-06_2-022;2TTx64;-0,208;5,131;5,135;272,300;TR-06_2-023-W;NO;1;-2,031;2,042;275,800;TR-06_2-021-E;NO;1
1181;SJ;TR-06_2-023;2TTx64;-0,323;4,314;4,326;274,300;TR-06_2-024-W;NO;1;-1,611;1,643;281,300;TR-06_2-022-E;NO;1
1182;SJ;TR-06_2-024;2TTx64;-0,078;2,868;2,869;271,600;TR-06_2-025-W;NO;1;-4,193;4,194;271,100;TR-06_2-023-E;NO;1
1183;SJ;TR-06_2-025;2TTx64;-0,033;0,386;0,387;274,900;TR-06_2-026-W;NO;1;-2,896;2,896;270,700;TR-06_2-024-E;NO;1
1184;SJ;TR-06_2-026;2TTx64;0,051;2,614;2,614;268,900;TR-06_2-027-W;NO;1;-0,442;0,445;263,400;TR-06_2-025-E;NO;1
1185;SJ;TR-06_2-027;2TTx64;0,607;2,273;2,353;255,100;TR-06_2-028-W;NO;1;-1,951;2,043;252,700;TR-06_2-026-E;NO;1
1186;SJ;TR-06_2-028;2TTx64;0,708;1,261;1,446;240,700;TR-06_2-029-W;NO;1;-2,702;2,793;255,300;TR-06_2-027-E;NO;1
1187;SJ;TR-06_2-029;2TTx64;1,040;;;;;;;-1,026;1,461;224,600;TR-06_2-028-E;NO;1
1188;SJ;TR-06_2-030;2TTx64;2,068;0,268;2,085;187,400;TR-06_2-031-W;NO;1;;;;;;
1189;SJ;TR-06_2-031;2TTx64;1,658;-0,841;1,860;153,100;TR-06_2-032-W;NO;1;-1,030;1,952;211,800;TR-06_2-030-E;NO;1
1190;SJ;TR-06_2-032;2TTx64;1,536;1,862;2,414;230,500;TR-06_2-033-W;NO;1;-2,612;3,030;239,500;TR-06_2-031-E;NO;1
1191;SJ;TR-06_2-033;2TTx64;1,200;0,334;1,246;195,500;TR-06_2-034-W;NO;1;-2,100;2,419;240,200;TR-06_2-032-E;NO;1
1192;SJ;TR-06_2-034;2TTx64;0,741;2,577;2,681;254,000;TR-06_2-035-W;NO;1;-0,975;1,224;232,800;TR-06_2-033-E;NO;1
1193;SJ;TR-06_2-035;2TTx64;0,168;3,233;3,237;267,000;TR-06_2-036-W;NO;1;-2,869;2,874;266,700;TR-06_2-034-E;NO;1
1194;SJ;TR-06_2-036;2TTx64;-0,034;2,949;2,949;270,700;TR-06_2-037-W;NO;1;-4,745;4,745;270,400;TR-06_2-035-E;NO;1
1195;SJ;TR-06_2-037;2TTx64;0,024;1,157;1,157;268,800;TR-06_2-038-W;NO;1;-4,131;4,131;269,700;TR-06_2-036-E;NO;1
1196;SJ;TR-06_2-038;2TTx64;-0,230;1,586;1,603;278,200;TR-06_1-045-W;NO;1;-1,509;1,526;278,700;TR-06_2-037-E;NO;1
1197;SJ;TR-06_2-039;2TTx64;1,692;2,055;2,662;230,500;TR-06_2-040-W;NO;1;;;;;;
1198;SJ;TR-06_2-040;2TTx64;1,468;3,809;4,082;248,900;TR-06_2-041-W;NO;1;-2,055;2,525;234,500;TR-06_2-039-E;NO;1
1199;SJ;TR-06_2-041;2TTx64;1,288;-0,182;1,300;172,000;TR-06_2-042-W;NO;1;-3,943;4,148;251,900;TR-06_2-040-E;NO;1
1200;SJ;TR-06_2-042;2TTx64;1,799;3,950;4,340;245,500;TR-06_2-043-W;NO;1;-2,299;2,919;232,000;TR-06_2-041-E;NO;1
1201;SJ;TR-06_2-043;2TTx64;2,063;3,350;3,934;238,400;TR-06_2-044-W;NO;1;-3,276;3,872;237,800;TR-06_2-042-E;NO;1
1202;SJ;TR-06_2-044;2TTx64;1,975;4,373;4,798;245,700;TR-06_2-045-W;NO;1;-2,860;3,476;235,400;TR-06_2-043-E;NO;1
1203;SJ;TR-06_2-045;2TTx64;1,444;-0,148;1,452;174,100;TR-06_2-046-W;NO;1;-4,444;4,673;252,000;TR-06_2-044-E;NO;1
1204;SJ;TR-06_2-046;2TTx64;1,074;3,542;3,701;253,100;TR-06_2-047-W;NO;1;-0,952;1,435;221,500;TR-06_2-045-E;NO;1
1205;SJ;TR-06_2-047;2TTx64;0,413;3,067;3,095;262,300;TR-06_2-048-W;NO;1;-1,566;1,620;255,200;TR-06_2-046-E;NO;1
1206;SJ;TR-06_2-048;2TTx64;0,003;;;;;;;-2,861;2,861;269,900;TR-06_2-047-E;NO;1
1207;SJ;TR-06_2-049;2TTx64;-1,292;6,205;6,338;281,800;TR-06_2-050-W;NO;1;;;;;;
1208;SJ;TR-06_2-050;2TTx64;-1,772;6,143;6,393;286,100;;NO;0;-6,242;6,489;285,800;TR-06_2-049-E;NO;1
1209;SJ;TR-06_2-053;2TTx64;-1,694;1,408;2,203;320,300;TR-06_2-054-W;NO;1;;;;;;
1210;SJ;TR-06_2-054;2TTx64;-1,471;1,594;2,169;312,700;TR-06_2-055-W;NO;1;-1,288;1,956;318,800;TR-06_2-053-E;NO;1
1211;SJ;TR-06_2-055;2TTx64;-0,906;2,671;2,820;288,700;TR-06_2-056-W;NO;1;0,471;1,021;27,500;TR-06_2-054-E;NO;1
1212;SJ;TR-06_2-056;2TTx64;-0,472;2,818;2,857;279,500;TR-06_2-057-W;NO;1;-2,668;2,709;280,000;TR-06_2-055-E;NO;1
1213;SJ;TR-06_2-057;2TTx64;-0,403;3,040;3,067;277,500;TR-06_2-058-W;NO;1;-3,169;3,195;277,200;TR-06_2-056-E;NO;1
1214;SJ;TR-06_2-058;2TTx64;-0,804;2,161;2,306;290,400;TR-06_1-063-W;NO;1;-2,549;2,673;287,500;TR-06_2-057-E;NO;1
1215;SJ;TR-06_2-059;2TTx64;-0,321;2,874;2,892;276,400;TR-06_2-060-W;NO;1;;;;;;
1216;SJ;TR-06_2-060;2TTx64;-0,505;4,950;4,976;275,800;TR-06_2-061-W;NO;1;-2,874;2,918;280,000;TR-06_2-059-E;NO;1
1217;SJ;TR-06_2-061;2TTx64;-0,549;0,878;1,036;302,000;TR-06_2-062-W;NO;1;-4,236;4,271;277,400;TR-06_2-060-E;NO;1
1218;SJ;TR-06_2-062;2TTx64;-0,459;2,932;2,968;278,900;TR-06_2-063-W;NO;1;-0,338;0,570;323,700;TR-06_2-061-E;NO;1
1219;SJ;TR-06_2-063;2TTx64;-0,375;2,024;2,059;280,500;TR-06_2-064-W;NO;1;-3,134;3,156;276,800;TR-06_2-062-E;NO;1
1220;SJ;TR-06_2-064;2TTx64;0,237;3,684;3,692;266,300;TR-06_2-065-W;NO;1;-2,646;2,657;264,900;TR-06_2-063-E;NO;1
1221;SJ;TR-06_2-065;2TTx64;0,220;2,496;2,506;265,000;TR-06_2-066-W;NO;1;-3,697;3,704;266,600;TR-06_2-064-E;NO;1
1222;SJ;TR-06_2-066;2TTx64;0,069;3,216;3,217;268,800;TR-06_2-067-W;NO;1;-2,336;2,337;268,300;TR-06_2-065-E;NO;1
1223;SJ;TR-06_2-067;2TTx64;0,504;4,675;4,702;263,800;TR-06_2-068-W;NO;1;-2,542;2,591;258,800;TR-06_2-066-E;NO;1
1224;SJ;TR-06_2-068;2TTx64;1,223;;;;;;;-3,434;3,645;250,400;TR-06_2-067-E;NO;1
1225;SJ;TR-06_2-069;2TTx64;2,381;4,590;5,171;242,600;TR-06_2-070-W;NO;1;;;;;;
1226;SJ;TR-06_2-070;2TTx64;3,098;4,080;5,123;232,800;;NO;0;-4,940;5,831;237,900;TR-06_2-069-E;NO;1
1227;SJ;TR-06_2-071;2TTx64;3,714;2,355;4,398;212,400;TR-06_2-072-W;NO;1;-1,584;4,038;203,100;;NO;0
1228;SJ;TR-06_2-072;2TTx64;3,986;3,712;5,447;223,000;TR-06_2-073-W;NO;1;-2,355;4,630;210,600;TR-06_2-071-E;NO;1
1229;SJ;TR-06_2-073;2TTx64;4,075;1,428;4,318;199,300;TR-06_2-074-W;NO;1;-3,685;5,494;222,100;TR-06_2-072-E;NO;1
1230;SJ;TR-06_2-074;2TTx64;3,547;2,030;4,087;209,800;TR-06_2-075-W;NO;1;-1,466;3,838;202,500;TR-06_2-073-E;NO;1
1231;SJ;TR-06_2-075;2TTx64;2,699;2,067;3,400;217,400;TR-06_2-076-W;NO;1;-1,280;2,987;205,400;TR-06_2-074-E;NO;1
1232;SJ;TR-06_2-076;2TTx64;2,099;2,658;3,387;231,700;TR-06_2-077-W;NO;1;-2,073;2,950;224,600;TR-06_2-075-E;NO;1
1233;SJ;TR-06_2-077;2TTx64;2,102;3,813;4,354;241,100;TR-06_2-078-W;NO;1;-3,124;3,765;236,100;TR-06_2-076-E;NO;1
1234;SJ;TR-06_2-078;2TTx64;2,073;6,263;6,597;251,700;TR-06_1-080-W;NO;1;-2,912;3,574;234,600;TR-06_2-077-E;NO;1
1235;SJ;TR-06_2-079;2TTx64;-1,254;2,685;2,964;295,000;TR-06_2-080-W;NO;1;;;;;;
1236;SJ;TR-06_2-080;2TTx64;-1,151;3,703;3,878;287,300;TR-06_2-081-W;NO;1;-2,685;2,921;293,200;TR-06_2-079-E;NO;1
1237;SJ;TR-06_2-081;2TTx64;-0,913;0,891;1,276;315,700;TR-06_2-082-W;NO;1;-3,566;3,681;284,400;TR-06_2-080-E;NO;1
1238;SJ;TR-06_2-082;2TTx64;-1,161;3,041;3,255;290,900;TR-06_2-083-W;NO;1;-2,610;2,857;294,000;TR-06_2-081-E;NO;1
1239;SJ;TR-06_2-083;2TTx64;-1,563;2,021;2,555;307,700;TR-06_2-084-W;NO;1;-3,058;3,434;297,100;TR-06_2-082-E;NO;1
1240;SJ;TR-06_2-084;2TTx64;-1,903;2,977;3,533;302,600;TR-06_2-085-W;NO;1;-1,815;2,630;316,400;TR-06_2-083-E;NO;1
1241;SJ;TR-06_2-085;2TTx64;-1,450;3,459;3,751;292,700;TR-06_2-086-W;NO;1;-3,222;3,533;294,200;TR-06_2-084-E;NO;1
1242;SJ;TR-06_2-086;2TTx64;-1,556;4,600;4,856;288,700;TR-06_2-087-W;NO;1;-3,274;3,625;295,400;TR-06_2-085-E;NO;1
1243;SJ;TR-06_2-087;2TTx64;-1,929;4,807;5,180;291,900;TR-06_2-088-W;NO;1;-0,861;2,112;335,900;TR-06_2-086-E;NO;1
1244;SJ;TR-06_2-088;2TTx64;-1,791;;;;;;;-4,741;5,068;290,700;TR-06_2-087-E;NO;1
1245;SJ;TR-06_2-089;2TTx64;-1,467;0,048;1,468;358,100;TR-06_2-090-W;NO;1;;;;;;
1246;SJ;TR-06_2-090;2TTx64;-1,579;-1,908;2,477;50,400;TR-06_2-091-W;NO;1;-1,339;2,070;319,700;TR-06_2-089-E;NO;1
1247;SJ;TR-06_2-091;2TTx64;-1,707;0,496;1,778;343,800;TR-06_2-092-W;NO;1;-3,318;3,732;297,200;TR-06_2-090-E;NO;1
1248;SJ;TR-06_2-092;2TTx64;-2,210;2,244;3,149;314,600;TR-06_2-093-W;NO;1;-1,243;2,535;330,600;TR-06_2-091-E;NO;1
1249;SJ;TR-06_2-093;2TTx64;-2,333;3,104;3,883;306,900;TR-06_2-094-W;NO;1;-2,412;3,356;314,100;TR-06_2-092-E;NO;1
1250;SJ;TR-06_2-094;2TTx64;-2,457;2,886;3,790;310,400;TR-06_2-095-W;NO;1;-3,066;3,929;308,700;TR-06_2-093-E;NO;1
1251;SJ;TR-06_2-095;2TTx64;-1,931;3,597;4,082;298,200;TR-06_2-096-W;NO;1;-0,552;2,008;344,000;TR-06_2-094-E;NO;1
1252;SJ;TR-06_2-096;2TTx64;-1,884;2,789;3,366;304,000;TR-06_2-097-W;NO;1;-3,342;3,837;299,400;TR-06_2-095-E;NO;1
1253;SJ;TR-06_2-097;2TTx64;-1,508;2,781;3,163;298,500;TR-06_2-098-W;NO;1;-2,270;2,725;303,600;TR-06_2-096-E;NO;1
1254;SJ;TR-06_2-098;2TTx64;-1,067;2,295;2,531;294,900;TR-06_1-097-W;NO;1;-2,969;3,155;289,800;TR-06_2-097-E;NO;1
1255;SJ;TR-06_2-099;2TTx64;-0,692;0,887;1,125;307,900;TR-06_2-100-W;NO;1;;;;;;
1256;SJ;TR-06_2-100;2TTx64;-0,594;3,006;3,064;281,200;TR-06_2-101-W;NO;1;-0,887;1,067;303,800;TR-06_2-099-E;NO;1
1257;SJ;TR-06_2-101;2TTx64;-0,242;2,032;2,046;276,800;TR-06_2-102-W;NO;1;-3,043;3,053;274,500;TR-06_2-100-E;NO;1
1258;SJ;TR-06_2-102;2TTx64;-0,386;3,876;3,895;275,700;TR-06_2-103-W;NO;1;-3,868;3,887;275,700;TR-06_2-101-E;NO;1
1259;SJ;TR-06_2-103;2TTx64;-0,574;3,424;3,472;279,500;TR-06_2-104-W;NO;1;-4,089;4,129;278,000;TR-06_2-102-E;NO;1
1260;SJ;TR-06_2-104;2TTx64;-1,064;3,759;3,907;285,800;TR-06_2-105-W;NO;1;-3,582;3,737;286,500;TR-06_2-103-E;NO;1
1261;SJ;TR-06_2-105;2TTx64;-0,934;4,422;4,519;281,900;TR-06_2-106-W;NO;1;-2,655;2,814;289,400;TR-06_2-104-E;NO;1
1262;SJ;TR-06_2-106;2TTx64;-1,479;4,545;4,779;288,000;TR-06_2-107-W;NO;1;-3,828;4,104;291,100;TR-06_2-105-E;NO;1
1263;SJ;TR-06_2-107;2TTx64;-0,945;1,513;1,784;302,000;TR-06_2-108-W;NO;1;-2,355;2,538;291,900;TR-06_2-106-E;NO;1
1264;SJ;TR-06_2-108;2TTx64;-0,439;;;;;;;-1,664;1,721;284,800;TR-06_2-107-E;NO;1
1265;SJ;TR-06_2-109;2TTx64;-1,084;1,524;1,870;305,400;TR-06_2-110-W;NO;1;;;;;;
1266;SJ;TR-06_2-110;2TTx64;-1,296;-0,341;1,340;14,700;TR-06_2-111-W;NO;1;-2,749;3,039;295,200;TR-06_2-109-E;NO;1
1267;SJ;TR-06_2-111;2TTx64;-1,157;1,820;2,157;302,400;TR-06_2-112-W;NO;1;-0,871;1,448;323,000;TR-06_2-110-E;NO;1
1268;SJ;TR-06_2-112;2TTx64;-1,065;4,682;4,802;282,800;TR-06_2-113-W;NO;1;-1,337;1,709;308,500;TR-06_2-111-E;NO;1
1269;SJ;TR-06_2-113;2TTx64;-1,565;2,234;2,728;305,000;TR-06_2-114-W;NO;1;-4,494;4,759;289,200;TR-06_2-112-E;NO;1
1270;SJ;TR-06_2-114;2TTx64;-1,436;5,609;5,790;284,400;TR-06_2-115-W;NO;1;-2,243;2,663;302,600;TR-06_2-113-E;NO;1
1271;SJ;TR-06_2-115;2TTx64;-1,536;4,041;4,323;290,800;TR-06_2-116-W;NO;1;1,250;1,981;39,100;TR-06_2-114-E;NO;1
1272;SJ;TR-06_2-116;2TTx64;-1,533;2,247;2,720;304,300;TR-06_2-117-W;NO;1;-4,963;5,194;287,200;TR-06_2-115-E;NO;1
1273;SJ;TR-06_2-117;2TTx64;-1,411;2,168;2,587;303,100;TR-06_2-118-W;NO;1;-2,415;2,797;300,300;TR-06_2-116-E;NO;1
1274;SJ;TR-06_2-118;2TTx64;-1,421;-0,673;1,573;25,300;TR-06_1-114-W;NO;1;-2,542;2,912;299,200;TR-06_2-117-E;NO;1
1275;SJ;TR-07_1-001;2TTx64;0,437;2,732;2,767;260,900;TR-07_1-002-W;NO;1;-0,419;0,605;223,800;TR-07_2-013-E;NO;1
1276;SJ;TR-07_1-002;2TTx64;1,215;1,175;1,690;224,000;TR-07_1-003-W;NO;1;-5,376;5,512;257,300;TR-07_1-001-E;NO;1
1277;SJ;TR-07_1-003;2TTx64;1,179;1,306;1,760;227,900;TR-07_1-004-W;NO;1;-2,631;2,883;245,900;TR-07_1-002-E;NO;1
1278;SJ;TR-07_1-004;2TTx64;0,877;5,363;5,434;260,700;TR-07_1-005-W;NO;1;-2,244;2,409;248,700;TR-07_1-003-E;NO;1
1279;SJ;TR-07_1-005;2TTx64;-0,184;6,950;6,952;271,500;TR-07_1-006-W;NO;1;-5,963;5,966;271,800;TR-07_1-004-E;NO;1
1280;SJ;TR-07_1-006;2TTx64;-1,403;5,253;5,437;285,000;;NO;0;-7,569;7,698;280,500;TR-07_1-005-E;NO;1
1281;SJ;TR-07_1-007;2TTx64;-1,948;-1,975;2,774;45,400;TR-07_1-008-W;NO;1;-2,096;2,861;312,900;TR-08_1-114-E;NO;1
1282;SJ;TR-07_1-008;2TTx64;-1,202;-0,658;1,370;28,700;;NO;0;1,689;2,073;54,600;TR-07_1-007-E;NO;1
1283;SJ;TR-07_1-009;2TTx64;-1,186;-0,719;1,387;31,200;TR-07_1-010-W;NO;1;0,677;1,366;29,700;TR-07_2-031-E;NO;1
1284;SJ;TR-07_1-010;2TTx64;-0,517;0,878;1,019;300,500;TR-07_1-011-W;NO;1;0,196;0,553;20,800;TR-07_1-009-E;NO;1
1285;SJ;TR-07_1-011;2TTx64;-0,793;1,775;1,944;294,100;TR-07_1-012-W;NO;1;-1,668;1,847;295,400;TR-07_1-010-E;NO;1
1286;SJ;TR-07_1-012;2TTx64;-0,439;3,821;3,846;276,500;TR-07_1-013-W;NO;1;-2,233;2,276;281,100;TR-07_1-011-E;NO;1
1287;SJ;TR-07_1-013;2TTx64;0,895;7,388;7,442;263,100;TR-07_1-014-W;NO;1;-4,300;4,392;258,200;TR-07_1-012-E;NO;1
1288;SJ;TR-07_1-014;2TTx64;2,180;7,536;7,845;253,900;;NO;0;-6,127;6,503;250,400;TR-07_1-013-E;NO;1
1289;SJ;TR-07_1-015;2TTx64;-3,354;3,768;5,045;311,700;TR-07_1-016-W;NO;1;-1,728;3,773;332,700;TR-08_1-118-E;NO;1
1290;SJ;TR-07_1-016;2TTx64;-4,576;2,530;5,229;331,100;TR-07_1-017-W;NO;1;-2,811;5,370;328,400;TR-07_1-015-E;NO;1
1291;SJ;TR-07_1-017;2TTx64;-5,921;-0,032;5,921;0,300;TR-07_1-018-W;NO;1;-1,320;6,067;347,400;TR-07_1-016-E;NO;1
1292;SJ;TR-07_1-018;2TTx64;-5,363;2,103;5,761;338,600;TR-07_1-019-W;NO;1;0,027;5,363;0,300;TR-07_1-017-E;NO;1
1293;SJ;TR-07_1-019;2TTx64;-4,166;4,992;6,502;309,800;;NO;0;-2,220;4,721;331,900;TR-07_1-018-E;NO;1
1294;SJ;TR-07_1-020;2TTx64;-2,787;1,092;2,994;338,600;TR-07_1-021-W;NO;1;-0,437;2,821;351,100;TR-07_2-049-E;NO;1
1295;SJ;TR-07_1-021;2TTx64;-3,411;0,416;3,436;353,000;TR-07_1-022-W;NO;1;1,017;3,559;16,600;TR-07_1-020-E;NO;1
1296;SJ;TR-07_1-022;2TTx64;-3,616;-0,401;3,639;6,300;TR-07_1-023-W;NO;1;-1,175;3,803;342,000;TR-07_1-021-E;NO;1
1297;SJ;TR-07_1-023;2TTx64;-2,966;-0,122;2,969;2,400;TR-07_1-024-W;NO;1;-0,194;2,973;356,300;TR-07_1-022-E;NO;1
1298;SJ;TR-07_1-024;2TTx64;-2,181;1,035;2,414;334,600;TR-07_1-025-W;NO;1;0,687;2,287;17,500;TR-07_1-023-E;NO;1
1299;SJ;TR-07_1-025;2TTx64;-1,080;3,277;3,450;288,200;;NO;0;1,652;1,974;56,800;TR-07_1-024-E;NO;1
1300;SJ;TR-07_1-026;2TTx64;-1,095;2,000;2,280;298,700;TR-07_1-027-W;NO;1;;;;;;
1301;SJ;TR-07_1-027;2TTx64;-0,395;5,023;5,039;274,500;TR-07_1-028-W;NO;1;-0,031;0,397;355,500;TR-07_1-026-E;NO;1
1302;SJ;TR-07_1-028;2TTx64;0,604;0,551;0,817;222,400;TR-07_1-029-W;NO;1;-2,018;2,106;253,300;TR-07_1-027-E;NO;1
1303;SJ;TR-07_1-029;2TTx64;0,679;2,300;2,398;253,600;TR-07_1-030-W;NO;1;-0,067;0,682;185,600;TR-07_1-028-E;NO;1
1304;SJ;TR-07_1-030;2TTx64;-0,023;-1,150;1,150;88,900;TR-07_1-031-W;NO;1;-1,380;1,380;270,900;TR-07_1-029-E;NO;1
1305;SJ;TR-07_1-031;2TTx64;-0,245;3,186;3,195;274,400;TR-07_1-032-W;NO;1;1,423;1,444;80,200;TR-07_1-030-E;NO;1
1306;SJ;TR-07_1-032;2TTx64;-0,242;7,000;7,004;272,000;TR-07_1-033-W;NO;1;-2,274;2,287;276,100;TR-07_1-031-E;NO;1
1307;SJ;TR-07_1-033;2TTx64;-1,394;2,512;2,873;299,000;TR-07_1-034-W;NO;1;-4,538;4,747;287,100;TR-07_1-032-E;NO;1
1308;SJ;TR-07_1-034;2TTx64;-1,517;-0,099;1,521;3,700;;NO;0;-2,453;2,884;301,700;TR-07_1-033-E;NO;1
1309;SJ;TR-07_1-035;2TTx64;-2,478;4,268;4,935;300,100;TR-07_1-036-W;NO;1;-2,887;3,804;310,600;TR-07_2-067-E;NO;1
1310;SJ;TR-07_1-036;2TTx64;-2,280;0,866;2,439;339,200;TR-07_1-037-W;NO;1;-6,348;6,745;289,800;TR-07_1-035-E;NO;1
1311;SJ;TR-07_1-037;2TTx64;-1,096;-1,883;2,179;59,800;TR-07_1-038-W;NO;1;-2,402;2,640;294,500;TR-07_1-036-E;NO;1
1312;SJ;TR-07_1-038;2TTx64;-0,950;0,139;0,960;351,700;TR-07_1-039-W;NO;1;1,168;1,506;50,900;TR-07_1-037-E;NO;1
1313;SJ;TR-07_1-039;2TTx64;-1,526;2,303;2,763;303,500;TR-07_1-040-W;NO;1;-0,011;1,526;359,600;TR-07_1-038-E;NO;1
1314;SJ;TR-07_1-040;2TTx64;-2,104;-5,637;6,017;69,500;TR-07_1-041-W;NO;1;-0,234;2,117;353,700;TR-07_1-039-E;NO;1
1315;SJ;TR-07_1-041;2TTx64;-2,180;-2,878;3,610;52,900;TR-07_1-042-W;NO;1;6,834;7,173;72,300;TR-07_1-040-E;NO;1
1316;SJ;TR-07_1-042;2TTx64;-2,201;2,860;3,609;307,600;TR-07_1-043-W;NO;1;3,475;4,113;57,700;TR-07_1-041-E;NO;1
1317;SJ;TR-07_1-043;2TTx64;-1,213;4,304;4,472;285,700;;NO;0;-2,695;2,955;294,200;TR-07_1-042-E;NO;1
1318;SJ;TR-07_1-044;2TTx64;-1,096;1,825;2,129;301,000;TR-07_1-045-W;NO;1;;;;;;
1319;SJ;TR-07_1-045;2TTx64;-0,908;-0,023;0,908;1,500;TR-07_1-046-W;NO;1;-1,825;2,038;296,500;TR-07_1-044-E;NO;1
1320;SJ;TR-07_1-046;2TTx64;-1,500;0,007;1,500;359,700;TR-07_1-047-W;NO;1;-0,700;1,656;335,000;TR-07_1-045-E;NO;1
1321;SJ;TR-07_1-047;2TTx64;-1,318;5,959;6,103;282,500;TR-07_1-048-W;NO;1;-1,063;1,693;321,100;TR-07_1-046-E;NO;1
1322;SJ;TR-07_1-048;2TTx64;-0,772;4,567;4,632;279,600;TR-07_1-049-W;NO;1;-5,736;5,788;277,700;TR-07_1-047-E;NO;1
1323;SJ;TR-07_1-049;2TTx64;-0,860;2,205;2,367;291,300;TR-07_1-050-W;NO;1;-3,302;3,412;284,600;TR-07_1-048-E;NO;1
1324;SJ;TR-07_1-050;2TTx64;-0,085;1,898;1,900;272,600;TR-07_1-051-W;NO;1;-1,662;1,664;272,900;TR-07_1-049-E;NO;1
1325;SJ;TR-07_1-051;2TTx64;0,295;-0,950;0,995;107,300;TR-07_1-052-W;NO;1;-1,979;2,001;261,500;TR-07_1-050-E;NO;1
1326;SJ;TR-07_1-052;2TTx64;0,055;0,058;0,080;226,500;TR-07_1-053-W;NO;1;-0,317;0,322;260,200;TR-07_1-051-E;NO;1
1327;SJ;TR-07_1-053;2TTx64;0,055;3,453;3,453;269,100;;NO;0;-0,461;0,464;263,200;TR-07_1-052-E;NO;1
1328;SJ;TR-07_1-054;2TTx64;-1,794;1,091;2,100;328,700;TR-07_1-055-W;NO;1;-1,893;2,608;313,500;TR-07_2-085-E;NO;1
1329;SJ;TR-07_1-055;2TTx64;-1,148;1,237;1,688;312,900;TR-07_1-056-W;NO;1;-3,820;3,989;286,700;TR-07_1-054-E;NO;1
1330;SJ;TR-07_1-056;2TTx64;-1,801;0,151;1,807;355,200;TR-07_1-057-W;NO;1;-1,459;2,318;321,000;TR-07_1-055-E;NO;1
1331;SJ;TR-07_1-057;2TTx64;-2,384;1,613;2,879;325,900;TR-07_1-058-W;NO;1;-0,227;2,395;354,600;TR-07_1-056-E;NO;1
1332;SJ;TR-07_1-058;2TTx64;-2,673;1,377;3,007;332,700;TR-07_1-059-W;NO;1;-1,732;3,185;327,100;TR-07_1-057-E;NO;1
1333;SJ;TR-07_1-059;2TTx64;-2,736;-2,425;3,656;41,600;TR-07_1-060-W;NO;1;-1,115;2,955;337,800;TR-07_1-058-E;NO;1
1334;SJ;TR-07_1-060;2TTx64;-3,601;-4,820;6,017;53,200;TR-07_1-061-W;NO;1;1,547;3,919;23,200;TR-07_1-059-E;NO;1
1335;SJ;TR-07_1-061;2TTx64;-3,391;-1,912;3,893;29,400;TR-07_1-062-W;NO;1;4,769;5,852;54,600;TR-07_1-060-E;NO;1
1336;SJ;TR-07_1-062;2TTx64;-3,078;-2,157;3,759;35,000;TR-07_1-063-W;NO;1;1,681;3,507;28,600;TR-07_1-061-E;NO;1
1337;SJ;TR-07_1-063;2TTx64;-2,273;-0,761;2,397;18,500;TR-07_1-064-W;NO;1;1,020;2,491;24,200;TR-07_1-062-E;NO;1
1338;SJ;TR-07_1-064;2TTx64;-1,130;1,724;2,061;303,200;TR-07_1-065-W;NO;1;1,121;1,591;44,800;TR-07_1-063-E;NO;1
1339;SJ;TR-07_1-065;2TTx64;-0,705;0,614;0,935;319,000;TR-07_1-066-W;NO;1;-1,775;1,910;291,700;TR-07_1-064-E;NO;1
1340;SJ;TR-07_1-066;2TTx64;-1,013;6,478;6,557;278,900;;NO;0;-1,704;1,982;300,700;TR-07_1-065-E;NO;1
1341;SJ;TR-07_1-067;2TTx64;4,916;-3,515;6,043;144,400;TR-07_1-068-W;NO;1;;;;;;
1342;SJ;TR-07_1-068;2TTx64;4,477;-0,841;4,555;169,400;TR-07_1-069-W;NO;1;5,307;6,943;130,200;TR-07_1-067-E;NO;1
1343;SJ;TR-07_1-069;2TTx64;3,405;8,154;8,836;247,300;TR-07_1-070-W;NO;1;-0,636;3,464;190,600;TR-07_1-068-E;NO;1
1344;SJ;TR-07_1-070;2TTx64;2,711;6,161;6,731;246,300;TR-07_1-071-W;NO;1;-7,874;8,327;251,000;TR-07_1-069-E;NO;1
1345;SJ;TR-07_1-071;2TTx64;2,776;4,540;5,322;238,600;TR-07_1-072-W;NO;1;-5,421;6,091;242,900;TR-07_1-070-E;NO;1
1346;SJ;TR-07_1-072;2TTx64;3,341;0,668;3,407;191,300;TR-07_1-073-W;NO;1;-3,957;5,179;229,800;TR-07_1-071-E;NO;1
1347;SJ;TR-07_1-073;2TTx64;3,312;6,556;7,345;243,200;TR-07_1-074-W;NO;1;-3,487;4,809;226,500;TR-07_1-072-E;NO;1
1348;SJ;TR-07_1-074;2TTx64;1,900;4,010;4,437;244,700;TR-07_1-075-W;NO;1;-5,843;6,144;252,000;TR-07_1-073-E;NO;1
1349;SJ;TR-07_1-075;2TTx64;-0,616;4,204;4,249;278,300;TR-07_1-076-W;NO;1;-3,243;3,301;280,800;TR-07_1-074-E;NO;1
1350;SJ;TR-07_1-076;2TTx64;-2,739;5,703;6,326;295,700;TR-07_1-077-W;NO;1;-4,329;5,123;302,300;TR-07_1-075-E;NO;1
1351;SJ;TR-07_1-077;2TTx64;-3,751;7,367;8,267;297,000;TR-07_1-078-W;NO;1;-3,444;5,092;317,400;TR-07_1-076-E;NO;1
1352;SJ;TR-07_1-078;2TTx64;-3,943;5,789;7,004;304,300;;NO;0;-7,566;8,532;297,500;TR-07_1-077-E;NO;1
1353;SJ;TR-07_1-079;2TTx64;-0,568;1,934;2,016;286,400;TR-07_1-080-W;NO;1;-0,269;0,628;334,700;TR-07_2-104-E;NO;1
1354;SJ;TR-07_1-080;2TTx64;-0,664;1,709;1,833;291,200;TR-07_1-081-W;NO;1;-3,764;3,822;280,000;TR-07_1-079-E;NO;1
1355;SJ;TR-07_1-081;2TTx64;-0,790;3,180;3,277;283,900;TR-07_1-082-W;NO;1;-1,265;1,491;302,000;TR-07_1-080-E;NO;1
1356;SJ;TR-07_1-082;2TTx64;-0,841;1,029;1,329;309,300;TR-07_1-083-W;NO;1;-2,995;3,111;285,700;TR-07_1-081-E;NO;1
1357;SJ;TR-07_1-083;2TTx64;-0,850;3,822;3,915;282,500;TR-07_1-084-W;NO;1;-1,631;1,839;297,500;TR-07_1-082-E;NO;1
1358;SJ;TR-07_1-084;2TTx64;-0,785;1,665;1,841;295,200;TR-07_1-085-W;NO;1;-1,479;1,674;298,000;TR-07_1-083-E;NO;1
1359;SJ;TR-07_1-085;2TTx64;-1,201;-3,226;3,442;69,600;TR-07_1-086-W;NO;1;-3,232;3,448;290,400;TR-07_1-084-E;NO;1
1360;SJ;TR-07_1-086;2TTx64;-2,040;-0,110;2,043;3,100;TR-07_1-087-W;NO;1;2,618;3,319;52,100;TR-07_1-085-E;NO;1
1361;SJ;TR-07_1-087;2TTx64;-2,703;-1,784;3,238;33,400;TR-07_1-088-W;NO;1;1,196;2,956;23,900;TR-07_1-086-E;NO;1
1362;SJ;TR-07_1-088;2TTx64;-3,211;-3,940;5,083;50,800;TR-07_1-089-W;NO;1;0,110;3,213;2,000;TR-07_1-087-E;NO;1
1363;SJ;TR-07_1-089;2TTx64;-3,921;-2,726;4,775;34,800;TR-07_1-090-W;NO;1;3,412;5,198;41,000;TR-07_1-088-E;NO;1
1364;SJ;TR-07_1-090;2TTx64;-2,518;-0,519;2,571;11,600;TR-07_1-091-W;NO;1;1,857;3,129;36,400;TR-07_1-089-E;NO;1
1365;SJ;TR-07_1-091;2TTx64;-1,844;6,814;7,059;285,100;;NO;0;-0,631;1,949;341,100;TR-07_1-090-E;NO;1
1366;SJ;TR-07_1-092;2TTx64;-0,102;1,077;1,082;275,400;TR-07_1-093-W;NO;1;;;;;;
1367;SJ;TR-07_1-093;2TTx64;0,566;2,113;2,188;255,000;TR-07_1-094-W;NO;1;-1,379;1,491;247,700;TR-07_1-092-E;NO;1
1368;SJ;TR-07_1-094;2TTx64;1,597;3,974;4,283;248,100;;NO;0;-1,913;2,492;230,100;TR-07_1-093-E;NO;1
1369;SJ;TR-07_1-095;2TTx64;0,910;4,419;4,512;258,400;TR-07_1-096-W;NO;1;;;;;;
1370;SJ;TR-07_1-096;2TTx64;0,280;3,525;3,536;265,500;;NO;0;-5,008;5,016;266,800;TR-07_1-095-E;NO;1
1371;SJ;TR-07_1-097;2TTx64;-0,260;4,984;4,991;273,000;TR-07_1-098-W;NO;1;-1,913;1,931;277,700;TR-07_2-119-E;NO;1
1372;SJ;TR-07_1-098;2TTx64;-0,965;2,680;2,848;289,800;TR-07_1-099-W;NO;1;-1,238;1,570;307,900;TR-07_1-097-E;NO;1
1373;SJ;TR-07_1-099;2TTx64;-1,223;1,892;2,253;302,900;TR-07_1-100-W;NO;1;-2,073;2,407;300,500;TR-07_1-098-E;NO;1
1374;SJ;TR-07_1-100;2TTx64;-0,342;1,542;1,580;282,500;TR-07_1-101-W;NO;1;-1,671;1,706;281,600;TR-07_1-099-E;NO;1
1375;SJ;TR-07_1-101;2TTx64;0,020;-1,442;1,442;90,800;TR-07_1-102-W;NO;1;-1,341;1,341;269,100;TR-07_1-100-E;NO;1
1376;SJ;TR-07_1-102;2TTx64;0,572;1,691;1,785;251,300;TR-07_1-103-W;NO;1;-1,023;1,172;240,800;TR-07_1-101-E;NO;1
1377;SJ;TR-07_1-103;2TTx64;1,076;1,573;1,906;235,600;TR-07_1-104-W;NO;1;-1,266;1,661;229,600;TR-07_1-102-E;NO;1
1378;SJ;TR-07_1-104;2TTx64;1,016;2,455;2,657;247,500;TR-07_1-105-W;NO;1;-1,526;1,833;236,400;TR-07_1-103-E;NO;1
1379;SJ;TR-07_1-105;2TTx64;0,219;4,779;4,784;267,400;TR-07_1-106-W;NO;1;-1,488;1,504;261,600;TR-07_1-104-E;NO;1
1380;SJ;TR-07_1-106;2TTx64;-0,780;2,031;2,176;291,000;TR-07_1-107-W;NO;1;-1,874;2,030;292,600;TR-07_1-105-E;NO;1
1381;SJ;TR-07_1-107;2TTx64;-1,480;-1,457;2,077;44,600;TR-07_1-108-W;NO;1;-2,837;3,200;297,600;TR-07_1-106-E;NO;1
1382;SJ;TR-07_1-108;2TTx64;-3,227;1,095;3,407;341,300;TR-07_1-109-W;NO;1;2,001;3,797;31,800;TR-07_1-107-E;NO;1
1383;SJ;TR-07_1-109;2TTx64;-3,526;-1,988;4,048;29,400;;NO;0;-1,503;3,833;336,900;TR-07_1-108-E;NO;1
1384;SJ;TR-07_1-110;2TTx64;0,284;5,805;5,812;267,200;TR-07_1-111-W;NO;1;;;;;;
1385;SJ;TR-07_1-111;2TTx64;0,356;6,413;6,423;266,800;TR-07_1-112-W;NO;1;-5,398;5,410;266,200;TR-07_1-110-E;NO;1
1386;SJ;TR-07_1-112;2TTx64;0,660;11,318;11,337;266,700;;NO;0;-3,811;3,868;260,200;TR-07_1-111-E;NO;1
1387;SJ;TR-07_1-113;2TTx64;0,442;5,747;5,764;265,600;TR-07_1-114-W;NO;1;;;;;;
1388;SJ;TR-07_1-114;2TTx64;0,104;5,205;5,206;268,900;TR-07_1-115-W;NO;1;-6,106;6,107;269,000;TR-07_1-113-E;NO;1
1389;SJ;TR-07_1-115;2TTx64;-0,776;8,139;8,176;275,400;TR-07_1-116-W;NO;1;-4,531;4,597;279,700;TR-07_1-114-E;NO;1
1390;SJ;TR-07_1-116;2TTx64;-1,614;9,107;9,249;280,100;;NO;0;-7,111;7,292;282,800;TR-07_1-115-E;NO;1
1391;SJ;TR-07_1-117;2TTx64;-3,310;-8,816;9,417;69,400;TR-07_1-118-W;NO;1;;;;;;
1392;SJ;TR-07_1-118;2TTx64;-4,024;-5,972;7,201;56,000;TR-05_2-001-W;NO;1;10,172;10,939;68,400;TR-07_1-117-E;NO;1
1393;SJ;TR-07_2-001;2TTx64;-2,057;3,237;3,835;302,400;TR-07_2-002-W;NO;1;;;;;;
1394;SJ;TR-07_2-002;2TTx64;-1,637;4,247;4,551;291,100;TR-07_2-003-W;NO;1;-2,565;3,043;302,500;TR-07_2-001-E;NO;1
1395;SJ;TR-07_2-003;2TTx64;-1,190;0,799;1,434;326,100;TR-07_2-004-W;NO;1;-1,875;2,221;302,400;TR-07_2-002-E;NO;1
1396;SJ;TR-07_2-004;2TTx64;-1,174;;;;;;;-0,998;1,541;319,600;TR-07_2-003-E;NO;1
1397;SJ;TR-07_2-005;2TTx64;-0,612;1,698;1,805;289,800;TR-07_2-006-W;NO;1;;;;;;
1398;SJ;TR-07_2-006;2TTx64;-0,497;1,477;1,558;288,600;TR-07_2-007-W;NO;1;-1,847;1,913;285,100;TR-07_2-005-E;NO;1
1399;SJ;TR-07_2-007;2TTx64;0,017;2,080;2,080;269,500;TR-07_2-008-W;NO;1;-2,714;2,714;269,600;TR-07_2-006-E;NO;1
1400;SJ;TR-07_2-008;2TTx64;0,322;1,312;1,351;256,200;TR-07_2-009-W;NO;1;-2,079;2,104;261,200;TR-07_2-007-E;NO;1
1401;SJ;TR-07_2-009;2TTx64;0,734;1,328;1,517;241,100;TR-07_2-010-W;NO;1;-1,167;1,379;237,800;TR-07_2-008-E;NO;1
1402;SJ;TR-07_2-010;2TTx64;0,476;3,017;3,054;261,000;TR-07_2-011-W;NO;1;-1,252;1,340;249,200;TR-07_2-009-E;NO;1
1403;SJ;TR-07_2-011;2TTx64;-0,140;1,639;1,645;274,900;TR-07_2-012-W;NO;1;-0,893;0,904;278,900;TR-07_2-010-E;NO;1
1404;SJ;TR-07_2-012;2TTx64;0,296;1,502;1,531;258,800;TR-07_2-013-W;NO;1;-1,894;1,917;261,100;TR-07_2-011-E;NO;1
1405;SJ;TR-07_2-013;2TTx64;0,260;0,035;0,263;187,700;TR-07_1-001-W;NO;1;-1,515;1,537;260,200;TR-07_2-012-E;NO;1
1406;SJ;TR-07_2-014;2TTx64;-1,748;-2,426;2,990;54,200;TR-07_2-015-W;NO;1;;;;;;
1407;SJ;TR-07_2-015;2TTx64;-1,746;-3,018;3,487;59,900;TR-07_2-016-W;NO;1;2,045;2,689;49,500;TR-07_2-014-E;NO;1
1408;SJ;TR-07_2-016;2TTx64;-0,507;1,560;1,640;288,000;TR-07_2-017-W;NO;1;-1,472;1,557;289,000;TR-07_2-015-E;NO;1
1409;SJ;TR-07_2-017;2TTx64;0,107;1,582;1,586;266,100;TR-07_2-018-W;NO;1;-1,300;1,304;265,300;TR-07_2-016-E;NO;1
1410;SJ;TR-07_2-018;2TTx64;0,062;1,723;1,724;267,900;TR-07_2-019-W;NO;1;-0,880;0,882;265,900;TR-07_2-017-E;NO;1
1411;SJ;TR-07_2-019;2TTx64;-0,200;2,986;2,993;273,800;TR-07_2-020-W;NO;1;-1,993;2,003;275,700;TR-07_2-018-E;NO;1
1412;SJ;TR-07_2-020;2TTx64;-0,520;0,357;0,631;325,500;TR-07_2-021-W;NO;1;-2,562;2,614;281,500;TR-07_2-019-E;NO;1
1413;SJ;TR-07_2-021;2TTx64;-0,793;1,289;1,513;301,600;TR-07_2-022-W;NO;1;-1,620;1,804;296,100;TR-07_2-020-E;NO;1
1414;SJ;TR-07_2-022;2TTx64;-1,003;;;;;;;-1,677;1,954;300,900;TR-07_2-021-E;NO;1
1415;SJ;TR-07_2-023;2TTx64;-1,726;1,950;2,604;311,500;TR-07_2-024-W;NO;1;;;;;;
1416;SJ;TR-07_2-024;2TTx64;-1,862;2,379;3,021;308,000;TR-07_2-025-W;NO;1;-1,691;2,515;317,800;TR-07_2-023-E;NO;1
1417;SJ;TR-07_2-025;2TTx64;-2,175;3,336;3,982;303,100;TR-07_2-026-W;NO;1;-0,538;2,240;346,100;TR-07_2-024-E;NO;1
1418;SJ;TR-07_2-026;2TTx64;-2,645;0,662;2,727;345,900;TR-07_2-027-W;NO;1;-3,578;4,450;306,500;TR-07_2-025-E;NO;1
1419;SJ;TR-07_2-027;2TTx64;-2,660;0,691;2,749;345,400;TR-07_2-028-W;NO;1;-0,707;2,753;345,100;TR-07_2-026-E;NO;1
1420;SJ;TR-07_2-028;2TTx64;-2,527;0,316;2,547;352,900;TR-07_2-029-W;NO;1;-1,524;2,951;328,900;TR-07_2-027-E;NO;1
1421;SJ;TR-07_2-029;2TTx64;-2,047;1,592;2,593;322,100;TR-07_2-030-W;NO;1;-1,146;2,346;330,800;TR-07_2-028-E;NO;1
1422;SJ;TR-07_2-030;2TTx64;-1,901;1,351;2,332;324,600;TR-07_2-031-W;NO;1;-1,864;2,662;315,600;TR-07_2-029-E;NO;1
1423;SJ;TR-07_2-031;2TTx64;-1,687;-1,007;1,965;30,800;TR-07_1-009-W;NO;1;-1,896;2,538;311,700;TR-07_2-030-E;NO;1
1424;SJ;TR-07_2-032;2TTx64;-2,570;-1,659;3,059;32,800;TR-07_2-033-W;NO;1;;;;;;
1425;SJ;TR-07_2-033;2TTx64;-2,956;-5,515;6,257;61,800;TR-07_2-034-W;NO;1;-0,848;3,075;344,000;TR-07_2-032-E;NO;1
1426;SJ;TR-07_2-034;2TTx64;-3,731;0,355;3,748;354,600;TR-07_2-035-W;NO;1;-1,737;4,116;335,000;TR-07_2-033-E;NO;1
1427;SJ;TR-07_2-035;2TTx64;-4,176;2,304;4,770;331,100;TR-07_2-036-W;NO;1;0,892;4,270;12,100;TR-07_2-034-E;NO;1
1428;SJ;TR-07_2-036;2TTx64;-4,231;-0,788;4,304;10,600;TR-07_2-037-W;NO;1;-1,781;4,590;337,200;TR-07_2-035-E;NO;1
1429;SJ;TR-07_2-037;2TTx64;-3,700;-0,610;3,750;9,400;TR-07_2-038-W;NO;1;0,086;3,701;1,300;TR-07_2-036-E;NO;1
1430;SJ;TR-07_2-038;2TTx64;-2,234;1,481;2,680;326,500;TR-07_2-039-W;NO;1;-0,145;2,238;356,300;TR-07_2-037-E;NO;1
1431;SJ;TR-07_2-039;2TTx64;-1,764;1,910;2,600;312,700;TR-07_2-040-W;NO;1;-1,162;2,113;326,600;TR-07_2-038-E;NO;1
1432;SJ;TR-07_2-040;2TTx64;-1,636;;;;;;;-1,765;2,407;312,800;TR-07_2-039-E;NO;1
1433;SJ;TR-07_2-041;2TTx64;-0,819;2,849;2,964;286,000;TR-07_2-042-W;NO;1;;;;;;
1434;SJ;TR-07_2-042;2TTx64;-1,128;6,369;6,468;280,000;TR-07_2-043-W;NO;1;-0,505;1,235;335,900;TR-07_2-041-E;NO;1
1435;SJ;TR-07_2-043;2TTx64;-1,377;2,944;3,250;295,100;TR-07_2-044-W;NO;1;-1,515;2,047;312,300;TR-07_2-042-E;NO;1
1436;SJ;TR-07_2-044;2TTx64;-1,032;2,108;2,347;296,100;TR-07_2-045-W;NO;1;-3,095;3,263;288,400;TR-07_2-043-E;NO;1
1437;SJ;TR-07_2-045;2TTx64;-1,412;0,157;1,421;353,700;TR-07_2-046-W;NO;1;-2,140;2,564;303,400;TR-07_2-044-E;NO;1
1438;SJ;TR-07_2-046;2TTx64;-1,273;2,193;2,536;300,100;TR-07_2-047-W;NO;1;-0,692;1,449;331,500;TR-07_2-045-E;NO;1
1439;SJ;TR-07_2-047;2TTx64;-1,548;2,652;3,071;300,300;TR-07_2-048-W;NO;1;1,821;2,390;49,600;TR-07_2-046-E;NO;1
1440;SJ;TR-07_2-048;2TTx64;-1,665;1,302;2,114;322,000;TR-07_2-049-W;NO;1;-2,741;3,207;301,300;TR-07_2-047-E;NO;1
1441;SJ;TR-07_2-049;2TTx64;-1,941;0,676;2,055;340,800;TR-07_1-020-W;NO;1;-0,907;2,142;335,000;TR-07_2-048-E;NO;1
1442;SJ;TR-07_2-050;2TTx64;-1,232;4,775;4,931;284,500;TR-07_2-051-W;NO;1;;;;;;
1443;SJ;TR-07_2-051;2TTx64;-0,791;4,404;4,474;280,200;TR-07_2-052-W;NO;1;-5,020;5,082;279,000;TR-07_2-050-E;NO;1
1444;SJ;TR-07_2-052;2TTx64;-0,737;3,570;3,645;281,700;TR-07_2-053-W;NO;1;-5,831;5,877;277,200;TR-07_2-051-E;NO;1
1445;SJ;TR-07_2-053;2TTx64;-1,088;4,609;4,736;283,300;TR-07_2-054-W;NO;1;-2,400;2,635;294,400;TR-07_2-052-E;NO;1
1446;SJ;TR-07_2-054;2TTx64;-0,877;-0,997;1,328;48,700;TR-07_2-055-W;NO;1;-4,361;4,448;281,400;TR-07_2-053-E;NO;1
1447;SJ;TR-07_2-055;2TTx64;-1,790;0,308;1,816;350,200;TR-07_2-056-W;NO;1;-0,470;1,851;345,300;TR-07_2-054-E;NO;1
1448;SJ;TR-07_2-056;2TTx64;-2,639;1,121;2,868;337,000;TR-07_2-057-W;NO;1;-0,791;2,755;343,300;TR-07_2-055-E;NO;1
1449;SJ;TR-07_2-057;2TTx64;-3,087;1,172;3,302;339,200;TR-07_2-058-W;NO;1;-1,224;3,320;338,400;TR-07_2-056-E;NO;1
1450;SJ;TR-07_2-058;2TTx64;-3,529;;;;;;;-0,987;3,664;344,400;TR-07_2-057-E;NO;1
1451;SJ;TR-07_2-059;2TTx64;-3,846;-0,789;3,926;11,600;TR-07_2-060-W;NO;1;;;;;;
1452;SJ;TR-07_2-060;2TTx64;-4,305;1,534;4,570;340,400;TR-07_2-061-W;NO;1;2,189;4,830;27,000;TR-07_2-059-E;NO;1
1453;SJ;TR-07_2-061;2TTx64;-3,383;1,753;3,810;332,600;TR-07_2-062-W;NO;1;-0,845;3,486;346,000;TR-07_2-060-E;NO;1
1454;SJ;TR-07_2-062;2TTx64;-2,555;6,537;7,019;291,400;;NO;0;-1,015;2,750;338,300;TR-07_2-061-E;NO;1
1455;SJ;TR-07_2-065;2TTx64;-3,233;0,152;3,237;357,300;TR-07_2-066-W;NO;1;;;;;;
1456;SJ;TR-07_2-066;2TTx64;-3,331;-0,583;3,382;9,900;TR-07_2-067-W;NO;1;-1,148;3,523;341,000;TR-07_2-065-E;NO;1
1457;SJ;TR-07_2-067;2TTx64;-2,972;2,125;3,654;324,400;TR-07_1-035-W;NO;1;0,206;2,979;4,000;TR-07_2-066-E;NO;1
1458;SJ;TR-07_2-068;2TTx64;0,363;1,468;1,512;256,100;TR-07_2-069-W;NO;1;;;;;;
1459;SJ;TR-07_2-069;2TTx64;-0,006;1,391;1,391;270,300;TR-07_2-070-W;NO;1;-1,515;1,515;270,200;TR-07_2-068-E;NO;1
1460;SJ;TR-07_2-070;2TTx64;0,630;2,962;3,028;258,000;TR-07_2-071-W;NO;1;-4,754;4,796;262,500;TR-07_2-069-E;NO;1
1461;SJ;TR-07_2-071;2TTx64;0,625;1,284;1,428;244,100;TR-07_2-072-W;NO;1;-2,931;2,997;258,000;TR-07_2-070-E;NO;1
1462;SJ;TR-07_2-072;2TTx64;1,575;4,160;4,448;249,300;TR-07_2-073-W;NO;1;-1,029;1,882;213,200;TR-07_2-071-E;NO;1
1463;SJ;TR-07_2-073;2TTx64;1,870;1,831;2,617;224,400;TR-07_2-074-W;NO;1;-4,102;4,508;245,500;TR-07_2-072-E;NO;1
1464;SJ;TR-07_2-074;2TTx64;2,131;-3,905;4,449;118,600;TR-07_2-075-W;NO;1;-2,960;3,647;234,200;TR-07_2-073-E;NO;1
1465;SJ;TR-07_2-075;2TTx64;1,988;2,160;2,935;227,400;TR-07_2-076-W;NO;1;-3,581;4,096;241,000;TR-07_2-074-E;NO;1
1466;SJ;TR-07_2-076;2TTx64;1,743;;;;;;;-2,031;2,676;229,400;TR-07_2-075-E;NO;1
1467;SJ;TR-07_2-077;2TTx64;1,251;1,202;1,735;223,900;TR-07_2-078-W;NO;1;;;;;;
1468;SJ;TR-07_2-078;2TTx64;0,418;3,707;3,731;263,600;TR-07_2-079-W;NO;1;0,357;0,550;139,500;TR-07_2-077-E;NO;1
1469;SJ;TR-07_2-079;2TTx64;-0,342;0,044;0,345;352,700;TR-07_2-080-W;NO;1;0,427;0,547;51,300;TR-07_2-078-E;NO;1
1470;SJ;TR-07_2-080;2TTx64;-0,566;6,121;6,147;275,300;;NO;0;0,426;0,709;37,000;TR-07_2-079-E;NO;1
1471;SJ;TR-07_2-081;2TTx64;-0,873;0,755;1,154;319,100;TR-07_2-082-W;NO;1;-1,870;2,064;295,000;;NO;0
1472;SJ;TR-07_2-082;2TTx64;-1,176;-0,938;1,504;38,600;TR-07_2-083-W;NO;1;-1,853;2,195;302,400;TR-07_2-081-E;NO;1
1473;SJ;TR-07_2-083;2TTx64;-1,689;3,694;4,062;294,600;TR-07_2-084-W;NO;1;-3,489;3,877;295,800;TR-07_2-082-E;NO;1
1474;SJ;TR-07_2-084;2TTx64;-1,963;-0,252;1,979;7,300;TR-07_2-085-W;NO;1;-3,394;3,921;300,000;TR-07_2-083-E;NO;1
1475;SJ;TR-07_2-085;2TTx64;-1,787;1,648;2,431;317,300;TR-07_1-054-W;NO;1;1,428;2,287;38,600;TR-07_2-084-E;NO;1
1476;SJ;TR-07_2-086;2TTx64;3,917;1,664;4,256;203,000;TR-07_2-087-W;NO;1;;;;;;
1477;SJ;TR-07_2-087;2TTx64;3,817;-1,838;4,236;154,300;TR-07_2-088-W;NO;1;-1,664;4,164;203,600;TR-07_2-086-E;NO;1
1478;SJ;TR-07_2-088;2TTx64;3,949;1,126;4,106;195,900;TR-07_2-089-W;NO;1;0,806;4,030;168,500;TR-07_2-087-E;NO;1
1479;SJ;TR-07_2-089;2TTx64;4,322;1,976;4,752;204,600;TR-07_2-090-W;NO;1;-3,299;5,437;217,400;TR-07_2-088-E;NO;1
1480;SJ;TR-07_2-090;2TTx64;3,885;2,762;4,766;215,400;TR-07_2-091-W;NO;1;-1,774;4,271;204,500;TR-07_2-089-E;NO;1
1481;SJ;TR-07_2-091;2TTx64;3,288;2,058;3,879;212,000;TR-07_2-092-W;NO;1;-2,638;4,215;218,700;TR-07_2-090-E;NO;1
1482;SJ;TR-07_2-092;2TTx64;2,528;2,332;3,440;222,700;TR-07_2-093-W;NO;1;-3,136;4,028;231,100;TR-07_2-091-E;NO;1
1483;SJ;TR-07_2-093;2TTx64;2,112;0,983;2,329;205,000;TR-07_2-094-W;NO;1;-2,991;3,661;234,800;TR-07_2-092-E;NO;1
1484;SJ;TR-07_2-094;2TTx64;1,554;5,162;5,391;253,200;TR-07_2-095-W;NO;1;-4,754;5,002;251,900;TR-07_2-093-E;NO;1
1485;SJ;TR-07_2-095;2TTx64;1,151;;;;;;;-4,944;5,076;256,900;TR-07_2-094-E;NO;1
1486;SJ;TR-07_2-096;2TTx64;1,091;3,631;3,791;253,300;TR-07_2-097-W;NO;1;;;;;;
1487;SJ;TR-07_2-097;2TTx64;1,524;1,828;2,380;230,200;TR-07_2-098-W;NO;1;-4,772;5,010;252,300;TR-07_2-096-E;NO;1
1488;SJ;TR-07_2-098;2TTx64;1,429;5,346;5,534;255,000;TR-07_2-099-W;NO;1;-2,959;3,286;244,200;TR-07_2-097-E;NO;1
1489;SJ;TR-07_2-099;2TTx64;1,108;4,626;4,757;256,500;TR-07_2-100-W;NO;1;-5,063;5,183;257,700;TR-07_2-098-E;NO;1
1490;SJ;TR-07_2-100;2TTx64;1,125;-0,704;1,327;148,000;TR-07_2-101-W;NO;1;-5,983;6,088;259,400;TR-07_2-099-E;NO;1
1491;SJ;TR-07_2-101;2TTx64;0,402;7,586;7,597;267,000;TR-07_2-102-W;NO;1;-2,012;2,052;258,700;TR-07_2-100-E;NO;1
1492;SJ;TR-07_2-102;2TTx64;0,200;4,755;4,759;267,600;TR-07_2-103-W;NO;1;-3,175;3,181;266,400;TR-07_2-101-E;NO;1
1493;SJ;TR-07_2-103;2TTx64;-0,044;2,202;2,202;271,100;TR-07_2-104-W;NO;1;-4,459;4,459;270,600;TR-07_2-102-E;NO;1
1494;SJ;TR-07_2-104;2TTx64;-0,615;0,617;0,871;314,900;TR-07_1-079-W;NO;1;-1,645;1,756;290,500;TR-07_2-103-E;NO;1
1495;SJ;TR-07_2-105;2TTx64;-0,103;-5,998;5,999;89,000;TR-07_2-106-W;NO;1;;;;;;
1496;SJ;TR-07_2-106;2TTx64;-0,013;2,381;2,381;270,300;TR-07_2-107-W;NO;1;5,998;5,998;89,900;TR-07_2-105-E;NO;1
1497;SJ;TR-07_2-107;2TTx64;-0,522;-4,578;4,608;83,500;TR-07_2-108-W;NO;1;-2,933;2,979;280,100;TR-07_2-106-E;NO;1
1498;SJ;TR-07_2-108;2TTx64;-0,478;1,968;2,025;283,600;TR-07_2-109-W;NO;1;-0,425;0,639;318,300;TR-07_2-107-E;NO;1
1499;SJ;TR-07_2-109;2TTx64;-0,509;3,293;3,332;278,800;TR-07_2-110-W;NO;1;-2,063;2,125;283,800;TR-07_2-108-E;NO;1
1500;SJ;TR-07_2-110;2TTx64;-0,404;5,653;5,667;274,100;TR-07_2-111-W;NO;1;-3,436;3,460;276,700;TR-07_2-109-E;NO;1
1501;SJ;TR-07_2-111;2TTx64;-0,626;5,636;5,671;276,300;TR-07_2-112-W;NO;1;-5,538;5,573;276,500;TR-07_2-110-E;NO;1
1502;SJ;TR-07_2-112;2TTx64;-1,275;3,869;4,074;288,200;TR-07_2-113-W;NO;1;-5,772;5,911;282,500;TR-07_2-111-E;NO;1
1503;SJ;TR-07_2-113;2TTx64;-0,695;6,236;6,275;276,400;TR-07_2-114-W;NO;1;-0,705;0,990;314,600;TR-07_2-112-E;NO;1
1504;SJ;TR-07_2-114;2TTx64;-0,354;;;;;;;-5,111;5,123;274,000;TR-07_2-113-E;NO;1
1505;SJ;TR-07_2-115;2TTx64;-2,582;1,909;3,211;323,500;TR-07_2-116-W;NO;1;;;;;;
1506;SJ;TR-07_2-116;2TTx64;-1,493;4,398;4,645;288,800;TR-07_2-117-W;NO;1;-0,331;1,529;347,500;TR-07_2-115-E;NO;1
1507;SJ;TR-07_2-117;2TTx64;-0,059;4,258;4,258;270,800;TR-07_2-118-W;NO;1;1,681;1,682;88,000;TR-07_2-116-E;NO;1
1508;SJ;TR-07_2-118;2TTx64;0,316;3,711;3,724;265,100;TR-07_2-119-W;NO;1;-4,425;4,436;265,900;TR-07_2-117-E;NO;1
1509;SJ;TR-07_2-119;2TTx64;0,261;2,945;2,957;264,900;TR-07_1-097-W;NO;1;-4,003;4,012;266,300;TR-07_2-118-E;NO;1
1510;SJ;TR-08_1-001;2TTx64;-1,728;-2,445;2,994;54,700;TR-08_1-002-W;NO;1;;;;;;
1511;SJ;TR-08_1-002;2TTx64;-1,592;-355,629;355,633;89,700;TR-08_1-003-W;NO;1;2,445;2,918;56,900;TR-08_1-001-E;NO;1
1512;SJ;TR-08_1-003;2TTx64;-1,135;-0,357;1,189;17,500;TR-08_1-004-W;NO;1;238,249;238,252;89,700;TR-08_1-002-E;NO;1
1513;SJ;TR-08_1-004;2TTx64;-0,958;1,700;1,951;299,400;TR-08_1-005-W;NO;1;-1,043;1,416;312,600;TR-08_1-003-E;NO;1
1514;SJ;TR-08_1-005;2TTx64;-0,227;1,608;1,624;278,000;TR-08_1-006-W;NO;1;-2,465;2,475;275,300;TR-08_1-004-E;NO;1
1515;SJ;TR-08_1-006;2TTx64;-0,437;2,367;2,407;280,400;TR-08_1-007-W;NO;1;-1,857;1,908;283,200;TR-08_1-005-E;NO;1
1516;SJ;TR-08_1-007;2TTx64;-0,329;2,374;2,397;277,900;TR-08_1-008-W;NO;1;-2,047;2,073;279,100;TR-08_1-006-E;NO;1
1517;SJ;TR-08_1-008;2TTx64;-0,285;2,230;2,248;277,300;TR-08_1-009-W;NO;1;-0,166;0,330;329,800;TR-08_1-007-E;NO;1
1518;SJ;TR-08_1-009;2TTx64;-0,420;;;;;;;-2,522;2,557;279,500;TR-08_1-008-E;NO;1
1519;SJ;TR-08_1-010;2TTx64;-0,601;0,643;0,880;313,100;TR-08_1-011-W;NO;1;;;;;;
1520;SJ;TR-08_1-011;2TTx64;-0,168;-1,386;1,396;83,100;TR-08_1-012-W;NO;1;-1,961;1,968;274,900;TR-08_1-010-E;NO;1
1521;SJ;TR-08_1-012;2TTx64;-0,569;6,570;6,595;275,000;TR-08_1-013-W;NO;1;-3,815;3,857;278,500;TR-08_1-011-E;NO;1
1522;SJ;TR-08_1-013;2TTx64;-0,181;2,711;2,717;273,800;TR-08_1-014-W;NO;1;-6,530;6,532;271,600;TR-08_1-012-E;NO;1
1523;SJ;TR-08_1-014;2TTx64;0,147;2,077;2,082;266,000;TR-08_1-015-W;NO;1;-2,149;2,154;266,100;TR-08_1-013-E;NO;1
1524;SJ;TR-08_1-015;2TTx64;-0,152;0,389;0,418;291,300;TR-08_1-016-W;NO;1;-1,426;1,434;276,100;TR-08_1-014-E;NO;1
1525;SJ;TR-08_1-016;2TTx64;-0,611;0,733;0,954;309,800;TR-08_1-017-W;NO;1;-0,882;1,073;304,700;TR-08_1-015-E;NO;1
1526;SJ;TR-08_1-017;2TTx64;-0,790;1,629;1,811;295,900;TR-08_1-018-W;NO;1;-1,071;1,331;306,400;TR-08_1-016-E;NO;1
1527;SJ;TR-08_1-018;2TTx64;-0,714;1,859;1,992;291,000;TR-08_1-019-W;NO;1;-1,670;1,816;293,200;TR-08_1-017-E;NO;1
1528;SJ;TR-08_1-019;2TTx64;-0,387;0,154;0,416;338,300;TR-08_1-020-W;NO;1;-1,820;1,861;282,000;TR-08_1-018-E;NO;1
1529;SJ;TR-08_1-020;2TTx64;-0,129;1,121;1,128;276,600;TR-08_1-021-W;NO;1;-0,305;0,331;292,900;TR-08_1-019-E;NO;1
1530;SJ;TR-08_1-021;2TTx64;-0,181;;;;;;;-1,498;1,509;276,900;TR-08_1-020-E;NO;1
1531;SJ;TR-08_1-022;2TTx64;-0,618;0,079;0,623;352,700;TR-08_1-023-W;NO;1;;;;;;
1532;SJ;TR-08_1-023;2TTx64;-0,382;-0,983;1,055;68,800;TR-08_1-024-W;NO;1;-0,736;0,829;297,400;TR-08_1-022-E;NO;1
1533;SJ;TR-08_1-024;2TTx64;-0,016;-2,480;2,480;89,600;TR-08_1-025-W;NO;1;-1,192;1,192;270,800;TR-08_1-023-E;NO;1
1534;SJ;TR-08_1-025;2TTx64;0,920;-2,354;2,527;111,300;;NO;0;2,391;2,562;111,000;TR-08_1-024-E;NO;1
1535;SJ;TR-08_1-026;2TTx64;3,148;2,670;4,128;220,300;TR-08_1-027-W;NO;1;-3,658;4,826;229,300;TR-08_2-052-E;NO;1
1536;SJ;TR-08_1-027;2TTx64;4,004;2,118;4,529;207,900;;NO;0;-4,249;5,838;226,700;TR-08_1-026-E;NO;1
1537;SJ;TR-08_1-029;2TTx64;3,940;1,990;4,414;206,800;TR-08_1-030-W;NO;1;;;;;;
1538;SJ;TR-08_1-030;2TTx64;4,384;1,977;4,809;204,300;TR-08_1-031-W;NO;1;-1,662;4,688;200,800;TR-08_1-029-E;NO;1
1539;SJ;TR-08_1-031;2TTx64;4,606;-2,789;5,385;148,800;;NO;0;-0,332;4,618;184,100;TR-08_1-030-E;NO;1
1540;SJ;TR-08_1-032;2TTx64;-1,635;1,349;2,120;320,500;TR-08_1-033-W;NO;1;5,778;6,005;74,200;;NO;0
1541;SJ;TR-08_1-033;2TTx64;-1,629;2,531;3,010;302,800;TR-08_1-034-W;NO;1;-2,135;2,686;307,400;TR-08_1-032-E;NO;1
1542;SJ;TR-08_1-034;2TTx64;-0,420;1,764;1,813;283,400;TR-08_1-035-W;NO;1;-3,351;3,377;277,100;TR-08_1-033-E;NO;1
1543;SJ;TR-08_1-035;2TTx64;-0,125;4,117;4,119;271,700;TR-08_1-036-W;NO;1;-1,487;1,492;274,800;TR-08_1-034-E;NO;1
1544;SJ;TR-08_1-036;2TTx64;-0,193;5,714;5,717;271,900;;NO;0;-3,186;3,192;273,500;TR-08_1-035-E;NO;1
1545;SJ;TR-08_1-037;2TTx64;0,931;1,031;1,389;227,900;;NO;0;0,105;0,937;173,600;;NO;0
1546;SJ;TR-08_1-038;2TTx64;1,893;;;;;;;-0,024;1,893;180,700;;NO;0
1547;SJ;TR-08_1-039;2TTx64;1,545;2,198;2,687;234,900;;NO;0;;;;;;
1548;SJ;TR-08_1-040;2TTx64;2,433;1,754;2,999;215,800;;NO;0;-2,198;3,279;222,100;;NO;0
1549;SJ;TR-08_1-041;2TTx64;-0,272;;;;;;;;;;;;
1550;SJ;TR-08_1-043;2TTx64;1,512;-0,420;1,569;164,500;TR-08_1-044-W;NO;1;;;;;;
1551;SJ;TR-08_1-044;2TTx64;1,753;-1,827;2,532;133,800;;NO;0;0,622;1,860;160,500;TR-08_1-043-E;NO;1
1552;SJ;TR-08_1-045;2TTx64;1,716;0,184;1,726;186,100;TR-08_1-046-W;NO;1;0,645;1,833;159,400;;NO;0
1553;SJ;TR-08_1-046;2TTx64;1,363;0,738;1,550;208,400;TR-08_1-047-W;NO;1;-0,164;1,373;186,900;TR-08_1-045-E;NO;1
1554;SJ;TR-08_1-047;2TTx64;1,124;1,707;2,044;236,600;TR-08_1-048-W;NO;1;-0,620;1,284;208,900;TR-08_1-046-E;NO;1
1555;SJ;TR-08_1-048;2TTx64;1,309;0,027;1,309;181,200;TR-08_1-049-W;NO;1;-1,781;2,210;233,700;TR-08_1-047-E;NO;1
1556;SJ;TR-08_1-049;2TTx64;1,913;3,115;3,655;238,400;;NO;0;-0,237;1,927;187,100;TR-08_1-048-E;NO;1
1557;SJ;TR-08_1-050;2TTx64;2,540;-0,995;2,728;158,600;;NO;0;0,057;2,541;178,700;;NO;0
1558;SJ;TR-08_1-052;2TTx64;1,409;2,325;2,719;238,800;;NO;0;-1,754;2,250;231,200;;NO;0
1559;SJ;TR-08_1-053;2TTx64;1,074;;;;;;;-2,325;2,561;245,200;;NO;0
1560;SJ;TR-08_1-054;2TTx64;1,782;;;;;;;;;;;;
1561;SJ;TR-08_1-055;2TTx64;-0,715;2,260;2,370;287,600;TR-08_1-056-W;NO;1;-2,561;2,659;285,600;TR-08_2-094-E;NO;1
1562;SJ;TR-08_1-056;2TTx64;-0,685;0,616;0,921;318,000;TR-08_1-057-W;NO;1;-2,576;2,666;284,900;TR-08_1-055-E;NO;1
1563;SJ;TR-08_1-057;2TTx64;-0,595;4,590;4,628;277,400;TR-08_1-058-W;NO;1;0,065;0,598;6,200;TR-08_1-056-E;NO;1
1564;SJ;TR-08_1-058;2TTx64;-0,937;0,678;1,156;324,100;TR-08_1-059-W;NO;1;-2,637;2,798;289,600;TR-08_1-057-E;NO;1
1565;SJ;TR-08_1-059;2TTx64;-0,898;2,107;2,290;293,100;;NO;0;-1,278;1,562;305,100;TR-08_1-058-E;NO;1
1566;SJ;TR-08_1-060;2TTx64;2,258;-0,757;2,381;161,500;TR-08_1-061-W;NO;1;;;;;;
1567;SJ;TR-08_1-061;2TTx64;1,992;0,100;1,995;182,900;TR-08_1-062-W;NO;1;1,727;2,636;139,100;TR-08_1-060-E;NO;1
1568;SJ;TR-08_1-062;2TTx64;2,039;5,448;5,817;249,500;TR-08_1-063-W;NO;1;-0,209;2,049;185,900;TR-08_1-061-E;NO;1
1569;SJ;TR-08_1-063;2TTx64;2,348;-0,252;2,362;173,900;TR-08_1-064-W;NO;1;-0,449;2,391;190,800;TR-08_1-062-E;NO;1
1570;SJ;TR-08_1-064;2TTx64;1,693;;;;;;;0,583;1,791;161,000;TR-08_1-063-E;NO;1
1571;SJ;TR-08_1-065;2TTx64;2,111;8,060;8,332;255,300;TR-08_1-066-W;NO;1;;;;;;
1572;SJ;TR-08_1-066;2TTx64;3,389;6,864;7,655;243,700;TR-08_1-067-W;NO;1;-8,793;9,423;248,900;TR-08_1-065-E;NO;1
1573;SJ;TR-08_1-067;2TTx64;1,240;7,355;7,459;260,400;TR-08_1-068-W;NO;1;-9,974;10,051;262,900;TR-08_1-066-E;NO;1
1574;SJ;TR-08_1-068;2TTx64;0,128;-0,465;0,482;105,400;TR-08_1-069-W;NO;1;-10,607;10,608;269,300;TR-08_1-067-E;NO;1
1575;SJ;TR-08_1-069;2TTx64;-1,498;1,560;2,163;313,800;;NO;0;-1,683;2,253;311,700;TR-08_1-068-E;NO;1
1576;SJ;TR-08_1-070;2TTx64;-0,180;-1,486;1,497;83,100;TR-08_1-071-W;NO;1;-1,751;1,760;275,900;;NO;0
1577;SJ;TR-08_1-071;2TTx64;-1,969;-1,991;2,801;45,300;TR-08_1-072-W;NO;1;0,315;1,994;9,100;TR-08_1-070-E;NO;1
1578;SJ;TR-08_1-072;2TTx64;-2,401;-0,726;2,508;16,800;TR-08_1-073-W;NO;1;2,206;3,261;42,600;TR-08_1-071-E;NO;1
1579;SJ;TR-08_1-073;2TTx64;-1,655;-1,686;2,362;45,500;TR-08_1-074-W;NO;1;1,001;1,934;31,200;TR-08_1-072-E;NO;1
1580;SJ;TR-08_1-074;2TTx64;-1,403;-0,047;1,404;1,900;TR-08_1-075-W;NO;1;1,489;2,046;46,700;TR-08_1-073-E;NO;1
1581;SJ;TR-08_1-075;2TTx64;-0,771;-0,271;0,817;19,400;;NO;0;0,531;0,936;34,600;TR-08_1-074-E;NO;1
1582;SJ;TR-08_1-076;2TTx64;0,028;2,173;2,173;269,300;TR-08_1-077-W;NO;1;-0,775;0,776;267,900;;NO;0
1583;SJ;TR-08_1-077;2TTx64;0,311;4,669;4,679;266,200;TR-08_1-078-W;NO;1;-2,173;2,195;261,900;TR-08_1-076-E;NO;1
1584;SJ;TR-08_1-078;2TTx64;-0,063;1,675;1,676;272,200;TR-08_1-079-W;NO;1;-4,600;4,600;270,800;TR-08_1-077-E;NO;1
1585;SJ;TR-08_1-079;2TTx64;-0,480;-2,970;3,009;80,800;TR-08_1-080-W;NO;1;3,033;3,071;81,000;TR-08_1-078-E;NO;1
1586;SJ;TR-08_1-080;2TTx64;-0,268;-4,142;4,151;86,300;TR-08_1-081-W;NO;1;2,071;2,088;82,600;TR-08_1-079-E;NO;1
1587;SJ;TR-08_1-081;2TTx64;-0,594;1,031;1,190;299,900;TR-08_1-082-W;NO;1;2,918;2,978;78,500;TR-08_1-080-E;NO;1
1588;SJ;TR-08_1-082;2TTx64;-0,388;1,487;1,537;284,600;TR-08_1-083-W;NO;1;-1,309;1,365;286,500;TR-08_1-081-E;NO;1
1589;SJ;TR-08_1-083;2TTx64;-0,423;4,438;4,458;275,400;;NO;0;-1,786;1,835;283,300;TR-08_1-082-E;NO;1
1590;SJ;TR-08_1-084;2TTx64;2,742;4,934;5,645;240,900;TR-08_1-085-W;NO;1;-2,691;3,842;224,500;TR-08_2-121-E;NO;1
1591;SJ;TR-08_1-085;2TTx64;2,246;4,635;5,150;244,200;TR-08_1-086-W;NO;1;-3,466;4,130;237,100;TR-08_1-084-E;NO;1
1592;SJ;TR-08_1-086;2TTx64;1,978;2,489;3,179;231,500;TR-08_1-087-W;NO;1;-3,827;4,308;242,700;TR-08_1-085-E;NO;1
1593;SJ;TR-08_1-087;2TTx64;1,650;5,208;5,463;252,400;TR-08_1-088-W;NO;1;-2,254;2,794;233,800;TR-08_1-086-E;NO;1
1594;SJ;TR-08_1-088;2TTx64;1,477;2,040;2,519;234,100;;NO;0;-3,409;3,715;246,600;TR-08_1-087-E;NO;1
1595;SJ;TR-08_1-089;2TTx64;-0,730;4,073;4,138;280,200;TR-08_1-090-W;NO;1;;;;;;
1596;SJ;TR-08_1-090;2TTx64;-0,703;4,568;4,622;278,700;TR-08_1-091-W;NO;1;-3,294;3,368;282,000;TR-08_1-089-E;NO;1
1597;SJ;TR-08_1-091;2TTx64;-0,682;4,602;4,652;278,400;TR-08_1-092-W;NO;1;-3,860;3,920;280,000;TR-08_1-090-E;NO;1
1598;SJ;TR-08_1-092;2TTx64;-0,865;1,578;1,799;298,700;TR-08_1-093-W;NO;1;2,687;2,823;72,200;TR-08_1-091-E;NO;1
1599;SJ;TR-08_1-093;2TTx64;-1,453;;;;;;;-1,452;2,054;315,000;TR-08_1-092-E;NO;1
1600;SJ;TR-08_1-094;2TTx64;-1,417;1,902;2,372;306,700;TR-08_1-095-W;NO;1;;;;;;
1601;SJ;TR-08_1-095;2TTx64;-1,199;-0,087;1,202;4,200;TR-08_1-096-W;NO;1;-3,138;3,359;290,900;TR-08_1-094-E;NO;1
1602;SJ;TR-08_1-096;2TTx64;0,973;6,220;6,296;261,100;TR-08_1-097-W;NO;1;-14,601;14,633;266,200;TR-08_1-095-E;NO;1
1603;SJ;TR-08_1-097;2TTx64;2,669;2,494;3,653;223,100;TR-08_1-098-W;NO;1;-7,305;7,777;249,900;TR-08_1-096-E;NO;1
1604;SJ;TR-08_1-098;2TTx64;4,025;6,818;7,917;239,400;;NO;0;-2,963;4,998;216,400;TR-08_1-097-E;NO;1
1605;SJ;TR-08_1-099;2TTx64;-2,340;2,173;3,193;317,100;TR-08_1-100-W;NO;1;;;;;;
1606;SJ;TR-08_1-100;2TTx64;-2,500;0,766;2,615;343,000;TR-08_1-101-W;NO;1;-4,053;4,762;301,700;TR-08_1-099-E;NO;1
1607;SJ;TR-08_1-101;2TTx64;-2,267;-0,332;2,291;8,300;TR-08_1-102-W;NO;1;-1,543;2,742;325,800;TR-08_1-100-E;NO;1
1608;SJ;TR-08_1-102;2TTx64;-1,423;-0,095;1,426;3,800;TR-08_1-103-W;NO;1;-0,378;1,472;345,100;TR-08_1-101-E;NO;1
1609;SJ;TR-08_1-103;2TTx64;-1,034;1,853;2,122;299,200;TR-08_1-104-W;NO;1;0,887;1,363;40,600;TR-08_1-102-E;NO;1
1610;SJ;TR-08_1-104;2TTx64;-1,487;3,051;3,394;296,000;TR-08_1-105-W;NO;1;-2,259;2,704;303,400;TR-08_1-103-E;NO;1
1611;SJ;TR-08_1-105;2TTx64;-1,950;2,470;3,147;308,300;;NO;0;-2,415;3,104;308,900;TR-08_1-104-E;NO;1
1612;SJ;TR-08_1-106;2TTx64;-3,302;1,572;3,657;334,500;TR-08_1-107-W;NO;1;;;;;;
1613;SJ;TR-08_1-107;2TTx64;-2,614;-0,180;2,620;3,900;TR-08_1-108-W;NO;1;-4,012;4,788;303,100;TR-08_1-106-E;NO;1
1614;SJ;TR-08_1-108;2TTx64;-2,684;0,163;2,689;356,500;TR-08_1-109-W;NO;1;-1,212;2,945;335,700;TR-08_1-107-E;NO;1
1615;SJ;TR-08_1-109;2TTx64;-3,427;-0,167;3,431;2,800;TR-08_1-110-W;NO;1;1,169;3,621;18,800;TR-08_1-108-E;NO;1
1616;SJ;TR-08_1-110;2TTx64;-3,815;0,999;3,944;345,300;TR-08_1-111-W;NO;1;1,034;3,953;15,200;TR-08_1-109-E;NO;1
1617;SJ;TR-08_1-111;2TTx64;-3,032;1,589;3,423;332,300;TR-08_1-112-W;NO;1;-0,898;3,162;343,500;TR-08_1-110-E;NO;1
1618;SJ;TR-08_1-112;2TTx64;-2,100;1,298;2,469;328,300;TR-08_1-113-W;NO;1;-2,592;3,336;309,000;TR-08_1-111-E;NO;1
1619;SJ;TR-08_1-113;2TTx64;-3,772;3,322;5,027;318,600;TR-08_1-114-W;NO;1;-4,833;6,131;308,000;TR-08_1-112-E;NO;1
1620;SJ;TR-08_1-114;2TTx64;-2,908;2,060;3,564;324,700;TR-07_1-007-W;NO;1;-2,898;4,105;315,100;TR-08_1-113-E;NO;1
1621;SJ;TR-08_1-115;2TTx64;-4,508;-0,037;4,508;0,500;TR-08_1-116-W;NO;1;;;;;;
1622;SJ;TR-08_1-116;2TTx64;-3,337;2,701;4,293;321,000;TR-08_1-117-W;NO;1;1,790;3,787;28,200;TR-08_1-115-E;NO;1
1623;SJ;TR-08_1-117;2TTx64;-1,725;2,900;3,374;300,700;TR-08_1-118-W;NO;1;-5,746;5,999;286,700;TR-08_1-116-E;NO;1
1624;SJ;TR-08_1-118;2TTx64;-1,942;1,362;2,372;325,000;TR-07_1-015-W;NO;1;-3,760;4,232;297,300;TR-08_1-117-E;NO;1
1625;SJ;TR-08_2-005;2TTx64;0,547;1,808;1,889;253,200;TR-08_2-006-W;NO;1;;;;;;
1626;SJ;TR-08_2-006;2TTx64;0,811;1,268;1,505;237,400;TR-08_2-007-W;NO;1;-3,440;3,534;256,700;TR-08_2-005-E;NO;1
1627;SJ;TR-08_2-007;2TTx64;0,945;3,832;3,947;256,100;TR-08_2-008-W;NO;1;-2,209;2,403;246,800;TR-08_2-006-E;NO;1
1628;SJ;TR-08_2-008;2TTx64;1,287;3,045;3,306;247,100;TR-08_2-009-W;NO;1;-3,384;3,620;249,200;TR-08_2-007-E;NO;1
1629;SJ;TR-08_2-009;2TTx64;1,551;2,342;2,809;236,500;TR-08_2-010-W;NO;1;-2,484;2,929;238,000;TR-08_2-008-E;NO;1
1630;SJ;TR-08_2-010;2TTx64;1,583;4,994;5,239;252,400;TR-08_2-011-W;NO;1;-2,691;3,122;239,500;TR-08_2-009-E;NO;1
1631;SJ;TR-08_2-011;2TTx64;2,019;0,330;2,045;189,300;TR-08_2-012-W;NO;1;-4,402;4,843;245,400;TR-08_2-010-E;NO;1
1632;SJ;TR-08_2-012;2TTx64;1,759;3,817;4,203;245,300;;NO;0;-1,031;2,039;210,400;TR-08_2-011-E;NO;1
1633;SJ;TR-08_2-013;2TTx64;1,924;1,508;2,444;218,100;TR-08_2-014-W;NO;1;-1,192;2,263;211,800;;NO;0
1634;SJ;TR-08_2-014;2TTx64;1,839;1,808;2,579;224,500;;NO;0;-1,308;2,257;215,400;TR-08_2-013-E;NO;1
1635;SJ;TR-08_2-015;2TTx64;0,572;2,838;2,895;258,600;TR-08_2-016-W;NO;1;;;;;;
1636;SJ;TR-08_2-016;2TTx64;0,807;2,654;2,774;253,100;TR-08_2-017-W;NO;1;-2,960;3,068;254,700;TR-08_2-015-E;NO;1
1637;SJ;TR-08_2-017;2TTx64;0,833;3,595;3,690;256,900;TR-08_2-018-W;NO;1;-3,068;3,179;254,800;TR-08_2-016-E;NO;1
1638;SJ;TR-08_2-018;2TTx64;0,848;4,457;4,537;259,200;TR-08_2-019-W;NO;1;-2,682;2,813;252,500;TR-08_2-017-E;NO;1
1639;SJ;TR-08_2-019;2TTx64;1,007;2,432;2,632;247,500;;NO;0;-4,288;4,405;256,800;TR-08_2-018-E;NO;1
1640;SJ;TR-08_2-020;2TTx64;1,044;0,422;1,126;202,000;;NO;0;-2,432;2,646;246,800;;NO;0
1641;SJ;TR-08_2-021;2TTx64;1,290;1,943;2,332;236,400;TR-08_2-022-W;NO;1;-1,790;2,206;234,200;;NO;0
1642;SJ;TR-08_2-022;2TTx64;1,760;1,088;2,069;211,700;TR-08_2-023-W;NO;1;-2,621;3,157;236,100;TR-08_2-021-E;NO;1
1643;SJ;TR-08_2-023;2TTx64;2,118;-0,337;2,145;171,000;TR-08_2-024-W;NO;1;-1,166;2,418;208,800;TR-08_2-022-E;NO;1
1644;SJ;TR-08_2-024;2TTx64;2,650;-0,256;2,662;174,500;TR-08_2-025-W;NO;1;-0,792;2,766;196,600;TR-08_2-023-E;NO;1
1645;SJ;TR-08_2-025;2TTx64;3,734;0,436;3,759;186,700;TR-08_2-026-W;NO;1;-0,257;3,743;183,900;TR-08_2-024-E;NO;1
1646;SJ;TR-08_2-026;2TTx64;4,019;3,733;5,485;222,900;;NO;0;0,392;4,038;174,400;TR-08_2-025-E;NO;1
1647;SJ;TR-08_2-027;2TTx64;0,575;4,886;4,920;263,300;TR-08_2-028-W;NO;1;-2,765;2,824;258,200;TR-09_1-041-E;NO;1
1648;SJ;TR-08_2-028;2TTx64;0,945;2,781;2,937;251,200;TR-08_2-029-W;NO;1;-3,947;4,058;256,500;TR-08_2-027-E;NO;1
1649;SJ;TR-08_2-029;2TTx64;1,021;0,975;1,412;223,700;;NO;0;-2,867;3,043;250,400;TR-08_2-028-E;NO;1
1650;SJ;TR-08_2-030;2TTx64;2,809;1,811;3,342;212,800;TR-08_2-031-W;NO;1;;;;;;
1651;SJ;TR-08_2-031;2TTx64;2,693;3,257;4,226;230,400;TR-08_2-032-W;NO;1;0,115;2,695;177,600;TR-08_2-030-E;NO;1
1652;SJ;TR-08_2-032;2TTx64;2,732;0,835;2,857;197,000;TR-08_2-033-W;NO;1;-2,384;3,626;221,100;TR-08_2-031-E;NO;1
1653;SJ;TR-08_2-033;2TTx64;2,700;-251,913;251,927;90,600;TR-08_2-034-W;NO;1;-592,808;592,814;269,700;TR-08_2-032-E;NO;1
1654;SJ;TR-08_2-034;2TTx64;2,386;1,853;3,021;217,800;;NO;0;233,548;233,560;90,600;TR-08_2-033-E;NO;1
1655;SJ;TR-08_2-037;2TTx64;0,853;0,441;0,960;207,300;TR-08_2-038-W;NO;1;;;;;;
1656;SJ;TR-08_2-038;2TTx64;0,721;-0,005;0,721;179,600;TR-08_2-039-W;NO;1;-1,267;1,458;240,400;TR-08_2-037-E;NO;1
1657;SJ;TR-08_2-039;2TTx64;0,340;3,098;3,117;263,700;;NO;0;-0,392;0,519;229,100;TR-08_2-038-E;NO;1
1658;SJ;TR-08_2-040;2TTx64;0,512;2,780;2,827;259,600;TR-08_2-041-W;NO;1;-3,098;3,140;260,600;;NO;0
1659;SJ;TR-08_2-041;2TTx64;0,692;2,754;2,840;255,900;TR-08_2-042-W;NO;1;-3,977;4,037;260,100;TR-08_2-040-E;NO;1
1660;SJ;TR-08_2-042;2TTx64;1,150;3,350;3,542;251,100;TR-08_2-043-W;NO;1;-2,851;3,074;248,000;TR-08_2-041-E;NO;1
1661;SJ;TR-08_2-043;2TTx64;1,507;2,660;3,057;240,500;TR-08_2-044-W;NO;1;-3,663;3,961;247,600;TR-08_2-042-E;NO;1
1662;SJ;TR-08_2-044;2TTx64;1,683;3,821;4,175;246,200;TR-08_2-045-W;NO;1;-2,153;2,733;232,000;TR-08_2-043-E;NO;1
1663;SJ;TR-08_2-045;2TTx64;1,774;2,683;3,216;236,500;TR-08_2-046-W;NO;1;-2,883;3,385;238,400;TR-08_2-044-E;NO;1
1664;SJ;TR-08_2-046;2TTx64;2,014;1,877;2,753;223,000;TR-08_2-047-W;NO;1;-4,227;4,682;244,500;TR-08_2-045-E;NO;1
1665;SJ;TR-08_2-047;2TTx64;2,051;2,264;3,055;227,800;TR-08_2-048-W;NO;1;-1,488;2,534;216,000;TR-08_2-046-E;NO;1
1666;SJ;TR-08_2-048;2TTx64;2,067;3,020;3,660;235,600;TR-08_2-049-W;NO;1;-1,798;2,740;221,000;TR-08_2-047-E;NO;1
1667;SJ;TR-08_2-049;2TTx64;2,302;4,687;5,222;243,800;TR-08_2-050-W;NO;1;-2,087;3,107;222,200;TR-08_2-048-E;NO;1
1668;SJ;TR-08_2-050;2TTx64;2,394;4,260;4,887;240,700;TR-08_2-051-W;NO;1;-0,686;2,491;196,000;TR-08_2-049-E;NO;1
1669;SJ;TR-08_2-051;2TTx64;2,546;1,310;2,863;207,200;TR-08_2-052-W;NO;1;-3,034;3,960;230,000;TR-08_2-050-E;NO;1
1670;SJ;TR-08_2-052;2TTx64;2,444;4,747;5,339;242,800;TR-08_1-026-W;NO;1;-1,095;2,678;204,100;TR-08_2-051-E;NO;1
1671;SJ;TR-08_2-053;2TTx64;1,860;4,226;4,617;246,200;TR-08_2-054-W;NO;1;-1,526;2,406;219,400;TR-09_1-068-E;NO;1
1672;SJ;TR-08_2-054;2TTx64;1,893;2,414;3,068;231,900;TR-08_2-055-W;NO;1;-3,311;3,814;240,200;TR-08_2-053-E;NO;1
1673;SJ;TR-08_2-055;2TTx64;1,873;2,939;3,485;237,500;;NO;0;-1,926;2,686;225,800;TR-08_2-054-E;NO;1
1674;SJ;TR-08_2-056;2TTx64;0,336;2,363;2,387;261,900;TR-08_2-057-W;NO;1;;;;;;
1675;SJ;TR-08_2-057;2TTx64;0,020;2,167;2,167;269,500;TR-08_2-058-W;NO;1;-2,638;2,638;269,600;TR-08_2-056-E;NO;1
1676;SJ;TR-08_2-058;2TTx64;-0,204;0,182;0,274;318,300;TR-08_2-059-W;NO;1;-2,330;2,339;275,000;TR-08_2-057-E;NO;1
1677;SJ;TR-08_2-059;2TTx64;0,381;1,827;1,866;258,200;TR-08_2-060-W;NO;1;-2,199;2,232;260,200;TR-08_2-058-E;NO;1
1678;SJ;TR-08_2-060;2TTx64;0,525;0,800;0,957;236,700;;NO;0;-1,992;2,060;255,200;TR-08_2-059-E;NO;1
1679;SJ;TR-08_2-061;2TTx64;1,445;2,269;2,690;237,500;TR-08_2-062-W;NO;1;;;;;;
1680;SJ;TR-08_2-062;2TTx64;1,378;3,341;3,614;247,600;TR-08_2-063-W;NO;1;-1,552;2,076;228,400;TR-08_2-061-E;NO;1
1681;SJ;TR-08_2-063;2TTx64;1,256;1,478;1,940;229,600;TR-08_2-064-W;NO;1;-3,274;3,507;249,000;TR-08_2-062-E;NO;1
1682;SJ;TR-08_2-064;2TTx64;1,676;2,288;2,836;233,800;TR-08_2-065-W;NO;1;-1,573;2,298;223,200;TR-08_2-063-E;NO;1
1683;SJ;TR-08_2-065;2TTx64;1,829;2,909;3,436;237,800;TR-08_2-066-W;NO;1;-3,107;3,605;239,500;TR-08_2-064-E;NO;1
1684;SJ;TR-08_2-066;2TTx64;2,003;-0,029;2,003;179,200;TR-08_2-067-W;NO;1;-2,543;3,237;231,800;TR-08_2-065-E;NO;1
1685;SJ;TR-08_2-067;2TTx64;2,127;2,055;2,958;224,000;;NO;0;-2,519;3,297;229,800;TR-08_2-066-E;NO;1
1686;SJ;TR-08_2-068;2TTx64;-0,388;2,081;2,117;280,600;TR-08_2-069-W;NO;1;-3,011;3,036;277,300;TR-09_1-095-E;NO;1
1687;SJ;TR-08_2-069;2TTx64;-0,299;2,989;3,004;275,700;TR-08_2-070-W;NO;1;-1,841;1,865;279,200;TR-08_2-068-E;NO;1
1688;SJ;TR-08_2-070;2TTx64;-0,912;3,829;3,936;283,400;;NO;0;-2,588;2,744;289,400;TR-08_2-069-E;NO;1
1689;SJ;TR-08_2-071;2TTx64;2,051;-251,375;251,383;90,500;TR-08_2-072-W;NO;1;;;;;;
1690;SJ;TR-08_2-072;2TTx64;1,842;1,427;2,330;217,800;TR-08_2-073-W;NO;1;586,017;586,020;90,200;TR-08_2-071-E;NO;1
1691;SJ;TR-08_2-073;2TTx64;1,558;10,987;11,097;261,900;TR-08_2-074-W;NO;1;124,970;124,980;90,700;TR-08_2-072-E;NO;1
1692;SJ;TR-08_2-074;2TTx64;1,460;2,776;3,136;242,300;TR-08_2-075-W;NO;1;-1,602;2,167;227,700;TR-08_2-073-E;NO;1
1693;SJ;TR-08_2-075;2TTx64;1,529;3,178;3,526;244,300;TR-08_2-076-W;NO;1;-2,053;2,560;233,300;TR-08_2-074-E;NO;1
1694;SJ;TR-08_2-076;2TTx64;1,896;-0,339;1,926;169,900;TR-08_2-077-W;NO;1;-2,832;3,408;236,200;TR-08_2-075-E;NO;1
1695;SJ;TR-08_2-077;2TTx64;2,130;-0,375;2,163;170,000;TR-08_2-078-W;NO;1;-0,399;2,167;190,600;TR-08_2-076-E;NO;1
1696;SJ;TR-08_2-078;2TTx64;2,271;1,333;2,634;210,400;TR-08_2-079-W;NO;1;-2,198;3,161;224,100;TR-08_2-077-E;NO;1
1697;SJ;TR-08_2-079;2TTx64;2,678;0,839;2,807;197,400;TR-08_2-080-W;NO;1;-0,937;2,837;199,300;TR-08_2-078-E;NO;1
1698;SJ;TR-08_2-080;2TTx64;3,162;4,011;5,107;231,800;TR-08_2-081-W;NO;1;-0,280;3,174;185,100;TR-08_2-079-E;NO;1
1699;SJ;TR-08_2-081;2TTx64;3,108;0,169;3,113;183,100;TR-08_2-082-W;NO;1;-4,295;5,302;234,100;TR-08_2-080-E;NO;1
1700;SJ;TR-08_2-082;2TTx64;3,376;-0,502;3,413;171,500;;NO;0;-4,546;5,662;233,400;TR-08_2-081-E;NO;1
1701;SJ;TR-08_2-083;2TTx64;3,142;2,802;4,210;221,700;TR-08_2-084-W;NO;1;3,342;4,587;133,200;;NO;0
1702;SJ;TR-08_2-084;2TTx64;4,092;1,274;4,286;197,300;TR-08_2-085-W;NO;1;-2,802;4,960;214,400;TR-08_2-083-E;NO;1
1703;SJ;TR-08_2-085;2TTx64;4,826;2,637;5,499;208,700;TR-08_2-086-W;NO;1;-0,970;4,922;191,400;TR-08_2-084-E;NO;1
1704;SJ;TR-08_2-086;2TTx64;4,398;2,117;4,881;205,700;TR-08_2-087-W;NO;1;-2,033;4,845;204,800;TR-08_2-085-E;NO;1
1705;SJ;TR-08_2-087;2TTx64;4,482;4,641;6,452;226,000;TR-08_2-088-W;NO;1;0,625;4,526;172,100;TR-08_2-086-E;NO;1
1706;SJ;TR-08_2-088;2TTx64;3,287;0,957;3,424;196,200;;NO;0;-4,954;5,946;236,400;TR-08_2-087-E;NO;1
1707;SJ;TR-08_2-089;2TTx64;0,213;4,503;4,508;267,300;TR-08_2-090-W;NO;1;-0,520;0,562;247,700;;NO;0
1708;SJ;TR-08_2-090;2TTx64;-0,104;5,885;5,886;271,000;TR-08_2-091-W;NO;1;-1,849;1,852;273,200;TR-08_2-089-E;NO;1
1709;SJ;TR-08_2-091;2TTx64;-0,336;3,691;3,706;275,200;TR-08_2-092-W;NO;1;-2,194;2,220;278,700;TR-08_2-090-E;NO;1
1710;SJ;TR-08_2-092;2TTx64;-0,508;4,184;4,215;276,900;TR-08_2-093-W;NO;1;-3,538;3,574;278,200;TR-08_2-091-E;NO;1
1711;SJ;TR-08_2-093;2TTx64;-0,820;2,112;2,265;291,200;TR-08_2-094-W;NO;1;-3,663;3,754;282,600;TR-08_2-092-E;NO;1
1712;SJ;TR-08_2-094;2TTx64;-0,959;3,098;3,243;287,200;TR-08_1-055-W;NO;1;-2,779;2,940;289,000;TR-08_2-093-E;NO;1
1713;SJ;TR-08_2-095;2TTx64;-3,064;1,278;3,320;337,400;TR-08_2-096-W;NO;1;-0,758;3,157;346,100;TR-09_1-122-E;NO;1
1714;SJ;TR-08_2-096;2TTx64;-2,172;0,418;2,212;349,100;TR-08_2-097-W;NO;1;-0,685;2,278;342,500;TR-08_2-095-E;NO;1
1715;SJ;TR-08_2-097;2TTx64;-1,444;3,734;4,003;291,100;;NO;0;-0,891;1,696;328,300;TR-08_2-096-E;NO;1
1716;SJ;TR-08_2-098;2TTx64;-2,365;1,587;2,848;326,100;TR-08_2-099-W;NO;1;;;;;;
1717;SJ;TR-08_2-099;2TTx64;-1,939;1,782;2,633;317,400;TR-08_2-100-W;NO;1;-1,094;2,226;330,600;TR-08_2-098-E;NO;1
1718;SJ;TR-08_2-100;2TTx64;-0,547;5,656;5,682;275,500;TR-08_2-101-W;NO;1;-0,810;0,978;304,000;TR-08_2-099-E;NO;1
1719;SJ;TR-08_2-101;2TTx64;0,328;2,207;2,231;261,600;TR-08_2-102-W;NO;1;0,170;0,369;152,600;TR-08_2-100-E;NO;1
1720;SJ;TR-08_2-102;2TTx64;0,036;0,267;0,269;262,300;;NO;0;-2,202;2,202;269,100;TR-08_2-101-E;NO;1
1721;SJ;TR-08_2-103;2TTx64;0,474;-0,716;0,859;123,500;TR-08_2-104-W;NO;1;-0,267;0,544;209,400;;NO;0
1722;SJ;TR-08_2-104;2TTx64;0,216;2,387;2,397;264,800;TR-08_2-105-W;NO;1;0,070;0,227;162,000;TR-08_2-103-E;NO;1
1723;SJ;TR-08_2-105;2TTx64;-0,196;1,950;1,960;275,700;TR-08_2-106-W;NO;1;-1,627;1,639;276,900;TR-08_2-104-E;NO;1
1724;SJ;TR-08_2-106;2TTx64;-0,480;4,885;4,909;275,600;TR-08_2-107-W;NO;1;0,819;0,949;59,600;TR-08_2-105-E;NO;1
1725;SJ;TR-08_2-107;2TTx64;-1,094;6,535;6,626;279,500;TR-08_2-108-W;NO;1;-3,786;3,941;286,100;TR-08_2-106-E;NO;1
1726;SJ;TR-08_2-108;2TTx64;-0,604;-6,462;6,490;84,700;TR-08_2-109-W;NO;1;-6,112;6,142;275,600;TR-08_2-107-E;NO;1
1727;SJ;TR-08_2-109;2TTx64;-0,237;4,679;4,685;272,900;;NO;0;-2,353;2,365;275,800;TR-08_2-108-E;NO;1
1728;SJ;TR-08_2-110;2TTx64;-1,903;5,920;6,218;287,800;TR-08_2-111-W;NO;1;-3,431;3,923;299,000;;NO;0
1729;SJ;TR-08_2-111;2TTx64;-3,615;2,386;4,332;326,600;TR-08_2-112-W;NO;1;-5,920;6,937;301,400;TR-08_2-110-E;NO;1
1730;SJ;TR-08_2-112;2TTx64;-4,406;3,904;5,887;318,500;TR-08_2-113-W;NO;1;-1,082;4,537;346,200;TR-08_2-111-E;NO;1
1731;SJ;TR-08_2-113;2TTx64;-4,332;-5,665;7,131;52,600;TR-08_2-114-W;NO;1;-2,845;5,183;326,700;TR-08_2-112-E;NO;1
1732;SJ;TR-08_2-114;2TTx64;-3,593;1,382;3,850;339,000;TR-08_2-115-W;NO;1;0,031;3,593;0,500;TR-08_2-113-E;NO;1
1733;SJ;TR-08_2-115;2TTx64;-2,267;-0,316;2,288;7,900;;NO;0;-1,301;2,613;330,100;TR-08_2-114-E;NO;1
1734;SJ;TR-08_2-116;2TTx64;-1,046;4,786;4,899;282,300;TR-08_2-117-W;NO;1;-11,128;11,177;275,400;;NO;0
1735;SJ;TR-08_2-117;2TTx64;-0,840;3,366;3,469;284,000;TR-08_2-118-W;NO;1;-9,111;9,150;275,300;TR-08_2-116-E;NO;1
1736;SJ;TR-08_2-118;2TTx64;0,300;0,011;0,300;182,100;TR-08_2-119-W;NO;1;-0,133;0,328;203,900;TR-08_2-117-E;NO;1
1737;SJ;TR-08_2-119;2TTx64;1,803;1,251;2,194;214,800;TR-08_2-120-W;NO;1;-0,373;1,841;191,700;TR-08_2-118-E;NO;1
1738;SJ;TR-08_2-120;2TTx64;2,876;1,355;3,179;205,200;TR-08_2-121-W;NO;1;0,736;2,968;165,600;TR-08_2-119-E;NO;1
1739;SJ;TR-08_2-121;2TTx64;3,535;1,738;3,939;206,200;TR-08_1-084-W;NO;1;-0,191;3,540;183,100;TR-08_2-120-E;NO;1
1740;SJ;TR-09_1-001;2TTx64;0,382;2,025;2,061;259,300;TR-09_1-002-W;NO;1;-3,414;3,435;263,600;;NO;0
1741;SJ;TR-09_1-002;2TTx64;0,216;2,580;2,589;265,200;TR-09_1-003-W;NO;1;-2,025;2,036;263,900;TR-09_1-001-E;NO;1
1742;SJ;TR-09_1-003;2TTx64;-0,088;3,488;3,489;271,400;TR-09_1-004-W;NO;1;-2,219;2,221;272,300;TR-09_1-002-E;NO;1
1743;SJ;TR-09_1-004;2TTx64;0,039;0,425;0,427;264,800;TR-09_1-005-W;NO;1;-3,177;3,177;269,300;TR-09_1-003-E;NO;1
1744;SJ;TR-09_1-005;2TTx64;0,328;3,950;3,964;265,300;TR-09_1-006-W;NO;1;-5,044;5,055;266,300;TR-09_1-004-E;NO;1
1745;SJ;TR-09_1-006;2TTx64;0,273;2,632;2,646;264,100;TR-09_1-007-W;NO;1;-4,234;4,243;266,300;TR-09_1-005-E;NO;1
1746;SJ;TR-09_1-007;2TTx64;0,427;2,078;2,121;258,400;TR-09_1-008-W;NO;1;-2,622;2,657;260,700;TR-09_1-006-E;NO;1
1747;SJ;TR-09_1-008;2TTx64;0,919;3,197;3,326;254,000;TR-09_1-009-W;NO;1;-1,780;2,003;242,700;TR-09_1-007-E;NO;1
1748;SJ;TR-09_1-009;2TTx64;1,077;1,039;1,496;224,000;TR-09_1-010-W;NO;1;-0,569;1,218;207,900;TR-09_1-008-E;NO;1
1749;SJ;TR-09_1-010;2TTx64;1,259;3,711;3,919;251,300;;NO;0;-0,041;1,260;181,900;TR-09_1-009-E;NO;1
1750;SJ;TR-09_1-015;2TTx64;-0,263;3,733;3,742;274,000;TR-09_1-016-W;NO;1;-1,944;1,962;277,700;TR-09_2-059-E;NO;1
1751;SJ;TR-09_1-016;2TTx64;0,195;2,201;2,210;264,900;TR-09_1-017-W;NO;1;-1,149;1,165;260,400;TR-09_1-015-E;NO;1
1752;SJ;TR-09_1-017;2TTx64;-0,049;2,524;2,524;271,100;TR-09_1-018-W;NO;1;-1,914;1,915;271,500;TR-09_1-016-E;NO;1
1753;SJ;TR-09_1-018;2TTx64;-0,142;2,015;2,020;274,000;TR-09_1-019-W;NO;1;-2,507;2,511;273,300;TR-09_1-017-E;NO;1
1754;SJ;TR-09_1-019;2TTx64;0,043;3,791;3,791;269,400;TR-09_1-020-W;NO;1;-2,295;2,295;268,900;TR-09_1-018-E;NO;1
1755;SJ;TR-09_1-020;2TTx64;0,436;3,376;3,404;262,600;TR-09_1-021-W;NO;1;-3,431;3,459;262,800;TR-09_1-019-E;NO;1
1756;SJ;TR-09_1-021;2TTx64;0,265;2,240;2,256;263,200;TR-09_1-022-W;NO;1;-3,934;3,943;266,100;TR-09_1-020-E;NO;1
1757;SJ;TR-09_1-022;2TTx64;0,522;2,003;2,070;255,400;TR-09_1-023-W;NO;1;-2,480;2,534;258,100;TR-09_1-021-E;NO;1
1758;SJ;TR-09_1-023;2TTx64;0,537;1,650;1,735;252,000;TR-09_1-024-W;NO;1;-2,611;2,666;258,400;TR-09_1-022-E;NO;1
1759;SJ;TR-09_1-024;2TTx64;0,580;2,465;2,532;256,800;TR-09_1-025-W;NO;1;-2,191;2,267;255,200;TR-09_1-023-E;NO;1
1760;SJ;TR-09_1-025;2TTx64;0,468;1,782;1,842;255,300;;NO;0;-1,628;1,694;254,000;TR-09_1-024-E;NO;1
1761;SJ;TR-09_1-026;2TTx64;-0,255;2,312;2,326;276,300;TR-09_1-027-W;NO;1;;;;;;
1762;SJ;TR-09_1-027;2TTx64;-0,232;0,633;0,674;290,100;;NO;0;-3,435;3,443;273,900;TR-09_1-026-E;NO;1
1763;SJ;TR-09_1-030;2TTx64;-0,398;4,656;4,673;274,900;TR-09_1-031-W;NO;1;;;;;;
1764;SJ;TR-09_1-031;2TTx64;0,014;3,397;3,397;269,800;TR-09_1-032-W;NO;1;-4,656;4,656;269,800;TR-09_1-030-E;NO;1
1765;SJ;TR-09_1-032;2TTx64;0,140;593,303;593,303;270,000;TR-09_1-033-W;NO;1;-3,328;3,331;267,600;TR-09_1-031-E;NO;1
1766;SJ;TR-09_1-033;2TTx64;0,054;2,909;2,910;268,900;TR-09_1-034-W;NO;1;589,584;589,584;90,000;TR-09_1-032-E;NO;1
1767;SJ;TR-09_1-034;2TTx64;0,397;2,635;2,665;261,400;TR-09_1-035-W;NO;1;-3,057;3,083;262,600;TR-09_1-033-E;NO;1
1768;SJ;TR-09_1-035;2TTx64;0,469;1,676;1,740;254,400;TR-09_1-036-W;NO;1;-2,708;2,748;260,200;TR-09_1-034-E;NO;1
1769;SJ;TR-09_1-036;2TTx64;0,501;3,978;4,009;262,800;TR-09_1-037-W;NO;1;-1,963;2,026;255,700;TR-09_1-035-E;NO;1
1770;SJ;TR-09_1-037;2TTx64;0,432;3,780;3,805;263,500;TR-09_1-038-W;NO;1;-2,779;2,812;261,200;TR-09_1-036-E;NO;1
1771;SJ;TR-09_1-038;2TTx64;0,619;2,359;2,439;255,300;TR-09_1-039-W;NO;1;-3,696;3,747;260,500;TR-09_1-037-E;NO;1
1772;SJ;TR-09_1-039;2TTx64;0,725;5,185;5,235;262,000;TR-09_1-040-W;NO;1;-2,421;2,527;253,300;TR-09_1-038-E;NO;1
1773;SJ;TR-09_1-040;2TTx64;0,730;1,079;1,303;235,900;TR-09_1-041-W;NO;1;-4,719;4,775;261,200;TR-09_1-039-E;NO;1
1774;SJ;TR-09_1-041;2TTx64;0,735;1,830;1,972;248,100;TR-08_2-027-W;NO;1;-2,007;2,137;249,900;TR-09_1-040-E;NO;1
1775;SJ;TR-09_1-042;2TTx64;-0,151;5,689;5,691;271,500;TR-09_1-043-W;NO;1;-2,646;2,650;273,300;TR-09_2-080-E;NO;1
1776;SJ;TR-09_1-043;2TTx64;0,244;71,284;71,284;269,800;;NO;0;3,003;3,013;94,600;TR-09_1-042-E;NO;1
1777;SJ;TR-09_1-044;2TTx64;25,021;63,003;67,790;248,300;TR-09_1-045-W;NO;1;-2,235;25,121;185,100;;NO;0
1778;SJ;TR-09_1-045;2TTx64;0,312;1,210;1,250;255,500;TR-09_1-046-W;NO;1;56,217;56,218;90,300;TR-09_1-044-E;NO;1
1779;SJ;TR-09_1-046;2TTx64;0,146;3,069;3,072;267,300;TR-09_1-047-W;NO;1;-1,569;1,576;264,700;TR-09_1-045-E;NO;1
1780;SJ;TR-09_1-047;2TTx64;0,120;;;;;;;-2,746;2,749;267,500;TR-09_1-046-E;NO;1
1781;SJ;TR-09_1-048;2TTx64;0,463;1,402;1,476;251,700;TR-09_1-049-W;NO;1;;;;;;
1782;SJ;TR-09_1-049;2TTx64;0,514;3,165;3,207;260,800;TR-09_1-050-W;NO;1;-1,064;1,182;244,200;TR-09_1-048-E;NO;1
1783;SJ;TR-09_1-050;2TTx64;0,506;1,778;1,849;254,100;TR-09_1-051-W;NO;1;-2,908;2,952;260,100;TR-09_1-049-E;NO;1
1784;SJ;TR-09_1-051;2TTx64;0,428;0,724;0,841;239,400;TR-09_1-052-W;NO;1;-1,885;1,933;257,200;TR-09_1-050-E;NO;1
1785;SJ;TR-09_1-052;2TTx64;0,799;3,677;3,763;257,700;TR-09_1-053-W;NO;1;-2,433;2,561;251,800;TR-09_1-051-E;NO;1
1786;SJ;TR-09_1-053;2TTx64;0,887;1,182;1,478;233,100;TR-09_1-054-W;NO;1;-3,484;3,595;255,700;TR-09_1-052-E;NO;1
1787;SJ;TR-09_1-054;2TTx64;1,056;4,137;4,270;255,700;;NO;0;-1,695;1,997;238,100;TR-09_1-053-E;NO;1
1788;SJ;TR-09_1-055;2TTx64;1,065;1,118;1,544;226,400;TR-09_1-056-W;NO;1;-3,114;3,291;251,100;;NO;0
1789;SJ;TR-09_1-056;2TTx64;1,265;2,103;2,454;239,000;TR-09_1-057-W;NO;1;-0,382;1,321;196,800;TR-09_1-055-E;NO;1
1790;SJ;TR-09_1-057;2TTx64;1,253;2,014;2,372;238,100;TR-09_1-058-W;NO;1;-2,327;2,643;241,700;TR-09_1-056-E;NO;1
1791;SJ;TR-09_1-058;2TTx64;1,327;2,720;3,026;244,000;TR-09_1-059-W;NO;1;-2,335;2,686;240,400;TR-09_1-057-E;NO;1
1792;SJ;TR-09_1-059;2TTx64;1,308;;;;;;;-2,913;3,193;245,800;TR-09_1-058-E;NO;1
1793;SJ;TR-09_1-060;2TTx64;1,290;2,591;2,894;243,500;TR-09_1-061-W;NO;1;;;;;;
1794;SJ;TR-09_1-061;2TTx64;1,153;1,837;2,169;237,900;TR-09_1-062-W;NO;1;-3,213;3,414;250,300;TR-09_1-060-E;NO;1
1795;SJ;TR-09_1-062;2TTx64;0,766;2,780;2,884;254,600;TR-09_1-063-W;NO;1;-2,325;2,448;251,800;TR-09_1-061-E;NO;1
1796;SJ;TR-09_1-063;2TTx64;0,649;1,101;1,278;239,500;TR-09_1-064-W;NO;1;-2,266;2,357;254,000;TR-09_1-062-E;NO;1
1797;SJ;TR-09_1-064;2TTx64;1,270;2,053;2,414;238,200;TR-09_1-065-W;NO;1;-3,070;3,322;247,500;TR-09_1-063-E;NO;1
1798;SJ;TR-09_1-065;2TTx64;1,107;4,098;4,245;254,900;TR-09_1-066-W;NO;1;-1,521;1,881;234,000;TR-09_1-064-E;NO;1
1799;SJ;TR-09_1-066;2TTx64;1,724;0,420;1,774;193,700;TR-09_1-067-W;NO;1;-4,348;4,677;248,400;TR-09_1-065-E;NO;1
1800;SJ;TR-09_1-067;2TTx64;1,986;2,861;3,483;235,200;TR-09_1-068-W;NO;1;-0,206;1,997;185,900;TR-09_1-066-E;NO;1
1801;SJ;TR-09_1-068;2TTx64;1,981;2,440;3,143;230,900;TR-08_2-053-W;NO;1;-1,921;2,760;224,100;TR-09_1-067-E;NO;1
1802;SJ;TR-09_1-069;2TTx64;0,753;4,000;4,070;259,300;TR-09_1-070-W;NO;1;-4,230;4,296;259,900;TR-09_2-101-E;NO;1
1803;SJ;TR-09_1-070;2TTx64;1,412;1,716;2,222;230,600;TR-09_1-071-W;NO;1;-2,871;3,199;243,800;TR-09_1-069-E;NO;1
1804;SJ;TR-09_1-071;2TTx64;1,476;2,120;2,583;235,100;;NO;0;-2,286;2,721;237,100;TR-09_1-070-E;NO;1
1805;SJ;TR-09_1-072;2TTx64;1,198;2,288;2,583;242,400;TR-09_1-073-W;NO;1;-2,120;2,435;240,500;;NO;0
1806;SJ;TR-09_1-073;2TTx64;0,433;5,089;5,107;265,100;TR-09_1-074-W;NO;1;-2,875;2,907;261,400;TR-09_1-072-E;NO;1
1807;SJ;TR-09_1-074;2TTx64;-0,031;-0,167;0,170;79,500;TR-09_1-075-W;NO;1;-4,673;4,673;270,400;TR-09_1-073-E;NO;1
1808;SJ;TR-09_1-075;2TTx64;-0,276;3,133;3,145;275,000;TR-09_1-076-W;NO;1;-2,848;2,861;275,500;TR-09_1-074-E;NO;1
1809;SJ;TR-09_1-076;2TTx64;-0,545;4,654;4,686;276,700;TR-09_1-077-W;NO;1;-2,213;2,279;283,800;TR-09_1-075-E;NO;1
1810;SJ;TR-09_1-077;2TTx64;-0,453;1,273;1,351;289,600;TR-09_1-078-W;NO;1;-4,759;4,780;275,400;TR-09_1-076-E;NO;1
1811;SJ;TR-09_1-078;2TTx64;-1,162;1,193;1,665;314,200;TR-09_1-079-W;NO;1;-1,778;2,124;303,200;TR-09_1-077-E;NO;1
1812;SJ;TR-09_1-079;2TTx64;-0,986;238,612;238,614;270,200;TR-09_1-080-W;NO;1;-0,715;1,218;324,100;TR-09_1-078-E;NO;1
1813;SJ;TR-09_1-080;2TTx64;-0,091;-355,184;355,184;90,000;TR-09_1-081-W;NO;1;-356,326;356,326;270,000;TR-09_1-079-E;NO;1
1814;SJ;TR-09_1-081;2TTx64;0,007;2,356;2,356;269,800;TR-09_1-082-W;NO;1;237,870;237,870;90,000;TR-09_1-080-E;NO;1
1815;SJ;TR-09_1-082;2TTx64;0,129;2,331;2,335;266,800;TR-09_1-083-W;NO;1;-1,441;1,447;264,900;TR-09_1-081-E;NO;1
1816;SJ;TR-09_1-083;2TTx64;-0,285;3,183;3,196;275,100;TR-09_1-084-W;NO;1;-3,429;3,441;274,800;TR-09_1-082-E;NO;1
1817;SJ;TR-09_1-084;2TTx64;-0,185;0,019;0,186;354,200;TR-09_1-085-W;NO;1;-3,461;3,466;273,100;TR-09_1-083-E;NO;1
1818;SJ;TR-09_1-085;2TTx64;-0,346;3,271;3,289;276,000;TR-09_1-086-W;NO;1;0,155;0,380;24,100;TR-09_1-084-E;NO;1
1819;SJ;TR-09_1-086;2TTx64;0,116;5,021;5,022;268,700;TR-09_1-087-W;NO;1;-3,723;3,725;268,200;TR-09_1-085-E;NO;1
1820;SJ;TR-09_1-087;2TTx64;0,345;0,925;0,987;249,600;TR-09_1-088-W;NO;1;-1,070;1,124;252,200;TR-09_1-086-E;NO;1
1821;SJ;TR-09_1-088;2TTx64;0,551;3,249;3,295;260,400;TR-09_1-089-W;NO;1;-0,439;0,704;218,600;TR-09_1-087-E;NO;1
1822;SJ;TR-09_1-089;2TTx64;0,944;2,625;2,790;250,200;TR-09_1-090-W;NO;1;-3,449;3,576;254,700;TR-09_1-088-E;NO;1
1823;SJ;TR-09_1-090;2TTx64;1,046;5,463;5,562;259,200;TR-09_1-091-W;NO;1;-1,949;2,212;241,800;TR-09_1-089-E;NO;1
1824;SJ;TR-09_1-091;2TTx64;0,381;3,103;3,126;263,000;TR-09_1-092-W;NO;1;-0,982;1,053;248,800;TR-09_1-090-E;NO;1
1825;SJ;TR-09_1-092;2TTx64;0,389;1,884;1,924;258,300;TR-09_1-093-W;NO;1;-4,147;4,165;264,600;TR-09_1-091-E;NO;1
1826;SJ;TR-09_1-093;2TTx64;0,003;0,925;0,925;269,800;TR-09_1-094-W;NO;1;-1,952;1,952;269,900;TR-09_1-092-E;NO;1
1827;SJ;TR-09_1-094;2TTx64;-0,190;2,764;2,771;273,900;TR-09_1-095-W;NO;1;-1,891;1,901;275,800;TR-09_1-093-E;NO;1
1828;SJ;TR-09_1-095;2TTx64;-0,293;2,252;2,271;277,400;TR-08_2-068-W;NO;1;-2,795;2,810;276,000;TR-09_1-094-E;NO;1
1829;SJ;TR-09_1-096;2TTx64;-2,320;-0,195;2,328;4,800;TR-09_1-097-W;NO;1;-5,805;6,251;291,800;TR-09_2-122-E;NO;1
1830;SJ;TR-09_1-097;2TTx64;-1,134;0,598;1,282;332,200;TR-09_1-098-W;NO;1;6,433;6,532;80,000;TR-09_1-096-E;NO;1
1831;SJ;TR-09_1-098;2TTx64;-0,399;1,688;1,735;283,300;TR-09_1-099-W;NO;1;-0,726;0,828;298,800;TR-09_1-097-E;NO;1
1832;SJ;TR-09_1-099;2TTx64;0,048;4,069;4,069;269,300;TR-09_1-100-W;NO;1;-1,843;1,844;268,500;TR-09_1-098-E;NO;1
1833;SJ;TR-09_1-100;2TTx64;0,842;3,637;3,733;257,000;TR-09_1-101-W;NO;1;-4,002;4,090;258,100;TR-09_1-099-E;NO;1
1834;SJ;TR-09_1-101;2TTx64;1,241;4,102;4,286;253,200;TR-09_1-102-W;NO;1;-3,864;4,058;252,200;TR-09_1-100-E;NO;1
1835;SJ;TR-09_1-102;2TTx64;1,309;2,941;3,219;246,000;TR-09_1-103-W;NO;1;-2,229;2,585;239,600;TR-09_1-101-E;NO;1
1836;SJ;TR-09_1-103;2TTx64;1,240;5,407;5,547;257,100;TR-09_1-104-W;NO;1;-3,111;3,349;248,300;TR-09_1-102-E;NO;1
1837;SJ;TR-09_1-104;2TTx64;0,906;2,804;2,947;252,100;TR-09_1-105-W;NO;1;-5,650;5,722;260,900;TR-09_1-103-E;NO;1
1838;SJ;TR-09_1-105;2TTx64;1,095;-0,762;1,334;145,200;TR-09_1-106-W;NO;1;-3,980;4,128;254,600;TR-09_1-104-E;NO;1
1839;SJ;TR-09_1-106;2TTx64;0,843;0,640;1,059;217,200;TR-09_1-107-W;NO;1;-1,050;1,347;231,200;TR-09_1-105-E;NO;1
1840;SJ;TR-09_1-107;2TTx64;0,493;1,920;1,982;255,600;TR-09_1-108-W;NO;1;0,475;0,684;136,100;TR-09_1-106-E;NO;1
1841;SJ;TR-09_1-108;2TTx64;-0,677;5,123;5,168;277,500;TR-09_1-109-W;NO;1;-1,785;1,909;290,800;TR-09_1-107-E;NO;1
1842;SJ;TR-09_1-109;2TTx64;-1,555;2,655;3,077;300,400;TR-09_1-110-W;NO;1;-4,214;4,492;290,300;TR-09_1-108-E;NO;1
1843;SJ;TR-09_1-110;2TTx64;-1,927;2,865;3,453;303,900;TR-09_1-111-W;NO;1;-3,213;3,747;301,000;TR-09_1-109-E;NO;1
1844;SJ;TR-09_1-111;2TTx64;-2,311;1,739;2,892;323,000;TR-09_1-112-W;NO;1;-2,727;3,574;310,300;TR-09_1-110-E;NO;1
1845;SJ;TR-09_1-112;2TTx64;-2,289;3,785;4,423;301,200;TR-09_1-113-W;NO;1;-1,791;2,907;322,000;TR-09_1-111-E;NO;1
1846;SJ;TR-09_1-113;2TTx64;-2,991;3,503;4,606;310,500;TR-09_1-114-W;NO;1;-2,710;4,036;317,800;TR-09_1-112-E;NO;1
1847;SJ;TR-09_1-114;2TTx64;-3,588;2,017;4,116;330,700;TR-09_1-115-W;NO;1;-3,309;4,881;317,300;TR-09_1-113-E;NO;1
1848;SJ;TR-09_1-115;2TTx64;-3,997;2,506;4,718;327,900;TR-09_1-116-W;NO;1;-2,232;4,578;330,800;TR-09_1-114-E;NO;1
1849;SJ;TR-09_1-116;2TTx64;-4,544;3,996;6,051;318,700;TR-09_1-117-W;NO;1;-2,789;5,331;328,500;TR-09_1-115-E;NO;1
1850;SJ;TR-09_1-117;2TTx64;-5,049;5,153;7,214;314,400;TR-09_1-118-W;NO;1;-3,861;6,356;322,600;TR-09_1-116-E;NO;1
1851;SJ;TR-09_1-118;2TTx64;-4,912;3,340;5,940;325,800;TR-09_1-119-W;NO;1;-4,006;6,339;320,800;TR-09_1-117-E;NO;1
1852;SJ;TR-09_1-119;2TTx64;-5,007;3,084;5,880;328,400;TR-09_1-120-W;NO;1;-4,059;6,445;321,000;TR-09_1-118-E;NO;1
1853;SJ;TR-09_1-120;2TTx64;-5,164;2,546;5,757;333,800;TR-09_1-121-W;NO;1;-3,390;6,177;326,700;TR-09_1-119-E;NO;1
1854;SJ;TR-09_1-121;2TTx64;-5,090;0,337;5,101;356,200;TR-09_1-122-W;NO;1;-2,270;5,573;336,000;TR-09_1-120-E;NO;1
1855;SJ;TR-09_1-122;2TTx64;-3,738;2,496;4,495;326,300;TR-08_2-095-W;NO;1;1,009;3,872;15,100;TR-09_1-121-E;NO;1
1856;SJ;TR-09_2-001;2TTx64;0,627;3,290;3,349;259,200;TR-09_2-002-W;NO;1;-2,033;2,127;252,900;TR-10_1-009-E;NO;1
1857;SJ;TR-09_2-002;2TTx64;0,548;5,886;5,911;264,700;TR-09_2-003-W;NO;1;-2,462;2,522;257,400;TR-09_2-001-E;NO;1
1858;SJ;TR-09_2-003;2TTx64;0,591;-3,768;3,814;98,900;TR-09_2-004-W;NO;1;-4,000;4,043;261,600;TR-09_2-002-E;NO;1
1859;SJ;TR-09_2-004;2TTx64;0,810;4,458;4,531;259,700;TR-09_2-005-W;NO;1;-3,607;3,697;257,300;TR-09_2-003-E;NO;1
1860;SJ;TR-09_2-005;2TTx64;0,967;2,143;2,351;245,700;TR-09_2-006-W;NO;1;-3,765;3,887;255,600;TR-09_2-004-E;NO;1
1861;SJ;TR-09_2-006;2TTx64;0,421;2,853;2,884;261,600;TR-09_2-007-W;NO;1;-2,304;2,342;259,700;TR-09_2-005-E;NO;1
1862;SJ;TR-09_2-007;2TTx64;0,829;3,433;3,532;256,400;TR-09_2-008-W;NO;1;-3,089;3,198;255,000;TR-09_2-006-E;NO;1
1863;SJ;TR-09_2-008;2TTx64;0,763;4,118;4,188;259,500;TR-09_2-009-W;NO;1;-1,138;1,370;236,100;TR-09_2-007-E;NO;1
1864;SJ;TR-09_2-009;2TTx64;0,575;5,521;5,551;264,100;TR-09_2-010-W;NO;1;-4,441;4,478;262,600;TR-09_2-008-E;NO;1
1865;SJ;TR-09_2-010;2TTx64;-0,325;;;;;;;-5,796;5,805;273,200;TR-09_2-009-E;NO;1
1866;SJ;TR-09_2-016;2TTx64;0,370;0,853;0,930;246,600;TR-09_2-017-W;NO;1;-2,184;2,215;260,400;TR-10_1-027-E;NO;1
1867;SJ;TR-09_2-017;2TTx64;0,508;4,462;4,491;263,500;TR-09_2-018-W;NO;1;-1,895;1,962;255,000;TR-09_2-016-E;NO;1
1868;SJ;TR-09_2-018;2TTx64;0,344;-0,691;0,772;116,500;TR-09_2-019-W;NO;1;-4,073;4,088;265,200;TR-09_2-017-E;NO;1
1869;SJ;TR-09_2-019;2TTx64;0,511;3,328;3,367;261,300;TR-09_2-020-W;NO;1;-4,463;4,492;263,500;TR-09_2-018-E;NO;1
1870;SJ;TR-09_2-020;2TTx64;0,574;2,982;3,037;259,100;TR-09_2-021-W;NO;1;-3,482;3,529;260,600;TR-09_2-019-E;NO;1
1871;SJ;TR-09_2-021;2TTx64;0,737;2,149;2,272;251,100;TR-09_2-022-W;NO;1;-2,949;3,040;256,000;TR-09_2-020-E;NO;1
1872;SJ;TR-09_2-022;2TTx64;0,600;3,192;3,248;259,400;TR-09_2-023-W;NO;1;-2,619;2,687;257,100;TR-09_2-021-E;NO;1
1873;SJ;TR-09_2-023;2TTx64;0,704;1,963;2,085;250,300;TR-09_2-024-W;NO;1;-2,939;3,022;256,500;TR-09_2-022-E;NO;1
1874;SJ;TR-09_2-024;2TTx64;0,884;4,360;4,449;258,500;TR-09_2-025-W;NO;1;-2,426;2,582;250,000;TR-09_2-023-E;NO;1
1875;SJ;TR-09_2-025;2TTx64;1,654;2,732;3,194;238,800;TR-09_2-026-W;NO;1;-4,548;4,839;250,000;TR-09_2-024-E;NO;1
1876;SJ;TR-09_2-026;2TTx64;1,700;2,130;2,725;231,400;TR-09_2-027-W;NO;1;-2,953;3,407;240,100;TR-09_2-025-E;NO;1
1877;SJ;TR-09_2-027;2TTx64;1,246;2,621;2,902;244,600;TR-09_2-028-W;NO;1;1,756;2,153;125,400;TR-09_2-026-E;NO;1
1878;SJ;TR-09_2-028;2TTx64;1,301;2,300;2,642;240,500;TR-09_2-029-W;NO;1;-2,705;3,002;244,300;TR-09_2-027-E;NO;1
1879;SJ;TR-09_2-029;2TTx64;1,258;2,336;2,653;241,700;TR-09_2-030-W;NO;1;-2,201;2,535;240,200;TR-09_2-028-E;NO;1
1880;SJ;TR-09_2-030;2TTx64;1,336;2,482;2,819;241,700;;NO;0;-2,938;3,227;245,500;TR-09_2-029-E;NO;1
1881;SJ;TR-09_2-031;2TTx64;1,451;2,432;2,832;239,200;TR-09_2-032-W;NO;1;-2,383;2,790;238,700;;NO;0
1882;SJ;TR-09_2-032;2TTx64;1,474;3,181;3,506;245,100;TR-09_2-033-W;NO;1;-1,441;2,061;224,400;TR-09_2-031-E;NO;1
1883;SJ;TR-09_2-033;2TTx64;1,498;1,245;1,948;219,700;TR-09_2-034-W;NO;1;-2,811;3,185;241,900;TR-09_2-032-E;NO;1
1884;SJ;TR-09_2-034;2TTx64;1,392;3,073;3,373;245,600;;NO;0;-1,665;2,170;230,100;TR-09_2-033-E;NO;1
1885;SJ;TR-09_2-038;2TTx64;1,598;3,414;3,769;244,900;;NO;0;;;;;;
1886;SJ;TR-09_2-039;2TTx64;-1,017;2,352;2,562;293,400;TR-09_2-040-W;NO;1;-1,099;1,497;312,800;TR-10_1-051-E;NO;1
1887;SJ;TR-09_2-040;2TTx64;-0,891;3,547;3,657;284,100;TR-09_2-041-W;NO;1;-2,167;2,343;292,400;TR-09_2-039-E;NO;1
1888;SJ;TR-09_2-041;2TTx64;-0,628;1,855;1,958;288,700;TR-09_2-042-W;NO;1;-2,866;2,934;282,400;TR-09_2-040-E;NO;1
1889;SJ;TR-09_2-042;2TTx64;-0,749;2,449;2,561;287,000;TR-09_2-043-W;NO;1;-1,770;1,922;292,900;TR-09_2-041-E;NO;1
1890;SJ;TR-09_2-043;2TTx64;-0,484;2,418;2,466;281,300;TR-09_2-044-W;NO;1;-2,370;2,419;281,500;TR-09_2-042-E;NO;1
1891;SJ;TR-09_2-044;2TTx64;-0,423;1,307;1,374;287,900;TR-09_2-045-W;NO;1;-2,293;2,332;280,500;TR-09_2-043-E;NO;1
1892;SJ;TR-09_2-045;2TTx64;-0,542;2,795;2,847;281,000;TR-09_2-046-W;NO;1;-0,535;0,762;315,400;TR-09_2-044-E;NO;1
1893;SJ;TR-09_2-046;2TTx64;-0,571;2,907;2,963;281,100;TR-09_2-047-W;NO;1;-2,820;2,877;281,400;TR-09_2-045-E;NO;1
1894;SJ;TR-09_2-047;2TTx64;-0,188;2,998;3,004;273,600;TR-09_2-048-W;NO;1;-3,305;3,310;273,300;TR-09_2-046-E;NO;1
1895;SJ;TR-09_2-048;2TTx64;-0,318;1,477;1,511;282,100;;NO;0;-3,062;3,078;275,900;TR-09_2-047-E;NO;1
1896;SJ;TR-09_2-051;2TTx64;0,315;3,189;3,205;264,400;TR-09_2-052-W;NO;1;;;;;;
1897;SJ;TR-09_2-052;2TTx64;-0,200;2,879;2,886;274,000;TR-09_2-053-W;NO;1;-3,396;3,402;273,400;TR-09_2-051-E;NO;1
1898;SJ;TR-09_2-053;2TTx64;-0,127;2,957;2,960;272,500;TR-09_2-054-W;NO;1;-0,063;0,142;333,700;TR-09_2-052-E;NO;1
1899;SJ;TR-09_2-054;2TTx64;-0,839;2,539;2,674;288,300;TR-09_2-055-W;NO;1;-3,562;3,660;283,300;TR-09_2-053-E;NO;1
1900;SJ;TR-09_2-055;2TTx64;-0,527;0,246;0,581;335,000;TR-09_2-056-W;NO;1;-4,192;4,225;277,200;TR-09_2-054-E;NO;1
1901;SJ;TR-09_2-056;2TTx64;-0,439;4,618;4,639;275,400;TR-09_2-057-W;NO;1;-1,268;1,342;289,100;TR-09_2-055-E;NO;1
1902;SJ;TR-09_2-057;2TTx64;-0,406;3,281;3,306;277,100;;NO;0;-1,904;1,947;282,000;TR-09_2-056-E;NO;1
1903;SJ;TR-09_2-058;2TTx64;-0,640;;;;;;;-3,764;3,818;279,600;;NO;0
1904;SJ;TR-09_2-059;2TTx64;-0,687;2,650;2,738;284,500;TR-09_1-015-W;NO;1;;;;;;
1905;SJ;TR-09_2-060;2TTx64;-0,538;2,479;2,537;282,200;TR-09_2-061-W;NO;1;-3,003;3,051;280,100;TR-10_1-075-E;NO;1
1906;SJ;TR-09_2-061;2TTx64;-0,647;1,910;2,017;288,700;TR-09_2-062-W;NO;1;-2,640;2,718;283,800;TR-09_2-060-E;NO;1
1907;SJ;TR-09_2-062;2TTx64;-0,928;2,654;2,812;289,300;TR-09_2-063-W;NO;1;-2,125;2,319;293,600;TR-09_2-061-E;NO;1
1908;SJ;TR-09_2-063;2TTx64;-1,095;1,498;1,856;306,200;TR-09_2-064-W;NO;1;-2,492;2,722;293,700;TR-09_2-062-E;NO;1
1909;SJ;TR-09_2-064;2TTx64;-0,975;2,466;2,652;291,600;TR-09_2-065-W;NO;1;-1,706;1,965;299,800;TR-09_2-063-E;NO;1
1910;SJ;TR-09_2-065;2TTx64;-1,044;1,283;1,654;309,100;TR-09_2-066-W;NO;1;-2,491;2,701;292,700;TR-09_2-064-E;NO;1
1911;SJ;TR-09_2-066;2TTx64;-0,917;2,976;3,114;287,100;TR-09_2-067-W;NO;1;-2,625;2,781;289,300;TR-09_2-065-E;NO;1
1912;SJ;TR-09_2-067;2TTx64;-1,053;1,488;1,823;305,300;TR-09_2-068-W;NO;1;-3,014;3,193;289,300;TR-09_2-066-E;NO;1
1913;SJ;TR-09_2-068;2TTx64;-1,162;1,775;2,121;303,200;TR-09_2-069-W;NO;1;-1,389;1,811;309,900;TR-09_2-067-E;NO;1
1914;SJ;TR-09_2-069;2TTx64;-0,632;2,021;2,118;287,400;;NO;0;-1,688;1,803;290,500;TR-09_2-068-E;NO;1
1915;SJ;TR-09_2-070;2TTx64;0,177;1,256;1,268;262,000;TR-09_2-071-W;NO;1;-3,707;3,711;267,300;;NO;0
1916;SJ;TR-09_2-071;2TTx64;-0,255;2,685;2,697;275,400;TR-09_2-072-W;NO;1;-0,491;0,553;297,400;TR-09_2-070-E;NO;1
1917;SJ;TR-09_2-072;2TTx64;-0,574;-0,632;0,854;47,800;TR-09_2-073-W;NO;1;-2,825;2,883;281,500;TR-09_2-071-E;NO;1
1918;SJ;TR-09_2-073;2TTx64;-0,141;2,781;2,785;272,900;TR-09_2-074-W;NO;1;-1,163;1,172;276,900;TR-09_2-072-E;NO;1
1919;SJ;TR-09_2-074;2TTx64;-0,246;2,133;2,147;276,600;TR-09_2-075-W;NO;1;-3,320;3,329;274,200;TR-09_2-073-E;NO;1
1920;SJ;TR-09_2-075;2TTx64;-0,482;3,181;3,217;278,600;TR-09_2-076-W;NO;1;-1,254;1,343;291,000;TR-09_2-074-E;NO;1
1921;SJ;TR-09_2-076;2TTx64;-0,477;2,199;2,250;282,200;TR-09_2-077-W;NO;1;-2,646;2,689;280,200;TR-09_2-075-E;NO;1
1922;SJ;TR-09_2-077;2TTx64;-0,283;3,390;3,402;274,800;TR-09_2-078-W;NO;1;-2,245;2,263;277,200;TR-09_2-076-E;NO;1
1923;SJ;TR-09_2-078;2TTx64;-0,259;2,652;2,665;275,600;TR-09_2-079-W;NO;1;-0,570;0,626;294,500;TR-09_2-077-E;NO;1
1924;SJ;TR-09_2-079;2TTx64;0,052;3,111;3,111;269,000;TR-09_2-080-W;NO;1;-2,149;2,150;268,600;TR-09_2-078-E;NO;1
1925;SJ;TR-09_2-080;2TTx64;0,094;2,908;2,910;268,100;TR-09_1-042-W;NO;1;-2,722;2,724;268,000;TR-09_2-079-E;NO;1
1926;SJ;TR-09_2-081;2TTx64;-0,191;1,678;1,689;276,500;TR-09_2-082-W;NO;1;-3,433;3,438;273,200;TR-10_1-099-E;NO;1
1927;SJ;TR-09_2-082;2TTx64;-0,079;1,325;1,327;273,400;TR-09_2-083-W;NO;1;-2,056;2,058;272,200;TR-09_2-081-E;NO;1
1928;SJ;TR-09_2-083;2TTx64;0,058;3,664;3,664;269,100;TR-09_2-084-W;NO;1;-1,645;1,646;268,000;TR-09_2-082-E;NO;1
1929;SJ;TR-09_2-084;2TTx64;0,205;4,141;4,146;267,200;TR-09_2-085-W;NO;1;-3,055;3,062;266,200;TR-09_2-083-E;NO;1
1930;SJ;TR-09_2-085;2TTx64;0,407;2,121;2,160;259,100;TR-09_2-086-W;NO;1;-3,910;3,931;264,100;TR-09_2-084-E;NO;1
1931;SJ;TR-09_2-086;2TTx64;0,450;0,116;0,465;194,500;TR-09_2-087-W;NO;1;-2,467;2,508;259,700;TR-09_2-085-E;NO;1
1932;SJ;TR-09_2-087;2TTx64;0,181;3,354;3,359;266,900;TR-09_2-088-W;NO;1;-1,909;1,918;264,600;TR-09_2-086-E;NO;1
1933;SJ;TR-09_2-088;2TTx64;0,467;-0,538;0,713;131,000;TR-09_2-089-W;NO;1;-1,806;1,865;255,500;TR-09_2-087-E;NO;1
1934;SJ;TR-09_2-089;2TTx64;0,745;2,863;2,958;255,400;TR-09_2-090-W;NO;1;-0,230;0,780;197,200;TR-09_2-088-E;NO;1
1935;SJ;TR-09_2-090;2TTx64;1,321;1,773;2,211;233,300;TR-09_2-091-W;NO;1;-2,220;2,584;239,200;TR-09_2-089-E;NO;1
1936;SJ;TR-09_2-091;2TTx64;1,066;0,399;1,138;200,500;TR-09_2-092-W;NO;1;-1,738;2,039;238,500;TR-09_2-090-E;NO;1
1937;SJ;TR-09_2-092;2TTx64;1,594;1,435;2,145;222,000;TR-09_2-093-W;NO;1;-0,483;1,666;196,900;TR-09_2-091-E;NO;1
1938;SJ;TR-09_2-093;2TTx64;1,640;2,908;3,339;240,600;TR-09_2-094-W;NO;1;-0,446;1,700;195,200;TR-09_2-092-E;NO;1
1939;SJ;TR-09_2-094;2TTx64;1,219;-1,274;1,763;133,700;TR-09_2-095-W;NO;1;-2,657;2,923;245,400;TR-09_2-093-E;NO;1
1940;SJ;TR-09_2-095;2TTx64;0,958;1,918;2,144;243,500;TR-09_2-096-W;NO;1;-4,678;4,775;258,400;TR-09_2-094-E;NO;1
1941;SJ;TR-09_2-096;2TTx64;1,231;3,198;3,427;248,900;TR-09_2-097-W;NO;1;-0,201;1,248;189,300;TR-09_2-095-E;NO;1
1942;SJ;TR-09_2-097;2TTx64;1,365;3,116;3,402;246,300;TR-09_2-098-W;NO;1;-2,669;2,998;242,900;TR-09_2-096-E;NO;1
1943;SJ;TR-09_2-098;2TTx64;1,356;0,185;1,368;187,800;TR-09_2-099-W;NO;1;-2,811;3,121;244,200;TR-09_2-097-E;NO;1
1944;SJ;TR-09_2-099;2TTx64;1,766;1,602;2,384;222,200;TR-09_2-100-W;NO;1;-3,307;3,749;241,900;TR-09_2-098-E;NO;1
1945;SJ;TR-09_2-100;2TTx64;1,649;0,198;1,661;186,800;TR-09_2-101-W;NO;1;-2,111;2,679;232,000;TR-09_2-099-E;NO;1
1946;SJ;TR-09_2-101;2TTx64;1,531;2,863;3,247;241,900;TR-09_1-069-W;NO;1;-0,763;1,711;206,500;TR-09_2-100-E;NO;1
1947;SJ;TR-09_2-102;2TTx64;1,045;0,881;1,367;220,100;TR-09_2-103-W;NO;1;-3,070;3,243;251,200;TR-10_1-123-E;NO;1
1948;SJ;TR-09_2-103;2TTx64;1,251;3,707;3,912;251,400;TR-09_2-104-W;NO;1;-1,009;1,607;218,900;TR-09_2-102-E;NO;1
1949;SJ;TR-09_2-104;2TTx64;1,597;2,158;2,684;233,500;TR-09_2-105-W;NO;1;-1,893;2,476;229,900;TR-09_2-103-E;NO;1
1950;SJ;TR-09_2-105;2TTx64;1,628;-0,226;1,644;172,100;TR-09_2-106-W;NO;1;-2,952;3,371;241,100;TR-09_2-104-E;NO;1
1951;SJ;TR-09_2-106;2TTx64;1,990;2,131;2,916;227,000;TR-09_2-107-W;NO;1;-0,652;2,094;198,100;TR-09_2-105-E;NO;1
1952;SJ;TR-09_2-107;2TTx64;2,097;2,428;3,208;229,200;TR-09_2-108-W;NO;1;-2,289;3,104;227,500;TR-09_2-106-E;NO;1
1953;SJ;TR-09_2-108;2TTx64;2,042;3,503;4,055;239,800;TR-09_2-109-W;NO;1;-2,605;3,310;231,900;TR-09_2-107-E;NO;1
1954;SJ;TR-09_2-109;2TTx64;1,516;-1,617;2,217;133,200;TR-09_2-110-W;NO;1;-3,181;3,524;244,500;TR-09_2-108-E;NO;1
1955;SJ;TR-09_2-110;2TTx64;1,239;3,172;3,405;248,700;TR-09_2-111-W;NO;1;0,434;1,313;160,700;TR-09_2-109-E;NO;1
1956;SJ;TR-09_2-111;2TTx64;0,813;4,444;4,518;259,600;TR-09_2-112-W;NO;1;-2,261;2,403;250,200;TR-09_2-110-E;NO;1
1957;SJ;TR-09_2-112;2TTx64;0,109;3,956;3,958;268,400;TR-09_2-113-W;NO;1;-1,820;1,823;266,600;TR-09_2-111-E;NO;1
1958;SJ;TR-09_2-113;2TTx64;-0,678;2,882;2,961;283,200;TR-09_2-114-W;NO;1;-5,618;5,659;276,900;TR-09_2-112-E;NO;1
1959;SJ;TR-09_2-114;2TTx64;-1,824;2,721;3,276;303,800;TR-09_2-115-W;NO;1;-3,854;4,264;295,300;TR-09_2-113-E;NO;1
1960;SJ;TR-09_2-115;2TTx64;-2,078;4,502;4,959;294,800;TR-09_2-116-W;NO;1;-2,231;3,049;313,000;TR-09_2-114-E;NO;1
1961;SJ;TR-09_2-116;2TTx64;-1,774;1,920;2,614;312,700;TR-09_2-117-W;NO;1;-0,590;1,869;341,600;TR-09_2-115-E;NO;1
1962;SJ;TR-09_2-117;2TTx64;-1,697;3,410;3,809;296,500;TR-09_2-118-W;NO;1;-0,508;1,771;343,300;TR-09_2-116-E;NO;1
1963;SJ;TR-09_2-118;2TTx64;-1,074;-1,382;1,751;52,100;TR-09_2-119-W;NO;1;-2,659;2,868;292,000;TR-09_2-117-E;NO;1
1964;SJ;TR-09_2-119;2TTx64;-0,556;-0,053;0,558;5,400;TR-09_2-120-W;NO;1;0,742;0,927;53,200;TR-09_2-118-E;NO;1
1965;SJ;TR-09_2-120;2TTx64;-0,953;4,591;4,689;281,700;TR-09_2-121-W;NO;1;-1,071;1,434;311,700;TR-09_2-119-E;NO;1
1966;SJ;TR-09_2-121;2TTx64;-2,547;4,148;4,868;301,600;TR-09_2-122-W;NO;1;-5,159;5,754;296,300;TR-09_2-120-E;NO;1
1967;SJ;TR-09_2-122;2TTx64;-3,274;5,692;6,566;299,900;TR-09_1-096-W;NO;1;-4,238;5,355;307,700;TR-09_2-121-E;NO;1
1968;SJ;TR-10_1-005;2TTx64;0,019;1,736;1,736;269,400;TR-10_1-006-W;NO;1;;;;;;
1969;SJ;TR-10_1-006;2TTx64;-0,008;2,659;2,659;270,200;TR-10_1-007-W;NO;1;-1,736;1,736;270,300;TR-10_1-005-E;NO;1
1970;SJ;TR-10_1-007;2TTx64;-0,134;1,423;1,429;275,400;TR-10_1-008-W;NO;1;-2,287;2,291;273,300;TR-10_1-006-E;NO;1
1971;SJ;TR-10_1-008;2TTx64;-1,359;-3,217;3,492;67,100;TR-10_1-009-W;NO;1;-15,790;15,848;274,900;TR-10_1-007-E;NO;1
1972;SJ;TR-10_1-009;2TTx64;0,195;1,833;1,843;263,900;TR-09_2-001-W;NO;1;2,422;2,430;94,600;TR-10_1-008-E;NO;1
1973;SJ;TR-10_1-014;2TTx64;-0,141;2,494;2,498;273,200;TR-10_1-015-W;NO;1;;;;;;
1974;SJ;TR-10_1-015;2TTx64;0,036;1,733;1,733;268,800;TR-10_1-016-W;NO;1;-3,263;3,263;269,400;TR-10_1-014-E;NO;1
1975;SJ;TR-10_1-016;2TTx64;-0,185;2,375;2,382;274,500;TR-10_1-017-W;NO;1;-1,926;1,935;275,500;TR-10_1-015-E;NO;1
1976;SJ;TR-10_1-017;2TTx64;0,131;0,939;0,948;262,100;TR-10_1-018-W;NO;1;-2,662;2,665;267,200;TR-10_1-016-E;NO;1
1977;SJ;TR-10_1-018;2TTx64;-0,225;2,664;2,674;274,800;;NO;0;-1,173;1,194;280,900;TR-10_1-017-E;NO;1
1978;SJ;TR-10_1-019;2TTx64;-0,266;2,002;2,020;277,600;TR-10_1-020-W;NO;1;-2,410;2,425;276,300;;NO;0
1979;SJ;TR-10_1-020;2TTx64;-0,143;3,276;3,279;272,500;TR-10_1-021-W;NO;1;-2,002;2,007;274,100;TR-10_1-019-E;NO;1
1980;SJ;TR-10_1-021;2TTx64;0,213;1,139;1,159;259,400;TR-10_1-022-W;NO;1;-3,913;3,919;266,900;TR-10_1-020-E;NO;1
1981;SJ;TR-10_1-022;2TTx64;0,198;2,090;2,099;264,600;TR-10_1-023-W;NO;1;-2,050;2,059;264,500;TR-10_1-021-E;NO;1
1982;SJ;TR-10_1-023;2TTx64;0,254;2,850;2,861;264,900;TR-10_1-024-W;NO;1;-2,119;2,134;263,200;TR-10_1-022-E;NO;1
1983;SJ;TR-10_1-024;2TTx64;0,629;3,107;3,170;258,500;TR-10_1-025-W;NO;1;-3,020;3,085;258,200;TR-10_1-023-E;NO;1
1984;SJ;TR-10_1-025;2TTx64;0,519;-0,282;0,590;151,500;TR-10_1-026-W;NO;1;-3,064;3,108;260,400;TR-10_1-024-E;NO;1
1985;SJ;TR-10_1-026;2TTx64;0,566;3,444;3,490;260,700;TR-10_1-027-W;NO;1;-2,555;2,617;257,500;TR-10_1-025-E;NO;1
1986;SJ;TR-10_1-027;2TTx64;0,608;2,341;2,419;255,400;TR-09_2-016-W;NO;1;-4,383;4,425;262,100;TR-10_1-026-E;NO;1
1987;SJ;TR-10_1-028;2TTx64;-0,006;3,617;3,617;270,100;TR-10_1-029-W;NO;1;-1,684;1,684;270,200;TR-10_2-076-E;NO;1
1988;SJ;TR-10_1-029;2TTx64;-0,003;1,986;1,986;270,100;TR-10_1-030-W;NO;1;-3,191;3,191;270,000;TR-10_1-028-E;NO;1
1989;SJ;TR-10_1-030;2TTx64;0,209;3,588;3,594;266,700;TR-10_1-031-W;NO;1;-1,783;1,795;263,300;TR-10_1-029-E;NO;1
1990;SJ;TR-10_1-031;2TTx64;-0,103;2,246;2,248;272,600;TR-10_1-032-W;NO;1;-3,463;3,465;271,700;TR-10_1-030-E;NO;1
1991;SJ;TR-10_1-032;2TTx64;0,466;-0,042;0,467;174,800;;NO;0;-2,392;2,437;259,000;TR-10_1-031-E;NO;1
1992;SJ;TR-10_1-033;2TTx64;-0,071;3,410;3,411;271,200;TR-10_1-034-W;NO;1;-2,657;2,658;271,500;;NO;0
1993;SJ;TR-10_1-034;2TTx64;-0,008;2,828;2,828;270,200;TR-10_1-035-W;NO;1;-3,410;3,410;270,100;TR-10_1-033-E;NO;1
1994;SJ;TR-10_1-035;2TTx64;0,026;3,073;3,073;269,500;TR-10_1-036-W;NO;1;-2,816;2,816;269,500;TR-10_1-034-E;NO;1
1995;SJ;TR-10_1-036;2TTx64;-0,085;2,783;2,784;271,700;TR-10_1-037-W;NO;1;-3,072;3,073;271,600;TR-10_1-035-E;NO;1
1996;SJ;TR-10_1-037;2TTx64;-0,085;1,983;1,985;272,400;TR-10_1-038-W;NO;1;-2,697;2,698;271,800;TR-10_1-036-E;NO;1
1997;SJ;TR-10_1-038;2TTx64;-0,086;0,146;0,170;300,500;TR-10_1-039-W;NO;1;-2,882;2,883;271,700;TR-10_1-037-E;NO;1
1998;SJ;TR-10_1-039;2TTx64;-0,050;4,712;4,712;270,600;;NO;0;-0,971;0,972;272,900;TR-10_1-038-E;NO;1
1999;SJ;TR-10_1-042;2TTx64;-0,047;3,468;3,468;270,800;TR-10_1-043-W;NO;1;;;;;;
2000;SJ;TR-10_1-043;2TTx64;-0,490;1,491;1,569;288,200;TR-10_1-044-W;NO;1;-3,468;3,502;278,000;TR-10_1-042-E;NO;1
2001;SJ;TR-10_1-044;2TTx64;-0,294;1,933;1,955;278,600;TR-10_1-045-W;NO;1;-1,741;1,766;279,600;TR-10_1-043-E;NO;1
2002;SJ;TR-10_1-045;2TTx64;-0,788;2,747;2,858;286,000;TR-10_1-046-W;NO;1;-1,155;1,398;304,300;TR-10_1-044-E;NO;1
2003;SJ;TR-10_1-046;2TTx64;-0,951;1,655;1,909;299,900;TR-10_1-047-W;NO;1;-2,959;3,108;287,800;TR-10_1-045-E;NO;1
2004;SJ;TR-10_1-047;2TTx64;-1,015;2,137;2,366;295,400;TR-10_1-048-W;NO;1;-1,762;2,033;299,900;TR-10_1-046-E;NO;1
2005;SJ;TR-10_1-048;2TTx64;-1,011;2,210;2,430;294,600;TR-10_1-049-W;NO;1;-2,186;2,408;294,800;TR-10_1-047-E;NO;1
2006;SJ;TR-10_1-049;2TTx64;-0,948;2,472;2,648;291,000;TR-10_1-050-W;NO;1;-1,836;2,066;297,300;TR-10_1-048-E;NO;1
2007;SJ;TR-10_1-050;2TTx64;-1,053;2,784;2,976;290,700;TR-10_1-051-W;NO;1;-2,014;2,273;297,600;TR-10_1-049-E;NO;1
2008;SJ;TR-10_1-051;2TTx64;-0,916;1,467;1,730;302,000;TR-09_2-039-W;NO;1;-2,661;2,814;289,000;TR-10_1-050-E;NO;1
2009;SJ;TR-10_1-052;2TTx64;0,086;2,124;2,126;267,700;TR-10_1-053-W;NO;1;-2,775;2,776;268,200;TR-10_2-093-E;NO;1
2010;SJ;TR-10_1-053;2TTx64;-0,107;4,325;4,326;271,400;TR-10_1-054-W;NO;1;-1,550;1,554;273,900;TR-10_1-052-E;NO;1
2011;SJ;TR-10_1-054;2TTx64;0,043;0,366;0,368;263,400;TR-10_1-055-W;NO;1;-2,279;2,279;268,900;TR-10_1-053-E;NO;1
2012;SJ;TR-10_1-055;2TTx64;-0,388;3,540;3,561;276,300;TR-10_1-056-W;NO;1;-1,369;1,423;285,800;TR-10_1-054-E;NO;1
2013;SJ;TR-10_1-056;2TTx64;-0,485;2,039;2,096;283,400;TR-10_1-057-W;NO;1;-3,536;3,569;277,800;TR-10_1-055-E;NO;1
2014;SJ;TR-10_1-057;2TTx64;-0,385;2,798;2,824;277,800;TR-10_1-058-W;NO;1;-1,991;2,028;280,900;TR-10_1-056-E;NO;1
2015;SJ;TR-10_1-058;2TTx64;-0,773;4,080;4,153;280,700;TR-10_1-059-W;NO;1;-1,804;1,963;293,200;TR-10_1-057-E;NO;1
2016;SJ;TR-10_1-059;2TTx64;-0,210;1,666;1,679;277,200;TR-10_1-060-W;NO;1;-4,418;4,423;272,700;TR-10_1-058-E;NO;1
2017;SJ;TR-10_1-060;2TTx64;-0,527;2,335;2,394;282,700;TR-10_1-061-W;NO;1;-2,539;2,593;281,700;TR-10_1-059-E;NO;1
2018;SJ;TR-10_1-061;2TTx64;0,006;-0,094;0,094;93,900;TR-10_1-062-W;NO;1;-10,566;10,566;270,000;TR-10_1-060-E;NO;1
2019;SJ;TR-10_1-062;2TTx64;-0,465;2,008;2,061;283,000;TR-10_1-063-W;NO;1;-0,067;0,470;351,800;TR-10_1-061-E;NO;1
2020;SJ;TR-10_1-063;2TTx64;-0,386;1,421;1,472;285,200;;NO;0;-1,769;1,811;282,300;TR-10_1-062-E;NO;1
2021;SJ;TR-10_1-064;2TTx64;-0,394;1,959;1,998;281,400;TR-10_1-065-W;NO;1;-3,227;3,251;277,000;;NO;0
2022;SJ;TR-10_1-065;2TTx64;-0,021;3,142;3,142;270,400;TR-10_1-066-W;NO;1;-0,972;0,972;271,200;TR-10_1-064-E;NO;1
2023;SJ;TR-10_1-066;2TTx64;-0,031;2,716;2,716;270,700;TR-10_1-067-W;NO;1;-3,224;3,224;270,600;TR-10_1-065-E;NO;1
2024;SJ;TR-10_1-067;2TTx64;0,035;1,710;1,710;268,800;TR-10_1-068-W;NO;1;-2,754;2,754;269,300;TR-10_1-066-E;NO;1
2025;SJ;TR-10_1-068;2TTx64;-0,005;-1,216;1,216;89,800;TR-10_1-069-W;NO;1;-2,502;2,502;270,100;TR-10_1-067-E;NO;1
2026;SJ;TR-10_1-069;2TTx64;0,087;3,526;3,527;268,600;TR-10_1-070-W;NO;1;-3,933;3,934;268,700;TR-10_1-068-E;NO;1
2027;SJ;TR-10_1-070;2TTx64;-0,115;2,310;2,313;272,900;TR-10_1-071-W;NO;1;-3,804;3,806;271,700;TR-10_1-069-E;NO;1
2028;SJ;TR-10_1-071;2TTx64;-0,098;2,415;2,417;272,300;TR-10_1-072-W;NO;1;-2,076;2,078;272,700;TR-10_1-070-E;NO;1
2029;SJ;TR-10_1-072;2TTx64;-0,066;2,732;2,733;271,400;TR-10_1-073-W;NO;1;-2,432;2,433;271,600;TR-10_1-071-E;NO;1
2030;SJ;TR-10_1-073;2TTx64;-0,132;2,475;2,479;273,100;TR-10_1-074-W;NO;1;-2,755;2,758;272,800;TR-10_1-072-E;NO;1
2031;SJ;TR-10_1-074;2TTx64;-0,182;1,970;1,978;275,300;TR-10_1-075-W;NO;1;-2,684;2,690;273,900;TR-10_1-073-E;NO;1
2032;SJ;TR-10_1-075;2TTx64;-0,286;3,015;3,029;275,400;TR-09_2-060-W;NO;1;-2,522;2,538;276,500;TR-10_1-074-E;NO;1
2033;SJ;TR-10_1-076;2TTx64;0,403;1,558;1,609;255,500;TR-10_1-077-W;NO;1;-3,329;3,353;263,100;TR-10_2-110-E;NO;1
2034;SJ;TR-10_1-077;2TTx64;0,593;1,107;1,256;241,800;TR-10_1-078-W;NO;1;-3,903;3,948;261,400;TR-10_1-076-E;NO;1
2035;SJ;TR-10_1-078;2TTx64;0,538;2,957;3,006;259,700;TR-10_1-079-W;NO;1;-1,358;1,461;248,400;TR-10_1-077-E;NO;1
2036;SJ;TR-10_1-079;2TTx64;0,411;1,917;1,961;257,900;TR-10_1-080-W;NO;1;-2,360;2,396;260,100;TR-10_1-078-E;NO;1
2037;SJ;TR-10_1-080;2TTx64;0,308;1,988;2,012;261,200;TR-10_1-081-W;NO;1;-1,521;1,552;258,500;TR-10_1-079-E;NO;1
2038;SJ;TR-10_1-081;2TTx64;0,386;3,491;3,512;263,700;TR-10_1-082-W;NO;1;-3,726;3,746;264,100;TR-10_1-080-E;NO;1
2039;SJ;TR-10_1-082;2TTx64;0,289;1,645;1,670;260,000;TR-10_1-083-W;NO;1;-4,190;4,200;266,100;TR-10_1-081-E;NO;1
2040;SJ;TR-10_1-083;2TTx64;0,417;4,540;4,559;264,800;TR-10_1-084-W;NO;1;-1,028;1,109;247,900;TR-10_1-082-E;NO;1
2041;SJ;TR-10_1-084;2TTx64;0,523;2,139;2,202;256,300;TR-10_1-085-W;NO;1;-3,215;3,257;260,800;TR-10_1-083-E;NO;1
2042;SJ;TR-10_1-085;2TTx64;0,398;2,649;2,679;261,500;TR-10_1-086-W;NO;1;0,402;0,566;134,700;TR-10_1-084-E;NO;1
2043;SJ;TR-10_1-086;2TTx64;0,193;2,076;2,085;264,700;TR-10_1-087-W;NO;1;-2,322;2,330;265,200;TR-10_1-085-E;NO;1
2044;SJ;TR-10_1-087;2TTx64;0,236;3,766;3,773;266,400;TR-10_1-088-W;NO;1;-2,026;2,040;263,300;TR-10_1-086-E;NO;1
2045;SJ;TR-10_1-088;2TTx64;0,013;1,623;1,623;269,500;TR-10_1-089-W;NO;1;-3,729;3,729;269,800;TR-10_1-087-E;NO;1
2046;SJ;TR-10_1-089;2TTx64;0,104;1,972;1,975;267,000;TR-10_1-090-W;NO;1;-3,573;3,575;268,300;TR-10_1-088-E;NO;1
2047;SJ;TR-10_1-090;2TTx64;0,003;1,901;1,901;269,900;TR-10_1-091-W;NO;1;-2,453;2,453;269,900;TR-10_1-089-E;NO;1
2048;SJ;TR-10_1-091;2TTx64;-0,053;2,637;2,638;271,200;TR-10_1-092-W;NO;1;-2,496;2,497;271,200;TR-10_1-090-E;NO;1
2049;SJ;TR-10_1-092;2TTx64;-0,283;3,569;3,580;274,500;TR-10_1-093-W;NO;1;-2,590;2,605;276,200;TR-10_1-091-E;NO;1
2050;SJ;TR-10_1-093;2TTx64;-0,493;3,295;3,332;278,500;TR-10_1-094-W;NO;1;-1,936;1,998;284,300;TR-10_1-092-E;NO;1
2051;SJ;TR-10_1-094;2TTx64;-0,558;2,648;2,706;281,900;TR-10_1-095-W;NO;1;-3,641;3,683;278,700;TR-10_1-093-E;NO;1
2052;SJ;TR-10_1-095;2TTx64;-0,963;3,833;3,952;284,100;TR-10_1-096-W;NO;1;-2,631;2,802;290,100;TR-10_1-094-E;NO;1
2053;SJ;TR-10_1-096;2TTx64;-0,980;3,482;3,617;285,700;TR-10_1-097-W;NO;1;-3,248;3,393;286,800;TR-10_1-095-E;NO;1
2054;SJ;TR-10_1-097;2TTx64;-0,800;2,680;2,797;286,600;TR-10_1-098-W;NO;1;-2,207;2,348;289,900;TR-10_1-096-E;NO;1
2055;SJ;TR-10_1-098;2TTx64;-0,530;1,957;2,028;285,200;TR-10_1-099-W;NO;1;-3,214;3,257;279,400;TR-10_1-097-E;NO;1
2056;SJ;TR-10_1-099;2TTx64;-0,282;3,614;3,625;274,500;TR-09_2-081-W;NO;1;-2,270;2,287;277,100;TR-10_1-098-E;NO;1
2057;SJ;TR-10_1-100;2TTx64;1,073;2,552;2,768;247,200;TR-10_1-101-W;NO;1;-2,503;2,723;246,800;TR-10_2-126-E;NO;1
2058;SJ;TR-10_1-101;2TTx64;0,720;1,366;1,544;242,200;TR-10_1-102-W;NO;1;-2,489;2,591;253,900;TR-10_1-100-E;NO;1
2059;SJ;TR-10_1-102;2TTx64;0,068;5,808;5,808;269,300;TR-10_1-103-W;NO;1;-2,351;2,352;268,400;TR-10_1-101-E;NO;1
2060;SJ;TR-10_1-103;2TTx64;-0,742;2,254;2,373;288,200;TR-10_1-104-W;NO;1;-5,067;5,121;278,300;TR-10_1-102-E;NO;1
2061;SJ;TR-10_1-104;2TTx64;-0,687;6,255;6,293;276,300;TR-10_1-105-W;NO;1;-2,583;2,673;284,900;TR-10_1-103-E;NO;1
2062;SJ;TR-10_1-105;2TTx64;-0,661;2,803;2,880;283,300;TR-10_1-106-W;NO;1;-1,318;1,474;296,600;TR-10_1-104-E;NO;1
2063;SJ;TR-10_1-106;2TTx64;-0,727;2,579;2,679;285,700;TR-10_1-107-W;NO;1;-2,663;2,760;285,300;TR-10_1-105-E;NO;1
2064;SJ;TR-10_1-107;2TTx64;-0,522;2,239;2,299;283,100;TR-10_1-108-W;NO;1;-2,349;2,406;282,500;TR-10_1-106-E;NO;1
2065;SJ;TR-10_1-108;2TTx64;-0,274;2,417;2,433;276,500;TR-10_1-109-W;NO;1;-2,198;2,215;277,100;TR-10_1-107-E;NO;1
2066;SJ;TR-10_1-109;2TTx64;-0,110;1,762;1,765;273,600;TR-10_1-110-W;NO;1;-2,649;2,651;272,400;TR-10_1-108-E;NO;1
2067;SJ;TR-10_1-110;2TTx64;0,114;2,454;2,457;267,300;TR-10_1-111-W;NO;1;-1,701;1,705;266,200;TR-10_1-109-E;NO;1
2068;SJ;TR-10_1-111;2TTx64;-0,118;2,266;2,269;273,000;TR-10_1-112-W;NO;1;-2,678;2,681;272,500;TR-10_1-110-E;NO;1
2069;SJ;TR-10_1-112;2TTx64;-0,167;3,752;3,756;272,500;TR-10_1-113-W;NO;1;-2,078;2,085;274,600;TR-10_1-111-E;NO;1
2070;SJ;TR-10_1-113;2TTx64;-0,229;2,334;2,345;275,600;TR-10_1-114-W;NO;1;-3,768;3,775;273,500;TR-10_1-112-E;NO;1
2071;SJ;TR-10_1-114;2TTx64;-0,070;3,022;3,023;271,300;TR-10_1-115-W;NO;1;-2,215;2,216;271,800;TR-10_1-113-E;NO;1
2072;SJ;TR-10_1-115;2TTx64;0,109;2,113;2,116;267,000;TR-10_1-116-W;NO;1;-2,969;2,971;267,900;TR-10_1-114-E;NO;1
2073;SJ;TR-10_1-116;2TTx64;0,268;1,585;1,608;260,400;TR-10_1-117-W;NO;1;-1,614;1,636;260,600;TR-10_1-115-E;NO;1
2074;SJ;TR-10_1-117;2TTx64;0,231;3,044;3,053;265,700;TR-10_1-118-W;NO;1;-2,623;2,633;265,000;TR-10_1-116-E;NO;1
2075;SJ;TR-10_1-118;2TTx64;0,788;0,025;0,788;181,800;TR-10_1-119-W;NO;1;-4,594;4,661;260,300;TR-10_1-117-E;NO;1
2076;SJ;TR-10_1-119;2TTx64;0,625;2,648;2,721;256,700;TR-10_1-120-W;NO;1;-0,884;1,083;234,700;TR-10_1-118-E;NO;1
2077;SJ;TR-10_1-120;2TTx64;1,002;2,832;3,004;250,500;TR-10_1-121-W;NO;1;-2,143;2,366;244,900;TR-10_1-119-E;NO;1
2078;SJ;TR-10_1-121;2TTx64;1,145;1,184;1,647;226,000;TR-10_1-122-W;NO;1;-3,328;3,519;251,000;TR-10_1-120-E;NO;1
2079;SJ;TR-10_1-122;2TTx64;1,138;0,790;1,385;214,800;TR-10_1-123-W;NO;1;-1,976;2,280;240,100;TR-10_1-121-E;NO;1
2080;SJ;TR-10_1-123;2TTx64;1,131;3,711;3,880;253,000;TR-09_2-102-W;NO;1;-0,650;1,305;209,900;TR-10_1-122-E;NO;1
2081;SJ;TR-10_2-002;2TTx64;0,693;2,230;2,335;252,700;TR-10_2-003-W;NO;1;-0,549;0,884;218,400;;NO;0
2082;SJ;TR-10_2-003;2TTx64;0,482;3,041;3,079;261,000;TR-10_2-004-W;NO;1;-2,267;2,318;258,000;TR-10_2-002-E;NO;1
2083;SJ;TR-10_2-004;2TTx64;0,143;2,249;2,254;266,400;TR-10_2-005-W;NO;1;-3,925;3,928;267,900;TR-10_2-003-E;NO;1
2084;SJ;TR-10_2-005;2TTx64;0,305;2,760;2,777;263,700;TR-10_2-006-W;NO;1;-2,686;2,703;263,500;TR-10_2-004-E;NO;1
2085;SJ;TR-10_2-006;2TTx64;0,189;2,253;2,261;265,200;TR-10_2-007-W;NO;1;-2,397;2,404;265,500;TR-10_2-005-E;NO;1
2086;SJ;TR-10_2-007;2TTx64;0,275;2,161;2,178;262,700;;NO;0;-1,971;1,990;262,100;TR-10_2-006-E;NO;1
2087;SJ;TR-10_2-008;2TTx64;0,513;3,736;3,771;262,200;TR-10_2-009-W;NO;1;0,104;0,523;168,500;;NO;0
2088;SJ;TR-10_2-009;2TTx64;0,227;3,270;3,278;266,000;TR-10_2-010-W;NO;1;-3,736;3,743;266,500;TR-10_2-008-E;NO;1
2089;SJ;TR-10_2-010;2TTx64;0,032;2,108;2,108;269,100;TR-10_2-011-W;NO;1;-2,468;2,468;269,300;TR-10_2-009-E;NO;1
2090;SJ;TR-10_2-011;2TTx64;0,167;2,005;2,012;265,200;TR-10_2-012-W;NO;1;-1,821;1,829;264,800;TR-10_2-010-E;NO;1
2091;SJ;TR-10_2-012;2TTx64;0,175;2,746;2,752;266,400;TR-10_2-013-W;NO;1;-1,761;1,770;264,300;TR-10_2-011-E;NO;1
2092;SJ;TR-10_2-013;2TTx64;0,456;1,638;1,700;254,500;TR-10_2-014-W;NO;1;-2,653;2,692;260,300;TR-10_2-012-E;NO;1
2093;SJ;TR-10_2-014;2TTx64;0,332;4,250;4,263;265,500;;NO;0;-1,633;1,666;258,500;TR-10_2-013-E;NO;1
2094;SJ;TR-10_2-015;2TTx64;1,255;1,452;1,919;229,200;TR-10_2-016-W;NO;1;-0,657;1,417;207,600;;NO;0
2095;SJ;TR-10_2-016;2TTx64;1,258;2,048;2,404;238,400;TR-10_2-017-W;NO;1;-0,365;1,310;196,200;TR-10_2-015-E;NO;1
2096;SJ;TR-10_2-017;2TTx64;1,197;2,134;2,447;240,700;TR-10_2-018-W;NO;1;-1,846;2,200;237,000;TR-10_2-016-E;NO;1
2097;SJ;TR-10_2-018;2TTx64;0,911;2,358;2,528;248,900;;NO;0;-2,384;2,552;249,100;TR-10_2-017-E;NO;1
2098;SJ;TR-10_2-019;2TTx64;0,823;1,807;1,986;245,500;TR-10_2-020-W;NO;1;-2,984;3,096;254,600;;NO;0
2099;SJ;TR-10_2-020;2TTx64;0,938;2,318;2,501;248,000;TR-10_2-021-W;NO;1;-2,545;2,712;249,800;TR-10_2-019-E;NO;1
2100;SJ;TR-10_2-021;2TTx64;0,759;1,866;2,014;247,900;TR-10_2-022-W;NO;1;-3,054;3,147;256,000;TR-10_2-020-E;NO;1
2101;SJ;TR-10_2-022;2TTx64;0,726;2,115;2,236;251,000;;NO;0;-1,939;2,071;249,500;TR-10_2-021-E;NO;1
2102;SJ;TR-10_2-023;2TTx64;1,022;1,451;1,775;234,800;TR-10_2-024-W;NO;1;-0,293;1,064;196,000;;NO;0
2103;SJ;TR-10_2-024;2TTx64;1,578;3,927;4,232;248,100;TR-10_2-025-W;NO;1;-0,128;1,584;184,600;TR-10_2-023-E;NO;1
2104;SJ;TR-10_2-025;2TTx64;1,486;4,943;5,162;253,300;TR-10_2-026-W;NO;1;-3,043;3,387;244,000;TR-10_2-024-E;NO;1
2105;SJ;TR-10_2-026;2TTx64;1,298;2,315;2,654;240,700;;NO;0;-4,008;4,213;252,100;TR-10_2-025-E;NO;1
2106;SJ;TR-10_2-027;2TTx64;-0,163;0,891;0,906;280,400;;NO;0;;;;;;
2107;SJ;TR-10_2-028;2TTx64;0,595;1,194;1,334;243,500;TR-10_2-029-W;NO;1;-2,815;2,877;258,100;;NO;0
2108;SJ;TR-10_2-029;2TTx64;0,522;0,576;0,778;227,800;TR-10_2-030-W;NO;1;-2,580;2,632;258,600;TR-10_2-028-E;NO;1
2109;SJ;TR-10_2-030;2TTx64;0,420;2,125;2,166;258,800;TR-10_2-031-W;NO;1;-0,918;1,009;245,400;TR-10_2-029-E;NO;1
2110;SJ;TR-10_2-031;2TTx64;0,523;4,103;4,136;262,700;TR-10_2-032-W;NO;1;-2,696;2,746;259,000;TR-10_2-030-E;NO;1
2111;SJ;TR-10_2-032;2TTx64;0,663;1,456;1,600;245,500;TR-10_2-033-W;NO;1;-3,049;3,120;257,700;TR-10_2-031-E;NO;1
2112;SJ;TR-10_2-033;2TTx64;1,360;9,034;9,136;261,400;;NO;0;-1,668;2,152;230,800;TR-10_2-032-E;NO;1
2113;SJ;TR-10_2-034;2TTx64;1,340;2,941;3,232;245,500;TR-10_2-035-W;NO;1;-2,342;2,698;240,200;;NO;0
2114;SJ;TR-10_2-035;2TTx64;1,383;-0,140;1,390;174,200;TR-10_2-036-W;NO;1;-2,941;3,250;244,800;TR-10_2-034-E;NO;1
2115;SJ;TR-10_2-036;2TTx64;1,690;2,516;3,031;236,100;TR-10_2-037-W;NO;1;-0,253;1,709;188,500;TR-10_2-035-E;NO;1
2116;SJ;TR-10_2-037;2TTx64;2,028;0,168;2,034;184,700;TR-10_2-038-W;NO;1;-2,837;3,487;234,400;TR-10_2-036-E;NO;1
2117;SJ;TR-10_2-038;2TTx64;2,002;2,160;2,945;227,200;;NO;0;-1,737;2,651;220,900;TR-10_2-037-E;NO;1
2118;SJ;TR-10_2-039;2TTx64;2,010;1,634;2,591;219,100;TR-10_2-040-W;NO;1;;;;;;
2119;SJ;TR-10_2-040;2TTx64;2,002;2,879;3,506;235,200;;NO;0;-0,818;2,162;202,200;TR-10_2-039-E;NO;1
2120;SJ;TR-10_2-041;2TTx64;0,954;3,459;3,588;254,600;TR-10_2-042-W;NO;1;-1,711;1,959;240,900;;NO;0
2121;SJ;TR-10_2-042;2TTx64;0,969;2,155;2,363;245,800;TR-10_2-043-W;NO;1;-2,097;2,310;245,200;TR-10_2-041-E;NO;1
2122;SJ;TR-10_2-043;2TTx64;0,103;6,845;6,846;269,100;TR-10_2-044-W;NO;1;1,946;1,949;93,000;TR-10_2-042-E;NO;1
2123;SJ;TR-10_2-044;2TTx64;1,118;2,490;2,729;245,800;;NO;0;-5,013;5,136;257,400;TR-10_2-043-E;NO;1
2124;SJ;TR-10_2-049;2TTx64;1,797;5,740;6,015;252,600;;NO;0;;;;;;
2125;SJ;TR-10_2-050;2TTx64;0,267;0,983;1,019;254,800;TR-10_2-051-W;NO;1;-6,788;6,793;267,700;;NO;0
2126;SJ;TR-10_2-051;2TTx64;0,581;-0,390;0,700;146,100;TR-10_2-052-W;NO;1;-4,356;4,395;262,400;TR-10_2-050-E;NO;1
2127;SJ;TR-10_2-052;2TTx64;0,520;3,565;3,603;261,700;TR-10_2-053-W;NO;1;0,923;1,059;119,400;TR-10_2-051-E;NO;1
2128;SJ;TR-10_2-053;2TTx64;0,487;8,635;8,649;266,800;;NO;0;-3,118;3,156;261,100;TR-10_2-052-E;NO;1
2129;SJ;TR-10_2-054;2TTx64;0,479;2,106;2,160;257,200;TR-10_2-055-W;NO;1;1,344;1,427;109,600;;NO;0
2130;SJ;TR-10_2-055;2TTx64;0,625;-0,482;0,790;142,400;;NO;0;-0,746;0,973;230,000;TR-10_2-054-E;NO;1
2131;SJ;TR-10_2-056;2TTx64;-0,724;2,505;2,608;286,100;TR-10_2-057-W;NO;1;-2,336;2,446;287,200;;NO;0
2132;SJ;TR-10_2-057;2TTx64;0,001;1,022;1,022;269,900;TR-10_2-058-W;NO;1;-2,505;2,505;270,000;TR-10_2-056-E;NO;1
2133;SJ;TR-10_2-058;2TTx64;-0,045;2,785;2,785;270,900;TR-10_2-059-W;NO;1;-0,869;0,870;273,000;TR-10_2-057-E;NO;1
2134;SJ;TR-10_2-059;2TTx64;-0,268;2,629;2,643;275,800;TR-10_2-060-W;NO;1;-2,384;2,399;276,400;TR-10_2-058-E;NO;1
2135;SJ;TR-10_2-060;2TTx64;-0,082;2,830;2,831;271,700;;NO;0;-1,211;1,214;273,900;TR-10_2-059-E;NO;1
2136;SJ;TR-10_2-063;2TTx64;-0,124;6,283;6,284;271,100;;NO;0;;;;;;
2137;SJ;TR-10_2-064;2TTx64;-0,154;1,859;1,865;274,700;TR-10_2-065-W;NO;1;-6,070;6,072;271,500;;NO;0
2138;SJ;TR-10_2-065;2TTx64;0,165;-0,767;0,784;102,100;TR-10_2-066-W;NO;1;-5,423;5,425;268,300;TR-10_2-064-E;NO;1
2139;SJ;TR-10_2-066;2TTx64;-0,301;2,415;2,434;277,100;TR-10_2-067-W;NO;1;1,165;1,203;75,500;TR-10_2-065-E;NO;1
2140;SJ;TR-10_2-067;2TTx64;0,086;4,142;4,143;268,800;;NO;0;-2,217;2,219;267,800;TR-10_2-066-E;NO;1
2141;SJ;TR-10_2-076;2TTx64;-0,078;2,454;2,455;271,800;TR-10_1-028-W;NO;1;;;;;;
2142;SJ;TR-10_2-082;2TTx64;0,124;1,820;1,824;266,100;TR-10_2-083-W;NO;1;;;;;;
2143;SJ;TR-10_2-083;2TTx64;-0,001;2,273;2,273;270,000;TR-10_2-084-W;NO;1;-1,532;1,532;270,100;TR-10_2-082-E;NO;1
2144;SJ;TR-10_2-084;2TTx64;-0,040;1,138;1,139;272,000;TR-10_2-085-W;NO;1;-2,285;2,285;271,000;TR-10_2-083-E;NO;1
2145;SJ;TR-10_2-085;2TTx64;-0,373;4,073;4,090;275,200;TR-10_2-086-W;NO;1;-1,238;1,293;286,800;TR-10_2-084-E;NO;1
2146;SJ;TR-10_2-086;2TTx64;-0,711;2,041;2,161;289,200;;NO;0;-3,809;3,875;280,600;TR-10_2-085-E;NO;1
2147;SJ;TR-10_2-087;2TTx64;-0,641;2,451;2,533;284,600;TR-10_2-088-W;NO;1;-2,041;2,139;287,400;;NO;0
2148;SJ;TR-10_2-088;2TTx64;-0,519;2,716;2,765;280,800;TR-10_2-089-W;NO;1;-2,451;2,505;282,000;TR-10_2-087-E;NO;1
2149;SJ;TR-10_2-089;2TTx64;-0,458;3,436;3,466;277,600;TR-10_2-090-W;NO;1;-2,866;2,902;279,100;TR-10_2-088-E;NO;1
2150;SJ;TR-10_2-090;2TTx64;-0,551;1,285;1,398;293,200;TR-10_2-091-W;NO;1;-1,988;2,063;285,500;TR-10_2-089-E;NO;1
2151;SJ;TR-10_2-091;2TTx64;0,183;3,944;3,948;267,300;TR-10_2-092-W;NO;1;-0,231;0,295;231,600;TR-10_2-090-E;NO;1
2152;SJ;TR-10_2-092;2TTx64;0,161;2,977;2,981;266,900;TR-10_2-093-W;NO;1;-3,914;3,917;267,600;TR-10_2-091-E;NO;1
2153;SJ;TR-10_2-093;2TTx64;-0,111;3,199;3,201;272,000;TR-10_1-052-W;NO;1;-2,732;2,734;272,300;TR-10_2-092-E;NO;1
2154;SJ;TR-10_2-094;2TTx64;0,016;1,262;1,262;269,300;TR-10_2-095-W;NO;1;;;;;;
2155;SJ;TR-10_2-095;2TTx64;-0,032;0,259;0,261;277,100;TR-10_2-096-W;NO;1;-2,939;2,939;270,600;TR-10_2-094-E;NO;1
2156;SJ;TR-10_2-096;2TTx64;-0,095;4,742;4,743;271,100;TR-10_2-097-W;NO;1;-1,037;1,041;275,200;TR-10_2-095-E;NO;1
2157;SJ;TR-10_2-097;2TTx64;-0,135;2,517;2,521;273,100;TR-10_2-098-W;NO;1;-4,019;4,021;271,900;TR-10_2-096-E;NO;1
2158;SJ;TR-10_2-098;2TTx64;-0,322;2,665;2,684;276,900;TR-10_2-099-W;NO;1;-2,344;2,366;277,800;TR-10_2-097-E;NO;1
2159;SJ;TR-10_2-099;2TTx64;-0,182;1,262;1,275;278,200;TR-10_2-100-W;NO;1;-2,346;2,353;274,400;TR-10_2-098-E;NO;1
2160;SJ;TR-10_2-100;2TTx64;-0,243;1,903;1,918;277,300;TR-10_2-101-W;NO;1;-0,905;0,937;285,000;TR-10_2-099-E;NO;1
2161;SJ;TR-10_2-101;2TTx64;-0,366;-3,572;3,591;84,200;TR-10_2-102-W;NO;1;-1,736;1,774;281,900;TR-10_2-100-E;NO;1
2162;SJ;TR-10_2-102;2TTx64;-0,362;2,699;2,723;277,600;TR-10_2-103-W;NO;1;6,411;6,421;86,800;TR-10_2-101-E;NO;1
2163;SJ;TR-10_2-103;2TTx64;-1,286;5,000;5,163;284,400;TR-10_2-104-W;NO;1;-10,172;10,253;277,200;TR-10_2-102-E;NO;1
2164;SJ;TR-10_2-104;2TTx64;-0,108;3,355;3,357;271,800;TR-10_2-105-W;NO;1;-6,362;6,363;271,000;TR-10_2-103-E;NO;1
2165;SJ;TR-10_2-105;2TTx64;-0,193;1,483;1,496;277,400;TR-10_2-106-W;NO;1;-3,900;3,905;272,800;TR-10_2-104-E;NO;1
2166;SJ;TR-10_2-106;2TTx64;-0,165;2,601;2,606;273,600;TR-10_2-107-W;NO;1;-1,678;1,686;275,600;TR-10_2-105-E;NO;1
2167;SJ;TR-10_2-107;2TTx64;0,026;1,139;1,139;268,700;TR-10_2-108-W;NO;1;-2,763;2,763;269,500;TR-10_2-106-E;NO;1
2168;SJ;TR-10_2-108;2TTx64;-0,016;2,376;2,376;270,400;TR-10_2-109-W;NO;1;-1,230;1,230;270,800;TR-10_2-107-E;NO;1
2169;SJ;TR-10_2-109;2TTx64;0,263;1,466;1,489;259,800;TR-10_2-110-W;NO;1;-3,065;3,076;265,100;TR-10_2-108-E;NO;1
2170;SJ;TR-10_2-110;2TTx64;0,147;4,010;4,013;267,900;TR-10_1-076-W;NO;1;-1,498;1,505;264,400;TR-10_2-109-E;NO;1
2171;SJ;TR-10_2-111;2TTx64;-0,376;2,987;3,011;277,200;TR-10_2-112-W;NO;1;;;;;;
2172;SJ;TR-10_2-112;2TTx64;-0,234;2,100;2,113;276,400;TR-10_2-113-W;NO;1;-3,863;3,870;273,500;TR-10_2-111-E;NO;1
2173;SJ;TR-10_2-113;2TTx64;-0,103;2,465;2,467;272,400;TR-10_2-114-W;NO;1;-2,323;2,325;272,500;TR-10_2-112-E;NO;1
2174;SJ;TR-10_2-114;2TTx64;-0,242;1,152;1,177;281,900;TR-10_2-115-W;NO;1;-2,725;2,736;275,100;TR-10_2-113-E;NO;1
2175;SJ;TR-10_2-115;2TTx64;0,046;1,371;1,372;268,100;TR-10_2-116-W;NO;1;-5,129;5,129;269,500;TR-10_2-114-E;NO;1
2176;SJ;TR-10_2-116;2TTx64;-0,180;2,084;2,092;274,900;TR-10_2-117-W;NO;1;-1,852;1,861;275,500;TR-10_2-115-E;NO;1
2177;SJ;TR-10_2-117;2TTx64;-0,127;-5,035;5,037;88,600;TR-10_2-118-W;NO;1;-2,440;2,443;273,000;TR-10_2-116-E;NO;1
2178;SJ;TR-10_2-118;2TTx64;-0,183;5,114;5,117;272,000;TR-10_2-119-W;NO;1;8,176;8,178;88,700;TR-10_2-117-E;NO;1
2179;SJ;TR-10_2-119;2TTx64;1,180;2,428;2,699;244,100;TR-10_2-120-W;NO;1;-10,316;10,383;263,500;TR-10_2-118-E;NO;1
2180;SJ;TR-10_2-120;2TTx64;1,202;2,729;2,982;246,200;TR-10_2-121-W;NO;1;-2,523;2,795;244,500;TR-10_2-119-E;NO;1
2181;SJ;TR-10_2-121;2TTx64;1,313;3,097;3,364;247,000;TR-10_2-122-W;NO;1;-2,824;3,114;245,100;TR-10_2-120-E;NO;1
2182;SJ;TR-10_2-122;2TTx64;1,510;4,597;4,839;251,800;TR-10_2-123-W;NO;1;-3,556;3,863;247,000;TR-10_2-121-E;NO;1
2183;SJ;TR-10_2-123;2TTx64;1,530;1,561;2,186;225,600;;NO;0;-2,545;2,970;239,000;TR-10_2-122-E;NO;1
2184;SJ;TR-10_2-124;2TTx64;1,861;2,125;2,825;228,800;TR-10_2-125-W;NO;1;-1,246;2,239;213,800;;NO;0
2185;SJ;TR-10_2-125;2TTx64;1,644;2,569;3,050;237,400;TR-10_2-126-W;NO;1;-1,879;2,497;228,800;TR-10_2-124-E;NO;1
2186;SJ;TR-10_2-126;2TTx64;1,329;2,841;3,137;244,900;TR-10_1-100-W;NO;1;-2,422;2,763;241,200;TR-10_2-125-E;NO;1
