planta,ncu,tcu,tracker,zona,id_levantamiento,tipo,linea,r41033_west_pitch_m,r41106_east_pitch_m,r41035_panel_width_m,r41037_max_west_deg,r41038_max_east_deg,r41098_west_grade_rad,r41100_west_grade_azimuth_rad,r41102_east_grade_rad,r41104_east_grade_azimuth_rad,oeste_vector_pct,oeste_azimut_deg,este_vector_pct,este_azimut_deg,oeste_transv_pct,este_transv_pct,pendiente_longitudinal_pct,oeste_vecina_critica,este_vecina_critica
ayora,3,43,TK 043-03,HD,HD-1,2TTx56,235,2.756,3.258,2.384,55,55,0.040887,1.530654,0.034886,1.523672,4.091,87.7,3.49,87.3,4.088,-3.486,-0.164,HD-1-0 (hermana),HD-2-0
ayora,3,44,TK 044-03,HD,HD-2,2TTx56,239,2.733,3.27,2.384,55,55,0.035016,1.469567,0.027423,1.441642,3.503,84.2,2.743,82.6,3.486,-2.721,-0.351,HD-1-1,HD-3-0
ayora,3,45,TK 045-03,HD,HD-3,2TTx56,243,2.752,3.235,2.384,55,55,0.035655,1.385791,0.028083,1.335177,3.567,79.4,2.809,76.5,3.505,-2.731,-0.658,HD-3-0 (hermana),HD-4-0
ayora,3,46,TK 046-03,HD,HD-4,2TTx56,247,2.752,3.26,2.384,55,55,0.031669,1.324705,0.031669,1.324705,3.168,75.9,3.168,75.9,3.073,-3.073,-0.771,HD-4-0 (hermana),HD-4-1 (hermana)
ayora,3,48,TK 048-03,HD,HD-5,2TTx56,251,2.735,3.247,2.384,55,55,0.027203,2.345723,0.027203,2.345723,2.721,134.4,2.721,134.4,1.943,-1.943,1.905,HD-5-0 (hermana),HD-5-1 (hermana)
ayora,3,47,TK 047-03,HD,HD-6,2TTx56,251,2.735,3.247,2.384,55,55,0.041766,1.314233,0.027793,1.178097,4.179,75.3,2.78,67.5,4.042,-2.569,-1.064,HD-4-1,HD-6-1 (hermana)
ayora,3,50,TK 050-03,HD,HD-7,2TTx56,255,2.714,3.29,2.384,55,55,0.053329,1.954769,0.04503,2.029818,5.338,112,4.506,116.3,4.95,-4.038,2,HD-5-1,HD-7-1 (hermana)
ayora,3,49,TK 049-03,HD,HD-8,2TTx56,255,2.714,3.29,2.384,55,55,0.043233,1.303761,0.042425,1.298525,4.326,74.7,4.245,74.4,4.174,-4.089,-1.138,HD-6-1,HD-8-1 (hermana)
ayora,3,52,TK 052-03,HD,HD-9,2TTx56,259,2.764,3.249,2.384,55,55,0.051155,1.933825,0.032808,2.158972,5.12,110.8,3.282,123.7,4.786,-2.73,1.821,HD-7-1,HD-9-1 (hermana)
ayora,3,51,TK 051-03,HD,HD-10,2TTx56,259,2.764,3.249,2.384,55,55,0.043123,1.364847,0.032099,1.293289,4.315,78.2,3.211,74.1,4.224,-3.088,-0.882,HD-8-1,HD-10-1 (hermana)
ayora,3,54,TK 054-03,HD,HD-11,2TTx56,263,2.703,3.316,2.384,55,55,0.042365,1.932079,0.032638,2.049017,4.239,110.7,3.265,117.4,3.964,-2.9,1.501,HD-9-1,HD-11-1 (hermana)
ayora,3,53,TK 053-03,HD,HD-12,2TTx56,263,2.703,3.316,2.384,55,55,0.041087,1.377065,0.041087,1.377065,4.111,78.9,4.111,78.9,4.034,-4.034,-0.79,HD-12-0 (hermana),HD-12-1 (hermana)
ayora,3,56,TK 056-03,HD,HD-13,2TTx56,267,2.729,3.279,2.384,55,55,0.03915,1.919862,0.034626,1.966986,3.917,110,3.464,112.7,3.682,-3.195,1.337,HD-11-1,HD-13-1 (hermana)
ayora,3,55,TK 055-03,HD,HD-14,2TTx56,267,2.729,3.279,2.384,55,55,0.053688,1.40499,0.043343,1.364847,5.374,80.5,4.337,78.2,5.3,-4.245,-0.888,HD-12-1,HD-14-1 (hermana)
ayora,3,58,TK 058-03,HD,HD-15,2TTx56,271,2.705,3.295,2.384,55,55,0.036664,1.834341,0.017078,2.164208,3.668,105.1,1.708,124,3.542,-1.415,0.956,HD-13-1,HD-17-0
ayora,3,57,TK 057-03,HD,HD-16,2TTx56,271,2.705,3.295,2.384,55,55,0.050387,1.406735,0.033208,1.319469,5.043,80.6,3.322,75.6,4.975,-3.218,-0.825,HD-14-1,HD-18-0
ayora,3,60,TK 060-03,HD,HD-17,2TTx56,275,2.677,3.322,2.384,55,55,0.044371,1.675516,0.044371,1.675516,4.44,96,4.44,96,4.416,-4.416,0.463,HD-17-0 (hermana),HD-17-1 (hermana)
ayora,3,59,TK 059-03,HD,HD-18,2TTx56,275,2.677,3.322,2.384,55,55,0.046467,1.443387,0.038651,1.417207,4.65,82.7,3.867,81.2,4.611,-3.821,-0.594,HD-18-0 (hermana),HD-20-0
ayora,3,62,TK 062-03,HD,HD-19,2TTx56,279,2.665,3.344,2.384,55,55,0.065685,1.703441,0.037502,1.806416,6.578,97.6,3.752,103.5,6.52,-3.648,0.875,HD-17-1,HD-21-0
ayora,3,61,TK 061-03,HD,HD-20,2TTx56,279,2.665,3.344,2.384,55,55,0.038531,1.438151,0.037423,1.432915,3.855,82.4,3.744,82.1,3.821,-3.709,-0.512,HD-18-1,HD-20-1 (hermana)
ayora,3,64,TK 064-03,HD,HD-21,2TTx56,283,2.708,3.305,2.384,55,55,0.037363,1.790708,0.032069,1.82736,3.738,102.6,3.208,104.7,3.648,-3.103,0.815,HD-19-1,HD-21-1 (hermana)
ayora,3,63,TK 063-03,HD,HD-22,2TTx56,283,2.708,3.305,2.384,55,55,0.045179,1.441642,0.035665,1.406735,4.521,82.6,3.568,80.6,4.483,-3.52,-0.58,HD-20-1,HD-22-1 (hermana)
ayora,3,66,TK 066-03,HD,HD-23,2TTx56,287,2.727,3.283,2.384,55,55,0.03154,1.699951,0.013039,1.890192,3.155,97.4,1.304,108.3,3.128,-1.238,0.408,HD-21-1,HD-25-0
ayora,3,65,TK 065-03,HD,HD-24,2TTx56,287,2.727,3.283,2.384,55,55,0.046097,1.460841,0.029991,1.401499,4.613,83.7,3,80.3,4.585,-2.957,-0.507,HD-22-1,HD-24-1 (hermana)
ayora,2,2,TK 002-02,HD,HD-25,2TTx56,291,2.738,3.279,2.384,55,55,0.018218,1.521927,0.018218,1.521927,1.822,87.2,1.822,87.2,1.82,-1.82,-0.088,HD-25-0 (hermana),HD-25-1 (hermana)
ayora,2,1,TK 001-02,HD,HD-26,2TTx56,291,2.738,3.279,2.384,55,55,0.043413,1.450369,0.043413,1.450369,4.344,83.1,4.344,83.1,4.312,-4.312,-0.519,HD-26-0 (hermana),HD-26-1 (hermana)
ayora,2,4,TK 004-02,HD,HD-27,2TTx56,295,2.697,3.311,2.384,55,55,0.024475,1.317724,0.00796,0.694641,2.448,75.5,0.796,39.8,2.37,-0.509,-0.612,HD-27-0 (hermana),HD-29-0
ayora,2,3,TK 003-02,HD,HD-28,2TTx56,295,2.697,3.311,2.384,55,55,0.055662,1.432915,0.036174,1.357866,5.572,82.1,3.619,77.8,5.519,-3.538,-0.764,HD-28-0 (hermana),HD-30-0
ayora,2,6,TK 006-02,HD,HD-29,2TTx56,299,2.745,3.253,2.384,55,55,0.013979,0.593412,0.013979,0.593412,1.398,34,1.398,34,0.781,-0.781,-1.16,HD-29-0 (hermana),HD-29-1 (hermana)
ayora,2,5,TK 005-02,HD,HD-30,2TTx56,299,2.745,3.253,2.384,55,55,0.036913,1.293289,0.026064,1.171116,3.693,74.1,2.607,67.1,3.551,-2.402,-1.013,HD-30-0 (hermana),HD-32-0
ayora,2,8,TK 008-02,HD,HD-31,2TTx56,303,2.666,3.318,2.384,55,55,0.026234,0.923279,0.020047,0.66148,2.624,52.9,2.005,37.9,2.094,-1.232,-1.581,HD-29-1,HD-33-0
ayora,2,7,TK 007-02,HD,HD-32,2TTx56,303,2.666,3.318,2.384,55,55,0.034227,1.240929,0.023696,1.083849,3.424,71.1,2.37,62.1,3.239,-2.094,-1.111,HD-32-0 (hermana),HD-34-0
ayora,2,10,TK 010-02,HD,HD-33,2TTx56,307,2.732,3.263,2.384,55,55,0.032389,0.989602,0.019917,0.469494,3.24,56.7,1.992,26.9,2.709,-0.9,-1.777,HD-33-0 (hermana),HD-35-0
ayora,2,9,TK 009-02,HD,HD-34,2TTx56,307,2.732,3.263,2.384,55,55,0.026364,1.090831,0.026364,1.090831,2.637,62.5,2.637,62.5,2.339,-2.339,-1.217,HD-34-0 (hermana),HD-34-1 (hermana)
ayora,2,12,TK 012-02,HD,HD-35,2TTx56,311,2.74,3.257,2.384,55,55,0.028173,0.841249,0.021807,0.532325,2.818,48.2,2.181,30.5,2.1,-1.107,-1.88,HD-35-0 (hermana),HD-37-0
ayora,2,11,TK 011-02,HD,HD-36,2TTx56,311,2.74,3.257,2.384,55,55,0.03923,1.144936,0.020597,0.66497,3.925,65.6,2.06,38.1,3.575,-1.272,-1.62,HD-34-1,HD-38-0
ayora,2,14,TK 014-02,HD,HD-37,2TTx56,315,2.689,3.342,2.384,55,55,0.034247,0.518363,0.032858,5.845108,3.426,29.7,3.287,334.9,1.698,1.396,-2.976,HD-37-0 (hermana),HD-39-0
ayora,2,13,TK 013-02,HD,HD-38,2TTx28,315,2.689,3.342,2.384,55,55,0.03113,1.286308,0.00873,0.062832,3.114,73.7,0.873,3.6,2.989,-0.055,-0.872,HD-35-1,HD-40-0
ayora,2,16,TK 016-02,HD,HD-39,2TTx56,319,2.728,3.274,2.384,55,55,0.037193,0.549779,0.037193,0.549779,3.721,31.5,3.721,31.5,1.944,-1.944,-3.173,HD-39-0 (hermana),HD-39-1 (hermana)
ayora,2,15,TK 015-02,HD,HD-40,2TTx28,319,2.728,3.274,2.384,55,55,0.00499,0.197222,0.00499,0.197222,0.499,11.3,0.499,11.3,0.097,-0.097,-0.49,HD-40-0 (hermana),HD-40-1 (hermana)
ayora,2,18,TK 018-02,HD,HD-41,2TTx56,322,5.985,6.011,2.384,55,55,0.057546,0.862193,0.037942,6.131342,5.761,49.4,3.796,351.3,4.371,0.576,-3.752,HD-39-1,HD-43-0
ayora,2,17,TK 017-02,HD,HD-42,2TTx28,322,5.985,6.011,2.384,55,55,0.025514,1.106539,0.020277,0.972148,2.552,63.4,2.028,55.7,2.281,-1.674,-1.144,HD-39-1,HD-42-1 (hermana)
ayora,2,19,TK 019-02,HD,HD-43,2TTx42,324,5.99,5.993,2.384,55,55,0.045219,0.479966,0.040947,0.202458,4.525,27.5,4.097,11.6,2.09,-0.824,-4.013,HD-43-0 (hermana),HD-45-0
ayora,2,23,TK 023-02,HD,HD-44,2TTx28,324,5.99,5.993,2.384,55,55,0.037313,0.434587,0.035076,0.267035,3.733,24.9,3.509,15.3,1.574,-0.928,-3.385,HD-44-0 (hermana),HD-46-0
ayora,2,20,TK 020-02,HD,HD-45,2TTx42,326,6.052,5.983,2.384,55,55,0.03887,0.21293,0.038771,0.200713,3.889,12.2,3.879,11.5,0.824,-0.776,-3.801,HD-43-1,HD-45-1 (hermana)
ayora,2,24,TK 024-02,HD,HD-46,2TTx28,326,6.052,5.983,2.384,55,55,0.033847,0.356047,0.033847,0.356047,3.386,20.4,3.386,20.4,1.183,-1.183,-3.173,HD-46-0 (hermana),HD-46-1 (hermana)
ayora,2,21,TK 021-02,HD,HD-47,2TTx42,328,6,5.972,2.384,55,55,0.035735,0.287979,0.034396,0.087266,3.575,16.5,3.441,5,1.015,-0.302,-3.427,HD-45-1,HD-47-1 (hermana)
ayora,2,25,TK 025-02,HD,HD-48,2TTx56,328,6,5.972,2.384,55,55,0.03055,0.759218,0.022196,0.045379,3.056,43.5,2.22,2.6,2.102,-0.102,-2.218,HD-46-1,HD-48-1 (hermana)
ayora,2,22,TK 022-02,HD,HD-49,2TTx42,330,6,5.993,2.384,55,55,0.028362,0.445059,0.025824,0.1309,2.837,25.5,2.583,7.5,1.22,-0.337,-2.561,HD-47-1,HD-49-1 (hermana)
ayora,2,27,TK 027-02,HD,HD-50,2TTx42,330,6,5.993,2.384,55,55,0.016459,0.466003,0.015259,0.270526,1.646,26.7,1.526,15.5,0.74,-0.407,-1.471,HD-50-0 (hermana),HD-52-0
ayora,2,26,TK 026-02,HD,HD-51,2TTx56,330,6,5.993,2.384,55,55,0.025445,0.804597,0.017658,6.260496,2.545,46.1,1.766,358.7,1.833,0.04,-1.766,HD-48-1,HD-51-1 (hermana)
ayora,2,29,TK 029-02,HD,HD-52,2TTx42,332,5.985,6.014,2.384,55,55,0.021137,0.692896,0.016978,0.293215,2.114,39.7,1.698,16.8,1.352,-0.49,-1.626,HD-52-0 (hermana),HD-54-0
ayora,2,28,TK 028-02,HD,HD-53,2TTx56,332,5.985,6.014,2.384,55,55,0.025724,0.884882,0.018538,0.497419,2.573,50.7,1.854,28.5,1.991,-0.884,-1.63,HD-53-0 (hermana),HD-55-0
ayora,2,31,TK 031-02,HD,HD-54,2TTx56,334,6.019,5.982,2.384,55,55,0.024825,0.741765,0.018318,0.054105,2.483,42.5,1.832,3.1,1.679,-0.099,-1.829,HD-54-0 (hermana),HD-57-0
ayora,2,30,TK 030-02,HD,HD-55,2TTx28,334,6.019,5.982,2.384,55,55,0.028862,0.863938,0.022106,0.558505,2.887,49.5,2.211,32,2.194,-1.17,-1.876,HD-55-0 (hermana),HD-58-0
ayora,2,34,TK 034-02,HD,HD-56,2TTx56,336,6.001,6.002,2.384,55,55,0.034486,0.680678,0.034486,0.680678,3.45,39,3.45,39,2.17,-2.17,-2.682,HD-56-0 (hermana),HD-56-1 (hermana)
ayora,2,33,TK 033-02,HD,HD-57,2TTx56,336,6.001,6.002,2.384,55,55,0.023566,0.279253,0.023566,0.279253,2.357,16,2.357,16,0.651,-0.651,-2.266,HD-57-0 (hermana),HD-57-1 (hermana)
ayora,2,32,TK 032-02,HD,HD-58,2TTx28,336,6.001,6.002,2.384,55,55,0.036144,1.027999,0.036144,1.027999,3.616,58.9,3.616,58.9,3.096,-3.096,-1.867,HD-58-0 (hermana),HD-58-1 (hermana)
ayora,2,37,TK 037-02,HD,HD-59,2TTx56,338,5.978,6.01,2.384,55,55,0.043513,0.97913,0.024825,0.207694,4.354,56.1,2.483,11.9,3.613,-0.513,-2.43,HD-56-1,HD-62-0
ayora,2,36,TK 036-02,HD,HD-60,2TTx56,338,5.978,6.01,2.384,55,55,0.058234,1.083849,0.028872,0.338594,5.83,62.1,2.888,19.4,5.154,-0.961,-2.723,HD-57-1,HD-63-0
ayora,2,35,TK 035-02,HD,HD-61,2TTx56,338,5.978,6.01,2.384,55,55,0.075019,1.289798,0.029891,0.801106,7.516,73.9,2.99,45.9,7.222,-2.146,-2.081,HD-58-1,HD-64-0
ayora,2,40,TK 040-02,HD,HD-62,2TTx56,340,5.982,5.997,2.384,55,55,0.019997,0.260054,0.020467,5.946337,2,14.9,2.047,340.7,0.513,0.675,-1.933,HD-59-1,HD-62-1 (hermana)
ayora,2,39,TK 039-02,HD,HD-63,2TTx56,340,5.982,5.997,2.384,55,55,0.034876,0.532325,0.030151,0.076794,3.489,30.5,3.016,4.4,1.769,-0.229,-3.007,HD-63-0 (hermana),HD-66-0
ayora,2,38,TK 038-02,HD,HD-64,2TTx56,340,5.982,5.997,2.384,55,55,0.03132,0.753982,0.029861,0.701622,3.133,43.2,2.987,40.2,2.146,-1.927,-2.283,HD-61-1,HD-67-0
ayora,2,43,TK 043-02,HD,HD-65,2TTx56,342,6.023,5.982,2.384,55,55,0.042035,1.174607,0.035066,5.1941,4.206,67.3,3.508,297.6,3.879,3.108,-1.625,HD-62-1,HD-68-0
ayora,2,42,TK 042-02,HD,HD-66,2TTx56,342,6.023,5.982,2.384,55,55,0.035845,0.417134,0.032858,0.075049,3.586,23.9,3.287,4.3,1.453,-0.245,-3.278,HD-66-0 (hermana),HD-69-0
ayora,2,41,TK 041-02,HD,HD-67,2TTx56,342,6.023,5.982,2.384,55,55,0.030491,0.684169,0.026694,0.481711,3.05,39.2,2.67,27.6,1.927,-1.239,-2.365,HD-64-1,HD-67-1 (hermana)
ayora,2,46,TK 046-02,HD,HD-68,2TTx56,344,6.055,5.991,2.384,55,55,0.027203,1.059415,0.027203,1.059415,2.721,60.7,2.721,60.7,2.372,-2.372,-1.333,HD-68-0 (hermana),HD-68-1 (hermana)
ayora,2,45,TK 045-02,HD,HD-69,2TTx56,344,6.055,5.991,2.384,55,55,0.032439,0.075049,0.032419,6.216863,3.245,4.3,3.243,356.2,0.245,0.217,-3.236,HD-66-1,HD-69-1 (hermana)
ayora,2,44,TK 044-02,HD,HD-70,2TTx56,344,6.055,5.991,2.384,55,55,0.032818,0.671952,0.025754,0.066323,3.283,38.5,2.576,3.8,2.042,-0.172,-2.57,HD-67-1,HD-70-1 (hermana)
ayora,2,50,TK 050-02,HD,HD-71,2TTx56,346,5.945,6.009,2.384,55,55,0.061602,1.432915,0.018828,1.103048,6.168,82.1,1.883,63.2,6.109,-1.68,-0.85,HD-68-1,HD-71-1 (hermana)
ayora,2,49,TK 049-02,HD,HD-72,2TTx56,346,5.945,6.009,2.384,55,55,0.077614,1.211259,0.028822,0.31765,7.777,69.4,2.883,18.2,7.279,-0.899,-2.739,HD-68-1,HD-72-1 (hermana)
ayora,2,48,TK 048-02,HD,HD-73,2TTx56,346,5.945,6.009,2.384,55,55,0.042215,0.877901,0.029931,0.450295,4.224,50.3,2.994,25.8,3.252,-1.303,-2.695,HD-69-1,HD-73-1 (hermana)
ayora,2,47,TK 047-02,HD,HD-74,2TTx28,346,5.945,6.009,2.384,55,55,0.030461,0.729548,0.025784,0.493928,3.047,41.8,2.579,28.3,2.032,-1.225,-2.27,HD-70-1,HD-74-1 (hermana)
ayora,2,54,TK 054-02,HD,HD-75,2TTx56,348,6.002,5.991,2.384,55,55,0.035475,1.328196,0.030261,1.286308,3.549,76.1,3.027,73.7,3.446,-2.905,-0.85,HD-75-0 (hermana),HD-80-0
ayora,2,53,TK 053-02,HD,HD-76,2TTx56,348,6.002,5.991,2.384,55,55,0.039969,0.932006,0.028103,5.72468,3.999,53.4,2.811,328,3.21,1.488,-2.385,HD-72-1,HD-81-0
ayora,2,52,TK 052-02,HD,HD-77,2TTx56,348,6.002,5.991,2.384,55,55,0.033008,0.507891,0.029931,6.012659,3.302,29.1,2.994,344.5,1.606,0.801,-2.885,HD-77-0 (hermana),HD-82-0
ayora,2,51,TK 051-02,HD,HD-78,2TTx28,348,6.002,5.991,2.384,55,55,0.027173,0.790634,0.026424,5.522222,2.718,45.3,2.643,316.4,1.931,1.824,-1.913,HD-78-0 (hermana),HD-82-0
ayora,2,58,TK 058-02,HD,HD-79,2TTx42,350,6.038,6.009,2.384,55,55,0.036154,1.305506,0.025245,1.185079,3.617,74.8,2.525,67.9,3.49,-2.34,-0.949,HD-75-1,HD-79-1 (hermana)
ayora,2,57,TK 057-02,HD,HD-80,2TTx56,350,6.038,6.009,2.384,55,55,0.033657,1.040216,0.025365,0.836013,3.367,59.6,2.537,47.9,2.905,-1.882,-1.702,HD-75-1,HD-80-1 (hermana)
ayora,2,56,TK 056-02,HD,HD-81,2TTx56,350,6.038,6.009,2.384,55,55,0.03065,0.202458,0.03065,0.202458,3.066,11.6,3.066,11.6,0.615,-0.615,-3.004,HD-81-0 (hermana),HD-81-1 (hermana)
ayora,2,55,TK 055-02,HD,HD-82,2TTx56,350,6.038,6.009,2.384,55,55,0.023386,0.506145,0.023386,0.506145,2.339,29,2.339,29,1.134,-1.134,-2.045,HD-82-0 (hermana),HD-82-1 (hermana)
ayora,2,62,TK 062-02,HD,HD-83,2TTx42,352,5.999,5.996,2.384,55,55,0.033438,1.216494,0.019198,0.921534,3.345,69.7,1.92,52.8,3.137,-1.529,-1.162,HD-79-1,HD-87-0
ayora,2,61,TK 061-02,HD,HD-84,2TTx56,352,5.999,5.996,2.384,55,55,0.03146,1.068142,0.03089,1.05767,3.147,61.2,3.09,60.6,2.757,-2.693,-1.516,HD-80-1,HD-84-1 (hermana)
ayora,2,60,TK 060-02,HD,HD-85,2TTx56,352,5.999,5.996,2.384,55,55,0.042624,0.794125,0.052711,5.314528,4.265,45.5,5.276,304.5,3.041,4.346,-2.991,HD-81-1,HD-89-0
ayora,2,59,TK 059-02,HD,HD-86,2TTx56,352,5.999,5.996,2.384,55,55,0.025484,0.685914,0.024225,0.619592,2.549,39.3,2.423,35.5,1.613,-1.406,-1.973,HD-82-1,HD-86-1 (hermana)
ayora,2,65,TK 065-02,HD,HD-87,2TTx56,354,6.012,5.996,2.384,55,55,0.044211,1.242674,0.017718,0.633555,4.424,71.2,1.772,36.3,4.187,-1.05,-1.428,HD-84-1,HD-87-1 (hermana)
ayora,2,64,TK 064-02,HD,HD-88,2TTx56,354,6.012,5.996,2.384,55,55,0.070473,1.267109,0.021177,0.106465,7.059,72.6,2.118,6.1,6.737,-0.227,-2.106,HD-85-1,HD-91-0
ayora,2,63,TK 063-02,HD,HD-89,2TTx28,354,6.012,5.996,2.384,55,55,0.05952,0.762709,0.05952,0.762709,5.959,43.7,5.959,43.7,4.118,-4.118,-4.307,HD-89-0 (hermana),HD-89-1 (hermana)
ayora,2,67,TK 067-02,HD,HD-90,2TTx56,356,6.008,6.003,2.384,55,55,0.036704,1.015782,0.026414,0.750492,3.672,58.2,2.642,43,3.121,-1.801,-1.934,HD-87-1,HD-90-1 (hermana)
ayora,2,66,TK 066-02,HD,HD-91,2TTx56,356,6.008,6.003,2.384,55,55,0.031829,1.014036,0.023776,0.785398,3.184,58.1,2.378,45,2.704,-1.682,-1.68,HD-91-0 (hermana),HD-93-0
ayora,2,69,TK 069-02,HD,HD-92,2TTx56,358,5.99,6.008,2.384,55,55,0.033098,0.815069,0.025604,0.479966,3.311,46.7,2.561,27.5,2.408,-1.183,-2.272,HD-90-1,HD-92-1 (hermana)
ayora,2,68,TK 068-02,HD,HD-93,2TTx56,358,5.99,6.008,2.384,55,55,0.041416,1.249656,0.040957,1.246165,4.144,71.6,4.098,71.4,3.932,-3.884,-1.307,HD-93-0 (hermana),HD-94-0
ayora,1,3,TK 003-01,HD,HD-94,2TTx56,360,5.965,6.006,2.384,55,55,0.041197,1.228712,0.020377,0.827286,4.122,70.4,2.038,47.4,3.884,-1.5,-1.38,HD-93-1,HD-94-1 (hermana)
ayora,1,2,TK 002-01,HD,HD-95,2TTx56,360,5.965,6.006,2.384,55,55,0.058882,1.193805,0.026884,0.630064,5.895,68.4,2.689,36.1,5.48,-1.583,-2.173,HD-93-1,HD-98-0
ayora,1,1,TK 001-01,HD,HD-96,2TTx56,360,5.965,6.006,2.384,55,55,0.030441,1.066396,0.015049,6.06851,3.045,61.1,1.505,347.7,2.666,0.322,-1.471,HD-96-0 (hermana),HD-99-0
ayora,1,6,TK 006-01,HD,HD-97,2TTx56,362,6.003,5.984,2.384,55,55,0.026784,1.027999,0.032329,5.153957,2.679,58.9,3.234,295.3,2.293,2.923,-1.385,HD-94-1,HD-100-0
ayora,1,5,TK 005-01,HD,HD-98,2TTx56,362,6.003,5.984,2.384,55,55,0.026114,0.651008,0.023965,0.521853,2.612,37.3,2.397,29.9,1.583,-1.196,-2.078,HD-95-1,HD-98-1 (hermana)
ayora,1,4,TK 004-01,HD,HD-99,2TTx56,362,6.003,5.984,2.384,55,55,0.019198,0.801106,0.017068,0.670206,1.92,45.9,1.707,38.4,1.379,-1.061,-1.337,HD-99-0 (hermana),HD-102-0
ayora,1,9,TK 009-01,HD,HD-100,2TTx56,364,6.045,6,2.384,55,55,0.026364,6.129596,0.027313,5.977753,2.637,351.2,2.732,342.5,-0.405,0.821,-2.606,HD-100-0 (hermana),HD-103-0
ayora,1,8,TK 008-01,HD,HD-101,2TTx56,364,6.045,6,2.384,55,55,0.035565,0.959931,0.025175,0.626573,3.558,55,2.518,35.9,2.915,-1.477,-2.039,HD-98-1,HD-101-1 (hermana)
ayora,1,7,TK 007-01,HD,HD-102,2TTx56,364,6.045,6,2.384,55,55,0.021437,0.829031,0.015989,0.434587,2.144,47.5,1.599,24.9,1.579,-0.674,-1.449,HD-98-1,HD-102-1 (hermana)
ayora,1,12,TK 012-01,HD,HD-103,2TTx56,366,5.953,5.993,2.384,55,55,0.033378,6.257005,0.033378,6.257005,3.339,358.5,3.339,358.5,-0.089,0.089,-3.338,HD-103-0 (hermana),HD-103-1 (hermana)
ayora,1,11,TK 011-01,HD,HD-104,2TTx56,366,5.953,5.993,2.384,55,55,0.031749,0.829031,0.025954,0.598648,3.176,47.5,2.596,34.3,2.342,-1.462,-2.145,HD-101-1,HD-107-0
ayora,1,10,TK 010-01,HD,HD-105,2TTx56,366,5.953,5.993,2.384,55,55,0.023636,1.083849,0.013109,0.565487,2.364,62.1,1.311,32.4,2.088,-0.703,-1.107,HD-102-1,HD-108-0
ayora,1,15,TK 015-01,HD,HD-106,2TTx56,368,6.043,6.003,2.384,55,55,0.036554,0.274017,0.035415,6.171484,3.657,15.7,3.543,353.6,0.988,0.396,-3.521,HD-103-1,HD-106-1 (hermana)
ayora,1,14,TK 014-01,HD,HD-107,2TTx56,368,6.043,6.003,2.384,55,55,0.024655,0.6353,0.020887,0.315905,2.466,36.4,2.089,18.1,1.462,-0.649,-1.986,HD-104-1,HD-107-1 (hermana)
ayora,1,13,TK 013-01,HD,HD-108,2TTx56,368,6.043,6.003,2.384,55,55,0.018028,0.902335,0.018028,0.902335,1.803,51.7,1.803,51.7,1.415,-1.415,-1.118,HD-108-0 (hermana),HD-108-1 (hermana)
ayora,1,18,TK 018-01,HD,HD-109,2TTx56,370,5.946,6.009,2.384,55,55,0.037283,0.029671,0.037323,6.227335,3.73,1.7,3.734,356.8,0.11,0.209,-3.728,HD-109-0 (hermana),HD-112-0
ayora,1,17,TK 017-01,HD,HD-110,2TTx56,370,5.946,6.009,2.384,55,55,0.023326,0.415388,0.021667,6.108652,2.333,23.8,2.167,350,0.943,0.377,-2.134,HD-107-1,HD-110-1 (hermana)
ayora,1,16,TK 016-01,HD,HD-111,2TTx56,370,5.946,6.009,2.384,55,55,0.026284,1.108284,0.011899,0.171042,2.629,63.5,1.19,9.8,2.353,-0.203,-1.172,HD-108-1,HD-111-1 (hermana)
ayora,1,21,TK 021-01,HD,HD-112,2TTx56,372,6.05,5.994,2.384,55,55,0.038351,6.269223,0.03887,6.119124,3.837,359.2,3.889,350.6,-0.051,0.632,-3.837,HD-112-0 (hermana),HD-115-0
ayora,1,20,TK 020-01,HD,HD-113,2TTx56,372,6.05,5.994,2.384,55,55,0.026894,0.570723,0.026084,0.520108,2.69,32.7,2.609,29.8,1.452,-1.297,-2.264,HD-113-0 (hermana),HD-116-0
ayora,1,19,TK 019-01,HD,HD-114,2TTx56,372,6.05,5.994,2.384,55,55,0.014889,0.720821,0.012959,0.528835,1.489,41.3,1.296,30.3,0.982,-0.654,-1.119,HD-111-1,HD-114-1 (hermana)
ayora,1,24,TK 024-01,HD,HD-115,2TTx56,374,5.938,6.009,2.384,55,55,0.040757,6.127851,0.044131,5.860816,4.078,351.1,4.416,335.8,-0.632,1.809,-4.029,HD-112-1,HD-115-1 (hermana)
ayora,1,23,TK 023-01,HD,HD-116,2TTx56,374,5.938,6.009,2.384,55,55,0.028942,0.464258,0.026654,0.240855,2.895,26.6,2.666,13.8,1.297,-0.638,-2.588,HD-113-1,HD-119-0
ayora,1,22,TK 022-01,HD,HD-117,2TTx56,374,5.938,6.009,2.384,55,55,0.020277,1.1397,0.014619,0.951204,2.028,65.3,1.462,54.5,1.842,-1.191,-0.849,HD-117-0 (hermana),HD-120-0
ayora,1,27,TK 027-01,HD,HD-118,2TTx56,376,6.024,5.995,2.384,55,55,0.044171,5.913176,0.046107,5.817182,4.42,338.8,4.614,333.3,-1.6,2.075,-4.121,HD-115-1,HD-118-1 (hermana)
ayora,1,26,TK 026-01,HD,HD-119,2TTx56,376,6.024,5.995,2.384,55,55,0.0314,0.204204,0.034007,5.841617,3.141,11.7,3.402,334.7,0.638,1.455,-3.075,HD-116-1,HD-119-1 (hermana)
ayora,1,25,TK 025-01,HD,HD-120,2TTx56,376,6.024,5.995,2.384,55,55,0.013569,1.069887,0.008,0.619592,1.357,61.3,0.8,35.5,1.191,-0.465,-0.652,HD-117-1,HD-123-0
ayora,1,30,TK 030-01,HD,HD-121,2TTx56,378,5.981,6.017,2.384,55,55,0.029182,5.899213,0.029451,5.878269,2.919,338,2.946,336.8,-1.091,1.162,-2.708,HD-118-1,HD-121-1 (hermana)
ayora,1,29,TK 029-01,HD,HD-122,2TTx42,378,5.981,6.017,2.384,55,55,0.039569,1.08734,0.020267,0.431096,3.959,62.3,2.027,24.7,3.506,-0.848,-1.841,HD-119-1,HD-125-0
ayora,1,28,TK 028-01,HD,HD-123,2TTx56,378,5.981,6.017,2.384,55,55,0.00508,1.986185,0.00269,3.846706,0.508,113.8,0.269,220.4,0.465,0.174,0.205,HD-120-1,HD-126-0
ayora,1,33,TK 033-01,HD,HD-124,2TTx56,380,6.031,6.007,2.384,55,55,0.024455,6.072,0.025055,5.979498,2.446,347.9,2.506,342.6,-0.512,0.748,-2.392,HD-121-1,HD-124-1 (hermana)
ayora,1,32,TK 032-01,HD,HD-125,2TTx42,380,6.031,6.007,2.384,55,55,0.018288,0.651008,0.018288,0.651008,1.829,37.3,1.829,37.3,1.107,-1.107,-1.456,HD-125-0 (hermana),HD-125-1 (hermana)
ayora,1,31,TK 031-01,HD,HD-126,2TTx56,380,6.031,6.007,2.384,55,55,0.00501,3.495894,0.00511,3.544764,0.501,200.3,0.511,203.1,-0.174,0.2,0.47,HD-123-1,HD-126-1 (hermana)
ayora,1,35,TK 035-01,HD,HD-127,2TTx42,382,5.956,5.976,2.384,55,55,0.023226,0.914553,0.017378,0.617847,2.323,52.4,1.738,35.4,1.841,-1.007,-1.416,HD-125-1,HD-127-1 (hermana)
ayora,1,34,TK 034-01,HD,HD-128,2TTx56,382,5.956,5.976,2.384,55,55,0.018198,1.942551,0.00664,3.064798,1.82,111.3,0.664,175.6,1.695,-0.051,0.662,HD-128-0 (hermana),HD-130-0
ayora,1,37,TK 037-01,HD,HD-129,2TTx42,384,6.088,5.991,2.384,55,55,0.030021,1.047198,0.015229,0.167552,3.003,60,1.523,9.6,2.601,-0.254,-1.502,HD-129-0 (hermana),HD-131-0
ayora,1,36,TK 036-01,HD,HD-130,2TTx56,384,6.088,5.991,2.384,55,55,0.025065,1.980949,0.025065,1.980949,2.507,113.5,2.507,113.5,2.299,-2.299,0.999,HD-130-0 (hermana),HD-130-1 (hermana)
ayora,1,39,TK 039-01,HD,HD-131,2TTx56,386,5.931,6.028,2.384,55,55,0.052103,0.541052,0.046047,0.246091,5.215,31,4.608,14.1,2.687,-1.122,-4.47,HD-131-0 (hermana),HD-133-0
ayora,1,38,TK 038-01,HD,HD-132,2TTx56,386,5.931,6.028,2.384,55,55,0.040827,1.391027,0.012589,0.954695,4.085,79.7,1.259,54.7,4.019,-1.027,-0.728,HD-130-1,HD-134-0
ayora,1,41,TK 041-01,HD,HD-133,2TTx56,388,6.006,6.005,2.384,55,55,0.047714,0.251327,0.046407,0.089012,4.775,14.4,4.644,5.1,1.185,-0.411,-4.626,HD-133-0 (hermana),HD-136-0
ayora,1,40,TK 040-01,HD,HD-134,2TTx56,388,6.006,6.005,2.384,55,55,0.01115,1.171116,0.00452,0.289725,1.115,67.1,0.452,16.6,1.027,-0.129,-0.433,HD-132-1,HD-137-0
ayora,1,44,TK 044-01,HD,HD-135,2TTx56,390,5.993,6.009,2.384,55,55,0.03939,0.268781,0.03939,0.268781,3.941,15.4,3.941,15.4,1.045,-1.045,-3.8,HD-135-0 (hermana),HD-135-1 (hermana)
ayora,1,43,TK 043-01,HD,HD-136,2TTx56,390,5.993,6.009,2.384,55,55,0.043303,0.129154,0.043303,0.129154,4.333,7.4,4.333,7.4,0.562,-0.562,-4.296,HD-136-0 (hermana),HD-136-1 (hermana)
ayora,1,42,TK 042-01,HD,HD-137,2TTx56,390,5.993,6.009,2.384,55,55,0.00597,0.42586,0.00597,0.42586,0.597,24.4,0.597,24.4,0.247,-0.247,-0.544,HD-137-0 (hermana),HD-137-1 (hermana)
ayora,1,47,TK 047-01,HD,HD-138,2TTx56,392,5.965,6.008,2.384,55,55,0.043542,0.610865,0.041496,0.537561,4.357,35,4.152,30.8,2.501,-2.124,-3.567,HD-138-0 (hermana),HD-141-0
ayora,1,46,TK 046-01,HD,HD-139,2TTx56,392,5.965,6.008,2.384,55,55,0.04456,0.218166,0.04456,0.218166,4.459,12.5,4.459,12.5,0.965,-0.965,-4.354,HD-139-0 (hermana),HD-139-1 (hermana)
ayora,1,45,TK 045-01,HD,HD-140,2TTx56,392,5.965,6.008,2.384,55,55,0.015209,1.066396,0.00944,0.677188,1.521,61.1,0.944,38.8,1.331,-0.592,-0.736,HD-137-1,HD-140-1 (hermana)
ayora,1,50,TK 050-01,HD,HD-141,2TTx56,394,6.046,5.995,2.384,55,55,0.040568,0.551524,0.037942,0.424115,4.059,31.6,3.796,24.3,2.124,-1.564,-3.459,HD-138-1,HD-141-1 (hermana)
ayora,1,49,TK 049-01,HD,HD-142,2TTx56,394,6.046,5.995,2.384,55,55,0.04478,0.432842,0.043003,0.333358,4.481,24.8,4.303,19.1,1.883,-1.408,-4.066,HD-139-1,HD-145-0
ayora,1,48,TK 048-01,HD,HD-143,2TTx56,394,6.046,5.995,2.384,55,55,0.018308,1.144936,0.00963,0.670206,1.831,65.6,0.963,38.4,1.668,-0.598,-0.755,HD-140-1,HD-146-0
ayora,1,53,TK 053-01,HD,HD-144,2TTx56,396,5.963,6.001,2.384,55,55,0.046377,0.785398,0.037003,0.481711,4.641,45,3.702,27.6,3.283,-1.716,-3.28,HD-141-1,HD-144-1 (hermana)
ayora,1,52,TK 052-01,HD,HD-145,2TTx56,396,5.963,6.001,2.384,55,55,0.042385,0.338594,0.041666,0.284489,4.241,19.4,4.169,16.3,1.408,-1.172,-4.001,HD-142-1,HD-145-1 (hermana)
ayora,1,51,TK 051-01,HD,HD-146,2TTx56,396,5.963,6.001,2.384,55,55,0.016149,1.136209,0.016369,5.139995,1.615,65.1,1.637,294.5,1.465,1.489,-0.679,HD-146-0 (hermana),HD-149-0
ayora,1,56,TK 056-01,HD,HD-147,2TTx56,398,6.011,5.987,2.384,55,55,0.04499,0.76969,0.033118,0.221657,4.502,44.1,3.313,12.7,3.134,-0.727,-3.232,HD-144-1,HD-150-0
ayora,1,55,TK 055-01,HD,HD-148,2TTx56,398,6.011,5.987,2.384,55,55,0.043003,0.5044,0.038381,6.085963,4.303,28.9,3.84,348.7,2.082,0.753,-3.765,HD-145-1,HD-152-0
ayora,1,54,TK 054-01,HD,HD-149,2TTx56,398,6.011,5.987,2.384,55,55,0.013369,1.082104,0.00629,0.006981,1.337,62,0.629,0.4,1.18,-0.005,-0.629,HD-149-0 (hermana),HD-152-0
ayora,1,59,TK 059-01,HD,HD-150,2TTx42,400,6.038,5.998,2.384,55,55,0.029851,0.246091,0.029302,0.155334,2.986,14.1,2.931,8.9,0.727,-0.452,-2.896,HD-147-1,HD-150-1 (hermana)
ayora,1,58,TK 058-01,HD,HD-151,2TTx56,400,6.038,5.998,2.384,55,55,0.045099,0.577704,0.038501,0.191986,4.513,33.1,3.852,11,2.463,-0.734,-3.781,HD-148-1,HD-151-1 (hermana)
ayora,1,57,TK 057-01,HD,HD-152,2TTx56,400,6.038,5.998,2.384,55,55,0.018958,0.69115,0.014639,6.216863,1.896,39.6,1.464,356.2,1.208,0.097,-1.461,HD-152-0 (hermana),HD-155-0
ayora,1,62,TK 062-01,HD,HD-153,2TTx42,402,6.017,5.997,2.384,55,55,0.032838,0.507891,0.029272,0.198968,3.285,29.1,2.928,11.4,1.596,-0.577,-2.871,HD-150-1,HD-153-1 (hermana)
ayora,1,61,TK 061-01,HD,HD-154,2TTx56,402,6.017,5.997,2.384,55,55,0.038741,0.300197,0.037353,6.14705,3.876,17.2,3.737,352.2,1.149,0.508,-3.702,HD-151-1,HD-154-1 (hermana)
ayora,1,60,TK 060-01,HD,HD-155,2TTx56,402,6.017,5.997,2.384,55,55,0.017868,0.79587,0.017868,0.79587,1.787,45.6,1.787,45.6,1.277,-1.277,-1.251,HD-155-0 (hermana),HD-155-1 (hermana)
ayora,1,63,TK 063-01,HD,HD-156,2TTx56,404,5.973,5.999,2.384,55,55,0.037403,0.446804,0.034646,0.230383,3.742,25.6,3.466,13.2,1.615,-0.789,-3.376,HD-154-1,HD-156-1 (hermana)
ayora,14,7,TK 007-09,PD,PD-1,2TTx28,1,,5.989,2.384,55,55,0.077504,0.792379,0.067836,0.640536,7.766,45.4,6.794,36.7,5.532,-4.057,-5.45,PD-1-0 (hermana),PD-2-0
ayora,14,8,TK 008-09,PD,PD-2,2TTx42,3,6.004,5.991,2.384,55,55,0.060227,0.738274,0.052462,0.555015,6.03,42.3,5.251,31.8,4.057,-2.77,-4.461,PD-1-1,PD-2-1 (hermana)
ayora,14,9,TK 009-09,PD,PD-3,2TTx56,5,6.013,5.982,2.384,55,55,0.055214,0.780162,0.042754,0.406662,5.527,44.7,4.278,23.3,3.887,-1.692,-3.929,PD-2-1,PD-3-1 (hermana)
ayora,14,10,TK 010-09,PD,PD-4,2TTx56,7,5.997,6,2.384,55,55,0.045509,0.837758,0.031909,0.301942,4.554,48,3.192,17.3,3.384,-0.949,-3.048,PD-3-1,PD-6-0
ayora,14,12,TK 012-09,PD,PD-5,2TTx56,9,6.005,5.986,2.384,55,55,0.054037,1.082104,0.040208,0.888373,5.409,62,4.023,50.9,4.778,-3.122,-2.536,PD-5-0 (hermana),PD-7-0
ayora,14,11,TK 011-09,PD,PD-6,2TTx28,9,6.005,5.986,2.384,55,55,0.023526,0.595157,0.023526,0.595157,2.353,34.1,2.353,34.1,1.318,-1.318,-1.949,PD-6-0 (hermana),PD-6-1 (hermana)
ayora,14,14,TK 014-09,PD,PD-7,2TTx42,11,6.058,5.951,2.384,55,55,0.046906,1.083849,0.046127,1.075123,4.694,62.1,4.616,61.6,4.149,-4.061,-2.195,PD-7-0 (hermana),PD-9-0
ayora,14,13,TK 013-09,PD,PD-8,2TTx56,11,6.058,5.951,2.384,55,55,0.050736,1.19206,0.018988,6.12087,5.078,68.3,1.899,350.7,4.72,0.308,-1.874,PD-5-1,PD-8-1 (hermana)
ayora,14,16,TK 016-09,PD,PD-9,2TTx56,13,6.001,6.014,2.384,55,55,0.045089,1.118756,0.029921,0.853466,4.512,64.1,2.993,48.9,4.061,-2.255,-1.968,PD-7-1,PD-11-0
ayora,14,15,TK 015-09,PD,PD-10,2TTx56,13,6.001,6.014,2.384,55,55,0.034037,1.111775,0.020747,0.755728,3.405,63.7,2.075,43.3,3.052,-1.424,-1.51,PD-8-1,PD-10-1 (hermana)
ayora,14,18,TK 018-09,PD,PD-11,2TTx56,15,5.978,6.01,2.384,55,55,0.03074,0.823795,0.022476,0.375246,3.075,47.2,2.248,21.5,2.255,-0.824,-2.091,PD-9-1,PD-13-0
ayora,14,17,TK 017-09,PD,PD-12,2TTx56,15,5.978,6.01,2.384,55,55,0.019108,0.942478,0.017098,0.855211,1.911,54,1.71,49,1.547,-1.29,-1.123,PD-10-1,PD-12-1 (hermana)
ayora,14,20,TK 020-09,PD,PD-13,2TTx56,17,6.059,5.996,2.384,55,55,0.03152,0.654498,0.03152,0.654498,3.153,37.5,3.153,37.5,1.92,-1.92,-2.501,PD-13-0 (hermana),PD-13-1 (hermana)
ayora,14,19,TK 019-09,PD,PD-14,2TTx56,17,6.059,5.996,2.384,55,55,0.019877,1.151917,0.012669,0.877901,1.988,66,1.267,50.3,1.816,-0.975,-0.809,PD-12-1,PD-14-1 (hermana)
ayora,13,25,TK 025-09,PD,PD-15,2TTx28,19,6.208,6.002,2.384,55,55,0.045868,6.250024,0.045868,6.250024,4.59,358.1,4.59,358.1,-0.156,0.156,-4.587,PD-15-0 (hermana),PD-15-1 (hermana)
ayora,14,22,TK 022-09,PD,PD-16,2TTx56,19,6.208,6.002,2.384,55,55,0.034147,0.657989,0.027023,0.033161,3.416,37.7,2.703,1.9,2.09,-0.091,-2.702,PD-13-1,PD-20-0
ayora,14,21,TK 021-09,PD,PD-17,2TTx56,19,6.208,6.002,2.384,55,55,0.016159,1.354375,0.00417,5.688028,1.616,77.6,0.417,325.9,1.578,0.234,-0.346,PD-14-1,PD-17-1 (hermana)
ayora,14,4,TK 004-09,PD,PD-18,2TTx28,19,6.208,6.002,2.384,55,55,0.028153,0.141372,0.028033,0.10821,2.816,8.1,2.804,6.2,0.397,-0.302,-2.788,PD-18-0 (hermana),PD-21-0
ayora,13,26,TK 026-09,PD,PD-19,2TTx42,21,6.075,6.001,2.384,55,55,0.049968,0.178024,0.04919,0.003491,5.001,10.2,4.923,0.2,0.882,-0.019,-4.923,PD-15-1,PD-19-1 (hermana)
ayora,14,23,TK 023-09,PD,PD-20,2TTx56,21,6.075,6.001,2.384,55,55,0.034496,0.673697,0.034496,0.673697,3.451,38.6,3.451,38.6,2.155,-2.155,-2.695,PD-20-0 (hermana),PD-20-1 (hermana)
ayora,14,5,TK 005-09,PD,PD-21,2TTx42,21,6.075,6.001,2.384,55,55,0.021737,0.139626,0.021677,6.164503,2.174,8,2.168,353.2,0.302,0.255,-2.153,PD-18-1,PD-24-0
ayora,13,27,TK 027-09,PD,PD-22,2TTx42,23,6.031,5.997,2.384,55,55,0.052871,0.188496,0.052601,6.122615,5.292,10.8,5.265,350.8,0.995,0.841,-5.198,PD-19-1,PD-25-0
ayora,14,24,TK 024-09,PD,PD-23,2TTx42,23,6.031,5.997,2.384,55,55,0.051325,0.877901,0.032948,0.10472,5.137,50.3,3.296,6,3.955,-0.343,-3.278,PD-20-1,PD-23-1 (hermana)
ayora,14,6,TK 006-09,PD,PD-24,2TTx28,23,6.031,5.997,2.384,55,55,0.015319,0.366519,0.015319,0.366519,1.532,21,1.532,21,0.548,-0.548,-1.431,PD-24-0 (hermana),PD-24-1 (hermana)
ayora,13,28,TK 028-09,PD,PD-25,2TTx56,25,5.655,6.004,2.384,55,55,0.054925,6.129596,0.055712,6.056293,5.498,351.2,5.577,347,-0.841,1.256,-5.434,PD-22-1,PD-25-1 (hermana)
ayora,13,30,TK 030-09,PD,PD-26,2TTx28,28,2.179,3.805,2.384,55,55,0.057377,6.131342,0.066133,5.742133,5.744,351.3,6.623,329,-0.873,3.41,-5.678,PD-25-1,PD-29-0
ayora,13,29,TK 029-09,PD,PD-27,2TTx42,28,2.179,3.805,2.384,55,55,0.054546,6.251769,0.057556,5.956809,5.46,358.2,5.762,341.3,-0.168,1.846,-5.458,PD-25-1,PD-27-1 (hermana)
ayora,14,1,TK 001-09,PD,PD-28,2TTx42,27,3.805,2.179,2.384,55,55,0.032279,6.136578,0.032279,6.136578,3.229,351.6,3.229,351.6,-0.472,0.472,-3.195,PD-28-0 (hermana),PD-28-1 (hermana)
ayora,13,32,TK 032-09,PD,PD-29,2TTx28,32,2.104,3.883,2.384,55,55,0.059838,5.91143,0.061223,5.857325,5.991,338.7,6.13,335.6,-2.179,2.535,-5.581,PD-29-0 (hermana),PD-32-0
ayora,13,31,TK 031-09,PD,PD-30,2TTx56,32,2.104,3.883,2.384,55,55,0.060068,6.009169,0.061682,5.927138,6.014,344.3,6.176,339.6,-1.628,2.15,-5.79,PD-27-1,PD-32-0
ayora,14,2,TK 002-09,PD,PD-31,2TTx42,31,3.901,2.104,2.384,55,55,0.022806,0.125664,0.022626,6.269223,2.281,7.2,2.263,359.2,0.286,0.034,-2.263,PD-28-1,PD-31-1 (hermana)
ayora,13,34,TK 034-09,PD,PD-32,2TTx56,36,2.096,3.897,2.384,55,55,0.062957,5.935865,0.069946,5.721189,6.304,340.1,7.006,327.8,-2.15,3.737,-5.926,PD-30-1,PD-35-0
ayora,13,33,TK 033-09,PD,PD-33,2TTx42,36,2.096,3.897,2.384,55,55,0.064022,0.085521,0.065387,6.061528,6.411,4.9,6.548,347.3,0.548,1.441,-6.387,PD-30-1,PD-33-1 (hermana)
ayora,14,3,TK 003-09,PD,PD-34,2TTx42,35,3.858,2.096,2.384,55,55,0.017178,0.66148,0.017178,0.66148,1.718,37.9,1.718,37.9,1.055,-1.055,-1.355,PD-34-0 (hermana),PD-34-1 (hermana)
ayora,13,36,TK 036-09,PD,PD-35,2TTx56,39,5.99,6.006,2.384,55,55,0.062857,5.848598,0.062857,5.848598,6.294,335.1,6.294,335.1,-2.649,2.649,-5.709,PD-35-0 (hermana),PD-35-1 (hermana)
ayora,13,35,TK 035-09,PD,PD-36,2TTx56,39,5.99,6.006,2.384,55,55,0.06902,6.129596,0.06902,6.129596,6.913,351.2,6.913,351.2,-1.063,1.063,-6.831,PD-36-0 (hermana),PD-36-1 (hermana)
ayora,13,38,TK 038-09,PD,PD-37,2TTx56,41,5.988,6.004,2.384,55,55,0.059838,6.056293,0.069339,5.710717,5.991,347,6.945,327.2,-1.35,3.764,-5.837,PD-37-0 (hermana),PD-41-0
ayora,13,37,TK 037-09,PD,PD-38,2TTx56,41,5.988,6.004,2.384,55,55,0.070015,6.143559,0.072115,6.003933,7.013,352,7.224,344,-0.981,1.993,-6.944,PD-36-1,PD-41-0
ayora,12,26,TK 026-08,PD,PD-39,2TTx42,41,5.988,6.004,2.384,55,55,0.09316,5.450663,0.099995,5.389577,9.343,312.3,10.033,308.8,-6.911,7.818,-6.288,PD-39-0 (hermana),PD-44-0
ayora,13,41,TK 041-09,PD,PD-40,2TTx56,43,6.005,6.001,2.384,55,55,0.054975,6.024877,0.056699,5.927138,5.503,345.2,5.676,339.6,-1.409,1.98,-5.32,PD-40-0 (hermana),PD-46-0
ayora,13,40,TK 040-09,PD,PD-41,2TTx56,43,6.005,6.001,2.384,55,55,0.070214,6.246533,0.073726,5.970771,7.033,357.9,7.386,342.1,-0.254,2.271,-7.029,PD-41-0 (hermana),PD-46-0
ayora,13,39,TK 039-09,PD,PD-42,2TTx42,43,6.005,6.001,2.384,55,55,0.068114,0.080285,0.068264,6.178466,6.822,4.6,6.837,354,0.549,0.711,-6.8,PD-42-0 (hermana),PD-47-0
ayora,11,29,TK 029-07,PD,PD-43,2TTx28,41,5.988,6.004,2.384,55,55,0.060456,6.181956,0.060456,6.181956,6.053,354.2,6.053,354.2,-0.615,0.615,-6.022,PD-43-0 (hermana),PD-43-1 (hermana)
ayora,12,27,TK 027-08,PD,PD-44,2TTx42,43,6.005,6.001,2.384,55,55,0.070175,5.572836,0.070175,5.572836,7.029,319.3,7.029,319.3,-4.581,4.581,-5.332,PD-44-0 (hermana),PD-44-1 (hermana)
ayora,13,44,TK 044-09,PD,PD-45,2TTx56,45,6.035,5.978,2.384,55,55,0.050986,6.089454,0.052242,5.991715,5.103,348.9,5.229,343.3,-0.982,1.505,-5.007,PD-40-1,PD-45-1 (hermana)
ayora,13,43,TK 043-09,PD,PD-46,2TTx56,45,6.035,5.978,2.384,55,55,0.068005,6.243043,0.074223,5.867797,6.811,357.7,7.436,336.2,-0.278,2.997,-6.805,PD-46-0 (hermana),PD-52-0
ayora,13,42,TK 042-09,PD,PD-47,2TTx56,45,6.035,5.978,2.384,55,55,0.070045,6.181956,0.077663,5.825909,7.016,354.2,7.782,333.8,-0.711,3.44,-6.98,PD-42-1,PD-52-0
ayora,11,30,TK 030-07,PD,PD-48,2TTx28,43,6.005,6.001,2.384,55,55,0.05945,6.274459,0.05951,6.236061,5.952,359.5,5.958,357.3,-0.054,0.276,-5.952,PD-43-1,PD-48-1 (hermana)
ayora,12,28,TK 028-08,PD,PD-49,2TTx28,45,6.035,5.978,2.384,55,55,0.046027,5.585054,0.046027,5.585054,4.606,320,4.606,320,-2.959,2.959,-3.529,PD-49-0 (hermana),PD-49-1 (hermana)
ayora,13,48,TK 048-09,PD,PD-50,2TTx28,47,6.019,5.991,2.384,55,55,0.035076,0.434587,0.035076,0.434587,3.509,24.9,3.509,24.9,1.475,-1.475,-3.184,PD-50-0 (hermana),PD-50-1 (hermana)
ayora,13,47,TK 047-09,PD,PD-51,2TTx56,47,6.019,5.991,2.384,55,55,0.053499,6.113888,0.053499,6.113888,5.355,350.3,5.355,350.3,-0.903,0.903,-5.279,PD-51-0 (hermana),PD-51-1 (hermana)
ayora,13,46,TK 046-09,PD,PD-52,2TTx56,47,6.019,5.991,2.384,55,55,0.071727,6.047566,0.071727,6.047566,7.185,346.5,7.185,346.5,-1.679,1.679,-6.986,PD-52-0 (hermana),PD-52-1 (hermana)
ayora,13,45,TK 045-09,PD,PD-53,2TTx42,47,6.019,5.991,2.384,55,55,0.074452,6.044075,0.074452,6.044075,7.459,346.3,7.459,346.3,-1.761,1.761,-7.248,PD-53-0 (hermana),PD-53-1 (hermana)
ayora,11,31,TK 031-07,PD,PD-54,2TTx28,45,6.035,5.978,2.384,55,55,0.06459,0.08203,0.067059,5.998697,6.468,4.7,6.716,343.7,0.525,1.883,-6.447,PD-48-1,PD-60-0
ayora,12,29,TK 029-08,PD,PD-55,2TTx28,47,6.019,5.991,2.384,55,55,0.024765,6.038839,0.026674,5.83289,2.477,346,2.668,334.2,-0.6,1.16,-2.403,PD-49-1,PD-55-1 (hermana)
ayora,13,52,TK 052-09,PD,PD-56,2TTx28,49,5.993,5.994,2.384,55,55,0.031669,0.525344,0.027663,6.143559,3.168,30.1,2.767,352,1.591,0.383,-2.74,PD-50-1,PD-62-0
ayora,13,51,TK 051-09,PD,PD-57,2TTx56,49,5.993,5.994,2.384,55,55,0.049599,0.048869,0.049629,6.222099,4.964,2.8,4.967,356.5,0.241,0.3,-4.958,PD-51-1,PD-63-0
ayora,13,50,TK 050-09,PD,PD-58,2TTx56,49,5.993,5.994,2.384,55,55,0.070055,6.155776,0.087218,5.632177,7.017,352.7,8.744,322.7,-0.891,5.293,-6.96,PD-52-1,PD-64-0
ayora,13,49,TK 049-09,PD,PD-59,2TTx42,49,5.993,5.994,2.384,55,55,0.07107,6.092944,0.080496,5.761332,7.119,349.1,8.067,330.1,-1.349,4.026,-6.99,PD-53-1,PD-64-0
ayora,11,32,TK 032-07,PD,PD-60,2TTx42,47,6.019,5.991,2.384,55,55,0.054167,6.253515,0.054785,6.129596,5.422,358.3,5.484,351.2,-0.163,0.834,-5.42,PD-60-0 (hermana),PD-65-0
ayora,12,30,TK 030-08,PD,PD-61,2TTx28,49,5.993,5.994,2.384,55,55,0.017178,0.233874,0.016728,0.043633,1.718,13.4,1.673,2.5,0.397,-0.073,-1.671,PD-55-1,PD-61-1 (hermana)
ayora,13,55,TK 055-09,PD,PD-62,2TTx56,51,6.005,6.001,2.384,55,55,0.047355,0.555015,0.043552,0.392699,4.739,31.8,4.358,22.5,2.497,-1.664,-4.028,PD-62-0 (hermana),PD-68-0
ayora,13,54,TK 054-09,PD,PD-63,2TTx56,51,6.005,6.001,2.384,55,55,0.062389,6.234316,0.063475,6.091199,6.247,357.2,6.356,349,-0.3,1.212,-6.24,PD-57-1,PD-63-1 (hermana)
ayora,13,53,TK 053-09,PD,PD-64,2TTx56,51,6.005,6.001,2.384,55,55,0.074532,6.014405,0.074532,6.014405,7.467,344.6,7.467,344.6,-1.986,1.986,-7.198,PD-64-0 (hermana),PD-64-1 (hermana)
ayora,11,33,TK 033-07,PD,PD-65,2TTx42,49,5.993,5.994,2.384,55,55,0.06457,0.642281,0.077773,5.438446,6.466,36.8,7.793,311.6,3.871,5.823,-5.179,PD-65-0 (hermana),PD-72-0
ayora,12,31,TK 031-08,PD,PD-66,2TTx56,51,6.005,6.001,2.384,55,55,0.019078,0.729548,0.014239,0.015708,1.908,41.8,1.424,0.9,1.271,-0.022,-1.423,PD-66-0 (hermana),PD-73-0
ayora,13,59,TK 059-09,PD,PD-67,2TTx28,54,4.121,1.854,2.384,55,55,0.044111,0.914553,0.028772,0.361283,4.414,52.4,2.878,20.7,3.497,-1.016,-2.693,PD-67-0 (hermana),PD-74-0
ayora,13,58,TK 058-09,PD,PD-68,2TTx56,54,4.121,1.854,2.384,55,55,0.058653,0.575959,0.049589,6.162758,5.872,33,4.963,353.1,3.195,0.593,-4.927,PD-63-1,PD-74-0
ayora,13,57,TK 057-09,PD,PD-69,2TTx56,54,4.121,1.854,2.384,55,55,0.077514,0.408407,0.07296,6.058038,7.767,23.4,7.309,347.1,3.09,1.626,-7.126,PD-64-1,PD-76-0
ayora,13,56,TK 056-09,PD,PD-70,2TTx42,54,4.121,1.854,2.384,55,55,0.069229,0.275762,0.06688,6.194174,6.934,15.8,6.698,354.9,1.89,0.595,-6.671,PD-64-1,PD-70-1 (hermana)
ayora,12,49,TK 049-08,PD,PD-71,2TTx56,53,1.893,4.121,2.384,55,55,0.029811,0.856957,0.019518,6.25526,2.982,49.1,1.952,358.4,2.255,0.055,-1.952,PD-71-0 (hermana),PD-77-0
ayora,11,34,TK 034-07,PD,PD-72,2TTx42,51,6.005,6.001,2.384,55,55,0.058264,6.031858,0.064351,5.78053,5.833,345.6,6.444,331.2,-1.455,3.102,-5.648,PD-72-0 (hermana),PD-78-0
ayora,12,32,TK 032-08,PD,PD-73,2TTx56,54,4.121,1.854,2.384,55,55,0.017148,0.715585,0.014609,0.481711,1.715,41,1.461,27.6,1.126,-0.677,-1.294,PD-73-0 (hermana),PD-79-0
ayora,13,62,TK 062-09,PD,PD-74,2TTx56,58,4.137,1.866,2.384,55,55,0.045459,0.499164,0.045459,0.499164,4.549,28.6,4.549,28.6,2.177,-2.177,-3.994,PD-74-0 (hermana),PD-74-1 (hermana)
ayora,13,61,TK 061-09,PD,PD-75,2TTx56,58,4.137,1.866,2.384,55,55,0.065446,0.111701,0.065636,6.14705,6.554,6.4,6.573,352.2,0.73,0.89,-6.513,PD-69-1,PD-81-0
ayora,13,60,TK 060-09,PD,PD-76,2TTx56,58,4.137,1.866,2.384,55,55,0.072761,0.043633,0.075317,6.017895,7.289,2.5,7.546,344.8,0.323,1.978,-7.282,PD-70-1,PD-83-0
ayora,12,50,TK 050-08,PD,PD-77,2TTx56,57,1.865,4.137,2.384,55,55,0.020117,0.675442,0.020117,0.675442,2.012,38.7,2.012,38.7,1.257,-1.257,-1.57,PD-77-0 (hermana),PD-77-1 (hermana)
ayora,11,35,TK 035-07,PD,PD-78,2TTx42,54,4.121,1.854,2.384,55,55,0.061692,5.757841,0.062927,5.72468,6.177,329.9,6.301,328,-3.102,3.341,-5.342,PD-72-1,PD-78-1 (hermana)
ayora,12,33,TK 033-08,PD,PD-79,2TTx56,58,4.137,1.866,2.384,55,55,0.015889,0.701622,0.015889,0.701622,1.589,40.2,1.589,40.2,1.025,-1.025,-1.215,PD-79-0 (hermana),PD-79-1 (hermana)
ayora,13,65,TK 065-09,PD,PD-80,2TTx56,62,4.123,1.887,2.384,55,55,0.054346,0.82205,0.0394,0.347321,5.44,47.1,3.942,19.9,3.983,-1.343,-3.706,PD-74-1,PD-80-1 (hermana)
ayora,13,64,TK 064-09,PD,PD-81,2TTx56,62,4.123,1.887,2.384,55,55,0.065845,0.057596,0.07113,5.890486,6.594,3.3,7.125,337.5,0.382,2.725,-6.583,PD-76-1,PD-81-1 (hermana)
ayora,10,84,TK 084-07,PD,PD-82,2TTx42,58,4.137,1.866,2.384,55,55,0.017948,0.699877,0.017388,0.66148,1.795,40.1,1.739,37.9,1.156,-1.068,-1.373,PD-82-0 (hermana),PD-89-0
ayora,13,63,TK 063-09,PD,PD-83,2TTx42,62,4.123,1.887,2.384,55,55,0.077057,6.052802,0.077057,6.052802,7.721,346.8,7.721,346.8,-1.761,1.761,-7.517,PD-83-0 (hermana),PD-83-1 (hermana)
ayora,12,51,TK 051-08,PD,PD-84,2TTx42,61,1.866,4.123,2.384,55,55,0.024435,0.778417,0.018848,0.39619,2.444,44.6,1.885,22.7,1.717,-0.728,-1.739,PD-77-1,PD-84-1 (hermana)
ayora,11,36,TK 036-07,PD,PD-85,2TTx42,58,4.137,1.866,2.384,55,55,0.051644,6.033603,0.061134,5.670575,5.169,345.7,6.121,324.9,-1.277,3.518,-5.009,PD-78-1,PD-85-1 (hermana)
ayora,12,34,TK 034-08,PD,PD-86,2TTx56,62,4.123,1.887,2.384,55,55,0.021896,0.993092,0.015469,0.685914,2.19,56.9,1.547,39.3,1.834,-0.98,-1.196,PD-79-1,PD-86-1 (hermana)
ayora,13,68,TK 068-09,PD,PD-87,2TTx56,66,4.087,1.923,2.384,55,55,0.045868,0.719076,0.045489,0.708604,4.59,41.2,4.552,40.6,3.021,-2.963,-3.455,PD-87-0 (hermana),PD-95-0
ayora,13,67,TK 067-09,PD,PD-88,2TTx56,66,4.087,1.923,2.384,55,55,0.066671,0.315905,0.067089,5.949827,6.677,18.1,6.719,340.9,2.07,2.2,-6.348,PD-81-1,PD-97-0
ayora,10,85,TK 085-07,PD,PD-89,2TTx42,62,4.123,1.887,2.384,55,55,0.017068,0.675442,0.016109,0.596903,1.707,38.7,1.611,34.2,1.068,-0.906,-1.332,PD-82-1,PD-89-1 (hermana)
ayora,13,66,TK 066-09,PD,PD-90,2TTx42,66,4.087,1.923,2.384,55,55,0.073716,6.276204,0.078498,5.932374,7.385,359.6,7.866,339.9,-0.054,2.71,-7.385,PD-90-0 (hermana),PD-98-0
ayora,12,52,TK 052-08,PD,PD-91,2TTx42,65,1.913,4.087,2.384,55,55,0.019787,0.904081,0.015239,0.640536,1.979,51.8,1.524,36.7,1.556,-0.91,-1.223,PD-84-1,PD-91-1 (hermana)
ayora,11,37,TK 037-07,PD,PD-92,2TTx42,62,4.123,1.887,2.384,55,55,0.056181,5.674065,0.065327,5.494296,5.624,325.1,6.542,314.8,-3.221,4.641,-4.611,PD-85-1,PD-100-0
ayora,11,1,TK 001-07,PD,PD-93,2TTx56,62,4.123,1.887,2.384,55,55,0.054885,5.665339,0.054885,5.665339,5.494,324.6,5.494,324.6,-3.18,3.18,-4.48,PD-93-0 (hermana),PD-93-1 (hermana)
ayora,12,35,TK 035-08,PD,PD-94,2TTx56,66,4.087,1.923,2.384,55,55,0.021737,0.916298,0.015149,0.509636,2.174,52.5,1.515,29.2,1.726,-0.739,-1.322,PD-94-0 (hermana),PD-103-0
ayora,13,71,TK 071-09,PD,PD-95,2TTx56,70,4.447,5.869,2.384,55,55,0.046067,0.698132,0.035295,0.003491,4.61,40,3.531,0.2,2.963,-0.015,-3.531,PD-87-1,PD-105-0
ayora,10,86,TK 086-07,PD,PD-96,2TTx42,66,4.087,1.923,2.384,55,55,0.019737,0.97913,0.019737,0.97913,1.974,56.1,1.974,56.1,1.639,-1.639,-1.1,PD-96-0 (hermana),PD-96-1 (hermana)
ayora,13,70,TK 070-09,PD,PD-97,2TTx56,70,4.447,5.869,2.384,55,55,0.067607,0.324631,0.066492,6.014405,6.771,18.6,6.659,344.6,2.159,1.773,-6.418,PD-97-0 (hermana),PD-107-0
ayora,13,69,TK 069-09,PD,PD-98,2TTx42,70,4.447,5.869,2.384,55,55,0.073666,6.263987,0.073666,6.263987,7.38,358.9,7.38,358.9,-0.146,0.146,-7.379,PD-98-0 (hermana),PD-98-1 (hermana)
ayora,12,53,TK 053-08,PD,PD-99,2TTx42,69,1.914,4.447,2.384,55,55,0.022726,0.991347,0.022726,0.991347,2.273,56.8,2.273,56.8,1.902,-1.902,-1.245,PD-99-0 (hermana),PD-99-1 (hermana)
ayora,11,38,TK 038-07,PD,PD-100,2TTx42,66,4.087,1.923,2.384,55,55,0.06452,5.482079,0.079969,5.307546,6.461,314.1,8.014,304.1,-4.641,6.635,-4.495,PD-92-1,PD-109-0
ayora,11,3,TK 003-07,PD,PD-101,2TTx56,66,4.087,1.923,2.384,55,55,0.05653,5.766568,0.06683,5.53793,5.659,330.4,6.693,317.3,-2.798,4.539,-4.919,PD-93-1,PD-110-0
ayora,11,2,TK 002-07,PD,PD-102,2TTx56,66,4.087,1.923,2.384,55,55,0.036903,6.058038,0.03889,5.893977,3.692,347.1,3.891,337.7,-0.825,1.479,-3.599,PD-102-0 (hermana),PD-110-0
ayora,12,36,TK 036-08,PD,PD-103,2TTx56,70,4.447,5.869,2.384,55,55,0.019048,0.654498,0.019048,0.654498,1.905,37.5,1.905,37.5,1.16,-1.16,-1.511,PD-103-0 (hermana),PD-103-1 (hermana)
ayora,13,74,TK 074-09,PD,PD-104,2TTx28,72,5.8,6.003,2.384,55,55,0.047345,0.727802,0.040188,5.787512,4.738,41.7,4.021,331.6,3.151,1.91,-3.538,PD-104-0 (hermana),PD-113-0
ayora,13,73,TK 073-09,PD,PD-105,2TTx56,72,5.8,6.003,2.384,55,55,0.057088,0.249582,0.056659,6.065019,5.715,14.3,5.672,347.5,1.408,1.226,-5.538,PD-105-0 (hermana),PD-113-0
ayora,10,87,TK 087-07,PD,PD-106,2TTx42,70,4.447,5.869,2.384,55,55,0.032529,1.183333,0.018388,0.839503,3.254,67.8,1.839,48.1,3.014,-1.37,-1.227,PD-96-1,PD-106-1 (hermana)
ayora,13,72,TK 072-09,PD,PD-107,2TTx56,72,5.8,6.003,2.384,55,55,0.071558,6.272713,0.071687,6.222099,7.168,359.4,7.181,356.5,-0.076,0.433,-7.168,PD-98-1,PD-107-1 (hermana)
ayora,10,66,TK 066-07,PD,PD-108,2TTx56,70,4.447,5.869,2.384,55,55,0.042115,0.431096,0.038721,0.153589,4.214,24.7,3.874,8.8,1.759,-0.592,-3.829,PD-108-0 (hermana),PD-117-0
ayora,11,39,TK 039-07,PD,PD-109,2TTx56,70,4.447,5.869,2.384,55,55,0.053708,5.609488,0.058404,5.51524,5.376,321.4,5.847,316,-3.351,4.064,-4.204,PD-109-0 (hermana),PD-118-0
ayora,11,5,TK 005-07,PD,PD-110,2TTx42,70,4.447,5.869,2.384,55,55,0.051425,5.991715,0.052213,5.944591,5.147,343.3,5.226,340.6,-1.479,1.737,-4.929,PD-102-1,PD-119-0
ayora,11,4,TK 004-07,PD,PD-111,2TTx56,70,4.447,5.869,2.384,55,55,0.027033,0.113446,0.027303,6.103416,2.704,6.5,2.731,349.7,0.306,0.489,-2.687,PD-102-1,PD-120-0
ayora,12,37,TK 037-08,PD,PD-112,2TTx42,72,5.8,6.003,2.384,55,55,0.022766,1.03149,0.015929,0.745256,2.277,59.1,1.593,42.7,1.953,-1.08,-1.171,PD-103-1,PD-112-1 (hermana)
ayora,13,77,TK 077-09,PD,PD-113,2TTx28,74,5.99,6.004,2.384,55,55,0.034436,0.39968,0.034436,0.39968,3.445,22.9,3.445,22.9,1.341,-1.341,-3.173,PD-113-0 (hermana),PD-113-1 (hermana)
ayora,10,88,TK 088-07,PD,PD-114,2TTx42,72,5.8,6.003,2.384,55,55,0.025005,0.893609,0.023865,0.853466,2.501,51.2,2.387,48.9,1.948,-1.8,-1.568,PD-114-0 (hermana),PD-124-0
ayora,13,76,TK 076-09,PD,PD-115,2TTx56,74,5.99,6.004,2.384,55,55,0.065616,0.286234,0.062947,0.001745,6.571,16.4,6.303,0.1,1.857,-0.006,-6.303,PD-107-1,PD-125-0
ayora,13,75,TK 075-09,PD,PD-116,2TTx42,74,5.99,6.004,2.384,55,55,0.070294,0.202458,0.068891,0.027925,7.041,11.6,6.9,1.6,1.417,-0.192,-6.897,PD-116-0 (hermana),PD-128-0
ayora,10,67,TK 067-07,PD,PD-117,2TTx56,72,5.8,6.003,2.384,55,55,0.040089,0.148353,0.039699,0.047124,4.011,8.5,3.972,2.7,0.592,-0.188,-3.967,PD-108-1,PD-117-1 (hermana)
ayora,11,40,TK 040-07,PD,PD-118,2TTx56,72,5.8,6.003,2.384,55,55,0.04923,5.710717,0.051714,5.640904,4.927,327.2,5.176,323.2,-2.667,3.103,-4.143,PD-118-0 (hermana),PD-130-0
ayora,11,7,TK 007-07,PD,PD-119,2TTx42,72,5.8,6.003,2.384,55,55,0.052751,5.948082,0.052761,5.948082,5.28,340.8,5.281,340.8,-1.737,1.739,-4.986,PD-110-1,PD-119-1 (hermana)
ayora,11,6,TK 006-07,PD,PD-120,2TTx56,72,5.8,6.003,2.384,55,55,0.0313,6.174975,0.032089,6.035349,3.131,353.8,3.21,345.8,-0.34,0.786,-3.112,PD-120-0 (hermana),PD-132-0
ayora,12,38,TK 038-08,PD,PD-121,2TTx42,74,5.99,6.004,2.384,55,55,0.020977,1.071632,0.01008,6.188938,2.098,61.4,1.008,354.6,1.843,0.095,-1.004,PD-112-1,PD-121-1 (hermana)
ayora,12,1,TK 001-08,PD,PD-122,2TTx28,74,5.99,6.004,2.384,55,55,0.025015,0.406662,0.023296,0.165806,2.502,23.3,2.33,9.5,0.991,-0.386,-2.298,PD-122-0 (hermana),PD-135-0
ayora,13,80,TK 080-09,PD,PD-123,2TTx28,76,5.886,5.726,2.384,55,55,0.070344,1.197296,0.025674,6.25526,7.046,68.6,2.568,358.4,6.562,0.07,-2.567,PD-113-1,PD-136-0
ayora,10,89,TK 089-07,PD,PD-124,2TTx42,74,5.99,6.004,2.384,55,55,0.024205,0.837758,0.016698,0.247837,2.421,48,1.67,14.2,1.8,-0.41,-1.618,PD-114-1,PD-124-1 (hermana)
ayora,13,79,TK 079-09,PD,PD-125,2TTx56,76,5.886,5.726,2.384,55,55,0.067199,0.3735,0.062568,6.269223,6.73,21.4,6.265,359.2,2.459,0.092,-6.265,PD-125-0 (hermana),PD-138-0
ayora,15,37,TK 037-010,PD,PD-126,2TTx56,70,4.447,5.869,2.384,55,55,0.022756,5.682792,0.022756,5.682792,2.276,325.6,2.276,325.6,-1.287,1.287,-1.877,PD-126-0 (hermana),PD-126-1 (hermana)
ayora,10,68,TK 068-07,PD,PD-127,2TTx56,74,5.99,6.004,2.384,55,55,0.054835,0.916298,0.033537,6.185447,5.489,52.5,3.355,354.4,4.357,0.326,-3.339,PD-117-1,PD-127-1 (hermana)
ayora,13,78,TK 078-09,PD,PD-128,2TTx42,76,5.886,5.726,2.384,55,55,0.064939,0.181514,0.068632,5.90794,6.503,10.4,6.874,338.5,1.178,2.521,-6.395,PD-128-0 (hermana),PD-138-0
ayora,15,36,TK 036-10,PD,PD-129,2TTx56,70,4.447,5.869,2.384,55,55,0.031609,5.597271,0.031609,5.597271,3.162,320.7,3.162,320.7,-2.002,2.002,-2.448,PD-129-0 (hermana),PD-129-1 (hermana)
ayora,11,42,TK 042-07,PD,PD-130,2TTx42,74,5.99,6.004,2.384,55,55,0.042984,5.811946,0.043562,5.785766,4.301,333,4.359,331.5,-1.953,2.077,-3.832,PD-130-0 (hermana),PD-142-0
ayora,11,41,TK 041-07,PD,PD-131,2TTx28,74,5.99,6.004,2.384,55,55,0.046576,5.663593,0.054177,5.487315,4.661,324.5,5.423,314.4,-2.707,3.873,-3.795,PD-118-1,PD-131-1 (hermana)
ayora,11,9,TK 009-07,PD,PD-132,2TTx56,74,5.99,6.004,2.384,55,55,0.050367,6.126106,0.057626,5.754351,5.041,351,5.769,329.7,-0.786,2.912,-4.98,PD-120-1,PD-132-1 (hermana)
ayora,12,39,TK 039-08,PD,PD-133,2TTx42,76,5.886,5.726,2.384,55,55,0.018278,0.736529,0.015219,0.471239,1.828,42.2,1.522,27,1.227,-0.692,-1.355,PD-133-0 (hermana),PD-147-0
ayora,11,8,TK 008-07,PD,PD-134,2TTx56,74,5.99,6.004,2.384,55,55,0.027073,0.148353,0.026874,0.089012,2.708,8.5,2.688,5.1,0.401,-0.239,-2.678,PD-134-0 (hermana),PD-146-0
ayora,12,2,TK 002-08,PD,PD-135,2TTx28,76,5.886,5.726,2.384,55,55,0.023536,0.164061,0.027083,5.742133,2.354,9.4,2.709,329,0.386,1.397,-2.322,PD-122-1,PD-149-0
ayora,13,82,TK 082-09,PD,PD-136,2TTx56,78,5.978,5.948,2.384,55,55,0.057756,0.555015,0.057756,0.555015,5.782,31.8,5.782,31.8,3.047,-3.047,-4.915,PD-136-0 (hermana),PD-136-1 (hermana)
ayora,15,39,TK 039-010,PD,PD-137,2TTx56,72,5.8,6.003,2.384,55,55,0.018748,5.852089,0.023426,5.527458,1.875,335.3,2.343,316.7,-0.783,1.608,-1.704,PD-126-1,PD-137-1 (hermana)
ayora,13,81,TK 081-09,PD,PD-138,2TTx56,78,5.978,5.948,2.384,55,55,0.064222,0.15708,0.064222,0.15708,6.431,9,6.431,9,1.008,-1.008,-6.351,PD-138-0 (hermana),PD-138-1 (hermana)
ayora,10,69,TK 069-07,PD,PD-139,2TTx56,76,5.886,5.726,2.384,55,55,0.037283,0.666716,0.041456,5.497787,3.73,38.2,4.148,315,2.306,2.935,-2.931,PD-127-1,PD-153-0
ayora,15,38,TK 038-010,PD,PD-140,2TTx56,72,5.8,6.003,2.384,55,55,0.026624,5.948082,0.047185,5.274385,2.663,340.8,4.722,302.2,-0.875,3.996,-2.515,PD-129-1,PD-154-0
ayora,15,2,TK 002-010,PD,PD-141,2TTx56,72,5.8,6.003,2.384,55,55,0.023246,0.666716,0.018658,0.204204,2.325,38.2,1.866,11.7,1.438,-0.379,-1.827,PD-141-0 (hermana),PD-155-0
ayora,11,44,TK 044-07,PD,PD-142,2TTx28,76,5.886,5.726,2.384,55,55,0.034257,5.853834,0.034257,5.853834,3.427,335.4,3.427,335.4,-1.425,1.425,-3.117,PD-142-0 (hermana),PD-142-1 (hermana)
ayora,15,1,TK 001-010,PD,PD-143,2TTx56,72,5.8,6.003,2.384,55,55,0.027503,0.476475,0.024865,0.18326,2.751,27.3,2.487,10.5,1.26,-0.455,-2.445,PD-143-0 (hermana),PD-157-0
ayora,11,43,TK 043-07,PD,PD-144,2TTx28,76,5.886,5.726,2.384,55,55,0.040658,6.15054,0.044301,5.85558,4.068,352.4,4.433,335.5,-0.54,1.842,-4.032,PD-131-1,PD-144-1 (hermana)
ayora,11,12,TK 012-07,PD,PD-145,2TTx56,76,5.886,5.726,2.384,55,55,0.058134,5.993461,0.058134,5.993461,5.82,343.4,5.82,343.4,-1.66,1.66,-5.578,PD-145-0 (hermana),PD-145-1 (hermana)
ayora,11,11,TK 011-07,PD,PD-146,2TTx56,76,5.886,5.726,2.384,55,55,0.050337,0.047124,0.054107,5.904449,5.038,2.7,5.416,338.3,0.239,2.003,-5.032,PD-134-1,PD-160-0
ayora,12,40,TK 040-08,PD,PD-147,2TTx42,78,5.978,5.948,2.384,55,55,0.024005,0.961676,0.015699,0.506145,2.401,55.1,1.57,29,1.969,-0.761,-1.373,PD-147-0 (hermana),PD-161-0
ayora,11,10,TK 010-07,PD,PD-148,2TTx56,76,5.886,5.726,2.384,55,55,0.026504,0.401426,0.024405,0.022689,2.651,23,2.441,1.3,1.036,-0.056,-2.44,PD-134-1,PD-162-0
ayora,12,3,TK 003-08,PD,PD-149,2TTx56,78,5.978,5.948,2.384,55,55,0.018988,0.178024,0.018988,0.178024,1.899,10.2,1.899,10.2,0.336,-0.336,-1.869,PD-149-0 (hermana),PD-149-1 (hermana)
ayora,13,84,TK 084-09,PD,PD-150,2TTx56,80,5.828,6.056,2.384,55,55,0.061652,0.565487,0.054027,6.012659,6.173,32.4,5.408,344.5,3.308,1.441,-5.212,PD-138-1,PD-164-0
ayora,15,41,TK 041-010,PD,PD-151,2TTx56,74,5.99,6.004,2.384,55,55,0.020447,1.03149,0.020447,1.03149,2.045,59.1,2.045,59.1,1.756,-1.756,-1.049,PD-151-0 (hermana),PD-151-1 (hermana)
ayora,13,83,TK 083-09,PD,PD-152,2TTx42,80,5.828,6.056,2.384,55,55,0.061203,0.246091,0.061064,0.237365,6.128,14.1,6.114,13.6,1.493,-1.434,-5.943,PD-138-1,PD-152-1 (hermana)
ayora,10,70,TK 070-07,PD,PD-153,2TTx28,78,5.978,5.948,2.384,55,55,0.036194,0.518363,0.036194,0.518363,3.621,29.7,3.621,29.7,1.795,-1.795,-3.145,PD-153-0 (hermana),PD-153-1 (hermana)
ayora,15,40,TK 040-010,PD,PD-154,2TTx56,74,5.99,6.004,2.384,55,55,0.025494,0.127409,0.025494,0.127409,2.55,7.3,2.55,7.3,0.324,-0.324,-2.529,PD-154-0 (hermana),PD-154-1 (hermana)
ayora,15,4,TK 004-010,PD,PD-155,2TTx56,74,5.99,6.004,2.384,55,55,0.020037,0.190241,0.021067,5.916666,2.004,10.9,2.107,339,0.379,0.755,-1.967,PD-141-1,PD-155-1 (hermana)
ayora,11,46,TK 046-07,PD,PD-156,2TTx28,78,5.978,5.948,2.384,55,55,0.036294,6.28144,0.036294,6.28144,3.631,359.9,3.631,359.9,-0.004,0.004,-3.631,PD-156-0 (hermana),PD-156-1 (hermana)
ayora,15,3,TK 003-010,PD,PD-157,2TTx56,74,5.99,6.004,2.384,55,55,0.025714,0.235619,0.025714,0.235619,2.572,13.5,2.572,13.5,0.601,-0.601,-2.501,PD-157-0 (hermana),PD-157-1 (hermana)
ayora,11,45,TK 045-07,PD,PD-158,2TTx28,78,5.978,5.948,2.384,55,55,0.043203,6.180211,0.045568,5.944591,4.323,354.1,4.56,340.6,-0.446,1.518,-4.3,PD-144-1,PD-158-1 (hermana)
ayora,11,15,TK 015-07,PD,PD-159,2TTx56,78,5.978,5.948,2.384,55,55,0.055443,6.092944,0.060815,5.820673,5.55,349.1,6.089,333.5,-1.048,2.716,-5.45,PD-159-0 (hermana),PD-170-0
ayora,11,14,TK 014-07,PD,PD-160,2TTx56,78,5.978,5.948,2.384,55,55,0.051036,6.148795,0.051375,6.106907,5.108,352.3,5.142,349.9,-0.681,0.902,-5.063,PD-160-0 (hermana),PD-171-0
ayora,12,41,TK 041-08,PD,PD-161,2TTx42,80,5.828,6.056,2.384,55,55,0.017278,0.455531,0.015759,0.176278,1.728,26.1,1.576,10.1,0.761,-0.276,-1.551,PD-147-1,PD-161-1 (hermana)
ayora,11,13,TK 013-07,PD,PD-162,2TTx56,78,5.978,5.948,2.384,55,55,0.028622,0.019199,0.029951,5.982989,2.863,1.1,2.996,342.8,0.056,0.884,-2.863,PD-148-1,PD-162-1 (hermana)
ayora,12,4,TK 004-08,PD,PD-163,2TTx56,80,5.828,6.056,2.384,55,55,0.03915,1.085595,0.020307,0.450295,3.917,62.2,2.031,25.8,3.464,-0.885,-1.828,PD-149-1,PD-173-0
ayora,13,86,TK 086-09,PD,PD-164,2TTx28,82,5.917,6.003,2.384,55,55,0.053878,0.546288,0.053878,0.546288,5.393,31.3,5.393,31.3,2.803,-2.803,-4.607,PD-164-0 (hermana),PD-164-1 (hermana)
ayora,15,42,TK 042-010,PD,PD-165,2TTx56,76,5.886,5.726,2.384,55,55,0.055413,1.413717,0.03095,1.286308,5.547,81,3.096,73.7,5.478,-2.972,-0.869,PD-151-1,PD-165-1 (hermana)
ayora,13,85,TK 085-09,PD,PD-166,2TTx56,82,5.917,6.003,2.384,55,55,0.065337,0.3735,0.061871,6.099926,6.543,21.4,6.195,349.5,2.39,1.131,-6.091,PD-152-1,PD-166-1 (hermana)
ayora,15,6,TK 006-010,PD,PD-167,2TTx56,76,5.886,5.726,2.384,55,55,0.023206,6.127851,0.028302,5.656612,2.321,351.1,2.831,324.1,-0.361,1.66,-2.293,PD-155-1,PD-167-1 (hermana)
ayora,15,5,TK 005-010,PD,PD-168,2TTx56,76,5.886,5.726,2.384,55,55,0.03155,0.471239,0.028153,0.050615,3.156,27,2.816,2.9,1.43,-0.144,-2.813,PD-157-1,PD-168-1 (hermana)
ayora,11,47,TK 047-07,PD,PD-169,2TTx28,80,5.828,6.056,2.384,55,55,0.039909,0.066323,0.039909,0.066323,3.993,3.8,3.993,3.8,0.265,-0.265,-3.984,PD-169-0 (hermana),PD-169-1 (hermana)
ayora,11,18,TK 018-07,PD,PD-170,2TTx56,80,5.828,6.056,2.384,55,55,0.054317,6.155776,0.054317,6.155776,5.437,352.7,5.437,352.7,-0.694,0.694,-5.393,PD-170-0 (hermana),PD-170-1 (hermana)
ayora,11,17,TK 017-07,PD,PD-171,2TTx56,80,5.828,6.056,2.384,55,55,0.051784,6.108652,0.054177,5.93761,5.183,350,5.423,340.2,-0.902,1.834,-5.104,PD-160-1,PD-171-1 (hermana)
ayora,11,16,TK 016-07,PD,PD-172,2TTx56,80,5.828,6.056,2.384,55,55,0.03116,0.178024,0.03069,6.244788,3.117,10.2,3.07,357.8,0.55,0.117,-3.068,PD-162-1,PD-172-1 (hermana)
ayora,12,5,TK 005-08,PD,PD-173,2TTx56,82,5.917,6.003,2.384,55,55,0.022656,0.787143,0.017638,0.436332,2.266,45.1,1.764,25,1.606,-0.745,-1.599,PD-173-0 (hermana),PD-187-0
ayora,10,90,TK 090-07,PD,PD-174,2TTx42,82,5.917,6.003,2.384,55,55,0.035575,0.431096,0.032688,6.133087,3.559,24.7,3.27,351.4,1.489,0.491,-3.233,PD-174-0 (hermana),PD-188-0
ayora,13,88,TK 088-09,PD,PD-175,2TTx28,84,6.07,6.005,2.384,55,55,0.058962,0.802851,0.058962,0.802851,5.903,46,5.903,46,4.243,-4.243,-4.104,PD-175-0 (hermana),PD-175-1 (hermana)
ayora,15,43,TK 043-010,PD,PD-176,2TTx56,78,5.978,5.948,2.384,55,55,0.059161,1.497492,0.059161,1.497492,5.923,85.8,5.923,85.8,5.908,-5.908,-0.43,PD-176-0 (hermana),PD-176-1 (hermana)
ayora,13,87,TK 087-09,PD,PD-177,2TTx56,84,6.07,6.005,2.384,55,55,0.062688,0.321141,0.062688,0.321141,6.277,18.4,6.277,18.4,1.977,-1.977,-5.958,PD-177-0 (hermana),PD-177-1 (hermana)
ayora,15,8,TK 008-010,PD,PD-178,2TTx56,78,5.978,5.948,2.384,55,55,0.029092,0.663225,0.029092,0.663225,2.91,38,2.91,38,1.79,-1.79,-2.295,PD-178-0 (hermana),PD-178-1 (hermana)
ayora,15,7,TK 007-010,PD,PD-179,2TTx56,78,5.978,5.948,2.384,55,55,0.033418,0.338594,0.033418,0.338594,3.343,19.4,3.343,19.4,1.11,-1.11,-3.153,PD-179-0 (hermana),PD-179-1 (hermana)
ayora,16,25,TK 025-011,PD,PD-180,2TTx56,77,5.726,5.978,2.384,55,55,0.032688,2.926917,0.032129,3.251548,3.27,167.7,3.214,186.3,0.695,0.353,3.195,PD-180-0 (hermana),PD-195-0
ayora,16,24,TK 024-011,PD,PD-181,2TTx42,77,5.726,5.978,2.384,55,55,0.033118,2.719223,0.030371,3.036873,3.313,155.8,3.038,174,1.358,-0.317,3.022,PD-181-0 (hermana),PD-197-0
ayora,11,21,TK 021-07,PD,PD-182,2TTx56,82,5.917,6.003,2.384,55,55,0.050916,6.250024,0.052921,6.005678,5.096,358.1,5.297,344.1,-0.166,1.456,-5.093,PD-170-1,PD-198-0
ayora,16,2,TK 002-011,PD,PD-183,2TTx56,77,5.726,5.978,2.384,55,55,0.032558,2.719223,0.029761,3.07527,3.257,155.8,2.977,176.2,1.337,-0.199,2.97,PD-183-0 (hermana),PD-199-0
ayora,11,20,TK 020-07,PD,PD-184,2TTx56,82,5.917,6.003,2.384,55,55,0.052432,5.98997,0.05317,5.946337,5.248,343.2,5.322,340.7,-1.515,1.755,-5.025,PD-171-1,PD-200-0
ayora,16,1,TK 001-011,PD,PD-185,2TTx28,77,5.726,5.978,2.384,55,55,0.025694,3.157301,0.025694,3.157301,2.57,180.9,2.57,180.9,-0.038,0.038,2.57,PD-185-0 (hermana),PD-185-1 (hermana)
ayora,11,19,TK 019-07,PD,PD-186,2TTx56,82,5.917,6.003,2.384,55,55,0.033458,0.083776,0.033408,6.222099,3.347,4.8,3.342,356.5,0.28,0.207,-3.335,PD-172-1,PD-186-1 (hermana)
ayora,12,6,TK 006-08,PD,PD-187,2TTx56,84,6.07,6.005,2.384,55,55,0.019378,0.60912,0.018438,0.532325,1.938,34.9,1.844,30.5,1.11,-0.936,-1.589,PD-187-0 (hermana),PD-204-0
ayora,10,91,TK 091-07,PD,PD-188,2TTx42,84,6.07,6.005,2.384,55,55,0.030181,0.39968,0.028602,0.237365,3.019,22.9,2.861,13.6,1.176,-0.672,-2.781,PD-188-0 (hermana),PD-205-0
ayora,13,90,TK 090-09,PD,PD-189,2TTx28,86,6.044,6,2.384,55,55,0.07819,0.921534,0.051644,0.413643,7.835,52.8,5.169,23.7,6.243,-2.077,-4.734,PD-177-1,PD-206-0
ayora,13,89,TK 089-09,PD,PD-190,2TTx42,86,6.044,6,2.384,55,55,0.055274,0.376991,0.053878,0.303687,5.533,21.6,5.393,17.4,2.035,-1.617,-5.145,PD-177-1,PD-190-1 (hermana)
ayora,10,71,TK 071-07,PD,PD-191,2TTx42,84,6.07,6.005,2.384,55,55,0.029232,0.986111,0.029232,0.986111,2.924,56.5,2.924,56.5,2.44,-2.44,-1.612,PD-191-0 (hermana),PD-191-1 (hermana)
ayora,15,10,TK 010-010,PD,PD-192,2TTx56,80,5.828,6.056,2.384,55,55,0.030341,0.764454,0.023786,5.880014,3.035,43.8,2.379,336.9,2.103,0.932,-2.189,PD-178-1,PD-209-0
ayora,11,49,TK 049-07,PD,PD-193,2TTx56,84,6.07,6.005,2.384,55,55,0.034526,0.123918,0.034526,0.123918,3.454,7.1,3.454,7.1,0.429,-0.429,-3.427,PD-193-0 (hermana),PD-193-1 (hermana)
ayora,15,9,TK 009-010,PD,PD-194,2TTx56,80,5.828,6.056,2.384,55,55,0.031789,0.417134,0.03105,0.359538,3.18,23.9,3.106,20.6,1.29,-1.095,-2.907,PD-179-1,PD-194-1 (hermana)
ayora,16,27,TK 027-011,PD,PD-195,2TTx56,79,5.948,5.828,2.384,55,55,0.030031,3.118903,0.030031,3.118903,3.004,178.7,3.004,178.7,0.069,-0.069,3.003,PD-195-0 (hermana),PD-195-1 (hermana)
ayora,11,48,TK 048-07,PD,PD-196,2TTx28,84,6.07,6.005,2.384,55,55,0.037862,6.237807,0.037862,6.237807,3.788,357.4,3.788,357.4,-0.175,0.175,-3.784,PD-196-0 (hermana),PD-196-1 (hermana)
ayora,16,26,TK 026-011,PD,PD-197,2TTx42,79,5.948,5.828,2.384,55,55,0.03111,2.797763,0.03111,2.797763,3.112,160.3,3.112,160.3,1.051,-1.051,2.929,PD-197-0 (hermana),PD-197-1 (hermana)
ayora,11,23,TK 023-07,PD,PD-198,2TTx56,84,6.07,6.005,2.384,55,55,0.050916,6.197664,0.052921,5.993461,5.096,355.1,5.297,343.4,-0.437,1.509,-5.077,PD-198-0 (hermana),PD-216-0
ayora,16,5,TK 005-011,PD,PD-199,2TTx56,79,5.948,5.828,2.384,55,55,0.029302,3.073525,0.035615,3.748967,2.931,176.1,3.563,214.8,0.199,2.036,2.924,PD-183-1,PD-199-1 (hermana)
ayora,11,22,TK 022-07,PD,PD-200,2TTx56,84,6.07,6.005,2.384,55,55,0.050178,6.119124,0.057736,5.742133,5.022,350.6,5.78,329,-0.823,2.978,-4.954,PD-200-0 (hermana),PD-216-0
ayora,12,42,TK 042-08,PD,PD-201,2TTx28,86,6.044,6,2.384,55,55,0.014419,0.10472,0.014419,0.10472,1.442,6,1.442,6,0.15,-0.15,-1.435,PD-201-0 (hermana),PD-201-1 (hermana)
ayora,16,4,TK 004-011,PD,PD-202,2TTx56,79,5.948,5.828,2.384,55,55,0.027843,2.961824,0.027453,3.077015,2.785,169.7,2.746,176.3,0.498,-0.179,2.741,PD-202-0 (hermana),PD-218-0
ayora,16,3,TK 003-011,PD,PD-203,2TTx56,79,5.948,5.828,2.384,55,55,0.029911,2.713987,0.027303,3.221878,2.992,155.5,2.731,184.6,1.242,0.219,2.722,PD-203-0 (hermana),PD-219-0
ayora,12,7,TK 007-08,PD,PD-204,2TTx56,86,6.044,6,2.384,55,55,0.018458,0.605629,0.015519,0.21293,1.846,34.7,1.552,12.2,1.051,-0.327,-1.517,PD-204-0 (hermana),PD-220-0
ayora,10,92,TK 092-07,PD,PD-205,2TTx28,86,6.044,6,2.384,55,55,0.029741,0.228638,0.029082,0.085521,2.975,13.1,2.909,4.9,0.672,-0.247,-2.898,PD-188-1,PD-221-0
ayora,13,91,TK 091-09,PD,PD-206,2TTx56,88,5.933,6.006,2.384,55,55,0.062688,0.575959,0.052911,0.10821,6.277,33,5.296,6.2,3.418,-0.573,-5.265,PD-190-1,PD-223-0
ayora,10,72,TK 072-07,PD,PD-207,2TTx42,86,6.044,6,2.384,55,55,0.03885,1.027999,0.024975,0.637045,3.887,58.9,2.498,36.5,3.328,-1.486,-2.008,PD-191-1,PD-222-0
ayora,15,13,TK 013-010,PD,PD-208,2TTx56,82,5.917,6.003,2.384,55,55,0.023346,0.816814,0.016978,0.34383,2.335,46.8,1.698,19.7,1.702,-0.573,-1.598,PD-192-1,PD-224-0
ayora,15,12,TK 012-010,PD,PD-209,2TTx56,82,5.917,6.003,2.384,55,55,0.032898,0.389208,0.03144,0.253073,3.291,22.3,3.145,14.5,1.249,-0.786,-3.045,PD-194-1,PD-225-0
ayora,11,51,TK 051-07,PD,PD-210,2TTx56,86,6.044,6,2.384,55,55,0.036793,0.575959,0.03088,6.279695,3.681,33,3.089,359.8,2.003,0.009,-3.089,PD-193-1,PD-210-1 (hermana)
ayora,11,50,TK 050-07,PD,PD-211,2TTx28,86,6.044,6,2.384,55,55,0.03883,0.242601,0.038052,0.137881,3.885,13.9,3.807,7.9,0.935,-0.524,-3.771,PD-196-1,PD-211-1 (hermana)
ayora,15,11,TK 011-010,PD,PD-212,2TTx56,82,5.917,6.003,2.384,55,55,0.03144,0.459022,0.03144,0.459022,3.145,26.3,3.145,26.3,1.395,-1.395,-2.819,PD-212-0 (hermana),PD-212-1 (hermana)
ayora,16,28,TK 028-011,PD,PD-213,2TTx28,81,6.056,5.917,2.384,55,55,0.039959,2.457424,0.032778,3.474951,3.998,140.8,3.279,199.1,2.528,1.075,3.098,PD-197-1,PD-229-0
ayora,11,25,TK 025-07,PD,PD-214,2TTx42,86,6.044,6,2.384,55,55,0.047155,6.215117,0.047155,6.215117,4.719,356.1,4.719,356.1,-0.322,0.322,-4.708,PD-214-0 (hermana),PD-214-1 (hermana)
ayora,16,8,TK 008-011,PD,PD-215,2TTx56,81,6.056,5.917,2.384,55,55,0.040168,2.419026,0.034057,3.625049,4.019,138.6,3.407,207.7,2.657,1.586,3.015,PD-199-1,PD-231-0
ayora,11,24,TK 024-07,PD,PD-216,2TTx56,86,6.044,6,2.384,55,55,0.049021,6.145304,0.054945,5.796238,4.906,352.1,5.5,332.1,-0.676,2.577,-4.859,PD-216-0 (hermana),PD-230-0
ayora,12,43,TK 043-08,PD,PD-217,2TTx28,88,5.933,6.006,2.384,55,55,0.014709,0.785398,0.01052,0.151844,1.471,45,1.052,8.7,1.04,-0.159,-1.04,PD-201-1,PD-217-1 (hermana)
ayora,16,7,TK 007-011,PD,PD-218,2TTx56,81,6.056,5.917,2.384,55,55,0.029122,3.080506,0.029062,3.15381,2.913,176.5,2.907,180.7,0.179,0.035,2.907,PD-202-1,PD-232-0
ayora,16,6,TK 006-011,PD,PD-219,2TTx56,81,6.056,5.917,2.384,55,55,0.026504,2.933898,0.026504,2.933898,2.651,168.1,2.651,168.1,0.549,-0.549,2.594,PD-219-0 (hermana),PD-219-1 (hermana)
ayora,12,8,TK 008-08,PD,PD-220,2TTx56,88,5.933,6.006,2.384,55,55,0.013459,0.246091,0.014839,5.787512,1.346,14.1,1.484,331.6,0.327,0.705,-1.306,PD-204-1,PD-220-1 (hermana)
ayora,10,93,TK 093-07,PD,PD-221,2TTx28,88,5.933,6.006,2.384,55,55,0.03156,0.07854,0.031709,6.159267,3.157,4.5,3.172,352.9,0.247,0.393,-3.147,PD-205-1,PD-221-1 (hermana)
ayora,10,73,TK 073-07,PD,PD-222,2TTx42,88,5.933,6.006,2.384,55,55,0.036594,0.865683,0.027913,0.555015,3.661,49.6,2.792,31.8,2.788,-1.472,-2.372,PD-222-0 (hermana),PD-237-0
ayora,13,92,TK 092-09,PD,PD-223,2TTx42,91,3.329,2.679,2.384,55,55,0.059829,0.467748,0.059181,0.445059,5.99,26.8,5.925,25.5,2.704,-2.555,-5.345,PD-223-0 (hermana),PD-238-0
ayora,15,16,TK 016-010,PD,PD-224,2TTx56,84,6.07,6.005,2.384,55,55,0.021577,0.675442,0.020447,0.603884,2.158,38.7,2.045,34.6,1.349,-1.16,-1.684,PD-224-0 (hermana),PD-239-0
ayora,15,15,TK 015-010,PD,PD-225,2TTx56,84,6.07,6.005,2.384,55,55,0.031679,0.363028,0.029621,0.015708,3.169,20.8,2.963,0.9,1.124,-0.046,-2.963,PD-225-0 (hermana),PD-240-0
ayora,11,53,TK 053-07,PD,PD-226,2TTx56,88,5.933,6.006,2.384,55,55,0.048901,0.959931,0.033867,0.595157,4.894,55,3.388,34.1,4.01,-1.899,-2.805,PD-210-1,PD-226-1 (hermana)
ayora,11,52,TK 052-07,PD,PD-227,2TTx28,88,5.933,6.006,2.384,55,55,0.040029,0.429351,0.037133,0.200713,4.005,24.6,3.715,11.5,1.667,-0.739,-3.641,PD-227-0 (hermana),PD-242-0
ayora,15,14,TK 014-010,PD,PD-228,2TTx56,84,6.07,6.005,2.384,55,55,0.041796,0.750492,0.03058,0.005236,4.182,43,3.059,0.3,2.851,-0.015,-3.059,PD-228-0 (hermana),PD-243-0
ayora,16,29,TK 029-011,PD,PD-229,2TTx28,83,6.003,6.07,2.384,55,55,0.027703,3.244567,0.027703,3.244567,2.771,185.9,2.771,185.9,-0.283,0.283,2.757,PD-229-0 (hermana),PD-229-1 (hermana)
ayora,11,26,TK 026-07,PD,PD-230,2TTx56,88,5.933,6.006,2.384,55,55,0.046467,0.123918,0.049609,5.904449,4.65,7.1,4.965,338.3,0.578,1.835,-4.614,PD-214-1,PD-230-1 (hermana)
ayora,16,11,TK 011-011,PD,PD-231,2TTx42,83,6.003,6.07,2.384,55,55,0.03065,3.220132,0.03065,3.220132,3.066,184.5,3.066,184.5,-0.241,0.241,3.057,PD-231-0 (hermana),PD-231-1 (hermana)
ayora,16,10,TK 010-011,PD,PD-232,2TTx56,83,6.003,6.07,2.384,55,55,0.029451,2.984513,0.030411,3.436553,2.946,171,3.042,196.9,0.46,0.885,2.91,PD-215-1,PD-232-1 (hermana)
ayora,12,44,TK 044-08,PD,PD-233,2TTx28,91,3.329,2.679,2.384,55,55,0.017508,1.064651,0.01048,0.628319,1.751,61,1.048,36,1.531,-0.615,-0.848,PD-217-1,PD-233-1 (hermana)
ayora,12,9,TK 009-08,PD,PD-234,2TTx28,91,3.329,2.679,2.384,55,55,0.028292,0.701622,0.022496,6.002187,2.83,40.2,2.25,343.9,1.827,0.626,-2.162,PD-220-1,PD-234-1 (hermana)
ayora,16,9,TK 009-011,PD,PD-235,2TTx56,83,6.003,6.07,2.384,55,55,0.027463,2.769838,0.027013,3.469715,2.747,158.7,2.702,198.8,0.999,0.869,2.559,PD-218-1,PD-251-0
ayora,10,94,TK 094-07,PD,PD-236,2TTx28,91,3.329,2.679,2.384,55,55,0.03142,0.481711,0.027983,0.094248,3.143,27.6,2.799,5.4,1.454,-0.261,-2.787,PD-221-1,PD-236-1 (hermana)
ayora,10,74,TK 074-07,PD,PD-237,2TTx42,91,3.329,2.679,2.384,55,55,0.03112,0.492183,0.029292,0.357792,3.113,28.2,2.93,20.5,1.472,-1.028,-2.743,PD-222-1,PD-237-1 (hermana)
ayora,13,93,TK 093-09,PD,PD-238,2TTx28,95,3.335,2.661,2.384,55,55,0.061104,0.5044,0.061104,0.5044,6.118,28.9,6.118,28.9,2.954,-2.954,-5.357,PD-238-0 (hermana),PD-238-1 (hermana)
ayora,15,19,TK 019-010,PD,PD-239,2TTx56,86,6.044,6,2.384,55,55,0.020947,0.586431,0.020267,0.534071,2.095,33.6,2.027,30.6,1.16,-1.032,-1.745,PD-224-1,PD-239-1 (hermana)
ayora,15,18,TK 018-010,PD,PD-240,2TTx56,86,6.044,6,2.384,55,55,0.027893,0.254818,0.027893,0.254818,2.79,14.6,2.79,14.6,0.704,-0.704,-2.7,PD-240-0 (hermana),PD-240-1 (hermana)
ayora,11,55,TK 055-07,PD,PD-241,2TTx56,91,3.329,2.679,2.384,55,55,0.035006,0.685914,0.030321,0.466003,3.502,39.3,3.033,26.7,2.219,-1.363,-2.71,PD-226-1,PD-241-1 (hermana)
ayora,11,54,TK 054-07,PD,PD-242,2TTx28,91,3.329,2.679,2.384,55,55,0.043003,0.659734,0.03925,0.523599,4.303,37.8,3.927,30,2.637,-1.965,-3.4,PD-242-0 (hermana),PD-259-0
ayora,15,17,TK 017-010,PD,PD-243,2TTx56,86,6.044,6,2.384,55,55,0.036314,0.324631,0.036314,0.324631,3.633,18.6,3.633,18.6,1.156,-1.156,-3.445,PD-243-0 (hermana),PD-243-1 (hermana)
ayora,16,30,TK 030-011,PD,PD-244,2TTx28,85,6.005,6.044,2.384,55,55,0.029881,2.759366,0.029481,2.794272,2.989,158.1,2.949,160.1,1.114,-1.003,2.773,PD-244-0 (hermana),PD-261-0
ayora,11,27,TK 027-07,PD,PD-245,2TTx56,91,3.329,2.679,2.384,55,55,0.041895,6.127851,0.041895,6.127851,4.192,351.1,4.192,351.1,-0.647,0.647,-4.142,PD-245-0 (hermana),PD-245-1 (hermana)
ayora,16,14,TK 014-011,PD,PD-246,2TTx42,85,6.005,6.044,2.384,55,55,0.039619,2.403318,0.034786,2.572615,3.964,137.7,3.48,147.4,2.666,-1.873,2.934,PD-246-0 (hermana),PD-264-0
ayora,9,45,TK 045-06,PD,PD-247,2TTx56,90,2.793,3.329,2.384,55,55,0.025494,1.038471,0.017958,0.767945,2.55,59.5,1.796,44,2.198,-1.247,-1.293,PD-247-0 (hermana),PD-263-0
ayora,12,45,TK 045-08,PD,PD-248,2TTx42,95,3.335,2.661,2.384,55,55,0.01103,1.078613,0.00893,0.945968,1.103,61.8,0.893,54.2,0.972,-0.724,-0.522,PD-233-1,PD-248-1 (hermana)
ayora,16,13,TK 013-011,PD,PD-249,2TTx56,85,6.005,6.044,2.384,55,55,0.036134,2.501057,0.032409,2.67559,3.615,143.3,3.242,153.3,2.163,-1.456,2.897,PD-249-0 (hermana),PD-264-0
ayora,12,10,TK 010-08,PD,PD-250,2TTx28,95,3.335,2.661,2.384,55,55,0.03146,0.591667,0.026164,6.227335,3.147,33.9,2.617,356.8,1.753,0.148,-2.613,PD-234-1,PD-250-1 (hermana)
ayora,16,12,TK 012-011,PD,PD-251,2TTx56,85,6.005,6.044,2.384,55,55,0.03102,2.553417,0.03102,2.553417,3.103,146.3,3.103,146.3,1.723,-1.723,2.58,PD-251-0 (hermana),PD-251-1 (hermana)
ayora,10,95,TK 095-07,PD,PD-252,2TTx42,95,3.335,2.661,2.384,55,55,0.026494,0.441568,0.026004,0.401426,2.65,25.3,2.601,23,1.134,-1.015,-2.395,PD-236-1,PD-252-1 (hermana)
ayora,10,75,TK 075-07,PD,PD-253,2TTx42,95,3.335,2.661,2.384,55,55,0.033158,0.464258,0.030151,6.099926,3.317,26.6,3.016,349.5,1.485,0.548,-2.966,PD-237-1,PD-253-1 (hermana)
ayora,13,94,TK 094-09,PD,PD-254,2TTx28,99,3.303,2.723,2.384,55,55,0.055024,0.616101,0.052921,0.558505,5.508,35.3,5.297,32,3.184,-2.803,-4.494,PD-238-1,PD-254-1 (hermana)
ayora,15,22,TK 022-010,PD,PD-255,2TTx56,88,5.933,6.006,2.384,55,55,0.036064,1.11352,0.036064,1.11352,3.608,63.8,3.608,63.8,3.237,-3.237,-1.593,PD-255-0 (hermana),PD-255-1 (hermana)
ayora,15,21,TK 021-010,PD,PD-256,2TTx56,88,5.933,6.006,2.384,55,55,0.035984,0.698132,0.028782,0.289725,3.6,40,2.879,16.6,2.312,-0.821,-2.76,PD-240-1,PD-256-1 (hermana)
ayora,11,57,TK 057-07,PD,PD-257,2TTx56,95,3.335,2.661,2.384,55,55,0.045229,0.919789,0.032219,0.553269,4.526,52.7,3.223,31.7,3.601,-1.694,-2.742,PD-257-0 (hermana),PD-272-0
ayora,16,32,TK 032-011,PD,PD-258,2TTx28,87,6,5.933,2.384,55,55,0.04936,3.450516,0.053798,3.649483,4.94,197.7,5.385,209.1,-1.502,2.616,4.707,PD-258-0 (hermana),PD-273-0
ayora,11,56,TK 056-07,PD,PD-259,2TTx28,95,3.335,2.661,2.384,55,55,0.035775,0.581195,0.03089,0.253073,3.579,33.3,3.09,14.5,1.965,-0.775,-2.991,PD-242-1,PD-274-0
ayora,15,20,TK 020-010,PD,PD-260,2TTx56,88,5.933,6.006,2.384,55,55,0.051435,0.760964,0.03888,0.29147,5.148,43.6,3.89,16.7,3.553,-1.12,-3.725,PD-243-1,PD-260-1 (hermana)
ayora,16,31,TK 031-011,PD,PD-261,2TTx56,87,6,5.933,2.384,55,55,0.030161,2.802999,0.03112,3.558726,3.017,160.6,3.113,203.9,1.003,1.263,2.845,PD-244-1,PD-275-0
ayora,11,28,TK 028-07,PD,PD-262,2TTx42,95,3.335,2.661,2.384,55,55,0.037822,0.188496,0.037323,0.095993,3.784,10.8,3.734,5.5,0.711,-0.356,-3.717,PD-245-1,PD-262-1 (hermana)
ayora,9,47,TK 047-06,PD,PD-263,2TTx56,94,2.654,3.335,2.384,55,55,0.036244,0.350811,0.042345,5.64614,3.626,20.1,4.237,323.5,1.247,2.521,-3.405,PD-247-1,PD-278-0
ayora,16,16,TK 016-011,PD,PD-264,2TTx56,87,6,5.933,2.384,55,55,0.034856,2.574361,0.029731,2.991494,3.487,147.5,2.974,171.4,1.873,-0.442,2.941,PD-246-1,PD-277-0
ayora,9,46,TK 046-06,PD,PD-265,2TTx42,94,2.654,3.335,2.384,55,55,0.030311,1.219985,0.018678,5.30231,3.032,69.9,1.868,303.8,2.848,1.552,-1.04,PD-247-1,PD-278-0
ayora,12,46,TK 046-08,PD,PD-266,2TTx42,99,3.303,2.723,2.384,55,55,0.011539,1.336922,0.011539,1.336922,1.154,76.6,1.154,76.6,1.122,-1.122,-0.267,PD-266-0 (hermana),PD-266-1 (hermana)
ayora,16,15,TK 015-011,PD,PD-267,2TTx56,87,6,5.933,2.384,55,55,0.040678,2.282891,0.028153,2.808235,4.07,130.8,2.816,160.9,3.08,-0.921,2.661,PD-251-1,PD-280-0
ayora,12,11,TK 011-08,PD,PD-268,2TTx28,99,3.303,2.723,2.384,55,55,0.025684,0.13439,0.025464,6.258751,2.569,7.7,2.547,358.6,0.343,0.064,-2.546,PD-250-1,PD-268-1 (hermana)
ayora,10,96,TK 096-07,PD,PD-269,2TTx42,99,3.303,2.723,2.384,55,55,0.028113,0.595157,0.023286,0.02618,2.812,34.1,2.329,1.5,1.577,-0.06,-2.328,PD-252-1,PD-282-0
ayora,10,76,TK 076-07,PD,PD-270,2TTx42,99,3.303,2.723,2.384,55,55,0.033487,0.1309,0.033378,0.102974,3.35,7.5,3.339,5.9,0.44,-0.344,-3.321,PD-253-1,PD-270-1 (hermana)
ayora,13,95,TK 095-09,PD,PD-271,2TTx28,102,6.132,6.19,2.384,55,55,0.05315,0.788889,0.041277,0.434587,5.32,45.2,4.13,24.9,3.777,-1.737,-3.746,PD-254-1,PD-271-1 (hermana)
ayora,11,59,TK 059-07,PD,PD-272,2TTx56,99,3.303,2.723,2.384,55,55,0.042574,0.940732,0.034017,0.741765,4.26,53.9,3.403,42.5,3.442,-2.298,-2.51,PD-272-0 (hermana),PD-285-0
ayora,16,34,TK 034-011,PD,PD-273,2TTx28,89,6.006,2.793,2.384,55,55,0.040887,3.120649,0.041147,3.256784,4.091,178.8,4.117,186.6,0.086,0.47,4.09,PD-273-0 (hermana),PD-286-0
ayora,11,58,TK 058-07,PD,PD-274,2TTx28,99,3.303,2.723,2.384,55,55,0.035935,0.614356,0.035935,0.614356,3.595,35.2,3.595,35.2,2.073,-2.073,-2.938,PD-274-0 (hermana),PD-274-1 (hermana)
ayora,16,33,TK 033-011,PD,PD-275,2TTx56,89,6.006,2.793,2.384,55,55,0.031969,2.729695,0.029881,2.942625,3.198,156.4,2.989,168.6,1.279,-0.589,2.931,PD-275-0 (hermana),PD-289-0
ayora,9,49,TK 049-06,PD,PD-276,2TTx56,98,2.66,3.303,2.384,55,55,0.037802,6.187192,0.039969,5.939355,3.782,354.5,3.999,340.3,-0.364,1.35,-3.764,PD-263-1,PD-288-0
ayora,16,18,TK 018-011,PD,PD-277,2TTx56,89,6.006,2.793,2.384,55,55,0.027133,2.977532,0.028053,3.443535,2.714,170.6,2.806,197.3,0.442,0.836,2.678,PD-264-1,PD-277-1 (hermana)
ayora,9,48,TK 048-06,PD,PD-278,2TTx56,98,2.66,3.303,2.384,55,55,0.020537,0.542797,0.020537,0.542797,2.054,31.1,2.054,31.1,1.061,-1.061,-1.759,PD-278-0 (hermana),PD-278-1 (hermana)
ayora,12,47,TK 047-08,PD,PD-279,2TTx42,102,6.132,6.19,2.384,55,55,0.019348,1.473058,0.0102,1.385791,1.935,84.4,1.02,79.4,1.926,-1.003,-0.188,PD-266-1,PD-293-0
ayora,16,17,TK 017-011,PD,PD-280,2TTx56,89,6.006,2.793,2.384,55,55,0.028163,2.651155,0.028163,2.651155,2.817,151.9,2.817,151.9,1.327,-1.327,2.485,PD-280-0 (hermana),PD-280-1 (hermana)
ayora,12,12,TK 012-08,PD,PD-281,2TTx28,102,6.132,6.19,2.384,55,55,0.028922,0.08203,0.029422,6.082472,2.893,4.7,2.943,348.5,0.238,0.589,-2.883,PD-268-1,PD-281-1 (hermana)
ayora,10,97,TK 097-07,PD,PD-282,2TTx42,102,6.132,6.19,2.384,55,55,0.023276,0.181514,0.023276,0.181514,2.328,10.4,2.328,10.4,0.421,-0.421,-2.29,PD-282-0 (hermana),PD-282-1 (hermana)
ayora,10,77,TK 077-07,PD,PD-283,2TTx42,102,6.132,6.19,2.384,55,55,0.033807,0.120428,0.033567,0.027925,3.382,6.9,3.358,1.6,0.406,-0.094,-3.357,PD-270-1,PD-283-1 (hermana)
ayora,13,96,TK 096-09,PD,PD-284,2TTx28,104,6.102,6.194,2.384,55,55,0.056908,0.975639,0.038721,0.600393,5.697,55.9,3.874,34.4,4.715,-2.187,-3.198,PD-271-1,PD-284-1 (hermana)
ayora,11,61,TK 061-07,PD,PD-285,2TTx56,102,6.132,6.19,2.384,55,55,0.034776,0.720821,0.033198,0.66497,3.479,41.3,3.321,38.1,2.298,-2.051,-2.612,PD-272-1,PD-285-1 (hermana)
ayora,16,36,TK 036-011,PD,PD-286,2TTx28,93,3.331,2.654,2.384,55,55,0.028412,3.307399,0.03129,3.60236,2.842,189.5,3.13,206.4,-0.47,1.392,2.803,PD-273-1,PD-286-1 (hermana)
ayora,11,60,TK 060-07,PD,PD-287,2TTx28,102,6.132,6.19,2.384,55,55,0.03905,0.921534,0.026044,0.436332,3.907,52.8,2.605,25,3.113,-1.101,-2.36,PD-274-1,PD-287-1 (hermana)
ayora,9,52,TK 052-06,PD,PD-288,2TTx56,101,4.033,6.132,2.384,55,55,0.051903,6.171484,0.051903,6.171484,5.195,353.6,5.195,353.6,-0.583,0.583,-5.162,PD-288-0 (hermana),PD-288-1 (hermana)
ayora,16,35,TK 035-011,PD,PD-289,2TTx56,93,3.331,2.654,2.384,55,55,0.0306,2.947861,0.03119,3.415609,3.061,168.9,3.12,195.7,0.589,0.844,3.004,PD-275-1,PD-303-0
ayora,9,51,TK 051-06,PD,PD-290,2TTx56,101,4.033,6.132,2.384,55,55,0.042444,0.598648,0.035185,6.195919,4.247,34.3,3.52,355,2.396,0.308,-3.507,PD-278-1,PD-290-1 (hermana)
ayora,16,20,TK 020-011,PD,PD-291,2TTx42,93,3.331,2.654,2.384,55,55,0.027773,2.724459,0.027773,2.724459,2.778,156.1,2.778,156.1,1.126,-1.126,2.539,PD-291-0 (hermana),PD-291-1 (hermana)
ayora,9,50,TK 050-06,PD,PD-292,2TTx42,101,4.033,6.132,2.384,55,55,0.035375,1.167625,0.017518,5.625196,3.539,66.9,1.752,322.3,3.256,1.071,-1.387,PD-278-1,PD-306-0
ayora,12,48,TK 048-08,PD,PD-293,2TTx28,104,6.102,6.194,2.384,55,55,0.020437,1.448623,0.020437,1.448623,2.044,83,2.044,83,2.029,-2.029,-0.25,PD-293-0 (hermana),PD-293-1 (hermana)
ayora,16,19,TK 019-011,PD,PD-294,2TTx56,93,3.331,2.654,2.384,55,55,0.035984,2.214823,0.035984,2.214823,3.6,126.9,3.6,126.9,2.878,-2.878,2.162,PD-294-0 (hermana),PD-294-1 (hermana)
ayora,12,13,TK 013-08,PD,PD-295,2TTx42,104,6.102,6.194,2.384,55,55,0.026973,0.375246,0.026404,0.315905,2.698,21.5,2.641,18.1,0.99,-0.823,-2.509,PD-295-0 (hermana),PD-308-0
ayora,10,98,TK 098-07,PD,PD-296,2TTx56,104,6.102,6.194,2.384,55,55,0.028642,0.783653,0.020967,0.251327,2.865,44.9,2.097,14.4,2.021,-0.523,-2.031,PD-282-1,PD-309-0
ayora,10,78,TK 078-07,PD,PD-297,2TTx42,104,6.102,6.194,2.384,55,55,0.03094,0.102974,0.03079,0.034907,3.095,5.9,3.08,2,0.318,-0.107,-3.078,PD-283-1,PD-297-1 (hermana)
ayora,11,63,TK 063-07,PD,PD-298,2TTx42,104,6.102,6.194,2.384,55,55,0.049679,0.699877,0.038062,0.05236,4.972,40.1,3.808,3,3.203,-0.2,-3.803,PD-285-1,PD-298-1 (hermana)
ayora,8,23,TK 023-06,PD,PD-299,2TTx56,102,6.132,6.19,2.384,55,55,0.018398,0.47473,0.018378,5.810201,1.84,27.2,1.838,332.9,0.84,0.836,-1.636,PD-299-0 (hermana),PD-316-0
ayora,11,62,TK 062-07,PD,PD-300,2TTx28,104,6.102,6.194,2.384,55,55,0.061164,1.108284,0.04459,0.911062,6.124,63.5,4.462,52.2,5.481,-3.527,-2.732,PD-287-1,PD-300-1 (hermana)
ayora,16,38,TK 038-011,PD,PD-301,2TTx28,97,3.341,2.66,2.384,55,55,0.028113,2.958333,0.027783,3.244567,2.812,169.5,2.779,185.9,0.514,0.286,2.764,PD-301-0 (hermana),PD-314-0
ayora,9,55,TK 055-06,PD,PD-302,2TTx56,103,6.19,6.102,2.384,55,55,0.053638,0.012217,0.053668,6.248279,5.369,0.7,5.372,358,0.063,0.187,-5.368,PD-288-1,PD-302-1 (hermana)
ayora,16,37,TK 037-011,PD,PD-303,2TTx56,97,3.341,2.66,2.384,55,55,0.031599,2.813471,0.030211,3.000221,3.161,161.2,3.022,171.9,1.021,-0.428,2.991,PD-303-0 (hermana),PD-317-0
ayora,9,54,TK 054-06,PD,PD-304,2TTx56,103,6.19,6.102,2.384,55,55,0.043423,0.321141,0.041935,0.18675,4.345,18.4,4.196,10.7,1.37,-0.778,-4.124,PD-288-1,PD-304-1 (hermana)
ayora,16,22,TK 022-011,PD,PD-305,2TTx56,97,3.341,2.66,2.384,55,55,0.036694,2.185152,0.021437,2.986258,3.671,125.2,2.144,171.1,2.998,-0.33,2.118,PD-294-1,PD-305-1 (hermana)
ayora,9,53,TK 053-06,PD,PD-306,2TTx56,103,6.19,6.102,2.384,55,55,0.022206,0.642281,0.022206,0.642281,2.221,36.8,2.221,36.8,1.329,-1.329,-1.779,PD-306-0 (hermana),PD-306-1 (hermana)
ayora,16,21,TK 021-011,PD,PD-307,2TTx28,97,3.341,2.66,2.384,55,55,0.034077,2.12232,0.026814,2.300344,3.409,121.6,2.682,131.8,2.902,-1.999,1.788,PD-294-1,PD-307-1 (hermana)
ayora,12,14,TK 014-08,PD,PD-308,2TTx56,106,6.19,6.02,2.384,55,55,0.028672,0.29147,0.031619,5.764823,2.868,16.7,3.163,330.3,0.823,1.566,-2.748,PD-295-1,PD-321-0
ayora,10,99,TK 099-07,PD,PD-309,2TTx56,106,6.19,6.02,2.384,55,55,0.030191,0.673697,0.028322,5.696755,3.02,38.6,2.833,326.4,1.886,1.57,-2.359,PD-309-0 (hermana),PD-322-0
ayora,15,23,TK 023-010,PD,PD-310,2TTx56,101,4.033,6.132,2.384,55,55,0.03147,0.39968,0.03114,0.3735,3.148,22.9,3.115,21.4,1.223,-1.135,-2.901,PD-310-0 (hermana),PD-324-0
ayora,10,79,TK 079-07,PD,PD-311,2TTx42,106,6.19,6.02,2.384,55,55,0.030471,0.246091,0.030051,6.09818,3.048,14.1,3.006,349.4,0.744,0.551,-2.956,PD-297-1,PD-311-1 (hermana)
ayora,11,64,TK 064-07,PD,PD-312,2TTx42,106,6.19,6.02,2.384,55,55,0.041157,0.136136,0.040787,0.024435,4.118,7.8,4.081,1.4,0.559,-0.097,-4.08,PD-298-1,PD-312-1 (hermana)
ayora,8,25,TK 025-06,PD,PD-313,2TTx56,104,6.102,6.194,2.384,55,55,0.018528,1.041962,0.011469,0.619592,1.853,59.7,1.147,35.5,1.601,-0.666,-0.935,PD-313-0 (hermana),PD-329-0
ayora,16,40,TK 040-011,PD,PD-314,2TTx28,101,4.033,6.132,2.384,55,55,0.027603,3.192207,0.027603,3.192207,2.761,182.9,2.761,182.9,-0.139,0.139,2.758,PD-314-0 (hermana),PD-314-1 (hermana)
ayora,9,58,TK 058-06,PD,PD-315,2TTx56,105,6.194,6.19,2.384,55,55,0.055652,0.122173,0.058075,5.969026,5.571,7,5.814,342,0.682,1.797,-5.529,PD-315-0 (hermana),PD-331-0
ayora,8,24,TK 024-06,PD,PD-316,2TTx56,104,6.102,6.194,2.384,55,55,0.028462,0.139626,0.033567,5.708972,2.847,8,3.358,327.1,0.394,1.825,-2.819,PD-316-0 (hermana),PD-332-0
ayora,16,39,TK 039-011,PD,PD-317,2TTx56,101,4.033,6.132,2.384,55,55,0.028752,2.991494,0.028952,3.331834,2.876,171.4,2.896,190.9,0.428,0.549,2.844,PD-303-1,PD-317-1 (hermana)
ayora,9,57,TK 057-06,PD,PD-318,2TTx56,105,6.194,6.19,2.384,55,55,0.043483,0.185005,0.046526,5.876524,4.351,10.6,4.656,336.7,0.8,1.84,-4.277,PD-304-1,PD-334-0
ayora,16,23,TK 023-011,PD,PD-319,2TTx42,101,4.033,6.132,2.384,55,55,0.023985,2.569125,0.023985,2.569125,2.399,147.2,2.399,147.2,1.301,-1.301,2.016,PD-319-0 (hermana),PD-319-1 (hermana)
ayora,9,56,TK 056-06,PD,PD-320,2TTx56,105,6.194,6.19,2.384,55,55,0.023006,0.621337,0.021317,0.499164,2.301,35.6,2.132,28.6,1.34,-1.021,-1.871,PD-306-1,PD-320-1 (hermana)
ayora,12,15,TK 015-08,PD,PD-321,2TTx56,108,5.994,6.09,2.384,55,55,0.028762,0.638791,0.028672,0.633555,2.877,36.6,2.868,36.3,1.714,-1.699,-2.311,PD-321-0 (hermana),PD-336-0
ayora,10,100,TK 100-07,PD,PD-322,2TTx56,108,5.994,6.09,2.384,55,55,0.027623,0.198968,0.027623,0.198968,2.763,11.4,2.763,11.4,0.547,-0.547,-2.708,PD-322-0 (hermana),PD-322-1 (hermana)
ayora,15,26,TK 026-010,PD,PD-323,2TTx28,103,6.19,6.102,2.384,55,55,0.030121,0.881391,0.030121,0.881391,3.013,50.5,3.013,50.5,2.324,-2.324,-1.917,PD-323-0 (hermana),PD-323-1 (hermana)
ayora,15,25,TK 025-010,PD,PD-324,2TTx56,103,6.19,6.102,2.384,55,55,0.035595,0.324631,0.037093,5.853834,3.561,18.6,3.711,335.4,1.135,1.542,-3.376,PD-310-1,PD-338-0
ayora,10,80,TK 080-07,PD,PD-325,2TTx42,108,5.994,6.09,2.384,55,55,0.0308,0.53058,0.027353,0.240855,3.081,30.4,2.736,13.8,1.56,-0.651,-2.658,PD-311-1,PD-325-1 (hermana)
ayora,8,1,TK 001-06,PD,PD-326,2TTx56,105,6.194,6.19,2.384,55,55,0.025994,6.082472,0.025994,6.082472,2.6,348.5,2.6,348.5,-0.518,0.518,-2.548,PD-326-0 (hermana),PD-326-1 (hermana)
ayora,15,24,TK 024-010,PD,PD-327,2TTx56,103,6.19,6.102,2.384,55,55,0.018168,0.132645,0.018268,6.115634,1.817,7.6,1.827,350.4,0.239,0.303,-1.802,PD-327-0 (hermana),PD-341-0
ayora,11,65,TK 065-07,PD,PD-328,2TTx28,108,5.994,6.09,2.384,55,55,0.036474,0.190241,0.037413,5.98997,3.649,10.9,3.743,343.2,0.688,1.081,-3.583,PD-312-1,PD-328-1 (hermana)
ayora,8,27,TK 027-06,PD,PD-329,2TTx56,106,6.19,6.02,2.384,55,55,0.018098,1.174607,0.014559,1.071632,1.81,67.3,1.456,61.4,1.671,-1.278,-0.697,PD-329-0 (hermana),PD-342-0
ayora,16,42,TK 042-011,PD,PD-330,2TTx28,103,6.19,6.102,2.384,55,55,0.029451,3.070034,0.029441,3.202679,2.946,175.9,2.945,183.5,0.21,0.182,2.939,PD-314-1,PD-330-1 (hermana)
ayora,9,61,TK 061-06,PD,PD-331,2TTx56,107,6.02,5.994,2.384,55,55,0.054067,0.040143,0.054067,0.040143,5.412,2.3,5.412,2.3,0.214,-0.214,-5.407,PD-331-0 (hermana),PD-331-1 (hermana)
ayora,8,26,TK 026-06,PD,PD-332,2TTx56,106,6.19,6.02,2.384,55,55,0.024945,5.96379,0.024945,5.96379,2.495,341.7,2.495,341.7,-0.783,0.783,-2.369,PD-332-0 (hermana),PD-332-1 (hermana)
ayora,16,41,TK 041-011,PD,PD-333,2TTx56,103,6.19,6.102,2.384,55,55,0.026694,3.043854,0.026614,3.200934,2.67,174.4,2.662,183.4,0.26,0.159,2.657,PD-317-1,PD-333-1 (hermana)
ayora,9,60,TK 060-06,PD,PD-334,2TTx56,107,6.02,5.994,2.384,55,55,0.047145,0.267035,0.046826,0.240855,4.718,15.3,4.686,13.8,1.243,-1.115,-4.551,PD-334-0 (hermana),PD-346-0
ayora,9,59,TK 059-06,PD,PD-335,2TTx56,107,6.02,5.994,2.384,55,55,0.029561,0.823795,0.028053,0.773181,2.957,47.2,2.806,44.3,2.171,-1.96,-2.008,PD-335-0 (hermana),PD-347-0
ayora,12,16,TK 016-08,PD,PD-336,2TTx56,110,6.094,6.283,2.384,55,55,0.029342,0.617847,0.023975,6.220353,2.935,35.4,2.398,356.4,1.699,0.15,-2.393,PD-321-1,PD-336-1 (hermana)
ayora,10,101,TK 101-07,PD,PD-337,2TTx56,110,6.094,6.283,2.384,55,55,0.03884,0.774926,0.028023,0.141372,3.886,44.4,2.803,8.1,2.72,-0.395,-2.775,PD-322-1,PD-337-1 (hermana)
ayora,15,28,TK 028-010,PD,PD-338,2TTx56,105,6.194,6.19,2.384,55,55,0.033597,0.345575,0.031609,0,3.361,19.8,3.162,0,1.139,-0.002,-3.162,PD-338-0 (hermana),PD-350-0
ayora,10,81,TK 081-07,PD,PD-339,2TTx42,110,6.094,6.283,2.384,55,55,0.028133,0.457276,0.025275,0.055851,2.814,26.2,2.528,3.2,1.244,-0.141,-2.524,PD-325-1,PD-352-0
ayora,8,2,TK 002-06,PD,PD-340,2TTx56,107,6.02,5.994,2.384,55,55,0.029791,0.563741,0.029022,0.520108,2.98,32.3,2.903,29.8,1.592,-1.442,-2.519,PD-340-0 (hermana),PD-354-0
ayora,15,27,TK 027-010,PD,PD-341,2TTx56,105,6.194,6.19,2.384,55,55,0.019138,6.12436,0.034247,5.297074,1.914,350.9,3.426,303.5,-0.303,2.857,-1.89,PD-327-1,PD-341-1 (hermana)
ayora,8,29,TK 029-06,PD,PD-342,2TTx56,108,5.994,6.09,2.384,55,55,0.014679,1.317724,0.014679,1.317724,1.468,75.5,1.468,75.5,1.421,-1.421,-0.368,PD-342-0 (hermana),PD-342-1 (hermana)
ayora,9,64,TK 064-06,PD,PD-343,2TTx56,109,6.09,6.094,2.384,55,55,0.053818,0.176278,0.053509,0.139626,5.387,10.1,5.356,8,0.946,-0.748,-5.303,PD-331-1,PD-343-1 (hermana)
ayora,16,43,TK 043-011,PD,PD-344,2TTx56,105,6.194,6.19,2.384,55,55,0.0308,2.694788,0.029122,2.83616,3.081,154.4,2.913,162.5,1.329,-0.874,2.779,PD-333-1,PD-344-1 (hermana)
ayora,8,28,TK 028-06,PD,PD-345,2TTx56,108,5.994,6.09,2.384,55,55,0.03127,0.610865,0.025694,6.2029,3.128,35,2.57,355.4,1.795,0.206,-2.562,PD-345-0 (hermana),PD-357-0
ayora,9,63,TK 063-06,PD,PD-346,2TTx56,109,6.09,6.094,2.384,55,55,0.047923,0.233874,0.046616,0.003491,4.796,13.4,4.665,0.2,1.115,-0.015,-4.665,PD-334-1,PD-346-1 (hermana)
ayora,9,62,TK 062-06,PD,PD-347,2TTx56,109,6.09,6.094,2.384,55,55,0.030331,0.701622,0.025924,0.466003,3.034,40.2,2.593,26.7,1.96,-1.167,-2.316,PD-335-1,PD-347-1 (hermana)
ayora,12,17,TK 017-08,PD,PD-348,2TTx56,112,5.886,6.136,2.384,55,55,0.027093,0.678933,0.021677,0.232129,2.71,38.9,2.168,13.3,1.701,-0.5,-2.109,PD-336-1,PD-361-0
ayora,10,102,TK 102-07,PD,PD-349,2TTx56,112,5.886,6.136,2.384,55,55,0.042784,0.829031,0.029801,6.040585,4.281,47.5,2.981,346.1,3.155,0.714,-2.895,PD-337-1,PD-362-0
ayora,15,30,TK 030-010,PD,PD-350,2TTx56,107,6.02,5.994,2.384,55,55,0.025754,0.446804,0.025754,0.446804,2.576,25.6,2.576,25.6,1.111,-1.111,-2.324,PD-350-0 (hermana),PD-350-1 (hermana)
ayora,8,4,TK 004-06,PD,PD-351,2TTx56,109,6.09,6.094,2.384,55,55,0.037742,0.844739,0.026834,0.364774,3.776,48.4,2.684,20.9,2.823,-0.957,-2.508,PD-340-1,PD-351-1 (hermana)
ayora,10,82,TK 082-07,PD,PD-352,2TTx56,112,5.886,6.136,2.384,55,55,0.025105,0.37001,0.025105,0.37001,2.511,21.2,2.511,21.2,0.909,-0.909,-2.341,PD-352-0 (hermana),PD-352-1 (hermana)
ayora,15,29,TK 029-010,PD,PD-353,2TTx56,107,6.02,5.994,2.384,55,55,0.021787,6.225589,0.021787,6.225589,2.179,356.7,2.179,356.7,-0.127,0.127,-2.175,PD-353-0 (hermana),PD-353-1 (hermana)
ayora,8,3,TK 003-06,PD,PD-354,2TTx56,109,6.09,6.094,2.384,55,55,0.030241,0.76969,0.027503,0.659734,3.025,44.1,2.751,37.8,2.106,-1.688,-2.172,PD-354-0 (hermana),PD-366-0
ayora,8,31,TK 031-06,PD,PD-355,2TTx56,110,6.094,6.283,2.384,55,55,0.030301,1.364847,0.030301,1.364847,3.031,78.2,3.031,78.2,2.967,-2.967,-0.622,PD-355-0 (hermana),PD-355-1 (hermana)
ayora,16,44,TK 044-011,PD,PD-356,2TTx42,107,6.02,5.994,2.384,55,55,0.028682,2.801253,0.027153,3.23235,2.869,160.5,2.716,185.2,0.957,0.244,2.705,PD-344-1,PD-368-0
ayora,8,30,TK 030-06,PD,PD-357,2TTx56,110,6.094,6.283,2.384,55,55,0.023226,0.642281,0.023226,0.642281,2.323,36.8,2.323,36.8,1.393,-1.393,-1.859,PD-357-0 (hermana),PD-357-1 (hermana)
ayora,9,67,TK 067-06,PD,PD-358,2TTx56,111,6.283,5.886,2.384,55,55,0.054885,0.286234,0.053529,6.101671,5.494,16.4,5.358,349.6,1.555,0.967,-5.27,PD-346-1,PD-369-0
ayora,9,66,TK 066-06,PD,PD-359,2TTx56,111,6.283,5.886,2.384,55,55,0.046017,0.356047,0.043942,6.091199,4.605,20.4,4.397,349,1.604,0.835,-4.317,PD-347-1,PD-370-0
ayora,9,65,TK 065-06,PD,PD-360,2TTx42,111,6.283,5.886,2.384,55,55,0.036534,0.942478,0.021487,6.258751,3.655,54,2.149,358.6,2.957,0.051,-2.148,PD-347-1,PD-371-0
ayora,12,18,TK 018-08,PD,PD-361,2TTx56,114,6.005,5.942,2.384,55,55,0.021667,0.483456,0.019428,0.15708,2.167,27.7,1.943,9,1.005,-0.306,-1.919,PD-361-0 (hermana),PD-374-0
ayora,10,103,TK103-07,PD,PD-362,2TTx56,114,6.005,5.942,2.384,55,55,0.029561,0.129154,0.03056,5.996951,2.957,7.4,3.057,343.6,0.379,0.862,-2.933,PD-362-0 (hermana),PD-376-0
ayora,8,7,TK 007-06,PD,PD-363,2TTx56,111,6.283,5.886,2.384,55,55,0.030431,0.352557,0.029282,0.223402,3.044,20.2,2.929,12.8,1.052,-0.65,-2.856,PD-351-1,PD-377-0
ayora,10,83,TK 083-07,PD,PD-364,2TTx56,114,6.005,5.942,2.384,55,55,0.029162,0.589921,0.025514,0.319395,2.917,33.8,2.552,18.3,1.623,-0.799,-2.423,PD-352-1,PD-364-1 (hermana)
ayora,15,31,TK 031-010,PD,PD-365,2TTx56,109,6.09,6.094,2.384,55,55,0.026704,0.757473,0.023915,5.658357,2.671,43.4,2.392,324.2,1.834,1.397,-1.941,PD-353-1,PD-378-0
ayora,8,6,TK 006-06,PD,PD-366,2TTx56,111,6.283,5.886,2.384,55,55,0.031799,0.842994,0.021417,6.126106,3.181,48.3,2.142,351,2.375,0.337,-2.116,PD-366-0 (hermana),PD-379-0
ayora,8,5,TK 005-06,PD,PD-367,2TTx56,111,6.283,5.886,2.384,55,55,0.018338,0.788889,0.012939,0.040143,1.834,45.2,1.294,2.3,1.301,-0.053,-1.293,PD-367-0 (hermana),PD-380-0
ayora,16,45,TK 045-011,PD,PD-368,2TTx28,109,6.09,6.094,2.384,55,55,0.025125,3.120649,0.025125,3.120649,2.513,178.8,2.513,178.8,0.053,-0.053,2.513,PD-368-0 (hermana),PD-368-1 (hermana)
ayora,9,70,TK 070-06,PD,PD-369,2TTx56,113,6.136,6.005,2.384,55,55,0.04933,6.270968,0.04944,6.215117,4.937,359.3,4.948,356.1,-0.06,0.334,-4.937,PD-369-0 (hermana),PD-381-0
ayora,9,69,TK 069-06,PD,PD-370,2TTx56,113,6.136,6.005,2.384,55,55,0.047015,0.284489,0.047015,0.284489,4.705,16.3,4.705,16.3,1.323,-1.323,-4.515,PD-370-0 (hermana),PD-370-1 (hermana)
ayora,9,68,TK 068-06,PD,PD-371,2TTx42,113,6.136,6.005,2.384,55,55,0.025125,0.567232,0.021247,0.071558,2.513,32.5,2.125,4.1,1.349,-0.152,-2.119,PD-371-0 (hermana),PD-383-0
ayora,12,20,TK 020-08,PD,PD-372,2TTx42,116,5.986,5.995,2.384,55,55,0.00954,0.23911,0.00954,0.23911,0.954,13.7,0.954,13.7,0.226,-0.226,-0.927,PD-372-0 (hermana),PD-372-1 (hermana)
ayora,8,33,TK 033-06,PD,PD-373,2TTx56,113,6.136,6.005,2.384,55,55,0.00711,5.22377,0.00711,5.22377,0.711,299.3,0.711,299.3,-0.621,0.621,-0.348,PD-373-0 (hermana),PD-373-1 (hermana)
ayora,12,19,TK 019-08,PD,PD-374,2TTx56,116,5.986,5.995,2.384,55,55,0.020657,0.513127,0.020657,0.513127,2.066,29.4,2.066,29.4,1.014,-1.014,-1.799,PD-374-0 (hermana),PD-374-1 (hermana)
ayora,8,32,TK 032-06,PD,PD-375,2TTx56,113,6.136,6.005,2.384,55,55,0.032259,0.839503,0.032259,0.839503,3.227,48.1,3.227,48.1,2.402,-2.402,-2.154,PD-375-0 (hermana),PD-375-1 (hermana)
ayora,10,104,TK104-07,PD,PD-376,2TTx56,116,5.986,5.995,2.384,55,55,0.034386,0.397935,0.032269,0.188496,3.44,22.8,3.228,10.8,1.333,-0.605,-3.171,PD-376-0 (hermana),PD-388-0
ayora,8,10,TK 010-06,PD,PD-377,2TTx56,113,6.136,6.005,2.384,55,55,0.03136,0.20944,0.03088,0.113446,3.137,12,3.089,6.5,0.65,-0.351,-3.069,PD-363-1,PD-377-1 (hermana)
ayora,15,32,TK 032-010,PD,PD-378,2TTx56,111,6.283,5.886,2.384,55,55,0.026574,5.797984,0.026574,5.797984,2.658,332.2,2.658,332.2,-1.241,1.241,-2.351,PD-378-0 (hermana),PD-378-1 (hermana)
ayora,8,9,TK 009-06,PD,PD-379,2TTx56,113,6.136,6.005,2.384,55,55,0.020417,6.190683,0.020417,6.190683,2.042,354.7,2.042,354.7,-0.188,0.188,-2.033,PD-379-0 (hermana),PD-379-1 (hermana)
ayora,8,8,TK 008-06,PD,PD-380,2TTx56,113,6.136,6.005,2.384,55,55,0.024355,0.867429,0.018438,0.548033,2.436,49.7,1.844,31.4,1.859,-0.96,-1.574,PD-380-0 (hermana),PD-391-0
ayora,9,73,TK 073-06,PD,PD-381,2TTx28,115,5.942,5.986,2.384,55,55,0.048262,0.001745,0.048262,0.001745,4.83,0.1,4.83,0.1,0.009,-0.009,-4.83,PD-381-0 (hermana),PD-381-1 (hermana)
ayora,9,72,TK 072-06,PD,PD-382,2TTx56,115,5.942,5.986,2.384,55,55,0.05311,0.270526,0.051205,0.036652,5.316,15.5,5.125,2.1,1.423,-0.19,-5.122,PD-370-1,PD-382-1 (hermana)
ayora,9,71,TK 071-06,PD,PD-383,2TTx56,115,5.942,5.986,2.384,55,55,0.034336,0.830777,0.023616,0.193732,3.435,47.6,2.362,11.1,2.535,-0.455,-2.318,PD-370-1,PD-394-0
ayora,12,22,TK 022-08,PD,PD-384,2TTx42,118,6.016,4.487,2.384,55,55,0.015079,0.689405,0.015079,0.689405,1.508,39.5,1.508,39.5,0.959,-0.959,-1.164,PD-384-0 (hermana),PD-384-1 (hermana)
ayora,8,35,TK 035-06,PD,PD-385,2TTx56,115,5.942,5.986,2.384,55,55,0.029192,1.443387,0.024495,1.418953,2.92,82.7,2.45,81.3,2.896,-2.421,-0.372,PD-385-0 (hermana),PD-396-0
ayora,12,21,TK 021-08,PD,PD-386,2TTx56,118,6.016,4.487,2.384,55,55,0.023985,0.902335,0.016359,5.853834,2.399,51.7,1.636,335.4,1.882,0.682,-1.487,PD-386-0 (hermana),PD-397-0
ayora,8,34,TK 034-06,PD,PD-387,2TTx56,115,5.942,5.986,2.384,55,55,0.042035,1.083849,0.024845,0.654498,4.206,62.1,2.485,37.5,3.715,-1.513,-1.971,PD-375-1,PD-398-0
ayora,10,105,TK105-07,PD,PD-388,2TTx42,118,6.016,4.487,2.384,55,55,0.029791,0.260054,0.029791,0.260054,2.98,14.9,2.98,14.9,0.765,-0.765,-2.88,PD-388-0 (hermana),PD-388-1 (hermana)
ayora,8,12,TK 012-06,PD,PD-389,2TTx56,115,5.942,5.986,2.384,55,55,0.032419,0.322886,0.03075,6.279695,3.243,18.5,3.076,359.8,1.027,0.01,-3.076,PD-377-1,PD-399-0
ayora,15,33,TK 033-010,PD,PD-390,2TTx56,113,6.136,6.005,2.384,55,55,0.021966,5.838126,0.027363,5.522222,2.197,334.5,2.737,316.4,-0.944,1.886,-1.984,PD-378-1,PD-390-1 (hermana)
ayora,8,11,TK 011-06,PD,PD-391,2TTx56,115,5.942,5.986,2.384,55,55,0.018218,0.555015,0.016998,0.42586,1.822,31.8,1.7,24.4,0.96,-0.703,-1.548,PD-380-1,PD-401-0
ayora,9,76,TK 076-06,PD,PD-392,2TTx28,117,5.995,6.016,2.384,55,55,0.04942,0.195477,0.048582,0.062832,4.946,11.2,4.862,3.6,0.959,-0.306,-4.853,PD-381-1,PD-392-1 (hermana)
ayora,9,75,TK 075-06,PD,PD-393,2TTx56,117,5.995,6.016,2.384,55,55,0.052502,0.1309,0.052262,6.194174,5.255,7.5,5.231,354.9,0.687,0.469,-5.21,PD-393-0 (hermana),PD-402-0
ayora,9,74,TK 074-06,PD,PD-394,2TTx56,117,5.995,6.016,2.384,55,55,0.031,0.586431,0.027173,0.31765,3.101,33.6,2.718,18.2,1.717,-0.848,-2.582,PD-394-0 (hermana),PD-403-0
ayora,12,24,TK 024-08,PD,PD-395,2TTx42,121,3.759,2.246,2.384,55,55,0.016958,0.893609,0.013629,0.677188,1.696,51.2,1.363,38.8,1.322,-0.854,-1.062,PD-395-0 (hermana),PD-404-0
ayora,8,37,TK 037-06,PD,PD-396,2TTx56,117,5.995,6.016,2.384,55,55,0.024785,1.354375,0.00582,0.413643,2.479,77.6,0.582,23.7,2.421,-0.234,-0.533,PD-385-1,PD-396-1 (hermana)
ayora,12,23,TK 023-08,PD,PD-397,2TTx28,121,3.759,2.246,2.384,55,55,0.017418,0.79587,0.017418,0.79587,1.742,45.6,1.742,45.6,1.245,-1.245,-1.218,PD-397-0 (hermana),PD-397-1 (hermana)
ayora,8,36,TK 036-06,PD,PD-398,2TTx56,117,5.995,6.016,2.384,55,55,0.024565,0.663225,0.019548,6.140068,2.457,38,1.955,351.8,1.513,0.278,-1.935,PD-387-1,PD-398-1 (hermana)
ayora,8,14,TK 014-06,PD,PD-399,2TTx56,117,5.995,6.016,2.384,55,55,0.032259,0.436332,0.032259,0.436332,3.227,25,3.227,25,1.365,-1.365,-2.925,PD-399-0 (hermana),PD-399-1 (hermana)
ayora,15,34,TK 034-010,PD,PD-400,2TTx56,115,5.942,5.986,2.384,55,55,0.015709,0.361283,0.015709,0.361283,1.571,20.7,1.571,20.7,0.556,-0.556,-1.47,PD-400-0 (hermana),PD-400-1 (hermana)
ayora,8,13,TK 013-06,PD,PD-401,2TTx56,117,5.995,6.016,2.384,55,55,0.017928,0.403171,0.017438,0.331613,1.793,23.1,1.744,19,0.703,-0.568,-1.649,PD-391-1,PD-401-1 (hermana)
ayora,9,78,TK 078-06,PD,PD-402,2TTx56,120,2.202,3.759,2.384,55,55,0.054755,0.057596,0.054845,6.201155,5.481,3.3,5.49,355.3,0.311,0.445,-5.472,PD-402-0 (hermana),PD-409-0
ayora,9,77,TK 077-06,PD,PD-403,2TTx56,120,2.202,3.759,2.384,55,55,0.025944,0.333358,0.026144,5.928883,2.595,19.1,2.615,339.7,0.848,0.908,-2.452,PD-394-1,PD-410-0
ayora,12,25,TK 025-08,PD,PD-404,2TTx42,125,3.773,2.231,2.384,55,55,0.022476,1.019272,0.013649,0.528835,2.248,58.4,1.365,30.3,1.914,-0.688,-1.179,PD-397-1,PD-404-1 (hermana)
ayora,8,39,TK 039-06,PD,PD-405,2TTx56,120,2.202,3.759,2.384,55,55,0.022766,1.193805,0.022766,1.193805,2.277,68.4,2.277,68.4,2.117,-2.117,-0.839,PD-405-0 (hermana),PD-405-1 (hermana)
ayora,8,38,TK 038-06,PD,PD-406,2TTx56,120,2.202,3.759,2.384,55,55,0.037702,1.090831,0.037702,1.090831,3.772,62.5,3.772,62.5,3.344,-3.344,-1.744,PD-406-0 (hermana),PD-406-1 (hermana)
ayora,15,35,TK 035-010,PD,PD-407,2TTx42,117,5.995,6.016,2.384,55,55,0.018778,0.827286,0.018778,0.827286,1.878,47.4,1.878,47.4,1.383,-1.383,-1.271,PD-407-0 (hermana),PD-407-1 (hermana)
ayora,8,15,TK 015-06,PD,PD-408,2TTx56,120,2.202,3.759,2.384,55,55,0.024745,0.574213,0.021137,0.18326,2.475,32.9,2.114,10.5,1.343,-0.384,-2.079,PD-401-1,PD-413-0
ayora,9,80,TK 080-06,PD,PD-409,2TTx56,124,2.217,3.773,2.384,55,55,0.054745,0.13439,0.054326,0.054105,5.48,7.7,5.438,3.1,0.736,-0.298,-5.43,PD-409-0 (hermana),PD-415-0
ayora,9,79,TK 079-06,PD,PD-410,2TTx56,124,2.217,3.773,2.384,55,55,0.032159,0.624828,0.032159,0.624828,3.217,35.8,3.217,35.8,1.882,-1.882,-2.609,PD-410-0 (hermana),PD-410-1 (hermana)
ayora,8,41,TK 041-06,PD,PD-411,2TTx56,124,2.217,3.773,2.384,55,55,0.032289,1.1397,0.028023,1.068142,3.23,65.3,2.803,61.2,2.936,-2.457,-1.348,PD-411-0 (hermana),PD-417-0
ayora,8,40,TK 040-06,PD,PD-412,2TTx56,124,2.217,3.773,2.384,55,55,0.043283,1.288053,0.019807,0.914553,4.331,73.8,1.981,52.4,4.159,-1.57,-1.208,PD-406-1,PD-418-0
ayora,8,17,TK 017-06,PD,PD-413,2TTx56,124,2.217,3.773,2.384,55,55,0.022016,0.542797,0.022016,0.542797,2.202,31.1,2.202,31.1,1.138,-1.138,-1.885,PD-413-0 (hermana),PD-413-1 (hermana)
ayora,8,16,TK 016-06,PD,PD-414,2TTx56,124,2.217,3.773,2.384,55,55,0.024385,0.44855,0.022206,6.140068,2.439,25.7,2.221,351.8,1.058,0.316,-2.198,PD-408-1,PD-414-1 (hermana)
ayora,9,82,TK 082-06,PD,PD-415,2TTx56,128,2.242,6.003,2.384,55,55,0.05633,0.237365,0.055204,0.127409,5.639,13.6,5.526,7.3,1.329,-0.707,-5.48,PD-415-0 (hermana),PD-421-0
ayora,9,81,TK 081-06,PD,PD-416,2TTx56,128,2.242,6.003,2.384,55,55,0.03889,0.720821,0.029272,6.22908,3.891,41.3,2.928,356.9,2.567,0.161,-2.924,PD-410-1,PD-421-0
ayora,8,43,TK 043-06,PD,PD-417,2TTx56,128,2.242,6.003,2.384,55,55,0.027973,1.071632,0.025684,1.022763,2.798,61.4,2.569,58.6,2.457,-2.192,-1.338,PD-411-1,PD-423-0
ayora,8,42,TK 042-06,PD,PD-418,2TTx56,128,2.242,6.003,2.384,55,55,0.037023,1.211259,0.037023,1.211259,3.704,69.4,3.704,69.4,3.466,-3.466,-1.306,PD-418-0 (hermana),PD-418-1 (hermana)
ayora,8,19,TK 019-06,PD,PD-419,2TTx56,128,2.242,6.003,2.384,55,55,0.026354,0.881391,0.021727,0.69115,2.636,50.5,2.173,39.6,2.035,-1.385,-1.675,PD-419-0 (hermana),PD-424-0
ayora,8,18,TK 018-06,PD,PD-420,2TTx56,128,2.242,6.003,2.384,55,55,0.027103,0.657989,0.027103,0.657989,2.711,37.7,2.711,37.7,1.658,-1.658,-2.145,PD-420-0 (hermana),PD-420-1 (hermana)
ayora,9,84,TK 084-06,PD,PD-421,2TTx56,130,5.971,6.011,2.384,55,55,0.053968,0.155334,0.053359,0.036652,5.402,8.9,5.341,2.1,0.836,-0.192,-5.337,PD-421-0 (hermana),PD-426-0
ayora,9,83,TK 083-06,PD,PD-422,2TTx28,130,5.971,6.011,2.384,55,55,0.04927,1.277581,0.042974,1.233948,4.931,73.2,4.3,70.7,4.721,-4.058,-1.424,PD-416-1,PD-422-1 (hermana)
ayora,8,44,TK 044-06,PD,PD-423,2TTx56,130,5.971,6.011,2.384,55,55,0.040148,1.158899,0.040148,1.158899,4.017,66.4,4.017,66.4,3.681,-3.681,-1.607,PD-423-0 (hermana),PD-423-1 (hermana)
ayora,8,21,TK 021-06,PD,PD-424,2TTx56,130,5.971,6.011,2.384,55,55,0.023256,0.637045,0.021367,0.506145,2.326,36.5,2.137,29,1.385,-1.037,-1.869,PD-419-1,PD-424-1 (hermana)
ayora,8,20,TK 020-06,PD,PD-425,2TTx56,130,5.971,6.011,2.384,55,55,0.028542,0.734784,0.024245,0.509636,2.855,42.1,2.425,29.2,1.915,-1.183,-2.117,PD-420-1,PD-425-1 (hermana)
ayora,9,85,TK 085-06,PD,PD-426,2TTx28,132,6,6.006,2.384,55,55,0.047824,0.197222,0.047824,0.197222,4.786,11.3,4.786,11.3,0.937,-0.937,-4.693,PD-426-0 (hermana),PD-426-1 (hermana)
ayora,8,22,TK 022-06,PD,PD-427,2TTx56,132,6,6.006,2.384,55,55,0.027123,0.45204,0.026544,0.404916,2.713,25.9,2.655,23.2,1.187,-1.048,-2.44,PD-424-1,PD-427-1 (hermana)
ayora,6,1,TK 001-05,PD,PD-428,2TTx42,134,,6.017,2.384,55,55,0.047375,1.132719,0.035016,0.959931,4.741,64.9,3.503,55,4.294,-2.869,-2.009,PD-428-0 (hermana),PD-429-0
ayora,6,2,TK 002-05,PD,PD-429,2TTx56,136,5.97,6.028,2.384,55,55,0.044061,1.015782,0.044061,1.015782,4.409,58.2,4.409,58.2,3.746,-3.746,-2.325,PD-429-0 (hermana),PD-429-1 (hermana)
ayora,6,3,TK 003-05,PD,PD-430,2TTx56,138,5.992,6.005,2.384,55,55,0.050706,1.068142,0.040388,0.921534,5.075,61.2,4.041,52.8,4.447,-3.217,-2.445,PD-430-0 (hermana),PD-431-0
ayora,6,4,TK 004-05,PD,PD-431,2TTx56,140,6.008,6.037,2.384,55,55,0.048253,1.050688,0.046516,1.027999,4.829,60.2,4.655,58.9,4.189,-3.987,-2.403,PD-431-0 (hermana),PD-433-0
ayora,6,6,TK 006-05,PD,PD-432,2TTx42,142,5.916,6.035,2.384,55,55,0.050936,1.062906,0.040158,0.905826,5.098,60.9,4.018,51.9,4.455,-3.162,-2.479,PD-431-1,PD-434-0
ayora,6,5,TK 005-05,PD,PD-433,2TTx56,142,5.916,6.035,2.384,55,55,0.046686,1.022763,0.041925,0.951204,4.672,58.6,4.195,54.5,3.987,-3.416,-2.436,PD-431-1,PD-433-1 (hermana)
ayora,6,8,TK 008-05,PD,PD-434,2TTx42,144,5.984,6.002,2.384,55,55,0.04477,0.93026,0.034866,0.696386,4.48,53.3,3.488,39.9,3.594,-2.237,-2.676,PD-434-0 (hermana),PD-436-0
ayora,6,7,TK 007-05,PD,PD-435,2TTx56,144,5.984,6.002,2.384,55,55,0.057108,1.118756,0.038181,0.858702,5.717,64.1,3.82,49.2,5.144,-2.893,-2.494,PD-433-1,PD-435-1 (hermana)
ayora,6,10,TK 010-05,PD,PD-436,2TTx42,146,6.02,5.992,2.384,55,55,0.044042,0.813323,0.041506,0.753982,4.407,46.6,4.153,43.2,3.202,-2.842,-3.028,PD-436-0 (hermana),PD-438-0
ayora,6,9,TK 009-05,PD,PD-437,2TTx56,146,6.02,5.992,2.384,55,55,0.04922,1.029744,0.04458,0.965167,4.926,59,4.461,55.3,4.223,-3.67,-2.536,PD-435-1,PD-437-1 (hermana)
ayora,6,12,TK 012-05,PD,PD-438,2TTx42,148,6.011,6.002,2.384,55,55,0.045519,0.673697,0.044431,0.642281,4.555,38.6,4.446,36.8,2.842,-2.664,-3.559,PD-436-1,PD-438-1 (hermana)
ayora,6,11,TK 011-05,PD,PD-439,2TTx56,148,6.011,6.002,2.384,55,55,0.050836,1.073377,0.043942,0.986111,5.088,61.5,4.397,56.5,4.471,-3.666,-2.429,PD-437-1,PD-439-1 (hermana)
ayora,6,14,TK 014-05,PD,PD-440,2TTx42,150,5.985,5.956,2.384,55,55,0.049559,0.568977,0.046017,0.432842,4.96,32.6,4.605,24.8,2.672,-1.935,-4.179,PD-438-1,PD-440-1 (hermana)
ayora,6,13,TK 013-05,PD,PD-441,2TTx56,150,5.985,5.956,2.384,55,55,0.051794,1.118756,0.039489,0.959931,5.184,64.1,3.951,55,4.663,-3.237,-2.266,PD-439-1,PD-441-1 (hermana)
ayora,6,16,TK 016-05,PD,PD-442,2TTx42,152,6.034,1.919,2.384,55,55,0.053399,0.535816,0.048961,0.356047,5.345,30.7,4.9,20.4,2.733,-1.704,-4.594,PD-442-0 (hermana),PD-445-0
ayora,6,15,TK 015-05,PD,PD-443,2TTx56,152,6.034,1.919,2.384,55,55,0.050357,1.089085,0.032369,0.764454,5.04,62.4,3.238,43.8,4.466,-2.242,-2.336,PD-441-1,PD-443-1 (hermana)
ayora,3,1,TK 001-03,PD,PD-444,2TTx28,153,1.919,4.09,2.384,55,55,0.027453,1.986185,0.027453,1.986185,2.746,113.8,2.746,113.8,2.512,-2.512,1.109,PD-444-0 (hermana),PD-444-1 (hermana)
ayora,6,18,TK 018-05,PD,PD-445,2TTx42,156,4.066,1.924,2.384,55,55,0.055194,0.331613,0.055194,0.331613,5.525,19,5.525,19,1.8,-1.8,-5.224,PD-445-0 (hermana),PD-445-1 (hermana)
ayora,6,17,TK 017-05,PD,PD-446,2TTx56,156,4.066,1.924,2.384,55,55,0.041217,0.961676,0.038671,0.914553,4.124,55.1,3.869,52.4,3.382,-3.066,-2.361,PD-443-1,PD-446-1 (hermana)
ayora,3,2,TK 002-03,PD,PD-447,2TTx42,157,1.924,4.082,2.384,55,55,0.047005,1.752311,0.012369,2.324779,4.704,100.4,1.237,133.2,4.627,-0.902,0.847,PD-444-1,PD-447-1 (hermana)
ayora,6,20,TK 020-05,PD,PD-448,2TTx56,160,4.08,1.879,2.384,55,55,0.075914,0.813323,0.054436,0.287979,7.606,46.6,5.449,16.5,5.528,-1.552,-5.223,PD-446-1,PD-451-0
ayora,6,19,TK 019-05,PD,PD-449,2TTx28,160,4.08,1.879,2.384,55,55,0.062329,1.32296,0.033118,1.089085,6.241,75.8,3.313,62.4,6.05,-2.937,-1.533,PD-446-1,PD-449-1 (hermana)
ayora,3,3,TK 003-03,PD,PD-450,2TTx56,161,1.879,4.096,2.384,55,55,0.038371,1.719149,0.023925,1.809906,3.839,98.5,2.393,103.7,3.797,-2.325,0.565,PD-447-1,PD-453-0
ayora,6,22,TK 022-05,PD,PD-451,2TTx56,164,4.165,1.858,2.384,55,55,0.060596,0.521853,0.056609,0.380482,6.067,29.9,5.667,21.8,3.022,-2.108,-5.261,PD-451-0 (hermana),PD-455-0
ayora,6,21,TK 021-05,PD,PD-452,2TTx28,164,4.165,1.858,2.384,55,55,0.047155,1.101303,0.042864,1.048943,4.719,63.1,4.289,60.1,4.207,-3.719,-2.137,PD-449-1,PD-452-1 (hermana)
ayora,3,5,TK 005-03,PD,PD-453,2TTx56,165,1.858,4.125,2.384,55,55,0.026424,1.776745,0.00691,2.467896,2.643,101.8,0.691,141.4,2.587,-0.431,0.54,PD-453-0 (hermana),PD-457-0
ayora,3,4,TK 004-03,PD,PD-454,2TTx28,165,1.858,4.125,2.384,55,55,0.032039,0.816814,0.032039,0.816814,3.205,46.8,3.205,46.8,2.336,-2.336,-2.194,PD-454-0 (hermana),PD-454-1 (hermana)
ayora,6,23,TK 023-05,PD,PD-455,2TTx56,168,4.154,1.834,2.384,55,55,0.059888,0.479966,0.056281,0.336849,5.996,27.5,5.634,19.3,2.772,-1.864,-5.316,PD-455-0 (hermana),PD-458-0
ayora,3,7,TK 007-03,PD,PD-456,2TTx42,169,1.834,4.163,2.384,55,55,0.025964,1.898918,0.025964,1.898918,2.597,108.8,2.597,108.8,2.458,-2.458,0.836,PD-456-0 (hermana),PD-456-1 (hermana)
ayora,3,6,TK 006-03,PD,PD-457,2TTx56,169,1.834,4.163,2.384,55,55,0.03907,1.144936,0.016528,0.20944,3.909,65.6,1.653,12,3.56,-0.345,-1.616,PD-454-1,PD-457-1 (hermana)
ayora,6,24,TK 024-05,PD,PD-458,2TTx56,172,4.149,1.905,2.384,55,55,0.05655,0.335103,0.055762,0.29147,5.661,19.2,5.582,16.7,1.864,-1.607,-5.345,PD-455-1,PD-458-1 (hermana)
ayora,3,9,TK 009-03,PD,PD-459,2TTx56,173,1.905,4.108,2.384,55,55,0.030201,1.783726,0.017038,1.954769,3.021,102.2,1.704,112,2.953,-1.581,0.637,PD-456-1,PD-459-1 (hermana)
ayora,3,8,TK 008-03,PD,PD-460,2TTx56,173,1.905,4.108,2.384,55,55,0.029092,0.74351,0.026724,0.640536,2.91,42.6,2.673,36.7,1.969,-1.599,-2.142,PD-457-1,PD-464-0
ayora,6,25,TK 025-05,PD,PD-461,2TTx42,176,4.111,1.836,2.384,55,55,0.054157,0.401426,0.05299,0.345575,5.421,23,5.304,19.8,2.115,-1.794,-4.992,PD-461-0 (hermana),PD-465-0
ayora,3,12,TK 012-03,PD,PD-462,2TTx56,177,1.836,4.168,2.384,55,55,0.035156,1.90939,0.024885,2.059489,3.517,109.4,2.489,118,3.317,-2.197,1.169,PD-459-1,PD-462-1 (hermana)
ayora,3,11,TK 011-03,PD,PD-463,2TTx56,177,1.836,4.168,2.384,55,55,0.037932,1.054179,0.021307,0.493928,3.795,60.4,2.131,28.3,3.299,-1.009,-1.876,PD-460-1,PD-467-0
ayora,3,10,TK 010-03,PD,PD-464,2TTx28,177,1.836,4.168,2.384,55,55,0.038411,0.944223,0.024255,0.376991,3.843,54.1,2.426,21.6,3.112,-0.894,-2.256,PD-464-0 (hermana),PD-468-0
ayora,6,26,TK 026-05,PD,PD-465,2TTx42,180,4.154,1.842,2.384,55,55,0.051574,0.53058,0.051574,0.53058,5.162,30.4,5.162,30.4,2.614,-2.614,-4.452,PD-465-0 (hermana),PD-465-1 (hermana)
ayora,3,15,TK 015-03,PD,PD-466,2TTx56,181,1.842,4.146,2.384,55,55,0.035705,2.007129,0.026654,2.17119,3.572,115,2.666,124.4,3.238,-2.2,1.507,PD-466-0 (hermana),PD-469-0
ayora,3,14,TK 014-03,PD,PD-467,2TTx56,181,1.842,4.146,2.384,55,55,0.023915,0.794125,0.023915,0.794125,2.392,45.5,2.392,45.5,1.706,-1.706,-1.676,PD-467-0 (hermana),PD-467-1 (hermana)
ayora,3,13,TK 013-03,PD,PD-468,2TTx28,181,1.842,4.146,2.384,55,55,0.034856,0.581195,0.033727,0.527089,3.487,33.3,3.374,30.2,1.913,-1.699,-2.915,PD-468-0 (hermana),PD-471-0
ayora,3,18,TK 018-03,PD,PD-469,2TTx56,184,6.015,6.003,2.384,55,55,0.027443,2.213077,0.022336,2.398082,2.745,126.8,2.234,137.4,2.2,-1.513,1.643,PD-466-1,PD-469-1 (hermana)
ayora,3,17,TK 017-03,PD,PD-470,2TTx56,184,6.015,6.003,2.384,55,55,0.026124,0.919789,0.017568,0.44855,2.613,52.7,1.757,25.7,2.078,-0.762,-1.584,PD-467-1,PD-470-1 (hermana)
ayora,3,16,TK 016-03,PD,PD-471,2TTx28,184,6.015,6.003,2.384,55,55,0.036024,0.521853,0.036024,0.521853,3.604,29.9,3.604,29.9,1.797,-1.797,-3.124,PD-471-0 (hermana),PD-471-1 (hermana)
ayora,7,27,TK 027-05,PD,PD-472,2TTx28,186,3.224,2.829,2.384,55,55,0.068841,1.975713,0.068005,1.980949,6.895,113.2,6.811,113.5,6.337,-6.246,2.716,PD-472-0 (hermana),PD-475-0
ayora,3,20,TK 020-03,PD,PD-473,2TTx56,187,2.829,3.162,2.384,55,55,0.029841,2.139774,0.029252,2.151991,2.985,122.6,2.926,123.3,2.516,-2.446,1.607,PD-469-1,PD-473-1 (hermana)
ayora,3,19,TK 019-03,PD,PD-474,2TTx56,187,2.829,3.162,2.384,55,55,0.035156,1.143191,0.020917,0.799361,3.517,65.5,2.092,45.8,3.201,-1.501,-1.458,PD-474-0 (hermana),PD-477-0
ayora,7,28,TK 028-05,PD,PD-475,2TTx42,190,3.218,2.763,2.384,55,55,0.072393,1.823869,0.072393,1.823869,7.252,104.5,7.252,104.5,7.022,-7.022,1.81,PD-475-0 (hermana),PD-475-1 (hermana)
ayora,3,22,TK 022-03,PD,PD-476,2TTx56,191,2.763,3.196,2.384,55,55,0.03077,2.047271,0.021407,2.291617,3.078,117.3,2.141,131.3,2.734,-1.608,1.413,PD-473-1,PD-476-1 (hermana)
ayora,3,21,TK 021-03,PD,PD-477,2TTx56,191,2.763,3.196,2.384,55,55,0.024805,1.136209,0.023456,1.110029,2.481,65.1,2.346,63.6,2.25,-2.1,-1.045,PD-477-0 (hermana),PD-481-0
ayora,7,29,TK 029-05,PD,PD-478,2TTx56,194,3.183,2.779,2.384,55,55,0.088478,1.692969,0.05941,1.754056,8.871,97,5.948,100.5,8.804,-5.848,1.086,PD-475-1,PD-478-1 (hermana)
ayora,5,31,TK 031-04,PD,PD-479,2TTx42,198,3.261,2.711,2.384,55,55,0.055643,0.08203,0.055523,0.048869,5.57,4.7,5.558,2.8,0.452,-0.274,-5.552,PD-479-0 (hermana),PD-483-0
ayora,3,24,TK 024-03,PD,PD-480,2TTx56,195,2.779,3.225,2.384,55,55,0.035126,1.923353,0.023226,2.12232,3.514,110.2,2.323,121.6,3.297,-1.979,1.216,PD-476-1,PD-484-0
ayora,3,23,TK 023-03,PD,PD-481,2TTx56,195,2.779,3.225,2.384,55,55,0.032479,1.295034,0.014969,0.938987,3.249,74.2,1.497,53.8,3.127,-1.209,-0.884,PD-481-0 (hermana),PD-485-0
ayora,7,30,TK 030-05,PD,PD-482,2TTx56,198,3.261,2.711,2.384,55,55,0.065327,1.743584,0.051006,1.792453,6.542,99.9,5.105,102.7,6.445,-4.98,1.126,PD-478-1,PD-482-1 (hermana)
ayora,5,32,TK 032-04,PD,PD-483,2TTx56,202,3.28,2.76,2.384,55,55,0.048482,0.055851,0.048412,6.263987,4.852,3.2,4.845,358.9,0.274,0.091,-4.844,PD-479-1,PD-483-1 (hermana)
ayora,3,26,TK 026-03,PD,PD-484,2TTx56,199,2.711,3.283,2.384,55,55,0.032878,1.925098,0.030531,1.953023,3.289,110.3,3.054,111.9,3.085,-2.834,1.139,PD-484-0 (hermana),PD-489-0
ayora,3,25,TK 025-03,PD,PD-485,2TTx56,199,2.711,3.283,2.384,55,55,0.024435,1.288053,0.024435,1.288053,2.444,73.8,2.444,73.8,2.346,-2.346,-0.683,PD-485-0 (hermana),PD-485-1 (hermana)
ayora,7,31,TK 031-05,PD,PD-486,2TTx56,202,3.28,2.76,2.384,55,55,0.063335,1.776745,0.04467,1.865757,6.342,101.8,4.47,106.9,6.208,-4.278,1.298,PD-486-0 (hermana),PD-492-0
ayora,5,34,TK 034-04,PD,PD-487,2TTx28,206,3.231,2.761,2.384,55,55,0.020247,0.366519,0.020247,0.366519,2.025,21,2.025,21,0.725,-0.725,-1.891,PD-487-0 (hermana),PD-487-1 (hermana)
ayora,5,33,TK 033-04,PD,PD-488,2TTx56,206,3.231,2.761,2.384,55,55,0.047005,0.26529,0.045529,0.085521,4.704,15.2,4.556,4.9,1.231,-0.388,-4.54,PD-488-0 (hermana),PD-494-0
ayora,3,28,TK 028-03,PD,PD-489,2TTx56,203,2.76,3.244,2.384,55,55,0.030541,1.954769,0.026204,2.021091,3.055,112,2.621,115.8,2.834,-2.359,1.142,PD-484-1,PD-489-1 (hermana)
ayora,3,27,TK 027-03,PD,PD-490,2TTx56,203,2.76,3.244,2.384,55,55,0.024335,1.345649,0.023716,1.340413,2.434,77.1,2.372,76.8,2.373,-2.31,-0.542,PD-485-1,PD-490-1 (hermana)
ayora,7,33,TK 033-05,PD,PD-491,2TTx56,206,3.231,2.761,2.384,55,55,0.052542,1.88321,0.052542,1.88321,5.259,107.9,5.259,107.9,5.004,-5.004,1.62,PD-491-0 (hermana),PD-491-1 (hermana)
ayora,7,32,TK 032-05,PD,PD-492,2TTx42,206,3.231,2.761,2.384,55,55,0.04917,1.054179,0.040498,0.92677,4.921,60.4,4.052,53.1,4.278,-3.242,-2.432,PD-486-1,PD-492-1 (hermana)
ayora,5,36,TK 036-04,PD,PD-493,2TTx28,210,3.259,2.744,2.384,55,55,0.032369,0.741765,0.026884,0.476475,3.238,42.5,2.689,27.3,2.186,-1.233,-2.389,PD-493-0 (hermana),PD-499-0
ayora,5,35,TK 035-04,PD,PD-494,2TTx56,210,3.259,2.744,2.384,55,55,0.040707,0.1309,0.040707,0.1309,4.073,7.5,4.073,7.5,0.535,-0.535,-4.038,PD-494-0 (hermana),PD-494-1 (hermana)
ayora,3,30,TK 030-03,PD,PD-495,2TTx56,207,2.761,3.228,2.384,55,55,0.032029,1.902409,0.018288,2.179916,3.204,109,1.829,124.9,3.028,-1.501,1.045,PD-489-1,PD-501-0
ayora,3,29,TK 029-03,PD,PD-496,2TTx56,207,2.761,3.228,2.384,55,55,0.029382,1.40499,0.021277,1.340413,2.939,80.5,2.128,76.8,2.899,-2.072,-0.485,PD-490-1,PD-496-1 (hermana)
ayora,7,35,TK 035-05,PD,PD-497,2TTx56,210,3.259,2.744,2.384,55,55,0.052193,1.82736,0.032499,1.989675,5.224,104.7,3.251,114,5.054,-2.969,1.324,PD-491-1,PD-497-1 (hermana)
ayora,7,34,TK 034-05,PD,PD-498,2TTx42,210,3.259,2.744,2.384,55,55,0.049001,1.157153,0.046676,1.134464,4.904,66.3,4.671,65,4.491,-4.235,-1.971,PD-492-1,PD-498-1 (hermana)
ayora,5,38,TK 038-04,PD,PD-499,2TTx28,214,3.213,2.782,2.384,55,55,0.027943,0.462512,0.025045,0.054105,2.795,26.5,2.505,3.1,1.248,-0.136,-2.501,PD-499-0 (hermana),PD-505-0
ayora,5,37,TK 037-04,PD,PD-500,2TTx56,214,3.213,2.782,2.384,55,55,0.038771,0.155334,0.038341,0.043633,3.879,8.9,3.836,2.5,0.599,-0.168,-3.832,PD-494-1,PD-500-1 (hermana)
ayora,3,32,TK 032-03,PD,PD-501,2TTx56,211,2.744,3.256,2.384,55,55,0.032189,1.829105,0.024155,1.918117,3.22,104.8,2.416,109.9,3.113,-2.272,0.821,PD-501-0 (hermana),PD-506-0
ayora,3,31,TK 031-03,PD,PD-502,2TTx56,211,2.744,3.256,2.384,55,55,0.035156,1.43117,0.024265,1.368338,3.517,82,2.427,78.4,3.482,-2.377,-0.489,PD-496-1,PD-508-0
ayora,7,37,TK 037-05,PD,PD-503,2TTx56,214,3.213,2.782,2.384,55,55,0.036923,1.726131,0.03127,1.754056,3.694,98.9,3.128,100.5,3.649,-3.075,0.57,PD-497-1,PD-503-1 (hermana)
ayora,7,36,TK 036-05,PD,PD-504,2TTx56,214,3.213,2.782,2.384,55,55,0.059918,1.298525,0.026814,0.923279,5.999,74.4,2.682,52.9,5.777,-2.14,-1.616,PD-498-1,PD-511-0
ayora,5,40,TK 040-04,PD,PD-505,2TTx56,218,3.235,2.766,2.384,55,55,0.0314,0.34383,0.03122,0.326377,3.141,19.7,3.123,18.7,1.057,-1.002,-2.958,PD-500-1,PD-505-1 (hermana)
ayora,3,34,TK 034-03,PD,PD-506,2TTx56,215,2.782,3.212,2.384,55,55,0.024695,1.973967,0.016778,2.185152,2.47,113.1,1.678,125.2,2.272,-1.371,0.968,PD-501-1,PD-513-0
ayora,5,39,TK 039-04,PD,PD-507,2TTx56,218,3.235,2.766,2.384,55,55,0.042305,0.162316,0.042375,6.110398,4.233,9.3,4.24,350.1,0.684,0.726,-4.177,PD-500-1,PD-507-1 (hermana)
ayora,3,33,TK 033-03,PD,PD-508,2TTx56,215,2.782,3.212,2.384,55,55,0.024985,1.329941,0.024985,1.329941,2.499,76.2,2.499,76.2,2.427,-2.427,-0.594,PD-508-0 (hermana),PD-508-1 (hermana)
ayora,7,40,TK 040-05,PD,PD-509,2TTx28,218,3.235,2.766,2.384,55,55,0.056829,1.45735,0.011619,0.987856,5.689,83.5,1.162,56.6,5.653,-0.97,-0.64,PD-503-1,PD-509-1 (hermana)
ayora,7,39,TK 039-05,PD,PD-510,2TTx28,218,3.235,2.766,2.384,55,55,0.062419,1.507964,0.057895,1.502728,6.25,86.4,5.796,86.1,6.238,-5.782,-0.393,PD-503-1,PD-510-1 (hermana)
ayora,7,38,TK 038-05,PD,PD-511,2TTx42,218,3.235,2.766,2.384,55,55,0.055792,1.188569,0.047644,1.118756,5.585,68.1,4.768,64.1,5.183,-4.29,-2.081,PD-511-0 (hermana),PD-517-0
ayora,5,42,TK 042-04,PD,PD-512,2TTx56,222,3.203,2.735,2.384,55,55,0.030271,0.453786,0.029232,0.3735,3.028,26,2.924,21.4,1.325,-1.067,-2.723,PD-505-1,PD-512-1 (hermana)
ayora,3,36,TK 036-03,PD,PD-513,2TTx42,219,2.766,3.226,2.384,55,55,0.025684,2.120575,0.025684,2.120575,2.569,121.5,2.569,121.5,2.191,-2.191,1.342,PD-513-0 (hermana),PD-513-1 (hermana)
ayora,5,41,TK 041-04,PD,PD-514,2TTx56,222,3.203,2.735,2.384,55,55,0.041826,0.027925,0.043822,5.979498,4.185,1.6,4.385,342.6,0.12,1.314,-4.184,PD-514-0 (hermana),PD-520-0
ayora,3,35,TK 035-03,PD,PD-515,2TTx56,219,2.766,3.226,2.384,55,55,0.038601,1.434661,0.018848,1.288053,3.862,82.2,1.885,73.8,3.826,-1.811,-0.525,PD-508-1,PD-515-1 (hermana)
ayora,7,42,TK 042-05,PD,PD-516,2TTx28,222,3.203,2.735,2.384,55,55,0.062479,1.584759,0.045099,1.59174,6.256,90.8,4.513,91.2,6.255,-4.512,0.093,PD-510-1,PD-522-0
ayora,7,41,TK 041-05,PD,PD-517,2TTx42,222,3.203,2.735,2.384,55,55,0.045409,1.233948,0.033577,1.108284,4.544,70.7,3.359,63.5,4.29,-3.006,-1.5,PD-511-1,PD-517-1 (hermana)
ayora,5,44,TK 044-04,PD,PD-518,2TTx56,226,3.277,2.76,2.384,55,55,0.042864,0.912807,0.026594,0.172788,4.289,52.3,2.66,9.9,3.395,-0.459,-2.62,PD-512-1,PD-518-1 (hermana)
ayora,3,38,TK 038-03,PD,PD-519,2TTx42,223,2.735,3.26,2.384,55,55,0.031829,1.942551,0.023186,2.09265,3.184,111.3,2.319,119.9,2.967,-2.011,1.155,PD-513-1,PD-525-0
ayora,5,43,TK 043-04,PD,PD-520,2TTx56,226,3.277,2.76,2.384,55,55,0.040308,6.188938,0.040308,6.188938,4.033,354.6,4.033,354.6,-0.379,0.379,-4.015,PD-520-0 (hermana),PD-520-1 (hermana)
ayora,3,37,TK 037-03,PD,PD-521,2TTx56,223,2.735,3.26,2.384,55,55,0.033158,1.455605,0.025854,1.422443,3.317,83.4,2.586,81.5,3.295,-2.557,-0.382,PD-515-1,PD-521-1 (hermana)
ayora,7,44,TK 044-05,PD,PD-522,2TTx28,226,3.277,2.76,2.384,55,55,0.047175,1.666789,0.030301,1.720895,4.721,95.5,3.031,98.6,4.699,-2.997,0.451,PD-522-0 (hermana),PD-528-0
ayora,7,43,TK 043-05,PD,PD-523,2TTx42,226,3.277,2.76,2.384,55,55,0.045928,1.281072,0.035945,1.197296,4.596,73.4,3.596,68.6,4.405,-3.348,-1.31,PD-517-1,PD-523-1 (hermana)
ayora,5,46,TK 046-04,PD,PD-524,2TTx56,230,3.194,2.782,2.384,55,55,0.035984,0.846485,0.023895,0.069813,3.6,48.5,2.39,4,2.697,-0.168,-2.385,PD-518-1,PD-530-0
ayora,3,40,TK 040-03,PD,PD-525,2TTx42,227,2.76,3.218,2.384,55,55,0.024925,1.979203,0.024925,1.979203,2.493,113.4,2.493,113.4,2.288,-2.288,0.989,PD-525-0 (hermana),PD-525-1 (hermana)
ayora,5,45,TK 045-04,PD,PD-526,2TTx56,230,3.194,2.782,2.384,55,55,0.03917,0.413643,0.037003,6.035349,3.919,23.7,3.702,345.8,1.574,0.907,-3.589,PD-526-0 (hermana),PD-533-0
ayora,3,39,TK 039-03,PD,PD-527,2TTx56,227,2.76,3.218,2.384,55,55,0.034037,1.448623,0.027113,1.418953,3.405,83,2.712,81.3,3.38,-2.681,-0.412,PD-521-1,PD-527-1 (hermana)
ayora,7,46,TK 046-05,PD,PD-528,2TTx56,230,3.194,2.782,2.384,55,55,0.030291,1.424189,0.021717,1.364847,3.03,81.6,2.172,78.2,2.997,-2.126,-0.444,PD-522-1,PD-528-1 (hermana)
ayora,7,45,TK 045-05,PD,PD-529,2TTx42,230,3.194,2.782,2.384,55,55,0.04494,1.35263,0.040118,1.32645,4.497,77.5,4.014,76,4.391,-3.894,-0.973,PD-523-1,PD-529-1 (hermana)
ayora,5,49,TK 049-04,PD,PD-530,2TTx28,234,3.235,2.756,2.384,55,55,0.025994,0.55676,0.025994,0.55676,2.6,31.9,2.6,31.9,1.375,-1.375,-2.207,PD-530-0 (hermana),PD-530-1 (hermana)
ayora,5,48,TK 048-04,PD,PD-531,2TTx56,234,3.235,2.756,2.384,55,55,0.031659,0.445059,0.031659,0.445059,3.167,25.5,3.167,25.5,1.366,-1.366,-2.858,PD-531-0 (hermana),PD-531-1 (hermana)
ayora,3,42,TK 042-03,PD,PD-532,2TTx56,231,2.782,3.211,2.384,55,55,0.047574,1.717404,0.019388,1.93557,4.761,98.4,1.939,110.9,4.711,-1.811,0.693,PD-525-1,PD-532-1 (hermana)
ayora,5,47,TK 047-04,PD,PD-533,2TTx42,234,3.235,2.756,2.384,55,55,0.037562,0.21293,0.037562,0.21293,3.758,12.2,3.758,12.2,0.794,-0.794,-3.673,PD-533-0 (hermana),PD-533-1 (hermana)
ayora,3,41,TK 041-03,PD,PD-534,2TTx28,231,2.782,3.211,2.384,55,55,0.029122,1.356121,0.013929,1.108284,2.913,77.7,1.393,63.5,2.846,-1.246,-0.622,PD-527-1,PD-534-1 (hermana)
ayora,7,48,TK 048-05,PD,PD-535,2TTx56,234,3.235,2.756,2.384,55,55,0.042165,1.19206,0.016538,0.336849,4.219,68.3,1.654,19.3,3.92,-0.546,-1.561,PD-528-1,PD-540-0
ayora,7,47,TK 047-05,PD,PD-536,2TTx42,234,3.235,2.756,2.384,55,55,0.053509,1.5132,0.034686,1.48353,5.356,86.7,3.47,85,5.347,-3.457,-0.305,PD-529-1,PD-541-0
ayora,5,52,TK 052-04,PD,PD-537,2TTx28,238,3.289,2.733,2.384,55,55,0.034906,0.876155,0.024545,0.427606,3.492,50.2,2.455,24.5,2.685,-1.019,-2.234,PD-530-1,PD-542-0
ayora,5,51,TK 051-04,PD,PD-538,2TTx56,238,3.289,2.733,2.384,55,55,0.03942,0.759218,0.032349,0.485202,3.944,43.5,3.236,27.8,2.712,-1.507,-2.863,PD-531-1,PD-538-1 (hermana)
ayora,5,50,TK 050-04,PD,PD-539,2TTx42,238,3.289,2.733,2.384,55,55,0.037922,0.410152,0.035585,0.21293,3.794,23.5,3.56,12.2,1.512,-0.751,-3.479,PD-533-1,PD-544-0
ayora,7,50,TK 050-05,PD,PD-540,2TTx56,238,3.289,2.733,2.384,55,55,0.023985,0.270526,0.023985,0.270526,2.399,15.5,2.399,15.5,0.641,-0.641,-2.312,PD-540-0 (hermana),PD-540-1 (hermana)
ayora,7,49,TK 049-05,PD,PD-541,2TTx42,238,3.289,2.733,2.384,55,55,0.035066,1.399754,0.024645,1.32645,3.508,80.2,2.465,76,3.457,-2.392,-0.596,PD-536-1,PD-541-1 (hermana)
ayora,5,55,TK 055-04,PD,PD-542,2TTx28,242,3.243,2.752,2.384,55,55,0.043223,0.825541,0.031669,0.387463,4.325,47.3,3.168,22.2,3.179,-1.198,-2.932,PD-538-1,PD-542-1 (hermana)
ayora,5,54,TK 054-04,PD,PD-543,2TTx56,242,3.243,2.752,2.384,55,55,0.041077,0.778417,0.037472,0.675442,4.11,44.6,3.749,38.7,2.885,-2.343,-2.927,PD-543-0 (hermana),PD-547-0
ayora,5,53,TK 053-04,PD,PD-544,2TTx42,242,3.243,2.752,2.384,55,55,0.033877,0.511381,0.0309,0.296706,3.389,29.3,3.091,17,1.658,-0.904,-2.956,PD-544-0 (hermana),PD-548-0
ayora,7,51,TK 051-05,PD,PD-545,2TTx56,242,3.243,2.752,2.384,55,55,0.033138,0.47822,0.03144,5.921902,3.315,27.4,3.145,339.3,1.527,1.11,-2.943,PD-540-1,PD-545-1 (hermana)
ayora,5,58,TK 058-04,PD,PD-546,2TTx28,246,3.258,2.752,2.384,55,55,0.034926,0.413643,0.033238,0.277507,3.494,23.7,3.325,15.9,1.406,-0.91,-3.198,PD-542-1,PD-549-0
ayora,5,57,TK 057-04,PD,PD-547,2TTx56,246,3.258,2.752,2.384,55,55,0.038211,0.659734,0.030191,6.270968,3.823,37.8,3.02,359.3,2.343,0.035,-3.02,PD-543-1,PD-550-0
ayora,5,56,TK 056-04,PD,PD-548,2TTx42,246,3.258,2.752,2.384,55,55,0.026494,0.347321,0.025455,0.20944,2.65,19.9,2.546,12,0.904,-0.528,-2.491,PD-544-1,PD-551-0
ayora,5,61,TK 061-04,PD,PD-549,2TTx28,250,3.271,2.735,2.384,55,55,0.034936,0.602139,0.031619,0.42586,3.495,34.5,3.163,24.4,1.978,-1.306,-2.881,PD-549-0 (hermana),PD-553-0
ayora,5,60,TK 060-04,PD,PD-550,2TTx56,250,3.271,2.735,2.384,55,55,0.03906,0.671952,0.034526,0.483456,3.908,38.5,3.454,27.7,2.434,-1.606,-3.058,PD-550-0 (hermana),PD-554-0
ayora,5,59,TK 059-04,PD,PD-551,2TTx42,250,3.271,2.735,2.384,55,55,0.027523,0.560251,0.027523,0.560251,2.753,32.1,2.753,32.1,1.464,-1.464,-2.331,PD-551-0 (hermana),PD-551-1 (hermana)
ayora,4,1,TK 001-04,PD,PD-552,2TTx56,250,3.271,2.735,2.384,55,55,0.064769,6.162758,0.065765,6.072,6.486,353.1,6.586,347.9,-0.778,1.384,-6.439,PD-552-0 (hermana),PD-555-0
ayora,5,63,TK 063-04,PD,PD-553,2TTx56,254,3.269,2.714,2.384,55,55,0.046686,0.799361,0.040258,0.630064,4.672,45.8,4.028,36.1,3.352,-2.373,-3.255,PD-550-1,PD-556-0
ayora,5,62,TK 062-04,PD,PD-554,2TTx56,254,3.269,2.714,2.384,55,55,0.031789,0.757473,0.031789,0.757473,3.18,43.4,3.18,43.4,2.186,-2.186,-2.309,PD-554-0 (hermana),PD-554-1 (hermana)
ayora,4,2,TK 002-04,PD,PD-555,2TTx56,254,3.269,2.714,2.384,55,55,0.062917,6.262241,0.062917,6.262241,6.3,358.8,6.3,358.8,-0.127,0.127,-6.299,PD-555-0 (hermana),PD-555-1 (hermana)
ayora,5,65,TK 065-04,PD,PD-556,2TTx56,258,3.244,2.764,2.384,55,55,0.037203,0.69115,0.035285,0.623083,3.722,39.6,3.53,35.7,2.373,-2.058,-2.868,PD-553-1,PD-559-0
ayora,5,64,TK 064-04,PD,PD-557,2TTx56,258,3.244,2.764,2.384,55,55,0.03911,0.897099,0.028213,0.525344,3.913,51.4,2.822,30.1,3.058,-1.416,-2.441,PD-554-1,PD-557-1 (hermana)
ayora,4,3,TK 003-04,PD,PD-558,2TTx56,258,3.244,2.764,2.384,55,55,0.059809,0.174533,0.05931,0.116937,5.988,10,5.938,6.7,1.041,-0.696,-5.897,PD-555-1,PD-558-1 (hermana)
ayora,5,67,TK 067-04,PD,PD-559,2TTx56,262,3.293,2.703,2.384,55,55,0.036963,0.603884,0.036963,0.603884,3.698,34.6,3.698,34.6,2.101,-2.101,-3.043,PD-559-0 (hermana),PD-559-1 (hermana)
ayora,5,66,TK 066-04,PD,PD-560,2TTx56,262,3.293,2.703,2.384,55,55,0.0446,0.935496,0.033737,0.668461,4.463,53.6,3.375,38.3,3.593,-2.092,-2.648,PD-557-1,PD-563-0
ayora,4,4,TK 004-04,PD,PD-561,2TTx56,262,3.293,2.703,2.384,55,55,0.055553,0.226893,0.054875,0.165806,5.561,13,5.493,9.5,1.254,-0.91,-5.417,PD-558-1,PD-561-1 (hermana)
ayora,5,69,TK 069-04,PD,PD-562,2TTx56,266,3.297,2.729,2.384,55,55,0.038481,0.699877,0.038231,0.692896,3.85,40.1,3.825,39.7,2.48,-2.441,-2.945,PD-559-1,PD-562-1 (hermana)
ayora,5,68,TK 068-04,PD,PD-563,2TTx42,266,3.297,2.729,2.384,55,55,0.042834,0.890118,0.042834,0.890118,4.286,51,4.286,51,3.332,-3.332,-2.695,PD-563-0 (hermana),PD-563-1 (hermana)
ayora,4,6,TK 006-04,PD,PD-564,2TTx56,266,3.297,2.729,2.384,55,55,0.052681,0.347321,0.049639,6.220353,5.273,19.9,4.968,356.4,1.794,0.31,-4.959,PD-561-1,PD-568-0
ayora,4,5,TK 005-04,PD,PD-565,2TTx28,266,3.297,2.729,2.384,55,55,0.037612,0.287979,0.037522,0.280998,3.763,16.5,3.754,16.1,1.071,-1.04,-3.607,PD-565-0 (hermana),PD-569-0
ayora,5,71,TK 071-04,PD,PD-566,2TTx42,270,3.31,2.705,2.384,55,55,0.039599,0.747001,0.032149,0.441568,3.962,42.8,3.216,25.3,2.692,-1.376,-2.907,PD-562-1,PD-566-1 (hermana)
ayora,5,70,TK 070-04,PD,PD-567,2TTx28,270,3.31,2.705,2.384,55,55,0.06206,0.95295,0.056998,0.888373,6.214,54.6,5.706,50.9,5.066,-4.429,-3.597,PD-567-0 (hermana),PD-571-0
ayora,4,8,TK 008-04,PD,PD-568,2TTx56,270,3.31,2.705,2.384,55,55,0.048672,0.013963,0.048672,0.013963,4.871,0.8,4.871,0.8,0.064,-0.064,-4.871,PD-568-0 (hermana),PD-568-1 (hermana)
ayora,4,7,TK 007-04,PD,PD-569,2TTx28,270,3.31,2.705,2.384,55,55,0.042315,0.527089,0.039619,0.394444,4.234,30.2,3.964,22.6,2.127,-1.521,-3.661,PD-569-0 (hermana),PD-573-0
ayora,5,73,TK 073-04,PD,PD-570,2TTx42,274,3.304,2.677,2.384,55,55,0.032888,0.759218,0.027823,0.539307,3.29,43.5,2.783,30.9,2.264,-1.431,-2.387,PD-566-1,PD-570-1 (hermana)
ayora,5,72,TK 072-04,PD,PD-571,2TTx28,274,3.304,2.677,2.384,55,55,0.064968,0.748746,0.049839,0.300197,6.506,42.9,4.988,17.2,4.429,-1.471,-4.766,PD-567-1,PD-574-0
ayora,4,10,TK 010-04,PD,PD-572,2TTx56,274,3.304,2.677,2.384,55,55,0.048093,0.095993,0.047873,6.276204,4.813,5.5,4.791,359.6,0.464,0.037,-4.79,PD-568-1,PD-572-1 (hermana)
ayora,4,9,TK 009-04,PD,PD-573,2TTx28,274,3.304,2.677,2.384,55,55,0.033378,0.472984,0.029741,6.244788,3.339,27.1,2.975,357.8,1.521,0.116,-2.973,PD-569-1,PD-576-0
ayora,5,74,TK 074-04,PD,PD-574,2TTx42,278,3.319,2.665,2.384,55,55,0.060954,0.839503,0.060954,0.839503,6.103,48.1,6.103,48.1,4.545,-4.545,-4.074,PD-574-0 (hermana),PD-574-1 (hermana)
ayora,4,12,TK 012-04,PD,PD-575,2TTx56,278,3.319,2.665,2.384,55,55,0.046357,0.223402,0.045219,0.031416,4.639,12.8,4.525,1.8,1.031,-0.139,-4.523,PD-572-1,PD-575-1 (hermana)
ayora,4,11,TK 011-04,PD,PD-576,2TTx28,278,3.319,2.665,2.384,55,55,0.03115,6.246533,0.041816,5.551892,3.116,357.9,4.184,318.1,-0.116,2.795,-3.114,PD-573-1,PD-579-0
ayora,5,75,TK 075-04,PD,PD-577,2TTx42,282,3.313,2.708,2.384,55,55,0.072463,0.876155,0.059789,0.680678,7.259,50.2,5.986,39,5.575,-3.769,-4.65,PD-574-1,PD-580-0
ayora,4,14,TK 014-04,PD,PD-578,2TTx56,282,3.313,2.708,2.384,55,55,0.045968,0.404916,0.043652,0.254818,4.6,23.2,4.368,14.6,1.814,-1.1,-4.228,PD-575-1,PD-578-1 (hermana)
ayora,4,13,TK 013-04,PD,PD-579,2TTx28,282,3.313,2.708,2.384,55,55,0.045219,5.695009,0.045219,5.695009,4.525,326.3,4.525,326.3,-2.51,2.51,-3.765,PD-579-0 (hermana),PD-579-1 (hermana)
ayora,5,76,TK 076-04,PD,PD-580,2TTx42,286,3.289,2.727,2.384,55,55,0.063305,0.640536,0.063305,0.640536,6.339,36.7,6.339,36.7,3.786,-3.786,-5.084,PD-580-0 (hermana),PD-580-1 (hermana)
ayora,4,16,TK 016-04,PD,PD-581,2TTx42,286,3.289,2.727,2.384,55,55,0.049968,0.356047,0.049968,0.356047,5.001,20.4,5.001,20.4,1.742,-1.742,-4.688,PD-581-0 (hermana),PD-581-1 (hermana)
ayora,4,15,TK 015-04,PD,PD-582,2TTx56,286,3.289,2.727,2.384,55,55,0.036064,0.53058,0.032369,6.003933,3.608,30.4,3.238,344,1.823,0.89,-3.113,PD-578-1,PD-582-1 (hermana)
ayora,5,77,TK 077-04,PD,PD-583,2TTx42,290,3.278,2.738,2.384,55,55,0.071985,0.79587,0.070075,0.76969,7.211,45.6,7.019,44.1,5.155,-4.882,-5.043,PD-580-1,PD-583-1 (hermana)
ayora,4,18,TK 018-04,PD,PD-584,2TTx42,290,3.278,2.738,2.384,55,55,0.046666,0.619592,0.043473,0.506145,4.67,35.5,4.35,29,2.709,-2.111,-3.804,PD-581-1,PD-584-1 (hermana)
ayora,4,17,TK 017-04,PD,PD-585,2TTx56,290,3.278,2.738,2.384,55,55,0.032868,0.324631,0.032359,0.274017,3.288,18.6,3.237,15.7,1.047,-0.873,-3.117,PD-585-0 (hermana),PD-588-0
ayora,5,78,TK 078-04,PD,PD-586,2TTx28,294,3.304,2.697,2.384,55,55,0.075009,1.014036,0.048083,0.600393,7.515,58.1,4.812,34.4,6.381,-2.719,-3.971,PD-583-1,PD-586-1 (hermana)
ayora,4,20,TK 020-04,PD,PD-587,2TTx42,294,3.304,2.697,2.384,55,55,0.039729,0.607375,0.036474,0.462512,3.975,34.8,3.649,26.5,2.268,-1.63,-3.265,PD-587-0 (hermana),PD-589-0
ayora,4,19,TK 019-04,PD,PD-588,2TTx56,294,3.304,2.697,2.384,55,55,0.031879,0.277507,0.03138,0.21293,3.189,15.9,3.139,12.2,0.873,-0.665,-3.067,PD-585-1,PD-588-1 (hermana)
ayora,4,22,TK 022-04,PD,PD-589,2TTx42,298,3.263,2.745,2.384,55,55,0.031709,0.581195,0.031709,0.581195,3.172,33.3,3.172,33.3,1.743,-1.743,-2.65,PD-589-0 (hermana),PD-589-1 (hermana)
ayora,4,21,TK 021-04,PD,PD-590,2TTx56,298,3.263,2.745,2.384,55,55,0.033497,0.376991,0.032489,0.287979,3.351,21.6,3.25,16.5,1.234,-0.925,-3.116,PD-588-1,PD-592-0
ayora,4,24,TK 024-04,PD,PD-591,2TTx42,302,3.312,2.666,2.384,55,55,0.046127,0.961676,0.030151,0.502655,4.616,55.1,3.016,28.8,3.784,-1.451,-2.643,PD-589-1,PD-591-1 (hermana)
ayora,4,23,TK 023-04,PD,PD-592,2TTx56,302,3.312,2.666,2.384,55,55,0.030081,0.312414,0.029521,0.246091,3.009,17.9,2.953,14.1,0.925,-0.72,-2.864,PD-590-1,PD-592-1 (hermana)
ayora,4,26,TK 026-04,PD,PD-593,2TTx42,306,3.31,2.732,2.384,55,55,0.038621,0.863938,0.038621,0.863938,3.864,49.5,3.864,49.5,2.938,-2.938,-2.51,PD-593-0 (hermana),PD-593-1 (hermana)
ayora,4,25,TK 025-04,PD,PD-594,2TTx56,306,3.31,2.732,2.384,55,55,0.036783,0.701622,0.036783,0.701622,3.68,40.2,3.68,40.2,2.377,-2.377,-2.809,PD-594-0 (hermana),PD-594-1 (hermana)
ayora,4,28,TK 028-04,PD,PD-595,2TTx28,310,3.253,2.74,2.384,55,55,0.03899,1.003564,0.03891,1.001819,3.901,57.5,3.893,57.4,3.29,-3.28,-2.098,PD-595-0 (hermana),PD-597-0
ayora,4,27,TK 027-04,PD,PD-596,2TTx56,310,3.253,2.74,2.384,55,55,0.043702,0.944223,0.0313,0.60912,4.373,54.1,3.131,34.9,3.54,-1.793,-2.567,PD-594-1,PD-596-1 (hermana)
ayora,4,29,TK 029-04,PD,PD-597,2TTx56,314,3.297,2.689,2.384,55,55,0.045299,0.965167,0.043353,0.933751,4.533,55.3,4.338,53.5,3.727,-3.487,-2.581,PD-597-0 (hermana),PD-598-0
ayora,4,30,TK 030-04,PD,PD-598,2TTx42,318,3.3,2.728,2.384,55,55,0.041546,0.994838,0.037632,0.92677,4.157,57,3.765,53.1,3.487,-3.009,-2.263,PD-597-1,PD-598-1 (hermana)
