{"type": "FeatureCollection", "name": "panbianco", "crs_note": "EPSG:4326 (GeoJSON siempre en WGS84). El layout está en EPSG:25833", "generado_por": "tools/geojson_activo.py", "que_es": "La planta como ACTIVO: parcela, seguidores con su montaje, NCU, HSU y caminos. No confundir con <planta>_real.geojson, que es la malla de radio medida.", "montaje": {"tipo": "SingleAxisTrackerMount", "axis_tilt": 0, "axis_azimuth": 0, "max_angle": 55, "backtrack": true, "gcr": 0.397, "cross_axis_tilt": 0, "module_height": null, "night_stow_deg": 5, "pitch": null, "cuerda": 2.382, "modulos_en_vertical": 1}, "montaje_origen": {"pitch": null, "cuerda": "derivado · mesa.modH 2.382 × 1V del nombre del bloque", "gcr": "canon · CANONICAL_GCR del proyecto, no medido en esta planta", "axis_azimuth": "canon · eje N-S (0), que es lo que mide el DWG", "tipo": "del layout · la planta es de seguidores", "axis_tilt": "canon · el eje se genera horizontal; el terreno se aplica aparte (bt3d)", "max_angle": "declarado por la casa · 55° en TODAS las plantas (2026-08-21). Coincide con el CANONICAL_MAX_ANGLE_DEG del core y con lo unico medido, la plantilla TCU de El Burgo", "backtrack": "canon · CANONICAL_BACKTRACK, y es lo que ejecutan las fichas", "cross_axis_tilt": "canon · 0, que es lo que pasa el JS a singleaxis", "module_height": "null · no se ha medido la altura del tubo en ninguna planta", "night_stow_deg": "canon · 5° al este, dato de proyecto", "modulos_en_vertical": "medido · del nombre del bloque del DWG"}, "meteo_nota": null, "features": [{"type": "Feature", "geometry": {"type": "Polygon", "coordinates": [[[14.9018256, 37.3666025], [14.9017916, 37.3666394], [14.9015855, 37.3671356], [14.9015147, 37.3673718], [14.9014727, 37.3675923], [14.9014945, 37.3677746], [14.9015047, 37.3678534], [14.9015222, 37.368114], [14.9015291, 37.3685251], [14.901748, 37.3699194], [14.901748, 37.3699194], [14.9016552, 37.3701981], [14.9012839, 37.3706883], [14.9011528, 37.3708435], [14.9007729, 37.3713017], [14.9007729, 37.3713017], [14.9006013, 37.3714491], [14.9006013, 37.3714491], [14.9002021, 37.3717835], [14.8998614, 37.3720798], [14.8993937, 37.3724837], [14.8987971, 37.3729986], [14.8985894, 37.3732446], [14.8949754, 37.3742843], [14.8930763, 37.3692941], [14.8924904, 37.3696109], [14.8933239, 37.3717906], [14.8936183, 37.372566], [14.8943258, 37.3744726], [14.9018256, 37.3666025]]]}, "properties": {"rol": "parcela", "origen": "vallado del DWG"}}, {"type": "Feature", "geometry": {"type": "Polygon", "coordinates": [[[14.8944453, 37.3747998], [14.898292, 37.3736967], [14.8975351, 37.3746954], [14.8968827, 37.3755436], [14.8965123, 37.3758143], [14.8959081, 37.3765371], [14.8959079, 37.3776596], [14.8958885, 37.3785858], [14.8958787, 37.3790759], [14.8902606, 37.3770302], [14.889264, 37.3769202], [14.8851167, 37.3770057], [14.8851167, 37.3770057], [14.8836101, 37.3736297], [14.8821789, 37.3703781], [14.8814373, 37.3687048], [14.8816751, 37.3686957], [14.88166, 37.3685305], [14.8838161, 37.3685191], [14.8838701, 37.3679383], [14.8838705, 37.3676743], [14.8844731, 37.3671477], [14.8848997, 37.3668207], [14.8881291, 37.3660826], [14.8888401, 37.3658215], [14.8897378, 37.3680263], [14.8891016, 37.3680841], [14.8902772, 37.3711332], [14.8917216, 37.3703516], [14.89091, 37.3681487], [14.890956, 37.3681469], [14.8912966, 37.3680178], [14.8913621, 37.3679733], [14.8921653, 37.3674009], [14.89116, 37.3650005], [14.8929554, 37.3643408], [14.8937672, 37.3662691], [14.8943538, 37.3658502], [14.8948023, 37.3655351], [14.8949371, 37.3654698], [14.8971045, 37.3652774], [14.897463, 37.3652472], [14.9005326, 37.3649433], [14.9006464, 37.3649931], [14.9010808, 37.3652517], [14.9020171, 37.3662766], [14.9019097, 37.3665113], [14.9018669, 37.3665578], [14.8944453, 37.3747998]]]}, "properties": {"rol": "parcela", "origen": "vallado del DWG"}}, {"type": "Feature", "geometry": {"type": "Polygon", "coordinates": [[[14.8942473, 37.374495], [14.8909229, 37.3754499], [14.8908911, 37.3753643], [14.8907749, 37.3749184], [14.8900454, 37.3733601], [14.8894439, 37.3721695], [14.8891254, 37.3717087], [14.8890616, 37.3716329], [14.888761, 37.3717329], [14.8888045, 37.3718161], [14.8890108, 37.3722413], [14.8894802, 37.3731383], [14.8896198, 37.37348], [14.8898292, 37.3738004], [14.8899425, 37.3740798], [14.8902508, 37.3747863], [14.8902751, 37.3751027], [14.8905033, 37.3754354], [14.8905688, 37.375626], [14.8897915, 37.3758529], [14.8898948, 37.3761049], [14.8943818, 37.3748179], [14.8942473, 37.374495]]]}, "properties": {"rol": "parcela", "origen": "vallado del DWG"}}, {"type": "Feature", "geometry": {"type": "Point", "coordinates": [14.8948887, 37.3781985]}, "properties": {"rol": "seguidor", "id": "TK0001", "tipo": "completo", "axis_azimuth": 0, "punto": "eje de unidad (no el motor)", "ncu": 1, "gw": 1, "axis_tilt": 0, "max_angle": 55, "backtrack": true, "gcr": 0.397, "cross_axis_tilt": 0}}, {"type": "Feature", "geometry": {"type": "Point", "coordinates": [14.8950071, 37.3781986]}, "properties": {"rol": "seguidor", "id": "TK0002", "tipo": "completo", "axis_azimuth": 0, "punto": "eje de unidad (no el motor)", "ncu": 1, "gw": 1, "axis_tilt": 0, "max_angle": 55, "backtrack": true, "gcr": 0.397, "cross_axis_tilt": 0}}, {"type": "Feature", "geometry": {"type": "Point", "coordinates": [14.8951255, 37.3781987]}, "properties": {"rol": "seguidor", "id": "TK0003", "tipo": "completo", "axis_azimuth": 0, "punto": "eje de unidad (no el motor)", "ncu": 1, "gw": 1, "axis_tilt": 0, "max_angle": 55, "backtrack": true, "gcr": 0.397, "cross_axis_tilt": 0}}, {"type": "Feature", "geometry": {"type": "Point", "coordinates": [14.8952439, 37.3781988]}, "properties": {"rol": "seguidor", "id": "TK0004", "tipo": "completo", "axis_azimuth": 0, "punto": "eje de unidad (no el motor)", "ncu": 1, "gw": 1, "axis_tilt": 0, "max_angle": 55, "backtrack": true, "gcr": 0.397, "cross_axis_tilt": 0}}, {"type": "Feature", "geometry": {"type": "Point", "coordinates": [14.8953622, 37.3781989]}, "properties": {"rol": "seguidor", "id": "TK0005", "tipo": "completo", "axis_azimuth": 0, "punto": "eje de unidad (no el motor)", "ncu": 1, "gw": 1, "axis_tilt": 0, "max_angle": 55, "backtrack": true, "gcr": 0.397, "cross_axis_tilt": 0}}, {"type": "Feature", "geometry": {"type": "Point", "coordinates": [14.8954803, 37.3784046]}, "properties": {"rol": "seguidor", "id": "TK0006", "tipo": "completo", "axis_azimuth": 0, "punto": "eje de unidad (no el motor)", "ncu": 1, "gw": 1, "axis_tilt": 0, "max_angle": 55, "backtrack": true, "gcr": 0.397, "cross_axis_tilt": 0}}, {"type": "Feature", "geometry": {"type": "Point", "coordinates": [14.8955987, 37.3784047]}, "properties": {"rol": "seguidor", "id": "TK0007", "tipo": "completo", "axis_azimuth": 0, "punto": "eje de unidad (no el motor)", "ncu": 1, "gw": 1, "axis_tilt": 0, "max_angle": 55, "backtrack": true, "gcr": 0.397, "cross_axis_tilt": 0}}, {"type": "Feature", "geometry": {"type": "Point", "coordinates": [14.8957171, 37.3784048]}, "properties": {"rol": "seguidor", "id": "TK0008", "tipo": "completo", "axis_azimuth": 0, "punto": "eje de unidad (no el motor)", "ncu": 1, "gw": 1, "axis_tilt": 0, "max_angle": 55, "backtrack": true, "gcr": 0.397, "cross_axis_tilt": 0}}, {"type": "Feature", "geometry": {"type": "Point", "coordinates": [14.8958354, 37.3784049]}, "properties": {"rol": "seguidor", "id": "TK0009", "tipo": "completo", "axis_azimuth": 0, "punto": "eje de unidad (no el motor)", "ncu": 1, "gw": 1, "axis_tilt": 0, "max_angle": 55, "backtrack": true, "gcr": 0.397, "cross_axis_tilt": 0}}, {"type": "Feature", "geometry": {"type": "Point", "coordinates": [14.8944155, 37.3780036]}, "properties": {"rol": "seguidor", "id": "TK0010", "tipo": "completo", "axis_azimuth": 0, "punto": "eje de unidad (no el motor)", "ncu": 1, "gw": 1, "axis_tilt": 0, "max_angle": 55, "backtrack": true, "gcr": 0.397, "cross_axis_tilt": 0}}, {"type": "Feature", "geometry": {"type": "Point", "coordinates": [14.8945339, 37.3780037]}, "properties": {"rol": "seguidor", "id": "TK0011", "tipo": "completo", "axis_azimuth": 0, "punto": "eje de unidad (no el motor)", "ncu": 1, "gw": 1, "axis_tilt": 0, "max_angle": 55, "backtrack": true, "gcr": 0.397, "cross_axis_tilt": 0}}, {"type": "Feature", "geometry": {"type": "Point", "coordinates": [14.8946527, 37.3776722]}, "properties": {"rol": "seguidor", "id": "TK0012", "tipo": "completo", "axis_azimuth": 0, "punto": "eje de unidad (no el motor)", "ncu": 1, "gw": 1, "axis_tilt": 0, "max_angle": 55, "backtrack": true, "gcr": 0.397, "cross_axis_tilt": 0}}, {"type": "Feature", "geometry": {"type": "Point", "coordinates": [14.8948896, 37.3775458]}, "properties": {"rol": "seguidor", "id": "TK0013", "tipo": "completo", "axis_azimuth": 0, "punto": "eje de unidad (no el motor)", "ncu": 1, "gw": 1, "axis_tilt": 0, "max_angle": 55, "backtrack": true, "gcr": 0.397, "cross_axis_tilt": 0}}, {"type": "Feature", "geometry": {"type": "Point", "coordinates": [14.895008, 37.3775459]}, "properties": {"rol": "seguidor", "id": "TK0014", "tipo": "completo", "axis_azimuth": 0, "punto": "eje de unidad (no el motor)", "ncu": 1, "gw": 1, "axis_tilt": 0, "max_angle": 55, "backtrack": true, "gcr": 0.397, "cross_axis_tilt": 0}}, {"type": "Feature", "geometry": {"type": "Point", "coordinates": [14.8951264, 37.377546]}, "properties": {"rol": "seguidor", "id": "TK0015", "tipo": "completo", "axis_azimuth": 0, "punto": "eje de unidad (no el motor)", "ncu": 1, "gw": 1, "axis_tilt": 0, "max_angle": 55, "backtrack": true, "gcr": 0.397, "cross_axis_tilt": 0}}, {"type": "Feature", "geometry": {"type": "Point", "coordinates": [14.8952448, 37.3775461]}, "properties": {"rol": "seguidor", "id": "TK0016", "tipo": "completo", "axis_azimuth": 0, "punto": "eje de unidad (no el motor)", "ncu": 1, "gw": 1, "axis_tilt": 0, "max_angle": 55, "backtrack": true, "gcr": 0.397, "cross_axis_tilt": 0}}, {"type": "Feature", "geometry": {"type": "Point", "coordinates": [14.8953631, 37.3775462]}, "properties": {"rol": "seguidor", "id": "TK0017", "tipo": "completo", "axis_azimuth": 0, "punto": "eje de unidad (no el motor)", "ncu": 1, "gw": 1, "axis_tilt": 0, "max_angle": 55, "backtrack": true, "gcr": 0.397, "cross_axis_tilt": 0}}, {"type": "Feature", "geometry": {"type": "Point", "coordinates": [14.8954812, 37.3777519]}, "properties": {"rol": "seguidor", "id": "TK0018", "tipo": "completo", "axis_azimuth": 0, "punto": "eje de unidad (no el motor)", "ncu": 1, "gw": 1, "axis_tilt": 0, "max_angle": 55, "backtrack": true, "gcr": 0.397, "cross_axis_tilt": 0}}, {"type": "Feature", "geometry": {"type": "Point", "coordinates": [14.8955996, 37.377752]}, "properties": {"rol": "seguidor", "id": "TK0019", "tipo": "completo", "axis_azimuth": 0, "punto": "eje de unidad (no el motor)", "ncu": 1, "gw": 1, "axis_tilt": 0, "max_angle": 55, "backtrack": true, "gcr": 0.397, "cross_axis_tilt": 0}}, {"type": "Feature", "geometry": {"type": "Point", "coordinates": [14.895718, 37.3777521]}, "properties": {"rol": "seguidor", "id": "TK0020", "tipo": "completo", "axis_azimuth": 0, "punto": "eje de unidad (no el motor)", "ncu": 1, "gw": 1, "axis_tilt": 0, "max_angle": 55, "backtrack": true, "gcr": 0.397, "cross_axis_tilt": 0}}, {"type": "Feature", "geometry": {"type": "Point", "coordinates": [14.8958363, 37.3777522]}, "properties": {"rol": "seguidor", "id": "TK0021", "tipo": "completo", "axis_azimuth": 0, "punto": "eje de unidad (no el motor)", "ncu": 1, "gw": 1, "axis_tilt": 0, "max_angle": 55, "backtrack": true, "gcr": 0.397, "cross_axis_tilt": 0}}, {"type": "Feature", "geometry": {"type": "Point", "coordinates": [14.8954821, 37.3770992]}, "properties": {"rol": "seguidor", "id": "TK0022", "tipo": "completo", "axis_azimuth": 0, "punto": "eje de unidad (no el motor)", "ncu": 1, "gw": 1, "axis_tilt": 0, "max_angle": 55, "backtrack": true, "gcr": 0.397, "cross_axis_tilt": 0}}, {"type": "Feature", "geometry": {"type": "Point", "coordinates": [14.8956005, 37.3770993]}, "properties": {"rol": "seguidor", "id": "TK0023", "tipo": "completo", "axis_azimuth": 0, "punto": "eje de unidad (no el motor)", "ncu": 1, "gw": 1, "axis_tilt": 0, "max_angle": 55, "backtrack": true, "gcr": 0.397, "cross_axis_tilt": 0}}, {"type": "Feature", "geometry": {"type": "Point", "coordinates": [14.8957189, 37.3770994]}, "properties": {"rol": "seguidor", "id": "TK0024", "tipo": "completo", "axis_azimuth": 0, "punto": "eje de unidad (no el motor)", "ncu": 1, "gw": 1, "axis_tilt": 0, "max_angle": 55, "backtrack": true, "gcr": 0.397, "cross_axis_tilt": 0}}, {"type": "Feature", "geometry": {"type": "Point", "coordinates": [14.8958372, 37.3770995]}, "properties": {"rol": "seguidor", "id": "TK0025", "tipo": "completo", "axis_azimuth": 0, "punto": "eje de unidad (no el motor)", "ncu": 1, "gw": 1, "axis_tilt": 0, "max_angle": 55, "backtrack": true, "gcr": 0.397, "cross_axis_tilt": 0}}, {"type": "Feature", "geometry": {"type": "Point", "coordinates": [14.8958381, 37.3764468]}, "properties": {"rol": "seguidor", "id": "TK0026", "tipo": "completo", "axis_azimuth": 0, "punto": "eje de unidad (no el motor)", "ncu": 1, "gw": 1, "axis_tilt": 0, "max_angle": 55, "backtrack": true, "gcr": 0.397, "cross_axis_tilt": 0}}, {"type": "Feature", "geometry": {"type": "Point", "coordinates": [14.8953739, 37.3767632]}, "properties": {"rol": "seguidor", "id": "TK0027", "tipo": "Medio", "axis_azimuth": 0, "punto": "eje de unidad (no el motor)", "ncu": 1, "gw": 1, "axis_tilt": 0, "max_angle": 55, "backtrack": true, "gcr": 0.397, "cross_axis_tilt": 0}}, {"type": "Feature", "geometry": {"type": "Point", "coordinates": [14.8950182, 37.37721]}, "properties": {"rol": "seguidor", "id": "TK0028", "tipo": "Medio", "axis_azimuth": 0, "punto": "eje de unidad (no el motor)", "ncu": 1, "gw": 1, "axis_tilt": 0, "max_angle": 55, "backtrack": true, "gcr": 0.397, "cross_axis_tilt": 0}}, {"type": "Feature", "geometry": {"type": "Point", "coordinates": [14.8948998, 37.3772099]}, "properties": {"rol": "seguidor", "id": "TK0029", "tipo": "Medio", "axis_azimuth": 0, "punto": "eje de unidad (no el motor)", "ncu": 1, "gw": 1, "axis_tilt": 0, "max_angle": 55, "backtrack": true, "gcr": 0.397, "cross_axis_tilt": 0}}, {"type": "Feature", "geometry": {"type": "Point", "coordinates": [14.8943064, 37.3783202]}, "properties": {"rol": "seguidor", "id": "TK0030", "tipo": "Medio", "axis_azimuth": 0, "punto": "eje de unidad (no el motor)", "ncu": 1, "gw": 1, "axis_tilt": 0, "max_angle": 55, "backtrack": true, "gcr": 0.397, "cross_axis_tilt": 0}}, {"type": "Feature", "geometry": {"type": "Point", "coordinates": [14.8939514, 37.378237]}, "properties": {"rol": "seguidor", "id": "TK0031", "tipo": "Medio", "axis_azimuth": 0, "punto": "eje de unidad (no el motor)", "ncu": 1, "gw": 1, "axis_tilt": 0, "max_angle": 55, "backtrack": true, "gcr": 0.397, "cross_axis_tilt": 0}}, {"type": "Feature", "geometry": {"type": "Point", "coordinates": [14.8860277, 37.3723517]}, "properties": {"rol": "seguidor", "id": "TK0032", "tipo": "Medio", "axis_azimuth": 0, "punto": "eje de unidad (no el motor)", "ncu": 4, "gw": 4, "axis_tilt": 0, "max_angle": 55, "backtrack": true, "gcr": 0.397, "cross_axis_tilt": 0}}, {"type": "Feature", "geometry": {"type": "Point", "coordinates": [14.8851825, 37.3764358]}, "properties": {"rol": "seguidor", "id": "TK0033", "tipo": "completo", "axis_azimuth": 0, "punto": "eje de unidad (no el motor)", "ncu": 2, "gw": 2, "axis_tilt": 0, "max_angle": 55, "backtrack": true, "gcr": 0.397, "cross_axis_tilt": 0}}, {"type": "Feature", "geometry": {"type": "Point", "coordinates": [14.8853009, 37.3764359]}, "properties": {"rol": "seguidor", "id": "TK0034", "tipo": "completo", "axis_azimuth": 0, "punto": "eje de unidad (no el motor)", "ncu": 2, "gw": 2, "axis_tilt": 0, "max_angle": 55, "backtrack": true, "gcr": 0.397, "cross_axis_tilt": 0}}, {"type": "Feature", "geometry": {"type": "Point", "coordinates": [14.8854193, 37.376436]}, "properties": {"rol": "seguidor", "id": "TK0035", "tipo": "completo", "axis_azimuth": 0, "punto": "eje de unidad (no el motor)", "ncu": 2, "gw": 2, "axis_tilt": 0, "max_angle": 55, "backtrack": true, "gcr": 0.397, "cross_axis_tilt": 0}}, {"type": "Feature", "geometry": {"type": "Point", "coordinates": [14.8855376, 37.3764361]}, "properties": {"rol": "seguidor", "id": "TK0036", "tipo": "completo", "axis_azimuth": 0, "punto": "eje de unidad (no el motor)", "ncu": 2, "gw": 2, "axis_tilt": 0, "max_angle": 55, "backtrack": true, "gcr": 0.397, "cross_axis_tilt": 0}}, {"type": "Feature", "geometry": {"type": "Point", "coordinates": [14.885656, 37.3764362]}, "properties": {"rol": "seguidor", "id": "TK0037", "tipo": "completo", "axis_azimuth": 0, "punto": "eje de unidad (no el motor)", "ncu": 2, "gw": 2, "axis_tilt": 0, "max_angle": 55, "backtrack": true, "gcr": 0.397, "cross_axis_tilt": 0}}, {"type": "Feature", "geometry": {"type": "Point", "coordinates": [14.8857744, 37.3764363]}, "properties": {"rol": "seguidor", "id": "TK0038", "tipo": "completo", "axis_azimuth": 0, "punto": "eje de unidad (no el motor)", "ncu": 2, "gw": 2, "axis_tilt": 0, "max_angle": 55, "backtrack": true, "gcr": 0.397, "cross_axis_tilt": 0}}, {"type": "Feature", "geometry": {"type": "Point", "coordinates": [14.8858927, 37.3764365]}, "properties": {"rol": "seguidor", "id": "TK0039", "tipo": "completo", "axis_azimuth": 0, "punto": "eje de unidad (no el motor)", "ncu": 2, "gw": 2, "axis_tilt": 0, "max_angle": 55, "backtrack": true, "gcr": 0.397, "cross_axis_tilt": 0}}, {"type": "Feature", "geometry": {"type": "Point", "coordinates": [14.8860111, 37.3764366]}, "properties": {"rol": "seguidor", "id": "TK0040", "tipo": "completo", "axis_azimuth": 0, "punto": "eje de unidad (no el motor)", "ncu": 2, "gw": 2, "axis_tilt": 0, "max_angle": 55, "backtrack": true, "gcr": 0.397, "cross_axis_tilt": 0}}, {"type": "Feature", "geometry": {"type": "Point", "coordinates": [14.8861295, 37.3764367]}, "properties": {"rol": "seguidor", "id": "TK0041", "tipo": "completo", "axis_azimuth": 0, "punto": "eje de unidad (no el motor)", "ncu": 2, "gw": 2, "axis_tilt": 0, "max_angle": 55, "backtrack": true, "gcr": 0.397, "cross_axis_tilt": 0}}, {"type": "Feature", "geometry": {"type": "Point", "coordinates": [14.8862479, 37.3764368]}, "properties": {"rol": "seguidor", "id": "TK0042", "tipo": "completo", "axis_azimuth": 0, "punto": "eje de unidad (no el motor)", "ncu": 2, "gw": 2, "axis_tilt": 0, "max_angle": 55, "backtrack": true, "gcr": 0.397, "cross_axis_tilt": 0}}, {"type": "Feature", "geometry": {"type": "Point", "coordinates": [14.8863662, 37.3764369]}, "properties": {"rol": "seguidor", "id": "TK0043", "tipo": "completo", "axis_azimuth": 0, "punto": "eje de unidad (no el motor)", "ncu": 2, "gw": 2, "axis_tilt": 0, "max_angle": 55, "backtrack": true, "gcr": 0.397, "cross_axis_tilt": 0}}, {"type": "Feature", "geometry": {"type": "Point", "coordinates": [14.8864846, 37.376437]}, "properties": {"rol": "seguidor", "id": "TK0044", "tipo": "completo", "axis_azimuth": 0, "punto": "eje de unidad (no el motor)", "ncu": 2, "gw": 2, "axis_tilt": 0, "max_angle": 55, "backtrack": true, "gcr": 0.397, "cross_axis_tilt": 0}}, {"type": "Feature", "geometry": {"type": "Point", "coordinates": [14.886603, 37.3764371]}, "properties": {"rol": "seguidor", "id": "TK0045", "tipo": "completo", "axis_azimuth": 0, "punto": "eje de unidad (no el motor)", "ncu": 2, "gw": 2, "axis_tilt": 0, "max_angle": 55, "backtrack": true, "gcr": 0.397, "cross_axis_tilt": 0}}, {"type": "Feature", "geometry": {"type": "Point", "coordinates": [14.8867213, 37.3764373]}, "properties": {"rol": "seguidor", "id": "TK0046", "tipo": "completo", "axis_azimuth": 0, "punto": "eje de unidad (no el motor)", "ncu": 2, "gw": 2, "axis_tilt": 0, "max_angle": 55, "backtrack": true, "gcr": 0.397, "cross_axis_tilt": 0}}, {"type": "Feature", "geometry": {"type": "Point", "coordinates": [14.8868397, 37.3764374]}, "properties": {"rol": "seguidor", "id": "TK0047", "tipo": "completo", "axis_azimuth": 0, "punto": "eje de unidad (no el motor)", "ncu": 2, "gw": 2, "axis_tilt": 0, "max_angle": 55, "backtrack": true, "gcr": 0.397, "cross_axis_tilt": 0}}, {"type": "Feature", "geometry": {"type": "Point", "coordinates": [14.8869581, 37.3764375]}, "properties": {"rol": "seguidor", "id": "TK0048", "tipo": "completo", "axis_azimuth": 0, "punto": "eje de unidad (no el motor)", "ncu": 2, "gw": 2, "axis_tilt": 0, "max_angle": 55, "backtrack": true, "gcr": 0.397, "cross_axis_tilt": 0}}, {"type": "Feature", "geometry": {"type": "Point", "coordinates": [14.8870764, 37.3764376]}, "properties": {"rol": "seguidor", "id": "TK0049", "tipo": "completo", "axis_azimuth": 0, "punto": "eje de unidad (no el motor)", "ncu": 2, "gw": 2, "axis_tilt": 0, "max_angle": 55, "backtrack": true, "gcr": 0.397, "cross_axis_tilt": 0}}, {"type": "Feature", "geometry": {"type": "Point", "coordinates": [14.8851835, 37.3757831]}, "properties": {"rol": "seguidor", "id": "TK0050", "tipo": "completo", "axis_azimuth": 0, "punto": "eje de unidad (no el motor)", "ncu": 2, "gw": 2, "axis_tilt": 0, "max_angle": 55, "backtrack": true, "gcr": 0.397, "cross_axis_tilt": 0}}, {"type": "Feature", "geometry": {"type": "Point", "coordinates": [14.8853019, 37.3757832]}, "properties": {"rol": "seguidor", "id": "TK0051", "tipo": "completo", "axis_azimuth": 0, "punto": "eje de unidad (no el motor)", "ncu": 2, "gw": 2, "axis_tilt": 0, "max_angle": 55, "backtrack": true, "gcr": 0.397, "cross_axis_tilt": 0}}, {"type": "Feature", "geometry": {"type": "Point", "coordinates": [14.8854203, 37.3757833]}, "properties": {"rol": "seguidor", "id": "TK0052", "tipo": "completo", "axis_azimuth": 0, "punto": "eje de unidad (no el motor)", "ncu": 2, "gw": 2, "axis_tilt": 0, "max_angle": 55, "backtrack": true, "gcr": 0.397, "cross_axis_tilt": 0}}, {"type": "Feature", "geometry": {"type": "Point", "coordinates": [14.8855386, 37.3757834]}, "properties": {"rol": "seguidor", "id": "TK0053", "tipo": "completo", "axis_azimuth": 0, "punto": "eje de unidad (no el motor)", "ncu": 2, "gw": 2, "axis_tilt": 0, "max_angle": 55, "backtrack": true, "gcr": 0.397, "cross_axis_tilt": 0}}, {"type": "Feature", "geometry": {"type": "Point", "coordinates": [14.885657, 37.3757836]}, "properties": {"rol": "seguidor", "id": "TK0054", "tipo": "completo", "axis_azimuth": 0, "punto": "eje de unidad (no el motor)", "ncu": 2, "gw": 2, "axis_tilt": 0, "max_angle": 55, "backtrack": true, "gcr": 0.397, "cross_axis_tilt": 0}}, {"type": "Feature", "geometry": {"type": "Point", "coordinates": [14.8857754, 37.3757837]}, "properties": {"rol": "seguidor", "id": "TK0055", "tipo": "completo", "axis_azimuth": 0, "punto": "eje de unidad (no el motor)", "ncu": 2, "gw": 2, "axis_tilt": 0, "max_angle": 55, "backtrack": true, "gcr": 0.397, "cross_axis_tilt": 0}}, {"type": "Feature", "geometry": {"type": "Point", "coordinates": [14.8858937, 37.3757838]}, "properties": {"rol": "seguidor", "id": "TK0056", "tipo": "completo", "axis_azimuth": 0, "punto": "eje de unidad (no el motor)", "ncu": 2, "gw": 2, "axis_tilt": 0, "max_angle": 55, "backtrack": true, "gcr": 0.397, "cross_axis_tilt": 0}}, {"type": "Feature", "geometry": {"type": "Point", "coordinates": [14.8862488, 37.3757841]}, "properties": {"rol": "seguidor", "id": "TK0057", "tipo": "completo", "axis_azimuth": 0, "punto": "eje de unidad (no el motor)", "ncu": 2, "gw": 2, "axis_tilt": 0, "max_angle": 55, "backtrack": true, "gcr": 0.397, "cross_axis_tilt": 0}}, {"type": "Feature", "geometry": {"type": "Point", "coordinates": [14.8863672, 37.3757842]}, "properties": {"rol": "seguidor", "id": "TK0058", "tipo": "completo", "axis_azimuth": 0, "punto": "eje de unidad (no el motor)", "ncu": 2, "gw": 2, "axis_tilt": 0, "max_angle": 55, "backtrack": true, "gcr": 0.397, "cross_axis_tilt": 0}}, {"type": "Feature", "geometry": {"type": "Point", "coordinates": [14.8864856, 37.3757844]}, "properties": {"rol": "seguidor", "id": "TK0059", "tipo": "completo", "axis_azimuth": 0, "punto": "eje de unidad (no el motor)", "ncu": 2, "gw": 2, "axis_tilt": 0, "max_angle": 55, "backtrack": true, "gcr": 0.397, "cross_axis_tilt": 0}}, {"type": "Feature", "geometry": {"type": "Point", "coordinates": [14.8866039, 37.3757845]}, "properties": {"rol": "seguidor", "id": "TK0060", "tipo": "completo", "axis_azimuth": 0, "punto": "eje de unidad (no el motor)", "ncu": 2, "gw": 2, "axis_tilt": 0, "max_angle": 55, "backtrack": true, "gcr": 0.397, "cross_axis_tilt": 0}}, {"type": "Feature", "geometry": {"type": "Point", "coordinates": [14.8867223, 37.3757846]}, "properties": {"rol": "seguidor", "id": "TK0061", "tipo": "completo", "axis_azimuth": 0, "punto": "eje de unidad (no el motor)", "ncu": 2, "gw": 2, "axis_tilt": 0, "max_angle": 55, "backtrack": true, "gcr": 0.397, "cross_axis_tilt": 0}}, {"type": "Feature", "geometry": {"type": "Point", "coordinates": [14.8868407, 37.3757847]}, "properties": {"rol": "seguidor", "id": "TK0062", "tipo": "completo", "axis_azimuth": 0, "punto": "eje de unidad (no el motor)", "ncu": 2, "gw": 2, "axis_tilt": 0, "max_angle": 55, "backtrack": true, "gcr": 0.397, "cross_axis_tilt": 0}}, {"type": "Feature", "geometry": {"type": "Point", "coordinates": [14.8874342, 37.3757885]}, "properties": {"rol": "seguidor", "id": "TK0063", "tipo": "completo", "axis_azimuth": 0, "punto": "eje de unidad (no el motor)", "ncu": 2, "gw": 2, "axis_tilt": 0, "max_angle": 55, "backtrack": true, "gcr": 0.397, "cross_axis_tilt": 0}}, {"type": "Feature", "geometry": {"type": "Point", "coordinates": [14.8849468, 37.3757829]}, "properties": {"rol": "seguidor", "id": "TK0064", "tipo": "completo", "axis_azimuth": 0, "punto": "eje de unidad (no el motor)", "ncu": 2, "gw": 2, "axis_tilt": 0, "max_angle": 55, "backtrack": true, "gcr": 0.397, "cross_axis_tilt": 0}}, {"type": "Feature", "geometry": {"type": "Point", "coordinates": [14.8850651, 37.375783]}, "properties": {"rol": "seguidor", "id": "TK0065", "tipo": "completo", "axis_azimuth": 0, "punto": "eje de unidad (no el motor)", "ncu": 2, "gw": 2, "axis_tilt": 0, "max_angle": 55, "backtrack": true, "gcr": 0.397, "cross_axis_tilt": 0}}, {"type": "Feature", "geometry": {"type": "Point", "coordinates": [14.8882623, 37.3764452]}, "properties": {"rol": "seguidor", "id": "TK0066", "tipo": "completo", "axis_azimuth": 0, "punto": "eje de unidad (no el motor)", "ncu": 2, "gw": 2, "axis_tilt": 0, "max_angle": 55, "backtrack": true, "gcr": 0.397, "cross_axis_tilt": 0}}, {"type": "Feature", "geometry": {"type": "Point", "coordinates": [14.8883807, 37.3764453]}, "properties": {"rol": "seguidor", "id": "TK0067", "tipo": "completo", "axis_azimuth": 0, "punto": "eje de unidad (no el motor)", "ncu": 2, "gw": 2, "axis_tilt": 0, "max_angle": 55, "backtrack": true, "gcr": 0.397, "cross_axis_tilt": 0}}, {"type": "Feature", "geometry": {"type": "Point", "coordinates": [14.888499, 37.3764454]}, "properties": {"rol": "seguidor", "id": "TK0068", "tipo": "completo", "axis_azimuth": 0, "punto": "eje de unidad (no el motor)", "ncu": 2, "gw": 2, "axis_tilt": 0, "max_angle": 55, "backtrack": true, "gcr": 0.397, "cross_axis_tilt": 0}}, {"type": "Feature", "geometry": {"type": "Point", "coordinates": [14.8886174, 37.3764456]}, "properties": {"rol": "seguidor", "id": "TK0069", "tipo": "completo", "axis_azimuth": 0, "punto": "eje de unidad (no el motor)", "ncu": 2, "gw": 2, "axis_tilt": 0, "max_angle": 55, "backtrack": true, "gcr": 0.397, "cross_axis_tilt": 0}}, {"type": "Feature", "geometry": {"type": "Point", "coordinates": [14.8887358, 37.3764457]}, "properties": {"rol": "seguidor", "id": "TK0070", "tipo": "completo", "axis_azimuth": 0, "punto": "eje de unidad (no el motor)", "ncu": 2, "gw": 2, "axis_tilt": 0, "max_angle": 55, "backtrack": true, "gcr": 0.397, "cross_axis_tilt": 0}}, {"type": "Feature", "geometry": {"type": "Point", "coordinates": [14.8880265, 37.3757923]}, "properties": {"rol": "seguidor", "id": "TK0071", "tipo": "completo", "axis_azimuth": 0, "punto": "eje de unidad (no el motor)", "ncu": 2, "gw": 2, "axis_tilt": 0, "max_angle": 55, "backtrack": true, "gcr": 0.397, "cross_axis_tilt": 0}}, {"type": "Feature", "geometry": {"type": "Point", "coordinates": [14.8881449, 37.3757924]}, "properties": {"rol": "seguidor", "id": "TK0072", "tipo": "completo", "axis_azimuth": 0, "punto": "eje de unidad (no el motor)", "ncu": 2, "gw": 2, "axis_tilt": 0, "max_angle": 55, "backtrack": true, "gcr": 0.397, "cross_axis_tilt": 0}}, {"type": "Feature", "geometry": {"type": "Point", "coordinates": [14.8882633, 37.3757925]}, "properties": {"rol": "seguidor", "id": "TK0073", "tipo": "completo", "axis_azimuth": 0, "punto": "eje de unidad (no el motor)", "ncu": 2, "gw": 2, "axis_tilt": 0, "max_angle": 55, "backtrack": true, "gcr": 0.397, "cross_axis_tilt": 0}}, {"type": "Feature", "geometry": {"type": "Point", "coordinates": [14.8883816, 37.3757927]}, "properties": {"rol": "seguidor", "id": "TK0074", "tipo": "completo", "axis_azimuth": 0, "punto": "eje de unidad (no el motor)", "ncu": 2, "gw": 2, "axis_tilt": 0, "max_angle": 55, "backtrack": true, "gcr": 0.397, "cross_axis_tilt": 0}}, {"type": "Feature", "geometry": {"type": "Point", "coordinates": [14.8885, 37.3757928]}, "properties": {"rol": "seguidor", "id": "TK0075", "tipo": "completo", "axis_azimuth": 0, "punto": "eje de unidad (no el motor)", "ncu": 2, "gw": 2, "axis_tilt": 0, "max_angle": 55, "backtrack": true, "gcr": 0.397, "cross_axis_tilt": 0}}, {"type": "Feature", "geometry": {"type": "Point", "coordinates": [14.8850663, 37.3749881]}, "properties": {"rol": "seguidor", "id": "TK0076", "tipo": "completo", "axis_azimuth": 0, "punto": "eje de unidad (no el motor)", "ncu": 2, "gw": 2, "axis_tilt": 0, "max_angle": 55, "backtrack": true, "gcr": 0.397, "cross_axis_tilt": 0}}, {"type": "Feature", "geometry": {"type": "Point", "coordinates": [14.8851846, 37.3749882]}, "properties": {"rol": "seguidor", "id": "TK0077", "tipo": "completo", "axis_azimuth": 0, "punto": "eje de unidad (no el motor)", "ncu": 2, "gw": 2, "axis_tilt": 0, "max_angle": 55, "backtrack": true, "gcr": 0.397, "cross_axis_tilt": 0}}, {"type": "Feature", "geometry": {"type": "Point", "coordinates": [14.885303, 37.3749883]}, "properties": {"rol": "seguidor", "id": "TK0078", "tipo": "completo", "axis_azimuth": 0, "punto": "eje de unidad (no el motor)", "ncu": 2, "gw": 2, "axis_tilt": 0, "max_angle": 55, "backtrack": true, "gcr": 0.397, "cross_axis_tilt": 0}}, {"type": "Feature", "geometry": {"type": "Point", "coordinates": [14.8854214, 37.3749884]}, "properties": {"rol": "seguidor", "id": "TK0079", "tipo": "completo", "axis_azimuth": 0, "punto": "eje de unidad (no el motor)", "ncu": 2, "gw": 2, "axis_tilt": 0, "max_angle": 55, "backtrack": true, "gcr": 0.397, "cross_axis_tilt": 0}}, {"type": "Feature", "geometry": {"type": "Point", "coordinates": [14.8855397, 37.3749885]}, "properties": {"rol": "seguidor", "id": "TK0080", "tipo": "completo", "axis_azimuth": 0, "punto": "eje de unidad (no el motor)", "ncu": 2, "gw": 2, "axis_tilt": 0, "max_angle": 55, "backtrack": true, "gcr": 0.397, "cross_axis_tilt": 0}}, {"type": "Feature", "geometry": {"type": "Point", "coordinates": [14.8856581, 37.3749886]}, "properties": {"rol": "seguidor", "id": "TK0081", "tipo": "completo", "axis_azimuth": 0, "punto": "eje de unidad (no el motor)", "ncu": 2, "gw": 2, "axis_tilt": 0, "max_angle": 55, "backtrack": true, "gcr": 0.397, "cross_axis_tilt": 0}}, {"type": "Feature", "geometry": {"type": "Point", "coordinates": [14.8857765, 37.3749888]}, "properties": {"rol": "seguidor", "id": "TK0082", "tipo": "completo", "axis_azimuth": 0, "punto": "eje de unidad (no el motor)", "ncu": 2, "gw": 2, "axis_tilt": 0, "max_angle": 55, "backtrack": true, "gcr": 0.397, "cross_axis_tilt": 0}}, {"type": "Feature", "geometry": {"type": "Point", "coordinates": [14.8858948, 37.3749889]}, "properties": {"rol": "seguidor", "id": "TK0083", "tipo": "completo", "axis_azimuth": 0, "punto": "eje de unidad (no el motor)", "ncu": 2, "gw": 2, "axis_tilt": 0, "max_angle": 55, "backtrack": true, "gcr": 0.397, "cross_axis_tilt": 0}}, {"type": "Feature", "geometry": {"type": "Point", "coordinates": [14.8860132, 37.374989]}, "properties": {"rol": "seguidor", "id": "TK0084", "tipo": "completo", "axis_azimuth": 0, "punto": "eje de unidad (no el motor)", "ncu": 2, "gw": 2, "axis_tilt": 0, "max_angle": 55, "backtrack": true, "gcr": 0.397, "cross_axis_tilt": 0}}, {"type": "Feature", "geometry": {"type": "Point", "coordinates": [14.8861316, 37.3749891]}, "properties": {"rol": "seguidor", "id": "TK0085", "tipo": "completo", "axis_azimuth": 0, "punto": "eje de unidad (no el motor)", "ncu": 2, "gw": 2, "axis_tilt": 0, "max_angle": 55, "backtrack": true, "gcr": 0.397, "cross_axis_tilt": 0}}, {"type": "Feature", "geometry": {"type": "Point", "coordinates": [14.8862499, 37.3749892]}, "properties": {"rol": "seguidor", "id": "TK0086", "tipo": "completo", "axis_azimuth": 0, "punto": "eje de unidad (no el motor)", "ncu": 2, "gw": 2, "axis_tilt": 0, "max_angle": 55, "backtrack": true, "gcr": 0.397, "cross_axis_tilt": 0}}, {"type": "Feature", "geometry": {"type": "Point", "coordinates": [14.8863683, 37.3749893]}, "properties": {"rol": "seguidor", "id": "TK0087", "tipo": "completo", "axis_azimuth": 0, "punto": "eje de unidad (no el motor)", "ncu": 2, "gw": 2, "axis_tilt": 0, "max_angle": 55, "backtrack": true, "gcr": 0.397, "cross_axis_tilt": 0}}, {"type": "Feature", "geometry": {"type": "Point", "coordinates": [14.8864867, 37.3749894]}, "properties": {"rol": "seguidor", "id": "TK0088", "tipo": "completo", "axis_azimuth": 0, "punto": "eje de unidad (no el motor)", "ncu": 2, "gw": 2, "axis_tilt": 0, "max_angle": 55, "backtrack": true, "gcr": 0.397, "cross_axis_tilt": 0}}, {"type": "Feature", "geometry": {"type": "Point", "coordinates": [14.8850673, 37.3743354]}, "properties": {"rol": "seguidor", "id": "TK0089", "tipo": "completo", "axis_azimuth": 0, "punto": "eje de unidad (no el motor)", "ncu": 2, "gw": 2, "axis_tilt": 0, "max_angle": 55, "backtrack": true, "gcr": 0.397, "cross_axis_tilt": 0}}, {"type": "Feature", "geometry": {"type": "Point", "coordinates": [14.8851856, 37.3743355]}, "properties": {"rol": "seguidor", "id": "TK0090", "tipo": "completo", "axis_azimuth": 0, "punto": "eje de unidad (no el motor)", "ncu": 2, "gw": 2, "axis_tilt": 0, "max_angle": 55, "backtrack": true, "gcr": 0.397, "cross_axis_tilt": 0}}, {"type": "Feature", "geometry": {"type": "Point", "coordinates": [14.885304, 37.3743356]}, "properties": {"rol": "seguidor", "id": "TK0091", "tipo": "completo", "axis_azimuth": 0, "punto": "eje de unidad (no el motor)", "ncu": 2, "gw": 2, "axis_tilt": 0, "max_angle": 55, "backtrack": true, "gcr": 0.397, "cross_axis_tilt": 0}}, {"type": "Feature", "geometry": {"type": "Point", "coordinates": [14.8854224, 37.3743357]}, "properties": {"rol": "seguidor", "id": "TK0092", "tipo": "completo", "axis_azimuth": 0, "punto": "eje de unidad (no el motor)", "ncu": 2, "gw": 2, "axis_tilt": 0, "max_angle": 55, "backtrack": true, "gcr": 0.397, "cross_axis_tilt": 0}}, {"type": "Feature", "geometry": {"type": "Point", "coordinates": [14.8855407, 37.3743359]}, "properties": {"rol": "seguidor", "id": "TK0093", "tipo": "completo", "axis_azimuth": 0, "punto": "eje de unidad (no el motor)", "ncu": 2, "gw": 2, "axis_tilt": 0, "max_angle": 55, "backtrack": true, "gcr": 0.397, "cross_axis_tilt": 0}}, {"type": "Feature", "geometry": {"type": "Point", "coordinates": [14.8856591, 37.374336]}, "properties": {"rol": "seguidor", "id": "TK0094", "tipo": "completo", "axis_azimuth": 0, "punto": "eje de unidad (no el motor)", "ncu": 2, "gw": 2, "axis_tilt": 0, "max_angle": 55, "backtrack": true, "gcr": 0.397, "cross_axis_tilt": 0}}, {"type": "Feature", "geometry": {"type": "Point", "coordinates": [14.8857775, 37.3743361]}, "properties": {"rol": "seguidor", "id": "TK0095", "tipo": "completo", "axis_azimuth": 0, "punto": "eje de unidad (no el motor)", "ncu": 2, "gw": 2, "axis_tilt": 0, "max_angle": 55, "backtrack": true, "gcr": 0.397, "cross_axis_tilt": 0}}, {"type": "Feature", "geometry": {"type": "Point", "coordinates": [14.8858958, 37.3743362]}, "properties": {"rol": "seguidor", "id": "TK0096", "tipo": "completo", "axis_azimuth": 0, "punto": "eje de unidad (no el motor)", "ncu": 2, "gw": 2, "axis_tilt": 0, "max_angle": 55, "backtrack": true, "gcr": 0.397, "cross_axis_tilt": 0}}, {"type": "Feature", "geometry": {"type": "Point", "coordinates": [14.8860142, 37.3743363]}, "properties": {"rol": "seguidor", "id": "TK0097", "tipo": "completo", "axis_azimuth": 0, "punto": "eje de unidad (no el motor)", "ncu": 2, "gw": 2, "axis_tilt": 0, "max_angle": 55, "backtrack": true, "gcr": 0.397, "cross_axis_tilt": 0}}, {"type": "Feature", "geometry": {"type": "Point", "coordinates": [14.8861326, 37.3743364]}, "properties": {"rol": "seguidor", "id": "TK0098", "tipo": "completo", "axis_azimuth": 0, "punto": "eje de unidad (no el motor)", "ncu": 2, "gw": 2, "axis_tilt": 0, "max_angle": 55, "backtrack": true, "gcr": 0.397, "cross_axis_tilt": 0}}, {"type": "Feature", "geometry": {"type": "Point", "coordinates": [14.8862509, 37.3743365]}, "properties": {"rol": "seguidor", "id": "TK0099", "tipo": "completo", "axis_azimuth": 0, "punto": "eje de unidad (no el motor)", "ncu": 2, "gw": 2, "axis_tilt": 0, "max_angle": 55, "backtrack": true, "gcr": 0.397, "cross_axis_tilt": 0}}, {"type": "Feature", "geometry": {"type": "Point", "coordinates": [14.8850683, 37.3736602]}, "properties": {"rol": "seguidor", "id": "TK0100", "tipo": "completo", "axis_azimuth": 0, "punto": "eje de unidad (no el motor)", "ncu": 4, "gw": 4, "axis_tilt": 0, "max_angle": 55, "backtrack": true, "gcr": 0.397, "cross_axis_tilt": 0}}, {"type": "Feature", "geometry": {"type": "Point", "coordinates": [14.8851867, 37.3736603]}, "properties": {"rol": "seguidor", "id": "TK0101", "tipo": "completo", "axis_azimuth": 0, "punto": "eje de unidad (no el motor)", "ncu": 4, "gw": 4, "axis_tilt": 0, "max_angle": 55, "backtrack": true, "gcr": 0.397, "cross_axis_tilt": 0}}, {"type": "Feature", "geometry": {"type": "Point", "coordinates": [14.885305, 37.3736604]}, "properties": {"rol": "seguidor", "id": "TK0102", "tipo": "completo", "axis_azimuth": 0, "punto": "eje de unidad (no el motor)", "ncu": 4, "gw": 4, "axis_tilt": 0, "max_angle": 55, "backtrack": true, "gcr": 0.397, "cross_axis_tilt": 0}}, {"type": "Feature", "geometry": {"type": "Point", "coordinates": [14.8854234, 37.3736605]}, "properties": {"rol": "seguidor", "id": "TK0103", "tipo": "completo", "axis_azimuth": 0, "punto": "eje de unidad (no el motor)", "ncu": 4, "gw": 4, "axis_tilt": 0, "max_angle": 55, "backtrack": true, "gcr": 0.397, "cross_axis_tilt": 0}}, {"type": "Feature", "geometry": {"type": "Point", "coordinates": [14.8855418, 37.3736607]}, "properties": {"rol": "seguidor", "id": "TK0104", "tipo": "completo", "axis_azimuth": 0, "punto": "eje de unidad (no el motor)", "ncu": 4, "gw": 4, "axis_tilt": 0, "max_angle": 55, "backtrack": true, "gcr": 0.397, "cross_axis_tilt": 0}}, {"type": "Feature", "geometry": {"type": "Point", "coordinates": [14.8856601, 37.3736608]}, "properties": {"rol": "seguidor", "id": "TK0105", "tipo": "completo", "axis_azimuth": 0, "punto": "eje de unidad (no el motor)", "ncu": 4, "gw": 4, "axis_tilt": 0, "max_angle": 55, "backtrack": true, "gcr": 0.397, "cross_axis_tilt": 0}}, {"type": "Feature", "geometry": {"type": "Point", "coordinates": [14.8857785, 37.3736609]}, "properties": {"rol": "seguidor", "id": "TK0106", "tipo": "completo", "axis_azimuth": 0, "punto": "eje de unidad (no el motor)", "ncu": 4, "gw": 4, "axis_tilt": 0, "max_angle": 55, "backtrack": true, "gcr": 0.397, "cross_axis_tilt": 0}}, {"type": "Feature", "geometry": {"type": "Point", "coordinates": [14.8858969, 37.373661]}, "properties": {"rol": "seguidor", "id": "TK0107", "tipo": "completo", "axis_azimuth": 0, "punto": "eje de unidad (no el motor)", "ncu": 4, "gw": 4, "axis_tilt": 0, "max_angle": 55, "backtrack": true, "gcr": 0.397, "cross_axis_tilt": 0}}, {"type": "Feature", "geometry": {"type": "Point", "coordinates": [14.8842378, 37.3742377]}, "properties": {"rol": "seguidor", "id": "TK0108", "tipo": "completo", "axis_azimuth": 0, "punto": "eje de unidad (no el motor)", "ncu": 3, "gw": 3, "axis_tilt": 0, "max_angle": 55, "backtrack": true, "gcr": 0.397, "cross_axis_tilt": 0}}, {"type": "Feature", "geometry": {"type": "Point", "coordinates": [14.8843561, 37.3742378]}, "properties": {"rol": "seguidor", "id": "TK0109", "tipo": "completo", "axis_azimuth": 0, "punto": "eje de unidad (no el motor)", "ncu": 3, "gw": 3, "axis_tilt": 0, "max_angle": 55, "backtrack": true, "gcr": 0.397, "cross_axis_tilt": 0}}, {"type": "Feature", "geometry": {"type": "Point", "coordinates": [14.8844745, 37.3742379]}, "properties": {"rol": "seguidor", "id": "TK0110", "tipo": "completo", "axis_azimuth": 0, "punto": "eje de unidad (no el motor)", "ncu": 3, "gw": 3, "axis_tilt": 0, "max_angle": 55, "backtrack": true, "gcr": 0.397, "cross_axis_tilt": 0}}, {"type": "Feature", "geometry": {"type": "Point", "coordinates": [14.8845929, 37.374238]}, "properties": {"rol": "seguidor", "id": "TK0111", "tipo": "completo", "axis_azimuth": 0, "punto": "eje de unidad (no el motor)", "ncu": 3, "gw": 3, "axis_tilt": 0, "max_angle": 55, "backtrack": true, "gcr": 0.397, "cross_axis_tilt": 0}}, {"type": "Feature", "geometry": {"type": "Point", "coordinates": [14.8847112, 37.3742381]}, "properties": {"rol": "seguidor", "id": "TK0112", "tipo": "completo", "axis_azimuth": 0, "punto": "eje de unidad (no el motor)", "ncu": 3, "gw": 3, "axis_tilt": 0, "max_angle": 55, "backtrack": true, "gcr": 0.397, "cross_axis_tilt": 0}}, {"type": "Feature", "geometry": {"type": "Point", "coordinates": [14.884002, 37.3735848]}, "properties": {"rol": "seguidor", "id": "TK0113", "tipo": "completo", "axis_azimuth": 0, "punto": "eje de unidad (no el motor)", "ncu": 3, "gw": 3, "axis_tilt": 0, "max_angle": 55, "backtrack": true, "gcr": 0.397, "cross_axis_tilt": 0}}, {"type": "Feature", "geometry": {"type": "Point", "coordinates": [14.8842388, 37.373585]}, "properties": {"rol": "seguidor", "id": "TK0114", "tipo": "completo", "axis_azimuth": 0, "punto": "eje de unidad (no el motor)", "ncu": 3, "gw": 3, "axis_tilt": 0, "max_angle": 55, "backtrack": true, "gcr": 0.397, "cross_axis_tilt": 0}}, {"type": "Feature", "geometry": {"type": "Point", "coordinates": [14.8843571, 37.3735851]}, "properties": {"rol": "seguidor", "id": "TK0115", "tipo": "completo", "axis_azimuth": 0, "punto": "eje de unidad (no el motor)", "ncu": 3, "gw": 3, "axis_tilt": 0, "max_angle": 55, "backtrack": true, "gcr": 0.397, "cross_axis_tilt": 0}}, {"type": "Feature", "geometry": {"type": "Point", "coordinates": [14.8844755, 37.3735852]}, "properties": {"rol": "seguidor", "id": "TK0116", "tipo": "completo", "axis_azimuth": 0, "punto": "eje de unidad (no el motor)", "ncu": 3, "gw": 3, "axis_tilt": 0, "max_angle": 55, "backtrack": true, "gcr": 0.397, "cross_axis_tilt": 0}}, {"type": "Feature", "geometry": {"type": "Point", "coordinates": [14.8845939, 37.3735853]}, "properties": {"rol": "seguidor", "id": "TK0117", "tipo": "completo", "axis_azimuth": 0, "punto": "eje de unidad (no el motor)", "ncu": 3, "gw": 3, "axis_tilt": 0, "max_angle": 55, "backtrack": true, "gcr": 0.397, "cross_axis_tilt": 0}}, {"type": "Feature", "geometry": {"type": "Point", "coordinates": [14.8847122, 37.3735854]}, "properties": {"rol": "seguidor", "id": "TK0118", "tipo": "completo", "axis_azimuth": 0, "punto": "eje de unidad (no el motor)", "ncu": 3, "gw": 3, "axis_tilt": 0, "max_angle": 55, "backtrack": true, "gcr": 0.397, "cross_axis_tilt": 0}}, {"type": "Feature", "geometry": {"type": "Point", "coordinates": [14.8834119, 37.3723072]}, "properties": {"rol": "seguidor", "id": "TK0119", "tipo": "completo", "axis_azimuth": 0, "punto": "eje de unidad (no el motor)", "ncu": 3, "gw": 3, "axis_tilt": 0, "max_angle": 55, "backtrack": true, "gcr": 0.397, "cross_axis_tilt": 0}}, {"type": "Feature", "geometry": {"type": "Point", "coordinates": [14.8835303, 37.3723073]}, "properties": {"rol": "seguidor", "id": "TK0120", "tipo": "completo", "axis_azimuth": 0, "punto": "eje de unidad (no el motor)", "ncu": 3, "gw": 3, "axis_tilt": 0, "max_angle": 55, "backtrack": true, "gcr": 0.397, "cross_axis_tilt": 0}}, {"type": "Feature", "geometry": {"type": "Point", "coordinates": [14.8836486, 37.3723074]}, "properties": {"rol": "seguidor", "id": "TK0121", "tipo": "completo", "axis_azimuth": 0, "punto": "eje de unidad (no el motor)", "ncu": 3, "gw": 3, "axis_tilt": 0, "max_angle": 55, "backtrack": true, "gcr": 0.397, "cross_axis_tilt": 0}}, {"type": "Feature", "geometry": {"type": "Point", "coordinates": [14.883767, 37.3723075]}, "properties": {"rol": "seguidor", "id": "TK0122", "tipo": "completo", "axis_azimuth": 0, "punto": "eje de unidad (no el motor)", "ncu": 3, "gw": 3, "axis_tilt": 0, "max_angle": 55, "backtrack": true, "gcr": 0.397, "cross_axis_tilt": 0}}, {"type": "Feature", "geometry": {"type": "Point", "coordinates": [14.8838854, 37.3723077]}, "properties": {"rol": "seguidor", "id": "TK0123", "tipo": "completo", "axis_azimuth": 0, "punto": "eje de unidad (no el motor)", "ncu": 3, "gw": 3, "axis_tilt": 0, "max_angle": 55, "backtrack": true, "gcr": 0.397, "cross_axis_tilt": 0}}, {"type": "Feature", "geometry": {"type": "Point", "coordinates": [14.8840037, 37.3723078]}, "properties": {"rol": "seguidor", "id": "TK0124", "tipo": "completo", "axis_azimuth": 0, "punto": "eje de unidad (no el motor)", "ncu": 3, "gw": 3, "axis_tilt": 0, "max_angle": 55, "backtrack": true, "gcr": 0.397, "cross_axis_tilt": 0}}, {"type": "Feature", "geometry": {"type": "Point", "coordinates": [14.8841221, 37.3723079]}, "properties": {"rol": "seguidor", "id": "TK0125", "tipo": "completo", "axis_azimuth": 0, "punto": "eje de unidad (no el motor)", "ncu": 3, "gw": 3, "axis_tilt": 0, "max_angle": 55, "backtrack": true, "gcr": 0.397, "cross_axis_tilt": 0}}, {"type": "Feature", "geometry": {"type": "Point", "coordinates": [14.8842405, 37.372308]}, "properties": {"rol": "seguidor", "id": "TK0126", "tipo": "completo", "axis_azimuth": 0, "punto": "eje de unidad (no el motor)", "ncu": 3, "gw": 3, "axis_tilt": 0, "max_angle": 55, "backtrack": true, "gcr": 0.397, "cross_axis_tilt": 0}}, {"type": "Feature", "geometry": {"type": "Point", "coordinates": [14.8843588, 37.3723081]}, "properties": {"rol": "seguidor", "id": "TK0127", "tipo": "completo", "axis_azimuth": 0, "punto": "eje de unidad (no el motor)", "ncu": 3, "gw": 3, "axis_tilt": 0, "max_angle": 55, "backtrack": true, "gcr": 0.397, "cross_axis_tilt": 0}}, {"type": "Feature", "geometry": {"type": "Point", "coordinates": [14.8844772, 37.3723082]}, "properties": {"rol": "seguidor", "id": "TK0128", "tipo": "completo", "axis_azimuth": 0, "punto": "eje de unidad (no el motor)", "ncu": 3, "gw": 3, "axis_tilt": 0, "max_angle": 55, "backtrack": true, "gcr": 0.397, "cross_axis_tilt": 0}}, {"type": "Feature", "geometry": {"type": "Point", "coordinates": [14.8845955, 37.3723083]}, "properties": {"rol": "seguidor", "id": "TK0129", "tipo": "completo", "axis_azimuth": 0, "punto": "eje de unidad (no el motor)", "ncu": 3, "gw": 3, "axis_tilt": 0, "max_angle": 55, "backtrack": true, "gcr": 0.397, "cross_axis_tilt": 0}}, {"type": "Feature", "geometry": {"type": "Point", "coordinates": [14.8847139, 37.3723085]}, "properties": {"rol": "seguidor", "id": "TK0130", "tipo": "completo", "axis_azimuth": 0, "punto": "eje de unidad (no el motor)", "ncu": 3, "gw": 3, "axis_tilt": 0, "max_angle": 55, "backtrack": true, "gcr": 0.397, "cross_axis_tilt": 0}}, {"type": "Feature", "geometry": {"type": "Point", "coordinates": [14.8832946, 37.3716544]}, "properties": {"rol": "seguidor", "id": "TK0131", "tipo": "completo", "axis_azimuth": 0, "punto": "eje de unidad (no el motor)", "ncu": 3, "gw": 3, "axis_tilt": 0, "max_angle": 55, "backtrack": true, "gcr": 0.397, "cross_axis_tilt": 0}}, {"type": "Feature", "geometry": {"type": "Point", "coordinates": [14.8834129, 37.3716545]}, "properties": {"rol": "seguidor", "id": "TK0132", "tipo": "completo", "axis_azimuth": 0, "punto": "eje de unidad (no el motor)", "ncu": 3, "gw": 3, "axis_tilt": 0, "max_angle": 55, "backtrack": true, "gcr": 0.397, "cross_axis_tilt": 0}}, {"type": "Feature", "geometry": {"type": "Point", "coordinates": [14.8835313, 37.3716546]}, "properties": {"rol": "seguidor", "id": "TK0133", "tipo": "completo", "axis_azimuth": 0, "punto": "eje de unidad (no el motor)", "ncu": 3, "gw": 3, "axis_tilt": 0, "max_angle": 55, "backtrack": true, "gcr": 0.397, "cross_axis_tilt": 0}}, {"type": "Feature", "geometry": {"type": "Point", "coordinates": [14.8836496, 37.3716547]}, "properties": {"rol": "seguidor", "id": "TK0134", "tipo": "completo", "axis_azimuth": 0, "punto": "eje de unidad (no el motor)", "ncu": 3, "gw": 3, "axis_tilt": 0, "max_angle": 55, "backtrack": true, "gcr": 0.397, "cross_axis_tilt": 0}}, {"type": "Feature", "geometry": {"type": "Point", "coordinates": [14.883768, 37.3716549]}, "properties": {"rol": "seguidor", "id": "TK0135", "tipo": "completo", "axis_azimuth": 0, "punto": "eje de unidad (no el motor)", "ncu": 3, "gw": 3, "axis_tilt": 0, "max_angle": 55, "backtrack": true, "gcr": 0.397, "cross_axis_tilt": 0}}, {"type": "Feature", "geometry": {"type": "Point", "coordinates": [14.8838864, 37.371655]}, "properties": {"rol": "seguidor", "id": "TK0136", "tipo": "completo", "axis_azimuth": 0, "punto": "eje de unidad (no el motor)", "ncu": 3, "gw": 3, "axis_tilt": 0, "max_angle": 55, "backtrack": true, "gcr": 0.397, "cross_axis_tilt": 0}}, {"type": "Feature", "geometry": {"type": "Point", "coordinates": [14.8840047, 37.3716551]}, "properties": {"rol": "seguidor", "id": "TK0137", "tipo": "completo", "axis_azimuth": 0, "punto": "eje de unidad (no el motor)", "ncu": 3, "gw": 3, "axis_tilt": 0, "max_angle": 55, "backtrack": true, "gcr": 0.397, "cross_axis_tilt": 0}}, {"type": "Feature", "geometry": {"type": "Point", "coordinates": [14.8841231, 37.3716552]}, "properties": {"rol": "seguidor", "id": "TK0138", "tipo": "completo", "axis_azimuth": 0, "punto": "eje de unidad (no el motor)", "ncu": 3, "gw": 3, "axis_tilt": 0, "max_angle": 55, "backtrack": true, "gcr": 0.397, "cross_axis_tilt": 0}}, {"type": "Feature", "geometry": {"type": "Point", "coordinates": [14.8842415, 37.3716553]}, "properties": {"rol": "seguidor", "id": "TK0139", "tipo": "completo", "axis_azimuth": 0, "punto": "eje de unidad (no el motor)", "ncu": 3, "gw": 3, "axis_tilt": 0, "max_angle": 55, "backtrack": true, "gcr": 0.397, "cross_axis_tilt": 0}}, {"type": "Feature", "geometry": {"type": "Point", "coordinates": [14.8843598, 37.3716554]}, "properties": {"rol": "seguidor", "id": "TK0140", "tipo": "completo", "axis_azimuth": 0, "punto": "eje de unidad (no el motor)", "ncu": 3, "gw": 3, "axis_tilt": 0, "max_angle": 55, "backtrack": true, "gcr": 0.397, "cross_axis_tilt": 0}}, {"type": "Feature", "geometry": {"type": "Point", "coordinates": [14.8844782, 37.3716556]}, "properties": {"rol": "seguidor", "id": "TK0141", "tipo": "completo", "axis_azimuth": 0, "punto": "eje de unidad (no el motor)", "ncu": 3, "gw": 3, "axis_tilt": 0, "max_angle": 55, "backtrack": true, "gcr": 0.397, "cross_axis_tilt": 0}}, {"type": "Feature", "geometry": {"type": "Point", "coordinates": [14.8845965, 37.3716557]}, "properties": {"rol": "seguidor", "id": "TK0142", "tipo": "completo", "axis_azimuth": 0, "punto": "eje de unidad (no el motor)", "ncu": 3, "gw": 3, "axis_tilt": 0, "max_angle": 55, "backtrack": true, "gcr": 0.397, "cross_axis_tilt": 0}}, {"type": "Feature", "geometry": {"type": "Point", "coordinates": [14.8847149, 37.3716558]}, "properties": {"rol": "seguidor", "id": "TK0143", "tipo": "completo", "axis_azimuth": 0, "punto": "eje de unidad (no el motor)", "ncu": 3, "gw": 3, "axis_tilt": 0, "max_angle": 55, "backtrack": true, "gcr": 0.397, "cross_axis_tilt": 0}}, {"type": "Feature", "geometry": {"type": "Point", "coordinates": [14.8831762, 37.3716183]}, "properties": {"rol": "seguidor", "id": "TK0144", "tipo": "completo", "axis_azimuth": 0, "punto": "eje de unidad (no el motor)", "ncu": 3, "gw": 3, "axis_tilt": 0, "max_angle": 55, "backtrack": true, "gcr": 0.397, "cross_axis_tilt": 0}}, {"type": "Feature", "geometry": {"type": "Point", "coordinates": [14.8836488, 37.3707581]}, "properties": {"rol": "seguidor", "id": "TK0145", "tipo": "completo", "axis_azimuth": 0, "punto": "eje de unidad (no el motor)", "ncu": 5, "gw": 5, "axis_tilt": 0, "max_angle": 55, "backtrack": true, "gcr": 0.397, "cross_axis_tilt": 0}}, {"type": "Feature", "geometry": {"type": "Point", "coordinates": [14.8837669, 37.3707618]}, "properties": {"rol": "seguidor", "id": "TK0146", "tipo": "completo", "axis_azimuth": 0, "punto": "eje de unidad (no el motor)", "ncu": 5, "gw": 5, "axis_tilt": 0, "max_angle": 55, "backtrack": true, "gcr": 0.397, "cross_axis_tilt": 0}}, {"type": "Feature", "geometry": {"type": "Point", "coordinates": [14.8838852, 37.3707619]}, "properties": {"rol": "seguidor", "id": "TK0147", "tipo": "completo", "axis_azimuth": 0, "punto": "eje de unidad (no el motor)", "ncu": 5, "gw": 5, "axis_tilt": 0, "max_angle": 55, "backtrack": true, "gcr": 0.397, "cross_axis_tilt": 0}}, {"type": "Feature", "geometry": {"type": "Point", "coordinates": [14.8840036, 37.3707621]}, "properties": {"rol": "seguidor", "id": "TK0148", "tipo": "completo", "axis_azimuth": 0, "punto": "eje de unidad (no el motor)", "ncu": 5, "gw": 5, "axis_tilt": 0, "max_angle": 55, "backtrack": true, "gcr": 0.397, "cross_axis_tilt": 0}}, {"type": "Feature", "geometry": {"type": "Point", "coordinates": [14.884122, 37.3707622]}, "properties": {"rol": "seguidor", "id": "TK0149", "tipo": "completo", "axis_azimuth": 0, "punto": "eje de unidad (no el motor)", "ncu": 5, "gw": 5, "axis_tilt": 0, "max_angle": 55, "backtrack": true, "gcr": 0.397, "cross_axis_tilt": 0}}, {"type": "Feature", "geometry": {"type": "Point", "coordinates": [14.8842403, 37.3707623]}, "properties": {"rol": "seguidor", "id": "TK0150", "tipo": "completo", "axis_azimuth": 0, "punto": "eje de unidad (no el motor)", "ncu": 5, "gw": 5, "axis_tilt": 0, "max_angle": 55, "backtrack": true, "gcr": 0.397, "cross_axis_tilt": 0}}, {"type": "Feature", "geometry": {"type": "Point", "coordinates": [14.8843587, 37.3707624]}, "properties": {"rol": "seguidor", "id": "TK0151", "tipo": "completo", "axis_azimuth": 0, "punto": "eje de unidad (no el motor)", "ncu": 5, "gw": 5, "axis_tilt": 0, "max_angle": 55, "backtrack": true, "gcr": 0.397, "cross_axis_tilt": 0}}, {"type": "Feature", "geometry": {"type": "Point", "coordinates": [14.884477, 37.3707625]}, "properties": {"rol": "seguidor", "id": "TK0152", "tipo": "completo", "axis_azimuth": 0, "punto": "eje de unidad (no el motor)", "ncu": 5, "gw": 5, "axis_tilt": 0, "max_angle": 55, "backtrack": true, "gcr": 0.397, "cross_axis_tilt": 0}}, {"type": "Feature", "geometry": {"type": "Point", "coordinates": [14.8845954, 37.3707626]}, "properties": {"rol": "seguidor", "id": "TK0153", "tipo": "completo", "axis_azimuth": 0, "punto": "eje de unidad (no el motor)", "ncu": 5, "gw": 5, "axis_tilt": 0, "max_angle": 55, "backtrack": true, "gcr": 0.397, "cross_axis_tilt": 0}}, {"type": "Feature", "geometry": {"type": "Point", "coordinates": [14.8821133, 37.3694684]}, "properties": {"rol": "seguidor", "id": "TK0154", "tipo": "completo", "axis_azimuth": 0, "punto": "eje de unidad (no el motor)", "ncu": 5, "gw": 5, "axis_tilt": 0, "max_angle": 55, "backtrack": true, "gcr": 0.397, "cross_axis_tilt": 0}}, {"type": "Feature", "geometry": {"type": "Point", "coordinates": [14.8822316, 37.3694685]}, "properties": {"rol": "seguidor", "id": "TK0155", "tipo": "completo", "axis_azimuth": 0, "punto": "eje de unidad (no el motor)", "ncu": 5, "gw": 5, "axis_tilt": 0, "max_angle": 55, "backtrack": true, "gcr": 0.397, "cross_axis_tilt": 0}}, {"type": "Feature", "geometry": {"type": "Point", "coordinates": [14.8823497, 37.3696331]}, "properties": {"rol": "seguidor", "id": "TK0156", "tipo": "completo", "axis_azimuth": 0, "punto": "eje de unidad (no el motor)", "ncu": 5, "gw": 5, "axis_tilt": 0, "max_angle": 55, "backtrack": true, "gcr": 0.397, "cross_axis_tilt": 0}}, {"type": "Feature", "geometry": {"type": "Point", "coordinates": [14.8824681, 37.3696332]}, "properties": {"rol": "seguidor", "id": "TK0157", "tipo": "completo", "axis_azimuth": 0, "punto": "eje de unidad (no el motor)", "ncu": 5, "gw": 5, "axis_tilt": 0, "max_angle": 55, "backtrack": true, "gcr": 0.397, "cross_axis_tilt": 0}}, {"type": "Feature", "geometry": {"type": "Point", "coordinates": [14.8825864, 37.3696333]}, "properties": {"rol": "seguidor", "id": "TK0158", "tipo": "completo", "axis_azimuth": 0, "punto": "eje de unidad (no el motor)", "ncu": 5, "gw": 5, "axis_tilt": 0, "max_angle": 55, "backtrack": true, "gcr": 0.397, "cross_axis_tilt": 0}}, {"type": "Feature", "geometry": {"type": "Point", "coordinates": [14.8827048, 37.3696334]}, "properties": {"rol": "seguidor", "id": "TK0159", "tipo": "completo", "axis_azimuth": 0, "punto": "eje de unidad (no el motor)", "ncu": 5, "gw": 5, "axis_tilt": 0, "max_angle": 55, "backtrack": true, "gcr": 0.397, "cross_axis_tilt": 0}}, {"type": "Feature", "geometry": {"type": "Point", "coordinates": [14.8828232, 37.3696335]}, "properties": {"rol": "seguidor", "id": "TK0160", "tipo": "completo", "axis_azimuth": 0, "punto": "eje de unidad (no el motor)", "ncu": 5, "gw": 5, "axis_tilt": 0, "max_angle": 55, "backtrack": true, "gcr": 0.397, "cross_axis_tilt": 0}}, {"type": "Feature", "geometry": {"type": "Point", "coordinates": [14.8829415, 37.3696337]}, "properties": {"rol": "seguidor", "id": "TK0161", "tipo": "completo", "axis_azimuth": 0, "punto": "eje de unidad (no el motor)", "ncu": 5, "gw": 5, "axis_tilt": 0, "max_angle": 55, "backtrack": true, "gcr": 0.397, "cross_axis_tilt": 0}}, {"type": "Feature", "geometry": {"type": "Point", "coordinates": [14.8830599, 37.3696338]}, "properties": {"rol": "seguidor", "id": "TK0162", "tipo": "completo", "axis_azimuth": 0, "punto": "eje de unidad (no el motor)", "ncu": 5, "gw": 5, "axis_tilt": 0, "max_angle": 55, "backtrack": true, "gcr": 0.397, "cross_axis_tilt": 0}}, {"type": "Feature", "geometry": {"type": "Point", "coordinates": [14.8831782, 37.3696339]}, "properties": {"rol": "seguidor", "id": "TK0163", "tipo": "completo", "axis_azimuth": 0, "punto": "eje de unidad (no el motor)", "ncu": 5, "gw": 5, "axis_tilt": 0, "max_angle": 55, "backtrack": true, "gcr": 0.397, "cross_axis_tilt": 0}}, {"type": "Feature", "geometry": {"type": "Point", "coordinates": [14.8832966, 37.369634]}, "properties": {"rol": "seguidor", "id": "TK0164", "tipo": "completo", "axis_azimuth": 0, "punto": "eje de unidad (no el motor)", "ncu": 5, "gw": 5, "axis_tilt": 0, "max_angle": 55, "backtrack": true, "gcr": 0.397, "cross_axis_tilt": 0}}, {"type": "Feature", "geometry": {"type": "Point", "coordinates": [14.883415, 37.3696341]}, "properties": {"rol": "seguidor", "id": "TK0165", "tipo": "completo", "axis_azimuth": 0, "punto": "eje de unidad (no el motor)", "ncu": 5, "gw": 5, "axis_tilt": 0, "max_angle": 55, "backtrack": true, "gcr": 0.397, "cross_axis_tilt": 0}}, {"type": "Feature", "geometry": {"type": "Point", "coordinates": [14.8835333, 37.3696342]}, "properties": {"rol": "seguidor", "id": "TK0166", "tipo": "completo", "axis_azimuth": 0, "punto": "eje de unidad (no el motor)", "ncu": 5, "gw": 5, "axis_tilt": 0, "max_angle": 55, "backtrack": true, "gcr": 0.397, "cross_axis_tilt": 0}}, {"type": "Feature", "geometry": {"type": "Point", "coordinates": [14.8836517, 37.3696344]}, "properties": {"rol": "seguidor", "id": "TK0167", "tipo": "completo", "axis_azimuth": 0, "punto": "eje de unidad (no el motor)", "ncu": 5, "gw": 5, "axis_tilt": 0, "max_angle": 55, "backtrack": true, "gcr": 0.397, "cross_axis_tilt": 0}}, {"type": "Feature", "geometry": {"type": "Point", "coordinates": [14.88377, 37.3696345]}, "properties": {"rol": "seguidor", "id": "TK0168", "tipo": "completo", "axis_azimuth": 0, "punto": "eje de unidad (no el motor)", "ncu": 5, "gw": 5, "axis_tilt": 0, "max_angle": 55, "backtrack": true, "gcr": 0.397, "cross_axis_tilt": 0}}, {"type": "Feature", "geometry": {"type": "Point", "coordinates": [14.8818776, 37.3688155]}, "properties": {"rol": "seguidor", "id": "TK0169", "tipo": "completo", "axis_azimuth": 0, "punto": "eje de unidad (no el motor)", "ncu": 5, "gw": 5, "axis_tilt": 0, "max_angle": 55, "backtrack": true, "gcr": 0.397, "cross_axis_tilt": 0}}, {"type": "Feature", "geometry": {"type": "Point", "coordinates": [14.8819959, 37.3688156]}, "properties": {"rol": "seguidor", "id": "TK0170", "tipo": "completo", "axis_azimuth": 0, "punto": "eje de unidad (no el motor)", "ncu": 5, "gw": 5, "axis_tilt": 0, "max_angle": 55, "backtrack": true, "gcr": 0.397, "cross_axis_tilt": 0}}, {"type": "Feature", "geometry": {"type": "Point", "coordinates": [14.8821143, 37.3688157]}, "properties": {"rol": "seguidor", "id": "TK0171", "tipo": "completo", "axis_azimuth": 0, "punto": "eje de unidad (no el motor)", "ncu": 5, "gw": 5, "axis_tilt": 0, "max_angle": 55, "backtrack": true, "gcr": 0.397, "cross_axis_tilt": 0}}, {"type": "Feature", "geometry": {"type": "Point", "coordinates": [14.8822326, 37.3688159]}, "properties": {"rol": "seguidor", "id": "TK0172", "tipo": "completo", "axis_azimuth": 0, "punto": "eje de unidad (no el motor)", "ncu": 5, "gw": 5, "axis_tilt": 0, "max_angle": 55, "backtrack": true, "gcr": 0.397, "cross_axis_tilt": 0}}, {"type": "Feature", "geometry": {"type": "Point", "coordinates": [14.8823507, 37.3689804]}, "properties": {"rol": "seguidor", "id": "TK0173", "tipo": "completo", "axis_azimuth": 0, "punto": "eje de unidad (no el motor)", "ncu": 5, "gw": 5, "axis_tilt": 0, "max_angle": 55, "backtrack": true, "gcr": 0.397, "cross_axis_tilt": 0}}, {"type": "Feature", "geometry": {"type": "Point", "coordinates": [14.8824691, 37.3689805]}, "properties": {"rol": "seguidor", "id": "TK0174", "tipo": "completo", "axis_azimuth": 0, "punto": "eje de unidad (no el motor)", "ncu": 5, "gw": 5, "axis_tilt": 0, "max_angle": 55, "backtrack": true, "gcr": 0.397, "cross_axis_tilt": 0}}, {"type": "Feature", "geometry": {"type": "Point", "coordinates": [14.8825875, 37.3689806]}, "properties": {"rol": "seguidor", "id": "TK0175", "tipo": "completo", "axis_azimuth": 0, "punto": "eje de unidad (no el motor)", "ncu": 5, "gw": 5, "axis_tilt": 0, "max_angle": 55, "backtrack": true, "gcr": 0.397, "cross_axis_tilt": 0}}, {"type": "Feature", "geometry": {"type": "Point", "coordinates": [14.8827058, 37.3689807]}, "properties": {"rol": "seguidor", "id": "TK0176", "tipo": "completo", "axis_azimuth": 0, "punto": "eje de unidad (no el motor)", "ncu": 5, "gw": 5, "axis_tilt": 0, "max_angle": 55, "backtrack": true, "gcr": 0.397, "cross_axis_tilt": 0}}, {"type": "Feature", "geometry": {"type": "Point", "coordinates": [14.8828242, 37.3689809]}, "properties": {"rol": "seguidor", "id": "TK0177", "tipo": "completo", "axis_azimuth": 0, "punto": "eje de unidad (no el motor)", "ncu": 5, "gw": 5, "axis_tilt": 0, "max_angle": 55, "backtrack": true, "gcr": 0.397, "cross_axis_tilt": 0}}, {"type": "Feature", "geometry": {"type": "Point", "coordinates": [14.8829425, 37.368981]}, "properties": {"rol": "seguidor", "id": "TK0178", "tipo": "completo", "axis_azimuth": 0, "punto": "eje de unidad (no el motor)", "ncu": 5, "gw": 5, "axis_tilt": 0, "max_angle": 55, "backtrack": true, "gcr": 0.397, "cross_axis_tilt": 0}}, {"type": "Feature", "geometry": {"type": "Point", "coordinates": [14.8830609, 37.3689811]}, "properties": {"rol": "seguidor", "id": "TK0179", "tipo": "completo", "axis_azimuth": 0, "punto": "eje de unidad (no el motor)", "ncu": 5, "gw": 5, "axis_tilt": 0, "max_angle": 55, "backtrack": true, "gcr": 0.397, "cross_axis_tilt": 0}}, {"type": "Feature", "geometry": {"type": "Point", "coordinates": [14.8831793, 37.3689812]}, "properties": {"rol": "seguidor", "id": "TK0180", "tipo": "completo", "axis_azimuth": 0, "punto": "eje de unidad (no el motor)", "ncu": 5, "gw": 5, "axis_tilt": 0, "max_angle": 55, "backtrack": true, "gcr": 0.397, "cross_axis_tilt": 0}}, {"type": "Feature", "geometry": {"type": "Point", "coordinates": [14.8832976, 37.3689813]}, "properties": {"rol": "seguidor", "id": "TK0181", "tipo": "completo", "axis_azimuth": 0, "punto": "eje de unidad (no el motor)", "ncu": 5, "gw": 5, "axis_tilt": 0, "max_angle": 55, "backtrack": true, "gcr": 0.397, "cross_axis_tilt": 0}}, {"type": "Feature", "geometry": {"type": "Point", "coordinates": [14.883416, 37.3689814]}, "properties": {"rol": "seguidor", "id": "TK0182", "tipo": "completo", "axis_azimuth": 0, "punto": "eje de unidad (no el motor)", "ncu": 5, "gw": 5, "axis_tilt": 0, "max_angle": 55, "backtrack": true, "gcr": 0.397, "cross_axis_tilt": 0}}, {"type": "Feature", "geometry": {"type": "Point", "coordinates": [14.8835343, 37.3689816]}, "properties": {"rol": "seguidor", "id": "TK0183", "tipo": "completo", "axis_azimuth": 0, "punto": "eje de unidad (no el motor)", "ncu": 5, "gw": 5, "axis_tilt": 0, "max_angle": 55, "backtrack": true, "gcr": 0.397, "cross_axis_tilt": 0}}, {"type": "Feature", "geometry": {"type": "Point", "coordinates": [14.8836527, 37.3689817]}, "properties": {"rol": "seguidor", "id": "TK0184", "tipo": "completo", "axis_azimuth": 0, "punto": "eje de unidad (no el motor)", "ncu": 5, "gw": 5, "axis_tilt": 0, "max_angle": 55, "backtrack": true, "gcr": 0.397, "cross_axis_tilt": 0}}, {"type": "Feature", "geometry": {"type": "Point", "coordinates": [14.883771, 37.3689818]}, "properties": {"rol": "seguidor", "id": "TK0185", "tipo": "completo", "axis_azimuth": 0, "punto": "eje de unidad (no el motor)", "ncu": 5, "gw": 5, "axis_tilt": 0, "max_angle": 55, "backtrack": true, "gcr": 0.397, "cross_axis_tilt": 0}}, {"type": "Feature", "geometry": {"type": "Point", "coordinates": [14.8850703, 37.3723551]}, "properties": {"rol": "seguidor", "id": "TK0186", "tipo": "completo", "axis_azimuth": 0, "punto": "eje de unidad (no el motor)", "ncu": 4, "gw": 4, "axis_tilt": 0, "max_angle": 55, "backtrack": true, "gcr": 0.397, "cross_axis_tilt": 0}}, {"type": "Feature", "geometry": {"type": "Point", "coordinates": [14.8864895, 37.3736893]}, "properties": {"rol": "seguidor", "id": "TK0187", "tipo": "completo", "axis_azimuth": 0, "punto": "eje de unidad (no el motor)", "ncu": 4, "gw": 4, "axis_tilt": 0, "max_angle": 55, "backtrack": true, "gcr": 0.397, "cross_axis_tilt": 0}}, {"type": "Feature", "geometry": {"type": "Point", "coordinates": [14.8866074, 37.374007]}, "properties": {"rol": "seguidor", "id": "TK0188", "tipo": "completo", "axis_azimuth": 0, "punto": "eje de unidad (no el motor)", "ncu": 4, "gw": 4, "axis_tilt": 0, "max_angle": 55, "backtrack": true, "gcr": 0.397, "cross_axis_tilt": 0}}, {"type": "Feature", "geometry": {"type": "Point", "coordinates": [14.8862535, 37.3732321]}, "properties": {"rol": "seguidor", "id": "TK0189", "tipo": "completo", "axis_azimuth": 0, "punto": "eje de unidad (no el motor)", "ncu": 4, "gw": 4, "axis_tilt": 0, "max_angle": 55, "backtrack": true, "gcr": 0.397, "cross_axis_tilt": 0}}, {"type": "Feature", "geometry": {"type": "Point", "coordinates": [14.8868434, 37.3745461]}, "properties": {"rol": "seguidor", "id": "TK0190", "tipo": "completo", "axis_azimuth": 0, "punto": "eje de unidad (no el motor)", "ncu": 2, "gw": 2, "axis_tilt": 0, "max_angle": 55, "backtrack": true, "gcr": 0.397, "cross_axis_tilt": 0}}, {"type": "Feature", "geometry": {"type": "Point", "coordinates": [14.8870794, 37.375008]}, "properties": {"rol": "seguidor", "id": "TK0191", "tipo": "completo", "axis_azimuth": 0, "punto": "eje de unidad (no el motor)", "ncu": 2, "gw": 2, "axis_tilt": 0, "max_angle": 55, "backtrack": true, "gcr": 0.397, "cross_axis_tilt": 0}}, {"type": "Feature", "geometry": {"type": "Point", "coordinates": [14.8875521, 37.3761173]}, "properties": {"rol": "seguidor", "id": "TK0192", "tipo": "completo", "axis_azimuth": 0, "punto": "eje de unidad (no el motor)", "ncu": 2, "gw": 2, "axis_tilt": 0, "max_angle": 55, "backtrack": true, "gcr": 0.397, "cross_axis_tilt": 0}}, {"type": "Feature", "geometry": {"type": "Point", "coordinates": [14.8869615, 37.3746871]}, "properties": {"rol": "seguidor", "id": "TK0193", "tipo": "completo", "axis_azimuth": 0, "punto": "eje de unidad (no el motor)", "ncu": 2, "gw": 2, "axis_tilt": 0, "max_angle": 55, "backtrack": true, "gcr": 0.397, "cross_axis_tilt": 0}}, {"type": "Feature", "geometry": {"type": "Point", "coordinates": [14.8863717, 37.3733652]}, "properties": {"rol": "seguidor", "id": "TK0194", "tipo": "completo", "axis_azimuth": 0, "punto": "eje de unidad (no el motor)", "ncu": 4, "gw": 4, "axis_tilt": 0, "max_angle": 55, "backtrack": true, "gcr": 0.397, "cross_axis_tilt": 0}}, {"type": "Feature", "geometry": {"type": "Point", "coordinates": [14.8876728, 37.3750086]}, "properties": {"rol": "seguidor", "id": "TK0195", "tipo": "completo", "axis_azimuth": 0, "punto": "eje de unidad (no el motor)", "ncu": 2, "gw": 2, "axis_tilt": 0, "max_angle": 55, "backtrack": true, "gcr": 0.397, "cross_axis_tilt": 0}}, {"type": "Feature", "geometry": {"type": "Point", "coordinates": [14.8877911, 37.3750087]}, "properties": {"rol": "seguidor", "id": "TK0196", "tipo": "completo", "axis_azimuth": 0, "punto": "eje de unidad (no el motor)", "ncu": 2, "gw": 2, "axis_tilt": 0, "max_angle": 55, "backtrack": true, "gcr": 0.397, "cross_axis_tilt": 0}}, {"type": "Feature", "geometry": {"type": "Point", "coordinates": [14.8879095, 37.3750088]}, "properties": {"rol": "seguidor", "id": "TK0197", "tipo": "completo", "axis_azimuth": 0, "punto": "eje de unidad (no el motor)", "ncu": 2, "gw": 2, "axis_tilt": 0, "max_angle": 55, "backtrack": true, "gcr": 0.397, "cross_axis_tilt": 0}}, {"type": "Feature", "geometry": {"type": "Point", "coordinates": [14.8880279, 37.3750089]}, "properties": {"rol": "seguidor", "id": "TK0198", "tipo": "completo", "axis_azimuth": 0, "punto": "eje de unidad (no el motor)", "ncu": 2, "gw": 2, "axis_tilt": 0, "max_angle": 55, "backtrack": true, "gcr": 0.397, "cross_axis_tilt": 0}}, {"type": "Feature", "geometry": {"type": "Point", "coordinates": [14.8881462, 37.3750091]}, "properties": {"rol": "seguidor", "id": "TK0199", "tipo": "completo", "axis_azimuth": 0, "punto": "eje de unidad (no el motor)", "ncu": 2, "gw": 2, "axis_tilt": 0, "max_angle": 55, "backtrack": true, "gcr": 0.397, "cross_axis_tilt": 0}}, {"type": "Feature", "geometry": {"type": "Point", "coordinates": [14.887437, 37.3743557]}, "properties": {"rol": "seguidor", "id": "TK0200", "tipo": "completo", "axis_azimuth": 0, "punto": "eje de unidad (no el motor)", "ncu": 2, "gw": 2, "axis_tilt": 0, "max_angle": 55, "backtrack": true, "gcr": 0.397, "cross_axis_tilt": 0}}, {"type": "Feature", "geometry": {"type": "Point", "coordinates": [14.8875554, 37.3743558]}, "properties": {"rol": "seguidor", "id": "TK0201", "tipo": "completo", "axis_azimuth": 0, "punto": "eje de unidad (no el motor)", "ncu": 2, "gw": 2, "axis_tilt": 0, "max_angle": 55, "backtrack": true, "gcr": 0.397, "cross_axis_tilt": 0}}, {"type": "Feature", "geometry": {"type": "Point", "coordinates": [14.8876737, 37.3743559]}, "properties": {"rol": "seguidor", "id": "TK0202", "tipo": "completo", "axis_azimuth": 0, "punto": "eje de unidad (no el motor)", "ncu": 2, "gw": 2, "axis_tilt": 0, "max_angle": 55, "backtrack": true, "gcr": 0.397, "cross_axis_tilt": 0}}, {"type": "Feature", "geometry": {"type": "Point", "coordinates": [14.8877921, 37.374356]}, "properties": {"rol": "seguidor", "id": "TK0203", "tipo": "completo", "axis_azimuth": 0, "punto": "eje de unidad (no el motor)", "ncu": 2, "gw": 2, "axis_tilt": 0, "max_angle": 55, "backtrack": true, "gcr": 0.397, "cross_axis_tilt": 0}}, {"type": "Feature", "geometry": {"type": "Point", "coordinates": [14.8879105, 37.3743562]}, "properties": {"rol": "seguidor", "id": "TK0204", "tipo": "completo", "axis_azimuth": 0, "punto": "eje de unidad (no el motor)", "ncu": 2, "gw": 2, "axis_tilt": 0, "max_angle": 55, "backtrack": true, "gcr": 0.397, "cross_axis_tilt": 0}}, {"type": "Feature", "geometry": {"type": "Point", "coordinates": [14.8870829, 37.3736802]}, "properties": {"rol": "seguidor", "id": "TK0205", "tipo": "completo", "axis_azimuth": 0, "punto": "eje de unidad (no el motor)", "ncu": 4, "gw": 4, "axis_tilt": 0, "max_angle": 55, "backtrack": true, "gcr": 0.397, "cross_axis_tilt": 0}}, {"type": "Feature", "geometry": {"type": "Point", "coordinates": [14.8872018, 37.3733487]}, "properties": {"rol": "seguidor", "id": "TK0206", "tipo": "completo", "axis_azimuth": 0, "punto": "eje de unidad (no el motor)", "ncu": 4, "gw": 4, "axis_tilt": 0, "max_angle": 55, "backtrack": true, "gcr": 0.397, "cross_axis_tilt": 0}}, {"type": "Feature", "geometry": {"type": "Point", "coordinates": [14.8873201, 37.3733488]}, "properties": {"rol": "seguidor", "id": "TK0207", "tipo": "completo", "axis_azimuth": 0, "punto": "eje de unidad (no el motor)", "ncu": 4, "gw": 4, "axis_tilt": 0, "max_angle": 55, "backtrack": true, "gcr": 0.397, "cross_axis_tilt": 0}}, {"type": "Feature", "geometry": {"type": "Point", "coordinates": [14.887438, 37.3736805]}, "properties": {"rol": "seguidor", "id": "TK0208", "tipo": "completo", "axis_azimuth": 0, "punto": "eje de unidad (no el motor)", "ncu": 4, "gw": 4, "axis_tilt": 0, "max_angle": 55, "backtrack": true, "gcr": 0.397, "cross_axis_tilt": 0}}, {"type": "Feature", "geometry": {"type": "Point", "coordinates": [14.8875564, 37.3736806]}, "properties": {"rol": "seguidor", "id": "TK0209", "tipo": "completo", "axis_azimuth": 0, "punto": "eje de unidad (no el motor)", "ncu": 4, "gw": 4, "axis_tilt": 0, "max_angle": 55, "backtrack": true, "gcr": 0.397, "cross_axis_tilt": 0}}, {"type": "Feature", "geometry": {"type": "Point", "coordinates": [14.8890947, 37.3750099]}, "properties": {"rol": "seguidor", "id": "TK0210", "tipo": "completo", "axis_azimuth": 0, "punto": "eje de unidad (no el motor)", "ncu": 2, "gw": 2, "axis_tilt": 0, "max_angle": 55, "backtrack": true, "gcr": 0.397, "cross_axis_tilt": 0}}, {"type": "Feature", "geometry": {"type": "Point", "coordinates": [14.8892131, 37.3750101]}, "properties": {"rol": "seguidor", "id": "TK0211", "tipo": "completo", "axis_azimuth": 0, "punto": "eje de unidad (no el motor)", "ncu": 2, "gw": 2, "axis_tilt": 0, "max_angle": 55, "backtrack": true, "gcr": 0.397, "cross_axis_tilt": 0}}, {"type": "Feature", "geometry": {"type": "Point", "coordinates": [14.8893314, 37.3750102]}, "properties": {"rol": "seguidor", "id": "TK0212", "tipo": "completo", "axis_azimuth": 0, "punto": "eje de unidad (no el motor)", "ncu": 2, "gw": 2, "axis_tilt": 0, "max_angle": 55, "backtrack": true, "gcr": 0.397, "cross_axis_tilt": 0}}, {"type": "Feature", "geometry": {"type": "Point", "coordinates": [14.8894498, 37.3750103]}, "properties": {"rol": "seguidor", "id": "TK0213", "tipo": "completo", "axis_azimuth": 0, "punto": "eje de unidad (no el motor)", "ncu": 2, "gw": 2, "axis_tilt": 0, "max_angle": 55, "backtrack": true, "gcr": 0.397, "cross_axis_tilt": 0}}, {"type": "Feature", "geometry": {"type": "Point", "coordinates": [14.8895682, 37.3750104]}, "properties": {"rol": "seguidor", "id": "TK0214", "tipo": "completo", "axis_azimuth": 0, "punto": "eje de unidad (no el motor)", "ncu": 2, "gw": 2, "axis_tilt": 0, "max_angle": 55, "backtrack": true, "gcr": 0.397, "cross_axis_tilt": 0}}, {"type": "Feature", "geometry": {"type": "Point", "coordinates": [14.8896866, 37.3750105]}, "properties": {"rol": "seguidor", "id": "TK0215", "tipo": "completo", "axis_azimuth": 0, "punto": "eje de unidad (no el motor)", "ncu": 2, "gw": 2, "axis_tilt": 0, "max_angle": 55, "backtrack": true, "gcr": 0.397, "cross_axis_tilt": 0}}, {"type": "Feature", "geometry": {"type": "Point", "coordinates": [14.8898049, 37.3750106]}, "properties": {"rol": "seguidor", "id": "TK0216", "tipo": "completo", "axis_azimuth": 0, "punto": "eje de unidad (no el motor)", "ncu": 2, "gw": 2, "axis_tilt": 0, "max_angle": 55, "backtrack": true, "gcr": 0.397, "cross_axis_tilt": 0}}, {"type": "Feature", "geometry": {"type": "Point", "coordinates": [14.8899233, 37.3750107]}, "properties": {"rol": "seguidor", "id": "TK0217", "tipo": "completo", "axis_azimuth": 0, "punto": "eje de unidad (no el motor)", "ncu": 2, "gw": 2, "axis_tilt": 0, "max_angle": 55, "backtrack": true, "gcr": 0.397, "cross_axis_tilt": 0}}, {"type": "Feature", "geometry": {"type": "Point", "coordinates": [14.8900417, 37.3750108]}, "properties": {"rol": "seguidor", "id": "TK0218", "tipo": "completo", "axis_azimuth": 0, "punto": "eje de unidad (no el motor)", "ncu": 2, "gw": 2, "axis_tilt": 0, "max_angle": 55, "backtrack": true, "gcr": 0.397, "cross_axis_tilt": 0}}, {"type": "Feature", "geometry": {"type": "Point", "coordinates": [14.89016, 37.3750109]}, "properties": {"rol": "seguidor", "id": "TK0219", "tipo": "completo", "axis_azimuth": 0, "punto": "eje de unidad (no el motor)", "ncu": 2, "gw": 2, "axis_tilt": 0, "max_angle": 55, "backtrack": true, "gcr": 0.397, "cross_axis_tilt": 0}}, {"type": "Feature", "geometry": {"type": "Point", "coordinates": [14.8888595, 37.3740029]}, "properties": {"rol": "seguidor", "id": "TK0220", "tipo": "completo", "axis_azimuth": 0, "punto": "eje de unidad (no el motor)", "ncu": 4, "gw": 4, "axis_tilt": 0, "max_angle": 55, "backtrack": true, "gcr": 0.397, "cross_axis_tilt": 0}}, {"type": "Feature", "geometry": {"type": "Point", "coordinates": [14.8889778, 37.374003]}, "properties": {"rol": "seguidor", "id": "TK0221", "tipo": "completo", "axis_azimuth": 0, "punto": "eje de unidad (no el motor)", "ncu": 4, "gw": 4, "axis_tilt": 0, "max_angle": 55, "backtrack": true, "gcr": 0.397, "cross_axis_tilt": 0}}, {"type": "Feature", "geometry": {"type": "Point", "coordinates": [14.8890957, 37.3743347]}, "properties": {"rol": "seguidor", "id": "TK0222", "tipo": "completo", "axis_azimuth": 0, "punto": "eje de unidad (no el motor)", "ncu": 4, "gw": 4, "axis_tilt": 0, "max_angle": 55, "backtrack": true, "gcr": 0.397, "cross_axis_tilt": 0}}, {"type": "Feature", "geometry": {"type": "Point", "coordinates": [14.8892141, 37.3743349]}, "properties": {"rol": "seguidor", "id": "TK0223", "tipo": "completo", "axis_azimuth": 0, "punto": "eje de unidad (no el motor)", "ncu": 4, "gw": 4, "axis_tilt": 0, "max_angle": 55, "backtrack": true, "gcr": 0.397, "cross_axis_tilt": 0}}, {"type": "Feature", "geometry": {"type": "Point", "coordinates": [14.8893324, 37.374335]}, "properties": {"rol": "seguidor", "id": "TK0224", "tipo": "completo", "axis_azimuth": 0, "punto": "eje de unidad (no el motor)", "ncu": 4, "gw": 4, "axis_tilt": 0, "max_angle": 55, "backtrack": true, "gcr": 0.397, "cross_axis_tilt": 0}}, {"type": "Feature", "geometry": {"type": "Point", "coordinates": [14.8894508, 37.3743351]}, "properties": {"rol": "seguidor", "id": "TK0225", "tipo": "completo", "axis_azimuth": 0, "punto": "eje de unidad (no el motor)", "ncu": 4, "gw": 4, "axis_tilt": 0, "max_angle": 55, "backtrack": true, "gcr": 0.397, "cross_axis_tilt": 0}}, {"type": "Feature", "geometry": {"type": "Point", "coordinates": [14.8895692, 37.3743352]}, "properties": {"rol": "seguidor", "id": "TK0226", "tipo": "completo", "axis_azimuth": 0, "punto": "eje de unidad (no el motor)", "ncu": 4, "gw": 4, "axis_tilt": 0, "max_angle": 55, "backtrack": true, "gcr": 0.397, "cross_axis_tilt": 0}}, {"type": "Feature", "geometry": {"type": "Point", "coordinates": [14.8896875, 37.3743353]}, "properties": {"rol": "seguidor", "id": "TK0227", "tipo": "completo", "axis_azimuth": 0, "punto": "eje de unidad (no el motor)", "ncu": 4, "gw": 4, "axis_tilt": 0, "max_angle": 55, "backtrack": true, "gcr": 0.397, "cross_axis_tilt": 0}}, {"type": "Feature", "geometry": {"type": "Point", "coordinates": [14.8898059, 37.3743354]}, "properties": {"rol": "seguidor", "id": "TK0228", "tipo": "completo", "axis_azimuth": 0, "punto": "eje de unidad (no el motor)", "ncu": 4, "gw": 4, "axis_tilt": 0, "max_angle": 55, "backtrack": true, "gcr": 0.397, "cross_axis_tilt": 0}}, {"type": "Feature", "geometry": {"type": "Point", "coordinates": [14.889215, 37.3736822]}, "properties": {"rol": "seguidor", "id": "TK0229", "tipo": "completo", "axis_azimuth": 0, "punto": "eje de unidad (no el motor)", "ncu": 4, "gw": 4, "axis_tilt": 0, "max_angle": 55, "backtrack": true, "gcr": 0.397, "cross_axis_tilt": 0}}, {"type": "Feature", "geometry": {"type": "Point", "coordinates": [14.8893334, 37.3736823]}, "properties": {"rol": "seguidor", "id": "TK0230", "tipo": "completo", "axis_azimuth": 0, "punto": "eje de unidad (no el motor)", "ncu": 4, "gw": 4, "axis_tilt": 0, "max_angle": 55, "backtrack": true, "gcr": 0.397, "cross_axis_tilt": 0}}, {"type": "Feature", "geometry": {"type": "Point", "coordinates": [14.8894518, 37.3736824]}, "properties": {"rol": "seguidor", "id": "TK0231", "tipo": "completo", "axis_azimuth": 0, "punto": "eje de unidad (no el motor)", "ncu": 4, "gw": 4, "axis_tilt": 0, "max_angle": 55, "backtrack": true, "gcr": 0.397, "cross_axis_tilt": 0}}, {"type": "Feature", "geometry": {"type": "Point", "coordinates": [14.8870832, 37.3724112]}, "properties": {"rol": "seguidor", "id": "TK0232", "tipo": "completo", "axis_azimuth": 0, "punto": "eje de unidad (no el motor)", "ncu": 4, "gw": 4, "axis_tilt": 0, "max_angle": 55, "backtrack": true, "gcr": 0.397, "cross_axis_tilt": 0}}, {"type": "Feature", "geometry": {"type": "Point", "coordinates": [14.8861374, 37.3716945]}, "properties": {"rol": "seguidor", "id": "TK0233", "tipo": "completo", "axis_azimuth": 0, "punto": "eje de unidad (no el motor)", "ncu": 4, "gw": 4, "axis_tilt": 0, "max_angle": 55, "backtrack": true, "gcr": 0.397, "cross_axis_tilt": 0}}, {"type": "Feature", "geometry": {"type": "Point", "coordinates": [14.8862557, 37.3717035]}, "properties": {"rol": "seguidor", "id": "TK0234", "tipo": "completo", "axis_azimuth": 0, "punto": "eje de unidad (no el motor)", "ncu": 4, "gw": 4, "axis_tilt": 0, "max_angle": 55, "backtrack": true, "gcr": 0.397, "cross_axis_tilt": 0}}, {"type": "Feature", "geometry": {"type": "Point", "coordinates": [14.8863741, 37.3717037]}, "properties": {"rol": "seguidor", "id": "TK0235", "tipo": "completo", "axis_azimuth": 0, "punto": "eje de unidad (no el motor)", "ncu": 4, "gw": 4, "axis_tilt": 0, "max_angle": 55, "backtrack": true, "gcr": 0.397, "cross_axis_tilt": 0}}, {"type": "Feature", "geometry": {"type": "Point", "coordinates": [14.8864924, 37.3717172]}, "properties": {"rol": "seguidor", "id": "TK0236", "tipo": "completo", "axis_azimuth": 0, "punto": "eje de unidad (no el motor)", "ncu": 4, "gw": 4, "axis_tilt": 0, "max_angle": 55, "backtrack": true, "gcr": 0.397, "cross_axis_tilt": 0}}, {"type": "Feature", "geometry": {"type": "Point", "coordinates": [14.8866108, 37.3717173]}, "properties": {"rol": "seguidor", "id": "TK0237", "tipo": "completo", "axis_azimuth": 0, "punto": "eje de unidad (no el motor)", "ncu": 4, "gw": 4, "axis_tilt": 0, "max_angle": 55, "backtrack": true, "gcr": 0.397, "cross_axis_tilt": 0}}, {"type": "Feature", "geometry": {"type": "Point", "coordinates": [14.8867292, 37.3717174]}, "properties": {"rol": "seguidor", "id": "TK0238", "tipo": "completo", "axis_azimuth": 0, "punto": "eje de unidad (no el motor)", "ncu": 4, "gw": 4, "axis_tilt": 0, "max_angle": 55, "backtrack": true, "gcr": 0.397, "cross_axis_tilt": 0}}, {"type": "Feature", "geometry": {"type": "Point", "coordinates": [14.8868466, 37.3723273]}, "properties": {"rol": "seguidor", "id": "TK0239", "tipo": "completo", "axis_azimuth": 0, "punto": "eje de unidad (no el motor)", "ncu": 4, "gw": 4, "axis_tilt": 0, "max_angle": 55, "backtrack": true, "gcr": 0.397, "cross_axis_tilt": 0}}, {"type": "Feature", "geometry": {"type": "Point", "coordinates": [14.886965, 37.3723274]}, "properties": {"rol": "seguidor", "id": "TK0240", "tipo": "completo", "axis_azimuth": 0, "punto": "eje de unidad (no el motor)", "ncu": 4, "gw": 4, "axis_tilt": 0, "max_angle": 55, "backtrack": true, "gcr": 0.397, "cross_axis_tilt": 0}}, {"type": "Feature", "geometry": {"type": "Point", "coordinates": [14.8857834, 37.3707575]}, "properties": {"rol": "seguidor", "id": "TK0241", "tipo": "completo", "axis_azimuth": 0, "punto": "eje de unidad (no el motor)", "ncu": 5, "gw": 5, "axis_tilt": 0, "max_angle": 55, "backtrack": true, "gcr": 0.397, "cross_axis_tilt": 0}}, {"type": "Feature", "geometry": {"type": "Point", "coordinates": [14.8859018, 37.3707576]}, "properties": {"rol": "seguidor", "id": "TK0242", "tipo": "completo", "axis_azimuth": 0, "punto": "eje de unidad (no el motor)", "ncu": 5, "gw": 5, "axis_tilt": 0, "max_angle": 55, "backtrack": true, "gcr": 0.397, "cross_axis_tilt": 0}}, {"type": "Feature", "geometry": {"type": "Point", "coordinates": [14.8860202, 37.3707577]}, "properties": {"rol": "seguidor", "id": "TK0243", "tipo": "completo", "axis_azimuth": 0, "punto": "eje de unidad (no el motor)", "ncu": 5, "gw": 5, "axis_tilt": 0, "max_angle": 55, "backtrack": true, "gcr": 0.397, "cross_axis_tilt": 0}}, {"type": "Feature", "geometry": {"type": "Point", "coordinates": [14.8861385, 37.3707579]}, "properties": {"rol": "seguidor", "id": "TK0244", "tipo": "completo", "axis_azimuth": 0, "punto": "eje de unidad (no el motor)", "ncu": 5, "gw": 5, "axis_tilt": 0, "max_angle": 55, "backtrack": true, "gcr": 0.397, "cross_axis_tilt": 0}}, {"type": "Feature", "geometry": {"type": "Point", "coordinates": [14.8862569, 37.370758]}, "properties": {"rol": "seguidor", "id": "TK0245", "tipo": "completo", "axis_azimuth": 0, "punto": "eje de unidad (no el motor)", "ncu": 5, "gw": 5, "axis_tilt": 0, "max_angle": 55, "backtrack": true, "gcr": 0.397, "cross_axis_tilt": 0}}, {"type": "Feature", "geometry": {"type": "Point", "coordinates": [14.885193, 37.3695108]}, "properties": {"rol": "seguidor", "id": "TK0246", "tipo": "completo", "axis_azimuth": 0, "punto": "eje de unidad (no el motor)", "ncu": 5, "gw": 5, "axis_tilt": 0, "max_angle": 55, "backtrack": true, "gcr": 0.397, "cross_axis_tilt": 0}}, {"type": "Feature", "geometry": {"type": "Point", "coordinates": [14.8853113, 37.3695109]}, "properties": {"rol": "seguidor", "id": "TK0247", "tipo": "completo", "axis_azimuth": 0, "punto": "eje de unidad (no el motor)", "ncu": 5, "gw": 5, "axis_tilt": 0, "max_angle": 55, "backtrack": true, "gcr": 0.397, "cross_axis_tilt": 0}}, {"type": "Feature", "geometry": {"type": "Point", "coordinates": [14.8854297, 37.369511]}, "properties": {"rol": "seguidor", "id": "TK0248", "tipo": "completo", "axis_azimuth": 0, "punto": "eje de unidad (no el motor)", "ncu": 5, "gw": 5, "axis_tilt": 0, "max_angle": 55, "backtrack": true, "gcr": 0.397, "cross_axis_tilt": 0}}, {"type": "Feature", "geometry": {"type": "Point", "coordinates": [14.8855481, 37.3695111]}, "properties": {"rol": "seguidor", "id": "TK0249", "tipo": "completo", "axis_azimuth": 0, "punto": "eje de unidad (no el motor)", "ncu": 5, "gw": 5, "axis_tilt": 0, "max_angle": 55, "backtrack": true, "gcr": 0.397, "cross_axis_tilt": 0}}, {"type": "Feature", "geometry": {"type": "Point", "coordinates": [14.8856664, 37.3695113]}, "properties": {"rol": "seguidor", "id": "TK0250", "tipo": "completo", "axis_azimuth": 0, "punto": "eje de unidad (no el motor)", "ncu": 5, "gw": 5, "axis_tilt": 0, "max_angle": 55, "backtrack": true, "gcr": 0.397, "cross_axis_tilt": 0}}, {"type": "Feature", "geometry": {"type": "Point", "coordinates": [14.8857848, 37.3695114]}, "properties": {"rol": "seguidor", "id": "TK0251", "tipo": "completo", "axis_azimuth": 0, "punto": "eje de unidad (no el motor)", "ncu": 5, "gw": 5, "axis_tilt": 0, "max_angle": 55, "backtrack": true, "gcr": 0.397, "cross_axis_tilt": 0}}, {"type": "Feature", "geometry": {"type": "Point", "coordinates": [14.8859031, 37.3695115]}, "properties": {"rol": "seguidor", "id": "TK0252", "tipo": "completo", "axis_azimuth": 0, "punto": "eje de unidad (no el motor)", "ncu": 5, "gw": 5, "axis_tilt": 0, "max_angle": 55, "backtrack": true, "gcr": 0.397, "cross_axis_tilt": 0}}, {"type": "Feature", "geometry": {"type": "Point", "coordinates": [14.8860215, 37.3695116]}, "properties": {"rol": "seguidor", "id": "TK0253", "tipo": "completo", "axis_azimuth": 0, "punto": "eje de unidad (no el motor)", "ncu": 5, "gw": 5, "axis_tilt": 0, "max_angle": 55, "backtrack": true, "gcr": 0.397, "cross_axis_tilt": 0}}, {"type": "Feature", "geometry": {"type": "Point", "coordinates": [14.8861399, 37.3695117]}, "properties": {"rol": "seguidor", "id": "TK0254", "tipo": "completo", "axis_azimuth": 0, "punto": "eje de unidad (no el motor)", "ncu": 5, "gw": 5, "axis_tilt": 0, "max_angle": 55, "backtrack": true, "gcr": 0.397, "cross_axis_tilt": 0}}, {"type": "Feature", "geometry": {"type": "Point", "coordinates": [14.8862582, 37.3695118]}, "properties": {"rol": "seguidor", "id": "TK0255", "tipo": "completo", "axis_azimuth": 0, "punto": "eje de unidad (no el motor)", "ncu": 5, "gw": 5, "axis_tilt": 0, "max_angle": 55, "backtrack": true, "gcr": 0.397, "cross_axis_tilt": 0}}, {"type": "Feature", "geometry": {"type": "Point", "coordinates": [14.8863766, 37.3695119]}, "properties": {"rol": "seguidor", "id": "TK0256", "tipo": "completo", "axis_azimuth": 0, "punto": "eje de unidad (no el motor)", "ncu": 5, "gw": 5, "axis_tilt": 0, "max_angle": 55, "backtrack": true, "gcr": 0.397, "cross_axis_tilt": 0}}, {"type": "Feature", "geometry": {"type": "Point", "coordinates": [14.8864949, 37.3695121]}, "properties": {"rol": "seguidor", "id": "TK0257", "tipo": "completo", "axis_azimuth": 0, "punto": "eje de unidad (no el motor)", "ncu": 5, "gw": 5, "axis_tilt": 0, "max_angle": 55, "backtrack": true, "gcr": 0.397, "cross_axis_tilt": 0}}, {"type": "Feature", "geometry": {"type": "Point", "coordinates": [14.8866133, 37.3695122]}, "properties": {"rol": "seguidor", "id": "TK0258", "tipo": "completo", "axis_azimuth": 0, "punto": "eje de unidad (no el motor)", "ncu": 5, "gw": 5, "axis_tilt": 0, "max_angle": 55, "backtrack": true, "gcr": 0.397, "cross_axis_tilt": 0}}, {"type": "Feature", "geometry": {"type": "Point", "coordinates": [14.8867317, 37.3695123]}, "properties": {"rol": "seguidor", "id": "TK0259", "tipo": "completo", "axis_azimuth": 0, "punto": "eje de unidad (no el motor)", "ncu": 5, "gw": 5, "axis_tilt": 0, "max_angle": 55, "backtrack": true, "gcr": 0.397, "cross_axis_tilt": 0}}, {"type": "Feature", "geometry": {"type": "Point", "coordinates": [14.88685, 37.3695124]}, "properties": {"rol": "seguidor", "id": "TK0260", "tipo": "completo", "axis_azimuth": 0, "punto": "eje de unidad (no el motor)", "ncu": 5, "gw": 5, "axis_tilt": 0, "max_angle": 55, "backtrack": true, "gcr": 0.397, "cross_axis_tilt": 0}}, {"type": "Feature", "geometry": {"type": "Point", "coordinates": [14.8869684, 37.3695125]}, "properties": {"rol": "seguidor", "id": "TK0261", "tipo": "completo", "axis_azimuth": 0, "punto": "eje de unidad (no el motor)", "ncu": 5, "gw": 5, "axis_tilt": 0, "max_angle": 55, "backtrack": true, "gcr": 0.397, "cross_axis_tilt": 0}}, {"type": "Feature", "geometry": {"type": "Point", "coordinates": [14.8870867, 37.3695126]}, "properties": {"rol": "seguidor", "id": "TK0262", "tipo": "completo", "axis_azimuth": 0, "punto": "eje de unidad (no el motor)", "ncu": 5, "gw": 5, "axis_tilt": 0, "max_angle": 55, "backtrack": true, "gcr": 0.397, "cross_axis_tilt": 0}}, {"type": "Feature", "geometry": {"type": "Point", "coordinates": [14.8872051, 37.3695127]}, "properties": {"rol": "seguidor", "id": "TK0263", "tipo": "completo", "axis_azimuth": 0, "punto": "eje de unidad (no el motor)", "ncu": 5, "gw": 5, "axis_tilt": 0, "max_angle": 55, "backtrack": true, "gcr": 0.397, "cross_axis_tilt": 0}}, {"type": "Feature", "geometry": {"type": "Point", "coordinates": [14.8873235, 37.3695129]}, "properties": {"rol": "seguidor", "id": "TK0264", "tipo": "completo", "axis_azimuth": 0, "punto": "eje de unidad (no el motor)", "ncu": 5, "gw": 5, "axis_tilt": 0, "max_angle": 55, "backtrack": true, "gcr": 0.397, "cross_axis_tilt": 0}}, {"type": "Feature", "geometry": {"type": "Point", "coordinates": [14.8874418, 37.369513]}, "properties": {"rol": "seguidor", "id": "TK0265", "tipo": "completo", "axis_azimuth": 0, "punto": "eje de unidad (no el motor)", "ncu": 5, "gw": 5, "axis_tilt": 0, "max_angle": 55, "backtrack": true, "gcr": 0.397, "cross_axis_tilt": 0}}, {"type": "Feature", "geometry": {"type": "Point", "coordinates": [14.8875602, 37.3695131]}, "properties": {"rol": "seguidor", "id": "TK0266", "tipo": "completo", "axis_azimuth": 0, "punto": "eje de unidad (no el motor)", "ncu": 5, "gw": 5, "axis_tilt": 0, "max_angle": 55, "backtrack": true, "gcr": 0.397, "cross_axis_tilt": 0}}, {"type": "Feature", "geometry": {"type": "Point", "coordinates": [14.8850756, 37.368858]}, "properties": {"rol": "seguidor", "id": "TK0267", "tipo": "completo", "axis_azimuth": 0, "punto": "eje de unidad (no el motor)", "ncu": 5, "gw": 5, "axis_tilt": 0, "max_angle": 55, "backtrack": true, "gcr": 0.397, "cross_axis_tilt": 0}}, {"type": "Feature", "geometry": {"type": "Point", "coordinates": [14.885194, 37.3688581]}, "properties": {"rol": "seguidor", "id": "TK0268", "tipo": "completo", "axis_azimuth": 0, "punto": "eje de unidad (no el motor)", "ncu": 5, "gw": 5, "axis_tilt": 0, "max_angle": 55, "backtrack": true, "gcr": 0.397, "cross_axis_tilt": 0}}, {"type": "Feature", "geometry": {"type": "Point", "coordinates": [14.8853123, 37.3688582]}, "properties": {"rol": "seguidor", "id": "TK0269", "tipo": "completo", "axis_azimuth": 0, "punto": "eje de unidad (no el motor)", "ncu": 5, "gw": 5, "axis_tilt": 0, "max_angle": 55, "backtrack": true, "gcr": 0.397, "cross_axis_tilt": 0}}, {"type": "Feature", "geometry": {"type": "Point", "coordinates": [14.8887406, 37.3743344]}, "properties": {"rol": "seguidor", "id": "TK0270", "tipo": "completo", "axis_azimuth": 0, "punto": "eje de unidad (no el motor)", "ncu": 4, "gw": 4, "axis_tilt": 0, "max_angle": 55, "backtrack": true, "gcr": 0.397, "cross_axis_tilt": 0}}, {"type": "Feature", "geometry": {"type": "Point", "coordinates": [14.8843938, 37.3675456]}, "properties": {"rol": "seguidor", "id": "TK0271", "tipo": "completo", "axis_azimuth": 0, "punto": "eje de unidad (no el motor)", "ncu": 6, "gw": 6, "axis_tilt": 0, "max_angle": 55, "backtrack": true, "gcr": 0.397, "cross_axis_tilt": 0}}, {"type": "Feature", "geometry": {"type": "Point", "coordinates": [14.8845122, 37.3675457]}, "properties": {"rol": "seguidor", "id": "TK0272", "tipo": "completo", "axis_azimuth": 0, "punto": "eje de unidad (no el motor)", "ncu": 6, "gw": 6, "axis_tilt": 0, "max_angle": 55, "backtrack": true, "gcr": 0.397, "cross_axis_tilt": 0}}, {"type": "Feature", "geometry": {"type": "Point", "coordinates": [14.8846305, 37.3675458]}, "properties": {"rol": "seguidor", "id": "TK0273", "tipo": "completo", "axis_azimuth": 0, "punto": "eje de unidad (no el motor)", "ncu": 6, "gw": 6, "axis_tilt": 0, "max_angle": 55, "backtrack": true, "gcr": 0.397, "cross_axis_tilt": 0}}, {"type": "Feature", "geometry": {"type": "Point", "coordinates": [14.8847488, 37.367584]}, "properties": {"rol": "seguidor", "id": "TK0274", "tipo": "completo", "axis_azimuth": 0, "punto": "eje de unidad (no el motor)", "ncu": 6, "gw": 6, "axis_tilt": 0, "max_angle": 55, "backtrack": true, "gcr": 0.397, "cross_axis_tilt": 0}}, {"type": "Feature", "geometry": {"type": "Point", "coordinates": [14.8848672, 37.3675841]}, "properties": {"rol": "seguidor", "id": "TK0275", "tipo": "completo", "axis_azimuth": 0, "punto": "eje de unidad (no el motor)", "ncu": 6, "gw": 6, "axis_tilt": 0, "max_angle": 55, "backtrack": true, "gcr": 0.397, "cross_axis_tilt": 0}}, {"type": "Feature", "geometry": {"type": "Point", "coordinates": [14.8849856, 37.3675842]}, "properties": {"rol": "seguidor", "id": "TK0276", "tipo": "completo", "axis_azimuth": 0, "punto": "eje de unidad (no el motor)", "ncu": 6, "gw": 6, "axis_tilt": 0, "max_angle": 55, "backtrack": true, "gcr": 0.397, "cross_axis_tilt": 0}}, {"type": "Feature", "geometry": {"type": "Point", "coordinates": [14.8851039, 37.3675844]}, "properties": {"rol": "seguidor", "id": "TK0277", "tipo": "completo", "axis_azimuth": 0, "punto": "eje de unidad (no el motor)", "ncu": 6, "gw": 6, "axis_tilt": 0, "max_angle": 55, "backtrack": true, "gcr": 0.397, "cross_axis_tilt": 0}}, {"type": "Feature", "geometry": {"type": "Point", "coordinates": [14.8852223, 37.3675845]}, "properties": {"rol": "seguidor", "id": "TK0278", "tipo": "completo", "axis_azimuth": 0, "punto": "eje de unidad (no el motor)", "ncu": 6, "gw": 6, "axis_tilt": 0, "max_angle": 55, "backtrack": true, "gcr": 0.397, "cross_axis_tilt": 0}}, {"type": "Feature", "geometry": {"type": "Point", "coordinates": [14.8853406, 37.3675846]}, "properties": {"rol": "seguidor", "id": "TK0279", "tipo": "completo", "axis_azimuth": 0, "punto": "eje de unidad (no el motor)", "ncu": 6, "gw": 6, "axis_tilt": 0, "max_angle": 55, "backtrack": true, "gcr": 0.397, "cross_axis_tilt": 0}}, {"type": "Feature", "geometry": {"type": "Point", "coordinates": [14.8854585, 37.3678783]}, "properties": {"rol": "seguidor", "id": "TK0280", "tipo": "completo", "axis_azimuth": 0, "punto": "eje de unidad (no el motor)", "ncu": 6, "gw": 6, "axis_tilt": 0, "max_angle": 55, "backtrack": true, "gcr": 0.397, "cross_axis_tilt": 0}}, {"type": "Feature", "geometry": {"type": "Point", "coordinates": [14.8855769, 37.3678784]}, "properties": {"rol": "seguidor", "id": "TK0281", "tipo": "completo", "axis_azimuth": 0, "punto": "eje de unidad (no el motor)", "ncu": 6, "gw": 6, "axis_tilt": 0, "max_angle": 55, "backtrack": true, "gcr": 0.397, "cross_axis_tilt": 0}}, {"type": "Feature", "geometry": {"type": "Point", "coordinates": [14.8856952, 37.3678785]}, "properties": {"rol": "seguidor", "id": "TK0282", "tipo": "completo", "axis_azimuth": 0, "punto": "eje de unidad (no el motor)", "ncu": 6, "gw": 6, "axis_tilt": 0, "max_angle": 55, "backtrack": true, "gcr": 0.397, "cross_axis_tilt": 0}}, {"type": "Feature", "geometry": {"type": "Point", "coordinates": [14.8858141, 37.367547]}, "properties": {"rol": "seguidor", "id": "TK0283", "tipo": "completo", "axis_azimuth": 0, "punto": "eje de unidad (no el motor)", "ncu": 6, "gw": 6, "axis_tilt": 0, "max_angle": 55, "backtrack": true, "gcr": 0.397, "cross_axis_tilt": 0}}, {"type": "Feature", "geometry": {"type": "Point", "coordinates": [14.8859325, 37.3675471]}, "properties": {"rol": "seguidor", "id": "TK0284", "tipo": "completo", "axis_azimuth": 0, "punto": "eje de unidad (no el motor)", "ncu": 6, "gw": 6, "axis_tilt": 0, "max_angle": 55, "backtrack": true, "gcr": 0.397, "cross_axis_tilt": 0}}, {"type": "Feature", "geometry": {"type": "Point", "coordinates": [14.8860508, 37.3675472]}, "properties": {"rol": "seguidor", "id": "TK0285", "tipo": "completo", "axis_azimuth": 0, "punto": "eje de unidad (no el motor)", "ncu": 6, "gw": 6, "axis_tilt": 0, "max_angle": 55, "backtrack": true, "gcr": 0.397, "cross_axis_tilt": 0}}, {"type": "Feature", "geometry": {"type": "Point", "coordinates": [14.8861692, 37.3675473]}, "properties": {"rol": "seguidor", "id": "TK0286", "tipo": "completo", "axis_azimuth": 0, "punto": "eje de unidad (no el motor)", "ncu": 6, "gw": 6, "axis_tilt": 0, "max_angle": 55, "backtrack": true, "gcr": 0.397, "cross_axis_tilt": 0}}, {"type": "Feature", "geometry": {"type": "Point", "coordinates": [14.8862875, 37.3675474]}, "properties": {"rol": "seguidor", "id": "TK0287", "tipo": "completo", "axis_azimuth": 0, "punto": "eje de unidad (no el motor)", "ncu": 6, "gw": 6, "axis_tilt": 0, "max_angle": 55, "backtrack": true, "gcr": 0.397, "cross_axis_tilt": 0}}, {"type": "Feature", "geometry": {"type": "Point", "coordinates": [14.8864059, 37.3675476]}, "properties": {"rol": "seguidor", "id": "TK0288", "tipo": "completo", "axis_azimuth": 0, "punto": "eje de unidad (no el motor)", "ncu": 6, "gw": 6, "axis_tilt": 0, "max_angle": 55, "backtrack": true, "gcr": 0.397, "cross_axis_tilt": 0}}, {"type": "Feature", "geometry": {"type": "Point", "coordinates": [14.8865242, 37.3675477]}, "properties": {"rol": "seguidor", "id": "TK0289", "tipo": "completo", "axis_azimuth": 0, "punto": "eje de unidad (no el motor)", "ncu": 6, "gw": 6, "axis_tilt": 0, "max_angle": 55, "backtrack": true, "gcr": 0.397, "cross_axis_tilt": 0}}, {"type": "Feature", "geometry": {"type": "Point", "coordinates": [14.8866426, 37.3675478]}, "properties": {"rol": "seguidor", "id": "TK0290", "tipo": "completo", "axis_azimuth": 0, "punto": "eje de unidad (no el motor)", "ncu": 6, "gw": 6, "axis_tilt": 0, "max_angle": 55, "backtrack": true, "gcr": 0.397, "cross_axis_tilt": 0}}, {"type": "Feature", "geometry": {"type": "Point", "coordinates": [14.886761, 37.3675479]}, "properties": {"rol": "seguidor", "id": "TK0291", "tipo": "completo", "axis_azimuth": 0, "punto": "eje de unidad (no el motor)", "ncu": 6, "gw": 6, "axis_tilt": 0, "max_angle": 55, "backtrack": true, "gcr": 0.397, "cross_axis_tilt": 0}}, {"type": "Feature", "geometry": {"type": "Point", "coordinates": [14.8868793, 37.367548]}, "properties": {"rol": "seguidor", "id": "TK0292", "tipo": "completo", "axis_azimuth": 0, "punto": "eje de unidad (no el motor)", "ncu": 6, "gw": 6, "axis_tilt": 0, "max_angle": 55, "backtrack": true, "gcr": 0.397, "cross_axis_tilt": 0}}, {"type": "Feature", "geometry": {"type": "Point", "coordinates": [14.8869977, 37.3675481]}, "properties": {"rol": "seguidor", "id": "TK0293", "tipo": "completo", "axis_azimuth": 0, "punto": "eje de unidad (no el motor)", "ncu": 6, "gw": 6, "axis_tilt": 0, "max_angle": 55, "backtrack": true, "gcr": 0.397, "cross_axis_tilt": 0}}, {"type": "Feature", "geometry": {"type": "Point", "coordinates": [14.887116, 37.3675482]}, "properties": {"rol": "seguidor", "id": "TK0294", "tipo": "completo", "axis_azimuth": 0, "punto": "eje de unidad (no el motor)", "ncu": 6, "gw": 6, "axis_tilt": 0, "max_angle": 55, "backtrack": true, "gcr": 0.397, "cross_axis_tilt": 0}}, {"type": "Feature", "geometry": {"type": "Point", "coordinates": [14.8858151, 37.3668943]}, "properties": {"rol": "seguidor", "id": "TK0295", "tipo": "completo", "axis_azimuth": 0, "punto": "eje de unidad (no el motor)", "ncu": 6, "gw": 6, "axis_tilt": 0, "max_angle": 55, "backtrack": true, "gcr": 0.397, "cross_axis_tilt": 0}}, {"type": "Feature", "geometry": {"type": "Point", "coordinates": [14.8859335, 37.3668944]}, "properties": {"rol": "seguidor", "id": "TK0296", "tipo": "completo", "axis_azimuth": 0, "punto": "eje de unidad (no el motor)", "ncu": 6, "gw": 6, "axis_tilt": 0, "max_angle": 55, "backtrack": true, "gcr": 0.397, "cross_axis_tilt": 0}}, {"type": "Feature", "geometry": {"type": "Point", "coordinates": [14.8860518, 37.3668945]}, "properties": {"rol": "seguidor", "id": "TK0297", "tipo": "completo", "axis_azimuth": 0, "punto": "eje de unidad (no el motor)", "ncu": 6, "gw": 6, "axis_tilt": 0, "max_angle": 55, "backtrack": true, "gcr": 0.397, "cross_axis_tilt": 0}}, {"type": "Feature", "geometry": {"type": "Point", "coordinates": [14.8861702, 37.3668947]}, "properties": {"rol": "seguidor", "id": "TK0298", "tipo": "completo", "axis_azimuth": 0, "punto": "eje de unidad (no el motor)", "ncu": 6, "gw": 6, "axis_tilt": 0, "max_angle": 55, "backtrack": true, "gcr": 0.397, "cross_axis_tilt": 0}}, {"type": "Feature", "geometry": {"type": "Point", "coordinates": [14.8862885, 37.3668948]}, "properties": {"rol": "seguidor", "id": "TK0299", "tipo": "completo", "axis_azimuth": 0, "punto": "eje de unidad (no el motor)", "ncu": 6, "gw": 6, "axis_tilt": 0, "max_angle": 55, "backtrack": true, "gcr": 0.397, "cross_axis_tilt": 0}}, {"type": "Feature", "geometry": {"type": "Point", "coordinates": [14.8864069, 37.3668949]}, "properties": {"rol": "seguidor", "id": "TK0300", "tipo": "completo", "axis_azimuth": 0, "punto": "eje de unidad (no el motor)", "ncu": 6, "gw": 6, "axis_tilt": 0, "max_angle": 55, "backtrack": true, "gcr": 0.397, "cross_axis_tilt": 0}}, {"type": "Feature", "geometry": {"type": "Point", "coordinates": [14.8865252, 37.366895]}, "properties": {"rol": "seguidor", "id": "TK0301", "tipo": "completo", "axis_azimuth": 0, "punto": "eje de unidad (no el motor)", "ncu": 6, "gw": 6, "axis_tilt": 0, "max_angle": 55, "backtrack": true, "gcr": 0.397, "cross_axis_tilt": 0}}, {"type": "Feature", "geometry": {"type": "Point", "coordinates": [14.8866436, 37.3668951]}, "properties": {"rol": "seguidor", "id": "TK0302", "tipo": "completo", "axis_azimuth": 0, "punto": "eje de unidad (no el motor)", "ncu": 6, "gw": 6, "axis_tilt": 0, "max_angle": 55, "backtrack": true, "gcr": 0.397, "cross_axis_tilt": 0}}, {"type": "Feature", "geometry": {"type": "Point", "coordinates": [14.8867619, 37.3668952]}, "properties": {"rol": "seguidor", "id": "TK0303", "tipo": "completo", "axis_azimuth": 0, "punto": "eje de unidad (no el motor)", "ncu": 6, "gw": 6, "axis_tilt": 0, "max_angle": 55, "backtrack": true, "gcr": 0.397, "cross_axis_tilt": 0}}, {"type": "Feature", "geometry": {"type": "Point", "coordinates": [14.8868803, 37.3668953]}, "properties": {"rol": "seguidor", "id": "TK0304", "tipo": "completo", "axis_azimuth": 0, "punto": "eje de unidad (no el motor)", "ncu": 6, "gw": 6, "axis_tilt": 0, "max_angle": 55, "backtrack": true, "gcr": 0.397, "cross_axis_tilt": 0}}, {"type": "Feature", "geometry": {"type": "Point", "coordinates": [14.8869986, 37.3668955]}, "properties": {"rol": "seguidor", "id": "TK0305", "tipo": "completo", "axis_azimuth": 0, "punto": "eje de unidad (no el motor)", "ncu": 6, "gw": 6, "axis_tilt": 0, "max_angle": 55, "backtrack": true, "gcr": 0.397, "cross_axis_tilt": 0}}, {"type": "Feature", "geometry": {"type": "Point", "coordinates": [14.887117, 37.3668956]}, "properties": {"rol": "seguidor", "id": "TK0306", "tipo": "completo", "axis_azimuth": 0, "punto": "eje de unidad (no el motor)", "ncu": 6, "gw": 6, "axis_tilt": 0, "max_angle": 55, "backtrack": true, "gcr": 0.397, "cross_axis_tilt": 0}}, {"type": "Feature", "geometry": {"type": "Point", "coordinates": [14.8872344, 37.3675484]}, "properties": {"rol": "seguidor", "id": "TK0307", "tipo": "completo", "axis_azimuth": 0, "punto": "eje de unidad (no el motor)", "ncu": 6, "gw": 6, "axis_tilt": 0, "max_angle": 55, "backtrack": true, "gcr": 0.397, "cross_axis_tilt": 0}}, {"type": "Feature", "geometry": {"type": "Point", "coordinates": [14.8873532, 37.3672169]}, "properties": {"rol": "seguidor", "id": "TK0308", "tipo": "completo", "axis_azimuth": 0, "punto": "eje de unidad (no el motor)", "ncu": 6, "gw": 6, "axis_tilt": 0, "max_angle": 55, "backtrack": true, "gcr": 0.397, "cross_axis_tilt": 0}}, {"type": "Feature", "geometry": {"type": "Point", "coordinates": [14.8874716, 37.367217]}, "properties": {"rol": "seguidor", "id": "TK0309", "tipo": "completo", "axis_azimuth": 0, "punto": "eje de unidad (no el motor)", "ncu": 6, "gw": 6, "axis_tilt": 0, "max_angle": 55, "backtrack": true, "gcr": 0.397, "cross_axis_tilt": 0}}, {"type": "Feature", "geometry": {"type": "Point", "coordinates": [14.8875899, 37.3672171]}, "properties": {"rol": "seguidor", "id": "TK0310", "tipo": "completo", "axis_azimuth": 0, "punto": "eje de unidad (no el motor)", "ncu": 6, "gw": 6, "axis_tilt": 0, "max_angle": 55, "backtrack": true, "gcr": 0.397, "cross_axis_tilt": 0}}, {"type": "Feature", "geometry": {"type": "Point", "coordinates": [14.8877078, 37.3675488]}, "properties": {"rol": "seguidor", "id": "TK0311", "tipo": "completo", "axis_azimuth": 0, "punto": "eje de unidad (no el motor)", "ncu": 6, "gw": 6, "axis_tilt": 0, "max_angle": 55, "backtrack": true, "gcr": 0.397, "cross_axis_tilt": 0}}, {"type": "Feature", "geometry": {"type": "Point", "coordinates": [14.8878262, 37.3675489]}, "properties": {"rol": "seguidor", "id": "TK0312", "tipo": "completo", "axis_azimuth": 0, "punto": "eje de unidad (no el motor)", "ncu": 6, "gw": 6, "axis_tilt": 0, "max_angle": 55, "backtrack": true, "gcr": 0.397, "cross_axis_tilt": 0}}, {"type": "Feature", "geometry": {"type": "Point", "coordinates": [14.8879445, 37.367549]}, "properties": {"rol": "seguidor", "id": "TK0313", "tipo": "completo", "axis_azimuth": 0, "punto": "eje de unidad (no el motor)", "ncu": 6, "gw": 6, "axis_tilt": 0, "max_angle": 55, "backtrack": true, "gcr": 0.397, "cross_axis_tilt": 0}}, {"type": "Feature", "geometry": {"type": "Point", "coordinates": [14.8880629, 37.3675491]}, "properties": {"rol": "seguidor", "id": "TK0314", "tipo": "completo", "axis_azimuth": 0, "punto": "eje de unidad (no el motor)", "ncu": 6, "gw": 6, "axis_tilt": 0, "max_angle": 55, "backtrack": true, "gcr": 0.397, "cross_axis_tilt": 0}}, {"type": "Feature", "geometry": {"type": "Point", "coordinates": [14.8881812, 37.3675493]}, "properties": {"rol": "seguidor", "id": "TK0315", "tipo": "completo", "axis_azimuth": 0, "punto": "eje de unidad (no el motor)", "ncu": 6, "gw": 6, "axis_tilt": 0, "max_angle": 55, "backtrack": true, "gcr": 0.397, "cross_axis_tilt": 0}}, {"type": "Feature", "geometry": {"type": "Point", "coordinates": [14.8882996, 37.3675494]}, "properties": {"rol": "seguidor", "id": "TK0316", "tipo": "completo", "axis_azimuth": 0, "punto": "eje de unidad (no el motor)", "ncu": 6, "gw": 6, "axis_tilt": 0, "max_angle": 55, "backtrack": true, "gcr": 0.397, "cross_axis_tilt": 0}}, {"type": "Feature", "geometry": {"type": "Point", "coordinates": [14.8884179, 37.3675495]}, "properties": {"rol": "seguidor", "id": "TK0317", "tipo": "completo", "axis_azimuth": 0, "punto": "eje de unidad (no el motor)", "ncu": 6, "gw": 6, "axis_tilt": 0, "max_angle": 55, "backtrack": true, "gcr": 0.397, "cross_axis_tilt": 0}}, {"type": "Feature", "geometry": {"type": "Point", "coordinates": [14.8885363, 37.3675496]}, "properties": {"rol": "seguidor", "id": "TK0318", "tipo": "completo", "axis_azimuth": 0, "punto": "eje de unidad (no el motor)", "ncu": 6, "gw": 6, "axis_tilt": 0, "max_angle": 55, "backtrack": true, "gcr": 0.397, "cross_axis_tilt": 0}}, {"type": "Feature", "geometry": {"type": "Point", "coordinates": [14.8886547, 37.3675497]}, "properties": {"rol": "seguidor", "id": "TK0319", "tipo": "completo", "axis_azimuth": 0, "punto": "eje de unidad (no el motor)", "ncu": 6, "gw": 6, "axis_tilt": 0, "max_angle": 55, "backtrack": true, "gcr": 0.397, "cross_axis_tilt": 0}}, {"type": "Feature", "geometry": {"type": "Point", "coordinates": [14.888773, 37.3675498]}, "properties": {"rol": "seguidor", "id": "TK0320", "tipo": "completo", "axis_azimuth": 0, "punto": "eje de unidad (no el motor)", "ncu": 6, "gw": 6, "axis_tilt": 0, "max_angle": 55, "backtrack": true, "gcr": 0.397, "cross_axis_tilt": 0}}, {"type": "Feature", "geometry": {"type": "Point", "coordinates": [14.8888914, 37.3675499]}, "properties": {"rol": "seguidor", "id": "TK0321", "tipo": "completo", "axis_azimuth": 0, "punto": "eje de unidad (no el motor)", "ncu": 6, "gw": 6, "axis_tilt": 0, "max_angle": 55, "backtrack": true, "gcr": 0.397, "cross_axis_tilt": 0}}, {"type": "Feature", "geometry": {"type": "Point", "coordinates": [14.8890097, 37.36755]}, "properties": {"rol": "seguidor", "id": "TK0322", "tipo": "completo", "axis_azimuth": 0, "punto": "eje de unidad (no el motor)", "ncu": 6, "gw": 6, "axis_tilt": 0, "max_angle": 55, "backtrack": true, "gcr": 0.397, "cross_axis_tilt": 0}}, {"type": "Feature", "geometry": {"type": "Point", "coordinates": [14.8891281, 37.3675501]}, "properties": {"rol": "seguidor", "id": "TK0323", "tipo": "completo", "axis_azimuth": 0, "punto": "eje de unidad (no el motor)", "ncu": 6, "gw": 6, "axis_tilt": 0, "max_angle": 55, "backtrack": true, "gcr": 0.397, "cross_axis_tilt": 0}}, {"type": "Feature", "geometry": {"type": "Point", "coordinates": [14.8892464, 37.3675503]}, "properties": {"rol": "seguidor", "id": "TK0324", "tipo": "completo", "axis_azimuth": 0, "punto": "eje de unidad (no el motor)", "ncu": 6, "gw": 6, "axis_tilt": 0, "max_angle": 55, "backtrack": true, "gcr": 0.397, "cross_axis_tilt": 0}}, {"type": "Feature", "geometry": {"type": "Point", "coordinates": [14.8872354, 37.3668957]}, "properties": {"rol": "seguidor", "id": "TK0325", "tipo": "completo", "axis_azimuth": 0, "punto": "eje de unidad (no el motor)", "ncu": 6, "gw": 6, "axis_tilt": 0, "max_angle": 55, "backtrack": true, "gcr": 0.397, "cross_axis_tilt": 0}}, {"type": "Feature", "geometry": {"type": "Point", "coordinates": [14.8873542, 37.3665642]}, "properties": {"rol": "seguidor", "id": "TK0326", "tipo": "completo", "axis_azimuth": 0, "punto": "eje de unidad (no el motor)", "ncu": 6, "gw": 6, "axis_tilt": 0, "max_angle": 55, "backtrack": true, "gcr": 0.397, "cross_axis_tilt": 0}}, {"type": "Feature", "geometry": {"type": "Point", "coordinates": [14.8874726, 37.3665643]}, "properties": {"rol": "seguidor", "id": "TK0327", "tipo": "completo", "axis_azimuth": 0, "punto": "eje de unidad (no el motor)", "ncu": 6, "gw": 6, "axis_tilt": 0, "max_angle": 55, "backtrack": true, "gcr": 0.397, "cross_axis_tilt": 0}}, {"type": "Feature", "geometry": {"type": "Point", "coordinates": [14.8875909, 37.3665644]}, "properties": {"rol": "seguidor", "id": "TK0328", "tipo": "completo", "axis_azimuth": 0, "punto": "eje de unidad (no el motor)", "ncu": 6, "gw": 6, "axis_tilt": 0, "max_angle": 55, "backtrack": true, "gcr": 0.397, "cross_axis_tilt": 0}}, {"type": "Feature", "geometry": {"type": "Point", "coordinates": [14.8877088, 37.3668961]}, "properties": {"rol": "seguidor", "id": "TK0329", "tipo": "completo", "axis_azimuth": 0, "punto": "eje de unidad (no el motor)", "ncu": 6, "gw": 6, "axis_tilt": 0, "max_angle": 55, "backtrack": true, "gcr": 0.397, "cross_axis_tilt": 0}}, {"type": "Feature", "geometry": {"type": "Point", "coordinates": [14.8878271, 37.3668962]}, "properties": {"rol": "seguidor", "id": "TK0330", "tipo": "completo", "axis_azimuth": 0, "punto": "eje de unidad (no el motor)", "ncu": 6, "gw": 6, "axis_tilt": 0, "max_angle": 55, "backtrack": true, "gcr": 0.397, "cross_axis_tilt": 0}}, {"type": "Feature", "geometry": {"type": "Point", "coordinates": [14.8879455, 37.3668964]}, "properties": {"rol": "seguidor", "id": "TK0331", "tipo": "completo", "axis_azimuth": 0, "punto": "eje de unidad (no el motor)", "ncu": 6, "gw": 6, "axis_tilt": 0, "max_angle": 55, "backtrack": true, "gcr": 0.397, "cross_axis_tilt": 0}}, {"type": "Feature", "geometry": {"type": "Point", "coordinates": [14.8880638, 37.3668965]}, "properties": {"rol": "seguidor", "id": "TK0332", "tipo": "completo", "axis_azimuth": 0, "punto": "eje de unidad (no el motor)", "ncu": 6, "gw": 6, "axis_tilt": 0, "max_angle": 55, "backtrack": true, "gcr": 0.397, "cross_axis_tilt": 0}}, {"type": "Feature", "geometry": {"type": "Point", "coordinates": [14.8881822, 37.3668966]}, "properties": {"rol": "seguidor", "id": "TK0333", "tipo": "completo", "axis_azimuth": 0, "punto": "eje de unidad (no el motor)", "ncu": 6, "gw": 6, "axis_tilt": 0, "max_angle": 55, "backtrack": true, "gcr": 0.397, "cross_axis_tilt": 0}}, {"type": "Feature", "geometry": {"type": "Point", "coordinates": [14.8883006, 37.3668967]}, "properties": {"rol": "seguidor", "id": "TK0334", "tipo": "completo", "axis_azimuth": 0, "punto": "eje de unidad (no el motor)", "ncu": 6, "gw": 6, "axis_tilt": 0, "max_angle": 55, "backtrack": true, "gcr": 0.397, "cross_axis_tilt": 0}}, {"type": "Feature", "geometry": {"type": "Point", "coordinates": [14.8884189, 37.3668968]}, "properties": {"rol": "seguidor", "id": "TK0335", "tipo": "completo", "axis_azimuth": 0, "punto": "eje de unidad (no el motor)", "ncu": 6, "gw": 6, "axis_tilt": 0, "max_angle": 55, "backtrack": true, "gcr": 0.397, "cross_axis_tilt": 0}}, {"type": "Feature", "geometry": {"type": "Point", "coordinates": [14.8885373, 37.3668969]}, "properties": {"rol": "seguidor", "id": "TK0336", "tipo": "completo", "axis_azimuth": 0, "punto": "eje de unidad (no el motor)", "ncu": 6, "gw": 6, "axis_tilt": 0, "max_angle": 55, "backtrack": true, "gcr": 0.397, "cross_axis_tilt": 0}}, {"type": "Feature", "geometry": {"type": "Point", "coordinates": [14.8886556, 37.366897]}, "properties": {"rol": "seguidor", "id": "TK0337", "tipo": "completo", "axis_azimuth": 0, "punto": "eje de unidad (no el motor)", "ncu": 6, "gw": 6, "axis_tilt": 0, "max_angle": 55, "backtrack": true, "gcr": 0.397, "cross_axis_tilt": 0}}, {"type": "Feature", "geometry": {"type": "Point", "coordinates": [14.888774, 37.3668971]}, "properties": {"rol": "seguidor", "id": "TK0338", "tipo": "completo", "axis_azimuth": 0, "punto": "eje de unidad (no el motor)", "ncu": 6, "gw": 6, "axis_tilt": 0, "max_angle": 55, "backtrack": true, "gcr": 0.397, "cross_axis_tilt": 0}}, {"type": "Feature", "geometry": {"type": "Point", "coordinates": [14.8888923, 37.3668972]}, "properties": {"rol": "seguidor", "id": "TK0339", "tipo": "completo", "axis_azimuth": 0, "punto": "eje de unidad (no el motor)", "ncu": 6, "gw": 6, "axis_tilt": 0, "max_angle": 55, "backtrack": true, "gcr": 0.397, "cross_axis_tilt": 0}}, {"type": "Feature", "geometry": {"type": "Point", "coordinates": [14.8890107, 37.3668974]}, "properties": {"rol": "seguidor", "id": "TK0340", "tipo": "completo", "axis_azimuth": 0, "punto": "eje de unidad (no el motor)", "ncu": 6, "gw": 6, "axis_tilt": 0, "max_angle": 55, "backtrack": true, "gcr": 0.397, "cross_axis_tilt": 0}}, {"type": "Feature", "geometry": {"type": "Point", "coordinates": [14.889129, 37.3668975]}, "properties": {"rol": "seguidor", "id": "TK0341", "tipo": "completo", "axis_azimuth": 0, "punto": "eje de unidad (no el motor)", "ncu": 6, "gw": 6, "axis_tilt": 0, "max_angle": 55, "backtrack": true, "gcr": 0.397, "cross_axis_tilt": 0}}, {"type": "Feature", "geometry": {"type": "Point", "coordinates": [14.8885382, 37.3662442]}, "properties": {"rol": "seguidor", "id": "TK0342", "tipo": "completo", "axis_azimuth": 0, "punto": "eje de unidad (no el motor)", "ncu": 6, "gw": 6, "axis_tilt": 0, "max_angle": 55, "backtrack": true, "gcr": 0.397, "cross_axis_tilt": 0}}, {"type": "Feature", "geometry": {"type": "Point", "coordinates": [14.8886566, 37.3662444]}, "properties": {"rol": "seguidor", "id": "TK0343", "tipo": "completo", "axis_azimuth": 0, "punto": "eje de unidad (no el motor)", "ncu": 6, "gw": 6, "axis_tilt": 0, "max_angle": 55, "backtrack": true, "gcr": 0.397, "cross_axis_tilt": 0}}, {"type": "Feature", "geometry": {"type": "Point", "coordinates": [14.8887749, 37.3662445]}, "properties": {"rol": "seguidor", "id": "TK0344", "tipo": "completo", "axis_azimuth": 0, "punto": "eje de unidad (no el motor)", "ncu": 6, "gw": 6, "axis_tilt": 0, "max_angle": 55, "backtrack": true, "gcr": 0.397, "cross_axis_tilt": 0}}, {"type": "Feature", "geometry": {"type": "Point", "coordinates": [14.888267, 37.3731222]}, "properties": {"rol": "seguidor", "id": "TK0345", "tipo": "completo", "axis_azimuth": 0, "punto": "eje de unidad (no el motor)", "ncu": 4, "gw": 4, "axis_tilt": 0, "max_angle": 55, "backtrack": true, "gcr": 0.397, "cross_axis_tilt": 0}}, {"type": "Feature", "geometry": {"type": "Point", "coordinates": [14.8883853, 37.3731223]}, "properties": {"rol": "seguidor", "id": "TK0346", "tipo": "completo", "axis_azimuth": 0, "punto": "eje de unidad (no el motor)", "ncu": 4, "gw": 4, "axis_tilt": 0, "max_angle": 55, "backtrack": true, "gcr": 0.397, "cross_axis_tilt": 0}}, {"type": "Feature", "geometry": {"type": "Point", "coordinates": [14.8885037, 37.3731224]}, "properties": {"rol": "seguidor", "id": "TK0347", "tipo": "completo", "axis_azimuth": 0, "punto": "eje de unidad (no el motor)", "ncu": 4, "gw": 4, "axis_tilt": 0, "max_angle": 55, "backtrack": true, "gcr": 0.397, "cross_axis_tilt": 0}}, {"type": "Feature", "geometry": {"type": "Point", "coordinates": [14.8886221, 37.3731225]}, "properties": {"rol": "seguidor", "id": "TK0348", "tipo": "completo", "axis_azimuth": 0, "punto": "eje de unidad (no el motor)", "ncu": 4, "gw": 4, "axis_tilt": 0, "max_angle": 55, "backtrack": true, "gcr": 0.397, "cross_axis_tilt": 0}}, {"type": "Feature", "geometry": {"type": "Point", "coordinates": [14.8879128, 37.3724692]}, "properties": {"rol": "seguidor", "id": "TK0349", "tipo": "completo", "axis_azimuth": 0, "punto": "eje de unidad (no el motor)", "ncu": 4, "gw": 4, "axis_tilt": 0, "max_angle": 55, "backtrack": true, "gcr": 0.397, "cross_axis_tilt": 0}}, {"type": "Feature", "geometry": {"type": "Point", "coordinates": [14.8880312, 37.3724693]}, "properties": {"rol": "seguidor", "id": "TK0350", "tipo": "completo", "axis_azimuth": 0, "punto": "eje de unidad (no el motor)", "ncu": 4, "gw": 4, "axis_tilt": 0, "max_angle": 55, "backtrack": true, "gcr": 0.397, "cross_axis_tilt": 0}}, {"type": "Feature", "geometry": {"type": "Point", "coordinates": [14.8881496, 37.3724694]}, "properties": {"rol": "seguidor", "id": "TK0351", "tipo": "completo", "axis_azimuth": 0, "punto": "eje de unidad (no el motor)", "ncu": 4, "gw": 4, "axis_tilt": 0, "max_angle": 55, "backtrack": true, "gcr": 0.397, "cross_axis_tilt": 0}}, {"type": "Feature", "geometry": {"type": "Point", "coordinates": [14.8882679, 37.3724695]}, "properties": {"rol": "seguidor", "id": "TK0352", "tipo": "completo", "axis_azimuth": 0, "punto": "eje de unidad (no el motor)", "ncu": 4, "gw": 4, "axis_tilt": 0, "max_angle": 55, "backtrack": true, "gcr": 0.397, "cross_axis_tilt": 0}}, {"type": "Feature", "geometry": {"type": "Point", "coordinates": [14.8883863, 37.3724696]}, "properties": {"rol": "seguidor", "id": "TK0353", "tipo": "completo", "axis_azimuth": 0, "punto": "eje de unidad (no el motor)", "ncu": 4, "gw": 4, "axis_tilt": 0, "max_angle": 55, "backtrack": true, "gcr": 0.397, "cross_axis_tilt": 0}}, {"type": "Feature", "geometry": {"type": "Point", "coordinates": [14.8885047, 37.3724697]}, "properties": {"rol": "seguidor", "id": "TK0354", "tipo": "completo", "axis_azimuth": 0, "punto": "eje de unidad (no el motor)", "ncu": 4, "gw": 4, "axis_tilt": 0, "max_angle": 55, "backtrack": true, "gcr": 0.397, "cross_axis_tilt": 0}}, {"type": "Feature", "geometry": {"type": "Point", "coordinates": [14.888623, 37.3724698]}, "properties": {"rol": "seguidor", "id": "TK0355", "tipo": "completo", "axis_azimuth": 0, "punto": "eje de unidad (no el motor)", "ncu": 4, "gw": 4, "axis_tilt": 0, "max_angle": 55, "backtrack": true, "gcr": 0.397, "cross_axis_tilt": 0}}, {"type": "Feature", "geometry": {"type": "Point", "coordinates": [14.8876771, 37.3718163]}, "properties": {"rol": "seguidor", "id": "TK0356", "tipo": "completo", "axis_azimuth": 0, "punto": "eje de unidad (no el motor)", "ncu": 4, "gw": 4, "axis_tilt": 0, "max_angle": 55, "backtrack": true, "gcr": 0.397, "cross_axis_tilt": 0}}, {"type": "Feature", "geometry": {"type": "Point", "coordinates": [14.8877955, 37.3718164]}, "properties": {"rol": "seguidor", "id": "TK0357", "tipo": "completo", "axis_azimuth": 0, "punto": "eje de unidad (no el motor)", "ncu": 4, "gw": 4, "axis_tilt": 0, "max_angle": 55, "backtrack": true, "gcr": 0.397, "cross_axis_tilt": 0}}, {"type": "Feature", "geometry": {"type": "Point", "coordinates": [14.8879138, 37.3718165]}, "properties": {"rol": "seguidor", "id": "TK0358", "tipo": "completo", "axis_azimuth": 0, "punto": "eje de unidad (no el motor)", "ncu": 4, "gw": 4, "axis_tilt": 0, "max_angle": 55, "backtrack": true, "gcr": 0.397, "cross_axis_tilt": 0}}, {"type": "Feature", "geometry": {"type": "Point", "coordinates": [14.8880322, 37.3718166]}, "properties": {"rol": "seguidor", "id": "TK0359", "tipo": "completo", "axis_azimuth": 0, "punto": "eje de unidad (no el motor)", "ncu": 4, "gw": 4, "axis_tilt": 0, "max_angle": 55, "backtrack": true, "gcr": 0.397, "cross_axis_tilt": 0}}, {"type": "Feature", "geometry": {"type": "Point", "coordinates": [14.8881505, 37.3718167]}, "properties": {"rol": "seguidor", "id": "TK0360", "tipo": "completo", "axis_azimuth": 0, "punto": "eje de unidad (no el motor)", "ncu": 4, "gw": 4, "axis_tilt": 0, "max_angle": 55, "backtrack": true, "gcr": 0.397, "cross_axis_tilt": 0}}, {"type": "Feature", "geometry": {"type": "Point", "coordinates": [14.8882689, 37.3718168]}, "properties": {"rol": "seguidor", "id": "TK0361", "tipo": "completo", "axis_azimuth": 0, "punto": "eje de unidad (no el motor)", "ncu": 4, "gw": 4, "axis_tilt": 0, "max_angle": 55, "backtrack": true, "gcr": 0.397, "cross_axis_tilt": 0}}, {"type": "Feature", "geometry": {"type": "Point", "coordinates": [14.8883873, 37.3718169]}, "properties": {"rol": "seguidor", "id": "TK0362", "tipo": "completo", "axis_azimuth": 0, "punto": "eje de unidad (no el motor)", "ncu": 4, "gw": 4, "axis_tilt": 0, "max_angle": 55, "backtrack": true, "gcr": 0.397, "cross_axis_tilt": 0}}, {"type": "Feature", "geometry": {"type": "Point", "coordinates": [14.8885056, 37.371817]}, "properties": {"rol": "seguidor", "id": "TK0363", "tipo": "completo", "axis_azimuth": 0, "punto": "eje de unidad (no el motor)", "ncu": 4, "gw": 4, "axis_tilt": 0, "max_angle": 55, "backtrack": true, "gcr": 0.397, "cross_axis_tilt": 0}}, {"type": "Feature", "geometry": {"type": "Point", "coordinates": [14.888624, 37.3718172]}, "properties": {"rol": "seguidor", "id": "TK0364", "tipo": "completo", "axis_azimuth": 0, "punto": "eje de unidad (no el motor)", "ncu": 4, "gw": 4, "axis_tilt": 0, "max_angle": 55, "backtrack": true, "gcr": 0.397, "cross_axis_tilt": 0}}, {"type": "Feature", "geometry": {"type": "Point", "coordinates": [14.8870859, 37.3708712]}, "properties": {"rol": "seguidor", "id": "TK0365", "tipo": "completo", "axis_azimuth": 0, "punto": "eje de unidad (no el motor)", "ncu": 4, "gw": 4, "axis_tilt": 0, "max_angle": 55, "backtrack": true, "gcr": 0.397, "cross_axis_tilt": 0}}, {"type": "Feature", "geometry": {"type": "Point", "coordinates": [14.8872042, 37.3708713]}, "properties": {"rol": "seguidor", "id": "TK0366", "tipo": "completo", "axis_azimuth": 0, "punto": "eje de unidad (no el motor)", "ncu": 4, "gw": 4, "axis_tilt": 0, "max_angle": 55, "backtrack": true, "gcr": 0.397, "cross_axis_tilt": 0}}, {"type": "Feature", "geometry": {"type": "Point", "coordinates": [14.8873226, 37.3708715]}, "properties": {"rol": "seguidor", "id": "TK0367", "tipo": "completo", "axis_azimuth": 0, "punto": "eje de unidad (no el motor)", "ncu": 4, "gw": 4, "axis_tilt": 0, "max_angle": 55, "backtrack": true, "gcr": 0.397, "cross_axis_tilt": 0}}, {"type": "Feature", "geometry": {"type": "Point", "coordinates": [14.887441, 37.3708716]}, "properties": {"rol": "seguidor", "id": "TK0368", "tipo": "completo", "axis_azimuth": 0, "punto": "eje de unidad (no el motor)", "ncu": 4, "gw": 4, "axis_tilt": 0, "max_angle": 55, "backtrack": true, "gcr": 0.397, "cross_axis_tilt": 0}}, {"type": "Feature", "geometry": {"type": "Point", "coordinates": [14.8875593, 37.3708717]}, "properties": {"rol": "seguidor", "id": "TK0369", "tipo": "completo", "axis_azimuth": 0, "punto": "eje de unidad (no el motor)", "ncu": 4, "gw": 4, "axis_tilt": 0, "max_angle": 55, "backtrack": true, "gcr": 0.397, "cross_axis_tilt": 0}}, {"type": "Feature", "geometry": {"type": "Point", "coordinates": [14.8876777, 37.3708718]}, "properties": {"rol": "seguidor", "id": "TK0370", "tipo": "completo", "axis_azimuth": 0, "punto": "eje de unidad (no el motor)", "ncu": 4, "gw": 4, "axis_tilt": 0, "max_angle": 55, "backtrack": true, "gcr": 0.397, "cross_axis_tilt": 0}}, {"type": "Feature", "geometry": {"type": "Point", "coordinates": [14.887796, 37.3708719]}, "properties": {"rol": "seguidor", "id": "TK0371", "tipo": "completo", "axis_azimuth": 0, "punto": "eje de unidad (no el motor)", "ncu": 4, "gw": 4, "axis_tilt": 0, "max_angle": 55, "backtrack": true, "gcr": 0.397, "cross_axis_tilt": 0}}, {"type": "Feature", "geometry": {"type": "Point", "coordinates": [14.8879144, 37.370872]}, "properties": {"rol": "seguidor", "id": "TK0372", "tipo": "completo", "axis_azimuth": 0, "punto": "eje de unidad (no el motor)", "ncu": 4, "gw": 4, "axis_tilt": 0, "max_angle": 55, "backtrack": true, "gcr": 0.397, "cross_axis_tilt": 0}}, {"type": "Feature", "geometry": {"type": "Point", "coordinates": [14.8880328, 37.3708721]}, "properties": {"rol": "seguidor", "id": "TK0373", "tipo": "completo", "axis_azimuth": 0, "punto": "eje de unidad (no el motor)", "ncu": 4, "gw": 4, "axis_tilt": 0, "max_angle": 55, "backtrack": true, "gcr": 0.397, "cross_axis_tilt": 0}}, {"type": "Feature", "geometry": {"type": "Point", "coordinates": [14.8881511, 37.3708722]}, "properties": {"rol": "seguidor", "id": "TK0374", "tipo": "completo", "axis_azimuth": 0, "punto": "eje de unidad (no el motor)", "ncu": 4, "gw": 4, "axis_tilt": 0, "max_angle": 55, "backtrack": true, "gcr": 0.397, "cross_axis_tilt": 0}}, {"type": "Feature", "geometry": {"type": "Point", "coordinates": [14.8882695, 37.3708724]}, "properties": {"rol": "seguidor", "id": "TK0375", "tipo": "completo", "axis_azimuth": 0, "punto": "eje de unidad (no el motor)", "ncu": 4, "gw": 4, "axis_tilt": 0, "max_angle": 55, "backtrack": true, "gcr": 0.397, "cross_axis_tilt": 0}}, {"type": "Feature", "geometry": {"type": "Point", "coordinates": [14.8883878, 37.3709321]}, "properties": {"rol": "seguidor", "id": "TK0376", "tipo": "completo", "axis_azimuth": 0, "punto": "eje de unidad (no el motor)", "ncu": 4, "gw": 4, "axis_tilt": 0, "max_angle": 55, "backtrack": true, "gcr": 0.397, "cross_axis_tilt": 0}}, {"type": "Feature", "geometry": {"type": "Point", "coordinates": [14.8866134, 37.3702542]}, "properties": {"rol": "seguidor", "id": "TK0377", "tipo": "completo", "axis_azimuth": 0, "punto": "eje de unidad (no el motor)", "ncu": 5, "gw": 5, "axis_tilt": 0, "max_angle": 55, "backtrack": true, "gcr": 0.397, "cross_axis_tilt": 0}}, {"type": "Feature", "geometry": {"type": "Point", "coordinates": [14.8867317, 37.3702543]}, "properties": {"rol": "seguidor", "id": "TK0378", "tipo": "completo", "axis_azimuth": 0, "punto": "eje de unidad (no el motor)", "ncu": 5, "gw": 5, "axis_tilt": 0, "max_angle": 55, "backtrack": true, "gcr": 0.397, "cross_axis_tilt": 0}}, {"type": "Feature", "geometry": {"type": "Point", "coordinates": [14.8868501, 37.3702544]}, "properties": {"rol": "seguidor", "id": "TK0379", "tipo": "completo", "axis_azimuth": 0, "punto": "eje de unidad (no el motor)", "ncu": 5, "gw": 5, "axis_tilt": 0, "max_angle": 55, "backtrack": true, "gcr": 0.397, "cross_axis_tilt": 0}}, {"type": "Feature", "geometry": {"type": "Point", "coordinates": [14.8869684, 37.3702545]}, "properties": {"rol": "seguidor", "id": "TK0380", "tipo": "completo", "axis_azimuth": 0, "punto": "eje de unidad (no el motor)", "ncu": 5, "gw": 5, "axis_tilt": 0, "max_angle": 55, "backtrack": true, "gcr": 0.397, "cross_axis_tilt": 0}}, {"type": "Feature", "geometry": {"type": "Point", "coordinates": [14.8870869, 37.3702186]}, "properties": {"rol": "seguidor", "id": "TK0381", "tipo": "completo", "axis_azimuth": 0, "punto": "eje de unidad (no el motor)", "ncu": 4, "gw": 4, "axis_tilt": 0, "max_angle": 55, "backtrack": true, "gcr": 0.397, "cross_axis_tilt": 0}}, {"type": "Feature", "geometry": {"type": "Point", "coordinates": [14.8872052, 37.3702187]}, "properties": {"rol": "seguidor", "id": "TK0382", "tipo": "completo", "axis_azimuth": 0, "punto": "eje de unidad (no el motor)", "ncu": 4, "gw": 4, "axis_tilt": 0, "max_angle": 55, "backtrack": true, "gcr": 0.397, "cross_axis_tilt": 0}}, {"type": "Feature", "geometry": {"type": "Point", "coordinates": [14.8873236, 37.3702188]}, "properties": {"rol": "seguidor", "id": "TK0383", "tipo": "completo", "axis_azimuth": 0, "punto": "eje de unidad (no el motor)", "ncu": 4, "gw": 4, "axis_tilt": 0, "max_angle": 55, "backtrack": true, "gcr": 0.397, "cross_axis_tilt": 0}}, {"type": "Feature", "geometry": {"type": "Point", "coordinates": [14.8874419, 37.3702189]}, "properties": {"rol": "seguidor", "id": "TK0384", "tipo": "completo", "axis_azimuth": 0, "punto": "eje de unidad (no el motor)", "ncu": 4, "gw": 4, "axis_tilt": 0, "max_angle": 55, "backtrack": true, "gcr": 0.397, "cross_axis_tilt": 0}}, {"type": "Feature", "geometry": {"type": "Point", "coordinates": [14.8875603, 37.370219]}, "properties": {"rol": "seguidor", "id": "TK0385", "tipo": "completo", "axis_azimuth": 0, "punto": "eje de unidad (no el motor)", "ncu": 4, "gw": 4, "axis_tilt": 0, "max_angle": 55, "backtrack": true, "gcr": 0.397, "cross_axis_tilt": 0}}, {"type": "Feature", "geometry": {"type": "Point", "coordinates": [14.8876787, 37.3702191]}, "properties": {"rol": "seguidor", "id": "TK0386", "tipo": "completo", "axis_azimuth": 0, "punto": "eje de unidad (no el motor)", "ncu": 4, "gw": 4, "axis_tilt": 0, "max_angle": 55, "backtrack": true, "gcr": 0.397, "cross_axis_tilt": 0}}, {"type": "Feature", "geometry": {"type": "Point", "coordinates": [14.887797, 37.3702192]}, "properties": {"rol": "seguidor", "id": "TK0387", "tipo": "completo", "axis_azimuth": 0, "punto": "eje de unidad (no el motor)", "ncu": 4, "gw": 4, "axis_tilt": 0, "max_angle": 55, "backtrack": true, "gcr": 0.397, "cross_axis_tilt": 0}}, {"type": "Feature", "geometry": {"type": "Point", "coordinates": [14.8879154, 37.3702193]}, "properties": {"rol": "seguidor", "id": "TK0388", "tipo": "completo", "axis_azimuth": 0, "punto": "eje de unidad (no el motor)", "ncu": 4, "gw": 4, "axis_tilt": 0, "max_angle": 55, "backtrack": true, "gcr": 0.397, "cross_axis_tilt": 0}}, {"type": "Feature", "geometry": {"type": "Point", "coordinates": [14.8880337, 37.3702195]}, "properties": {"rol": "seguidor", "id": "TK0389", "tipo": "completo", "axis_azimuth": 0, "punto": "eje de unidad (no el motor)", "ncu": 4, "gw": 4, "axis_tilt": 0, "max_angle": 55, "backtrack": true, "gcr": 0.397, "cross_axis_tilt": 0}}, {"type": "Feature", "geometry": {"type": "Point", "coordinates": [14.8890079, 37.3709602]}, "properties": {"rol": "seguidor", "id": "TK0390", "tipo": "completo", "axis_azimuth": 0, "punto": "eje de unidad (no el motor)", "ncu": 8, "gw": 8, "axis_tilt": 0, "max_angle": 55, "backtrack": true, "gcr": 0.397, "cross_axis_tilt": 0}}, {"type": "Feature", "geometry": {"type": "Point", "coordinates": [14.8891262, 37.3709603]}, "properties": {"rol": "seguidor", "id": "TK0391", "tipo": "completo", "axis_azimuth": 0, "punto": "eje de unidad (no el motor)", "ncu": 8, "gw": 8, "axis_tilt": 0, "max_angle": 55, "backtrack": true, "gcr": 0.397, "cross_axis_tilt": 0}}, {"type": "Feature", "geometry": {"type": "Point", "coordinates": [14.8892446, 37.3709604]}, "properties": {"rol": "seguidor", "id": "TK0392", "tipo": "completo", "axis_azimuth": 0, "punto": "eje de unidad (no el motor)", "ncu": 8, "gw": 8, "axis_tilt": 0, "max_angle": 55, "backtrack": true, "gcr": 0.397, "cross_axis_tilt": 0}}, {"type": "Feature", "geometry": {"type": "Point", "coordinates": [14.889363, 37.3709605]}, "properties": {"rol": "seguidor", "id": "TK0393", "tipo": "completo", "axis_azimuth": 0, "punto": "eje de unidad (no el motor)", "ncu": 8, "gw": 8, "axis_tilt": 0, "max_angle": 55, "backtrack": true, "gcr": 0.397, "cross_axis_tilt": 0}}, {"type": "Feature", "geometry": {"type": "Point", "coordinates": [14.888772, 37.3704031]}, "properties": {"rol": "seguidor", "id": "TK0394", "tipo": "completo", "axis_azimuth": 0, "punto": "eje de unidad (no el motor)", "ncu": 6, "gw": 6, "axis_tilt": 0, "max_angle": 55, "backtrack": true, "gcr": 0.397, "cross_axis_tilt": 0}}, {"type": "Feature", "geometry": {"type": "Point", "coordinates": [14.8888908, 37.3700716]}, "properties": {"rol": "seguidor", "id": "TK0395", "tipo": "completo", "axis_azimuth": 0, "punto": "eje de unidad (no el motor)", "ncu": 6, "gw": 6, "axis_tilt": 0, "max_angle": 55, "backtrack": true, "gcr": 0.397, "cross_axis_tilt": 0}}, {"type": "Feature", "geometry": {"type": "Point", "coordinates": [14.8890088, 37.3703075]}, "properties": {"rol": "seguidor", "id": "TK0396", "tipo": "completo", "axis_azimuth": 0, "punto": "eje de unidad (no el motor)", "ncu": 8, "gw": 8, "axis_tilt": 0, "max_angle": 55, "backtrack": true, "gcr": 0.397, "cross_axis_tilt": 0}}, {"type": "Feature", "geometry": {"type": "Point", "coordinates": [14.8891272, 37.3703076]}, "properties": {"rol": "seguidor", "id": "TK0397", "tipo": "completo", "axis_azimuth": 0, "punto": "eje de unidad (no el motor)", "ncu": 8, "gw": 8, "axis_tilt": 0, "max_angle": 55, "backtrack": true, "gcr": 0.397, "cross_axis_tilt": 0}}, {"type": "Feature", "geometry": {"type": "Point", "coordinates": [14.8892456, 37.3703077]}, "properties": {"rol": "seguidor", "id": "TK0398", "tipo": "completo", "axis_azimuth": 0, "punto": "eje de unidad (no el motor)", "ncu": 8, "gw": 8, "axis_tilt": 0, "max_angle": 55, "backtrack": true, "gcr": 0.397, "cross_axis_tilt": 0}}, {"type": "Feature", "geometry": {"type": "Point", "coordinates": [14.8893639, 37.3703078]}, "properties": {"rol": "seguidor", "id": "TK0399", "tipo": "completo", "axis_azimuth": 0, "punto": "eje de unidad (no el motor)", "ncu": 8, "gw": 8, "axis_tilt": 0, "max_angle": 55, "backtrack": true, "gcr": 0.397, "cross_axis_tilt": 0}}, {"type": "Feature", "geometry": {"type": "Point", "coordinates": [14.8894819, 37.3705637]}, "properties": {"rol": "seguidor", "id": "TK0400", "tipo": "completo", "axis_azimuth": 0, "punto": "eje de unidad (no el motor)", "ncu": 8, "gw": 8, "axis_tilt": 0, "max_angle": 55, "backtrack": true, "gcr": 0.397, "cross_axis_tilt": 0}}, {"type": "Feature", "geometry": {"type": "Point", "coordinates": [14.8884183, 37.3694651]}, "properties": {"rol": "seguidor", "id": "TK0401", "tipo": "completo", "axis_azimuth": 0, "punto": "eje de unidad (no el motor)", "ncu": 6, "gw": 6, "axis_tilt": 0, "max_angle": 55, "backtrack": true, "gcr": 0.397, "cross_axis_tilt": 0}}, {"type": "Feature", "geometry": {"type": "Point", "coordinates": [14.8885366, 37.3694652]}, "properties": {"rol": "seguidor", "id": "TK0402", "tipo": "completo", "axis_azimuth": 0, "punto": "eje de unidad (no el motor)", "ncu": 6, "gw": 6, "axis_tilt": 0, "max_angle": 55, "backtrack": true, "gcr": 0.397, "cross_axis_tilt": 0}}, {"type": "Feature", "geometry": {"type": "Point", "coordinates": [14.8886551, 37.3694187]}, "properties": {"rol": "seguidor", "id": "TK0403", "tipo": "completo", "axis_azimuth": 0, "punto": "eje de unidad (no el motor)", "ncu": 6, "gw": 6, "axis_tilt": 0, "max_angle": 55, "backtrack": true, "gcr": 0.397, "cross_axis_tilt": 0}}, {"type": "Feature", "geometry": {"type": "Point", "coordinates": [14.8887729, 37.3697504]}, "properties": {"rol": "seguidor", "id": "TK0404", "tipo": "completo", "axis_azimuth": 0, "punto": "eje de unidad (no el motor)", "ncu": 6, "gw": 6, "axis_tilt": 0, "max_angle": 55, "backtrack": true, "gcr": 0.397, "cross_axis_tilt": 0}}, {"type": "Feature", "geometry": {"type": "Point", "coordinates": [14.8888918, 37.3694189]}, "properties": {"rol": "seguidor", "id": "TK0405", "tipo": "completo", "axis_azimuth": 0, "punto": "eje de unidad (no el motor)", "ncu": 6, "gw": 6, "axis_tilt": 0, "max_angle": 55, "backtrack": true, "gcr": 0.397, "cross_axis_tilt": 0}}, {"type": "Feature", "geometry": {"type": "Point", "coordinates": [14.8894829, 37.369911]}, "properties": {"rol": "seguidor", "id": "TK0406", "tipo": "completo", "axis_azimuth": 0, "punto": "eje de unidad (no el motor)", "ncu": 8, "gw": 8, "axis_tilt": 0, "max_angle": 55, "backtrack": true, "gcr": 0.397, "cross_axis_tilt": 0}}, {"type": "Feature", "geometry": {"type": "Point", "coordinates": [14.8881825, 37.3688122]}, "properties": {"rol": "seguidor", "id": "TK0407", "tipo": "completo", "axis_azimuth": 0, "punto": "eje de unidad (no el motor)", "ncu": 6, "gw": 6, "axis_tilt": 0, "max_angle": 55, "backtrack": true, "gcr": 0.397, "cross_axis_tilt": 0}}, {"type": "Feature", "geometry": {"type": "Point", "coordinates": [14.8883009, 37.3688123]}, "properties": {"rol": "seguidor", "id": "TK0408", "tipo": "completo", "axis_azimuth": 0, "punto": "eje de unidad (no el motor)", "ncu": 6, "gw": 6, "axis_tilt": 0, "max_angle": 55, "backtrack": true, "gcr": 0.397, "cross_axis_tilt": 0}}, {"type": "Feature", "geometry": {"type": "Point", "coordinates": [14.8884192, 37.3688124]}, "properties": {"rol": "seguidor", "id": "TK0409", "tipo": "completo", "axis_azimuth": 0, "punto": "eje de unidad (no el motor)", "ncu": 6, "gw": 6, "axis_tilt": 0, "max_angle": 55, "backtrack": true, "gcr": 0.397, "cross_axis_tilt": 0}}, {"type": "Feature", "geometry": {"type": "Point", "coordinates": [14.8885376, 37.3688125]}, "properties": {"rol": "seguidor", "id": "TK0410", "tipo": "completo", "axis_azimuth": 0, "punto": "eje de unidad (no el motor)", "ncu": 6, "gw": 6, "axis_tilt": 0, "max_angle": 55, "backtrack": true, "gcr": 0.397, "cross_axis_tilt": 0}}, {"type": "Feature", "geometry": {"type": "Point", "coordinates": [14.888656, 37.368766]}, "properties": {"rol": "seguidor", "id": "TK0411", "tipo": "completo", "axis_azimuth": 0, "punto": "eje de unidad (no el motor)", "ncu": 6, "gw": 6, "axis_tilt": 0, "max_angle": 55, "backtrack": true, "gcr": 0.397, "cross_axis_tilt": 0}}, {"type": "Feature", "geometry": {"type": "Point", "coordinates": [14.8887739, 37.3690977]}, "properties": {"rol": "seguidor", "id": "TK0412", "tipo": "completo", "axis_azimuth": 0, "punto": "eje de unidad (no el motor)", "ncu": 6, "gw": 6, "axis_tilt": 0, "max_angle": 55, "backtrack": true, "gcr": 0.397, "cross_axis_tilt": 0}}, {"type": "Feature", "geometry": {"type": "Point", "coordinates": [14.8888927, 37.3687662]}, "properties": {"rol": "seguidor", "id": "TK0413", "tipo": "completo", "axis_azimuth": 0, "punto": "eje de unidad (no el motor)", "ncu": 6, "gw": 6, "axis_tilt": 0, "max_angle": 55, "backtrack": true, "gcr": 0.397, "cross_axis_tilt": 0}}, {"type": "Feature", "geometry": {"type": "Point", "coordinates": [14.8890111, 37.3687443]}, "properties": {"rol": "seguidor", "id": "TK0414", "tipo": "completo", "axis_azimuth": 0, "punto": "eje de unidad (no el motor)", "ncu": 6, "gw": 6, "axis_tilt": 0, "max_angle": 55, "backtrack": true, "gcr": 0.397, "cross_axis_tilt": 0}}, {"type": "Feature", "geometry": {"type": "Point", "coordinates": [14.8891291, 37.3690023]}, "properties": {"rol": "seguidor", "id": "TK0415", "tipo": "completo", "axis_azimuth": 0, "punto": "eje de unidad (no el motor)", "ncu": 6, "gw": 6, "axis_tilt": 0, "max_angle": 55, "backtrack": true, "gcr": 0.397, "cross_axis_tilt": 0}}, {"type": "Feature", "geometry": {"type": "Point", "coordinates": [14.8880642, 37.3688121]}, "properties": {"rol": "seguidor", "id": "TK0416", "tipo": "completo", "axis_azimuth": 0, "punto": "eje de unidad (no el motor)", "ncu": 6, "gw": 6, "axis_tilt": 0, "max_angle": 55, "backtrack": true, "gcr": 0.397, "cross_axis_tilt": 0}}, {"type": "Feature", "geometry": {"type": "Point", "coordinates": [14.8895998, 37.3708925]}, "properties": {"rol": "seguidor", "id": "TK0417", "tipo": "completo", "axis_azimuth": 0, "punto": "eje de unidad (no el motor)", "ncu": 8, "gw": 8, "axis_tilt": 0, "max_angle": 55, "backtrack": true, "gcr": 0.397, "cross_axis_tilt": 0}}, {"type": "Feature", "geometry": {"type": "Point", "coordinates": [14.8896007, 37.3702398]}, "properties": {"rol": "seguidor", "id": "TK0418", "tipo": "completo", "axis_azimuth": 0, "punto": "eje de unidad (no el motor)", "ncu": 8, "gw": 8, "axis_tilt": 0, "max_angle": 55, "backtrack": true, "gcr": 0.397, "cross_axis_tilt": 0}}, {"type": "Feature", "geometry": {"type": "Point", "coordinates": [14.8897186, 37.3705639]}, "properties": {"rol": "seguidor", "id": "TK0419", "tipo": "completo", "axis_azimuth": 0, "punto": "eje de unidad (no el motor)", "ncu": 8, "gw": 8, "axis_tilt": 0, "max_angle": 55, "backtrack": true, "gcr": 0.397, "cross_axis_tilt": 0}}, {"type": "Feature", "geometry": {"type": "Point", "coordinates": [14.8915532, 37.3769362]}, "properties": {"rol": "seguidor", "id": "TK0420", "tipo": "completo", "axis_azimuth": 0, "punto": "eje de unidad (no el motor)", "ncu": 1, "gw": 1, "axis_tilt": 0, "max_angle": 55, "backtrack": true, "gcr": 0.397, "cross_axis_tilt": 0}}, {"type": "Feature", "geometry": {"type": "Point", "coordinates": [14.8916716, 37.3769363]}, "properties": {"rol": "seguidor", "id": "TK0421", "tipo": "completo", "axis_azimuth": 0, "punto": "eje de unidad (no el motor)", "ncu": 1, "gw": 1, "axis_tilt": 0, "max_angle": 55, "backtrack": true, "gcr": 0.397, "cross_axis_tilt": 0}}, {"type": "Feature", "geometry": {"type": "Point", "coordinates": [14.89179, 37.3769364]}, "properties": {"rol": "seguidor", "id": "TK0422", "tipo": "completo", "axis_azimuth": 0, "punto": "eje de unidad (no el motor)", "ncu": 1, "gw": 1, "axis_tilt": 0, "max_angle": 55, "backtrack": true, "gcr": 0.397, "cross_axis_tilt": 0}}, {"type": "Feature", "geometry": {"type": "Point", "coordinates": [14.8919083, 37.3769365]}, "properties": {"rol": "seguidor", "id": "TK0423", "tipo": "completo", "axis_azimuth": 0, "punto": "eje de unidad (no el motor)", "ncu": 1, "gw": 1, "axis_tilt": 0, "max_angle": 55, "backtrack": true, "gcr": 0.397, "cross_axis_tilt": 0}}, {"type": "Feature", "geometry": {"type": "Point", "coordinates": [14.8920272, 37.3766005]}, "properties": {"rol": "seguidor", "id": "TK0424", "tipo": "completo", "axis_azimuth": 0, "punto": "eje de unidad (no el motor)", "ncu": 1, "gw": 1, "axis_tilt": 0, "max_angle": 55, "backtrack": true, "gcr": 0.397, "cross_axis_tilt": 0}}, {"type": "Feature", "geometry": {"type": "Point", "coordinates": [14.8925002, 37.3769371]}, "properties": {"rol": "seguidor", "id": "TK0425", "tipo": "completo", "axis_azimuth": 0, "punto": "eje de unidad (no el motor)", "ncu": 1, "gw": 1, "axis_tilt": 0, "max_angle": 55, "backtrack": true, "gcr": 0.397, "cross_axis_tilt": 0}}, {"type": "Feature", "geometry": {"type": "Point", "coordinates": [14.8926186, 37.3769372]}, "properties": {"rol": "seguidor", "id": "TK0426", "tipo": "completo", "axis_azimuth": 0, "punto": "eje de unidad (no el motor)", "ncu": 1, "gw": 1, "axis_tilt": 0, "max_angle": 55, "backtrack": true, "gcr": 0.397, "cross_axis_tilt": 0}}, {"type": "Feature", "geometry": {"type": "Point", "coordinates": [14.8927369, 37.3769373]}, "properties": {"rol": "seguidor", "id": "TK0427", "tipo": "completo", "axis_azimuth": 0, "punto": "eje de unidad (no el motor)", "ncu": 1, "gw": 1, "axis_tilt": 0, "max_angle": 55, "backtrack": true, "gcr": 0.397, "cross_axis_tilt": 0}}, {"type": "Feature", "geometry": {"type": "Point", "coordinates": [14.8928553, 37.3769374]}, "properties": {"rol": "seguidor", "id": "TK0428", "tipo": "completo", "axis_azimuth": 0, "punto": "eje de unidad (no el motor)", "ncu": 1, "gw": 1, "axis_tilt": 0, "max_angle": 55, "backtrack": true, "gcr": 0.397, "cross_axis_tilt": 0}}, {"type": "Feature", "geometry": {"type": "Point", "coordinates": [14.8929737, 37.3769375]}, "properties": {"rol": "seguidor", "id": "TK0429", "tipo": "completo", "axis_azimuth": 0, "punto": "eje de unidad (no el motor)", "ncu": 1, "gw": 1, "axis_tilt": 0, "max_angle": 55, "backtrack": true, "gcr": 0.397, "cross_axis_tilt": 0}}, {"type": "Feature", "geometry": {"type": "Point", "coordinates": [14.8903704, 37.3763325]}, "properties": {"rol": "seguidor", "id": "TK0430", "tipo": "completo", "axis_azimuth": 0, "punto": "eje de unidad (no el motor)", "ncu": 2, "gw": 2, "axis_tilt": 0, "max_angle": 55, "backtrack": true, "gcr": 0.397, "cross_axis_tilt": 0}}, {"type": "Feature", "geometry": {"type": "Point", "coordinates": [14.8904888, 37.3763146]}, "properties": {"rol": "seguidor", "id": "TK0431", "tipo": "completo", "axis_azimuth": 0, "punto": "eje de unidad (no el motor)", "ncu": 2, "gw": 2, "axis_tilt": 0, "max_angle": 55, "backtrack": true, "gcr": 0.397, "cross_axis_tilt": 0}}, {"type": "Feature", "geometry": {"type": "Point", "coordinates": [14.8906072, 37.3763057]}, "properties": {"rol": "seguidor", "id": "TK0432", "tipo": "completo", "axis_azimuth": 0, "punto": "eje de unidad (no el motor)", "ncu": 2, "gw": 2, "axis_tilt": 0, "max_angle": 55, "backtrack": true, "gcr": 0.397, "cross_axis_tilt": 0}}, {"type": "Feature", "geometry": {"type": "Point", "coordinates": [14.8907256, 37.3762607]}, "properties": {"rol": "seguidor", "id": "TK0433", "tipo": "completo", "axis_azimuth": 0, "punto": "eje de unidad (no el motor)", "ncu": 2, "gw": 2, "axis_tilt": 0, "max_angle": 55, "backtrack": true, "gcr": 0.397, "cross_axis_tilt": 0}}, {"type": "Feature", "geometry": {"type": "Point", "coordinates": [14.890844, 37.3762608]}, "properties": {"rol": "seguidor", "id": "TK0434", "tipo": "completo", "axis_azimuth": 0, "punto": "eje de unidad (no el motor)", "ncu": 2, "gw": 2, "axis_tilt": 0, "max_angle": 55, "backtrack": true, "gcr": 0.397, "cross_axis_tilt": 0}}, {"type": "Feature", "geometry": {"type": "Point", "coordinates": [14.8909623, 37.3762609]}, "properties": {"rol": "seguidor", "id": "TK0435", "tipo": "completo", "axis_azimuth": 0, "punto": "eje de unidad (no el motor)", "ncu": 2, "gw": 2, "axis_tilt": 0, "max_angle": 55, "backtrack": true, "gcr": 0.397, "cross_axis_tilt": 0}}, {"type": "Feature", "geometry": {"type": "Point", "coordinates": [14.8910807, 37.376261]}, "properties": {"rol": "seguidor", "id": "TK0436", "tipo": "completo", "axis_azimuth": 0, "punto": "eje de unidad (no el motor)", "ncu": 2, "gw": 2, "axis_tilt": 0, "max_angle": 55, "backtrack": true, "gcr": 0.397, "cross_axis_tilt": 0}}, {"type": "Feature", "geometry": {"type": "Point", "coordinates": [14.8911991, 37.3762611]}, "properties": {"rol": "seguidor", "id": "TK0437", "tipo": "completo", "axis_azimuth": 0, "punto": "eje de unidad (no el motor)", "ncu": 2, "gw": 2, "axis_tilt": 0, "max_angle": 55, "backtrack": true, "gcr": 0.397, "cross_axis_tilt": 0}}, {"type": "Feature", "geometry": {"type": "Point", "coordinates": [14.8913174, 37.3762612]}, "properties": {"rol": "seguidor", "id": "TK0438", "tipo": "completo", "axis_azimuth": 0, "punto": "eje de unidad (no el motor)", "ncu": 1, "gw": 1, "axis_tilt": 0, "max_angle": 55, "backtrack": true, "gcr": 0.397, "cross_axis_tilt": 0}}, {"type": "Feature", "geometry": {"type": "Point", "coordinates": [14.8915542, 37.3762835]}, "properties": {"rol": "seguidor", "id": "TK0439", "tipo": "completo", "axis_azimuth": 0, "punto": "eje de unidad (no el motor)", "ncu": 1, "gw": 1, "axis_tilt": 0, "max_angle": 55, "backtrack": true, "gcr": 0.397, "cross_axis_tilt": 0}}, {"type": "Feature", "geometry": {"type": "Point", "coordinates": [14.8916725, 37.3762836]}, "properties": {"rol": "seguidor", "id": "TK0440", "tipo": "completo", "axis_azimuth": 0, "punto": "eje de unidad (no el motor)", "ncu": 1, "gw": 1, "axis_tilt": 0, "max_angle": 55, "backtrack": true, "gcr": 0.397, "cross_axis_tilt": 0}}, {"type": "Feature", "geometry": {"type": "Point", "coordinates": [14.8917909, 37.3762838]}, "properties": {"rol": "seguidor", "id": "TK0441", "tipo": "completo", "axis_azimuth": 0, "punto": "eje de unidad (no el motor)", "ncu": 1, "gw": 1, "axis_tilt": 0, "max_angle": 55, "backtrack": true, "gcr": 0.397, "cross_axis_tilt": 0}}, {"type": "Feature", "geometry": {"type": "Point", "coordinates": [14.8919093, 37.3762839]}, "properties": {"rol": "seguidor", "id": "TK0442", "tipo": "completo", "axis_azimuth": 0, "punto": "eje de unidad (no el motor)", "ncu": 1, "gw": 1, "axis_tilt": 0, "max_angle": 55, "backtrack": true, "gcr": 0.397, "cross_axis_tilt": 0}}, {"type": "Feature", "geometry": {"type": "Point", "coordinates": [14.8920281, 37.3759479]}, "properties": {"rol": "seguidor", "id": "TK0443", "tipo": "completo", "axis_azimuth": 0, "punto": "eje de unidad (no el motor)", "ncu": 1, "gw": 1, "axis_tilt": 0, "max_angle": 55, "backtrack": true, "gcr": 0.397, "cross_axis_tilt": 0}}, {"type": "Feature", "geometry": {"type": "Point", "coordinates": [14.8925011, 37.3762844]}, "properties": {"rol": "seguidor", "id": "TK0444", "tipo": "completo", "axis_azimuth": 0, "punto": "eje de unidad (no el motor)", "ncu": 1, "gw": 1, "axis_tilt": 0, "max_angle": 55, "backtrack": true, "gcr": 0.397, "cross_axis_tilt": 0}}, {"type": "Feature", "geometry": {"type": "Point", "coordinates": [14.8926195, 37.3762845]}, "properties": {"rol": "seguidor", "id": "TK0445", "tipo": "completo", "axis_azimuth": 0, "punto": "eje de unidad (no el motor)", "ncu": 1, "gw": 1, "axis_tilt": 0, "max_angle": 55, "backtrack": true, "gcr": 0.397, "cross_axis_tilt": 0}}, {"type": "Feature", "geometry": {"type": "Point", "coordinates": [14.8927379, 37.3762846]}, "properties": {"rol": "seguidor", "id": "TK0446", "tipo": "completo", "axis_azimuth": 0, "punto": "eje de unidad (no el motor)", "ncu": 1, "gw": 1, "axis_tilt": 0, "max_angle": 55, "backtrack": true, "gcr": 0.397, "cross_axis_tilt": 0}}, {"type": "Feature", "geometry": {"type": "Point", "coordinates": [14.8928562, 37.3762847]}, "properties": {"rol": "seguidor", "id": "TK0447", "tipo": "completo", "axis_azimuth": 0, "punto": "eje de unidad (no el motor)", "ncu": 1, "gw": 1, "axis_tilt": 0, "max_angle": 55, "backtrack": true, "gcr": 0.397, "cross_axis_tilt": 0}}, {"type": "Feature", "geometry": {"type": "Point", "coordinates": [14.8929746, 37.3762848]}, "properties": {"rol": "seguidor", "id": "TK0448", "tipo": "completo", "axis_azimuth": 0, "punto": "eje de unidad (no el motor)", "ncu": 1, "gw": 1, "axis_tilt": 0, "max_angle": 55, "backtrack": true, "gcr": 0.397, "cross_axis_tilt": 0}}, {"type": "Feature", "geometry": {"type": "Point", "coordinates": [14.8926204, 37.3756273]}, "properties": {"rol": "seguidor", "id": "TK0449", "tipo": "completo", "axis_azimuth": 0, "punto": "eje de unidad (no el motor)", "ncu": 1, "gw": 1, "axis_tilt": 0, "max_angle": 55, "backtrack": true, "gcr": 0.397, "cross_axis_tilt": 0}}, {"type": "Feature", "geometry": {"type": "Point", "coordinates": [14.8927388, 37.3756274]}, "properties": {"rol": "seguidor", "id": "TK0450", "tipo": "completo", "axis_azimuth": 0, "punto": "eje de unidad (no el motor)", "ncu": 1, "gw": 1, "axis_tilt": 0, "max_angle": 55, "backtrack": true, "gcr": 0.397, "cross_axis_tilt": 0}}, {"type": "Feature", "geometry": {"type": "Point", "coordinates": [14.8928572, 37.3756275]}, "properties": {"rol": "seguidor", "id": "TK0451", "tipo": "completo", "axis_azimuth": 0, "punto": "eje de unidad (no el motor)", "ncu": 1, "gw": 1, "axis_tilt": 0, "max_angle": 55, "backtrack": true, "gcr": 0.397, "cross_axis_tilt": 0}}, {"type": "Feature", "geometry": {"type": "Point", "coordinates": [14.8929755, 37.3756276]}, "properties": {"rol": "seguidor", "id": "TK0452", "tipo": "completo", "axis_azimuth": 0, "punto": "eje de unidad (no el motor)", "ncu": 1, "gw": 1, "axis_tilt": 0, "max_angle": 55, "backtrack": true, "gcr": 0.397, "cross_axis_tilt": 0}}, {"type": "Feature", "geometry": {"type": "Point", "coordinates": [14.8932314, 37.3768456]}, "properties": {"rol": "seguidor", "id": "TK0453", "tipo": "completo", "axis_azimuth": 0, "punto": "eje de unidad (no el motor)", "ncu": 1, "gw": 1, "axis_tilt": 0, "max_angle": 55, "backtrack": true, "gcr": 0.397, "cross_axis_tilt": 0}}, {"type": "Feature", "geometry": {"type": "Point", "coordinates": [14.8938231, 37.3769703]}, "properties": {"rol": "seguidor", "id": "TK0454", "tipo": "completo", "axis_azimuth": 0, "punto": "eje de unidad (no el motor)", "ncu": 1, "gw": 1, "axis_tilt": 0, "max_angle": 55, "backtrack": true, "gcr": 0.397, "cross_axis_tilt": 0}}, {"type": "Feature", "geometry": {"type": "Point", "coordinates": [14.8939414, 37.3769704]}, "properties": {"rol": "seguidor", "id": "TK0455", "tipo": "completo", "axis_azimuth": 0, "punto": "eje de unidad (no el motor)", "ncu": 1, "gw": 1, "axis_tilt": 0, "max_angle": 55, "backtrack": true, "gcr": 0.397, "cross_axis_tilt": 0}}, {"type": "Feature", "geometry": {"type": "Point", "coordinates": [14.8940598, 37.3769705]}, "properties": {"rol": "seguidor", "id": "TK0456", "tipo": "completo", "axis_azimuth": 0, "punto": "eje de unidad (no el motor)", "ncu": 1, "gw": 1, "axis_tilt": 0, "max_angle": 55, "backtrack": true, "gcr": 0.397, "cross_axis_tilt": 0}}, {"type": "Feature", "geometry": {"type": "Point", "coordinates": [14.8941782, 37.3769706]}, "properties": {"rol": "seguidor", "id": "TK0457", "tipo": "completo", "axis_azimuth": 0, "punto": "eje de unidad (no el motor)", "ncu": 1, "gw": 1, "axis_tilt": 0, "max_angle": 55, "backtrack": true, "gcr": 0.397, "cross_axis_tilt": 0}}, {"type": "Feature", "geometry": {"type": "Point", "coordinates": [14.8942965, 37.3769707]}, "properties": {"rol": "seguidor", "id": "TK0458", "tipo": "completo", "axis_azimuth": 0, "punto": "eje de unidad (no el motor)", "ncu": 1, "gw": 1, "axis_tilt": 0, "max_angle": 55, "backtrack": true, "gcr": 0.397, "cross_axis_tilt": 0}}, {"type": "Feature", "geometry": {"type": "Point", "coordinates": [14.8932323, 37.376193]}, "properties": {"rol": "seguidor", "id": "TK0459", "tipo": "completo", "axis_azimuth": 0, "punto": "eje de unidad (no el motor)", "ncu": 1, "gw": 1, "axis_tilt": 0, "max_angle": 55, "backtrack": true, "gcr": 0.397, "cross_axis_tilt": 0}}, {"type": "Feature", "geometry": {"type": "Point", "coordinates": [14.8933507, 37.3761931]}, "properties": {"rol": "seguidor", "id": "TK0460", "tipo": "completo", "axis_azimuth": 0, "punto": "eje de unidad (no el motor)", "ncu": 1, "gw": 1, "axis_tilt": 0, "max_angle": 55, "backtrack": true, "gcr": 0.397, "cross_axis_tilt": 0}}, {"type": "Feature", "geometry": {"type": "Point", "coordinates": [14.893469, 37.3761932]}, "properties": {"rol": "seguidor", "id": "TK0461", "tipo": "completo", "axis_azimuth": 0, "punto": "eje de unidad (no el motor)", "ncu": 1, "gw": 1, "axis_tilt": 0, "max_angle": 55, "backtrack": true, "gcr": 0.397, "cross_axis_tilt": 0}}, {"type": "Feature", "geometry": {"type": "Point", "coordinates": [14.8935874, 37.3761933]}, "properties": {"rol": "seguidor", "id": "TK0462", "tipo": "completo", "axis_azimuth": 0, "punto": "eje de unidad (no el motor)", "ncu": 1, "gw": 1, "axis_tilt": 0, "max_angle": 55, "backtrack": true, "gcr": 0.397, "cross_axis_tilt": 0}}, {"type": "Feature", "geometry": {"type": "Point", "coordinates": [14.8937058, 37.3761934]}, "properties": {"rol": "seguidor", "id": "TK0463", "tipo": "completo", "axis_azimuth": 0, "punto": "eje de unidad (no el motor)", "ncu": 1, "gw": 1, "axis_tilt": 0, "max_angle": 55, "backtrack": true, "gcr": 0.397, "cross_axis_tilt": 0}}, {"type": "Feature", "geometry": {"type": "Point", "coordinates": [14.893824, 37.3763176]}, "properties": {"rol": "seguidor", "id": "TK0464", "tipo": "completo", "axis_azimuth": 0, "punto": "eje de unidad (no el motor)", "ncu": 1, "gw": 1, "axis_tilt": 0, "max_angle": 55, "backtrack": true, "gcr": 0.397, "cross_axis_tilt": 0}}, {"type": "Feature", "geometry": {"type": "Point", "coordinates": [14.8939423, 37.3763177]}, "properties": {"rol": "seguidor", "id": "TK0465", "tipo": "completo", "axis_azimuth": 0, "punto": "eje de unidad (no el motor)", "ncu": 1, "gw": 1, "axis_tilt": 0, "max_angle": 55, "backtrack": true, "gcr": 0.397, "cross_axis_tilt": 0}}, {"type": "Feature", "geometry": {"type": "Point", "coordinates": [14.8940607, 37.3763178]}, "properties": {"rol": "seguidor", "id": "TK0466", "tipo": "completo", "axis_azimuth": 0, "punto": "eje de unidad (no el motor)", "ncu": 1, "gw": 1, "axis_tilt": 0, "max_angle": 55, "backtrack": true, "gcr": 0.397, "cross_axis_tilt": 0}}, {"type": "Feature", "geometry": {"type": "Point", "coordinates": [14.8941791, 37.3763179]}, "properties": {"rol": "seguidor", "id": "TK0467", "tipo": "completo", "axis_azimuth": 0, "punto": "eje de unidad (no el motor)", "ncu": 1, "gw": 1, "axis_tilt": 0, "max_angle": 55, "backtrack": true, "gcr": 0.397, "cross_axis_tilt": 0}}, {"type": "Feature", "geometry": {"type": "Point", "coordinates": [14.8942975, 37.376318]}, "properties": {"rol": "seguidor", "id": "TK0468", "tipo": "completo", "axis_azimuth": 0, "punto": "eje de unidad (no el motor)", "ncu": 1, "gw": 1, "axis_tilt": 0, "max_angle": 55, "backtrack": true, "gcr": 0.397, "cross_axis_tilt": 0}}, {"type": "Feature", "geometry": {"type": "Point", "coordinates": [14.8944154, 37.3766497]}, "properties": {"rol": "seguidor", "id": "TK0469", "tipo": "completo", "axis_azimuth": 0, "punto": "eje de unidad (no el motor)", "ncu": 1, "gw": 1, "axis_tilt": 0, "max_angle": 55, "backtrack": true, "gcr": 0.397, "cross_axis_tilt": 0}}, {"type": "Feature", "geometry": {"type": "Point", "coordinates": [14.8932332, 37.3755403]}, "properties": {"rol": "seguidor", "id": "TK0470", "tipo": "completo", "axis_azimuth": 0, "punto": "eje de unidad (no el motor)", "ncu": 1, "gw": 1, "axis_tilt": 0, "max_angle": 55, "backtrack": true, "gcr": 0.397, "cross_axis_tilt": 0}}, {"type": "Feature", "geometry": {"type": "Point", "coordinates": [14.8933516, 37.3755404]}, "properties": {"rol": "seguidor", "id": "TK0471", "tipo": "completo", "axis_azimuth": 0, "punto": "eje de unidad (no el motor)", "ncu": 1, "gw": 1, "axis_tilt": 0, "max_angle": 55, "backtrack": true, "gcr": 0.397, "cross_axis_tilt": 0}}, {"type": "Feature", "geometry": {"type": "Point", "coordinates": [14.89347, 37.3755405]}, "properties": {"rol": "seguidor", "id": "TK0472", "tipo": "completo", "axis_azimuth": 0, "punto": "eje de unidad (no el motor)", "ncu": 1, "gw": 1, "axis_tilt": 0, "max_angle": 55, "backtrack": true, "gcr": 0.397, "cross_axis_tilt": 0}}, {"type": "Feature", "geometry": {"type": "Point", "coordinates": [14.8935883, 37.3755406]}, "properties": {"rol": "seguidor", "id": "TK0473", "tipo": "completo", "axis_azimuth": 0, "punto": "eje de unidad (no el motor)", "ncu": 1, "gw": 1, "axis_tilt": 0, "max_angle": 55, "backtrack": true, "gcr": 0.397, "cross_axis_tilt": 0}}, {"type": "Feature", "geometry": {"type": "Point", "coordinates": [14.8937067, 37.3755407]}, "properties": {"rol": "seguidor", "id": "TK0474", "tipo": "completo", "axis_azimuth": 0, "punto": "eje de unidad (no el motor)", "ncu": 1, "gw": 1, "axis_tilt": 0, "max_angle": 55, "backtrack": true, "gcr": 0.397, "cross_axis_tilt": 0}}, {"type": "Feature", "geometry": {"type": "Point", "coordinates": [14.8938249, 37.3756649]}, "properties": {"rol": "seguidor", "id": "TK0475", "tipo": "completo", "axis_azimuth": 0, "punto": "eje de unidad (no el motor)", "ncu": 1, "gw": 1, "axis_tilt": 0, "max_angle": 55, "backtrack": true, "gcr": 0.397, "cross_axis_tilt": 0}}, {"type": "Feature", "geometry": {"type": "Point", "coordinates": [14.8939433, 37.375665]}, "properties": {"rol": "seguidor", "id": "TK0476", "tipo": "completo", "axis_azimuth": 0, "punto": "eje de unidad (no el motor)", "ncu": 1, "gw": 1, "axis_tilt": 0, "max_angle": 55, "backtrack": true, "gcr": 0.397, "cross_axis_tilt": 0}}, {"type": "Feature", "geometry": {"type": "Point", "coordinates": [14.8940616, 37.3756651]}, "properties": {"rol": "seguidor", "id": "TK0477", "tipo": "completo", "axis_azimuth": 0, "punto": "eje de unidad (no el motor)", "ncu": 1, "gw": 1, "axis_tilt": 0, "max_angle": 55, "backtrack": true, "gcr": 0.397, "cross_axis_tilt": 0}}, {"type": "Feature", "geometry": {"type": "Point", "coordinates": [14.89418, 37.3756652]}, "properties": {"rol": "seguidor", "id": "TK0478", "tipo": "completo", "axis_azimuth": 0, "punto": "eje de unidad (no el motor)", "ncu": 1, "gw": 1, "axis_tilt": 0, "max_angle": 55, "backtrack": true, "gcr": 0.397, "cross_axis_tilt": 0}}, {"type": "Feature", "geometry": {"type": "Point", "coordinates": [14.8942984, 37.3756654]}, "properties": {"rol": "seguidor", "id": "TK0479", "tipo": "completo", "axis_azimuth": 0, "punto": "eje de unidad (no el motor)", "ncu": 1, "gw": 1, "axis_tilt": 0, "max_angle": 55, "backtrack": true, "gcr": 0.397, "cross_axis_tilt": 0}}, {"type": "Feature", "geometry": {"type": "Point", "coordinates": [14.8944163, 37.3759971]}, "properties": {"rol": "seguidor", "id": "TK0480", "tipo": "completo", "axis_azimuth": 0, "punto": "eje de unidad (no el motor)", "ncu": 1, "gw": 1, "axis_tilt": 0, "max_angle": 55, "backtrack": true, "gcr": 0.397, "cross_axis_tilt": 0}}, {"type": "Feature", "geometry": {"type": "Point", "coordinates": [14.8945356, 37.3753445]}, "properties": {"rol": "seguidor", "id": "TK0481", "tipo": "completo", "axis_azimuth": 0, "punto": "eje de unidad (no el motor)", "ncu": 1, "gw": 1, "axis_tilt": 0, "max_angle": 55, "backtrack": true, "gcr": 0.397, "cross_axis_tilt": 0}}, {"type": "Feature", "geometry": {"type": "Point", "coordinates": [14.8946539, 37.3753446]}, "properties": {"rol": "seguidor", "id": "TK0482", "tipo": "completo", "axis_azimuth": 0, "punto": "eje de unidad (no el motor)", "ncu": 1, "gw": 1, "axis_tilt": 0, "max_angle": 55, "backtrack": true, "gcr": 0.397, "cross_axis_tilt": 0}}, {"type": "Feature", "geometry": {"type": "Point", "coordinates": [14.8947718, 37.3756658]}, "properties": {"rol": "seguidor", "id": "TK0483", "tipo": "completo", "axis_azimuth": 0, "punto": "eje de unidad (no el motor)", "ncu": 1, "gw": 1, "axis_tilt": 0, "max_angle": 55, "backtrack": true, "gcr": 0.397, "cross_axis_tilt": 0}}, {"type": "Feature", "geometry": {"type": "Point", "coordinates": [14.8948902, 37.3756659]}, "properties": {"rol": "seguidor", "id": "TK0484", "tipo": "completo", "axis_azimuth": 0, "punto": "eje de unidad (no el motor)", "ncu": 1, "gw": 1, "axis_tilt": 0, "max_angle": 55, "backtrack": true, "gcr": 0.397, "cross_axis_tilt": 0}}, {"type": "Feature", "geometry": {"type": "Point", "coordinates": [14.8950086, 37.375666]}, "properties": {"rol": "seguidor", "id": "TK0485", "tipo": "completo", "axis_azimuth": 0, "punto": "eje de unidad (no el motor)", "ncu": 1, "gw": 1, "axis_tilt": 0, "max_angle": 55, "backtrack": true, "gcr": 0.397, "cross_axis_tilt": 0}}, {"type": "Feature", "geometry": {"type": "Point", "coordinates": [14.895127, 37.3756661]}, "properties": {"rol": "seguidor", "id": "TK0486", "tipo": "completo", "axis_azimuth": 0, "punto": "eje de unidad (no el motor)", "ncu": 1, "gw": 1, "axis_tilt": 0, "max_angle": 55, "backtrack": true, "gcr": 0.397, "cross_axis_tilt": 0}}, {"type": "Feature", "geometry": {"type": "Point", "coordinates": [14.8952453, 37.3756662]}, "properties": {"rol": "seguidor", "id": "TK0487", "tipo": "completo", "axis_azimuth": 0, "punto": "eje de unidad (no el motor)", "ncu": 1, "gw": 1, "axis_tilt": 0, "max_angle": 55, "backtrack": true, "gcr": 0.397, "cross_axis_tilt": 0}}, {"type": "Feature", "geometry": {"type": "Point", "coordinates": [14.8953637, 37.3756663]}, "properties": {"rol": "seguidor", "id": "TK0488", "tipo": "completo", "axis_azimuth": 0, "punto": "eje de unidad (no el motor)", "ncu": 1, "gw": 1, "axis_tilt": 0, "max_angle": 55, "backtrack": true, "gcr": 0.397, "cross_axis_tilt": 0}}, {"type": "Feature", "geometry": {"type": "Point", "coordinates": [14.8947728, 37.3750131]}, "properties": {"rol": "seguidor", "id": "TK0489", "tipo": "completo", "axis_azimuth": 0, "punto": "eje de unidad (no el motor)", "ncu": 1, "gw": 1, "axis_tilt": 0, "max_angle": 55, "backtrack": true, "gcr": 0.397, "cross_axis_tilt": 0}}, {"type": "Feature", "geometry": {"type": "Point", "coordinates": [14.8948911, 37.3750132]}, "properties": {"rol": "seguidor", "id": "TK0490", "tipo": "completo", "axis_azimuth": 0, "punto": "eje de unidad (no el motor)", "ncu": 1, "gw": 1, "axis_tilt": 0, "max_angle": 55, "backtrack": true, "gcr": 0.397, "cross_axis_tilt": 0}}, {"type": "Feature", "geometry": {"type": "Point", "coordinates": [14.8950095, 37.3750133]}, "properties": {"rol": "seguidor", "id": "TK0491", "tipo": "completo", "axis_azimuth": 0, "punto": "eje de unidad (no el motor)", "ncu": 1, "gw": 1, "axis_tilt": 0, "max_angle": 55, "backtrack": true, "gcr": 0.397, "cross_axis_tilt": 0}}, {"type": "Feature", "geometry": {"type": "Point", "coordinates": [14.8951279, 37.3750134]}, "properties": {"rol": "seguidor", "id": "TK0492", "tipo": "completo", "axis_azimuth": 0, "punto": "eje de unidad (no el motor)", "ncu": 1, "gw": 1, "axis_tilt": 0, "max_angle": 55, "backtrack": true, "gcr": 0.397, "cross_axis_tilt": 0}}, {"type": "Feature", "geometry": {"type": "Point", "coordinates": [14.8952462, 37.3750135]}, "properties": {"rol": "seguidor", "id": "TK0493", "tipo": "completo", "axis_azimuth": 0, "punto": "eje de unidad (no el motor)", "ncu": 1, "gw": 1, "axis_tilt": 0, "max_angle": 55, "backtrack": true, "gcr": 0.397, "cross_axis_tilt": 0}}, {"type": "Feature", "geometry": {"type": "Point", "coordinates": [14.8953646, 37.3750136]}, "properties": {"rol": "seguidor", "id": "TK0494", "tipo": "completo", "axis_azimuth": 0, "punto": "eje de unidad (no el motor)", "ncu": 1, "gw": 1, "axis_tilt": 0, "max_angle": 55, "backtrack": true, "gcr": 0.397, "cross_axis_tilt": 0}}, {"type": "Feature", "geometry": {"type": "Point", "coordinates": [14.8954827, 37.3751693]}, "properties": {"rol": "seguidor", "id": "TK0495", "tipo": "completo", "axis_azimuth": 0, "punto": "eje de unidad (no el motor)", "ncu": 1, "gw": 1, "axis_tilt": 0, "max_angle": 55, "backtrack": true, "gcr": 0.397, "cross_axis_tilt": 0}}, {"type": "Feature", "geometry": {"type": "Point", "coordinates": [14.8948776, 37.372858]}, "properties": {"rol": "seguidor", "id": "TK0496", "tipo": "completo", "axis_azimuth": 0, "punto": "eje de unidad (no el motor)", "ncu": 9, "gw": 9, "axis_tilt": 0, "max_angle": 55, "backtrack": true, "gcr": 0.397, "cross_axis_tilt": 0}}, {"type": "Feature", "geometry": {"type": "Point", "coordinates": [14.8954685, 37.3735112]}, "properties": {"rol": "seguidor", "id": "TK0497", "tipo": "completo", "axis_azimuth": 0, "punto": "eje de unidad (no el motor)", "ncu": 9, "gw": 9, "axis_tilt": 0, "max_angle": 55, "backtrack": true, "gcr": 0.397, "cross_axis_tilt": 0}}, {"type": "Feature", "geometry": {"type": "Point", "coordinates": [14.8955869, 37.3735113]}, "properties": {"rol": "seguidor", "id": "TK0498", "tipo": "completo", "axis_azimuth": 0, "punto": "eje de unidad (no el motor)", "ncu": 9, "gw": 9, "axis_tilt": 0, "max_angle": 55, "backtrack": true, "gcr": 0.397, "cross_axis_tilt": 0}}, {"type": "Feature", "geometry": {"type": "Point", "coordinates": [14.8957052, 37.3735114]}, "properties": {"rol": "seguidor", "id": "TK0499", "tipo": "completo", "axis_azimuth": 0, "punto": "eje de unidad (no el motor)", "ncu": 9, "gw": 9, "axis_tilt": 0, "max_angle": 55, "backtrack": true, "gcr": 0.397, "cross_axis_tilt": 0}}, {"type": "Feature", "geometry": {"type": "Point", "coordinates": [14.8958236, 37.3735115]}, "properties": {"rol": "seguidor", "id": "TK0500", "tipo": "completo", "axis_azimuth": 0, "punto": "eje de unidad (no el motor)", "ncu": 9, "gw": 9, "axis_tilt": 0, "max_angle": 55, "backtrack": true, "gcr": 0.397, "cross_axis_tilt": 0}}, {"type": "Feature", "geometry": {"type": "Point", "coordinates": [14.895942, 37.3735116]}, "properties": {"rol": "seguidor", "id": "TK0501", "tipo": "completo", "axis_azimuth": 0, "punto": "eje de unidad (no el motor)", "ncu": 9, "gw": 9, "axis_tilt": 0, "max_angle": 55, "backtrack": true, "gcr": 0.397, "cross_axis_tilt": 0}}, {"type": "Feature", "geometry": {"type": "Point", "coordinates": [14.8962978, 37.3729437]}, "properties": {"rol": "seguidor", "id": "TK0502", "tipo": "completo", "axis_azimuth": 0, "punto": "eje de unidad (no el motor)", "ncu": 9, "gw": 9, "axis_tilt": 0, "max_angle": 55, "backtrack": true, "gcr": 0.397, "cross_axis_tilt": 0}}, {"type": "Feature", "geometry": {"type": "Point", "coordinates": [14.8964162, 37.3729438]}, "properties": {"rol": "seguidor", "id": "TK0503", "tipo": "completo", "axis_azimuth": 0, "punto": "eje de unidad (no el motor)", "ncu": 9, "gw": 9, "axis_tilt": 0, "max_angle": 55, "backtrack": true, "gcr": 0.397, "cross_axis_tilt": 0}}, {"type": "Feature", "geometry": {"type": "Point", "coordinates": [14.8965346, 37.3729439]}, "properties": {"rol": "seguidor", "id": "TK0504", "tipo": "completo", "axis_azimuth": 0, "punto": "eje de unidad (no el motor)", "ncu": 9, "gw": 9, "axis_tilt": 0, "max_angle": 55, "backtrack": true, "gcr": 0.397, "cross_axis_tilt": 0}}, {"type": "Feature", "geometry": {"type": "Point", "coordinates": [14.8946413, 37.3725367]}, "properties": {"rol": "seguidor", "id": "TK0505", "tipo": "completo", "axis_azimuth": 0, "punto": "eje de unidad (no el motor)", "ncu": 9, "gw": 9, "axis_tilt": 0, "max_angle": 55, "backtrack": true, "gcr": 0.397, "cross_axis_tilt": 0}}, {"type": "Feature", "geometry": {"type": "Point", "coordinates": [14.8947601, 37.3722052]}, "properties": {"rol": "seguidor", "id": "TK0506", "tipo": "completo", "axis_azimuth": 0, "punto": "eje de unidad (no el motor)", "ncu": 9, "gw": 9, "axis_tilt": 0, "max_angle": 55, "backtrack": true, "gcr": 0.397, "cross_axis_tilt": 0}}, {"type": "Feature", "geometry": {"type": "Point", "coordinates": [14.8948785, 37.3722053]}, "properties": {"rol": "seguidor", "id": "TK0507", "tipo": "completo", "axis_azimuth": 0, "punto": "eje de unidad (no el motor)", "ncu": 9, "gw": 9, "axis_tilt": 0, "max_angle": 55, "backtrack": true, "gcr": 0.397, "cross_axis_tilt": 0}}, {"type": "Feature", "geometry": {"type": "Point", "coordinates": [14.8954694, 37.3728585]}, "properties": {"rol": "seguidor", "id": "TK0508", "tipo": "completo", "axis_azimuth": 0, "punto": "eje de unidad (no el motor)", "ncu": 9, "gw": 9, "axis_tilt": 0, "max_angle": 55, "backtrack": true, "gcr": 0.397, "cross_axis_tilt": 0}}, {"type": "Feature", "geometry": {"type": "Point", "coordinates": [14.8955878, 37.3728586]}, "properties": {"rol": "seguidor", "id": "TK0509", "tipo": "completo", "axis_azimuth": 0, "punto": "eje de unidad (no el motor)", "ncu": 9, "gw": 9, "axis_tilt": 0, "max_angle": 55, "backtrack": true, "gcr": 0.397, "cross_axis_tilt": 0}}, {"type": "Feature", "geometry": {"type": "Point", "coordinates": [14.8957061, 37.3728587]}, "properties": {"rol": "seguidor", "id": "TK0510", "tipo": "completo", "axis_azimuth": 0, "punto": "eje de unidad (no el motor)", "ncu": 9, "gw": 9, "axis_tilt": 0, "max_angle": 55, "backtrack": true, "gcr": 0.397, "cross_axis_tilt": 0}}, {"type": "Feature", "geometry": {"type": "Point", "coordinates": [14.8958245, 37.3728588]}, "properties": {"rol": "seguidor", "id": "TK0511", "tipo": "completo", "axis_azimuth": 0, "punto": "eje de unidad (no el motor)", "ncu": 9, "gw": 9, "axis_tilt": 0, "max_angle": 55, "backtrack": true, "gcr": 0.397, "cross_axis_tilt": 0}}, {"type": "Feature", "geometry": {"type": "Point", "coordinates": [14.8959429, 37.3728589]}, "properties": {"rol": "seguidor", "id": "TK0512", "tipo": "completo", "axis_azimuth": 0, "punto": "eje de unidad (no el motor)", "ncu": 9, "gw": 9, "axis_tilt": 0, "max_angle": 55, "backtrack": true, "gcr": 0.397, "cross_axis_tilt": 0}}, {"type": "Feature", "geometry": {"type": "Point", "coordinates": [14.8960611, 37.3729435]}, "properties": {"rol": "seguidor", "id": "TK0513", "tipo": "completo", "axis_azimuth": 0, "punto": "eje de unidad (no el motor)", "ncu": 9, "gw": 9, "axis_tilt": 0, "max_angle": 55, "backtrack": true, "gcr": 0.397, "cross_axis_tilt": 0}}, {"type": "Feature", "geometry": {"type": "Point", "coordinates": [14.8961795, 37.3729436]}, "properties": {"rol": "seguidor", "id": "TK0514", "tipo": "completo", "axis_azimuth": 0, "punto": "eje de unidad (no el motor)", "ncu": 9, "gw": 9, "axis_tilt": 0, "max_angle": 55, "backtrack": true, "gcr": 0.397, "cross_axis_tilt": 0}}, {"type": "Feature", "geometry": {"type": "Point", "coordinates": [14.8962987, 37.372291]}, "properties": {"rol": "seguidor", "id": "TK0515", "tipo": "completo", "axis_azimuth": 0, "punto": "eje de unidad (no el motor)", "ncu": 9, "gw": 9, "axis_tilt": 0, "max_angle": 55, "backtrack": true, "gcr": 0.397, "cross_axis_tilt": 0}}, {"type": "Feature", "geometry": {"type": "Point", "coordinates": [14.8964171, 37.3722911]}, "properties": {"rol": "seguidor", "id": "TK0516", "tipo": "completo", "axis_azimuth": 0, "punto": "eje de unidad (no el motor)", "ncu": 9, "gw": 9, "axis_tilt": 0, "max_angle": 55, "backtrack": true, "gcr": 0.397, "cross_axis_tilt": 0}}, {"type": "Feature", "geometry": {"type": "Point", "coordinates": [14.8965355, 37.3722912]}, "properties": {"rol": "seguidor", "id": "TK0517", "tipo": "completo", "axis_azimuth": 0, "punto": "eje de unidad (no el motor)", "ncu": 9, "gw": 9, "axis_tilt": 0, "max_angle": 55, "backtrack": true, "gcr": 0.397, "cross_axis_tilt": 0}}, {"type": "Feature", "geometry": {"type": "Point", "coordinates": [14.8941693, 37.3711491]}, "properties": {"rol": "seguidor", "id": "TK0518", "tipo": "completo", "axis_azimuth": 0, "punto": "eje de unidad (no el motor)", "ncu": 9, "gw": 9, "axis_tilt": 0, "max_angle": 55, "backtrack": true, "gcr": 0.397, "cross_axis_tilt": 0}}, {"type": "Feature", "geometry": {"type": "Point", "coordinates": [14.8942876, 37.3711492]}, "properties": {"rol": "seguidor", "id": "TK0519", "tipo": "completo", "axis_azimuth": 0, "punto": "eje de unidad (no el motor)", "ncu": 9, "gw": 9, "axis_tilt": 0, "max_angle": 55, "backtrack": true, "gcr": 0.397, "cross_axis_tilt": 0}}, {"type": "Feature", "geometry": {"type": "Point", "coordinates": [14.894406, 37.3711493]}, "properties": {"rol": "seguidor", "id": "TK0520", "tipo": "completo", "axis_azimuth": 0, "punto": "eje de unidad (no el motor)", "ncu": 9, "gw": 9, "axis_tilt": 0, "max_angle": 55, "backtrack": true, "gcr": 0.397, "cross_axis_tilt": 0}}, {"type": "Feature", "geometry": {"type": "Point", "coordinates": [14.8945243, 37.3711494]}, "properties": {"rol": "seguidor", "id": "TK0521", "tipo": "completo", "axis_azimuth": 0, "punto": "eje de unidad (no el motor)", "ncu": 9, "gw": 9, "axis_tilt": 0, "max_angle": 55, "backtrack": true, "gcr": 0.397, "cross_axis_tilt": 0}}, {"type": "Feature", "geometry": {"type": "Point", "coordinates": [14.8946427, 37.3711495]}, "properties": {"rol": "seguidor", "id": "TK0522", "tipo": "completo", "axis_azimuth": 0, "punto": "eje de unidad (no el motor)", "ncu": 9, "gw": 9, "axis_tilt": 0, "max_angle": 55, "backtrack": true, "gcr": 0.397, "cross_axis_tilt": 0}}, {"type": "Feature", "geometry": {"type": "Point", "coordinates": [14.8947611, 37.3711497]}, "properties": {"rol": "seguidor", "id": "TK0523", "tipo": "completo", "axis_azimuth": 0, "punto": "eje de unidad (no el motor)", "ncu": 9, "gw": 9, "axis_tilt": 0, "max_angle": 55, "backtrack": true, "gcr": 0.397, "cross_axis_tilt": 0}}, {"type": "Feature", "geometry": {"type": "Point", "coordinates": [14.8948794, 37.3711498]}, "properties": {"rol": "seguidor", "id": "TK0524", "tipo": "completo", "axis_azimuth": 0, "punto": "eje de unidad (no el motor)", "ncu": 9, "gw": 9, "axis_tilt": 0, "max_angle": 55, "backtrack": true, "gcr": 0.397, "cross_axis_tilt": 0}}, {"type": "Feature", "geometry": {"type": "Point", "coordinates": [14.8949978, 37.3711499]}, "properties": {"rol": "seguidor", "id": "TK0525", "tipo": "completo", "axis_azimuth": 0, "punto": "eje de unidad (no el motor)", "ncu": 9, "gw": 9, "axis_tilt": 0, "max_angle": 55, "backtrack": true, "gcr": 0.397, "cross_axis_tilt": 0}}, {"type": "Feature", "geometry": {"type": "Point", "coordinates": [14.8951161, 37.3711725]}, "properties": {"rol": "seguidor", "id": "TK0526", "tipo": "completo", "axis_azimuth": 0, "punto": "eje de unidad (no el motor)", "ncu": 9, "gw": 9, "axis_tilt": 0, "max_angle": 55, "backtrack": true, "gcr": 0.397, "cross_axis_tilt": 0}}, {"type": "Feature", "geometry": {"type": "Point", "coordinates": [14.8952345, 37.3711726]}, "properties": {"rol": "seguidor", "id": "TK0527", "tipo": "completo", "axis_azimuth": 0, "punto": "eje de unidad (no el motor)", "ncu": 9, "gw": 9, "axis_tilt": 0, "max_angle": 55, "backtrack": true, "gcr": 0.397, "cross_axis_tilt": 0}}, {"type": "Feature", "geometry": {"type": "Point", "coordinates": [14.8953528, 37.3711727]}, "properties": {"rol": "seguidor", "id": "TK0528", "tipo": "completo", "axis_azimuth": 0, "punto": "eje de unidad (no el motor)", "ncu": 9, "gw": 9, "axis_tilt": 0, "max_angle": 55, "backtrack": true, "gcr": 0.397, "cross_axis_tilt": 0}}, {"type": "Feature", "geometry": {"type": "Point", "coordinates": [14.8954712, 37.3711728]}, "properties": {"rol": "seguidor", "id": "TK0529", "tipo": "completo", "axis_azimuth": 0, "punto": "eje de unidad (no el motor)", "ncu": 9, "gw": 9, "axis_tilt": 0, "max_angle": 55, "backtrack": true, "gcr": 0.397, "cross_axis_tilt": 0}}, {"type": "Feature", "geometry": {"type": "Point", "coordinates": [14.8955896, 37.3711729]}, "properties": {"rol": "seguidor", "id": "TK0530", "tipo": "completo", "axis_azimuth": 0, "punto": "eje de unidad (no el motor)", "ncu": 9, "gw": 9, "axis_tilt": 0, "max_angle": 55, "backtrack": true, "gcr": 0.397, "cross_axis_tilt": 0}}, {"type": "Feature", "geometry": {"type": "Point", "coordinates": [14.8957079, 37.371173]}, "properties": {"rol": "seguidor", "id": "TK0531", "tipo": "completo", "axis_azimuth": 0, "punto": "eje de unidad (no el motor)", "ncu": 9, "gw": 9, "axis_tilt": 0, "max_angle": 55, "backtrack": true, "gcr": 0.397, "cross_axis_tilt": 0}}, {"type": "Feature", "geometry": {"type": "Point", "coordinates": [14.8958263, 37.3711731]}, "properties": {"rol": "seguidor", "id": "TK0532", "tipo": "completo", "axis_azimuth": 0, "punto": "eje de unidad (no el motor)", "ncu": 9, "gw": 9, "axis_tilt": 0, "max_angle": 55, "backtrack": true, "gcr": 0.397, "cross_axis_tilt": 0}}, {"type": "Feature", "geometry": {"type": "Point", "coordinates": [14.8959447, 37.3711732]}, "properties": {"rol": "seguidor", "id": "TK0533", "tipo": "completo", "axis_azimuth": 0, "punto": "eje de unidad (no el motor)", "ncu": 9, "gw": 9, "axis_tilt": 0, "max_angle": 55, "backtrack": true, "gcr": 0.397, "cross_axis_tilt": 0}}, {"type": "Feature", "geometry": {"type": "Point", "coordinates": [14.896063, 37.3711914]}, "properties": {"rol": "seguidor", "id": "TK0534", "tipo": "completo", "axis_azimuth": 0, "punto": "eje de unidad (no el motor)", "ncu": 10, "gw": 10, "axis_tilt": 0, "max_angle": 55, "backtrack": true, "gcr": 0.397, "cross_axis_tilt": 0}}, {"type": "Feature", "geometry": {"type": "Point", "coordinates": [14.8961814, 37.3711915]}, "properties": {"rol": "seguidor", "id": "TK0535", "tipo": "completo", "axis_azimuth": 0, "punto": "eje de unidad (no el motor)", "ncu": 10, "gw": 10, "axis_tilt": 0, "max_angle": 55, "backtrack": true, "gcr": 0.397, "cross_axis_tilt": 0}}, {"type": "Feature", "geometry": {"type": "Point", "coordinates": [14.8962997, 37.3711916]}, "properties": {"rol": "seguidor", "id": "TK0536", "tipo": "completo", "axis_azimuth": 0, "punto": "eje de unidad (no el motor)", "ncu": 10, "gw": 10, "axis_tilt": 0, "max_angle": 55, "backtrack": true, "gcr": 0.397, "cross_axis_tilt": 0}}, {"type": "Feature", "geometry": {"type": "Point", "coordinates": [14.8964181, 37.3711917]}, "properties": {"rol": "seguidor", "id": "TK0537", "tipo": "completo", "axis_azimuth": 0, "punto": "eje de unidad (no el motor)", "ncu": 10, "gw": 10, "axis_tilt": 0, "max_angle": 55, "backtrack": true, "gcr": 0.397, "cross_axis_tilt": 0}}, {"type": "Feature", "geometry": {"type": "Point", "coordinates": [14.8938151, 37.3704961]}, "properties": {"rol": "seguidor", "id": "TK0538", "tipo": "completo", "axis_azimuth": 0, "punto": "eje de unidad (no el motor)", "ncu": 9, "gw": 9, "axis_tilt": 0, "max_angle": 55, "backtrack": true, "gcr": 0.397, "cross_axis_tilt": 0}}, {"type": "Feature", "geometry": {"type": "Point", "coordinates": [14.8939334, 37.3704962]}, "properties": {"rol": "seguidor", "id": "TK0539", "tipo": "completo", "axis_azimuth": 0, "punto": "eje de unidad (no el motor)", "ncu": 9, "gw": 9, "axis_tilt": 0, "max_angle": 55, "backtrack": true, "gcr": 0.397, "cross_axis_tilt": 0}}, {"type": "Feature", "geometry": {"type": "Point", "coordinates": [14.8940518, 37.3704963]}, "properties": {"rol": "seguidor", "id": "TK0540", "tipo": "completo", "axis_azimuth": 0, "punto": "eje de unidad (no el motor)", "ncu": 9, "gw": 9, "axis_tilt": 0, "max_angle": 55, "backtrack": true, "gcr": 0.397, "cross_axis_tilt": 0}}, {"type": "Feature", "geometry": {"type": "Point", "coordinates": [14.8941702, 37.3704964]}, "properties": {"rol": "seguidor", "id": "TK0541", "tipo": "completo", "axis_azimuth": 0, "punto": "eje de unidad (no el motor)", "ncu": 9, "gw": 9, "axis_tilt": 0, "max_angle": 55, "backtrack": true, "gcr": 0.397, "cross_axis_tilt": 0}}, {"type": "Feature", "geometry": {"type": "Point", "coordinates": [14.8942885, 37.3704966]}, "properties": {"rol": "seguidor", "id": "TK0542", "tipo": "completo", "axis_azimuth": 0, "punto": "eje de unidad (no el motor)", "ncu": 9, "gw": 9, "axis_tilt": 0, "max_angle": 55, "backtrack": true, "gcr": 0.397, "cross_axis_tilt": 0}}, {"type": "Feature", "geometry": {"type": "Point", "coordinates": [14.8944069, 37.3704967]}, "properties": {"rol": "seguidor", "id": "TK0543", "tipo": "completo", "axis_azimuth": 0, "punto": "eje de unidad (no el motor)", "ncu": 9, "gw": 9, "axis_tilt": 0, "max_angle": 55, "backtrack": true, "gcr": 0.397, "cross_axis_tilt": 0}}, {"type": "Feature", "geometry": {"type": "Point", "coordinates": [14.8945253, 37.3704968]}, "properties": {"rol": "seguidor", "id": "TK0544", "tipo": "completo", "axis_azimuth": 0, "punto": "eje de unidad (no el motor)", "ncu": 9, "gw": 9, "axis_tilt": 0, "max_angle": 55, "backtrack": true, "gcr": 0.397, "cross_axis_tilt": 0}}, {"type": "Feature", "geometry": {"type": "Point", "coordinates": [14.8946436, 37.3704969]}, "properties": {"rol": "seguidor", "id": "TK0545", "tipo": "completo", "axis_azimuth": 0, "punto": "eje de unidad (no el motor)", "ncu": 9, "gw": 9, "axis_tilt": 0, "max_angle": 55, "backtrack": true, "gcr": 0.397, "cross_axis_tilt": 0}}, {"type": "Feature", "geometry": {"type": "Point", "coordinates": [14.894762, 37.370497]}, "properties": {"rol": "seguidor", "id": "TK0546", "tipo": "completo", "axis_azimuth": 0, "punto": "eje de unidad (no el motor)", "ncu": 9, "gw": 9, "axis_tilt": 0, "max_angle": 55, "backtrack": true, "gcr": 0.397, "cross_axis_tilt": 0}}, {"type": "Feature", "geometry": {"type": "Point", "coordinates": [14.8948803, 37.3704971]}, "properties": {"rol": "seguidor", "id": "TK0547", "tipo": "completo", "axis_azimuth": 0, "punto": "eje de unidad (no el motor)", "ncu": 9, "gw": 9, "axis_tilt": 0, "max_angle": 55, "backtrack": true, "gcr": 0.397, "cross_axis_tilt": 0}}, {"type": "Feature", "geometry": {"type": "Point", "coordinates": [14.8949987, 37.3704972]}, "properties": {"rol": "seguidor", "id": "TK0548", "tipo": "completo", "axis_azimuth": 0, "punto": "eje de unidad (no el motor)", "ncu": 9, "gw": 9, "axis_tilt": 0, "max_angle": 55, "backtrack": true, "gcr": 0.397, "cross_axis_tilt": 0}}, {"type": "Feature", "geometry": {"type": "Point", "coordinates": [14.895117, 37.3705198]}, "properties": {"rol": "seguidor", "id": "TK0549", "tipo": "completo", "axis_azimuth": 0, "punto": "eje de unidad (no el motor)", "ncu": 9, "gw": 9, "axis_tilt": 0, "max_angle": 55, "backtrack": true, "gcr": 0.397, "cross_axis_tilt": 0}}, {"type": "Feature", "geometry": {"type": "Point", "coordinates": [14.8952354, 37.3705199]}, "properties": {"rol": "seguidor", "id": "TK0550", "tipo": "completo", "axis_azimuth": 0, "punto": "eje de unidad (no el motor)", "ncu": 9, "gw": 9, "axis_tilt": 0, "max_angle": 55, "backtrack": true, "gcr": 0.397, "cross_axis_tilt": 0}}, {"type": "Feature", "geometry": {"type": "Point", "coordinates": [14.8953538, 37.37052]}, "properties": {"rol": "seguidor", "id": "TK0551", "tipo": "completo", "axis_azimuth": 0, "punto": "eje de unidad (no el motor)", "ncu": 9, "gw": 9, "axis_tilt": 0, "max_angle": 55, "backtrack": true, "gcr": 0.397, "cross_axis_tilt": 0}}, {"type": "Feature", "geometry": {"type": "Point", "coordinates": [14.8954721, 37.3705201]}, "properties": {"rol": "seguidor", "id": "TK0552", "tipo": "completo", "axis_azimuth": 0, "punto": "eje de unidad (no el motor)", "ncu": 9, "gw": 9, "axis_tilt": 0, "max_angle": 55, "backtrack": true, "gcr": 0.397, "cross_axis_tilt": 0}}, {"type": "Feature", "geometry": {"type": "Point", "coordinates": [14.8955905, 37.3705202]}, "properties": {"rol": "seguidor", "id": "TK0553", "tipo": "completo", "axis_azimuth": 0, "punto": "eje de unidad (no el motor)", "ncu": 9, "gw": 9, "axis_tilt": 0, "max_angle": 55, "backtrack": true, "gcr": 0.397, "cross_axis_tilt": 0}}, {"type": "Feature", "geometry": {"type": "Point", "coordinates": [14.8957088, 37.3705203]}, "properties": {"rol": "seguidor", "id": "TK0554", "tipo": "completo", "axis_azimuth": 0, "punto": "eje de unidad (no el motor)", "ncu": 9, "gw": 9, "axis_tilt": 0, "max_angle": 55, "backtrack": true, "gcr": 0.397, "cross_axis_tilt": 0}}, {"type": "Feature", "geometry": {"type": "Point", "coordinates": [14.8958272, 37.3705205]}, "properties": {"rol": "seguidor", "id": "TK0555", "tipo": "completo", "axis_azimuth": 0, "punto": "eje de unidad (no el motor)", "ncu": 9, "gw": 9, "axis_tilt": 0, "max_angle": 55, "backtrack": true, "gcr": 0.397, "cross_axis_tilt": 0}}, {"type": "Feature", "geometry": {"type": "Point", "coordinates": [14.8959455, 37.3705386]}, "properties": {"rol": "seguidor", "id": "TK0556", "tipo": "completo", "axis_azimuth": 0, "punto": "eje de unidad (no el motor)", "ncu": 10, "gw": 10, "axis_tilt": 0, "max_angle": 55, "backtrack": true, "gcr": 0.397, "cross_axis_tilt": 0}}, {"type": "Feature", "geometry": {"type": "Point", "coordinates": [14.8960639, 37.3705387]}, "properties": {"rol": "seguidor", "id": "TK0557", "tipo": "completo", "axis_azimuth": 0, "punto": "eje de unidad (no el motor)", "ncu": 10, "gw": 10, "axis_tilt": 0, "max_angle": 55, "backtrack": true, "gcr": 0.397, "cross_axis_tilt": 0}}, {"type": "Feature", "geometry": {"type": "Point", "coordinates": [14.8961823, 37.3705388]}, "properties": {"rol": "seguidor", "id": "TK0558", "tipo": "completo", "axis_azimuth": 0, "punto": "eje de unidad (no el motor)", "ncu": 10, "gw": 10, "axis_tilt": 0, "max_angle": 55, "backtrack": true, "gcr": 0.397, "cross_axis_tilt": 0}}, {"type": "Feature", "geometry": {"type": "Point", "coordinates": [14.8963006, 37.3705389]}, "properties": {"rol": "seguidor", "id": "TK0559", "tipo": "completo", "axis_azimuth": 0, "punto": "eje de unidad (no el motor)", "ncu": 10, "gw": 10, "axis_tilt": 0, "max_angle": 55, "backtrack": true, "gcr": 0.397, "cross_axis_tilt": 0}}, {"type": "Feature", "geometry": {"type": "Point", "coordinates": [14.896419, 37.370539]}, "properties": {"rol": "seguidor", "id": "TK0560", "tipo": "completo", "axis_azimuth": 0, "punto": "eje de unidad (no el motor)", "ncu": 10, "gw": 10, "axis_tilt": 0, "max_angle": 55, "backtrack": true, "gcr": 0.397, "cross_axis_tilt": 0}}, {"type": "Feature", "geometry": {"type": "Point", "coordinates": [14.8967754, 37.3712117]}, "properties": {"rol": "seguidor", "id": "TK0561", "tipo": "completo", "axis_azimuth": 0, "punto": "eje de unidad (no el motor)", "ncu": 10, "gw": 10, "axis_tilt": 0, "max_angle": 55, "backtrack": true, "gcr": 0.397, "cross_axis_tilt": 0}}, {"type": "Feature", "geometry": {"type": "Point", "coordinates": [14.8968938, 37.3712118]}, "properties": {"rol": "seguidor", "id": "TK0562", "tipo": "completo", "axis_azimuth": 0, "punto": "eje de unidad (no el motor)", "ncu": 10, "gw": 10, "axis_tilt": 0, "max_angle": 55, "backtrack": true, "gcr": 0.397, "cross_axis_tilt": 0}}, {"type": "Feature", "geometry": {"type": "Point", "coordinates": [14.8970121, 37.3712119]}, "properties": {"rol": "seguidor", "id": "TK0563", "tipo": "completo", "axis_azimuth": 0, "punto": "eje de unidad (no el motor)", "ncu": 10, "gw": 10, "axis_tilt": 0, "max_angle": 55, "backtrack": true, "gcr": 0.397, "cross_axis_tilt": 0}}, {"type": "Feature", "geometry": {"type": "Point", "coordinates": [14.8971305, 37.371212]}, "properties": {"rol": "seguidor", "id": "TK0564", "tipo": "completo", "axis_azimuth": 0, "punto": "eje de unidad (no el motor)", "ncu": 10, "gw": 10, "axis_tilt": 0, "max_angle": 55, "backtrack": true, "gcr": 0.397, "cross_axis_tilt": 0}}, {"type": "Feature", "geometry": {"type": "Point", "coordinates": [14.8972488, 37.3712122]}, "properties": {"rol": "seguidor", "id": "TK0565", "tipo": "completo", "axis_azimuth": 0, "punto": "eje de unidad (no el motor)", "ncu": 10, "gw": 10, "axis_tilt": 0, "max_angle": 55, "backtrack": true, "gcr": 0.397, "cross_axis_tilt": 0}}, {"type": "Feature", "geometry": {"type": "Point", "coordinates": [14.8973672, 37.3712123]}, "properties": {"rol": "seguidor", "id": "TK0566", "tipo": "completo", "axis_azimuth": 0, "punto": "eje de unidad (no el motor)", "ncu": 10, "gw": 10, "axis_tilt": 0, "max_angle": 55, "backtrack": true, "gcr": 0.397, "cross_axis_tilt": 0}}, {"type": "Feature", "geometry": {"type": "Point", "coordinates": [14.8974856, 37.3712124]}, "properties": {"rol": "seguidor", "id": "TK0567", "tipo": "completo", "axis_azimuth": 0, "punto": "eje de unidad (no el motor)", "ncu": 10, "gw": 10, "axis_tilt": 0, "max_angle": 55, "backtrack": true, "gcr": 0.397, "cross_axis_tilt": 0}}, {"type": "Feature", "geometry": {"type": "Point", "coordinates": [14.8976039, 37.3712125]}, "properties": {"rol": "seguidor", "id": "TK0568", "tipo": "completo", "axis_azimuth": 0, "punto": "eje de unidad (no el motor)", "ncu": 10, "gw": 10, "axis_tilt": 0, "max_angle": 55, "backtrack": true, "gcr": 0.397, "cross_axis_tilt": 0}}, {"type": "Feature", "geometry": {"type": "Point", "coordinates": [14.8977223, 37.3712126]}, "properties": {"rol": "seguidor", "id": "TK0569", "tipo": "completo", "axis_azimuth": 0, "punto": "eje de unidad (no el motor)", "ncu": 10, "gw": 10, "axis_tilt": 0, "max_angle": 55, "backtrack": true, "gcr": 0.397, "cross_axis_tilt": 0}}, {"type": "Feature", "geometry": {"type": "Point", "coordinates": [14.8978407, 37.3712127]}, "properties": {"rol": "seguidor", "id": "TK0570", "tipo": "completo", "axis_azimuth": 0, "punto": "eje de unidad (no el motor)", "ncu": 10, "gw": 10, "axis_tilt": 0, "max_angle": 55, "backtrack": true, "gcr": 0.397, "cross_axis_tilt": 0}}, {"type": "Feature", "geometry": {"type": "Point", "coordinates": [14.897959, 37.3712128]}, "properties": {"rol": "seguidor", "id": "TK0571", "tipo": "completo", "axis_azimuth": 0, "punto": "eje de unidad (no el motor)", "ncu": 10, "gw": 10, "axis_tilt": 0, "max_angle": 55, "backtrack": true, "gcr": 0.397, "cross_axis_tilt": 0}}, {"type": "Feature", "geometry": {"type": "Point", "coordinates": [14.8980774, 37.3712129]}, "properties": {"rol": "seguidor", "id": "TK0572", "tipo": "completo", "axis_azimuth": 0, "punto": "eje de unidad (no el motor)", "ncu": 10, "gw": 10, "axis_tilt": 0, "max_angle": 55, "backtrack": true, "gcr": 0.397, "cross_axis_tilt": 0}}, {"type": "Feature", "geometry": {"type": "Point", "coordinates": [14.8981957, 37.371213]}, "properties": {"rol": "seguidor", "id": "TK0573", "tipo": "completo", "axis_azimuth": 0, "punto": "eje de unidad (no el motor)", "ncu": 10, "gw": 10, "axis_tilt": 0, "max_angle": 55, "backtrack": true, "gcr": 0.397, "cross_axis_tilt": 0}}, {"type": "Feature", "geometry": {"type": "Point", "coordinates": [14.8983141, 37.3712131]}, "properties": {"rol": "seguidor", "id": "TK0574", "tipo": "completo", "axis_azimuth": 0, "punto": "eje de unidad (no el motor)", "ncu": 10, "gw": 10, "axis_tilt": 0, "max_angle": 55, "backtrack": true, "gcr": 0.397, "cross_axis_tilt": 0}}, {"type": "Feature", "geometry": {"type": "Point", "coordinates": [14.8984325, 37.3712132]}, "properties": {"rol": "seguidor", "id": "TK0575", "tipo": "completo", "axis_azimuth": 0, "punto": "eje de unidad (no el motor)", "ncu": 10, "gw": 10, "axis_tilt": 0, "max_angle": 55, "backtrack": true, "gcr": 0.397, "cross_axis_tilt": 0}}, {"type": "Feature", "geometry": {"type": "Point", "coordinates": [14.8985508, 37.3712133]}, "properties": {"rol": "seguidor", "id": "TK0576", "tipo": "completo", "axis_azimuth": 0, "punto": "eje de unidad (no el motor)", "ncu": 10, "gw": 10, "axis_tilt": 0, "max_angle": 55, "backtrack": true, "gcr": 0.397, "cross_axis_tilt": 0}}, {"type": "Feature", "geometry": {"type": "Point", "coordinates": [14.8986692, 37.3712134]}, "properties": {"rol": "seguidor", "id": "TK0577", "tipo": "completo", "axis_azimuth": 0, "punto": "eje de unidad (no el motor)", "ncu": 10, "gw": 10, "axis_tilt": 0, "max_angle": 55, "backtrack": true, "gcr": 0.397, "cross_axis_tilt": 0}}, {"type": "Feature", "geometry": {"type": "Point", "coordinates": [14.8967763, 37.3705591]}, "properties": {"rol": "seguidor", "id": "TK0578", "tipo": "completo", "axis_azimuth": 0, "punto": "eje de unidad (no el motor)", "ncu": 10, "gw": 10, "axis_tilt": 0, "max_angle": 55, "backtrack": true, "gcr": 0.397, "cross_axis_tilt": 0}}, {"type": "Feature", "geometry": {"type": "Point", "coordinates": [14.8968947, 37.3705592]}, "properties": {"rol": "seguidor", "id": "TK0579", "tipo": "completo", "axis_azimuth": 0, "punto": "eje de unidad (no el motor)", "ncu": 10, "gw": 10, "axis_tilt": 0, "max_angle": 55, "backtrack": true, "gcr": 0.397, "cross_axis_tilt": 0}}, {"type": "Feature", "geometry": {"type": "Point", "coordinates": [14.897013, 37.3705593]}, "properties": {"rol": "seguidor", "id": "TK0580", "tipo": "completo", "axis_azimuth": 0, "punto": "eje de unidad (no el motor)", "ncu": 10, "gw": 10, "axis_tilt": 0, "max_angle": 55, "backtrack": true, "gcr": 0.397, "cross_axis_tilt": 0}}, {"type": "Feature", "geometry": {"type": "Point", "coordinates": [14.8971314, 37.3705594]}, "properties": {"rol": "seguidor", "id": "TK0581", "tipo": "completo", "axis_azimuth": 0, "punto": "eje de unidad (no el motor)", "ncu": 10, "gw": 10, "axis_tilt": 0, "max_angle": 55, "backtrack": true, "gcr": 0.397, "cross_axis_tilt": 0}}, {"type": "Feature", "geometry": {"type": "Point", "coordinates": [14.8972497, 37.3705595]}, "properties": {"rol": "seguidor", "id": "TK0582", "tipo": "completo", "axis_azimuth": 0, "punto": "eje de unidad (no el motor)", "ncu": 10, "gw": 10, "axis_tilt": 0, "max_angle": 55, "backtrack": true, "gcr": 0.397, "cross_axis_tilt": 0}}, {"type": "Feature", "geometry": {"type": "Point", "coordinates": [14.8973681, 37.3705596]}, "properties": {"rol": "seguidor", "id": "TK0583", "tipo": "completo", "axis_azimuth": 0, "punto": "eje de unidad (no el motor)", "ncu": 10, "gw": 10, "axis_tilt": 0, "max_angle": 55, "backtrack": true, "gcr": 0.397, "cross_axis_tilt": 0}}, {"type": "Feature", "geometry": {"type": "Point", "coordinates": [14.8974865, 37.3705597]}, "properties": {"rol": "seguidor", "id": "TK0584", "tipo": "completo", "axis_azimuth": 0, "punto": "eje de unidad (no el motor)", "ncu": 10, "gw": 10, "axis_tilt": 0, "max_angle": 55, "backtrack": true, "gcr": 0.397, "cross_axis_tilt": 0}}, {"type": "Feature", "geometry": {"type": "Point", "coordinates": [14.8976048, 37.3705598]}, "properties": {"rol": "seguidor", "id": "TK0585", "tipo": "completo", "axis_azimuth": 0, "punto": "eje de unidad (no el motor)", "ncu": 10, "gw": 10, "axis_tilt": 0, "max_angle": 55, "backtrack": true, "gcr": 0.397, "cross_axis_tilt": 0}}, {"type": "Feature", "geometry": {"type": "Point", "coordinates": [14.8977232, 37.3705599]}, "properties": {"rol": "seguidor", "id": "TK0586", "tipo": "completo", "axis_azimuth": 0, "punto": "eje de unidad (no el motor)", "ncu": 10, "gw": 10, "axis_tilt": 0, "max_angle": 55, "backtrack": true, "gcr": 0.397, "cross_axis_tilt": 0}}, {"type": "Feature", "geometry": {"type": "Point", "coordinates": [14.8978415, 37.37056]}, "properties": {"rol": "seguidor", "id": "TK0587", "tipo": "completo", "axis_azimuth": 0, "punto": "eje de unidad (no el motor)", "ncu": 10, "gw": 10, "axis_tilt": 0, "max_angle": 55, "backtrack": true, "gcr": 0.397, "cross_axis_tilt": 0}}, {"type": "Feature", "geometry": {"type": "Point", "coordinates": [14.8979599, 37.3705601]}, "properties": {"rol": "seguidor", "id": "TK0588", "tipo": "completo", "axis_azimuth": 0, "punto": "eje de unidad (no el motor)", "ncu": 10, "gw": 10, "axis_tilt": 0, "max_angle": 55, "backtrack": true, "gcr": 0.397, "cross_axis_tilt": 0}}, {"type": "Feature", "geometry": {"type": "Point", "coordinates": [14.8980783, 37.3705602]}, "properties": {"rol": "seguidor", "id": "TK0589", "tipo": "completo", "axis_azimuth": 0, "punto": "eje de unidad (no el motor)", "ncu": 10, "gw": 10, "axis_tilt": 0, "max_angle": 55, "backtrack": true, "gcr": 0.397, "cross_axis_tilt": 0}}, {"type": "Feature", "geometry": {"type": "Point", "coordinates": [14.8981966, 37.3705603]}, "properties": {"rol": "seguidor", "id": "TK0590", "tipo": "completo", "axis_azimuth": 0, "punto": "eje de unidad (no el motor)", "ncu": 10, "gw": 10, "axis_tilt": 0, "max_angle": 55, "backtrack": true, "gcr": 0.397, "cross_axis_tilt": 0}}, {"type": "Feature", "geometry": {"type": "Point", "coordinates": [14.898315, 37.3705604]}, "properties": {"rol": "seguidor", "id": "TK0591", "tipo": "completo", "axis_azimuth": 0, "punto": "eje de unidad (no el motor)", "ncu": 10, "gw": 10, "axis_tilt": 0, "max_angle": 55, "backtrack": true, "gcr": 0.397, "cross_axis_tilt": 0}}, {"type": "Feature", "geometry": {"type": "Point", "coordinates": [14.8984333, 37.3705605]}, "properties": {"rol": "seguidor", "id": "TK0592", "tipo": "completo", "axis_azimuth": 0, "punto": "eje de unidad (no el motor)", "ncu": 10, "gw": 10, "axis_tilt": 0, "max_angle": 55, "backtrack": true, "gcr": 0.397, "cross_axis_tilt": 0}}, {"type": "Feature", "geometry": {"type": "Point", "coordinates": [14.8985517, 37.3705606]}, "properties": {"rol": "seguidor", "id": "TK0593", "tipo": "completo", "axis_azimuth": 0, "punto": "eje de unidad (no el motor)", "ncu": 10, "gw": 10, "axis_tilt": 0, "max_angle": 55, "backtrack": true, "gcr": 0.397, "cross_axis_tilt": 0}}, {"type": "Feature", "geometry": {"type": "Point", "coordinates": [14.8986701, 37.3705607]}, "properties": {"rol": "seguidor", "id": "TK0594", "tipo": "completo", "axis_azimuth": 0, "punto": "eje de unidad (no el motor)", "ncu": 10, "gw": 10, "axis_tilt": 0, "max_angle": 55, "backtrack": true, "gcr": 0.397, "cross_axis_tilt": 0}}, {"type": "Feature", "geometry": {"type": "Point", "coordinates": [14.8987884, 37.3705608]}, "properties": {"rol": "seguidor", "id": "TK0595", "tipo": "completo", "axis_azimuth": 0, "punto": "eje de unidad (no el motor)", "ncu": 10, "gw": 10, "axis_tilt": 0, "max_angle": 55, "backtrack": true, "gcr": 0.397, "cross_axis_tilt": 0}}, {"type": "Feature", "geometry": {"type": "Point", "coordinates": [14.8989068, 37.3705609]}, "properties": {"rol": "seguidor", "id": "TK0596", "tipo": "completo", "axis_azimuth": 0, "punto": "eje de unidad (no el motor)", "ncu": 10, "gw": 10, "axis_tilt": 0, "max_angle": 55, "backtrack": true, "gcr": 0.397, "cross_axis_tilt": 0}}, {"type": "Feature", "geometry": {"type": "Point", "coordinates": [14.8990252, 37.370561]}, "properties": {"rol": "seguidor", "id": "TK0597", "tipo": "completo", "axis_azimuth": 0, "punto": "eje de unidad (no el motor)", "ncu": 10, "gw": 10, "axis_tilt": 0, "max_angle": 55, "backtrack": true, "gcr": 0.397, "cross_axis_tilt": 0}}, {"type": "Feature", "geometry": {"type": "Point", "coordinates": [14.8991435, 37.3705611]}, "properties": {"rol": "seguidor", "id": "TK0598", "tipo": "completo", "axis_azimuth": 0, "punto": "eje de unidad (no el motor)", "ncu": 10, "gw": 10, "axis_tilt": 0, "max_angle": 55, "backtrack": true, "gcr": 0.397, "cross_axis_tilt": 0}}, {"type": "Feature", "geometry": {"type": "Point", "coordinates": [14.893816, 37.3698435]}, "properties": {"rol": "seguidor", "id": "TK0599", "tipo": "completo", "axis_azimuth": 0, "punto": "eje de unidad (no el motor)", "ncu": 9, "gw": 9, "axis_tilt": 0, "max_angle": 55, "backtrack": true, "gcr": 0.397, "cross_axis_tilt": 0}}, {"type": "Feature", "geometry": {"type": "Point", "coordinates": [14.8939344, 37.3698436]}, "properties": {"rol": "seguidor", "id": "TK0600", "tipo": "completo", "axis_azimuth": 0, "punto": "eje de unidad (no el motor)", "ncu": 9, "gw": 9, "axis_tilt": 0, "max_angle": 55, "backtrack": true, "gcr": 0.397, "cross_axis_tilt": 0}}, {"type": "Feature", "geometry": {"type": "Point", "coordinates": [14.8940527, 37.3698437]}, "properties": {"rol": "seguidor", "id": "TK0601", "tipo": "completo", "axis_azimuth": 0, "punto": "eje de unidad (no el motor)", "ncu": 9, "gw": 9, "axis_tilt": 0, "max_angle": 55, "backtrack": true, "gcr": 0.397, "cross_axis_tilt": 0}}, {"type": "Feature", "geometry": {"type": "Point", "coordinates": [14.8941711, 37.3698438]}, "properties": {"rol": "seguidor", "id": "TK0602", "tipo": "completo", "axis_azimuth": 0, "punto": "eje de unidad (no el motor)", "ncu": 9, "gw": 9, "axis_tilt": 0, "max_angle": 55, "backtrack": true, "gcr": 0.397, "cross_axis_tilt": 0}}, {"type": "Feature", "geometry": {"type": "Point", "coordinates": [14.8942894, 37.3698439]}, "properties": {"rol": "seguidor", "id": "TK0603", "tipo": "completo", "axis_azimuth": 0, "punto": "eje de unidad (no el motor)", "ncu": 9, "gw": 9, "axis_tilt": 0, "max_angle": 55, "backtrack": true, "gcr": 0.397, "cross_axis_tilt": 0}}, {"type": "Feature", "geometry": {"type": "Point", "coordinates": [14.8944078, 37.369844]}, "properties": {"rol": "seguidor", "id": "TK0604", "tipo": "completo", "axis_azimuth": 0, "punto": "eje de unidad (no el motor)", "ncu": 9, "gw": 9, "axis_tilt": 0, "max_angle": 55, "backtrack": true, "gcr": 0.397, "cross_axis_tilt": 0}}, {"type": "Feature", "geometry": {"type": "Point", "coordinates": [14.8945262, 37.3698441]}, "properties": {"rol": "seguidor", "id": "TK0605", "tipo": "completo", "axis_azimuth": 0, "punto": "eje de unidad (no el motor)", "ncu": 9, "gw": 9, "axis_tilt": 0, "max_angle": 55, "backtrack": true, "gcr": 0.397, "cross_axis_tilt": 0}}, {"type": "Feature", "geometry": {"type": "Point", "coordinates": [14.8946445, 37.3698442]}, "properties": {"rol": "seguidor", "id": "TK0606", "tipo": "completo", "axis_azimuth": 0, "punto": "eje de unidad (no el motor)", "ncu": 9, "gw": 9, "axis_tilt": 0, "max_angle": 55, "backtrack": true, "gcr": 0.397, "cross_axis_tilt": 0}}, {"type": "Feature", "geometry": {"type": "Point", "coordinates": [14.8947629, 37.3698443]}, "properties": {"rol": "seguidor", "id": "TK0607", "tipo": "completo", "axis_azimuth": 0, "punto": "eje de unidad (no el motor)", "ncu": 9, "gw": 9, "axis_tilt": 0, "max_angle": 55, "backtrack": true, "gcr": 0.397, "cross_axis_tilt": 0}}, {"type": "Feature", "geometry": {"type": "Point", "coordinates": [14.8948812, 37.3698444]}, "properties": {"rol": "seguidor", "id": "TK0608", "tipo": "completo", "axis_azimuth": 0, "punto": "eje de unidad (no el motor)", "ncu": 9, "gw": 9, "axis_tilt": 0, "max_angle": 55, "backtrack": true, "gcr": 0.397, "cross_axis_tilt": 0}}, {"type": "Feature", "geometry": {"type": "Point", "coordinates": [14.8949996, 37.3698445]}, "properties": {"rol": "seguidor", "id": "TK0609", "tipo": "completo", "axis_azimuth": 0, "punto": "eje de unidad (no el motor)", "ncu": 9, "gw": 9, "axis_tilt": 0, "max_angle": 55, "backtrack": true, "gcr": 0.397, "cross_axis_tilt": 0}}, {"type": "Feature", "geometry": {"type": "Point", "coordinates": [14.895118, 37.3698446]}, "properties": {"rol": "seguidor", "id": "TK0610", "tipo": "completo", "axis_azimuth": 0, "punto": "eje de unidad (no el motor)", "ncu": 10, "gw": 10, "axis_tilt": 0, "max_angle": 55, "backtrack": true, "gcr": 0.397, "cross_axis_tilt": 0}}, {"type": "Feature", "geometry": {"type": "Point", "coordinates": [14.8952363, 37.3698447]}, "properties": {"rol": "seguidor", "id": "TK0611", "tipo": "completo", "axis_azimuth": 0, "punto": "eje de unidad (no el motor)", "ncu": 10, "gw": 10, "axis_tilt": 0, "max_angle": 55, "backtrack": true, "gcr": 0.397, "cross_axis_tilt": 0}}, {"type": "Feature", "geometry": {"type": "Point", "coordinates": [14.8953547, 37.3698448]}, "properties": {"rol": "seguidor", "id": "TK0612", "tipo": "completo", "axis_azimuth": 0, "punto": "eje de unidad (no el motor)", "ncu": 10, "gw": 10, "axis_tilt": 0, "max_angle": 55, "backtrack": true, "gcr": 0.397, "cross_axis_tilt": 0}}, {"type": "Feature", "geometry": {"type": "Point", "coordinates": [14.895473, 37.3698449]}, "properties": {"rol": "seguidor", "id": "TK0613", "tipo": "completo", "axis_azimuth": 0, "punto": "eje de unidad (no el motor)", "ncu": 10, "gw": 10, "axis_tilt": 0, "max_angle": 55, "backtrack": true, "gcr": 0.397, "cross_axis_tilt": 0}}, {"type": "Feature", "geometry": {"type": "Point", "coordinates": [14.8955914, 37.369845]}, "properties": {"rol": "seguidor", "id": "TK0614", "tipo": "completo", "axis_azimuth": 0, "punto": "eje de unidad (no el motor)", "ncu": 10, "gw": 10, "axis_tilt": 0, "max_angle": 55, "backtrack": true, "gcr": 0.397, "cross_axis_tilt": 0}}, {"type": "Feature", "geometry": {"type": "Point", "coordinates": [14.8957098, 37.3698451]}, "properties": {"rol": "seguidor", "id": "TK0615", "tipo": "completo", "axis_azimuth": 0, "punto": "eje de unidad (no el motor)", "ncu": 10, "gw": 10, "axis_tilt": 0, "max_angle": 55, "backtrack": true, "gcr": 0.397, "cross_axis_tilt": 0}}, {"type": "Feature", "geometry": {"type": "Point", "coordinates": [14.8958281, 37.3698452]}, "properties": {"rol": "seguidor", "id": "TK0616", "tipo": "completo", "axis_azimuth": 0, "punto": "eje de unidad (no el motor)", "ncu": 10, "gw": 10, "axis_tilt": 0, "max_angle": 55, "backtrack": true, "gcr": 0.397, "cross_axis_tilt": 0}}, {"type": "Feature", "geometry": {"type": "Point", "coordinates": [14.8959465, 37.3698453]}, "properties": {"rol": "seguidor", "id": "TK0617", "tipo": "completo", "axis_azimuth": 0, "punto": "eje de unidad (no el motor)", "ncu": 10, "gw": 10, "axis_tilt": 0, "max_angle": 55, "backtrack": true, "gcr": 0.397, "cross_axis_tilt": 0}}, {"type": "Feature", "geometry": {"type": "Point", "coordinates": [14.8960648, 37.3698455]}, "properties": {"rol": "seguidor", "id": "TK0618", "tipo": "completo", "axis_azimuth": 0, "punto": "eje de unidad (no el motor)", "ncu": 10, "gw": 10, "axis_tilt": 0, "max_angle": 55, "backtrack": true, "gcr": 0.397, "cross_axis_tilt": 0}}, {"type": "Feature", "geometry": {"type": "Point", "coordinates": [14.8961832, 37.3698456]}, "properties": {"rol": "seguidor", "id": "TK0619", "tipo": "completo", "axis_azimuth": 0, "punto": "eje de unidad (no el motor)", "ncu": 10, "gw": 10, "axis_tilt": 0, "max_angle": 55, "backtrack": true, "gcr": 0.397, "cross_axis_tilt": 0}}, {"type": "Feature", "geometry": {"type": "Point", "coordinates": [14.8963016, 37.3698457]}, "properties": {"rol": "seguidor", "id": "TK0620", "tipo": "completo", "axis_azimuth": 0, "punto": "eje de unidad (no el motor)", "ncu": 10, "gw": 10, "axis_tilt": 0, "max_angle": 55, "backtrack": true, "gcr": 0.397, "cross_axis_tilt": 0}}, {"type": "Feature", "geometry": {"type": "Point", "coordinates": [14.8964199, 37.3698458]}, "properties": {"rol": "seguidor", "id": "TK0621", "tipo": "completo", "axis_azimuth": 0, "punto": "eje de unidad (no el motor)", "ncu": 10, "gw": 10, "axis_tilt": 0, "max_angle": 55, "backtrack": true, "gcr": 0.397, "cross_axis_tilt": 0}}, {"type": "Feature", "geometry": {"type": "Point", "coordinates": [14.8967774, 37.3697399]}, "properties": {"rol": "seguidor", "id": "TK0622", "tipo": "completo", "axis_azimuth": 0, "punto": "eje de unidad (no el motor)", "ncu": 10, "gw": 10, "axis_tilt": 0, "max_angle": 55, "backtrack": true, "gcr": 0.397, "cross_axis_tilt": 0}}, {"type": "Feature", "geometry": {"type": "Point", "coordinates": [14.8968958, 37.36974]}, "properties": {"rol": "seguidor", "id": "TK0623", "tipo": "completo", "axis_azimuth": 0, "punto": "eje de unidad (no el motor)", "ncu": 10, "gw": 10, "axis_tilt": 0, "max_angle": 55, "backtrack": true, "gcr": 0.397, "cross_axis_tilt": 0}}, {"type": "Feature", "geometry": {"type": "Point", "coordinates": [14.8970141, 37.3697401]}, "properties": {"rol": "seguidor", "id": "TK0624", "tipo": "completo", "axis_azimuth": 0, "punto": "eje de unidad (no el motor)", "ncu": 10, "gw": 10, "axis_tilt": 0, "max_angle": 55, "backtrack": true, "gcr": 0.397, "cross_axis_tilt": 0}}, {"type": "Feature", "geometry": {"type": "Point", "coordinates": [14.8971325, 37.3697402]}, "properties": {"rol": "seguidor", "id": "TK0625", "tipo": "completo", "axis_azimuth": 0, "punto": "eje de unidad (no el motor)", "ncu": 10, "gw": 10, "axis_tilt": 0, "max_angle": 55, "backtrack": true, "gcr": 0.397, "cross_axis_tilt": 0}}, {"type": "Feature", "geometry": {"type": "Point", "coordinates": [14.8972509, 37.3697404]}, "properties": {"rol": "seguidor", "id": "TK0626", "tipo": "completo", "axis_azimuth": 0, "punto": "eje de unidad (no el motor)", "ncu": 10, "gw": 10, "axis_tilt": 0, "max_angle": 55, "backtrack": true, "gcr": 0.397, "cross_axis_tilt": 0}}, {"type": "Feature", "geometry": {"type": "Point", "coordinates": [14.8973692, 37.3697405]}, "properties": {"rol": "seguidor", "id": "TK0627", "tipo": "completo", "axis_azimuth": 0, "punto": "eje de unidad (no el motor)", "ncu": 10, "gw": 10, "axis_tilt": 0, "max_angle": 55, "backtrack": true, "gcr": 0.397, "cross_axis_tilt": 0}}, {"type": "Feature", "geometry": {"type": "Point", "coordinates": [14.8974876, 37.3697406]}, "properties": {"rol": "seguidor", "id": "TK0628", "tipo": "completo", "axis_azimuth": 0, "punto": "eje de unidad (no el motor)", "ncu": 10, "gw": 10, "axis_tilt": 0, "max_angle": 55, "backtrack": true, "gcr": 0.397, "cross_axis_tilt": 0}}, {"type": "Feature", "geometry": {"type": "Point", "coordinates": [14.8976059, 37.3697407]}, "properties": {"rol": "seguidor", "id": "TK0629", "tipo": "completo", "axis_azimuth": 0, "punto": "eje de unidad (no el motor)", "ncu": 10, "gw": 10, "axis_tilt": 0, "max_angle": 55, "backtrack": true, "gcr": 0.397, "cross_axis_tilt": 0}}, {"type": "Feature", "geometry": {"type": "Point", "coordinates": [14.8977243, 37.3697408]}, "properties": {"rol": "seguidor", "id": "TK0630", "tipo": "completo", "axis_azimuth": 0, "punto": "eje de unidad (no el motor)", "ncu": 10, "gw": 10, "axis_tilt": 0, "max_angle": 55, "backtrack": true, "gcr": 0.397, "cross_axis_tilt": 0}}, {"type": "Feature", "geometry": {"type": "Point", "coordinates": [14.8978427, 37.3697409]}, "properties": {"rol": "seguidor", "id": "TK0631", "tipo": "completo", "axis_azimuth": 0, "punto": "eje de unidad (no el motor)", "ncu": 10, "gw": 10, "axis_tilt": 0, "max_angle": 55, "backtrack": true, "gcr": 0.397, "cross_axis_tilt": 0}}, {"type": "Feature", "geometry": {"type": "Point", "coordinates": [14.897961, 37.369741]}, "properties": {"rol": "seguidor", "id": "TK0632", "tipo": "completo", "axis_azimuth": 0, "punto": "eje de unidad (no el motor)", "ncu": 10, "gw": 10, "axis_tilt": 0, "max_angle": 55, "backtrack": true, "gcr": 0.397, "cross_axis_tilt": 0}}, {"type": "Feature", "geometry": {"type": "Point", "coordinates": [14.8980794, 37.3697411]}, "properties": {"rol": "seguidor", "id": "TK0633", "tipo": "completo", "axis_azimuth": 0, "punto": "eje de unidad (no el motor)", "ncu": 10, "gw": 10, "axis_tilt": 0, "max_angle": 55, "backtrack": true, "gcr": 0.397, "cross_axis_tilt": 0}}, {"type": "Feature", "geometry": {"type": "Point", "coordinates": [14.8981977, 37.3697412]}, "properties": {"rol": "seguidor", "id": "TK0634", "tipo": "completo", "axis_azimuth": 0, "punto": "eje de unidad (no el motor)", "ncu": 10, "gw": 10, "axis_tilt": 0, "max_angle": 55, "backtrack": true, "gcr": 0.397, "cross_axis_tilt": 0}}, {"type": "Feature", "geometry": {"type": "Point", "coordinates": [14.8983162, 37.3696335]}, "properties": {"rol": "seguidor", "id": "TK0635", "tipo": "completo", "axis_azimuth": 0, "punto": "eje de unidad (no el motor)", "ncu": 10, "gw": 10, "axis_tilt": 0, "max_angle": 55, "backtrack": true, "gcr": 0.397, "cross_axis_tilt": 0}}, {"type": "Feature", "geometry": {"type": "Point", "coordinates": [14.8984346, 37.3696336]}, "properties": {"rol": "seguidor", "id": "TK0636", "tipo": "completo", "axis_azimuth": 0, "punto": "eje de unidad (no el motor)", "ncu": 10, "gw": 10, "axis_tilt": 0, "max_angle": 55, "backtrack": true, "gcr": 0.397, "cross_axis_tilt": 0}}, {"type": "Feature", "geometry": {"type": "Point", "coordinates": [14.8985529, 37.3696546]}, "properties": {"rol": "seguidor", "id": "TK0637", "tipo": "completo", "axis_azimuth": 0, "punto": "eje de unidad (no el motor)", "ncu": 10, "gw": 10, "axis_tilt": 0, "max_angle": 55, "backtrack": true, "gcr": 0.397, "cross_axis_tilt": 0}}, {"type": "Feature", "geometry": {"type": "Point", "coordinates": [14.8986712, 37.3697416]}, "properties": {"rol": "seguidor", "id": "TK0638", "tipo": "completo", "axis_azimuth": 0, "punto": "eje de unidad (no el motor)", "ncu": 10, "gw": 10, "axis_tilt": 0, "max_angle": 55, "backtrack": true, "gcr": 0.397, "cross_axis_tilt": 0}}, {"type": "Feature", "geometry": {"type": "Point", "coordinates": [14.8987895, 37.3697417]}, "properties": {"rol": "seguidor", "id": "TK0639", "tipo": "completo", "axis_azimuth": 0, "punto": "eje de unidad (no el motor)", "ncu": 10, "gw": 10, "axis_tilt": 0, "max_angle": 55, "backtrack": true, "gcr": 0.397, "cross_axis_tilt": 0}}, {"type": "Feature", "geometry": {"type": "Point", "coordinates": [14.8989079, 37.3697418]}, "properties": {"rol": "seguidor", "id": "TK0640", "tipo": "completo", "axis_azimuth": 0, "punto": "eje de unidad (no el motor)", "ncu": 10, "gw": 10, "axis_tilt": 0, "max_angle": 55, "backtrack": true, "gcr": 0.397, "cross_axis_tilt": 0}}, {"type": "Feature", "geometry": {"type": "Point", "coordinates": [14.8990263, 37.3697419]}, "properties": {"rol": "seguidor", "id": "TK0641", "tipo": "completo", "axis_azimuth": 0, "punto": "eje de unidad (no el motor)", "ncu": 10, "gw": 10, "axis_tilt": 0, "max_angle": 55, "backtrack": true, "gcr": 0.397, "cross_axis_tilt": 0}}, {"type": "Feature", "geometry": {"type": "Point", "coordinates": [14.8991446, 37.369742]}, "properties": {"rol": "seguidor", "id": "TK0642", "tipo": "completo", "axis_azimuth": 0, "punto": "eje de unidad (no el motor)", "ncu": 10, "gw": 10, "axis_tilt": 0, "max_angle": 55, "backtrack": true, "gcr": 0.397, "cross_axis_tilt": 0}}, {"type": "Feature", "geometry": {"type": "Point", "coordinates": [14.899263, 37.3697421]}, "properties": {"rol": "seguidor", "id": "TK0643", "tipo": "completo", "axis_azimuth": 0, "punto": "eje de unidad (no el motor)", "ncu": 10, "gw": 10, "axis_tilt": 0, "max_angle": 55, "backtrack": true, "gcr": 0.397, "cross_axis_tilt": 0}}, {"type": "Feature", "geometry": {"type": "Point", "coordinates": [14.8993813, 37.3697422]}, "properties": {"rol": "seguidor", "id": "TK0644", "tipo": "completo", "axis_azimuth": 0, "punto": "eje de unidad (no el motor)", "ncu": 10, "gw": 10, "axis_tilt": 0, "max_angle": 55, "backtrack": true, "gcr": 0.397, "cross_axis_tilt": 0}}, {"type": "Feature", "geometry": {"type": "Point", "coordinates": [14.8994997, 37.3697423]}, "properties": {"rol": "seguidor", "id": "TK0645", "tipo": "completo", "axis_azimuth": 0, "punto": "eje de unidad (no el motor)", "ncu": 10, "gw": 10, "axis_tilt": 0, "max_angle": 55, "backtrack": true, "gcr": 0.397, "cross_axis_tilt": 0}}, {"type": "Feature", "geometry": {"type": "Point", "coordinates": [14.899618, 37.3697424]}, "properties": {"rol": "seguidor", "id": "TK0646", "tipo": "completo", "axis_azimuth": 0, "punto": "eje de unidad (no el motor)", "ncu": 10, "gw": 10, "axis_tilt": 0, "max_angle": 55, "backtrack": true, "gcr": 0.397, "cross_axis_tilt": 0}}, {"type": "Feature", "geometry": {"type": "Point", "coordinates": [14.8977252, 37.3690881]}, "properties": {"rol": "seguidor", "id": "TK0647", "tipo": "completo", "axis_azimuth": 0, "punto": "eje de unidad (no el motor)", "ncu": 10, "gw": 10, "axis_tilt": 0, "max_angle": 55, "backtrack": true, "gcr": 0.397, "cross_axis_tilt": 0}}, {"type": "Feature", "geometry": {"type": "Point", "coordinates": [14.8978435, 37.3690882]}, "properties": {"rol": "seguidor", "id": "TK0648", "tipo": "completo", "axis_azimuth": 0, "punto": "eje de unidad (no el motor)", "ncu": 10, "gw": 10, "axis_tilt": 0, "max_angle": 55, "backtrack": true, "gcr": 0.397, "cross_axis_tilt": 0}}, {"type": "Feature", "geometry": {"type": "Point", "coordinates": [14.8979619, 37.3690883]}, "properties": {"rol": "seguidor", "id": "TK0649", "tipo": "completo", "axis_azimuth": 0, "punto": "eje de unidad (no el motor)", "ncu": 10, "gw": 10, "axis_tilt": 0, "max_angle": 55, "backtrack": true, "gcr": 0.397, "cross_axis_tilt": 0}}, {"type": "Feature", "geometry": {"type": "Point", "coordinates": [14.8993822, 37.3690895]}, "properties": {"rol": "seguidor", "id": "TK0650", "tipo": "completo", "axis_azimuth": 0, "punto": "eje de unidad (no el motor)", "ncu": 10, "gw": 10, "axis_tilt": 0, "max_angle": 55, "backtrack": true, "gcr": 0.397, "cross_axis_tilt": 0}}, {"type": "Feature", "geometry": {"type": "Point", "coordinates": [14.8995006, 37.3690896]}, "properties": {"rol": "seguidor", "id": "TK0651", "tipo": "completo", "axis_azimuth": 0, "punto": "eje de unidad (no el motor)", "ncu": 10, "gw": 10, "axis_tilt": 0, "max_angle": 55, "backtrack": true, "gcr": 0.397, "cross_axis_tilt": 0}}, {"type": "Feature", "geometry": {"type": "Point", "coordinates": [14.8996189, 37.3690897]}, "properties": {"rol": "seguidor", "id": "TK0652", "tipo": "completo", "axis_azimuth": 0, "punto": "eje de unidad (no el motor)", "ncu": 10, "gw": 10, "axis_tilt": 0, "max_angle": 55, "backtrack": true, "gcr": 0.397, "cross_axis_tilt": 0}}, {"type": "Feature", "geometry": {"type": "Point", "coordinates": [14.8935793, 37.3698432]}, "properties": {"rol": "seguidor", "id": "TK0653", "tipo": "completo", "axis_azimuth": 0, "punto": "eje de unidad (no el motor)", "ncu": 9, "gw": 9, "axis_tilt": 0, "max_angle": 55, "backtrack": true, "gcr": 0.397, "cross_axis_tilt": 0}}, {"type": "Feature", "geometry": {"type": "Point", "coordinates": [14.8997364, 37.3697425]}, "properties": {"rol": "seguidor", "id": "TK0654", "tipo": "completo", "axis_azimuth": 0, "punto": "eje de unidad (no el motor)", "ncu": 10, "gw": 10, "axis_tilt": 0, "max_angle": 55, "backtrack": true, "gcr": 0.397, "cross_axis_tilt": 0}}, {"type": "Feature", "geometry": {"type": "Point", "coordinates": [14.8998548, 37.3697426]}, "properties": {"rol": "seguidor", "id": "TK0655", "tipo": "completo", "axis_azimuth": 0, "punto": "eje de unidad (no el motor)", "ncu": 10, "gw": 10, "axis_tilt": 0, "max_angle": 55, "backtrack": true, "gcr": 0.397, "cross_axis_tilt": 0}}, {"type": "Feature", "geometry": {"type": "Point", "coordinates": [14.8999731, 37.3697427]}, "properties": {"rol": "seguidor", "id": "TK0656", "tipo": "completo", "axis_azimuth": 0, "punto": "eje de unidad (no el motor)", "ncu": 10, "gw": 10, "axis_tilt": 0, "max_angle": 55, "backtrack": true, "gcr": 0.397, "cross_axis_tilt": 0}}, {"type": "Feature", "geometry": {"type": "Point", "coordinates": [14.9000915, 37.3697428]}, "properties": {"rol": "seguidor", "id": "TK0657", "tipo": "completo", "axis_azimuth": 0, "punto": "eje de unidad (no el motor)", "ncu": 10, "gw": 10, "axis_tilt": 0, "max_angle": 55, "backtrack": true, "gcr": 0.397, "cross_axis_tilt": 0}}, {"type": "Feature", "geometry": {"type": "Point", "coordinates": [14.8954771, 37.368432]}, "properties": {"rol": "seguidor", "id": "TK0658", "tipo": "completo", "axis_azimuth": 0, "punto": "eje de unidad (no el motor)", "ncu": 12, "gw": 12, "axis_tilt": 0, "max_angle": 55, "backtrack": true, "gcr": 0.397, "cross_axis_tilt": 0}}, {"type": "Feature", "geometry": {"type": "Point", "coordinates": [14.8955955, 37.3683674]}, "properties": {"rol": "seguidor", "id": "TK0659", "tipo": "completo", "axis_azimuth": 0, "punto": "eje de unidad (no el motor)", "ncu": 12, "gw": 12, "axis_tilt": 0, "max_angle": 55, "backtrack": true, "gcr": 0.397, "cross_axis_tilt": 0}}, {"type": "Feature", "geometry": {"type": "Point", "coordinates": [14.895714, 37.3683047]}, "properties": {"rol": "seguidor", "id": "TK0660", "tipo": "completo", "axis_azimuth": 0, "punto": "eje de unidad (no el motor)", "ncu": 12, "gw": 12, "axis_tilt": 0, "max_angle": 55, "backtrack": true, "gcr": 0.397, "cross_axis_tilt": 0}}, {"type": "Feature", "geometry": {"type": "Point", "coordinates": [14.8958324, 37.368238]}, "properties": {"rol": "seguidor", "id": "TK0661", "tipo": "completo", "axis_azimuth": 0, "punto": "eje de unidad (no el motor)", "ncu": 12, "gw": 12, "axis_tilt": 0, "max_angle": 55, "backtrack": true, "gcr": 0.397, "cross_axis_tilt": 0}}, {"type": "Feature", "geometry": {"type": "Point", "coordinates": [14.8959509, 37.3681734]}, "properties": {"rol": "seguidor", "id": "TK0662", "tipo": "completo", "axis_azimuth": 0, "punto": "eje de unidad (no el motor)", "ncu": 12, "gw": 12, "axis_tilt": 0, "max_angle": 55, "backtrack": true, "gcr": 0.397, "cross_axis_tilt": 0}}, {"type": "Feature", "geometry": {"type": "Point", "coordinates": [14.8960693, 37.3681087]}, "properties": {"rol": "seguidor", "id": "TK0663", "tipo": "completo", "axis_azimuth": 0, "punto": "eje de unidad (no el motor)", "ncu": 12, "gw": 12, "axis_tilt": 0, "max_angle": 55, "backtrack": true, "gcr": 0.397, "cross_axis_tilt": 0}}, {"type": "Feature", "geometry": {"type": "Point", "coordinates": [14.8961877, 37.368044]}, "properties": {"rol": "seguidor", "id": "TK0664", "tipo": "completo", "axis_azimuth": 0, "punto": "eje de unidad (no el motor)", "ncu": 12, "gw": 12, "axis_tilt": 0, "max_angle": 55, "backtrack": true, "gcr": 0.397, "cross_axis_tilt": 0}}, {"type": "Feature", "geometry": {"type": "Point", "coordinates": [14.8963062, 37.3679794]}, "properties": {"rol": "seguidor", "id": "TK0665", "tipo": "completo", "axis_azimuth": 0, "punto": "eje de unidad (no el motor)", "ncu": 12, "gw": 12, "axis_tilt": 0, "max_angle": 55, "backtrack": true, "gcr": 0.397, "cross_axis_tilt": 0}}, {"type": "Feature", "geometry": {"type": "Point", "coordinates": [14.8964246, 37.3679147]}, "properties": {"rol": "seguidor", "id": "TK0666", "tipo": "completo", "axis_azimuth": 0, "punto": "eje de unidad (no el motor)", "ncu": 12, "gw": 12, "axis_tilt": 0, "max_angle": 55, "backtrack": true, "gcr": 0.397, "cross_axis_tilt": 0}}, {"type": "Feature", "geometry": {"type": "Point", "coordinates": [14.8977599, 37.3671857]}, "properties": {"rol": "seguidor", "id": "TK0667", "tipo": "completo", "axis_azimuth": 0, "punto": "eje de unidad (no el motor)", "ncu": 12, "gw": 12, "axis_tilt": 0, "max_angle": 55, "backtrack": true, "gcr": 0.397, "cross_axis_tilt": 0}}, {"type": "Feature", "geometry": {"type": "Point", "coordinates": [14.8978783, 37.367121]}, "properties": {"rol": "seguidor", "id": "TK0668", "tipo": "completo", "axis_azimuth": 0, "punto": "eje de unidad (no el motor)", "ncu": 12, "gw": 12, "axis_tilt": 0, "max_angle": 55, "backtrack": true, "gcr": 0.397, "cross_axis_tilt": 0}}, {"type": "Feature", "geometry": {"type": "Point", "coordinates": [14.8979963, 37.367388]}, "properties": {"rol": "seguidor", "id": "TK0669", "tipo": "completo", "axis_azimuth": 0, "punto": "eje de unidad (no el motor)", "ncu": 12, "gw": 12, "axis_tilt": 0, "max_angle": 55, "backtrack": true, "gcr": 0.397, "cross_axis_tilt": 0}}, {"type": "Feature", "geometry": {"type": "Point", "coordinates": [14.8981147, 37.3673751]}, "properties": {"rol": "seguidor", "id": "TK0670", "tipo": "completo", "axis_azimuth": 0, "punto": "eje de unidad (no el motor)", "ncu": 12, "gw": 12, "axis_tilt": 0, "max_angle": 55, "backtrack": true, "gcr": 0.397, "cross_axis_tilt": 0}}, {"type": "Feature", "geometry": {"type": "Point", "coordinates": [14.8982332, 37.3672585]}, "properties": {"rol": "seguidor", "id": "TK0671", "tipo": "completo", "axis_azimuth": 0, "punto": "eje de unidad (no el motor)", "ncu": 12, "gw": 12, "axis_tilt": 0, "max_angle": 55, "backtrack": true, "gcr": 0.397, "cross_axis_tilt": 0}}, {"type": "Feature", "geometry": {"type": "Point", "coordinates": [14.8983516, 37.3672119]}, "properties": {"rol": "seguidor", "id": "TK0672", "tipo": "completo", "axis_azimuth": 0, "punto": "eje de unidad (no el motor)", "ncu": 12, "gw": 12, "axis_tilt": 0, "max_angle": 55, "backtrack": true, "gcr": 0.397, "cross_axis_tilt": 0}}, {"type": "Feature", "geometry": {"type": "Point", "coordinates": [14.89847, 37.367212]}, "properties": {"rol": "seguidor", "id": "TK0673", "tipo": "completo", "axis_azimuth": 0, "punto": "eje de unidad (no el motor)", "ncu": 12, "gw": 12, "axis_tilt": 0, "max_angle": 55, "backtrack": true, "gcr": 0.397, "cross_axis_tilt": 0}}, {"type": "Feature", "geometry": {"type": "Point", "coordinates": [14.893853, 37.3675082]}, "properties": {"rol": "seguidor", "id": "TK0674", "tipo": "completo", "axis_azimuth": 0, "punto": "eje de unidad (no el motor)", "ncu": 11, "gw": 11, "axis_tilt": 0, "max_angle": 55, "backtrack": true, "gcr": 0.397, "cross_axis_tilt": 0}}, {"type": "Feature", "geometry": {"type": "Point", "coordinates": [14.8939714, 37.3675083]}, "properties": {"rol": "seguidor", "id": "TK0675", "tipo": "completo", "axis_azimuth": 0, "punto": "eje de unidad (no el motor)", "ncu": 11, "gw": 11, "axis_tilt": 0, "max_angle": 55, "backtrack": true, "gcr": 0.397, "cross_axis_tilt": 0}}, {"type": "Feature", "geometry": {"type": "Point", "coordinates": [14.8940897, 37.3675084]}, "properties": {"rol": "seguidor", "id": "TK0676", "tipo": "completo", "axis_azimuth": 0, "punto": "eje de unidad (no el motor)", "ncu": 11, "gw": 11, "axis_tilt": 0, "max_angle": 55, "backtrack": true, "gcr": 0.397, "cross_axis_tilt": 0}}, {"type": "Feature", "geometry": {"type": "Point", "coordinates": [14.8942081, 37.3675085]}, "properties": {"rol": "seguidor", "id": "TK0677", "tipo": "completo", "axis_azimuth": 0, "punto": "eje de unidad (no el motor)", "ncu": 11, "gw": 11, "axis_tilt": 0, "max_angle": 55, "backtrack": true, "gcr": 0.397, "cross_axis_tilt": 0}}, {"type": "Feature", "geometry": {"type": "Point", "coordinates": [14.8943264, 37.3675086]}, "properties": {"rol": "seguidor", "id": "TK0678", "tipo": "completo", "axis_azimuth": 0, "punto": "eje de unidad (no el motor)", "ncu": 11, "gw": 11, "axis_tilt": 0, "max_angle": 55, "backtrack": true, "gcr": 0.397, "cross_axis_tilt": 0}}, {"type": "Feature", "geometry": {"type": "Point", "coordinates": [14.8944448, 37.3675087]}, "properties": {"rol": "seguidor", "id": "TK0679", "tipo": "completo", "axis_azimuth": 0, "punto": "eje de unidad (no el motor)", "ncu": 11, "gw": 11, "axis_tilt": 0, "max_angle": 55, "backtrack": true, "gcr": 0.397, "cross_axis_tilt": 0}}, {"type": "Feature", "geometry": {"type": "Point", "coordinates": [14.8945632, 37.3675088]}, "properties": {"rol": "seguidor", "id": "TK0680", "tipo": "completo", "axis_azimuth": 0, "punto": "eje de unidad (no el motor)", "ncu": 11, "gw": 11, "axis_tilt": 0, "max_angle": 55, "backtrack": true, "gcr": 0.397, "cross_axis_tilt": 0}}, {"type": "Feature", "geometry": {"type": "Point", "coordinates": [14.8946815, 37.3675089]}, "properties": {"rol": "seguidor", "id": "TK0681", "tipo": "completo", "axis_azimuth": 0, "punto": "eje de unidad (no el motor)", "ncu": 11, "gw": 11, "axis_tilt": 0, "max_angle": 55, "backtrack": true, "gcr": 0.397, "cross_axis_tilt": 0}}, {"type": "Feature", "geometry": {"type": "Point", "coordinates": [14.8947999, 37.367509]}, "properties": {"rol": "seguidor", "id": "TK0682", "tipo": "completo", "axis_azimuth": 0, "punto": "eje de unidad (no el motor)", "ncu": 11, "gw": 11, "axis_tilt": 0, "max_angle": 55, "backtrack": true, "gcr": 0.397, "cross_axis_tilt": 0}}, {"type": "Feature", "geometry": {"type": "Point", "coordinates": [14.8949182, 37.3675092]}, "properties": {"rol": "seguidor", "id": "TK0683", "tipo": "completo", "axis_azimuth": 0, "punto": "eje de unidad (no el motor)", "ncu": 12, "gw": 12, "axis_tilt": 0, "max_angle": 55, "backtrack": true, "gcr": 0.397, "cross_axis_tilt": 0}}, {"type": "Feature", "geometry": {"type": "Point", "coordinates": [14.8950366, 37.3675093]}, "properties": {"rol": "seguidor", "id": "TK0684", "tipo": "completo", "axis_azimuth": 0, "punto": "eje de unidad (no el motor)", "ncu": 12, "gw": 12, "axis_tilt": 0, "max_angle": 55, "backtrack": true, "gcr": 0.397, "cross_axis_tilt": 0}}, {"type": "Feature", "geometry": {"type": "Point", "coordinates": [14.8951549, 37.3675094]}, "properties": {"rol": "seguidor", "id": "TK0685", "tipo": "completo", "axis_azimuth": 0, "punto": "eje de unidad (no el motor)", "ncu": 12, "gw": 12, "axis_tilt": 0, "max_angle": 55, "backtrack": true, "gcr": 0.397, "cross_axis_tilt": 0}}, {"type": "Feature", "geometry": {"type": "Point", "coordinates": [14.8952733, 37.3675095]}, "properties": {"rol": "seguidor", "id": "TK0686", "tipo": "completo", "axis_azimuth": 0, "punto": "eje de unidad (no el motor)", "ncu": 12, "gw": 12, "axis_tilt": 0, "max_angle": 55, "backtrack": true, "gcr": 0.397, "cross_axis_tilt": 0}}, {"type": "Feature", "geometry": {"type": "Point", "coordinates": [14.8953917, 37.3675096]}, "properties": {"rol": "seguidor", "id": "TK0687", "tipo": "completo", "axis_azimuth": 0, "punto": "eje de unidad (no el motor)", "ncu": 12, "gw": 12, "axis_tilt": 0, "max_angle": 55, "backtrack": true, "gcr": 0.397, "cross_axis_tilt": 0}}, {"type": "Feature", "geometry": {"type": "Point", "coordinates": [14.89551, 37.3675097]}, "properties": {"rol": "seguidor", "id": "TK0688", "tipo": "completo", "axis_azimuth": 0, "punto": "eje de unidad (no el motor)", "ncu": 12, "gw": 12, "axis_tilt": 0, "max_angle": 55, "backtrack": true, "gcr": 0.397, "cross_axis_tilt": 0}}, {"type": "Feature", "geometry": {"type": "Point", "coordinates": [14.8938539, 37.3668555]}, "properties": {"rol": "seguidor", "id": "TK0689", "tipo": "completo", "axis_azimuth": 0, "punto": "eje de unidad (no el motor)", "ncu": 11, "gw": 11, "axis_tilt": 0, "max_angle": 55, "backtrack": true, "gcr": 0.397, "cross_axis_tilt": 0}}, {"type": "Feature", "geometry": {"type": "Point", "coordinates": [14.8939723, 37.3668556]}, "properties": {"rol": "seguidor", "id": "TK0690", "tipo": "completo", "axis_azimuth": 0, "punto": "eje de unidad (no el motor)", "ncu": 11, "gw": 11, "axis_tilt": 0, "max_angle": 55, "backtrack": true, "gcr": 0.397, "cross_axis_tilt": 0}}, {"type": "Feature", "geometry": {"type": "Point", "coordinates": [14.8940907, 37.3668557]}, "properties": {"rol": "seguidor", "id": "TK0691", "tipo": "completo", "axis_azimuth": 0, "punto": "eje de unidad (no el motor)", "ncu": 11, "gw": 11, "axis_tilt": 0, "max_angle": 55, "backtrack": true, "gcr": 0.397, "cross_axis_tilt": 0}}, {"type": "Feature", "geometry": {"type": "Point", "coordinates": [14.894209, 37.3668558]}, "properties": {"rol": "seguidor", "id": "TK0692", "tipo": "completo", "axis_azimuth": 0, "punto": "eje de unidad (no el motor)", "ncu": 11, "gw": 11, "axis_tilt": 0, "max_angle": 55, "backtrack": true, "gcr": 0.397, "cross_axis_tilt": 0}}, {"type": "Feature", "geometry": {"type": "Point", "coordinates": [14.8943274, 37.366856]}, "properties": {"rol": "seguidor", "id": "TK0693", "tipo": "completo", "axis_azimuth": 0, "punto": "eje de unidad (no el motor)", "ncu": 11, "gw": 11, "axis_tilt": 0, "max_angle": 55, "backtrack": true, "gcr": 0.397, "cross_axis_tilt": 0}}, {"type": "Feature", "geometry": {"type": "Point", "coordinates": [14.8944457, 37.3668561]}, "properties": {"rol": "seguidor", "id": "TK0694", "tipo": "completo", "axis_azimuth": 0, "punto": "eje de unidad (no el motor)", "ncu": 11, "gw": 11, "axis_tilt": 0, "max_angle": 55, "backtrack": true, "gcr": 0.397, "cross_axis_tilt": 0}}, {"type": "Feature", "geometry": {"type": "Point", "coordinates": [14.8945641, 37.3668562]}, "properties": {"rol": "seguidor", "id": "TK0695", "tipo": "completo", "axis_azimuth": 0, "punto": "eje de unidad (no el motor)", "ncu": 11, "gw": 11, "axis_tilt": 0, "max_angle": 55, "backtrack": true, "gcr": 0.397, "cross_axis_tilt": 0}}, {"type": "Feature", "geometry": {"type": "Point", "coordinates": [14.8946824, 37.3668563]}, "properties": {"rol": "seguidor", "id": "TK0696", "tipo": "completo", "axis_azimuth": 0, "punto": "eje de unidad (no el motor)", "ncu": 11, "gw": 11, "axis_tilt": 0, "max_angle": 55, "backtrack": true, "gcr": 0.397, "cross_axis_tilt": 0}}, {"type": "Feature", "geometry": {"type": "Point", "coordinates": [14.8948008, 37.3668564]}, "properties": {"rol": "seguidor", "id": "TK0697", "tipo": "completo", "axis_azimuth": 0, "punto": "eje de unidad (no el motor)", "ncu": 11, "gw": 11, "axis_tilt": 0, "max_angle": 55, "backtrack": true, "gcr": 0.397, "cross_axis_tilt": 0}}, {"type": "Feature", "geometry": {"type": "Point", "coordinates": [14.8949191, 37.3668565]}, "properties": {"rol": "seguidor", "id": "TK0698", "tipo": "completo", "axis_azimuth": 0, "punto": "eje de unidad (no el motor)", "ncu": 12, "gw": 12, "axis_tilt": 0, "max_angle": 55, "backtrack": true, "gcr": 0.397, "cross_axis_tilt": 0}}, {"type": "Feature", "geometry": {"type": "Point", "coordinates": [14.8950375, 37.3668566]}, "properties": {"rol": "seguidor", "id": "TK0699", "tipo": "completo", "axis_azimuth": 0, "punto": "eje de unidad (no el motor)", "ncu": 12, "gw": 12, "axis_tilt": 0, "max_angle": 55, "backtrack": true, "gcr": 0.397, "cross_axis_tilt": 0}}, {"type": "Feature", "geometry": {"type": "Point", "coordinates": [14.8951559, 37.3668567]}, "properties": {"rol": "seguidor", "id": "TK0700", "tipo": "completo", "axis_azimuth": 0, "punto": "eje de unidad (no el motor)", "ncu": 12, "gw": 12, "axis_tilt": 0, "max_angle": 55, "backtrack": true, "gcr": 0.397, "cross_axis_tilt": 0}}, {"type": "Feature", "geometry": {"type": "Point", "coordinates": [14.8952742, 37.3668568]}, "properties": {"rol": "seguidor", "id": "TK0701", "tipo": "completo", "axis_azimuth": 0, "punto": "eje de unidad (no el motor)", "ncu": 12, "gw": 12, "axis_tilt": 0, "max_angle": 55, "backtrack": true, "gcr": 0.397, "cross_axis_tilt": 0}}, {"type": "Feature", "geometry": {"type": "Point", "coordinates": [14.8953926, 37.3668569]}, "properties": {"rol": "seguidor", "id": "TK0702", "tipo": "completo", "axis_azimuth": 0, "punto": "eje de unidad (no el motor)", "ncu": 12, "gw": 12, "axis_tilt": 0, "max_angle": 55, "backtrack": true, "gcr": 0.397, "cross_axis_tilt": 0}}, {"type": "Feature", "geometry": {"type": "Point", "coordinates": [14.8955109, 37.366857]}, "properties": {"rol": "seguidor", "id": "TK0703", "tipo": "completo", "axis_azimuth": 0, "punto": "eje de unidad (no el motor)", "ncu": 12, "gw": 12, "axis_tilt": 0, "max_angle": 55, "backtrack": true, "gcr": 0.397, "cross_axis_tilt": 0}}, {"type": "Feature", "geometry": {"type": "Point", "coordinates": [14.8956293, 37.3668571]}, "properties": {"rol": "seguidor", "id": "TK0704", "tipo": "completo", "axis_azimuth": 0, "punto": "eje de unidad (no el motor)", "ncu": 12, "gw": 12, "axis_tilt": 0, "max_angle": 55, "backtrack": true, "gcr": 0.397, "cross_axis_tilt": 0}}, {"type": "Feature", "geometry": {"type": "Point", "coordinates": [14.8957476, 37.3668572]}, "properties": {"rol": "seguidor", "id": "TK0705", "tipo": "completo", "axis_azimuth": 0, "punto": "eje de unidad (no el motor)", "ncu": 12, "gw": 12, "axis_tilt": 0, "max_angle": 55, "backtrack": true, "gcr": 0.397, "cross_axis_tilt": 0}}, {"type": "Feature", "geometry": {"type": "Point", "coordinates": [14.895866, 37.3668573]}, "properties": {"rol": "seguidor", "id": "TK0706", "tipo": "completo", "axis_azimuth": 0, "punto": "eje de unidad (no el motor)", "ncu": 12, "gw": 12, "axis_tilt": 0, "max_angle": 55, "backtrack": true, "gcr": 0.397, "cross_axis_tilt": 0}}, {"type": "Feature", "geometry": {"type": "Point", "coordinates": [14.8959843, 37.3668574]}, "properties": {"rol": "seguidor", "id": "TK0707", "tipo": "completo", "axis_azimuth": 0, "punto": "eje de unidad (no el motor)", "ncu": 12, "gw": 12, "axis_tilt": 0, "max_angle": 55, "backtrack": true, "gcr": 0.397, "cross_axis_tilt": 0}}, {"type": "Feature", "geometry": {"type": "Point", "coordinates": [14.8961027, 37.3668575]}, "properties": {"rol": "seguidor", "id": "TK0708", "tipo": "completo", "axis_azimuth": 0, "punto": "eje de unidad (no el motor)", "ncu": 12, "gw": 12, "axis_tilt": 0, "max_angle": 55, "backtrack": true, "gcr": 0.397, "cross_axis_tilt": 0}}, {"type": "Feature", "geometry": {"type": "Point", "coordinates": [14.896221, 37.3668576]}, "properties": {"rol": "seguidor", "id": "TK0709", "tipo": "completo", "axis_azimuth": 0, "punto": "eje de unidad (no el motor)", "ncu": 12, "gw": 12, "axis_tilt": 0, "max_angle": 55, "backtrack": true, "gcr": 0.397, "cross_axis_tilt": 0}}, {"type": "Feature", "geometry": {"type": "Point", "coordinates": [14.8963394, 37.3668577]}, "properties": {"rol": "seguidor", "id": "TK0710", "tipo": "completo", "axis_azimuth": 0, "punto": "eje de unidad (no el motor)", "ncu": 12, "gw": 12, "axis_tilt": 0, "max_angle": 55, "backtrack": true, "gcr": 0.397, "cross_axis_tilt": 0}}, {"type": "Feature", "geometry": {"type": "Point", "coordinates": [14.8964578, 37.3668578]}, "properties": {"rol": "seguidor", "id": "TK0711", "tipo": "completo", "axis_azimuth": 0, "punto": "eje de unidad (no el motor)", "ncu": 12, "gw": 12, "axis_tilt": 0, "max_angle": 55, "backtrack": true, "gcr": 0.397, "cross_axis_tilt": 0}}, {"type": "Feature", "geometry": {"type": "Point", "coordinates": [14.8965761, 37.3668579]}, "properties": {"rol": "seguidor", "id": "TK0712", "tipo": "completo", "axis_azimuth": 0, "punto": "eje de unidad (no el motor)", "ncu": 12, "gw": 12, "axis_tilt": 0, "max_angle": 55, "backtrack": true, "gcr": 0.397, "cross_axis_tilt": 0}}, {"type": "Feature", "geometry": {"type": "Point", "coordinates": [14.8925511, 37.367507]}, "properties": {"rol": "seguidor", "id": "TK0713", "tipo": "completo", "axis_azimuth": 0, "punto": "eje de unidad (no el motor)", "ncu": 11, "gw": 11, "axis_tilt": 0, "max_angle": 55, "backtrack": true, "gcr": 0.397, "cross_axis_tilt": 0}}, {"type": "Feature", "geometry": {"type": "Point", "coordinates": [14.8926695, 37.3675071]}, "properties": {"rol": "seguidor", "id": "TK0714", "tipo": "completo", "axis_azimuth": 0, "punto": "eje de unidad (no el motor)", "ncu": 11, "gw": 11, "axis_tilt": 0, "max_angle": 55, "backtrack": true, "gcr": 0.397, "cross_axis_tilt": 0}}, {"type": "Feature", "geometry": {"type": "Point", "coordinates": [14.8927878, 37.3675072]}, "properties": {"rol": "seguidor", "id": "TK0715", "tipo": "completo", "axis_azimuth": 0, "punto": "eje de unidad (no el motor)", "ncu": 11, "gw": 11, "axis_tilt": 0, "max_angle": 55, "backtrack": true, "gcr": 0.397, "cross_axis_tilt": 0}}, {"type": "Feature", "geometry": {"type": "Point", "coordinates": [14.8929062, 37.3675074]}, "properties": {"rol": "seguidor", "id": "TK0716", "tipo": "completo", "axis_azimuth": 0, "punto": "eje de unidad (no el motor)", "ncu": 11, "gw": 11, "axis_tilt": 0, "max_angle": 55, "backtrack": true, "gcr": 0.397, "cross_axis_tilt": 0}}, {"type": "Feature", "geometry": {"type": "Point", "coordinates": [14.8930241, 37.3678391]}, "properties": {"rol": "seguidor", "id": "TK0717", "tipo": "completo", "axis_azimuth": 0, "punto": "eje de unidad (no el motor)", "ncu": 11, "gw": 11, "axis_tilt": 0, "max_angle": 55, "backtrack": true, "gcr": 0.397, "cross_axis_tilt": 0}}, {"type": "Feature", "geometry": {"type": "Point", "coordinates": [14.8931424, 37.3678392]}, "properties": {"rol": "seguidor", "id": "TK0718", "tipo": "completo", "axis_azimuth": 0, "punto": "eje de unidad (no el motor)", "ncu": 11, "gw": 11, "axis_tilt": 0, "max_angle": 55, "backtrack": true, "gcr": 0.397, "cross_axis_tilt": 0}}, {"type": "Feature", "geometry": {"type": "Point", "coordinates": [14.8932608, 37.3678393]}, "properties": {"rol": "seguidor", "id": "TK0719", "tipo": "completo", "axis_azimuth": 0, "punto": "eje de unidad (no el motor)", "ncu": 11, "gw": 11, "axis_tilt": 0, "max_angle": 55, "backtrack": true, "gcr": 0.397, "cross_axis_tilt": 0}}, {"type": "Feature", "geometry": {"type": "Point", "coordinates": [14.8933791, 37.3678394]}, "properties": {"rol": "seguidor", "id": "TK0720", "tipo": "completo", "axis_azimuth": 0, "punto": "eje de unidad (no el motor)", "ncu": 11, "gw": 11, "axis_tilt": 0, "max_angle": 55, "backtrack": true, "gcr": 0.397, "cross_axis_tilt": 0}}, {"type": "Feature", "geometry": {"type": "Point", "coordinates": [14.8934975, 37.3678395]}, "properties": {"rol": "seguidor", "id": "TK0721", "tipo": "completo", "axis_azimuth": 0, "punto": "eje de unidad (no el motor)", "ncu": 11, "gw": 11, "axis_tilt": 0, "max_angle": 55, "backtrack": true, "gcr": 0.397, "cross_axis_tilt": 0}}, {"type": "Feature", "geometry": {"type": "Point", "coordinates": [14.8936158, 37.3678396]}, "properties": {"rol": "seguidor", "id": "TK0722", "tipo": "completo", "axis_azimuth": 0, "punto": "eje de unidad (no el motor)", "ncu": 11, "gw": 11, "axis_tilt": 0, "max_angle": 55, "backtrack": true, "gcr": 0.397, "cross_axis_tilt": 0}}, {"type": "Feature", "geometry": {"type": "Point", "coordinates": [14.8937347, 37.3675081]}, "properties": {"rol": "seguidor", "id": "TK0723", "tipo": "completo", "axis_azimuth": 0, "punto": "eje de unidad (no el motor)", "ncu": 11, "gw": 11, "axis_tilt": 0, "max_angle": 55, "backtrack": true, "gcr": 0.397, "cross_axis_tilt": 0}}, {"type": "Feature", "geometry": {"type": "Point", "coordinates": [14.8937356, 37.3668554]}, "properties": {"rol": "seguidor", "id": "TK0724", "tipo": "completo", "axis_azimuth": 0, "punto": "eje de unidad (no el motor)", "ncu": 11, "gw": 11, "axis_tilt": 0, "max_angle": 55, "backtrack": true, "gcr": 0.397, "cross_axis_tilt": 0}}, {"type": "Feature", "geometry": {"type": "Point", "coordinates": [14.8966945, 37.366831]}, "properties": {"rol": "seguidor", "id": "TK0725", "tipo": "completo", "axis_azimuth": 0, "punto": "eje de unidad (no el motor)", "ncu": 12, "gw": 12, "axis_tilt": 0, "max_angle": 55, "backtrack": true, "gcr": 0.397, "cross_axis_tilt": 0}}, {"type": "Feature", "geometry": {"type": "Point", "coordinates": [14.8914838, 37.3689648]}, "properties": {"rol": "seguidor", "id": "TK0726", "tipo": "completo", "axis_azimuth": 0, "punto": "eje de unidad (no el motor)", "ncu": 11, "gw": 11, "axis_tilt": 0, "max_angle": 55, "backtrack": true, "gcr": 0.397, "cross_axis_tilt": 0}}, {"type": "Feature", "geometry": {"type": "Point", "coordinates": [14.8916023, 37.368834]}, "properties": {"rol": "seguidor", "id": "TK0727", "tipo": "completo", "axis_azimuth": 0, "punto": "eje de unidad (no el motor)", "ncu": 11, "gw": 11, "axis_tilt": 0, "max_angle": 55, "backtrack": true, "gcr": 0.397, "cross_axis_tilt": 0}}, {"type": "Feature", "geometry": {"type": "Point", "coordinates": [14.8921946, 37.3684805]}, "properties": {"rol": "seguidor", "id": "TK0728", "tipo": "completo", "axis_azimuth": 0, "punto": "eje de unidad (no el motor)", "ncu": 11, "gw": 11, "axis_tilt": 0, "max_angle": 55, "backtrack": true, "gcr": 0.397, "cross_axis_tilt": 0}}, {"type": "Feature", "geometry": {"type": "Point", "coordinates": [14.892313, 37.3684806]}, "properties": {"rol": "seguidor", "id": "TK0729", "tipo": "completo", "axis_azimuth": 0, "punto": "eje de unidad (no el motor)", "ncu": 11, "gw": 11, "axis_tilt": 0, "max_angle": 55, "backtrack": true, "gcr": 0.397, "cross_axis_tilt": 0}}, {"type": "Feature", "geometry": {"type": "Point", "coordinates": [14.8924309, 37.3688123]}, "properties": {"rol": "seguidor", "id": "TK0730", "tipo": "completo", "axis_azimuth": 0, "punto": "eje de unidad (no el motor)", "ncu": 11, "gw": 11, "axis_tilt": 0, "max_angle": 55, "backtrack": true, "gcr": 0.397, "cross_axis_tilt": 0}}, {"type": "Feature", "geometry": {"type": "Point", "coordinates": [14.8925492, 37.3688124]}, "properties": {"rol": "seguidor", "id": "TK0731", "tipo": "completo", "axis_azimuth": 0, "punto": "eje de unidad (no el motor)", "ncu": 11, "gw": 11, "axis_tilt": 0, "max_angle": 55, "backtrack": true, "gcr": 0.397, "cross_axis_tilt": 0}}, {"type": "Feature", "geometry": {"type": "Point", "coordinates": [14.8926676, 37.3688125]}, "properties": {"rol": "seguidor", "id": "TK0732", "tipo": "completo", "axis_azimuth": 0, "punto": "eje de unidad (no el motor)", "ncu": 11, "gw": 11, "axis_tilt": 0, "max_angle": 55, "backtrack": true, "gcr": 0.397, "cross_axis_tilt": 0}}, {"type": "Feature", "geometry": {"type": "Point", "coordinates": [14.892786, 37.3688126]}, "properties": {"rol": "seguidor", "id": "TK0733", "tipo": "completo", "axis_azimuth": 0, "punto": "eje de unidad (no el motor)", "ncu": 11, "gw": 11, "axis_tilt": 0, "max_angle": 55, "backtrack": true, "gcr": 0.397, "cross_axis_tilt": 0}}, {"type": "Feature", "geometry": {"type": "Point", "coordinates": [14.8914847, 37.3683122]}, "properties": {"rol": "seguidor", "id": "TK0734", "tipo": "completo", "axis_azimuth": 0, "punto": "eje de unidad (no el motor)", "ncu": 11, "gw": 11, "axis_tilt": 0, "max_angle": 55, "backtrack": true, "gcr": 0.397, "cross_axis_tilt": 0}}, {"type": "Feature", "geometry": {"type": "Point", "coordinates": [14.8916033, 37.3681814]}, "properties": {"rol": "seguidor", "id": "TK0735", "tipo": "completo", "axis_azimuth": 0, "punto": "eje de unidad (no el motor)", "ncu": 11, "gw": 11, "axis_tilt": 0, "max_angle": 55, "backtrack": true, "gcr": 0.397, "cross_axis_tilt": 0}}, {"type": "Feature", "geometry": {"type": "Point", "coordinates": [14.8917217, 37.3681052]}, "properties": {"rol": "seguidor", "id": "TK0736", "tipo": "completo", "axis_azimuth": 0, "punto": "eje de unidad (no el motor)", "ncu": 11, "gw": 11, "axis_tilt": 0, "max_angle": 55, "backtrack": true, "gcr": 0.397, "cross_axis_tilt": 0}}, {"type": "Feature", "geometry": {"type": "Point", "coordinates": [14.8918402, 37.3680306]}, "properties": {"rol": "seguidor", "id": "TK0737", "tipo": "completo", "axis_azimuth": 0, "punto": "eje de unidad (no el motor)", "ncu": 11, "gw": 11, "axis_tilt": 0, "max_angle": 55, "backtrack": true, "gcr": 0.397, "cross_axis_tilt": 0}}, {"type": "Feature", "geometry": {"type": "Point", "coordinates": [14.8919587, 37.3679651]}, "properties": {"rol": "seguidor", "id": "TK0738", "tipo": "completo", "axis_azimuth": 0, "punto": "eje de unidad (no el motor)", "ncu": 11, "gw": 11, "axis_tilt": 0, "max_angle": 55, "backtrack": true, "gcr": 0.397, "cross_axis_tilt": 0}}, {"type": "Feature", "geometry": {"type": "Point", "coordinates": [14.8920767, 37.3681907]}, "properties": {"rol": "seguidor", "id": "TK0739", "tipo": "completo", "axis_azimuth": 0, "punto": "eje de unidad (no el motor)", "ncu": 11, "gw": 11, "axis_tilt": 0, "max_angle": 55, "backtrack": true, "gcr": 0.397, "cross_axis_tilt": 0}}, {"type": "Feature", "geometry": {"type": "Point", "coordinates": [14.8921956, 37.3678278]}, "properties": {"rol": "seguidor", "id": "TK0740", "tipo": "completo", "axis_azimuth": 0, "punto": "eje de unidad (no el motor)", "ncu": 11, "gw": 11, "axis_tilt": 0, "max_angle": 55, "backtrack": true, "gcr": 0.397, "cross_axis_tilt": 0}}, {"type": "Feature", "geometry": {"type": "Point", "coordinates": [14.8923139, 37.3678279]}, "properties": {"rol": "seguidor", "id": "TK0741", "tipo": "completo", "axis_azimuth": 0, "punto": "eje de unidad (no el motor)", "ncu": 11, "gw": 11, "axis_tilt": 0, "max_angle": 55, "backtrack": true, "gcr": 0.397, "cross_axis_tilt": 0}}, {"type": "Feature", "geometry": {"type": "Point", "coordinates": [14.8924318, 37.3681596]}, "properties": {"rol": "seguidor", "id": "TK0742", "tipo": "completo", "axis_azimuth": 0, "punto": "eje de unidad (no el motor)", "ncu": 11, "gw": 11, "axis_tilt": 0, "max_angle": 55, "backtrack": true, "gcr": 0.397, "cross_axis_tilt": 0}}, {"type": "Feature", "geometry": {"type": "Point", "coordinates": [14.8925502, 37.3681597]}, "properties": {"rol": "seguidor", "id": "TK0743", "tipo": "completo", "axis_azimuth": 0, "punto": "eje de unidad (no el motor)", "ncu": 11, "gw": 11, "axis_tilt": 0, "max_angle": 55, "backtrack": true, "gcr": 0.397, "cross_axis_tilt": 0}}, {"type": "Feature", "geometry": {"type": "Point", "coordinates": [14.8926685, 37.3681598]}, "properties": {"rol": "seguidor", "id": "TK0744", "tipo": "completo", "axis_azimuth": 0, "punto": "eje de unidad (no el motor)", "ncu": 11, "gw": 11, "axis_tilt": 0, "max_angle": 55, "backtrack": true, "gcr": 0.397, "cross_axis_tilt": 0}}, {"type": "Feature", "geometry": {"type": "Point", "coordinates": [14.8927869, 37.3681599]}, "properties": {"rol": "seguidor", "id": "TK0745", "tipo": "completo", "axis_azimuth": 0, "punto": "eje de unidad (no el motor)", "ncu": 11, "gw": 11, "axis_tilt": 0, "max_angle": 55, "backtrack": true, "gcr": 0.397, "cross_axis_tilt": 0}}, {"type": "Feature", "geometry": {"type": "Point", "coordinates": [14.8929052, 37.36816]}, "properties": {"rol": "seguidor", "id": "TK0746", "tipo": "completo", "axis_azimuth": 0, "punto": "eje de unidad (no el motor)", "ncu": 11, "gw": 11, "axis_tilt": 0, "max_angle": 55, "backtrack": true, "gcr": 0.397, "cross_axis_tilt": 0}}, {"type": "Feature", "geometry": {"type": "Point", "coordinates": [14.8930231, 37.3684917]}, "properties": {"rol": "seguidor", "id": "TK0747", "tipo": "completo", "axis_azimuth": 0, "punto": "eje de unidad (no el motor)", "ncu": 11, "gw": 11, "axis_tilt": 0, "max_angle": 55, "backtrack": true, "gcr": 0.397, "cross_axis_tilt": 0}}, {"type": "Feature", "geometry": {"type": "Point", "coordinates": [14.8931415, 37.3684919]}, "properties": {"rol": "seguidor", "id": "TK0748", "tipo": "completo", "axis_azimuth": 0, "punto": "eje de unidad (no el motor)", "ncu": 11, "gw": 11, "axis_tilt": 0, "max_angle": 55, "backtrack": true, "gcr": 0.397, "cross_axis_tilt": 0}}, {"type": "Feature", "geometry": {"type": "Point", "coordinates": [14.8932598, 37.368492]}, "properties": {"rol": "seguidor", "id": "TK0749", "tipo": "completo", "axis_azimuth": 0, "punto": "eje de unidad (no el motor)", "ncu": 11, "gw": 11, "axis_tilt": 0, "max_angle": 55, "backtrack": true, "gcr": 0.397, "cross_axis_tilt": 0}}, {"type": "Feature", "geometry": {"type": "Point", "coordinates": [14.8933782, 37.3684921]}, "properties": {"rol": "seguidor", "id": "TK0750", "tipo": "completo", "axis_azimuth": 0, "punto": "eje de unidad (no el motor)", "ncu": 11, "gw": 11, "axis_tilt": 0, "max_angle": 55, "backtrack": true, "gcr": 0.397, "cross_axis_tilt": 0}}, {"type": "Feature", "geometry": {"type": "Point", "coordinates": [14.8934966, 37.3684922]}, "properties": {"rol": "seguidor", "id": "TK0751", "tipo": "completo", "axis_azimuth": 0, "punto": "eje de unidad (no el motor)", "ncu": 11, "gw": 11, "axis_tilt": 0, "max_angle": 55, "backtrack": true, "gcr": 0.397, "cross_axis_tilt": 0}}, {"type": "Feature", "geometry": {"type": "Point", "coordinates": [14.8936149, 37.3684923]}, "properties": {"rol": "seguidor", "id": "TK0752", "tipo": "completo", "axis_azimuth": 0, "punto": "eje de unidad (no el motor)", "ncu": 11, "gw": 11, "axis_tilt": 0, "max_angle": 55, "backtrack": true, "gcr": 0.397, "cross_axis_tilt": 0}}, {"type": "Feature", "geometry": {"type": "Point", "coordinates": [14.8937337, 37.3681608]}, "properties": {"rol": "seguidor", "id": "TK0753", "tipo": "completo", "axis_azimuth": 0, "punto": "eje de unidad (no el motor)", "ncu": 11, "gw": 11, "axis_tilt": 0, "max_angle": 55, "backtrack": true, "gcr": 0.397, "cross_axis_tilt": 0}}, {"type": "Feature", "geometry": {"type": "Point", "coordinates": [14.8938521, 37.3681609]}, "properties": {"rol": "seguidor", "id": "TK0754", "tipo": "completo", "axis_azimuth": 0, "punto": "eje de unidad (no el motor)", "ncu": 11, "gw": 11, "axis_tilt": 0, "max_angle": 55, "backtrack": true, "gcr": 0.397, "cross_axis_tilt": 0}}, {"type": "Feature", "geometry": {"type": "Point", "coordinates": [14.8939705, 37.368161]}, "properties": {"rol": "seguidor", "id": "TK0755", "tipo": "completo", "axis_azimuth": 0, "punto": "eje de unidad (no el motor)", "ncu": 11, "gw": 11, "axis_tilt": 0, "max_angle": 55, "backtrack": true, "gcr": 0.397, "cross_axis_tilt": 0}}, {"type": "Feature", "geometry": {"type": "Point", "coordinates": [14.8940888, 37.3681611]}, "properties": {"rol": "seguidor", "id": "TK0756", "tipo": "completo", "axis_azimuth": 0, "punto": "eje de unidad (no el motor)", "ncu": 11, "gw": 11, "axis_tilt": 0, "max_angle": 55, "backtrack": true, "gcr": 0.397, "cross_axis_tilt": 0}}, {"type": "Feature", "geometry": {"type": "Point", "coordinates": [14.8942072, 37.3681612]}, "properties": {"rol": "seguidor", "id": "TK0757", "tipo": "completo", "axis_azimuth": 0, "punto": "eje de unidad (no el motor)", "ncu": 11, "gw": 11, "axis_tilt": 0, "max_angle": 55, "backtrack": true, "gcr": 0.397, "cross_axis_tilt": 0}}, {"type": "Feature", "geometry": {"type": "Point", "coordinates": [14.8943255, 37.3681613]}, "properties": {"rol": "seguidor", "id": "TK0758", "tipo": "completo", "axis_azimuth": 0, "punto": "eje de unidad (no el motor)", "ncu": 11, "gw": 11, "axis_tilt": 0, "max_angle": 55, "backtrack": true, "gcr": 0.397, "cross_axis_tilt": 0}}, {"type": "Feature", "geometry": {"type": "Point", "coordinates": [14.8917199, 37.3694147]}, "properties": {"rol": "seguidor", "id": "TK0759", "tipo": "completo", "axis_azimuth": 0, "punto": "eje de unidad (no el motor)", "ncu": 11, "gw": 11, "axis_tilt": 0, "max_angle": 55, "backtrack": true, "gcr": 0.397, "cross_axis_tilt": 0}}, {"type": "Feature", "geometry": {"type": "Point", "coordinates": [14.8918382, 37.3694148]}, "properties": {"rol": "seguidor", "id": "TK0760", "tipo": "completo", "axis_azimuth": 0, "punto": "eje de unidad (no el motor)", "ncu": 11, "gw": 11, "axis_tilt": 0, "max_angle": 55, "backtrack": true, "gcr": 0.397, "cross_axis_tilt": 0}}, {"type": "Feature", "geometry": {"type": "Point", "coordinates": [14.8919566, 37.3694149]}, "properties": {"rol": "seguidor", "id": "TK0761", "tipo": "completo", "axis_azimuth": 0, "punto": "eje de unidad (no el motor)", "ncu": 11, "gw": 11, "axis_tilt": 0, "max_angle": 55, "backtrack": true, "gcr": 0.397, "cross_axis_tilt": 0}}, {"type": "Feature", "geometry": {"type": "Point", "coordinates": [14.8913663, 37.3683818]}, "properties": {"rol": "seguidor", "id": "TK0762", "tipo": "completo", "axis_azimuth": 0, "punto": "eje de unidad (no el motor)", "ncu": 11, "gw": 11, "axis_tilt": 0, "max_angle": 55, "backtrack": true, "gcr": 0.397, "cross_axis_tilt": 0}}, {"type": "Feature", "geometry": {"type": "Point", "coordinates": [14.8946818, 37.3660761]}, "properties": {"rol": "seguidor", "id": "TK0763", "tipo": "completo", "axis_azimuth": 0, "punto": "eje de unidad (no el motor)", "ncu": 11, "gw": 11, "axis_tilt": 0, "max_angle": 55, "backtrack": true, "gcr": 0.397, "cross_axis_tilt": 0}}, {"type": "Feature", "geometry": {"type": "Point", "coordinates": [14.8948002, 37.3660762]}, "properties": {"rol": "seguidor", "id": "TK0764", "tipo": "completo", "axis_azimuth": 0, "punto": "eje de unidad (no el motor)", "ncu": 11, "gw": 11, "axis_tilt": 0, "max_angle": 55, "backtrack": true, "gcr": 0.397, "cross_axis_tilt": 0}}, {"type": "Feature", "geometry": {"type": "Point", "coordinates": [14.8949185, 37.3660763]}, "properties": {"rol": "seguidor", "id": "TK0765", "tipo": "completo", "axis_azimuth": 0, "punto": "eje de unidad (no el motor)", "ncu": 11, "gw": 11, "axis_tilt": 0, "max_angle": 55, "backtrack": true, "gcr": 0.397, "cross_axis_tilt": 0}}, {"type": "Feature", "geometry": {"type": "Point", "coordinates": [14.8950369, 37.3660765]}, "properties": {"rol": "seguidor", "id": "TK0766", "tipo": "completo", "axis_azimuth": 0, "punto": "eje de unidad (no el motor)", "ncu": 12, "gw": 12, "axis_tilt": 0, "max_angle": 55, "backtrack": true, "gcr": 0.397, "cross_axis_tilt": 0}}, {"type": "Feature", "geometry": {"type": "Point", "coordinates": [14.8951552, 37.3660766]}, "properties": {"rol": "seguidor", "id": "TK0767", "tipo": "completo", "axis_azimuth": 0, "punto": "eje de unidad (no el motor)", "ncu": 12, "gw": 12, "axis_tilt": 0, "max_angle": 55, "backtrack": true, "gcr": 0.397, "cross_axis_tilt": 0}}, {"type": "Feature", "geometry": {"type": "Point", "coordinates": [14.8952736, 37.3660767]}, "properties": {"rol": "seguidor", "id": "TK0768", "tipo": "completo", "axis_azimuth": 0, "punto": "eje de unidad (no el motor)", "ncu": 12, "gw": 12, "axis_tilt": 0, "max_angle": 55, "backtrack": true, "gcr": 0.397, "cross_axis_tilt": 0}}, {"type": "Feature", "geometry": {"type": "Point", "coordinates": [14.8953919, 37.3660768]}, "properties": {"rol": "seguidor", "id": "TK0769", "tipo": "completo", "axis_azimuth": 0, "punto": "eje de unidad (no el motor)", "ncu": 12, "gw": 12, "axis_tilt": 0, "max_angle": 55, "backtrack": true, "gcr": 0.397, "cross_axis_tilt": 0}}, {"type": "Feature", "geometry": {"type": "Point", "coordinates": [14.8955103, 37.3660769]}, "properties": {"rol": "seguidor", "id": "TK0770", "tipo": "completo", "axis_azimuth": 0, "punto": "eje de unidad (no el motor)", "ncu": 12, "gw": 12, "axis_tilt": 0, "max_angle": 55, "backtrack": true, "gcr": 0.397, "cross_axis_tilt": 0}}, {"type": "Feature", "geometry": {"type": "Point", "coordinates": [14.8956287, 37.366077]}, "properties": {"rol": "seguidor", "id": "TK0771", "tipo": "completo", "axis_azimuth": 0, "punto": "eje de unidad (no el motor)", "ncu": 12, "gw": 12, "axis_tilt": 0, "max_angle": 55, "backtrack": true, "gcr": 0.397, "cross_axis_tilt": 0}}, {"type": "Feature", "geometry": {"type": "Point", "coordinates": [14.895747, 37.3660771]}, "properties": {"rol": "seguidor", "id": "TK0772", "tipo": "completo", "axis_azimuth": 0, "punto": "eje de unidad (no el motor)", "ncu": 12, "gw": 12, "axis_tilt": 0, "max_angle": 55, "backtrack": true, "gcr": 0.397, "cross_axis_tilt": 0}}, {"type": "Feature", "geometry": {"type": "Point", "coordinates": [14.8958654, 37.3660772]}, "properties": {"rol": "seguidor", "id": "TK0773", "tipo": "completo", "axis_azimuth": 0, "punto": "eje de unidad (no el motor)", "ncu": 12, "gw": 12, "axis_tilt": 0, "max_angle": 55, "backtrack": true, "gcr": 0.397, "cross_axis_tilt": 0}}, {"type": "Feature", "geometry": {"type": "Point", "coordinates": [14.8959837, 37.3660773]}, "properties": {"rol": "seguidor", "id": "TK0774", "tipo": "completo", "axis_azimuth": 0, "punto": "eje de unidad (no el motor)", "ncu": 12, "gw": 12, "axis_tilt": 0, "max_angle": 55, "backtrack": true, "gcr": 0.397, "cross_axis_tilt": 0}}, {"type": "Feature", "geometry": {"type": "Point", "coordinates": [14.8961021, 37.3660774]}, "properties": {"rol": "seguidor", "id": "TK0775", "tipo": "completo", "axis_azimuth": 0, "punto": "eje de unidad (no el motor)", "ncu": 12, "gw": 12, "axis_tilt": 0, "max_angle": 55, "backtrack": true, "gcr": 0.397, "cross_axis_tilt": 0}}, {"type": "Feature", "geometry": {"type": "Point", "coordinates": [14.8962204, 37.3660775]}, "properties": {"rol": "seguidor", "id": "TK0776", "tipo": "completo", "axis_azimuth": 0, "punto": "eje de unidad (no el motor)", "ncu": 12, "gw": 12, "axis_tilt": 0, "max_angle": 55, "backtrack": true, "gcr": 0.397, "cross_axis_tilt": 0}}, {"type": "Feature", "geometry": {"type": "Point", "coordinates": [14.8963388, 37.3660776]}, "properties": {"rol": "seguidor", "id": "TK0777", "tipo": "completo", "axis_azimuth": 0, "punto": "eje de unidad (no el motor)", "ncu": 12, "gw": 12, "axis_tilt": 0, "max_angle": 55, "backtrack": true, "gcr": 0.397, "cross_axis_tilt": 0}}, {"type": "Feature", "geometry": {"type": "Point", "coordinates": [14.8964571, 37.3660777]}, "properties": {"rol": "seguidor", "id": "TK0778", "tipo": "completo", "axis_azimuth": 0, "punto": "eje de unidad (no el motor)", "ncu": 12, "gw": 12, "axis_tilt": 0, "max_angle": 55, "backtrack": true, "gcr": 0.397, "cross_axis_tilt": 0}}, {"type": "Feature", "geometry": {"type": "Point", "coordinates": [14.8965755, 37.3660778]}, "properties": {"rol": "seguidor", "id": "TK0779", "tipo": "completo", "axis_azimuth": 0, "punto": "eje de unidad (no el motor)", "ncu": 12, "gw": 12, "axis_tilt": 0, "max_angle": 55, "backtrack": true, "gcr": 0.397, "cross_axis_tilt": 0}}, {"type": "Feature", "geometry": {"type": "Point", "coordinates": [14.8966938, 37.3660779]}, "properties": {"rol": "seguidor", "id": "TK0780", "tipo": "completo", "axis_azimuth": 0, "punto": "eje de unidad (no el motor)", "ncu": 12, "gw": 12, "axis_tilt": 0, "max_angle": 55, "backtrack": true, "gcr": 0.397, "cross_axis_tilt": 0}}, {"type": "Feature", "geometry": {"type": "Point", "coordinates": [14.8968122, 37.366078]}, "properties": {"rol": "seguidor", "id": "TK0781", "tipo": "completo", "axis_azimuth": 0, "punto": "eje de unidad (no el motor)", "ncu": 12, "gw": 12, "axis_tilt": 0, "max_angle": 55, "backtrack": true, "gcr": 0.397, "cross_axis_tilt": 0}}, {"type": "Feature", "geometry": {"type": "Point", "coordinates": [14.8969306, 37.3660781]}, "properties": {"rol": "seguidor", "id": "TK0782", "tipo": "completo", "axis_azimuth": 0, "punto": "eje de unidad (no el motor)", "ncu": 12, "gw": 12, "axis_tilt": 0, "max_angle": 55, "backtrack": true, "gcr": 0.397, "cross_axis_tilt": 0}}, {"type": "Feature", "geometry": {"type": "Point", "coordinates": [14.8970489, 37.3660782]}, "properties": {"rol": "seguidor", "id": "TK0783", "tipo": "completo", "axis_azimuth": 0, "punto": "eje de unidad (no el motor)", "ncu": 12, "gw": 12, "axis_tilt": 0, "max_angle": 55, "backtrack": true, "gcr": 0.397, "cross_axis_tilt": 0}}, {"type": "Feature", "geometry": {"type": "Point", "coordinates": [14.8971673, 37.3660783]}, "properties": {"rol": "seguidor", "id": "TK0784", "tipo": "completo", "axis_azimuth": 0, "punto": "eje de unidad (no el motor)", "ncu": 12, "gw": 12, "axis_tilt": 0, "max_angle": 55, "backtrack": true, "gcr": 0.397, "cross_axis_tilt": 0}}, {"type": "Feature", "geometry": {"type": "Point", "coordinates": [14.8972856, 37.3660784]}, "properties": {"rol": "seguidor", "id": "TK0785", "tipo": "completo", "axis_azimuth": 0, "punto": "eje de unidad (no el motor)", "ncu": 12, "gw": 12, "axis_tilt": 0, "max_angle": 55, "backtrack": true, "gcr": 0.397, "cross_axis_tilt": 0}}, {"type": "Feature", "geometry": {"type": "Point", "coordinates": [14.897404, 37.3660785]}, "properties": {"rol": "seguidor", "id": "TK0786", "tipo": "completo", "axis_azimuth": 0, "punto": "eje de unidad (no el motor)", "ncu": 12, "gw": 12, "axis_tilt": 0, "max_angle": 55, "backtrack": true, "gcr": 0.397, "cross_axis_tilt": 0}}, {"type": "Feature", "geometry": {"type": "Point", "coordinates": [14.8975223, 37.3660786]}, "properties": {"rol": "seguidor", "id": "TK0787", "tipo": "completo", "axis_azimuth": 0, "punto": "eje de unidad (no el motor)", "ncu": 12, "gw": 12, "axis_tilt": 0, "max_angle": 55, "backtrack": true, "gcr": 0.397, "cross_axis_tilt": 0}}, {"type": "Feature", "geometry": {"type": "Point", "coordinates": [14.8976407, 37.3660787]}, "properties": {"rol": "seguidor", "id": "TK0788", "tipo": "completo", "axis_azimuth": 0, "punto": "eje de unidad (no el motor)", "ncu": 12, "gw": 12, "axis_tilt": 0, "max_angle": 55, "backtrack": true, "gcr": 0.397, "cross_axis_tilt": 0}}, {"type": "Feature", "geometry": {"type": "Point", "coordinates": [14.897759, 37.3660788]}, "properties": {"rol": "seguidor", "id": "TK0789", "tipo": "completo", "axis_azimuth": 0, "punto": "eje de unidad (no el motor)", "ncu": 12, "gw": 12, "axis_tilt": 0, "max_angle": 55, "backtrack": true, "gcr": 0.397, "cross_axis_tilt": 0}}, {"type": "Feature", "geometry": {"type": "Point", "coordinates": [14.8978774, 37.3660789]}, "properties": {"rol": "seguidor", "id": "TK0790", "tipo": "completo", "axis_azimuth": 0, "punto": "eje de unidad (no el motor)", "ncu": 12, "gw": 12, "axis_tilt": 0, "max_angle": 55, "backtrack": true, "gcr": 0.397, "cross_axis_tilt": 0}}, {"type": "Feature", "geometry": {"type": "Point", "coordinates": [14.8979957, 37.366079]}, "properties": {"rol": "seguidor", "id": "TK0791", "tipo": "completo", "axis_azimuth": 0, "punto": "eje de unidad (no el motor)", "ncu": 12, "gw": 12, "axis_tilt": 0, "max_angle": 55, "backtrack": true, "gcr": 0.397, "cross_axis_tilt": 0}}, {"type": "Feature", "geometry": {"type": "Point", "coordinates": [14.8981141, 37.3660791]}, "properties": {"rol": "seguidor", "id": "TK0792", "tipo": "completo", "axis_azimuth": 0, "punto": "eje de unidad (no el motor)", "ncu": 12, "gw": 12, "axis_tilt": 0, "max_angle": 55, "backtrack": true, "gcr": 0.397, "cross_axis_tilt": 0}}, {"type": "Feature", "geometry": {"type": "Point", "coordinates": [14.8982324, 37.3660792]}, "properties": {"rol": "seguidor", "id": "TK0793", "tipo": "completo", "axis_azimuth": 0, "punto": "eje de unidad (no el motor)", "ncu": 12, "gw": 12, "axis_tilt": 0, "max_angle": 55, "backtrack": true, "gcr": 0.397, "cross_axis_tilt": 0}}, {"type": "Feature", "geometry": {"type": "Point", "coordinates": [14.8983508, 37.3660793]}, "properties": {"rol": "seguidor", "id": "TK0794", "tipo": "completo", "axis_azimuth": 0, "punto": "eje de unidad (no el motor)", "ncu": 12, "gw": 12, "axis_tilt": 0, "max_angle": 55, "backtrack": true, "gcr": 0.397, "cross_axis_tilt": 0}}, {"type": "Feature", "geometry": {"type": "Point", "coordinates": [14.8984692, 37.3660794]}, "properties": {"rol": "seguidor", "id": "TK0795", "tipo": "completo", "axis_azimuth": 0, "punto": "eje de unidad (no el motor)", "ncu": 12, "gw": 12, "axis_tilt": 0, "max_angle": 55, "backtrack": true, "gcr": 0.397, "cross_axis_tilt": 0}}, {"type": "Feature", "geometry": {"type": "Point", "coordinates": [14.8985875, 37.3660795]}, "properties": {"rol": "seguidor", "id": "TK0796", "tipo": "completo", "axis_azimuth": 0, "punto": "eje de unidad (no el motor)", "ncu": 12, "gw": 12, "axis_tilt": 0, "max_angle": 55, "backtrack": true, "gcr": 0.397, "cross_axis_tilt": 0}}, {"type": "Feature", "geometry": {"type": "Point", "coordinates": [14.8987059, 37.3660797]}, "properties": {"rol": "seguidor", "id": "TK0797", "tipo": "completo", "axis_azimuth": 0, "punto": "eje de unidad (no el motor)", "ncu": 12, "gw": 12, "axis_tilt": 0, "max_angle": 55, "backtrack": true, "gcr": 0.397, "cross_axis_tilt": 0}}, {"type": "Feature", "geometry": {"type": "Point", "coordinates": [14.8988242, 37.3660798]}, "properties": {"rol": "seguidor", "id": "TK0798", "tipo": "completo", "axis_azimuth": 0, "punto": "eje de unidad (no el motor)", "ncu": 12, "gw": 12, "axis_tilt": 0, "max_angle": 55, "backtrack": true, "gcr": 0.397, "cross_axis_tilt": 0}}, {"type": "Feature", "geometry": {"type": "Point", "coordinates": [14.8990609, 37.36608]}, "properties": {"rol": "seguidor", "id": "TK0799", "tipo": "completo", "axis_azimuth": 0, "punto": "eje de unidad (no el motor)", "ncu": 12, "gw": 12, "axis_tilt": 0, "max_angle": 55, "backtrack": true, "gcr": 0.397, "cross_axis_tilt": 0}}, {"type": "Feature", "geometry": {"type": "Point", "coordinates": [14.8991793, 37.3660801]}, "properties": {"rol": "seguidor", "id": "TK0800", "tipo": "completo", "axis_azimuth": 0, "punto": "eje de unidad (no el motor)", "ncu": 12, "gw": 12, "axis_tilt": 0, "max_angle": 55, "backtrack": true, "gcr": 0.397, "cross_axis_tilt": 0}}, {"type": "Feature", "geometry": {"type": "Point", "coordinates": [14.8992976, 37.3660802]}, "properties": {"rol": "seguidor", "id": "TK0801", "tipo": "completo", "axis_azimuth": 0, "punto": "eje de unidad (no el motor)", "ncu": 12, "gw": 12, "axis_tilt": 0, "max_angle": 55, "backtrack": true, "gcr": 0.397, "cross_axis_tilt": 0}}, {"type": "Feature", "geometry": {"type": "Point", "coordinates": [14.899416, 37.3660803]}, "properties": {"rol": "seguidor", "id": "TK0802", "tipo": "completo", "axis_azimuth": 0, "punto": "eje de unidad (no el motor)", "ncu": 12, "gw": 12, "axis_tilt": 0, "max_angle": 55, "backtrack": true, "gcr": 0.397, "cross_axis_tilt": 0}}, {"type": "Feature", "geometry": {"type": "Point", "coordinates": [14.8995343, 37.3660804]}, "properties": {"rol": "seguidor", "id": "TK0803", "tipo": "completo", "axis_azimuth": 0, "punto": "eje de unidad (no el motor)", "ncu": 12, "gw": 12, "axis_tilt": 0, "max_angle": 55, "backtrack": true, "gcr": 0.397, "cross_axis_tilt": 0}}, {"type": "Feature", "geometry": {"type": "Point", "coordinates": [14.8996527, 37.3660805]}, "properties": {"rol": "seguidor", "id": "TK0804", "tipo": "completo", "axis_azimuth": 0, "punto": "eje de unidad (no el motor)", "ncu": 12, "gw": 12, "axis_tilt": 0, "max_angle": 55, "backtrack": true, "gcr": 0.397, "cross_axis_tilt": 0}}, {"type": "Feature", "geometry": {"type": "Point", "coordinates": [14.8997711, 37.3660806]}, "properties": {"rol": "seguidor", "id": "TK0805", "tipo": "completo", "axis_azimuth": 0, "punto": "eje de unidad (no el motor)", "ncu": 12, "gw": 12, "axis_tilt": 0, "max_angle": 55, "backtrack": true, "gcr": 0.397, "cross_axis_tilt": 0}}, {"type": "Feature", "geometry": {"type": "Point", "coordinates": [14.8983517, 37.3654267]}, "properties": {"rol": "seguidor", "id": "TK0806", "tipo": "completo", "axis_azimuth": 0, "punto": "eje de unidad (no el motor)", "ncu": 12, "gw": 12, "axis_tilt": 0, "max_angle": 55, "backtrack": true, "gcr": 0.397, "cross_axis_tilt": 0}}, {"type": "Feature", "geometry": {"type": "Point", "coordinates": [14.89847, 37.3654268]}, "properties": {"rol": "seguidor", "id": "TK0807", "tipo": "completo", "axis_azimuth": 0, "punto": "eje de unidad (no el motor)", "ncu": 12, "gw": 12, "axis_tilt": 0, "max_angle": 55, "backtrack": true, "gcr": 0.397, "cross_axis_tilt": 0}}, {"type": "Feature", "geometry": {"type": "Point", "coordinates": [14.8985884, 37.3654269]}, "properties": {"rol": "seguidor", "id": "TK0808", "tipo": "completo", "axis_azimuth": 0, "punto": "eje de unidad (no el motor)", "ncu": 12, "gw": 12, "axis_tilt": 0, "max_angle": 55, "backtrack": true, "gcr": 0.397, "cross_axis_tilt": 0}}, {"type": "Feature", "geometry": {"type": "Point", "coordinates": [14.8987067, 37.365427]}, "properties": {"rol": "seguidor", "id": "TK0809", "tipo": "completo", "axis_azimuth": 0, "punto": "eje de unidad (no el motor)", "ncu": 12, "gw": 12, "axis_tilt": 0, "max_angle": 55, "backtrack": true, "gcr": 0.397, "cross_axis_tilt": 0}}, {"type": "Feature", "geometry": {"type": "Point", "coordinates": [14.8988251, 37.3654271]}, "properties": {"rol": "seguidor", "id": "TK0810", "tipo": "completo", "axis_azimuth": 0, "punto": "eje de unidad (no el motor)", "ncu": 12, "gw": 12, "axis_tilt": 0, "max_angle": 55, "backtrack": true, "gcr": 0.397, "cross_axis_tilt": 0}}, {"type": "Feature", "geometry": {"type": "Point", "coordinates": [14.8989434, 37.3654272]}, "properties": {"rol": "seguidor", "id": "TK0811", "tipo": "completo", "axis_azimuth": 0, "punto": "eje de unidad (no el motor)", "ncu": 12, "gw": 12, "axis_tilt": 0, "max_angle": 55, "backtrack": true, "gcr": 0.397, "cross_axis_tilt": 0}}, {"type": "Feature", "geometry": {"type": "Point", "coordinates": [14.8990618, 37.3654273]}, "properties": {"rol": "seguidor", "id": "TK0812", "tipo": "completo", "axis_azimuth": 0, "punto": "eje de unidad (no el motor)", "ncu": 12, "gw": 12, "axis_tilt": 0, "max_angle": 55, "backtrack": true, "gcr": 0.397, "cross_axis_tilt": 0}}, {"type": "Feature", "geometry": {"type": "Point", "coordinates": [14.8991802, 37.3654274]}, "properties": {"rol": "seguidor", "id": "TK0813", "tipo": "completo", "axis_azimuth": 0, "punto": "eje de unidad (no el motor)", "ncu": 12, "gw": 12, "axis_tilt": 0, "max_angle": 55, "backtrack": true, "gcr": 0.397, "cross_axis_tilt": 0}}, {"type": "Feature", "geometry": {"type": "Point", "coordinates": [14.8992985, 37.3654275]}, "properties": {"rol": "seguidor", "id": "TK0814", "tipo": "completo", "axis_azimuth": 0, "punto": "eje de unidad (no el motor)", "ncu": 12, "gw": 12, "axis_tilt": 0, "max_angle": 55, "backtrack": true, "gcr": 0.397, "cross_axis_tilt": 0}}, {"type": "Feature", "geometry": {"type": "Point", "coordinates": [14.8994169, 37.3654276]}, "properties": {"rol": "seguidor", "id": "TK0815", "tipo": "completo", "axis_azimuth": 0, "punto": "eje de unidad (no el motor)", "ncu": 12, "gw": 12, "axis_tilt": 0, "max_angle": 55, "backtrack": true, "gcr": 0.397, "cross_axis_tilt": 0}}, {"type": "Feature", "geometry": {"type": "Point", "coordinates": [14.8995352, 37.3654277]}, "properties": {"rol": "seguidor", "id": "TK0816", "tipo": "completo", "axis_azimuth": 0, "punto": "eje de unidad (no el motor)", "ncu": 12, "gw": 12, "axis_tilt": 0, "max_angle": 55, "backtrack": true, "gcr": 0.397, "cross_axis_tilt": 0}}, {"type": "Feature", "geometry": {"type": "Point", "coordinates": [14.8996536, 37.3654278]}, "properties": {"rol": "seguidor", "id": "TK0817", "tipo": "completo", "axis_azimuth": 0, "punto": "eje de unidad (no el motor)", "ncu": 12, "gw": 12, "axis_tilt": 0, "max_angle": 55, "backtrack": true, "gcr": 0.397, "cross_axis_tilt": 0}}, {"type": "Feature", "geometry": {"type": "Point", "coordinates": [14.8997719, 37.3654279]}, "properties": {"rol": "seguidor", "id": "TK0818", "tipo": "completo", "axis_azimuth": 0, "punto": "eje de unidad (no el motor)", "ncu": 12, "gw": 12, "axis_tilt": 0, "max_angle": 55, "backtrack": true, "gcr": 0.397, "cross_axis_tilt": 0}}, {"type": "Feature", "geometry": {"type": "Point", "coordinates": [14.8998903, 37.365428]}, "properties": {"rol": "seguidor", "id": "TK0819", "tipo": "completo", "axis_azimuth": 0, "punto": "eje de unidad (no el motor)", "ncu": 12, "gw": 12, "axis_tilt": 0, "max_angle": 55, "backtrack": true, "gcr": 0.397, "cross_axis_tilt": 0}}, {"type": "Feature", "geometry": {"type": "Point", "coordinates": [14.9000086, 37.3654281]}, "properties": {"rol": "seguidor", "id": "TK0820", "tipo": "completo", "axis_azimuth": 0, "punto": "eje de unidad (no el motor)", "ncu": 12, "gw": 12, "axis_tilt": 0, "max_angle": 55, "backtrack": true, "gcr": 0.397, "cross_axis_tilt": 0}}, {"type": "Feature", "geometry": {"type": "Point", "coordinates": [14.900127, 37.3654282]}, "properties": {"rol": "seguidor", "id": "TK0821", "tipo": "completo", "axis_azimuth": 0, "punto": "eje de unidad (no el motor)", "ncu": 12, "gw": 12, "axis_tilt": 0, "max_angle": 55, "backtrack": true, "gcr": 0.397, "cross_axis_tilt": 0}}, {"type": "Feature", "geometry": {"type": "Point", "coordinates": [14.9002453, 37.3654283]}, "properties": {"rol": "seguidor", "id": "TK0822", "tipo": "completo", "axis_azimuth": 0, "punto": "eje de unidad (no el motor)", "ncu": 12, "gw": 12, "axis_tilt": 0, "max_angle": 55, "backtrack": true, "gcr": 0.397, "cross_axis_tilt": 0}}, {"type": "Feature", "geometry": {"type": "Point", "coordinates": [14.9003637, 37.3654284]}, "properties": {"rol": "seguidor", "id": "TK0823", "tipo": "completo", "axis_azimuth": 0, "punto": "eje de unidad (no el motor)", "ncu": 12, "gw": 12, "axis_tilt": 0, "max_angle": 55, "backtrack": true, "gcr": 0.397, "cross_axis_tilt": 0}}, {"type": "Feature", "geometry": {"type": "Point", "coordinates": [14.8919585, 37.3660704]}, "properties": {"rol": "seguidor", "id": "TK0824", "tipo": "completo", "axis_azimuth": 0, "punto": "eje de unidad (no el motor)", "ncu": 11, "gw": 11, "axis_tilt": 0, "max_angle": 55, "backtrack": true, "gcr": 0.397, "cross_axis_tilt": 0}}, {"type": "Feature", "geometry": {"type": "Point", "coordinates": [14.8924315, 37.3663581]}, "properties": {"rol": "seguidor", "id": "TK0825", "tipo": "completo", "axis_azimuth": 0, "punto": "eje de unidad (no el motor)", "ncu": 11, "gw": 11, "axis_tilt": 0, "max_angle": 55, "backtrack": true, "gcr": 0.397, "cross_axis_tilt": 0}}, {"type": "Feature", "geometry": {"type": "Point", "coordinates": [14.89255, 37.3662725]}, "properties": {"rol": "seguidor", "id": "TK0826", "tipo": "completo", "axis_azimuth": 0, "punto": "eje de unidad (no el motor)", "ncu": 11, "gw": 11, "axis_tilt": 0, "max_angle": 55, "backtrack": true, "gcr": 0.397, "cross_axis_tilt": 0}}, {"type": "Feature", "geometry": {"type": "Point", "coordinates": [14.8926684, 37.3661869]}, "properties": {"rol": "seguidor", "id": "TK0827", "tipo": "completo", "axis_azimuth": 0, "punto": "eje de unidad (no el motor)", "ncu": 11, "gw": 11, "axis_tilt": 0, "max_angle": 55, "backtrack": true, "gcr": 0.397, "cross_axis_tilt": 0}}, {"type": "Feature", "geometry": {"type": "Point", "coordinates": [14.8927869, 37.3661013]}, "properties": {"rol": "seguidor", "id": "TK0828", "tipo": "completo", "axis_azimuth": 0, "punto": "eje de unidad (no el motor)", "ncu": 11, "gw": 11, "axis_tilt": 0, "max_angle": 55, "backtrack": true, "gcr": 0.397, "cross_axis_tilt": 0}}, {"type": "Feature", "geometry": {"type": "Point", "coordinates": [14.8929054, 37.3660158]}, "properties": {"rol": "seguidor", "id": "TK0829", "tipo": "completo", "axis_azimuth": 0, "punto": "eje de unidad (no el motor)", "ncu": 11, "gw": 11, "axis_tilt": 0, "max_angle": 55, "backtrack": true, "gcr": 0.397, "cross_axis_tilt": 0}}, {"type": "Feature", "geometry": {"type": "Point", "coordinates": [14.8916045, 37.3653418]}, "properties": {"rol": "seguidor", "id": "TK0830", "tipo": "completo", "axis_azimuth": 0, "punto": "eje de unidad (no el motor)", "ncu": 11, "gw": 11, "axis_tilt": 0, "max_angle": 55, "backtrack": true, "gcr": 0.397, "cross_axis_tilt": 0}}, {"type": "Feature", "geometry": {"type": "Point", "coordinates": [14.8917227, 37.3654175]}, "properties": {"rol": "seguidor", "id": "TK0831", "tipo": "completo", "axis_azimuth": 0, "punto": "eje de unidad (no el motor)", "ncu": 11, "gw": 11, "axis_tilt": 0, "max_angle": 55, "backtrack": true, "gcr": 0.397, "cross_axis_tilt": 0}}, {"type": "Feature", "geometry": {"type": "Point", "coordinates": [14.8918415, 37.3650861]}, "properties": {"rol": "seguidor", "id": "TK0832", "tipo": "completo", "axis_azimuth": 0, "punto": "eje de unidad (no el motor)", "ncu": 11, "gw": 11, "axis_tilt": 0, "max_angle": 55, "backtrack": true, "gcr": 0.397, "cross_axis_tilt": 0}}, {"type": "Feature", "geometry": {"type": "Point", "coordinates": [14.8919594, 37.3654178]}, "properties": {"rol": "seguidor", "id": "TK0833", "tipo": "completo", "axis_azimuth": 0, "punto": "eje de unidad (no el motor)", "ncu": 11, "gw": 11, "axis_tilt": 0, "max_angle": 55, "backtrack": true, "gcr": 0.397, "cross_axis_tilt": 0}}, {"type": "Feature", "geometry": {"type": "Point", "coordinates": [14.8924324, 37.3657054]}, "properties": {"rol": "seguidor", "id": "TK0834", "tipo": "completo", "axis_azimuth": 0, "punto": "eje de unidad (no el motor)", "ncu": 11, "gw": 11, "axis_tilt": 0, "max_angle": 55, "backtrack": true, "gcr": 0.397, "cross_axis_tilt": 0}}, {"type": "Feature", "geometry": {"type": "Point", "coordinates": [14.8925509, 37.3656198]}, "properties": {"rol": "seguidor", "id": "TK0835", "tipo": "completo", "axis_azimuth": 0, "punto": "eje de unidad (no el motor)", "ncu": 11, "gw": 11, "axis_tilt": 0, "max_angle": 55, "backtrack": true, "gcr": 0.397, "cross_axis_tilt": 0}}, {"type": "Feature", "geometry": {"type": "Point", "coordinates": [14.8926694, 37.3655342]}, "properties": {"rol": "seguidor", "id": "TK0836", "tipo": "completo", "axis_azimuth": 0, "punto": "eje de unidad (no el motor)", "ncu": 11, "gw": 11, "axis_tilt": 0, "max_angle": 55, "backtrack": true, "gcr": 0.397, "cross_axis_tilt": 0}}, {"type": "Feature", "geometry": {"type": "Point", "coordinates": [14.8927879, 37.3654487]}, "properties": {"rol": "seguidor", "id": "TK0837", "tipo": "completo", "axis_azimuth": 0, "punto": "eje de unidad (no el motor)", "ncu": 11, "gw": 11, "axis_tilt": 0, "max_angle": 55, "backtrack": true, "gcr": 0.397, "cross_axis_tilt": 0}}, {"type": "Feature", "geometry": {"type": "Point", "coordinates": [14.8929063, 37.3653631]}, "properties": {"rol": "seguidor", "id": "TK0838", "tipo": "completo", "axis_azimuth": 0, "punto": "eje de unidad (no el motor)", "ncu": 11, "gw": 11, "axis_tilt": 0, "max_angle": 55, "backtrack": true, "gcr": 0.397, "cross_axis_tilt": 0}}, {"type": "Feature", "geometry": {"type": "Point", "coordinates": [14.8925518, 37.3649671]}, "properties": {"rol": "seguidor", "id": "TK0839", "tipo": "completo", "axis_azimuth": 0, "punto": "eje de unidad (no el motor)", "ncu": 11, "gw": 11, "axis_tilt": 0, "max_angle": 55, "backtrack": true, "gcr": 0.397, "cross_axis_tilt": 0}}, {"type": "Feature", "geometry": {"type": "Point", "coordinates": [14.8926703, 37.3648816]}, "properties": {"rol": "seguidor", "id": "TK0840", "tipo": "completo", "axis_azimuth": 0, "punto": "eje de unidad (no el motor)", "ncu": 11, "gw": 11, "axis_tilt": 0, "max_angle": 55, "backtrack": true, "gcr": 0.397, "cross_axis_tilt": 0}}, {"type": "Feature", "geometry": {"type": "Point", "coordinates": [14.8927888, 37.364796]}, "properties": {"rol": "seguidor", "id": "TK0841", "tipo": "completo", "axis_azimuth": 0, "punto": "eje de unidad (no el motor)", "ncu": 11, "gw": 11, "axis_tilt": 0, "max_angle": 55, "backtrack": true, "gcr": 0.397, "cross_axis_tilt": 0}}, {"type": "Feature", "geometry": {"type": "Point", "coordinates": [14.8929073, 37.3647104]}, "properties": {"rol": "seguidor", "id": "TK0842", "tipo": "completo", "axis_azimuth": 0, "punto": "eje de unidad (no el motor)", "ncu": 11, "gw": 11, "axis_tilt": 0, "max_angle": 55, "backtrack": true, "gcr": 0.397, "cross_axis_tilt": 0}}, {"type": "Feature", "geometry": {"type": "Point", "coordinates": [14.8930239, 37.3659302]}, "properties": {"rol": "seguidor", "id": "TK0843", "tipo": "completo", "axis_azimuth": 0, "punto": "eje de unidad (no el motor)", "ncu": 11, "gw": 11, "axis_tilt": 0, "max_angle": 55, "backtrack": true, "gcr": 0.397, "cross_axis_tilt": 0}}, {"type": "Feature", "geometry": {"type": "Point", "coordinates": [14.8931428, 37.365513]}, "properties": {"rol": "seguidor", "id": "TK0844", "tipo": "completo", "axis_azimuth": 0, "punto": "eje de unidad (no el motor)", "ncu": 11, "gw": 11, "axis_tilt": 0, "max_angle": 55, "backtrack": true, "gcr": 0.397, "cross_axis_tilt": 0}}, {"type": "Feature", "geometry": {"type": "Point", "coordinates": [14.8932608, 37.365759]}, "properties": {"rol": "seguidor", "id": "TK0845", "tipo": "completo", "axis_azimuth": 0, "punto": "eje de unidad (no el motor)", "ncu": 11, "gw": 11, "axis_tilt": 0, "max_angle": 55, "backtrack": true, "gcr": 0.397, "cross_axis_tilt": 0}}, {"type": "Feature", "geometry": {"type": "Point", "coordinates": [14.8945635, 37.366076]}, "properties": {"rol": "seguidor", "id": "TK0846", "tipo": "completo", "axis_azimuth": 0, "punto": "eje de unidad (no el motor)", "ncu": 11, "gw": 11, "axis_tilt": 0, "max_angle": 55, "backtrack": true, "gcr": 0.397, "cross_axis_tilt": 0}}, {"type": "Feature", "geometry": {"type": "Point", "coordinates": [14.8912775, 37.3710189]}, "properties": {"rol": "seguidor", "id": "TK0847", "tipo": "completo", "axis_azimuth": 0, "punto": "eje de unidad (no el motor)", "ncu": 8, "gw": 8, "axis_tilt": 0, "max_angle": 55, "backtrack": true, "gcr": 0.397, "cross_axis_tilt": 0}}, {"type": "Feature", "geometry": {"type": "Point", "coordinates": [14.8913958, 37.371019]}, "properties": {"rol": "seguidor", "id": "TK0848", "tipo": "completo", "axis_azimuth": 0, "punto": "eje de unidad (no el motor)", "ncu": 8, "gw": 8, "axis_tilt": 0, "max_angle": 55, "backtrack": true, "gcr": 0.397, "cross_axis_tilt": 0}}, {"type": "Feature", "geometry": {"type": "Point", "coordinates": [14.8915142, 37.3710191]}, "properties": {"rol": "seguidor", "id": "TK0849", "tipo": "completo", "axis_azimuth": 0, "punto": "eje de unidad (no el motor)", "ncu": 8, "gw": 8, "axis_tilt": 0, "max_angle": 55, "backtrack": true, "gcr": 0.397, "cross_axis_tilt": 0}}, {"type": "Feature", "geometry": {"type": "Point", "coordinates": [14.8916326, 37.3710192]}, "properties": {"rol": "seguidor", "id": "TK0850", "tipo": "completo", "axis_azimuth": 0, "punto": "eje de unidad (no el motor)", "ncu": 8, "gw": 8, "axis_tilt": 0, "max_angle": 55, "backtrack": true, "gcr": 0.397, "cross_axis_tilt": 0}}, {"type": "Feature", "geometry": {"type": "Point", "coordinates": [14.8917509, 37.3710194]}, "properties": {"rol": "seguidor", "id": "TK0851", "tipo": "completo", "axis_azimuth": 0, "punto": "eje de unidad (no el motor)", "ncu": 8, "gw": 8, "axis_tilt": 0, "max_angle": 55, "backtrack": true, "gcr": 0.397, "cross_axis_tilt": 0}}, {"type": "Feature", "geometry": {"type": "Point", "coordinates": [14.8918693, 37.3710195]}, "properties": {"rol": "seguidor", "id": "TK0852", "tipo": "completo", "axis_azimuth": 0, "punto": "eje de unidad (no el motor)", "ncu": 8, "gw": 8, "axis_tilt": 0, "max_angle": 55, "backtrack": true, "gcr": 0.397, "cross_axis_tilt": 0}}, {"type": "Feature", "geometry": {"type": "Point", "coordinates": [14.8919877, 37.3710196]}, "properties": {"rol": "seguidor", "id": "TK0853", "tipo": "completo", "axis_azimuth": 0, "punto": "eje de unidad (no el motor)", "ncu": 8, "gw": 8, "axis_tilt": 0, "max_angle": 55, "backtrack": true, "gcr": 0.397, "cross_axis_tilt": 0}}, {"type": "Feature", "geometry": {"type": "Point", "coordinates": [14.892106, 37.3710197]}, "properties": {"rol": "seguidor", "id": "TK0854", "tipo": "completo", "axis_azimuth": 0, "punto": "eje de unidad (no el motor)", "ncu": 8, "gw": 8, "axis_tilt": 0, "max_angle": 55, "backtrack": true, "gcr": 0.397, "cross_axis_tilt": 0}}, {"type": "Feature", "geometry": {"type": "Point", "coordinates": [14.8922244, 37.3710198]}, "properties": {"rol": "seguidor", "id": "TK0855", "tipo": "completo", "axis_azimuth": 0, "punto": "eje de unidad (no el motor)", "ncu": 8, "gw": 8, "axis_tilt": 0, "max_angle": 55, "backtrack": true, "gcr": 0.397, "cross_axis_tilt": 0}}, {"type": "Feature", "geometry": {"type": "Point", "coordinates": [14.8923426, 37.371101]}, "properties": {"rol": "seguidor", "id": "TK0856", "tipo": "completo", "axis_azimuth": 0, "punto": "eje de unidad (no el motor)", "ncu": 8, "gw": 8, "axis_tilt": 0, "max_angle": 55, "backtrack": true, "gcr": 0.397, "cross_axis_tilt": 0}}, {"type": "Feature", "geometry": {"type": "Point", "coordinates": [14.892461, 37.3711011]}, "properties": {"rol": "seguidor", "id": "TK0857", "tipo": "completo", "axis_azimuth": 0, "punto": "eje de unidad (no el motor)", "ncu": 8, "gw": 8, "axis_tilt": 0, "max_angle": 55, "backtrack": true, "gcr": 0.397, "cross_axis_tilt": 0}}, {"type": "Feature", "geometry": {"type": "Point", "coordinates": [14.8925794, 37.3711012]}, "properties": {"rol": "seguidor", "id": "TK0858", "tipo": "completo", "axis_azimuth": 0, "punto": "eje de unidad (no el motor)", "ncu": 8, "gw": 8, "axis_tilt": 0, "max_angle": 55, "backtrack": true, "gcr": 0.397, "cross_axis_tilt": 0}}, {"type": "Feature", "geometry": {"type": "Point", "coordinates": [14.8926977, 37.3711013]}, "properties": {"rol": "seguidor", "id": "TK0859", "tipo": "completo", "axis_azimuth": 0, "punto": "eje de unidad (no el motor)", "ncu": 8, "gw": 8, "axis_tilt": 0, "max_angle": 55, "backtrack": true, "gcr": 0.397, "cross_axis_tilt": 0}}, {"type": "Feature", "geometry": {"type": "Point", "coordinates": [14.8923436, 37.3704483]}, "properties": {"rol": "seguidor", "id": "TK0860", "tipo": "completo", "axis_azimuth": 0, "punto": "eje de unidad (no el motor)", "ncu": 8, "gw": 8, "axis_tilt": 0, "max_angle": 55, "backtrack": true, "gcr": 0.397, "cross_axis_tilt": 0}}, {"type": "Feature", "geometry": {"type": "Point", "coordinates": [14.8924619, 37.3704484]}, "properties": {"rol": "seguidor", "id": "TK0861", "tipo": "completo", "axis_azimuth": 0, "punto": "eje de unidad (no el motor)", "ncu": 8, "gw": 8, "axis_tilt": 0, "max_angle": 55, "backtrack": true, "gcr": 0.397, "cross_axis_tilt": 0}}, {"type": "Feature", "geometry": {"type": "Point", "coordinates": [14.8925803, 37.3704485]}, "properties": {"rol": "seguidor", "id": "TK0862", "tipo": "completo", "axis_azimuth": 0, "punto": "eje de unidad (no el motor)", "ncu": 8, "gw": 8, "axis_tilt": 0, "max_angle": 55, "backtrack": true, "gcr": 0.397, "cross_axis_tilt": 0}}, {"type": "Feature", "geometry": {"type": "Point", "coordinates": [14.8928161, 37.3711014]}, "properties": {"rol": "seguidor", "id": "TK0863", "tipo": "completo", "axis_azimuth": 0, "punto": "eje de unidad (no el motor)", "ncu": 8, "gw": 8, "axis_tilt": 0, "max_angle": 55, "backtrack": true, "gcr": 0.397, "cross_axis_tilt": 0}}, {"type": "Feature", "geometry": {"type": "Point", "coordinates": [14.8904438, 37.3733482]}, "properties": {"rol": "seguidor", "id": "TK0864", "tipo": "completo", "axis_azimuth": 0, "punto": "eje de unidad (no el motor)", "ncu": 7, "gw": 7, "axis_tilt": 0, "max_angle": 55, "backtrack": true, "gcr": 0.397, "cross_axis_tilt": 0}}, {"type": "Feature", "geometry": {"type": "Point", "coordinates": [14.8905621, 37.3733531]}, "properties": {"rol": "seguidor", "id": "TK0865", "tipo": "completo", "axis_azimuth": 0, "punto": "eje de unidad (no el motor)", "ncu": 7, "gw": 7, "axis_tilt": 0, "max_angle": 55, "backtrack": true, "gcr": 0.397, "cross_axis_tilt": 0}}, {"type": "Feature", "geometry": {"type": "Point", "coordinates": [14.8906795, 37.3740106]}, "properties": {"rol": "seguidor", "id": "TK0866", "tipo": "completo", "axis_azimuth": 0, "punto": "eje de unidad (no el motor)", "ncu": 7, "gw": 7, "axis_tilt": 0, "max_angle": 55, "backtrack": true, "gcr": 0.397, "cross_axis_tilt": 0}}, {"type": "Feature", "geometry": {"type": "Point", "coordinates": [14.8906805, 37.3733579]}, "properties": {"rol": "seguidor", "id": "TK0867", "tipo": "completo", "axis_azimuth": 0, "punto": "eje de unidad (no el motor)", "ncu": 7, "gw": 7, "axis_tilt": 0, "max_angle": 55, "backtrack": true, "gcr": 0.397, "cross_axis_tilt": 0}}, {"type": "Feature", "geometry": {"type": "Point", "coordinates": [14.8907979, 37.3740154]}, "properties": {"rol": "seguidor", "id": "TK0868", "tipo": "completo", "axis_azimuth": 0, "punto": "eje de unidad (no el motor)", "ncu": 7, "gw": 7, "axis_tilt": 0, "max_angle": 55, "backtrack": true, "gcr": 0.397, "cross_axis_tilt": 0}}, {"type": "Feature", "geometry": {"type": "Point", "coordinates": [14.8907988, 37.3733628]}, "properties": {"rol": "seguidor", "id": "TK0869", "tipo": "completo", "axis_azimuth": 0, "punto": "eje de unidad (no el motor)", "ncu": 7, "gw": 7, "axis_tilt": 0, "max_angle": 55, "backtrack": true, "gcr": 0.397, "cross_axis_tilt": 0}}, {"type": "Feature", "geometry": {"type": "Point", "coordinates": [14.8909163, 37.3740203]}, "properties": {"rol": "seguidor", "id": "TK0870", "tipo": "completo", "axis_azimuth": 0, "punto": "eje de unidad (no el motor)", "ncu": 7, "gw": 7, "axis_tilt": 0, "max_angle": 55, "backtrack": true, "gcr": 0.397, "cross_axis_tilt": 0}}, {"type": "Feature", "geometry": {"type": "Point", "coordinates": [14.8909172, 37.3733676]}, "properties": {"rol": "seguidor", "id": "TK0871", "tipo": "completo", "axis_azimuth": 0, "punto": "eje de unidad (no el motor)", "ncu": 7, "gw": 7, "axis_tilt": 0, "max_angle": 55, "backtrack": true, "gcr": 0.397, "cross_axis_tilt": 0}}, {"type": "Feature", "geometry": {"type": "Point", "coordinates": [14.8910356, 37.3733724]}, "properties": {"rol": "seguidor", "id": "TK0872", "tipo": "completo", "axis_azimuth": 0, "punto": "eje de unidad (no el motor)", "ncu": 7, "gw": 7, "axis_tilt": 0, "max_angle": 55, "backtrack": true, "gcr": 0.397, "cross_axis_tilt": 0}}, {"type": "Feature", "geometry": {"type": "Point", "coordinates": [14.8911539, 37.3733773]}, "properties": {"rol": "seguidor", "id": "TK0873", "tipo": "completo", "axis_azimuth": 0, "punto": "eje de unidad (no el motor)", "ncu": 7, "gw": 7, "axis_tilt": 0, "max_angle": 55, "backtrack": true, "gcr": 0.397, "cross_axis_tilt": 0}}, {"type": "Feature", "geometry": {"type": "Point", "coordinates": [14.8912723, 37.3733821]}, "properties": {"rol": "seguidor", "id": "TK0874", "tipo": "completo", "axis_azimuth": 0, "punto": "eje de unidad (no el motor)", "ncu": 7, "gw": 7, "axis_tilt": 0, "max_angle": 55, "backtrack": true, "gcr": 0.397, "cross_axis_tilt": 0}}, {"type": "Feature", "geometry": {"type": "Point", "coordinates": [14.8913906, 37.373387]}, "properties": {"rol": "seguidor", "id": "TK0875", "tipo": "completo", "axis_azimuth": 0, "punto": "eje de unidad (no el motor)", "ncu": 7, "gw": 7, "axis_tilt": 0, "max_angle": 55, "backtrack": true, "gcr": 0.397, "cross_axis_tilt": 0}}, {"type": "Feature", "geometry": {"type": "Point", "coordinates": [14.891509, 37.3733918]}, "properties": {"rol": "seguidor", "id": "TK0876", "tipo": "completo", "axis_azimuth": 0, "punto": "eje de unidad (no el motor)", "ncu": 7, "gw": 7, "axis_tilt": 0, "max_angle": 55, "backtrack": true, "gcr": 0.397, "cross_axis_tilt": 0}}, {"type": "Feature", "geometry": {"type": "Point", "coordinates": [14.8916274, 37.3733966]}, "properties": {"rol": "seguidor", "id": "TK0877", "tipo": "completo", "axis_azimuth": 0, "punto": "eje de unidad (no el motor)", "ncu": 7, "gw": 7, "axis_tilt": 0, "max_angle": 55, "backtrack": true, "gcr": 0.397, "cross_axis_tilt": 0}}, {"type": "Feature", "geometry": {"type": "Point", "coordinates": [14.8917456, 37.3734726]}, "properties": {"rol": "seguidor", "id": "TK0878", "tipo": "completo", "axis_azimuth": 0, "punto": "eje de unidad (no el motor)", "ncu": 7, "gw": 7, "axis_tilt": 0, "max_angle": 55, "backtrack": true, "gcr": 0.397, "cross_axis_tilt": 0}}, {"type": "Feature", "geometry": {"type": "Point", "coordinates": [14.8918636, 37.3737318]}, "properties": {"rol": "seguidor", "id": "TK0879", "tipo": "completo", "axis_azimuth": 0, "punto": "eje de unidad (no el motor)", "ncu": 7, "gw": 7, "axis_tilt": 0, "max_angle": 55, "backtrack": true, "gcr": 0.397, "cross_axis_tilt": 0}}, {"type": "Feature", "geometry": {"type": "Point", "coordinates": [14.891982, 37.3737366]}, "properties": {"rol": "seguidor", "id": "TK0880", "tipo": "completo", "axis_azimuth": 0, "punto": "eje de unidad (no el motor)", "ncu": 7, "gw": 7, "axis_tilt": 0, "max_angle": 55, "backtrack": true, "gcr": 0.397, "cross_axis_tilt": 0}}, {"type": "Feature", "geometry": {"type": "Point", "coordinates": [14.8921008, 37.373416]}, "properties": {"rol": "seguidor", "id": "TK0881", "tipo": "completo", "axis_azimuth": 0, "punto": "eje de unidad (no el motor)", "ncu": 7, "gw": 7, "axis_tilt": 0, "max_angle": 55, "backtrack": true, "gcr": 0.397, "cross_axis_tilt": 0}}, {"type": "Feature", "geometry": {"type": "Point", "coordinates": [14.8922191, 37.3734208]}, "properties": {"rol": "seguidor", "id": "TK0882", "tipo": "completo", "axis_azimuth": 0, "punto": "eje de unidad (no el motor)", "ncu": 7, "gw": 7, "axis_tilt": 0, "max_angle": 55, "backtrack": true, "gcr": 0.397, "cross_axis_tilt": 0}}, {"type": "Feature", "geometry": {"type": "Point", "coordinates": [14.8923375, 37.3734257]}, "properties": {"rol": "seguidor", "id": "TK0883", "tipo": "completo", "axis_azimuth": 0, "punto": "eje de unidad (no el motor)", "ncu": 7, "gw": 7, "axis_tilt": 0, "max_angle": 55, "backtrack": true, "gcr": 0.397, "cross_axis_tilt": 0}}, {"type": "Feature", "geometry": {"type": "Point", "coordinates": [14.8924559, 37.3734305]}, "properties": {"rol": "seguidor", "id": "TK0884", "tipo": "completo", "axis_azimuth": 0, "punto": "eje de unidad (no el motor)", "ncu": 7, "gw": 7, "axis_tilt": 0, "max_angle": 55, "backtrack": true, "gcr": 0.397, "cross_axis_tilt": 0}}, {"type": "Feature", "geometry": {"type": "Point", "coordinates": [14.8925742, 37.3734354]}, "properties": {"rol": "seguidor", "id": "TK0885", "tipo": "completo", "axis_azimuth": 0, "punto": "eje de unidad (no el motor)", "ncu": 7, "gw": 7, "axis_tilt": 0, "max_angle": 55, "backtrack": true, "gcr": 0.397, "cross_axis_tilt": 0}}, {"type": "Feature", "geometry": {"type": "Point", "coordinates": [14.8926926, 37.3734402]}, "properties": {"rol": "seguidor", "id": "TK0886", "tipo": "completo", "axis_azimuth": 0, "punto": "eje de unidad (no el motor)", "ncu": 7, "gw": 7, "axis_tilt": 0, "max_angle": 55, "backtrack": true, "gcr": 0.397, "cross_axis_tilt": 0}}, {"type": "Feature", "geometry": {"type": "Point", "coordinates": [14.8928109, 37.373445]}, "properties": {"rol": "seguidor", "id": "TK0887", "tipo": "completo", "axis_azimuth": 0, "punto": "eje de unidad (no el motor)", "ncu": 7, "gw": 7, "axis_tilt": 0, "max_angle": 55, "backtrack": true, "gcr": 0.397, "cross_axis_tilt": 0}}, {"type": "Feature", "geometry": {"type": "Point", "coordinates": [14.8929293, 37.3734499]}, "properties": {"rol": "seguidor", "id": "TK0888", "tipo": "completo", "axis_azimuth": 0, "punto": "eje de unidad (no el motor)", "ncu": 7, "gw": 7, "axis_tilt": 0, "max_angle": 55, "backtrack": true, "gcr": 0.397, "cross_axis_tilt": 0}}, {"type": "Feature", "geometry": {"type": "Point", "coordinates": [14.8930477, 37.3734547]}, "properties": {"rol": "seguidor", "id": "TK0889", "tipo": "completo", "axis_azimuth": 0, "punto": "eje de unidad (no el motor)", "ncu": 7, "gw": 7, "axis_tilt": 0, "max_angle": 55, "backtrack": true, "gcr": 0.397, "cross_axis_tilt": 0}}, {"type": "Feature", "geometry": {"type": "Point", "coordinates": [14.893166, 37.3734596]}, "properties": {"rol": "seguidor", "id": "TK0890", "tipo": "completo", "axis_azimuth": 0, "punto": "eje de unidad (no el motor)", "ncu": 7, "gw": 7, "axis_tilt": 0, "max_angle": 55, "backtrack": true, "gcr": 0.397, "cross_axis_tilt": 0}}, {"type": "Feature", "geometry": {"type": "Point", "coordinates": [14.8932844, 37.3734644]}, "properties": {"rol": "seguidor", "id": "TK0891", "tipo": "completo", "axis_azimuth": 0, "punto": "eje de unidad (no el motor)", "ncu": 7, "gw": 7, "axis_tilt": 0, "max_angle": 55, "backtrack": true, "gcr": 0.397, "cross_axis_tilt": 0}}, {"type": "Feature", "geometry": {"type": "Point", "coordinates": [14.8934027, 37.3734692]}, "properties": {"rol": "seguidor", "id": "TK0892", "tipo": "completo", "axis_azimuth": 0, "punto": "eje de unidad (no el motor)", "ncu": 7, "gw": 7, "axis_tilt": 0, "max_angle": 55, "backtrack": true, "gcr": 0.397, "cross_axis_tilt": 0}}, {"type": "Feature", "geometry": {"type": "Point", "coordinates": [14.8935211, 37.3734741]}, "properties": {"rol": "seguidor", "id": "TK0893", "tipo": "completo", "axis_azimuth": 0, "punto": "eje de unidad (no el motor)", "ncu": 7, "gw": 7, "axis_tilt": 0, "max_angle": 55, "backtrack": true, "gcr": 0.397, "cross_axis_tilt": 0}}, {"type": "Feature", "geometry": {"type": "Point", "coordinates": [14.8936395, 37.3734789]}, "properties": {"rol": "seguidor", "id": "TK0894", "tipo": "completo", "axis_azimuth": 0, "punto": "eje de unidad (no el motor)", "ncu": 7, "gw": 7, "axis_tilt": 0, "max_angle": 55, "backtrack": true, "gcr": 0.397, "cross_axis_tilt": 0}}, {"type": "Feature", "geometry": {"type": "Point", "coordinates": [14.8938756, 37.373927]}, "properties": {"rol": "seguidor", "id": "TK0895", "tipo": "completo", "axis_azimuth": 0, "punto": "eje de unidad (no el motor)", "ncu": 7, "gw": 7, "axis_tilt": 0, "max_angle": 55, "backtrack": true, "gcr": 0.397, "cross_axis_tilt": 0}}, {"type": "Feature", "geometry": {"type": "Point", "coordinates": [14.8910346, 37.3740251]}, "properties": {"rol": "seguidor", "id": "TK0896", "tipo": "completo", "axis_azimuth": 0, "punto": "eje de unidad (no el motor)", "ncu": 7, "gw": 7, "axis_tilt": 0, "max_angle": 55, "backtrack": true, "gcr": 0.397, "cross_axis_tilt": 0}}, {"type": "Feature", "geometry": {"type": "Point", "coordinates": [14.891153, 37.37403]}, "properties": {"rol": "seguidor", "id": "TK0897", "tipo": "completo", "axis_azimuth": 0, "punto": "eje de unidad (no el motor)", "ncu": 7, "gw": 7, "axis_tilt": 0, "max_angle": 55, "backtrack": true, "gcr": 0.397, "cross_axis_tilt": 0}}, {"type": "Feature", "geometry": {"type": "Point", "coordinates": [14.8912713, 37.3740348]}, "properties": {"rol": "seguidor", "id": "TK0898", "tipo": "completo", "axis_azimuth": 0, "punto": "eje de unidad (no el motor)", "ncu": 7, "gw": 7, "axis_tilt": 0, "max_angle": 55, "backtrack": true, "gcr": 0.397, "cross_axis_tilt": 0}}, {"type": "Feature", "geometry": {"type": "Point", "coordinates": [14.8913897, 37.3740396]}, "properties": {"rol": "seguidor", "id": "TK0899", "tipo": "completo", "axis_azimuth": 0, "punto": "eje de unidad (no el motor)", "ncu": 7, "gw": 7, "axis_tilt": 0, "max_angle": 55, "backtrack": true, "gcr": 0.397, "cross_axis_tilt": 0}}, {"type": "Feature", "geometry": {"type": "Point", "coordinates": [14.89281, 37.3740977]}, "properties": {"rol": "seguidor", "id": "TK0900", "tipo": "completo", "axis_azimuth": 0, "punto": "eje de unidad (no el motor)", "ncu": 7, "gw": 7, "axis_tilt": 0, "max_angle": 55, "backtrack": true, "gcr": 0.397, "cross_axis_tilt": 0}}, {"type": "Feature", "geometry": {"type": "Point", "coordinates": [14.8929284, 37.3741026]}, "properties": {"rol": "seguidor", "id": "TK0901", "tipo": "completo", "axis_azimuth": 0, "punto": "eje de unidad (no el motor)", "ncu": 7, "gw": 7, "axis_tilt": 0, "max_angle": 55, "backtrack": true, "gcr": 0.397, "cross_axis_tilt": 0}}, {"type": "Feature", "geometry": {"type": "Point", "coordinates": [14.8930467, 37.3741074]}, "properties": {"rol": "seguidor", "id": "TK0902", "tipo": "completo", "axis_azimuth": 0, "punto": "eje de unidad (no el motor)", "ncu": 7, "gw": 7, "axis_tilt": 0, "max_angle": 55, "backtrack": true, "gcr": 0.397, "cross_axis_tilt": 0}}, {"type": "Feature", "geometry": {"type": "Point", "coordinates": [14.8910337, 37.3746778]}, "properties": {"rol": "seguidor", "id": "TK0903", "tipo": "completo", "axis_azimuth": 0, "punto": "eje de unidad (no el motor)", "ncu": 7, "gw": 7, "axis_tilt": 0, "max_angle": 55, "backtrack": true, "gcr": 0.397, "cross_axis_tilt": 0}}, {"type": "Feature", "geometry": {"type": "Point", "coordinates": [14.891152, 37.3746826]}, "properties": {"rol": "seguidor", "id": "TK0904", "tipo": "completo", "axis_azimuth": 0, "punto": "eje de unidad (no el motor)", "ncu": 7, "gw": 7, "axis_tilt": 0, "max_angle": 55, "backtrack": true, "gcr": 0.397, "cross_axis_tilt": 0}}, {"type": "Feature", "geometry": {"type": "Point", "coordinates": [14.8912704, 37.3746875]}, "properties": {"rol": "seguidor", "id": "TK0905", "tipo": "completo", "axis_azimuth": 0, "punto": "eje de unidad (no el motor)", "ncu": 7, "gw": 7, "axis_tilt": 0, "max_angle": 55, "backtrack": true, "gcr": 0.397, "cross_axis_tilt": 0}}, {"type": "Feature", "geometry": {"type": "Point", "coordinates": [14.8913888, 37.3746923]}, "properties": {"rol": "seguidor", "id": "TK0906", "tipo": "completo", "axis_azimuth": 0, "punto": "eje de unidad (no el motor)", "ncu": 7, "gw": 7, "axis_tilt": 0, "max_angle": 55, "backtrack": true, "gcr": 0.397, "cross_axis_tilt": 0}}, {"type": "Feature", "geometry": {"type": "Point", "coordinates": [14.8915071, 37.3747197]}, "properties": {"rol": "seguidor", "id": "TK0907", "tipo": "completo", "axis_azimuth": 0, "punto": "eje de unidad (no el motor)", "ncu": 7, "gw": 7, "axis_tilt": 0, "max_angle": 55, "backtrack": true, "gcr": 0.397, "cross_axis_tilt": 0}}, {"type": "Feature", "geometry": {"type": "Point", "coordinates": [14.8896169, 37.3718509]}, "properties": {"rol": "seguidor", "id": "TK0908", "tipo": "completo", "axis_azimuth": 0, "punto": "eje de unidad (no el motor)", "ncu": 7, "gw": 7, "axis_tilt": 0, "max_angle": 55, "backtrack": true, "gcr": 0.397, "cross_axis_tilt": 0}}, {"type": "Feature", "geometry": {"type": "Point", "coordinates": [14.8897352, 37.371851]}, "properties": {"rol": "seguidor", "id": "TK0909", "tipo": "completo", "axis_azimuth": 0, "punto": "eje de unidad (no el motor)", "ncu": 7, "gw": 7, "axis_tilt": 0, "max_angle": 55, "backtrack": true, "gcr": 0.397, "cross_axis_tilt": 0}}, {"type": "Feature", "geometry": {"type": "Point", "coordinates": [14.889971, 37.3724786]}, "properties": {"rol": "seguidor", "id": "TK0910", "tipo": "completo", "axis_azimuth": 0, "punto": "eje de unidad (no el motor)", "ncu": 7, "gw": 7, "axis_tilt": 0, "max_angle": 55, "backtrack": true, "gcr": 0.397, "cross_axis_tilt": 0}}, {"type": "Feature", "geometry": {"type": "Point", "coordinates": [14.8900894, 37.3724835]}, "properties": {"rol": "seguidor", "id": "TK0911", "tipo": "completo", "axis_azimuth": 0, "punto": "eje de unidad (no el motor)", "ncu": 7, "gw": 7, "axis_tilt": 0, "max_angle": 55, "backtrack": true, "gcr": 0.397, "cross_axis_tilt": 0}}, {"type": "Feature", "geometry": {"type": "Point", "coordinates": [14.8902077, 37.3724883]}, "properties": {"rol": "seguidor", "id": "TK0912", "tipo": "completo", "axis_azimuth": 0, "punto": "eje de unidad (no el motor)", "ncu": 7, "gw": 7, "axis_tilt": 0, "max_angle": 55, "backtrack": true, "gcr": 0.397, "cross_axis_tilt": 0}}, {"type": "Feature", "geometry": {"type": "Point", "coordinates": [14.8903261, 37.3724932]}, "properties": {"rol": "seguidor", "id": "TK0913", "tipo": "completo", "axis_azimuth": 0, "punto": "eje de unidad (no el motor)", "ncu": 7, "gw": 7, "axis_tilt": 0, "max_angle": 55, "backtrack": true, "gcr": 0.397, "cross_axis_tilt": 0}}, {"type": "Feature", "geometry": {"type": "Point", "coordinates": [14.8904445, 37.372498]}, "properties": {"rol": "seguidor", "id": "TK0914", "tipo": "completo", "axis_azimuth": 0, "punto": "eje de unidad (no el motor)", "ncu": 7, "gw": 7, "axis_tilt": 0, "max_angle": 55, "backtrack": true, "gcr": 0.397, "cross_axis_tilt": 0}}, {"type": "Feature", "geometry": {"type": "Point", "coordinates": [14.8905628, 37.3725029]}, "properties": {"rol": "seguidor", "id": "TK0915", "tipo": "completo", "axis_azimuth": 0, "punto": "eje de unidad (no el motor)", "ncu": 7, "gw": 7, "axis_tilt": 0, "max_angle": 55, "backtrack": true, "gcr": 0.397, "cross_axis_tilt": 0}}, {"type": "Feature", "geometry": {"type": "Point", "coordinates": [14.8906812, 37.3725077]}, "properties": {"rol": "seguidor", "id": "TK0916", "tipo": "completo", "axis_azimuth": 0, "punto": "eje de unidad (no el motor)", "ncu": 7, "gw": 7, "axis_tilt": 0, "max_angle": 55, "backtrack": true, "gcr": 0.397, "cross_axis_tilt": 0}}, {"type": "Feature", "geometry": {"type": "Point", "coordinates": [14.8907995, 37.3725125]}, "properties": {"rol": "seguidor", "id": "TK0917", "tipo": "completo", "axis_azimuth": 0, "punto": "eje de unidad (no el motor)", "ncu": 7, "gw": 7, "axis_tilt": 0, "max_angle": 55, "backtrack": true, "gcr": 0.397, "cross_axis_tilt": 0}}, {"type": "Feature", "geometry": {"type": "Point", "coordinates": [14.8909179, 37.3725174]}, "properties": {"rol": "seguidor", "id": "TK0918", "tipo": "completo", "axis_azimuth": 0, "punto": "eje de unidad (no el motor)", "ncu": 7, "gw": 7, "axis_tilt": 0, "max_angle": 55, "backtrack": true, "gcr": 0.397, "cross_axis_tilt": 0}}, {"type": "Feature", "geometry": {"type": "Point", "coordinates": [14.8910362, 37.3725222]}, "properties": {"rol": "seguidor", "id": "TK0919", "tipo": "completo", "axis_azimuth": 0, "punto": "eje de unidad (no el motor)", "ncu": 7, "gw": 7, "axis_tilt": 0, "max_angle": 55, "backtrack": true, "gcr": 0.397, "cross_axis_tilt": 0}}, {"type": "Feature", "geometry": {"type": "Point", "coordinates": [14.8911546, 37.3725271]}, "properties": {"rol": "seguidor", "id": "TK0920", "tipo": "completo", "axis_azimuth": 0, "punto": "eje de unidad (no el motor)", "ncu": 7, "gw": 7, "axis_tilt": 0, "max_angle": 55, "backtrack": true, "gcr": 0.397, "cross_axis_tilt": 0}}, {"type": "Feature", "geometry": {"type": "Point", "coordinates": [14.891273, 37.3725319]}, "properties": {"rol": "seguidor", "id": "TK0921", "tipo": "completo", "axis_azimuth": 0, "punto": "eje de unidad (no el motor)", "ncu": 7, "gw": 7, "axis_tilt": 0, "max_angle": 55, "backtrack": true, "gcr": 0.397, "cross_axis_tilt": 0}}, {"type": "Feature", "geometry": {"type": "Point", "coordinates": [14.8913913, 37.3725367]}, "properties": {"rol": "seguidor", "id": "TK0922", "tipo": "completo", "axis_azimuth": 0, "punto": "eje de unidad (no el motor)", "ncu": 7, "gw": 7, "axis_tilt": 0, "max_angle": 55, "backtrack": true, "gcr": 0.397, "cross_axis_tilt": 0}}, {"type": "Feature", "geometry": {"type": "Point", "coordinates": [14.8915097, 37.3725416]}, "properties": {"rol": "seguidor", "id": "TK0923", "tipo": "completo", "axis_azimuth": 0, "punto": "eje de unidad (no el motor)", "ncu": 7, "gw": 7, "axis_tilt": 0, "max_angle": 55, "backtrack": true, "gcr": 0.397, "cross_axis_tilt": 0}}, {"type": "Feature", "geometry": {"type": "Point", "coordinates": [14.891628, 37.3725464]}, "properties": {"rol": "seguidor", "id": "TK0924", "tipo": "completo", "axis_azimuth": 0, "punto": "eje de unidad (no el motor)", "ncu": 7, "gw": 7, "axis_tilt": 0, "max_angle": 55, "backtrack": true, "gcr": 0.397, "cross_axis_tilt": 0}}, {"type": "Feature", "geometry": {"type": "Point", "coordinates": [14.8917464, 37.3725513]}, "properties": {"rol": "seguidor", "id": "TK0925", "tipo": "completo", "axis_azimuth": 0, "punto": "eje de unidad (no el motor)", "ncu": 7, "gw": 7, "axis_tilt": 0, "max_angle": 55, "backtrack": true, "gcr": 0.397, "cross_axis_tilt": 0}}, {"type": "Feature", "geometry": {"type": "Point", "coordinates": [14.8918648, 37.3725561]}, "properties": {"rol": "seguidor", "id": "TK0926", "tipo": "completo", "axis_azimuth": 0, "punto": "eje de unidad (no el motor)", "ncu": 7, "gw": 7, "axis_tilt": 0, "max_angle": 55, "backtrack": true, "gcr": 0.397, "cross_axis_tilt": 0}}, {"type": "Feature", "geometry": {"type": "Point", "coordinates": [14.8919831, 37.3725609]}, "properties": {"rol": "seguidor", "id": "TK0927", "tipo": "completo", "axis_azimuth": 0, "punto": "eje de unidad (no el motor)", "ncu": 7, "gw": 7, "axis_tilt": 0, "max_angle": 55, "backtrack": true, "gcr": 0.397, "cross_axis_tilt": 0}}, {"type": "Feature", "geometry": {"type": "Point", "coordinates": [14.8921015, 37.3725658]}, "properties": {"rol": "seguidor", "id": "TK0928", "tipo": "completo", "axis_azimuth": 0, "punto": "eje de unidad (no el motor)", "ncu": 7, "gw": 7, "axis_tilt": 0, "max_angle": 55, "backtrack": true, "gcr": 0.397, "cross_axis_tilt": 0}}, {"type": "Feature", "geometry": {"type": "Point", "coordinates": [14.8922198, 37.3725706]}, "properties": {"rol": "seguidor", "id": "TK0929", "tipo": "completo", "axis_azimuth": 0, "punto": "eje de unidad (no el motor)", "ncu": 7, "gw": 7, "axis_tilt": 0, "max_angle": 55, "backtrack": true, "gcr": 0.397, "cross_axis_tilt": 0}}, {"type": "Feature", "geometry": {"type": "Point", "coordinates": [14.8923382, 37.3725755]}, "properties": {"rol": "seguidor", "id": "TK0930", "tipo": "completo", "axis_azimuth": 0, "punto": "eje de unidad (no el motor)", "ncu": 7, "gw": 7, "axis_tilt": 0, "max_angle": 55, "backtrack": true, "gcr": 0.397, "cross_axis_tilt": 0}}, {"type": "Feature", "geometry": {"type": "Point", "coordinates": [14.8924565, 37.3725803]}, "properties": {"rol": "seguidor", "id": "TK0931", "tipo": "completo", "axis_azimuth": 0, "punto": "eje de unidad (no el motor)", "ncu": 7, "gw": 7, "axis_tilt": 0, "max_angle": 55, "backtrack": true, "gcr": 0.397, "cross_axis_tilt": 0}}, {"type": "Feature", "geometry": {"type": "Point", "coordinates": [14.8925749, 37.3725851]}, "properties": {"rol": "seguidor", "id": "TK0932", "tipo": "completo", "axis_azimuth": 0, "punto": "eje de unidad (no el motor)", "ncu": 7, "gw": 7, "axis_tilt": 0, "max_angle": 55, "backtrack": true, "gcr": 0.397, "cross_axis_tilt": 0}}, {"type": "Feature", "geometry": {"type": "Point", "coordinates": [14.8926933, 37.37259]}, "properties": {"rol": "seguidor", "id": "TK0933", "tipo": "completo", "axis_azimuth": 0, "punto": "eje de unidad (no el motor)", "ncu": 7, "gw": 7, "axis_tilt": 0, "max_angle": 55, "backtrack": true, "gcr": 0.397, "cross_axis_tilt": 0}}, {"type": "Feature", "geometry": {"type": "Point", "coordinates": [14.8928116, 37.3725948]}, "properties": {"rol": "seguidor", "id": "TK0934", "tipo": "completo", "axis_azimuth": 0, "punto": "eje de unidad (no el motor)", "ncu": 7, "gw": 7, "axis_tilt": 0, "max_angle": 55, "backtrack": true, "gcr": 0.397, "cross_axis_tilt": 0}}, {"type": "Feature", "geometry": {"type": "Point", "coordinates": [14.89293, 37.3725997]}, "properties": {"rol": "seguidor", "id": "TK0935", "tipo": "completo", "axis_azimuth": 0, "punto": "eje de unidad (no el motor)", "ncu": 7, "gw": 7, "axis_tilt": 0, "max_angle": 55, "backtrack": true, "gcr": 0.397, "cross_axis_tilt": 0}}, {"type": "Feature", "geometry": {"type": "Point", "coordinates": [14.8930483, 37.3726045]}, "properties": {"rol": "seguidor", "id": "TK0936", "tipo": "completo", "axis_azimuth": 0, "punto": "eje de unidad (no el motor)", "ncu": 7, "gw": 7, "axis_tilt": 0, "max_angle": 55, "backtrack": true, "gcr": 0.397, "cross_axis_tilt": 0}}, {"type": "Feature", "geometry": {"type": "Point", "coordinates": [14.8931667, 37.3726093]}, "properties": {"rol": "seguidor", "id": "TK0937", "tipo": "completo", "axis_azimuth": 0, "punto": "eje de unidad (no el motor)", "ncu": 7, "gw": 7, "axis_tilt": 0, "max_angle": 55, "backtrack": true, "gcr": 0.397, "cross_axis_tilt": 0}}, {"type": "Feature", "geometry": {"type": "Point", "coordinates": [14.893285, 37.3726142]}, "properties": {"rol": "seguidor", "id": "TK0938", "tipo": "completo", "axis_azimuth": 0, "punto": "eje de unidad (no el motor)", "ncu": 7, "gw": 7, "axis_tilt": 0, "max_angle": 55, "backtrack": true, "gcr": 0.397, "cross_axis_tilt": 0}}, {"type": "Feature", "geometry": {"type": "Point", "coordinates": [14.8934034, 37.372619]}, "properties": {"rol": "seguidor", "id": "TK0939", "tipo": "completo", "axis_azimuth": 0, "punto": "eje de unidad (no el motor)", "ncu": 7, "gw": 7, "axis_tilt": 0, "max_angle": 55, "backtrack": true, "gcr": 0.397, "cross_axis_tilt": 0}}, {"type": "Feature", "geometry": {"type": "Point", "coordinates": [14.8869673, 37.3767542]}, "properties": {"rol": "seguidor", "id": "TK0940", "tipo": "Medio", "axis_azimuth": 0, "punto": "eje de unidad (no el motor)", "ncu": 2, "gw": 2, "axis_tilt": 0, "max_angle": 55, "backtrack": true, "gcr": 0.397, "cross_axis_tilt": 0}}, {"type": "Feature", "geometry": {"type": "Point", "coordinates": [14.8886266, 37.3767623]}, "properties": {"rol": "seguidor", "id": "TK0941", "tipo": "Medio", "axis_azimuth": 0, "punto": "eje de unidad (no el motor)", "ncu": 2, "gw": 2, "axis_tilt": 0, "max_angle": 55, "backtrack": true, "gcr": 0.397, "cross_axis_tilt": 0}}, {"type": "Feature", "geometry": {"type": "Point", "coordinates": [14.8866131, 37.3761012]}, "properties": {"rol": "seguidor", "id": "TK0942", "tipo": "Medio", "axis_azimuth": 0, "punto": "eje de unidad (no el motor)", "ncu": 2, "gw": 2, "axis_tilt": 0, "max_angle": 55, "backtrack": true, "gcr": 0.397, "cross_axis_tilt": 0}}, {"type": "Feature", "geometry": {"type": "Point", "coordinates": [14.8862592, 37.375306]}, "properties": {"rol": "seguidor", "id": "TK0943", "tipo": "Medio", "axis_azimuth": 0, "punto": "eje de unidad (no el motor)", "ncu": 2, "gw": 2, "axis_tilt": 0, "max_angle": 55, "backtrack": true, "gcr": 0.397, "cross_axis_tilt": 0}}, {"type": "Feature", "geometry": {"type": "Point", "coordinates": [14.8868519, 37.3753246]}, "properties": {"rol": "seguidor", "id": "TK0944", "tipo": "Medio", "axis_azimuth": 0, "punto": "eje de unidad (no el motor)", "ncu": 2, "gw": 2, "axis_tilt": 0, "max_angle": 55, "backtrack": true, "gcr": 0.397, "cross_axis_tilt": 0}}, {"type": "Feature", "geometry": {"type": "Point", "coordinates": [14.8860234, 37.3746531]}, "properties": {"rol": "seguidor", "id": "TK0945", "tipo": "Medio", "axis_azimuth": 0, "punto": "eje de unidad (no el motor)", "ncu": 2, "gw": 2, "axis_tilt": 0, "max_angle": 55, "backtrack": true, "gcr": 0.397, "cross_axis_tilt": 0}}, {"type": "Feature", "geometry": {"type": "Point", "coordinates": [14.8856693, 37.3739775]}, "properties": {"rol": "seguidor", "id": "TK0946", "tipo": "Medio", "axis_azimuth": 0, "punto": "eje de unidad (no el motor)", "ncu": 4, "gw": 4, "axis_tilt": 0, "max_angle": 55, "backtrack": true, "gcr": 0.397, "cross_axis_tilt": 0}}, {"type": "Feature", "geometry": {"type": "Point", "coordinates": [14.8840122, 37.3732488]}, "properties": {"rol": "seguidor", "id": "TK0947", "tipo": "Medio", "axis_azimuth": 0, "punto": "eje de unidad (no el motor)", "ncu": 3, "gw": 3, "axis_tilt": 0, "max_angle": 55, "backtrack": true, "gcr": 0.397, "cross_axis_tilt": 0}}, {"type": "Feature", "geometry": {"type": "Point", "coordinates": [14.8841306, 37.3732489]}, "properties": {"rol": "seguidor", "id": "TK0948", "tipo": "Medio", "axis_azimuth": 0, "punto": "eje de unidad (no el motor)", "ncu": 3, "gw": 3, "axis_tilt": 0, "max_angle": 55, "backtrack": true, "gcr": 0.397, "cross_axis_tilt": 0}}, {"type": "Feature", "geometry": {"type": "Point", "coordinates": [14.884249, 37.373249]}, "properties": {"rol": "seguidor", "id": "TK0949", "tipo": "Medio", "axis_azimuth": 0, "punto": "eje de unidad (no el motor)", "ncu": 3, "gw": 3, "axis_tilt": 0, "max_angle": 55, "backtrack": true, "gcr": 0.397, "cross_axis_tilt": 0}}, {"type": "Feature", "geometry": {"type": "Point", "coordinates": [14.8843673, 37.3732492]}, "properties": {"rol": "seguidor", "id": "TK0950", "tipo": "Medio", "axis_azimuth": 0, "punto": "eje de unidad (no el motor)", "ncu": 3, "gw": 3, "axis_tilt": 0, "max_angle": 55, "backtrack": true, "gcr": 0.397, "cross_axis_tilt": 0}}, {"type": "Feature", "geometry": {"type": "Point", "coordinates": [14.8860294, 37.3710745]}, "properties": {"rol": "seguidor", "id": "TK0951", "tipo": "Medio", "axis_azimuth": 0, "punto": "eje de unidad (no el motor)", "ncu": 5, "gw": 5, "axis_tilt": 0, "max_angle": 55, "backtrack": true, "gcr": 0.397, "cross_axis_tilt": 0}}, {"type": "Feature", "geometry": {"type": "Point", "coordinates": [14.8861477, 37.3710746]}, "properties": {"rol": "seguidor", "id": "TK0952", "tipo": "Medio", "axis_azimuth": 0, "punto": "eje de unidad (no el motor)", "ncu": 5, "gw": 5, "axis_tilt": 0, "max_angle": 55, "backtrack": true, "gcr": 0.397, "cross_axis_tilt": 0}}, {"type": "Feature", "geometry": {"type": "Point", "coordinates": [14.8855583, 37.3691752]}, "properties": {"rol": "seguidor", "id": "TK0953", "tipo": "Medio", "axis_azimuth": 0, "punto": "eje de unidad (no el motor)", "ncu": 5, "gw": 5, "axis_tilt": 0, "max_angle": 55, "backtrack": true, "gcr": 0.397, "cross_axis_tilt": 0}}, {"type": "Feature", "geometry": {"type": "Point", "coordinates": [14.8856766, 37.3691753]}, "properties": {"rol": "seguidor", "id": "TK0954", "tipo": "Medio", "axis_azimuth": 0, "punto": "eje de unidad (no el motor)", "ncu": 5, "gw": 5, "axis_tilt": 0, "max_angle": 55, "backtrack": true, "gcr": 0.397, "cross_axis_tilt": 0}}, {"type": "Feature", "geometry": {"type": "Point", "coordinates": [14.885795, 37.3691754]}, "properties": {"rol": "seguidor", "id": "TK0955", "tipo": "Medio", "axis_azimuth": 0, "punto": "eje de unidad (no el motor)", "ncu": 5, "gw": 5, "axis_tilt": 0, "max_angle": 55, "backtrack": true, "gcr": 0.397, "cross_axis_tilt": 0}}, {"type": "Feature", "geometry": {"type": "Point", "coordinates": [14.8859133, 37.3691756]}, "properties": {"rol": "seguidor", "id": "TK0956", "tipo": "Medio", "axis_azimuth": 0, "punto": "eje de unidad (no el motor)", "ncu": 5, "gw": 5, "axis_tilt": 0, "max_angle": 55, "backtrack": true, "gcr": 0.397, "cross_axis_tilt": 0}}, {"type": "Feature", "geometry": {"type": "Point", "coordinates": [14.8860317, 37.3691757]}, "properties": {"rol": "seguidor", "id": "TK0957", "tipo": "Medio", "axis_azimuth": 0, "punto": "eje de unidad (no el motor)", "ncu": 5, "gw": 5, "axis_tilt": 0, "max_angle": 55, "backtrack": true, "gcr": 0.397, "cross_axis_tilt": 0}}, {"type": "Feature", "geometry": {"type": "Point", "coordinates": [14.88615, 37.3691758]}, "properties": {"rol": "seguidor", "id": "TK0958", "tipo": "Medio", "axis_azimuth": 0, "punto": "eje de unidad (no el motor)", "ncu": 5, "gw": 5, "axis_tilt": 0, "max_angle": 55, "backtrack": true, "gcr": 0.397, "cross_axis_tilt": 0}}, {"type": "Feature", "geometry": {"type": "Point", "coordinates": [14.8862684, 37.3691759]}, "properties": {"rol": "seguidor", "id": "TK0959", "tipo": "Medio", "axis_azimuth": 0, "punto": "eje de unidad (no el motor)", "ncu": 5, "gw": 5, "axis_tilt": 0, "max_angle": 55, "backtrack": true, "gcr": 0.397, "cross_axis_tilt": 0}}, {"type": "Feature", "geometry": {"type": "Point", "coordinates": [14.8863868, 37.369176]}, "properties": {"rol": "seguidor", "id": "TK0960", "tipo": "Medio", "axis_azimuth": 0, "punto": "eje de unidad (no el motor)", "ncu": 5, "gw": 5, "axis_tilt": 0, "max_angle": 55, "backtrack": true, "gcr": 0.397, "cross_axis_tilt": 0}}, {"type": "Feature", "geometry": {"type": "Point", "coordinates": [14.8865051, 37.3691761]}, "properties": {"rol": "seguidor", "id": "TK0961", "tipo": "Medio", "axis_azimuth": 0, "punto": "eje de unidad (no el motor)", "ncu": 5, "gw": 5, "axis_tilt": 0, "max_angle": 55, "backtrack": true, "gcr": 0.397, "cross_axis_tilt": 0}}, {"type": "Feature", "geometry": {"type": "Point", "coordinates": [14.8866235, 37.3691762]}, "properties": {"rol": "seguidor", "id": "TK0962", "tipo": "Medio", "axis_azimuth": 0, "punto": "eje de unidad (no el motor)", "ncu": 5, "gw": 5, "axis_tilt": 0, "max_angle": 55, "backtrack": true, "gcr": 0.397, "cross_axis_tilt": 0}}, {"type": "Feature", "geometry": {"type": "Point", "coordinates": [14.8882725, 37.3761093]}, "properties": {"rol": "seguidor", "id": "TK0963", "tipo": "Medio", "axis_azimuth": 0, "punto": "eje de unidad (no el motor)", "ncu": 2, "gw": 2, "axis_tilt": 0, "max_angle": 55, "backtrack": true, "gcr": 0.397, "cross_axis_tilt": 0}}, {"type": "Feature", "geometry": {"type": "Point", "coordinates": [14.8879186, 37.3753256]}, "properties": {"rol": "seguidor", "id": "TK0964", "tipo": "Medio", "axis_azimuth": 0, "punto": "eje de unidad (no el motor)", "ncu": 2, "gw": 2, "axis_tilt": 0, "max_angle": 55, "backtrack": true, "gcr": 0.397, "cross_axis_tilt": 0}}, {"type": "Feature", "geometry": {"type": "Point", "coordinates": [14.8876829, 37.3746727]}, "properties": {"rol": "seguidor", "id": "TK0965", "tipo": "Medio", "axis_azimuth": 0, "punto": "eje de unidad (no el motor)", "ncu": 2, "gw": 2, "axis_tilt": 0, "max_angle": 55, "backtrack": true, "gcr": 0.397, "cross_axis_tilt": 0}}, {"type": "Feature", "geometry": {"type": "Point", "coordinates": [14.8873288, 37.3739971]}, "properties": {"rol": "seguidor", "id": "TK0966", "tipo": "Medio", "axis_azimuth": 0, "punto": "eje de unidad (no el motor)", "ncu": 4, "gw": 4, "axis_tilt": 0, "max_angle": 55, "backtrack": true, "gcr": 0.397, "cross_axis_tilt": 0}}, {"type": "Feature", "geometry": {"type": "Point", "coordinates": [14.8868557, 37.3727277]}, "properties": {"rol": "seguidor", "id": "TK0967", "tipo": "Medio", "axis_azimuth": 0, "punto": "eje de unidad (no el motor)", "ncu": 4, "gw": 4, "axis_tilt": 0, "max_angle": 55, "backtrack": true, "gcr": 0.397, "cross_axis_tilt": 0}}, {"type": "Feature", "geometry": {"type": "Point", "coordinates": [14.8878062, 37.370536]}, "properties": {"rol": "seguidor", "id": "TK0968", "tipo": "Medio", "axis_azimuth": 0, "punto": "eje de unidad (no el motor)", "ncu": 4, "gw": 4, "axis_tilt": 0, "max_angle": 55, "backtrack": true, "gcr": 0.397, "cross_axis_tilt": 0}}, {"type": "Feature", "geometry": {"type": "Point", "coordinates": [14.8894911, 37.3708804]}, "properties": {"rol": "seguidor", "id": "TK0969", "tipo": "Medio", "axis_azimuth": 0, "punto": "eje de unidad (no el motor)", "ncu": 8, "gw": 8, "axis_tilt": 0, "max_angle": 55, "backtrack": true, "gcr": 0.397, "cross_axis_tilt": 0}}, {"type": "Feature", "geometry": {"type": "Point", "coordinates": [14.8873327, 37.3698296]}, "properties": {"rol": "seguidor", "id": "TK0970", "tipo": "Medio", "axis_azimuth": 0, "punto": "eje de unidad (no el motor)", "ncu": 5, "gw": 5, "axis_tilt": 0, "max_angle": 55, "backtrack": true, "gcr": 0.397, "cross_axis_tilt": 0}}, {"type": "Feature", "geometry": {"type": "Point", "coordinates": [14.8893426, 37.373999]}, "properties": {"rol": "seguidor", "id": "TK0971", "tipo": "Medio", "axis_azimuth": 0, "punto": "eje de unidad (no el motor)", "ncu": 4, "gw": 4, "axis_tilt": 0, "max_angle": 55, "backtrack": true, "gcr": 0.397, "cross_axis_tilt": 0}}, {"type": "Feature", "geometry": {"type": "Point", "coordinates": [14.889019, 37.3678461]}, "properties": {"rol": "seguidor", "id": "TK0972", "tipo": "Medio", "axis_azimuth": 0, "punto": "eje de unidad (no el motor)", "ncu": 6, "gw": 6, "axis_tilt": 0, "max_angle": 55, "backtrack": true, "gcr": 0.397, "cross_axis_tilt": 0}}, {"type": "Feature", "geometry": {"type": "Point", "coordinates": [14.8891373, 37.3678462]}, "properties": {"rol": "seguidor", "id": "TK0973", "tipo": "Medio", "axis_azimuth": 0, "punto": "eje de unidad (no el motor)", "ncu": 6, "gw": 6, "axis_tilt": 0, "max_angle": 55, "backtrack": true, "gcr": 0.397, "cross_axis_tilt": 0}}, {"type": "Feature", "geometry": {"type": "Point", "coordinates": [14.8889016, 37.367214]}, "properties": {"rol": "seguidor", "id": "TK0974", "tipo": "Medio", "axis_azimuth": 0, "punto": "eje de unidad (no el motor)", "ncu": 6, "gw": 6, "axis_tilt": 0, "max_angle": 55, "backtrack": true, "gcr": 0.397, "cross_axis_tilt": 0}}, {"type": "Feature", "geometry": {"type": "Point", "coordinates": [14.8885475, 37.366561]}, "properties": {"rol": "seguidor", "id": "TK0975", "tipo": "Medio", "axis_azimuth": 0, "punto": "eje de unidad (no el motor)", "ncu": 6, "gw": 6, "axis_tilt": 0, "max_angle": 55, "backtrack": true, "gcr": 0.397, "cross_axis_tilt": 0}}, {"type": "Feature", "geometry": {"type": "Point", "coordinates": [14.8912796, 37.3750362]}, "properties": {"rol": "seguidor", "id": "TK0976", "tipo": "Medio", "axis_azimuth": 0, "punto": "eje de unidad (no el motor)", "ncu": 7, "gw": 7, "axis_tilt": 0, "max_angle": 55, "backtrack": true, "gcr": 0.397, "cross_axis_tilt": 0}}, {"type": "Feature", "geometry": {"type": "Point", "coordinates": [14.8925886, 37.3714179]}, "properties": {"rol": "seguidor", "id": "TK0977", "tipo": "Medio", "axis_azimuth": 0, "punto": "eje de unidad (no el motor)", "ncu": 8, "gw": 8, "axis_tilt": 0, "max_angle": 55, "backtrack": true, "gcr": 0.397, "cross_axis_tilt": 0}}, {"type": "Feature", "geometry": {"type": "Point", "coordinates": [14.8923528, 37.370765]}, "properties": {"rol": "seguidor", "id": "TK0978", "tipo": "Medio", "axis_azimuth": 0, "punto": "eje de unidad (no el motor)", "ncu": 8, "gw": 8, "axis_tilt": 0, "max_angle": 55, "backtrack": true, "gcr": 0.397, "cross_axis_tilt": 0}}, {"type": "Feature", "geometry": {"type": "Point", "coordinates": [14.8930335, 37.3659899]}, "properties": {"rol": "seguidor", "id": "TK0979", "tipo": "Medio", "axis_azimuth": 0, "punto": "eje de unidad (no el motor)", "ncu": 11, "gw": 11, "axis_tilt": 0, "max_angle": 55, "backtrack": true, "gcr": 0.397, "cross_axis_tilt": 0}}, {"type": "Feature", "geometry": {"type": "Point", "coordinates": [14.8993915, 37.3694062]}, "properties": {"rol": "seguidor", "id": "TK0980", "tipo": "Medio", "axis_azimuth": 0, "punto": "eje de unidad (no el motor)", "ncu": 10, "gw": 10, "axis_tilt": 0, "max_angle": 55, "backtrack": true, "gcr": 0.397, "cross_axis_tilt": 0}}, {"type": "Feature", "geometry": {"type": "Point", "coordinates": [14.8995098, 37.3694063]}, "properties": {"rol": "seguidor", "id": "TK0981", "tipo": "Medio", "axis_azimuth": 0, "punto": "eje de unidad (no el motor)", "ncu": 10, "gw": 10, "axis_tilt": 0, "max_angle": 55, "backtrack": true, "gcr": 0.397, "cross_axis_tilt": 0}}, {"type": "Feature", "geometry": {"type": "Point", "coordinates": [14.8996282, 37.3694064]}, "properties": {"rol": "seguidor", "id": "TK0982", "tipo": "Medio", "axis_azimuth": 0, "punto": "eje de unidad (no el motor)", "ncu": 10, "gw": 10, "axis_tilt": 0, "max_angle": 55, "backtrack": true, "gcr": 0.397, "cross_axis_tilt": 0}}, {"type": "Feature", "geometry": {"type": "Point", "coordinates": [14.8847234, 37.3733239]}, "properties": {"rol": "seguidor", "id": "TK0983", "tipo": "Medio", "axis_azimuth": 0, "punto": "eje de unidad (no el motor)", "ncu": 3, "gw": 3, "axis_tilt": 0, "max_angle": 55, "backtrack": true, "gcr": 0.397, "cross_axis_tilt": 0}}, {"type": "Feature", "geometry": {"type": "Point", "coordinates": [14.8848418, 37.373324]}, "properties": {"rol": "seguidor", "id": "TK0984", "tipo": "Medio", "axis_azimuth": 0, "punto": "eje de unidad (no el motor)", "ncu": 3, "gw": 3, "axis_tilt": 0, "max_angle": 55, "backtrack": true, "gcr": 0.397, "cross_axis_tilt": 0}}, {"type": "Feature", "geometry": {"type": "Point", "coordinates": [14.8849601, 37.3733241]}, "properties": {"rol": "seguidor", "id": "TK0985", "tipo": "Medio", "axis_azimuth": 0, "punto": "eje de unidad (no el motor)", "ncu": 3, "gw": 3, "axis_tilt": 0, "max_angle": 55, "backtrack": true, "gcr": 0.397, "cross_axis_tilt": 0}}, {"type": "Feature", "geometry": {"type": "Point", "coordinates": [14.8850785, 37.3733243]}, "properties": {"rol": "seguidor", "id": "TK0986", "tipo": "Medio", "axis_azimuth": 0, "punto": "eje de unidad (no el motor)", "ncu": 4, "gw": 4, "axis_tilt": 0, "max_angle": 55, "backtrack": true, "gcr": 0.397, "cross_axis_tilt": 0}}, {"type": "Feature", "geometry": {"type": "Point", "coordinates": [14.8851969, 37.3733244]}, "properties": {"rol": "seguidor", "id": "TK0987", "tipo": "Medio", "axis_azimuth": 0, "punto": "eje de unidad (no el motor)", "ncu": 4, "gw": 4, "axis_tilt": 0, "max_angle": 55, "backtrack": true, "gcr": 0.397, "cross_axis_tilt": 0}}, {"type": "Feature", "geometry": {"type": "Point", "coordinates": [14.8853152, 37.3733245]}, "properties": {"rol": "seguidor", "id": "TK0988", "tipo": "Medio", "axis_azimuth": 0, "punto": "eje de unidad (no el motor)", "ncu": 4, "gw": 4, "axis_tilt": 0, "max_angle": 55, "backtrack": true, "gcr": 0.397, "cross_axis_tilt": 0}}, {"type": "Feature", "geometry": {"type": "Point", "coordinates": [14.8854336, 37.3733246]}, "properties": {"rol": "seguidor", "id": "TK0989", "tipo": "Medio", "axis_azimuth": 0, "punto": "eje de unidad (no el motor)", "ncu": 4, "gw": 4, "axis_tilt": 0, "max_angle": 55, "backtrack": true, "gcr": 0.397, "cross_axis_tilt": 0}}, {"type": "Feature", "geometry": {"type": "Point", "coordinates": [14.886738, 37.3733439]}, "properties": {"rol": "seguidor", "id": "TK0990", "tipo": "Medio", "axis_azimuth": 0, "punto": "eje de unidad (no el motor)", "ncu": 4, "gw": 4, "axis_tilt": 0, "max_angle": 55, "backtrack": true, "gcr": 0.397, "cross_axis_tilt": 0}}, {"type": "Feature", "geometry": {"type": "Point", "coordinates": [14.8870931, 37.3733442]}, "properties": {"rol": "seguidor", "id": "TK0991", "tipo": "Medio", "axis_azimuth": 0, "punto": "eje de unidad (no el motor)", "ncu": 4, "gw": 4, "axis_tilt": 0, "max_angle": 55, "backtrack": true, "gcr": 0.397, "cross_axis_tilt": 0}}, {"type": "Feature", "geometry": {"type": "Point", "coordinates": [14.8865017, 37.371991]}, "properties": {"rol": "seguidor", "id": "TK0992", "tipo": "Medio", "axis_azimuth": 0, "punto": "eje de unidad (no el motor)", "ncu": 4, "gw": 4, "axis_tilt": 0, "max_angle": 55, "backtrack": true, "gcr": 0.397, "cross_axis_tilt": 0}}, {"type": "Feature", "geometry": {"type": "Point", "coordinates": [14.888429, 37.3687615]}, "properties": {"rol": "seguidor", "id": "TK0993", "tipo": "Medio", "axis_azimuth": 0, "punto": "eje de unidad (no el motor)", "ncu": 6, "gw": 6, "axis_tilt": 0, "max_angle": 55, "backtrack": true, "gcr": 0.397, "cross_axis_tilt": 0}}, {"type": "Feature", "geometry": {"type": "Point", "coordinates": [14.8948103, 37.3657403]}, "properties": {"rol": "seguidor", "id": "TK0994", "tipo": "Medio", "axis_azimuth": 0, "punto": "eje de unidad (no el motor)", "ncu": 11, "gw": 11, "axis_tilt": 0, "max_angle": 55, "backtrack": true, "gcr": 0.397, "cross_axis_tilt": 0}}, {"type": "Feature", "geometry": {"type": "Point", "coordinates": [14.8949287, 37.3657404]}, "properties": {"rol": "seguidor", "id": "TK0995", "tipo": "Medio", "axis_azimuth": 0, "punto": "eje de unidad (no el motor)", "ncu": 11, "gw": 11, "axis_tilt": 0, "max_angle": 55, "backtrack": true, "gcr": 0.397, "cross_axis_tilt": 0}}, {"type": "Feature", "geometry": {"type": "Point", "coordinates": [14.895047, 37.3657405]}, "properties": {"rol": "seguidor", "id": "TK0996", "tipo": "Medio", "axis_azimuth": 0, "punto": "eje de unidad (no el motor)", "ncu": 12, "gw": 12, "axis_tilt": 0, "max_angle": 55, "backtrack": true, "gcr": 0.397, "cross_axis_tilt": 0}}, {"type": "Feature", "geometry": {"type": "Point", "coordinates": [14.8951654, 37.3657406]}, "properties": {"rol": "seguidor", "id": "TK0997", "tipo": "Medio", "axis_azimuth": 0, "punto": "eje de unidad (no el motor)", "ncu": 12, "gw": 12, "axis_tilt": 0, "max_angle": 55, "backtrack": true, "gcr": 0.397, "cross_axis_tilt": 0}}, {"type": "Feature", "geometry": {"type": "Point", "coordinates": [14.8952837, 37.3657407]}, "properties": {"rol": "seguidor", "id": "TK0998", "tipo": "Medio", "axis_azimuth": 0, "punto": "eje de unidad (no el motor)", "ncu": 12, "gw": 12, "axis_tilt": 0, "max_angle": 55, "backtrack": true, "gcr": 0.397, "cross_axis_tilt": 0}}, {"type": "Feature", "geometry": {"type": "Point", "coordinates": [14.8954021, 37.3657408]}, "properties": {"rol": "seguidor", "id": "TK0999", "tipo": "Medio", "axis_azimuth": 0, "punto": "eje de unidad (no el motor)", "ncu": 12, "gw": 12, "axis_tilt": 0, "max_angle": 55, "backtrack": true, "gcr": 0.397, "cross_axis_tilt": 0}}, {"type": "Feature", "geometry": {"type": "Point", "coordinates": [14.8955204, 37.3657409]}, "properties": {"rol": "seguidor", "id": "TK1000", "tipo": "Medio", "axis_azimuth": 0, "punto": "eje de unidad (no el motor)", "ncu": 12, "gw": 12, "axis_tilt": 0, "max_angle": 55, "backtrack": true, "gcr": 0.397, "cross_axis_tilt": 0}}, {"type": "Feature", "geometry": {"type": "Point", "coordinates": [14.8956388, 37.365741]}, "properties": {"rol": "seguidor", "id": "TK1001", "tipo": "Medio", "axis_azimuth": 0, "punto": "eje de unidad (no el motor)", "ncu": 12, "gw": 12, "axis_tilt": 0, "max_angle": 55, "backtrack": true, "gcr": 0.397, "cross_axis_tilt": 0}}, {"type": "Feature", "geometry": {"type": "Point", "coordinates": [14.8957572, 37.3657411]}, "properties": {"rol": "seguidor", "id": "TK1002", "tipo": "Medio", "axis_azimuth": 0, "punto": "eje de unidad (no el motor)", "ncu": 12, "gw": 12, "axis_tilt": 0, "max_angle": 55, "backtrack": true, "gcr": 0.397, "cross_axis_tilt": 0}}, {"type": "Feature", "geometry": {"type": "Point", "coordinates": [14.8958755, 37.3657412]}, "properties": {"rol": "seguidor", "id": "TK1003", "tipo": "Medio", "axis_azimuth": 0, "punto": "eje de unidad (no el motor)", "ncu": 12, "gw": 12, "axis_tilt": 0, "max_angle": 55, "backtrack": true, "gcr": 0.397, "cross_axis_tilt": 0}}, {"type": "Feature", "geometry": {"type": "Point", "coordinates": [14.8959939, 37.3657414]}, "properties": {"rol": "seguidor", "id": "TK1004", "tipo": "Medio", "axis_azimuth": 0, "punto": "eje de unidad (no el motor)", "ncu": 12, "gw": 12, "axis_tilt": 0, "max_angle": 55, "backtrack": true, "gcr": 0.397, "cross_axis_tilt": 0}}, {"type": "Feature", "geometry": {"type": "Point", "coordinates": [14.8961122, 37.3657415]}, "properties": {"rol": "seguidor", "id": "TK1005", "tipo": "Medio", "axis_azimuth": 0, "punto": "eje de unidad (no el motor)", "ncu": 12, "gw": 12, "axis_tilt": 0, "max_angle": 55, "backtrack": true, "gcr": 0.397, "cross_axis_tilt": 0}}, {"type": "Feature", "geometry": {"type": "Point", "coordinates": [14.8962306, 37.3657416]}, "properties": {"rol": "seguidor", "id": "TK1006", "tipo": "Medio", "axis_azimuth": 0, "punto": "eje de unidad (no el motor)", "ncu": 12, "gw": 12, "axis_tilt": 0, "max_angle": 55, "backtrack": true, "gcr": 0.397, "cross_axis_tilt": 0}}, {"type": "Feature", "geometry": {"type": "Point", "coordinates": [14.8963489, 37.3657417]}, "properties": {"rol": "seguidor", "id": "TK1007", "tipo": "Medio", "axis_azimuth": 0, "punto": "eje de unidad (no el motor)", "ncu": 12, "gw": 12, "axis_tilt": 0, "max_angle": 55, "backtrack": true, "gcr": 0.397, "cross_axis_tilt": 0}}, {"type": "Feature", "geometry": {"type": "Point", "coordinates": [14.8964673, 37.3657418]}, "properties": {"rol": "seguidor", "id": "TK1008", "tipo": "Medio", "axis_azimuth": 0, "punto": "eje de unidad (no el motor)", "ncu": 12, "gw": 12, "axis_tilt": 0, "max_angle": 55, "backtrack": true, "gcr": 0.397, "cross_axis_tilt": 0}}, {"type": "Feature", "geometry": {"type": "Point", "coordinates": [14.8965856, 37.3657419]}, "properties": {"rol": "seguidor", "id": "TK1009", "tipo": "Medio", "axis_azimuth": 0, "punto": "eje de unidad (no el motor)", "ncu": 12, "gw": 12, "axis_tilt": 0, "max_angle": 55, "backtrack": true, "gcr": 0.397, "cross_axis_tilt": 0}}, {"type": "Feature", "geometry": {"type": "Point", "coordinates": [14.896704, 37.365742]}, "properties": {"rol": "seguidor", "id": "TK1010", "tipo": "Medio", "axis_azimuth": 0, "punto": "eje de unidad (no el motor)", "ncu": 12, "gw": 12, "axis_tilt": 0, "max_angle": 55, "backtrack": true, "gcr": 0.397, "cross_axis_tilt": 0}}, {"type": "Feature", "geometry": {"type": "Point", "coordinates": [14.8968223, 37.3657421]}, "properties": {"rol": "seguidor", "id": "TK1011", "tipo": "Medio", "axis_azimuth": 0, "punto": "eje de unidad (no el motor)", "ncu": 12, "gw": 12, "axis_tilt": 0, "max_angle": 55, "backtrack": true, "gcr": 0.397, "cross_axis_tilt": 0}}, {"type": "Feature", "geometry": {"type": "Point", "coordinates": [14.8969407, 37.3657422]}, "properties": {"rol": "seguidor", "id": "TK1012", "tipo": "Medio", "axis_azimuth": 0, "punto": "eje de unidad (no el motor)", "ncu": 12, "gw": 12, "axis_tilt": 0, "max_angle": 55, "backtrack": true, "gcr": 0.397, "cross_axis_tilt": 0}}, {"type": "Feature", "geometry": {"type": "Point", "coordinates": [14.897059, 37.3657423]}, "properties": {"rol": "seguidor", "id": "TK1013", "tipo": "Medio", "axis_azimuth": 0, "punto": "eje de unidad (no el motor)", "ncu": 12, "gw": 12, "axis_tilt": 0, "max_angle": 55, "backtrack": true, "gcr": 0.397, "cross_axis_tilt": 0}}, {"type": "Feature", "geometry": {"type": "Point", "coordinates": [14.8971774, 37.3657424]}, "properties": {"rol": "seguidor", "id": "TK1014", "tipo": "Medio", "axis_azimuth": 0, "punto": "eje de unidad (no el motor)", "ncu": 12, "gw": 12, "axis_tilt": 0, "max_angle": 55, "backtrack": true, "gcr": 0.397, "cross_axis_tilt": 0}}, {"type": "Feature", "geometry": {"type": "Point", "coordinates": [14.8972958, 37.3657425]}, "properties": {"rol": "seguidor", "id": "TK1015", "tipo": "Medio", "axis_azimuth": 0, "punto": "eje de unidad (no el motor)", "ncu": 12, "gw": 12, "axis_tilt": 0, "max_angle": 55, "backtrack": true, "gcr": 0.397, "cross_axis_tilt": 0}}, {"type": "Feature", "geometry": {"type": "Point", "coordinates": [14.8974141, 37.3657426]}, "properties": {"rol": "seguidor", "id": "TK1016", "tipo": "Medio", "axis_azimuth": 0, "punto": "eje de unidad (no el motor)", "ncu": 12, "gw": 12, "axis_tilt": 0, "max_angle": 55, "backtrack": true, "gcr": 0.397, "cross_axis_tilt": 0}}, {"type": "Feature", "geometry": {"type": "Point", "coordinates": [14.8975325, 37.3657427]}, "properties": {"rol": "seguidor", "id": "TK1017", "tipo": "Medio", "axis_azimuth": 0, "punto": "eje de unidad (no el motor)", "ncu": 12, "gw": 12, "axis_tilt": 0, "max_angle": 55, "backtrack": true, "gcr": 0.397, "cross_axis_tilt": 0}}, {"type": "Feature", "geometry": {"type": "Point", "coordinates": [14.8976508, 37.3657428]}, "properties": {"rol": "seguidor", "id": "TK1018", "tipo": "Medio", "axis_azimuth": 0, "punto": "eje de unidad (no el motor)", "ncu": 12, "gw": 12, "axis_tilt": 0, "max_angle": 55, "backtrack": true, "gcr": 0.397, "cross_axis_tilt": 0}}, {"type": "Feature", "geometry": {"type": "Point", "coordinates": [14.8977692, 37.3657429]}, "properties": {"rol": "seguidor", "id": "TK1019", "tipo": "Medio", "axis_azimuth": 0, "punto": "eje de unidad (no el motor)", "ncu": 12, "gw": 12, "axis_tilt": 0, "max_angle": 55, "backtrack": true, "gcr": 0.397, "cross_axis_tilt": 0}}, {"type": "Feature", "geometry": {"type": "Point", "coordinates": [14.898125, 37.3668758]}, "properties": {"rol": "seguidor", "id": "TK1020", "tipo": "Medio", "axis_azimuth": 0, "punto": "eje de unidad (no el motor)", "ncu": 12, "gw": 12, "axis_tilt": 0, "max_angle": 55, "backtrack": true, "gcr": 0.397, "cross_axis_tilt": 0}}, {"type": "Feature", "geometry": {"type": "Point", "coordinates": [14.8980067, 37.3668757]}, "properties": {"rol": "seguidor", "id": "TK1021", "tipo": "Medio", "axis_azimuth": 0, "punto": "eje de unidad (no el motor)", "ncu": 12, "gw": 12, "axis_tilt": 0, "max_angle": 55, "backtrack": true, "gcr": 0.397, "cross_axis_tilt": 0}}, {"type": "Feature", "geometry": {"type": "Point", "coordinates": [14.8978883, 37.3669223]}, "properties": {"rol": "seguidor", "id": "TK1022", "tipo": "Medio", "axis_azimuth": 0, "punto": "eje de unidad (no el motor)", "ncu": 12, "gw": 12, "axis_tilt": 0, "max_angle": 55, "backtrack": true, "gcr": 0.397, "cross_axis_tilt": 0}}, {"type": "Feature", "geometry": {"type": "Point", "coordinates": [14.8977698, 37.3670388]}, "properties": {"rol": "seguidor", "id": "TK1023", "tipo": "Medio", "axis_azimuth": 0, "punto": "eje de unidad (no el motor)", "ncu": 12, "gw": 12, "axis_tilt": 0, "max_angle": 55, "backtrack": true, "gcr": 0.397, "cross_axis_tilt": 0}}, {"type": "Feature", "geometry": {"type": "Point", "coordinates": [14.8976514, 37.3670517]}, "properties": {"rol": "seguidor", "id": "TK1024", "tipo": "Medio", "axis_azimuth": 0, "punto": "eje de unidad (no el motor)", "ncu": 12, "gw": 12, "axis_tilt": 0, "max_angle": 55, "backtrack": true, "gcr": 0.397, "cross_axis_tilt": 0}}, {"type": "Feature", "geometry": {"type": "Point", "coordinates": [14.8984446, 37.3694054]}, "properties": {"rol": "seguidor", "id": "TK1025", "tipo": "Medio", "axis_azimuth": 0, "punto": "eje de unidad (no el motor)", "ncu": 10, "gw": 10, "axis_tilt": 0, "max_angle": 55, "backtrack": true, "gcr": 0.397, "cross_axis_tilt": 0}}, {"type": "Feature", "geometry": {"type": "Point", "coordinates": [14.8985629, 37.3694055]}, "properties": {"rol": "seguidor", "id": "TK1026", "tipo": "Medio", "axis_azimuth": 0, "punto": "eje de unidad (no el motor)", "ncu": 10, "gw": 10, "axis_tilt": 0, "max_angle": 55, "backtrack": true, "gcr": 0.397, "cross_axis_tilt": 0}}, {"type": "Feature", "geometry": {"type": "Point", "coordinates": [14.8986813, 37.3694056]}, "properties": {"rol": "seguidor", "id": "TK1027", "tipo": "Medio", "axis_azimuth": 0, "punto": "eje de unidad (no el motor)", "ncu": 10, "gw": 10, "axis_tilt": 0, "max_angle": 55, "backtrack": true, "gcr": 0.397, "cross_axis_tilt": 0}}, {"type": "Feature", "geometry": {"type": "Point", "coordinates": [14.8987997, 37.3694057]}, "properties": {"rol": "seguidor", "id": "TK1028", "tipo": "Medio", "axis_azimuth": 0, "punto": "eje de unidad (no el motor)", "ncu": 10, "gw": 10, "axis_tilt": 0, "max_angle": 55, "backtrack": true, "gcr": 0.397, "cross_axis_tilt": 0}}, {"type": "Feature", "geometry": {"type": "Point", "coordinates": [14.898918, 37.3694058]}, "properties": {"rol": "seguidor", "id": "TK1029", "tipo": "Medio", "axis_azimuth": 0, "punto": "eje de unidad (no el motor)", "ncu": 10, "gw": 10, "axis_tilt": 0, "max_angle": 55, "backtrack": true, "gcr": 0.397, "cross_axis_tilt": 0}}, {"type": "Feature", "geometry": {"type": "Point", "coordinates": [14.8942964, 37.3722004]}, "properties": {"rol": "seguidor", "id": "TK1030", "tipo": "Medio", "axis_azimuth": 0, "punto": "eje de unidad (no el motor)", "ncu": 9, "gw": 9, "axis_tilt": 0, "max_angle": 55, "backtrack": true, "gcr": 0.397, "cross_axis_tilt": 0}}, {"type": "Feature", "geometry": {"type": "Point", "coordinates": [14.89348, 37.3753287]}, "properties": {"rol": "seguidor", "id": "TK1031", "tipo": "Medio", "axis_azimuth": 0, "punto": "eje de unidad (no el motor)", "ncu": 1, "gw": 1, "axis_tilt": 0, "max_angle": 55, "backtrack": true, "gcr": 0.397, "cross_axis_tilt": 0}}, {"type": "Feature", "geometry": {"type": "Point", "coordinates": [14.8935983, 37.3753288]}, "properties": {"rol": "seguidor", "id": "TK1032", "tipo": "Medio", "axis_azimuth": 0, "punto": "eje de unidad (no el motor)", "ncu": 1, "gw": 1, "axis_tilt": 0, "max_angle": 55, "backtrack": true, "gcr": 0.397, "cross_axis_tilt": 0}}, {"type": "Feature", "geometry": {"type": "Point", "coordinates": [14.8937167, 37.3753289]}, "properties": {"rol": "seguidor", "id": "TK1033", "tipo": "Medio", "axis_azimuth": 0, "punto": "eje de unidad (no el motor)", "ncu": 1, "gw": 1, "axis_tilt": 0, "max_angle": 55, "backtrack": true, "gcr": 0.397, "cross_axis_tilt": 0}}, {"type": "Feature", "geometry": {"type": "Point", "coordinates": [14.8938351, 37.375329]}, "properties": {"rol": "seguidor", "id": "TK1034", "tipo": "Medio", "axis_azimuth": 0, "punto": "eje de unidad (no el motor)", "ncu": 1, "gw": 1, "axis_tilt": 0, "max_angle": 55, "backtrack": true, "gcr": 0.397, "cross_axis_tilt": 0}}, {"type": "Feature", "geometry": {"type": "Point", "coordinates": [14.8939534, 37.3753291]}, "properties": {"rol": "seguidor", "id": "TK1035", "tipo": "Medio", "axis_azimuth": 0, "punto": "eje de unidad (no el motor)", "ncu": 1, "gw": 1, "axis_tilt": 0, "max_angle": 55, "backtrack": true, "gcr": 0.397, "cross_axis_tilt": 0}}, {"type": "Feature", "geometry": {"type": "Point", "coordinates": [14.8847187, 37.376431]}, "properties": {"rol": "seguidor", "id": "TK1036", "tipo": "Medio", "axis_azimuth": 0, "punto": "eje de unidad (no el motor)", "ncu": 2, "gw": 2, "axis_tilt": 0, "max_angle": 55, "backtrack": true, "gcr": 0.397, "cross_axis_tilt": 0}}, {"type": "Feature", "geometry": {"type": "Point", "coordinates": [14.8828298, 37.3722663]}, "properties": {"rol": "seguidor", "id": "TK1037", "tipo": "Medio", "axis_azimuth": 0, "punto": "eje de unidad (no el motor)", "ncu": 3, "gw": 3, "axis_tilt": 0, "max_angle": 55, "backtrack": true, "gcr": 0.397, "cross_axis_tilt": 0}}, {"type": "Feature", "geometry": {"type": "Point", "coordinates": [14.8816495, 37.3694636]}, "properties": {"rol": "seguidor", "id": "TK1038", "tipo": "Medio", "axis_azimuth": 0, "punto": "eje de unidad (no el motor)", "ncu": 5, "gw": 5, "axis_tilt": 0, "max_angle": 55, "backtrack": true, "gcr": 0.397, "cross_axis_tilt": 0}}, {"type": "Feature", "geometry": {"type": "Point", "coordinates": [14.8857897, 37.3732273]}, "properties": {"rol": "seguidor", "id": "TK1039", "tipo": "Medio", "axis_azimuth": 0, "punto": "eje de unidad (no el motor)", "ncu": 4, "gw": 4, "axis_tilt": 0, "max_angle": 55, "backtrack": true, "gcr": 0.397, "cross_axis_tilt": 0}}, {"type": "Feature", "geometry": {"type": "Point", "coordinates": [14.8877985, 37.3764404]}, "properties": {"rol": "seguidor", "id": "TK1040", "tipo": "Medio", "axis_azimuth": 0, "punto": "eje de unidad (no el motor)", "ncu": 2, "gw": 2, "axis_tilt": 0, "max_angle": 55, "backtrack": true, "gcr": 0.397, "cross_axis_tilt": 0}}, {"type": "Feature", "geometry": {"type": "Point", "coordinates": [14.8875627, 37.3757875]}, "properties": {"rol": "seguidor", "id": "TK1041", "tipo": "Medio", "axis_azimuth": 0, "punto": "eje de unidad (no el motor)", "ncu": 2, "gw": 2, "axis_tilt": 0, "max_angle": 55, "backtrack": true, "gcr": 0.397, "cross_axis_tilt": 0}}, {"type": "Feature", "geometry": {"type": "Point", "coordinates": [14.887209, 37.3750038]}, "properties": {"rol": "seguidor", "id": "TK1042", "tipo": "Medio", "axis_azimuth": 0, "punto": "eje de unidad (no el motor)", "ncu": 2, "gw": 2, "axis_tilt": 0, "max_angle": 55, "backtrack": true, "gcr": 0.397, "cross_axis_tilt": 0}}, {"type": "Feature", "geometry": {"type": "Point", "coordinates": [14.8865013, 37.3733437]}, "properties": {"rol": "seguidor", "id": "TK1043", "tipo": "Medio", "axis_azimuth": 0, "punto": "eje de unidad (no el motor)", "ncu": 4, "gw": 4, "axis_tilt": 0, "max_angle": 55, "backtrack": true, "gcr": 0.397, "cross_axis_tilt": 0}}, {"type": "Feature", "geometry": {"type": "Point", "coordinates": [14.886965, 37.3733484]}, "properties": {"rol": "seguidor", "id": "TK1044", "tipo": "completo", "axis_azimuth": 0, "punto": "eje de unidad (no el motor)", "ncu": 4, "gw": 4, "axis_tilt": 0, "max_angle": 55, "backtrack": true, "gcr": 0.397, "cross_axis_tilt": 0}}, {"type": "Feature", "geometry": {"type": "Point", "coordinates": [14.8856736, 37.3716897]}, "properties": {"rol": "seguidor", "id": "TK1045", "tipo": "Medio", "axis_azimuth": 0, "punto": "eje de unidad (no el motor)", "ncu": 4, "gw": 4, "axis_tilt": 0, "max_angle": 55, "backtrack": true, "gcr": 0.397, "cross_axis_tilt": 0}}, {"type": "Feature", "geometry": {"type": "Point", "coordinates": [14.8847292, 37.369506]}, "properties": {"rol": "seguidor", "id": "TK1046", "tipo": "Medio", "axis_azimuth": 0, "punto": "eje de unidad (no el motor)", "ncu": 5, "gw": 5, "axis_tilt": 0, "max_angle": 55, "backtrack": true, "gcr": 0.397, "cross_axis_tilt": 0}}, {"type": "Feature", "geometry": {"type": "Point", "coordinates": [14.8879545, 37.3694603]}, "properties": {"rol": "seguidor", "id": "TK1047", "tipo": "Medio", "axis_azimuth": 0, "punto": "eje de unidad (no el motor)", "ncu": 6, "gw": 6, "axis_tilt": 0, "max_angle": 55, "backtrack": true, "gcr": 0.397, "cross_axis_tilt": 0}}, {"type": "Feature", "geometry": {"type": "Point", "coordinates": [14.8887828, 37.3696503]}, "properties": {"rol": "seguidor", "id": "TK1048", "tipo": "Medio", "axis_azimuth": 0, "punto": "eje de unidad (no el motor)", "ncu": 6, "gw": 6, "axis_tilt": 0, "max_angle": 55, "backtrack": true, "gcr": 0.397, "cross_axis_tilt": 0}}, {"type": "Feature", "geometry": {"type": "Point", "coordinates": [14.8911407, 37.365337]}, "properties": {"rol": "seguidor", "id": "TK1049", "tipo": "Medio", "axis_azimuth": 0, "punto": "eje de unidad (no el motor)", "ncu": 11, "gw": 11, "axis_tilt": 0, "max_angle": 55, "backtrack": true, "gcr": 0.397, "cross_axis_tilt": 0}}, {"type": "Feature", "geometry": {"type": "Point", "coordinates": [14.8971776, 37.3673104]}, "properties": {"rol": "seguidor", "id": "TK1050", "tipo": "Medio", "axis_azimuth": 0, "punto": "eje de unidad (no el motor)", "ncu": 12, "gw": 12, "axis_tilt": 0, "max_angle": 55, "backtrack": true, "gcr": 0.397, "cross_axis_tilt": 0}}, {"type": "Feature", "geometry": {"type": "Point", "coordinates": [14.8970592, 37.3673751]}, "properties": {"rol": "seguidor", "id": "TK1051", "tipo": "Medio", "axis_azimuth": 0, "punto": "eje de unidad (no el motor)", "ncu": 12, "gw": 12, "axis_tilt": 0, "max_angle": 55, "backtrack": true, "gcr": 0.397, "cross_axis_tilt": 0}}, {"type": "Feature", "geometry": {"type": "Point", "coordinates": [14.8941776, 37.372492]}, "properties": {"rol": "seguidor", "id": "TK1052", "tipo": "Medio", "axis_azimuth": 0, "punto": "eje de unidad (no el motor)", "ncu": 9, "gw": 9, "axis_tilt": 0, "max_angle": 55, "backtrack": true, "gcr": 0.397, "cross_axis_tilt": 0}}, {"type": "Feature", "geometry": {"type": "Point", "coordinates": [14.8909711, 37.3769093]}, "properties": {"rol": "seguidor", "id": "TK1053", "tipo": "Medio", "axis_azimuth": 0, "punto": "eje de unidad (no el motor)", "ncu": 2, "gw": 2, "axis_tilt": 0, "max_angle": 55, "backtrack": true, "gcr": 0.397, "cross_axis_tilt": 0}}, {"type": "Feature", "geometry": {"type": "Point", "coordinates": [14.8908527, 37.3769091]}, "properties": {"rol": "seguidor", "id": "TK1054", "tipo": "Medio", "axis_azimuth": 0, "punto": "eje de unidad (no el motor)", "ncu": 2, "gw": 2, "axis_tilt": 0, "max_angle": 55, "backtrack": true, "gcr": 0.397, "cross_axis_tilt": 0}}, {"type": "Feature", "geometry": {"type": "Point", "coordinates": [14.8827113, 37.3707565]}, "properties": {"rol": "seguidor", "id": "TK1055", "tipo": "Medio", "axis_azimuth": 0, "punto": "eje de unidad (no el motor)", "ncu": 5, "gw": 5, "axis_tilt": 0, "max_angle": 55, "backtrack": true, "gcr": 0.397, "cross_axis_tilt": 0}}, {"type": "Feature", "geometry": {"type": "Point", "coordinates": [14.8825929, 37.3707563]}, "properties": {"rol": "seguidor", "id": "TK1056", "tipo": "Medio", "axis_azimuth": 0, "punto": "eje de unidad (no el motor)", "ncu": 5, "gw": 5, "axis_tilt": 0, "max_angle": 55, "backtrack": true, "gcr": 0.397, "cross_axis_tilt": 0}}, {"type": "Feature", "geometry": {"type": "Point", "coordinates": [14.8824746, 37.3707562]}, "properties": {"rol": "seguidor", "id": "TK1057", "tipo": "Medio", "axis_azimuth": 0, "punto": "eje de unidad (no el motor)", "ncu": 5, "gw": 5, "axis_tilt": 0, "max_angle": 55, "backtrack": true, "gcr": 0.397, "cross_axis_tilt": 0}}, {"type": "Feature", "geometry": {"type": "Point", "coordinates": [14.8823562, 37.3707561]}, "properties": {"rol": "seguidor", "id": "TK1058", "tipo": "Medio", "axis_azimuth": 0, "punto": "eje de unidad (no el motor)", "ncu": 5, "gw": 5, "axis_tilt": 0, "max_angle": 55, "backtrack": true, "gcr": 0.397, "cross_axis_tilt": 0}}, {"type": "Feature", "geometry": {"type": "Point", "coordinates": [14.8822379, 37.370756]}, "properties": {"rol": "seguidor", "id": "TK1059", "tipo": "Medio", "axis_azimuth": 0, "punto": "eje de unidad (no el motor)", "ncu": 5, "gw": 5, "axis_tilt": 0, "max_angle": 55, "backtrack": true, "gcr": 0.397, "cross_axis_tilt": 0}}, {"type": "Feature", "geometry": {"type": "Point", "coordinates": [14.8866221, 37.3709025]}, "properties": {"rol": "seguidor", "id": "TK1060", "tipo": "Medio", "axis_azimuth": 0, "punto": "eje de unidad (no el motor)", "ncu": 5, "gw": 5, "axis_tilt": 0, "max_angle": 55, "backtrack": true, "gcr": 0.397, "cross_axis_tilt": 0}}, {"type": "Feature", "geometry": {"type": "Point", "coordinates": [14.8865037, 37.3709024]}, "properties": {"rol": "seguidor", "id": "TK1061", "tipo": "Medio", "axis_azimuth": 0, "punto": "eje de unidad (no el motor)", "ncu": 5, "gw": 5, "axis_tilt": 0, "max_angle": 55, "backtrack": true, "gcr": 0.397, "cross_axis_tilt": 0}}, {"type": "Feature", "geometry": {"type": "Point", "coordinates": [14.8863853, 37.3709023]}, "properties": {"rol": "seguidor", "id": "TK1062", "tipo": "Medio", "axis_azimuth": 0, "punto": "eje de unidad (no el motor)", "ncu": 5, "gw": 5, "axis_tilt": 0, "max_angle": 55, "backtrack": true, "gcr": 0.397, "cross_axis_tilt": 0}}, {"type": "Feature", "geometry": {"type": "Point", "coordinates": [14.8878032, 37.3731174]}, "properties": {"rol": "seguidor", "id": "TK1063", "tipo": "Medio", "axis_azimuth": 0, "punto": "eje de unidad (no el motor)", "ncu": 4, "gw": 4, "axis_tilt": 0, "max_angle": 55, "backtrack": true, "gcr": 0.397, "cross_axis_tilt": 0}}, {"type": "Feature", "geometry": {"type": "Point", "coordinates": [14.8876848, 37.3731173]}, "properties": {"rol": "seguidor", "id": "TK1064", "tipo": "Medio", "axis_azimuth": 0, "punto": "eje de unidad (no el motor)", "ncu": 4, "gw": 4, "axis_tilt": 0, "max_angle": 55, "backtrack": true, "gcr": 0.397, "cross_axis_tilt": 0}}, {"type": "Feature", "geometry": {"type": "Point", "coordinates": [14.8902158, 37.3740011]}, "properties": {"rol": "seguidor", "id": "TK1065", "tipo": "Medio", "axis_azimuth": 0, "punto": "eje de unidad (no el motor)", "ncu": 7, "gw": 7, "axis_tilt": 0, "max_angle": 55, "backtrack": true, "gcr": 0.397, "cross_axis_tilt": 0}}, {"type": "Feature", "geometry": {"type": "Point", "coordinates": [14.8913993, 37.3741207]}, "properties": {"rol": "seguidor", "id": "TK1066", "tipo": "Medio", "axis_azimuth": 0, "punto": "eje de unidad (no el motor)", "ncu": 7, "gw": 7, "axis_tilt": 0, "max_angle": 55, "backtrack": true, "gcr": 0.397, "cross_axis_tilt": 0}}, {"type": "Feature", "geometry": {"type": "Point", "coordinates": [14.891281, 37.3740447]}, "properties": {"rol": "seguidor", "id": "TK1067", "tipo": "Medio", "axis_azimuth": 0, "punto": "eje de unidad (no el motor)", "ncu": 7, "gw": 7, "axis_tilt": 0, "max_angle": 55, "backtrack": true, "gcr": 0.397, "cross_axis_tilt": 0}}, {"type": "Feature", "geometry": {"type": "Point", "coordinates": [14.8911626, 37.3740398]}, "properties": {"rol": "seguidor", "id": "TK1068", "tipo": "Medio", "axis_azimuth": 0, "punto": "eje de unidad (no el motor)", "ncu": 7, "gw": 7, "axis_tilt": 0, "max_angle": 55, "backtrack": true, "gcr": 0.397, "cross_axis_tilt": 0}}, {"type": "Feature", "geometry": {"type": "Point", "coordinates": [14.8923462, 37.3740882]}, "properties": {"rol": "seguidor", "id": "TK1069", "tipo": "Medio", "axis_azimuth": 0, "punto": "eje de unidad (no el motor)", "ncu": 7, "gw": 7, "axis_tilt": 0, "max_angle": 55, "backtrack": true, "gcr": 0.397, "cross_axis_tilt": 0}}, {"type": "Feature", "geometry": {"type": "Point", "coordinates": [14.8919912, 37.3740737]}, "properties": {"rol": "seguidor", "id": "TK1070", "tipo": "Medio", "axis_azimuth": 0, "punto": "eje de unidad (no el motor)", "ncu": 7, "gw": 7, "axis_tilt": 0, "max_angle": 55, "backtrack": true, "gcr": 0.397, "cross_axis_tilt": 0}}, {"type": "Feature", "geometry": {"type": "Point", "coordinates": [14.8918728, 37.3740689]}, "properties": {"rol": "seguidor", "id": "TK1071", "tipo": "Medio", "axis_azimuth": 0, "punto": "eje de unidad (no el motor)", "ncu": 7, "gw": 7, "axis_tilt": 0, "max_angle": 55, "backtrack": true, "gcr": 0.397, "cross_axis_tilt": 0}}, {"type": "Feature", "geometry": {"type": "Point", "coordinates": [14.8917544, 37.374064]}, "properties": {"rol": "seguidor", "id": "TK1072", "tipo": "Medio", "axis_azimuth": 0, "punto": "eje de unidad (no el motor)", "ncu": 7, "gw": 7, "axis_tilt": 0, "max_angle": 55, "backtrack": true, "gcr": 0.397, "cross_axis_tilt": 0}}, {"type": "Feature", "geometry": {"type": "Point", "coordinates": [14.8931748, 37.3741221]}, "properties": {"rol": "seguidor", "id": "TK1073", "tipo": "Medio", "axis_azimuth": 0, "punto": "eje de unidad (no el motor)", "ncu": 7, "gw": 7, "axis_tilt": 0, "max_angle": 55, "backtrack": true, "gcr": 0.397, "cross_axis_tilt": 0}}, {"type": "Feature", "geometry": {"type": "Point", "coordinates": [14.8930564, 37.3741173]}, "properties": {"rol": "seguidor", "id": "TK1074", "tipo": "Medio", "axis_azimuth": 0, "punto": "eje de unidad (no el motor)", "ncu": 7, "gw": 7, "axis_tilt": 0, "max_angle": 55, "backtrack": true, "gcr": 0.397, "cross_axis_tilt": 0}}, {"type": "Feature", "geometry": {"type": "Point", "coordinates": [14.8891356, 37.3712117]}, "properties": {"rol": "seguidor", "id": "TK1075", "tipo": "Medio", "axis_azimuth": 0, "punto": "eje de unidad (no el motor)", "ncu": 8, "gw": 8, "axis_tilt": 0, "max_angle": 55, "backtrack": true, "gcr": 0.397, "cross_axis_tilt": 0}}, {"type": "Feature", "geometry": {"type": "Point", "coordinates": [14.886888, 37.3681964]}, "properties": {"rol": "seguidor", "id": "TK1076", "tipo": "Medio", "axis_azimuth": 0, "punto": "eje de unidad (no el motor)", "ncu": 6, "gw": 6, "axis_tilt": 0, "max_angle": 55, "backtrack": true, "gcr": 0.397, "cross_axis_tilt": 0}}, {"type": "Feature", "geometry": {"type": "Point", "coordinates": [14.8867697, 37.3681963]}, "properties": {"rol": "seguidor", "id": "TK1077", "tipo": "Medio", "axis_azimuth": 0, "punto": "eje de unidad (no el motor)", "ncu": 6, "gw": 6, "axis_tilt": 0, "max_angle": 55, "backtrack": true, "gcr": 0.397, "cross_axis_tilt": 0}}, {"type": "Feature", "geometry": {"type": "Point", "coordinates": [14.8866513, 37.3681961]}, "properties": {"rol": "seguidor", "id": "TK1078", "tipo": "Medio", "axis_azimuth": 0, "punto": "eje de unidad (no el motor)", "ncu": 6, "gw": 6, "axis_tilt": 0, "max_angle": 55, "backtrack": true, "gcr": 0.397, "cross_axis_tilt": 0}}, {"type": "Feature", "geometry": {"type": "Point", "coordinates": [14.886533, 37.368196]}, "properties": {"rol": "seguidor", "id": "TK1079", "tipo": "Medio", "axis_azimuth": 0, "punto": "eje de unidad (no el motor)", "ncu": 6, "gw": 6, "axis_tilt": 0, "max_angle": 55, "backtrack": true, "gcr": 0.397, "cross_axis_tilt": 0}}, {"type": "Feature", "geometry": {"type": "Point", "coordinates": [14.8864146, 37.3681959]}, "properties": {"rol": "seguidor", "id": "TK1080", "tipo": "Medio", "axis_azimuth": 0, "punto": "eje de unidad (no el motor)", "ncu": 6, "gw": 6, "axis_tilt": 0, "max_angle": 55, "backtrack": true, "gcr": 0.397, "cross_axis_tilt": 0}}, {"type": "Feature", "geometry": {"type": "Point", "coordinates": [14.8862962, 37.3681958]}, "properties": {"rol": "seguidor", "id": "TK1081", "tipo": "Medio", "axis_azimuth": 0, "punto": "eje de unidad (no el motor)", "ncu": 6, "gw": 6, "axis_tilt": 0, "max_angle": 55, "backtrack": true, "gcr": 0.397, "cross_axis_tilt": 0}}, {"type": "Feature", "geometry": {"type": "Point", "coordinates": [14.8861779, 37.3681957]}, "properties": {"rol": "seguidor", "id": "TK1082", "tipo": "Medio", "axis_azimuth": 0, "punto": "eje de unidad (no el motor)", "ncu": 6, "gw": 6, "axis_tilt": 0, "max_angle": 55, "backtrack": true, "gcr": 0.397, "cross_axis_tilt": 0}}, {"type": "Feature", "geometry": {"type": "Point", "coordinates": [14.8860595, 37.3681956]}, "properties": {"rol": "seguidor", "id": "TK1083", "tipo": "Medio", "axis_azimuth": 0, "punto": "eje de unidad (no el motor)", "ncu": 6, "gw": 6, "axis_tilt": 0, "max_angle": 55, "backtrack": true, "gcr": 0.397, "cross_axis_tilt": 0}}, {"type": "Feature", "geometry": {"type": "Point", "coordinates": [14.8859412, 37.3681955]}, "properties": {"rol": "seguidor", "id": "TK1084", "tipo": "Medio", "axis_azimuth": 0, "punto": "eje de unidad (no el motor)", "ncu": 6, "gw": 6, "axis_tilt": 0, "max_angle": 55, "backtrack": true, "gcr": 0.397, "cross_axis_tilt": 0}}, {"type": "Feature", "geometry": {"type": "Point", "coordinates": [14.8858228, 37.3681953]}, "properties": {"rol": "seguidor", "id": "TK1085", "tipo": "Medio", "axis_azimuth": 0, "punto": "eje de unidad (no el motor)", "ncu": 6, "gw": 6, "axis_tilt": 0, "max_angle": 55, "backtrack": true, "gcr": 0.397, "cross_axis_tilt": 0}}, {"type": "Feature", "geometry": {"type": "Point", "coordinates": [14.8857045, 37.3681952]}, "properties": {"rol": "seguidor", "id": "TK1086", "tipo": "Medio", "axis_azimuth": 0, "punto": "eje de unidad (no el motor)", "ncu": 6, "gw": 6, "axis_tilt": 0, "max_angle": 55, "backtrack": true, "gcr": 0.397, "cross_axis_tilt": 0}}, {"type": "Feature", "geometry": {"type": "Point", "coordinates": [14.8855861, 37.3681951]}, "properties": {"rol": "seguidor", "id": "TK1087", "tipo": "Medio", "axis_azimuth": 0, "punto": "eje de unidad (no el motor)", "ncu": 6, "gw": 6, "axis_tilt": 0, "max_angle": 55, "backtrack": true, "gcr": 0.397, "cross_axis_tilt": 0}}, {"type": "Feature", "geometry": {"type": "Point", "coordinates": [14.8854677, 37.368195]}, "properties": {"rol": "seguidor", "id": "TK1088", "tipo": "Medio", "axis_azimuth": 0, "punto": "eje de unidad (no el motor)", "ncu": 6, "gw": 6, "axis_tilt": 0, "max_angle": 55, "backtrack": true, "gcr": 0.397, "cross_axis_tilt": 0}}, {"type": "Feature", "geometry": {"type": "Point", "coordinates": [14.8927965, 37.366161]}, "properties": {"rol": "seguidor", "id": "TK1089", "tipo": "Medio", "axis_azimuth": 0, "punto": "eje de unidad (no el motor)", "ncu": 11, "gw": 11, "axis_tilt": 0, "max_angle": 55, "backtrack": true, "gcr": 0.397, "cross_axis_tilt": 0}}, {"type": "Feature", "geometry": {"type": "Point", "coordinates": [14.8957564, 37.3675056]}, "properties": {"rol": "seguidor", "id": "TK1090", "tipo": "Medio", "axis_azimuth": 0, "punto": "eje de unidad (no el motor)", "ncu": 12, "gw": 12, "axis_tilt": 0, "max_angle": 55, "backtrack": true, "gcr": 0.397, "cross_axis_tilt": 0}}, {"type": "Feature", "geometry": {"type": "Point", "coordinates": [14.8956381, 37.3675055]}, "properties": {"rol": "seguidor", "id": "TK1091", "tipo": "Medio", "axis_azimuth": 0, "punto": "eje de unidad (no el motor)", "ncu": 12, "gw": 12, "axis_tilt": 0, "max_angle": 55, "backtrack": true, "gcr": 0.397, "cross_axis_tilt": 0}}, {"type": "Feature", "geometry": {"type": "Point", "coordinates": [14.8955197, 37.3675054]}, "properties": {"rol": "seguidor", "id": "TK1092", "tipo": "Medio", "axis_azimuth": 0, "punto": "eje de unidad (no el motor)", "ncu": 12, "gw": 12, "axis_tilt": 0, "max_angle": 55, "backtrack": true, "gcr": 0.397, "cross_axis_tilt": 0}}, {"type": "Feature", "geometry": {"type": "Point", "coordinates": [14.8954013, 37.3675052]}, "properties": {"rol": "seguidor", "id": "TK1093", "tipo": "Medio", "axis_azimuth": 0, "punto": "eje de unidad (no el motor)", "ncu": 12, "gw": 12, "axis_tilt": 0, "max_angle": 55, "backtrack": true, "gcr": 0.397, "cross_axis_tilt": 0}}, {"type": "Feature", "geometry": {"type": "Point", "coordinates": [14.895283, 37.3675051]}, "properties": {"rol": "seguidor", "id": "TK1094", "tipo": "Medio", "axis_azimuth": 0, "punto": "eje de unidad (no el motor)", "ncu": 12, "gw": 12, "axis_tilt": 0, "max_angle": 55, "backtrack": true, "gcr": 0.397, "cross_axis_tilt": 0}}, {"type": "Feature", "geometry": {"type": "Point", "coordinates": [14.8987972, 37.3712091]}, "properties": {"rol": "seguidor", "id": "TK1095", "tipo": "Medio", "axis_azimuth": 0, "punto": "eje de unidad (no el motor)", "ncu": 10, "gw": 10, "axis_tilt": 0, "max_angle": 55, "backtrack": true, "gcr": 0.397, "cross_axis_tilt": 0}}, {"type": "Feature", "geometry": {"type": "Point", "coordinates": [14.8986789, 37.371209]}, "properties": {"rol": "seguidor", "id": "TK1096", "tipo": "Medio", "axis_azimuth": 0, "punto": "eje de unidad (no el motor)", "ncu": 10, "gw": 10, "axis_tilt": 0, "max_angle": 55, "backtrack": true, "gcr": 0.397, "cross_axis_tilt": 0}}, {"type": "Feature", "geometry": {"type": "Point", "coordinates": [14.8985605, 37.3712089]}, "properties": {"rol": "seguidor", "id": "TK1097", "tipo": "Medio", "axis_azimuth": 0, "punto": "eje de unidad (no el motor)", "ncu": 10, "gw": 10, "axis_tilt": 0, "max_angle": 55, "backtrack": true, "gcr": 0.397, "cross_axis_tilt": 0}}, {"type": "Feature", "geometry": {"type": "Point", "coordinates": [14.8984422, 37.3712088]}, "properties": {"rol": "seguidor", "id": "TK1098", "tipo": "Medio", "axis_azimuth": 0, "punto": "eje de unidad (no el motor)", "ncu": 10, "gw": 10, "axis_tilt": 0, "max_angle": 55, "backtrack": true, "gcr": 0.397, "cross_axis_tilt": 0}}, {"type": "Feature", "geometry": {"type": "Point", "coordinates": [14.8960699, 37.3735918]}, "properties": {"rol": "seguidor", "id": "TK1099", "tipo": "Medio", "axis_azimuth": 0, "punto": "eje de unidad (no el motor)", "ncu": 9, "gw": 9, "axis_tilt": 0, "max_angle": 55, "backtrack": true, "gcr": 0.397, "cross_axis_tilt": 0}}, {"type": "Feature", "geometry": {"type": "Point", "coordinates": [14.8959515, 37.3735917]}, "properties": {"rol": "seguidor", "id": "TK1100", "tipo": "Medio", "axis_azimuth": 0, "punto": "eje de unidad (no el motor)", "ncu": 9, "gw": 9, "axis_tilt": 0, "max_angle": 55, "backtrack": true, "gcr": 0.397, "cross_axis_tilt": 0}}, {"type": "Feature", "geometry": {"type": "Point", "coordinates": [14.8820033, 37.3702856]}, "properties": {"rol": "seguidor", "id": "TK1101", "tipo": "Medio", "axis_azimuth": 0, "punto": "eje de unidad (no el motor)", "ncu": 5, "gw": 5, "axis_tilt": 0, "max_angle": 55, "backtrack": true, "gcr": 0.397, "cross_axis_tilt": 0}}, {"type": "Feature", "geometry": {"type": "Point", "coordinates": [14.8828318, 37.3702864]}, "properties": {"rol": "seguidor", "id": "TK1102", "tipo": "Medio", "axis_azimuth": 0, "punto": "eje de unidad (no el motor)", "ncu": 5, "gw": 5, "axis_tilt": 0, "max_angle": 55, "backtrack": true, "gcr": 0.397, "cross_axis_tilt": 0}}, {"type": "Feature", "geometry": {"type": "Point", "coordinates": [14.8829502, 37.3702865]}, "properties": {"rol": "seguidor", "id": "TK1103", "tipo": "Medio", "axis_azimuth": 0, "punto": "eje de unidad (no el motor)", "ncu": 5, "gw": 5, "axis_tilt": 0, "max_angle": 55, "backtrack": true, "gcr": 0.397, "cross_axis_tilt": 0}}, {"type": "Feature", "geometry": {"type": "Point", "coordinates": [14.8830685, 37.3702866]}, "properties": {"rol": "seguidor", "id": "TK1104", "tipo": "Medio", "axis_azimuth": 0, "punto": "eje de unidad (no el motor)", "ncu": 5, "gw": 5, "axis_tilt": 0, "max_angle": 55, "backtrack": true, "gcr": 0.397, "cross_axis_tilt": 0}}, {"type": "Feature", "geometry": {"type": "Point", "coordinates": [14.8831869, 37.3702867]}, "properties": {"rol": "seguidor", "id": "TK1105", "tipo": "Medio", "axis_azimuth": 0, "punto": "eje de unidad (no el motor)", "ncu": 5, "gw": 5, "axis_tilt": 0, "max_angle": 55, "backtrack": true, "gcr": 0.397, "cross_axis_tilt": 0}}, {"type": "Feature", "geometry": {"type": "Point", "coordinates": [14.8833053, 37.3702869]}, "properties": {"rol": "seguidor", "id": "TK1106", "tipo": "Medio", "axis_azimuth": 0, "punto": "eje de unidad (no el motor)", "ncu": 5, "gw": 5, "axis_tilt": 0, "max_angle": 55, "backtrack": true, "gcr": 0.397, "cross_axis_tilt": 0}}, {"type": "Feature", "geometry": {"type": "Point", "coordinates": [14.8834236, 37.370287]}, "properties": {"rol": "seguidor", "id": "TK1107", "tipo": "Medio", "axis_azimuth": 0, "punto": "eje de unidad (no el motor)", "ncu": 5, "gw": 5, "axis_tilt": 0, "max_angle": 55, "backtrack": true, "gcr": 0.397, "cross_axis_tilt": 0}}, {"type": "Feature", "geometry": {"type": "Point", "coordinates": [14.887482, 37.3688202]}, "properties": {"rol": "seguidor", "id": "TK1108", "tipo": "Medio", "axis_azimuth": 0, "punto": "eje de unidad (no el motor)", "ncu": 6, "gw": 6, "axis_tilt": 0, "max_angle": 55, "backtrack": true, "gcr": 0.397, "cross_axis_tilt": 0}}, {"type": "Feature", "geometry": {"type": "Point", "coordinates": [14.8849958, 37.3672483]}, "properties": {"rol": "seguidor", "id": "TK1109", "tipo": "Medio", "axis_azimuth": 0, "punto": "eje de unidad (no el motor)", "ncu": 6, "gw": 6, "axis_tilt": 0, "max_angle": 55, "backtrack": true, "gcr": 0.397, "cross_axis_tilt": 0}}, {"type": "Feature", "geometry": {"type": "Point", "coordinates": [14.8848774, 37.3672482]}, "properties": {"rol": "seguidor", "id": "TK1110", "tipo": "Medio", "axis_azimuth": 0, "punto": "eje de unidad (no el motor)", "ncu": 6, "gw": 6, "axis_tilt": 0, "max_angle": 55, "backtrack": true, "gcr": 0.397, "cross_axis_tilt": 0}}, {"type": "Feature", "geometry": {"type": "Point", "coordinates": [14.884759, 37.3672481]}, "properties": {"rol": "seguidor", "id": "TK1111", "tipo": "Medio", "axis_azimuth": 0, "punto": "eje de unidad (no el motor)", "ncu": 6, "gw": 6, "axis_tilt": 0, "max_angle": 55, "backtrack": true, "gcr": 0.397, "cross_axis_tilt": 0}}, {"type": "Feature", "geometry": {"type": "Point", "coordinates": [14.8846407, 37.367248]}, "properties": {"rol": "seguidor", "id": "TK1112", "tipo": "Medio", "axis_azimuth": 0, "punto": "eje de unidad (no el motor)", "ncu": 6, "gw": 6, "axis_tilt": 0, "max_angle": 55, "backtrack": true, "gcr": 0.397, "cross_axis_tilt": 0}}, {"type": "Feature", "geometry": {"type": "Point", "coordinates": [14.8845223, 37.3672478]}, "properties": {"rol": "seguidor", "id": "TK1113", "tipo": "Medio", "axis_azimuth": 0, "punto": "eje de unidad (no el motor)", "ncu": 6, "gw": 6, "axis_tilt": 0, "max_angle": 55, "backtrack": true, "gcr": 0.397, "cross_axis_tilt": 0}}, {"type": "Feature", "geometry": {"type": "Point", "coordinates": [14.884404, 37.3672477]}, "properties": {"rol": "seguidor", "id": "TK1114", "tipo": "Medio", "axis_azimuth": 0, "punto": "eje de unidad (no el motor)", "ncu": 6, "gw": 6, "axis_tilt": 0, "max_angle": 55, "backtrack": true, "gcr": 0.397, "cross_axis_tilt": 0}}, {"type": "Feature", "geometry": {"type": "Point", "coordinates": [14.888074, 37.3665605]}, "properties": {"rol": "seguidor", "id": "TK1115", "tipo": "Medio", "axis_azimuth": 0, "punto": "eje de unidad (no el motor)", "ncu": 6, "gw": 6, "axis_tilt": 0, "max_angle": 55, "backtrack": true, "gcr": 0.397, "cross_axis_tilt": 0}}, {"type": "Feature", "geometry": {"type": "Point", "coordinates": [14.8879557, 37.3665604]}, "properties": {"rol": "seguidor", "id": "TK1116", "tipo": "Medio", "axis_azimuth": 0, "punto": "eje de unidad (no el motor)", "ncu": 6, "gw": 6, "axis_tilt": 0, "max_angle": 55, "backtrack": true, "gcr": 0.397, "cross_axis_tilt": 0}}, {"type": "Feature", "geometry": {"type": "Point", "coordinates": [14.8878373, 37.3665603]}, "properties": {"rol": "seguidor", "id": "TK1117", "tipo": "Medio", "axis_azimuth": 0, "punto": "eje de unidad (no el motor)", "ncu": 6, "gw": 6, "axis_tilt": 0, "max_angle": 55, "backtrack": true, "gcr": 0.397, "cross_axis_tilt": 0}}, {"type": "Feature", "geometry": {"type": "Point", "coordinates": [14.887719, 37.3665602]}, "properties": {"rol": "seguidor", "id": "TK1118", "tipo": "Medio", "axis_azimuth": 0, "punto": "eje de unidad (no el motor)", "ncu": 6, "gw": 6, "axis_tilt": 0, "max_angle": 55, "backtrack": true, "gcr": 0.397, "cross_axis_tilt": 0}}, {"type": "Feature", "geometry": {"type": "Point", "coordinates": [14.8876006, 37.3665601]}, "properties": {"rol": "seguidor", "id": "TK1119", "tipo": "Medio", "axis_azimuth": 0, "punto": "eje de unidad (no el motor)", "ncu": 6, "gw": 6, "axis_tilt": 0, "max_angle": 55, "backtrack": true, "gcr": 0.397, "cross_axis_tilt": 0}}, {"type": "Feature", "geometry": {"type": "Point", "coordinates": [14.8874823, 37.36656]}, "properties": {"rol": "seguidor", "id": "TK1120", "tipo": "Medio", "axis_azimuth": 0, "punto": "eje de unidad (no el motor)", "ncu": 6, "gw": 6, "axis_tilt": 0, "max_angle": 55, "backtrack": true, "gcr": 0.397, "cross_axis_tilt": 0}}, {"type": "Feature", "geometry": {"type": "Point", "coordinates": [14.8873639, 37.3665599]}, "properties": {"rol": "seguidor", "id": "TK1121", "tipo": "Medio", "axis_azimuth": 0, "punto": "eje de unidad (no el motor)", "ncu": 6, "gw": 6, "axis_tilt": 0, "max_angle": 55, "backtrack": true, "gcr": 0.397, "cross_axis_tilt": 0}}, {"type": "Feature", "geometry": {"type": "Point", "coordinates": [14.8856756, 37.3703387]}, "properties": {"rol": "seguidor", "id": "TK1122", "tipo": "Medio", "axis_azimuth": 0, "punto": "eje de unidad (no el motor)", "ncu": 5, "gw": 5, "axis_tilt": 0, "max_angle": 55, "backtrack": true, "gcr": 0.397, "cross_axis_tilt": 0}}, {"type": "Feature", "geometry": {"type": "Point", "coordinates": [14.8855573, 37.3703386]}, "properties": {"rol": "seguidor", "id": "TK1123", "tipo": "Medio", "axis_azimuth": 0, "punto": "eje de unidad (no el motor)", "ncu": 5, "gw": 5, "axis_tilt": 0, "max_angle": 55, "backtrack": true, "gcr": 0.397, "cross_axis_tilt": 0}}, {"type": "Feature", "geometry": {"type": "Point", "coordinates": [14.8854389, 37.3703384]}, "properties": {"rol": "seguidor", "id": "TK1124", "tipo": "Medio", "axis_azimuth": 0, "punto": "eje de unidad (no el motor)", "ncu": 5, "gw": 5, "axis_tilt": 0, "max_angle": 55, "backtrack": true, "gcr": 0.397, "cross_axis_tilt": 0}}, {"type": "Feature", "geometry": {"type": "Point", "coordinates": [14.8853197, 37.3707527]}, "properties": {"rol": "seguidor", "id": "TK1125", "tipo": "Medio", "axis_azimuth": 0, "punto": "eje de unidad (no el motor)", "ncu": 5, "gw": 5, "axis_tilt": 0, "max_angle": 55, "backtrack": true, "gcr": 0.397, "cross_axis_tilt": 0}}, {"type": "Feature", "geometry": {"type": "Point", "coordinates": [14.8874426, 37.3767547]}, "properties": {"rol": "seguidor", "id": "TK1126", "tipo": "Medio", "axis_azimuth": 0, "punto": "eje de unidad (no el motor)", "ncu": 2, "gw": 2, "axis_tilt": 0, "max_angle": 55, "backtrack": true, "gcr": 0.397, "cross_axis_tilt": 0}}, {"type": "Feature", "geometry": {"type": "Point", "coordinates": [14.8874491, 37.3724644]}, "properties": {"rol": "seguidor", "id": "TK1127", "tipo": "Medio", "axis_azimuth": 0, "punto": "eje de unidad (no el motor)", "ncu": 4, "gw": 4, "axis_tilt": 0, "max_angle": 55, "backtrack": true, "gcr": 0.397, "cross_axis_tilt": 0}}, {"type": "Feature", "geometry": {"type": "Point", "coordinates": [14.8887508, 37.3739985]}, "properties": {"rol": "seguidor", "id": "TK1128", "tipo": "Medio", "axis_azimuth": 0, "punto": "eje de unidad (no el motor)", "ncu": 4, "gw": 4, "axis_tilt": 0, "max_angle": 55, "backtrack": true, "gcr": 0.397, "cross_axis_tilt": 0}}, {"type": "Feature", "geometry": {"type": "Point", "coordinates": [14.8883957, 37.3739981]}, "properties": {"rol": "seguidor", "id": "TK1129", "tipo": "Medio", "axis_azimuth": 0, "punto": "eje de unidad (no el motor)", "ncu": 4, "gw": 4, "axis_tilt": 0, "max_angle": 55, "backtrack": true, "gcr": 0.397, "cross_axis_tilt": 0}}, {"type": "Feature", "geometry": {"type": "Point", "coordinates": [14.8881589, 37.3739979]}, "properties": {"rol": "seguidor", "id": "TK1130", "tipo": "Medio", "axis_azimuth": 0, "punto": "eje de unidad (no el motor)", "ncu": 4, "gw": 4, "axis_tilt": 0, "max_angle": 55, "backtrack": true, "gcr": 0.397, "cross_axis_tilt": 0}}, {"type": "Feature", "geometry": {"type": "Point", "coordinates": [14.8888667, 37.3756581]}, "properties": {"rol": "seguidor", "id": "TK1131", "tipo": "Medio", "axis_azimuth": 0, "punto": "eje de unidad (no el motor)", "ncu": 2, "gw": 2, "axis_tilt": 0, "max_angle": 55, "backtrack": true, "gcr": 0.397, "cross_axis_tilt": 0}}, {"type": "Feature", "geometry": {"type": "Point", "coordinates": [14.8889851, 37.3756582]}, "properties": {"rol": "seguidor", "id": "TK1132", "tipo": "Medio", "axis_azimuth": 0, "punto": "eje de unidad (no el motor)", "ncu": 2, "gw": 2, "axis_tilt": 0, "max_angle": 55, "backtrack": true, "gcr": 0.397, "cross_axis_tilt": 0}}, {"type": "Feature", "geometry": {"type": "Point", "coordinates": [14.8891034, 37.3756583]}, "properties": {"rol": "seguidor", "id": "TK1133", "tipo": "Medio", "axis_azimuth": 0, "punto": "eje de unidad (no el motor)", "ncu": 2, "gw": 2, "axis_tilt": 0, "max_angle": 55, "backtrack": true, "gcr": 0.397, "cross_axis_tilt": 0}}, {"type": "Feature", "geometry": {"type": "Point", "coordinates": [14.8892218, 37.3756584]}, "properties": {"rol": "seguidor", "id": "TK1134", "tipo": "Medio", "axis_azimuth": 0, "punto": "eje de unidad (no el motor)", "ncu": 2, "gw": 2, "axis_tilt": 0, "max_angle": 55, "backtrack": true, "gcr": 0.397, "cross_axis_tilt": 0}}, {"type": "Feature", "geometry": {"type": "Point", "coordinates": [14.8893402, 37.3756585]}, "properties": {"rol": "seguidor", "id": "TK1135", "tipo": "Medio", "axis_azimuth": 0, "punto": "eje de unidad (no el motor)", "ncu": 2, "gw": 2, "axis_tilt": 0, "max_angle": 55, "backtrack": true, "gcr": 0.397, "cross_axis_tilt": 0}}, {"type": "Feature", "geometry": {"type": "Point", "coordinates": [14.8894585, 37.3756586]}, "properties": {"rol": "seguidor", "id": "TK1136", "tipo": "Medio", "axis_azimuth": 0, "punto": "eje de unidad (no el motor)", "ncu": 2, "gw": 2, "axis_tilt": 0, "max_angle": 55, "backtrack": true, "gcr": 0.397, "cross_axis_tilt": 0}}, {"type": "Feature", "geometry": {"type": "Point", "coordinates": [14.8892197, 37.3767593]}, "properties": {"rol": "seguidor", "id": "TK1137", "tipo": "Medio", "axis_azimuth": 0, "punto": "eje de unidad (no el motor)", "ncu": 2, "gw": 2, "axis_tilt": 0, "max_angle": 55, "backtrack": true, "gcr": 0.397, "cross_axis_tilt": 0}}, {"type": "Feature", "geometry": {"type": "Point", "coordinates": [14.889338, 37.3767594]}, "properties": {"rol": "seguidor", "id": "TK1138", "tipo": "Medio", "axis_azimuth": 0, "punto": "eje de unidad (no el motor)", "ncu": 2, "gw": 2, "axis_tilt": 0, "max_angle": 55, "backtrack": true, "gcr": 0.397, "cross_axis_tilt": 0}}, {"type": "Feature", "geometry": {"type": "Point", "coordinates": [14.8894564, 37.3767595]}, "properties": {"rol": "seguidor", "id": "TK1139", "tipo": "Medio", "axis_azimuth": 0, "punto": "eje de unidad (no el motor)", "ncu": 2, "gw": 2, "axis_tilt": 0, "max_angle": 55, "backtrack": true, "gcr": 0.397, "cross_axis_tilt": 0}}, {"type": "Feature", "geometry": {"type": "Point", "coordinates": [14.8895748, 37.3767597]}, "properties": {"rol": "seguidor", "id": "TK1140", "tipo": "Medio", "axis_azimuth": 0, "punto": "eje de unidad (no el motor)", "ncu": 2, "gw": 2, "axis_tilt": 0, "max_angle": 55, "backtrack": true, "gcr": 0.397, "cross_axis_tilt": 0}}, {"type": "Feature", "geometry": {"type": "Point", "coordinates": [14.8896931, 37.3767598]}, "properties": {"rol": "seguidor", "id": "TK1141", "tipo": "Medio", "axis_azimuth": 0, "punto": "eje de unidad (no el motor)", "ncu": 2, "gw": 2, "axis_tilt": 0, "max_angle": 55, "backtrack": true, "gcr": 0.397, "cross_axis_tilt": 0}}, {"type": "Feature", "geometry": {"type": "Point", "coordinates": [14.8924108, 37.3777415]}, "properties": {"rol": "seguidor", "id": "TK1142", "tipo": "Medio", "axis_azimuth": 0, "punto": "eje de unidad (no el motor)", "ncu": 1, "gw": 1, "axis_tilt": 0, "max_angle": 55, "backtrack": true, "gcr": 0.397, "cross_axis_tilt": 0}}, {"type": "Feature", "geometry": {"type": "Point", "coordinates": [14.8925292, 37.3777416]}, "properties": {"rol": "seguidor", "id": "TK1143", "tipo": "Medio", "axis_azimuth": 0, "punto": "eje de unidad (no el motor)", "ncu": 1, "gw": 1, "axis_tilt": 0, "max_angle": 55, "backtrack": true, "gcr": 0.397, "cross_axis_tilt": 0}}, {"type": "Feature", "geometry": {"type": "Point", "coordinates": [14.8926476, 37.3777418]}, "properties": {"rol": "seguidor", "id": "TK1144", "tipo": "Medio", "axis_azimuth": 0, "punto": "eje de unidad (no el motor)", "ncu": 1, "gw": 1, "axis_tilt": 0, "max_angle": 55, "backtrack": true, "gcr": 0.397, "cross_axis_tilt": 0}}, {"type": "Feature", "geometry": {"type": "Point", "coordinates": [14.8927659, 37.3777419]}, "properties": {"rol": "seguidor", "id": "TK1145", "tipo": "Medio", "axis_azimuth": 0, "punto": "eje de unidad (no el motor)", "ncu": 1, "gw": 1, "axis_tilt": 0, "max_angle": 55, "backtrack": true, "gcr": 0.397, "cross_axis_tilt": 0}}, {"type": "Feature", "geometry": {"type": "Point", "coordinates": [14.8928843, 37.377742]}, "properties": {"rol": "seguidor", "id": "TK1146", "tipo": "Medio", "axis_azimuth": 0, "punto": "eje de unidad (no el motor)", "ncu": 1, "gw": 1, "axis_tilt": 0, "max_angle": 55, "backtrack": true, "gcr": 0.397, "cross_axis_tilt": 0}}, {"type": "Feature", "geometry": {"type": "Point", "coordinates": [14.8930027, 37.3777421]}, "properties": {"rol": "seguidor", "id": "TK1147", "tipo": "Medio", "axis_azimuth": 0, "punto": "eje de unidad (no el motor)", "ncu": 1, "gw": 1, "axis_tilt": 0, "max_angle": 55, "backtrack": true, "gcr": 0.397, "cross_axis_tilt": 0}}, {"type": "Feature", "geometry": {"type": "Point", "coordinates": [14.8931211, 37.3777422]}, "properties": {"rol": "seguidor", "id": "TK1148", "tipo": "Medio", "axis_azimuth": 0, "punto": "eje de unidad (no el motor)", "ncu": 1, "gw": 1, "axis_tilt": 0, "max_angle": 55, "backtrack": true, "gcr": 0.397, "cross_axis_tilt": 0}}, {"type": "Feature", "geometry": {"type": "Point", "coordinates": [14.8915643, 37.3759431]}, "properties": {"rol": "seguidor", "id": "TK1149", "tipo": "Medio", "axis_azimuth": 0, "punto": "eje de unidad (no el motor)", "ncu": 1, "gw": 1, "axis_tilt": 0, "max_angle": 55, "backtrack": true, "gcr": 0.397, "cross_axis_tilt": 0}}, {"type": "Feature", "geometry": {"type": "Point", "coordinates": [14.891446, 37.375943]}, "properties": {"rol": "seguidor", "id": "TK1150", "tipo": "Medio", "axis_azimuth": 0, "punto": "eje de unidad (no el motor)", "ncu": 1, "gw": 1, "axis_tilt": 0, "max_angle": 55, "backtrack": true, "gcr": 0.397, "cross_axis_tilt": 0}}, {"type": "Feature", "geometry": {"type": "Point", "coordinates": [14.8913276, 37.3759429]}, "properties": {"rol": "seguidor", "id": "TK1151", "tipo": "Medio", "axis_azimuth": 0, "punto": "eje de unidad (no el motor)", "ncu": 1, "gw": 1, "axis_tilt": 0, "max_angle": 55, "backtrack": true, "gcr": 0.397, "cross_axis_tilt": 0}}, {"type": "Feature", "geometry": {"type": "Point", "coordinates": [14.8912092, 37.3759428]}, "properties": {"rol": "seguidor", "id": "TK1152", "tipo": "Medio", "axis_azimuth": 0, "punto": "eje de unidad (no el motor)", "ncu": 1, "gw": 1, "axis_tilt": 0, "max_angle": 55, "backtrack": true, "gcr": 0.397, "cross_axis_tilt": 0}}, {"type": "Feature", "geometry": {"type": "Point", "coordinates": [14.8906949, 37.3713351]}, "properties": {"rol": "seguidor", "id": "TK1153", "tipo": "Medio", "axis_azimuth": 0, "punto": "eje de unidad (no el motor)", "ncu": 8, "gw": 8, "axis_tilt": 0, "max_angle": 55, "backtrack": true, "gcr": 0.397, "cross_axis_tilt": 0}}, {"type": "Feature", "geometry": {"type": "Point", "coordinates": [14.8905765, 37.371335]}, "properties": {"rol": "seguidor", "id": "TK1154", "tipo": "Medio", "axis_azimuth": 0, "punto": "eje de unidad (no el motor)", "ncu": 8, "gw": 8, "axis_tilt": 0, "max_angle": 55, "backtrack": true, "gcr": 0.397, "cross_axis_tilt": 0}}, {"type": "Feature", "geometry": {"type": "Point", "coordinates": [14.8904582, 37.3713349]}, "properties": {"rol": "seguidor", "id": "TK1155", "tipo": "Medio", "axis_azimuth": 0, "punto": "eje de unidad (no el motor)", "ncu": 8, "gw": 8, "axis_tilt": 0, "max_angle": 55, "backtrack": true, "gcr": 0.397, "cross_axis_tilt": 0}}, {"type": "Feature", "geometry": {"type": "Point", "coordinates": [14.8946547, 37.3695083]}, "properties": {"rol": "seguidor", "id": "TK1156", "tipo": "Medio", "axis_azimuth": 0, "punto": "eje de unidad (no el motor)", "ncu": 9, "gw": 9, "axis_tilt": 0, "max_angle": 55, "backtrack": true, "gcr": 0.397, "cross_axis_tilt": 0}}, {"type": "Feature", "geometry": {"type": "Point", "coordinates": [14.8945363, 37.3695082]}, "properties": {"rol": "seguidor", "id": "TK1157", "tipo": "Medio", "axis_azimuth": 0, "punto": "eje de unidad (no el motor)", "ncu": 9, "gw": 9, "axis_tilt": 0, "max_angle": 55, "backtrack": true, "gcr": 0.397, "cross_axis_tilt": 0}}, {"type": "Feature", "geometry": {"type": "Point", "coordinates": [14.894418, 37.369508]}, "properties": {"rol": "seguidor", "id": "TK1158", "tipo": "Medio", "axis_azimuth": 0, "punto": "eje de unidad (no el motor)", "ncu": 9, "gw": 9, "axis_tilt": 0, "max_angle": 55, "backtrack": true, "gcr": 0.397, "cross_axis_tilt": 0}}, {"type": "Feature", "geometry": {"type": "Point", "coordinates": [14.8942996, 37.3695079]}, "properties": {"rol": "seguidor", "id": "TK1159", "tipo": "Medio", "axis_azimuth": 0, "punto": "eje de unidad (no el motor)", "ncu": 9, "gw": 9, "axis_tilt": 0, "max_angle": 55, "backtrack": true, "gcr": 0.397, "cross_axis_tilt": 0}}, {"type": "Feature", "geometry": {"type": "Point", "coordinates": [14.8941812, 37.3695078]}, "properties": {"rol": "seguidor", "id": "TK1160", "tipo": "Medio", "axis_azimuth": 0, "punto": "eje de unidad (no el motor)", "ncu": 9, "gw": 9, "axis_tilt": 0, "max_angle": 55, "backtrack": true, "gcr": 0.397, "cross_axis_tilt": 0}}, {"type": "Feature", "geometry": {"type": "Point", "coordinates": [14.8940629, 37.3695077]}, "properties": {"rol": "seguidor", "id": "TK1161", "tipo": "Medio", "axis_azimuth": 0, "punto": "eje de unidad (no el motor)", "ncu": 9, "gw": 9, "axis_tilt": 0, "max_angle": 55, "backtrack": true, "gcr": 0.397, "cross_axis_tilt": 0}}, {"type": "Feature", "geometry": {"type": "Point", "coordinates": [14.8939445, 37.3695076]}, "properties": {"rol": "seguidor", "id": "TK1162", "tipo": "Medio", "axis_azimuth": 0, "punto": "eje de unidad (no el motor)", "ncu": 9, "gw": 9, "axis_tilt": 0, "max_angle": 55, "backtrack": true, "gcr": 0.397, "cross_axis_tilt": 0}}, {"type": "Feature", "geometry": {"type": "Point", "coordinates": [14.8938262, 37.3695075]}, "properties": {"rol": "seguidor", "id": "TK1163", "tipo": "Medio", "axis_azimuth": 0, "punto": "eje de unidad (no el motor)", "ncu": 9, "gw": 9, "axis_tilt": 0, "max_angle": 55, "backtrack": true, "gcr": 0.397, "cross_axis_tilt": 0}}, {"type": "Feature", "geometry": {"type": "Point", "coordinates": [14.8937078, 37.3695074]}, "properties": {"rol": "seguidor", "id": "TK1164", "tipo": "Medio", "axis_azimuth": 0, "punto": "eje de unidad (no el motor)", "ncu": 9, "gw": 9, "axis_tilt": 0, "max_angle": 55, "backtrack": true, "gcr": 0.397, "cross_axis_tilt": 0}}, {"type": "Feature", "geometry": {"type": "Point", "coordinates": [14.8935894, 37.3695073]}, "properties": {"rol": "seguidor", "id": "TK1165", "tipo": "Medio", "axis_azimuth": 0, "punto": "eje de unidad (no el motor)", "ncu": 9, "gw": 9, "axis_tilt": 0, "max_angle": 55, "backtrack": true, "gcr": 0.397, "cross_axis_tilt": 0}}, {"type": "Feature", "geometry": {"type": "Point", "coordinates": [14.8934711, 37.3695072]}, "properties": {"rol": "seguidor", "id": "TK1166", "tipo": "Medio", "axis_azimuth": 0, "punto": "eje de unidad (no el motor)", "ncu": 9, "gw": 9, "axis_tilt": 0, "max_angle": 55, "backtrack": true, "gcr": 0.397, "cross_axis_tilt": 0}}, {"type": "Feature", "geometry": {"type": "Point", "coordinates": [14.8932344, 37.369507]}, "properties": {"rol": "seguidor", "id": "TK1167", "tipo": "Medio", "axis_azimuth": 0, "punto": "eje de unidad (no el motor)", "ncu": 11, "gw": 11, "axis_tilt": 0, "max_angle": 55, "backtrack": true, "gcr": 0.397, "cross_axis_tilt": 0}}, {"type": "Feature", "geometry": {"type": "Point", "coordinates": [14.893116, 37.3695069]}, "properties": {"rol": "seguidor", "id": "TK1168", "tipo": "Medio", "axis_azimuth": 0, "punto": "eje de unidad (no el motor)", "ncu": 11, "gw": 11, "axis_tilt": 0, "max_angle": 55, "backtrack": true, "gcr": 0.397, "cross_axis_tilt": 0}}, {"type": "Feature", "geometry": {"type": "Point", "coordinates": [14.8929976, 37.3695068]}, "properties": {"rol": "seguidor", "id": "TK1169", "tipo": "Medio", "axis_azimuth": 0, "punto": "eje de unidad (no el motor)", "ncu": 11, "gw": 11, "axis_tilt": 0, "max_angle": 55, "backtrack": true, "gcr": 0.397, "cross_axis_tilt": 0}}, {"type": "Feature", "geometry": {"type": "Point", "coordinates": [14.8940993, 37.3663923]}, "properties": {"rol": "seguidor", "id": "TK1170", "tipo": "Medio", "axis_azimuth": 0, "punto": "eje de unidad (no el motor)", "ncu": 11, "gw": 11, "axis_tilt": 0, "max_angle": 55, "backtrack": true, "gcr": 0.397, "cross_axis_tilt": 0}}, {"type": "Feature", "geometry": {"type": "Point", "coordinates": [14.8939809, 37.3663922]}, "properties": {"rol": "seguidor", "id": "TK1171", "tipo": "Medio", "axis_azimuth": 0, "punto": "eje de unidad (no el motor)", "ncu": 11, "gw": 11, "axis_tilt": 0, "max_angle": 55, "backtrack": true, "gcr": 0.397, "cross_axis_tilt": 0}}, {"type": "Feature", "geometry": {"type": "Point", "coordinates": [14.8938626, 37.3663921]}, "properties": {"rol": "seguidor", "id": "TK1172", "tipo": "Medio", "axis_azimuth": 0, "punto": "eje de unidad (no el motor)", "ncu": 11, "gw": 11, "axis_tilt": 0, "max_angle": 55, "backtrack": true, "gcr": 0.397, "cross_axis_tilt": 0}}, {"type": "Feature", "geometry": {"type": "Point", "coordinates": [14.8937442, 37.366392]}, "properties": {"rol": "seguidor", "id": "TK1173", "tipo": "Medio", "axis_azimuth": 0, "punto": "eje de unidad (no el motor)", "ncu": 11, "gw": 11, "axis_tilt": 0, "max_angle": 55, "backtrack": true, "gcr": 0.397, "cross_axis_tilt": 0}}, {"type": "Feature", "geometry": {"type": "Point", "coordinates": [14.8964671, 37.3670858]}, "properties": {"rol": "seguidor", "id": "TK1174", "tipo": "Medio", "axis_azimuth": 0, "punto": "eje de unidad (no el motor)", "ncu": 12, "gw": 12, "axis_tilt": 0, "max_angle": 55, "backtrack": true, "gcr": 0.397, "cross_axis_tilt": 0}}, {"type": "Feature", "geometry": {"type": "Point", "coordinates": [14.8965856, 37.3670211]}, "properties": {"rol": "seguidor", "id": "TK1175", "tipo": "Medio", "axis_azimuth": 0, "punto": "eje de unidad (no el motor)", "ncu": 12, "gw": 12, "axis_tilt": 0, "max_angle": 55, "backtrack": true, "gcr": 0.397, "cross_axis_tilt": 0}}, {"type": "Feature", "geometry": {"type": "Point", "coordinates": [14.896704, 37.3669565]}, "properties": {"rol": "seguidor", "id": "TK1176", "tipo": "Medio", "axis_azimuth": 0, "punto": "eje de unidad (no el motor)", "ncu": 12, "gw": 12, "axis_tilt": 0, "max_angle": 55, "backtrack": true, "gcr": 0.397, "cross_axis_tilt": 0}}, {"type": "Feature", "geometry": {"type": "Point", "coordinates": [14.8968225, 37.3668918]}, "properties": {"rol": "seguidor", "id": "TK1177", "tipo": "Medio", "axis_azimuth": 0, "punto": "eje de unidad (no el motor)", "ncu": 12, "gw": 12, "axis_tilt": 0, "max_angle": 55, "backtrack": true, "gcr": 0.397, "cross_axis_tilt": 0}}, {"type": "Feature", "geometry": {"type": "Point", "coordinates": [14.8969409, 37.3668271]}, "properties": {"rol": "seguidor", "id": "TK1178", "tipo": "Medio", "axis_azimuth": 0, "punto": "eje de unidad (no el motor)", "ncu": 12, "gw": 12, "axis_tilt": 0, "max_angle": 55, "backtrack": true, "gcr": 0.397, "cross_axis_tilt": 0}}, {"type": "Feature", "geometry": {"type": "Point", "coordinates": [14.8964669, 37.3676984]}, "properties": {"rol": "seguidor", "id": "TK1179", "tipo": "Medio", "axis_azimuth": 0, "punto": "eje de unidad (no el motor)", "ncu": 12, "gw": 12, "axis_tilt": 0, "max_angle": 55, "backtrack": true, "gcr": 0.397, "cross_axis_tilt": 0}}, {"type": "Feature", "geometry": {"type": "Point", "coordinates": [14.8965854, 37.3676337]}, "properties": {"rol": "seguidor", "id": "TK1180", "tipo": "Medio", "axis_azimuth": 0, "punto": "eje de unidad (no el motor)", "ncu": 12, "gw": 12, "axis_tilt": 0, "max_angle": 55, "backtrack": true, "gcr": 0.397, "cross_axis_tilt": 0}}, {"type": "Feature", "geometry": {"type": "Point", "coordinates": [14.8940985, 37.3681568]}, "properties": {"rol": "seguidor", "id": "TK1181", "tipo": "Medio", "axis_azimuth": 0, "punto": "eje de unidad (no el motor)", "ncu": 11, "gw": 11, "axis_tilt": 0, "max_angle": 55, "backtrack": true, "gcr": 0.397, "cross_axis_tilt": 0}}, {"type": "Feature", "geometry": {"type": "Point", "coordinates": [14.8942169, 37.3681569]}, "properties": {"rol": "seguidor", "id": "TK1182", "tipo": "Medio", "axis_azimuth": 0, "punto": "eje de unidad (no el motor)", "ncu": 11, "gw": 11, "axis_tilt": 0, "max_angle": 55, "backtrack": true, "gcr": 0.397, "cross_axis_tilt": 0}}, {"type": "Feature", "geometry": {"type": "Point", "coordinates": [14.8943352, 37.368157]}, "properties": {"rol": "seguidor", "id": "TK1183", "tipo": "Medio", "axis_azimuth": 0, "punto": "eje de unidad (no el motor)", "ncu": 11, "gw": 11, "axis_tilt": 0, "max_angle": 55, "backtrack": true, "gcr": 0.397, "cross_axis_tilt": 0}}, {"type": "Feature", "geometry": {"type": "Point", "coordinates": [14.8944536, 37.3681571]}, "properties": {"rol": "seguidor", "id": "TK1184", "tipo": "Medio", "axis_azimuth": 0, "punto": "eje de unidad (no el motor)", "ncu": 11, "gw": 11, "axis_tilt": 0, "max_angle": 55, "backtrack": true, "gcr": 0.397, "cross_axis_tilt": 0}}, {"type": "Feature", "geometry": {"type": "Point", "coordinates": [14.8945719, 37.3681572]}, "properties": {"rol": "seguidor", "id": "TK1185", "tipo": "Medio", "axis_azimuth": 0, "punto": "eje de unidad (no el motor)", "ncu": 11, "gw": 11, "axis_tilt": 0, "max_angle": 55, "backtrack": true, "gcr": 0.397, "cross_axis_tilt": 0}}, {"type": "Feature", "geometry": {"type": "Point", "coordinates": [14.8933874, 37.3688088]}, "properties": {"rol": "seguidor", "id": "TK1186", "tipo": "Medio", "axis_azimuth": 0, "punto": "eje de unidad (no el motor)", "ncu": 11, "gw": 11, "axis_tilt": 0, "max_angle": 55, "backtrack": true, "gcr": 0.397, "cross_axis_tilt": 0}}, {"type": "Feature", "geometry": {"type": "Point", "coordinates": [14.8920869, 37.3678233]}, "properties": {"rol": "seguidor", "id": "TK1187", "tipo": "Medio", "axis_azimuth": 0, "punto": "eje de unidad (no el motor)", "ncu": 11, "gw": 11, "axis_tilt": 0, "max_angle": 55, "backtrack": true, "gcr": 0.397, "cross_axis_tilt": 0}}, {"type": "Feature", "geometry": {"type": "Point", "coordinates": [14.8917318, 37.3678544]}, "properties": {"rol": "seguidor", "id": "TK1188", "tipo": "Medio", "axis_azimuth": 0, "punto": "eje de unidad (no el motor)", "ncu": 11, "gw": 11, "axis_tilt": 0, "max_angle": 55, "backtrack": true, "gcr": 0.397, "cross_axis_tilt": 0}}, {"type": "Feature", "geometry": {"type": "Point", "coordinates": [14.8916145, 37.3650815]}, "properties": {"rol": "seguidor", "id": "TK1189", "tipo": "Medio", "axis_azimuth": 0, "punto": "eje de unidad (no el motor)", "ncu": 11, "gw": 11, "axis_tilt": 0, "max_angle": 55, "backtrack": true, "gcr": 0.397, "cross_axis_tilt": 0}}, {"type": "Feature", "geometry": {"type": "Point", "coordinates": [14.8913778, 37.3650813]}, "properties": {"rol": "seguidor", "id": "TK1190", "tipo": "Medio", "axis_azimuth": 0, "punto": "eje de unidad (no el motor)", "ncu": 11, "gw": 11, "axis_tilt": 0, "max_angle": 55, "backtrack": true, "gcr": 0.397, "cross_axis_tilt": 0}}, {"type": "Feature", "geometry": {"type": "Point", "coordinates": [14.8915244, 37.3706832]}, "properties": {"rol": "seguidor", "id": "TK1191", "tipo": "Medio", "axis_azimuth": 0, "punto": "eje de unidad (no el motor)", "ncu": 8, "gw": 8, "axis_tilt": 0, "max_angle": 55, "backtrack": true, "gcr": 0.397, "cross_axis_tilt": 0}}, {"type": "Feature", "geometry": {"type": "Point", "coordinates": [14.8916427, 37.3706833]}, "properties": {"rol": "seguidor", "id": "TK1192", "tipo": "Medio", "axis_azimuth": 0, "punto": "eje de unidad (no el motor)", "ncu": 8, "gw": 8, "axis_tilt": 0, "max_angle": 55, "backtrack": true, "gcr": 0.397, "cross_axis_tilt": 0}}, {"type": "Feature", "geometry": {"type": "Point", "coordinates": [14.8917611, 37.3706834]}, "properties": {"rol": "seguidor", "id": "TK1193", "tipo": "Medio", "axis_azimuth": 0, "punto": "eje de unidad (no el motor)", "ncu": 8, "gw": 8, "axis_tilt": 0, "max_angle": 55, "backtrack": true, "gcr": 0.397, "cross_axis_tilt": 0}}, {"type": "Feature", "geometry": {"type": "Point", "coordinates": [14.8918795, 37.3706835]}, "properties": {"rol": "seguidor", "id": "TK1194", "tipo": "Medio", "axis_azimuth": 0, "punto": "eje de unidad (no el motor)", "ncu": 8, "gw": 8, "axis_tilt": 0, "max_angle": 55, "backtrack": true, "gcr": 0.397, "cross_axis_tilt": 0}}, {"type": "Feature", "geometry": {"type": "Point", "coordinates": [14.8928217, 37.3722731]}, "properties": {"rol": "seguidor", "id": "TK1195", "tipo": "Medio", "axis_azimuth": 0, "punto": "eje de unidad (no el motor)", "ncu": 7, "gw": 7, "axis_tilt": 0, "max_angle": 55, "backtrack": true, "gcr": 0.397, "cross_axis_tilt": 0}}, {"type": "Feature", "geometry": {"type": "Point", "coordinates": [14.8929401, 37.3722779]}, "properties": {"rol": "seguidor", "id": "TK1196", "tipo": "Medio", "axis_azimuth": 0, "punto": "eje de unidad (no el motor)", "ncu": 7, "gw": 7, "axis_tilt": 0, "max_angle": 55, "backtrack": true, "gcr": 0.397, "cross_axis_tilt": 0}}, {"type": "Feature", "geometry": {"type": "Point", "coordinates": [14.8931759, 37.3729403]}, "properties": {"rol": "seguidor", "id": "TK1197", "tipo": "Medio", "axis_azimuth": 0, "punto": "eje de unidad (no el motor)", "ncu": 7, "gw": 7, "axis_tilt": 0, "max_angle": 55, "backtrack": true, "gcr": 0.397, "cross_axis_tilt": 0}}, {"type": "Feature", "geometry": {"type": "Point", "coordinates": [14.8989165, 37.3705375]}, "properties": {"rol": "seguidor", "id": "TK1198", "tipo": "Medio", "axis_azimuth": 0, "punto": "eje de unidad (no el motor)", "ncu": 10, "gw": 10, "axis_tilt": 0, "max_angle": 55, "backtrack": true, "gcr": 0.397, "cross_axis_tilt": 0}}, {"type": "Feature", "geometry": {"type": "Point", "coordinates": [14.8990349, 37.3705376]}, "properties": {"rol": "seguidor", "id": "TK1199", "tipo": "Medio", "axis_azimuth": 0, "punto": "eje de unidad (no el motor)", "ncu": 10, "gw": 10, "axis_tilt": 0, "max_angle": 55, "backtrack": true, "gcr": 0.397, "cross_axis_tilt": 0}}, {"type": "Feature", "geometry": {"type": "Point", "coordinates": [14.8991532, 37.3705377]}, "properties": {"rol": "seguidor", "id": "TK1200", "tipo": "Medio", "axis_azimuth": 0, "punto": "eje de unidad (no el motor)", "ncu": 10, "gw": 10, "axis_tilt": 0, "max_angle": 55, "backtrack": true, "gcr": 0.397, "cross_axis_tilt": 0}}, {"type": "Feature", "geometry": {"type": "Point", "coordinates": [14.8979713, 37.3692972]}, "properties": {"rol": "seguidor", "id": "TK1201", "tipo": "Medio", "axis_azimuth": 0, "punto": "eje de unidad (no el motor)", "ncu": 10, "gw": 10, "axis_tilt": 0, "max_angle": 55, "backtrack": true, "gcr": 0.397, "cross_axis_tilt": 0}}, {"type": "Feature", "geometry": {"type": "Point", "coordinates": [14.8980897, 37.3692973]}, "properties": {"rol": "seguidor", "id": "TK1202", "tipo": "Medio", "axis_azimuth": 0, "punto": "eje de unidad (no el motor)", "ncu": 10, "gw": 10, "axis_tilt": 0, "max_angle": 55, "backtrack": true, "gcr": 0.397, "cross_axis_tilt": 0}}, {"type": "Feature", "geometry": {"type": "Point", "coordinates": [14.8947806, 37.3763141]}, "properties": {"rol": "seguidor", "id": "TK1203", "tipo": "Medio", "axis_azimuth": 0, "punto": "eje de unidad (no el motor)", "ncu": 1, "gw": 1, "axis_tilt": 0, "max_angle": 55, "backtrack": true, "gcr": 0.397, "cross_axis_tilt": 0}}, {"type": "Feature", "geometry": {"type": "Point", "coordinates": [14.8932931, 37.3741269]}, "properties": {"rol": "seguidor", "id": "TK1204", "tipo": "Medio", "axis_azimuth": 0, "punto": "eje de unidad (no el motor)", "ncu": 7, "gw": 7, "axis_tilt": 0, "max_angle": 55, "backtrack": true, "gcr": 0.397, "cross_axis_tilt": 0}}, {"type": "Feature", "geometry": {"type": "Point", "coordinates": [14.892938, 37.3741124]}, "properties": {"rol": "seguidor", "id": "TK1205", "tipo": "Medio", "axis_azimuth": 0, "punto": "eje de unidad (no el motor)", "ncu": 7, "gw": 7, "axis_tilt": 0, "max_angle": 55, "backtrack": true, "gcr": 0.397, "cross_axis_tilt": 0}}, {"type": "Feature", "geometry": {"type": "Point", "coordinates": [14.8928197, 37.3741076]}, "properties": {"rol": "seguidor", "id": "TK1206", "tipo": "Medio", "axis_azimuth": 0, "punto": "eje de unidad (no el motor)", "ncu": 7, "gw": 7, "axis_tilt": 0, "max_angle": 55, "backtrack": true, "gcr": 0.397, "cross_axis_tilt": 0}}, {"type": "Feature", "geometry": {"type": "Point", "coordinates": [14.8961883, 37.3735919]}, "properties": {"rol": "seguidor", "id": "TK1207", "tipo": "Medio", "axis_azimuth": 0, "punto": "eje de unidad (no el motor)", "ncu": 9, "gw": 9, "axis_tilt": 0, "max_angle": 55, "backtrack": true, "gcr": 0.397, "cross_axis_tilt": 0}}, {"type": "Feature", "geometry": {"type": "Point", "coordinates": [14.8966529, 37.372944]}, "properties": {"rol": "seguidor", "id": "TK1208", "tipo": "completo", "axis_azimuth": 0, "punto": "eje de unidad (no el motor)", "ncu": 9, "gw": 9, "axis_tilt": 0, "max_angle": 55, "backtrack": true, "gcr": 0.397, "cross_axis_tilt": 0}}, {"type": "Feature", "geometry": {"type": "Point", "coordinates": [14.8966538, 37.3722913]}, "properties": {"rol": "seguidor", "id": "TK1209", "tipo": "completo", "axis_azimuth": 0, "punto": "eje de unidad (no el motor)", "ncu": 9, "gw": 9, "axis_tilt": 0, "max_angle": 55, "backtrack": true, "gcr": 0.397, "cross_axis_tilt": 0}}, {"type": "Feature", "geometry": {"type": "Point", "coordinates": [14.8963066, 37.3735921]}, "properties": {"rol": "seguidor", "id": "TK1210", "tipo": "Medio", "axis_azimuth": 0, "punto": "eje de unidad (no el motor)", "ncu": 9, "gw": 9, "axis_tilt": 0, "max_angle": 55, "backtrack": true, "gcr": 0.397, "cross_axis_tilt": 0}}, {"type": "Feature", "geometry": {"type": "Point", "coordinates": [14.8967713, 37.3729441]}, "properties": {"rol": "seguidor", "id": "TK1211", "tipo": "completo", "axis_azimuth": 0, "punto": "eje de unidad (no el motor)", "ncu": 9, "gw": 9, "axis_tilt": 0, "max_angle": 55, "backtrack": true, "gcr": 0.397, "cross_axis_tilt": 0}}, {"type": "Feature", "geometry": {"type": "Point", "coordinates": [14.8967722, 37.3722914]}, "properties": {"rol": "seguidor", "id": "TK1212", "tipo": "completo", "axis_azimuth": 0, "punto": "eje de unidad (no el motor)", "ncu": 9, "gw": 9, "axis_tilt": 0, "max_angle": 55, "backtrack": true, "gcr": 0.397, "cross_axis_tilt": 0}}, {"type": "Feature", "geometry": {"type": "Point", "coordinates": [14.8968897, 37.3729442]}, "properties": {"rol": "seguidor", "id": "TK1213", "tipo": "completo", "axis_azimuth": 0, "punto": "eje de unidad (no el motor)", "ncu": 9, "gw": 9, "axis_tilt": 0, "max_angle": 55, "backtrack": true, "gcr": 0.397, "cross_axis_tilt": 0}}, {"type": "Feature", "geometry": {"type": "Point", "coordinates": [14.8954703, 37.3722058]}, "properties": {"rol": "seguidor", "id": "TK1214", "tipo": "completo", "axis_azimuth": 0, "punto": "eje de unidad (no el motor)", "ncu": 9, "gw": 9, "axis_tilt": 0, "max_angle": 55, "backtrack": true, "gcr": 0.397, "cross_axis_tilt": 0}}, {"type": "Feature", "geometry": {"type": "Point", "coordinates": [14.8955887, 37.3722059]}, "properties": {"rol": "seguidor", "id": "TK1215", "tipo": "completo", "axis_azimuth": 0, "punto": "eje de unidad (no el motor)", "ncu": 9, "gw": 9, "axis_tilt": 0, "max_angle": 55, "backtrack": true, "gcr": 0.397, "cross_axis_tilt": 0}}, {"type": "Feature", "geometry": {"type": "Point", "coordinates": [14.895707, 37.372206]}, "properties": {"rol": "seguidor", "id": "TK1216", "tipo": "completo", "axis_azimuth": 0, "punto": "eje de unidad (no el motor)", "ncu": 9, "gw": 9, "axis_tilt": 0, "max_angle": 55, "backtrack": true, "gcr": 0.397, "cross_axis_tilt": 0}}, {"type": "Feature", "geometry": {"type": "Point", "coordinates": [14.8958254, 37.3722061]}, "properties": {"rol": "seguidor", "id": "TK1217", "tipo": "completo", "axis_azimuth": 0, "punto": "eje de unidad (no el motor)", "ncu": 9, "gw": 9, "axis_tilt": 0, "max_angle": 55, "backtrack": true, "gcr": 0.397, "cross_axis_tilt": 0}}, {"type": "Feature", "geometry": {"type": "Point", "coordinates": [14.8959438, 37.3722062]}, "properties": {"rol": "seguidor", "id": "TK1218", "tipo": "completo", "axis_azimuth": 0, "punto": "eje de unidad (no el motor)", "ncu": 9, "gw": 9, "axis_tilt": 0, "max_angle": 55, "backtrack": true, "gcr": 0.397, "cross_axis_tilt": 0}}, {"type": "Feature", "geometry": {"type": "Point", "coordinates": [14.896062, 37.3722908]}, "properties": {"rol": "seguidor", "id": "TK1219", "tipo": "completo", "axis_azimuth": 0, "punto": "eje de unidad (no el motor)", "ncu": 9, "gw": 9, "axis_tilt": 0, "max_angle": 55, "backtrack": true, "gcr": 0.397, "cross_axis_tilt": 0}}, {"type": "Feature", "geometry": {"type": "Point", "coordinates": [14.8961804, 37.3722909]}, "properties": {"rol": "seguidor", "id": "TK1220", "tipo": "completo", "axis_azimuth": 0, "punto": "eje de unidad (no el motor)", "ncu": 9, "gw": 9, "axis_tilt": 0, "max_angle": 55, "backtrack": true, "gcr": 0.397, "cross_axis_tilt": 0}}, {"type": "Feature", "geometry": {"type": "Point", "coordinates": [14.8964325, 37.3694037]}, "properties": {"rol": "seguidor", "id": "TK1221", "tipo": "Medio", "axis_azimuth": 0, "punto": "eje de unidad (no el motor)", "ncu": 10, "gw": 10, "axis_tilt": 0, "max_angle": 55, "backtrack": true, "gcr": 0.397, "cross_axis_tilt": 0}}, {"type": "Feature", "geometry": {"type": "Point", "coordinates": [14.8965508, 37.3694038]}, "properties": {"rol": "seguidor", "id": "TK1222", "tipo": "Medio", "axis_azimuth": 0, "punto": "eje de unidad (no el motor)", "ncu": 10, "gw": 10, "axis_tilt": 0, "max_angle": 55, "backtrack": true, "gcr": 0.397, "cross_axis_tilt": 0}}, {"type": "Feature", "geometry": {"type": "Point", "coordinates": [14.8966692, 37.3694039]}, "properties": {"rol": "seguidor", "id": "TK1223", "tipo": "Medio", "axis_azimuth": 0, "punto": "eje de unidad (no el motor)", "ncu": 10, "gw": 10, "axis_tilt": 0, "max_angle": 55, "backtrack": true, "gcr": 0.397, "cross_axis_tilt": 0}}, {"type": "Feature", "geometry": {"type": "Point", "coordinates": [14.8967876, 37.369404]}, "properties": {"rol": "seguidor", "id": "TK1224", "tipo": "Medio", "axis_azimuth": 0, "punto": "eje de unidad (no el motor)", "ncu": 10, "gw": 10, "axis_tilt": 0, "max_angle": 55, "backtrack": true, "gcr": 0.397, "cross_axis_tilt": 0}}, {"type": "Feature", "geometry": {"type": "Point", "coordinates": [14.8969059, 37.3694041]}, "properties": {"rol": "seguidor", "id": "TK1225", "tipo": "Medio", "axis_azimuth": 0, "punto": "eje de unidad (no el motor)", "ncu": 10, "gw": 10, "axis_tilt": 0, "max_angle": 55, "backtrack": true, "gcr": 0.397, "cross_axis_tilt": 0}}, {"type": "Feature", "geometry": {"type": "Point", "coordinates": [14.8970243, 37.3694042]}, "properties": {"rol": "seguidor", "id": "TK1226", "tipo": "Medio", "axis_azimuth": 0, "punto": "eje de unidad (no el motor)", "ncu": 10, "gw": 10, "axis_tilt": 0, "max_angle": 55, "backtrack": true, "gcr": 0.397, "cross_axis_tilt": 0}}, {"type": "Feature", "geometry": {"type": "Point", "coordinates": [14.8971426, 37.3694043]}, "properties": {"rol": "seguidor", "id": "TK1227", "tipo": "Medio", "axis_azimuth": 0, "punto": "eje de unidad (no el motor)", "ncu": 10, "gw": 10, "axis_tilt": 0, "max_angle": 55, "backtrack": true, "gcr": 0.397, "cross_axis_tilt": 0}}, {"type": "Feature", "geometry": {"type": "Point", "coordinates": [14.897261, 37.3694044]}, "properties": {"rol": "seguidor", "id": "TK1228", "tipo": "Medio", "axis_azimuth": 0, "punto": "eje de unidad (no el motor)", "ncu": 10, "gw": 10, "axis_tilt": 0, "max_angle": 55, "backtrack": true, "gcr": 0.397, "cross_axis_tilt": 0}}, {"type": "Feature", "geometry": {"type": "Point", "coordinates": [14.891256, 37.3694821]}, "properties": {"rol": "seguidor", "id": "TK1229", "tipo": "Medio", "axis_azimuth": 0, "punto": "eje de unidad (no el motor)", "ncu": 8, "gw": 8, "axis_tilt": 0, "max_angle": 55, "backtrack": true, "gcr": 0.397, "cross_axis_tilt": 0}}, {"type": "Feature", "geometry": {"type": "Point", "coordinates": [14.894773, 37.3695084]}, "properties": {"rol": "seguidor", "id": "TK1230", "tipo": "Medio", "axis_azimuth": 0, "punto": "eje de unidad (no el motor)", "ncu": 9, "gw": 9, "axis_tilt": 0, "max_angle": 55, "backtrack": true, "gcr": 0.397, "cross_axis_tilt": 0}}, {"type": "Feature", "geometry": {"type": "Point", "coordinates": [14.8879458, 37.368812]}, "properties": {"rol": "seguidor", "id": "TK1231", "tipo": "completo", "axis_azimuth": 0, "punto": "eje de unidad (no el motor)", "ncu": 6, "gw": 6, "axis_tilt": 0, "max_angle": 55, "backtrack": true, "gcr": 0.397, "cross_axis_tilt": 0}}, {"type": "Feature", "geometry": {"type": "Point", "coordinates": [14.8893723, 37.3712119]}, "properties": {"rol": "seguidor", "id": "TK1232", "tipo": "Medio", "axis_azimuth": 0, "punto": "eje de unidad (no el motor)", "ncu": 8, "gw": 8, "axis_tilt": 0, "max_angle": 55, "backtrack": true, "gcr": 0.397, "cross_axis_tilt": 0}}, {"type": "Feature", "geometry": {"type": "Point", "coordinates": [14.8852032, 37.3691749]}, "properties": {"rol": "seguidor", "id": "TK1233", "tipo": "Medio", "axis_azimuth": 0, "punto": "eje de unidad (no el motor)", "ncu": 5, "gw": 5, "axis_tilt": 0, "max_angle": 55, "backtrack": true, "gcr": 0.397, "cross_axis_tilt": 0}}, {"type": "Feature", "geometry": {"type": "Point", "coordinates": [14.8853215, 37.369175]}, "properties": {"rol": "seguidor", "id": "TK1234", "tipo": "Medio", "axis_azimuth": 0, "punto": "eje de unidad (no el motor)", "ncu": 5, "gw": 5, "axis_tilt": 0, "max_angle": 55, "backtrack": true, "gcr": 0.397, "cross_axis_tilt": 0}}, {"type": "Feature", "geometry": {"type": "Point", "coordinates": [14.8854399, 37.3691751]}, "properties": {"rol": "seguidor", "id": "TK1235", "tipo": "Medio", "axis_azimuth": 0, "punto": "eje de unidad (no el motor)", "ncu": 5, "gw": 5, "axis_tilt": 0, "max_angle": 55, "backtrack": true, "gcr": 0.397, "cross_axis_tilt": 0}}, {"type": "Feature", "geometry": {"type": "Point", "coordinates": [14.8859124, 37.3703389]}, "properties": {"rol": "seguidor", "id": "TK1236", "tipo": "Medio", "axis_azimuth": 0, "punto": "eje de unidad (no el motor)", "ncu": 5, "gw": 5, "axis_tilt": 0, "max_angle": 55, "backtrack": true, "gcr": 0.397, "cross_axis_tilt": 0}}, {"type": "Feature", "geometry": {"type": "Point", "coordinates": [14.885794, 37.3703388]}, "properties": {"rol": "seguidor", "id": "TK1237", "tipo": "Medio", "axis_azimuth": 0, "punto": "eje de unidad (no el motor)", "ncu": 5, "gw": 5, "axis_tilt": 0, "max_angle": 55, "backtrack": true, "gcr": 0.397, "cross_axis_tilt": 0}}, {"type": "Feature", "geometry": {"type": "Point", "coordinates": [14.8861491, 37.3703391]}, "properties": {"rol": "seguidor", "id": "TK1238", "tipo": "Medio", "axis_azimuth": 0, "punto": "eje de unidad (no el motor)", "ncu": 5, "gw": 5, "axis_tilt": 0, "max_angle": 55, "backtrack": true, "gcr": 0.397, "cross_axis_tilt": 0}}, {"type": "Feature", "geometry": {"type": "Point", "coordinates": [14.8860307, 37.370339]}, "properties": {"rol": "seguidor", "id": "TK1239", "tipo": "Medio", "axis_azimuth": 0, "punto": "eje de unidad (no el motor)", "ncu": 5, "gw": 5, "axis_tilt": 0, "max_angle": 55, "backtrack": true, "gcr": 0.397, "cross_axis_tilt": 0}}, {"type": "Feature", "geometry": {"type": "Point", "coordinates": [14.887451, 37.3698297]}, "properties": {"rol": "seguidor", "id": "TK1240", "tipo": "Medio", "axis_azimuth": 0, "punto": "eje de unidad (no el motor)", "ncu": 5, "gw": 5, "axis_tilt": 0, "max_angle": 55, "backtrack": true, "gcr": 0.397, "cross_axis_tilt": 0}}, {"type": "Feature", "geometry": {"type": "Point", "coordinates": [14.8821217, 37.3702857]}, "properties": {"rol": "seguidor", "id": "TK1241", "tipo": "Medio", "axis_azimuth": 0, "punto": "eje de unidad (no el motor)", "ncu": 5, "gw": 5, "axis_tilt": 0, "max_angle": 55, "backtrack": true, "gcr": 0.397, "cross_axis_tilt": 0}}, {"type": "Feature", "geometry": {"type": "Point", "coordinates": [14.88224, 37.3702858]}, "properties": {"rol": "seguidor", "id": "TK1242", "tipo": "Medio", "axis_azimuth": 0, "punto": "eje de unidad (no el motor)", "ncu": 5, "gw": 5, "axis_tilt": 0, "max_angle": 55, "backtrack": true, "gcr": 0.397, "cross_axis_tilt": 0}}, {"type": "Feature", "geometry": {"type": "Point", "coordinates": [14.8823584, 37.3702859]}, "properties": {"rol": "seguidor", "id": "TK1243", "tipo": "Medio", "axis_azimuth": 0, "punto": "eje de unidad (no el motor)", "ncu": 5, "gw": 5, "axis_tilt": 0, "max_angle": 55, "backtrack": true, "gcr": 0.397, "cross_axis_tilt": 0}}, {"type": "Feature", "geometry": {"type": "Point", "coordinates": [14.8824767, 37.370286]}, "properties": {"rol": "seguidor", "id": "TK1244", "tipo": "Medio", "axis_azimuth": 0, "punto": "eje de unidad (no el motor)", "ncu": 5, "gw": 5, "axis_tilt": 0, "max_angle": 55, "backtrack": true, "gcr": 0.397, "cross_axis_tilt": 0}}, {"type": "Feature", "geometry": {"type": "Point", "coordinates": [14.8825951, 37.3702862]}, "properties": {"rol": "seguidor", "id": "TK1245", "tipo": "Medio", "axis_azimuth": 0, "punto": "eje de unidad (no el motor)", "ncu": 5, "gw": 5, "axis_tilt": 0, "max_angle": 55, "backtrack": true, "gcr": 0.397, "cross_axis_tilt": 0}}, {"type": "Feature", "geometry": {"type": "Point", "coordinates": [14.8827135, 37.3702863]}, "properties": {"rol": "seguidor", "id": "TK1246", "tipo": "Medio", "axis_azimuth": 0, "punto": "eje de unidad (no el motor)", "ncu": 5, "gw": 5, "axis_tilt": 0, "max_angle": 55, "backtrack": true, "gcr": 0.397, "cross_axis_tilt": 0}}, {"type": "Feature", "geometry": {"type": "Point", "coordinates": [14.8818852, 37.370121]}, "properties": {"rol": "seguidor", "id": "TK1247", "tipo": "Medio", "axis_azimuth": 0, "punto": "eje de unidad (no el motor)", "ncu": 5, "gw": 5, "axis_tilt": 0, "max_angle": 55, "backtrack": true, "gcr": 0.397, "cross_axis_tilt": 0}}, {"type": "Feature", "geometry": {"type": "Point", "coordinates": [14.8835388, 37.3732483]}, "properties": {"rol": "seguidor", "id": "TK1248", "tipo": "Medio", "axis_azimuth": 0, "punto": "eje de unidad (no el motor)", "ncu": 3, "gw": 3, "axis_tilt": 0, "max_angle": 55, "backtrack": true, "gcr": 0.397, "cross_axis_tilt": 0}}, {"type": "Feature", "geometry": {"type": "Point", "coordinates": [14.8836571, 37.3732485]}, "properties": {"rol": "seguidor", "id": "TK1249", "tipo": "Medio", "axis_azimuth": 0, "punto": "eje de unidad (no el motor)", "ncu": 3, "gw": 3, "axis_tilt": 0, "max_angle": 55, "backtrack": true, "gcr": 0.397, "cross_axis_tilt": 0}}, {"type": "Feature", "geometry": {"type": "Point", "coordinates": [14.8838939, 37.3732487]}, "properties": {"rol": "seguidor", "id": "TK1250", "tipo": "Medio", "axis_azimuth": 0, "punto": "eje de unidad (no el motor)", "ncu": 3, "gw": 3, "axis_tilt": 0, "max_angle": 55, "backtrack": true, "gcr": 0.397, "cross_axis_tilt": 0}}, {"type": "Feature", "geometry": {"type": "Point", "coordinates": [14.883302, 37.3732481]}, "properties": {"rol": "seguidor", "id": "TK1251", "tipo": "Medio", "axis_azimuth": 0, "punto": "eje de unidad (no el motor)", "ncu": 3, "gw": 3, "axis_tilt": 0, "max_angle": 55, "backtrack": true, "gcr": 0.397, "cross_axis_tilt": 0}}, {"type": "Feature", "geometry": {"type": "Point", "coordinates": [14.8838837, 37.3735846]}, "properties": {"rol": "seguidor", "id": "TK1252", "tipo": "completo", "axis_azimuth": 0, "punto": "eje de unidad (no el motor)", "ncu": 3, "gw": 3, "axis_tilt": 0, "max_angle": 55, "backtrack": true, "gcr": 0.397, "cross_axis_tilt": 0}}, {"type": "Feature", "geometry": {"type": "Point", "coordinates": [14.8860121, 37.3757839]}, "properties": {"rol": "seguidor", "id": "TK1253", "tipo": "completo", "axis_azimuth": 0, "punto": "eje de unidad (no el motor)", "ncu": 2, "gw": 2, "axis_tilt": 0, "max_angle": 55, "backtrack": true, "gcr": 0.397, "cross_axis_tilt": 0}}, {"type": "Feature", "geometry": {"type": "Point", "coordinates": [14.8861305, 37.375784]}, "properties": {"rol": "seguidor", "id": "TK1254", "tipo": "completo", "axis_azimuth": 0, "punto": "eje de unidad (no el motor)", "ncu": 2, "gw": 2, "axis_tilt": 0, "max_angle": 55, "backtrack": true, "gcr": 0.397, "cross_axis_tilt": 0}}, {"type": "Feature", "geometry": {"type": "Point", "coordinates": [14.8880369, 37.3753257]}, "properties": {"rol": "seguidor", "id": "TK1255", "tipo": "Medio", "axis_azimuth": 0, "punto": "eje de unidad (no el motor)", "ncu": 2, "gw": 2, "axis_tilt": 0, "max_angle": 55, "backtrack": true, "gcr": 0.397, "cross_axis_tilt": 0}}, {"type": "Feature", "geometry": {"type": "Point", "coordinates": [14.8874472, 37.3739972]}, "properties": {"rol": "seguidor", "id": "TK1256", "tipo": "Medio", "axis_azimuth": 0, "punto": "eje de unidad (no el motor)", "ncu": 4, "gw": 4, "axis_tilt": 0, "max_angle": 55, "backtrack": true, "gcr": 0.397, "cross_axis_tilt": 0}}, {"type": "Feature", "geometry": {"type": "Point", "coordinates": [14.8888542, 37.3764458]}, "properties": {"rol": "seguidor", "id": "TK1257", "tipo": "completo", "axis_azimuth": 0, "punto": "eje de unidad (no el motor)", "ncu": 2, "gw": 2, "axis_tilt": 0, "max_angle": 55, "backtrack": true, "gcr": 0.397, "cross_axis_tilt": 0}}, {"type": "Feature", "geometry": {"type": "Point", "coordinates": [14.8871948, 37.3764377]}, "properties": {"rol": "seguidor", "id": "TK1258", "tipo": "completo", "axis_azimuth": 0, "punto": "eje de unidad (no el motor)", "ncu": 2, "gw": 2, "axis_tilt": 0, "max_angle": 55, "backtrack": true, "gcr": 0.397, "cross_axis_tilt": 0}}, {"type": "Feature", "geometry": {"type": "Point", "coordinates": [14.8867257, 37.3740832]}, "properties": {"rol": "seguidor", "id": "TK1259", "tipo": "completo", "axis_azimuth": 0, "punto": "eje de unidad (no el motor)", "ncu": 4, "gw": 4, "axis_tilt": 0, "max_angle": 55, "backtrack": true, "gcr": 0.397, "cross_axis_tilt": 0}}, {"type": "Feature", "geometry": {"type": "Point", "coordinates": [14.8850713, 37.3717024]}, "properties": {"rol": "seguidor", "id": "TK1260", "tipo": "completo", "axis_azimuth": 0, "punto": "eje de unidad (no el motor)", "ncu": 4, "gw": 4, "axis_tilt": 0, "max_angle": 55, "backtrack": true, "gcr": 0.397, "cross_axis_tilt": 0}}, {"type": "Feature", "geometry": {"type": "Point", "coordinates": [14.8911591, 37.3710392]}, "properties": {"rol": "seguidor", "id": "TK1261", "tipo": "completo", "axis_azimuth": 0, "punto": "eje de unidad (no el motor)", "ncu": 8, "gw": 8, "axis_tilt": 0, "max_angle": 55, "backtrack": true, "gcr": 0.397, "cross_axis_tilt": 0}}, {"type": "Feature", "geometry": {"type": "Point", "coordinates": [14.8971677, 37.367509]}, "properties": {"rol": "seguidor", "id": "TK1262", "tipo": "completo", "axis_azimuth": 0, "punto": "eje de unidad (no el motor)", "ncu": 12, "gw": 12, "axis_tilt": 0, "max_angle": 55, "backtrack": true, "gcr": 0.397, "cross_axis_tilt": 0}}, {"type": "Feature", "geometry": {"type": "Point", "coordinates": [14.8838884, 37.3696346]}, "properties": {"rol": "seguidor", "id": "TK1263", "tipo": "completo", "axis_azimuth": 0, "punto": "eje de unidad (no el motor)", "ncu": 5, "gw": 5, "axis_tilt": 0, "max_angle": 55, "backtrack": true, "gcr": 0.397, "cross_axis_tilt": 0}}, {"type": "Feature", "geometry": {"type": "Point", "coordinates": [14.8840068, 37.3696347]}, "properties": {"rol": "seguidor", "id": "TK1264", "tipo": "completo", "axis_azimuth": 0, "punto": "eje de unidad (no el motor)", "ncu": 5, "gw": 5, "axis_tilt": 0, "max_angle": 55, "backtrack": true, "gcr": 0.397, "cross_axis_tilt": 0}}, {"type": "Feature", "geometry": {"type": "Point", "coordinates": [14.8841251, 37.3696348]}, "properties": {"rol": "seguidor", "id": "TK1265", "tipo": "completo", "axis_azimuth": 0, "punto": "eje de unidad (no el motor)", "ncu": 5, "gw": 5, "axis_tilt": 0, "max_angle": 55, "backtrack": true, "gcr": 0.397, "cross_axis_tilt": 0}}, {"type": "Feature", "geometry": {"type": "Point", "coordinates": [14.8842435, 37.3696349]}, "properties": {"rol": "seguidor", "id": "TK1266", "tipo": "completo", "axis_azimuth": 0, "punto": "eje de unidad (no el motor)", "ncu": 5, "gw": 5, "axis_tilt": 0, "max_angle": 55, "backtrack": true, "gcr": 0.397, "cross_axis_tilt": 0}}, {"type": "Feature", "geometry": {"type": "Point", "coordinates": [14.8838894, 37.3689819]}, "properties": {"rol": "seguidor", "id": "TK1267", "tipo": "completo", "axis_azimuth": 0, "punto": "eje de unidad (no el motor)", "ncu": 5, "gw": 5, "axis_tilt": 0, "max_angle": 55, "backtrack": true, "gcr": 0.397, "cross_axis_tilt": 0}}, {"type": "Feature", "geometry": {"type": "Point", "coordinates": [14.8840078, 37.368982]}, "properties": {"rol": "seguidor", "id": "TK1268", "tipo": "completo", "axis_azimuth": 0, "punto": "eje de unidad (no el motor)", "ncu": 5, "gw": 5, "axis_tilt": 0, "max_angle": 55, "backtrack": true, "gcr": 0.397, "cross_axis_tilt": 0}}, {"type": "Feature", "geometry": {"type": "Point", "coordinates": [14.8841261, 37.3689821]}, "properties": {"rol": "seguidor", "id": "TK1269", "tipo": "completo", "axis_azimuth": 0, "punto": "eje de unidad (no el motor)", "ncu": 5, "gw": 5, "axis_tilt": 0, "max_angle": 55, "backtrack": true, "gcr": 0.397, "cross_axis_tilt": 0}}, {"type": "Feature", "geometry": {"type": "Point", "coordinates": [14.8842445, 37.3689823]}, "properties": {"rol": "seguidor", "id": "TK1270", "tipo": "completo", "axis_azimuth": 0, "punto": "eje de unidad (no el motor)", "ncu": 5, "gw": 5, "axis_tilt": 0, "max_angle": 55, "backtrack": true, "gcr": 0.397, "cross_axis_tilt": 0}}, {"type": "Feature", "geometry": {"type": "Point", "coordinates": [14.883542, 37.3702871]}, "properties": {"rol": "seguidor", "id": "TK1271", "tipo": "Medio", "axis_azimuth": 0, "punto": "eje de unidad (no el motor)", "ncu": 5, "gw": 5, "axis_tilt": 0, "max_angle": 55, "backtrack": true, "gcr": 0.397, "cross_axis_tilt": 0}}, {"type": "Feature", "geometry": {"type": "Point", "coordinates": [14.8836603, 37.3702872]}, "properties": {"rol": "seguidor", "id": "TK1272", "tipo": "Medio", "axis_azimuth": 0, "punto": "eje de unidad (no el motor)", "ncu": 5, "gw": 5, "axis_tilt": 0, "max_angle": 55, "backtrack": true, "gcr": 0.397, "cross_axis_tilt": 0}}, {"type": "Feature", "geometry": {"type": "Point", "coordinates": [14.8837787, 37.3702873]}, "properties": {"rol": "seguidor", "id": "TK1273", "tipo": "Medio", "axis_azimuth": 0, "punto": "eje de unidad (no el motor)", "ncu": 5, "gw": 5, "axis_tilt": 0, "max_angle": 55, "backtrack": true, "gcr": 0.397, "cross_axis_tilt": 0}}, {"type": "Feature", "geometry": {"type": "Point", "coordinates": [14.8838971, 37.3702874]}, "properties": {"rol": "seguidor", "id": "TK1274", "tipo": "Medio", "axis_azimuth": 0, "punto": "eje de unidad (no el motor)", "ncu": 5, "gw": 5, "axis_tilt": 0, "max_angle": 55, "backtrack": true, "gcr": 0.397, "cross_axis_tilt": 0}}, {"type": "Feature", "geometry": {"type": "Point", "coordinates": [14.8843618, 37.369635]}, "properties": {"rol": "seguidor", "id": "TK1275", "tipo": "completo", "axis_azimuth": 0, "punto": "eje de unidad (no el motor)", "ncu": 5, "gw": 5, "axis_tilt": 0, "max_angle": 55, "backtrack": true, "gcr": 0.397, "cross_axis_tilt": 0}}, {"type": "Feature", "geometry": {"type": "Point", "coordinates": [14.8844802, 37.3696352]}, "properties": {"rol": "seguidor", "id": "TK1276", "tipo": "completo", "axis_azimuth": 0, "punto": "eje de unidad (no el motor)", "ncu": 5, "gw": 5, "axis_tilt": 0, "max_angle": 55, "backtrack": true, "gcr": 0.397, "cross_axis_tilt": 0}}, {"type": "Feature", "geometry": {"type": "Point", "coordinates": [14.8845986, 37.3696353]}, "properties": {"rol": "seguidor", "id": "TK1277", "tipo": "completo", "axis_azimuth": 0, "punto": "eje de unidad (no el motor)", "ncu": 5, "gw": 5, "axis_tilt": 0, "max_angle": 55, "backtrack": true, "gcr": 0.397, "cross_axis_tilt": 0}}, {"type": "Feature", "geometry": {"type": "Point", "coordinates": [14.8847169, 37.3696354]}, "properties": {"rol": "seguidor", "id": "TK1278", "tipo": "completo", "axis_azimuth": 0, "punto": "eje de unidad (no el motor)", "ncu": 5, "gw": 5, "axis_tilt": 0, "max_angle": 55, "backtrack": true, "gcr": 0.397, "cross_axis_tilt": 0}}, {"type": "Feature", "geometry": {"type": "Point", "coordinates": [14.8843628, 37.3689824]}, "properties": {"rol": "seguidor", "id": "TK1279", "tipo": "completo", "axis_azimuth": 0, "punto": "eje de unidad (no el motor)", "ncu": 5, "gw": 5, "axis_tilt": 0, "max_angle": 55, "backtrack": true, "gcr": 0.397, "cross_axis_tilt": 0}}, {"type": "Feature", "geometry": {"type": "Point", "coordinates": [14.8844812, 37.3689825]}, "properties": {"rol": "seguidor", "id": "TK1280", "tipo": "completo", "axis_azimuth": 0, "punto": "eje de unidad (no el motor)", "ncu": 5, "gw": 5, "axis_tilt": 0, "max_angle": 55, "backtrack": true, "gcr": 0.397, "cross_axis_tilt": 0}}, {"type": "Feature", "geometry": {"type": "Point", "coordinates": [14.8840154, 37.3702876]}, "properties": {"rol": "seguidor", "id": "TK1281", "tipo": "Medio", "axis_azimuth": 0, "punto": "eje de unidad (no el motor)", "ncu": 5, "gw": 5, "axis_tilt": 0, "max_angle": 55, "backtrack": true, "gcr": 0.397, "cross_axis_tilt": 0}}, {"type": "Feature", "geometry": {"type": "Point", "coordinates": [14.8841338, 37.3702877]}, "properties": {"rol": "seguidor", "id": "TK1282", "tipo": "Medio", "axis_azimuth": 0, "punto": "eje de unidad (no el motor)", "ncu": 5, "gw": 5, "axis_tilt": 0, "max_angle": 55, "backtrack": true, "gcr": 0.397, "cross_axis_tilt": 0}}, {"type": "Feature", "geometry": {"type": "Point", "coordinates": [14.8842522, 37.3702878]}, "properties": {"rol": "seguidor", "id": "TK1283", "tipo": "Medio", "axis_azimuth": 0, "punto": "eje de unidad (no el motor)", "ncu": 5, "gw": 5, "axis_tilt": 0, "max_angle": 55, "backtrack": true, "gcr": 0.397, "cross_axis_tilt": 0}}, {"type": "Feature", "geometry": {"type": "Point", "coordinates": [14.8843705, 37.3702879]}, "properties": {"rol": "seguidor", "id": "TK1284", "tipo": "Medio", "axis_azimuth": 0, "punto": "eje de unidad (no el motor)", "ncu": 5, "gw": 5, "axis_tilt": 0, "max_angle": 55, "backtrack": true, "gcr": 0.397, "cross_axis_tilt": 0}}, {"type": "Feature", "geometry": {"type": "Point", "coordinates": [14.8887413, 37.3725502]}, "properties": {"rol": "seguidor", "id": "TK1285", "tipo": "completo", "axis_azimuth": 0, "punto": "eje de unidad (no el motor)", "ncu": 4, "gw": 4, "axis_tilt": 0, "max_angle": 55, "backtrack": true, "gcr": 0.397, "cross_axis_tilt": 0}}, {"type": "Feature", "geometry": {"type": "Point", "coordinates": [14.8888596, 37.3725503]}, "properties": {"rol": "seguidor", "id": "TK1286", "tipo": "completo", "axis_azimuth": 0, "punto": "eje de unidad (no el motor)", "ncu": 4, "gw": 4, "axis_tilt": 0, "max_angle": 55, "backtrack": true, "gcr": 0.397, "cross_axis_tilt": 0}}, {"type": "Feature", "geometry": {"type": "Point", "coordinates": [14.888978, 37.3725504]}, "properties": {"rol": "seguidor", "id": "TK1287", "tipo": "completo", "axis_azimuth": 0, "punto": "eje de unidad (no el motor)", "ncu": 4, "gw": 4, "axis_tilt": 0, "max_angle": 55, "backtrack": true, "gcr": 0.397, "cross_axis_tilt": 0}}, {"type": "Feature", "geometry": {"type": "Point", "coordinates": [14.8885133, 37.3731983]}, "properties": {"rol": "seguidor", "id": "TK1288", "tipo": "Medio", "axis_azimuth": 0, "punto": "eje de unidad (no el motor)", "ncu": 4, "gw": 4, "axis_tilt": 0, "max_angle": 55, "backtrack": true, "gcr": 0.397, "cross_axis_tilt": 0}}, {"type": "Feature", "geometry": {"type": "Point", "coordinates": [14.8883949, 37.3731982]}, "properties": {"rol": "seguidor", "id": "TK1289", "tipo": "Medio", "axis_azimuth": 0, "punto": "eje de unidad (no el motor)", "ncu": 4, "gw": 4, "axis_tilt": 0, "max_angle": 55, "backtrack": true, "gcr": 0.397, "cross_axis_tilt": 0}}, {"type": "Feature", "geometry": {"type": "Point", "coordinates": [14.88875, 37.3731985]}, "properties": {"rol": "seguidor", "id": "TK1290", "tipo": "Medio", "axis_azimuth": 0, "punto": "eje de unidad (no el motor)", "ncu": 4, "gw": 4, "axis_tilt": 0, "max_angle": 55, "backtrack": true, "gcr": 0.397, "cross_axis_tilt": 0}}, {"type": "Feature", "geometry": {"type": "Point", "coordinates": [14.8886316, 37.3731984]}, "properties": {"rol": "seguidor", "id": "TK1291", "tipo": "Medio", "axis_azimuth": 0, "punto": "eje de unidad (no el motor)", "ncu": 4, "gw": 4, "axis_tilt": 0, "max_angle": 55, "backtrack": true, "gcr": 0.397, "cross_axis_tilt": 0}}, {"type": "Feature", "geometry": {"type": "Point", "coordinates": [14.892585, 37.3722634]}, "properties": {"rol": "seguidor", "id": "TK1292", "tipo": "Medio", "axis_azimuth": 0, "punto": "eje de unidad (no el motor)", "ncu": 7, "gw": 7, "axis_tilt": 0, "max_angle": 55, "backtrack": true, "gcr": 0.397, "cross_axis_tilt": 0}}, {"type": "Feature", "geometry": {"type": "Point", "coordinates": [14.8927034, 37.3722682]}, "properties": {"rol": "seguidor", "id": "TK1293", "tipo": "Medio", "axis_azimuth": 0, "punto": "eje de unidad (no el motor)", "ncu": 7, "gw": 7, "axis_tilt": 0, "max_angle": 55, "backtrack": true, "gcr": 0.397, "cross_axis_tilt": 0}}, {"type": "Feature", "geometry": {"type": "Point", "coordinates": [14.8923483, 37.3722537]}, "properties": {"rol": "seguidor", "id": "TK1294", "tipo": "Medio", "axis_azimuth": 0, "punto": "eje de unidad (no el motor)", "ncu": 7, "gw": 7, "axis_tilt": 0, "max_angle": 55, "backtrack": true, "gcr": 0.397, "cross_axis_tilt": 0}}, {"type": "Feature", "geometry": {"type": "Point", "coordinates": [14.8924667, 37.3722586]}, "properties": {"rol": "seguidor", "id": "TK1295", "tipo": "Medio", "axis_azimuth": 0, "punto": "eje de unidad (no el motor)", "ncu": 7, "gw": 7, "axis_tilt": 0, "max_angle": 55, "backtrack": true, "gcr": 0.397, "cross_axis_tilt": 0}}, {"type": "Feature", "geometry": {"type": "Point", "coordinates": [14.8921116, 37.372244]}, "properties": {"rol": "seguidor", "id": "TK1296", "tipo": "Medio", "axis_azimuth": 0, "punto": "eje de unidad (no el motor)", "ncu": 7, "gw": 7, "axis_tilt": 0, "max_angle": 55, "backtrack": true, "gcr": 0.397, "cross_axis_tilt": 0}}, {"type": "Feature", "geometry": {"type": "Point", "coordinates": [14.89223, 37.3722489]}, "properties": {"rol": "seguidor", "id": "TK1297", "tipo": "Medio", "axis_azimuth": 0, "punto": "eje de unidad (no el motor)", "ncu": 7, "gw": 7, "axis_tilt": 0, "max_angle": 55, "backtrack": true, "gcr": 0.397, "cross_axis_tilt": 0}}, {"type": "Feature", "geometry": {"type": "Point", "coordinates": [14.8918749, 37.3722344]}, "properties": {"rol": "seguidor", "id": "TK1298", "tipo": "Medio", "axis_azimuth": 0, "punto": "eje de unidad (no el motor)", "ncu": 7, "gw": 7, "axis_tilt": 0, "max_angle": 55, "backtrack": true, "gcr": 0.397, "cross_axis_tilt": 0}}, {"type": "Feature", "geometry": {"type": "Point", "coordinates": [14.8919932, 37.3722392]}, "properties": {"rol": "seguidor", "id": "TK1299", "tipo": "Medio", "axis_azimuth": 0, "punto": "eje de unidad (no el motor)", "ncu": 7, "gw": 7, "axis_tilt": 0, "max_angle": 55, "backtrack": true, "gcr": 0.397, "cross_axis_tilt": 0}}, {"type": "Feature", "geometry": {"type": "Point", "coordinates": [14.8916382, 37.3722247]}, "properties": {"rol": "seguidor", "id": "TK1300", "tipo": "Medio", "axis_azimuth": 0, "punto": "eje de unidad (no el motor)", "ncu": 7, "gw": 7, "axis_tilt": 0, "max_angle": 55, "backtrack": true, "gcr": 0.397, "cross_axis_tilt": 0}}, {"type": "Feature", "geometry": {"type": "Point", "coordinates": [14.8917565, 37.3722295]}, "properties": {"rol": "seguidor", "id": "TK1301", "tipo": "Medio", "axis_azimuth": 0, "punto": "eje de unidad (no el motor)", "ncu": 7, "gw": 7, "axis_tilt": 0, "max_angle": 55, "backtrack": true, "gcr": 0.397, "cross_axis_tilt": 0}}, {"type": "Feature", "geometry": {"type": "Point", "coordinates": [14.8914015, 37.372215]}, "properties": {"rol": "seguidor", "id": "TK1302", "tipo": "Medio", "axis_azimuth": 0, "punto": "eje de unidad (no el motor)", "ncu": 7, "gw": 7, "axis_tilt": 0, "max_angle": 55, "backtrack": true, "gcr": 0.397, "cross_axis_tilt": 0}}, {"type": "Feature", "geometry": {"type": "Point", "coordinates": [14.8915198, 37.3722198]}, "properties": {"rol": "seguidor", "id": "TK1303", "tipo": "Medio", "axis_azimuth": 0, "punto": "eje de unidad (no el motor)", "ncu": 7, "gw": 7, "axis_tilt": 0, "max_angle": 55, "backtrack": true, "gcr": 0.397, "cross_axis_tilt": 0}}, {"type": "Feature", "geometry": {"type": "Point", "coordinates": [14.8911648, 37.3722053]}, "properties": {"rol": "seguidor", "id": "TK1304", "tipo": "Medio", "axis_azimuth": 0, "punto": "eje de unidad (no el motor)", "ncu": 7, "gw": 7, "axis_tilt": 0, "max_angle": 55, "backtrack": true, "gcr": 0.397, "cross_axis_tilt": 0}}, {"type": "Feature", "geometry": {"type": "Point", "coordinates": [14.8912831, 37.3722101]}, "properties": {"rol": "seguidor", "id": "TK1305", "tipo": "Medio", "axis_azimuth": 0, "punto": "eje de unidad (no el motor)", "ncu": 7, "gw": 7, "axis_tilt": 0, "max_angle": 55, "backtrack": true, "gcr": 0.397, "cross_axis_tilt": 0}}, {"type": "Feature", "geometry": {"type": "Point", "coordinates": [14.890928, 37.3721956]}, "properties": {"rol": "seguidor", "id": "TK1306", "tipo": "Medio", "axis_azimuth": 0, "punto": "eje de unidad (no el motor)", "ncu": 7, "gw": 7, "axis_tilt": 0, "max_angle": 55, "backtrack": true, "gcr": 0.397, "cross_axis_tilt": 0}}, {"type": "Feature", "geometry": {"type": "Point", "coordinates": [14.8910464, 37.3722005]}, "properties": {"rol": "seguidor", "id": "TK1307", "tipo": "Medio", "axis_azimuth": 0, "punto": "eje de unidad (no el motor)", "ncu": 7, "gw": 7, "axis_tilt": 0, "max_angle": 55, "backtrack": true, "gcr": 0.397, "cross_axis_tilt": 0}}, {"type": "Feature", "geometry": {"type": "Point", "coordinates": [14.8906913, 37.372186]}, "properties": {"rol": "seguidor", "id": "TK1308", "tipo": "Medio", "axis_azimuth": 0, "punto": "eje de unidad (no el motor)", "ncu": 7, "gw": 7, "axis_tilt": 0, "max_angle": 55, "backtrack": true, "gcr": 0.397, "cross_axis_tilt": 0}}, {"type": "Feature", "geometry": {"type": "Point", "coordinates": [14.8908097, 37.3721908]}, "properties": {"rol": "seguidor", "id": "TK1309", "tipo": "Medio", "axis_azimuth": 0, "punto": "eje de unidad (no el motor)", "ncu": 7, "gw": 7, "axis_tilt": 0, "max_angle": 55, "backtrack": true, "gcr": 0.397, "cross_axis_tilt": 0}}, {"type": "Feature", "geometry": {"type": "Point", "coordinates": [14.8904546, 37.3721763]}, "properties": {"rol": "seguidor", "id": "TK1310", "tipo": "Medio", "axis_azimuth": 0, "punto": "eje de unidad (no el motor)", "ncu": 7, "gw": 7, "axis_tilt": 0, "max_angle": 55, "backtrack": true, "gcr": 0.397, "cross_axis_tilt": 0}}, {"type": "Feature", "geometry": {"type": "Point", "coordinates": [14.890573, 37.3721811]}, "properties": {"rol": "seguidor", "id": "TK1311", "tipo": "Medio", "axis_azimuth": 0, "punto": "eje de unidad (no el motor)", "ncu": 7, "gw": 7, "axis_tilt": 0, "max_angle": 55, "backtrack": true, "gcr": 0.397, "cross_axis_tilt": 0}}, {"type": "Feature", "geometry": {"type": "Point", "coordinates": [14.8902179, 37.3721666]}, "properties": {"rol": "seguidor", "id": "TK1312", "tipo": "Medio", "axis_azimuth": 0, "punto": "eje de unidad (no el motor)", "ncu": 7, "gw": 7, "axis_tilt": 0, "max_angle": 55, "backtrack": true, "gcr": 0.397, "cross_axis_tilt": 0}}, {"type": "Feature", "geometry": {"type": "Point", "coordinates": [14.8903363, 37.3721714]}, "properties": {"rol": "seguidor", "id": "TK1313", "tipo": "Medio", "axis_azimuth": 0, "punto": "eje de unidad (no el motor)", "ncu": 7, "gw": 7, "axis_tilt": 0, "max_angle": 55, "backtrack": true, "gcr": 0.397, "cross_axis_tilt": 0}}, {"type": "Feature", "geometry": {"type": "Point", "coordinates": [14.8899812, 37.3721569]}, "properties": {"rol": "seguidor", "id": "TK1314", "tipo": "Medio", "axis_azimuth": 0, "punto": "eje de unidad (no el motor)", "ncu": 7, "gw": 7, "axis_tilt": 0, "max_angle": 55, "backtrack": true, "gcr": 0.397, "cross_axis_tilt": 0}}, {"type": "Feature", "geometry": {"type": "Point", "coordinates": [14.8900995, 37.3721617]}, "properties": {"rol": "seguidor", "id": "TK1315", "tipo": "Medio", "axis_azimuth": 0, "punto": "eje de unidad (no el motor)", "ncu": 7, "gw": 7, "axis_tilt": 0, "max_angle": 55, "backtrack": true, "gcr": 0.397, "cross_axis_tilt": 0}}, {"type": "Feature", "geometry": {"type": "Point", "coordinates": [14.8897445, 37.3721472]}, "properties": {"rol": "seguidor", "id": "TK1316", "tipo": "Medio", "axis_azimuth": 0, "punto": "eje de unidad (no el motor)", "ncu": 7, "gw": 7, "axis_tilt": 0, "max_angle": 55, "backtrack": true, "gcr": 0.397, "cross_axis_tilt": 0}}, {"type": "Feature", "geometry": {"type": "Point", "coordinates": [14.8898628, 37.3721521]}, "properties": {"rol": "seguidor", "id": "TK1317", "tipo": "Medio", "axis_azimuth": 0, "punto": "eje de unidad (no el motor)", "ncu": 7, "gw": 7, "axis_tilt": 0, "max_angle": 55, "backtrack": true, "gcr": 0.397, "cross_axis_tilt": 0}}, {"type": "Feature", "geometry": {"type": "Point", "coordinates": [14.8896261, 37.3721424]}, "properties": {"rol": "seguidor", "id": "TK1318", "tipo": "Medio", "axis_azimuth": 0, "punto": "eje de unidad (no el motor)", "ncu": 7, "gw": 7, "axis_tilt": 0, "max_angle": 55, "backtrack": true, "gcr": 0.397, "cross_axis_tilt": 0}}, {"type": "Feature", "geometry": {"type": "Point", "coordinates": [14.8958332, 37.3735916]}, "properties": {"rol": "seguidor", "id": "TK1319", "tipo": "Medio", "axis_azimuth": 0, "punto": "eje de unidad (no el motor)", "ncu": 9, "gw": 9, "axis_tilt": 0, "max_angle": 55, "backtrack": true, "gcr": 0.397, "cross_axis_tilt": 0}}, {"type": "Feature", "geometry": {"type": "Point", "coordinates": [14.8957148, 37.3735915]}, "properties": {"rol": "seguidor", "id": "TK1320", "tipo": "Medio", "axis_azimuth": 0, "punto": "eje de unidad (no el motor)", "ncu": 9, "gw": 9, "axis_tilt": 0, "max_angle": 55, "backtrack": true, "gcr": 0.397, "cross_axis_tilt": 0}}, {"type": "Feature", "geometry": {"type": "Point", "coordinates": [14.8909025, 37.3684275]}, "properties": {"rol": "seguidor", "id": "TK1321", "tipo": "Medio", "axis_azimuth": 0, "punto": "eje de unidad (no el motor)", "ncu": 11, "gw": 11, "axis_tilt": 0, "max_angle": 55, "backtrack": true, "gcr": 0.397, "cross_axis_tilt": 0}}, {"type": "Feature", "geometry": {"type": "Point", "coordinates": [14.8892242, 37.3739989]}, "properties": {"rol": "seguidor", "id": "TK1322", "tipo": "Medio", "axis_azimuth": 0, "punto": "eje de unidad (no el motor)", "ncu": 4, "gw": 4, "axis_tilt": 0, "max_angle": 55, "backtrack": true, "gcr": 0.397, "cross_axis_tilt": 0}}, {"type": "Feature", "geometry": {"type": "Point", "coordinates": [14.8895784, 37.3746519]}, "properties": {"rol": "seguidor", "id": "TK1323", "tipo": "Medio", "axis_azimuth": 0, "punto": "eje de unidad (no el motor)", "ncu": 4, "gw": 4, "axis_tilt": 0, "max_angle": 55, "backtrack": true, "gcr": 0.397, "cross_axis_tilt": 0}}, {"type": "Feature", "geometry": {"type": "Point", "coordinates": [14.8898531, 37.3721827]}, "properties": {"rol": "seguidor", "id": "TK1324", "tipo": "completo", "axis_azimuth": 0, "punto": "eje de unidad (no el motor)", "ncu": 7, "gw": 7, "axis_tilt": 0, "max_angle": 55, "backtrack": true, "gcr": 0.397, "cross_axis_tilt": 0}}, {"type": "Feature", "geometry": {"type": "Point", "coordinates": [14.8888684, 37.3731986]}, "properties": {"rol": "seguidor", "id": "TK1325", "tipo": "Medio", "axis_azimuth": 0, "punto": "eje de unidad (no el motor)", "ncu": 4, "gw": 4, "axis_tilt": 0, "max_angle": 55, "backtrack": true, "gcr": 0.397, "cross_axis_tilt": 0}}, {"type": "Feature", "geometry": {"type": "Point", "coordinates": [14.8889867, 37.3731987]}, "properties": {"rol": "seguidor", "id": "TK1326", "tipo": "Medio", "axis_azimuth": 0, "punto": "eje de unidad (no el motor)", "ncu": 4, "gw": 4, "axis_tilt": 0, "max_angle": 55, "backtrack": true, "gcr": 0.397, "cross_axis_tilt": 0}}, {"type": "Feature", "geometry": {"type": "Point", "coordinates": [14.8839297, 37.36777]}, "properties": {"rol": "seguidor", "id": "TK1327", "tipo": "Medio", "axis_azimuth": 0, "punto": "eje de unidad (no el motor)", "ncu": 5, "gw": 5, "axis_tilt": 0, "max_angle": 55, "backtrack": true, "gcr": 0.397, "cross_axis_tilt": 0}}, {"type": "Feature", "geometry": {"type": "Point", "coordinates": [14.8838114, 37.3677699]}, "properties": {"rol": "seguidor", "id": "TK1328", "tipo": "Medio", "axis_azimuth": 0, "punto": "eje de unidad (no el motor)", "ncu": 5, "gw": 5, "axis_tilt": 0, "max_angle": 55, "backtrack": true, "gcr": 0.397, "cross_axis_tilt": 0}}, {"type": "Feature", "geometry": {"type": "Point", "coordinates": [14.8905699, 37.3746683]}, "properties": {"rol": "seguidor", "id": "TK1329", "tipo": "Medio", "axis_azimuth": 0, "punto": "eje de unidad (no el motor)", "ncu": 7, "gw": 7, "axis_tilt": 0, "max_angle": 55, "backtrack": true, "gcr": 0.397, "cross_axis_tilt": 0}}, {"type": "Feature", "geometry": {"type": "Point", "coordinates": [14.8936481, 37.3742482]}, "properties": {"rol": "seguidor", "id": "TK1330", "tipo": "Medio", "axis_azimuth": 0, "punto": "eje de unidad (no el motor)", "ncu": 7, "gw": 7, "axis_tilt": 0, "max_angle": 55, "backtrack": true, "gcr": 0.397, "cross_axis_tilt": 0}}, {"type": "Feature", "geometry": {"type": "Point", "coordinates": [14.8903398, 37.3713348]}, "properties": {"rol": "seguidor", "id": "TK1331", "tipo": "Medio", "axis_azimuth": 0, "punto": "eje de unidad (no el motor)", "ncu": 8, "gw": 8, "axis_tilt": 0, "max_angle": 55, "backtrack": true, "gcr": 0.397, "cross_axis_tilt": 0}}, {"type": "Feature", "geometry": {"type": "Point", "coordinates": [14.8980803, 37.3690884]}, "properties": {"rol": "seguidor", "id": "TK1332", "tipo": "completo", "axis_azimuth": 0, "punto": "eje de unidad (no el motor)", "ncu": 10, "gw": 10, "axis_tilt": 0, "max_angle": 55, "backtrack": true, "gcr": 0.397, "cross_axis_tilt": 0}}, {"type": "Feature", "geometry": {"type": "Point", "coordinates": [14.8981986, 37.3690885]}, "properties": {"rol": "seguidor", "id": "TK1333", "tipo": "completo", "axis_azimuth": 0, "punto": "eje de unidad (no el motor)", "ncu": 10, "gw": 10, "axis_tilt": 0, "max_angle": 55, "backtrack": true, "gcr": 0.397, "cross_axis_tilt": 0}}, {"type": "Feature", "geometry": {"type": "Point", "coordinates": [14.8985538, 37.3690019]}, "properties": {"rol": "seguidor", "id": "TK1334", "tipo": "completo", "axis_azimuth": 0, "punto": "eje de unidad (no el motor)", "ncu": 10, "gw": 10, "axis_tilt": 0, "max_angle": 55, "backtrack": true, "gcr": 0.397, "cross_axis_tilt": 0}}, {"type": "Feature", "geometry": {"type": "Point", "coordinates": [14.898672, 37.3690889]}, "properties": {"rol": "seguidor", "id": "TK1335", "tipo": "completo", "axis_azimuth": 0, "punto": "eje de unidad (no el motor)", "ncu": 10, "gw": 10, "axis_tilt": 0, "max_angle": 55, "backtrack": true, "gcr": 0.397, "cross_axis_tilt": 0}}, {"type": "Feature", "geometry": {"type": "Point", "coordinates": [14.884483, 37.3757781]}, "properties": {"rol": "seguidor", "id": "TK1336", "tipo": "Medio", "axis_azimuth": 0, "punto": "eje de unidad (no el motor)", "ncu": 2, "gw": 2, "axis_tilt": 0, "max_angle": 55, "backtrack": true, "gcr": 0.397, "cross_axis_tilt": 0}}, {"type": "Feature", "geometry": {"type": "Point", "coordinates": [14.8872134, 37.3717877]}, "properties": {"rol": "seguidor", "id": "TK1337", "tipo": "Medio", "axis_azimuth": 0, "punto": "eje de unidad (no el motor)", "ncu": 4, "gw": 4, "axis_tilt": 0, "max_angle": 55, "backtrack": true, "gcr": 0.397, "cross_axis_tilt": 0}}, {"type": "Feature", "geometry": {"type": "Point", "coordinates": [14.887095, 37.3717876]}, "properties": {"rol": "seguidor", "id": "TK1338", "tipo": "Medio", "axis_azimuth": 0, "punto": "eje de unidad (no el motor)", "ncu": 4, "gw": 4, "axis_tilt": 0, "max_angle": 55, "backtrack": true, "gcr": 0.397, "cross_axis_tilt": 0}}, {"type": "Feature", "geometry": {"type": "Point", "coordinates": [14.8829481, 37.3723024]}, "properties": {"rol": "seguidor", "id": "TK1339", "tipo": "Medio", "axis_azimuth": 0, "punto": "eje de unidad (no el motor)", "ncu": 3, "gw": 3, "axis_tilt": 0, "max_angle": 55, "backtrack": true, "gcr": 0.397, "cross_axis_tilt": 0}}, {"type": "Feature", "geometry": {"type": "Point", "coordinates": [14.8851886, 37.3723552]}, "properties": {"rol": "seguidor", "id": "TK1340", "tipo": "completo", "axis_azimuth": 0, "punto": "eje de unidad (no el motor)", "ncu": 4, "gw": 4, "axis_tilt": 0, "max_angle": 55, "backtrack": true, "gcr": 0.397, "cross_axis_tilt": 0}}, {"type": "Feature", "geometry": {"type": "Point", "coordinates": [14.8851896, 37.3717025]}, "properties": {"rol": "seguidor", "id": "TK1341", "tipo": "completo", "axis_azimuth": 0, "punto": "eje de unidad (no el motor)", "ncu": 4, "gw": 4, "axis_tilt": 0, "max_angle": 55, "backtrack": true, "gcr": 0.397, "cross_axis_tilt": 0}}, {"type": "Feature", "geometry": {"type": "Point", "coordinates": [14.885307, 37.3723553]}, "properties": {"rol": "seguidor", "id": "TK1342", "tipo": "completo", "axis_azimuth": 0, "punto": "eje de unidad (no el motor)", "ncu": 4, "gw": 4, "axis_tilt": 0, "max_angle": 55, "backtrack": true, "gcr": 0.397, "cross_axis_tilt": 0}}, {"type": "Feature", "geometry": {"type": "Point", "coordinates": [14.885308, 37.3717026]}, "properties": {"rol": "seguidor", "id": "TK1343", "tipo": "completo", "axis_azimuth": 0, "punto": "eje de unidad (no el motor)", "ncu": 4, "gw": 4, "axis_tilt": 0, "max_angle": 55, "backtrack": true, "gcr": 0.397, "cross_axis_tilt": 0}}, {"type": "Feature", "geometry": {"type": "Point", "coordinates": [14.8854254, 37.3723554]}, "properties": {"rol": "seguidor", "id": "TK1344", "tipo": "completo", "axis_azimuth": 0, "punto": "eje de unidad (no el motor)", "ncu": 4, "gw": 4, "axis_tilt": 0, "max_angle": 55, "backtrack": true, "gcr": 0.397, "cross_axis_tilt": 0}}, {"type": "Feature", "geometry": {"type": "Point", "coordinates": [14.8854264, 37.3717027]}, "properties": {"rol": "seguidor", "id": "TK1345", "tipo": "completo", "axis_azimuth": 0, "punto": "eje de unidad (no el motor)", "ncu": 4, "gw": 4, "axis_tilt": 0, "max_angle": 55, "backtrack": true, "gcr": 0.397, "cross_axis_tilt": 0}}, {"type": "Feature", "geometry": {"type": "Point", "coordinates": [14.8855437, 37.3723555]}, "properties": {"rol": "seguidor", "id": "TK1346", "tipo": "completo", "axis_azimuth": 0, "punto": "eje de unidad (no el motor)", "ncu": 4, "gw": 4, "axis_tilt": 0, "max_angle": 55, "backtrack": true, "gcr": 0.397, "cross_axis_tilt": 0}}, {"type": "Feature", "geometry": {"type": "Point", "coordinates": [14.8855447, 37.3717029]}, "properties": {"rol": "seguidor", "id": "TK1347", "tipo": "completo", "axis_azimuth": 0, "punto": "eje de unidad (no el motor)", "ncu": 4, "gw": 4, "axis_tilt": 0, "max_angle": 55, "backtrack": true, "gcr": 0.397, "cross_axis_tilt": 0}}, {"type": "Feature", "geometry": {"type": "Point", "coordinates": [14.8856621, 37.3723557]}, "properties": {"rol": "seguidor", "id": "TK1348", "tipo": "completo", "axis_azimuth": 0, "punto": "eje de unidad (no el motor)", "ncu": 4, "gw": 4, "axis_tilt": 0, "max_angle": 55, "backtrack": true, "gcr": 0.397, "cross_axis_tilt": 0}}, {"type": "Feature", "geometry": {"type": "Point", "coordinates": [14.8856631, 37.371703]}, "properties": {"rol": "seguidor", "id": "TK1349", "tipo": "completo", "axis_azimuth": 0, "punto": "eje de unidad (no el motor)", "ncu": 4, "gw": 4, "axis_tilt": 0, "max_angle": 55, "backtrack": true, "gcr": 0.397, "cross_axis_tilt": 0}}, {"type": "Feature", "geometry": {"type": "Point", "coordinates": [14.8857805, 37.3723558]}, "properties": {"rol": "seguidor", "id": "TK1350", "tipo": "completo", "axis_azimuth": 0, "punto": "eje de unidad (no el motor)", "ncu": 4, "gw": 4, "axis_tilt": 0, "max_angle": 55, "backtrack": true, "gcr": 0.397, "cross_axis_tilt": 0}}, {"type": "Feature", "geometry": {"type": "Point", "coordinates": [14.8858988, 37.3723559]}, "properties": {"rol": "seguidor", "id": "TK1351", "tipo": "completo", "axis_azimuth": 0, "punto": "eje de unidad (no el motor)", "ncu": 4, "gw": 4, "axis_tilt": 0, "max_angle": 55, "backtrack": true, "gcr": 0.397, "cross_axis_tilt": 0}}, {"type": "Feature", "geometry": {"type": "Point", "coordinates": [14.8856713, 37.3726724]}, "properties": {"rol": "seguidor", "id": "TK1352", "tipo": "Medio", "axis_azimuth": 0, "punto": "eje de unidad (no el motor)", "ncu": 4, "gw": 4, "axis_tilt": 0, "max_angle": 55, "backtrack": true, "gcr": 0.397, "cross_axis_tilt": 0}}, {"type": "Feature", "geometry": {"type": "Point", "coordinates": [14.8951364, 37.3758173]}, "properties": {"rol": "seguidor", "id": "TK1353", "tipo": "Medio", "axis_azimuth": 0, "punto": "eje de unidad (no el motor)", "ncu": 1, "gw": 1, "axis_tilt": 0, "max_angle": 55, "backtrack": true, "gcr": 0.397, "cross_axis_tilt": 0}}, {"type": "Feature", "geometry": {"type": "Point", "coordinates": [14.8945439, 37.3763139]}, "properties": {"rol": "seguidor", "id": "TK1354", "tipo": "Medio", "axis_azimuth": 0, "punto": "eje de unidad (no el motor)", "ncu": 1, "gw": 1, "axis_tilt": 0, "max_angle": 55, "backtrack": true, "gcr": 0.397, "cross_axis_tilt": 0}}, {"type": "Feature", "geometry": {"type": "Point", "coordinates": [14.8944255, 37.3763138]}, "properties": {"rol": "seguidor", "id": "TK1355", "tipo": "Medio", "axis_azimuth": 0, "punto": "eje de unidad (no el motor)", "ncu": 1, "gw": 1, "axis_tilt": 0, "max_angle": 55, "backtrack": true, "gcr": 0.397, "cross_axis_tilt": 0}}, {"type": "Feature", "geometry": {"type": "Point", "coordinates": [14.8952555, 37.3767631]}, "properties": {"rol": "seguidor", "id": "TK1356", "tipo": "Medio", "axis_azimuth": 0, "punto": "eje de unidad (no el motor)", "ncu": 1, "gw": 1, "axis_tilt": 0, "max_angle": 55, "backtrack": true, "gcr": 0.397, "cross_axis_tilt": 0}}, {"type": "Feature", "geometry": {"type": "Point", "coordinates": [14.8907343, 37.376909]}, "properties": {"rol": "seguidor", "id": "TK1357", "tipo": "Medio", "axis_azimuth": 0, "punto": "eje de unidad (no el motor)", "ncu": 2, "gw": 2, "axis_tilt": 0, "max_angle": 55, "backtrack": true, "gcr": 0.397, "cross_axis_tilt": 0}}, {"type": "Feature", "geometry": {"type": "Point", "coordinates": [14.890616, 37.3769089]}, "properties": {"rol": "seguidor", "id": "TK1358", "tipo": "Medio", "axis_azimuth": 0, "punto": "eje de unidad (no el motor)", "ncu": 2, "gw": 2, "axis_tilt": 0, "max_angle": 55, "backtrack": true, "gcr": 0.397, "cross_axis_tilt": 0}}, {"type": "Feature", "geometry": {"type": "Point", "coordinates": [14.8904976, 37.3769088]}, "properties": {"rol": "seguidor", "id": "TK1359", "tipo": "Medio", "axis_azimuth": 0, "punto": "eje de unidad (no el motor)", "ncu": 2, "gw": 2, "axis_tilt": 0, "max_angle": 55, "backtrack": true, "gcr": 0.397, "cross_axis_tilt": 0}}, {"type": "Feature", "geometry": {"type": "Point", "coordinates": [14.8903792, 37.3769087]}, "properties": {"rol": "seguidor", "id": "TK1360", "tipo": "Medio", "axis_azimuth": 0, "punto": "eje de unidad (no el motor)", "ncu": 2, "gw": 2, "axis_tilt": 0, "max_angle": 55, "backtrack": true, "gcr": 0.397, "cross_axis_tilt": 0}}, {"type": "Feature", "geometry": {"type": "Point", "coordinates": [14.8952372, 37.369192]}, "properties": {"rol": "seguidor", "id": "TK1361", "tipo": "completo", "axis_azimuth": 0, "punto": "eje de unidad (no el motor)", "ncu": 9, "gw": 9, "axis_tilt": 0, "max_angle": 55, "backtrack": true, "gcr": 0.397, "cross_axis_tilt": 0}}, {"type": "Feature", "geometry": {"type": "Point", "coordinates": [14.8953556, 37.3691922]}, "properties": {"rol": "seguidor", "id": "TK1362", "tipo": "completo", "axis_azimuth": 0, "punto": "eje de unidad (no el motor)", "ncu": 10, "gw": 10, "axis_tilt": 0, "max_angle": 55, "backtrack": true, "gcr": 0.397, "cross_axis_tilt": 0}}, {"type": "Feature", "geometry": {"type": "Point", "coordinates": [14.895474, 37.3691923]}, "properties": {"rol": "seguidor", "id": "TK1363", "tipo": "completo", "axis_azimuth": 0, "punto": "eje de unidad (no el motor)", "ncu": 10, "gw": 10, "axis_tilt": 0, "max_angle": 55, "backtrack": true, "gcr": 0.397, "cross_axis_tilt": 0}}, {"type": "Feature", "geometry": {"type": "Point", "coordinates": [14.8955923, 37.3691924]}, "properties": {"rol": "seguidor", "id": "TK1364", "tipo": "completo", "axis_azimuth": 0, "punto": "eje de unidad (no el motor)", "ncu": 10, "gw": 10, "axis_tilt": 0, "max_angle": 55, "backtrack": true, "gcr": 0.397, "cross_axis_tilt": 0}}, {"type": "Feature", "geometry": {"type": "Point", "coordinates": [14.8957107, 37.3691925]}, "properties": {"rol": "seguidor", "id": "TK1365", "tipo": "completo", "axis_azimuth": 0, "punto": "eje de unidad (no el motor)", "ncu": 10, "gw": 10, "axis_tilt": 0, "max_angle": 55, "backtrack": true, "gcr": 0.397, "cross_axis_tilt": 0}}, {"type": "Feature", "geometry": {"type": "Point", "coordinates": [14.895829, 37.3691926]}, "properties": {"rol": "seguidor", "id": "TK1366", "tipo": "completo", "axis_azimuth": 0, "punto": "eje de unidad (no el motor)", "ncu": 10, "gw": 10, "axis_tilt": 0, "max_angle": 55, "backtrack": true, "gcr": 0.397, "cross_axis_tilt": 0}}, {"type": "Feature", "geometry": {"type": "Point", "coordinates": [14.8959474, 37.3691927]}, "properties": {"rol": "seguidor", "id": "TK1367", "tipo": "completo", "axis_azimuth": 0, "punto": "eje de unidad (no el motor)", "ncu": 10, "gw": 10, "axis_tilt": 0, "max_angle": 55, "backtrack": true, "gcr": 0.397, "cross_axis_tilt": 0}}, {"type": "Feature", "geometry": {"type": "Point", "coordinates": [14.8960657, 37.3691928]}, "properties": {"rol": "seguidor", "id": "TK1368", "tipo": "completo", "axis_azimuth": 0, "punto": "eje de unidad (no el motor)", "ncu": 10, "gw": 10, "axis_tilt": 0, "max_angle": 55, "backtrack": true, "gcr": 0.397, "cross_axis_tilt": 0}}, {"type": "Feature", "geometry": {"type": "Point", "coordinates": [14.8961841, 37.3691929]}, "properties": {"rol": "seguidor", "id": "TK1369", "tipo": "completo", "axis_azimuth": 0, "punto": "eje de unidad (no el motor)", "ncu": 10, "gw": 10, "axis_tilt": 0, "max_angle": 55, "backtrack": true, "gcr": 0.397, "cross_axis_tilt": 0}}, {"type": "Feature", "geometry": {"type": "Point", "coordinates": [14.8963025, 37.369193]}, "properties": {"rol": "seguidor", "id": "TK1370", "tipo": "completo", "axis_azimuth": 0, "punto": "eje de unidad (no el motor)", "ncu": 10, "gw": 10, "axis_tilt": 0, "max_angle": 55, "backtrack": true, "gcr": 0.397, "cross_axis_tilt": 0}}, {"type": "Feature", "geometry": {"type": "Point", "coordinates": [14.8964208, 37.3691931]}, "properties": {"rol": "seguidor", "id": "TK1371", "tipo": "completo", "axis_azimuth": 0, "punto": "eje de unidad (no el motor)", "ncu": 10, "gw": 10, "axis_tilt": 0, "max_angle": 55, "backtrack": true, "gcr": 0.397, "cross_axis_tilt": 0}}, {"type": "Feature", "geometry": {"type": "Point", "coordinates": [14.8972961, 37.3672457]}, "properties": {"rol": "seguidor", "id": "TK1372", "tipo": "Medio", "axis_azimuth": 0, "punto": "eje de unidad (no el motor)", "ncu": 12, "gw": 12, "axis_tilt": 0, "max_angle": 55, "backtrack": true, "gcr": 0.397, "cross_axis_tilt": 0}}, {"type": "Feature", "geometry": {"type": "Point", "coordinates": [14.8969407, 37.3674397]}, "properties": {"rol": "seguidor", "id": "TK1373", "tipo": "Medio", "axis_azimuth": 0, "punto": "eje de unidad (no el motor)", "ncu": 12, "gw": 12, "axis_tilt": 0, "max_angle": 55, "backtrack": true, "gcr": 0.397, "cross_axis_tilt": 0}}, {"type": "Feature", "geometry": {"type": "Point", "coordinates": [14.8920749, 37.369415]}, "properties": {"rol": "seguidor", "id": "TK1374", "tipo": "completo", "axis_azimuth": 0, "punto": "eje de unidad (no el motor)", "ncu": 11, "gw": 11, "axis_tilt": 0, "max_angle": 55, "backtrack": true, "gcr": 0.397, "cross_axis_tilt": 0}}, {"type": "Feature", "geometry": {"type": "Point", "coordinates": [14.8890195, 37.3696505]}, "properties": {"rol": "seguidor", "id": "TK1375", "tipo": "Medio", "axis_azimuth": 0, "punto": "eje de unidad (no el motor)", "ncu": 6, "gw": 6, "axis_tilt": 0, "max_angle": 55, "backtrack": true, "gcr": 0.397, "cross_axis_tilt": 0}}, {"type": "Feature", "geometry": {"type": "Point", "coordinates": [14.8929043, 37.3688127]}, "properties": {"rol": "seguidor", "id": "TK1376", "tipo": "completo", "axis_azimuth": 0, "punto": "eje de unidad (no el motor)", "ncu": 11, "gw": 11, "axis_tilt": 0, "max_angle": 55, "backtrack": true, "gcr": 0.397, "cross_axis_tilt": 0}}, {"type": "Feature", "geometry": {"type": "Point", "coordinates": [14.8873637, 37.3688201]}, "properties": {"rol": "seguidor", "id": "TK1377", "tipo": "Medio", "axis_azimuth": 0, "punto": "eje de unidad (no el motor)", "ncu": 6, "gw": 6, "axis_tilt": 0, "max_angle": 55, "backtrack": true, "gcr": 0.397, "cross_axis_tilt": 0}}, {"type": "Feature", "geometry": {"type": "Point", "coordinates": [14.8837658, 37.3732529]}, "properties": {"rol": "seguidor", "id": "TK1378", "tipo": "completo", "axis_azimuth": 0, "punto": "eje de unidad (no el motor)", "ncu": 3, "gw": 3, "axis_tilt": 0, "max_angle": 55, "backtrack": true, "gcr": 0.397, "cross_axis_tilt": 0}}, {"type": "Feature", "geometry": {"type": "Point", "coordinates": [14.8847138, 37.3707628]}, "properties": {"rol": "seguidor", "id": "TK1379", "tipo": "completo", "axis_azimuth": 0, "punto": "eje de unidad (no el motor)", "ncu": 5, "gw": 5, "axis_tilt": 0, "max_angle": 55, "backtrack": true, "gcr": 0.397, "cross_axis_tilt": 0}}, {"type": "Feature", "geometry": {"type": "Point", "coordinates": [14.8850708, 37.3707406]}, "properties": {"rol": "seguidor", "id": "TK1380", "tipo": "completo", "axis_azimuth": 0, "punto": "eje de unidad (no el motor)", "ncu": 5, "gw": 5, "axis_tilt": 0, "max_angle": 55, "backtrack": true, "gcr": 0.397, "cross_axis_tilt": 0}}, {"type": "Feature", "geometry": {"type": "Point", "coordinates": [14.8851891, 37.3707407]}, "properties": {"rol": "seguidor", "id": "TK1381", "tipo": "completo", "axis_azimuth": 0, "punto": "eje de unidad (no el motor)", "ncu": 5, "gw": 5, "axis_tilt": 0, "max_angle": 55, "backtrack": true, "gcr": 0.397, "cross_axis_tilt": 0}}, {"type": "Feature", "geometry": {"type": "Point", "coordinates": [14.8849616, 37.3710572]}, "properties": {"rol": "seguidor", "id": "TK1382", "tipo": "Medio", "axis_azimuth": 0, "punto": "eje de unidad (no el motor)", "ncu": 5, "gw": 5, "axis_tilt": 0, "max_angle": 55, "backtrack": true, "gcr": 0.397, "cross_axis_tilt": 0}}, {"type": "Feature", "geometry": {"type": "Point", "coordinates": [14.8940509, 37.371149]}, "properties": {"rol": "seguidor", "id": "TK1383", "tipo": "completo", "axis_azimuth": 0, "punto": "eje de unidad (no el motor)", "ncu": 9, "gw": 9, "axis_tilt": 0, "max_angle": 55, "backtrack": true, "gcr": 0.397, "cross_axis_tilt": 0}}, {"type": "Feature", "geometry": {"type": "Point", "coordinates": [14.8835302, 37.3707479]}, "properties": {"rol": "seguidor", "id": "TK1384", "tipo": "completo", "axis_azimuth": 0, "punto": "eje de unidad (no el motor)", "ncu": 5, "gw": 5, "axis_tilt": 0, "max_angle": 55, "backtrack": true, "gcr": 0.397, "cross_axis_tilt": 0}}, {"type": "Feature", "geometry": {"type": "Point", "coordinates": [14.8834118, 37.3707477]}, "properties": {"rol": "seguidor", "id": "TK1385", "tipo": "completo", "axis_azimuth": 0, "punto": "eje de unidad (no el motor)", "ncu": 5, "gw": 5, "axis_tilt": 0, "max_angle": 55, "backtrack": true, "gcr": 0.397, "cross_axis_tilt": 0}}, {"type": "Feature", "geometry": {"type": "Point", "coordinates": [14.8832935, 37.3707375]}, "properties": {"rol": "seguidor", "id": "TK1386", "tipo": "completo", "axis_azimuth": 0, "punto": "eje de unidad (no el motor)", "ncu": 5, "gw": 5, "axis_tilt": 0, "max_angle": 55, "backtrack": true, "gcr": 0.397, "cross_axis_tilt": 0}}, {"type": "Feature", "geometry": {"type": "Point", "coordinates": [14.8831751, 37.3707374]}, "properties": {"rol": "seguidor", "id": "TK1387", "tipo": "completo", "axis_azimuth": 0, "punto": "eje de unidad (no el motor)", "ncu": 5, "gw": 5, "axis_tilt": 0, "max_angle": 55, "backtrack": true, "gcr": 0.397, "cross_axis_tilt": 0}}, {"type": "Feature", "geometry": {"type": "Point", "coordinates": [14.88998, 37.3733435]}, "properties": {"rol": "seguidor", "id": "TK1388", "tipo": "Medio", "axis_azimuth": 0, "punto": "eje de unidad (no el motor)", "ncu": 7, "gw": 7, "axis_tilt": 0, "max_angle": 55, "backtrack": true, "gcr": 0.397, "cross_axis_tilt": 0}}, {"type": "Feature", "geometry": {"type": "Point", "coordinates": [14.8895082, 37.3718465]}, "properties": {"rol": "seguidor", "id": "TK1389", "tipo": "Medio", "axis_azimuth": 0, "punto": "eje de unidad (no el motor)", "ncu": 8, "gw": 8, "axis_tilt": 0, "max_angle": 55, "backtrack": true, "gcr": 0.397, "cross_axis_tilt": 0}}, {"type": "Feature", "geometry": {"type": "Point", "coordinates": [14.8978875, 37.365743]}, "properties": {"rol": "seguidor", "id": "TK1390", "tipo": "Medio", "axis_azimuth": 0, "punto": "eje de unidad (no el motor)", "ncu": 12, "gw": 12, "axis_tilt": 0, "max_angle": 55, "backtrack": true, "gcr": 0.397, "cross_axis_tilt": 0}}, {"type": "Feature", "geometry": {"type": "Point", "coordinates": [14.899544, 37.366076]}, "properties": {"rol": "seguidor", "id": "TK1391", "tipo": "Medio", "axis_azimuth": 0, "punto": "eje de unidad (no el motor)", "ncu": 12, "gw": 12, "axis_tilt": 0, "max_angle": 55, "backtrack": true, "gcr": 0.397, "cross_axis_tilt": 0}}, {"type": "Feature", "geometry": {"type": "Point", "coordinates": [14.8930248, 37.3652775]}, "properties": {"rol": "seguidor", "id": "TK1392", "tipo": "completo", "axis_azimuth": 0, "punto": "eje de unidad (no el motor)", "ncu": 11, "gw": 11, "axis_tilt": 0, "max_angle": 55, "backtrack": true, "gcr": 0.397, "cross_axis_tilt": 0}}, {"type": "Feature", "geometry": {"type": "Point", "coordinates": [14.8924334, 37.3650527]}, "properties": {"rol": "seguidor", "id": "TK1393", "tipo": "completo", "axis_azimuth": 0, "punto": "eje de unidad (no el motor)", "ncu": 11, "gw": 11, "axis_tilt": 0, "max_angle": 55, "backtrack": true, "gcr": 0.397, "cross_axis_tilt": 0}}, {"type": "Feature", "geometry": {"type": "Point", "coordinates": [14.892313, 37.3664436]}, "properties": {"rol": "seguidor", "id": "TK1394", "tipo": "completo", "axis_azimuth": 0, "punto": "eje de unidad (no el motor)", "ncu": 11, "gw": 11, "axis_tilt": 0, "max_angle": 55, "backtrack": true, "gcr": 0.397, "cross_axis_tilt": 0}}, {"type": "Feature", "geometry": {"type": "Point", "coordinates": [14.892314, 37.365791]}, "properties": {"rol": "seguidor", "id": "TK1395", "tipo": "completo", "axis_azimuth": 0, "punto": "eje de unidad (no el motor)", "ncu": 11, "gw": 11, "axis_tilt": 0, "max_angle": 55, "backtrack": true, "gcr": 0.397, "cross_axis_tilt": 0}}, {"type": "Feature", "geometry": {"type": "Point", "coordinates": [14.8923149, 37.3651383]}, "properties": {"rol": "seguidor", "id": "TK1396", "tipo": "completo", "axis_azimuth": 0, "punto": "eje de unidad (no el motor)", "ncu": 11, "gw": 11, "axis_tilt": 0, "max_angle": 55, "backtrack": true, "gcr": 0.397, "cross_axis_tilt": 0}}, {"type": "Feature", "geometry": {"type": "Point", "coordinates": [14.8921947, 37.3664435]}, "properties": {"rol": "seguidor", "id": "TK1397", "tipo": "completo", "axis_azimuth": 0, "punto": "eje de unidad (no el motor)", "ncu": 11, "gw": 11, "axis_tilt": 0, "max_angle": 55, "backtrack": true, "gcr": 0.397, "cross_axis_tilt": 0}}, {"type": "Feature", "geometry": {"type": "Point", "coordinates": [14.8921956, 37.3657909]}, "properties": {"rol": "seguidor", "id": "TK1398", "tipo": "completo", "axis_azimuth": 0, "punto": "eje de unidad (no el motor)", "ncu": 11, "gw": 11, "axis_tilt": 0, "max_angle": 55, "backtrack": true, "gcr": 0.397, "cross_axis_tilt": 0}}, {"type": "Feature", "geometry": {"type": "Point", "coordinates": [14.8921965, 37.3651382]}, "properties": {"rol": "seguidor", "id": "TK1399", "tipo": "completo", "axis_azimuth": 0, "punto": "eje de unidad (no el motor)", "ncu": 11, "gw": 11, "axis_tilt": 0, "max_angle": 55, "backtrack": true, "gcr": 0.397, "cross_axis_tilt": 0}}, {"type": "Feature", "geometry": {"type": "Point", "coordinates": [14.8920763, 37.3664434]}, "properties": {"rol": "seguidor", "id": "TK1400", "tipo": "completo", "axis_azimuth": 0, "punto": "eje de unidad (no el motor)", "ncu": 11, "gw": 11, "axis_tilt": 0, "max_angle": 55, "backtrack": true, "gcr": 0.397, "cross_axis_tilt": 0}}, {"type": "Feature", "geometry": {"type": "Point", "coordinates": [14.8920772, 37.3657908]}, "properties": {"rol": "seguidor", "id": "TK1401", "tipo": "completo", "axis_azimuth": 0, "punto": "eje de unidad (no el motor)", "ncu": 11, "gw": 11, "axis_tilt": 0, "max_angle": 55, "backtrack": true, "gcr": 0.397, "cross_axis_tilt": 0}}, {"type": "Feature", "geometry": {"type": "Point", "coordinates": [14.8920782, 37.3651381]}, "properties": {"rol": "seguidor", "id": "TK1402", "tipo": "completo", "axis_azimuth": 0, "punto": "eje de unidad (no el motor)", "ncu": 11, "gw": 11, "axis_tilt": 0, "max_angle": 55, "backtrack": true, "gcr": 0.397, "cross_axis_tilt": 0}}, {"type": "Feature", "geometry": {"type": "Point", "coordinates": [14.8890102, 37.369397]}, "properties": {"rol": "seguidor", "id": "TK1403", "tipo": "completo", "axis_azimuth": 0, "punto": "eje de unidad (no el motor)", "ncu": 6, "gw": 6, "axis_tilt": 0, "max_angle": 55, "backtrack": true, "gcr": 0.397, "cross_axis_tilt": 0}}, {"type": "Feature", "geometry": {"type": "Point", "coordinates": [14.8886541, 37.3700714]}, "properties": {"rol": "seguidor", "id": "TK1404", "tipo": "completo", "axis_azimuth": 0, "punto": "eje de unidad (no el motor)", "ncu": 6, "gw": 6, "axis_tilt": 0, "max_angle": 55, "backtrack": true, "gcr": 0.397, "cross_axis_tilt": 0}}, {"type": "Feature", "geometry": {"type": "Point", "coordinates": [14.8888899, 37.3707243]}, "properties": {"rol": "seguidor", "id": "TK1405", "tipo": "completo", "axis_azimuth": 0, "punto": "eje de unidad (no el motor)", "ncu": 6, "gw": 6, "axis_tilt": 0, "max_angle": 55, "backtrack": true, "gcr": 0.397, "cross_axis_tilt": 0}}, {"type": "Feature", "geometry": {"type": "Point", "coordinates": [14.889247, 37.369334]}, "properties": {"rol": "seguidor", "id": "TK1406", "tipo": "completo", "axis_azimuth": 0, "punto": "eje de unidad (no el motor)", "ncu": 6, "gw": 6, "axis_tilt": 0, "max_angle": 55, "backtrack": true, "gcr": 0.397, "cross_axis_tilt": 0}}, {"type": "Feature", "geometry": {"type": "Point", "coordinates": [14.8850848, 37.3691747]}, "properties": {"rol": "seguidor", "id": "TK1407", "tipo": "Medio", "axis_azimuth": 0, "punto": "eje de unidad (no el motor)", "ncu": 5, "gw": 5, "axis_tilt": 0, "max_angle": 55, "backtrack": true, "gcr": 0.397, "cross_axis_tilt": 0}}, {"type": "Feature", "geometry": {"type": "Point", "coordinates": [14.8878362, 37.3694602]}, "properties": {"rol": "seguidor", "id": "TK1408", "tipo": "Medio", "axis_azimuth": 0, "punto": "eje de unidad (no el motor)", "ncu": 6, "gw": 6, "axis_tilt": 0, "max_angle": 55, "backtrack": true, "gcr": 0.397, "cross_axis_tilt": 0}}, {"type": "Feature", "geometry": {"type": "Point", "coordinates": [14.8881903, 37.3701132]}, "properties": {"rol": "seguidor", "id": "TK1409", "tipo": "Medio", "axis_azimuth": 0, "punto": "eje de unidad (no el motor)", "ncu": 6, "gw": 6, "axis_tilt": 0, "max_angle": 55, "backtrack": true, "gcr": 0.397, "cross_axis_tilt": 0}}, {"type": "Feature", "geometry": {"type": "Point", "coordinates": [14.8966622, 37.3732608]}, "properties": {"rol": "seguidor", "id": "TK1410", "tipo": "Medio", "axis_azimuth": 0, "punto": "eje de unidad (no el motor)", "ncu": 9, "gw": 9, "axis_tilt": 0, "max_angle": 55, "backtrack": true, "gcr": 0.397, "cross_axis_tilt": 0}}, {"type": "Feature", "geometry": {"type": "Point", "coordinates": [14.8946623, 37.376314]}, "properties": {"rol": "seguidor", "id": "TK1411", "tipo": "Medio", "axis_azimuth": 0, "punto": "eje de unidad (no el motor)", "ncu": 1, "gw": 1, "axis_tilt": 0, "max_angle": 55, "backtrack": true, "gcr": 0.397, "cross_axis_tilt": 0}}, {"type": "Feature", "geometry": {"type": "Point", "coordinates": [14.8930043, 37.3768411]}, "properties": {"rol": "seguidor", "id": "TK1412", "tipo": "Medio", "axis_azimuth": 0, "punto": "eje de unidad (no el motor)", "ncu": 1, "gw": 1, "axis_tilt": 0, "max_angle": 55, "backtrack": true, "gcr": 0.397, "cross_axis_tilt": 0}}, {"type": "Feature", "geometry": {"type": "Point", "coordinates": [14.8931227, 37.3768412]}, "properties": {"rol": "seguidor", "id": "TK1413", "tipo": "Medio", "axis_azimuth": 0, "punto": "eje de unidad (no el motor)", "ncu": 1, "gw": 1, "axis_tilt": 0, "max_angle": 55, "backtrack": true, "gcr": 0.397, "cross_axis_tilt": 0}}, {"type": "Feature", "geometry": {"type": "Point", "coordinates": [14.8932411, 37.3768413]}, "properties": {"rol": "seguidor", "id": "TK1414", "tipo": "Medio", "axis_azimuth": 0, "punto": "eje de unidad (no el motor)", "ncu": 1, "gw": 1, "axis_tilt": 0, "max_angle": 55, "backtrack": true, "gcr": 0.397, "cross_axis_tilt": 0}}, {"type": "Feature", "geometry": {"type": "Point", "coordinates": [14.8933594, 37.3768414]}, "properties": {"rol": "seguidor", "id": "TK1415", "tipo": "Medio", "axis_azimuth": 0, "punto": "eje de unidad (no el motor)", "ncu": 1, "gw": 1, "axis_tilt": 0, "max_angle": 55, "backtrack": true, "gcr": 0.397, "cross_axis_tilt": 0}}, {"type": "Feature", "geometry": {"type": "Point", "coordinates": [14.8921562, 37.3759436]}, "properties": {"rol": "seguidor", "id": "TK1416", "tipo": "Medio", "axis_azimuth": 0, "punto": "eje de unidad (no el motor)", "ncu": 1, "gw": 1, "axis_tilt": 0, "max_angle": 55, "backtrack": true, "gcr": 0.397, "cross_axis_tilt": 0}}, {"type": "Feature", "geometry": {"type": "Point", "coordinates": [14.8923823, 37.3766008]}, "properties": {"rol": "seguidor", "id": "TK1417", "tipo": "completo", "axis_azimuth": 0, "punto": "eje de unidad (no el motor)", "ncu": 1, "gw": 1, "axis_tilt": 0, "max_angle": 55, "backtrack": true, "gcr": 0.397, "cross_axis_tilt": 0}}, {"type": "Feature", "geometry": {"type": "Point", "coordinates": [14.8923832, 37.3759482]}, "properties": {"rol": "seguidor", "id": "TK1418", "tipo": "completo", "axis_azimuth": 0, "punto": "eje de unidad (no el motor)", "ncu": 1, "gw": 1, "axis_tilt": 0, "max_angle": 55, "backtrack": true, "gcr": 0.397, "cross_axis_tilt": 0}}, {"type": "Feature", "geometry": {"type": "Point", "coordinates": [14.8922639, 37.3766007]}, "properties": {"rol": "seguidor", "id": "TK1419", "tipo": "completo", "axis_azimuth": 0, "punto": "eje de unidad (no el motor)", "ncu": 1, "gw": 1, "axis_tilt": 0, "max_angle": 55, "backtrack": true, "gcr": 0.397, "cross_axis_tilt": 0}}, {"type": "Feature", "geometry": {"type": "Point", "coordinates": [14.8922649, 37.3759481]}, "properties": {"rol": "seguidor", "id": "TK1420", "tipo": "completo", "axis_azimuth": 0, "punto": "eje de unidad (no el motor)", "ncu": 1, "gw": 1, "axis_tilt": 0, "max_angle": 55, "backtrack": true, "gcr": 0.397, "cross_axis_tilt": 0}}, {"type": "Feature", "geometry": {"type": "Point", "coordinates": [14.8921456, 37.3766006]}, "properties": {"rol": "seguidor", "id": "TK1421", "tipo": "completo", "axis_azimuth": 0, "punto": "eje de unidad (no el motor)", "ncu": 1, "gw": 1, "axis_tilt": 0, "max_angle": 55, "backtrack": true, "gcr": 0.397, "cross_axis_tilt": 0}}, {"type": "Feature", "geometry": {"type": "Point", "coordinates": [14.8921465, 37.375948]}, "properties": {"rol": "seguidor", "id": "TK1422", "tipo": "completo", "axis_azimuth": 0, "punto": "eje de unidad (no el motor)", "ncu": 1, "gw": 1, "axis_tilt": 0, "max_angle": 55, "backtrack": true, "gcr": 0.397, "cross_axis_tilt": 0}}, {"type": "Feature", "geometry": {"type": "Point", "coordinates": [14.8914353, 37.376647]}, "properties": {"rol": "seguidor", "id": "TK1423", "tipo": "completo", "axis_azimuth": 0, "punto": "eje de unidad (no el motor)", "ncu": 1, "gw": 1, "axis_tilt": 0, "max_angle": 55, "backtrack": true, "gcr": 0.397, "cross_axis_tilt": 0}}, {"type": "Feature", "geometry": {"type": "Point", "coordinates": [14.8914362, 37.3759944]}, "properties": {"rol": "seguidor", "id": "TK1424", "tipo": "completo", "axis_azimuth": 0, "punto": "eje de unidad (no el motor)", "ncu": 1, "gw": 1, "axis_tilt": 0, "max_angle": 55, "backtrack": true, "gcr": 0.397, "cross_axis_tilt": 0}}, {"type": "Feature", "geometry": {"type": "Point", "coordinates": [14.8854595, 37.3672256]}, "properties": {"rol": "seguidor", "id": "TK1425", "tipo": "completo", "axis_azimuth": 0, "punto": "eje de unidad (no el motor)", "ncu": 6, "gw": 6, "axis_tilt": 0, "max_angle": 55, "backtrack": true, "gcr": 0.397, "cross_axis_tilt": 0}}, {"type": "Feature", "geometry": {"type": "Point", "coordinates": [14.8855779, 37.3672257]}, "properties": {"rol": "seguidor", "id": "TK1426", "tipo": "completo", "axis_azimuth": 0, "punto": "eje de unidad (no el motor)", "ncu": 6, "gw": 6, "axis_tilt": 0, "max_angle": 55, "backtrack": true, "gcr": 0.397, "cross_axis_tilt": 0}}, {"type": "Feature", "geometry": {"type": "Point", "coordinates": [14.8856962, 37.3672258]}, "properties": {"rol": "seguidor", "id": "TK1427", "tipo": "completo", "axis_azimuth": 0, "punto": "eje de unidad (no el motor)", "ncu": 6, "gw": 6, "axis_tilt": 0, "max_angle": 55, "backtrack": true, "gcr": 0.397, "cross_axis_tilt": 0}}, {"type": "Feature", "geometry": {"type": "Point", "coordinates": [14.8873523, 37.3678695]}, "properties": {"rol": "seguidor", "id": "TK1428", "tipo": "completo", "axis_azimuth": 0, "punto": "eje de unidad (no el motor)", "ncu": 6, "gw": 6, "axis_tilt": 0, "max_angle": 55, "backtrack": true, "gcr": 0.397, "cross_axis_tilt": 0}}, {"type": "Feature", "geometry": {"type": "Point", "coordinates": [14.8874706, 37.3678697]}, "properties": {"rol": "seguidor", "id": "TK1429", "tipo": "completo", "axis_azimuth": 0, "punto": "eje de unidad (no el motor)", "ncu": 6, "gw": 6, "axis_tilt": 0, "max_angle": 55, "backtrack": true, "gcr": 0.397, "cross_axis_tilt": 0}}, {"type": "Feature", "geometry": {"type": "Point", "coordinates": [14.887589, 37.3678698]}, "properties": {"rol": "seguidor", "id": "TK1430", "tipo": "completo", "axis_azimuth": 0, "punto": "eje de unidad (no el motor)", "ncu": 6, "gw": 6, "axis_tilt": 0, "max_angle": 55, "backtrack": true, "gcr": 0.397, "cross_axis_tilt": 0}}, {"type": "Feature", "geometry": {"type": "Point", "coordinates": [14.8945346, 37.3759972]}, "properties": {"rol": "seguidor", "id": "TK1431", "tipo": "completo", "axis_azimuth": 0, "punto": "eje de unidad (no el motor)", "ncu": 1, "gw": 1, "axis_tilt": 0, "max_angle": 55, "backtrack": true, "gcr": 0.397, "cross_axis_tilt": 0}}, {"type": "Feature", "geometry": {"type": "Point", "coordinates": [14.894653, 37.3759973]}, "properties": {"rol": "seguidor", "id": "TK1432", "tipo": "completo", "axis_azimuth": 0, "punto": "eje de unidad (no el motor)", "ncu": 1, "gw": 1, "axis_tilt": 0, "max_angle": 55, "backtrack": true, "gcr": 0.397, "cross_axis_tilt": 0}}, {"type": "Feature", "geometry": {"type": "Point", "coordinates": [14.8944172, 37.3753444]}, "properties": {"rol": "seguidor", "id": "TK1433", "tipo": "completo", "axis_azimuth": 0, "punto": "eje de unidad (no el motor)", "ncu": 1, "gw": 1, "axis_tilt": 0, "max_angle": 55, "backtrack": true, "gcr": 0.397, "cross_axis_tilt": 0}}, {"type": "Feature", "geometry": {"type": "Point", "coordinates": [14.8876704, 37.3762609]}, "properties": {"rol": "seguidor", "id": "TK1434", "tipo": "completo", "axis_azimuth": 0, "punto": "eje de unidad (no el motor)", "ncu": 2, "gw": 2, "axis_tilt": 0, "max_angle": 55, "backtrack": true, "gcr": 0.397, "cross_axis_tilt": 0}}, {"type": "Feature", "geometry": {"type": "Point", "coordinates": [14.8947704, 37.3781893]}, "properties": {"rol": "seguidor", "id": "TK1435", "tipo": "completo", "axis_azimuth": 0, "punto": "eje de unidad (no el motor)", "ncu": 1, "gw": 1, "axis_tilt": 0, "max_angle": 55, "backtrack": true, "gcr": 0.397, "cross_axis_tilt": 0}}, {"type": "Feature", "geometry": {"type": "Point", "coordinates": [14.8947713, 37.3775367]}, "properties": {"rol": "seguidor", "id": "TK1436", "tipo": "completo", "axis_azimuth": 0, "punto": "eje de unidad (no el motor)", "ncu": 1, "gw": 1, "axis_tilt": 0, "max_angle": 55, "backtrack": true, "gcr": 0.397, "cross_axis_tilt": 0}}, {"type": "Feature", "geometry": {"type": "Point", "coordinates": [14.8888585, 37.3746556]}, "properties": {"rol": "seguidor", "id": "TK1437", "tipo": "completo", "axis_azimuth": 0, "punto": "eje de unidad (no el motor)", "ncu": 2, "gw": 2, "axis_tilt": 0, "max_angle": 55, "backtrack": true, "gcr": 0.397, "cross_axis_tilt": 0}}, {"type": "Feature", "geometry": {"type": "Point", "coordinates": [14.8889769, 37.3746557]}, "properties": {"rol": "seguidor", "id": "TK1438", "tipo": "completo", "axis_azimuth": 0, "punto": "eje de unidad (no el motor)", "ncu": 2, "gw": 2, "axis_tilt": 0, "max_angle": 55, "backtrack": true, "gcr": 0.397, "cross_axis_tilt": 0}}, {"type": "Feature", "geometry": {"type": "Point", "coordinates": [14.8886227, 37.3740027]}, "properties": {"rol": "seguidor", "id": "TK1439", "tipo": "completo", "axis_azimuth": 0, "punto": "eje de unidad (no el motor)", "ncu": 4, "gw": 4, "axis_tilt": 0, "max_angle": 55, "backtrack": true, "gcr": 0.397, "cross_axis_tilt": 0}}, {"type": "Feature", "geometry": {"type": "Point", "coordinates": [14.8872008, 37.3740013]}, "properties": {"rol": "seguidor", "id": "TK1440", "tipo": "completo", "axis_azimuth": 0, "punto": "eje de unidad (no el motor)", "ncu": 4, "gw": 4, "axis_tilt": 0, "max_angle": 55, "backtrack": true, "gcr": 0.397, "cross_axis_tilt": 0}}, {"type": "Feature", "geometry": {"type": "Point", "coordinates": [14.8873192, 37.3740014]}, "properties": {"rol": "seguidor", "id": "TK1441", "tipo": "completo", "axis_azimuth": 0, "punto": "eje de unidad (no el motor)", "ncu": 4, "gw": 4, "axis_tilt": 0, "max_angle": 55, "backtrack": true, "gcr": 0.397, "cross_axis_tilt": 0}}, {"type": "Feature", "geometry": {"type": "Point", "coordinates": [14.8841199, 37.3739059]}, "properties": {"rol": "seguidor", "id": "TK1442", "tipo": "completo", "axis_azimuth": 0, "punto": "eje de unidad (no el motor)", "ncu": 3, "gw": 3, "axis_tilt": 0, "max_angle": 55, "backtrack": true, "gcr": 0.397, "cross_axis_tilt": 0}}, {"type": "Feature", "geometry": {"type": "Point", "coordinates": [14.8841209, 37.3732533]}, "properties": {"rol": "seguidor", "id": "TK1443", "tipo": "completo", "axis_azimuth": 0, "punto": "eje de unidad (no el motor)", "ncu": 3, "gw": 3, "axis_tilt": 0, "max_angle": 55, "backtrack": true, "gcr": 0.397, "cross_axis_tilt": 0}}, {"type": "Feature", "geometry": {"type": "Point", "coordinates": [14.8895769, 37.3756587]}, "properties": {"rol": "seguidor", "id": "TK1444", "tipo": "Medio", "axis_azimuth": 0, "punto": "eje de unidad (no el motor)", "ncu": 2, "gw": 2, "axis_tilt": 0, "max_angle": 55, "backtrack": true, "gcr": 0.397, "cross_axis_tilt": 0}}, {"type": "Feature", "geometry": {"type": "Point", "coordinates": [14.8864914, 37.3723699]}, "properties": {"rol": "seguidor", "id": "TK1445", "tipo": "completo", "axis_azimuth": 0, "punto": "eje de unidad (no el motor)", "ncu": 4, "gw": 4, "axis_tilt": 0, "max_angle": 55, "backtrack": true, "gcr": 0.397, "cross_axis_tilt": 0}}, {"type": "Feature", "geometry": {"type": "Point", "coordinates": [14.8866098, 37.37237]}, "properties": {"rol": "seguidor", "id": "TK1446", "tipo": "completo", "axis_azimuth": 0, "punto": "eje de unidad (no el motor)", "ncu": 4, "gw": 4, "axis_tilt": 0, "max_angle": 55, "backtrack": true, "gcr": 0.397, "cross_axis_tilt": 0}}, {"type": "Feature", "geometry": {"type": "Point", "coordinates": [14.8867282, 37.3723701]}, "properties": {"rol": "seguidor", "id": "TK1447", "tipo": "completo", "axis_azimuth": 0, "punto": "eje de unidad (no el motor)", "ncu": 4, "gw": 4, "axis_tilt": 0, "max_angle": 55, "backtrack": true, "gcr": 0.397, "cross_axis_tilt": 0}}, {"type": "Feature", "geometry": {"type": "Point", "coordinates": [14.893025, 37.3671864]}, "properties": {"rol": "seguidor", "id": "TK1448", "tipo": "completo", "axis_azimuth": 0, "punto": "eje de unidad (no el motor)", "ncu": 11, "gw": 11, "axis_tilt": 0, "max_angle": 55, "backtrack": true, "gcr": 0.397, "cross_axis_tilt": 0}}, {"type": "Feature", "geometry": {"type": "Point", "coordinates": [14.8931433, 37.3671865]}, "properties": {"rol": "seguidor", "id": "TK1449", "tipo": "completo", "axis_azimuth": 0, "punto": "eje de unidad (no el motor)", "ncu": 11, "gw": 11, "axis_tilt": 0, "max_angle": 55, "backtrack": true, "gcr": 0.397, "cross_axis_tilt": 0}}, {"type": "Feature", "geometry": {"type": "Point", "coordinates": [14.8932617, 37.3671866]}, "properties": {"rol": "seguidor", "id": "TK1450", "tipo": "completo", "axis_azimuth": 0, "punto": "eje de unidad (no el motor)", "ncu": 11, "gw": 11, "axis_tilt": 0, "max_angle": 55, "backtrack": true, "gcr": 0.397, "cross_axis_tilt": 0}}, {"type": "Feature", "geometry": {"type": "Point", "coordinates": [14.8933801, 37.3671867]}, "properties": {"rol": "seguidor", "id": "TK1451", "tipo": "completo", "axis_azimuth": 0, "punto": "eje de unidad (no el motor)", "ncu": 11, "gw": 11, "axis_tilt": 0, "max_angle": 55, "backtrack": true, "gcr": 0.397, "cross_axis_tilt": 0}}, {"type": "Feature", "geometry": {"type": "Point", "coordinates": [14.8934984, 37.3671868]}, "properties": {"rol": "seguidor", "id": "TK1452", "tipo": "completo", "axis_azimuth": 0, "punto": "eje de unidad (no el motor)", "ncu": 11, "gw": 11, "axis_tilt": 0, "max_angle": 55, "backtrack": true, "gcr": 0.397, "cross_axis_tilt": 0}}, {"type": "Feature", "geometry": {"type": "Point", "coordinates": [14.8936168, 37.3671869]}, "properties": {"rol": "seguidor", "id": "TK1453", "tipo": "completo", "axis_azimuth": 0, "punto": "eje de unidad (no el motor)", "ncu": 11, "gw": 11, "axis_tilt": 0, "max_angle": 55, "backtrack": true, "gcr": 0.397, "cross_axis_tilt": 0}}, {"type": "Feature", "geometry": {"type": "Point", "coordinates": [14.8918406, 37.3657387]}, "properties": {"rol": "seguidor", "id": "TK1454", "tipo": "completo", "axis_azimuth": 0, "punto": "eje de unidad (no el motor)", "ncu": 11, "gw": 11, "axis_tilt": 0, "max_angle": 55, "backtrack": true, "gcr": 0.397, "cross_axis_tilt": 0}}, {"type": "Feature", "geometry": {"type": "Point", "coordinates": [14.8947592, 37.3728579]}, "properties": {"rol": "seguidor", "id": "TK1455", "tipo": "completo", "axis_azimuth": 0, "punto": "eje de unidad (no el motor)", "ncu": 9, "gw": 9, "axis_tilt": 0, "max_angle": 55, "backtrack": true, "gcr": 0.397, "cross_axis_tilt": 0}}, {"type": "Feature", "geometry": {"type": "Point", "coordinates": [14.8936981, 37.3695117]}, "properties": {"rol": "seguidor", "id": "TK1456", "tipo": "completo", "axis_azimuth": 0, "punto": "eje de unidad (no el motor)", "ncu": 9, "gw": 9, "axis_tilt": 0, "max_angle": 55, "backtrack": true, "gcr": 0.397, "cross_axis_tilt": 0}}, {"type": "Feature", "geometry": {"type": "Point", "coordinates": [14.8936972, 37.3701644]}, "properties": {"rol": "seguidor", "id": "TK1457", "tipo": "completo", "axis_azimuth": 0, "punto": "eje de unidad (no el motor)", "ncu": 9, "gw": 9, "axis_tilt": 0, "max_angle": 55, "backtrack": true, "gcr": 0.397, "cross_axis_tilt": 0}}, {"type": "Feature", "geometry": {"type": "Point", "coordinates": [14.8921937, 37.3691331]}, "properties": {"rol": "seguidor", "id": "TK1458", "tipo": "completo", "axis_azimuth": 0, "punto": "eje de unidad (no el motor)", "ncu": 11, "gw": 11, "axis_tilt": 0, "max_angle": 55, "backtrack": true, "gcr": 0.397, "cross_axis_tilt": 0}}, {"type": "Feature", "geometry": {"type": "Point", "coordinates": [14.8923121, 37.3691332]}, "properties": {"rol": "seguidor", "id": "TK1459", "tipo": "completo", "axis_azimuth": 0, "punto": "eje de unidad (no el motor)", "ncu": 11, "gw": 11, "axis_tilt": 0, "max_angle": 55, "backtrack": true, "gcr": 0.397, "cross_axis_tilt": 0}}, {"type": "Feature", "geometry": {"type": "Point", "coordinates": [14.8953501, 37.3735111]}, "properties": {"rol": "seguidor", "id": "TK1460", "tipo": "completo", "axis_azimuth": 0, "punto": "eje de unidad (no el motor)", "ncu": 9, "gw": 9, "axis_tilt": 0, "max_angle": 55, "backtrack": true, "gcr": 0.397, "cross_axis_tilt": 0}}, {"type": "Feature", "geometry": {"type": "Point", "coordinates": [14.895351, 37.3728584]}, "properties": {"rol": "seguidor", "id": "TK1461", "tipo": "completo", "axis_azimuth": 0, "punto": "eje de unidad (no el motor)", "ncu": 9, "gw": 9, "axis_tilt": 0, "max_angle": 55, "backtrack": true, "gcr": 0.397, "cross_axis_tilt": 0}}, {"type": "Feature", "geometry": {"type": "Point", "coordinates": [14.895352, 37.3722057]}, "properties": {"rol": "seguidor", "id": "TK1462", "tipo": "completo", "axis_azimuth": 0, "punto": "eje de unidad (no el motor)", "ncu": 9, "gw": 9, "axis_tilt": 0, "max_angle": 55, "backtrack": true, "gcr": 0.397, "cross_axis_tilt": 0}}, {"type": "Feature", "geometry": {"type": "Point", "coordinates": [14.8952318, 37.373511]}, "properties": {"rol": "seguidor", "id": "TK1463", "tipo": "completo", "axis_azimuth": 0, "punto": "eje de unidad (no el motor)", "ncu": 9, "gw": 9, "axis_tilt": 0, "max_angle": 55, "backtrack": true, "gcr": 0.397, "cross_axis_tilt": 0}}, {"type": "Feature", "geometry": {"type": "Point", "coordinates": [14.8952327, 37.3728583]}, "properties": {"rol": "seguidor", "id": "TK1464", "tipo": "completo", "axis_azimuth": 0, "punto": "eje de unidad (no el motor)", "ncu": 9, "gw": 9, "axis_tilt": 0, "max_angle": 55, "backtrack": true, "gcr": 0.397, "cross_axis_tilt": 0}}, {"type": "Feature", "geometry": {"type": "Point", "coordinates": [14.8952336, 37.3722056]}, "properties": {"rol": "seguidor", "id": "TK1465", "tipo": "completo", "axis_azimuth": 0, "punto": "eje de unidad (no el motor)", "ncu": 9, "gw": 9, "axis_tilt": 0, "max_angle": 55, "backtrack": true, "gcr": 0.397, "cross_axis_tilt": 0}}, {"type": "Feature", "geometry": {"type": "Point", "coordinates": [14.8951134, 37.3735109]}, "properties": {"rol": "seguidor", "id": "TK1466", "tipo": "completo", "axis_azimuth": 0, "punto": "eje de unidad (no el motor)", "ncu": 9, "gw": 9, "axis_tilt": 0, "max_angle": 55, "backtrack": true, "gcr": 0.397, "cross_axis_tilt": 0}}, {"type": "Feature", "geometry": {"type": "Point", "coordinates": [14.8951143, 37.3728582]}, "properties": {"rol": "seguidor", "id": "TK1467", "tipo": "completo", "axis_azimuth": 0, "punto": "eje de unidad (no el motor)", "ncu": 9, "gw": 9, "axis_tilt": 0, "max_angle": 55, "backtrack": true, "gcr": 0.397, "cross_axis_tilt": 0}}, {"type": "Feature", "geometry": {"type": "Point", "coordinates": [14.8951152, 37.3722055]}, "properties": {"rol": "seguidor", "id": "TK1468", "tipo": "completo", "axis_azimuth": 0, "punto": "eje de unidad (no el motor)", "ncu": 9, "gw": 9, "axis_tilt": 0, "max_angle": 55, "backtrack": true, "gcr": 0.397, "cross_axis_tilt": 0}}, {"type": "Feature", "geometry": {"type": "Point", "coordinates": [14.894995, 37.3735108]}, "properties": {"rol": "seguidor", "id": "TK1469", "tipo": "completo", "axis_azimuth": 0, "punto": "eje de unidad (no el motor)", "ncu": 9, "gw": 9, "axis_tilt": 0, "max_angle": 55, "backtrack": true, "gcr": 0.397, "cross_axis_tilt": 0}}, {"type": "Feature", "geometry": {"type": "Point", "coordinates": [14.894996, 37.3728581]}, "properties": {"rol": "seguidor", "id": "TK1470", "tipo": "completo", "axis_azimuth": 0, "punto": "eje de unidad (no el motor)", "ncu": 9, "gw": 9, "axis_tilt": 0, "max_angle": 55, "backtrack": true, "gcr": 0.397, "cross_axis_tilt": 0}}, {"type": "Feature", "geometry": {"type": "Point", "coordinates": [14.8949969, 37.3722054]}, "properties": {"rol": "seguidor", "id": "TK1471", "tipo": "completo", "axis_azimuth": 0, "punto": "eje de unidad (no el motor)", "ncu": 9, "gw": 9, "axis_tilt": 0, "max_angle": 55, "backtrack": true, "gcr": 0.397, "cross_axis_tilt": 0}}, {"type": "Feature", "geometry": {"type": "Point", "coordinates": [14.8989426, 37.3660799]}, "properties": {"rol": "seguidor", "id": "TK1472", "tipo": "completo", "axis_azimuth": 0, "punto": "eje de unidad (no el motor)", "ncu": 12, "gw": 12, "axis_tilt": 0, "max_angle": 55, "backtrack": true, "gcr": 0.397, "cross_axis_tilt": 0}}, {"type": "Feature", "geometry": {"type": "Point", "coordinates": [14.8970492, 37.3675737]}, "properties": {"rol": "seguidor", "id": "TK1473", "tipo": "completo", "axis_azimuth": 0, "punto": "eje de unidad (no el motor)", "ncu": 12, "gw": 12, "axis_tilt": 0, "max_angle": 55, "backtrack": true, "gcr": 0.397, "cross_axis_tilt": 0}}, {"type": "Feature", "geometry": {"type": "Point", "coordinates": [14.8945313, 37.373506]}, "properties": {"rol": "seguidor", "id": "TK1474", "tipo": "Medio", "axis_azimuth": 0, "punto": "eje de unidad (no el motor)", "ncu": 9, "gw": 9, "axis_tilt": 0, "max_angle": 55, "backtrack": true, "gcr": 0.397, "cross_axis_tilt": 0}}, {"type": "Feature", "geometry": {"type": "Point", "coordinates": [14.8937577, 37.3735343]}, "properties": {"rol": "seguidor", "id": "TK1475", "tipo": "completo", "axis_azimuth": 0, "punto": "eje de unidad (no el motor)", "ncu": 7, "gw": 7, "axis_tilt": 0, "max_angle": 55, "backtrack": true, "gcr": 0.397, "cross_axis_tilt": 0}}, {"type": "Feature", "geometry": {"type": "Point", "coordinates": [14.8934114, 37.3741823]}, "properties": {"rol": "seguidor", "id": "TK1476", "tipo": "Medio", "axis_azimuth": 0, "punto": "eje de unidad (no el motor)", "ncu": 7, "gw": 7, "axis_tilt": 0, "max_angle": 55, "backtrack": true, "gcr": 0.397, "cross_axis_tilt": 0}}, {"type": "Feature", "geometry": {"type": "Point", "coordinates": [14.8935279, 37.3772769]}, "properties": {"rol": "NCU", "nombre": "NCU 01"}}, {"type": "Feature", "geometry": {"type": "Point", "coordinates": [14.8876481, 37.3757344]}, "properties": {"rol": "NCU", "nombre": "NCU 02"}}, {"type": "Feature", "geometry": {"type": "Point", "coordinates": [14.8840937, 37.3729088]}, "properties": {"rol": "NCU", "nombre": "NCU 03"}}, {"type": "Feature", "geometry": {"type": "Point", "coordinates": [14.8875223, 37.3727697]}, "properties": {"rol": "NCU", "nombre": "NCU 04"}}, {"type": "Feature", "geometry": {"type": "Point", "coordinates": [14.8848981, 37.37008]}, "properties": {"rol": "NCU", "nombre": "NCU 05"}}, {"type": "Feature", "geometry": {"type": "Point", "coordinates": [14.8873179, 37.3684882]}, "properties": {"rol": "NCU", "nombre": "NCU 06"}}, {"type": "Feature", "geometry": {"type": "Point", "coordinates": [14.8918113, 37.3730341]}, "properties": {"rol": "NCU", "nombre": "NCU 07"}}, {"type": "Feature", "geometry": {"type": "Point", "coordinates": [14.8902017, 37.3712772]}, "properties": {"rol": "NCU", "nombre": "NCU 08"}}, {"type": "Feature", "geometry": {"type": "Point", "coordinates": [14.8946392, 37.371744]}, "properties": {"rol": "NCU", "nombre": "NCU 09"}}, {"type": "Feature", "geometry": {"type": "Point", "coordinates": [14.8983516, 37.3701012]}, "properties": {"rol": "NCU", "nombre": "NCU 10"}}, {"type": "Feature", "geometry": {"type": "Point", "coordinates": [14.8927226, 37.3671781]}, "properties": {"rol": "NCU", "nombre": "NCU 11"}}, {"type": "Feature", "geometry": {"type": "Point", "coordinates": [14.8976304, 37.3667633]}, "properties": {"rol": "NCU", "nombre": "NCU 12"}}, {"type": "Feature", "geometry": {"type": "Point", "coordinates": [14.8957248, 37.3789112]}, "properties": {"rol": "HSU", "nombre": "HSU 01-01", "ncu": 1, "ncu_origen": "nombre del DWG «HSU 01-01», corroborado con la geometría: la NCU 1 es también la más cercana, a 266 m", "gw": null, "gw_origen": null, "esclavo": null, "esclavo_origen": null}}, {"type": "Feature", "geometry": {"type": "Point", "coordinates": [14.9001433, 37.3663058]}, "properties": {"rol": "HSU", "nombre": "HSU 12-06", "ncu": 12, "ncu_origen": "nombre del DWG «HSU 12-06», corroborado con la geometría: la NCU 12 es también la más cercana, a 228 m", "gw": null, "gw_origen": null, "esclavo": null, "esclavo_origen": null}}, {"type": "Feature", "geometry": {"type": "Point", "coordinates": [14.8921789, 37.3646994]}, "properties": {"rol": "HSU", "nombre": "HSU 11-05", "ncu": 11, "ncu_origen": "nombre del DWG «HSU 11-05», corroborado con la geometría: la NCU 11 es también la más cercana, a 279 m", "gw": null, "gw_origen": null, "esclavo": null, "esclavo_origen": null}}, {"type": "Feature", "geometry": {"type": "Point", "coordinates": [14.8815228, 37.3687546]}, "properties": {"rol": "HSU", "nombre": "HSU 05-03", "ncu": 5, "ncu_origen": "nombre del DWG «HSU 05-03», corroborado con la geometría: la NCU 5 es también la más cercana, a 333 m", "gw": null, "gw_origen": null, "esclavo": null, "esclavo_origen": null}}, {"type": "Feature", "geometry": {"type": "Point", "coordinates": [14.8852234, 37.3769479]}, "properties": {"rol": "HSU", "nombre": "HSU 02-02", "ncu": 2, "ncu_origen": "nombre del DWG «HSU 02-02», corroborado con la geometría: la NCU 2 es también la más cercana, a 253 m", "gw": null, "gw_origen": null, "esclavo": null, "esclavo_origen": null}}, {"type": "Feature", "geometry": {"type": "Point", "coordinates": [14.8994653, 37.3709606]}, "properties": {"rol": "HSU", "nombre": "HSU 10-04", "ncu": 10, "ncu_origen": "nombre del DWG «HSU 10-04», corroborado con la geometría: la NCU 10 es también la más cercana, a 137 m", "gw": null, "gw_origen": null, "esclavo": null, "esclavo_origen": null}}]}