{"type": "FeatureCollection", "name": "paramo", "crs_note": "EPSG:4326 (GeoJSON siempre en WGS84). El layout está en EPSG:25830", "generado_por": "tools/geojson_activo.py", "que_es": "La planta como ACTIVO: parcela, seguidores con su montaje, NCU, HSU y caminos. No confundir con <planta>_real.geojson, que es la malla de radio medida.", "montaje": {"tipo": "SingleAxisTrackerMount", "axis_tilt": 0, "axis_azimuth": 0, "max_angle": 55, "backtrack": true, "gcr": 0.397, "cross_axis_tilt": 0, "module_height": null, "night_stow_deg": 5, "pitch": null, "cuerda": null, "modulos_en_vertical": null}, "montaje_origen": {"pitch": null, "cuerda": "null · esta planta no trae bloque `mesa` ni plantilla del fabricante", "gcr": "canon · CANONICAL_GCR del proyecto, no medido en esta planta", "axis_azimuth": "canon · eje N-S (0), que es lo que mide el DWG", "tipo": "del layout · la planta es de seguidores", "axis_tilt": "canon · el eje se genera horizontal; el terreno se aplica aparte (bt3d)", "max_angle": "declarado por la casa · 55° en TODAS las plantas (2026-08-21). Coincide con el CANONICAL_MAX_ANGLE_DEG del core y con lo unico medido, la plantilla TCU de El Burgo", "backtrack": "canon · CANONICAL_BACKTRACK, y es lo que ejecutan las fichas", "cross_axis_tilt": "canon · 0, que es lo que pasa el JS a singleaxis", "module_height": "null · no se ha medido la altura del tubo en ninguna planta", "night_stow_deg": "canon · 5° al este, dato de proyecto", "modulos_en_vertical": "null · el bloque no dice la V"}, "meteo_nota": null, "features": [{"type": "Feature", "geometry": {"type": "Point", "coordinates": [-5.6006645, 42.3217551]}, "properties": {"rol": "seguidor", "id": "TK001", "tipo": "completo", "axis_azimuth": 0, "punto": "eje de unidad (no el motor)", "ncu": 1, "gw": 1, "axis_tilt": 0, "max_angle": 55, "backtrack": true, "gcr": 0.397, "cross_axis_tilt": 0}}, {"type": "Feature", "geometry": {"type": "Point", "coordinates": [-5.6005797, 42.321757]}, "properties": {"rol": "seguidor", "id": "TK002", "tipo": "completo", "axis_azimuth": 0, "punto": "eje de unidad (no el motor)", "ncu": 1, "gw": 1, "axis_tilt": 0, "max_angle": 55, "backtrack": true, "gcr": 0.397, "cross_axis_tilt": 0}}, {"type": "Feature", "geometry": {"type": "Point", "coordinates": [-5.6004948, 42.3217589]}, "properties": {"rol": "seguidor", "id": "TK003", "tipo": "completo", "axis_azimuth": 0, "punto": "eje de unidad (no el motor)", "ncu": 1, "gw": 1, "axis_tilt": 0, "max_angle": 55, "backtrack": true, "gcr": 0.397, "cross_axis_tilt": 0}}, {"type": "Feature", "geometry": {"type": "Point", "coordinates": [-5.6004099, 42.3217609]}, "properties": {"rol": "seguidor", "id": "TK004", "tipo": "completo", "axis_azimuth": 0, "punto": "eje de unidad (no el motor)", "ncu": 1, "gw": 1, "axis_tilt": 0, "max_angle": 55, "backtrack": true, "gcr": 0.397, "cross_axis_tilt": 0}}, {"type": "Feature", "geometry": {"type": "Point", "coordinates": [-5.6003251, 42.3217628]}, "properties": {"rol": "seguidor", "id": "TK005", "tipo": "completo", "axis_azimuth": 0, "punto": "eje de unidad (no el motor)", "ncu": 1, "gw": 1, "axis_tilt": 0, "max_angle": 55, "backtrack": true, "gcr": 0.397, "cross_axis_tilt": 0}}, {"type": "Feature", "geometry": {"type": "Point", "coordinates": [-5.6002402, 42.3217647]}, "properties": {"rol": "seguidor", "id": "TK006", "tipo": "completo", "axis_azimuth": 0, "punto": "eje de unidad (no el motor)", "ncu": 1, "gw": 1, "axis_tilt": 0, "max_angle": 55, "backtrack": true, "gcr": 0.397, "cross_axis_tilt": 0}}, {"type": "Feature", "geometry": {"type": "Point", "coordinates": [-5.6001553, 42.3217666]}, "properties": {"rol": "seguidor", "id": "TK007", "tipo": "completo", "axis_azimuth": 0, "punto": "eje de unidad (no el motor)", "ncu": 1, "gw": 1, "axis_tilt": 0, "max_angle": 55, "backtrack": true, "gcr": 0.397, "cross_axis_tilt": 0}}, {"type": "Feature", "geometry": {"type": "Point", "coordinates": [-5.6000705, 42.3217686]}, "properties": {"rol": "seguidor", "id": "TK008", "tipo": "completo", "axis_azimuth": 0, "punto": "eje de unidad (no el motor)", "ncu": 1, "gw": 1, "axis_tilt": 0, "max_angle": 55, "backtrack": true, "gcr": 0.397, "cross_axis_tilt": 0}}, {"type": "Feature", "geometry": {"type": "Point", "coordinates": [-5.600011, 42.3212079]}, "properties": {"rol": "seguidor", "id": "TK009", "tipo": "completo", "axis_azimuth": 0, "punto": "eje de unidad (no el motor)", "ncu": 1, "gw": 1, "axis_tilt": 0, "max_angle": 55, "backtrack": true, "gcr": 0.397, "cross_axis_tilt": 0}}, {"type": "Feature", "geometry": {"type": "Point", "coordinates": [-5.5999856, 42.3217705]}, "properties": {"rol": "seguidor", "id": "TK010", "tipo": "completo", "axis_azimuth": 0, "punto": "eje de unidad (no el motor)", "ncu": 1, "gw": 1, "axis_tilt": 0, "max_angle": 55, "backtrack": true, "gcr": 0.397, "cross_axis_tilt": 0}}, {"type": "Feature", "geometry": {"type": "Point", "coordinates": [-5.5999261, 42.3212098]}, "properties": {"rol": "seguidor", "id": "TK011", "tipo": "completo", "axis_azimuth": 0, "punto": "eje de unidad (no el motor)", "ncu": 1, "gw": 1, "axis_tilt": 0, "max_angle": 55, "backtrack": true, "gcr": 0.397, "cross_axis_tilt": 0}}, {"type": "Feature", "geometry": {"type": "Point", "coordinates": [-5.5999007, 42.3217724]}, "properties": {"rol": "seguidor", "id": "TK012", "tipo": "completo", "axis_azimuth": 0, "punto": "eje de unidad (no el motor)", "ncu": 1, "gw": 1, "axis_tilt": 0, "max_angle": 55, "backtrack": true, "gcr": 0.397, "cross_axis_tilt": 0}}, {"type": "Feature", "geometry": {"type": "Point", "coordinates": [-5.5998412, 42.3212117]}, "properties": {"rol": "seguidor", "id": "TK013", "tipo": "completo", "axis_azimuth": 0, "punto": "eje de unidad (no el motor)", "ncu": 1, "gw": 1, "axis_tilt": 0, "max_angle": 55, "backtrack": true, "gcr": 0.397, "cross_axis_tilt": 0}}, {"type": "Feature", "geometry": {"type": "Point", "coordinates": [-5.5998159, 42.3217743]}, "properties": {"rol": "seguidor", "id": "TK014", "tipo": "completo", "axis_azimuth": 0, "punto": "eje de unidad (no el motor)", "ncu": 1, "gw": 1, "axis_tilt": 0, "max_angle": 55, "backtrack": true, "gcr": 0.397, "cross_axis_tilt": 0}}, {"type": "Feature", "geometry": {"type": "Point", "coordinates": [-5.5997564, 42.3212137]}, "properties": {"rol": "seguidor", "id": "TK015", "tipo": "completo", "axis_azimuth": 0, "punto": "eje de unidad (no el motor)", "ncu": 1, "gw": 1, "axis_tilt": 0, "max_angle": 55, "backtrack": true, "gcr": 0.397, "cross_axis_tilt": 0}}, {"type": "Feature", "geometry": {"type": "Point", "coordinates": [-5.599731, 42.3217763]}, "properties": {"rol": "seguidor", "id": "TK016", "tipo": "completo", "axis_azimuth": 0, "punto": "eje de unidad (no el motor)", "ncu": 1, "gw": 1, "axis_tilt": 0, "max_angle": 55, "backtrack": true, "gcr": 0.397, "cross_axis_tilt": 0}}, {"type": "Feature", "geometry": {"type": "Point", "coordinates": [-5.5996715, 42.3212156]}, "properties": {"rol": "seguidor", "id": "TK017", "tipo": "completo", "axis_azimuth": 0, "punto": "eje de unidad (no el motor)", "ncu": 1, "gw": 1, "axis_tilt": 0, "max_angle": 55, "backtrack": true, "gcr": 0.397, "cross_axis_tilt": 0}}, {"type": "Feature", "geometry": {"type": "Point", "coordinates": [-5.5996461, 42.3217782]}, "properties": {"rol": "seguidor", "id": "TK018", "tipo": "completo", "axis_azimuth": 0, "punto": "eje de unidad (no el motor)", "ncu": 1, "gw": 1, "axis_tilt": 0, "max_angle": 55, "backtrack": true, "gcr": 0.397, "cross_axis_tilt": 0}}, {"type": "Feature", "geometry": {"type": "Point", "coordinates": [-5.5995866, 42.3212175]}, "properties": {"rol": "seguidor", "id": "TK019", "tipo": "completo", "axis_azimuth": 0, "punto": "eje de unidad (no el motor)", "ncu": 1, "gw": 1, "axis_tilt": 0, "max_angle": 55, "backtrack": true, "gcr": 0.397, "cross_axis_tilt": 0}}, {"type": "Feature", "geometry": {"type": "Point", "coordinates": [-5.5995844, 42.3223416]}, "properties": {"rol": "seguidor", "id": "TK020", "tipo": "completo", "axis_azimuth": 0, "punto": "eje de unidad (no el motor)", "ncu": 1, "gw": 1, "axis_tilt": 0, "max_angle": 55, "backtrack": true, "gcr": 0.397, "cross_axis_tilt": 0}}, {"type": "Feature", "geometry": {"type": "Point", "coordinates": [-5.5995613, 42.3217801]}, "properties": {"rol": "seguidor", "id": "TK021", "tipo": "completo", "axis_azimuth": 0, "punto": "eje de unidad (no el motor)", "ncu": 1, "gw": 1, "axis_tilt": 0, "max_angle": 55, "backtrack": true, "gcr": 0.397, "cross_axis_tilt": 0}}, {"type": "Feature", "geometry": {"type": "Point", "coordinates": [-5.5995018, 42.3212194]}, "properties": {"rol": "seguidor", "id": "TK022", "tipo": "completo", "axis_azimuth": 0, "punto": "eje de unidad (no el motor)", "ncu": 1, "gw": 1, "axis_tilt": 0, "max_angle": 55, "backtrack": true, "gcr": 0.397, "cross_axis_tilt": 0}}, {"type": "Feature", "geometry": {"type": "Point", "coordinates": [-5.5994995, 42.3223435]}, "properties": {"rol": "seguidor", "id": "TK023", "tipo": "completo", "axis_azimuth": 0, "punto": "eje de unidad (no el motor)", "ncu": 1, "gw": 1, "axis_tilt": 0, "max_angle": 55, "backtrack": true, "gcr": 0.397, "cross_axis_tilt": 0}}, {"type": "Feature", "geometry": {"type": "Point", "coordinates": [-5.5994764, 42.321782]}, "properties": {"rol": "seguidor", "id": "TK024", "tipo": "completo", "axis_azimuth": 0, "punto": "eje de unidad (no el motor)", "ncu": 1, "gw": 1, "axis_tilt": 0, "max_angle": 55, "backtrack": true, "gcr": 0.397, "cross_axis_tilt": 0}}, {"type": "Feature", "geometry": {"type": "Point", "coordinates": [-5.5994169, 42.3212214]}, "properties": {"rol": "seguidor", "id": "TK025", "tipo": "completo", "axis_azimuth": 0, "punto": "eje de unidad (no el motor)", "ncu": 1, "gw": 1, "axis_tilt": 0, "max_angle": 55, "backtrack": true, "gcr": 0.397, "cross_axis_tilt": 0}}, {"type": "Feature", "geometry": {"type": "Point", "coordinates": [-5.5994147, 42.3223455]}, "properties": {"rol": "seguidor", "id": "TK026", "tipo": "completo", "axis_azimuth": 0, "punto": "eje de unidad (no el motor)", "ncu": 1, "gw": 1, "axis_tilt": 0, "max_angle": 55, "backtrack": true, "gcr": 0.397, "cross_axis_tilt": 0}}, {"type": "Feature", "geometry": {"type": "Point", "coordinates": [-5.5993915, 42.321784]}, "properties": {"rol": "seguidor", "id": "TK027", "tipo": "completo", "axis_azimuth": 0, "punto": "eje de unidad (no el motor)", "ncu": 1, "gw": 1, "axis_tilt": 0, "max_angle": 55, "backtrack": true, "gcr": 0.397, "cross_axis_tilt": 0}}, {"type": "Feature", "geometry": {"type": "Point", "coordinates": [-5.599332, 42.3212233]}, "properties": {"rol": "seguidor", "id": "TK028", "tipo": "completo", "axis_azimuth": 0, "punto": "eje de unidad (no el motor)", "ncu": 1, "gw": 1, "axis_tilt": 0, "max_angle": 55, "backtrack": true, "gcr": 0.397, "cross_axis_tilt": 0}}, {"type": "Feature", "geometry": {"type": "Point", "coordinates": [-5.5993298, 42.3223474]}, "properties": {"rol": "seguidor", "id": "TK029", "tipo": "completo", "axis_azimuth": 0, "punto": "eje de unidad (no el motor)", "ncu": 1, "gw": 1, "axis_tilt": 0, "max_angle": 55, "backtrack": true, "gcr": 0.397, "cross_axis_tilt": 0}}, {"type": "Feature", "geometry": {"type": "Point", "coordinates": [-5.5993067, 42.3217859]}, "properties": {"rol": "seguidor", "id": "TK030", "tipo": "completo", "axis_azimuth": 0, "punto": "eje de unidad (no el motor)", "ncu": 1, "gw": 1, "axis_tilt": 0, "max_angle": 55, "backtrack": true, "gcr": 0.397, "cross_axis_tilt": 0}}, {"type": "Feature", "geometry": {"type": "Point", "coordinates": [-5.5992472, 42.3212252]}, "properties": {"rol": "seguidor", "id": "TK031", "tipo": "completo", "axis_azimuth": 0, "punto": "eje de unidad (no el motor)", "ncu": 1, "gw": 1, "axis_tilt": 0, "max_angle": 55, "backtrack": true, "gcr": 0.397, "cross_axis_tilt": 0}}, {"type": "Feature", "geometry": {"type": "Point", "coordinates": [-5.5992449, 42.3223493]}, "properties": {"rol": "seguidor", "id": "TK032", "tipo": "completo", "axis_azimuth": 0, "punto": "eje de unidad (no el motor)", "ncu": 1, "gw": 1, "axis_tilt": 0, "max_angle": 55, "backtrack": true, "gcr": 0.397, "cross_axis_tilt": 0}}, {"type": "Feature", "geometry": {"type": "Point", "coordinates": [-5.5992218, 42.3217878]}, "properties": {"rol": "seguidor", "id": "TK033", "tipo": "completo", "axis_azimuth": 0, "punto": "eje de unidad (no el motor)", "ncu": 1, "gw": 1, "axis_tilt": 0, "max_angle": 55, "backtrack": true, "gcr": 0.397, "cross_axis_tilt": 0}}, {"type": "Feature", "geometry": {"type": "Point", "coordinates": [-5.5991623, 42.3212271]}, "properties": {"rol": "seguidor", "id": "TK034", "tipo": "completo", "axis_azimuth": 0, "punto": "eje de unidad (no el motor)", "ncu": 1, "gw": 1, "axis_tilt": 0, "max_angle": 55, "backtrack": true, "gcr": 0.397, "cross_axis_tilt": 0}}, {"type": "Feature", "geometry": {"type": "Point", "coordinates": [-5.5991601, 42.3223512]}, "properties": {"rol": "seguidor", "id": "TK035", "tipo": "completo", "axis_azimuth": 0, "punto": "eje de unidad (no el motor)", "ncu": 1, "gw": 1, "axis_tilt": 0, "max_angle": 55, "backtrack": true, "gcr": 0.397, "cross_axis_tilt": 0}}, {"type": "Feature", "geometry": {"type": "Point", "coordinates": [-5.599137, 42.3217897]}, "properties": {"rol": "seguidor", "id": "TK036", "tipo": "completo", "axis_azimuth": 0, "punto": "eje de unidad (no el motor)", "ncu": 1, "gw": 1, "axis_tilt": 0, "max_angle": 55, "backtrack": true, "gcr": 0.397, "cross_axis_tilt": 0}}, {"type": "Feature", "geometry": {"type": "Point", "coordinates": [-5.5990775, 42.3212291]}, "properties": {"rol": "seguidor", "id": "TK037", "tipo": "completo", "axis_azimuth": 0, "punto": "eje de unidad (no el motor)", "ncu": 1, "gw": 1, "axis_tilt": 0, "max_angle": 55, "backtrack": true, "gcr": 0.397, "cross_axis_tilt": 0}}, {"type": "Feature", "geometry": {"type": "Point", "coordinates": [-5.5990752, 42.3223532]}, "properties": {"rol": "seguidor", "id": "TK038", "tipo": "completo", "axis_azimuth": 0, "punto": "eje de unidad (no el motor)", "ncu": 1, "gw": 1, "axis_tilt": 0, "max_angle": 55, "backtrack": true, "gcr": 0.397, "cross_axis_tilt": 0}}, {"type": "Feature", "geometry": {"type": "Point", "coordinates": [-5.5990521, 42.3217917]}, "properties": {"rol": "seguidor", "id": "TK039", "tipo": "completo", "axis_azimuth": 0, "punto": "eje de unidad (no el motor)", "ncu": 1, "gw": 1, "axis_tilt": 0, "max_angle": 55, "backtrack": true, "gcr": 0.397, "cross_axis_tilt": 0}}, {"type": "Feature", "geometry": {"type": "Point", "coordinates": [-5.5989926, 42.321231]}, "properties": {"rol": "seguidor", "id": "TK040", "tipo": "completo", "axis_azimuth": 0, "punto": "eje de unidad (no el motor)", "ncu": 1, "gw": 1, "axis_tilt": 0, "max_angle": 55, "backtrack": true, "gcr": 0.397, "cross_axis_tilt": 0}}, {"type": "Feature", "geometry": {"type": "Point", "coordinates": [-5.5989903, 42.3223551]}, "properties": {"rol": "seguidor", "id": "TK041", "tipo": "completo", "axis_azimuth": 0, "punto": "eje de unidad (no el motor)", "ncu": 1, "gw": 1, "axis_tilt": 0, "max_angle": 55, "backtrack": true, "gcr": 0.397, "cross_axis_tilt": 0}}, {"type": "Feature", "geometry": {"type": "Point", "coordinates": [-5.5989672, 42.3217936]}, "properties": {"rol": "seguidor", "id": "TK042", "tipo": "completo", "axis_azimuth": 0, "punto": "eje de unidad (no el motor)", "ncu": 1, "gw": 1, "axis_tilt": 0, "max_angle": 55, "backtrack": true, "gcr": 0.397, "cross_axis_tilt": 0}}, {"type": "Feature", "geometry": {"type": "Point", "coordinates": [-5.5989077, 42.3212329]}, "properties": {"rol": "seguidor", "id": "TK043", "tipo": "completo", "axis_azimuth": 0, "punto": "eje de unidad (no el motor)", "ncu": 1, "gw": 1, "axis_tilt": 0, "max_angle": 55, "backtrack": true, "gcr": 0.397, "cross_axis_tilt": 0}}, {"type": "Feature", "geometry": {"type": "Point", "coordinates": [-5.5989055, 42.322357]}, "properties": {"rol": "seguidor", "id": "TK044", "tipo": "completo", "axis_azimuth": 0, "punto": "eje de unidad (no el motor)", "ncu": 1, "gw": 1, "axis_tilt": 0, "max_angle": 55, "backtrack": true, "gcr": 0.397, "cross_axis_tilt": 0}}, {"type": "Feature", "geometry": {"type": "Point", "coordinates": [-5.5988824, 42.3217955]}, "properties": {"rol": "seguidor", "id": "TK045", "tipo": "completo", "axis_azimuth": 0, "punto": "eje de unidad (no el motor)", "ncu": 1, "gw": 1, "axis_tilt": 0, "max_angle": 55, "backtrack": true, "gcr": 0.397, "cross_axis_tilt": 0}}, {"type": "Feature", "geometry": {"type": "Point", "coordinates": [-5.5988229, 42.3212348]}, "properties": {"rol": "seguidor", "id": "TK046", "tipo": "completo", "axis_azimuth": 0, "punto": "eje de unidad (no el motor)", "ncu": 1, "gw": 1, "axis_tilt": 0, "max_angle": 55, "backtrack": true, "gcr": 0.397, "cross_axis_tilt": 0}}, {"type": "Feature", "geometry": {"type": "Point", "coordinates": [-5.5988206, 42.3223589]}, "properties": {"rol": "seguidor", "id": "TK047", "tipo": "completo", "axis_azimuth": 0, "punto": "eje de unidad (no el motor)", "ncu": 1, "gw": 1, "axis_tilt": 0, "max_angle": 55, "backtrack": true, "gcr": 0.397, "cross_axis_tilt": 0}}, {"type": "Feature", "geometry": {"type": "Point", "coordinates": [-5.5987975, 42.3217974]}, "properties": {"rol": "seguidor", "id": "TK048", "tipo": "completo", "axis_azimuth": 0, "punto": "eje de unidad (no el motor)", "ncu": 1, "gw": 1, "axis_tilt": 0, "max_angle": 55, "backtrack": true, "gcr": 0.397, "cross_axis_tilt": 0}}, {"type": "Feature", "geometry": {"type": "Point", "coordinates": [-5.598738, 42.3212368]}, "properties": {"rol": "seguidor", "id": "TK049", "tipo": "completo", "axis_azimuth": 0, "punto": "eje de unidad (no el motor)", "ncu": 1, "gw": 1, "axis_tilt": 0, "max_angle": 55, "backtrack": true, "gcr": 0.397, "cross_axis_tilt": 0}}, {"type": "Feature", "geometry": {"type": "Point", "coordinates": [-5.5987358, 42.3223609]}, "properties": {"rol": "seguidor", "id": "TK050", "tipo": "completo", "axis_azimuth": 0, "punto": "eje de unidad (no el motor)", "ncu": 1, "gw": 1, "axis_tilt": 0, "max_angle": 55, "backtrack": true, "gcr": 0.397, "cross_axis_tilt": 0}}, {"type": "Feature", "geometry": {"type": "Point", "coordinates": [-5.5987126, 42.3217994]}, "properties": {"rol": "seguidor", "id": "TK051", "tipo": "completo", "axis_azimuth": 0, "punto": "eje de unidad (no el motor)", "ncu": 1, "gw": 1, "axis_tilt": 0, "max_angle": 55, "backtrack": true, "gcr": 0.397, "cross_axis_tilt": 0}}, {"type": "Feature", "geometry": {"type": "Point", "coordinates": [-5.5986531, 42.3212387]}, "properties": {"rol": "seguidor", "id": "TK052", "tipo": "completo", "axis_azimuth": 0, "punto": "eje de unidad (no el motor)", "ncu": 1, "gw": 1, "axis_tilt": 0, "max_angle": 55, "backtrack": true, "gcr": 0.397, "cross_axis_tilt": 0}}, {"type": "Feature", "geometry": {"type": "Point", "coordinates": [-5.5986509, 42.3223628]}, "properties": {"rol": "seguidor", "id": "TK053", "tipo": "completo", "axis_azimuth": 0, "punto": "eje de unidad (no el motor)", "ncu": 1, "gw": 1, "axis_tilt": 0, "max_angle": 55, "backtrack": true, "gcr": 0.397, "cross_axis_tilt": 0}}, {"type": "Feature", "geometry": {"type": "Point", "coordinates": [-5.5986278, 42.3218013]}, "properties": {"rol": "seguidor", "id": "TK054", "tipo": "completo", "axis_azimuth": 0, "punto": "eje de unidad (no el motor)", "ncu": 1, "gw": 1, "axis_tilt": 0, "max_angle": 55, "backtrack": true, "gcr": 0.397, "cross_axis_tilt": 0}}, {"type": "Feature", "geometry": {"type": "Point", "coordinates": [-5.5985683, 42.3212406]}, "properties": {"rol": "seguidor", "id": "TK055", "tipo": "completo", "axis_azimuth": 0, "punto": "eje de unidad (no el motor)", "ncu": 1, "gw": 1, "axis_tilt": 0, "max_angle": 55, "backtrack": true, "gcr": 0.397, "cross_axis_tilt": 0}}, {"type": "Feature", "geometry": {"type": "Point", "coordinates": [-5.598566, 42.3223647]}, "properties": {"rol": "seguidor", "id": "TK056", "tipo": "completo", "axis_azimuth": 0, "punto": "eje de unidad (no el motor)", "ncu": 1, "gw": 1, "axis_tilt": 0, "max_angle": 55, "backtrack": true, "gcr": 0.397, "cross_axis_tilt": 0}}, {"type": "Feature", "geometry": {"type": "Point", "coordinates": [-5.5985429, 42.3218032]}, "properties": {"rol": "seguidor", "id": "TK057", "tipo": "completo", "axis_azimuth": 0, "punto": "eje de unidad (no el motor)", "ncu": 1, "gw": 1, "axis_tilt": 0, "max_angle": 55, "backtrack": true, "gcr": 0.397, "cross_axis_tilt": 0}}, {"type": "Feature", "geometry": {"type": "Point", "coordinates": [-5.5984834, 42.3212425]}, "properties": {"rol": "seguidor", "id": "TK058", "tipo": "completo", "axis_azimuth": 0, "punto": "eje de unidad (no el motor)", "ncu": 1, "gw": 1, "axis_tilt": 0, "max_angle": 55, "backtrack": true, "gcr": 0.397, "cross_axis_tilt": 0}}, {"type": "Feature", "geometry": {"type": "Point", "coordinates": [-5.5984812, 42.3223666]}, "properties": {"rol": "seguidor", "id": "TK059", "tipo": "completo", "axis_azimuth": 0, "punto": "eje de unidad (no el motor)", "ncu": 1, "gw": 1, "axis_tilt": 0, "max_angle": 55, "backtrack": true, "gcr": 0.397, "cross_axis_tilt": 0}}, {"type": "Feature", "geometry": {"type": "Point", "coordinates": [-5.598458, 42.3218051]}, "properties": {"rol": "seguidor", "id": "TK060", "tipo": "completo", "axis_azimuth": 0, "punto": "eje de unidad (no el motor)", "ncu": 1, "gw": 1, "axis_tilt": 0, "max_angle": 55, "backtrack": true, "gcr": 0.397, "cross_axis_tilt": 0}}, {"type": "Feature", "geometry": {"type": "Point", "coordinates": [-5.5983985, 42.3212445]}, "properties": {"rol": "seguidor", "id": "TK061", "tipo": "completo", "axis_azimuth": 0, "punto": "eje de unidad (no el motor)", "ncu": 1, "gw": 1, "axis_tilt": 0, "max_angle": 55, "backtrack": true, "gcr": 0.397, "cross_axis_tilt": 0}}, {"type": "Feature", "geometry": {"type": "Point", "coordinates": [-5.5983963, 42.3223686]}, "properties": {"rol": "seguidor", "id": "TK062", "tipo": "completo", "axis_azimuth": 0, "punto": "eje de unidad (no el motor)", "ncu": 1, "gw": 1, "axis_tilt": 0, "max_angle": 55, "backtrack": true, "gcr": 0.397, "cross_axis_tilt": 0}}, {"type": "Feature", "geometry": {"type": "Point", "coordinates": [-5.5983732, 42.3218071]}, "properties": {"rol": "seguidor", "id": "TK063", "tipo": "completo", "axis_azimuth": 0, "punto": "eje de unidad (no el motor)", "ncu": 1, "gw": 1, "axis_tilt": 0, "max_angle": 55, "backtrack": true, "gcr": 0.397, "cross_axis_tilt": 0}}, {"type": "Feature", "geometry": {"type": "Point", "coordinates": [-5.5983137, 42.3212464]}, "properties": {"rol": "seguidor", "id": "TK064", "tipo": "completo", "axis_azimuth": 0, "punto": "eje de unidad (no el motor)", "ncu": 1, "gw": 1, "axis_tilt": 0, "max_angle": 55, "backtrack": true, "gcr": 0.397, "cross_axis_tilt": 0}}, {"type": "Feature", "geometry": {"type": "Point", "coordinates": [-5.5983114, 42.3223705]}, "properties": {"rol": "seguidor", "id": "TK065", "tipo": "completo", "axis_azimuth": 0, "punto": "eje de unidad (no el motor)", "ncu": 1, "gw": 1, "axis_tilt": 0, "max_angle": 55, "backtrack": true, "gcr": 0.397, "cross_axis_tilt": 0}}, {"type": "Feature", "geometry": {"type": "Point", "coordinates": [-5.5982883, 42.321809]}, "properties": {"rol": "seguidor", "id": "TK066", "tipo": "completo", "axis_azimuth": 0, "punto": "eje de unidad (no el motor)", "ncu": 1, "gw": 1, "axis_tilt": 0, "max_angle": 55, "backtrack": true, "gcr": 0.397, "cross_axis_tilt": 0}}, {"type": "Feature", "geometry": {"type": "Point", "coordinates": [-5.5982288, 42.3212483]}, "properties": {"rol": "seguidor", "id": "TK067", "tipo": "completo", "axis_azimuth": 0, "punto": "eje de unidad (no el motor)", "ncu": 1, "gw": 1, "axis_tilt": 0, "max_angle": 55, "backtrack": true, "gcr": 0.397, "cross_axis_tilt": 0}}, {"type": "Feature", "geometry": {"type": "Point", "coordinates": [-5.5982266, 42.3223724]}, "properties": {"rol": "seguidor", "id": "TK068", "tipo": "completo", "axis_azimuth": 0, "punto": "eje de unidad (no el motor)", "ncu": 1, "gw": 1, "axis_tilt": 0, "max_angle": 55, "backtrack": true, "gcr": 0.397, "cross_axis_tilt": 0}}, {"type": "Feature", "geometry": {"type": "Point", "coordinates": [-5.5982034, 42.3218109]}, "properties": {"rol": "seguidor", "id": "TK069", "tipo": "completo", "axis_azimuth": 0, "punto": "eje de unidad (no el motor)", "ncu": 1, "gw": 1, "axis_tilt": 0, "max_angle": 55, "backtrack": true, "gcr": 0.397, "cross_axis_tilt": 0}}, {"type": "Feature", "geometry": {"type": "Point", "coordinates": [-5.598144, 42.3212502]}, "properties": {"rol": "seguidor", "id": "TK070", "tipo": "completo", "axis_azimuth": 0, "punto": "eje de unidad (no el motor)", "ncu": 1, "gw": 1, "axis_tilt": 0, "max_angle": 55, "backtrack": true, "gcr": 0.397, "cross_axis_tilt": 0}}, {"type": "Feature", "geometry": {"type": "Point", "coordinates": [-5.5981417, 42.3223743]}, "properties": {"rol": "seguidor", "id": "TK071", "tipo": "completo", "axis_azimuth": 0, "punto": "eje de unidad (no el motor)", "ncu": 1, "gw": 1, "axis_tilt": 0, "max_angle": 55, "backtrack": true, "gcr": 0.397, "cross_axis_tilt": 0}}, {"type": "Feature", "geometry": {"type": "Point", "coordinates": [-5.5981186, 42.3218128]}, "properties": {"rol": "seguidor", "id": "TK072", "tipo": "completo", "axis_azimuth": 0, "punto": "eje de unidad (no el motor)", "ncu": 1, "gw": 1, "axis_tilt": 0, "max_angle": 55, "backtrack": true, "gcr": 0.397, "cross_axis_tilt": 0}}, {"type": "Feature", "geometry": {"type": "Point", "coordinates": [-5.5980591, 42.3212522]}, "properties": {"rol": "seguidor", "id": "TK073", "tipo": "completo", "axis_azimuth": 0, "punto": "eje de unidad (no el motor)", "ncu": 1, "gw": 1, "axis_tilt": 0, "max_angle": 55, "backtrack": true, "gcr": 0.397, "cross_axis_tilt": 0}}, {"type": "Feature", "geometry": {"type": "Point", "coordinates": [-5.5980568, 42.3223763]}, "properties": {"rol": "seguidor", "id": "TK074", "tipo": "completo", "axis_azimuth": 0, "punto": "eje de unidad (no el motor)", "ncu": 1, "gw": 1, "axis_tilt": 0, "max_angle": 55, "backtrack": true, "gcr": 0.397, "cross_axis_tilt": 0}}, {"type": "Feature", "geometry": {"type": "Point", "coordinates": [-5.5980337, 42.3218148]}, "properties": {"rol": "seguidor", "id": "TK075", "tipo": "completo", "axis_azimuth": 0, "punto": "eje de unidad (no el motor)", "ncu": 1, "gw": 1, "axis_tilt": 0, "max_angle": 55, "backtrack": true, "gcr": 0.397, "cross_axis_tilt": 0}}, {"type": "Feature", "geometry": {"type": "Point", "coordinates": [-5.597972, 42.3223782]}, "properties": {"rol": "seguidor", "id": "TK076", "tipo": "completo", "axis_azimuth": 0, "punto": "eje de unidad (no el motor)", "ncu": 1, "gw": 1, "axis_tilt": 0, "max_angle": 55, "backtrack": true, "gcr": 0.397, "cross_axis_tilt": 0}}, {"type": "Feature", "geometry": {"type": "Point", "coordinates": [-5.5979488, 42.3218167]}, "properties": {"rol": "seguidor", "id": "TK077", "tipo": "completo", "axis_azimuth": 0, "punto": "eje de unidad (no el motor)", "ncu": 1, "gw": 1, "axis_tilt": 0, "max_angle": 55, "backtrack": true, "gcr": 0.397, "cross_axis_tilt": 0}}, {"type": "Feature", "geometry": {"type": "Point", "coordinates": [-5.5978871, 42.3223801]}, "properties": {"rol": "seguidor", "id": "TK078", "tipo": "completo", "axis_azimuth": 0, "punto": "eje de unidad (no el motor)", "ncu": 1, "gw": 1, "axis_tilt": 0, "max_angle": 55, "backtrack": true, "gcr": 0.397, "cross_axis_tilt": 0}}, {"type": "Feature", "geometry": {"type": "Point", "coordinates": [-5.597864, 42.3218186]}, "properties": {"rol": "seguidor", "id": "TK079", "tipo": "completo", "axis_azimuth": 0, "punto": "eje de unidad (no el motor)", "ncu": 1, "gw": 1, "axis_tilt": 0, "max_angle": 55, "backtrack": true, "gcr": 0.397, "cross_axis_tilt": 0}}, {"type": "Feature", "geometry": {"type": "Point", "coordinates": [-5.5978022, 42.322382]}, "properties": {"rol": "seguidor", "id": "TK080", "tipo": "completo", "axis_azimuth": 0, "punto": "eje de unidad (no el motor)", "ncu": 1, "gw": 2, "axis_tilt": 0, "max_angle": 55, "backtrack": true, "gcr": 0.397, "cross_axis_tilt": 0}}, {"type": "Feature", "geometry": {"type": "Point", "coordinates": [-5.5977791, 42.3218205]}, "properties": {"rol": "seguidor", "id": "TK081", "tipo": "completo", "axis_azimuth": 0, "punto": "eje de unidad (no el motor)", "ncu": 1, "gw": 2, "axis_tilt": 0, "max_angle": 55, "backtrack": true, "gcr": 0.397, "cross_axis_tilt": 0}}, {"type": "Feature", "geometry": {"type": "Point", "coordinates": [-5.5977174, 42.3223839]}, "properties": {"rol": "seguidor", "id": "TK082", "tipo": "completo", "axis_azimuth": 0, "punto": "eje de unidad (no el motor)", "ncu": 1, "gw": 2, "axis_tilt": 0, "max_angle": 55, "backtrack": true, "gcr": 0.397, "cross_axis_tilt": 0}}, {"type": "Feature", "geometry": {"type": "Point", "coordinates": [-5.5976942, 42.3218225]}, "properties": {"rol": "seguidor", "id": "TK083", "tipo": "completo", "axis_azimuth": 0, "punto": "eje de unidad (no el motor)", "ncu": 1, "gw": 2, "axis_tilt": 0, "max_angle": 55, "backtrack": true, "gcr": 0.397, "cross_axis_tilt": 0}}, {"type": "Feature", "geometry": {"type": "Point", "coordinates": [-5.5976325, 42.3223859]}, "properties": {"rol": "seguidor", "id": "TK084", "tipo": "completo", "axis_azimuth": 0, "punto": "eje de unidad (no el motor)", "ncu": 1, "gw": 2, "axis_tilt": 0, "max_angle": 55, "backtrack": true, "gcr": 0.397, "cross_axis_tilt": 0}}, {"type": "Feature", "geometry": {"type": "Point", "coordinates": [-5.5976094, 42.3218244]}, "properties": {"rol": "seguidor", "id": "TK085", "tipo": "completo", "axis_azimuth": 0, "punto": "eje de unidad (no el motor)", "ncu": 1, "gw": 2, "axis_tilt": 0, "max_angle": 55, "backtrack": true, "gcr": 0.397, "cross_axis_tilt": 0}}, {"type": "Feature", "geometry": {"type": "Point", "coordinates": [-5.5975863, 42.3212629]}, "properties": {"rol": "seguidor", "id": "TK086", "tipo": "completo", "axis_azimuth": 0, "punto": "eje de unidad (no el motor)", "ncu": 1, "gw": 2, "axis_tilt": 0, "max_angle": 55, "backtrack": true, "gcr": 0.397, "cross_axis_tilt": 0}}, {"type": "Feature", "geometry": {"type": "Point", "coordinates": [-5.5975476, 42.3223878]}, "properties": {"rol": "seguidor", "id": "TK087", "tipo": "completo", "axis_azimuth": 0, "punto": "eje de unidad (no el motor)", "ncu": 1, "gw": 2, "axis_tilt": 0, "max_angle": 55, "backtrack": true, "gcr": 0.397, "cross_axis_tilt": 0}}, {"type": "Feature", "geometry": {"type": "Point", "coordinates": [-5.5975245, 42.3218263]}, "properties": {"rol": "seguidor", "id": "TK088", "tipo": "completo", "axis_azimuth": 0, "punto": "eje de unidad (no el motor)", "ncu": 1, "gw": 2, "axis_tilt": 0, "max_angle": 55, "backtrack": true, "gcr": 0.397, "cross_axis_tilt": 0}}, {"type": "Feature", "geometry": {"type": "Point", "coordinates": [-5.5975014, 42.3212648]}, "properties": {"rol": "seguidor", "id": "TK089", "tipo": "completo", "axis_azimuth": 0, "punto": "eje de unidad (no el motor)", "ncu": 1, "gw": 2, "axis_tilt": 0, "max_angle": 55, "backtrack": true, "gcr": 0.397, "cross_axis_tilt": 0}}, {"type": "Feature", "geometry": {"type": "Point", "coordinates": [-5.5974628, 42.3223897]}, "properties": {"rol": "seguidor", "id": "TK090", "tipo": "completo", "axis_azimuth": 0, "punto": "eje de unidad (no el motor)", "ncu": 1, "gw": 2, "axis_tilt": 0, "max_angle": 55, "backtrack": true, "gcr": 0.397, "cross_axis_tilt": 0}}, {"type": "Feature", "geometry": {"type": "Point", "coordinates": [-5.5974397, 42.3218282]}, "properties": {"rol": "seguidor", "id": "TK091", "tipo": "completo", "axis_azimuth": 0, "punto": "eje de unidad (no el motor)", "ncu": 1, "gw": 2, "axis_tilt": 0, "max_angle": 55, "backtrack": true, "gcr": 0.397, "cross_axis_tilt": 0}}, {"type": "Feature", "geometry": {"type": "Point", "coordinates": [-5.5974165, 42.3212667]}, "properties": {"rol": "seguidor", "id": "TK092", "tipo": "completo", "axis_azimuth": 0, "punto": "eje de unidad (no el motor)", "ncu": 1, "gw": 2, "axis_tilt": 0, "max_angle": 55, "backtrack": true, "gcr": 0.397, "cross_axis_tilt": 0}}, {"type": "Feature", "geometry": {"type": "Point", "coordinates": [-5.5973779, 42.3223916]}, "properties": {"rol": "seguidor", "id": "TK093", "tipo": "completo", "axis_azimuth": 0, "punto": "eje de unidad (no el motor)", "ncu": 1, "gw": 2, "axis_tilt": 0, "max_angle": 55, "backtrack": true, "gcr": 0.397, "cross_axis_tilt": 0}}, {"type": "Feature", "geometry": {"type": "Point", "coordinates": [-5.5973548, 42.3218301]}, "properties": {"rol": "seguidor", "id": "TK094", "tipo": "completo", "axis_azimuth": 0, "punto": "eje de unidad (no el motor)", "ncu": 1, "gw": 2, "axis_tilt": 0, "max_angle": 55, "backtrack": true, "gcr": 0.397, "cross_axis_tilt": 0}}, {"type": "Feature", "geometry": {"type": "Point", "coordinates": [-5.5973317, 42.3212687]}, "properties": {"rol": "seguidor", "id": "TK095", "tipo": "completo", "axis_azimuth": 0, "punto": "eje de unidad (no el motor)", "ncu": 1, "gw": 2, "axis_tilt": 0, "max_angle": 55, "backtrack": true, "gcr": 0.397, "cross_axis_tilt": 0}}, {"type": "Feature", "geometry": {"type": "Point", "coordinates": [-5.597293, 42.3223936]}, "properties": {"rol": "seguidor", "id": "TK096", "tipo": "completo", "axis_azimuth": 0, "punto": "eje de unidad (no el motor)", "ncu": 1, "gw": 2, "axis_tilt": 0, "max_angle": 55, "backtrack": true, "gcr": 0.397, "cross_axis_tilt": 0}}, {"type": "Feature", "geometry": {"type": "Point", "coordinates": [-5.5972699, 42.3218321]}, "properties": {"rol": "seguidor", "id": "TK097", "tipo": "completo", "axis_azimuth": 0, "punto": "eje de unidad (no el motor)", "ncu": 1, "gw": 2, "axis_tilt": 0, "max_angle": 55, "backtrack": true, "gcr": 0.397, "cross_axis_tilt": 0}}, {"type": "Feature", "geometry": {"type": "Point", "coordinates": [-5.5972468, 42.3212706]}, "properties": {"rol": "seguidor", "id": "TK098", "tipo": "completo", "axis_azimuth": 0, "punto": "eje de unidad (no el motor)", "ncu": 1, "gw": 2, "axis_tilt": 0, "max_angle": 55, "backtrack": true, "gcr": 0.397, "cross_axis_tilt": 0}}, {"type": "Feature", "geometry": {"type": "Point", "coordinates": [-5.5972082, 42.3223955]}, "properties": {"rol": "seguidor", "id": "TK099", "tipo": "completo", "axis_azimuth": 0, "punto": "eje de unidad (no el motor)", "ncu": 1, "gw": 2, "axis_tilt": 0, "max_angle": 55, "backtrack": true, "gcr": 0.397, "cross_axis_tilt": 0}}, {"type": "Feature", "geometry": {"type": "Point", "coordinates": [-5.5971851, 42.321834]}, "properties": {"rol": "seguidor", "id": "TK100", "tipo": "completo", "axis_azimuth": 0, "punto": "eje de unidad (no el motor)", "ncu": 1, "gw": 2, "axis_tilt": 0, "max_angle": 55, "backtrack": true, "gcr": 0.397, "cross_axis_tilt": 0}}, {"type": "Feature", "geometry": {"type": "Point", "coordinates": [-5.597162, 42.3212725]}, "properties": {"rol": "seguidor", "id": "TK101", "tipo": "completo", "axis_azimuth": 0, "punto": "eje de unidad (no el motor)", "ncu": 1, "gw": 2, "axis_tilt": 0, "max_angle": 55, "backtrack": true, "gcr": 0.397, "cross_axis_tilt": 0}}, {"type": "Feature", "geometry": {"type": "Point", "coordinates": [-5.5971233, 42.3223974]}, "properties": {"rol": "seguidor", "id": "TK102", "tipo": "completo", "axis_azimuth": 0, "punto": "eje de unidad (no el motor)", "ncu": 1, "gw": 2, "axis_tilt": 0, "max_angle": 55, "backtrack": true, "gcr": 0.397, "cross_axis_tilt": 0}}, {"type": "Feature", "geometry": {"type": "Point", "coordinates": [-5.5971002, 42.3218359]}, "properties": {"rol": "seguidor", "id": "TK103", "tipo": "completo", "axis_azimuth": 0, "punto": "eje de unidad (no el motor)", "ncu": 1, "gw": 2, "axis_tilt": 0, "max_angle": 55, "backtrack": true, "gcr": 0.397, "cross_axis_tilt": 0}}, {"type": "Feature", "geometry": {"type": "Point", "coordinates": [-5.5970771, 42.3212744]}, "properties": {"rol": "seguidor", "id": "TK104", "tipo": "completo", "axis_azimuth": 0, "punto": "eje de unidad (no el motor)", "ncu": 1, "gw": 2, "axis_tilt": 0, "max_angle": 55, "backtrack": true, "gcr": 0.397, "cross_axis_tilt": 0}}, {"type": "Feature", "geometry": {"type": "Point", "coordinates": [-5.5970384, 42.3223993]}, "properties": {"rol": "seguidor", "id": "TK105", "tipo": "completo", "axis_azimuth": 0, "punto": "eje de unidad (no el motor)", "ncu": 1, "gw": 2, "axis_tilt": 0, "max_angle": 55, "backtrack": true, "gcr": 0.397, "cross_axis_tilt": 0}}, {"type": "Feature", "geometry": {"type": "Point", "coordinates": [-5.5970153, 42.3218378]}, "properties": {"rol": "seguidor", "id": "TK106", "tipo": "completo", "axis_azimuth": 0, "punto": "eje de unidad (no el motor)", "ncu": 1, "gw": 2, "axis_tilt": 0, "max_angle": 55, "backtrack": true, "gcr": 0.397, "cross_axis_tilt": 0}}, {"type": "Feature", "geometry": {"type": "Point", "coordinates": [-5.5969922, 42.3212763]}, "properties": {"rol": "seguidor", "id": "TK107", "tipo": "completo", "axis_azimuth": 0, "punto": "eje de unidad (no el motor)", "ncu": 1, "gw": 2, "axis_tilt": 0, "max_angle": 55, "backtrack": true, "gcr": 0.397, "cross_axis_tilt": 0}}, {"type": "Feature", "geometry": {"type": "Point", "coordinates": [-5.5969536, 42.3224013]}, "properties": {"rol": "seguidor", "id": "TK108", "tipo": "completo", "axis_azimuth": 0, "punto": "eje de unidad (no el motor)", "ncu": 1, "gw": 2, "axis_tilt": 0, "max_angle": 55, "backtrack": true, "gcr": 0.397, "cross_axis_tilt": 0}}, {"type": "Feature", "geometry": {"type": "Point", "coordinates": [-5.5969305, 42.3218398]}, "properties": {"rol": "seguidor", "id": "TK109", "tipo": "completo", "axis_azimuth": 0, "punto": "eje de unidad (no el motor)", "ncu": 1, "gw": 2, "axis_tilt": 0, "max_angle": 55, "backtrack": true, "gcr": 0.397, "cross_axis_tilt": 0}}, {"type": "Feature", "geometry": {"type": "Point", "coordinates": [-5.5969074, 42.3212783]}, "properties": {"rol": "seguidor", "id": "TK110", "tipo": "completo", "axis_azimuth": 0, "punto": "eje de unidad (no el motor)", "ncu": 1, "gw": 2, "axis_tilt": 0, "max_angle": 55, "backtrack": true, "gcr": 0.397, "cross_axis_tilt": 0}}, {"type": "Feature", "geometry": {"type": "Point", "coordinates": [-5.5968687, 42.3224032]}, "properties": {"rol": "seguidor", "id": "TK111", "tipo": "completo", "axis_azimuth": 0, "punto": "eje de unidad (no el motor)", "ncu": 1, "gw": 2, "axis_tilt": 0, "max_angle": 55, "backtrack": true, "gcr": 0.397, "cross_axis_tilt": 0}}, {"type": "Feature", "geometry": {"type": "Point", "coordinates": [-5.5968456, 42.3218417]}, "properties": {"rol": "seguidor", "id": "TK112", "tipo": "completo", "axis_azimuth": 0, "punto": "eje de unidad (no el motor)", "ncu": 1, "gw": 2, "axis_tilt": 0, "max_angle": 55, "backtrack": true, "gcr": 0.397, "cross_axis_tilt": 0}}, {"type": "Feature", "geometry": {"type": "Point", "coordinates": [-5.5968225, 42.3212802]}, "properties": {"rol": "seguidor", "id": "TK113", "tipo": "completo", "axis_azimuth": 0, "punto": "eje de unidad (no el motor)", "ncu": 1, "gw": 2, "axis_tilt": 0, "max_angle": 55, "backtrack": true, "gcr": 0.397, "cross_axis_tilt": 0}}, {"type": "Feature", "geometry": {"type": "Point", "coordinates": [-5.5967838, 42.3224051]}, "properties": {"rol": "seguidor", "id": "TK114", "tipo": "completo", "axis_azimuth": 0, "punto": "eje de unidad (no el motor)", "ncu": 1, "gw": 2, "axis_tilt": 0, "max_angle": 55, "backtrack": true, "gcr": 0.397, "cross_axis_tilt": 0}}, {"type": "Feature", "geometry": {"type": "Point", "coordinates": [-5.5967607, 42.3218436]}, "properties": {"rol": "seguidor", "id": "TK115", "tipo": "completo", "axis_azimuth": 0, "punto": "eje de unidad (no el motor)", "ncu": 1, "gw": 2, "axis_tilt": 0, "max_angle": 55, "backtrack": true, "gcr": 0.397, "cross_axis_tilt": 0}}, {"type": "Feature", "geometry": {"type": "Point", "coordinates": [-5.5967376, 42.3212821]}, "properties": {"rol": "seguidor", "id": "TK116", "tipo": "completo", "axis_azimuth": 0, "punto": "eje de unidad (no el motor)", "ncu": 1, "gw": 2, "axis_tilt": 0, "max_angle": 55, "backtrack": true, "gcr": 0.397, "cross_axis_tilt": 0}}, {"type": "Feature", "geometry": {"type": "Point", "coordinates": [-5.596699, 42.322407]}, "properties": {"rol": "seguidor", "id": "TK117", "tipo": "completo", "axis_azimuth": 0, "punto": "eje de unidad (no el motor)", "ncu": 1, "gw": 2, "axis_tilt": 0, "max_angle": 55, "backtrack": true, "gcr": 0.397, "cross_axis_tilt": 0}}, {"type": "Feature", "geometry": {"type": "Point", "coordinates": [-5.5966759, 42.3218455]}, "properties": {"rol": "seguidor", "id": "TK118", "tipo": "completo", "axis_azimuth": 0, "punto": "eje de unidad (no el motor)", "ncu": 1, "gw": 2, "axis_tilt": 0, "max_angle": 55, "backtrack": true, "gcr": 0.397, "cross_axis_tilt": 0}}, {"type": "Feature", "geometry": {"type": "Point", "coordinates": [-5.5966528, 42.321284]}, "properties": {"rol": "seguidor", "id": "TK119", "tipo": "completo", "axis_azimuth": 0, "punto": "eje de unidad (no el motor)", "ncu": 1, "gw": 2, "axis_tilt": 0, "max_angle": 55, "backtrack": true, "gcr": 0.397, "cross_axis_tilt": 0}}, {"type": "Feature", "geometry": {"type": "Point", "coordinates": [-5.5966141, 42.322409]}, "properties": {"rol": "seguidor", "id": "TK120", "tipo": "completo", "axis_azimuth": 0, "punto": "eje de unidad (no el motor)", "ncu": 1, "gw": 2, "axis_tilt": 0, "max_angle": 55, "backtrack": true, "gcr": 0.397, "cross_axis_tilt": 0}}, {"type": "Feature", "geometry": {"type": "Point", "coordinates": [-5.5992821, 42.3205489]}, "properties": {"rol": "seguidor", "id": "TK001", "tipo": "completo", "axis_azimuth": 0, "punto": "eje de unidad (no el motor)", "ncu": 2, "gw": 1, "axis_tilt": 0, "max_angle": 55, "backtrack": true, "gcr": 0.397, "cross_axis_tilt": 0}}, {"type": "Feature", "geometry": {"type": "Point", "coordinates": [-5.5992589, 42.3199874]}, "properties": {"rol": "seguidor", "id": "TK002", "tipo": "completo", "axis_azimuth": 0, "punto": "eje de unidad (no el motor)", "ncu": 2, "gw": 1, "axis_tilt": 0, "max_angle": 55, "backtrack": true, "gcr": 0.397, "cross_axis_tilt": 0}}, {"type": "Feature", "geometry": {"type": "Point", "coordinates": [-5.5992359, 42.3194291]}, "properties": {"rol": "seguidor", "id": "TK003", "tipo": "completo", "axis_azimuth": 0, "punto": "eje de unidad (no el motor)", "ncu": 2, "gw": 1, "axis_tilt": 0, "max_angle": 55, "backtrack": true, "gcr": 0.397, "cross_axis_tilt": 0}}, {"type": "Feature", "geometry": {"type": "Point", "coordinates": [-5.5991972, 42.3205509]}, "properties": {"rol": "seguidor", "id": "TK004", "tipo": "completo", "axis_azimuth": 0, "punto": "eje de unidad (no el motor)", "ncu": 2, "gw": 1, "axis_tilt": 0, "max_angle": 55, "backtrack": true, "gcr": 0.397, "cross_axis_tilt": 0}}, {"type": "Feature", "geometry": {"type": "Point", "coordinates": [-5.5991741, 42.3199894]}, "properties": {"rol": "seguidor", "id": "TK005", "tipo": "completo", "axis_azimuth": 0, "punto": "eje de unidad (no el motor)", "ncu": 2, "gw": 1, "axis_tilt": 0, "max_angle": 55, "backtrack": true, "gcr": 0.397, "cross_axis_tilt": 0}}, {"type": "Feature", "geometry": {"type": "Point", "coordinates": [-5.5991511, 42.319431]}, "properties": {"rol": "seguidor", "id": "TK006", "tipo": "completo", "axis_azimuth": 0, "punto": "eje de unidad (no el motor)", "ncu": 2, "gw": 1, "axis_tilt": 0, "max_angle": 55, "backtrack": true, "gcr": 0.397, "cross_axis_tilt": 0}}, {"type": "Feature", "geometry": {"type": "Point", "coordinates": [-5.5991123, 42.3205528]}, "properties": {"rol": "seguidor", "id": "TK007", "tipo": "completo", "axis_azimuth": 0, "punto": "eje de unidad (no el motor)", "ncu": 2, "gw": 1, "axis_tilt": 0, "max_angle": 55, "backtrack": true, "gcr": 0.397, "cross_axis_tilt": 0}}, {"type": "Feature", "geometry": {"type": "Point", "coordinates": [-5.5990892, 42.3199913]}, "properties": {"rol": "seguidor", "id": "TK008", "tipo": "completo", "axis_azimuth": 0, "punto": "eje de unidad (no el motor)", "ncu": 2, "gw": 1, "axis_tilt": 0, "max_angle": 55, "backtrack": true, "gcr": 0.397, "cross_axis_tilt": 0}}, {"type": "Feature", "geometry": {"type": "Point", "coordinates": [-5.5990662, 42.3194329]}, "properties": {"rol": "seguidor", "id": "TK009", "tipo": "completo", "axis_azimuth": 0, "punto": "eje de unidad (no el motor)", "ncu": 2, "gw": 1, "axis_tilt": 0, "max_angle": 55, "backtrack": true, "gcr": 0.397, "cross_axis_tilt": 0}}, {"type": "Feature", "geometry": {"type": "Point", "coordinates": [-5.5990275, 42.3205547]}, "properties": {"rol": "seguidor", "id": "TK010", "tipo": "completo", "axis_azimuth": 0, "punto": "eje de unidad (no el motor)", "ncu": 2, "gw": 1, "axis_tilt": 0, "max_angle": 55, "backtrack": true, "gcr": 0.397, "cross_axis_tilt": 0}}, {"type": "Feature", "geometry": {"type": "Point", "coordinates": [-5.5990044, 42.3199932]}, "properties": {"rol": "seguidor", "id": "TK011", "tipo": "completo", "axis_azimuth": 0, "punto": "eje de unidad (no el motor)", "ncu": 2, "gw": 1, "axis_tilt": 0, "max_angle": 55, "backtrack": true, "gcr": 0.397, "cross_axis_tilt": 0}}, {"type": "Feature", "geometry": {"type": "Point", "coordinates": [-5.5989814, 42.3194349]}, "properties": {"rol": "seguidor", "id": "TK012", "tipo": "completo", "axis_azimuth": 0, "punto": "eje de unidad (no el motor)", "ncu": 2, "gw": 1, "axis_tilt": 0, "max_angle": 55, "backtrack": true, "gcr": 0.397, "cross_axis_tilt": 0}}, {"type": "Feature", "geometry": {"type": "Point", "coordinates": [-5.5989426, 42.3205566]}, "properties": {"rol": "seguidor", "id": "TK013", "tipo": "completo", "axis_azimuth": 0, "punto": "eje de unidad (no el motor)", "ncu": 2, "gw": 1, "axis_tilt": 0, "max_angle": 55, "backtrack": true, "gcr": 0.397, "cross_axis_tilt": 0}}, {"type": "Feature", "geometry": {"type": "Point", "coordinates": [-5.5989195, 42.3199951]}, "properties": {"rol": "seguidor", "id": "TK014", "tipo": "completo", "axis_azimuth": 0, "punto": "eje de unidad (no el motor)", "ncu": 2, "gw": 1, "axis_tilt": 0, "max_angle": 55, "backtrack": true, "gcr": 0.397, "cross_axis_tilt": 0}}, {"type": "Feature", "geometry": {"type": "Point", "coordinates": [-5.5988965, 42.3194368]}, "properties": {"rol": "seguidor", "id": "TK015", "tipo": "completo", "axis_azimuth": 0, "punto": "eje de unidad (no el motor)", "ncu": 2, "gw": 1, "axis_tilt": 0, "max_angle": 55, "backtrack": true, "gcr": 0.397, "cross_axis_tilt": 0}}, {"type": "Feature", "geometry": {"type": "Point", "coordinates": [-5.5988578, 42.3205586]}, "properties": {"rol": "seguidor", "id": "TK016", "tipo": "completo", "axis_azimuth": 0, "punto": "eje de unidad (no el motor)", "ncu": 2, "gw": 1, "axis_tilt": 0, "max_angle": 55, "backtrack": true, "gcr": 0.397, "cross_axis_tilt": 0}}, {"type": "Feature", "geometry": {"type": "Point", "coordinates": [-5.5988346, 42.3199971]}, "properties": {"rol": "seguidor", "id": "TK017", "tipo": "completo", "axis_azimuth": 0, "punto": "eje de unidad (no el motor)", "ncu": 2, "gw": 1, "axis_tilt": 0, "max_angle": 55, "backtrack": true, "gcr": 0.397, "cross_axis_tilt": 0}}, {"type": "Feature", "geometry": {"type": "Point", "coordinates": [-5.5988116, 42.3194387]}, "properties": {"rol": "seguidor", "id": "TK018", "tipo": "completo", "axis_azimuth": 0, "punto": "eje de unidad (no el motor)", "ncu": 2, "gw": 1, "axis_tilt": 0, "max_angle": 55, "backtrack": true, "gcr": 0.397, "cross_axis_tilt": 0}}, {"type": "Feature", "geometry": {"type": "Point", "coordinates": [-5.5987729, 42.3205605]}, "properties": {"rol": "seguidor", "id": "TK019", "tipo": "completo", "axis_azimuth": 0, "punto": "eje de unidad (no el motor)", "ncu": 2, "gw": 1, "axis_tilt": 0, "max_angle": 55, "backtrack": true, "gcr": 0.397, "cross_axis_tilt": 0}}, {"type": "Feature", "geometry": {"type": "Point", "coordinates": [-5.5987498, 42.319999]}, "properties": {"rol": "seguidor", "id": "TK020", "tipo": "completo", "axis_azimuth": 0, "punto": "eje de unidad (no el motor)", "ncu": 2, "gw": 1, "axis_tilt": 0, "max_angle": 55, "backtrack": true, "gcr": 0.397, "cross_axis_tilt": 0}}, {"type": "Feature", "geometry": {"type": "Point", "coordinates": [-5.5987268, 42.3194406]}, "properties": {"rol": "seguidor", "id": "TK021", "tipo": "completo", "axis_azimuth": 0, "punto": "eje de unidad (no el motor)", "ncu": 2, "gw": 1, "axis_tilt": 0, "max_angle": 55, "backtrack": true, "gcr": 0.397, "cross_axis_tilt": 0}}, {"type": "Feature", "geometry": {"type": "Point", "coordinates": [-5.598688, 42.3205624]}, "properties": {"rol": "seguidor", "id": "TK022", "tipo": "completo", "axis_azimuth": 0, "punto": "eje de unidad (no el motor)", "ncu": 2, "gw": 1, "axis_tilt": 0, "max_angle": 55, "backtrack": true, "gcr": 0.397, "cross_axis_tilt": 0}}, {"type": "Feature", "geometry": {"type": "Point", "coordinates": [-5.5986649, 42.3200009]}, "properties": {"rol": "seguidor", "id": "TK023", "tipo": "completo", "axis_azimuth": 0, "punto": "eje de unidad (no el motor)", "ncu": 2, "gw": 1, "axis_tilt": 0, "max_angle": 55, "backtrack": true, "gcr": 0.397, "cross_axis_tilt": 0}}, {"type": "Feature", "geometry": {"type": "Point", "coordinates": [-5.5986419, 42.3194426]}, "properties": {"rol": "seguidor", "id": "TK024", "tipo": "completo", "axis_azimuth": 0, "punto": "eje de unidad (no el motor)", "ncu": 2, "gw": 1, "axis_tilt": 0, "max_angle": 55, "backtrack": true, "gcr": 0.397, "cross_axis_tilt": 0}}, {"type": "Feature", "geometry": {"type": "Point", "coordinates": [-5.5986032, 42.3205643]}, "properties": {"rol": "seguidor", "id": "TK025", "tipo": "completo", "axis_azimuth": 0, "punto": "eje de unidad (no el motor)", "ncu": 2, "gw": 1, "axis_tilt": 0, "max_angle": 55, "backtrack": true, "gcr": 0.397, "cross_axis_tilt": 0}}, {"type": "Feature", "geometry": {"type": "Point", "coordinates": [-5.59858, 42.3200028]}, "properties": {"rol": "seguidor", "id": "TK026", "tipo": "completo", "axis_azimuth": 0, "punto": "eje de unidad (no el motor)", "ncu": 2, "gw": 1, "axis_tilt": 0, "max_angle": 55, "backtrack": true, "gcr": 0.397, "cross_axis_tilt": 0}}, {"type": "Feature", "geometry": {"type": "Point", "coordinates": [-5.5985571, 42.3194445]}, "properties": {"rol": "seguidor", "id": "TK027", "tipo": "completo", "axis_azimuth": 0, "punto": "eje de unidad (no el motor)", "ncu": 2, "gw": 1, "axis_tilt": 0, "max_angle": 55, "backtrack": true, "gcr": 0.397, "cross_axis_tilt": 0}}, {"type": "Feature", "geometry": {"type": "Point", "coordinates": [-5.5985183, 42.3205663]}, "properties": {"rol": "seguidor", "id": "TK028", "tipo": "completo", "axis_azimuth": 0, "punto": "eje de unidad (no el motor)", "ncu": 2, "gw": 1, "axis_tilt": 0, "max_angle": 55, "backtrack": true, "gcr": 0.397, "cross_axis_tilt": 0}}, {"type": "Feature", "geometry": {"type": "Point", "coordinates": [-5.5984952, 42.3200048]}, "properties": {"rol": "seguidor", "id": "TK029", "tipo": "completo", "axis_azimuth": 0, "punto": "eje de unidad (no el motor)", "ncu": 2, "gw": 1, "axis_tilt": 0, "max_angle": 55, "backtrack": true, "gcr": 0.397, "cross_axis_tilt": 0}}, {"type": "Feature", "geometry": {"type": "Point", "coordinates": [-5.5984722, 42.3194464]}, "properties": {"rol": "seguidor", "id": "TK030", "tipo": "completo", "axis_azimuth": 0, "punto": "eje de unidad (no el motor)", "ncu": 2, "gw": 1, "axis_tilt": 0, "max_angle": 55, "backtrack": true, "gcr": 0.397, "cross_axis_tilt": 0}}, {"type": "Feature", "geometry": {"type": "Point", "coordinates": [-5.5984334, 42.3205682]}, "properties": {"rol": "seguidor", "id": "TK031", "tipo": "completo", "axis_azimuth": 0, "punto": "eje de unidad (no el motor)", "ncu": 2, "gw": 1, "axis_tilt": 0, "max_angle": 55, "backtrack": true, "gcr": 0.397, "cross_axis_tilt": 0}}, {"type": "Feature", "geometry": {"type": "Point", "coordinates": [-5.5984103, 42.3200067]}, "properties": {"rol": "seguidor", "id": "TK032", "tipo": "completo", "axis_azimuth": 0, "punto": "eje de unidad (no el motor)", "ncu": 2, "gw": 1, "axis_tilt": 0, "max_angle": 55, "backtrack": true, "gcr": 0.397, "cross_axis_tilt": 0}}, {"type": "Feature", "geometry": {"type": "Point", "coordinates": [-5.5983873, 42.3194483]}, "properties": {"rol": "seguidor", "id": "TK033", "tipo": "completo", "axis_azimuth": 0, "punto": "eje de unidad (no el motor)", "ncu": 2, "gw": 1, "axis_tilt": 0, "max_angle": 55, "backtrack": true, "gcr": 0.397, "cross_axis_tilt": 0}}, {"type": "Feature", "geometry": {"type": "Point", "coordinates": [-5.5983486, 42.3205701]}, "properties": {"rol": "seguidor", "id": "TK034", "tipo": "completo", "axis_azimuth": 0, "punto": "eje de unidad (no el motor)", "ncu": 2, "gw": 1, "axis_tilt": 0, "max_angle": 55, "backtrack": true, "gcr": 0.397, "cross_axis_tilt": 0}}, {"type": "Feature", "geometry": {"type": "Point", "coordinates": [-5.5983255, 42.3200086]}, "properties": {"rol": "seguidor", "id": "TK035", "tipo": "completo", "axis_azimuth": 0, "punto": "eje de unidad (no el motor)", "ncu": 2, "gw": 1, "axis_tilt": 0, "max_angle": 55, "backtrack": true, "gcr": 0.397, "cross_axis_tilt": 0}}, {"type": "Feature", "geometry": {"type": "Point", "coordinates": [-5.5983025, 42.3194503]}, "properties": {"rol": "seguidor", "id": "TK036", "tipo": "completo", "axis_azimuth": 0, "punto": "eje de unidad (no el motor)", "ncu": 2, "gw": 1, "axis_tilt": 0, "max_angle": 55, "backtrack": true, "gcr": 0.397, "cross_axis_tilt": 0}}, {"type": "Feature", "geometry": {"type": "Point", "coordinates": [-5.5982637, 42.320572]}, "properties": {"rol": "seguidor", "id": "TK037", "tipo": "completo", "axis_azimuth": 0, "punto": "eje de unidad (no el motor)", "ncu": 2, "gw": 1, "axis_tilt": 0, "max_angle": 55, "backtrack": true, "gcr": 0.397, "cross_axis_tilt": 0}}, {"type": "Feature", "geometry": {"type": "Point", "coordinates": [-5.5982406, 42.3200105]}, "properties": {"rol": "seguidor", "id": "TK038", "tipo": "completo", "axis_azimuth": 0, "punto": "eje de unidad (no el motor)", "ncu": 2, "gw": 1, "axis_tilt": 0, "max_angle": 55, "backtrack": true, "gcr": 0.397, "cross_axis_tilt": 0}}, {"type": "Feature", "geometry": {"type": "Point", "coordinates": [-5.5981788, 42.320574]}, "properties": {"rol": "seguidor", "id": "TK039", "tipo": "completo", "axis_azimuth": 0, "punto": "eje de unidad (no el motor)", "ncu": 2, "gw": 1, "axis_tilt": 0, "max_angle": 55, "backtrack": true, "gcr": 0.397, "cross_axis_tilt": 0}}, {"type": "Feature", "geometry": {"type": "Point", "coordinates": [-5.5981557, 42.3200125]}, "properties": {"rol": "seguidor", "id": "TK040", "tipo": "completo", "axis_azimuth": 0, "punto": "eje de unidad (no el motor)", "ncu": 2, "gw": 1, "axis_tilt": 0, "max_angle": 55, "backtrack": true, "gcr": 0.397, "cross_axis_tilt": 0}}, {"type": "Feature", "geometry": {"type": "Point", "coordinates": [-5.598094, 42.3205759]}, "properties": {"rol": "seguidor", "id": "TK041", "tipo": "completo", "axis_azimuth": 0, "punto": "eje de unidad (no el motor)", "ncu": 2, "gw": 1, "axis_tilt": 0, "max_angle": 55, "backtrack": true, "gcr": 0.397, "cross_axis_tilt": 0}}, {"type": "Feature", "geometry": {"type": "Point", "coordinates": [-5.5980709, 42.3200144]}, "properties": {"rol": "seguidor", "id": "TK042", "tipo": "completo", "axis_azimuth": 0, "punto": "eje de unidad (no el motor)", "ncu": 2, "gw": 1, "axis_tilt": 0, "max_angle": 55, "backtrack": true, "gcr": 0.397, "cross_axis_tilt": 0}}, {"type": "Feature", "geometry": {"type": "Point", "coordinates": [-5.5980091, 42.3205778]}, "properties": {"rol": "seguidor", "id": "TK043", "tipo": "completo", "axis_azimuth": 0, "punto": "eje de unidad (no el motor)", "ncu": 2, "gw": 1, "axis_tilt": 0, "max_angle": 55, "backtrack": true, "gcr": 0.397, "cross_axis_tilt": 0}}, {"type": "Feature", "geometry": {"type": "Point", "coordinates": [-5.597986, 42.3200163]}, "properties": {"rol": "seguidor", "id": "TK044", "tipo": "completo", "axis_azimuth": 0, "punto": "eje de unidad (no el motor)", "ncu": 2, "gw": 1, "axis_tilt": 0, "max_angle": 55, "backtrack": true, "gcr": 0.397, "cross_axis_tilt": 0}}, {"type": "Feature", "geometry": {"type": "Point", "coordinates": [-5.5979243, 42.3205797]}, "properties": {"rol": "seguidor", "id": "TK045", "tipo": "completo", "axis_azimuth": 0, "punto": "eje de unidad (no el motor)", "ncu": 2, "gw": 1, "axis_tilt": 0, "max_angle": 55, "backtrack": true, "gcr": 0.397, "cross_axis_tilt": 0}}, {"type": "Feature", "geometry": {"type": "Point", "coordinates": [-5.5979011, 42.3200182]}, "properties": {"rol": "seguidor", "id": "TK046", "tipo": "completo", "axis_azimuth": 0, "punto": "eje de unidad (no el motor)", "ncu": 2, "gw": 1, "axis_tilt": 0, "max_angle": 55, "backtrack": true, "gcr": 0.397, "cross_axis_tilt": 0}}, {"type": "Feature", "geometry": {"type": "Point", "coordinates": [-5.5978394, 42.3205817]}, "properties": {"rol": "seguidor", "id": "TK047", "tipo": "completo", "axis_azimuth": 0, "punto": "eje de unidad (no el motor)", "ncu": 2, "gw": 1, "axis_tilt": 0, "max_angle": 55, "backtrack": true, "gcr": 0.397, "cross_axis_tilt": 0}}, {"type": "Feature", "geometry": {"type": "Point", "coordinates": [-5.5978163, 42.3200202]}, "properties": {"rol": "seguidor", "id": "TK048", "tipo": "completo", "axis_azimuth": 0, "punto": "eje de unidad (no el motor)", "ncu": 2, "gw": 1, "axis_tilt": 0, "max_angle": 55, "backtrack": true, "gcr": 0.397, "cross_axis_tilt": 0}}, {"type": "Feature", "geometry": {"type": "Point", "coordinates": [-5.5977545, 42.3205836]}, "properties": {"rol": "seguidor", "id": "TK049", "tipo": "completo", "axis_azimuth": 0, "punto": "eje de unidad (no el motor)", "ncu": 2, "gw": 1, "axis_tilt": 0, "max_angle": 55, "backtrack": true, "gcr": 0.397, "cross_axis_tilt": 0}}, {"type": "Feature", "geometry": {"type": "Point", "coordinates": [-5.5977314, 42.3200221]}, "properties": {"rol": "seguidor", "id": "TK050", "tipo": "completo", "axis_azimuth": 0, "punto": "eje de unidad (no el motor)", "ncu": 2, "gw": 1, "axis_tilt": 0, "max_angle": 55, "backtrack": true, "gcr": 0.397, "cross_axis_tilt": 0}}, {"type": "Feature", "geometry": {"type": "Point", "coordinates": [-5.5976697, 42.3205855]}, "properties": {"rol": "seguidor", "id": "TK051", "tipo": "completo", "axis_azimuth": 0, "punto": "eje de unidad (no el motor)", "ncu": 2, "gw": 1, "axis_tilt": 0, "max_angle": 55, "backtrack": true, "gcr": 0.397, "cross_axis_tilt": 0}}, {"type": "Feature", "geometry": {"type": "Point", "coordinates": [-5.5976466, 42.320024]}, "properties": {"rol": "seguidor", "id": "TK052", "tipo": "completo", "axis_azimuth": 0, "punto": "eje de unidad (no el motor)", "ncu": 2, "gw": 1, "axis_tilt": 0, "max_angle": 55, "backtrack": true, "gcr": 0.397, "cross_axis_tilt": 0}}, {"type": "Feature", "geometry": {"type": "Point", "coordinates": [-5.5975848, 42.3205874]}, "properties": {"rol": "seguidor", "id": "TK053", "tipo": "completo", "axis_azimuth": 0, "punto": "eje de unidad (no el motor)", "ncu": 2, "gw": 1, "axis_tilt": 0, "max_angle": 55, "backtrack": true, "gcr": 0.397, "cross_axis_tilt": 0}}, {"type": "Feature", "geometry": {"type": "Point", "coordinates": [-5.5975617, 42.3200259]}, "properties": {"rol": "seguidor", "id": "TK054", "tipo": "completo", "axis_azimuth": 0, "punto": "eje de unidad (no el motor)", "ncu": 2, "gw": 1, "axis_tilt": 0, "max_angle": 55, "backtrack": true, "gcr": 0.397, "cross_axis_tilt": 0}}, {"type": "Feature", "geometry": {"type": "Point", "coordinates": [-5.5974999, 42.3205894]}, "properties": {"rol": "seguidor", "id": "TK055", "tipo": "completo", "axis_azimuth": 0, "punto": "eje de unidad (no el motor)", "ncu": 2, "gw": 1, "axis_tilt": 0, "max_angle": 55, "backtrack": true, "gcr": 0.397, "cross_axis_tilt": 0}}, {"type": "Feature", "geometry": {"type": "Point", "coordinates": [-5.5974768, 42.3200279]}, "properties": {"rol": "seguidor", "id": "TK056", "tipo": "completo", "axis_azimuth": 0, "punto": "eje de unidad (no el motor)", "ncu": 2, "gw": 1, "axis_tilt": 0, "max_angle": 55, "backtrack": true, "gcr": 0.397, "cross_axis_tilt": 0}}, {"type": "Feature", "geometry": {"type": "Point", "coordinates": [-5.5974151, 42.3205913]}, "properties": {"rol": "seguidor", "id": "TK057", "tipo": "completo", "axis_azimuth": 0, "punto": "eje de unidad (no el motor)", "ncu": 2, "gw": 1, "axis_tilt": 0, "max_angle": 55, "backtrack": true, "gcr": 0.397, "cross_axis_tilt": 0}}, {"type": "Feature", "geometry": {"type": "Point", "coordinates": [-5.597392, 42.3200298]}, "properties": {"rol": "seguidor", "id": "TK058", "tipo": "completo", "axis_azimuth": 0, "punto": "eje de unidad (no el motor)", "ncu": 2, "gw": 1, "axis_tilt": 0, "max_angle": 55, "backtrack": true, "gcr": 0.397, "cross_axis_tilt": 0}}, {"type": "Feature", "geometry": {"type": "Point", "coordinates": [-5.5973302, 42.3205932]}, "properties": {"rol": "seguidor", "id": "TK059", "tipo": "completo", "axis_azimuth": 0, "punto": "eje de unidad (no el motor)", "ncu": 2, "gw": 1, "axis_tilt": 0, "max_angle": 55, "backtrack": true, "gcr": 0.397, "cross_axis_tilt": 0}}, {"type": "Feature", "geometry": {"type": "Point", "coordinates": [-5.5973071, 42.3200317]}, "properties": {"rol": "seguidor", "id": "TK060", "tipo": "completo", "axis_azimuth": 0, "punto": "eje de unidad (no el motor)", "ncu": 2, "gw": 1, "axis_tilt": 0, "max_angle": 55, "backtrack": true, "gcr": 0.397, "cross_axis_tilt": 0}}, {"type": "Feature", "geometry": {"type": "Point", "coordinates": [-5.5972454, 42.3205951]}, "properties": {"rol": "seguidor", "id": "TK061", "tipo": "completo", "axis_azimuth": 0, "punto": "eje de unidad (no el motor)", "ncu": 2, "gw": 1, "axis_tilt": 0, "max_angle": 55, "backtrack": true, "gcr": 0.397, "cross_axis_tilt": 0}}, {"type": "Feature", "geometry": {"type": "Point", "coordinates": [-5.5972222, 42.3200336]}, "properties": {"rol": "seguidor", "id": "TK062", "tipo": "completo", "axis_azimuth": 0, "punto": "eje de unidad (no el motor)", "ncu": 2, "gw": 1, "axis_tilt": 0, "max_angle": 55, "backtrack": true, "gcr": 0.397, "cross_axis_tilt": 0}}, {"type": "Feature", "geometry": {"type": "Point", "coordinates": [-5.5971605, 42.320597]}, "properties": {"rol": "seguidor", "id": "TK063", "tipo": "completo", "axis_azimuth": 0, "punto": "eje de unidad (no el motor)", "ncu": 2, "gw": 1, "axis_tilt": 0, "max_angle": 55, "backtrack": true, "gcr": 0.397, "cross_axis_tilt": 0}}, {"type": "Feature", "geometry": {"type": "Point", "coordinates": [-5.5971374, 42.3200355]}, "properties": {"rol": "seguidor", "id": "TK064", "tipo": "completo", "axis_azimuth": 0, "punto": "eje de unidad (no el motor)", "ncu": 2, "gw": 1, "axis_tilt": 0, "max_angle": 55, "backtrack": true, "gcr": 0.397, "cross_axis_tilt": 0}}, {"type": "Feature", "geometry": {"type": "Point", "coordinates": [-5.5970756, 42.320599]}, "properties": {"rol": "seguidor", "id": "TK065", "tipo": "completo", "axis_azimuth": 0, "punto": "eje de unidad (no el motor)", "ncu": 2, "gw": 1, "axis_tilt": 0, "max_angle": 55, "backtrack": true, "gcr": 0.397, "cross_axis_tilt": 0}}, {"type": "Feature", "geometry": {"type": "Point", "coordinates": [-5.5970525, 42.3200375]}, "properties": {"rol": "seguidor", "id": "TK066", "tipo": "completo", "axis_azimuth": 0, "punto": "eje de unidad (no el motor)", "ncu": 2, "gw": 1, "axis_tilt": 0, "max_angle": 55, "backtrack": true, "gcr": 0.397, "cross_axis_tilt": 0}}, {"type": "Feature", "geometry": {"type": "Point", "coordinates": [-5.5969908, 42.3206009]}, "properties": {"rol": "seguidor", "id": "TK067", "tipo": "completo", "axis_azimuth": 0, "punto": "eje de unidad (no el motor)", "ncu": 2, "gw": 1, "axis_tilt": 0, "max_angle": 55, "backtrack": true, "gcr": 0.397, "cross_axis_tilt": 0}}, {"type": "Feature", "geometry": {"type": "Point", "coordinates": [-5.5969677, 42.3200394]}, "properties": {"rol": "seguidor", "id": "TK068", "tipo": "completo", "axis_azimuth": 0, "punto": "eje de unidad (no el motor)", "ncu": 2, "gw": 1, "axis_tilt": 0, "max_angle": 55, "backtrack": true, "gcr": 0.397, "cross_axis_tilt": 0}}, {"type": "Feature", "geometry": {"type": "Point", "coordinates": [-5.5969059, 42.3206028]}, "properties": {"rol": "seguidor", "id": "TK069", "tipo": "completo", "axis_azimuth": 0, "punto": "eje de unidad (no el motor)", "ncu": 2, "gw": 1, "axis_tilt": 0, "max_angle": 55, "backtrack": true, "gcr": 0.397, "cross_axis_tilt": 0}}, {"type": "Feature", "geometry": {"type": "Point", "coordinates": [-5.5968828, 42.3200413]}, "properties": {"rol": "seguidor", "id": "TK070", "tipo": "completo", "axis_azimuth": 0, "punto": "eje de unidad (no el motor)", "ncu": 2, "gw": 1, "axis_tilt": 0, "max_angle": 55, "backtrack": true, "gcr": 0.397, "cross_axis_tilt": 0}}, {"type": "Feature", "geometry": {"type": "Point", "coordinates": [-5.596821, 42.3206047]}, "properties": {"rol": "seguidor", "id": "TK071", "tipo": "completo", "axis_azimuth": 0, "punto": "eje de unidad (no el motor)", "ncu": 2, "gw": 1, "axis_tilt": 0, "max_angle": 55, "backtrack": true, "gcr": 0.397, "cross_axis_tilt": 0}}, {"type": "Feature", "geometry": {"type": "Point", "coordinates": [-5.5967979, 42.3200432]}, "properties": {"rol": "seguidor", "id": "TK072", "tipo": "completo", "axis_azimuth": 0, "punto": "eje de unidad (no el motor)", "ncu": 2, "gw": 1, "axis_tilt": 0, "max_angle": 55, "backtrack": true, "gcr": 0.397, "cross_axis_tilt": 0}}, {"type": "Feature", "geometry": {"type": "Point", "coordinates": [-5.5967362, 42.3206067]}, "properties": {"rol": "seguidor", "id": "TK073", "tipo": "completo", "axis_azimuth": 0, "punto": "eje de unidad (no el motor)", "ncu": 2, "gw": 1, "axis_tilt": 0, "max_angle": 55, "backtrack": true, "gcr": 0.397, "cross_axis_tilt": 0}}, {"type": "Feature", "geometry": {"type": "Point", "coordinates": [-5.5967131, 42.3200452]}, "properties": {"rol": "seguidor", "id": "TK074", "tipo": "completo", "axis_azimuth": 0, "punto": "eje de unidad (no el motor)", "ncu": 2, "gw": 1, "axis_tilt": 0, "max_angle": 55, "backtrack": true, "gcr": 0.397, "cross_axis_tilt": 0}}, {"type": "Feature", "geometry": {"type": "Point", "coordinates": [-5.5966513, 42.3206086]}, "properties": {"rol": "seguidor", "id": "TK075", "tipo": "completo", "axis_azimuth": 0, "punto": "eje de unidad (no el motor)", "ncu": 2, "gw": 1, "axis_tilt": 0, "max_angle": 55, "backtrack": true, "gcr": 0.397, "cross_axis_tilt": 0}}, {"type": "Feature", "geometry": {"type": "Point", "coordinates": [-5.5966282, 42.3200471]}, "properties": {"rol": "seguidor", "id": "TK076", "tipo": "completo", "axis_azimuth": 0, "punto": "eje de unidad (no el motor)", "ncu": 2, "gw": 1, "axis_tilt": 0, "max_angle": 55, "backtrack": true, "gcr": 0.397, "cross_axis_tilt": 0}}, {"type": "Feature", "geometry": {"type": "Point", "coordinates": [-5.5965664, 42.3206105]}, "properties": {"rol": "seguidor", "id": "TK077", "tipo": "completo", "axis_azimuth": 0, "punto": "eje de unidad (no el motor)", "ncu": 2, "gw": 1, "axis_tilt": 0, "max_angle": 55, "backtrack": true, "gcr": 0.397, "cross_axis_tilt": 0}}, {"type": "Feature", "geometry": {"type": "Point", "coordinates": [-5.5965433, 42.320049]}, "properties": {"rol": "seguidor", "id": "TK078", "tipo": "completo", "axis_azimuth": 0, "punto": "eje de unidad (no el motor)", "ncu": 2, "gw": 1, "axis_tilt": 0, "max_angle": 55, "backtrack": true, "gcr": 0.397, "cross_axis_tilt": 0}}, {"type": "Feature", "geometry": {"type": "Point", "coordinates": [-5.5964816, 42.3206124]}, "properties": {"rol": "seguidor", "id": "TK079", "tipo": "completo", "axis_azimuth": 0, "punto": "eje de unidad (no el motor)", "ncu": 2, "gw": 1, "axis_tilt": 0, "max_angle": 55, "backtrack": true, "gcr": 0.397, "cross_axis_tilt": 0}}, {"type": "Feature", "geometry": {"type": "Point", "coordinates": [-5.5964585, 42.3200509]}, "properties": {"rol": "seguidor", "id": "TK080", "tipo": "completo", "axis_azimuth": 0, "punto": "eje de unidad (no el motor)", "ncu": 2, "gw": 1, "axis_tilt": 0, "max_angle": 55, "backtrack": true, "gcr": 0.397, "cross_axis_tilt": 0}}, {"type": "Feature", "geometry": {"type": "Point", "coordinates": [-5.5963967, 42.3206144]}, "properties": {"rol": "seguidor", "id": "TK081", "tipo": "completo", "axis_azimuth": 0, "punto": "eje de unidad (no el motor)", "ncu": 2, "gw": 1, "axis_tilt": 0, "max_angle": 55, "backtrack": true, "gcr": 0.397, "cross_axis_tilt": 0}}, {"type": "Feature", "geometry": {"type": "Point", "coordinates": [-5.5963736, 42.3200529]}, "properties": {"rol": "seguidor", "id": "TK082", "tipo": "completo", "axis_azimuth": 0, "punto": "eje de unidad (no el motor)", "ncu": 2, "gw": 1, "axis_tilt": 0, "max_angle": 55, "backtrack": true, "gcr": 0.397, "cross_axis_tilt": 0}}, {"type": "Feature", "geometry": {"type": "Point", "coordinates": [-5.5963119, 42.3206163]}, "properties": {"rol": "seguidor", "id": "TK083", "tipo": "completo", "axis_azimuth": 0, "punto": "eje de unidad (no el motor)", "ncu": 2, "gw": 1, "axis_tilt": 0, "max_angle": 55, "backtrack": true, "gcr": 0.397, "cross_axis_tilt": 0}}, {"type": "Feature", "geometry": {"type": "Point", "coordinates": [-5.5962888, 42.3200548]}, "properties": {"rol": "seguidor", "id": "TK084", "tipo": "completo", "axis_azimuth": 0, "punto": "eje de unidad (no el motor)", "ncu": 2, "gw": 1, "axis_tilt": 0, "max_angle": 55, "backtrack": true, "gcr": 0.397, "cross_axis_tilt": 0}}, {"type": "Feature", "geometry": {"type": "Point", "coordinates": [-5.6037627, 42.3199987]}, "properties": {"rol": "seguidor", "id": "TK001", "tipo": "completo", "axis_azimuth": 0, "punto": "eje de unidad (no el motor)", "ncu": 3, "gw": 1, "axis_tilt": 0, "max_angle": 55, "backtrack": true, "gcr": 0.397, "cross_axis_tilt": 0}}, {"type": "Feature", "geometry": {"type": "Point", "coordinates": [-5.6036778, 42.3200006]}, "properties": {"rol": "seguidor", "id": "TK002", "tipo": "completo", "axis_azimuth": 0, "punto": "eje de unidad (no el motor)", "ncu": 3, "gw": 1, "axis_tilt": 0, "max_angle": 55, "backtrack": true, "gcr": 0.397, "cross_axis_tilt": 0}}, {"type": "Feature", "geometry": {"type": "Point", "coordinates": [-5.6035929, 42.3200025]}, "properties": {"rol": "seguidor", "id": "TK003", "tipo": "completo", "axis_azimuth": 0, "punto": "eje de unidad (no el motor)", "ncu": 3, "gw": 1, "axis_tilt": 0, "max_angle": 55, "backtrack": true, "gcr": 0.397, "cross_axis_tilt": 0}}, {"type": "Feature", "geometry": {"type": "Point", "coordinates": [-5.6035081, 42.3200045]}, "properties": {"rol": "seguidor", "id": "TK004", "tipo": "completo", "axis_azimuth": 0, "punto": "eje de unidad (no el motor)", "ncu": 3, "gw": 1, "axis_tilt": 0, "max_angle": 55, "backtrack": true, "gcr": 0.397, "cross_axis_tilt": 0}}, {"type": "Feature", "geometry": {"type": "Point", "coordinates": [-5.6034672, 42.3205674]}, "properties": {"rol": "seguidor", "id": "TK005", "tipo": "completo", "axis_azimuth": 0, "punto": "eje de unidad (no el motor)", "ncu": 3, "gw": 1, "axis_tilt": 0, "max_angle": 55, "backtrack": true, "gcr": 0.397, "cross_axis_tilt": 0}}, {"type": "Feature", "geometry": {"type": "Point", "coordinates": [-5.6034232, 42.3200064]}, "properties": {"rol": "seguidor", "id": "TK006", "tipo": "completo", "axis_azimuth": 0, "punto": "eje de unidad (no el motor)", "ncu": 3, "gw": 1, "axis_tilt": 0, "max_angle": 55, "backtrack": true, "gcr": 0.397, "cross_axis_tilt": 0}}, {"type": "Feature", "geometry": {"type": "Point", "coordinates": [-5.6033824, 42.3205693]}, "properties": {"rol": "seguidor", "id": "TK007", "tipo": "completo", "axis_azimuth": 0, "punto": "eje de unidad (no el motor)", "ncu": 3, "gw": 1, "axis_tilt": 0, "max_angle": 55, "backtrack": true, "gcr": 0.397, "cross_axis_tilt": 0}}, {"type": "Feature", "geometry": {"type": "Point", "coordinates": [-5.6033383, 42.3200083]}, "properties": {"rol": "seguidor", "id": "TK008", "tipo": "completo", "axis_azimuth": 0, "punto": "eje de unidad (no el motor)", "ncu": 3, "gw": 1, "axis_tilt": 0, "max_angle": 55, "backtrack": true, "gcr": 0.397, "cross_axis_tilt": 0}}, {"type": "Feature", "geometry": {"type": "Point", "coordinates": [-5.6032975, 42.3205713]}, "properties": {"rol": "seguidor", "id": "TK009", "tipo": "completo", "axis_azimuth": 0, "punto": "eje de unidad (no el motor)", "ncu": 3, "gw": 1, "axis_tilt": 0, "max_angle": 55, "backtrack": true, "gcr": 0.397, "cross_axis_tilt": 0}}, {"type": "Feature", "geometry": {"type": "Point", "coordinates": [-5.6032535, 42.3200102]}, "properties": {"rol": "seguidor", "id": "TK010", "tipo": "completo", "axis_azimuth": 0, "punto": "eje de unidad (no el motor)", "ncu": 3, "gw": 1, "axis_tilt": 0, "max_angle": 55, "backtrack": true, "gcr": 0.397, "cross_axis_tilt": 0}}, {"type": "Feature", "geometry": {"type": "Point", "coordinates": [-5.6032126, 42.3205732]}, "properties": {"rol": "seguidor", "id": "TK011", "tipo": "completo", "axis_azimuth": 0, "punto": "eje de unidad (no el motor)", "ncu": 3, "gw": 1, "axis_tilt": 0, "max_angle": 55, "backtrack": true, "gcr": 0.397, "cross_axis_tilt": 0}}, {"type": "Feature", "geometry": {"type": "Point", "coordinates": [-5.6031686, 42.3200122]}, "properties": {"rol": "seguidor", "id": "TK012", "tipo": "completo", "axis_azimuth": 0, "punto": "eje de unidad (no el motor)", "ncu": 3, "gw": 1, "axis_tilt": 0, "max_angle": 55, "backtrack": true, "gcr": 0.397, "cross_axis_tilt": 0}}, {"type": "Feature", "geometry": {"type": "Point", "coordinates": [-5.6031278, 42.3205751]}, "properties": {"rol": "seguidor", "id": "TK013", "tipo": "completo", "axis_azimuth": 0, "punto": "eje de unidad (no el motor)", "ncu": 3, "gw": 1, "axis_tilt": 0, "max_angle": 55, "backtrack": true, "gcr": 0.397, "cross_axis_tilt": 0}}, {"type": "Feature", "geometry": {"type": "Point", "coordinates": [-5.6030838, 42.3200141]}, "properties": {"rol": "seguidor", "id": "TK014", "tipo": "completo", "axis_azimuth": 0, "punto": "eje de unidad (no el motor)", "ncu": 3, "gw": 1, "axis_tilt": 0, "max_angle": 55, "backtrack": true, "gcr": 0.397, "cross_axis_tilt": 0}}, {"type": "Feature", "geometry": {"type": "Point", "coordinates": [-5.6030429, 42.320577]}, "properties": {"rol": "seguidor", "id": "TK015", "tipo": "completo", "axis_azimuth": 0, "punto": "eje de unidad (no el motor)", "ncu": 3, "gw": 1, "axis_tilt": 0, "max_angle": 55, "backtrack": true, "gcr": 0.397, "cross_axis_tilt": 0}}, {"type": "Feature", "geometry": {"type": "Point", "coordinates": [-5.6029989, 42.320016]}, "properties": {"rol": "seguidor", "id": "TK016", "tipo": "completo", "axis_azimuth": 0, "punto": "eje de unidad (no el motor)", "ncu": 3, "gw": 1, "axis_tilt": 0, "max_angle": 55, "backtrack": true, "gcr": 0.397, "cross_axis_tilt": 0}}, {"type": "Feature", "geometry": {"type": "Point", "coordinates": [-5.602958, 42.320579]}, "properties": {"rol": "seguidor", "id": "TK017", "tipo": "completo", "axis_azimuth": 0, "punto": "eje de unidad (no el motor)", "ncu": 3, "gw": 1, "axis_tilt": 0, "max_angle": 55, "backtrack": true, "gcr": 0.397, "cross_axis_tilt": 0}}, {"type": "Feature", "geometry": {"type": "Point", "coordinates": [-5.602914, 42.3200179]}, "properties": {"rol": "seguidor", "id": "TK018", "tipo": "completo", "axis_azimuth": 0, "punto": "eje de unidad (no el motor)", "ncu": 3, "gw": 1, "axis_tilt": 0, "max_angle": 55, "backtrack": true, "gcr": 0.397, "cross_axis_tilt": 0}}, {"type": "Feature", "geometry": {"type": "Point", "coordinates": [-5.6028732, 42.3205809]}, "properties": {"rol": "seguidor", "id": "TK019", "tipo": "completo", "axis_azimuth": 0, "punto": "eje de unidad (no el motor)", "ncu": 3, "gw": 1, "axis_tilt": 0, "max_angle": 55, "backtrack": true, "gcr": 0.397, "cross_axis_tilt": 0}}, {"type": "Feature", "geometry": {"type": "Point", "coordinates": [-5.6028292, 42.3200199]}, "properties": {"rol": "seguidor", "id": "TK020", "tipo": "completo", "axis_azimuth": 0, "punto": "eje de unidad (no el motor)", "ncu": 3, "gw": 1, "axis_tilt": 0, "max_angle": 55, "backtrack": true, "gcr": 0.397, "cross_axis_tilt": 0}}, {"type": "Feature", "geometry": {"type": "Point", "coordinates": [-5.6027883, 42.3205828]}, "properties": {"rol": "seguidor", "id": "TK021", "tipo": "completo", "axis_azimuth": 0, "punto": "eje de unidad (no el motor)", "ncu": 3, "gw": 1, "axis_tilt": 0, "max_angle": 55, "backtrack": true, "gcr": 0.397, "cross_axis_tilt": 0}}, {"type": "Feature", "geometry": {"type": "Point", "coordinates": [-5.6027443, 42.3200218]}, "properties": {"rol": "seguidor", "id": "TK022", "tipo": "completo", "axis_azimuth": 0, "punto": "eje de unidad (no el motor)", "ncu": 3, "gw": 1, "axis_tilt": 0, "max_angle": 55, "backtrack": true, "gcr": 0.397, "cross_axis_tilt": 0}}, {"type": "Feature", "geometry": {"type": "Point", "coordinates": [-5.6027034, 42.3205847]}, "properties": {"rol": "seguidor", "id": "TK023", "tipo": "completo", "axis_azimuth": 0, "punto": "eje de unidad (no el motor)", "ncu": 3, "gw": 1, "axis_tilt": 0, "max_angle": 55, "backtrack": true, "gcr": 0.397, "cross_axis_tilt": 0}}, {"type": "Feature", "geometry": {"type": "Point", "coordinates": [-5.6026594, 42.3200237]}, "properties": {"rol": "seguidor", "id": "TK024", "tipo": "completo", "axis_azimuth": 0, "punto": "eje de unidad (no el motor)", "ncu": 3, "gw": 1, "axis_tilt": 0, "max_angle": 55, "backtrack": true, "gcr": 0.397, "cross_axis_tilt": 0}}, {"type": "Feature", "geometry": {"type": "Point", "coordinates": [-5.6026186, 42.3205867]}, "properties": {"rol": "seguidor", "id": "TK025", "tipo": "completo", "axis_azimuth": 0, "punto": "eje de unidad (no el motor)", "ncu": 3, "gw": 1, "axis_tilt": 0, "max_angle": 55, "backtrack": true, "gcr": 0.397, "cross_axis_tilt": 0}}, {"type": "Feature", "geometry": {"type": "Point", "coordinates": [-5.6025746, 42.3200257]}, "properties": {"rol": "seguidor", "id": "TK026", "tipo": "completo", "axis_azimuth": 0, "punto": "eje de unidad (no el motor)", "ncu": 3, "gw": 1, "axis_tilt": 0, "max_angle": 55, "backtrack": true, "gcr": 0.397, "cross_axis_tilt": 0}}, {"type": "Feature", "geometry": {"type": "Point", "coordinates": [-5.6025337, 42.3205886]}, "properties": {"rol": "seguidor", "id": "TK027", "tipo": "completo", "axis_azimuth": 0, "punto": "eje de unidad (no el motor)", "ncu": 3, "gw": 1, "axis_tilt": 0, "max_angle": 55, "backtrack": true, "gcr": 0.397, "cross_axis_tilt": 0}}, {"type": "Feature", "geometry": {"type": "Point", "coordinates": [-5.6024897, 42.3200276]}, "properties": {"rol": "seguidor", "id": "TK028", "tipo": "completo", "axis_azimuth": 0, "punto": "eje de unidad (no el motor)", "ncu": 3, "gw": 1, "axis_tilt": 0, "max_angle": 55, "backtrack": true, "gcr": 0.397, "cross_axis_tilt": 0}}, {"type": "Feature", "geometry": {"type": "Point", "coordinates": [-5.6024489, 42.3205905]}, "properties": {"rol": "seguidor", "id": "TK029", "tipo": "completo", "axis_azimuth": 0, "punto": "eje de unidad (no el motor)", "ncu": 3, "gw": 1, "axis_tilt": 0, "max_angle": 55, "backtrack": true, "gcr": 0.397, "cross_axis_tilt": 0}}, {"type": "Feature", "geometry": {"type": "Point", "coordinates": [-5.6024049, 42.3200295]}, "properties": {"rol": "seguidor", "id": "TK030", "tipo": "completo", "axis_azimuth": 0, "punto": "eje de unidad (no el motor)", "ncu": 3, "gw": 1, "axis_tilt": 0, "max_angle": 55, "backtrack": true, "gcr": 0.397, "cross_axis_tilt": 0}}, {"type": "Feature", "geometry": {"type": "Point", "coordinates": [-5.602364, 42.3205925]}, "properties": {"rol": "seguidor", "id": "TK031", "tipo": "completo", "axis_azimuth": 0, "punto": "eje de unidad (no el motor)", "ncu": 3, "gw": 1, "axis_tilt": 0, "max_angle": 55, "backtrack": true, "gcr": 0.397, "cross_axis_tilt": 0}}, {"type": "Feature", "geometry": {"type": "Point", "coordinates": [-5.60232, 42.3200314]}, "properties": {"rol": "seguidor", "id": "TK032", "tipo": "completo", "axis_azimuth": 0, "punto": "eje de unidad (no el motor)", "ncu": 3, "gw": 1, "axis_tilt": 0, "max_angle": 55, "backtrack": true, "gcr": 0.397, "cross_axis_tilt": 0}}, {"type": "Feature", "geometry": {"type": "Point", "coordinates": [-5.6022791, 42.3205944]}, "properties": {"rol": "seguidor", "id": "TK033", "tipo": "completo", "axis_azimuth": 0, "punto": "eje de unidad (no el motor)", "ncu": 3, "gw": 1, "axis_tilt": 0, "max_angle": 55, "backtrack": true, "gcr": 0.397, "cross_axis_tilt": 0}}, {"type": "Feature", "geometry": {"type": "Point", "coordinates": [-5.6022351, 42.3200334]}, "properties": {"rol": "seguidor", "id": "TK034", "tipo": "completo", "axis_azimuth": 0, "punto": "eje de unidad (no el motor)", "ncu": 3, "gw": 1, "axis_tilt": 0, "max_angle": 55, "backtrack": true, "gcr": 0.397, "cross_axis_tilt": 0}}, {"type": "Feature", "geometry": {"type": "Point", "coordinates": [-5.6021943, 42.3205963]}, "properties": {"rol": "seguidor", "id": "TK035", "tipo": "completo", "axis_azimuth": 0, "punto": "eje de unidad (no el motor)", "ncu": 3, "gw": 1, "axis_tilt": 0, "max_angle": 55, "backtrack": true, "gcr": 0.397, "cross_axis_tilt": 0}}, {"type": "Feature", "geometry": {"type": "Point", "coordinates": [-5.6021503, 42.3200353]}, "properties": {"rol": "seguidor", "id": "TK036", "tipo": "completo", "axis_azimuth": 0, "punto": "eje de unidad (no el motor)", "ncu": 3, "gw": 1, "axis_tilt": 0, "max_angle": 55, "backtrack": true, "gcr": 0.397, "cross_axis_tilt": 0}}, {"type": "Feature", "geometry": {"type": "Point", "coordinates": [-5.6021094, 42.3205982]}, "properties": {"rol": "seguidor", "id": "TK037", "tipo": "completo", "axis_azimuth": 0, "punto": "eje de unidad (no el motor)", "ncu": 3, "gw": 1, "axis_tilt": 0, "max_angle": 55, "backtrack": true, "gcr": 0.397, "cross_axis_tilt": 0}}, {"type": "Feature", "geometry": {"type": "Point", "coordinates": [-5.6020654, 42.3200372]}, "properties": {"rol": "seguidor", "id": "TK038", "tipo": "completo", "axis_azimuth": 0, "punto": "eje de unidad (no el motor)", "ncu": 3, "gw": 1, "axis_tilt": 0, "max_angle": 55, "backtrack": true, "gcr": 0.397, "cross_axis_tilt": 0}}, {"type": "Feature", "geometry": {"type": "Point", "coordinates": [-5.6020477, 42.3211617]}, "properties": {"rol": "seguidor", "id": "TK039", "tipo": "completo", "axis_azimuth": 0, "punto": "eje de unidad (no el motor)", "ncu": 3, "gw": 1, "axis_tilt": 0, "max_angle": 55, "backtrack": true, "gcr": 0.397, "cross_axis_tilt": 0}}, {"type": "Feature", "geometry": {"type": "Point", "coordinates": [-5.6020245, 42.3206002]}, "properties": {"rol": "seguidor", "id": "TK040", "tipo": "completo", "axis_azimuth": 0, "punto": "eje de unidad (no el motor)", "ncu": 3, "gw": 1, "axis_tilt": 0, "max_angle": 55, "backtrack": true, "gcr": 0.397, "cross_axis_tilt": 0}}, {"type": "Feature", "geometry": {"type": "Point", "coordinates": [-5.6019805, 42.3200391]}, "properties": {"rol": "seguidor", "id": "TK041", "tipo": "completo", "axis_azimuth": 0, "punto": "eje de unidad (no el motor)", "ncu": 3, "gw": 1, "axis_tilt": 0, "max_angle": 55, "backtrack": true, "gcr": 0.397, "cross_axis_tilt": 0}}, {"type": "Feature", "geometry": {"type": "Point", "coordinates": [-5.6019628, 42.3211636]}, "properties": {"rol": "seguidor", "id": "TK042", "tipo": "completo", "axis_azimuth": 0, "punto": "eje de unidad (no el motor)", "ncu": 3, "gw": 1, "axis_tilt": 0, "max_angle": 55, "backtrack": true, "gcr": 0.397, "cross_axis_tilt": 0}}, {"type": "Feature", "geometry": {"type": "Point", "coordinates": [-5.6019397, 42.3206021]}, "properties": {"rol": "seguidor", "id": "TK043", "tipo": "completo", "axis_azimuth": 0, "punto": "eje de unidad (no el motor)", "ncu": 3, "gw": 1, "axis_tilt": 0, "max_angle": 55, "backtrack": true, "gcr": 0.397, "cross_axis_tilt": 0}}, {"type": "Feature", "geometry": {"type": "Point", "coordinates": [-5.6018957, 42.3200411]}, "properties": {"rol": "seguidor", "id": "TK044", "tipo": "completo", "axis_azimuth": 0, "punto": "eje de unidad (no el motor)", "ncu": 3, "gw": 1, "axis_tilt": 0, "max_angle": 55, "backtrack": true, "gcr": 0.397, "cross_axis_tilt": 0}}, {"type": "Feature", "geometry": {"type": "Point", "coordinates": [-5.601878, 42.3211655]}, "properties": {"rol": "seguidor", "id": "TK045", "tipo": "completo", "axis_azimuth": 0, "punto": "eje de unidad (no el motor)", "ncu": 3, "gw": 1, "axis_tilt": 0, "max_angle": 55, "backtrack": true, "gcr": 0.397, "cross_axis_tilt": 0}}, {"type": "Feature", "geometry": {"type": "Point", "coordinates": [-5.6018548, 42.320604]}, "properties": {"rol": "seguidor", "id": "TK046", "tipo": "completo", "axis_azimuth": 0, "punto": "eje de unidad (no el motor)", "ncu": 3, "gw": 1, "axis_tilt": 0, "max_angle": 55, "backtrack": true, "gcr": 0.397, "cross_axis_tilt": 0}}, {"type": "Feature", "geometry": {"type": "Point", "coordinates": [-5.6018108, 42.320043]}, "properties": {"rol": "seguidor", "id": "TK047", "tipo": "completo", "axis_azimuth": 0, "punto": "eje de unidad (no el motor)", "ncu": 3, "gw": 1, "axis_tilt": 0, "max_angle": 55, "backtrack": true, "gcr": 0.397, "cross_axis_tilt": 0}}, {"type": "Feature", "geometry": {"type": "Point", "coordinates": [-5.6017931, 42.3211674]}, "properties": {"rol": "seguidor", "id": "TK048", "tipo": "completo", "axis_azimuth": 0, "punto": "eje de unidad (no el motor)", "ncu": 3, "gw": 1, "axis_tilt": 0, "max_angle": 55, "backtrack": true, "gcr": 0.397, "cross_axis_tilt": 0}}, {"type": "Feature", "geometry": {"type": "Point", "coordinates": [-5.60177, 42.3206059]}, "properties": {"rol": "seguidor", "id": "TK049", "tipo": "completo", "axis_azimuth": 0, "punto": "eje de unidad (no el motor)", "ncu": 3, "gw": 1, "axis_tilt": 0, "max_angle": 55, "backtrack": true, "gcr": 0.397, "cross_axis_tilt": 0}}, {"type": "Feature", "geometry": {"type": "Point", "coordinates": [-5.6017082, 42.3211694]}, "properties": {"rol": "seguidor", "id": "TK050", "tipo": "completo", "axis_azimuth": 0, "punto": "eje de unidad (no el motor)", "ncu": 3, "gw": 1, "axis_tilt": 0, "max_angle": 55, "backtrack": true, "gcr": 0.397, "cross_axis_tilt": 0}}, {"type": "Feature", "geometry": {"type": "Point", "coordinates": [-5.6016851, 42.3206079]}, "properties": {"rol": "seguidor", "id": "TK051", "tipo": "completo", "axis_azimuth": 0, "punto": "eje de unidad (no el motor)", "ncu": 3, "gw": 1, "axis_tilt": 0, "max_angle": 55, "backtrack": true, "gcr": 0.397, "cross_axis_tilt": 0}}, {"type": "Feature", "geometry": {"type": "Point", "coordinates": [-5.6016234, 42.3211713]}, "properties": {"rol": "seguidor", "id": "TK052", "tipo": "completo", "axis_azimuth": 0, "punto": "eje de unidad (no el motor)", "ncu": 3, "gw": 2, "axis_tilt": 0, "max_angle": 55, "backtrack": true, "gcr": 0.397, "cross_axis_tilt": 0}}, {"type": "Feature", "geometry": {"type": "Point", "coordinates": [-5.6016002, 42.3206098]}, "properties": {"rol": "seguidor", "id": "TK053", "tipo": "completo", "axis_azimuth": 0, "punto": "eje de unidad (no el motor)", "ncu": 3, "gw": 2, "axis_tilt": 0, "max_angle": 55, "backtrack": true, "gcr": 0.397, "cross_axis_tilt": 0}}, {"type": "Feature", "geometry": {"type": "Point", "coordinates": [-5.6015385, 42.3211732]}, "properties": {"rol": "seguidor", "id": "TK054", "tipo": "completo", "axis_azimuth": 0, "punto": "eje de unidad (no el motor)", "ncu": 3, "gw": 2, "axis_tilt": 0, "max_angle": 55, "backtrack": true, "gcr": 0.397, "cross_axis_tilt": 0}}, {"type": "Feature", "geometry": {"type": "Point", "coordinates": [-5.6015154, 42.3206117]}, "properties": {"rol": "seguidor", "id": "TK055", "tipo": "completo", "axis_azimuth": 0, "punto": "eje de unidad (no el motor)", "ncu": 3, "gw": 2, "axis_tilt": 0, "max_angle": 55, "backtrack": true, "gcr": 0.397, "cross_axis_tilt": 0}}, {"type": "Feature", "geometry": {"type": "Point", "coordinates": [-5.6014536, 42.3211751]}, "properties": {"rol": "seguidor", "id": "TK056", "tipo": "completo", "axis_azimuth": 0, "punto": "eje de unidad (no el motor)", "ncu": 3, "gw": 2, "axis_tilt": 0, "max_angle": 55, "backtrack": true, "gcr": 0.397, "cross_axis_tilt": 0}}, {"type": "Feature", "geometry": {"type": "Point", "coordinates": [-5.6014305, 42.3206137]}, "properties": {"rol": "seguidor", "id": "TK057", "tipo": "completo", "axis_azimuth": 0, "punto": "eje de unidad (no el motor)", "ncu": 3, "gw": 2, "axis_tilt": 0, "max_angle": 55, "backtrack": true, "gcr": 0.397, "cross_axis_tilt": 0}}, {"type": "Feature", "geometry": {"type": "Point", "coordinates": [-5.6014074, 42.3200522]}, "properties": {"rol": "seguidor", "id": "TK058", "tipo": "completo", "axis_azimuth": 0, "punto": "eje de unidad (no el motor)", "ncu": 3, "gw": 2, "axis_tilt": 0, "max_angle": 55, "backtrack": true, "gcr": 0.397, "cross_axis_tilt": 0}}, {"type": "Feature", "geometry": {"type": "Point", "coordinates": [-5.6013688, 42.3211771]}, "properties": {"rol": "seguidor", "id": "TK059", "tipo": "completo", "axis_azimuth": 0, "punto": "eje de unidad (no el motor)", "ncu": 3, "gw": 2, "axis_tilt": 0, "max_angle": 55, "backtrack": true, "gcr": 0.397, "cross_axis_tilt": 0}}, {"type": "Feature", "geometry": {"type": "Point", "coordinates": [-5.6013456, 42.3206156]}, "properties": {"rol": "seguidor", "id": "TK060", "tipo": "completo", "axis_azimuth": 0, "punto": "eje de unidad (no el motor)", "ncu": 3, "gw": 2, "axis_tilt": 0, "max_angle": 55, "backtrack": true, "gcr": 0.397, "cross_axis_tilt": 0}}, {"type": "Feature", "geometry": {"type": "Point", "coordinates": [-5.6013225, 42.3200541]}, "properties": {"rol": "seguidor", "id": "TK061", "tipo": "completo", "axis_azimuth": 0, "punto": "eje de unidad (no el motor)", "ncu": 3, "gw": 2, "axis_tilt": 0, "max_angle": 55, "backtrack": true, "gcr": 0.397, "cross_axis_tilt": 0}}, {"type": "Feature", "geometry": {"type": "Point", "coordinates": [-5.6012839, 42.321179]}, "properties": {"rol": "seguidor", "id": "TK062", "tipo": "completo", "axis_azimuth": 0, "punto": "eje de unidad (no el motor)", "ncu": 3, "gw": 2, "axis_tilt": 0, "max_angle": 55, "backtrack": true, "gcr": 0.397, "cross_axis_tilt": 0}}, {"type": "Feature", "geometry": {"type": "Point", "coordinates": [-5.6012608, 42.3206175]}, "properties": {"rol": "seguidor", "id": "TK063", "tipo": "completo", "axis_azimuth": 0, "punto": "eje de unidad (no el motor)", "ncu": 3, "gw": 2, "axis_tilt": 0, "max_angle": 55, "backtrack": true, "gcr": 0.397, "cross_axis_tilt": 0}}, {"type": "Feature", "geometry": {"type": "Point", "coordinates": [-5.6012376, 42.320056]}, "properties": {"rol": "seguidor", "id": "TK064", "tipo": "completo", "axis_azimuth": 0, "punto": "eje de unidad (no el motor)", "ncu": 3, "gw": 2, "axis_tilt": 0, "max_angle": 55, "backtrack": true, "gcr": 0.397, "cross_axis_tilt": 0}}, {"type": "Feature", "geometry": {"type": "Point", "coordinates": [-5.6011991, 42.3211809]}, "properties": {"rol": "seguidor", "id": "TK065", "tipo": "completo", "axis_azimuth": 0, "punto": "eje de unidad (no el motor)", "ncu": 3, "gw": 2, "axis_tilt": 0, "max_angle": 55, "backtrack": true, "gcr": 0.397, "cross_axis_tilt": 0}}, {"type": "Feature", "geometry": {"type": "Point", "coordinates": [-5.6011759, 42.3206194]}, "properties": {"rol": "seguidor", "id": "TK066", "tipo": "completo", "axis_azimuth": 0, "punto": "eje de unidad (no el motor)", "ncu": 3, "gw": 2, "axis_tilt": 0, "max_angle": 55, "backtrack": true, "gcr": 0.397, "cross_axis_tilt": 0}}, {"type": "Feature", "geometry": {"type": "Point", "coordinates": [-5.6011528, 42.3200579]}, "properties": {"rol": "seguidor", "id": "TK067", "tipo": "completo", "axis_azimuth": 0, "punto": "eje de unidad (no el motor)", "ncu": 3, "gw": 2, "axis_tilt": 0, "max_angle": 55, "backtrack": true, "gcr": 0.397, "cross_axis_tilt": 0}}, {"type": "Feature", "geometry": {"type": "Point", "coordinates": [-5.6011142, 42.3211829]}, "properties": {"rol": "seguidor", "id": "TK068", "tipo": "completo", "axis_azimuth": 0, "punto": "eje de unidad (no el motor)", "ncu": 3, "gw": 2, "axis_tilt": 0, "max_angle": 55, "backtrack": true, "gcr": 0.397, "cross_axis_tilt": 0}}, {"type": "Feature", "geometry": {"type": "Point", "coordinates": [-5.6010911, 42.3206214]}, "properties": {"rol": "seguidor", "id": "TK069", "tipo": "completo", "axis_azimuth": 0, "punto": "eje de unidad (no el motor)", "ncu": 3, "gw": 2, "axis_tilt": 0, "max_angle": 55, "backtrack": true, "gcr": 0.397, "cross_axis_tilt": 0}}, {"type": "Feature", "geometry": {"type": "Point", "coordinates": [-5.6010679, 42.3200599]}, "properties": {"rol": "seguidor", "id": "TK070", "tipo": "completo", "axis_azimuth": 0, "punto": "eje de unidad (no el motor)", "ncu": 3, "gw": 2, "axis_tilt": 0, "max_angle": 55, "backtrack": true, "gcr": 0.397, "cross_axis_tilt": 0}}, {"type": "Feature", "geometry": {"type": "Point", "coordinates": [-5.6010293, 42.3211848]}, "properties": {"rol": "seguidor", "id": "TK071", "tipo": "completo", "axis_azimuth": 0, "punto": "eje de unidad (no el motor)", "ncu": 3, "gw": 2, "axis_tilt": 0, "max_angle": 55, "backtrack": true, "gcr": 0.397, "cross_axis_tilt": 0}}, {"type": "Feature", "geometry": {"type": "Point", "coordinates": [-5.6010062, 42.3206233]}, "properties": {"rol": "seguidor", "id": "TK072", "tipo": "completo", "axis_azimuth": 0, "punto": "eje de unidad (no el motor)", "ncu": 3, "gw": 2, "axis_tilt": 0, "max_angle": 55, "backtrack": true, "gcr": 0.397, "cross_axis_tilt": 0}}, {"type": "Feature", "geometry": {"type": "Point", "coordinates": [-5.600983, 42.3200618]}, "properties": {"rol": "seguidor", "id": "TK073", "tipo": "completo", "axis_azimuth": 0, "punto": "eje de unidad (no el motor)", "ncu": 3, "gw": 2, "axis_tilt": 0, "max_angle": 55, "backtrack": true, "gcr": 0.397, "cross_axis_tilt": 0}}, {"type": "Feature", "geometry": {"type": "Point", "coordinates": [-5.6009445, 42.3211867]}, "properties": {"rol": "seguidor", "id": "TK074", "tipo": "completo", "axis_azimuth": 0, "punto": "eje de unidad (no el motor)", "ncu": 3, "gw": 2, "axis_tilt": 0, "max_angle": 55, "backtrack": true, "gcr": 0.397, "cross_axis_tilt": 0}}, {"type": "Feature", "geometry": {"type": "Point", "coordinates": [-5.6009213, 42.3206252]}, "properties": {"rol": "seguidor", "id": "TK075", "tipo": "completo", "axis_azimuth": 0, "punto": "eje de unidad (no el motor)", "ncu": 3, "gw": 2, "axis_tilt": 0, "max_angle": 55, "backtrack": true, "gcr": 0.397, "cross_axis_tilt": 0}}, {"type": "Feature", "geometry": {"type": "Point", "coordinates": [-5.6008982, 42.3200637]}, "properties": {"rol": "seguidor", "id": "TK076", "tipo": "completo", "axis_azimuth": 0, "punto": "eje de unidad (no el motor)", "ncu": 3, "gw": 2, "axis_tilt": 0, "max_angle": 55, "backtrack": true, "gcr": 0.397, "cross_axis_tilt": 0}}, {"type": "Feature", "geometry": {"type": "Point", "coordinates": [-5.6008596, 42.3211886]}, "properties": {"rol": "seguidor", "id": "TK077", "tipo": "completo", "axis_azimuth": 0, "punto": "eje de unidad (no el motor)", "ncu": 3, "gw": 2, "axis_tilt": 0, "max_angle": 55, "backtrack": true, "gcr": 0.397, "cross_axis_tilt": 0}}, {"type": "Feature", "geometry": {"type": "Point", "coordinates": [-5.6008365, 42.3206271]}, "properties": {"rol": "seguidor", "id": "TK078", "tipo": "completo", "axis_azimuth": 0, "punto": "eje de unidad (no el motor)", "ncu": 3, "gw": 2, "axis_tilt": 0, "max_angle": 55, "backtrack": true, "gcr": 0.397, "cross_axis_tilt": 0}}, {"type": "Feature", "geometry": {"type": "Point", "coordinates": [-5.6008133, 42.3200656]}, "properties": {"rol": "seguidor", "id": "TK079", "tipo": "completo", "axis_azimuth": 0, "punto": "eje de unidad (no el motor)", "ncu": 3, "gw": 2, "axis_tilt": 0, "max_angle": 55, "backtrack": true, "gcr": 0.397, "cross_axis_tilt": 0}}, {"type": "Feature", "geometry": {"type": "Point", "coordinates": [-5.6007747, 42.3211906]}, "properties": {"rol": "seguidor", "id": "TK080", "tipo": "completo", "axis_azimuth": 0, "punto": "eje de unidad (no el motor)", "ncu": 3, "gw": 2, "axis_tilt": 0, "max_angle": 55, "backtrack": true, "gcr": 0.397, "cross_axis_tilt": 0}}, {"type": "Feature", "geometry": {"type": "Point", "coordinates": [-5.6007516, 42.3206291]}, "properties": {"rol": "seguidor", "id": "TK081", "tipo": "completo", "axis_azimuth": 0, "punto": "eje de unidad (no el motor)", "ncu": 3, "gw": 2, "axis_tilt": 0, "max_angle": 55, "backtrack": true, "gcr": 0.397, "cross_axis_tilt": 0}}, {"type": "Feature", "geometry": {"type": "Point", "coordinates": [-5.6007285, 42.3200676]}, "properties": {"rol": "seguidor", "id": "TK082", "tipo": "completo", "axis_azimuth": 0, "punto": "eje de unidad (no el motor)", "ncu": 3, "gw": 2, "axis_tilt": 0, "max_angle": 55, "backtrack": true, "gcr": 0.397, "cross_axis_tilt": 0}}, {"type": "Feature", "geometry": {"type": "Point", "coordinates": [-5.6006899, 42.3211925]}, "properties": {"rol": "seguidor", "id": "TK083", "tipo": "completo", "axis_azimuth": 0, "punto": "eje de unidad (no el motor)", "ncu": 3, "gw": 2, "axis_tilt": 0, "max_angle": 55, "backtrack": true, "gcr": 0.397, "cross_axis_tilt": 0}}, {"type": "Feature", "geometry": {"type": "Point", "coordinates": [-5.6006667, 42.320631]}, "properties": {"rol": "seguidor", "id": "TK084", "tipo": "completo", "axis_azimuth": 0, "punto": "eje de unidad (no el motor)", "ncu": 3, "gw": 2, "axis_tilt": 0, "max_angle": 55, "backtrack": true, "gcr": 0.397, "cross_axis_tilt": 0}}, {"type": "Feature", "geometry": {"type": "Point", "coordinates": [-5.6006436, 42.3200695]}, "properties": {"rol": "seguidor", "id": "TK085", "tipo": "completo", "axis_azimuth": 0, "punto": "eje de unidad (no el motor)", "ncu": 3, "gw": 2, "axis_tilt": 0, "max_angle": 55, "backtrack": true, "gcr": 0.397, "cross_axis_tilt": 0}}, {"type": "Feature", "geometry": {"type": "Point", "coordinates": [-5.600605, 42.3211944]}, "properties": {"rol": "seguidor", "id": "TK086", "tipo": "completo", "axis_azimuth": 0, "punto": "eje de unidad (no el motor)", "ncu": 3, "gw": 2, "axis_tilt": 0, "max_angle": 55, "backtrack": true, "gcr": 0.397, "cross_axis_tilt": 0}}, {"type": "Feature", "geometry": {"type": "Point", "coordinates": [-5.6005819, 42.3206329]}, "properties": {"rol": "seguidor", "id": "TK087", "tipo": "completo", "axis_azimuth": 0, "punto": "eje de unidad (no el motor)", "ncu": 3, "gw": 2, "axis_tilt": 0, "max_angle": 55, "backtrack": true, "gcr": 0.397, "cross_axis_tilt": 0}}, {"type": "Feature", "geometry": {"type": "Point", "coordinates": [-5.6005587, 42.3200714]}, "properties": {"rol": "seguidor", "id": "TK088", "tipo": "completo", "axis_azimuth": 0, "punto": "eje de unidad (no el motor)", "ncu": 3, "gw": 2, "axis_tilt": 0, "max_angle": 55, "backtrack": true, "gcr": 0.397, "cross_axis_tilt": 0}}, {"type": "Feature", "geometry": {"type": "Point", "coordinates": [-5.6005201, 42.3211963]}, "properties": {"rol": "seguidor", "id": "TK089", "tipo": "completo", "axis_azimuth": 0, "punto": "eje de unidad (no el motor)", "ncu": 3, "gw": 2, "axis_tilt": 0, "max_angle": 55, "backtrack": true, "gcr": 0.397, "cross_axis_tilt": 0}}, {"type": "Feature", "geometry": {"type": "Point", "coordinates": [-5.600497, 42.3206348]}, "properties": {"rol": "seguidor", "id": "TK090", "tipo": "completo", "axis_azimuth": 0, "punto": "eje de unidad (no el motor)", "ncu": 3, "gw": 2, "axis_tilt": 0, "max_angle": 55, "backtrack": true, "gcr": 0.397, "cross_axis_tilt": 0}}, {"type": "Feature", "geometry": {"type": "Point", "coordinates": [-5.6004739, 42.3200733]}, "properties": {"rol": "seguidor", "id": "TK091", "tipo": "completo", "axis_azimuth": 0, "punto": "eje de unidad (no el motor)", "ncu": 3, "gw": 2, "axis_tilt": 0, "max_angle": 55, "backtrack": true, "gcr": 0.397, "cross_axis_tilt": 0}}, {"type": "Feature", "geometry": {"type": "Point", "coordinates": [-5.6004353, 42.3211983]}, "properties": {"rol": "seguidor", "id": "TK092", "tipo": "completo", "axis_azimuth": 0, "punto": "eje de unidad (no el motor)", "ncu": 3, "gw": 2, "axis_tilt": 0, "max_angle": 55, "backtrack": true, "gcr": 0.397, "cross_axis_tilt": 0}}, {"type": "Feature", "geometry": {"type": "Point", "coordinates": [-5.6004121, 42.3206368]}, "properties": {"rol": "seguidor", "id": "TK093", "tipo": "completo", "axis_azimuth": 0, "punto": "eje de unidad (no el motor)", "ncu": 3, "gw": 2, "axis_tilt": 0, "max_angle": 55, "backtrack": true, "gcr": 0.397, "cross_axis_tilt": 0}}, {"type": "Feature", "geometry": {"type": "Point", "coordinates": [-5.600389, 42.3200753]}, "properties": {"rol": "seguidor", "id": "TK094", "tipo": "completo", "axis_azimuth": 0, "punto": "eje de unidad (no el motor)", "ncu": 3, "gw": 2, "axis_tilt": 0, "max_angle": 55, "backtrack": true, "gcr": 0.397, "cross_axis_tilt": 0}}, {"type": "Feature", "geometry": {"type": "Point", "coordinates": [-5.6003504, 42.3212002]}, "properties": {"rol": "seguidor", "id": "TK095", "tipo": "completo", "axis_azimuth": 0, "punto": "eje de unidad (no el motor)", "ncu": 3, "gw": 2, "axis_tilt": 0, "max_angle": 55, "backtrack": true, "gcr": 0.397, "cross_axis_tilt": 0}}, {"type": "Feature", "geometry": {"type": "Point", "coordinates": [-5.6003273, 42.3206387]}, "properties": {"rol": "seguidor", "id": "TK096", "tipo": "completo", "axis_azimuth": 0, "punto": "eje de unidad (no el motor)", "ncu": 3, "gw": 2, "axis_tilt": 0, "max_angle": 55, "backtrack": true, "gcr": 0.397, "cross_axis_tilt": 0}}, {"type": "Feature", "geometry": {"type": "Point", "coordinates": [-5.6003041, 42.3200772]}, "properties": {"rol": "seguidor", "id": "TK097", "tipo": "completo", "axis_azimuth": 0, "punto": "eje de unidad (no el motor)", "ncu": 3, "gw": 2, "axis_tilt": 0, "max_angle": 55, "backtrack": true, "gcr": 0.397, "cross_axis_tilt": 0}}, {"type": "Feature", "geometry": {"type": "Point", "coordinates": [-5.6002656, 42.3212021]}, "properties": {"rol": "seguidor", "id": "TK098", "tipo": "completo", "axis_azimuth": 0, "punto": "eje de unidad (no el motor)", "ncu": 3, "gw": 2, "axis_tilt": 0, "max_angle": 55, "backtrack": true, "gcr": 0.397, "cross_axis_tilt": 0}}, {"type": "Feature", "geometry": {"type": "Point", "coordinates": [-5.6002424, 42.3206406]}, "properties": {"rol": "seguidor", "id": "TK099", "tipo": "completo", "axis_azimuth": 0, "punto": "eje de unidad (no el motor)", "ncu": 3, "gw": 2, "axis_tilt": 0, "max_angle": 55, "backtrack": true, "gcr": 0.397, "cross_axis_tilt": 0}}, {"type": "Feature", "geometry": {"type": "Point", "coordinates": [-5.6002193, 42.3200791]}, "properties": {"rol": "seguidor", "id": "TK100", "tipo": "completo", "axis_azimuth": 0, "punto": "eje de unidad (no el motor)", "ncu": 3, "gw": 2, "axis_tilt": 0, "max_angle": 55, "backtrack": true, "gcr": 0.397, "cross_axis_tilt": 0}}, {"type": "Feature", "geometry": {"type": "Point", "coordinates": [-5.6001807, 42.321204]}, "properties": {"rol": "seguidor", "id": "TK101", "tipo": "completo", "axis_azimuth": 0, "punto": "eje de unidad (no el motor)", "ncu": 3, "gw": 2, "axis_tilt": 0, "max_angle": 55, "backtrack": true, "gcr": 0.397, "cross_axis_tilt": 0}}, {"type": "Feature", "geometry": {"type": "Point", "coordinates": [-5.6001576, 42.3206425]}, "properties": {"rol": "seguidor", "id": "TK102", "tipo": "completo", "axis_azimuth": 0, "punto": "eje de unidad (no el motor)", "ncu": 3, "gw": 2, "axis_tilt": 0, "max_angle": 55, "backtrack": true, "gcr": 0.397, "cross_axis_tilt": 0}}, {"type": "Feature", "geometry": {"type": "Point", "coordinates": [-5.6001344, 42.3200811]}, "properties": {"rol": "seguidor", "id": "TK103", "tipo": "completo", "axis_azimuth": 0, "punto": "eje de unidad (no el motor)", "ncu": 3, "gw": 2, "axis_tilt": 0, "max_angle": 55, "backtrack": true, "gcr": 0.397, "cross_axis_tilt": 0}}, {"type": "Feature", "geometry": {"type": "Point", "coordinates": [-5.6000958, 42.321206]}, "properties": {"rol": "seguidor", "id": "TK104", "tipo": "completo", "axis_azimuth": 0, "punto": "eje de unidad (no el motor)", "ncu": 3, "gw": 2, "axis_tilt": 0, "max_angle": 55, "backtrack": true, "gcr": 0.397, "cross_axis_tilt": 0}}, {"type": "Feature", "geometry": {"type": "Point", "coordinates": [-5.6000727, 42.3206445]}, "properties": {"rol": "seguidor", "id": "TK105", "tipo": "completo", "axis_azimuth": 0, "punto": "eje de unidad (no el motor)", "ncu": 3, "gw": 2, "axis_tilt": 0, "max_angle": 55, "backtrack": true, "gcr": 0.397, "cross_axis_tilt": 0}}, {"type": "Feature", "geometry": {"type": "Point", "coordinates": [-5.6000496, 42.320083]}, "properties": {"rol": "seguidor", "id": "TK106", "tipo": "completo", "axis_azimuth": 0, "punto": "eje de unidad (no el motor)", "ncu": 3, "gw": 2, "axis_tilt": 0, "max_angle": 55, "backtrack": true, "gcr": 0.397, "cross_axis_tilt": 0}}, {"type": "Feature", "geometry": {"type": "Point", "coordinates": [-5.5999878, 42.3206464]}, "properties": {"rol": "seguidor", "id": "TK107", "tipo": "completo", "axis_azimuth": 0, "punto": "eje de unidad (no el motor)", "ncu": 3, "gw": 2, "axis_tilt": 0, "max_angle": 55, "backtrack": true, "gcr": 0.397, "cross_axis_tilt": 0}}, {"type": "Feature", "geometry": {"type": "Point", "coordinates": [-5.5999647, 42.3200849]}, "properties": {"rol": "seguidor", "id": "TK108", "tipo": "completo", "axis_azimuth": 0, "punto": "eje de unidad (no el motor)", "ncu": 3, "gw": 2, "axis_tilt": 0, "max_angle": 55, "backtrack": true, "gcr": 0.397, "cross_axis_tilt": 0}}, {"type": "Feature", "geometry": {"type": "Point", "coordinates": [-5.599903, 42.3206483]}, "properties": {"rol": "seguidor", "id": "TK109", "tipo": "completo", "axis_azimuth": 0, "punto": "eje de unidad (no el motor)", "ncu": 3, "gw": 2, "axis_tilt": 0, "max_angle": 55, "backtrack": true, "gcr": 0.397, "cross_axis_tilt": 0}}, {"type": "Feature", "geometry": {"type": "Point", "coordinates": [-5.5998798, 42.3200868]}, "properties": {"rol": "seguidor", "id": "TK110", "tipo": "completo", "axis_azimuth": 0, "punto": "eje de unidad (no el motor)", "ncu": 3, "gw": 2, "axis_tilt": 0, "max_angle": 55, "backtrack": true, "gcr": 0.397, "cross_axis_tilt": 0}}, {"type": "Feature", "geometry": {"type": "Point", "coordinates": [-5.5998181, 42.3206502]}, "properties": {"rol": "seguidor", "id": "TK111", "tipo": "completo", "axis_azimuth": 0, "punto": "eje de unidad (no el motor)", "ncu": 3, "gw": 2, "axis_tilt": 0, "max_angle": 55, "backtrack": true, "gcr": 0.397, "cross_axis_tilt": 0}}, {"type": "Feature", "geometry": {"type": "Point", "coordinates": [-5.599795, 42.3200888]}, "properties": {"rol": "seguidor", "id": "TK112", "tipo": "completo", "axis_azimuth": 0, "punto": "eje de unidad (no el motor)", "ncu": 3, "gw": 2, "axis_tilt": 0, "max_angle": 55, "backtrack": true, "gcr": 0.397, "cross_axis_tilt": 0}}, {"type": "Feature", "geometry": {"type": "Point", "coordinates": [-5.5997332, 42.3206522]}, "properties": {"rol": "seguidor", "id": "TK113", "tipo": "completo", "axis_azimuth": 0, "punto": "eje de unidad (no el motor)", "ncu": 3, "gw": 2, "axis_tilt": 0, "max_angle": 55, "backtrack": true, "gcr": 0.397, "cross_axis_tilt": 0}}, {"type": "Feature", "geometry": {"type": "Point", "coordinates": [-5.5997101, 42.3200907]}, "properties": {"rol": "seguidor", "id": "TK114", "tipo": "completo", "axis_azimuth": 0, "punto": "eje de unidad (no el motor)", "ncu": 3, "gw": 2, "axis_tilt": 0, "max_angle": 55, "backtrack": true, "gcr": 0.397, "cross_axis_tilt": 0}}, {"type": "Feature", "geometry": {"type": "Point", "coordinates": [-5.5996484, 42.3206541]}, "properties": {"rol": "seguidor", "id": "TK115", "tipo": "completo", "axis_azimuth": 0, "punto": "eje de unidad (no el motor)", "ncu": 3, "gw": 2, "axis_tilt": 0, "max_angle": 55, "backtrack": true, "gcr": 0.397, "cross_axis_tilt": 0}}, {"type": "Feature", "geometry": {"type": "Point", "coordinates": [-5.5996252, 42.3200926]}, "properties": {"rol": "seguidor", "id": "TK116", "tipo": "completo", "axis_azimuth": 0, "punto": "eje de unidad (no el motor)", "ncu": 3, "gw": 2, "axis_tilt": 0, "max_angle": 55, "backtrack": true, "gcr": 0.397, "cross_axis_tilt": 0}}, {"type": "Feature", "geometry": {"type": "Point", "coordinates": [-5.5995635, 42.320656]}, "properties": {"rol": "seguidor", "id": "TK117", "tipo": "completo", "axis_azimuth": 0, "punto": "eje de unidad (no el motor)", "ncu": 3, "gw": 2, "axis_tilt": 0, "max_angle": 55, "backtrack": true, "gcr": 0.397, "cross_axis_tilt": 0}}, {"type": "Feature", "geometry": {"type": "Point", "coordinates": [-5.5995404, 42.3200945]}, "properties": {"rol": "seguidor", "id": "TK118", "tipo": "completo", "axis_azimuth": 0, "punto": "eje de unidad (no el motor)", "ncu": 3, "gw": 2, "axis_tilt": 0, "max_angle": 55, "backtrack": true, "gcr": 0.397, "cross_axis_tilt": 0}}, {"type": "Feature", "geometry": {"type": "Point", "coordinates": [-5.5994786, 42.3206579]}, "properties": {"rol": "seguidor", "id": "TK119", "tipo": "completo", "axis_azimuth": 0, "punto": "eje de unidad (no el motor)", "ncu": 3, "gw": 2, "axis_tilt": 0, "max_angle": 55, "backtrack": true, "gcr": 0.397, "cross_axis_tilt": 0}}, {"type": "Feature", "geometry": {"type": "Point", "coordinates": [-5.5994555, 42.3200965]}, "properties": {"rol": "seguidor", "id": "TK120", "tipo": "completo", "axis_azimuth": 0, "punto": "eje de unidad (no el motor)", "ncu": 3, "gw": 2, "axis_tilt": 0, "max_angle": 55, "backtrack": true, "gcr": 0.397, "cross_axis_tilt": 0}}, {"type": "Feature", "geometry": {"type": "Point", "coordinates": [-5.6034162, 42.3193306]}, "properties": {"rol": "seguidor", "id": "TK001", "tipo": "completo", "axis_azimuth": 0, "punto": "eje de unidad (no el motor)", "ncu": 4, "gw": 1, "axis_tilt": 0, "max_angle": 55, "backtrack": true, "gcr": 0.397, "cross_axis_tilt": 0}}, {"type": "Feature", "geometry": {"type": "Point", "coordinates": [-5.6033313, 42.3193325]}, "properties": {"rol": "seguidor", "id": "TK002", "tipo": "completo", "axis_azimuth": 0, "punto": "eje de unidad (no el motor)", "ncu": 4, "gw": 1, "axis_tilt": 0, "max_angle": 55, "backtrack": true, "gcr": 0.397, "cross_axis_tilt": 0}}, {"type": "Feature", "geometry": {"type": "Point", "coordinates": [-5.6032465, 42.3193345]}, "properties": {"rol": "seguidor", "id": "TK003", "tipo": "completo", "axis_azimuth": 0, "punto": "eje de unidad (no el motor)", "ncu": 4, "gw": 1, "axis_tilt": 0, "max_angle": 55, "backtrack": true, "gcr": 0.397, "cross_axis_tilt": 0}}, {"type": "Feature", "geometry": {"type": "Point", "coordinates": [-5.6031616, 42.3193364]}, "properties": {"rol": "seguidor", "id": "TK004", "tipo": "completo", "axis_azimuth": 0, "punto": "eje de unidad (no el motor)", "ncu": 4, "gw": 1, "axis_tilt": 0, "max_angle": 55, "backtrack": true, "gcr": 0.397, "cross_axis_tilt": 0}}, {"type": "Feature", "geometry": {"type": "Point", "coordinates": [-5.6030768, 42.3193383]}, "properties": {"rol": "seguidor", "id": "TK005", "tipo": "completo", "axis_azimuth": 0, "punto": "eje de unidad (no el motor)", "ncu": 4, "gw": 1, "axis_tilt": 0, "max_angle": 55, "backtrack": true, "gcr": 0.397, "cross_axis_tilt": 0}}, {"type": "Feature", "geometry": {"type": "Point", "coordinates": [-5.6029919, 42.3193402]}, "properties": {"rol": "seguidor", "id": "TK006", "tipo": "completo", "axis_azimuth": 0, "punto": "eje de unidad (no el motor)", "ncu": 4, "gw": 1, "axis_tilt": 0, "max_angle": 55, "backtrack": true, "gcr": 0.397, "cross_axis_tilt": 0}}, {"type": "Feature", "geometry": {"type": "Point", "coordinates": [-5.6028966, 42.3187952]}, "properties": {"rol": "seguidor", "id": "TK007", "tipo": "completo", "axis_azimuth": 0, "punto": "eje de unidad (no el motor)", "ncu": 4, "gw": 1, "axis_tilt": 0, "max_angle": 55, "backtrack": true, "gcr": 0.397, "cross_axis_tilt": 0}}, {"type": "Feature", "geometry": {"type": "Point", "coordinates": [-5.602907, 42.3193422]}, "properties": {"rol": "seguidor", "id": "TK008", "tipo": "completo", "axis_azimuth": 0, "punto": "eje de unidad (no el motor)", "ncu": 4, "gw": 1, "axis_tilt": 0, "max_angle": 55, "backtrack": true, "gcr": 0.397, "cross_axis_tilt": 0}}, {"type": "Feature", "geometry": {"type": "Point", "coordinates": [-5.6028117, 42.3187972]}, "properties": {"rol": "seguidor", "id": "TK009", "tipo": "completo", "axis_azimuth": 0, "punto": "eje de unidad (no el motor)", "ncu": 4, "gw": 1, "axis_tilt": 0, "max_angle": 55, "backtrack": true, "gcr": 0.397, "cross_axis_tilt": 0}}, {"type": "Feature", "geometry": {"type": "Point", "coordinates": [-5.6028222, 42.3193441]}, "properties": {"rol": "seguidor", "id": "TK010", "tipo": "completo", "axis_azimuth": 0, "punto": "eje de unidad (no el motor)", "ncu": 4, "gw": 1, "axis_tilt": 0, "max_angle": 55, "backtrack": true, "gcr": 0.397, "cross_axis_tilt": 0}}, {"type": "Feature", "geometry": {"type": "Point", "coordinates": [-5.6027269, 42.3187991]}, "properties": {"rol": "seguidor", "id": "TK011", "tipo": "completo", "axis_azimuth": 0, "punto": "eje de unidad (no el motor)", "ncu": 4, "gw": 1, "axis_tilt": 0, "max_angle": 55, "backtrack": true, "gcr": 0.397, "cross_axis_tilt": 0}}, {"type": "Feature", "geometry": {"type": "Point", "coordinates": [-5.6027373, 42.319346]}, "properties": {"rol": "seguidor", "id": "TK012", "tipo": "completo", "axis_azimuth": 0, "punto": "eje de unidad (no el motor)", "ncu": 4, "gw": 1, "axis_tilt": 0, "max_angle": 55, "backtrack": true, "gcr": 0.397, "cross_axis_tilt": 0}}, {"type": "Feature", "geometry": {"type": "Point", "coordinates": [-5.602642, 42.318801]}, "properties": {"rol": "seguidor", "id": "TK013", "tipo": "completo", "axis_azimuth": 0, "punto": "eje de unidad (no el motor)", "ncu": 4, "gw": 1, "axis_tilt": 0, "max_angle": 55, "backtrack": true, "gcr": 0.397, "cross_axis_tilt": 0}}, {"type": "Feature", "geometry": {"type": "Point", "coordinates": [-5.6026524, 42.319348]}, "properties": {"rol": "seguidor", "id": "TK014", "tipo": "completo", "axis_azimuth": 0, "punto": "eje de unidad (no el motor)", "ncu": 4, "gw": 1, "axis_tilt": 0, "max_angle": 55, "backtrack": true, "gcr": 0.397, "cross_axis_tilt": 0}}, {"type": "Feature", "geometry": {"type": "Point", "coordinates": [-5.6025572, 42.318803]}, "properties": {"rol": "seguidor", "id": "TK015", "tipo": "completo", "axis_azimuth": 0, "punto": "eje de unidad (no el motor)", "ncu": 4, "gw": 1, "axis_tilt": 0, "max_angle": 55, "backtrack": true, "gcr": 0.397, "cross_axis_tilt": 0}}, {"type": "Feature", "geometry": {"type": "Point", "coordinates": [-5.6025676, 42.3193499]}, "properties": {"rol": "seguidor", "id": "TK016", "tipo": "completo", "axis_azimuth": 0, "punto": "eje de unidad (no el motor)", "ncu": 4, "gw": 1, "axis_tilt": 0, "max_angle": 55, "backtrack": true, "gcr": 0.397, "cross_axis_tilt": 0}}, {"type": "Feature", "geometry": {"type": "Point", "coordinates": [-5.6024723, 42.3188049]}, "properties": {"rol": "seguidor", "id": "TK017", "tipo": "completo", "axis_azimuth": 0, "punto": "eje de unidad (no el motor)", "ncu": 4, "gw": 1, "axis_tilt": 0, "max_angle": 55, "backtrack": true, "gcr": 0.397, "cross_axis_tilt": 0}}, {"type": "Feature", "geometry": {"type": "Point", "coordinates": [-5.6024827, 42.3193518]}, "properties": {"rol": "seguidor", "id": "TK018", "tipo": "completo", "axis_azimuth": 0, "punto": "eje de unidad (no el motor)", "ncu": 4, "gw": 1, "axis_tilt": 0, "max_angle": 55, "backtrack": true, "gcr": 0.397, "cross_axis_tilt": 0}}, {"type": "Feature", "geometry": {"type": "Point", "coordinates": [-5.6023874, 42.3188068]}, "properties": {"rol": "seguidor", "id": "TK019", "tipo": "completo", "axis_azimuth": 0, "punto": "eje de unidad (no el motor)", "ncu": 4, "gw": 1, "axis_tilt": 0, "max_angle": 55, "backtrack": true, "gcr": 0.397, "cross_axis_tilt": 0}}, {"type": "Feature", "geometry": {"type": "Point", "coordinates": [-5.6023979, 42.3193537]}, "properties": {"rol": "seguidor", "id": "TK020", "tipo": "completo", "axis_azimuth": 0, "punto": "eje de unidad (no el motor)", "ncu": 4, "gw": 1, "axis_tilt": 0, "max_angle": 55, "backtrack": true, "gcr": 0.397, "cross_axis_tilt": 0}}, {"type": "Feature", "geometry": {"type": "Point", "coordinates": [-5.6023026, 42.3188087]}, "properties": {"rol": "seguidor", "id": "TK021", "tipo": "completo", "axis_azimuth": 0, "punto": "eje de unidad (no el motor)", "ncu": 4, "gw": 1, "axis_tilt": 0, "max_angle": 55, "backtrack": true, "gcr": 0.397, "cross_axis_tilt": 0}}, {"type": "Feature", "geometry": {"type": "Point", "coordinates": [-5.602313, 42.3193557]}, "properties": {"rol": "seguidor", "id": "TK022", "tipo": "completo", "axis_azimuth": 0, "punto": "eje de unidad (no el motor)", "ncu": 4, "gw": 1, "axis_tilt": 0, "max_angle": 55, "backtrack": true, "gcr": 0.397, "cross_axis_tilt": 0}}, {"type": "Feature", "geometry": {"type": "Point", "coordinates": [-5.6022177, 42.3188107]}, "properties": {"rol": "seguidor", "id": "TK023", "tipo": "completo", "axis_azimuth": 0, "punto": "eje de unidad (no el motor)", "ncu": 4, "gw": 1, "axis_tilt": 0, "max_angle": 55, "backtrack": true, "gcr": 0.397, "cross_axis_tilt": 0}}, {"type": "Feature", "geometry": {"type": "Point", "coordinates": [-5.6022281, 42.3193576]}, "properties": {"rol": "seguidor", "id": "TK024", "tipo": "completo", "axis_azimuth": 0, "punto": "eje de unidad (no el motor)", "ncu": 4, "gw": 1, "axis_tilt": 0, "max_angle": 55, "backtrack": true, "gcr": 0.397, "cross_axis_tilt": 0}}, {"type": "Feature", "geometry": {"type": "Point", "coordinates": [-5.6021329, 42.3188126]}, "properties": {"rol": "seguidor", "id": "TK025", "tipo": "completo", "axis_azimuth": 0, "punto": "eje de unidad (no el motor)", "ncu": 4, "gw": 1, "axis_tilt": 0, "max_angle": 55, "backtrack": true, "gcr": 0.397, "cross_axis_tilt": 0}}, {"type": "Feature", "geometry": {"type": "Point", "coordinates": [-5.6021433, 42.3193595]}, "properties": {"rol": "seguidor", "id": "TK026", "tipo": "completo", "axis_azimuth": 0, "punto": "eje de unidad (no el motor)", "ncu": 4, "gw": 1, "axis_tilt": 0, "max_angle": 55, "backtrack": true, "gcr": 0.397, "cross_axis_tilt": 0}}, {"type": "Feature", "geometry": {"type": "Point", "coordinates": [-5.602048, 42.3188145]}, "properties": {"rol": "seguidor", "id": "TK027", "tipo": "completo", "axis_azimuth": 0, "punto": "eje de unidad (no el motor)", "ncu": 4, "gw": 1, "axis_tilt": 0, "max_angle": 55, "backtrack": true, "gcr": 0.397, "cross_axis_tilt": 0}}, {"type": "Feature", "geometry": {"type": "Point", "coordinates": [-5.6020584, 42.3193614]}, "properties": {"rol": "seguidor", "id": "TK028", "tipo": "completo", "axis_azimuth": 0, "punto": "eje de unidad (no el motor)", "ncu": 4, "gw": 1, "axis_tilt": 0, "max_angle": 55, "backtrack": true, "gcr": 0.397, "cross_axis_tilt": 0}}, {"type": "Feature", "geometry": {"type": "Point", "coordinates": [-5.6019631, 42.3188164]}, "properties": {"rol": "seguidor", "id": "TK029", "tipo": "completo", "axis_azimuth": 0, "punto": "eje de unidad (no el motor)", "ncu": 4, "gw": 1, "axis_tilt": 0, "max_angle": 55, "backtrack": true, "gcr": 0.397, "cross_axis_tilt": 0}}, {"type": "Feature", "geometry": {"type": "Point", "coordinates": [-5.6019736, 42.3193634]}, "properties": {"rol": "seguidor", "id": "TK030", "tipo": "completo", "axis_azimuth": 0, "punto": "eje de unidad (no el motor)", "ncu": 4, "gw": 1, "axis_tilt": 0, "max_angle": 55, "backtrack": true, "gcr": 0.397, "cross_axis_tilt": 0}}, {"type": "Feature", "geometry": {"type": "Point", "coordinates": [-5.6018783, 42.3188184]}, "properties": {"rol": "seguidor", "id": "TK031", "tipo": "completo", "axis_azimuth": 0, "punto": "eje de unidad (no el motor)", "ncu": 4, "gw": 1, "axis_tilt": 0, "max_angle": 55, "backtrack": true, "gcr": 0.397, "cross_axis_tilt": 0}}, {"type": "Feature", "geometry": {"type": "Point", "coordinates": [-5.6018887, 42.3193653]}, "properties": {"rol": "seguidor", "id": "TK032", "tipo": "completo", "axis_azimuth": 0, "punto": "eje de unidad (no el motor)", "ncu": 4, "gw": 1, "axis_tilt": 0, "max_angle": 55, "backtrack": true, "gcr": 0.397, "cross_axis_tilt": 0}}, {"type": "Feature", "geometry": {"type": "Point", "coordinates": [-5.6017934, 42.3188203]}, "properties": {"rol": "seguidor", "id": "TK033", "tipo": "completo", "axis_azimuth": 0, "punto": "eje de unidad (no el motor)", "ncu": 4, "gw": 1, "axis_tilt": 0, "max_angle": 55, "backtrack": true, "gcr": 0.397, "cross_axis_tilt": 0}}, {"type": "Feature", "geometry": {"type": "Point", "coordinates": [-5.6018038, 42.3193672]}, "properties": {"rol": "seguidor", "id": "TK034", "tipo": "completo", "axis_azimuth": 0, "punto": "eje de unidad (no el motor)", "ncu": 4, "gw": 1, "axis_tilt": 0, "max_angle": 55, "backtrack": true, "gcr": 0.397, "cross_axis_tilt": 0}}, {"type": "Feature", "geometry": {"type": "Point", "coordinates": [-5.6017086, 42.3188222]}, "properties": {"rol": "seguidor", "id": "TK035", "tipo": "completo", "axis_azimuth": 0, "punto": "eje de unidad (no el motor)", "ncu": 4, "gw": 1, "axis_tilt": 0, "max_angle": 55, "backtrack": true, "gcr": 0.397, "cross_axis_tilt": 0}}, {"type": "Feature", "geometry": {"type": "Point", "coordinates": [-5.601719, 42.3193691]}, "properties": {"rol": "seguidor", "id": "TK036", "tipo": "completo", "axis_azimuth": 0, "punto": "eje de unidad (no el motor)", "ncu": 4, "gw": 1, "axis_tilt": 0, "max_angle": 55, "backtrack": true, "gcr": 0.397, "cross_axis_tilt": 0}}, {"type": "Feature", "geometry": {"type": "Point", "coordinates": [-5.6016237, 42.3188242]}, "properties": {"rol": "seguidor", "id": "TK037", "tipo": "completo", "axis_azimuth": 0, "punto": "eje de unidad (no el motor)", "ncu": 4, "gw": 1, "axis_tilt": 0, "max_angle": 55, "backtrack": true, "gcr": 0.397, "cross_axis_tilt": 0}}, {"type": "Feature", "geometry": {"type": "Point", "coordinates": [-5.6016341, 42.3193711]}, "properties": {"rol": "seguidor", "id": "TK038", "tipo": "completo", "axis_azimuth": 0, "punto": "eje de unidad (no el motor)", "ncu": 4, "gw": 1, "axis_tilt": 0, "max_angle": 55, "backtrack": true, "gcr": 0.397, "cross_axis_tilt": 0}}, {"type": "Feature", "geometry": {"type": "Point", "coordinates": [-5.6015388, 42.3188261]}, "properties": {"rol": "seguidor", "id": "TK039", "tipo": "completo", "axis_azimuth": 0, "punto": "eje de unidad (no el motor)", "ncu": 4, "gw": 1, "axis_tilt": 0, "max_angle": 55, "backtrack": true, "gcr": 0.397, "cross_axis_tilt": 0}}, {"type": "Feature", "geometry": {"type": "Point", "coordinates": [-5.6015492, 42.319373]}, "properties": {"rol": "seguidor", "id": "TK040", "tipo": "completo", "axis_azimuth": 0, "punto": "eje de unidad (no el motor)", "ncu": 4, "gw": 1, "axis_tilt": 0, "max_angle": 55, "backtrack": true, "gcr": 0.397, "cross_axis_tilt": 0}}, {"type": "Feature", "geometry": {"type": "Point", "coordinates": [-5.601454, 42.318828]}, "properties": {"rol": "seguidor", "id": "TK041", "tipo": "completo", "axis_azimuth": 0, "punto": "eje de unidad (no el motor)", "ncu": 4, "gw": 1, "axis_tilt": 0, "max_angle": 55, "backtrack": true, "gcr": 0.397, "cross_axis_tilt": 0}}, {"type": "Feature", "geometry": {"type": "Point", "coordinates": [-5.6014644, 42.3193749]}, "properties": {"rol": "seguidor", "id": "TK042", "tipo": "completo", "axis_azimuth": 0, "punto": "eje de unidad (no el motor)", "ncu": 4, "gw": 1, "axis_tilt": 0, "max_angle": 55, "backtrack": true, "gcr": 0.397, "cross_axis_tilt": 0}}, {"type": "Feature", "geometry": {"type": "Point", "coordinates": [-5.6013691, 42.3188299]}, "properties": {"rol": "seguidor", "id": "TK043", "tipo": "completo", "axis_azimuth": 0, "punto": "eje de unidad (no el motor)", "ncu": 4, "gw": 1, "axis_tilt": 0, "max_angle": 55, "backtrack": true, "gcr": 0.397, "cross_axis_tilt": 0}}, {"type": "Feature", "geometry": {"type": "Point", "coordinates": [-5.6013795, 42.3193769]}, "properties": {"rol": "seguidor", "id": "TK044", "tipo": "completo", "axis_azimuth": 0, "punto": "eje de unidad (no el motor)", "ncu": 4, "gw": 1, "axis_tilt": 0, "max_angle": 55, "backtrack": true, "gcr": 0.397, "cross_axis_tilt": 0}}, {"type": "Feature", "geometry": {"type": "Point", "coordinates": [-5.6012843, 42.3188319]}, "properties": {"rol": "seguidor", "id": "TK045", "tipo": "completo", "axis_azimuth": 0, "punto": "eje de unidad (no el motor)", "ncu": 4, "gw": 1, "axis_tilt": 0, "max_angle": 55, "backtrack": true, "gcr": 0.397, "cross_axis_tilt": 0}}, {"type": "Feature", "geometry": {"type": "Point", "coordinates": [-5.6012947, 42.3193788]}, "properties": {"rol": "seguidor", "id": "TK046", "tipo": "completo", "axis_azimuth": 0, "punto": "eje de unidad (no el motor)", "ncu": 4, "gw": 1, "axis_tilt": 0, "max_angle": 55, "backtrack": true, "gcr": 0.397, "cross_axis_tilt": 0}}, {"type": "Feature", "geometry": {"type": "Point", "coordinates": [-5.6011994, 42.3188338]}, "properties": {"rol": "seguidor", "id": "TK047", "tipo": "completo", "axis_azimuth": 0, "punto": "eje de unidad (no el motor)", "ncu": 4, "gw": 1, "axis_tilt": 0, "max_angle": 55, "backtrack": true, "gcr": 0.397, "cross_axis_tilt": 0}}, {"type": "Feature", "geometry": {"type": "Point", "coordinates": [-5.6012098, 42.3193807]}, "properties": {"rol": "seguidor", "id": "TK048", "tipo": "completo", "axis_azimuth": 0, "punto": "eje de unidad (no el motor)", "ncu": 4, "gw": 1, "axis_tilt": 0, "max_angle": 55, "backtrack": true, "gcr": 0.397, "cross_axis_tilt": 0}}, {"type": "Feature", "geometry": {"type": "Point", "coordinates": [-5.6011145, 42.3188357]}, "properties": {"rol": "seguidor", "id": "TK049", "tipo": "completo", "axis_azimuth": 0, "punto": "eje de unidad (no el motor)", "ncu": 4, "gw": 1, "axis_tilt": 0, "max_angle": 55, "backtrack": true, "gcr": 0.397, "cross_axis_tilt": 0}}, {"type": "Feature", "geometry": {"type": "Point", "coordinates": [-5.6011249, 42.3193826]}, "properties": {"rol": "seguidor", "id": "TK050", "tipo": "completo", "axis_azimuth": 0, "punto": "eje de unidad (no el motor)", "ncu": 4, "gw": 1, "axis_tilt": 0, "max_angle": 55, "backtrack": true, "gcr": 0.397, "cross_axis_tilt": 0}}, {"type": "Feature", "geometry": {"type": "Point", "coordinates": [-5.6010297, 42.3188376]}, "properties": {"rol": "seguidor", "id": "TK051", "tipo": "completo", "axis_azimuth": 0, "punto": "eje de unidad (no el motor)", "ncu": 4, "gw": 1, "axis_tilt": 0, "max_angle": 55, "backtrack": true, "gcr": 0.397, "cross_axis_tilt": 0}}, {"type": "Feature", "geometry": {"type": "Point", "coordinates": [-5.6010401, 42.3193846]}, "properties": {"rol": "seguidor", "id": "TK052", "tipo": "completo", "axis_azimuth": 0, "punto": "eje de unidad (no el motor)", "ncu": 4, "gw": 1, "axis_tilt": 0, "max_angle": 55, "backtrack": true, "gcr": 0.397, "cross_axis_tilt": 0}}, {"type": "Feature", "geometry": {"type": "Point", "coordinates": [-5.6009448, 42.3188396]}, "properties": {"rol": "seguidor", "id": "TK053", "tipo": "completo", "axis_azimuth": 0, "punto": "eje de unidad (no el motor)", "ncu": 4, "gw": 1, "axis_tilt": 0, "max_angle": 55, "backtrack": true, "gcr": 0.397, "cross_axis_tilt": 0}}, {"type": "Feature", "geometry": {"type": "Point", "coordinates": [-5.6009552, 42.3193865]}, "properties": {"rol": "seguidor", "id": "TK054", "tipo": "completo", "axis_azimuth": 0, "punto": "eje de unidad (no el motor)", "ncu": 4, "gw": 1, "axis_tilt": 0, "max_angle": 55, "backtrack": true, "gcr": 0.397, "cross_axis_tilt": 0}}, {"type": "Feature", "geometry": {"type": "Point", "coordinates": [-5.6008704, 42.3193884]}, "properties": {"rol": "seguidor", "id": "TK055", "tipo": "completo", "axis_azimuth": 0, "punto": "eje de unidad (no el motor)", "ncu": 4, "gw": 1, "axis_tilt": 0, "max_angle": 55, "backtrack": true, "gcr": 0.397, "cross_axis_tilt": 0}}, {"type": "Feature", "geometry": {"type": "Point", "coordinates": [-5.6007855, 42.3193903]}, "properties": {"rol": "seguidor", "id": "TK056", "tipo": "completo", "axis_azimuth": 0, "punto": "eje de unidad (no el motor)", "ncu": 4, "gw": 1, "axis_tilt": 0, "max_angle": 55, "backtrack": true, "gcr": 0.397, "cross_axis_tilt": 0}}, {"type": "Feature", "geometry": {"type": "Point", "coordinates": [-5.6007006, 42.3193923]}, "properties": {"rol": "seguidor", "id": "TK057", "tipo": "completo", "axis_azimuth": 0, "punto": "eje de unidad (no el motor)", "ncu": 4, "gw": 1, "axis_tilt": 0, "max_angle": 55, "backtrack": true, "gcr": 0.397, "cross_axis_tilt": 0}}, {"type": "Feature", "geometry": {"type": "Point", "coordinates": [-5.6006158, 42.3193942]}, "properties": {"rol": "seguidor", "id": "TK058", "tipo": "completo", "axis_azimuth": 0, "punto": "eje de unidad (no el motor)", "ncu": 4, "gw": 1, "axis_tilt": 0, "max_angle": 55, "backtrack": true, "gcr": 0.397, "cross_axis_tilt": 0}}, {"type": "Feature", "geometry": {"type": "Point", "coordinates": [-5.6005309, 42.3193961]}, "properties": {"rol": "seguidor", "id": "TK059", "tipo": "completo", "axis_azimuth": 0, "punto": "eje de unidad (no el motor)", "ncu": 4, "gw": 1, "axis_tilt": 0, "max_angle": 55, "backtrack": true, "gcr": 0.397, "cross_axis_tilt": 0}}, {"type": "Feature", "geometry": {"type": "Point", "coordinates": [-5.600446, 42.319398]}, "properties": {"rol": "seguidor", "id": "TK060", "tipo": "completo", "axis_azimuth": 0, "punto": "eje de unidad (no el motor)", "ncu": 4, "gw": 1, "axis_tilt": 0, "max_angle": 55, "backtrack": true, "gcr": 0.397, "cross_axis_tilt": 0}}, {"type": "Feature", "geometry": {"type": "Point", "coordinates": [-5.6003612, 42.3194]}, "properties": {"rol": "seguidor", "id": "TK061", "tipo": "completo", "axis_azimuth": 0, "punto": "eje de unidad (no el motor)", "ncu": 4, "gw": 1, "axis_tilt": 0, "max_angle": 55, "backtrack": true, "gcr": 0.397, "cross_axis_tilt": 0}}, {"type": "Feature", "geometry": {"type": "Point", "coordinates": [-5.6002763, 42.3194019]}, "properties": {"rol": "seguidor", "id": "TK062", "tipo": "completo", "axis_azimuth": 0, "punto": "eje de unidad (no el motor)", "ncu": 4, "gw": 1, "axis_tilt": 0, "max_angle": 55, "backtrack": true, "gcr": 0.397, "cross_axis_tilt": 0}}, {"type": "Feature", "geometry": {"type": "Point", "coordinates": [-5.6001915, 42.3194038]}, "properties": {"rol": "seguidor", "id": "TK063", "tipo": "completo", "axis_azimuth": 0, "punto": "eje de unidad (no el motor)", "ncu": 4, "gw": 1, "axis_tilt": 0, "max_angle": 55, "backtrack": true, "gcr": 0.397, "cross_axis_tilt": 0}}, {"type": "Feature", "geometry": {"type": "Point", "coordinates": [-5.6001066, 42.3194057]}, "properties": {"rol": "seguidor", "id": "TK064", "tipo": "completo", "axis_azimuth": 0, "punto": "eje de unidad (no el motor)", "ncu": 4, "gw": 1, "axis_tilt": 0, "max_angle": 55, "backtrack": true, "gcr": 0.397, "cross_axis_tilt": 0}}, {"type": "Feature", "geometry": {"type": "Point", "coordinates": [-5.6000217, 42.3194077]}, "properties": {"rol": "seguidor", "id": "TK065", "tipo": "completo", "axis_azimuth": 0, "punto": "eje de unidad (no el motor)", "ncu": 4, "gw": 1, "axis_tilt": 0, "max_angle": 55, "backtrack": true, "gcr": 0.397, "cross_axis_tilt": 0}}, {"type": "Feature", "geometry": {"type": "Point", "coordinates": [-5.5999369, 42.3194096]}, "properties": {"rol": "seguidor", "id": "TK066", "tipo": "completo", "axis_azimuth": 0, "punto": "eje de unidad (no el motor)", "ncu": 4, "gw": 1, "axis_tilt": 0, "max_angle": 55, "backtrack": true, "gcr": 0.397, "cross_axis_tilt": 0}}, {"type": "Feature", "geometry": {"type": "Point", "coordinates": [-5.599852, 42.3194115]}, "properties": {"rol": "seguidor", "id": "TK067", "tipo": "completo", "axis_azimuth": 0, "punto": "eje de unidad (no el motor)", "ncu": 4, "gw": 1, "axis_tilt": 0, "max_angle": 55, "backtrack": true, "gcr": 0.397, "cross_axis_tilt": 0}}, {"type": "Feature", "geometry": {"type": "Point", "coordinates": [-5.5997672, 42.3194134]}, "properties": {"rol": "seguidor", "id": "TK068", "tipo": "completo", "axis_azimuth": 0, "punto": "eje de unidad (no el motor)", "ncu": 4, "gw": 1, "axis_tilt": 0, "max_angle": 55, "backtrack": true, "gcr": 0.397, "cross_axis_tilt": 0}}, {"type": "Feature", "geometry": {"type": "Point", "coordinates": [-5.5996823, 42.3194154]}, "properties": {"rol": "seguidor", "id": "TK069", "tipo": "completo", "axis_azimuth": 0, "punto": "eje de unidad (no el motor)", "ncu": 4, "gw": 1, "axis_tilt": 0, "max_angle": 55, "backtrack": true, "gcr": 0.397, "cross_axis_tilt": 0}}, {"type": "Feature", "geometry": {"type": "Point", "coordinates": [-5.5995974, 42.3194173]}, "properties": {"rol": "seguidor", "id": "TK070", "tipo": "completo", "axis_azimuth": 0, "punto": "eje de unidad (no el motor)", "ncu": 4, "gw": 1, "axis_tilt": 0, "max_angle": 55, "backtrack": true, "gcr": 0.397, "cross_axis_tilt": 0}}, {"type": "Feature", "geometry": {"type": "Point", "coordinates": [-5.5995126, 42.3194192]}, "properties": {"rol": "seguidor", "id": "TK071", "tipo": "completo", "axis_azimuth": 0, "punto": "eje de unidad (no el motor)", "ncu": 4, "gw": 1, "axis_tilt": 0, "max_angle": 55, "backtrack": true, "gcr": 0.397, "cross_axis_tilt": 0}}, {"type": "Feature", "geometry": {"type": "Point", "coordinates": [-5.5994277, 42.3194211]}, "properties": {"rol": "seguidor", "id": "TK072", "tipo": "completo", "axis_azimuth": 0, "punto": "eje de unidad (no el motor)", "ncu": 4, "gw": 1, "axis_tilt": 0, "max_angle": 55, "backtrack": true, "gcr": 0.397, "cross_axis_tilt": 0}}, {"type": "Feature", "geometry": {"type": "Point", "coordinates": [-5.5978294, 42.3214209]}, "properties": {"rol": "NCU", "nombre": "NCU 1"}}, {"type": "Feature", "geometry": {"type": "Point", "coordinates": [-5.5976382, 42.3208466]}, "properties": {"rol": "NCU", "nombre": "NCU 2"}}, {"type": "Feature", "geometry": {"type": "Point", "coordinates": [-5.6016087, 42.3202119]}, "properties": {"rol": "NCU", "nombre": "NCU 3"}}, {"type": "Feature", "geometry": {"type": "Point", "coordinates": [-5.6016077, 42.3196482]}, "properties": {"rol": "NCU", "nombre": "NCU 4"}}, {"type": "Feature", "geometry": {"type": "Point", "coordinates": [-5.5998146, 42.3221638]}, "properties": {"rol": "HSU", "nombre": "HSU 1", "ncu": 1, "ncu_origen": "DERIVADO, no medido: NCU del seguidor más cercano (a 27 m; el de la 3, a 109 m, margen x3.98). Regla validada 24/24 contra fuentes independientes. Confirmar en campo", "gw": null, "gw_origen": null, "esclavo": null, "esclavo_origen": null}}, {"type": "Feature", "geometry": {"type": "Point", "coordinates": [-5.5975652, 42.3195867]}, "properties": {"rol": "HSU", "nombre": "HSU 2", "ncu": 2, "ncu_origen": "DERIVADO, no medido: NCU del seguidor más cercano (a 49 m; el de la 4, a 155 m, margen x3.17). Regla validada 24/24 contra fuentes independientes. Confirmar en campo", "gw": null, "gw_origen": null, "esclavo": null, "esclavo_origen": null}}, {"type": "Feature", "geometry": {"type": "Point", "coordinates": [-5.6030993, 42.3189467]}, "properties": {"rol": "HSU", "nombre": "HSU 3", "ncu": 4, "ncu_origen": "DERIVADO, no medido: NCU del seguidor más cercano (a 24 m; el de la 3, a 119 m, margen x5.00). Regla validada 24/24 contra fuentes independientes. Confirmar en campo", "gw": null, "gw_origen": null, "esclavo": null, "esclavo_origen": null}}]}