{"type": "FeatureCollection", "name": "sanjose", "crs_note": "EPSG:4326 (GeoJSON siempre en WGS84). El layout está en EPSG:32719", "generado_por": "tools/geojson_activo.py", "que_es": "La planta como ACTIVO: parcela, seguidores con su montaje, NCU, HSU y caminos. No confundir con <planta>_real.geojson, que es la malla de radio medida.", "montaje": {"tipo": "SingleAxisTrackerMount", "axis_tilt": 0, "axis_azimuth": 0, "max_angle": 55, "backtrack": true, "gcr": 0.3843, "cross_axis_tilt": 0, "module_height": null, "night_stow_deg": 5, "pitch": 6.198, "cuerda": 2.382, "modulos_en_vertical": 1}, "montaje_origen": {"pitch": "medido · mesa.pasoFila", "cuerda": "derivado · mesa.modH 2.382 × 1V del nombre del bloque", "gcr": "derivado · cuerda 2.382 / paso 6.198", "axis_azimuth": "canon · eje N-S (0), que es lo que mide el DWG", "tipo": "del layout · la planta es de seguidores", "axis_tilt": "canon · el eje se genera horizontal; el terreno se aplica aparte (bt3d)", "max_angle": "declarado por la casa · 55° en TODAS las plantas (2026-08-21). Coincide con el CANONICAL_MAX_ANGLE_DEG del core y con lo unico medido, la plantilla TCU de El Burgo", "backtrack": "canon · CANONICAL_BACKTRACK, y es lo que ejecutan las fichas", "cross_axis_tilt": "canon · 0, que es lo que pasa el JS a singleaxis", "module_height": "null · no se ha medido la altura del tubo en ninguna planta", "night_stow_deg": "canon · 5° al este, dato de proyecto", "modulos_en_vertical": "medido · del nombre del bloque del DWG"}, "features": [{"type": "Feature", "geometry": {"type": "Point", "coordinates": [-71.795493, -16.6033877]}, "properties": {"rol": "seguidor", "id": "TR-01_1-001", "tipo": "completo", "axis_azimuth": 0, "punto": "eje de unidad (no el motor)", "ncu": 1, "gw": 1, "axis_tilt": 0, "max_angle": 55, "backtrack": true, "gcr": 0.3843, "cross_axis_tilt": 0}}, {"type": "Feature", "geometry": {"type": "Point", "coordinates": [-71.795376, -16.6033261]}, "properties": {"rol": "seguidor", "id": "TR-01_1-002", "tipo": "completo", "axis_azimuth": 0, "punto": "eje de unidad (no el motor)", "ncu": 1, "gw": 1, "axis_tilt": 0, "max_angle": 55, "backtrack": true, "gcr": 0.3843, "cross_axis_tilt": 0}}, {"type": "Feature", "geometry": {"type": "Point", "coordinates": [-71.7952599, -16.6033277]}, "properties": {"rol": "seguidor", "id": "TR-01_1-003", "tipo": "completo", "axis_azimuth": 0, "punto": "eje de unidad (no el motor)", "ncu": 1, "gw": 1, "axis_tilt": 0, "max_angle": 55, "backtrack": true, "gcr": 0.3843, "cross_axis_tilt": 0}}, {"type": "Feature", "geometry": {"type": "Point", "coordinates": [-71.7951438, -16.6033292]}, "properties": {"rol": "seguidor", "id": "TR-01_1-004", "tipo": "completo", "axis_azimuth": 0, "punto": "eje de unidad (no el motor)", "ncu": 1, "gw": 1, "axis_tilt": 0, "max_angle": 55, "backtrack": true, "gcr": 0.3843, "cross_axis_tilt": 0}}, {"type": "Feature", "geometry": {"type": "Point", "coordinates": [-71.7950277, -16.6033308]}, "properties": {"rol": "seguidor", "id": "TR-01_1-005", "tipo": "completo", "axis_azimuth": 0, "punto": "eje de unidad (no el motor)", "ncu": 1, "gw": 1, "axis_tilt": 0, "max_angle": 55, "backtrack": true, "gcr": 0.3843, "cross_axis_tilt": 0}}, {"type": "Feature", "geometry": {"type": "Point", "coordinates": [-71.7949115, -16.6033323]}, "properties": {"rol": "seguidor", "id": "TR-01_1-006", "tipo": "completo", "axis_azimuth": 0, "punto": "eje de unidad (no el motor)", "ncu": 1, "gw": 1, "axis_tilt": 0, "max_angle": 55, "backtrack": true, "gcr": 0.3843, "cross_axis_tilt": 0}}, {"type": "Feature", "geometry": {"type": "Point", "coordinates": [-71.7947954, -16.6033339]}, "properties": {"rol": "seguidor", "id": "TR-01_1-007", "tipo": "completo", "axis_azimuth": 0, "punto": "eje de unidad (no el motor)", "ncu": 1, "gw": 1, "axis_tilt": 0, "max_angle": 55, "backtrack": true, "gcr": 0.3843, "cross_axis_tilt": 0}}, {"type": "Feature", "geometry": {"type": "Point", "coordinates": [-71.7946793, -16.6033355]}, "properties": {"rol": "seguidor", "id": "TR-01_1-008", "tipo": "completo", "axis_azimuth": 0, "punto": "eje de unidad (no el motor)", "ncu": 1, "gw": 1, "axis_tilt": 0, "max_angle": 55, "backtrack": true, "gcr": 0.3843, "cross_axis_tilt": 0}}, {"type": "Feature", "geometry": {"type": "Point", "coordinates": [-71.7955028, -16.6040658]}, "properties": {"rol": "seguidor", "id": "TR-01_1-009", "tipo": "completo", "axis_azimuth": 0, "punto": "eje de unidad (no el motor)", "ncu": 1, "gw": 1, "axis_tilt": 0, "max_angle": 55, "backtrack": true, "gcr": 0.3843, "cross_axis_tilt": 0}}, {"type": "Feature", "geometry": {"type": "Point", "coordinates": [-71.7953858, -16.6040042]}, "properties": {"rol": "seguidor", "id": "TR-01_1-010", "tipo": "completo", "axis_azimuth": 0, "punto": "eje de unidad (no el motor)", "ncu": 1, "gw": 1, "axis_tilt": 0, "max_angle": 55, "backtrack": true, "gcr": 0.3843, "cross_axis_tilt": 0}}, {"type": "Feature", "geometry": {"type": "Point", "coordinates": [-71.7952697, -16.6040057]}, "properties": {"rol": "seguidor", "id": "TR-01_1-011", "tipo": "completo", "axis_azimuth": 0, "punto": "eje de unidad (no el motor)", "ncu": 1, "gw": 1, "axis_tilt": 0, "max_angle": 55, "backtrack": true, "gcr": 0.3843, "cross_axis_tilt": 0}}, {"type": "Feature", "geometry": {"type": "Point", "coordinates": [-71.7951536, -16.6040073]}, "properties": {"rol": "seguidor", "id": "TR-01_1-012", "tipo": "completo", "axis_azimuth": 0, "punto": "eje de unidad (no el motor)", "ncu": 1, "gw": 1, "axis_tilt": 0, "max_angle": 55, "backtrack": true, "gcr": 0.3843, "cross_axis_tilt": 0}}, {"type": "Feature", "geometry": {"type": "Point", "coordinates": [-71.7950375, -16.6040089]}, "properties": {"rol": "seguidor", "id": "TR-01_1-013", "tipo": "completo", "axis_azimuth": 0, "punto": "eje de unidad (no el motor)", "ncu": 1, "gw": 1, "axis_tilt": 0, "max_angle": 55, "backtrack": true, "gcr": 0.3843, "cross_axis_tilt": 0}}, {"type": "Feature", "geometry": {"type": "Point", "coordinates": [-71.7949214, -16.6040104]}, "properties": {"rol": "seguidor", "id": "TR-01_1-014", "tipo": "completo", "axis_azimuth": 0, "punto": "eje de unidad (no el motor)", "ncu": 1, "gw": 1, "axis_tilt": 0, "max_angle": 55, "backtrack": true, "gcr": 0.3843, "cross_axis_tilt": 0}}, {"type": "Feature", "geometry": {"type": "Point", "coordinates": [-71.7948052, -16.604012]}, "properties": {"rol": "seguidor", "id": "TR-01_1-015", "tipo": "completo", "axis_azimuth": 0, "punto": "eje de unidad (no el motor)", "ncu": 1, "gw": 1, "axis_tilt": 0, "max_angle": 55, "backtrack": true, "gcr": 0.3843, "cross_axis_tilt": 0}}, {"type": "Feature", "geometry": {"type": "Point", "coordinates": [-71.7946891, -16.6040135]}, "properties": {"rol": "seguidor", "id": "TR-01_1-016", "tipo": "completo", "axis_azimuth": 0, "punto": "eje de unidad (no el motor)", "ncu": 1, "gw": 1, "axis_tilt": 0, "max_angle": 55, "backtrack": true, "gcr": 0.3843, "cross_axis_tilt": 0}}, {"type": "Feature", "geometry": {"type": "Point", "coordinates": [-71.794573, -16.6040151]}, "properties": {"rol": "seguidor", "id": "TR-01_1-017", "tipo": "completo", "axis_azimuth": 0, "punto": "eje de unidad (no el motor)", "ncu": 1, "gw": 1, "axis_tilt": 0, "max_angle": 55, "backtrack": true, "gcr": 0.3843, "cross_axis_tilt": 0}}, {"type": "Feature", "geometry": {"type": "Point", "coordinates": [-71.7944569, -16.6040167]}, "properties": {"rol": "seguidor", "id": "TR-01_1-018", "tipo": "completo", "axis_azimuth": 0, "punto": "eje de unidad (no el motor)", "ncu": 1, "gw": 1, "axis_tilt": 0, "max_angle": 55, "backtrack": true, "gcr": 0.3843, "cross_axis_tilt": 0}}, {"type": "Feature", "geometry": {"type": "Point", "coordinates": [-71.7955126, -16.6047439]}, "properties": {"rol": "seguidor", "id": "TR-01_1-019", "tipo": "completo", "axis_azimuth": 0, "punto": "eje de unidad (no el motor)", "ncu": 1, "gw": 1, "axis_tilt": 0, "max_angle": 55, "backtrack": true, "gcr": 0.3843, "cross_axis_tilt": 0}}, {"type": "Feature", "geometry": {"type": "Point", "coordinates": [-71.7953956, -16.6046823]}, "properties": {"rol": "seguidor", "id": "TR-01_1-020", "tipo": "completo", "axis_azimuth": 0, "punto": "eje de unidad (no el motor)", "ncu": 1, "gw": 1, "axis_tilt": 0, "max_angle": 55, "backtrack": true, "gcr": 0.3843, "cross_axis_tilt": 0}}, {"type": "Feature", "geometry": {"type": "Point", "coordinates": [-71.7952795, -16.6046838]}, "properties": {"rol": "seguidor", "id": "TR-01_1-021", "tipo": "completo", "axis_azimuth": 0, "punto": "eje de unidad (no el motor)", "ncu": 1, "gw": 1, "axis_tilt": 0, "max_angle": 55, "backtrack": true, "gcr": 0.3843, "cross_axis_tilt": 0}}, {"type": "Feature", "geometry": {"type": "Point", "coordinates": [-71.7951634, -16.6046854]}, "properties": {"rol": "seguidor", "id": "TR-01_1-022", "tipo": "completo", "axis_azimuth": 0, "punto": "eje de unidad (no el motor)", "ncu": 1, "gw": 1, "axis_tilt": 0, "max_angle": 55, "backtrack": true, "gcr": 0.3843, "cross_axis_tilt": 0}}, {"type": "Feature", "geometry": {"type": "Point", "coordinates": [-71.7950473, -16.6046869]}, "properties": {"rol": "seguidor", "id": "TR-01_1-023", "tipo": "completo", "axis_azimuth": 0, "punto": "eje de unidad (no el motor)", "ncu": 1, "gw": 1, "axis_tilt": 0, "max_angle": 55, "backtrack": true, "gcr": 0.3843, "cross_axis_tilt": 0}}, {"type": "Feature", "geometry": {"type": "Point", "coordinates": [-71.7949312, -16.6046885]}, "properties": {"rol": "seguidor", "id": "TR-01_1-024", "tipo": "completo", "axis_azimuth": 0, "punto": "eje de unidad (no el motor)", "ncu": 1, "gw": 1, "axis_tilt": 0, "max_angle": 55, "backtrack": true, "gcr": 0.3843, "cross_axis_tilt": 0}}, {"type": "Feature", "geometry": {"type": "Point", "coordinates": [-71.794815, -16.6046901]}, "properties": {"rol": "seguidor", "id": "TR-01_1-025", "tipo": "completo", "axis_azimuth": 0, "punto": "eje de unidad (no el motor)", "ncu": 1, "gw": 1, "axis_tilt": 0, "max_angle": 55, "backtrack": true, "gcr": 0.3843, "cross_axis_tilt": 0}}, {"type": "Feature", "geometry": {"type": "Point", "coordinates": [-71.7946989, -16.6046916]}, "properties": {"rol": "seguidor", "id": "TR-01_1-026", "tipo": "completo", "axis_azimuth": 0, "punto": "eje de unidad (no el motor)", "ncu": 1, "gw": 1, "axis_tilt": 0, "max_angle": 55, "backtrack": true, "gcr": 0.3843, "cross_axis_tilt": 0}}, {"type": "Feature", "geometry": {"type": "Point", "coordinates": [-71.7945828, -16.6046932]}, "properties": {"rol": "seguidor", "id": "TR-01_1-027", "tipo": "completo", "axis_azimuth": 0, "punto": "eje de unidad (no el motor)", "ncu": 1, "gw": 1, "axis_tilt": 0, "max_angle": 55, "backtrack": true, "gcr": 0.3843, "cross_axis_tilt": 0}}, {"type": "Feature", "geometry": {"type": "Point", "coordinates": [-71.7944667, -16.6046948]}, "properties": {"rol": "seguidor", "id": "TR-01_1-028", "tipo": "completo", "axis_azimuth": 0, "punto": "eje de unidad (no el motor)", "ncu": 1, "gw": 1, "axis_tilt": 0, "max_angle": 55, "backtrack": true, "gcr": 0.3843, "cross_axis_tilt": 0}}, {"type": "Feature", "geometry": {"type": "Point", "coordinates": [-71.7943466, -16.6044218]}, "properties": {"rol": "seguidor", "id": "TR-01_1-029", "tipo": "completo", "axis_azimuth": 0, "punto": "eje de unidad (no el motor)", "ncu": 1, "gw": 1, "axis_tilt": 0, "max_angle": 55, "backtrack": true, "gcr": 0.3843, "cross_axis_tilt": 0}}, {"type": "Feature", "geometry": {"type": "Point", "coordinates": [-71.7942305, -16.6044234]}, "properties": {"rol": "seguidor", "id": "TR-01_1-030", "tipo": "completo", "axis_azimuth": 0, "punto": "eje de unidad (no el motor)", "ncu": 1, "gw": 1, "axis_tilt": 0, "max_angle": 55, "backtrack": true, "gcr": 0.3843, "cross_axis_tilt": 0}}, {"type": "Feature", "geometry": {"type": "Point", "coordinates": [-71.7941144, -16.604425]}, "properties": {"rol": "seguidor", "id": "TR-01_1-031", "tipo": "completo", "axis_azimuth": 0, "punto": "eje de unidad (no el motor)", "ncu": 1, "gw": 1, "axis_tilt": 0, "max_angle": 55, "backtrack": true, "gcr": 0.3843, "cross_axis_tilt": 0}}, {"type": "Feature", "geometry": {"type": "Point", "coordinates": [-71.7939983, -16.6044265]}, "properties": {"rol": "seguidor", "id": "TR-01_1-032", "tipo": "completo", "axis_azimuth": 0, "punto": "eje de unidad (no el motor)", "ncu": 1, "gw": 1, "axis_tilt": 0, "max_angle": 55, "backtrack": true, "gcr": 0.3843, "cross_axis_tilt": 0}}, {"type": "Feature", "geometry": {"type": "Point", "coordinates": [-71.7938822, -16.6044281]}, "properties": {"rol": "seguidor", "id": "TR-01_1-033", "tipo": "completo", "axis_azimuth": 0, "punto": "eje de unidad (no el motor)", "ncu": 1, "gw": 1, "axis_tilt": 0, "max_angle": 55, "backtrack": true, "gcr": 0.3843, "cross_axis_tilt": 0}}, {"type": "Feature", "geometry": {"type": "Point", "coordinates": [-71.7937661, -16.6044296]}, "properties": {"rol": "seguidor", "id": "TR-01_1-034", "tipo": "completo", "axis_azimuth": 0, "punto": "eje de unidad (no el motor)", "ncu": 1, "gw": 1, "axis_tilt": 0, "max_angle": 55, "backtrack": true, "gcr": 0.3843, "cross_axis_tilt": 0}}, {"type": "Feature", "geometry": {"type": "Point", "coordinates": [-71.7936499, -16.6044312]}, "properties": {"rol": "seguidor", "id": "TR-01_1-035", "tipo": "completo", "axis_azimuth": 0, "punto": "eje de unidad (no el motor)", "ncu": 1, "gw": 1, "axis_tilt": 0, "max_angle": 55, "backtrack": true, "gcr": 0.3843, "cross_axis_tilt": 0}}, {"type": "Feature", "geometry": {"type": "Point", "coordinates": [-71.7935338, -16.6044328]}, "properties": {"rol": "seguidor", "id": "TR-01_1-036", "tipo": "completo", "axis_azimuth": 0, "punto": "eje de unidad (no el motor)", "ncu": 1, "gw": 1, "axis_tilt": 0, "max_angle": 55, "backtrack": true, "gcr": 0.3843, "cross_axis_tilt": 0}}, {"type": "Feature", "geometry": {"type": "Point", "coordinates": [-71.7934177, -16.6044343]}, "properties": {"rol": "seguidor", "id": "TR-01_1-037", "tipo": "completo", "axis_azimuth": 0, "punto": "eje de unidad (no el motor)", "ncu": 1, "gw": 1, "axis_tilt": 0, "max_angle": 55, "backtrack": true, "gcr": 0.3843, "cross_axis_tilt": 0}}, {"type": "Feature", "geometry": {"type": "Point", "coordinates": [-71.7933016, -16.6044359]}, "properties": {"rol": "seguidor", "id": "TR-01_1-038", "tipo": "completo", "axis_azimuth": 0, "punto": "eje de unidad (no el motor)", "ncu": 1, "gw": 1, "axis_tilt": 0, "max_angle": 55, "backtrack": true, "gcr": 0.3843, "cross_axis_tilt": 0}}, {"type": "Feature", "geometry": {"type": "Point", "coordinates": [-71.7931864, -16.6044374]}, "properties": {"rol": "seguidor", "id": "TR-01_1-039", "tipo": "completo", "axis_azimuth": 0, "punto": "eje de unidad (no el motor)", "ncu": 1, "gw": 1, "axis_tilt": 0, "max_angle": 55, "backtrack": true, "gcr": 0.3843, "cross_axis_tilt": 0}}, {"type": "Feature", "geometry": {"type": "Point", "coordinates": [-71.7930703, -16.604439]}, "properties": {"rol": "seguidor", "id": "TR-01_1-040", "tipo": "completo", "axis_azimuth": 0, "punto": "eje de unidad (no el motor)", "ncu": 1, "gw": 1, "axis_tilt": 0, "max_angle": 55, "backtrack": true, "gcr": 0.3843, "cross_axis_tilt": 0}}, {"type": "Feature", "geometry": {"type": "Point", "coordinates": [-71.7929542, -16.6044406]}, "properties": {"rol": "seguidor", "id": "TR-01_1-041", "tipo": "completo", "axis_azimuth": 0, "punto": "eje de unidad (no el motor)", "ncu": 1, "gw": 1, "axis_tilt": 0, "max_angle": 55, "backtrack": true, "gcr": 0.3843, "cross_axis_tilt": 0}}, {"type": "Feature", "geometry": {"type": "Point", "coordinates": [-71.7955225, -16.605422]}, "properties": {"rol": "seguidor", "id": "TR-01_1-042", "tipo": "completo", "axis_azimuth": 0, "punto": "eje de unidad (no el motor)", "ncu": 1, "gw": 1, "axis_tilt": 0, "max_angle": 55, "backtrack": true, "gcr": 0.3843, "cross_axis_tilt": 0}}, {"type": "Feature", "geometry": {"type": "Point", "coordinates": [-71.7954054, -16.6053603]}, "properties": {"rol": "seguidor", "id": "TR-01_1-043", "tipo": "completo", "axis_azimuth": 0, "punto": "eje de unidad (no el motor)", "ncu": 1, "gw": 1, "axis_tilt": 0, "max_angle": 55, "backtrack": true, "gcr": 0.3843, "cross_axis_tilt": 0}}, {"type": "Feature", "geometry": {"type": "Point", "coordinates": [-71.7952893, -16.6053619]}, "properties": {"rol": "seguidor", "id": "TR-01_1-044", "tipo": "completo", "axis_azimuth": 0, "punto": "eje de unidad (no el motor)", "ncu": 1, "gw": 1, "axis_tilt": 0, "max_angle": 55, "backtrack": true, "gcr": 0.3843, "cross_axis_tilt": 0}}, {"type": "Feature", "geometry": {"type": "Point", "coordinates": [-71.7951732, -16.6053635]}, "properties": {"rol": "seguidor", "id": "TR-01_1-045", "tipo": "completo", "axis_azimuth": 0, "punto": "eje de unidad (no el motor)", "ncu": 1, "gw": 1, "axis_tilt": 0, "max_angle": 55, "backtrack": true, "gcr": 0.3843, "cross_axis_tilt": 0}}, {"type": "Feature", "geometry": {"type": "Point", "coordinates": [-71.7950571, -16.605365]}, "properties": {"rol": "seguidor", "id": "TR-01_1-046", "tipo": "completo", "axis_azimuth": 0, "punto": "eje de unidad (no el motor)", "ncu": 1, "gw": 1, "axis_tilt": 0, "max_angle": 55, "backtrack": true, "gcr": 0.3843, "cross_axis_tilt": 0}}, {"type": "Feature", "geometry": {"type": "Point", "coordinates": [-71.794941, -16.6053666]}, "properties": {"rol": "seguidor", "id": "TR-01_1-047", "tipo": "completo", "axis_azimuth": 0, "punto": "eje de unidad (no el motor)", "ncu": 1, "gw": 1, "axis_tilt": 0, "max_angle": 55, "backtrack": true, "gcr": 0.3843, "cross_axis_tilt": 0}}, {"type": "Feature", "geometry": {"type": "Point", "coordinates": [-71.7948249, -16.6053682]}, "properties": {"rol": "seguidor", "id": "TR-01_1-048", "tipo": "completo", "axis_azimuth": 0, "punto": "eje de unidad (no el motor)", "ncu": 1, "gw": 1, "axis_tilt": 0, "max_angle": 55, "backtrack": true, "gcr": 0.3843, "cross_axis_tilt": 0}}, {"type": "Feature", "geometry": {"type": "Point", "coordinates": [-71.7947087, -16.6053697]}, "properties": {"rol": "seguidor", "id": "TR-01_1-049", "tipo": "completo", "axis_azimuth": 0, "punto": "eje de unidad (no el motor)", "ncu": 1, "gw": 1, "axis_tilt": 0, "max_angle": 55, "backtrack": true, "gcr": 0.3843, "cross_axis_tilt": 0}}, {"type": "Feature", "geometry": {"type": "Point", "coordinates": [-71.7945926, -16.6053713]}, "properties": {"rol": "seguidor", "id": "TR-01_1-050", "tipo": "completo", "axis_azimuth": 0, "punto": "eje de unidad (no el motor)", "ncu": 1, "gw": 1, "axis_tilt": 0, "max_angle": 55, "backtrack": true, "gcr": 0.3843, "cross_axis_tilt": 0}}, {"type": "Feature", "geometry": {"type": "Point", "coordinates": [-71.7944765, -16.6053728]}, "properties": {"rol": "seguidor", "id": "TR-01_1-051", "tipo": "completo", "axis_azimuth": 0, "punto": "eje de unidad (no el motor)", "ncu": 1, "gw": 1, "axis_tilt": 0, "max_angle": 55, "backtrack": true, "gcr": 0.3843, "cross_axis_tilt": 0}}, {"type": "Feature", "geometry": {"type": "Point", "coordinates": [-71.7943564, -16.6050999]}, "properties": {"rol": "seguidor", "id": "TR-01_1-052", "tipo": "completo", "axis_azimuth": 0, "punto": "eje de unidad (no el motor)", "ncu": 1, "gw": 1, "axis_tilt": 0, "max_angle": 55, "backtrack": true, "gcr": 0.3843, "cross_axis_tilt": 0}}, {"type": "Feature", "geometry": {"type": "Point", "coordinates": [-71.7942403, -16.6051015]}, "properties": {"rol": "seguidor", "id": "TR-01_1-053", "tipo": "completo", "axis_azimuth": 0, "punto": "eje de unidad (no el motor)", "ncu": 1, "gw": 1, "axis_tilt": 0, "max_angle": 55, "backtrack": true, "gcr": 0.3843, "cross_axis_tilt": 0}}, {"type": "Feature", "geometry": {"type": "Point", "coordinates": [-71.7941242, -16.605103]}, "properties": {"rol": "seguidor", "id": "TR-01_1-054", "tipo": "completo", "axis_azimuth": 0, "punto": "eje de unidad (no el motor)", "ncu": 1, "gw": 1, "axis_tilt": 0, "max_angle": 55, "backtrack": true, "gcr": 0.3843, "cross_axis_tilt": 0}}, {"type": "Feature", "geometry": {"type": "Point", "coordinates": [-71.7940081, -16.6051046]}, "properties": {"rol": "seguidor", "id": "TR-01_1-055", "tipo": "completo", "axis_azimuth": 0, "punto": "eje de unidad (no el motor)", "ncu": 1, "gw": 1, "axis_tilt": 0, "max_angle": 55, "backtrack": true, "gcr": 0.3843, "cross_axis_tilt": 0}}, {"type": "Feature", "geometry": {"type": "Point", "coordinates": [-71.793892, -16.6051062]}, "properties": {"rol": "seguidor", "id": "TR-01_1-056", "tipo": "completo", "axis_azimuth": 0, "punto": "eje de unidad (no el motor)", "ncu": 1, "gw": 1, "axis_tilt": 0, "max_angle": 55, "backtrack": true, "gcr": 0.3843, "cross_axis_tilt": 0}}, {"type": "Feature", "geometry": {"type": "Point", "coordinates": [-71.7937759, -16.6051077]}, "properties": {"rol": "seguidor", "id": "TR-01_1-057", "tipo": "completo", "axis_azimuth": 0, "punto": "eje de unidad (no el motor)", "ncu": 1, "gw": 1, "axis_tilt": 0, "max_angle": 55, "backtrack": true, "gcr": 0.3843, "cross_axis_tilt": 0}}, {"type": "Feature", "geometry": {"type": "Point", "coordinates": [-71.7936597, -16.6051093]}, "properties": {"rol": "seguidor", "id": "TR-01_1-058", "tipo": "completo", "axis_azimuth": 0, "punto": "eje de unidad (no el motor)", "ncu": 1, "gw": 1, "axis_tilt": 0, "max_angle": 55, "backtrack": true, "gcr": 0.3843, "cross_axis_tilt": 0}}, {"type": "Feature", "geometry": {"type": "Point", "coordinates": [-71.7935436, -16.6051108]}, "properties": {"rol": "seguidor", "id": "TR-01_1-059", "tipo": "completo", "axis_azimuth": 0, "punto": "eje de unidad (no el motor)", "ncu": 1, "gw": 1, "axis_tilt": 0, "max_angle": 55, "backtrack": true, "gcr": 0.3843, "cross_axis_tilt": 0}}, {"type": "Feature", "geometry": {"type": "Point", "coordinates": [-71.7934275, -16.6051124]}, "properties": {"rol": "seguidor", "id": "TR-01_1-060", "tipo": "completo", "axis_azimuth": 0, "punto": "eje de unidad (no el motor)", "ncu": 1, "gw": 1, "axis_tilt": 0, "max_angle": 55, "backtrack": true, "gcr": 0.3843, "cross_axis_tilt": 0}}, {"type": "Feature", "geometry": {"type": "Point", "coordinates": [-71.7933114, -16.605114]}, "properties": {"rol": "seguidor", "id": "TR-01_1-061", "tipo": "completo", "axis_azimuth": 0, "punto": "eje de unidad (no el motor)", "ncu": 1, "gw": 1, "axis_tilt": 0, "max_angle": 55, "backtrack": true, "gcr": 0.3843, "cross_axis_tilt": 0}}, {"type": "Feature", "geometry": {"type": "Point", "coordinates": [-71.7931962, -16.6051155]}, "properties": {"rol": "seguidor", "id": "TR-01_1-062", "tipo": "completo", "axis_azimuth": 0, "punto": "eje de unidad (no el motor)", "ncu": 1, "gw": 1, "axis_tilt": 0, "max_angle": 55, "backtrack": true, "gcr": 0.3843, "cross_axis_tilt": 0}}, {"type": "Feature", "geometry": {"type": "Point", "coordinates": [-71.7930801, -16.6051171]}, "properties": {"rol": "seguidor", "id": "TR-01_1-063", "tipo": "completo", "axis_azimuth": 0, "punto": "eje de unidad (no el motor)", "ncu": 1, "gw": 1, "axis_tilt": 0, "max_angle": 55, "backtrack": true, "gcr": 0.3843, "cross_axis_tilt": 0}}, {"type": "Feature", "geometry": {"type": "Point", "coordinates": [-71.792964, -16.6051186]}, "properties": {"rol": "seguidor", "id": "TR-01_1-064", "tipo": "completo", "axis_azimuth": 0, "punto": "eje de unidad (no el motor)", "ncu": 1, "gw": 1, "axis_tilt": 0, "max_angle": 55, "backtrack": true, "gcr": 0.3843, "cross_axis_tilt": 0}}, {"type": "Feature", "geometry": {"type": "Point", "coordinates": [-71.7928479, -16.6051202]}, "properties": {"rol": "seguidor", "id": "TR-01_1-065", "tipo": "completo", "axis_azimuth": 0, "punto": "eje de unidad (no el motor)", "ncu": 1, "gw": 1, "axis_tilt": 0, "max_angle": 55, "backtrack": true, "gcr": 0.3843, "cross_axis_tilt": 0}}, {"type": "Feature", "geometry": {"type": "Point", "coordinates": [-71.7927318, -16.6051218]}, "properties": {"rol": "seguidor", "id": "TR-01_1-066", "tipo": "completo", "axis_azimuth": 0, "punto": "eje de unidad (no el motor)", "ncu": 1, "gw": 1, "axis_tilt": 0, "max_angle": 55, "backtrack": true, "gcr": 0.3843, "cross_axis_tilt": 0}}, {"type": "Feature", "geometry": {"type": "Point", "coordinates": [-71.7926157, -16.6051233]}, "properties": {"rol": "seguidor", "id": "TR-01_1-067", "tipo": "completo", "axis_azimuth": 0, "punto": "eje de unidad (no el motor)", "ncu": 1, "gw": 1, "axis_tilt": 0, "max_angle": 55, "backtrack": true, "gcr": 0.3843, "cross_axis_tilt": 0}}, {"type": "Feature", "geometry": {"type": "Point", "coordinates": [-71.7924995, -16.6051249]}, "properties": {"rol": "seguidor", "id": "TR-01_1-068", "tipo": "completo", "axis_azimuth": 0, "punto": "eje de unidad (no el motor)", "ncu": 1, "gw": 1, "axis_tilt": 0, "max_angle": 55, "backtrack": true, "gcr": 0.3843, "cross_axis_tilt": 0}}, {"type": "Feature", "geometry": {"type": "Point", "coordinates": [-71.7939018, -16.6057842]}, "properties": {"rol": "seguidor", "id": "TR-01_1-069", "tipo": "completo", "axis_azimuth": 0, "punto": "eje de unidad (no el motor)", "ncu": 1, "gw": 2, "axis_tilt": 0, "max_angle": 55, "backtrack": true, "gcr": 0.3843, "cross_axis_tilt": 0}}, {"type": "Feature", "geometry": {"type": "Point", "coordinates": [-71.7937857, -16.6057858]}, "properties": {"rol": "seguidor", "id": "TR-01_1-070", "tipo": "completo", "axis_azimuth": 0, "punto": "eje de unidad (no el motor)", "ncu": 1, "gw": 2, "axis_tilt": 0, "max_angle": 55, "backtrack": true, "gcr": 0.3843, "cross_axis_tilt": 0}}, {"type": "Feature", "geometry": {"type": "Point", "coordinates": [-71.7936696, -16.6057874]}, "properties": {"rol": "seguidor", "id": "TR-01_1-071", "tipo": "completo", "axis_azimuth": 0, "punto": "eje de unidad (no el motor)", "ncu": 1, "gw": 2, "axis_tilt": 0, "max_angle": 55, "backtrack": true, "gcr": 0.3843, "cross_axis_tilt": 0}}, {"type": "Feature", "geometry": {"type": "Point", "coordinates": [-71.7935534, -16.6057889]}, "properties": {"rol": "seguidor", "id": "TR-01_1-072", "tipo": "completo", "axis_azimuth": 0, "punto": "eje de unidad (no el motor)", "ncu": 1, "gw": 2, "axis_tilt": 0, "max_angle": 55, "backtrack": true, "gcr": 0.3843, "cross_axis_tilt": 0}}, {"type": "Feature", "geometry": {"type": "Point", "coordinates": [-71.7934373, -16.6057905]}, "properties": {"rol": "seguidor", "id": "TR-01_1-073", "tipo": "completo", "axis_azimuth": 0, "punto": "eje de unidad (no el motor)", "ncu": 1, "gw": 2, "axis_tilt": 0, "max_angle": 55, "backtrack": true, "gcr": 0.3843, "cross_axis_tilt": 0}}, {"type": "Feature", "geometry": {"type": "Point", "coordinates": [-71.7933212, -16.6057921]}, "properties": {"rol": "seguidor", "id": "TR-01_1-074", "tipo": "completo", "axis_azimuth": 0, "punto": "eje de unidad (no el motor)", "ncu": 1, "gw": 2, "axis_tilt": 0, "max_angle": 55, "backtrack": true, "gcr": 0.3843, "cross_axis_tilt": 0}}, {"type": "Feature", "geometry": {"type": "Point", "coordinates": [-71.793206, -16.6057936]}, "properties": {"rol": "seguidor", "id": "TR-01_1-075", "tipo": "completo", "axis_azimuth": 0, "punto": "eje de unidad (no el motor)", "ncu": 1, "gw": 2, "axis_tilt": 0, "max_angle": 55, "backtrack": true, "gcr": 0.3843, "cross_axis_tilt": 0}}, {"type": "Feature", "geometry": {"type": "Point", "coordinates": [-71.7930899, -16.6057952]}, "properties": {"rol": "seguidor", "id": "TR-01_1-076", "tipo": "completo", "axis_azimuth": 0, "punto": "eje de unidad (no el motor)", "ncu": 1, "gw": 2, "axis_tilt": 0, "max_angle": 55, "backtrack": true, "gcr": 0.3843, "cross_axis_tilt": 0}}, {"type": "Feature", "geometry": {"type": "Point", "coordinates": [-71.7929738, -16.6057967]}, "properties": {"rol": "seguidor", "id": "TR-01_1-077", "tipo": "completo", "axis_azimuth": 0, "punto": "eje de unidad (no el motor)", "ncu": 1, "gw": 2, "axis_tilt": 0, "max_angle": 55, "backtrack": true, "gcr": 0.3843, "cross_axis_tilt": 0}}, {"type": "Feature", "geometry": {"type": "Point", "coordinates": [-71.7928577, -16.6057983]}, "properties": {"rol": "seguidor", "id": "TR-01_1-078", "tipo": "completo", "axis_azimuth": 0, "punto": "eje de unidad (no el motor)", "ncu": 1, "gw": 2, "axis_tilt": 0, "max_angle": 55, "backtrack": true, "gcr": 0.3843, "cross_axis_tilt": 0}}, {"type": "Feature", "geometry": {"type": "Point", "coordinates": [-71.7927416, -16.6057998]}, "properties": {"rol": "seguidor", "id": "TR-01_1-079", "tipo": "completo", "axis_azimuth": 0, "punto": "eje de unidad (no el motor)", "ncu": 1, "gw": 2, "axis_tilt": 0, "max_angle": 55, "backtrack": true, "gcr": 0.3843, "cross_axis_tilt": 0}}, {"type": "Feature", "geometry": {"type": "Point", "coordinates": [-71.7926255, -16.6058014]}, "properties": {"rol": "seguidor", "id": "TR-01_1-080", "tipo": "completo", "axis_azimuth": 0, "punto": "eje de unidad (no el motor)", "ncu": 1, "gw": 2, "axis_tilt": 0, "max_angle": 55, "backtrack": true, "gcr": 0.3843, "cross_axis_tilt": 0}}, {"type": "Feature", "geometry": {"type": "Point", "coordinates": [-71.7925093, -16.605803]}, "properties": {"rol": "seguidor", "id": "TR-01_1-081", "tipo": "completo", "axis_azimuth": 0, "punto": "eje de unidad (no el motor)", "ncu": 1, "gw": 2, "axis_tilt": 0, "max_angle": 55, "backtrack": true, "gcr": 0.3843, "cross_axis_tilt": 0}}, {"type": "Feature", "geometry": {"type": "Point", "coordinates": [-71.7939823, -16.6065598]}, "properties": {"rol": "seguidor", "id": "TR-01_1-082", "tipo": "completo", "axis_azimuth": 0, "punto": "eje de unidad (no el motor)", "ncu": 1, "gw": 2, "axis_tilt": 0, "max_angle": 55, "backtrack": true, "gcr": 0.3843, "cross_axis_tilt": 0}}, {"type": "Feature", "geometry": {"type": "Point", "coordinates": [-71.7938662, -16.6065614]}, "properties": {"rol": "seguidor", "id": "TR-01_1-083", "tipo": "completo", "axis_azimuth": 0, "punto": "eje de unidad (no el motor)", "ncu": 1, "gw": 2, "axis_tilt": 0, "max_angle": 55, "backtrack": true, "gcr": 0.3843, "cross_axis_tilt": 0}}, {"type": "Feature", "geometry": {"type": "Point", "coordinates": [-71.7937501, -16.6065629]}, "properties": {"rol": "seguidor", "id": "TR-01_1-084", "tipo": "completo", "axis_azimuth": 0, "punto": "eje de unidad (no el motor)", "ncu": 1, "gw": 2, "axis_tilt": 0, "max_angle": 55, "backtrack": true, "gcr": 0.3843, "cross_axis_tilt": 0}}, {"type": "Feature", "geometry": {"type": "Point", "coordinates": [-71.793634, -16.6065645]}, "properties": {"rol": "seguidor", "id": "TR-01_1-085", "tipo": "completo", "axis_azimuth": 0, "punto": "eje de unidad (no el motor)", "ncu": 1, "gw": 2, "axis_tilt": 0, "max_angle": 55, "backtrack": true, "gcr": 0.3843, "cross_axis_tilt": 0}}, {"type": "Feature", "geometry": {"type": "Point", "coordinates": [-71.7935178, -16.6065661]}, "properties": {"rol": "seguidor", "id": "TR-01_1-086", "tipo": "completo", "axis_azimuth": 0, "punto": "eje de unidad (no el motor)", "ncu": 1, "gw": 2, "axis_tilt": 0, "max_angle": 55, "backtrack": true, "gcr": 0.3843, "cross_axis_tilt": 0}}, {"type": "Feature", "geometry": {"type": "Point", "coordinates": [-71.7934017, -16.6065676]}, "properties": {"rol": "seguidor", "id": "TR-01_1-087", "tipo": "completo", "axis_azimuth": 0, "punto": "eje de unidad (no el motor)", "ncu": 1, "gw": 2, "axis_tilt": 0, "max_angle": 55, "backtrack": true, "gcr": 0.3843, "cross_axis_tilt": 0}}, {"type": "Feature", "geometry": {"type": "Point", "coordinates": [-71.7932856, -16.6065692]}, "properties": {"rol": "seguidor", "id": "TR-01_1-088", "tipo": "completo", "axis_azimuth": 0, "punto": "eje de unidad (no el motor)", "ncu": 1, "gw": 2, "axis_tilt": 0, "max_angle": 55, "backtrack": true, "gcr": 0.3843, "cross_axis_tilt": 0}}, {"type": "Feature", "geometry": {"type": "Point", "coordinates": [-71.7931704, -16.6065707]}, "properties": {"rol": "seguidor", "id": "TR-01_1-089", "tipo": "completo", "axis_azimuth": 0, "punto": "eje de unidad (no el motor)", "ncu": 1, "gw": 2, "axis_tilt": 0, "max_angle": 55, "backtrack": true, "gcr": 0.3843, "cross_axis_tilt": 0}}, {"type": "Feature", "geometry": {"type": "Point", "coordinates": [-71.7930543, -16.6065723]}, "properties": {"rol": "seguidor", "id": "TR-01_1-090", "tipo": "completo", "axis_azimuth": 0, "punto": "eje de unidad (no el motor)", "ncu": 1, "gw": 2, "axis_tilt": 0, "max_angle": 55, "backtrack": true, "gcr": 0.3843, "cross_axis_tilt": 0}}, {"type": "Feature", "geometry": {"type": "Point", "coordinates": [-71.7929382, -16.6065739]}, "properties": {"rol": "seguidor", "id": "TR-01_1-091", "tipo": "completo", "axis_azimuth": 0, "punto": "eje de unidad (no el motor)", "ncu": 1, "gw": 2, "axis_tilt": 0, "max_angle": 55, "backtrack": true, "gcr": 0.3843, "cross_axis_tilt": 0}}, {"type": "Feature", "geometry": {"type": "Point", "coordinates": [-71.7928221, -16.6065754]}, "properties": {"rol": "seguidor", "id": "TR-01_1-092", "tipo": "completo", "axis_azimuth": 0, "punto": "eje de unidad (no el motor)", "ncu": 1, "gw": 2, "axis_tilt": 0, "max_angle": 55, "backtrack": true, "gcr": 0.3843, "cross_axis_tilt": 0}}, {"type": "Feature", "geometry": {"type": "Point", "coordinates": [-71.792706, -16.606577]}, "properties": {"rol": "seguidor", "id": "TR-01_1-093", "tipo": "completo", "axis_azimuth": 0, "punto": "eje de unidad (no el motor)", "ncu": 1, "gw": 2, "axis_tilt": 0, "max_angle": 55, "backtrack": true, "gcr": 0.3843, "cross_axis_tilt": 0}}, {"type": "Feature", "geometry": {"type": "Point", "coordinates": [-71.7925899, -16.6065785]}, "properties": {"rol": "seguidor", "id": "TR-01_1-094", "tipo": "completo", "axis_azimuth": 0, "punto": "eje de unidad (no el motor)", "ncu": 1, "gw": 2, "axis_tilt": 0, "max_angle": 55, "backtrack": true, "gcr": 0.3843, "cross_axis_tilt": 0}}, {"type": "Feature", "geometry": {"type": "Point", "coordinates": [-71.7924738, -16.606581]}, "properties": {"rol": "seguidor", "id": "TR-01_1-095", "tipo": "completo", "axis_azimuth": 0, "punto": "eje de unidad (no el motor)", "ncu": 1, "gw": 2, "axis_tilt": 0, "max_angle": 55, "backtrack": true, "gcr": 0.3843, "cross_axis_tilt": 0}}, {"type": "Feature", "geometry": {"type": "Point", "coordinates": [-71.7939921, -16.6072379]}, "properties": {"rol": "seguidor", "id": "TR-01_1-096", "tipo": "completo", "axis_azimuth": 0, "punto": "eje de unidad (no el motor)", "ncu": 1, "gw": 2, "axis_tilt": 0, "max_angle": 55, "backtrack": true, "gcr": 0.3843, "cross_axis_tilt": 0}}, {"type": "Feature", "geometry": {"type": "Point", "coordinates": [-71.793876, -16.6072395]}, "properties": {"rol": "seguidor", "id": "TR-01_1-097", "tipo": "completo", "axis_azimuth": 0, "punto": "eje de unidad (no el motor)", "ncu": 1, "gw": 2, "axis_tilt": 0, "max_angle": 55, "backtrack": true, "gcr": 0.3843, "cross_axis_tilt": 0}}, {"type": "Feature", "geometry": {"type": "Point", "coordinates": [-71.7937599, -16.607241]}, "properties": {"rol": "seguidor", "id": "TR-01_1-098", "tipo": "completo", "axis_azimuth": 0, "punto": "eje de unidad (no el motor)", "ncu": 1, "gw": 2, "axis_tilt": 0, "max_angle": 55, "backtrack": true, "gcr": 0.3843, "cross_axis_tilt": 0}}, {"type": "Feature", "geometry": {"type": "Point", "coordinates": [-71.7936438, -16.6072426]}, "properties": {"rol": "seguidor", "id": "TR-01_1-099", "tipo": "completo", "axis_azimuth": 0, "punto": "eje de unidad (no el motor)", "ncu": 1, "gw": 2, "axis_tilt": 0, "max_angle": 55, "backtrack": true, "gcr": 0.3843, "cross_axis_tilt": 0}}, {"type": "Feature", "geometry": {"type": "Point", "coordinates": [-71.7935277, -16.6072441]}, "properties": {"rol": "seguidor", "id": "TR-01_1-100", "tipo": "completo", "axis_azimuth": 0, "punto": "eje de unidad (no el motor)", "ncu": 1, "gw": 2, "axis_tilt": 0, "max_angle": 55, "backtrack": true, "gcr": 0.3843, "cross_axis_tilt": 0}}, {"type": "Feature", "geometry": {"type": "Point", "coordinates": [-71.7934115, -16.6072457]}, "properties": {"rol": "seguidor", "id": "TR-01_1-101", "tipo": "completo", "axis_azimuth": 0, "punto": "eje de unidad (no el motor)", "ncu": 1, "gw": 2, "axis_tilt": 0, "max_angle": 55, "backtrack": true, "gcr": 0.3843, "cross_axis_tilt": 0}}, {"type": "Feature", "geometry": {"type": "Point", "coordinates": [-71.7932954, -16.6072473]}, "properties": {"rol": "seguidor", "id": "TR-01_1-102", "tipo": "completo", "axis_azimuth": 0, "punto": "eje de unidad (no el motor)", "ncu": 1, "gw": 2, "axis_tilt": 0, "max_angle": 55, "backtrack": true, "gcr": 0.3843, "cross_axis_tilt": 0}}, {"type": "Feature", "geometry": {"type": "Point", "coordinates": [-71.7931802, -16.6072488]}, "properties": {"rol": "seguidor", "id": "TR-01_1-103", "tipo": "completo", "axis_azimuth": 0, "punto": "eje de unidad (no el motor)", "ncu": 1, "gw": 2, "axis_tilt": 0, "max_angle": 55, "backtrack": true, "gcr": 0.3843, "cross_axis_tilt": 0}}, {"type": "Feature", "geometry": {"type": "Point", "coordinates": [-71.7930641, -16.6072504]}, "properties": {"rol": "seguidor", "id": "TR-01_1-104", "tipo": "completo", "axis_azimuth": 0, "punto": "eje de unidad (no el motor)", "ncu": 1, "gw": 2, "axis_tilt": 0, "max_angle": 55, "backtrack": true, "gcr": 0.3843, "cross_axis_tilt": 0}}, {"type": "Feature", "geometry": {"type": "Point", "coordinates": [-71.792948, -16.6072519]}, "properties": {"rol": "seguidor", "id": "TR-01_1-105", "tipo": "completo", "axis_azimuth": 0, "punto": "eje de unidad (no el motor)", "ncu": 1, "gw": 2, "axis_tilt": 0, "max_angle": 55, "backtrack": true, "gcr": 0.3843, "cross_axis_tilt": 0}}, {"type": "Feature", "geometry": {"type": "Point", "coordinates": [-71.7928319, -16.6072535]}, "properties": {"rol": "seguidor", "id": "TR-01_1-106", "tipo": "completo", "axis_azimuth": 0, "punto": "eje de unidad (no el motor)", "ncu": 1, "gw": 2, "axis_tilt": 0, "max_angle": 55, "backtrack": true, "gcr": 0.3843, "cross_axis_tilt": 0}}, {"type": "Feature", "geometry": {"type": "Point", "coordinates": [-71.7927158, -16.6072551]}, "properties": {"rol": "seguidor", "id": "TR-01_1-107", "tipo": "completo", "axis_azimuth": 0, "punto": "eje de unidad (no el motor)", "ncu": 1, "gw": 2, "axis_tilt": 0, "max_angle": 55, "backtrack": true, "gcr": 0.3843, "cross_axis_tilt": 0}}, {"type": "Feature", "geometry": {"type": "Point", "coordinates": [-71.7925997, -16.6072566]}, "properties": {"rol": "seguidor", "id": "TR-01_1-108", "tipo": "completo", "axis_azimuth": 0, "punto": "eje de unidad (no el motor)", "ncu": 1, "gw": 2, "axis_tilt": 0, "max_angle": 55, "backtrack": true, "gcr": 0.3843, "cross_axis_tilt": 0}}, {"type": "Feature", "geometry": {"type": "Point", "coordinates": [-71.7924836, -16.6072582]}, "properties": {"rol": "seguidor", "id": "TR-01_1-109", "tipo": "completo", "axis_azimuth": 0, "punto": "eje de unidad (no el motor)", "ncu": 1, "gw": 2, "axis_tilt": 0, "max_angle": 55, "backtrack": true, "gcr": 0.3843, "cross_axis_tilt": 0}}, {"type": "Feature", "geometry": {"type": "Point", "coordinates": [-71.7936536, -16.6079225]}, "properties": {"rol": "seguidor", "id": "TR-01_1-110", "tipo": "completo", "axis_azimuth": 0, "punto": "eje de unidad (no el motor)", "ncu": 1, "gw": 2, "axis_tilt": 0, "max_angle": 55, "backtrack": true, "gcr": 0.3843, "cross_axis_tilt": 0}}, {"type": "Feature", "geometry": {"type": "Point", "coordinates": [-71.7935375, -16.607924]}, "properties": {"rol": "seguidor", "id": "TR-01_1-111", "tipo": "completo", "axis_azimuth": 0, "punto": "eje de unidad (no el motor)", "ncu": 1, "gw": 2, "axis_tilt": 0, "max_angle": 55, "backtrack": true, "gcr": 0.3843, "cross_axis_tilt": 0}}, {"type": "Feature", "geometry": {"type": "Point", "coordinates": [-71.7934214, -16.6079256]}, "properties": {"rol": "seguidor", "id": "TR-01_1-112", "tipo": "completo", "axis_azimuth": 0, "punto": "eje de unidad (no el motor)", "ncu": 1, "gw": 2, "axis_tilt": 0, "max_angle": 55, "backtrack": true, "gcr": 0.3843, "cross_axis_tilt": 0}}, {"type": "Feature", "geometry": {"type": "Point", "coordinates": [-71.7933053, -16.6079272]}, "properties": {"rol": "seguidor", "id": "TR-01_1-113", "tipo": "completo", "axis_azimuth": 0, "punto": "eje de unidad (no el motor)", "ncu": 1, "gw": 2, "axis_tilt": 0, "max_angle": 55, "backtrack": true, "gcr": 0.3843, "cross_axis_tilt": 0}}, {"type": "Feature", "geometry": {"type": "Point", "coordinates": [-71.7931901, -16.6079287]}, "properties": {"rol": "seguidor", "id": "TR-01_1-114", "tipo": "completo", "axis_azimuth": 0, "punto": "eje de unidad (no el motor)", "ncu": 1, "gw": 2, "axis_tilt": 0, "max_angle": 55, "backtrack": true, "gcr": 0.3843, "cross_axis_tilt": 0}}, {"type": "Feature", "geometry": {"type": "Point", "coordinates": [-71.793074, -16.6079303]}, "properties": {"rol": "seguidor", "id": "TR-01_1-115", "tipo": "completo", "axis_azimuth": 0, "punto": "eje de unidad (no el motor)", "ncu": 1, "gw": 2, "axis_tilt": 0, "max_angle": 55, "backtrack": true, "gcr": 0.3843, "cross_axis_tilt": 0}}, {"type": "Feature", "geometry": {"type": "Point", "coordinates": [-71.7929578, -16.6079318]}, "properties": {"rol": "seguidor", "id": "TR-01_1-116", "tipo": "completo", "axis_azimuth": 0, "punto": "eje de unidad (no el motor)", "ncu": 1, "gw": 2, "axis_tilt": 0, "max_angle": 55, "backtrack": true, "gcr": 0.3843, "cross_axis_tilt": 0}}, {"type": "Feature", "geometry": {"type": "Point", "coordinates": [-71.7928417, -16.6079334]}, "properties": {"rol": "seguidor", "id": "TR-01_1-117", "tipo": "completo", "axis_azimuth": 0, "punto": "eje de unidad (no el motor)", "ncu": 1, "gw": 2, "axis_tilt": 0, "max_angle": 55, "backtrack": true, "gcr": 0.3843, "cross_axis_tilt": 0}}, {"type": "Feature", "geometry": {"type": "Point", "coordinates": [-71.7927256, -16.607935]}, "properties": {"rol": "seguidor", "id": "TR-01_1-118", "tipo": "completo", "axis_azimuth": 0, "punto": "eje de unidad (no el motor)", "ncu": 1, "gw": 2, "axis_tilt": 0, "max_angle": 55, "backtrack": true, "gcr": 0.3843, "cross_axis_tilt": 0}}, {"type": "Feature", "geometry": {"type": "Point", "coordinates": [-71.7926095, -16.6079365]}, "properties": {"rol": "seguidor", "id": "TR-01_1-119", "tipo": "completo", "axis_azimuth": 0, "punto": "eje de unidad (no el motor)", "ncu": 1, "gw": 2, "axis_tilt": 0, "max_angle": 55, "backtrack": true, "gcr": 0.3843, "cross_axis_tilt": 0}}, {"type": "Feature", "geometry": {"type": "Point", "coordinates": [-71.7978022, -16.6018729]}, "properties": {"rol": "seguidor", "id": "TR-02_2-001", "tipo": "completo", "axis_azimuth": 0, "punto": "eje de unidad (no el motor)", "ncu": 2, "gw": 1, "axis_tilt": 0, "max_angle": 55, "backtrack": true, "gcr": 0.3843, "cross_axis_tilt": 0}}, {"type": "Feature", "geometry": {"type": "Point", "coordinates": [-71.7976861, -16.6018744]}, "properties": {"rol": "seguidor", "id": "TR-02_2-002", "tipo": "completo", "axis_azimuth": 0, "punto": "eje de unidad (no el motor)", "ncu": 2, "gw": 1, "axis_tilt": 0, "max_angle": 55, "backtrack": true, "gcr": 0.3843, "cross_axis_tilt": 0}}, {"type": "Feature", "geometry": {"type": "Point", "coordinates": [-71.79757, -16.601876]}, "properties": {"rol": "seguidor", "id": "TR-02_2-003", "tipo": "completo", "axis_azimuth": 0, "punto": "eje de unidad (no el motor)", "ncu": 2, "gw": 1, "axis_tilt": 0, "max_angle": 55, "backtrack": true, "gcr": 0.3843, "cross_axis_tilt": 0}}, {"type": "Feature", "geometry": {"type": "Point", "coordinates": [-71.7974539, -16.6018776]}, "properties": {"rol": "seguidor", "id": "TR-02_2-004", "tipo": "completo", "axis_azimuth": 0, "punto": "eje de unidad (no el motor)", "ncu": 2, "gw": 1, "axis_tilt": 0, "max_angle": 55, "backtrack": true, "gcr": 0.3843, "cross_axis_tilt": 0}}, {"type": "Feature", "geometry": {"type": "Point", "coordinates": [-71.7973378, -16.6018791]}, "properties": {"rol": "seguidor", "id": "TR-02_2-005", "tipo": "completo", "axis_azimuth": 0, "punto": "eje de unidad (no el motor)", "ncu": 2, "gw": 1, "axis_tilt": 0, "max_angle": 55, "backtrack": true, "gcr": 0.3843, "cross_axis_tilt": 0}}, {"type": "Feature", "geometry": {"type": "Point", "coordinates": [-71.7972217, -16.6018807]}, "properties": {"rol": "seguidor", "id": "TR-02_2-006", "tipo": "completo", "axis_azimuth": 0, "punto": "eje de unidad (no el motor)", "ncu": 2, "gw": 1, "axis_tilt": 0, "max_angle": 55, "backtrack": true, "gcr": 0.3843, "cross_axis_tilt": 0}}, {"type": "Feature", "geometry": {"type": "Point", "coordinates": [-71.7971056, -16.6018823]}, "properties": {"rol": "seguidor", "id": "TR-02_2-007", "tipo": "completo", "axis_azimuth": 0, "punto": "eje de unidad (no el motor)", "ncu": 2, "gw": 1, "axis_tilt": 0, "max_angle": 55, "backtrack": true, "gcr": 0.3843, "cross_axis_tilt": 0}}, {"type": "Feature", "geometry": {"type": "Point", "coordinates": [-71.7969894, -16.6018838]}, "properties": {"rol": "seguidor", "id": "TR-02_2-008", "tipo": "completo", "axis_azimuth": 0, "punto": "eje de unidad (no el motor)", "ncu": 2, "gw": 1, "axis_tilt": 0, "max_angle": 55, "backtrack": true, "gcr": 0.3843, "cross_axis_tilt": 0}}, {"type": "Feature", "geometry": {"type": "Point", "coordinates": [-71.7968733, -16.6018854]}, "properties": {"rol": "seguidor", "id": "TR-02_2-009", "tipo": "completo", "axis_azimuth": 0, "punto": "eje de unidad (no el motor)", "ncu": 2, "gw": 1, "axis_tilt": 0, "max_angle": 55, "backtrack": true, "gcr": 0.3843, "cross_axis_tilt": 0}}, {"type": "Feature", "geometry": {"type": "Point", "coordinates": [-71.7967572, -16.601887]}, "properties": {"rol": "seguidor", "id": "TR-02_2-010", "tipo": "completo", "axis_azimuth": 0, "punto": "eje de unidad (no el motor)", "ncu": 2, "gw": 1, "axis_tilt": 0, "max_angle": 55, "backtrack": true, "gcr": 0.3843, "cross_axis_tilt": 0}}, {"type": "Feature", "geometry": {"type": "Point", "coordinates": [-71.7966411, -16.6018885]}, "properties": {"rol": "seguidor", "id": "TR-02_2-011", "tipo": "completo", "axis_azimuth": 0, "punto": "eje de unidad (no el motor)", "ncu": 2, "gw": 1, "axis_tilt": 0, "max_angle": 55, "backtrack": true, "gcr": 0.3843, "cross_axis_tilt": 0}}, {"type": "Feature", "geometry": {"type": "Point", "coordinates": [-71.796525, -16.6018901]}, "properties": {"rol": "seguidor", "id": "TR-02_2-012", "tipo": "completo", "axis_azimuth": 0, "punto": "eje de unidad (no el motor)", "ncu": 2, "gw": 1, "axis_tilt": 0, "max_angle": 55, "backtrack": true, "gcr": 0.3843, "cross_axis_tilt": 0}}, {"type": "Feature", "geometry": {"type": "Point", "coordinates": [-71.7964089, -16.6018916]}, "properties": {"rol": "seguidor", "id": "TR-02_2-013", "tipo": "completo", "axis_azimuth": 0, "punto": "eje de unidad (no el motor)", "ncu": 2, "gw": 1, "axis_tilt": 0, "max_angle": 55, "backtrack": true, "gcr": 0.3843, "cross_axis_tilt": 0}}, {"type": "Feature", "geometry": {"type": "Point", "coordinates": [-71.7962928, -16.6018932]}, "properties": {"rol": "seguidor", "id": "TR-02_2-014", "tipo": "completo", "axis_azimuth": 0, "punto": "eje de unidad (no el motor)", "ncu": 2, "gw": 1, "axis_tilt": 0, "max_angle": 55, "backtrack": true, "gcr": 0.3843, "cross_axis_tilt": 0}}, {"type": "Feature", "geometry": {"type": "Point", "coordinates": [-71.7949004, -16.6019119]}, "properties": {"rol": "seguidor", "id": "TR-02_2-015", "tipo": "completo", "axis_azimuth": 0, "punto": "eje de unidad (no el motor)", "ncu": 2, "gw": 1, "axis_tilt": 0, "max_angle": 55, "backtrack": true, "gcr": 0.3843, "cross_axis_tilt": 0}}, {"type": "Feature", "geometry": {"type": "Point", "coordinates": [-71.7947842, -16.6019135]}, "properties": {"rol": "seguidor", "id": "TR-02_2-016", "tipo": "completo", "axis_azimuth": 0, "punto": "eje de unidad (no el motor)", "ncu": 2, "gw": 1, "axis_tilt": 0, "max_angle": 55, "backtrack": true, "gcr": 0.3843, "cross_axis_tilt": 0}}, {"type": "Feature", "geometry": {"type": "Point", "coordinates": [-71.7946681, -16.6019151]}, "properties": {"rol": "seguidor", "id": "TR-02_2-017", "tipo": "completo", "axis_azimuth": 0, "punto": "eje de unidad (no el motor)", "ncu": 2, "gw": 1, "axis_tilt": 0, "max_angle": 55, "backtrack": true, "gcr": 0.3843, "cross_axis_tilt": 0}}, {"type": "Feature", "geometry": {"type": "Point", "coordinates": [-71.794552, -16.6019166]}, "properties": {"rol": "seguidor", "id": "TR-02_2-018", "tipo": "completo", "axis_azimuth": 0, "punto": "eje de unidad (no el motor)", "ncu": 2, "gw": 1, "axis_tilt": 0, "max_angle": 55, "backtrack": true, "gcr": 0.3843, "cross_axis_tilt": 0}}, {"type": "Feature", "geometry": {"type": "Point", "coordinates": [-71.797812, -16.602551]}, "properties": {"rol": "seguidor", "id": "TR-02_2-019", "tipo": "completo", "axis_azimuth": 0, "punto": "eje de unidad (no el motor)", "ncu": 2, "gw": 1, "axis_tilt": 0, "max_angle": 55, "backtrack": true, "gcr": 0.3843, "cross_axis_tilt": 0}}, {"type": "Feature", "geometry": {"type": "Point", "coordinates": [-71.7976959, -16.6025525]}, "properties": {"rol": "seguidor", "id": "TR-02_2-020", "tipo": "completo", "axis_azimuth": 0, "punto": "eje de unidad (no el motor)", "ncu": 2, "gw": 1, "axis_tilt": 0, "max_angle": 55, "backtrack": true, "gcr": 0.3843, "cross_axis_tilt": 0}}, {"type": "Feature", "geometry": {"type": "Point", "coordinates": [-71.7975798, -16.6025541]}, "properties": {"rol": "seguidor", "id": "TR-02_2-021", "tipo": "completo", "axis_azimuth": 0, "punto": "eje de unidad (no el motor)", "ncu": 2, "gw": 1, "axis_tilt": 0, "max_angle": 55, "backtrack": true, "gcr": 0.3843, "cross_axis_tilt": 0}}, {"type": "Feature", "geometry": {"type": "Point", "coordinates": [-71.7974637, -16.6025557]}, "properties": {"rol": "seguidor", "id": "TR-02_2-022", "tipo": "completo", "axis_azimuth": 0, "punto": "eje de unidad (no el motor)", "ncu": 2, "gw": 1, "axis_tilt": 0, "max_angle": 55, "backtrack": true, "gcr": 0.3843, "cross_axis_tilt": 0}}, {"type": "Feature", "geometry": {"type": "Point", "coordinates": [-71.7973476, -16.6025572]}, "properties": {"rol": "seguidor", "id": "TR-02_2-023", "tipo": "completo", "axis_azimuth": 0, "punto": "eje de unidad (no el motor)", "ncu": 2, "gw": 1, "axis_tilt": 0, "max_angle": 55, "backtrack": true, "gcr": 0.3843, "cross_axis_tilt": 0}}, {"type": "Feature", "geometry": {"type": "Point", "coordinates": [-71.7972315, -16.6025588]}, "properties": {"rol": "seguidor", "id": "TR-02_2-024", "tipo": "completo", "axis_azimuth": 0, "punto": "eje de unidad (no el motor)", "ncu": 2, "gw": 1, "axis_tilt": 0, "max_angle": 55, "backtrack": true, "gcr": 0.3843, "cross_axis_tilt": 0}}, {"type": "Feature", "geometry": {"type": "Point", "coordinates": [-71.7971154, -16.6025603]}, "properties": {"rol": "seguidor", "id": "TR-02_2-025", "tipo": "completo", "axis_azimuth": 0, "punto": "eje de unidad (no el motor)", "ncu": 2, "gw": 1, "axis_tilt": 0, "max_angle": 55, "backtrack": true, "gcr": 0.3843, "cross_axis_tilt": 0}}, {"type": "Feature", "geometry": {"type": "Point", "coordinates": [-71.7969993, -16.6025619]}, "properties": {"rol": "seguidor", "id": "TR-02_2-026", "tipo": "completo", "axis_azimuth": 0, "punto": "eje de unidad (no el motor)", "ncu": 2, "gw": 1, "axis_tilt": 0, "max_angle": 55, "backtrack": true, "gcr": 0.3843, "cross_axis_tilt": 0}}, {"type": "Feature", "geometry": {"type": "Point", "coordinates": [-71.7968831, -16.6025635]}, "properties": {"rol": "seguidor", "id": "TR-02_2-027", "tipo": "completo", "axis_azimuth": 0, "punto": "eje de unidad (no el motor)", "ncu": 2, "gw": 1, "axis_tilt": 0, "max_angle": 55, "backtrack": true, "gcr": 0.3843, "cross_axis_tilt": 0}}, {"type": "Feature", "geometry": {"type": "Point", "coordinates": [-71.796767, -16.602565]}, "properties": {"rol": "seguidor", "id": "TR-02_2-028", "tipo": "completo", "axis_azimuth": 0, "punto": "eje de unidad (no el motor)", "ncu": 2, "gw": 1, "axis_tilt": 0, "max_angle": 55, "backtrack": true, "gcr": 0.3843, "cross_axis_tilt": 0}}, {"type": "Feature", "geometry": {"type": "Point", "coordinates": [-71.7966509, -16.6025666]}, "properties": {"rol": "seguidor", "id": "TR-02_2-029", "tipo": "completo", "axis_azimuth": 0, "punto": "eje de unidad (no el motor)", "ncu": 2, "gw": 1, "axis_tilt": 0, "max_angle": 55, "backtrack": true, "gcr": 0.3843, "cross_axis_tilt": 0}}, {"type": "Feature", "geometry": {"type": "Point", "coordinates": [-71.7965348, -16.6025682]}, "properties": {"rol": "seguidor", "id": "TR-02_2-030", "tipo": "completo", "axis_azimuth": 0, "punto": "eje de unidad (no el motor)", "ncu": 2, "gw": 1, "axis_tilt": 0, "max_angle": 55, "backtrack": true, "gcr": 0.3843, "cross_axis_tilt": 0}}, {"type": "Feature", "geometry": {"type": "Point", "coordinates": [-71.7964187, -16.6025697]}, "properties": {"rol": "seguidor", "id": "TR-02_2-031", "tipo": "completo", "axis_azimuth": 0, "punto": "eje de unidad (no el motor)", "ncu": 2, "gw": 1, "axis_tilt": 0, "max_angle": 55, "backtrack": true, "gcr": 0.3843, "cross_axis_tilt": 0}}, {"type": "Feature", "geometry": {"type": "Point", "coordinates": [-71.7963026, -16.6025713]}, "properties": {"rol": "seguidor", "id": "TR-02_2-032", "tipo": "completo", "axis_azimuth": 0, "punto": "eje de unidad (no el motor)", "ncu": 2, "gw": 1, "axis_tilt": 0, "max_angle": 55, "backtrack": true, "gcr": 0.3843, "cross_axis_tilt": 0}}, {"type": "Feature", "geometry": {"type": "Point", "coordinates": [-71.7961865, -16.6025728]}, "properties": {"rol": "seguidor", "id": "TR-02_2-033", "tipo": "completo", "axis_azimuth": 0, "punto": "eje de unidad (no el motor)", "ncu": 2, "gw": 1, "axis_tilt": 0, "max_angle": 55, "backtrack": true, "gcr": 0.3843, "cross_axis_tilt": 0}}, {"type": "Feature", "geometry": {"type": "Point", "coordinates": [-71.7960713, -16.6025744]}, "properties": {"rol": "seguidor", "id": "TR-02_2-034", "tipo": "completo", "axis_azimuth": 0, "punto": "eje de unidad (no el motor)", "ncu": 2, "gw": 1, "axis_tilt": 0, "max_angle": 55, "backtrack": true, "gcr": 0.3843, "cross_axis_tilt": 0}}, {"type": "Feature", "geometry": {"type": "Point", "coordinates": [-71.7959552, -16.602576]}, "properties": {"rol": "seguidor", "id": "TR-02_2-035", "tipo": "completo", "axis_azimuth": 0, "punto": "eje de unidad (no el motor)", "ncu": 2, "gw": 1, "axis_tilt": 0, "max_angle": 55, "backtrack": true, "gcr": 0.3843, "cross_axis_tilt": 0}}, {"type": "Feature", "geometry": {"type": "Point", "coordinates": [-71.7958391, -16.6025775]}, "properties": {"rol": "seguidor", "id": "TR-02_2-036", "tipo": "completo", "axis_azimuth": 0, "punto": "eje de unidad (no el motor)", "ncu": 2, "gw": 1, "axis_tilt": 0, "max_angle": 55, "backtrack": true, "gcr": 0.3843, "cross_axis_tilt": 0}}, {"type": "Feature", "geometry": {"type": "Point", "coordinates": [-71.795723, -16.6025791]}, "properties": {"rol": "seguidor", "id": "TR-02_2-037", "tipo": "completo", "axis_azimuth": 0, "punto": "eje de unidad (no el motor)", "ncu": 2, "gw": 1, "axis_tilt": 0, "max_angle": 55, "backtrack": true, "gcr": 0.3843, "cross_axis_tilt": 0}}, {"type": "Feature", "geometry": {"type": "Point", "coordinates": [-71.7956068, -16.6025806]}, "properties": {"rol": "seguidor", "id": "TR-02_2-038", "tipo": "completo", "axis_azimuth": 0, "punto": "eje de unidad (no el motor)", "ncu": 2, "gw": 1, "axis_tilt": 0, "max_angle": 55, "backtrack": true, "gcr": 0.3843, "cross_axis_tilt": 0}}, {"type": "Feature", "geometry": {"type": "Point", "coordinates": [-71.7954907, -16.6025822]}, "properties": {"rol": "seguidor", "id": "TR-02_2-039", "tipo": "completo", "axis_azimuth": 0, "punto": "eje de unidad (no el motor)", "ncu": 2, "gw": 1, "axis_tilt": 0, "max_angle": 55, "backtrack": true, "gcr": 0.3843, "cross_axis_tilt": 0}}, {"type": "Feature", "geometry": {"type": "Point", "coordinates": [-71.7953746, -16.6025838]}, "properties": {"rol": "seguidor", "id": "TR-02_2-040", "tipo": "completo", "axis_azimuth": 0, "punto": "eje de unidad (no el motor)", "ncu": 2, "gw": 1, "axis_tilt": 0, "max_angle": 55, "backtrack": true, "gcr": 0.3843, "cross_axis_tilt": 0}}, {"type": "Feature", "geometry": {"type": "Point", "coordinates": [-71.7952585, -16.6025853]}, "properties": {"rol": "seguidor", "id": "TR-02_2-041", "tipo": "completo", "axis_azimuth": 0, "punto": "eje de unidad (no el motor)", "ncu": 2, "gw": 1, "axis_tilt": 0, "max_angle": 55, "backtrack": true, "gcr": 0.3843, "cross_axis_tilt": 0}}, {"type": "Feature", "geometry": {"type": "Point", "coordinates": [-71.7951424, -16.6025869]}, "properties": {"rol": "seguidor", "id": "TR-02_2-042", "tipo": "completo", "axis_azimuth": 0, "punto": "eje de unidad (no el motor)", "ncu": 2, "gw": 1, "axis_tilt": 0, "max_angle": 55, "backtrack": true, "gcr": 0.3843, "cross_axis_tilt": 0}}, {"type": "Feature", "geometry": {"type": "Point", "coordinates": [-71.7950263, -16.6025885]}, "properties": {"rol": "seguidor", "id": "TR-02_2-043", "tipo": "completo", "axis_azimuth": 0, "punto": "eje de unidad (no el motor)", "ncu": 2, "gw": 1, "axis_tilt": 0, "max_angle": 55, "backtrack": true, "gcr": 0.3843, "cross_axis_tilt": 0}}, {"type": "Feature", "geometry": {"type": "Point", "coordinates": [-71.7949102, -16.60259]}, "properties": {"rol": "seguidor", "id": "TR-02_2-044", "tipo": "completo", "axis_azimuth": 0, "punto": "eje de unidad (no el motor)", "ncu": 2, "gw": 1, "axis_tilt": 0, "max_angle": 55, "backtrack": true, "gcr": 0.3843, "cross_axis_tilt": 0}}, {"type": "Feature", "geometry": {"type": "Point", "coordinates": [-71.7947941, -16.6025916]}, "properties": {"rol": "seguidor", "id": "TR-02_2-045", "tipo": "completo", "axis_azimuth": 0, "punto": "eje de unidad (no el motor)", "ncu": 2, "gw": 1, "axis_tilt": 0, "max_angle": 55, "backtrack": true, "gcr": 0.3843, "cross_axis_tilt": 0}}, {"type": "Feature", "geometry": {"type": "Point", "coordinates": [-71.7946779, -16.6025931]}, "properties": {"rol": "seguidor", "id": "TR-02_2-046", "tipo": "completo", "axis_azimuth": 0, "punto": "eje de unidad (no el motor)", "ncu": 2, "gw": 1, "axis_tilt": 0, "max_angle": 55, "backtrack": true, "gcr": 0.3843, "cross_axis_tilt": 0}}, {"type": "Feature", "geometry": {"type": "Point", "coordinates": [-71.7945618, -16.6025947]}, "properties": {"rol": "seguidor", "id": "TR-02_2-047", "tipo": "completo", "axis_azimuth": 0, "punto": "eje de unidad (no el motor)", "ncu": 2, "gw": 1, "axis_tilt": 0, "max_angle": 55, "backtrack": true, "gcr": 0.3843, "cross_axis_tilt": 0}}, {"type": "Feature", "geometry": {"type": "Point", "coordinates": [-71.7975821, -16.6033596]}, "properties": {"rol": "seguidor", "id": "TR-02_2-048", "tipo": "completo", "axis_azimuth": 0, "punto": "eje de unidad (no el motor)", "ncu": 2, "gw": 2, "axis_tilt": 0, "max_angle": 55, "backtrack": true, "gcr": 0.3843, "cross_axis_tilt": 0}}, {"type": "Feature", "geometry": {"type": "Point", "coordinates": [-71.797466, -16.6033612]}, "properties": {"rol": "seguidor", "id": "TR-02_2-049", "tipo": "completo", "axis_azimuth": 0, "punto": "eje de unidad (no el motor)", "ncu": 2, "gw": 2, "axis_tilt": 0, "max_angle": 55, "backtrack": true, "gcr": 0.3843, "cross_axis_tilt": 0}}, {"type": "Feature", "geometry": {"type": "Point", "coordinates": [-71.7973499, -16.6033627]}, "properties": {"rol": "seguidor", "id": "TR-02_2-050", "tipo": "completo", "axis_azimuth": 0, "punto": "eje de unidad (no el motor)", "ncu": 2, "gw": 2, "axis_tilt": 0, "max_angle": 55, "backtrack": true, "gcr": 0.3843, "cross_axis_tilt": 0}}, {"type": "Feature", "geometry": {"type": "Point", "coordinates": [-71.7972338, -16.6033643]}, "properties": {"rol": "seguidor", "id": "TR-02_2-051", "tipo": "completo", "axis_azimuth": 0, "punto": "eje de unidad (no el motor)", "ncu": 2, "gw": 2, "axis_tilt": 0, "max_angle": 55, "backtrack": true, "gcr": 0.3843, "cross_axis_tilt": 0}}, {"type": "Feature", "geometry": {"type": "Point", "coordinates": [-71.7971177, -16.6033659]}, "properties": {"rol": "seguidor", "id": "TR-02_2-052", "tipo": "completo", "axis_azimuth": 0, "punto": "eje de unidad (no el motor)", "ncu": 2, "gw": 2, "axis_tilt": 0, "max_angle": 55, "backtrack": true, "gcr": 0.3843, "cross_axis_tilt": 0}}, {"type": "Feature", "geometry": {"type": "Point", "coordinates": [-71.7970016, -16.6033674]}, "properties": {"rol": "seguidor", "id": "TR-02_2-053", "tipo": "completo", "axis_azimuth": 0, "punto": "eje de unidad (no el motor)", "ncu": 2, "gw": 2, "axis_tilt": 0, "max_angle": 55, "backtrack": true, "gcr": 0.3843, "cross_axis_tilt": 0}}, {"type": "Feature", "geometry": {"type": "Point", "coordinates": [-71.7968854, -16.603369]}, "properties": {"rol": "seguidor", "id": "TR-02_2-054", "tipo": "completo", "axis_azimuth": 0, "punto": "eje de unidad (no el motor)", "ncu": 2, "gw": 2, "axis_tilt": 0, "max_angle": 55, "backtrack": true, "gcr": 0.3843, "cross_axis_tilt": 0}}, {"type": "Feature", "geometry": {"type": "Point", "coordinates": [-71.7967693, -16.6033706]}, "properties": {"rol": "seguidor", "id": "TR-02_2-055", "tipo": "completo", "axis_azimuth": 0, "punto": "eje de unidad (no el motor)", "ncu": 2, "gw": 2, "axis_tilt": 0, "max_angle": 55, "backtrack": true, "gcr": 0.3843, "cross_axis_tilt": 0}}, {"type": "Feature", "geometry": {"type": "Point", "coordinates": [-71.7966532, -16.6033721]}, "properties": {"rol": "seguidor", "id": "TR-02_2-056", "tipo": "completo", "axis_azimuth": 0, "punto": "eje de unidad (no el motor)", "ncu": 2, "gw": 2, "axis_tilt": 0, "max_angle": 55, "backtrack": true, "gcr": 0.3843, "cross_axis_tilt": 0}}, {"type": "Feature", "geometry": {"type": "Point", "coordinates": [-71.7965395, -16.6035398]}, "properties": {"rol": "seguidor", "id": "TR-02_2-057", "tipo": "medio", "axis_azimuth": 0, "punto": "eje de unidad (no el motor)", "ncu": 2, "gw": 2, "axis_tilt": 0, "max_angle": 55, "backtrack": true, "gcr": 0.3843, "cross_axis_tilt": 0}}, {"type": "Feature", "geometry": {"type": "Point", "coordinates": [-71.7964234, -16.6035414]}, "properties": {"rol": "seguidor", "id": "TR-02_2-058", "tipo": "medio", "axis_azimuth": 0, "punto": "eje de unidad (no el motor)", "ncu": 2, "gw": 2, "axis_tilt": 0, "max_angle": 55, "backtrack": true, "gcr": 0.3843, "cross_axis_tilt": 0}}, {"type": "Feature", "geometry": {"type": "Point", "coordinates": [-71.7963049, -16.6033768]}, "properties": {"rol": "seguidor", "id": "TR-02_2-059", "tipo": "completo", "axis_azimuth": 0, "punto": "eje de unidad (no el motor)", "ncu": 2, "gw": 2, "axis_tilt": 0, "max_angle": 55, "backtrack": true, "gcr": 0.3843, "cross_axis_tilt": 0}}, {"type": "Feature", "geometry": {"type": "Point", "coordinates": [-71.7961888, -16.6033784]}, "properties": {"rol": "seguidor", "id": "TR-02_2-060", "tipo": "completo", "axis_azimuth": 0, "punto": "eje de unidad (no el motor)", "ncu": 2, "gw": 2, "axis_tilt": 0, "max_angle": 55, "backtrack": true, "gcr": 0.3843, "cross_axis_tilt": 0}}, {"type": "Feature", "geometry": {"type": "Point", "coordinates": [-71.7960736, -16.6033799]}, "properties": {"rol": "seguidor", "id": "TR-02_2-061", "tipo": "completo", "axis_azimuth": 0, "punto": "eje de unidad (no el motor)", "ncu": 2, "gw": 2, "axis_tilt": 0, "max_angle": 55, "backtrack": true, "gcr": 0.3843, "cross_axis_tilt": 0}}, {"type": "Feature", "geometry": {"type": "Point", "coordinates": [-71.7959575, -16.6033815]}, "properties": {"rol": "seguidor", "id": "TR-02_2-062", "tipo": "completo", "axis_azimuth": 0, "punto": "eje de unidad (no el motor)", "ncu": 2, "gw": 2, "axis_tilt": 0, "max_angle": 55, "backtrack": true, "gcr": 0.3843, "cross_axis_tilt": 0}}, {"type": "Feature", "geometry": {"type": "Point", "coordinates": [-71.7958414, -16.603383]}, "properties": {"rol": "seguidor", "id": "TR-02_2-063", "tipo": "completo", "axis_azimuth": 0, "punto": "eje de unidad (no el motor)", "ncu": 2, "gw": 2, "axis_tilt": 0, "max_angle": 55, "backtrack": true, "gcr": 0.3843, "cross_axis_tilt": 0}}, {"type": "Feature", "geometry": {"type": "Point", "coordinates": [-71.7957252, -16.6033846]}, "properties": {"rol": "seguidor", "id": "TR-02_2-064", "tipo": "completo", "axis_azimuth": 0, "punto": "eje de unidad (no el motor)", "ncu": 2, "gw": 2, "axis_tilt": 0, "max_angle": 55, "backtrack": true, "gcr": 0.3843, "cross_axis_tilt": 0}}, {"type": "Feature", "geometry": {"type": "Point", "coordinates": [-71.7956091, -16.6033862]}, "properties": {"rol": "seguidor", "id": "TR-02_2-065", "tipo": "completo", "axis_azimuth": 0, "punto": "eje de unidad (no el motor)", "ncu": 2, "gw": 2, "axis_tilt": 0, "max_angle": 55, "backtrack": true, "gcr": 0.3843, "cross_axis_tilt": 0}}, {"type": "Feature", "geometry": {"type": "Point", "coordinates": [-71.7975919, -16.6040377]}, "properties": {"rol": "seguidor", "id": "TR-02_2-066", "tipo": "completo", "axis_azimuth": 0, "punto": "eje de unidad (no el motor)", "ncu": 2, "gw": 2, "axis_tilt": 0, "max_angle": 55, "backtrack": true, "gcr": 0.3843, "cross_axis_tilt": 0}}, {"type": "Feature", "geometry": {"type": "Point", "coordinates": [-71.7974758, -16.6040393]}, "properties": {"rol": "seguidor", "id": "TR-02_2-067", "tipo": "completo", "axis_azimuth": 0, "punto": "eje de unidad (no el motor)", "ncu": 2, "gw": 2, "axis_tilt": 0, "max_angle": 55, "backtrack": true, "gcr": 0.3843, "cross_axis_tilt": 0}}, {"type": "Feature", "geometry": {"type": "Point", "coordinates": [-71.7973597, -16.6040408]}, "properties": {"rol": "seguidor", "id": "TR-02_2-068", "tipo": "completo", "axis_azimuth": 0, "punto": "eje de unidad (no el motor)", "ncu": 2, "gw": 2, "axis_tilt": 0, "max_angle": 55, "backtrack": true, "gcr": 0.3843, "cross_axis_tilt": 0}}, {"type": "Feature", "geometry": {"type": "Point", "coordinates": [-71.7972436, -16.6040424]}, "properties": {"rol": "seguidor", "id": "TR-02_2-069", "tipo": "completo", "axis_azimuth": 0, "punto": "eje de unidad (no el motor)", "ncu": 2, "gw": 2, "axis_tilt": 0, "max_angle": 55, "backtrack": true, "gcr": 0.3843, "cross_axis_tilt": 0}}, {"type": "Feature", "geometry": {"type": "Point", "coordinates": [-71.7971275, -16.6040439]}, "properties": {"rol": "seguidor", "id": "TR-02_2-070", "tipo": "completo", "axis_azimuth": 0, "punto": "eje de unidad (no el motor)", "ncu": 2, "gw": 2, "axis_tilt": 0, "max_angle": 55, "backtrack": true, "gcr": 0.3843, "cross_axis_tilt": 0}}, {"type": "Feature", "geometry": {"type": "Point", "coordinates": [-71.7970114, -16.6040455]}, "properties": {"rol": "seguidor", "id": "TR-02_2-071", "tipo": "completo", "axis_azimuth": 0, "punto": "eje de unidad (no el motor)", "ncu": 2, "gw": 2, "axis_tilt": 0, "max_angle": 55, "backtrack": true, "gcr": 0.3843, "cross_axis_tilt": 0}}, {"type": "Feature", "geometry": {"type": "Point", "coordinates": [-71.7968953, -16.6040471]}, "properties": {"rol": "seguidor", "id": "TR-02_2-072", "tipo": "completo", "axis_azimuth": 0, "punto": "eje de unidad (no el motor)", "ncu": 2, "gw": 2, "axis_tilt": 0, "max_angle": 55, "backtrack": true, "gcr": 0.3843, "cross_axis_tilt": 0}}, {"type": "Feature", "geometry": {"type": "Point", "coordinates": [-71.7967791, -16.6040486]}, "properties": {"rol": "seguidor", "id": "TR-02_2-073", "tipo": "completo", "axis_azimuth": 0, "punto": "eje de unidad (no el motor)", "ncu": 2, "gw": 2, "axis_tilt": 0, "max_angle": 55, "backtrack": true, "gcr": 0.3843, "cross_axis_tilt": 0}}, {"type": "Feature", "geometry": {"type": "Point", "coordinates": [-71.796663, -16.6040502]}, "properties": {"rol": "seguidor", "id": "TR-02_2-074", "tipo": "completo", "axis_azimuth": 0, "punto": "eje de unidad (no el motor)", "ncu": 2, "gw": 2, "axis_tilt": 0, "max_angle": 55, "backtrack": true, "gcr": 0.3843, "cross_axis_tilt": 0}}, {"type": "Feature", "geometry": {"type": "Point", "coordinates": [-71.7965469, -16.6040518]}, "properties": {"rol": "seguidor", "id": "TR-02_2-075", "tipo": "completo", "axis_azimuth": 0, "punto": "eje de unidad (no el motor)", "ncu": 2, "gw": 2, "axis_tilt": 0, "max_angle": 55, "backtrack": true, "gcr": 0.3843, "cross_axis_tilt": 0}}, {"type": "Feature", "geometry": {"type": "Point", "coordinates": [-71.7964308, -16.6040533]}, "properties": {"rol": "seguidor", "id": "TR-02_2-076", "tipo": "completo", "axis_azimuth": 0, "punto": "eje de unidad (no el motor)", "ncu": 2, "gw": 2, "axis_tilt": 0, "max_angle": 55, "backtrack": true, "gcr": 0.3843, "cross_axis_tilt": 0}}, {"type": "Feature", "geometry": {"type": "Point", "coordinates": [-71.7963147, -16.6040549]}, "properties": {"rol": "seguidor", "id": "TR-02_2-077", "tipo": "completo", "axis_azimuth": 0, "punto": "eje de unidad (no el motor)", "ncu": 2, "gw": 2, "axis_tilt": 0, "max_angle": 55, "backtrack": true, "gcr": 0.3843, "cross_axis_tilt": 0}}, {"type": "Feature", "geometry": {"type": "Point", "coordinates": [-71.7961986, -16.6040565]}, "properties": {"rol": "seguidor", "id": "TR-02_2-078", "tipo": "completo", "axis_azimuth": 0, "punto": "eje de unidad (no el motor)", "ncu": 2, "gw": 2, "axis_tilt": 0, "max_angle": 55, "backtrack": true, "gcr": 0.3843, "cross_axis_tilt": 0}}, {"type": "Feature", "geometry": {"type": "Point", "coordinates": [-71.7960834, -16.604058]}, "properties": {"rol": "seguidor", "id": "TR-02_2-079", "tipo": "completo", "axis_azimuth": 0, "punto": "eje de unidad (no el motor)", "ncu": 2, "gw": 2, "axis_tilt": 0, "max_angle": 55, "backtrack": true, "gcr": 0.3843, "cross_axis_tilt": 0}}, {"type": "Feature", "geometry": {"type": "Point", "coordinates": [-71.7959673, -16.6040596]}, "properties": {"rol": "seguidor", "id": "TR-02_2-080", "tipo": "completo", "axis_azimuth": 0, "punto": "eje de unidad (no el motor)", "ncu": 2, "gw": 2, "axis_tilt": 0, "max_angle": 55, "backtrack": true, "gcr": 0.3843, "cross_axis_tilt": 0}}, {"type": "Feature", "geometry": {"type": "Point", "coordinates": [-71.7958512, -16.6040611]}, "properties": {"rol": "seguidor", "id": "TR-02_2-081", "tipo": "completo", "axis_azimuth": 0, "punto": "eje de unidad (no el motor)", "ncu": 2, "gw": 2, "axis_tilt": 0, "max_angle": 55, "backtrack": true, "gcr": 0.3843, "cross_axis_tilt": 0}}, {"type": "Feature", "geometry": {"type": "Point", "coordinates": [-71.7957351, -16.6040627]}, "properties": {"rol": "seguidor", "id": "TR-02_2-082", "tipo": "completo", "axis_azimuth": 0, "punto": "eje de unidad (no el motor)", "ncu": 2, "gw": 2, "axis_tilt": 0, "max_angle": 55, "backtrack": true, "gcr": 0.3843, "cross_axis_tilt": 0}}, {"type": "Feature", "geometry": {"type": "Point", "coordinates": [-71.7956189, -16.6040643]}, "properties": {"rol": "seguidor", "id": "TR-02_2-083", "tipo": "completo", "axis_azimuth": 0, "punto": "eje de unidad (no el motor)", "ncu": 2, "gw": 2, "axis_tilt": 0, "max_angle": 55, "backtrack": true, "gcr": 0.3843, "cross_axis_tilt": 0}}, {"type": "Feature", "geometry": {"type": "Point", "coordinates": [-71.7976018, -16.6047158]}, "properties": {"rol": "seguidor", "id": "TR-02_2-084", "tipo": "completo", "axis_azimuth": 0, "punto": "eje de unidad (no el motor)", "ncu": 2, "gw": 2, "axis_tilt": 0, "max_angle": 55, "backtrack": true, "gcr": 0.3843, "cross_axis_tilt": 0}}, {"type": "Feature", "geometry": {"type": "Point", "coordinates": [-71.7974856, -16.6047173]}, "properties": {"rol": "seguidor", "id": "TR-02_2-085", "tipo": "completo", "axis_azimuth": 0, "punto": "eje de unidad (no el motor)", "ncu": 2, "gw": 2, "axis_tilt": 0, "max_angle": 55, "backtrack": true, "gcr": 0.3843, "cross_axis_tilt": 0}}, {"type": "Feature", "geometry": {"type": "Point", "coordinates": [-71.7973695, -16.6047189]}, "properties": {"rol": "seguidor", "id": "TR-02_2-086", "tipo": "completo", "axis_azimuth": 0, "punto": "eje de unidad (no el motor)", "ncu": 2, "gw": 2, "axis_tilt": 0, "max_angle": 55, "backtrack": true, "gcr": 0.3843, "cross_axis_tilt": 0}}, {"type": "Feature", "geometry": {"type": "Point", "coordinates": [-71.7972534, -16.6047205]}, "properties": {"rol": "seguidor", "id": "TR-02_2-087", "tipo": "completo", "axis_azimuth": 0, "punto": "eje de unidad (no el motor)", "ncu": 2, "gw": 2, "axis_tilt": 0, "max_angle": 55, "backtrack": true, "gcr": 0.3843, "cross_axis_tilt": 0}}, {"type": "Feature", "geometry": {"type": "Point", "coordinates": [-71.7971373, -16.604722]}, "properties": {"rol": "seguidor", "id": "TR-02_2-088", "tipo": "completo", "axis_azimuth": 0, "punto": "eje de unidad (no el motor)", "ncu": 2, "gw": 2, "axis_tilt": 0, "max_angle": 55, "backtrack": true, "gcr": 0.3843, "cross_axis_tilt": 0}}, {"type": "Feature", "geometry": {"type": "Point", "coordinates": [-71.7970212, -16.6047236]}, "properties": {"rol": "seguidor", "id": "TR-02_2-089", "tipo": "completo", "axis_azimuth": 0, "punto": "eje de unidad (no el motor)", "ncu": 2, "gw": 2, "axis_tilt": 0, "max_angle": 55, "backtrack": true, "gcr": 0.3843, "cross_axis_tilt": 0}}, {"type": "Feature", "geometry": {"type": "Point", "coordinates": [-71.7969051, -16.6047252]}, "properties": {"rol": "seguidor", "id": "TR-02_2-090", "tipo": "completo", "axis_azimuth": 0, "punto": "eje de unidad (no el motor)", "ncu": 2, "gw": 2, "axis_tilt": 0, "max_angle": 55, "backtrack": true, "gcr": 0.3843, "cross_axis_tilt": 0}}, {"type": "Feature", "geometry": {"type": "Point", "coordinates": [-71.796789, -16.6047267]}, "properties": {"rol": "seguidor", "id": "TR-02_2-091", "tipo": "completo", "axis_azimuth": 0, "punto": "eje de unidad (no el motor)", "ncu": 2, "gw": 2, "axis_tilt": 0, "max_angle": 55, "backtrack": true, "gcr": 0.3843, "cross_axis_tilt": 0}}, {"type": "Feature", "geometry": {"type": "Point", "coordinates": [-71.7966729, -16.6047283]}, "properties": {"rol": "seguidor", "id": "TR-02_2-092", "tipo": "completo", "axis_azimuth": 0, "punto": "eje de unidad (no el motor)", "ncu": 2, "gw": 2, "axis_tilt": 0, "max_angle": 55, "backtrack": true, "gcr": 0.3843, "cross_axis_tilt": 0}}, {"type": "Feature", "geometry": {"type": "Point", "coordinates": [-71.7965567, -16.6047298]}, "properties": {"rol": "seguidor", "id": "TR-02_2-093", "tipo": "completo", "axis_azimuth": 0, "punto": "eje de unidad (no el motor)", "ncu": 2, "gw": 2, "axis_tilt": 0, "max_angle": 55, "backtrack": true, "gcr": 0.3843, "cross_axis_tilt": 0}}, {"type": "Feature", "geometry": {"type": "Point", "coordinates": [-71.7964406, -16.6047314]}, "properties": {"rol": "seguidor", "id": "TR-02_2-094", "tipo": "completo", "axis_azimuth": 0, "punto": "eje de unidad (no el motor)", "ncu": 2, "gw": 2, "axis_tilt": 0, "max_angle": 55, "backtrack": true, "gcr": 0.3843, "cross_axis_tilt": 0}}, {"type": "Feature", "geometry": {"type": "Point", "coordinates": [-71.7963245, -16.604733]}, "properties": {"rol": "seguidor", "id": "TR-02_2-095", "tipo": "completo", "axis_azimuth": 0, "punto": "eje de unidad (no el motor)", "ncu": 2, "gw": 2, "axis_tilt": 0, "max_angle": 55, "backtrack": true, "gcr": 0.3843, "cross_axis_tilt": 0}}, {"type": "Feature", "geometry": {"type": "Point", "coordinates": [-71.7962084, -16.6047345]}, "properties": {"rol": "seguidor", "id": "TR-02_2-096", "tipo": "completo", "axis_azimuth": 0, "punto": "eje de unidad (no el motor)", "ncu": 2, "gw": 2, "axis_tilt": 0, "max_angle": 55, "backtrack": true, "gcr": 0.3843, "cross_axis_tilt": 0}}, {"type": "Feature", "geometry": {"type": "Point", "coordinates": [-71.7960932, -16.6047361]}, "properties": {"rol": "seguidor", "id": "TR-02_2-097", "tipo": "completo", "axis_azimuth": 0, "punto": "eje de unidad (no el motor)", "ncu": 2, "gw": 2, "axis_tilt": 0, "max_angle": 55, "backtrack": true, "gcr": 0.3843, "cross_axis_tilt": 0}}, {"type": "Feature", "geometry": {"type": "Point", "coordinates": [-71.7959771, -16.6047376]}, "properties": {"rol": "seguidor", "id": "TR-02_2-098", "tipo": "completo", "axis_azimuth": 0, "punto": "eje de unidad (no el motor)", "ncu": 2, "gw": 2, "axis_tilt": 0, "max_angle": 55, "backtrack": true, "gcr": 0.3843, "cross_axis_tilt": 0}}, {"type": "Feature", "geometry": {"type": "Point", "coordinates": [-71.795861, -16.6047392]}, "properties": {"rol": "seguidor", "id": "TR-02_2-099", "tipo": "completo", "axis_azimuth": 0, "punto": "eje de unidad (no el motor)", "ncu": 2, "gw": 2, "axis_tilt": 0, "max_angle": 55, "backtrack": true, "gcr": 0.3843, "cross_axis_tilt": 0}}, {"type": "Feature", "geometry": {"type": "Point", "coordinates": [-71.7957449, -16.6047408]}, "properties": {"rol": "seguidor", "id": "TR-02_2-100", "tipo": "completo", "axis_azimuth": 0, "punto": "eje de unidad (no el motor)", "ncu": 2, "gw": 2, "axis_tilt": 0, "max_angle": 55, "backtrack": true, "gcr": 0.3843, "cross_axis_tilt": 0}}, {"type": "Feature", "geometry": {"type": "Point", "coordinates": [-71.7956288, -16.6047423]}, "properties": {"rol": "seguidor", "id": "TR-02_2-101", "tipo": "completo", "axis_azimuth": 0, "punto": "eje de unidad (no el motor)", "ncu": 2, "gw": 2, "axis_tilt": 0, "max_angle": 55, "backtrack": true, "gcr": 0.3843, "cross_axis_tilt": 0}}, {"type": "Feature", "geometry": {"type": "Point", "coordinates": [-71.7976116, -16.6053939]}, "properties": {"rol": "seguidor", "id": "TR-02_2-102", "tipo": "completo", "axis_azimuth": 0, "punto": "eje de unidad (no el motor)", "ncu": 2, "gw": 2, "axis_tilt": 0, "max_angle": 55, "backtrack": true, "gcr": 0.3843, "cross_axis_tilt": 0}}, {"type": "Feature", "geometry": {"type": "Point", "coordinates": [-71.7974955, -16.6053954]}, "properties": {"rol": "seguidor", "id": "TR-02_2-103", "tipo": "completo", "axis_azimuth": 0, "punto": "eje de unidad (no el motor)", "ncu": 2, "gw": 2, "axis_tilt": 0, "max_angle": 55, "backtrack": true, "gcr": 0.3843, "cross_axis_tilt": 0}}, {"type": "Feature", "geometry": {"type": "Point", "coordinates": [-71.7973794, -16.605397]}, "properties": {"rol": "seguidor", "id": "TR-02_2-104", "tipo": "completo", "axis_azimuth": 0, "punto": "eje de unidad (no el motor)", "ncu": 2, "gw": 2, "axis_tilt": 0, "max_angle": 55, "backtrack": true, "gcr": 0.3843, "cross_axis_tilt": 0}}, {"type": "Feature", "geometry": {"type": "Point", "coordinates": [-71.7972632, -16.6053986]}, "properties": {"rol": "seguidor", "id": "TR-02_2-105", "tipo": "completo", "axis_azimuth": 0, "punto": "eje de unidad (no el motor)", "ncu": 2, "gw": 2, "axis_tilt": 0, "max_angle": 55, "backtrack": true, "gcr": 0.3843, "cross_axis_tilt": 0}}, {"type": "Feature", "geometry": {"type": "Point", "coordinates": [-71.7971471, -16.6054001]}, "properties": {"rol": "seguidor", "id": "TR-02_2-106", "tipo": "completo", "axis_azimuth": 0, "punto": "eje de unidad (no el motor)", "ncu": 2, "gw": 2, "axis_tilt": 0, "max_angle": 55, "backtrack": true, "gcr": 0.3843, "cross_axis_tilt": 0}}, {"type": "Feature", "geometry": {"type": "Point", "coordinates": [-71.797031, -16.6054017]}, "properties": {"rol": "seguidor", "id": "TR-02_2-107", "tipo": "completo", "axis_azimuth": 0, "punto": "eje de unidad (no el motor)", "ncu": 2, "gw": 2, "axis_tilt": 0, "max_angle": 55, "backtrack": true, "gcr": 0.3843, "cross_axis_tilt": 0}}, {"type": "Feature", "geometry": {"type": "Point", "coordinates": [-71.7969149, -16.6054032]}, "properties": {"rol": "seguidor", "id": "TR-02_2-108", "tipo": "completo", "axis_azimuth": 0, "punto": "eje de unidad (no el motor)", "ncu": 2, "gw": 2, "axis_tilt": 0, "max_angle": 55, "backtrack": true, "gcr": 0.3843, "cross_axis_tilt": 0}}, {"type": "Feature", "geometry": {"type": "Point", "coordinates": [-71.7967988, -16.6054048]}, "properties": {"rol": "seguidor", "id": "TR-02_2-109", "tipo": "completo", "axis_azimuth": 0, "punto": "eje de unidad (no el motor)", "ncu": 2, "gw": 2, "axis_tilt": 0, "max_angle": 55, "backtrack": true, "gcr": 0.3843, "cross_axis_tilt": 0}}, {"type": "Feature", "geometry": {"type": "Point", "coordinates": [-71.7966827, -16.6054064]}, "properties": {"rol": "seguidor", "id": "TR-02_2-110", "tipo": "completo", "axis_azimuth": 0, "punto": "eje de unidad (no el motor)", "ncu": 2, "gw": 2, "axis_tilt": 0, "max_angle": 55, "backtrack": true, "gcr": 0.3843, "cross_axis_tilt": 0}}, {"type": "Feature", "geometry": {"type": "Point", "coordinates": [-71.7965666, -16.6054079]}, "properties": {"rol": "seguidor", "id": "TR-02_2-111", "tipo": "completo", "axis_azimuth": 0, "punto": "eje de unidad (no el motor)", "ncu": 2, "gw": 2, "axis_tilt": 0, "max_angle": 55, "backtrack": true, "gcr": 0.3843, "cross_axis_tilt": 0}}, {"type": "Feature", "geometry": {"type": "Point", "coordinates": [-71.7964504, -16.6054095]}, "properties": {"rol": "seguidor", "id": "TR-02_2-112", "tipo": "completo", "axis_azimuth": 0, "punto": "eje de unidad (no el motor)", "ncu": 2, "gw": 2, "axis_tilt": 0, "max_angle": 55, "backtrack": true, "gcr": 0.3843, "cross_axis_tilt": 0}}, {"type": "Feature", "geometry": {"type": "Point", "coordinates": [-71.7963343, -16.6054111]}, "properties": {"rol": "seguidor", "id": "TR-02_2-113", "tipo": "completo", "axis_azimuth": 0, "punto": "eje de unidad (no el motor)", "ncu": 2, "gw": 2, "axis_tilt": 0, "max_angle": 55, "backtrack": true, "gcr": 0.3843, "cross_axis_tilt": 0}}, {"type": "Feature", "geometry": {"type": "Point", "coordinates": [-71.7962182, -16.6054126]}, "properties": {"rol": "seguidor", "id": "TR-02_2-114", "tipo": "completo", "axis_azimuth": 0, "punto": "eje de unidad (no el motor)", "ncu": 2, "gw": 2, "axis_tilt": 0, "max_angle": 55, "backtrack": true, "gcr": 0.3843, "cross_axis_tilt": 0}}, {"type": "Feature", "geometry": {"type": "Point", "coordinates": [-71.796103, -16.6054142]}, "properties": {"rol": "seguidor", "id": "TR-02_2-115", "tipo": "completo", "axis_azimuth": 0, "punto": "eje de unidad (no el motor)", "ncu": 2, "gw": 2, "axis_tilt": 0, "max_angle": 55, "backtrack": true, "gcr": 0.3843, "cross_axis_tilt": 0}}, {"type": "Feature", "geometry": {"type": "Point", "coordinates": [-71.7959869, -16.6054157]}, "properties": {"rol": "seguidor", "id": "TR-02_2-116", "tipo": "completo", "axis_azimuth": 0, "punto": "eje de unidad (no el motor)", "ncu": 2, "gw": 2, "axis_tilt": 0, "max_angle": 55, "backtrack": true, "gcr": 0.3843, "cross_axis_tilt": 0}}, {"type": "Feature", "geometry": {"type": "Point", "coordinates": [-71.7958708, -16.6054173]}, "properties": {"rol": "seguidor", "id": "TR-02_2-117", "tipo": "completo", "axis_azimuth": 0, "punto": "eje de unidad (no el motor)", "ncu": 2, "gw": 2, "axis_tilt": 0, "max_angle": 55, "backtrack": true, "gcr": 0.3843, "cross_axis_tilt": 0}}, {"type": "Feature", "geometry": {"type": "Point", "coordinates": [-71.7957547, -16.6054189]}, "properties": {"rol": "seguidor", "id": "TR-02_2-118", "tipo": "completo", "axis_azimuth": 0, "punto": "eje de unidad (no el motor)", "ncu": 2, "gw": 2, "axis_tilt": 0, "max_angle": 55, "backtrack": true, "gcr": 0.3843, "cross_axis_tilt": 0}}, {"type": "Feature", "geometry": {"type": "Point", "coordinates": [-71.7956386, -16.6054204]}, "properties": {"rol": "seguidor", "id": "TR-02_2-119", "tipo": "completo", "axis_azimuth": 0, "punto": "eje de unidad (no el motor)", "ncu": 2, "gw": 2, "axis_tilt": 0, "max_angle": 55, "backtrack": true, "gcr": 0.3843, "cross_axis_tilt": 0}}, {"type": "Feature", "geometry": {"type": "Point", "coordinates": [-71.8005417, -16.6020021]}, "properties": {"rol": "seguidor", "id": "TR-02_1-001", "tipo": "medio", "axis_azimuth": 0, "punto": "eje de unidad (no el motor)", "ncu": 3, "gw": 1, "axis_tilt": 0, "max_angle": 55, "backtrack": true, "gcr": 0.3843, "cross_axis_tilt": 0}}, {"type": "Feature", "geometry": {"type": "Point", "coordinates": [-71.8004232, -16.6018376]}, "properties": {"rol": "seguidor", "id": "TR-02_1-002", "tipo": "completo", "axis_azimuth": 0, "punto": "eje de unidad (no el motor)", "ncu": 3, "gw": 1, "axis_tilt": 0, "max_angle": 55, "backtrack": true, "gcr": 0.3843, "cross_axis_tilt": 0}}, {"type": "Feature", "geometry": {"type": "Point", "coordinates": [-71.8003071, -16.6018391]}, "properties": {"rol": "seguidor", "id": "TR-02_1-003", "tipo": "completo", "axis_azimuth": 0, "punto": "eje de unidad (no el motor)", "ncu": 3, "gw": 1, "axis_tilt": 0, "max_angle": 55, "backtrack": true, "gcr": 0.3843, "cross_axis_tilt": 0}}, {"type": "Feature", "geometry": {"type": "Point", "coordinates": [-71.8001909, -16.6018407]}, "properties": {"rol": "seguidor", "id": "TR-02_1-004", "tipo": "completo", "axis_azimuth": 0, "punto": "eje de unidad (no el motor)", "ncu": 3, "gw": 1, "axis_tilt": 0, "max_angle": 55, "backtrack": true, "gcr": 0.3843, "cross_axis_tilt": 0}}, {"type": "Feature", "geometry": {"type": "Point", "coordinates": [-71.8000748, -16.6018423]}, "properties": {"rol": "seguidor", "id": "TR-02_1-005", "tipo": "completo", "axis_azimuth": 0, "punto": "eje de unidad (no el motor)", "ncu": 3, "gw": 1, "axis_tilt": 0, "max_angle": 55, "backtrack": true, "gcr": 0.3843, "cross_axis_tilt": 0}}, {"type": "Feature", "geometry": {"type": "Point", "coordinates": [-71.7999587, -16.6018438]}, "properties": {"rol": "seguidor", "id": "TR-02_1-006", "tipo": "completo", "axis_azimuth": 0, "punto": "eje de unidad (no el motor)", "ncu": 3, "gw": 1, "axis_tilt": 0, "max_angle": 55, "backtrack": true, "gcr": 0.3843, "cross_axis_tilt": 0}}, {"type": "Feature", "geometry": {"type": "Point", "coordinates": [-71.7998426, -16.6018454]}, "properties": {"rol": "seguidor", "id": "TR-02_1-007", "tipo": "completo", "axis_azimuth": 0, "punto": "eje de unidad (no el motor)", "ncu": 3, "gw": 1, "axis_tilt": 0, "max_angle": 55, "backtrack": true, "gcr": 0.3843, "cross_axis_tilt": 0}}, {"type": "Feature", "geometry": {"type": "Point", "coordinates": [-71.7997265, -16.601847]}, "properties": {"rol": "seguidor", "id": "TR-02_1-008", "tipo": "completo", "axis_azimuth": 0, "punto": "eje de unidad (no el motor)", "ncu": 3, "gw": 1, "axis_tilt": 0, "max_angle": 55, "backtrack": true, "gcr": 0.3843, "cross_axis_tilt": 0}}, {"type": "Feature", "geometry": {"type": "Point", "coordinates": [-71.7996104, -16.6018485]}, "properties": {"rol": "seguidor", "id": "TR-02_1-009", "tipo": "completo", "axis_azimuth": 0, "punto": "eje de unidad (no el motor)", "ncu": 3, "gw": 1, "axis_tilt": 0, "max_angle": 55, "backtrack": true, "gcr": 0.3843, "cross_axis_tilt": 0}}, {"type": "Feature", "geometry": {"type": "Point", "coordinates": [-71.7994943, -16.6018501]}, "properties": {"rol": "seguidor", "id": "TR-02_1-010", "tipo": "completo", "axis_azimuth": 0, "punto": "eje de unidad (no el motor)", "ncu": 3, "gw": 1, "axis_tilt": 0, "max_angle": 55, "backtrack": true, "gcr": 0.3843, "cross_axis_tilt": 0}}, {"type": "Feature", "geometry": {"type": "Point", "coordinates": [-71.7993107, -16.6018526]}, "properties": {"rol": "seguidor", "id": "TR-02_1-011", "tipo": "completo", "axis_azimuth": 0, "punto": "eje de unidad (no el motor)", "ncu": 3, "gw": 1, "axis_tilt": 0, "max_angle": 55, "backtrack": true, "gcr": 0.3843, "cross_axis_tilt": 0}}, {"type": "Feature", "geometry": {"type": "Point", "coordinates": [-71.7991946, -16.6018541]}, "properties": {"rol": "seguidor", "id": "TR-02_1-012", "tipo": "completo", "axis_azimuth": 0, "punto": "eje de unidad (no el motor)", "ncu": 3, "gw": 1, "axis_tilt": 0, "max_angle": 55, "backtrack": true, "gcr": 0.3843, "cross_axis_tilt": 0}}, {"type": "Feature", "geometry": {"type": "Point", "coordinates": [-71.7990785, -16.6018557]}, "properties": {"rol": "seguidor", "id": "TR-02_1-013", "tipo": "completo", "axis_azimuth": 0, "punto": "eje de unidad (no el motor)", "ncu": 3, "gw": 1, "axis_tilt": 0, "max_angle": 55, "backtrack": true, "gcr": 0.3843, "cross_axis_tilt": 0}}, {"type": "Feature", "geometry": {"type": "Point", "coordinates": [-71.7989624, -16.6018573]}, "properties": {"rol": "seguidor", "id": "TR-02_1-014", "tipo": "completo", "axis_azimuth": 0, "punto": "eje de unidad (no el motor)", "ncu": 3, "gw": 1, "axis_tilt": 0, "max_angle": 55, "backtrack": true, "gcr": 0.3843, "cross_axis_tilt": 0}}, {"type": "Feature", "geometry": {"type": "Point", "coordinates": [-71.7988463, -16.6018588]}, "properties": {"rol": "seguidor", "id": "TR-02_1-015", "tipo": "completo", "axis_azimuth": 0, "punto": "eje de unidad (no el motor)", "ncu": 3, "gw": 1, "axis_tilt": 0, "max_angle": 55, "backtrack": true, "gcr": 0.3843, "cross_axis_tilt": 0}}, {"type": "Feature", "geometry": {"type": "Point", "coordinates": [-71.7987302, -16.6018604]}, "properties": {"rol": "seguidor", "id": "TR-02_1-016", "tipo": "completo", "axis_azimuth": 0, "punto": "eje de unidad (no el motor)", "ncu": 3, "gw": 1, "axis_tilt": 0, "max_angle": 55, "backtrack": true, "gcr": 0.3843, "cross_axis_tilt": 0}}, {"type": "Feature", "geometry": {"type": "Point", "coordinates": [-71.7986141, -16.601862]}, "properties": {"rol": "seguidor", "id": "TR-02_1-017", "tipo": "completo", "axis_azimuth": 0, "punto": "eje de unidad (no el motor)", "ncu": 3, "gw": 1, "axis_tilt": 0, "max_angle": 55, "backtrack": true, "gcr": 0.3843, "cross_axis_tilt": 0}}, {"type": "Feature", "geometry": {"type": "Point", "coordinates": [-71.798498, -16.6018635]}, "properties": {"rol": "seguidor", "id": "TR-02_1-018", "tipo": "completo", "axis_azimuth": 0, "punto": "eje de unidad (no el motor)", "ncu": 3, "gw": 1, "axis_tilt": 0, "max_angle": 55, "backtrack": true, "gcr": 0.3843, "cross_axis_tilt": 0}}, {"type": "Feature", "geometry": {"type": "Point", "coordinates": [-71.7983828, -16.6018651]}, "properties": {"rol": "seguidor", "id": "TR-02_1-019", "tipo": "completo", "axis_azimuth": 0, "punto": "eje de unidad (no el motor)", "ncu": 3, "gw": 1, "axis_tilt": 0, "max_angle": 55, "backtrack": true, "gcr": 0.3843, "cross_axis_tilt": 0}}, {"type": "Feature", "geometry": {"type": "Point", "coordinates": [-71.7982667, -16.6018666]}, "properties": {"rol": "seguidor", "id": "TR-02_1-020", "tipo": "completo", "axis_azimuth": 0, "punto": "eje de unidad (no el motor)", "ncu": 3, "gw": 1, "axis_tilt": 0, "max_angle": 55, "backtrack": true, "gcr": 0.3843, "cross_axis_tilt": 0}}, {"type": "Feature", "geometry": {"type": "Point", "coordinates": [-71.7981506, -16.6018682]}, "properties": {"rol": "seguidor", "id": "TR-02_1-021", "tipo": "completo", "axis_azimuth": 0, "punto": "eje de unidad (no el motor)", "ncu": 3, "gw": 1, "axis_tilt": 0, "max_angle": 55, "backtrack": true, "gcr": 0.3843, "cross_axis_tilt": 0}}, {"type": "Feature", "geometry": {"type": "Point", "coordinates": [-71.7980345, -16.6018698]}, "properties": {"rol": "seguidor", "id": "TR-02_1-022", "tipo": "completo", "axis_azimuth": 0, "punto": "eje de unidad (no el motor)", "ncu": 3, "gw": 1, "axis_tilt": 0, "max_angle": 55, "backtrack": true, "gcr": 0.3843, "cross_axis_tilt": 0}}, {"type": "Feature", "geometry": {"type": "Point", "coordinates": [-71.7979183, -16.6018713]}, "properties": {"rol": "seguidor", "id": "TR-02_1-023", "tipo": "completo", "axis_azimuth": 0, "punto": "eje de unidad (no el motor)", "ncu": 3, "gw": 1, "axis_tilt": 0, "max_angle": 55, "backtrack": true, "gcr": 0.3843, "cross_axis_tilt": 0}}, {"type": "Feature", "geometry": {"type": "Point", "coordinates": [-71.8005491, -16.6025141]}, "properties": {"rol": "seguidor", "id": "TR-02_1-024", "tipo": "completo", "axis_azimuth": 0, "punto": "eje de unidad (no el motor)", "ncu": 3, "gw": 1, "axis_tilt": 0, "max_angle": 55, "backtrack": true, "gcr": 0.3843, "cross_axis_tilt": 0}}, {"type": "Feature", "geometry": {"type": "Point", "coordinates": [-71.800433, -16.6025157]}, "properties": {"rol": "seguidor", "id": "TR-02_1-025", "tipo": "completo", "axis_azimuth": 0, "punto": "eje de unidad (no el motor)", "ncu": 3, "gw": 1, "axis_tilt": 0, "max_angle": 55, "backtrack": true, "gcr": 0.3843, "cross_axis_tilt": 0}}, {"type": "Feature", "geometry": {"type": "Point", "coordinates": [-71.8003169, -16.6025172]}, "properties": {"rol": "seguidor", "id": "TR-02_1-026", "tipo": "completo", "axis_azimuth": 0, "punto": "eje de unidad (no el motor)", "ncu": 3, "gw": 1, "axis_tilt": 0, "max_angle": 55, "backtrack": true, "gcr": 0.3843, "cross_axis_tilt": 0}}, {"type": "Feature", "geometry": {"type": "Point", "coordinates": [-71.8002008, -16.6025188]}, "properties": {"rol": "seguidor", "id": "TR-02_1-027", "tipo": "completo", "axis_azimuth": 0, "punto": "eje de unidad (no el motor)", "ncu": 3, "gw": 1, "axis_tilt": 0, "max_angle": 55, "backtrack": true, "gcr": 0.3843, "cross_axis_tilt": 0}}, {"type": "Feature", "geometry": {"type": "Point", "coordinates": [-71.8000847, -16.6025204]}, "properties": {"rol": "seguidor", "id": "TR-02_1-028", "tipo": "completo", "axis_azimuth": 0, "punto": "eje de unidad (no el motor)", "ncu": 3, "gw": 1, "axis_tilt": 0, "max_angle": 55, "backtrack": true, "gcr": 0.3843, "cross_axis_tilt": 0}}, {"type": "Feature", "geometry": {"type": "Point", "coordinates": [-71.7999686, -16.6025219]}, "properties": {"rol": "seguidor", "id": "TR-02_1-029", "tipo": "completo", "axis_azimuth": 0, "punto": "eje de unidad (no el motor)", "ncu": 3, "gw": 1, "axis_tilt": 0, "max_angle": 55, "backtrack": true, "gcr": 0.3843, "cross_axis_tilt": 0}}, {"type": "Feature", "geometry": {"type": "Point", "coordinates": [-71.7998524, -16.6025235]}, "properties": {"rol": "seguidor", "id": "TR-02_1-030", "tipo": "completo", "axis_azimuth": 0, "punto": "eje de unidad (no el motor)", "ncu": 3, "gw": 1, "axis_tilt": 0, "max_angle": 55, "backtrack": true, "gcr": 0.3843, "cross_axis_tilt": 0}}, {"type": "Feature", "geometry": {"type": "Point", "coordinates": [-71.7997363, -16.602525]}, "properties": {"rol": "seguidor", "id": "TR-02_1-031", "tipo": "completo", "axis_azimuth": 0, "punto": "eje de unidad (no el motor)", "ncu": 3, "gw": 1, "axis_tilt": 0, "max_angle": 55, "backtrack": true, "gcr": 0.3843, "cross_axis_tilt": 0}}, {"type": "Feature", "geometry": {"type": "Point", "coordinates": [-71.7996202, -16.6025266]}, "properties": {"rol": "seguidor", "id": "TR-02_1-032", "tipo": "completo", "axis_azimuth": 0, "punto": "eje de unidad (no el motor)", "ncu": 3, "gw": 1, "axis_tilt": 0, "max_angle": 55, "backtrack": true, "gcr": 0.3843, "cross_axis_tilt": 0}}, {"type": "Feature", "geometry": {"type": "Point", "coordinates": [-71.7995041, -16.6025282]}, "properties": {"rol": "seguidor", "id": "TR-02_1-033", "tipo": "completo", "axis_azimuth": 0, "punto": "eje de unidad (no el motor)", "ncu": 3, "gw": 1, "axis_tilt": 0, "max_angle": 55, "backtrack": true, "gcr": 0.3843, "cross_axis_tilt": 0}}, {"type": "Feature", "geometry": {"type": "Point", "coordinates": [-71.7993206, -16.6025307]}, "properties": {"rol": "seguidor", "id": "TR-02_1-034", "tipo": "completo", "axis_azimuth": 0, "punto": "eje de unidad (no el motor)", "ncu": 3, "gw": 1, "axis_tilt": 0, "max_angle": 55, "backtrack": true, "gcr": 0.3843, "cross_axis_tilt": 0}}, {"type": "Feature", "geometry": {"type": "Point", "coordinates": [-71.7992045, -16.6025322]}, "properties": {"rol": "seguidor", "id": "TR-02_1-035", "tipo": "completo", "axis_azimuth": 0, "punto": "eje de unidad (no el motor)", "ncu": 3, "gw": 1, "axis_tilt": 0, "max_angle": 55, "backtrack": true, "gcr": 0.3843, "cross_axis_tilt": 0}}, {"type": "Feature", "geometry": {"type": "Point", "coordinates": [-71.7990883, -16.6025338]}, "properties": {"rol": "seguidor", "id": "TR-02_1-036", "tipo": "completo", "axis_azimuth": 0, "punto": "eje de unidad (no el motor)", "ncu": 3, "gw": 1, "axis_tilt": 0, "max_angle": 55, "backtrack": true, "gcr": 0.3843, "cross_axis_tilt": 0}}, {"type": "Feature", "geometry": {"type": "Point", "coordinates": [-71.7989732, -16.6025353]}, "properties": {"rol": "seguidor", "id": "TR-02_1-037", "tipo": "completo", "axis_azimuth": 0, "punto": "eje de unidad (no el motor)", "ncu": 3, "gw": 1, "axis_tilt": 0, "max_angle": 55, "backtrack": true, "gcr": 0.3843, "cross_axis_tilt": 0}}, {"type": "Feature", "geometry": {"type": "Point", "coordinates": [-71.7988571, -16.6025369]}, "properties": {"rol": "seguidor", "id": "TR-02_1-038", "tipo": "completo", "axis_azimuth": 0, "punto": "eje de unidad (no el motor)", "ncu": 3, "gw": 1, "axis_tilt": 0, "max_angle": 55, "backtrack": true, "gcr": 0.3843, "cross_axis_tilt": 0}}, {"type": "Feature", "geometry": {"type": "Point", "coordinates": [-71.7987409, -16.6025385]}, "properties": {"rol": "seguidor", "id": "TR-02_1-039", "tipo": "completo", "axis_azimuth": 0, "punto": "eje de unidad (no el motor)", "ncu": 3, "gw": 1, "axis_tilt": 0, "max_angle": 55, "backtrack": true, "gcr": 0.3843, "cross_axis_tilt": 0}}, {"type": "Feature", "geometry": {"type": "Point", "coordinates": [-71.7986248, -16.60254]}, "properties": {"rol": "seguidor", "id": "TR-02_1-040", "tipo": "completo", "axis_azimuth": 0, "punto": "eje de unidad (no el motor)", "ncu": 3, "gw": 1, "axis_tilt": 0, "max_angle": 55, "backtrack": true, "gcr": 0.3843, "cross_axis_tilt": 0}}, {"type": "Feature", "geometry": {"type": "Point", "coordinates": [-71.7985087, -16.6025416]}, "properties": {"rol": "seguidor", "id": "TR-02_1-041", "tipo": "completo", "axis_azimuth": 0, "punto": "eje de unidad (no el motor)", "ncu": 3, "gw": 1, "axis_tilt": 0, "max_angle": 55, "backtrack": true, "gcr": 0.3843, "cross_axis_tilt": 0}}, {"type": "Feature", "geometry": {"type": "Point", "coordinates": [-71.7983926, -16.6025431]}, "properties": {"rol": "seguidor", "id": "TR-02_1-042", "tipo": "completo", "axis_azimuth": 0, "punto": "eje de unidad (no el motor)", "ncu": 3, "gw": 1, "axis_tilt": 0, "max_angle": 55, "backtrack": true, "gcr": 0.3843, "cross_axis_tilt": 0}}, {"type": "Feature", "geometry": {"type": "Point", "coordinates": [-71.7982765, -16.6025447]}, "properties": {"rol": "seguidor", "id": "TR-02_1-043", "tipo": "completo", "axis_azimuth": 0, "punto": "eje de unidad (no el motor)", "ncu": 3, "gw": 1, "axis_tilt": 0, "max_angle": 55, "backtrack": true, "gcr": 0.3843, "cross_axis_tilt": 0}}, {"type": "Feature", "geometry": {"type": "Point", "coordinates": [-71.7981604, -16.6025463]}, "properties": {"rol": "seguidor", "id": "TR-02_1-044", "tipo": "completo", "axis_azimuth": 0, "punto": "eje de unidad (no el motor)", "ncu": 3, "gw": 1, "axis_tilt": 0, "max_angle": 55, "backtrack": true, "gcr": 0.3843, "cross_axis_tilt": 0}}, {"type": "Feature", "geometry": {"type": "Point", "coordinates": [-71.7980443, -16.6025478]}, "properties": {"rol": "seguidor", "id": "TR-02_1-045", "tipo": "completo", "axis_azimuth": 0, "punto": "eje de unidad (no el motor)", "ncu": 3, "gw": 1, "axis_tilt": 0, "max_angle": 55, "backtrack": true, "gcr": 0.3843, "cross_axis_tilt": 0}}, {"type": "Feature", "geometry": {"type": "Point", "coordinates": [-71.7979282, -16.6025494]}, "properties": {"rol": "seguidor", "id": "TR-02_1-046", "tipo": "completo", "axis_azimuth": 0, "punto": "eje de unidad (no el motor)", "ncu": 3, "gw": 1, "axis_tilt": 0, "max_angle": 55, "backtrack": true, "gcr": 0.3843, "cross_axis_tilt": 0}}, {"type": "Feature", "geometry": {"type": "Point", "coordinates": [-71.8002124, -16.6033242]}, "properties": {"rol": "seguidor", "id": "TR-02_1-047", "tipo": "completo", "axis_azimuth": 0, "punto": "eje de unidad (no el motor)", "ncu": 3, "gw": 2, "axis_tilt": 0, "max_angle": 55, "backtrack": true, "gcr": 0.3843, "cross_axis_tilt": 0}}, {"type": "Feature", "geometry": {"type": "Point", "coordinates": [-71.8000963, -16.6033257]}, "properties": {"rol": "seguidor", "id": "TR-02_1-048", "tipo": "completo", "axis_azimuth": 0, "punto": "eje de unidad (no el motor)", "ncu": 3, "gw": 2, "axis_tilt": 0, "max_angle": 55, "backtrack": true, "gcr": 0.3843, "cross_axis_tilt": 0}}, {"type": "Feature", "geometry": {"type": "Point", "coordinates": [-71.7999802, -16.6033273]}, "properties": {"rol": "seguidor", "id": "TR-02_1-049", "tipo": "completo", "axis_azimuth": 0, "punto": "eje de unidad (no el motor)", "ncu": 3, "gw": 2, "axis_tilt": 0, "max_angle": 55, "backtrack": true, "gcr": 0.3843, "cross_axis_tilt": 0}}, {"type": "Feature", "geometry": {"type": "Point", "coordinates": [-71.7998641, -16.6033289]}, "properties": {"rol": "seguidor", "id": "TR-02_1-050", "tipo": "completo", "axis_azimuth": 0, "punto": "eje de unidad (no el motor)", "ncu": 3, "gw": 2, "axis_tilt": 0, "max_angle": 55, "backtrack": true, "gcr": 0.3843, "cross_axis_tilt": 0}}, {"type": "Feature", "geometry": {"type": "Point", "coordinates": [-71.799748, -16.6033304]}, "properties": {"rol": "seguidor", "id": "TR-02_1-051", "tipo": "completo", "axis_azimuth": 0, "punto": "eje de unidad (no el motor)", "ncu": 3, "gw": 2, "axis_tilt": 0, "max_angle": 55, "backtrack": true, "gcr": 0.3843, "cross_axis_tilt": 0}}, {"type": "Feature", "geometry": {"type": "Point", "coordinates": [-71.7996319, -16.603332]}, "properties": {"rol": "seguidor", "id": "TR-02_1-052", "tipo": "completo", "axis_azimuth": 0, "punto": "eje de unidad (no el motor)", "ncu": 3, "gw": 2, "axis_tilt": 0, "max_angle": 55, "backtrack": true, "gcr": 0.3843, "cross_axis_tilt": 0}}, {"type": "Feature", "geometry": {"type": "Point", "coordinates": [-71.7995158, -16.6033336]}, "properties": {"rol": "seguidor", "id": "TR-02_1-053", "tipo": "completo", "axis_azimuth": 0, "punto": "eje de unidad (no el motor)", "ncu": 3, "gw": 2, "axis_tilt": 0, "max_angle": 55, "backtrack": true, "gcr": 0.3843, "cross_axis_tilt": 0}}, {"type": "Feature", "geometry": {"type": "Point", "coordinates": [-71.7993229, -16.6033362]}, "properties": {"rol": "seguidor", "id": "TR-02_1-054", "tipo": "completo", "axis_azimuth": 0, "punto": "eje de unidad (no el motor)", "ncu": 3, "gw": 2, "axis_tilt": 0, "max_angle": 55, "backtrack": true, "gcr": 0.3843, "cross_axis_tilt": 0}}, {"type": "Feature", "geometry": {"type": "Point", "coordinates": [-71.7992068, -16.6033377]}, "properties": {"rol": "seguidor", "id": "TR-02_1-055", "tipo": "completo", "axis_azimuth": 0, "punto": "eje de unidad (no el motor)", "ncu": 3, "gw": 2, "axis_tilt": 0, "max_angle": 55, "backtrack": true, "gcr": 0.3843, "cross_axis_tilt": 0}}, {"type": "Feature", "geometry": {"type": "Point", "coordinates": [-71.7990907, -16.6033393]}, "properties": {"rol": "seguidor", "id": "TR-02_1-056", "tipo": "completo", "axis_azimuth": 0, "punto": "eje de unidad (no el motor)", "ncu": 3, "gw": 2, "axis_tilt": 0, "max_angle": 55, "backtrack": true, "gcr": 0.3843, "cross_axis_tilt": 0}}, {"type": "Feature", "geometry": {"type": "Point", "coordinates": [-71.7989779, -16.603507]}, "properties": {"rol": "seguidor", "id": "TR-02_1-057", "tipo": "medio", "axis_azimuth": 0, "punto": "eje de unidad (no el motor)", "ncu": 3, "gw": 2, "axis_tilt": 0, "max_angle": 55, "backtrack": true, "gcr": 0.3843, "cross_axis_tilt": 0}}, {"type": "Feature", "geometry": {"type": "Point", "coordinates": [-71.7988618, -16.6035085]}, "properties": {"rol": "seguidor", "id": "TR-02_1-058", "tipo": "medio", "axis_azimuth": 0, "punto": "eje de unidad (no el motor)", "ncu": 3, "gw": 2, "axis_tilt": 0, "max_angle": 55, "backtrack": true, "gcr": 0.3843, "cross_axis_tilt": 0}}, {"type": "Feature", "geometry": {"type": "Point", "coordinates": [-71.7987432, -16.603344]}, "properties": {"rol": "seguidor", "id": "TR-02_1-059", "tipo": "completo", "axis_azimuth": 0, "punto": "eje de unidad (no el motor)", "ncu": 3, "gw": 2, "axis_tilt": 0, "max_angle": 55, "backtrack": true, "gcr": 0.3843, "cross_axis_tilt": 0}}, {"type": "Feature", "geometry": {"type": "Point", "coordinates": [-71.7986271, -16.6033455]}, "properties": {"rol": "seguidor", "id": "TR-02_1-060", "tipo": "completo", "axis_azimuth": 0, "punto": "eje de unidad (no el motor)", "ncu": 3, "gw": 2, "axis_tilt": 0, "max_angle": 55, "backtrack": true, "gcr": 0.3843, "cross_axis_tilt": 0}}, {"type": "Feature", "geometry": {"type": "Point", "coordinates": [-71.798511, -16.6033471]}, "properties": {"rol": "seguidor", "id": "TR-02_1-061", "tipo": "completo", "axis_azimuth": 0, "punto": "eje de unidad (no el motor)", "ncu": 3, "gw": 2, "axis_tilt": 0, "max_angle": 55, "backtrack": true, "gcr": 0.3843, "cross_axis_tilt": 0}}, {"type": "Feature", "geometry": {"type": "Point", "coordinates": [-71.7983949, -16.6033487]}, "properties": {"rol": "seguidor", "id": "TR-02_1-062", "tipo": "completo", "axis_azimuth": 0, "punto": "eje de unidad (no el motor)", "ncu": 3, "gw": 2, "axis_tilt": 0, "max_angle": 55, "backtrack": true, "gcr": 0.3843, "cross_axis_tilt": 0}}, {"type": "Feature", "geometry": {"type": "Point", "coordinates": [-71.7982788, -16.6033502]}, "properties": {"rol": "seguidor", "id": "TR-02_1-063", "tipo": "completo", "axis_azimuth": 0, "punto": "eje de unidad (no el motor)", "ncu": 3, "gw": 2, "axis_tilt": 0, "max_angle": 55, "backtrack": true, "gcr": 0.3843, "cross_axis_tilt": 0}}, {"type": "Feature", "geometry": {"type": "Point", "coordinates": [-71.7981627, -16.6033518]}, "properties": {"rol": "seguidor", "id": "TR-02_1-064", "tipo": "completo", "axis_azimuth": 0, "punto": "eje de unidad (no el motor)", "ncu": 3, "gw": 2, "axis_tilt": 0, "max_angle": 55, "backtrack": true, "gcr": 0.3843, "cross_axis_tilt": 0}}, {"type": "Feature", "geometry": {"type": "Point", "coordinates": [-71.7980466, -16.6033534]}, "properties": {"rol": "seguidor", "id": "TR-02_1-065", "tipo": "completo", "axis_azimuth": 0, "punto": "eje de unidad (no el motor)", "ncu": 3, "gw": 2, "axis_tilt": 0, "max_angle": 55, "backtrack": true, "gcr": 0.3843, "cross_axis_tilt": 0}}, {"type": "Feature", "geometry": {"type": "Point", "coordinates": [-71.7979305, -16.6033549]}, "properties": {"rol": "seguidor", "id": "TR-02_1-066", "tipo": "completo", "axis_azimuth": 0, "punto": "eje de unidad (no el motor)", "ncu": 3, "gw": 2, "axis_tilt": 0, "max_angle": 55, "backtrack": true, "gcr": 0.3843, "cross_axis_tilt": 0}}, {"type": "Feature", "geometry": {"type": "Point", "coordinates": [-71.7978143, -16.6033565]}, "properties": {"rol": "seguidor", "id": "TR-02_1-067", "tipo": "completo", "axis_azimuth": 0, "punto": "eje de unidad (no el motor)", "ncu": 3, "gw": 2, "axis_tilt": 0, "max_angle": 55, "backtrack": true, "gcr": 0.3843, "cross_axis_tilt": 0}}, {"type": "Feature", "geometry": {"type": "Point", "coordinates": [-71.7976982, -16.603358]}, "properties": {"rol": "seguidor", "id": "TR-02_1-068", "tipo": "completo", "axis_azimuth": 0, "punto": "eje de unidad (no el motor)", "ncu": 3, "gw": 2, "axis_tilt": 0, "max_angle": 55, "backtrack": true, "gcr": 0.3843, "cross_axis_tilt": 0}}, {"type": "Feature", "geometry": {"type": "Point", "coordinates": [-71.8002223, -16.6040023]}, "properties": {"rol": "seguidor", "id": "TR-02_1-069", "tipo": "completo", "axis_azimuth": 0, "punto": "eje de unidad (no el motor)", "ncu": 3, "gw": 2, "axis_tilt": 0, "max_angle": 55, "backtrack": true, "gcr": 0.3843, "cross_axis_tilt": 0}}, {"type": "Feature", "geometry": {"type": "Point", "coordinates": [-71.8001062, -16.6040038]}, "properties": {"rol": "seguidor", "id": "TR-02_1-070", "tipo": "completo", "axis_azimuth": 0, "punto": "eje de unidad (no el motor)", "ncu": 3, "gw": 2, "axis_tilt": 0, "max_angle": 55, "backtrack": true, "gcr": 0.3843, "cross_axis_tilt": 0}}, {"type": "Feature", "geometry": {"type": "Point", "coordinates": [-71.7999901, -16.6040054]}, "properties": {"rol": "seguidor", "id": "TR-02_1-071", "tipo": "completo", "axis_azimuth": 0, "punto": "eje de unidad (no el motor)", "ncu": 3, "gw": 2, "axis_tilt": 0, "max_angle": 55, "backtrack": true, "gcr": 0.3843, "cross_axis_tilt": 0}}, {"type": "Feature", "geometry": {"type": "Point", "coordinates": [-71.7998739, -16.604007]}, "properties": {"rol": "seguidor", "id": "TR-02_1-072", "tipo": "completo", "axis_azimuth": 0, "punto": "eje de unidad (no el motor)", "ncu": 3, "gw": 2, "axis_tilt": 0, "max_angle": 55, "backtrack": true, "gcr": 0.3843, "cross_axis_tilt": 0}}, {"type": "Feature", "geometry": {"type": "Point", "coordinates": [-71.7997578, -16.6040085]}, "properties": {"rol": "seguidor", "id": "TR-02_1-073", "tipo": "completo", "axis_azimuth": 0, "punto": "eje de unidad (no el motor)", "ncu": 3, "gw": 2, "axis_tilt": 0, "max_angle": 55, "backtrack": true, "gcr": 0.3843, "cross_axis_tilt": 0}}, {"type": "Feature", "geometry": {"type": "Point", "coordinates": [-71.7996417, -16.6040101]}, "properties": {"rol": "seguidor", "id": "TR-02_1-074", "tipo": "completo", "axis_azimuth": 0, "punto": "eje de unidad (no el motor)", "ncu": 3, "gw": 2, "axis_tilt": 0, "max_angle": 55, "backtrack": true, "gcr": 0.3843, "cross_axis_tilt": 0}}, {"type": "Feature", "geometry": {"type": "Point", "coordinates": [-71.7995256, -16.6040117]}, "properties": {"rol": "seguidor", "id": "TR-02_1-075", "tipo": "completo", "axis_azimuth": 0, "punto": "eje de unidad (no el motor)", "ncu": 3, "gw": 2, "axis_tilt": 0, "max_angle": 55, "backtrack": true, "gcr": 0.3843, "cross_axis_tilt": 0}}, {"type": "Feature", "geometry": {"type": "Point", "coordinates": [-71.7993327, -16.6040142]}, "properties": {"rol": "seguidor", "id": "TR-02_1-076", "tipo": "completo", "axis_azimuth": 0, "punto": "eje de unidad (no el motor)", "ncu": 3, "gw": 2, "axis_tilt": 0, "max_angle": 55, "backtrack": true, "gcr": 0.3843, "cross_axis_tilt": 0}}, {"type": "Feature", "geometry": {"type": "Point", "coordinates": [-71.7992166, -16.6040158]}, "properties": {"rol": "seguidor", "id": "TR-02_1-077", "tipo": "completo", "axis_azimuth": 0, "punto": "eje de unidad (no el motor)", "ncu": 3, "gw": 2, "axis_tilt": 0, "max_angle": 55, "backtrack": true, "gcr": 0.3843, "cross_axis_tilt": 0}}, {"type": "Feature", "geometry": {"type": "Point", "coordinates": [-71.7991005, -16.6040174]}, "properties": {"rol": "seguidor", "id": "TR-02_1-078", "tipo": "completo", "axis_azimuth": 0, "punto": "eje de unidad (no el motor)", "ncu": 3, "gw": 2, "axis_tilt": 0, "max_angle": 55, "backtrack": true, "gcr": 0.3843, "cross_axis_tilt": 0}}, {"type": "Feature", "geometry": {"type": "Point", "coordinates": [-71.7989853, -16.6040189]}, "properties": {"rol": "seguidor", "id": "TR-02_1-079", "tipo": "completo", "axis_azimuth": 0, "punto": "eje de unidad (no el motor)", "ncu": 3, "gw": 2, "axis_tilt": 0, "max_angle": 55, "backtrack": true, "gcr": 0.3843, "cross_axis_tilt": 0}}, {"type": "Feature", "geometry": {"type": "Point", "coordinates": [-71.7988692, -16.6040205]}, "properties": {"rol": "seguidor", "id": "TR-02_1-080", "tipo": "completo", "axis_azimuth": 0, "punto": "eje de unidad (no el motor)", "ncu": 3, "gw": 2, "axis_tilt": 0, "max_angle": 55, "backtrack": true, "gcr": 0.3843, "cross_axis_tilt": 0}}, {"type": "Feature", "geometry": {"type": "Point", "coordinates": [-71.7987531, -16.6040221]}, "properties": {"rol": "seguidor", "id": "TR-02_1-081", "tipo": "completo", "axis_azimuth": 0, "punto": "eje de unidad (no el motor)", "ncu": 3, "gw": 2, "axis_tilt": 0, "max_angle": 55, "backtrack": true, "gcr": 0.3843, "cross_axis_tilt": 0}}, {"type": "Feature", "geometry": {"type": "Point", "coordinates": [-71.798637, -16.6040236]}, "properties": {"rol": "seguidor", "id": "TR-02_1-082", "tipo": "completo", "axis_azimuth": 0, "punto": "eje de unidad (no el motor)", "ncu": 3, "gw": 2, "axis_tilt": 0, "max_angle": 55, "backtrack": true, "gcr": 0.3843, "cross_axis_tilt": 0}}, {"type": "Feature", "geometry": {"type": "Point", "coordinates": [-71.7985208, -16.6040252]}, "properties": {"rol": "seguidor", "id": "TR-02_1-083", "tipo": "completo", "axis_azimuth": 0, "punto": "eje de unidad (no el motor)", "ncu": 3, "gw": 2, "axis_tilt": 0, "max_angle": 55, "backtrack": true, "gcr": 0.3843, "cross_axis_tilt": 0}}, {"type": "Feature", "geometry": {"type": "Point", "coordinates": [-71.7984047, -16.6040267]}, "properties": {"rol": "seguidor", "id": "TR-02_1-084", "tipo": "completo", "axis_azimuth": 0, "punto": "eje de unidad (no el motor)", "ncu": 3, "gw": 2, "axis_tilt": 0, "max_angle": 55, "backtrack": true, "gcr": 0.3843, "cross_axis_tilt": 0}}, {"type": "Feature", "geometry": {"type": "Point", "coordinates": [-71.7982886, -16.6040283]}, "properties": {"rol": "seguidor", "id": "TR-02_1-085", "tipo": "completo", "axis_azimuth": 0, "punto": "eje de unidad (no el motor)", "ncu": 3, "gw": 2, "axis_tilt": 0, "max_angle": 55, "backtrack": true, "gcr": 0.3843, "cross_axis_tilt": 0}}, {"type": "Feature", "geometry": {"type": "Point", "coordinates": [-71.7981725, -16.6040299]}, "properties": {"rol": "seguidor", "id": "TR-02_1-086", "tipo": "completo", "axis_azimuth": 0, "punto": "eje de unidad (no el motor)", "ncu": 3, "gw": 2, "axis_tilt": 0, "max_angle": 55, "backtrack": true, "gcr": 0.3843, "cross_axis_tilt": 0}}, {"type": "Feature", "geometry": {"type": "Point", "coordinates": [-71.7980564, -16.6040314]}, "properties": {"rol": "seguidor", "id": "TR-02_1-087", "tipo": "completo", "axis_azimuth": 0, "punto": "eje de unidad (no el motor)", "ncu": 3, "gw": 2, "axis_tilt": 0, "max_angle": 55, "backtrack": true, "gcr": 0.3843, "cross_axis_tilt": 0}}, {"type": "Feature", "geometry": {"type": "Point", "coordinates": [-71.7979403, -16.604033]}, "properties": {"rol": "seguidor", "id": "TR-02_1-088", "tipo": "completo", "axis_azimuth": 0, "punto": "eje de unidad (no el motor)", "ncu": 3, "gw": 2, "axis_tilt": 0, "max_angle": 55, "backtrack": true, "gcr": 0.3843, "cross_axis_tilt": 0}}, {"type": "Feature", "geometry": {"type": "Point", "coordinates": [-71.7978242, -16.6040346]}, "properties": {"rol": "seguidor", "id": "TR-02_1-089", "tipo": "completo", "axis_azimuth": 0, "punto": "eje de unidad (no el motor)", "ncu": 3, "gw": 2, "axis_tilt": 0, "max_angle": 55, "backtrack": true, "gcr": 0.3843, "cross_axis_tilt": 0}}, {"type": "Feature", "geometry": {"type": "Point", "coordinates": [-71.7977081, -16.6040361]}, "properties": {"rol": "seguidor", "id": "TR-02_1-090", "tipo": "completo", "axis_azimuth": 0, "punto": "eje de unidad (no el motor)", "ncu": 3, "gw": 2, "axis_tilt": 0, "max_angle": 55, "backtrack": true, "gcr": 0.3843, "cross_axis_tilt": 0}}, {"type": "Feature", "geometry": {"type": "Point", "coordinates": [-71.7993425, -16.6046923]}, "properties": {"rol": "seguidor", "id": "TR-02_1-091", "tipo": "completo", "axis_azimuth": 0, "punto": "eje de unidad (no el motor)", "ncu": 3, "gw": 2, "axis_tilt": 0, "max_angle": 55, "backtrack": true, "gcr": 0.3843, "cross_axis_tilt": 0}}, {"type": "Feature", "geometry": {"type": "Point", "coordinates": [-71.7992264, -16.6046939]}, "properties": {"rol": "seguidor", "id": "TR-02_1-092", "tipo": "completo", "axis_azimuth": 0, "punto": "eje de unidad (no el motor)", "ncu": 3, "gw": 2, "axis_tilt": 0, "max_angle": 55, "backtrack": true, "gcr": 0.3843, "cross_axis_tilt": 0}}, {"type": "Feature", "geometry": {"type": "Point", "coordinates": [-71.7991103, -16.6046955]}, "properties": {"rol": "seguidor", "id": "TR-02_1-093", "tipo": "completo", "axis_azimuth": 0, "punto": "eje de unidad (no el motor)", "ncu": 3, "gw": 2, "axis_tilt": 0, "max_angle": 55, "backtrack": true, "gcr": 0.3843, "cross_axis_tilt": 0}}, {"type": "Feature", "geometry": {"type": "Point", "coordinates": [-71.7989951, -16.604697]}, "properties": {"rol": "seguidor", "id": "TR-02_1-094", "tipo": "completo", "axis_azimuth": 0, "punto": "eje de unidad (no el motor)", "ncu": 3, "gw": 2, "axis_tilt": 0, "max_angle": 55, "backtrack": true, "gcr": 0.3843, "cross_axis_tilt": 0}}, {"type": "Feature", "geometry": {"type": "Point", "coordinates": [-71.798879, -16.6046986]}, "properties": {"rol": "seguidor", "id": "TR-02_1-095", "tipo": "completo", "axis_azimuth": 0, "punto": "eje de unidad (no el motor)", "ncu": 3, "gw": 2, "axis_tilt": 0, "max_angle": 55, "backtrack": true, "gcr": 0.3843, "cross_axis_tilt": 0}}, {"type": "Feature", "geometry": {"type": "Point", "coordinates": [-71.7987629, -16.6047001]}, "properties": {"rol": "seguidor", "id": "TR-02_1-096", "tipo": "completo", "axis_azimuth": 0, "punto": "eje de unidad (no el motor)", "ncu": 3, "gw": 2, "axis_tilt": 0, "max_angle": 55, "backtrack": true, "gcr": 0.3843, "cross_axis_tilt": 0}}, {"type": "Feature", "geometry": {"type": "Point", "coordinates": [-71.7986468, -16.6047017]}, "properties": {"rol": "seguidor", "id": "TR-02_1-097", "tipo": "completo", "axis_azimuth": 0, "punto": "eje de unidad (no el motor)", "ncu": 3, "gw": 2, "axis_tilt": 0, "max_angle": 55, "backtrack": true, "gcr": 0.3843, "cross_axis_tilt": 0}}, {"type": "Feature", "geometry": {"type": "Point", "coordinates": [-71.7985307, -16.6047033]}, "properties": {"rol": "seguidor", "id": "TR-02_1-098", "tipo": "completo", "axis_azimuth": 0, "punto": "eje de unidad (no el motor)", "ncu": 3, "gw": 2, "axis_tilt": 0, "max_angle": 55, "backtrack": true, "gcr": 0.3843, "cross_axis_tilt": 0}}, {"type": "Feature", "geometry": {"type": "Point", "coordinates": [-71.7984146, -16.6047048]}, "properties": {"rol": "seguidor", "id": "TR-02_1-099", "tipo": "completo", "axis_azimuth": 0, "punto": "eje de unidad (no el motor)", "ncu": 3, "gw": 2, "axis_tilt": 0, "max_angle": 55, "backtrack": true, "gcr": 0.3843, "cross_axis_tilt": 0}}, {"type": "Feature", "geometry": {"type": "Point", "coordinates": [-71.7982984, -16.6047064]}, "properties": {"rol": "seguidor", "id": "TR-02_1-100", "tipo": "completo", "axis_azimuth": 0, "punto": "eje de unidad (no el motor)", "ncu": 3, "gw": 2, "axis_tilt": 0, "max_angle": 55, "backtrack": true, "gcr": 0.3843, "cross_axis_tilt": 0}}, {"type": "Feature", "geometry": {"type": "Point", "coordinates": [-71.7981823, -16.604708]}, "properties": {"rol": "seguidor", "id": "TR-02_1-101", "tipo": "completo", "axis_azimuth": 0, "punto": "eje de unidad (no el motor)", "ncu": 3, "gw": 2, "axis_tilt": 0, "max_angle": 55, "backtrack": true, "gcr": 0.3843, "cross_axis_tilt": 0}}, {"type": "Feature", "geometry": {"type": "Point", "coordinates": [-71.7980662, -16.6047095]}, "properties": {"rol": "seguidor", "id": "TR-02_1-102", "tipo": "completo", "axis_azimuth": 0, "punto": "eje de unidad (no el motor)", "ncu": 3, "gw": 2, "axis_tilt": 0, "max_angle": 55, "backtrack": true, "gcr": 0.3843, "cross_axis_tilt": 0}}, {"type": "Feature", "geometry": {"type": "Point", "coordinates": [-71.7979501, -16.6047111]}, "properties": {"rol": "seguidor", "id": "TR-02_1-103", "tipo": "completo", "axis_azimuth": 0, "punto": "eje de unidad (no el motor)", "ncu": 3, "gw": 2, "axis_tilt": 0, "max_angle": 55, "backtrack": true, "gcr": 0.3843, "cross_axis_tilt": 0}}, {"type": "Feature", "geometry": {"type": "Point", "coordinates": [-71.797834, -16.6047127]}, "properties": {"rol": "seguidor", "id": "TR-02_1-104", "tipo": "completo", "axis_azimuth": 0, "punto": "eje de unidad (no el motor)", "ncu": 3, "gw": 2, "axis_tilt": 0, "max_angle": 55, "backtrack": true, "gcr": 0.3843, "cross_axis_tilt": 0}}, {"type": "Feature", "geometry": {"type": "Point", "coordinates": [-71.7977179, -16.6047142]}, "properties": {"rol": "seguidor", "id": "TR-02_1-105", "tipo": "completo", "axis_azimuth": 0, "punto": "eje de unidad (no el motor)", "ncu": 3, "gw": 2, "axis_tilt": 0, "max_angle": 55, "backtrack": true, "gcr": 0.3843, "cross_axis_tilt": 0}}, {"type": "Feature", "geometry": {"type": "Point", "coordinates": [-71.7993524, -16.6053704]}, "properties": {"rol": "seguidor", "id": "TR-02_1-106", "tipo": "completo", "axis_azimuth": 0, "punto": "eje de unidad (no el motor)", "ncu": 3, "gw": 2, "axis_tilt": 0, "max_angle": 55, "backtrack": true, "gcr": 0.3843, "cross_axis_tilt": 0}}, {"type": "Feature", "geometry": {"type": "Point", "coordinates": [-71.7992362, -16.605372]}, "properties": {"rol": "seguidor", "id": "TR-02_1-107", "tipo": "completo", "axis_azimuth": 0, "punto": "eje de unidad (no el motor)", "ncu": 3, "gw": 2, "axis_tilt": 0, "max_angle": 55, "backtrack": true, "gcr": 0.3843, "cross_axis_tilt": 0}}, {"type": "Feature", "geometry": {"type": "Point", "coordinates": [-71.7991201, -16.6053735]}, "properties": {"rol": "seguidor", "id": "TR-02_1-108", "tipo": "completo", "axis_azimuth": 0, "punto": "eje de unidad (no el motor)", "ncu": 3, "gw": 2, "axis_tilt": 0, "max_angle": 55, "backtrack": true, "gcr": 0.3843, "cross_axis_tilt": 0}}, {"type": "Feature", "geometry": {"type": "Point", "coordinates": [-71.7990049, -16.6053751]}, "properties": {"rol": "seguidor", "id": "TR-02_1-109", "tipo": "completo", "axis_azimuth": 0, "punto": "eje de unidad (no el motor)", "ncu": 3, "gw": 2, "axis_tilt": 0, "max_angle": 55, "backtrack": true, "gcr": 0.3843, "cross_axis_tilt": 0}}, {"type": "Feature", "geometry": {"type": "Point", "coordinates": [-71.7988888, -16.6053767]}, "properties": {"rol": "seguidor", "id": "TR-02_1-110", "tipo": "completo", "axis_azimuth": 0, "punto": "eje de unidad (no el motor)", "ncu": 3, "gw": 2, "axis_tilt": 0, "max_angle": 55, "backtrack": true, "gcr": 0.3843, "cross_axis_tilt": 0}}, {"type": "Feature", "geometry": {"type": "Point", "coordinates": [-71.7987727, -16.6053782]}, "properties": {"rol": "seguidor", "id": "TR-02_1-111", "tipo": "completo", "axis_azimuth": 0, "punto": "eje de unidad (no el motor)", "ncu": 3, "gw": 2, "axis_tilt": 0, "max_angle": 55, "backtrack": true, "gcr": 0.3843, "cross_axis_tilt": 0}}, {"type": "Feature", "geometry": {"type": "Point", "coordinates": [-71.7986566, -16.6053798]}, "properties": {"rol": "seguidor", "id": "TR-02_1-112", "tipo": "completo", "axis_azimuth": 0, "punto": "eje de unidad (no el motor)", "ncu": 3, "gw": 2, "axis_tilt": 0, "max_angle": 55, "backtrack": true, "gcr": 0.3843, "cross_axis_tilt": 0}}, {"type": "Feature", "geometry": {"type": "Point", "coordinates": [-71.7985405, -16.6053813]}, "properties": {"rol": "seguidor", "id": "TR-02_1-113", "tipo": "completo", "axis_azimuth": 0, "punto": "eje de unidad (no el motor)", "ncu": 3, "gw": 2, "axis_tilt": 0, "max_angle": 55, "backtrack": true, "gcr": 0.3843, "cross_axis_tilt": 0}}, {"type": "Feature", "geometry": {"type": "Point", "coordinates": [-71.7984244, -16.6053829]}, "properties": {"rol": "seguidor", "id": "TR-02_1-114", "tipo": "completo", "axis_azimuth": 0, "punto": "eje de unidad (no el motor)", "ncu": 3, "gw": 2, "axis_tilt": 0, "max_angle": 55, "backtrack": true, "gcr": 0.3843, "cross_axis_tilt": 0}}, {"type": "Feature", "geometry": {"type": "Point", "coordinates": [-71.7983083, -16.6053845]}, "properties": {"rol": "seguidor", "id": "TR-02_1-115", "tipo": "completo", "axis_azimuth": 0, "punto": "eje de unidad (no el motor)", "ncu": 3, "gw": 2, "axis_tilt": 0, "max_angle": 55, "backtrack": true, "gcr": 0.3843, "cross_axis_tilt": 0}}, {"type": "Feature", "geometry": {"type": "Point", "coordinates": [-71.7981922, -16.605386]}, "properties": {"rol": "seguidor", "id": "TR-02_1-116", "tipo": "completo", "axis_azimuth": 0, "punto": "eje de unidad (no el motor)", "ncu": 3, "gw": 2, "axis_tilt": 0, "max_angle": 55, "backtrack": true, "gcr": 0.3843, "cross_axis_tilt": 0}}, {"type": "Feature", "geometry": {"type": "Point", "coordinates": [-71.798076, -16.6053876]}, "properties": {"rol": "seguidor", "id": "TR-02_1-117", "tipo": "completo", "axis_azimuth": 0, "punto": "eje de unidad (no el motor)", "ncu": 3, "gw": 2, "axis_tilt": 0, "max_angle": 55, "backtrack": true, "gcr": 0.3843, "cross_axis_tilt": 0}}, {"type": "Feature", "geometry": {"type": "Point", "coordinates": [-71.7979599, -16.6053892]}, "properties": {"rol": "seguidor", "id": "TR-02_1-118", "tipo": "completo", "axis_azimuth": 0, "punto": "eje de unidad (no el motor)", "ncu": 3, "gw": 2, "axis_tilt": 0, "max_angle": 55, "backtrack": true, "gcr": 0.3843, "cross_axis_tilt": 0}}, {"type": "Feature", "geometry": {"type": "Point", "coordinates": [-71.7978438, -16.6053907]}, "properties": {"rol": "seguidor", "id": "TR-02_1-119", "tipo": "completo", "axis_azimuth": 0, "punto": "eje de unidad (no el motor)", "ncu": 3, "gw": 2, "axis_tilt": 0, "max_angle": 55, "backtrack": true, "gcr": 0.3843, "cross_axis_tilt": 0}}, {"type": "Feature", "geometry": {"type": "Point", "coordinates": [-71.7977277, -16.6053923]}, "properties": {"rol": "seguidor", "id": "TR-02_1-120", "tipo": "completo", "axis_azimuth": 0, "punto": "eje de unidad (no el motor)", "ncu": 3, "gw": 2, "axis_tilt": 0, "max_angle": 55, "backtrack": true, "gcr": 0.3843, "cross_axis_tilt": 0}}, {"type": "Feature", "geometry": {"type": "Point", "coordinates": [-71.8025122, -16.6018094]}, "properties": {"rol": "seguidor", "id": "TR-03_1-001", "tipo": "completo", "axis_azimuth": 0, "punto": "eje de unidad (no el motor)", "ncu": 4, "gw": 1, "axis_tilt": 0, "max_angle": 55, "backtrack": true, "gcr": 0.3843, "cross_axis_tilt": 0}}, {"type": "Feature", "geometry": {"type": "Point", "coordinates": [-71.8023961, -16.601811]}, "properties": {"rol": "seguidor", "id": "TR-03_1-002", "tipo": "completo", "axis_azimuth": 0, "punto": "eje de unidad (no el motor)", "ncu": 4, "gw": 1, "axis_tilt": 0, "max_angle": 55, "backtrack": true, "gcr": 0.3843, "cross_axis_tilt": 0}}, {"type": "Feature", "geometry": {"type": "Point", "coordinates": [-71.80228, -16.6018125]}, "properties": {"rol": "seguidor", "id": "TR-03_1-003", "tipo": "completo", "axis_azimuth": 0, "punto": "eje de unidad (no el motor)", "ncu": 4, "gw": 1, "axis_tilt": 0, "max_angle": 55, "backtrack": true, "gcr": 0.3843, "cross_axis_tilt": 0}}, {"type": "Feature", "geometry": {"type": "Point", "coordinates": [-71.8021639, -16.6018141]}, "properties": {"rol": "seguidor", "id": "TR-03_1-004", "tipo": "completo", "axis_azimuth": 0, "punto": "eje de unidad (no el motor)", "ncu": 4, "gw": 1, "axis_tilt": 0, "max_angle": 55, "backtrack": true, "gcr": 0.3843, "cross_axis_tilt": 0}}, {"type": "Feature", "geometry": {"type": "Point", "coordinates": [-71.8020502, -16.6019818]}, "properties": {"rol": "seguidor", "id": "TR-03_1-005", "tipo": "medio", "axis_azimuth": 0, "punto": "eje de unidad (no el motor)", "ncu": 4, "gw": 1, "axis_tilt": 0, "max_angle": 55, "backtrack": true, "gcr": 0.3843, "cross_axis_tilt": 0}}, {"type": "Feature", "geometry": {"type": "Point", "coordinates": [-71.8019341, -16.6019834]}, "properties": {"rol": "seguidor", "id": "TR-03_1-006", "tipo": "medio", "axis_azimuth": 0, "punto": "eje de unidad (no el motor)", "ncu": 4, "gw": 1, "axis_tilt": 0, "max_angle": 55, "backtrack": true, "gcr": 0.3843, "cross_axis_tilt": 0}}, {"type": "Feature", "geometry": {"type": "Point", "coordinates": [-71.801818, -16.6019849]}, "properties": {"rol": "seguidor", "id": "TR-03_1-007", "tipo": "medio", "axis_azimuth": 0, "punto": "eje de unidad (no el motor)", "ncu": 4, "gw": 1, "axis_tilt": 0, "max_angle": 55, "backtrack": true, "gcr": 0.3843, "cross_axis_tilt": 0}}, {"type": "Feature", "geometry": {"type": "Point", "coordinates": [-71.8017019, -16.6019865]}, "properties": {"rol": "seguidor", "id": "TR-03_1-008", "tipo": "medio", "axis_azimuth": 0, "punto": "eje de unidad (no el motor)", "ncu": 4, "gw": 1, "axis_tilt": 0, "max_angle": 55, "backtrack": true, "gcr": 0.3843, "cross_axis_tilt": 0}}, {"type": "Feature", "geometry": {"type": "Point", "coordinates": [-71.8015858, -16.6019881]}, "properties": {"rol": "seguidor", "id": "TR-03_1-009", "tipo": "medio", "axis_azimuth": 0, "punto": "eje de unidad (no el motor)", "ncu": 4, "gw": 1, "axis_tilt": 0, "max_angle": 55, "backtrack": true, "gcr": 0.3843, "cross_axis_tilt": 0}}, {"type": "Feature", "geometry": {"type": "Point", "coordinates": [-71.8014706, -16.6019896]}, "properties": {"rol": "seguidor", "id": "TR-03_1-010", "tipo": "medio", "axis_azimuth": 0, "punto": "eje de unidad (no el motor)", "ncu": 4, "gw": 1, "axis_tilt": 0, "max_angle": 55, "backtrack": true, "gcr": 0.3843, "cross_axis_tilt": 0}}, {"type": "Feature", "geometry": {"type": "Point", "coordinates": [-71.8013545, -16.6019912]}, "properties": {"rol": "seguidor", "id": "TR-03_1-011", "tipo": "medio", "axis_azimuth": 0, "punto": "eje de unidad (no el motor)", "ncu": 4, "gw": 1, "axis_tilt": 0, "max_angle": 55, "backtrack": true, "gcr": 0.3843, "cross_axis_tilt": 0}}, {"type": "Feature", "geometry": {"type": "Point", "coordinates": [-71.8012384, -16.6019928]}, "properties": {"rol": "seguidor", "id": "TR-03_1-012", "tipo": "medio", "axis_azimuth": 0, "punto": "eje de unidad (no el motor)", "ncu": 4, "gw": 1, "axis_tilt": 0, "max_angle": 55, "backtrack": true, "gcr": 0.3843, "cross_axis_tilt": 0}}, {"type": "Feature", "geometry": {"type": "Point", "coordinates": [-71.8011223, -16.6019943]}, "properties": {"rol": "seguidor", "id": "TR-03_1-013", "tipo": "medio", "axis_azimuth": 0, "punto": "eje de unidad (no el motor)", "ncu": 4, "gw": 1, "axis_tilt": 0, "max_angle": 55, "backtrack": true, "gcr": 0.3843, "cross_axis_tilt": 0}}, {"type": "Feature", "geometry": {"type": "Point", "coordinates": [-71.8010061, -16.6019959]}, "properties": {"rol": "seguidor", "id": "TR-03_1-014", "tipo": "medio", "axis_azimuth": 0, "punto": "eje de unidad (no el motor)", "ncu": 4, "gw": 1, "axis_tilt": 0, "max_angle": 55, "backtrack": true, "gcr": 0.3843, "cross_axis_tilt": 0}}, {"type": "Feature", "geometry": {"type": "Point", "coordinates": [-71.80089, -16.6019975]}, "properties": {"rol": "seguidor", "id": "TR-03_1-015", "tipo": "medio", "axis_azimuth": 0, "punto": "eje de unidad (no el motor)", "ncu": 4, "gw": 1, "axis_tilt": 0, "max_angle": 55, "backtrack": true, "gcr": 0.3843, "cross_axis_tilt": 0}}, {"type": "Feature", "geometry": {"type": "Point", "coordinates": [-71.8007739, -16.601999]}, "properties": {"rol": "seguidor", "id": "TR-03_1-016", "tipo": "medio", "axis_azimuth": 0, "punto": "eje de unidad (no el motor)", "ncu": 4, "gw": 1, "axis_tilt": 0, "max_angle": 55, "backtrack": true, "gcr": 0.3843, "cross_axis_tilt": 0}}, {"type": "Feature", "geometry": {"type": "Point", "coordinates": [-71.8006578, -16.6020006]}, "properties": {"rol": "seguidor", "id": "TR-03_1-017", "tipo": "medio", "axis_azimuth": 0, "punto": "eje de unidad (no el motor)", "ncu": 4, "gw": 1, "axis_tilt": 0, "max_angle": 55, "backtrack": true, "gcr": 0.3843, "cross_axis_tilt": 0}}, {"type": "Feature", "geometry": {"type": "Point", "coordinates": [-71.8025221, -16.6024875]}, "properties": {"rol": "seguidor", "id": "TR-03_1-018", "tipo": "completo", "axis_azimuth": 0, "punto": "eje de unidad (no el motor)", "ncu": 4, "gw": 1, "axis_tilt": 0, "max_angle": 55, "backtrack": true, "gcr": 0.3843, "cross_axis_tilt": 0}}, {"type": "Feature", "geometry": {"type": "Point", "coordinates": [-71.802406, -16.6024891]}, "properties": {"rol": "seguidor", "id": "TR-03_1-019", "tipo": "completo", "axis_azimuth": 0, "punto": "eje de unidad (no el motor)", "ncu": 4, "gw": 1, "axis_tilt": 0, "max_angle": 55, "backtrack": true, "gcr": 0.3843, "cross_axis_tilt": 0}}, {"type": "Feature", "geometry": {"type": "Point", "coordinates": [-71.8022899, -16.6024906]}, "properties": {"rol": "seguidor", "id": "TR-03_1-020", "tipo": "completo", "axis_azimuth": 0, "punto": "eje de unidad (no el motor)", "ncu": 4, "gw": 1, "axis_tilt": 0, "max_angle": 55, "backtrack": true, "gcr": 0.3843, "cross_axis_tilt": 0}}, {"type": "Feature", "geometry": {"type": "Point", "coordinates": [-71.8021737, -16.6024922]}, "properties": {"rol": "seguidor", "id": "TR-03_1-021", "tipo": "completo", "axis_azimuth": 0, "punto": "eje de unidad (no el motor)", "ncu": 4, "gw": 1, "axis_tilt": 0, "max_angle": 55, "backtrack": true, "gcr": 0.3843, "cross_axis_tilt": 0}}, {"type": "Feature", "geometry": {"type": "Point", "coordinates": [-71.8020576, -16.6024938]}, "properties": {"rol": "seguidor", "id": "TR-03_1-022", "tipo": "completo", "axis_azimuth": 0, "punto": "eje de unidad (no el motor)", "ncu": 4, "gw": 1, "axis_tilt": 0, "max_angle": 55, "backtrack": true, "gcr": 0.3843, "cross_axis_tilt": 0}}, {"type": "Feature", "geometry": {"type": "Point", "coordinates": [-71.8019415, -16.6024953]}, "properties": {"rol": "seguidor", "id": "TR-03_1-023", "tipo": "completo", "axis_azimuth": 0, "punto": "eje de unidad (no el motor)", "ncu": 4, "gw": 1, "axis_tilt": 0, "max_angle": 55, "backtrack": true, "gcr": 0.3843, "cross_axis_tilt": 0}}, {"type": "Feature", "geometry": {"type": "Point", "coordinates": [-71.8018254, -16.6024969]}, "properties": {"rol": "seguidor", "id": "TR-03_1-024", "tipo": "completo", "axis_azimuth": 0, "punto": "eje de unidad (no el motor)", "ncu": 4, "gw": 1, "axis_tilt": 0, "max_angle": 55, "backtrack": true, "gcr": 0.3843, "cross_axis_tilt": 0}}, {"type": "Feature", "geometry": {"type": "Point", "coordinates": [-71.8017093, -16.6024985]}, "properties": {"rol": "seguidor", "id": "TR-03_1-025", "tipo": "completo", "axis_azimuth": 0, "punto": "eje de unidad (no el motor)", "ncu": 4, "gw": 1, "axis_tilt": 0, "max_angle": 55, "backtrack": true, "gcr": 0.3843, "cross_axis_tilt": 0}}, {"type": "Feature", "geometry": {"type": "Point", "coordinates": [-71.8015932, -16.6025]}, "properties": {"rol": "seguidor", "id": "TR-03_1-026", "tipo": "completo", "axis_azimuth": 0, "punto": "eje de unidad (no el motor)", "ncu": 4, "gw": 1, "axis_tilt": 0, "max_angle": 55, "backtrack": true, "gcr": 0.3843, "cross_axis_tilt": 0}}, {"type": "Feature", "geometry": {"type": "Point", "coordinates": [-71.801478, -16.6025016]}, "properties": {"rol": "seguidor", "id": "TR-03_1-027", "tipo": "completo", "axis_azimuth": 0, "punto": "eje de unidad (no el motor)", "ncu": 4, "gw": 1, "axis_tilt": 0, "max_angle": 55, "backtrack": true, "gcr": 0.3843, "cross_axis_tilt": 0}}, {"type": "Feature", "geometry": {"type": "Point", "coordinates": [-71.8013619, -16.6025031]}, "properties": {"rol": "seguidor", "id": "TR-03_1-028", "tipo": "completo", "axis_azimuth": 0, "punto": "eje de unidad (no el motor)", "ncu": 4, "gw": 1, "axis_tilt": 0, "max_angle": 55, "backtrack": true, "gcr": 0.3843, "cross_axis_tilt": 0}}, {"type": "Feature", "geometry": {"type": "Point", "coordinates": [-71.8012458, -16.6025047]}, "properties": {"rol": "seguidor", "id": "TR-03_1-029", "tipo": "completo", "axis_azimuth": 0, "punto": "eje de unidad (no el motor)", "ncu": 4, "gw": 1, "axis_tilt": 0, "max_angle": 55, "backtrack": true, "gcr": 0.3843, "cross_axis_tilt": 0}}, {"type": "Feature", "geometry": {"type": "Point", "coordinates": [-71.8011297, -16.6025063]}, "properties": {"rol": "seguidor", "id": "TR-03_1-030", "tipo": "completo", "axis_azimuth": 0, "punto": "eje de unidad (no el motor)", "ncu": 4, "gw": 1, "axis_tilt": 0, "max_angle": 55, "backtrack": true, "gcr": 0.3843, "cross_axis_tilt": 0}}, {"type": "Feature", "geometry": {"type": "Point", "coordinates": [-71.8010136, -16.6025078]}, "properties": {"rol": "seguidor", "id": "TR-03_1-031", "tipo": "completo", "axis_azimuth": 0, "punto": "eje de unidad (no el motor)", "ncu": 4, "gw": 1, "axis_tilt": 0, "max_angle": 55, "backtrack": true, "gcr": 0.3843, "cross_axis_tilt": 0}}, {"type": "Feature", "geometry": {"type": "Point", "coordinates": [-71.8008974, -16.6025094]}, "properties": {"rol": "seguidor", "id": "TR-03_1-032", "tipo": "completo", "axis_azimuth": 0, "punto": "eje de unidad (no el motor)", "ncu": 4, "gw": 1, "axis_tilt": 0, "max_angle": 55, "backtrack": true, "gcr": 0.3843, "cross_axis_tilt": 0}}, {"type": "Feature", "geometry": {"type": "Point", "coordinates": [-71.8007813, -16.602511]}, "properties": {"rol": "seguidor", "id": "TR-03_1-033", "tipo": "completo", "axis_azimuth": 0, "punto": "eje de unidad (no el motor)", "ncu": 4, "gw": 1, "axis_tilt": 0, "max_angle": 55, "backtrack": true, "gcr": 0.3843, "cross_axis_tilt": 0}}, {"type": "Feature", "geometry": {"type": "Point", "coordinates": [-71.8006652, -16.6025125]}, "properties": {"rol": "seguidor", "id": "TR-03_1-034", "tipo": "completo", "axis_azimuth": 0, "punto": "eje de unidad (no el motor)", "ncu": 4, "gw": 1, "axis_tilt": 0, "max_angle": 55, "backtrack": true, "gcr": 0.3843, "cross_axis_tilt": 0}}, {"type": "Feature", "geometry": {"type": "Point", "coordinates": [-71.8024177, -16.6032945]}, "properties": {"rol": "seguidor", "id": "TR-03_1-035", "tipo": "completo", "axis_azimuth": 0, "punto": "eje de unidad (no el motor)", "ncu": 4, "gw": 1, "axis_tilt": 0, "max_angle": 55, "backtrack": true, "gcr": 0.3843, "cross_axis_tilt": 0}}, {"type": "Feature", "geometry": {"type": "Point", "coordinates": [-71.8023015, -16.603296]}, "properties": {"rol": "seguidor", "id": "TR-03_1-036", "tipo": "completo", "axis_azimuth": 0, "punto": "eje de unidad (no el motor)", "ncu": 4, "gw": 1, "axis_tilt": 0, "max_angle": 55, "backtrack": true, "gcr": 0.3843, "cross_axis_tilt": 0}}, {"type": "Feature", "geometry": {"type": "Point", "coordinates": [-71.8021854, -16.6032976]}, "properties": {"rol": "seguidor", "id": "TR-03_1-037", "tipo": "completo", "axis_azimuth": 0, "punto": "eje de unidad (no el motor)", "ncu": 4, "gw": 1, "axis_tilt": 0, "max_angle": 55, "backtrack": true, "gcr": 0.3843, "cross_axis_tilt": 0}}, {"type": "Feature", "geometry": {"type": "Point", "coordinates": [-71.8020693, -16.6032991]}, "properties": {"rol": "seguidor", "id": "TR-03_1-038", "tipo": "completo", "axis_azimuth": 0, "punto": "eje de unidad (no el motor)", "ncu": 4, "gw": 1, "axis_tilt": 0, "max_angle": 55, "backtrack": true, "gcr": 0.3843, "cross_axis_tilt": 0}}, {"type": "Feature", "geometry": {"type": "Point", "coordinates": [-71.8019532, -16.6033007]}, "properties": {"rol": "seguidor", "id": "TR-03_1-039", "tipo": "completo", "axis_azimuth": 0, "punto": "eje de unidad (no el motor)", "ncu": 4, "gw": 1, "axis_tilt": 0, "max_angle": 55, "backtrack": true, "gcr": 0.3843, "cross_axis_tilt": 0}}, {"type": "Feature", "geometry": {"type": "Point", "coordinates": [-71.8018371, -16.6033023]}, "properties": {"rol": "seguidor", "id": "TR-03_1-040", "tipo": "completo", "axis_azimuth": 0, "punto": "eje de unidad (no el motor)", "ncu": 4, "gw": 1, "axis_tilt": 0, "max_angle": 55, "backtrack": true, "gcr": 0.3843, "cross_axis_tilt": 0}}, {"type": "Feature", "geometry": {"type": "Point", "coordinates": [-71.801721, -16.6033038]}, "properties": {"rol": "seguidor", "id": "TR-03_1-041", "tipo": "completo", "axis_azimuth": 0, "punto": "eje de unidad (no el motor)", "ncu": 4, "gw": 1, "axis_tilt": 0, "max_angle": 55, "backtrack": true, "gcr": 0.3843, "cross_axis_tilt": 0}}, {"type": "Feature", "geometry": {"type": "Point", "coordinates": [-71.8016049, -16.6033054]}, "properties": {"rol": "seguidor", "id": "TR-03_1-042", "tipo": "completo", "axis_azimuth": 0, "punto": "eje de unidad (no el motor)", "ncu": 4, "gw": 1, "axis_tilt": 0, "max_angle": 55, "backtrack": true, "gcr": 0.3843, "cross_axis_tilt": 0}}, {"type": "Feature", "geometry": {"type": "Point", "coordinates": [-71.8014897, -16.603307]}, "properties": {"rol": "seguidor", "id": "TR-03_1-043", "tipo": "completo", "axis_azimuth": 0, "punto": "eje de unidad (no el motor)", "ncu": 4, "gw": 1, "axis_tilt": 0, "max_angle": 55, "backtrack": true, "gcr": 0.3843, "cross_axis_tilt": 0}}, {"type": "Feature", "geometry": {"type": "Point", "coordinates": [-71.8013736, -16.6033085]}, "properties": {"rol": "seguidor", "id": "TR-03_1-044", "tipo": "completo", "axis_azimuth": 0, "punto": "eje de unidad (no el motor)", "ncu": 4, "gw": 1, "axis_tilt": 0, "max_angle": 55, "backtrack": true, "gcr": 0.3843, "cross_axis_tilt": 0}}, {"type": "Feature", "geometry": {"type": "Point", "coordinates": [-71.8012575, -16.6033101]}, "properties": {"rol": "seguidor", "id": "TR-03_1-045", "tipo": "completo", "axis_azimuth": 0, "punto": "eje de unidad (no el motor)", "ncu": 4, "gw": 1, "axis_tilt": 0, "max_angle": 55, "backtrack": true, "gcr": 0.3843, "cross_axis_tilt": 0}}, {"type": "Feature", "geometry": {"type": "Point", "coordinates": [-71.8011414, -16.6033117]}, "properties": {"rol": "seguidor", "id": "TR-03_1-046", "tipo": "completo", "axis_azimuth": 0, "punto": "eje de unidad (no el motor)", "ncu": 4, "gw": 1, "axis_tilt": 0, "max_angle": 55, "backtrack": true, "gcr": 0.3843, "cross_axis_tilt": 0}}, {"type": "Feature", "geometry": {"type": "Point", "coordinates": [-71.8010252, -16.6033132]}, "properties": {"rol": "seguidor", "id": "TR-03_1-047", "tipo": "completo", "axis_azimuth": 0, "punto": "eje de unidad (no el motor)", "ncu": 4, "gw": 1, "axis_tilt": 0, "max_angle": 55, "backtrack": true, "gcr": 0.3843, "cross_axis_tilt": 0}}, {"type": "Feature", "geometry": {"type": "Point", "coordinates": [-71.8009091, -16.6033148]}, "properties": {"rol": "seguidor", "id": "TR-03_1-048", "tipo": "completo", "axis_azimuth": 0, "punto": "eje de unidad (no el motor)", "ncu": 4, "gw": 1, "axis_tilt": 0, "max_angle": 55, "backtrack": true, "gcr": 0.3843, "cross_axis_tilt": 0}}, {"type": "Feature", "geometry": {"type": "Point", "coordinates": [-71.800793, -16.6033164]}, "properties": {"rol": "seguidor", "id": "TR-03_1-049", "tipo": "completo", "axis_azimuth": 0, "punto": "eje de unidad (no el motor)", "ncu": 4, "gw": 1, "axis_tilt": 0, "max_angle": 55, "backtrack": true, "gcr": 0.3843, "cross_axis_tilt": 0}}, {"type": "Feature", "geometry": {"type": "Point", "coordinates": [-71.8006769, -16.6033179]}, "properties": {"rol": "seguidor", "id": "TR-03_1-050", "tipo": "completo", "axis_azimuth": 0, "punto": "eje de unidad (no el motor)", "ncu": 4, "gw": 1, "axis_tilt": 0, "max_angle": 55, "backtrack": true, "gcr": 0.3843, "cross_axis_tilt": 0}}, {"type": "Feature", "geometry": {"type": "Point", "coordinates": [-71.8005608, -16.6033195]}, "properties": {"rol": "seguidor", "id": "TR-03_1-051", "tipo": "completo", "axis_azimuth": 0, "punto": "eje de unidad (no el motor)", "ncu": 4, "gw": 1, "axis_tilt": 0, "max_angle": 55, "backtrack": true, "gcr": 0.3843, "cross_axis_tilt": 0}}, {"type": "Feature", "geometry": {"type": "Point", "coordinates": [-71.8004447, -16.6033211]}, "properties": {"rol": "seguidor", "id": "TR-03_1-052", "tipo": "completo", "axis_azimuth": 0, "punto": "eje de unidad (no el motor)", "ncu": 4, "gw": 1, "axis_tilt": 0, "max_angle": 55, "backtrack": true, "gcr": 0.3843, "cross_axis_tilt": 0}}, {"type": "Feature", "geometry": {"type": "Point", "coordinates": [-71.8003286, -16.6033226]}, "properties": {"rol": "seguidor", "id": "TR-03_1-053", "tipo": "completo", "axis_azimuth": 0, "punto": "eje de unidad (no el motor)", "ncu": 4, "gw": 1, "axis_tilt": 0, "max_angle": 55, "backtrack": true, "gcr": 0.3843, "cross_axis_tilt": 0}}, {"type": "Feature", "geometry": {"type": "Point", "coordinates": [-71.8024275, -16.6039725]}, "properties": {"rol": "seguidor", "id": "TR-03_1-054", "tipo": "completo", "axis_azimuth": 0, "punto": "eje de unidad (no el motor)", "ncu": 4, "gw": 1, "axis_tilt": 0, "max_angle": 55, "backtrack": true, "gcr": 0.3843, "cross_axis_tilt": 0}}, {"type": "Feature", "geometry": {"type": "Point", "coordinates": [-71.8023114, -16.6039741]}, "properties": {"rol": "seguidor", "id": "TR-03_1-055", "tipo": "completo", "axis_azimuth": 0, "punto": "eje de unidad (no el motor)", "ncu": 4, "gw": 1, "axis_tilt": 0, "max_angle": 55, "backtrack": true, "gcr": 0.3843, "cross_axis_tilt": 0}}, {"type": "Feature", "geometry": {"type": "Point", "coordinates": [-71.8021953, -16.6039757]}, "properties": {"rol": "seguidor", "id": "TR-03_1-056", "tipo": "completo", "axis_azimuth": 0, "punto": "eje de unidad (no el motor)", "ncu": 4, "gw": 1, "axis_tilt": 0, "max_angle": 55, "backtrack": true, "gcr": 0.3843, "cross_axis_tilt": 0}}, {"type": "Feature", "geometry": {"type": "Point", "coordinates": [-71.8020791, -16.6039772]}, "properties": {"rol": "seguidor", "id": "TR-03_1-057", "tipo": "completo", "axis_azimuth": 0, "punto": "eje de unidad (no el motor)", "ncu": 4, "gw": 1, "axis_tilt": 0, "max_angle": 55, "backtrack": true, "gcr": 0.3843, "cross_axis_tilt": 0}}, {"type": "Feature", "geometry": {"type": "Point", "coordinates": [-71.801963, -16.6039788]}, "properties": {"rol": "seguidor", "id": "TR-03_1-058", "tipo": "completo", "axis_azimuth": 0, "punto": "eje de unidad (no el motor)", "ncu": 4, "gw": 1, "axis_tilt": 0, "max_angle": 55, "backtrack": true, "gcr": 0.3843, "cross_axis_tilt": 0}}, {"type": "Feature", "geometry": {"type": "Point", "coordinates": [-71.8018469, -16.6039804]}, "properties": {"rol": "seguidor", "id": "TR-03_1-059", "tipo": "completo", "axis_azimuth": 0, "punto": "eje de unidad (no el motor)", "ncu": 4, "gw": 1, "axis_tilt": 0, "max_angle": 55, "backtrack": true, "gcr": 0.3843, "cross_axis_tilt": 0}}, {"type": "Feature", "geometry": {"type": "Point", "coordinates": [-71.8017308, -16.6039819]}, "properties": {"rol": "seguidor", "id": "TR-03_1-060", "tipo": "completo", "axis_azimuth": 0, "punto": "eje de unidad (no el motor)", "ncu": 4, "gw": 1, "axis_tilt": 0, "max_angle": 55, "backtrack": true, "gcr": 0.3843, "cross_axis_tilt": 0}}, {"type": "Feature", "geometry": {"type": "Point", "coordinates": [-71.8016147, -16.6039835]}, "properties": {"rol": "seguidor", "id": "TR-03_1-061", "tipo": "completo", "axis_azimuth": 0, "punto": "eje de unidad (no el motor)", "ncu": 4, "gw": 1, "axis_tilt": 0, "max_angle": 55, "backtrack": true, "gcr": 0.3843, "cross_axis_tilt": 0}}, {"type": "Feature", "geometry": {"type": "Point", "coordinates": [-71.8014995, -16.603985]}, "properties": {"rol": "seguidor", "id": "TR-03_1-062", "tipo": "completo", "axis_azimuth": 0, "punto": "eje de unidad (no el motor)", "ncu": 4, "gw": 1, "axis_tilt": 0, "max_angle": 55, "backtrack": true, "gcr": 0.3843, "cross_axis_tilt": 0}}, {"type": "Feature", "geometry": {"type": "Point", "coordinates": [-71.8013834, -16.6039866]}, "properties": {"rol": "seguidor", "id": "TR-03_1-063", "tipo": "completo", "axis_azimuth": 0, "punto": "eje de unidad (no el motor)", "ncu": 4, "gw": 1, "axis_tilt": 0, "max_angle": 55, "backtrack": true, "gcr": 0.3843, "cross_axis_tilt": 0}}, {"type": "Feature", "geometry": {"type": "Point", "coordinates": [-71.8012673, -16.6039882]}, "properties": {"rol": "seguidor", "id": "TR-03_1-064", "tipo": "completo", "axis_azimuth": 0, "punto": "eje de unidad (no el motor)", "ncu": 4, "gw": 1, "axis_tilt": 0, "max_angle": 55, "backtrack": true, "gcr": 0.3843, "cross_axis_tilt": 0}}, {"type": "Feature", "geometry": {"type": "Point", "coordinates": [-71.8011512, -16.6039897]}, "properties": {"rol": "seguidor", "id": "TR-03_1-065", "tipo": "completo", "axis_azimuth": 0, "punto": "eje de unidad (no el motor)", "ncu": 4, "gw": 1, "axis_tilt": 0, "max_angle": 55, "backtrack": true, "gcr": 0.3843, "cross_axis_tilt": 0}}, {"type": "Feature", "geometry": {"type": "Point", "coordinates": [-71.8010351, -16.6039913]}, "properties": {"rol": "seguidor", "id": "TR-03_1-066", "tipo": "completo", "axis_azimuth": 0, "punto": "eje de unidad (no el motor)", "ncu": 4, "gw": 1, "axis_tilt": 0, "max_angle": 55, "backtrack": true, "gcr": 0.3843, "cross_axis_tilt": 0}}, {"type": "Feature", "geometry": {"type": "Point", "coordinates": [-71.800919, -16.6039929]}, "properties": {"rol": "seguidor", "id": "TR-03_1-067", "tipo": "completo", "axis_azimuth": 0, "punto": "eje de unidad (no el motor)", "ncu": 4, "gw": 1, "axis_tilt": 0, "max_angle": 55, "backtrack": true, "gcr": 0.3843, "cross_axis_tilt": 0}}, {"type": "Feature", "geometry": {"type": "Point", "coordinates": [-71.8008028, -16.6039944]}, "properties": {"rol": "seguidor", "id": "TR-03_1-068", "tipo": "completo", "axis_azimuth": 0, "punto": "eje de unidad (no el motor)", "ncu": 4, "gw": 1, "axis_tilt": 0, "max_angle": 55, "backtrack": true, "gcr": 0.3843, "cross_axis_tilt": 0}}, {"type": "Feature", "geometry": {"type": "Point", "coordinates": [-71.8006867, -16.603996]}, "properties": {"rol": "seguidor", "id": "TR-03_1-069", "tipo": "completo", "axis_azimuth": 0, "punto": "eje de unidad (no el motor)", "ncu": 4, "gw": 1, "axis_tilt": 0, "max_angle": 55, "backtrack": true, "gcr": 0.3843, "cross_axis_tilt": 0}}, {"type": "Feature", "geometry": {"type": "Point", "coordinates": [-71.8005706, -16.6039976]}, "properties": {"rol": "seguidor", "id": "TR-03_1-070", "tipo": "completo", "axis_azimuth": 0, "punto": "eje de unidad (no el motor)", "ncu": 4, "gw": 1, "axis_tilt": 0, "max_angle": 55, "backtrack": true, "gcr": 0.3843, "cross_axis_tilt": 0}}, {"type": "Feature", "geometry": {"type": "Point", "coordinates": [-71.8004545, -16.6039991]}, "properties": {"rol": "seguidor", "id": "TR-03_1-071", "tipo": "completo", "axis_azimuth": 0, "punto": "eje de unidad (no el motor)", "ncu": 4, "gw": 1, "axis_tilt": 0, "max_angle": 55, "backtrack": true, "gcr": 0.3843, "cross_axis_tilt": 0}}, {"type": "Feature", "geometry": {"type": "Point", "coordinates": [-71.8003384, -16.6040007]}, "properties": {"rol": "seguidor", "id": "TR-03_1-072", "tipo": "completo", "axis_azimuth": 0, "punto": "eje de unidad (no el motor)", "ncu": 4, "gw": 1, "axis_tilt": 0, "max_angle": 55, "backtrack": true, "gcr": 0.3843, "cross_axis_tilt": 0}}, {"type": "Feature", "geometry": {"type": "Point", "coordinates": [-71.8024373, -16.6046506]}, "properties": {"rol": "seguidor", "id": "TR-03_1-073", "tipo": "completo", "axis_azimuth": 0, "punto": "eje de unidad (no el motor)", "ncu": 4, "gw": 1, "axis_tilt": 0, "max_angle": 55, "backtrack": true, "gcr": 0.3843, "cross_axis_tilt": 0}}, {"type": "Feature", "geometry": {"type": "Point", "coordinates": [-71.8023212, -16.6046522]}, "properties": {"rol": "seguidor", "id": "TR-03_1-074", "tipo": "completo", "axis_azimuth": 0, "punto": "eje de unidad (no el motor)", "ncu": 4, "gw": 1, "axis_tilt": 0, "max_angle": 55, "backtrack": true, "gcr": 0.3843, "cross_axis_tilt": 0}}, {"type": "Feature", "geometry": {"type": "Point", "coordinates": [-71.8022051, -16.6046537]}, "properties": {"rol": "seguidor", "id": "TR-03_1-075", "tipo": "completo", "axis_azimuth": 0, "punto": "eje de unidad (no el motor)", "ncu": 4, "gw": 1, "axis_tilt": 0, "max_angle": 55, "backtrack": true, "gcr": 0.3843, "cross_axis_tilt": 0}}, {"type": "Feature", "geometry": {"type": "Point", "coordinates": [-71.802089, -16.6046553]}, "properties": {"rol": "seguidor", "id": "TR-03_1-076", "tipo": "completo", "axis_azimuth": 0, "punto": "eje de unidad (no el motor)", "ncu": 4, "gw": 1, "axis_tilt": 0, "max_angle": 55, "backtrack": true, "gcr": 0.3843, "cross_axis_tilt": 0}}, {"type": "Feature", "geometry": {"type": "Point", "coordinates": [-71.8019729, -16.6046569]}, "properties": {"rol": "seguidor", "id": "TR-03_1-077", "tipo": "completo", "axis_azimuth": 0, "punto": "eje de unidad (no el motor)", "ncu": 4, "gw": 1, "axis_tilt": 0, "max_angle": 55, "backtrack": true, "gcr": 0.3843, "cross_axis_tilt": 0}}, {"type": "Feature", "geometry": {"type": "Point", "coordinates": [-71.8018568, -16.6046584]}, "properties": {"rol": "seguidor", "id": "TR-03_1-078", "tipo": "completo", "axis_azimuth": 0, "punto": "eje de unidad (no el motor)", "ncu": 4, "gw": 1, "axis_tilt": 0, "max_angle": 55, "backtrack": true, "gcr": 0.3843, "cross_axis_tilt": 0}}, {"type": "Feature", "geometry": {"type": "Point", "coordinates": [-71.8017406, -16.60466]}, "properties": {"rol": "seguidor", "id": "TR-03_1-079", "tipo": "completo", "axis_azimuth": 0, "punto": "eje de unidad (no el motor)", "ncu": 4, "gw": 1, "axis_tilt": 0, "max_angle": 55, "backtrack": true, "gcr": 0.3843, "cross_axis_tilt": 0}}, {"type": "Feature", "geometry": {"type": "Point", "coordinates": [-71.8016245, -16.6046616]}, "properties": {"rol": "seguidor", "id": "TR-03_1-080", "tipo": "completo", "axis_azimuth": 0, "punto": "eje de unidad (no el motor)", "ncu": 4, "gw": 1, "axis_tilt": 0, "max_angle": 55, "backtrack": true, "gcr": 0.3843, "cross_axis_tilt": 0}}, {"type": "Feature", "geometry": {"type": "Point", "coordinates": [-71.8015094, -16.6046631]}, "properties": {"rol": "seguidor", "id": "TR-03_1-081", "tipo": "completo", "axis_azimuth": 0, "punto": "eje de unidad (no el motor)", "ncu": 4, "gw": 1, "axis_tilt": 0, "max_angle": 55, "backtrack": true, "gcr": 0.3843, "cross_axis_tilt": 0}}, {"type": "Feature", "geometry": {"type": "Point", "coordinates": [-71.8013932, -16.6046647]}, "properties": {"rol": "seguidor", "id": "TR-03_1-082", "tipo": "completo", "axis_azimuth": 0, "punto": "eje de unidad (no el motor)", "ncu": 4, "gw": 1, "axis_tilt": 0, "max_angle": 55, "backtrack": true, "gcr": 0.3843, "cross_axis_tilt": 0}}, {"type": "Feature", "geometry": {"type": "Point", "coordinates": [-71.8012771, -16.6046663]}, "properties": {"rol": "seguidor", "id": "TR-03_1-083", "tipo": "completo", "axis_azimuth": 0, "punto": "eje de unidad (no el motor)", "ncu": 4, "gw": 1, "axis_tilt": 0, "max_angle": 55, "backtrack": true, "gcr": 0.3843, "cross_axis_tilt": 0}}, {"type": "Feature", "geometry": {"type": "Point", "coordinates": [-71.801161, -16.6046678]}, "properties": {"rol": "seguidor", "id": "TR-03_1-084", "tipo": "completo", "axis_azimuth": 0, "punto": "eje de unidad (no el motor)", "ncu": 4, "gw": 1, "axis_tilt": 0, "max_angle": 55, "backtrack": true, "gcr": 0.3843, "cross_axis_tilt": 0}}, {"type": "Feature", "geometry": {"type": "Point", "coordinates": [-71.8010449, -16.6046694]}, "properties": {"rol": "seguidor", "id": "TR-03_1-085", "tipo": "completo", "axis_azimuth": 0, "punto": "eje de unidad (no el motor)", "ncu": 4, "gw": 1, "axis_tilt": 0, "max_angle": 55, "backtrack": true, "gcr": 0.3843, "cross_axis_tilt": 0}}, {"type": "Feature", "geometry": {"type": "Point", "coordinates": [-71.8009288, -16.604671]}, "properties": {"rol": "seguidor", "id": "TR-03_1-086", "tipo": "completo", "axis_azimuth": 0, "punto": "eje de unidad (no el motor)", "ncu": 4, "gw": 1, "axis_tilt": 0, "max_angle": 55, "backtrack": true, "gcr": 0.3843, "cross_axis_tilt": 0}}, {"type": "Feature", "geometry": {"type": "Point", "coordinates": [-71.8008127, -16.6046725]}, "properties": {"rol": "seguidor", "id": "TR-03_1-087", "tipo": "completo", "axis_azimuth": 0, "punto": "eje de unidad (no el motor)", "ncu": 4, "gw": 1, "axis_tilt": 0, "max_angle": 55, "backtrack": true, "gcr": 0.3843, "cross_axis_tilt": 0}}, {"type": "Feature", "geometry": {"type": "Point", "coordinates": [-71.8006966, -16.6046741]}, "properties": {"rol": "seguidor", "id": "TR-03_1-088", "tipo": "completo", "axis_azimuth": 0, "punto": "eje de unidad (no el motor)", "ncu": 4, "gw": 1, "axis_tilt": 0, "max_angle": 55, "backtrack": true, "gcr": 0.3843, "cross_axis_tilt": 0}}, {"type": "Feature", "geometry": {"type": "Point", "coordinates": [-71.8005804, -16.6046756]}, "properties": {"rol": "seguidor", "id": "TR-03_1-089", "tipo": "completo", "axis_azimuth": 0, "punto": "eje de unidad (no el motor)", "ncu": 4, "gw": 1, "axis_tilt": 0, "max_angle": 55, "backtrack": true, "gcr": 0.3843, "cross_axis_tilt": 0}}, {"type": "Feature", "geometry": {"type": "Point", "coordinates": [-71.8024472, -16.6053287]}, "properties": {"rol": "seguidor", "id": "TR-03_1-090", "tipo": "completo", "axis_azimuth": 0, "punto": "eje de unidad (no el motor)", "ncu": 4, "gw": 2, "axis_tilt": 0, "max_angle": 55, "backtrack": true, "gcr": 0.3843, "cross_axis_tilt": 0}}, {"type": "Feature", "geometry": {"type": "Point", "coordinates": [-71.802331, -16.6053303]}, "properties": {"rol": "seguidor", "id": "TR-03_1-091", "tipo": "completo", "axis_azimuth": 0, "punto": "eje de unidad (no el motor)", "ncu": 4, "gw": 2, "axis_tilt": 0, "max_angle": 55, "backtrack": true, "gcr": 0.3843, "cross_axis_tilt": 0}}, {"type": "Feature", "geometry": {"type": "Point", "coordinates": [-71.8022149, -16.6053318]}, "properties": {"rol": "seguidor", "id": "TR-03_1-092", "tipo": "completo", "axis_azimuth": 0, "punto": "eje de unidad (no el motor)", "ncu": 4, "gw": 2, "axis_tilt": 0, "max_angle": 55, "backtrack": true, "gcr": 0.3843, "cross_axis_tilt": 0}}, {"type": "Feature", "geometry": {"type": "Point", "coordinates": [-71.8020988, -16.6053334]}, "properties": {"rol": "seguidor", "id": "TR-03_1-093", "tipo": "completo", "axis_azimuth": 0, "punto": "eje de unidad (no el motor)", "ncu": 4, "gw": 2, "axis_tilt": 0, "max_angle": 55, "backtrack": true, "gcr": 0.3843, "cross_axis_tilt": 0}}, {"type": "Feature", "geometry": {"type": "Point", "coordinates": [-71.8019827, -16.605335]}, "properties": {"rol": "seguidor", "id": "TR-03_1-094", "tipo": "completo", "axis_azimuth": 0, "punto": "eje de unidad (no el motor)", "ncu": 4, "gw": 2, "axis_tilt": 0, "max_angle": 55, "backtrack": true, "gcr": 0.3843, "cross_axis_tilt": 0}}, {"type": "Feature", "geometry": {"type": "Point", "coordinates": [-71.8018666, -16.6053365]}, "properties": {"rol": "seguidor", "id": "TR-03_1-095", "tipo": "completo", "axis_azimuth": 0, "punto": "eje de unidad (no el motor)", "ncu": 4, "gw": 2, "axis_tilt": 0, "max_angle": 55, "backtrack": true, "gcr": 0.3843, "cross_axis_tilt": 0}}, {"type": "Feature", "geometry": {"type": "Point", "coordinates": [-71.8017505, -16.6053381]}, "properties": {"rol": "seguidor", "id": "TR-03_1-096", "tipo": "completo", "axis_azimuth": 0, "punto": "eje de unidad (no el motor)", "ncu": 4, "gw": 2, "axis_tilt": 0, "max_angle": 55, "backtrack": true, "gcr": 0.3843, "cross_axis_tilt": 0}}, {"type": "Feature", "geometry": {"type": "Point", "coordinates": [-71.8016344, -16.6053397]}, "properties": {"rol": "seguidor", "id": "TR-03_1-097", "tipo": "completo", "axis_azimuth": 0, "punto": "eje de unidad (no el motor)", "ncu": 4, "gw": 2, "axis_tilt": 0, "max_angle": 55, "backtrack": true, "gcr": 0.3843, "cross_axis_tilt": 0}}, {"type": "Feature", "geometry": {"type": "Point", "coordinates": [-71.8015192, -16.6053412]}, "properties": {"rol": "seguidor", "id": "TR-03_1-098", "tipo": "completo", "axis_azimuth": 0, "punto": "eje de unidad (no el motor)", "ncu": 4, "gw": 2, "axis_tilt": 0, "max_angle": 55, "backtrack": true, "gcr": 0.3843, "cross_axis_tilt": 0}}, {"type": "Feature", "geometry": {"type": "Point", "coordinates": [-71.8014031, -16.6053428]}, "properties": {"rol": "seguidor", "id": "TR-03_1-099", "tipo": "completo", "axis_azimuth": 0, "punto": "eje de unidad (no el motor)", "ncu": 4, "gw": 2, "axis_tilt": 0, "max_angle": 55, "backtrack": true, "gcr": 0.3843, "cross_axis_tilt": 0}}, {"type": "Feature", "geometry": {"type": "Point", "coordinates": [-71.801287, -16.6053443]}, "properties": {"rol": "seguidor", "id": "TR-03_1-100", "tipo": "completo", "axis_azimuth": 0, "punto": "eje de unidad (no el motor)", "ncu": 4, "gw": 2, "axis_tilt": 0, "max_angle": 55, "backtrack": true, "gcr": 0.3843, "cross_axis_tilt": 0}}, {"type": "Feature", "geometry": {"type": "Point", "coordinates": [-71.8011708, -16.6053459]}, "properties": {"rol": "seguidor", "id": "TR-03_1-101", "tipo": "completo", "axis_azimuth": 0, "punto": "eje de unidad (no el motor)", "ncu": 4, "gw": 2, "axis_tilt": 0, "max_angle": 55, "backtrack": true, "gcr": 0.3843, "cross_axis_tilt": 0}}, {"type": "Feature", "geometry": {"type": "Point", "coordinates": [-71.8010547, -16.6053475]}, "properties": {"rol": "seguidor", "id": "TR-03_1-102", "tipo": "completo", "axis_azimuth": 0, "punto": "eje de unidad (no el motor)", "ncu": 4, "gw": 2, "axis_tilt": 0, "max_angle": 55, "backtrack": true, "gcr": 0.3843, "cross_axis_tilt": 0}}, {"type": "Feature", "geometry": {"type": "Point", "coordinates": [-71.8030819, -16.6060814]}, "properties": {"rol": "seguidor", "id": "TR-03_1-103", "tipo": "completo", "axis_azimuth": 0, "punto": "eje de unidad (no el motor)", "ncu": 4, "gw": 2, "axis_tilt": 0, "max_angle": 55, "backtrack": true, "gcr": 0.3843, "cross_axis_tilt": 0}}, {"type": "Feature", "geometry": {"type": "Point", "coordinates": [-71.8029657, -16.606083]}, "properties": {"rol": "seguidor", "id": "TR-03_1-104", "tipo": "completo", "axis_azimuth": 0, "punto": "eje de unidad (no el motor)", "ncu": 4, "gw": 2, "axis_tilt": 0, "max_angle": 55, "backtrack": true, "gcr": 0.3843, "cross_axis_tilt": 0}}, {"type": "Feature", "geometry": {"type": "Point", "coordinates": [-71.8028496, -16.6060846]}, "properties": {"rol": "seguidor", "id": "TR-03_1-105", "tipo": "completo", "axis_azimuth": 0, "punto": "eje de unidad (no el motor)", "ncu": 4, "gw": 2, "axis_tilt": 0, "max_angle": 55, "backtrack": true, "gcr": 0.3843, "cross_axis_tilt": 0}}, {"type": "Feature", "geometry": {"type": "Point", "coordinates": [-71.8027335, -16.6060861]}, "properties": {"rol": "seguidor", "id": "TR-03_1-106", "tipo": "completo", "axis_azimuth": 0, "punto": "eje de unidad (no el motor)", "ncu": 4, "gw": 2, "axis_tilt": 0, "max_angle": 55, "backtrack": true, "gcr": 0.3843, "cross_axis_tilt": 0}}, {"type": "Feature", "geometry": {"type": "Point", "coordinates": [-71.8026174, -16.6060877]}, "properties": {"rol": "seguidor", "id": "TR-03_1-107", "tipo": "completo", "axis_azimuth": 0, "punto": "eje de unidad (no el motor)", "ncu": 4, "gw": 2, "axis_tilt": 0, "max_angle": 55, "backtrack": true, "gcr": 0.3843, "cross_axis_tilt": 0}}, {"type": "Feature", "geometry": {"type": "Point", "coordinates": [-71.8025013, -16.6060893]}, "properties": {"rol": "seguidor", "id": "TR-03_1-108", "tipo": "completo", "axis_azimuth": 0, "punto": "eje de unidad (no el motor)", "ncu": 4, "gw": 2, "axis_tilt": 0, "max_angle": 55, "backtrack": true, "gcr": 0.3843, "cross_axis_tilt": 0}}, {"type": "Feature", "geometry": {"type": "Point", "coordinates": [-71.8023852, -16.6060908]}, "properties": {"rol": "seguidor", "id": "TR-03_1-109", "tipo": "completo", "axis_azimuth": 0, "punto": "eje de unidad (no el motor)", "ncu": 4, "gw": 2, "axis_tilt": 0, "max_angle": 55, "backtrack": true, "gcr": 0.3843, "cross_axis_tilt": 0}}, {"type": "Feature", "geometry": {"type": "Point", "coordinates": [-71.8022691, -16.6060924]}, "properties": {"rol": "seguidor", "id": "TR-03_1-110", "tipo": "completo", "axis_azimuth": 0, "punto": "eje de unidad (no el motor)", "ncu": 4, "gw": 2, "axis_tilt": 0, "max_angle": 55, "backtrack": true, "gcr": 0.3843, "cross_axis_tilt": 0}}, {"type": "Feature", "geometry": {"type": "Point", "coordinates": [-71.8021529, -16.606094]}, "properties": {"rol": "seguidor", "id": "TR-03_1-111", "tipo": "completo", "axis_azimuth": 0, "punto": "eje de unidad (no el motor)", "ncu": 4, "gw": 2, "axis_tilt": 0, "max_angle": 55, "backtrack": true, "gcr": 0.3843, "cross_axis_tilt": 0}}, {"type": "Feature", "geometry": {"type": "Point", "coordinates": [-71.8020368, -16.6060955]}, "properties": {"rol": "seguidor", "id": "TR-03_1-112", "tipo": "completo", "axis_azimuth": 0, "punto": "eje de unidad (no el motor)", "ncu": 4, "gw": 2, "axis_tilt": 0, "max_angle": 55, "backtrack": true, "gcr": 0.3843, "cross_axis_tilt": 0}}, {"type": "Feature", "geometry": {"type": "Point", "coordinates": [-71.8019207, -16.6060971]}, "properties": {"rol": "seguidor", "id": "TR-03_1-113", "tipo": "completo", "axis_azimuth": 0, "punto": "eje de unidad (no el motor)", "ncu": 4, "gw": 2, "axis_tilt": 0, "max_angle": 55, "backtrack": true, "gcr": 0.3843, "cross_axis_tilt": 0}}, {"type": "Feature", "geometry": {"type": "Point", "coordinates": [-71.8018046, -16.6060987]}, "properties": {"rol": "seguidor", "id": "TR-03_1-114", "tipo": "completo", "axis_azimuth": 0, "punto": "eje de unidad (no el motor)", "ncu": 4, "gw": 2, "axis_tilt": 0, "max_angle": 55, "backtrack": true, "gcr": 0.3843, "cross_axis_tilt": 0}}, {"type": "Feature", "geometry": {"type": "Point", "coordinates": [-71.8016894, -16.6061002]}, "properties": {"rol": "seguidor", "id": "TR-03_1-115", "tipo": "completo", "axis_azimuth": 0, "punto": "eje de unidad (no el motor)", "ncu": 4, "gw": 2, "axis_tilt": 0, "max_angle": 55, "backtrack": true, "gcr": 0.3843, "cross_axis_tilt": 0}}, {"type": "Feature", "geometry": {"type": "Point", "coordinates": [-71.8015733, -16.6061018]}, "properties": {"rol": "seguidor", "id": "TR-03_1-116", "tipo": "completo", "axis_azimuth": 0, "punto": "eje de unidad (no el motor)", "ncu": 4, "gw": 2, "axis_tilt": 0, "max_angle": 55, "backtrack": true, "gcr": 0.3843, "cross_axis_tilt": 0}}, {"type": "Feature", "geometry": {"type": "Point", "coordinates": [-71.8014572, -16.6061033]}, "properties": {"rol": "seguidor", "id": "TR-03_1-117", "tipo": "completo", "axis_azimuth": 0, "punto": "eje de unidad (no el motor)", "ncu": 4, "gw": 2, "axis_tilt": 0, "max_angle": 55, "backtrack": true, "gcr": 0.3843, "cross_axis_tilt": 0}}, {"type": "Feature", "geometry": {"type": "Point", "coordinates": [-71.8021628, -16.606772]}, "properties": {"rol": "seguidor", "id": "TR-03_1-118", "tipo": "completo", "axis_azimuth": 0, "punto": "eje de unidad (no el motor)", "ncu": 4, "gw": 2, "axis_tilt": 0, "max_angle": 55, "backtrack": true, "gcr": 0.3843, "cross_axis_tilt": 0}}, {"type": "Feature", "geometry": {"type": "Point", "coordinates": [-71.8020467, -16.6067736]}, "properties": {"rol": "seguidor", "id": "TR-03_1-119", "tipo": "completo", "axis_azimuth": 0, "punto": "eje de unidad (no el motor)", "ncu": 4, "gw": 2, "axis_tilt": 0, "max_angle": 55, "backtrack": true, "gcr": 0.3843, "cross_axis_tilt": 0}}, {"type": "Feature", "geometry": {"type": "Point", "coordinates": [-71.8019305, -16.6067752]}, "properties": {"rol": "seguidor", "id": "TR-03_1-120", "tipo": "completo", "axis_azimuth": 0, "punto": "eje de unidad (no el motor)", "ncu": 4, "gw": 2, "axis_tilt": 0, "max_angle": 55, "backtrack": true, "gcr": 0.3843, "cross_axis_tilt": 0}}, {"type": "Feature", "geometry": {"type": "Point", "coordinates": [-71.8018144, -16.6067767]}, "properties": {"rol": "seguidor", "id": "TR-03_1-121", "tipo": "completo", "axis_azimuth": 0, "punto": "eje de unidad (no el motor)", "ncu": 4, "gw": 2, "axis_tilt": 0, "max_angle": 55, "backtrack": true, "gcr": 0.3843, "cross_axis_tilt": 0}}, {"type": "Feature", "geometry": {"type": "Point", "coordinates": [-71.8016993, -16.6067783]}, "properties": {"rol": "seguidor", "id": "TR-03_1-122", "tipo": "completo", "axis_azimuth": 0, "punto": "eje de unidad (no el motor)", "ncu": 4, "gw": 2, "axis_tilt": 0, "max_angle": 55, "backtrack": true, "gcr": 0.3843, "cross_axis_tilt": 0}}, {"type": "Feature", "geometry": {"type": "Point", "coordinates": [-71.8015831, -16.6067799]}, "properties": {"rol": "seguidor", "id": "TR-03_1-123", "tipo": "completo", "axis_azimuth": 0, "punto": "eje de unidad (no el motor)", "ncu": 4, "gw": 2, "axis_tilt": 0, "max_angle": 55, "backtrack": true, "gcr": 0.3843, "cross_axis_tilt": 0}}, {"type": "Feature", "geometry": {"type": "Point", "coordinates": [-71.801467, -16.6067814]}, "properties": {"rol": "seguidor", "id": "TR-03_1-124", "tipo": "completo", "axis_azimuth": 0, "punto": "eje de unidad (no el motor)", "ncu": 4, "gw": 2, "axis_tilt": 0, "max_angle": 55, "backtrack": true, "gcr": 0.3843, "cross_axis_tilt": 0}}, {"type": "Feature", "geometry": {"type": "Point", "coordinates": [-71.8043503, -16.6004282]}, "properties": {"rol": "seguidor", "id": "TR-04_1-001", "tipo": "completo", "axis_azimuth": 0, "punto": "eje de unidad (no el motor)", "ncu": 5, "gw": 1, "axis_tilt": 0, "max_angle": 55, "backtrack": true, "gcr": 0.3843, "cross_axis_tilt": 0}}, {"type": "Feature", "geometry": {"type": "Point", "coordinates": [-71.8042342, -16.6004298]}, "properties": {"rol": "seguidor", "id": "TR-04_1-002", "tipo": "completo", "axis_azimuth": 0, "punto": "eje de unidad (no el motor)", "ncu": 5, "gw": 1, "axis_tilt": 0, "max_angle": 55, "backtrack": true, "gcr": 0.3843, "cross_axis_tilt": 0}}, {"type": "Feature", "geometry": {"type": "Point", "coordinates": [-71.8041181, -16.6004313]}, "properties": {"rol": "seguidor", "id": "TR-04_1-003", "tipo": "completo", "axis_azimuth": 0, "punto": "eje de unidad (no el motor)", "ncu": 5, "gw": 1, "axis_tilt": 0, "max_angle": 55, "backtrack": true, "gcr": 0.3843, "cross_axis_tilt": 0}}, {"type": "Feature", "geometry": {"type": "Point", "coordinates": [-71.804002, -16.6004329]}, "properties": {"rol": "seguidor", "id": "TR-04_1-004", "tipo": "completo", "axis_azimuth": 0, "punto": "eje de unidad (no el motor)", "ncu": 5, "gw": 1, "axis_tilt": 0, "max_angle": 55, "backtrack": true, "gcr": 0.3843, "cross_axis_tilt": 0}}, {"type": "Feature", "geometry": {"type": "Point", "coordinates": [-71.8038859, -16.6004345]}, "properties": {"rol": "seguidor", "id": "TR-04_1-005", "tipo": "completo", "axis_azimuth": 0, "punto": "eje de unidad (no el motor)", "ncu": 5, "gw": 1, "axis_tilt": 0, "max_angle": 55, "backtrack": true, "gcr": 0.3843, "cross_axis_tilt": 0}}, {"type": "Feature", "geometry": {"type": "Point", "coordinates": [-71.8037698, -16.600436]}, "properties": {"rol": "seguidor", "id": "TR-04_1-006", "tipo": "completo", "axis_azimuth": 0, "punto": "eje de unidad (no el motor)", "ncu": 5, "gw": 1, "axis_tilt": 0, "max_angle": 55, "backtrack": true, "gcr": 0.3843, "cross_axis_tilt": 0}}, {"type": "Feature", "geometry": {"type": "Point", "coordinates": [-71.8036537, -16.6004376]}, "properties": {"rol": "seguidor", "id": "TR-04_1-007", "tipo": "completo", "axis_azimuth": 0, "punto": "eje de unidad (no el motor)", "ncu": 5, "gw": 1, "axis_tilt": 0, "max_angle": 55, "backtrack": true, "gcr": 0.3843, "cross_axis_tilt": 0}}, {"type": "Feature", "geometry": {"type": "Point", "coordinates": [-71.8035376, -16.6004392]}, "properties": {"rol": "seguidor", "id": "TR-04_1-008", "tipo": "completo", "axis_azimuth": 0, "punto": "eje de unidad (no el motor)", "ncu": 5, "gw": 1, "axis_tilt": 0, "max_angle": 55, "backtrack": true, "gcr": 0.3843, "cross_axis_tilt": 0}}, {"type": "Feature", "geometry": {"type": "Point", "coordinates": [-71.8034215, -16.6004407]}, "properties": {"rol": "seguidor", "id": "TR-04_1-009", "tipo": "completo", "axis_azimuth": 0, "punto": "eje de unidad (no el motor)", "ncu": 5, "gw": 1, "axis_tilt": 0, "max_angle": 55, "backtrack": true, "gcr": 0.3843, "cross_axis_tilt": 0}}, {"type": "Feature", "geometry": {"type": "Point", "coordinates": [-71.8043602, -16.6011063]}, "properties": {"rol": "seguidor", "id": "TR-04_1-010", "tipo": "completo", "axis_azimuth": 0, "punto": "eje de unidad (no el motor)", "ncu": 5, "gw": 1, "axis_tilt": 0, "max_angle": 55, "backtrack": true, "gcr": 0.3843, "cross_axis_tilt": 0}}, {"type": "Feature", "geometry": {"type": "Point", "coordinates": [-71.8042441, -16.6011078]}, "properties": {"rol": "seguidor", "id": "TR-04_1-011", "tipo": "completo", "axis_azimuth": 0, "punto": "eje de unidad (no el motor)", "ncu": 5, "gw": 1, "axis_tilt": 0, "max_angle": 55, "backtrack": true, "gcr": 0.3843, "cross_axis_tilt": 0}}, {"type": "Feature", "geometry": {"type": "Point", "coordinates": [-71.804128, -16.6011094]}, "properties": {"rol": "seguidor", "id": "TR-04_1-012", "tipo": "completo", "axis_azimuth": 0, "punto": "eje de unidad (no el motor)", "ncu": 5, "gw": 1, "axis_tilt": 0, "max_angle": 55, "backtrack": true, "gcr": 0.3843, "cross_axis_tilt": 0}}, {"type": "Feature", "geometry": {"type": "Point", "coordinates": [-71.8040119, -16.601111]}, "properties": {"rol": "seguidor", "id": "TR-04_1-013", "tipo": "completo", "axis_azimuth": 0, "punto": "eje de unidad (no el motor)", "ncu": 5, "gw": 1, "axis_tilt": 0, "max_angle": 55, "backtrack": true, "gcr": 0.3843, "cross_axis_tilt": 0}}, {"type": "Feature", "geometry": {"type": "Point", "coordinates": [-71.8038957, -16.6011125]}, "properties": {"rol": "seguidor", "id": "TR-04_1-014", "tipo": "completo", "axis_azimuth": 0, "punto": "eje de unidad (no el motor)", "ncu": 5, "gw": 1, "axis_tilt": 0, "max_angle": 55, "backtrack": true, "gcr": 0.3843, "cross_axis_tilt": 0}}, {"type": "Feature", "geometry": {"type": "Point", "coordinates": [-71.8037796, -16.6011141]}, "properties": {"rol": "seguidor", "id": "TR-04_1-015", "tipo": "completo", "axis_azimuth": 0, "punto": "eje de unidad (no el motor)", "ncu": 5, "gw": 1, "axis_tilt": 0, "max_angle": 55, "backtrack": true, "gcr": 0.3843, "cross_axis_tilt": 0}}, {"type": "Feature", "geometry": {"type": "Point", "coordinates": [-71.8036635, -16.6011157]}, "properties": {"rol": "seguidor", "id": "TR-04_1-016", "tipo": "completo", "axis_azimuth": 0, "punto": "eje de unidad (no el motor)", "ncu": 5, "gw": 1, "axis_tilt": 0, "max_angle": 55, "backtrack": true, "gcr": 0.3843, "cross_axis_tilt": 0}}, {"type": "Feature", "geometry": {"type": "Point", "coordinates": [-71.8035474, -16.6011172]}, "properties": {"rol": "seguidor", "id": "TR-04_1-017", "tipo": "completo", "axis_azimuth": 0, "punto": "eje de unidad (no el motor)", "ncu": 5, "gw": 1, "axis_tilt": 0, "max_angle": 55, "backtrack": true, "gcr": 0.3843, "cross_axis_tilt": 0}}, {"type": "Feature", "geometry": {"type": "Point", "coordinates": [-71.8034313, -16.6011188]}, "properties": {"rol": "seguidor", "id": "TR-04_1-018", "tipo": "completo", "axis_azimuth": 0, "punto": "eje de unidad (no el motor)", "ncu": 5, "gw": 1, "axis_tilt": 0, "max_angle": 55, "backtrack": true, "gcr": 0.3843, "cross_axis_tilt": 0}}, {"type": "Feature", "geometry": {"type": "Point", "coordinates": [-71.8033152, -16.6011204]}, "properties": {"rol": "seguidor", "id": "TR-04_1-019", "tipo": "completo", "axis_azimuth": 0, "punto": "eje de unidad (no el motor)", "ncu": 5, "gw": 1, "axis_tilt": 0, "max_angle": 55, "backtrack": true, "gcr": 0.3843, "cross_axis_tilt": 0}}, {"type": "Feature", "geometry": {"type": "Point", "coordinates": [-71.8031991, -16.6011219]}, "properties": {"rol": "seguidor", "id": "TR-04_1-020", "tipo": "completo", "axis_azimuth": 0, "punto": "eje de unidad (no el motor)", "ncu": 5, "gw": 1, "axis_tilt": 0, "max_angle": 55, "backtrack": true, "gcr": 0.3843, "cross_axis_tilt": 0}}, {"type": "Feature", "geometry": {"type": "Point", "coordinates": [-71.803083, -16.6011235]}, "properties": {"rol": "seguidor", "id": "TR-04_1-021", "tipo": "completo", "axis_azimuth": 0, "punto": "eje de unidad (no el motor)", "ncu": 5, "gw": 1, "axis_tilt": 0, "max_angle": 55, "backtrack": true, "gcr": 0.3843, "cross_axis_tilt": 0}}, {"type": "Feature", "geometry": {"type": "Point", "coordinates": [-71.8029669, -16.6011251]}, "properties": {"rol": "seguidor", "id": "TR-04_1-022", "tipo": "completo", "axis_azimuth": 0, "punto": "eje de unidad (no el motor)", "ncu": 5, "gw": 1, "axis_tilt": 0, "max_angle": 55, "backtrack": true, "gcr": 0.3843, "cross_axis_tilt": 0}}, {"type": "Feature", "geometry": {"type": "Point", "coordinates": [-71.8028507, -16.6011266]}, "properties": {"rol": "seguidor", "id": "TR-04_1-023", "tipo": "completo", "axis_azimuth": 0, "punto": "eje de unidad (no el motor)", "ncu": 5, "gw": 1, "axis_tilt": 0, "max_angle": 55, "backtrack": true, "gcr": 0.3843, "cross_axis_tilt": 0}}, {"type": "Feature", "geometry": {"type": "Point", "coordinates": [-71.8027346, -16.6011282]}, "properties": {"rol": "seguidor", "id": "TR-04_1-024", "tipo": "completo", "axis_azimuth": 0, "punto": "eje de unidad (no el motor)", "ncu": 5, "gw": 1, "axis_tilt": 0, "max_angle": 55, "backtrack": true, "gcr": 0.3843, "cross_axis_tilt": 0}}, {"type": "Feature", "geometry": {"type": "Point", "coordinates": [-71.80437, -16.6017844]}, "properties": {"rol": "seguidor", "id": "TR-04_1-025", "tipo": "completo", "axis_azimuth": 0, "punto": "eje de unidad (no el motor)", "ncu": 5, "gw": 1, "axis_tilt": 0, "max_angle": 55, "backtrack": true, "gcr": 0.3843, "cross_axis_tilt": 0}}, {"type": "Feature", "geometry": {"type": "Point", "coordinates": [-71.8042539, -16.6017859]}, "properties": {"rol": "seguidor", "id": "TR-04_1-026", "tipo": "completo", "axis_azimuth": 0, "punto": "eje de unidad (no el motor)", "ncu": 5, "gw": 1, "axis_tilt": 0, "max_angle": 55, "backtrack": true, "gcr": 0.3843, "cross_axis_tilt": 0}}, {"type": "Feature", "geometry": {"type": "Point", "coordinates": [-71.8041378, -16.6017875]}, "properties": {"rol": "seguidor", "id": "TR-04_1-027", "tipo": "completo", "axis_azimuth": 0, "punto": "eje de unidad (no el motor)", "ncu": 5, "gw": 1, "axis_tilt": 0, "max_angle": 55, "backtrack": true, "gcr": 0.3843, "cross_axis_tilt": 0}}, {"type": "Feature", "geometry": {"type": "Point", "coordinates": [-71.8040217, -16.6017891]}, "properties": {"rol": "seguidor", "id": "TR-04_1-028", "tipo": "completo", "axis_azimuth": 0, "punto": "eje de unidad (no el motor)", "ncu": 5, "gw": 1, "axis_tilt": 0, "max_angle": 55, "backtrack": true, "gcr": 0.3843, "cross_axis_tilt": 0}}, {"type": "Feature", "geometry": {"type": "Point", "coordinates": [-71.8039056, -16.6017906]}, "properties": {"rol": "seguidor", "id": "TR-04_1-029", "tipo": "completo", "axis_azimuth": 0, "punto": "eje de unidad (no el motor)", "ncu": 5, "gw": 1, "axis_tilt": 0, "max_angle": 55, "backtrack": true, "gcr": 0.3843, "cross_axis_tilt": 0}}, {"type": "Feature", "geometry": {"type": "Point", "coordinates": [-71.8037895, -16.6017922]}, "properties": {"rol": "seguidor", "id": "TR-04_1-030", "tipo": "completo", "axis_azimuth": 0, "punto": "eje de unidad (no el motor)", "ncu": 5, "gw": 1, "axis_tilt": 0, "max_angle": 55, "backtrack": true, "gcr": 0.3843, "cross_axis_tilt": 0}}, {"type": "Feature", "geometry": {"type": "Point", "coordinates": [-71.8036734, -16.6017938]}, "properties": {"rol": "seguidor", "id": "TR-04_1-031", "tipo": "completo", "axis_azimuth": 0, "punto": "eje de unidad (no el motor)", "ncu": 5, "gw": 1, "axis_tilt": 0, "max_angle": 55, "backtrack": true, "gcr": 0.3843, "cross_axis_tilt": 0}}, {"type": "Feature", "geometry": {"type": "Point", "coordinates": [-71.8035572, -16.6017953]}, "properties": {"rol": "seguidor", "id": "TR-04_1-032", "tipo": "completo", "axis_azimuth": 0, "punto": "eje de unidad (no el motor)", "ncu": 5, "gw": 1, "axis_tilt": 0, "max_angle": 55, "backtrack": true, "gcr": 0.3843, "cross_axis_tilt": 0}}, {"type": "Feature", "geometry": {"type": "Point", "coordinates": [-71.8034411, -16.6017969]}, "properties": {"rol": "seguidor", "id": "TR-04_1-033", "tipo": "completo", "axis_azimuth": 0, "punto": "eje de unidad (no el motor)", "ncu": 5, "gw": 1, "axis_tilt": 0, "max_angle": 55, "backtrack": true, "gcr": 0.3843, "cross_axis_tilt": 0}}, {"type": "Feature", "geometry": {"type": "Point", "coordinates": [-71.803325, -16.6017985]}, "properties": {"rol": "seguidor", "id": "TR-04_1-034", "tipo": "completo", "axis_azimuth": 0, "punto": "eje de unidad (no el motor)", "ncu": 5, "gw": 1, "axis_tilt": 0, "max_angle": 55, "backtrack": true, "gcr": 0.3843, "cross_axis_tilt": 0}}, {"type": "Feature", "geometry": {"type": "Point", "coordinates": [-71.8032089, -16.6018]}, "properties": {"rol": "seguidor", "id": "TR-04_1-035", "tipo": "completo", "axis_azimuth": 0, "punto": "eje de unidad (no el motor)", "ncu": 5, "gw": 1, "axis_tilt": 0, "max_angle": 55, "backtrack": true, "gcr": 0.3843, "cross_axis_tilt": 0}}, {"type": "Feature", "geometry": {"type": "Point", "coordinates": [-71.8030928, -16.6018016]}, "properties": {"rol": "seguidor", "id": "TR-04_1-036", "tipo": "completo", "axis_azimuth": 0, "punto": "eje de unidad (no el motor)", "ncu": 5, "gw": 1, "axis_tilt": 0, "max_angle": 55, "backtrack": true, "gcr": 0.3843, "cross_axis_tilt": 0}}, {"type": "Feature", "geometry": {"type": "Point", "coordinates": [-71.8029767, -16.6018032]}, "properties": {"rol": "seguidor", "id": "TR-04_1-037", "tipo": "completo", "axis_azimuth": 0, "punto": "eje de unidad (no el motor)", "ncu": 5, "gw": 1, "axis_tilt": 0, "max_angle": 55, "backtrack": true, "gcr": 0.3843, "cross_axis_tilt": 0}}, {"type": "Feature", "geometry": {"type": "Point", "coordinates": [-71.8028606, -16.6018047]}, "properties": {"rol": "seguidor", "id": "TR-04_1-038", "tipo": "completo", "axis_azimuth": 0, "punto": "eje de unidad (no el motor)", "ncu": 5, "gw": 1, "axis_tilt": 0, "max_angle": 55, "backtrack": true, "gcr": 0.3843, "cross_axis_tilt": 0}}, {"type": "Feature", "geometry": {"type": "Point", "coordinates": [-71.8027445, -16.6018063]}, "properties": {"rol": "seguidor", "id": "TR-04_1-039", "tipo": "completo", "axis_azimuth": 0, "punto": "eje de unidad (no el motor)", "ncu": 5, "gw": 1, "axis_tilt": 0, "max_angle": 55, "backtrack": true, "gcr": 0.3843, "cross_axis_tilt": 0}}, {"type": "Feature", "geometry": {"type": "Point", "coordinates": [-71.8026284, -16.6018079]}, "properties": {"rol": "seguidor", "id": "TR-04_1-040", "tipo": "completo", "axis_azimuth": 0, "punto": "eje de unidad (no el motor)", "ncu": 5, "gw": 1, "axis_tilt": 0, "max_angle": 55, "backtrack": true, "gcr": 0.3843, "cross_axis_tilt": 0}}, {"type": "Feature", "geometry": {"type": "Point", "coordinates": [-71.8043799, -16.6024624]}, "properties": {"rol": "seguidor", "id": "TR-04_1-041", "tipo": "completo", "axis_azimuth": 0, "punto": "eje de unidad (no el motor)", "ncu": 5, "gw": 1, "axis_tilt": 0, "max_angle": 55, "backtrack": true, "gcr": 0.3843, "cross_axis_tilt": 0}}, {"type": "Feature", "geometry": {"type": "Point", "coordinates": [-71.8042638, -16.602464]}, "properties": {"rol": "seguidor", "id": "TR-04_1-042", "tipo": "completo", "axis_azimuth": 0, "punto": "eje de unidad (no el motor)", "ncu": 5, "gw": 1, "axis_tilt": 0, "max_angle": 55, "backtrack": true, "gcr": 0.3843, "cross_axis_tilt": 0}}, {"type": "Feature", "geometry": {"type": "Point", "coordinates": [-71.8041476, -16.6024656]}, "properties": {"rol": "seguidor", "id": "TR-04_1-043", "tipo": "completo", "axis_azimuth": 0, "punto": "eje de unidad (no el motor)", "ncu": 5, "gw": 1, "axis_tilt": 0, "max_angle": 55, "backtrack": true, "gcr": 0.3843, "cross_axis_tilt": 0}}, {"type": "Feature", "geometry": {"type": "Point", "coordinates": [-71.8040315, -16.6024671]}, "properties": {"rol": "seguidor", "id": "TR-04_1-044", "tipo": "completo", "axis_azimuth": 0, "punto": "eje de unidad (no el motor)", "ncu": 5, "gw": 1, "axis_tilt": 0, "max_angle": 55, "backtrack": true, "gcr": 0.3843, "cross_axis_tilt": 0}}, {"type": "Feature", "geometry": {"type": "Point", "coordinates": [-71.8039154, -16.6024687]}, "properties": {"rol": "seguidor", "id": "TR-04_1-045", "tipo": "completo", "axis_azimuth": 0, "punto": "eje de unidad (no el motor)", "ncu": 5, "gw": 1, "axis_tilt": 0, "max_angle": 55, "backtrack": true, "gcr": 0.3843, "cross_axis_tilt": 0}}, {"type": "Feature", "geometry": {"type": "Point", "coordinates": [-71.8037993, -16.6024703]}, "properties": {"rol": "seguidor", "id": "TR-04_1-046", "tipo": "completo", "axis_azimuth": 0, "punto": "eje de unidad (no el motor)", "ncu": 5, "gw": 1, "axis_tilt": 0, "max_angle": 55, "backtrack": true, "gcr": 0.3843, "cross_axis_tilt": 0}}, {"type": "Feature", "geometry": {"type": "Point", "coordinates": [-71.8036832, -16.6024718]}, "properties": {"rol": "seguidor", "id": "TR-04_1-047", "tipo": "completo", "axis_azimuth": 0, "punto": "eje de unidad (no el motor)", "ncu": 5, "gw": 1, "axis_tilt": 0, "max_angle": 55, "backtrack": true, "gcr": 0.3843, "cross_axis_tilt": 0}}, {"type": "Feature", "geometry": {"type": "Point", "coordinates": [-71.8035671, -16.6024734]}, "properties": {"rol": "seguidor", "id": "TR-04_1-048", "tipo": "completo", "axis_azimuth": 0, "punto": "eje de unidad (no el motor)", "ncu": 5, "gw": 1, "axis_tilt": 0, "max_angle": 55, "backtrack": true, "gcr": 0.3843, "cross_axis_tilt": 0}}, {"type": "Feature", "geometry": {"type": "Point", "coordinates": [-71.803451, -16.602475]}, "properties": {"rol": "seguidor", "id": "TR-04_1-049", "tipo": "completo", "axis_azimuth": 0, "punto": "eje de unidad (no el motor)", "ncu": 5, "gw": 1, "axis_tilt": 0, "max_angle": 55, "backtrack": true, "gcr": 0.3843, "cross_axis_tilt": 0}}, {"type": "Feature", "geometry": {"type": "Point", "coordinates": [-71.8033349, -16.6024765]}, "properties": {"rol": "seguidor", "id": "TR-04_1-050", "tipo": "completo", "axis_azimuth": 0, "punto": "eje de unidad (no el motor)", "ncu": 5, "gw": 1, "axis_tilt": 0, "max_angle": 55, "backtrack": true, "gcr": 0.3843, "cross_axis_tilt": 0}}, {"type": "Feature", "geometry": {"type": "Point", "coordinates": [-71.8032188, -16.6024781]}, "properties": {"rol": "seguidor", "id": "TR-04_1-051", "tipo": "completo", "axis_azimuth": 0, "punto": "eje de unidad (no el motor)", "ncu": 5, "gw": 1, "axis_tilt": 0, "max_angle": 55, "backtrack": true, "gcr": 0.3843, "cross_axis_tilt": 0}}, {"type": "Feature", "geometry": {"type": "Point", "coordinates": [-71.8031026, -16.6024797]}, "properties": {"rol": "seguidor", "id": "TR-04_1-052", "tipo": "completo", "axis_azimuth": 0, "punto": "eje de unidad (no el motor)", "ncu": 5, "gw": 1, "axis_tilt": 0, "max_angle": 55, "backtrack": true, "gcr": 0.3843, "cross_axis_tilt": 0}}, {"type": "Feature", "geometry": {"type": "Point", "coordinates": [-71.8029865, -16.6024812]}, "properties": {"rol": "seguidor", "id": "TR-04_1-053", "tipo": "completo", "axis_azimuth": 0, "punto": "eje de unidad (no el motor)", "ncu": 5, "gw": 1, "axis_tilt": 0, "max_angle": 55, "backtrack": true, "gcr": 0.3843, "cross_axis_tilt": 0}}, {"type": "Feature", "geometry": {"type": "Point", "coordinates": [-71.8028704, -16.6024828]}, "properties": {"rol": "seguidor", "id": "TR-04_1-054", "tipo": "completo", "axis_azimuth": 0, "punto": "eje de unidad (no el motor)", "ncu": 5, "gw": 1, "axis_tilt": 0, "max_angle": 55, "backtrack": true, "gcr": 0.3843, "cross_axis_tilt": 0}}, {"type": "Feature", "geometry": {"type": "Point", "coordinates": [-71.8027543, -16.6024844]}, "properties": {"rol": "seguidor", "id": "TR-04_1-055", "tipo": "completo", "axis_azimuth": 0, "punto": "eje de unidad (no el motor)", "ncu": 5, "gw": 1, "axis_tilt": 0, "max_angle": 55, "backtrack": true, "gcr": 0.3843, "cross_axis_tilt": 0}}, {"type": "Feature", "geometry": {"type": "Point", "coordinates": [-71.8026382, -16.6024859]}, "properties": {"rol": "seguidor", "id": "TR-04_1-056", "tipo": "completo", "axis_azimuth": 0, "punto": "eje de unidad (no el motor)", "ncu": 5, "gw": 1, "axis_tilt": 0, "max_angle": 55, "backtrack": true, "gcr": 0.3843, "cross_axis_tilt": 0}}, {"type": "Feature", "geometry": {"type": "Point", "coordinates": [-71.8043916, -16.6032678]}, "properties": {"rol": "seguidor", "id": "TR-04_1-057", "tipo": "completo", "axis_azimuth": 0, "punto": "eje de unidad (no el motor)", "ncu": 5, "gw": 2, "axis_tilt": 0, "max_angle": 55, "backtrack": true, "gcr": 0.3843, "cross_axis_tilt": 0}}, {"type": "Feature", "geometry": {"type": "Point", "coordinates": [-71.8042754, -16.6032694]}, "properties": {"rol": "seguidor", "id": "TR-04_1-058", "tipo": "completo", "axis_azimuth": 0, "punto": "eje de unidad (no el motor)", "ncu": 5, "gw": 2, "axis_tilt": 0, "max_angle": 55, "backtrack": true, "gcr": 0.3843, "cross_axis_tilt": 0}}, {"type": "Feature", "geometry": {"type": "Point", "coordinates": [-71.8041593, -16.603271]}, "properties": {"rol": "seguidor", "id": "TR-04_1-059", "tipo": "completo", "axis_azimuth": 0, "punto": "eje de unidad (no el motor)", "ncu": 5, "gw": 2, "axis_tilt": 0, "max_angle": 55, "backtrack": true, "gcr": 0.3843, "cross_axis_tilt": 0}}, {"type": "Feature", "geometry": {"type": "Point", "coordinates": [-71.8040432, -16.6032725]}, "properties": {"rol": "seguidor", "id": "TR-04_1-060", "tipo": "completo", "axis_azimuth": 0, "punto": "eje de unidad (no el motor)", "ncu": 5, "gw": 2, "axis_tilt": 0, "max_angle": 55, "backtrack": true, "gcr": 0.3843, "cross_axis_tilt": 0}}, {"type": "Feature", "geometry": {"type": "Point", "coordinates": [-71.8039271, -16.6032741]}, "properties": {"rol": "seguidor", "id": "TR-04_1-061", "tipo": "completo", "axis_azimuth": 0, "punto": "eje de unidad (no el motor)", "ncu": 5, "gw": 2, "axis_tilt": 0, "max_angle": 55, "backtrack": true, "gcr": 0.3843, "cross_axis_tilt": 0}}, {"type": "Feature", "geometry": {"type": "Point", "coordinates": [-71.803811, -16.6032757]}, "properties": {"rol": "seguidor", "id": "TR-04_1-062", "tipo": "completo", "axis_azimuth": 0, "punto": "eje de unidad (no el motor)", "ncu": 5, "gw": 2, "axis_tilt": 0, "max_angle": 55, "backtrack": true, "gcr": 0.3843, "cross_axis_tilt": 0}}, {"type": "Feature", "geometry": {"type": "Point", "coordinates": [-71.8036949, -16.6032772]}, "properties": {"rol": "seguidor", "id": "TR-04_1-063", "tipo": "completo", "axis_azimuth": 0, "punto": "eje de unidad (no el motor)", "ncu": 5, "gw": 2, "axis_tilt": 0, "max_angle": 55, "backtrack": true, "gcr": 0.3843, "cross_axis_tilt": 0}}, {"type": "Feature", "geometry": {"type": "Point", "coordinates": [-71.8035812, -16.6034449]}, "properties": {"rol": "seguidor", "id": "TR-04_1-064", "tipo": "medio", "axis_azimuth": 0, "punto": "eje de unidad (no el motor)", "ncu": 5, "gw": 2, "axis_tilt": 0, "max_angle": 55, "backtrack": true, "gcr": 0.3843, "cross_axis_tilt": 0}}, {"type": "Feature", "geometry": {"type": "Point", "coordinates": [-71.8034651, -16.6034465]}, "properties": {"rol": "seguidor", "id": "TR-04_1-065", "tipo": "medio", "axis_azimuth": 0, "punto": "eje de unidad (no el motor)", "ncu": 5, "gw": 2, "axis_tilt": 0, "max_angle": 55, "backtrack": true, "gcr": 0.3843, "cross_axis_tilt": 0}}, {"type": "Feature", "geometry": {"type": "Point", "coordinates": [-71.8033465, -16.6032819]}, "properties": {"rol": "seguidor", "id": "TR-04_1-066", "tipo": "completo", "axis_azimuth": 0, "punto": "eje de unidad (no el motor)", "ncu": 5, "gw": 2, "axis_tilt": 0, "max_angle": 55, "backtrack": true, "gcr": 0.3843, "cross_axis_tilt": 0}}, {"type": "Feature", "geometry": {"type": "Point", "coordinates": [-71.8032304, -16.6032835]}, "properties": {"rol": "seguidor", "id": "TR-04_1-067", "tipo": "completo", "axis_azimuth": 0, "punto": "eje de unidad (no el motor)", "ncu": 5, "gw": 2, "axis_tilt": 0, "max_angle": 55, "backtrack": true, "gcr": 0.3843, "cross_axis_tilt": 0}}, {"type": "Feature", "geometry": {"type": "Point", "coordinates": [-71.8031143, -16.6032851]}, "properties": {"rol": "seguidor", "id": "TR-04_1-068", "tipo": "completo", "axis_azimuth": 0, "punto": "eje de unidad (no el motor)", "ncu": 5, "gw": 2, "axis_tilt": 0, "max_angle": 55, "backtrack": true, "gcr": 0.3843, "cross_axis_tilt": 0}}, {"type": "Feature", "geometry": {"type": "Point", "coordinates": [-71.8029982, -16.6032866]}, "properties": {"rol": "seguidor", "id": "TR-04_1-069", "tipo": "completo", "axis_azimuth": 0, "punto": "eje de unidad (no el motor)", "ncu": 5, "gw": 2, "axis_tilt": 0, "max_angle": 55, "backtrack": true, "gcr": 0.3843, "cross_axis_tilt": 0}}, {"type": "Feature", "geometry": {"type": "Point", "coordinates": [-71.8028821, -16.6032882]}, "properties": {"rol": "seguidor", "id": "TR-04_1-070", "tipo": "completo", "axis_azimuth": 0, "punto": "eje de unidad (no el motor)", "ncu": 5, "gw": 2, "axis_tilt": 0, "max_angle": 55, "backtrack": true, "gcr": 0.3843, "cross_axis_tilt": 0}}, {"type": "Feature", "geometry": {"type": "Point", "coordinates": [-71.802766, -16.6032898]}, "properties": {"rol": "seguidor", "id": "TR-04_1-071", "tipo": "completo", "axis_azimuth": 0, "punto": "eje de unidad (no el motor)", "ncu": 5, "gw": 2, "axis_tilt": 0, "max_angle": 55, "backtrack": true, "gcr": 0.3843, "cross_axis_tilt": 0}}, {"type": "Feature", "geometry": {"type": "Point", "coordinates": [-71.8026499, -16.6032913]}, "properties": {"rol": "seguidor", "id": "TR-04_1-072", "tipo": "completo", "axis_azimuth": 0, "punto": "eje de unidad (no el motor)", "ncu": 5, "gw": 2, "axis_tilt": 0, "max_angle": 55, "backtrack": true, "gcr": 0.3843, "cross_axis_tilt": 0}}, {"type": "Feature", "geometry": {"type": "Point", "coordinates": [-71.8025338, -16.6032929]}, "properties": {"rol": "seguidor", "id": "TR-04_1-073", "tipo": "completo", "axis_azimuth": 0, "punto": "eje de unidad (no el motor)", "ncu": 5, "gw": 2, "axis_tilt": 0, "max_angle": 55, "backtrack": true, "gcr": 0.3843, "cross_axis_tilt": 0}}, {"type": "Feature", "geometry": {"type": "Point", "coordinates": [-71.8044014, -16.6039459]}, "properties": {"rol": "seguidor", "id": "TR-04_1-074", "tipo": "completo", "axis_azimuth": 0, "punto": "eje de unidad (no el motor)", "ncu": 5, "gw": 2, "axis_tilt": 0, "max_angle": 55, "backtrack": true, "gcr": 0.3843, "cross_axis_tilt": 0}}, {"type": "Feature", "geometry": {"type": "Point", "coordinates": [-71.8042853, -16.6039475]}, "properties": {"rol": "seguidor", "id": "TR-04_1-075", "tipo": "completo", "axis_azimuth": 0, "punto": "eje de unidad (no el motor)", "ncu": 5, "gw": 2, "axis_tilt": 0, "max_angle": 55, "backtrack": true, "gcr": 0.3843, "cross_axis_tilt": 0}}, {"type": "Feature", "geometry": {"type": "Point", "coordinates": [-71.8041692, -16.603949]}, "properties": {"rol": "seguidor", "id": "TR-04_1-076", "tipo": "completo", "axis_azimuth": 0, "punto": "eje de unidad (no el motor)", "ncu": 5, "gw": 2, "axis_tilt": 0, "max_angle": 55, "backtrack": true, "gcr": 0.3843, "cross_axis_tilt": 0}}, {"type": "Feature", "geometry": {"type": "Point", "coordinates": [-71.8040531, -16.6039506]}, "properties": {"rol": "seguidor", "id": "TR-04_1-077", "tipo": "completo", "axis_azimuth": 0, "punto": "eje de unidad (no el motor)", "ncu": 5, "gw": 2, "axis_tilt": 0, "max_angle": 55, "backtrack": true, "gcr": 0.3843, "cross_axis_tilt": 0}}, {"type": "Feature", "geometry": {"type": "Point", "coordinates": [-71.803937, -16.6039522]}, "properties": {"rol": "seguidor", "id": "TR-04_1-078", "tipo": "completo", "axis_azimuth": 0, "punto": "eje de unidad (no el motor)", "ncu": 5, "gw": 2, "axis_tilt": 0, "max_angle": 55, "backtrack": true, "gcr": 0.3843, "cross_axis_tilt": 0}}, {"type": "Feature", "geometry": {"type": "Point", "coordinates": [-71.8038208, -16.6039537]}, "properties": {"rol": "seguidor", "id": "TR-04_1-079", "tipo": "completo", "axis_azimuth": 0, "punto": "eje de unidad (no el motor)", "ncu": 5, "gw": 2, "axis_tilt": 0, "max_angle": 55, "backtrack": true, "gcr": 0.3843, "cross_axis_tilt": 0}}, {"type": "Feature", "geometry": {"type": "Point", "coordinates": [-71.8037047, -16.6039553]}, "properties": {"rol": "seguidor", "id": "TR-04_1-080", "tipo": "completo", "axis_azimuth": 0, "punto": "eje de unidad (no el motor)", "ncu": 5, "gw": 2, "axis_tilt": 0, "max_angle": 55, "backtrack": true, "gcr": 0.3843, "cross_axis_tilt": 0}}, {"type": "Feature", "geometry": {"type": "Point", "coordinates": [-71.8035886, -16.6039569]}, "properties": {"rol": "seguidor", "id": "TR-04_1-081", "tipo": "completo", "axis_azimuth": 0, "punto": "eje de unidad (no el motor)", "ncu": 5, "gw": 2, "axis_tilt": 0, "max_angle": 55, "backtrack": true, "gcr": 0.3843, "cross_axis_tilt": 0}}, {"type": "Feature", "geometry": {"type": "Point", "coordinates": [-71.8034725, -16.6039584]}, "properties": {"rol": "seguidor", "id": "TR-04_1-082", "tipo": "completo", "axis_azimuth": 0, "punto": "eje de unidad (no el motor)", "ncu": 5, "gw": 2, "axis_tilt": 0, "max_angle": 55, "backtrack": true, "gcr": 0.3843, "cross_axis_tilt": 0}}, {"type": "Feature", "geometry": {"type": "Point", "coordinates": [-71.8033564, -16.60396]}, "properties": {"rol": "seguidor", "id": "TR-04_1-083", "tipo": "completo", "axis_azimuth": 0, "punto": "eje de unidad (no el motor)", "ncu": 5, "gw": 2, "axis_tilt": 0, "max_angle": 55, "backtrack": true, "gcr": 0.3843, "cross_axis_tilt": 0}}, {"type": "Feature", "geometry": {"type": "Point", "coordinates": [-71.8032403, -16.6039616]}, "properties": {"rol": "seguidor", "id": "TR-04_1-084", "tipo": "completo", "axis_azimuth": 0, "punto": "eje de unidad (no el motor)", "ncu": 5, "gw": 2, "axis_tilt": 0, "max_angle": 55, "backtrack": true, "gcr": 0.3843, "cross_axis_tilt": 0}}, {"type": "Feature", "geometry": {"type": "Point", "coordinates": [-71.8031242, -16.6039631]}, "properties": {"rol": "seguidor", "id": "TR-04_1-085", "tipo": "completo", "axis_azimuth": 0, "punto": "eje de unidad (no el motor)", "ncu": 5, "gw": 2, "axis_tilt": 0, "max_angle": 55, "backtrack": true, "gcr": 0.3843, "cross_axis_tilt": 0}}, {"type": "Feature", "geometry": {"type": "Point", "coordinates": [-71.8030081, -16.6039647]}, "properties": {"rol": "seguidor", "id": "TR-04_1-086", "tipo": "completo", "axis_azimuth": 0, "punto": "eje de unidad (no el motor)", "ncu": 5, "gw": 2, "axis_tilt": 0, "max_angle": 55, "backtrack": true, "gcr": 0.3843, "cross_axis_tilt": 0}}, {"type": "Feature", "geometry": {"type": "Point", "coordinates": [-71.8028919, -16.6039663]}, "properties": {"rol": "seguidor", "id": "TR-04_1-087", "tipo": "completo", "axis_azimuth": 0, "punto": "eje de unidad (no el motor)", "ncu": 5, "gw": 2, "axis_tilt": 0, "max_angle": 55, "backtrack": true, "gcr": 0.3843, "cross_axis_tilt": 0}}, {"type": "Feature", "geometry": {"type": "Point", "coordinates": [-71.8027758, -16.6039678]}, "properties": {"rol": "seguidor", "id": "TR-04_1-088", "tipo": "completo", "axis_azimuth": 0, "punto": "eje de unidad (no el motor)", "ncu": 5, "gw": 2, "axis_tilt": 0, "max_angle": 55, "backtrack": true, "gcr": 0.3843, "cross_axis_tilt": 0}}, {"type": "Feature", "geometry": {"type": "Point", "coordinates": [-71.8026597, -16.6039694]}, "properties": {"rol": "seguidor", "id": "TR-04_1-089", "tipo": "completo", "axis_azimuth": 0, "punto": "eje de unidad (no el motor)", "ncu": 5, "gw": 2, "axis_tilt": 0, "max_angle": 55, "backtrack": true, "gcr": 0.3843, "cross_axis_tilt": 0}}, {"type": "Feature", "geometry": {"type": "Point", "coordinates": [-71.8025436, -16.603971]}, "properties": {"rol": "seguidor", "id": "TR-04_1-090", "tipo": "completo", "axis_azimuth": 0, "punto": "eje de unidad (no el motor)", "ncu": 5, "gw": 2, "axis_tilt": 0, "max_angle": 55, "backtrack": true, "gcr": 0.3843, "cross_axis_tilt": 0}}, {"type": "Feature", "geometry": {"type": "Point", "coordinates": [-71.8044112, -16.604624]}, "properties": {"rol": "seguidor", "id": "TR-04_1-091", "tipo": "completo", "axis_azimuth": 0, "punto": "eje de unidad (no el motor)", "ncu": 5, "gw": 2, "axis_tilt": 0, "max_angle": 55, "backtrack": true, "gcr": 0.3843, "cross_axis_tilt": 0}}, {"type": "Feature", "geometry": {"type": "Point", "coordinates": [-71.8042951, -16.6046255]}, "properties": {"rol": "seguidor", "id": "TR-04_1-092", "tipo": "completo", "axis_azimuth": 0, "punto": "eje de unidad (no el motor)", "ncu": 5, "gw": 2, "axis_tilt": 0, "max_angle": 55, "backtrack": true, "gcr": 0.3843, "cross_axis_tilt": 0}}, {"type": "Feature", "geometry": {"type": "Point", "coordinates": [-71.804179, -16.6046271]}, "properties": {"rol": "seguidor", "id": "TR-04_1-093", "tipo": "completo", "axis_azimuth": 0, "punto": "eje de unidad (no el motor)", "ncu": 5, "gw": 2, "axis_tilt": 0, "max_angle": 55, "backtrack": true, "gcr": 0.3843, "cross_axis_tilt": 0}}, {"type": "Feature", "geometry": {"type": "Point", "coordinates": [-71.8040629, -16.6046287]}, "properties": {"rol": "seguidor", "id": "TR-04_1-094", "tipo": "completo", "axis_azimuth": 0, "punto": "eje de unidad (no el motor)", "ncu": 5, "gw": 2, "axis_tilt": 0, "max_angle": 55, "backtrack": true, "gcr": 0.3843, "cross_axis_tilt": 0}}, {"type": "Feature", "geometry": {"type": "Point", "coordinates": [-71.8039468, -16.6046302]}, "properties": {"rol": "seguidor", "id": "TR-04_1-095", "tipo": "completo", "axis_azimuth": 0, "punto": "eje de unidad (no el motor)", "ncu": 5, "gw": 2, "axis_tilt": 0, "max_angle": 55, "backtrack": true, "gcr": 0.3843, "cross_axis_tilt": 0}}, {"type": "Feature", "geometry": {"type": "Point", "coordinates": [-71.8038307, -16.6046318]}, "properties": {"rol": "seguidor", "id": "TR-04_1-096", "tipo": "completo", "axis_azimuth": 0, "punto": "eje de unidad (no el motor)", "ncu": 5, "gw": 2, "axis_tilt": 0, "max_angle": 55, "backtrack": true, "gcr": 0.3843, "cross_axis_tilt": 0}}, {"type": "Feature", "geometry": {"type": "Point", "coordinates": [-71.8037146, -16.6046334]}, "properties": {"rol": "seguidor", "id": "TR-04_1-097", "tipo": "completo", "axis_azimuth": 0, "punto": "eje de unidad (no el motor)", "ncu": 5, "gw": 2, "axis_tilt": 0, "max_angle": 55, "backtrack": true, "gcr": 0.3843, "cross_axis_tilt": 0}}, {"type": "Feature", "geometry": {"type": "Point", "coordinates": [-71.8035985, -16.6046349]}, "properties": {"rol": "seguidor", "id": "TR-04_1-098", "tipo": "completo", "axis_azimuth": 0, "punto": "eje de unidad (no el motor)", "ncu": 5, "gw": 2, "axis_tilt": 0, "max_angle": 55, "backtrack": true, "gcr": 0.3843, "cross_axis_tilt": 0}}, {"type": "Feature", "geometry": {"type": "Point", "coordinates": [-71.8034823, -16.6046365]}, "properties": {"rol": "seguidor", "id": "TR-04_1-099", "tipo": "completo", "axis_azimuth": 0, "punto": "eje de unidad (no el motor)", "ncu": 5, "gw": 2, "axis_tilt": 0, "max_angle": 55, "backtrack": true, "gcr": 0.3843, "cross_axis_tilt": 0}}, {"type": "Feature", "geometry": {"type": "Point", "coordinates": [-71.8033662, -16.6046381]}, "properties": {"rol": "seguidor", "id": "TR-04_1-100", "tipo": "completo", "axis_azimuth": 0, "punto": "eje de unidad (no el motor)", "ncu": 5, "gw": 2, "axis_tilt": 0, "max_angle": 55, "backtrack": true, "gcr": 0.3843, "cross_axis_tilt": 0}}, {"type": "Feature", "geometry": {"type": "Point", "coordinates": [-71.8032501, -16.6046396]}, "properties": {"rol": "seguidor", "id": "TR-04_1-101", "tipo": "completo", "axis_azimuth": 0, "punto": "eje de unidad (no el motor)", "ncu": 5, "gw": 2, "axis_tilt": 0, "max_angle": 55, "backtrack": true, "gcr": 0.3843, "cross_axis_tilt": 0}}, {"type": "Feature", "geometry": {"type": "Point", "coordinates": [-71.803134, -16.6046412]}, "properties": {"rol": "seguidor", "id": "TR-04_1-102", "tipo": "completo", "axis_azimuth": 0, "punto": "eje de unidad (no el motor)", "ncu": 5, "gw": 2, "axis_tilt": 0, "max_angle": 55, "backtrack": true, "gcr": 0.3843, "cross_axis_tilt": 0}}, {"type": "Feature", "geometry": {"type": "Point", "coordinates": [-71.8030179, -16.6046428]}, "properties": {"rol": "seguidor", "id": "TR-04_1-103", "tipo": "completo", "axis_azimuth": 0, "punto": "eje de unidad (no el motor)", "ncu": 5, "gw": 2, "axis_tilt": 0, "max_angle": 55, "backtrack": true, "gcr": 0.3843, "cross_axis_tilt": 0}}, {"type": "Feature", "geometry": {"type": "Point", "coordinates": [-71.8029018, -16.6046443]}, "properties": {"rol": "seguidor", "id": "TR-04_1-104", "tipo": "completo", "axis_azimuth": 0, "punto": "eje de unidad (no el motor)", "ncu": 5, "gw": 2, "axis_tilt": 0, "max_angle": 55, "backtrack": true, "gcr": 0.3843, "cross_axis_tilt": 0}}, {"type": "Feature", "geometry": {"type": "Point", "coordinates": [-71.8027857, -16.6046459]}, "properties": {"rol": "seguidor", "id": "TR-04_1-105", "tipo": "completo", "axis_azimuth": 0, "punto": "eje de unidad (no el motor)", "ncu": 5, "gw": 2, "axis_tilt": 0, "max_angle": 55, "backtrack": true, "gcr": 0.3843, "cross_axis_tilt": 0}}, {"type": "Feature", "geometry": {"type": "Point", "coordinates": [-71.8026696, -16.6046475]}, "properties": {"rol": "seguidor", "id": "TR-04_1-106", "tipo": "completo", "axis_azimuth": 0, "punto": "eje de unidad (no el motor)", "ncu": 5, "gw": 2, "axis_tilt": 0, "max_angle": 55, "backtrack": true, "gcr": 0.3843, "cross_axis_tilt": 0}}, {"type": "Feature", "geometry": {"type": "Point", "coordinates": [-71.8025534, -16.604649]}, "properties": {"rol": "seguidor", "id": "TR-04_1-107", "tipo": "completo", "axis_azimuth": 0, "punto": "eje de unidad (no el motor)", "ncu": 5, "gw": 2, "axis_tilt": 0, "max_angle": 55, "backtrack": true, "gcr": 0.3843, "cross_axis_tilt": 0}}, {"type": "Feature", "geometry": {"type": "Point", "coordinates": [-71.8044187, -16.6051368]}, "properties": {"rol": "seguidor", "id": "TR-04_1-108", "tipo": "medio", "axis_azimuth": 0, "punto": "eje de unidad (no el motor)", "ncu": 5, "gw": 2, "axis_tilt": 0, "max_angle": 55, "backtrack": true, "gcr": 0.3843, "cross_axis_tilt": 0}}, {"type": "Feature", "geometry": {"type": "Point", "coordinates": [-71.8043026, -16.6051384]}, "properties": {"rol": "seguidor", "id": "TR-04_1-109", "tipo": "medio", "axis_azimuth": 0, "punto": "eje de unidad (no el motor)", "ncu": 5, "gw": 2, "axis_tilt": 0, "max_angle": 55, "backtrack": true, "gcr": 0.3843, "cross_axis_tilt": 0}}, {"type": "Feature", "geometry": {"type": "Point", "coordinates": [-71.8041865, -16.60514]}, "properties": {"rol": "seguidor", "id": "TR-04_1-110", "tipo": "medio", "axis_azimuth": 0, "punto": "eje de unidad (no el motor)", "ncu": 5, "gw": 2, "axis_tilt": 0, "max_angle": 55, "backtrack": true, "gcr": 0.3843, "cross_axis_tilt": 0}}, {"type": "Feature", "geometry": {"type": "Point", "coordinates": [-71.8040704, -16.6051415]}, "properties": {"rol": "seguidor", "id": "TR-04_1-111", "tipo": "medio", "axis_azimuth": 0, "punto": "eje de unidad (no el motor)", "ncu": 5, "gw": 2, "axis_tilt": 0, "max_angle": 55, "backtrack": true, "gcr": 0.3843, "cross_axis_tilt": 0}}, {"type": "Feature", "geometry": {"type": "Point", "coordinates": [-71.8039542, -16.6051431]}, "properties": {"rol": "seguidor", "id": "TR-04_1-112", "tipo": "medio", "axis_azimuth": 0, "punto": "eje de unidad (no el motor)", "ncu": 5, "gw": 2, "axis_tilt": 0, "max_angle": 55, "backtrack": true, "gcr": 0.3843, "cross_axis_tilt": 0}}, {"type": "Feature", "geometry": {"type": "Point", "coordinates": [-71.8038381, -16.6051447]}, "properties": {"rol": "seguidor", "id": "TR-04_1-113", "tipo": "medio", "axis_azimuth": 0, "punto": "eje de unidad (no el motor)", "ncu": 5, "gw": 2, "axis_tilt": 0, "max_angle": 55, "backtrack": true, "gcr": 0.3843, "cross_axis_tilt": 0}}, {"type": "Feature", "geometry": {"type": "Point", "coordinates": [-71.803722, -16.6051462]}, "properties": {"rol": "seguidor", "id": "TR-04_1-114", "tipo": "medio", "axis_azimuth": 0, "punto": "eje de unidad (no el motor)", "ncu": 5, "gw": 2, "axis_tilt": 0, "max_angle": 55, "backtrack": true, "gcr": 0.3843, "cross_axis_tilt": 0}}, {"type": "Feature", "geometry": {"type": "Point", "coordinates": [-71.8036059, -16.6051478]}, "properties": {"rol": "seguidor", "id": "TR-04_1-115", "tipo": "medio", "axis_azimuth": 0, "punto": "eje de unidad (no el motor)", "ncu": 5, "gw": 2, "axis_tilt": 0, "max_angle": 55, "backtrack": true, "gcr": 0.3843, "cross_axis_tilt": 0}}, {"type": "Feature", "geometry": {"type": "Point", "coordinates": [-71.8034898, -16.6051494]}, "properties": {"rol": "seguidor", "id": "TR-04_1-116", "tipo": "medio", "axis_azimuth": 0, "punto": "eje de unidad (no el motor)", "ncu": 5, "gw": 2, "axis_tilt": 0, "max_angle": 55, "backtrack": true, "gcr": 0.3843, "cross_axis_tilt": 0}}, {"type": "Feature", "geometry": {"type": "Point", "coordinates": [-71.8033737, -16.6051509]}, "properties": {"rol": "seguidor", "id": "TR-04_1-117", "tipo": "medio", "axis_azimuth": 0, "punto": "eje de unidad (no el motor)", "ncu": 5, "gw": 2, "axis_tilt": 0, "max_angle": 55, "backtrack": true, "gcr": 0.3843, "cross_axis_tilt": 0}}, {"type": "Feature", "geometry": {"type": "Point", "coordinates": [-71.8032576, -16.6051525]}, "properties": {"rol": "seguidor", "id": "TR-04_1-118", "tipo": "medio", "axis_azimuth": 0, "punto": "eje de unidad (no el motor)", "ncu": 5, "gw": 2, "axis_tilt": 0, "max_angle": 55, "backtrack": true, "gcr": 0.3843, "cross_axis_tilt": 0}}, {"type": "Feature", "geometry": {"type": "Point", "coordinates": [-71.8031414, -16.6051541]}, "properties": {"rol": "seguidor", "id": "TR-04_1-119", "tipo": "medio", "axis_azimuth": 0, "punto": "eje de unidad (no el motor)", "ncu": 5, "gw": 2, "axis_tilt": 0, "max_angle": 55, "backtrack": true, "gcr": 0.3843, "cross_axis_tilt": 0}}, {"type": "Feature", "geometry": {"type": "Point", "coordinates": [-71.8030277, -16.6053209]}, "properties": {"rol": "seguidor", "id": "TR-04_1-120", "tipo": "completo", "axis_azimuth": 0, "punto": "eje de unidad (no el motor)", "ncu": 5, "gw": 2, "axis_tilt": 0, "max_angle": 55, "backtrack": true, "gcr": 0.3843, "cross_axis_tilt": 0}}, {"type": "Feature", "geometry": {"type": "Point", "coordinates": [-71.8029116, -16.6053224]}, "properties": {"rol": "seguidor", "id": "TR-04_1-121", "tipo": "completo", "axis_azimuth": 0, "punto": "eje de unidad (no el motor)", "ncu": 5, "gw": 2, "axis_tilt": 0, "max_angle": 55, "backtrack": true, "gcr": 0.3843, "cross_axis_tilt": 0}}, {"type": "Feature", "geometry": {"type": "Point", "coordinates": [-71.8027955, -16.605324]}, "properties": {"rol": "seguidor", "id": "TR-04_1-122", "tipo": "completo", "axis_azimuth": 0, "punto": "eje de unidad (no el motor)", "ncu": 5, "gw": 2, "axis_tilt": 0, "max_angle": 55, "backtrack": true, "gcr": 0.3843, "cross_axis_tilt": 0}}, {"type": "Feature", "geometry": {"type": "Point", "coordinates": [-71.8026794, -16.6053256]}, "properties": {"rol": "seguidor", "id": "TR-04_1-123", "tipo": "completo", "axis_azimuth": 0, "punto": "eje de unidad (no el motor)", "ncu": 5, "gw": 2, "axis_tilt": 0, "max_angle": 55, "backtrack": true, "gcr": 0.3843, "cross_axis_tilt": 0}}, {"type": "Feature", "geometry": {"type": "Point", "coordinates": [-71.8025633, -16.6053271]}, "properties": {"rol": "seguidor", "id": "TR-04_1-124", "tipo": "completo", "axis_azimuth": 0, "punto": "eje de unidad (no el motor)", "ncu": 5, "gw": 2, "axis_tilt": 0, "max_angle": 55, "backtrack": true, "gcr": 0.3843, "cross_axis_tilt": 0}}, {"type": "Feature", "geometry": {"type": "Point", "coordinates": [-71.8063233, -16.6004016]}, "properties": {"rol": "seguidor", "id": "TR-04_2-001", "tipo": "completo", "axis_azimuth": 0, "punto": "eje de unidad (no el motor)", "ncu": 6, "gw": 1, "axis_tilt": 0, "max_angle": 55, "backtrack": true, "gcr": 0.3843, "cross_axis_tilt": 0}}, {"type": "Feature", "geometry": {"type": "Point", "coordinates": [-71.8062072, -16.6004031]}, "properties": {"rol": "seguidor", "id": "TR-04_2-002", "tipo": "completo", "axis_azimuth": 0, "punto": "eje de unidad (no el motor)", "ncu": 6, "gw": 1, "axis_tilt": 0, "max_angle": 55, "backtrack": true, "gcr": 0.3843, "cross_axis_tilt": 0}}, {"type": "Feature", "geometry": {"type": "Point", "coordinates": [-71.8060911, -16.6004047]}, "properties": {"rol": "seguidor", "id": "TR-04_2-003", "tipo": "completo", "axis_azimuth": 0, "punto": "eje de unidad (no el motor)", "ncu": 6, "gw": 1, "axis_tilt": 0, "max_angle": 55, "backtrack": true, "gcr": 0.3843, "cross_axis_tilt": 0}}, {"type": "Feature", "geometry": {"type": "Point", "coordinates": [-71.805975, -16.6004063]}, "properties": {"rol": "seguidor", "id": "TR-04_2-004", "tipo": "completo", "axis_azimuth": 0, "punto": "eje de unidad (no el motor)", "ncu": 6, "gw": 1, "axis_tilt": 0, "max_angle": 55, "backtrack": true, "gcr": 0.3843, "cross_axis_tilt": 0}}, {"type": "Feature", "geometry": {"type": "Point", "coordinates": [-71.8058588, -16.6004078]}, "properties": {"rol": "seguidor", "id": "TR-04_2-005", "tipo": "completo", "axis_azimuth": 0, "punto": "eje de unidad (no el motor)", "ncu": 6, "gw": 1, "axis_tilt": 0, "max_angle": 55, "backtrack": true, "gcr": 0.3843, "cross_axis_tilt": 0}}, {"type": "Feature", "geometry": {"type": "Point", "coordinates": [-71.8057427, -16.6004094]}, "properties": {"rol": "seguidor", "id": "TR-04_2-006", "tipo": "completo", "axis_azimuth": 0, "punto": "eje de unidad (no el motor)", "ncu": 6, "gw": 1, "axis_tilt": 0, "max_angle": 55, "backtrack": true, "gcr": 0.3843, "cross_axis_tilt": 0}}, {"type": "Feature", "geometry": {"type": "Point", "coordinates": [-71.8056266, -16.600411]}, "properties": {"rol": "seguidor", "id": "TR-04_2-007", "tipo": "completo", "axis_azimuth": 0, "punto": "eje de unidad (no el motor)", "ncu": 6, "gw": 1, "axis_tilt": 0, "max_angle": 55, "backtrack": true, "gcr": 0.3843, "cross_axis_tilt": 0}}, {"type": "Feature", "geometry": {"type": "Point", "coordinates": [-71.8055105, -16.6004125]}, "properties": {"rol": "seguidor", "id": "TR-04_2-008", "tipo": "completo", "axis_azimuth": 0, "punto": "eje de unidad (no el motor)", "ncu": 6, "gw": 1, "axis_tilt": 0, "max_angle": 55, "backtrack": true, "gcr": 0.3843, "cross_axis_tilt": 0}}, {"type": "Feature", "geometry": {"type": "Point", "coordinates": [-71.8053944, -16.6004141]}, "properties": {"rol": "seguidor", "id": "TR-04_2-009", "tipo": "completo", "axis_azimuth": 0, "punto": "eje de unidad (no el motor)", "ncu": 6, "gw": 1, "axis_tilt": 0, "max_angle": 55, "backtrack": true, "gcr": 0.3843, "cross_axis_tilt": 0}}, {"type": "Feature", "geometry": {"type": "Point", "coordinates": [-71.8052783, -16.6004157]}, "properties": {"rol": "seguidor", "id": "TR-04_2-010", "tipo": "completo", "axis_azimuth": 0, "punto": "eje de unidad (no el motor)", "ncu": 6, "gw": 1, "axis_tilt": 0, "max_angle": 55, "backtrack": true, "gcr": 0.3843, "cross_axis_tilt": 0}}, {"type": "Feature", "geometry": {"type": "Point", "coordinates": [-71.8051622, -16.6004172]}, "properties": {"rol": "seguidor", "id": "TR-04_2-011", "tipo": "completo", "axis_azimuth": 0, "punto": "eje de unidad (no el motor)", "ncu": 6, "gw": 1, "axis_tilt": 0, "max_angle": 55, "backtrack": true, "gcr": 0.3843, "cross_axis_tilt": 0}}, {"type": "Feature", "geometry": {"type": "Point", "coordinates": [-71.8050461, -16.6004188]}, "properties": {"rol": "seguidor", "id": "TR-04_2-012", "tipo": "completo", "axis_azimuth": 0, "punto": "eje de unidad (no el motor)", "ncu": 6, "gw": 1, "axis_tilt": 0, "max_angle": 55, "backtrack": true, "gcr": 0.3843, "cross_axis_tilt": 0}}, {"type": "Feature", "geometry": {"type": "Point", "coordinates": [-71.80493, -16.6004204]}, "properties": {"rol": "seguidor", "id": "TR-04_2-013", "tipo": "completo", "axis_azimuth": 0, "punto": "eje de unidad (no el motor)", "ncu": 6, "gw": 1, "axis_tilt": 0, "max_angle": 55, "backtrack": true, "gcr": 0.3843, "cross_axis_tilt": 0}}, {"type": "Feature", "geometry": {"type": "Point", "coordinates": [-71.8048138, -16.6004219]}, "properties": {"rol": "seguidor", "id": "TR-04_2-014", "tipo": "completo", "axis_azimuth": 0, "punto": "eje de unidad (no el motor)", "ncu": 6, "gw": 1, "axis_tilt": 0, "max_angle": 55, "backtrack": true, "gcr": 0.3843, "cross_axis_tilt": 0}}, {"type": "Feature", "geometry": {"type": "Point", "coordinates": [-71.8046977, -16.6004235]}, "properties": {"rol": "seguidor", "id": "TR-04_2-015", "tipo": "completo", "axis_azimuth": 0, "punto": "eje de unidad (no el motor)", "ncu": 6, "gw": 1, "axis_tilt": 0, "max_angle": 55, "backtrack": true, "gcr": 0.3843, "cross_axis_tilt": 0}}, {"type": "Feature", "geometry": {"type": "Point", "coordinates": [-71.8045816, -16.6004251]}, "properties": {"rol": "seguidor", "id": "TR-04_2-016", "tipo": "completo", "axis_azimuth": 0, "punto": "eje de unidad (no el motor)", "ncu": 6, "gw": 1, "axis_tilt": 0, "max_angle": 55, "backtrack": true, "gcr": 0.3843, "cross_axis_tilt": 0}}, {"type": "Feature", "geometry": {"type": "Point", "coordinates": [-71.8044655, -16.6004266]}, "properties": {"rol": "seguidor", "id": "TR-04_2-017", "tipo": "completo", "axis_azimuth": 0, "punto": "eje de unidad (no el motor)", "ncu": 6, "gw": 1, "axis_tilt": 0, "max_angle": 55, "backtrack": true, "gcr": 0.3843, "cross_axis_tilt": 0}}, {"type": "Feature", "geometry": {"type": "Point", "coordinates": [-71.8063331, -16.6010796]}, "properties": {"rol": "seguidor", "id": "TR-04_2-018", "tipo": "completo", "axis_azimuth": 0, "punto": "eje de unidad (no el motor)", "ncu": 6, "gw": 1, "axis_tilt": 0, "max_angle": 55, "backtrack": true, "gcr": 0.3843, "cross_axis_tilt": 0}}, {"type": "Feature", "geometry": {"type": "Point", "coordinates": [-71.806217, -16.6010812]}, "properties": {"rol": "seguidor", "id": "TR-04_2-019", "tipo": "completo", "axis_azimuth": 0, "punto": "eje de unidad (no el motor)", "ncu": 6, "gw": 1, "axis_tilt": 0, "max_angle": 55, "backtrack": true, "gcr": 0.3843, "cross_axis_tilt": 0}}, {"type": "Feature", "geometry": {"type": "Point", "coordinates": [-71.8061009, -16.6010828]}, "properties": {"rol": "seguidor", "id": "TR-04_2-020", "tipo": "completo", "axis_azimuth": 0, "punto": "eje de unidad (no el motor)", "ncu": 6, "gw": 1, "axis_tilt": 0, "max_angle": 55, "backtrack": true, "gcr": 0.3843, "cross_axis_tilt": 0}}, {"type": "Feature", "geometry": {"type": "Point", "coordinates": [-71.8059848, -16.6010843]}, "properties": {"rol": "seguidor", "id": "TR-04_2-021", "tipo": "completo", "axis_azimuth": 0, "punto": "eje de unidad (no el motor)", "ncu": 6, "gw": 1, "axis_tilt": 0, "max_angle": 55, "backtrack": true, "gcr": 0.3843, "cross_axis_tilt": 0}}, {"type": "Feature", "geometry": {"type": "Point", "coordinates": [-71.8058687, -16.6010859]}, "properties": {"rol": "seguidor", "id": "TR-04_2-022", "tipo": "completo", "axis_azimuth": 0, "punto": "eje de unidad (no el motor)", "ncu": 6, "gw": 1, "axis_tilt": 0, "max_angle": 55, "backtrack": true, "gcr": 0.3843, "cross_axis_tilt": 0}}, {"type": "Feature", "geometry": {"type": "Point", "coordinates": [-71.8057526, -16.6010875]}, "properties": {"rol": "seguidor", "id": "TR-04_2-023", "tipo": "completo", "axis_azimuth": 0, "punto": "eje de unidad (no el motor)", "ncu": 6, "gw": 1, "axis_tilt": 0, "max_angle": 55, "backtrack": true, "gcr": 0.3843, "cross_axis_tilt": 0}}, {"type": "Feature", "geometry": {"type": "Point", "coordinates": [-71.8056365, -16.601089]}, "properties": {"rol": "seguidor", "id": "TR-04_2-024", "tipo": "completo", "axis_azimuth": 0, "punto": "eje de unidad (no el motor)", "ncu": 6, "gw": 1, "axis_tilt": 0, "max_angle": 55, "backtrack": true, "gcr": 0.3843, "cross_axis_tilt": 0}}, {"type": "Feature", "geometry": {"type": "Point", "coordinates": [-71.8055204, -16.6010906]}, "properties": {"rol": "seguidor", "id": "TR-04_2-025", "tipo": "completo", "axis_azimuth": 0, "punto": "eje de unidad (no el motor)", "ncu": 6, "gw": 1, "axis_tilt": 0, "max_angle": 55, "backtrack": true, "gcr": 0.3843, "cross_axis_tilt": 0}}, {"type": "Feature", "geometry": {"type": "Point", "coordinates": [-71.8054042, -16.6010922]}, "properties": {"rol": "seguidor", "id": "TR-04_2-026", "tipo": "completo", "axis_azimuth": 0, "punto": "eje de unidad (no el motor)", "ncu": 6, "gw": 1, "axis_tilt": 0, "max_angle": 55, "backtrack": true, "gcr": 0.3843, "cross_axis_tilt": 0}}, {"type": "Feature", "geometry": {"type": "Point", "coordinates": [-71.8052881, -16.6010937]}, "properties": {"rol": "seguidor", "id": "TR-04_2-027", "tipo": "completo", "axis_azimuth": 0, "punto": "eje de unidad (no el motor)", "ncu": 6, "gw": 1, "axis_tilt": 0, "max_angle": 55, "backtrack": true, "gcr": 0.3843, "cross_axis_tilt": 0}}, {"type": "Feature", "geometry": {"type": "Point", "coordinates": [-71.805172, -16.6010953]}, "properties": {"rol": "seguidor", "id": "TR-04_2-028", "tipo": "completo", "axis_azimuth": 0, "punto": "eje de unidad (no el motor)", "ncu": 6, "gw": 1, "axis_tilt": 0, "max_angle": 55, "backtrack": true, "gcr": 0.3843, "cross_axis_tilt": 0}}, {"type": "Feature", "geometry": {"type": "Point", "coordinates": [-71.8050559, -16.6010969]}, "properties": {"rol": "seguidor", "id": "TR-04_2-029", "tipo": "completo", "axis_azimuth": 0, "punto": "eje de unidad (no el motor)", "ncu": 6, "gw": 1, "axis_tilt": 0, "max_angle": 55, "backtrack": true, "gcr": 0.3843, "cross_axis_tilt": 0}}, {"type": "Feature", "geometry": {"type": "Point", "coordinates": [-71.8049398, -16.6010985]}, "properties": {"rol": "seguidor", "id": "TR-04_2-030", "tipo": "completo", "axis_azimuth": 0, "punto": "eje de unidad (no el motor)", "ncu": 6, "gw": 1, "axis_tilt": 0, "max_angle": 55, "backtrack": true, "gcr": 0.3843, "cross_axis_tilt": 0}}, {"type": "Feature", "geometry": {"type": "Point", "coordinates": [-71.8048237, -16.6011]}, "properties": {"rol": "seguidor", "id": "TR-04_2-031", "tipo": "completo", "axis_azimuth": 0, "punto": "eje de unidad (no el motor)", "ncu": 6, "gw": 1, "axis_tilt": 0, "max_angle": 55, "backtrack": true, "gcr": 0.3843, "cross_axis_tilt": 0}}, {"type": "Feature", "geometry": {"type": "Point", "coordinates": [-71.8047076, -16.6011016]}, "properties": {"rol": "seguidor", "id": "TR-04_2-032", "tipo": "completo", "axis_azimuth": 0, "punto": "eje de unidad (no el motor)", "ncu": 6, "gw": 1, "axis_tilt": 0, "max_angle": 55, "backtrack": true, "gcr": 0.3843, "cross_axis_tilt": 0}}, {"type": "Feature", "geometry": {"type": "Point", "coordinates": [-71.8045915, -16.6011032]}, "properties": {"rol": "seguidor", "id": "TR-04_2-033", "tipo": "completo", "axis_azimuth": 0, "punto": "eje de unidad (no el motor)", "ncu": 6, "gw": 1, "axis_tilt": 0, "max_angle": 55, "backtrack": true, "gcr": 0.3843, "cross_axis_tilt": 0}}, {"type": "Feature", "geometry": {"type": "Point", "coordinates": [-71.8044754, -16.6011047]}, "properties": {"rol": "seguidor", "id": "TR-04_2-034", "tipo": "completo", "axis_azimuth": 0, "punto": "eje de unidad (no el motor)", "ncu": 6, "gw": 1, "axis_tilt": 0, "max_angle": 55, "backtrack": true, "gcr": 0.3843, "cross_axis_tilt": 0}}, {"type": "Feature", "geometry": {"type": "Point", "coordinates": [-71.806343, -16.6017577]}, "properties": {"rol": "seguidor", "id": "TR-04_2-035", "tipo": "completo", "axis_azimuth": 0, "punto": "eje de unidad (no el motor)", "ncu": 6, "gw": 1, "axis_tilt": 0, "max_angle": 55, "backtrack": true, "gcr": 0.3843, "cross_axis_tilt": 0}}, {"type": "Feature", "geometry": {"type": "Point", "coordinates": [-71.8062269, -16.6017593]}, "properties": {"rol": "seguidor", "id": "TR-04_2-036", "tipo": "completo", "axis_azimuth": 0, "punto": "eje de unidad (no el motor)", "ncu": 6, "gw": 1, "axis_tilt": 0, "max_angle": 55, "backtrack": true, "gcr": 0.3843, "cross_axis_tilt": 0}}, {"type": "Feature", "geometry": {"type": "Point", "coordinates": [-71.8061108, -16.6017609]}, "properties": {"rol": "seguidor", "id": "TR-04_2-037", "tipo": "completo", "axis_azimuth": 0, "punto": "eje de unidad (no el motor)", "ncu": 6, "gw": 1, "axis_tilt": 0, "max_angle": 55, "backtrack": true, "gcr": 0.3843, "cross_axis_tilt": 0}}, {"type": "Feature", "geometry": {"type": "Point", "coordinates": [-71.8059946, -16.6017624]}, "properties": {"rol": "seguidor", "id": "TR-04_2-038", "tipo": "completo", "axis_azimuth": 0, "punto": "eje de unidad (no el motor)", "ncu": 6, "gw": 1, "axis_tilt": 0, "max_angle": 55, "backtrack": true, "gcr": 0.3843, "cross_axis_tilt": 0}}, {"type": "Feature", "geometry": {"type": "Point", "coordinates": [-71.8058785, -16.601764]}, "properties": {"rol": "seguidor", "id": "TR-04_2-039", "tipo": "completo", "axis_azimuth": 0, "punto": "eje de unidad (no el motor)", "ncu": 6, "gw": 1, "axis_tilt": 0, "max_angle": 55, "backtrack": true, "gcr": 0.3843, "cross_axis_tilt": 0}}, {"type": "Feature", "geometry": {"type": "Point", "coordinates": [-71.8057624, -16.6017656]}, "properties": {"rol": "seguidor", "id": "TR-04_2-040", "tipo": "completo", "axis_azimuth": 0, "punto": "eje de unidad (no el motor)", "ncu": 6, "gw": 1, "axis_tilt": 0, "max_angle": 55, "backtrack": true, "gcr": 0.3843, "cross_axis_tilt": 0}}, {"type": "Feature", "geometry": {"type": "Point", "coordinates": [-71.8056463, -16.6017671]}, "properties": {"rol": "seguidor", "id": "TR-04_2-041", "tipo": "completo", "axis_azimuth": 0, "punto": "eje de unidad (no el motor)", "ncu": 6, "gw": 1, "axis_tilt": 0, "max_angle": 55, "backtrack": true, "gcr": 0.3843, "cross_axis_tilt": 0}}, {"type": "Feature", "geometry": {"type": "Point", "coordinates": [-71.8055302, -16.6017687]}, "properties": {"rol": "seguidor", "id": "TR-04_2-042", "tipo": "completo", "axis_azimuth": 0, "punto": "eje de unidad (no el motor)", "ncu": 6, "gw": 1, "axis_tilt": 0, "max_angle": 55, "backtrack": true, "gcr": 0.3843, "cross_axis_tilt": 0}}, {"type": "Feature", "geometry": {"type": "Point", "coordinates": [-71.8054141, -16.6017703]}, "properties": {"rol": "seguidor", "id": "TR-04_2-043", "tipo": "completo", "axis_azimuth": 0, "punto": "eje de unidad (no el motor)", "ncu": 6, "gw": 1, "axis_tilt": 0, "max_angle": 55, "backtrack": true, "gcr": 0.3843, "cross_axis_tilt": 0}}, {"type": "Feature", "geometry": {"type": "Point", "coordinates": [-71.805298, -16.6017718]}, "properties": {"rol": "seguidor", "id": "TR-04_2-044", "tipo": "completo", "axis_azimuth": 0, "punto": "eje de unidad (no el motor)", "ncu": 6, "gw": 1, "axis_tilt": 0, "max_angle": 55, "backtrack": true, "gcr": 0.3843, "cross_axis_tilt": 0}}, {"type": "Feature", "geometry": {"type": "Point", "coordinates": [-71.8051819, -16.6017734]}, "properties": {"rol": "seguidor", "id": "TR-04_2-045", "tipo": "completo", "axis_azimuth": 0, "punto": "eje de unidad (no el motor)", "ncu": 6, "gw": 1, "axis_tilt": 0, "max_angle": 55, "backtrack": true, "gcr": 0.3843, "cross_axis_tilt": 0}}, {"type": "Feature", "geometry": {"type": "Point", "coordinates": [-71.8050658, -16.601775]}, "properties": {"rol": "seguidor", "id": "TR-04_2-046", "tipo": "completo", "axis_azimuth": 0, "punto": "eje de unidad (no el motor)", "ncu": 6, "gw": 1, "axis_tilt": 0, "max_angle": 55, "backtrack": true, "gcr": 0.3843, "cross_axis_tilt": 0}}, {"type": "Feature", "geometry": {"type": "Point", "coordinates": [-71.8049496, -16.6017765]}, "properties": {"rol": "seguidor", "id": "TR-04_2-047", "tipo": "completo", "axis_azimuth": 0, "punto": "eje de unidad (no el motor)", "ncu": 6, "gw": 1, "axis_tilt": 0, "max_angle": 55, "backtrack": true, "gcr": 0.3843, "cross_axis_tilt": 0}}, {"type": "Feature", "geometry": {"type": "Point", "coordinates": [-71.8048335, -16.6017781]}, "properties": {"rol": "seguidor", "id": "TR-04_2-048", "tipo": "completo", "axis_azimuth": 0, "punto": "eje de unidad (no el motor)", "ncu": 6, "gw": 1, "axis_tilt": 0, "max_angle": 55, "backtrack": true, "gcr": 0.3843, "cross_axis_tilt": 0}}, {"type": "Feature", "geometry": {"type": "Point", "coordinates": [-71.8047174, -16.6017797]}, "properties": {"rol": "seguidor", "id": "TR-04_2-049", "tipo": "completo", "axis_azimuth": 0, "punto": "eje de unidad (no el motor)", "ncu": 6, "gw": 1, "axis_tilt": 0, "max_angle": 55, "backtrack": true, "gcr": 0.3843, "cross_axis_tilt": 0}}, {"type": "Feature", "geometry": {"type": "Point", "coordinates": [-71.8046013, -16.6017812]}, "properties": {"rol": "seguidor", "id": "TR-04_2-050", "tipo": "completo", "axis_azimuth": 0, "punto": "eje de unidad (no el motor)", "ncu": 6, "gw": 1, "axis_tilt": 0, "max_angle": 55, "backtrack": true, "gcr": 0.3843, "cross_axis_tilt": 0}}, {"type": "Feature", "geometry": {"type": "Point", "coordinates": [-71.8044852, -16.6017828]}, "properties": {"rol": "seguidor", "id": "TR-04_2-051", "tipo": "completo", "axis_azimuth": 0, "punto": "eje de unidad (no el motor)", "ncu": 6, "gw": 1, "axis_tilt": 0, "max_angle": 55, "backtrack": true, "gcr": 0.3843, "cross_axis_tilt": 0}}, {"type": "Feature", "geometry": {"type": "Point", "coordinates": [-71.8063528, -16.6024358]}, "properties": {"rol": "seguidor", "id": "TR-04_2-052", "tipo": "completo", "axis_azimuth": 0, "punto": "eje de unidad (no el motor)", "ncu": 6, "gw": 1, "axis_tilt": 0, "max_angle": 55, "backtrack": true, "gcr": 0.3843, "cross_axis_tilt": 0}}, {"type": "Feature", "geometry": {"type": "Point", "coordinates": [-71.8062367, -16.6024374]}, "properties": {"rol": "seguidor", "id": "TR-04_2-053", "tipo": "completo", "axis_azimuth": 0, "punto": "eje de unidad (no el motor)", "ncu": 6, "gw": 1, "axis_tilt": 0, "max_angle": 55, "backtrack": true, "gcr": 0.3843, "cross_axis_tilt": 0}}, {"type": "Feature", "geometry": {"type": "Point", "coordinates": [-71.8061206, -16.6024389]}, "properties": {"rol": "seguidor", "id": "TR-04_2-054", "tipo": "completo", "axis_azimuth": 0, "punto": "eje de unidad (no el motor)", "ncu": 6, "gw": 1, "axis_tilt": 0, "max_angle": 55, "backtrack": true, "gcr": 0.3843, "cross_axis_tilt": 0}}, {"type": "Feature", "geometry": {"type": "Point", "coordinates": [-71.8060045, -16.6024405]}, "properties": {"rol": "seguidor", "id": "TR-04_2-055", "tipo": "completo", "axis_azimuth": 0, "punto": "eje de unidad (no el motor)", "ncu": 6, "gw": 1, "axis_tilt": 0, "max_angle": 55, "backtrack": true, "gcr": 0.3843, "cross_axis_tilt": 0}}, {"type": "Feature", "geometry": {"type": "Point", "coordinates": [-71.8058884, -16.6024421]}, "properties": {"rol": "seguidor", "id": "TR-04_2-056", "tipo": "completo", "axis_azimuth": 0, "punto": "eje de unidad (no el motor)", "ncu": 6, "gw": 1, "axis_tilt": 0, "max_angle": 55, "backtrack": true, "gcr": 0.3843, "cross_axis_tilt": 0}}, {"type": "Feature", "geometry": {"type": "Point", "coordinates": [-71.8057723, -16.6024436]}, "properties": {"rol": "seguidor", "id": "TR-04_2-057", "tipo": "completo", "axis_azimuth": 0, "punto": "eje de unidad (no el motor)", "ncu": 6, "gw": 1, "axis_tilt": 0, "max_angle": 55, "backtrack": true, "gcr": 0.3843, "cross_axis_tilt": 0}}, {"type": "Feature", "geometry": {"type": "Point", "coordinates": [-71.8056562, -16.6024452]}, "properties": {"rol": "seguidor", "id": "TR-04_2-058", "tipo": "completo", "axis_azimuth": 0, "punto": "eje de unidad (no el motor)", "ncu": 6, "gw": 1, "axis_tilt": 0, "max_angle": 55, "backtrack": true, "gcr": 0.3843, "cross_axis_tilt": 0}}, {"type": "Feature", "geometry": {"type": "Point", "coordinates": [-71.80554, -16.6024468]}, "properties": {"rol": "seguidor", "id": "TR-04_2-059", "tipo": "completo", "axis_azimuth": 0, "punto": "eje de unidad (no el motor)", "ncu": 6, "gw": 1, "axis_tilt": 0, "max_angle": 55, "backtrack": true, "gcr": 0.3843, "cross_axis_tilt": 0}}, {"type": "Feature", "geometry": {"type": "Point", "coordinates": [-71.8054239, -16.6024483]}, "properties": {"rol": "seguidor", "id": "TR-04_2-060", "tipo": "completo", "axis_azimuth": 0, "punto": "eje de unidad (no el motor)", "ncu": 6, "gw": 1, "axis_tilt": 0, "max_angle": 55, "backtrack": true, "gcr": 0.3843, "cross_axis_tilt": 0}}, {"type": "Feature", "geometry": {"type": "Point", "coordinates": [-71.8053078, -16.6024499]}, "properties": {"rol": "seguidor", "id": "TR-04_2-061", "tipo": "completo", "axis_azimuth": 0, "punto": "eje de unidad (no el motor)", "ncu": 6, "gw": 1, "axis_tilt": 0, "max_angle": 55, "backtrack": true, "gcr": 0.3843, "cross_axis_tilt": 0}}, {"type": "Feature", "geometry": {"type": "Point", "coordinates": [-71.8051917, -16.6024515]}, "properties": {"rol": "seguidor", "id": "TR-04_2-062", "tipo": "completo", "axis_azimuth": 0, "punto": "eje de unidad (no el motor)", "ncu": 6, "gw": 1, "axis_tilt": 0, "max_angle": 55, "backtrack": true, "gcr": 0.3843, "cross_axis_tilt": 0}}, {"type": "Feature", "geometry": {"type": "Point", "coordinates": [-71.8050756, -16.602453]}, "properties": {"rol": "seguidor", "id": "TR-04_2-063", "tipo": "completo", "axis_azimuth": 0, "punto": "eje de unidad (no el motor)", "ncu": 6, "gw": 1, "axis_tilt": 0, "max_angle": 55, "backtrack": true, "gcr": 0.3843, "cross_axis_tilt": 0}}, {"type": "Feature", "geometry": {"type": "Point", "coordinates": [-71.8049595, -16.6024546]}, "properties": {"rol": "seguidor", "id": "TR-04_2-064", "tipo": "completo", "axis_azimuth": 0, "punto": "eje de unidad (no el motor)", "ncu": 6, "gw": 1, "axis_tilt": 0, "max_angle": 55, "backtrack": true, "gcr": 0.3843, "cross_axis_tilt": 0}}, {"type": "Feature", "geometry": {"type": "Point", "coordinates": [-71.8048434, -16.6024562]}, "properties": {"rol": "seguidor", "id": "TR-04_2-065", "tipo": "completo", "axis_azimuth": 0, "punto": "eje de unidad (no el motor)", "ncu": 6, "gw": 1, "axis_tilt": 0, "max_angle": 55, "backtrack": true, "gcr": 0.3843, "cross_axis_tilt": 0}}, {"type": "Feature", "geometry": {"type": "Point", "coordinates": [-71.8047273, -16.6024577]}, "properties": {"rol": "seguidor", "id": "TR-04_2-066", "tipo": "completo", "axis_azimuth": 0, "punto": "eje de unidad (no el motor)", "ncu": 6, "gw": 1, "axis_tilt": 0, "max_angle": 55, "backtrack": true, "gcr": 0.3843, "cross_axis_tilt": 0}}, {"type": "Feature", "geometry": {"type": "Point", "coordinates": [-71.8046112, -16.6024593]}, "properties": {"rol": "seguidor", "id": "TR-04_2-067", "tipo": "completo", "axis_azimuth": 0, "punto": "eje de unidad (no el motor)", "ncu": 6, "gw": 1, "axis_tilt": 0, "max_angle": 55, "backtrack": true, "gcr": 0.3843, "cross_axis_tilt": 0}}, {"type": "Feature", "geometry": {"type": "Point", "coordinates": [-71.804495, -16.6024609]}, "properties": {"rol": "seguidor", "id": "TR-04_2-068", "tipo": "completo", "axis_azimuth": 0, "punto": "eje de unidad (no el motor)", "ncu": 6, "gw": 1, "axis_tilt": 0, "max_angle": 55, "backtrack": true, "gcr": 0.3843, "cross_axis_tilt": 0}}, {"type": "Feature", "geometry": {"type": "Point", "coordinates": [-71.8063645, -16.6032412]}, "properties": {"rol": "seguidor", "id": "TR-04_2-069", "tipo": "completo", "axis_azimuth": 0, "punto": "eje de unidad (no el motor)", "ncu": 6, "gw": 2, "axis_tilt": 0, "max_angle": 55, "backtrack": true, "gcr": 0.3843, "cross_axis_tilt": 0}}, {"type": "Feature", "geometry": {"type": "Point", "coordinates": [-71.8062484, -16.6032427]}, "properties": {"rol": "seguidor", "id": "TR-04_2-070", "tipo": "completo", "axis_azimuth": 0, "punto": "eje de unidad (no el motor)", "ncu": 6, "gw": 2, "axis_tilt": 0, "max_angle": 55, "backtrack": true, "gcr": 0.3843, "cross_axis_tilt": 0}}, {"type": "Feature", "geometry": {"type": "Point", "coordinates": [-71.8061323, -16.6032443]}, "properties": {"rol": "seguidor", "id": "TR-04_2-071", "tipo": "completo", "axis_azimuth": 0, "punto": "eje de unidad (no el motor)", "ncu": 6, "gw": 2, "axis_tilt": 0, "max_angle": 55, "backtrack": true, "gcr": 0.3843, "cross_axis_tilt": 0}}, {"type": "Feature", "geometry": {"type": "Point", "coordinates": [-71.8060162, -16.6032459]}, "properties": {"rol": "seguidor", "id": "TR-04_2-072", "tipo": "completo", "axis_azimuth": 0, "punto": "eje de unidad (no el motor)", "ncu": 6, "gw": 2, "axis_tilt": 0, "max_angle": 55, "backtrack": true, "gcr": 0.3843, "cross_axis_tilt": 0}}, {"type": "Feature", "geometry": {"type": "Point", "coordinates": [-71.8059001, -16.6032475]}, "properties": {"rol": "seguidor", "id": "TR-04_2-073", "tipo": "completo", "axis_azimuth": 0, "punto": "eje de unidad (no el motor)", "ncu": 6, "gw": 2, "axis_tilt": 0, "max_angle": 55, "backtrack": true, "gcr": 0.3843, "cross_axis_tilt": 0}}, {"type": "Feature", "geometry": {"type": "Point", "coordinates": [-71.805784, -16.603249]}, "properties": {"rol": "seguidor", "id": "TR-04_2-074", "tipo": "completo", "axis_azimuth": 0, "punto": "eje de unidad (no el motor)", "ncu": 6, "gw": 2, "axis_tilt": 0, "max_angle": 55, "backtrack": true, "gcr": 0.3843, "cross_axis_tilt": 0}}, {"type": "Feature", "geometry": {"type": "Point", "coordinates": [-71.8056679, -16.6032506]}, "properties": {"rol": "seguidor", "id": "TR-04_2-075", "tipo": "completo", "axis_azimuth": 0, "punto": "eje de unidad (no el motor)", "ncu": 6, "gw": 2, "axis_tilt": 0, "max_angle": 55, "backtrack": true, "gcr": 0.3843, "cross_axis_tilt": 0}}, {"type": "Feature", "geometry": {"type": "Point", "coordinates": [-71.8055517, -16.6032522]}, "properties": {"rol": "seguidor", "id": "TR-04_2-076", "tipo": "completo", "axis_azimuth": 0, "punto": "eje de unidad (no el motor)", "ncu": 6, "gw": 2, "axis_tilt": 0, "max_angle": 55, "backtrack": true, "gcr": 0.3843, "cross_axis_tilt": 0}}, {"type": "Feature", "geometry": {"type": "Point", "coordinates": [-71.805438, -16.6034199]}, "properties": {"rol": "seguidor", "id": "TR-04_2-077", "tipo": "medio", "axis_azimuth": 0, "punto": "eje de unidad (no el motor)", "ncu": 6, "gw": 2, "axis_tilt": 0, "max_angle": 55, "backtrack": true, "gcr": 0.3843, "cross_axis_tilt": 0}}, {"type": "Feature", "geometry": {"type": "Point", "coordinates": [-71.8053219, -16.6034214]}, "properties": {"rol": "seguidor", "id": "TR-04_2-078", "tipo": "medio", "axis_azimuth": 0, "punto": "eje de unidad (no el motor)", "ncu": 6, "gw": 2, "axis_tilt": 0, "max_angle": 55, "backtrack": true, "gcr": 0.3843, "cross_axis_tilt": 0}}, {"type": "Feature", "geometry": {"type": "Point", "coordinates": [-71.8052034, -16.6032569]}, "properties": {"rol": "seguidor", "id": "TR-04_2-079", "tipo": "completo", "axis_azimuth": 0, "punto": "eje de unidad (no el motor)", "ncu": 6, "gw": 2, "axis_tilt": 0, "max_angle": 55, "backtrack": true, "gcr": 0.3843, "cross_axis_tilt": 0}}, {"type": "Feature", "geometry": {"type": "Point", "coordinates": [-71.8050873, -16.6032584]}, "properties": {"rol": "seguidor", "id": "TR-04_2-080", "tipo": "completo", "axis_azimuth": 0, "punto": "eje de unidad (no el motor)", "ncu": 6, "gw": 2, "axis_tilt": 0, "max_angle": 55, "backtrack": true, "gcr": 0.3843, "cross_axis_tilt": 0}}, {"type": "Feature", "geometry": {"type": "Point", "coordinates": [-71.8049712, -16.60326]}, "properties": {"rol": "seguidor", "id": "TR-04_2-081", "tipo": "completo", "axis_azimuth": 0, "punto": "eje de unidad (no el motor)", "ncu": 6, "gw": 2, "axis_tilt": 0, "max_angle": 55, "backtrack": true, "gcr": 0.3843, "cross_axis_tilt": 0}}, {"type": "Feature", "geometry": {"type": "Point", "coordinates": [-71.8048551, -16.6032616]}, "properties": {"rol": "seguidor", "id": "TR-04_2-082", "tipo": "completo", "axis_azimuth": 0, "punto": "eje de unidad (no el motor)", "ncu": 6, "gw": 2, "axis_tilt": 0, "max_angle": 55, "backtrack": true, "gcr": 0.3843, "cross_axis_tilt": 0}}, {"type": "Feature", "geometry": {"type": "Point", "coordinates": [-71.804739, -16.6032631]}, "properties": {"rol": "seguidor", "id": "TR-04_2-083", "tipo": "completo", "axis_azimuth": 0, "punto": "eje de unidad (no el motor)", "ncu": 6, "gw": 2, "axis_tilt": 0, "max_angle": 55, "backtrack": true, "gcr": 0.3843, "cross_axis_tilt": 0}}, {"type": "Feature", "geometry": {"type": "Point", "coordinates": [-71.8046228, -16.6032647]}, "properties": {"rol": "seguidor", "id": "TR-04_2-084", "tipo": "completo", "axis_azimuth": 0, "punto": "eje de unidad (no el motor)", "ncu": 6, "gw": 2, "axis_tilt": 0, "max_angle": 55, "backtrack": true, "gcr": 0.3843, "cross_axis_tilt": 0}}, {"type": "Feature", "geometry": {"type": "Point", "coordinates": [-71.8045067, -16.6032663]}, "properties": {"rol": "seguidor", "id": "TR-04_2-085", "tipo": "completo", "axis_azimuth": 0, "punto": "eje de unidad (no el motor)", "ncu": 6, "gw": 2, "axis_tilt": 0, "max_angle": 55, "backtrack": true, "gcr": 0.3843, "cross_axis_tilt": 0}}, {"type": "Feature", "geometry": {"type": "Point", "coordinates": [-71.8063744, -16.6039193]}, "properties": {"rol": "seguidor", "id": "TR-04_2-086", "tipo": "completo", "axis_azimuth": 0, "punto": "eje de unidad (no el motor)", "ncu": 6, "gw": 2, "axis_tilt": 0, "max_angle": 55, "backtrack": true, "gcr": 0.3843, "cross_axis_tilt": 0}}, {"type": "Feature", "geometry": {"type": "Point", "coordinates": [-71.8062583, -16.6039208]}, "properties": {"rol": "seguidor", "id": "TR-04_2-087", "tipo": "completo", "axis_azimuth": 0, "punto": "eje de unidad (no el motor)", "ncu": 6, "gw": 2, "axis_tilt": 0, "max_angle": 55, "backtrack": true, "gcr": 0.3843, "cross_axis_tilt": 0}}, {"type": "Feature", "geometry": {"type": "Point", "coordinates": [-71.8061422, -16.6039224]}, "properties": {"rol": "seguidor", "id": "TR-04_2-088", "tipo": "completo", "axis_azimuth": 0, "punto": "eje de unidad (no el motor)", "ncu": 6, "gw": 2, "axis_tilt": 0, "max_angle": 55, "backtrack": true, "gcr": 0.3843, "cross_axis_tilt": 0}}, {"type": "Feature", "geometry": {"type": "Point", "coordinates": [-71.806026, -16.603924]}, "properties": {"rol": "seguidor", "id": "TR-04_2-089", "tipo": "completo", "axis_azimuth": 0, "punto": "eje de unidad (no el motor)", "ncu": 6, "gw": 2, "axis_tilt": 0, "max_angle": 55, "backtrack": true, "gcr": 0.3843, "cross_axis_tilt": 0}}, {"type": "Feature", "geometry": {"type": "Point", "coordinates": [-71.8059099, -16.6039255]}, "properties": {"rol": "seguidor", "id": "TR-04_2-090", "tipo": "completo", "axis_azimuth": 0, "punto": "eje de unidad (no el motor)", "ncu": 6, "gw": 2, "axis_tilt": 0, "max_angle": 55, "backtrack": true, "gcr": 0.3843, "cross_axis_tilt": 0}}, {"type": "Feature", "geometry": {"type": "Point", "coordinates": [-71.8057938, -16.6039271]}, "properties": {"rol": "seguidor", "id": "TR-04_2-091", "tipo": "completo", "axis_azimuth": 0, "punto": "eje de unidad (no el motor)", "ncu": 6, "gw": 2, "axis_tilt": 0, "max_angle": 55, "backtrack": true, "gcr": 0.3843, "cross_axis_tilt": 0}}, {"type": "Feature", "geometry": {"type": "Point", "coordinates": [-71.8056777, -16.6039287]}, "properties": {"rol": "seguidor", "id": "TR-04_2-092", "tipo": "completo", "axis_azimuth": 0, "punto": "eje de unidad (no el motor)", "ncu": 6, "gw": 2, "axis_tilt": 0, "max_angle": 55, "backtrack": true, "gcr": 0.3843, "cross_axis_tilt": 0}}, {"type": "Feature", "geometry": {"type": "Point", "coordinates": [-71.8055616, -16.6039302]}, "properties": {"rol": "seguidor", "id": "TR-04_2-093", "tipo": "completo", "axis_azimuth": 0, "punto": "eje de unidad (no el motor)", "ncu": 6, "gw": 2, "axis_tilt": 0, "max_angle": 55, "backtrack": true, "gcr": 0.3843, "cross_axis_tilt": 0}}, {"type": "Feature", "geometry": {"type": "Point", "coordinates": [-71.8054455, -16.6039318]}, "properties": {"rol": "seguidor", "id": "TR-04_2-094", "tipo": "completo", "axis_azimuth": 0, "punto": "eje de unidad (no el motor)", "ncu": 6, "gw": 2, "axis_tilt": 0, "max_angle": 55, "backtrack": true, "gcr": 0.3843, "cross_axis_tilt": 0}}, {"type": "Feature", "geometry": {"type": "Point", "coordinates": [-71.8053294, -16.6039334]}, "properties": {"rol": "seguidor", "id": "TR-04_2-095", "tipo": "completo", "axis_azimuth": 0, "punto": "eje de unidad (no el motor)", "ncu": 6, "gw": 2, "axis_tilt": 0, "max_angle": 55, "backtrack": true, "gcr": 0.3843, "cross_axis_tilt": 0}}, {"type": "Feature", "geometry": {"type": "Point", "coordinates": [-71.8052133, -16.6039349]}, "properties": {"rol": "seguidor", "id": "TR-04_2-096", "tipo": "completo", "axis_azimuth": 0, "punto": "eje de unidad (no el motor)", "ncu": 6, "gw": 2, "axis_tilt": 0, "max_angle": 55, "backtrack": true, "gcr": 0.3843, "cross_axis_tilt": 0}}, {"type": "Feature", "geometry": {"type": "Point", "coordinates": [-71.8050971, -16.6039365]}, "properties": {"rol": "seguidor", "id": "TR-04_2-097", "tipo": "completo", "axis_azimuth": 0, "punto": "eje de unidad (no el motor)", "ncu": 6, "gw": 2, "axis_tilt": 0, "max_angle": 55, "backtrack": true, "gcr": 0.3843, "cross_axis_tilt": 0}}, {"type": "Feature", "geometry": {"type": "Point", "coordinates": [-71.804981, -16.6039381]}, "properties": {"rol": "seguidor", "id": "TR-04_2-098", "tipo": "completo", "axis_azimuth": 0, "punto": "eje de unidad (no el motor)", "ncu": 6, "gw": 2, "axis_tilt": 0, "max_angle": 55, "backtrack": true, "gcr": 0.3843, "cross_axis_tilt": 0}}, {"type": "Feature", "geometry": {"type": "Point", "coordinates": [-71.8048649, -16.6039396]}, "properties": {"rol": "seguidor", "id": "TR-04_2-099", "tipo": "completo", "axis_azimuth": 0, "punto": "eje de unidad (no el motor)", "ncu": 6, "gw": 2, "axis_tilt": 0, "max_angle": 55, "backtrack": true, "gcr": 0.3843, "cross_axis_tilt": 0}}, {"type": "Feature", "geometry": {"type": "Point", "coordinates": [-71.8047488, -16.6039412]}, "properties": {"rol": "seguidor", "id": "TR-04_2-100", "tipo": "completo", "axis_azimuth": 0, "punto": "eje de unidad (no el motor)", "ncu": 6, "gw": 2, "axis_tilt": 0, "max_angle": 55, "backtrack": true, "gcr": 0.3843, "cross_axis_tilt": 0}}, {"type": "Feature", "geometry": {"type": "Point", "coordinates": [-71.8046327, -16.6039428]}, "properties": {"rol": "seguidor", "id": "TR-04_2-101", "tipo": "completo", "axis_azimuth": 0, "punto": "eje de unidad (no el motor)", "ncu": 6, "gw": 2, "axis_tilt": 0, "max_angle": 55, "backtrack": true, "gcr": 0.3843, "cross_axis_tilt": 0}}, {"type": "Feature", "geometry": {"type": "Point", "coordinates": [-71.8045166, -16.6039443]}, "properties": {"rol": "seguidor", "id": "TR-04_2-102", "tipo": "completo", "axis_azimuth": 0, "punto": "eje de unidad (no el motor)", "ncu": 6, "gw": 2, "axis_tilt": 0, "max_angle": 55, "backtrack": true, "gcr": 0.3843, "cross_axis_tilt": 0}}, {"type": "Feature", "geometry": {"type": "Point", "coordinates": [-71.8063842, -16.6045973]}, "properties": {"rol": "seguidor", "id": "TR-04_2-103", "tipo": "completo", "axis_azimuth": 0, "punto": "eje de unidad (no el motor)", "ncu": 6, "gw": 2, "axis_tilt": 0, "max_angle": 55, "backtrack": true, "gcr": 0.3843, "cross_axis_tilt": 0}}, {"type": "Feature", "geometry": {"type": "Point", "coordinates": [-71.8062681, -16.6045989]}, "properties": {"rol": "seguidor", "id": "TR-04_2-104", "tipo": "completo", "axis_azimuth": 0, "punto": "eje de unidad (no el motor)", "ncu": 6, "gw": 2, "axis_tilt": 0, "max_angle": 55, "backtrack": true, "gcr": 0.3843, "cross_axis_tilt": 0}}, {"type": "Feature", "geometry": {"type": "Point", "coordinates": [-71.806152, -16.6046005]}, "properties": {"rol": "seguidor", "id": "TR-04_2-105", "tipo": "completo", "axis_azimuth": 0, "punto": "eje de unidad (no el motor)", "ncu": 6, "gw": 2, "axis_tilt": 0, "max_angle": 55, "backtrack": true, "gcr": 0.3843, "cross_axis_tilt": 0}}, {"type": "Feature", "geometry": {"type": "Point", "coordinates": [-71.8060359, -16.604602]}, "properties": {"rol": "seguidor", "id": "TR-04_2-106", "tipo": "completo", "axis_azimuth": 0, "punto": "eje de unidad (no el motor)", "ncu": 6, "gw": 2, "axis_tilt": 0, "max_angle": 55, "backtrack": true, "gcr": 0.3843, "cross_axis_tilt": 0}}, {"type": "Feature", "geometry": {"type": "Point", "coordinates": [-71.8059198, -16.6046036]}, "properties": {"rol": "seguidor", "id": "TR-04_2-107", "tipo": "completo", "axis_azimuth": 0, "punto": "eje de unidad (no el motor)", "ncu": 6, "gw": 2, "axis_tilt": 0, "max_angle": 55, "backtrack": true, "gcr": 0.3843, "cross_axis_tilt": 0}}, {"type": "Feature", "geometry": {"type": "Point", "coordinates": [-71.8058037, -16.6046052]}, "properties": {"rol": "seguidor", "id": "TR-04_2-108", "tipo": "completo", "axis_azimuth": 0, "punto": "eje de unidad (no el motor)", "ncu": 6, "gw": 2, "axis_tilt": 0, "max_angle": 55, "backtrack": true, "gcr": 0.3843, "cross_axis_tilt": 0}}, {"type": "Feature", "geometry": {"type": "Point", "coordinates": [-71.8056876, -16.6046067]}, "properties": {"rol": "seguidor", "id": "TR-04_2-109", "tipo": "completo", "axis_azimuth": 0, "punto": "eje de unidad (no el motor)", "ncu": 6, "gw": 2, "axis_tilt": 0, "max_angle": 55, "backtrack": true, "gcr": 0.3843, "cross_axis_tilt": 0}}, {"type": "Feature", "geometry": {"type": "Point", "coordinates": [-71.8055714, -16.6046083]}, "properties": {"rol": "seguidor", "id": "TR-04_2-110", "tipo": "completo", "axis_azimuth": 0, "punto": "eje de unidad (no el motor)", "ncu": 6, "gw": 2, "axis_tilt": 0, "max_angle": 55, "backtrack": true, "gcr": 0.3843, "cross_axis_tilt": 0}}, {"type": "Feature", "geometry": {"type": "Point", "coordinates": [-71.8054553, -16.6046099]}, "properties": {"rol": "seguidor", "id": "TR-04_2-111", "tipo": "completo", "axis_azimuth": 0, "punto": "eje de unidad (no el motor)", "ncu": 6, "gw": 2, "axis_tilt": 0, "max_angle": 55, "backtrack": true, "gcr": 0.3843, "cross_axis_tilt": 0}}, {"type": "Feature", "geometry": {"type": "Point", "coordinates": [-71.8053392, -16.6046114]}, "properties": {"rol": "seguidor", "id": "TR-04_2-112", "tipo": "completo", "axis_azimuth": 0, "punto": "eje de unidad (no el motor)", "ncu": 6, "gw": 2, "axis_tilt": 0, "max_angle": 55, "backtrack": true, "gcr": 0.3843, "cross_axis_tilt": 0}}, {"type": "Feature", "geometry": {"type": "Point", "coordinates": [-71.8052231, -16.604613]}, "properties": {"rol": "seguidor", "id": "TR-04_2-113", "tipo": "completo", "axis_azimuth": 0, "punto": "eje de unidad (no el motor)", "ncu": 6, "gw": 2, "axis_tilt": 0, "max_angle": 55, "backtrack": true, "gcr": 0.3843, "cross_axis_tilt": 0}}, {"type": "Feature", "geometry": {"type": "Point", "coordinates": [-71.805107, -16.6046146]}, "properties": {"rol": "seguidor", "id": "TR-04_2-114", "tipo": "completo", "axis_azimuth": 0, "punto": "eje de unidad (no el motor)", "ncu": 6, "gw": 2, "axis_tilt": 0, "max_angle": 55, "backtrack": true, "gcr": 0.3843, "cross_axis_tilt": 0}}, {"type": "Feature", "geometry": {"type": "Point", "coordinates": [-71.8049909, -16.6046162]}, "properties": {"rol": "seguidor", "id": "TR-04_2-115", "tipo": "completo", "axis_azimuth": 0, "punto": "eje de unidad (no el motor)", "ncu": 6, "gw": 2, "axis_tilt": 0, "max_angle": 55, "backtrack": true, "gcr": 0.3843, "cross_axis_tilt": 0}}, {"type": "Feature", "geometry": {"type": "Point", "coordinates": [-71.8048748, -16.6046177]}, "properties": {"rol": "seguidor", "id": "TR-04_2-116", "tipo": "completo", "axis_azimuth": 0, "punto": "eje de unidad (no el motor)", "ncu": 6, "gw": 2, "axis_tilt": 0, "max_angle": 55, "backtrack": true, "gcr": 0.3843, "cross_axis_tilt": 0}}, {"type": "Feature", "geometry": {"type": "Point", "coordinates": [-71.8047586, -16.6046193]}, "properties": {"rol": "seguidor", "id": "TR-04_2-117", "tipo": "completo", "axis_azimuth": 0, "punto": "eje de unidad (no el motor)", "ncu": 6, "gw": 2, "axis_tilt": 0, "max_angle": 55, "backtrack": true, "gcr": 0.3843, "cross_axis_tilt": 0}}, {"type": "Feature", "geometry": {"type": "Point", "coordinates": [-71.8046425, -16.6046209]}, "properties": {"rol": "seguidor", "id": "TR-04_2-118", "tipo": "completo", "axis_azimuth": 0, "punto": "eje de unidad (no el motor)", "ncu": 6, "gw": 2, "axis_tilt": 0, "max_angle": 55, "backtrack": true, "gcr": 0.3843, "cross_axis_tilt": 0}}, {"type": "Feature", "geometry": {"type": "Point", "coordinates": [-71.8045264, -16.6046224]}, "properties": {"rol": "seguidor", "id": "TR-04_2-119", "tipo": "completo", "axis_azimuth": 0, "punto": "eje de unidad (no el motor)", "ncu": 6, "gw": 2, "axis_tilt": 0, "max_angle": 55, "backtrack": true, "gcr": 0.3843, "cross_axis_tilt": 0}}, {"type": "Feature", "geometry": {"type": "Point", "coordinates": [-71.7978573, -16.5970054]}, "properties": {"rol": "seguidor", "id": "TR-05_1-001", "tipo": "completo", "axis_azimuth": 0, "punto": "eje de unidad (no el motor)", "ncu": 7, "gw": 1, "axis_tilt": 0, "max_angle": 55, "backtrack": true, "gcr": 0.3843, "cross_axis_tilt": 0}}, {"type": "Feature", "geometry": {"type": "Point", "coordinates": [-71.7977411, -16.597007]}, "properties": {"rol": "seguidor", "id": "TR-05_1-002", "tipo": "completo", "axis_azimuth": 0, "punto": "eje de unidad (no el motor)", "ncu": 7, "gw": 1, "axis_tilt": 0, "max_angle": 55, "backtrack": true, "gcr": 0.3843, "cross_axis_tilt": 0}}, {"type": "Feature", "geometry": {"type": "Point", "coordinates": [-71.797625, -16.5970086]}, "properties": {"rol": "seguidor", "id": "TR-05_1-003", "tipo": "completo", "axis_azimuth": 0, "punto": "eje de unidad (no el motor)", "ncu": 7, "gw": 1, "axis_tilt": 0, "max_angle": 55, "backtrack": true, "gcr": 0.3843, "cross_axis_tilt": 0}}, {"type": "Feature", "geometry": {"type": "Point", "coordinates": [-71.7978671, -16.5976835]}, "properties": {"rol": "seguidor", "id": "TR-05_1-004", "tipo": "completo", "axis_azimuth": 0, "punto": "eje de unidad (no el motor)", "ncu": 7, "gw": 1, "axis_tilt": 0, "max_angle": 55, "backtrack": true, "gcr": 0.3843, "cross_axis_tilt": 0}}, {"type": "Feature", "geometry": {"type": "Point", "coordinates": [-71.797751, -16.5976851]}, "properties": {"rol": "seguidor", "id": "TR-05_1-005", "tipo": "completo", "axis_azimuth": 0, "punto": "eje de unidad (no el motor)", "ncu": 7, "gw": 1, "axis_tilt": 0, "max_angle": 55, "backtrack": true, "gcr": 0.3843, "cross_axis_tilt": 0}}, {"type": "Feature", "geometry": {"type": "Point", "coordinates": [-71.7976348, -16.5976866]}, "properties": {"rol": "seguidor", "id": "TR-05_1-006", "tipo": "completo", "axis_azimuth": 0, "punto": "eje de unidad (no el motor)", "ncu": 7, "gw": 1, "axis_tilt": 0, "max_angle": 55, "backtrack": true, "gcr": 0.3843, "cross_axis_tilt": 0}}, {"type": "Feature", "geometry": {"type": "Point", "coordinates": [-71.7975187, -16.5976882]}, "properties": {"rol": "seguidor", "id": "TR-05_1-007", "tipo": "completo", "axis_azimuth": 0, "punto": "eje de unidad (no el motor)", "ncu": 7, "gw": 1, "axis_tilt": 0, "max_angle": 55, "backtrack": true, "gcr": 0.3843, "cross_axis_tilt": 0}}, {"type": "Feature", "geometry": {"type": "Point", "coordinates": [-71.7974026, -16.5976898]}, "properties": {"rol": "seguidor", "id": "TR-05_1-008", "tipo": "completo", "axis_azimuth": 0, "punto": "eje de unidad (no el motor)", "ncu": 7, "gw": 1, "axis_tilt": 0, "max_angle": 55, "backtrack": true, "gcr": 0.3843, "cross_axis_tilt": 0}}, {"type": "Feature", "geometry": {"type": "Point", "coordinates": [-71.7972865, -16.5976913]}, "properties": {"rol": "seguidor", "id": "TR-05_1-009", "tipo": "completo", "axis_azimuth": 0, "punto": "eje de unidad (no el motor)", "ncu": 7, "gw": 1, "axis_tilt": 0, "max_angle": 55, "backtrack": true, "gcr": 0.3843, "cross_axis_tilt": 0}}, {"type": "Feature", "geometry": {"type": "Point", "coordinates": [-71.7971704, -16.5976929]}, "properties": {"rol": "seguidor", "id": "TR-05_1-010", "tipo": "completo", "axis_azimuth": 0, "punto": "eje de unidad (no el motor)", "ncu": 7, "gw": 1, "axis_tilt": 0, "max_angle": 55, "backtrack": true, "gcr": 0.3843, "cross_axis_tilt": 0}}, {"type": "Feature", "geometry": {"type": "Point", "coordinates": [-71.7978769, -16.5983616]}, "properties": {"rol": "seguidor", "id": "TR-05_1-011", "tipo": "completo", "axis_azimuth": 0, "punto": "eje de unidad (no el motor)", "ncu": 7, "gw": 1, "axis_tilt": 0, "max_angle": 55, "backtrack": true, "gcr": 0.3843, "cross_axis_tilt": 0}}, {"type": "Feature", "geometry": {"type": "Point", "coordinates": [-71.7977608, -16.5983632]}, "properties": {"rol": "seguidor", "id": "TR-05_1-012", "tipo": "completo", "axis_azimuth": 0, "punto": "eje de unidad (no el motor)", "ncu": 7, "gw": 1, "axis_tilt": 0, "max_angle": 55, "backtrack": true, "gcr": 0.3843, "cross_axis_tilt": 0}}, {"type": "Feature", "geometry": {"type": "Point", "coordinates": [-71.7976447, -16.5983647]}, "properties": {"rol": "seguidor", "id": "TR-05_1-013", "tipo": "completo", "axis_azimuth": 0, "punto": "eje de unidad (no el motor)", "ncu": 7, "gw": 1, "axis_tilt": 0, "max_angle": 55, "backtrack": true, "gcr": 0.3843, "cross_axis_tilt": 0}}, {"type": "Feature", "geometry": {"type": "Point", "coordinates": [-71.7975286, -16.5983663]}, "properties": {"rol": "seguidor", "id": "TR-05_1-014", "tipo": "completo", "axis_azimuth": 0, "punto": "eje de unidad (no el motor)", "ncu": 7, "gw": 1, "axis_tilt": 0, "max_angle": 55, "backtrack": true, "gcr": 0.3843, "cross_axis_tilt": 0}}, {"type": "Feature", "geometry": {"type": "Point", "coordinates": [-71.7974124, -16.5983679]}, "properties": {"rol": "seguidor", "id": "TR-05_1-015", "tipo": "completo", "axis_azimuth": 0, "punto": "eje de unidad (no el motor)", "ncu": 7, "gw": 1, "axis_tilt": 0, "max_angle": 55, "backtrack": true, "gcr": 0.3843, "cross_axis_tilt": 0}}, {"type": "Feature", "geometry": {"type": "Point", "coordinates": [-71.7972963, -16.5983694]}, "properties": {"rol": "seguidor", "id": "TR-05_1-016", "tipo": "completo", "axis_azimuth": 0, "punto": "eje de unidad (no el motor)", "ncu": 7, "gw": 1, "axis_tilt": 0, "max_angle": 55, "backtrack": true, "gcr": 0.3843, "cross_axis_tilt": 0}}, {"type": "Feature", "geometry": {"type": "Point", "coordinates": [-71.7971802, -16.598371]}, "properties": {"rol": "seguidor", "id": "TR-05_1-017", "tipo": "completo", "axis_azimuth": 0, "punto": "eje de unidad (no el motor)", "ncu": 7, "gw": 1, "axis_tilt": 0, "max_angle": 55, "backtrack": true, "gcr": 0.3843, "cross_axis_tilt": 0}}, {"type": "Feature", "geometry": {"type": "Point", "coordinates": [-71.7970641, -16.5983725]}, "properties": {"rol": "seguidor", "id": "TR-05_1-018", "tipo": "completo", "axis_azimuth": 0, "punto": "eje de unidad (no el motor)", "ncu": 7, "gw": 1, "axis_tilt": 0, "max_angle": 55, "backtrack": true, "gcr": 0.3843, "cross_axis_tilt": 0}}, {"type": "Feature", "geometry": {"type": "Point", "coordinates": [-71.796948, -16.5983741]}, "properties": {"rol": "seguidor", "id": "TR-05_1-019", "tipo": "completo", "axis_azimuth": 0, "punto": "eje de unidad (no el motor)", "ncu": 7, "gw": 1, "axis_tilt": 0, "max_angle": 55, "backtrack": true, "gcr": 0.3843, "cross_axis_tilt": 0}}, {"type": "Feature", "geometry": {"type": "Point", "coordinates": [-71.7968319, -16.5983757]}, "properties": {"rol": "seguidor", "id": "TR-05_1-020", "tipo": "completo", "axis_azimuth": 0, "punto": "eje de unidad (no el motor)", "ncu": 7, "gw": 2, "axis_tilt": 0, "max_angle": 55, "backtrack": true, "gcr": 0.3843, "cross_axis_tilt": 0}}, {"type": "Feature", "geometry": {"type": "Point", "coordinates": [-71.7967158, -16.5983772]}, "properties": {"rol": "seguidor", "id": "TR-05_1-021", "tipo": "completo", "axis_azimuth": 0, "punto": "eje de unidad (no el motor)", "ncu": 7, "gw": 2, "axis_tilt": 0, "max_angle": 55, "backtrack": true, "gcr": 0.3843, "cross_axis_tilt": 0}}, {"type": "Feature", "geometry": {"type": "Point", "coordinates": [-71.7979949, -16.5991385]}, "properties": {"rol": "seguidor", "id": "TR-05_1-022", "tipo": "completo", "axis_azimuth": 0, "punto": "eje de unidad (no el motor)", "ncu": 7, "gw": 1, "axis_tilt": 0, "max_angle": 55, "backtrack": true, "gcr": 0.3843, "cross_axis_tilt": 0}}, {"type": "Feature", "geometry": {"type": "Point", "coordinates": [-71.7978788, -16.59914]}, "properties": {"rol": "seguidor", "id": "TR-05_1-023", "tipo": "completo", "axis_azimuth": 0, "punto": "eje de unidad (no el motor)", "ncu": 7, "gw": 1, "axis_tilt": 0, "max_angle": 55, "backtrack": true, "gcr": 0.3843, "cross_axis_tilt": 0}}, {"type": "Feature", "geometry": {"type": "Point", "coordinates": [-71.7977627, -16.5991416]}, "properties": {"rol": "seguidor", "id": "TR-05_1-024", "tipo": "completo", "axis_azimuth": 0, "punto": "eje de unidad (no el motor)", "ncu": 7, "gw": 1, "axis_tilt": 0, "max_angle": 55, "backtrack": true, "gcr": 0.3843, "cross_axis_tilt": 0}}, {"type": "Feature", "geometry": {"type": "Point", "coordinates": [-71.7976466, -16.5991432]}, "properties": {"rol": "seguidor", "id": "TR-05_1-025", "tipo": "completo", "axis_azimuth": 0, "punto": "eje de unidad (no el motor)", "ncu": 7, "gw": 1, "axis_tilt": 0, "max_angle": 55, "backtrack": true, "gcr": 0.3843, "cross_axis_tilt": 0}}, {"type": "Feature", "geometry": {"type": "Point", "coordinates": [-71.7975305, -16.5991447]}, "properties": {"rol": "seguidor", "id": "TR-05_1-026", "tipo": "completo", "axis_azimuth": 0, "punto": "eje de unidad (no el motor)", "ncu": 7, "gw": 1, "axis_tilt": 0, "max_angle": 55, "backtrack": true, "gcr": 0.3843, "cross_axis_tilt": 0}}, {"type": "Feature", "geometry": {"type": "Point", "coordinates": [-71.7974143, -16.5991463]}, "properties": {"rol": "seguidor", "id": "TR-05_1-027", "tipo": "completo", "axis_azimuth": 0, "punto": "eje de unidad (no el motor)", "ncu": 7, "gw": 1, "axis_tilt": 0, "max_angle": 55, "backtrack": true, "gcr": 0.3843, "cross_axis_tilt": 0}}, {"type": "Feature", "geometry": {"type": "Point", "coordinates": [-71.7972982, -16.5991478]}, "properties": {"rol": "seguidor", "id": "TR-05_1-028", "tipo": "completo", "axis_azimuth": 0, "punto": "eje de unidad (no el motor)", "ncu": 7, "gw": 1, "axis_tilt": 0, "max_angle": 55, "backtrack": true, "gcr": 0.3843, "cross_axis_tilt": 0}}, {"type": "Feature", "geometry": {"type": "Point", "coordinates": [-71.7971821, -16.5991494]}, "properties": {"rol": "seguidor", "id": "TR-05_1-029", "tipo": "completo", "axis_azimuth": 0, "punto": "eje de unidad (no el motor)", "ncu": 7, "gw": 1, "axis_tilt": 0, "max_angle": 55, "backtrack": true, "gcr": 0.3843, "cross_axis_tilt": 0}}, {"type": "Feature", "geometry": {"type": "Point", "coordinates": [-71.797066, -16.599151]}, "properties": {"rol": "seguidor", "id": "TR-05_1-030", "tipo": "completo", "axis_azimuth": 0, "punto": "eje de unidad (no el motor)", "ncu": 7, "gw": 1, "axis_tilt": 0, "max_angle": 55, "backtrack": true, "gcr": 0.3843, "cross_axis_tilt": 0}}, {"type": "Feature", "geometry": {"type": "Point", "coordinates": [-71.7969523, -16.5993187]}, "properties": {"rol": "seguidor", "id": "TR-05_1-031", "tipo": "medio", "axis_azimuth": 0, "punto": "eje de unidad (no el motor)", "ncu": 7, "gw": 1, "axis_tilt": 0, "max_angle": 55, "backtrack": true, "gcr": 0.3843, "cross_axis_tilt": 0}}, {"type": "Feature", "geometry": {"type": "Point", "coordinates": [-71.7968362, -16.5993202]}, "properties": {"rol": "seguidor", "id": "TR-05_1-032", "tipo": "medio", "axis_azimuth": 0, "punto": "eje de unidad (no el motor)", "ncu": 7, "gw": 2, "axis_tilt": 0, "max_angle": 55, "backtrack": true, "gcr": 0.3843, "cross_axis_tilt": 0}}, {"type": "Feature", "geometry": {"type": "Point", "coordinates": [-71.7967177, -16.5991557]}, "properties": {"rol": "seguidor", "id": "TR-05_1-033", "tipo": "completo", "axis_azimuth": 0, "punto": "eje de unidad (no el motor)", "ncu": 7, "gw": 2, "axis_tilt": 0, "max_angle": 55, "backtrack": true, "gcr": 0.3843, "cross_axis_tilt": 0}}, {"type": "Feature", "geometry": {"type": "Point", "coordinates": [-71.7966016, -16.5991572]}, "properties": {"rol": "seguidor", "id": "TR-05_1-034", "tipo": "completo", "axis_azimuth": 0, "punto": "eje de unidad (no el motor)", "ncu": 7, "gw": 2, "axis_tilt": 0, "max_angle": 55, "backtrack": true, "gcr": 0.3843, "cross_axis_tilt": 0}}, {"type": "Feature", "geometry": {"type": "Point", "coordinates": [-71.7964855, -16.5991588]}, "properties": {"rol": "seguidor", "id": "TR-05_1-035", "tipo": "completo", "axis_azimuth": 0, "punto": "eje de unidad (no el motor)", "ncu": 7, "gw": 2, "axis_tilt": 0, "max_angle": 55, "backtrack": true, "gcr": 0.3843, "cross_axis_tilt": 0}}, {"type": "Feature", "geometry": {"type": "Point", "coordinates": [-71.7963694, -16.5991603]}, "properties": {"rol": "seguidor", "id": "TR-05_1-036", "tipo": "completo", "axis_azimuth": 0, "punto": "eje de unidad (no el motor)", "ncu": 7, "gw": 2, "axis_tilt": 0, "max_angle": 55, "backtrack": true, "gcr": 0.3843, "cross_axis_tilt": 0}}, {"type": "Feature", "geometry": {"type": "Point", "coordinates": [-71.7962532, -16.5991619]}, "properties": {"rol": "seguidor", "id": "TR-05_1-037", "tipo": "completo", "axis_azimuth": 0, "punto": "eje de unidad (no el motor)", "ncu": 7, "gw": 2, "axis_tilt": 0, "max_angle": 55, "backtrack": true, "gcr": 0.3843, "cross_axis_tilt": 0}}, {"type": "Feature", "geometry": {"type": "Point", "coordinates": [-71.7980047, -16.5998166]}, "properties": {"rol": "seguidor", "id": "TR-05_1-038", "tipo": "completo", "axis_azimuth": 0, "punto": "eje de unidad (no el motor)", "ncu": 7, "gw": 1, "axis_tilt": 0, "max_angle": 55, "backtrack": true, "gcr": 0.3843, "cross_axis_tilt": 0}}, {"type": "Feature", "geometry": {"type": "Point", "coordinates": [-71.7978886, -16.5998181]}, "properties": {"rol": "seguidor", "id": "TR-05_1-039", "tipo": "completo", "axis_azimuth": 0, "punto": "eje de unidad (no el motor)", "ncu": 7, "gw": 1, "axis_tilt": 0, "max_angle": 55, "backtrack": true, "gcr": 0.3843, "cross_axis_tilt": 0}}, {"type": "Feature", "geometry": {"type": "Point", "coordinates": [-71.7977725, -16.5998197]}, "properties": {"rol": "seguidor", "id": "TR-05_1-040", "tipo": "completo", "axis_azimuth": 0, "punto": "eje de unidad (no el motor)", "ncu": 7, "gw": 1, "axis_tilt": 0, "max_angle": 55, "backtrack": true, "gcr": 0.3843, "cross_axis_tilt": 0}}, {"type": "Feature", "geometry": {"type": "Point", "coordinates": [-71.7976564, -16.5998212]}, "properties": {"rol": "seguidor", "id": "TR-05_1-041", "tipo": "completo", "axis_azimuth": 0, "punto": "eje de unidad (no el motor)", "ncu": 7, "gw": 1, "axis_tilt": 0, "max_angle": 55, "backtrack": true, "gcr": 0.3843, "cross_axis_tilt": 0}}, {"type": "Feature", "geometry": {"type": "Point", "coordinates": [-71.7975403, -16.5998228]}, "properties": {"rol": "seguidor", "id": "TR-05_1-042", "tipo": "completo", "axis_azimuth": 0, "punto": "eje de unidad (no el motor)", "ncu": 7, "gw": 1, "axis_tilt": 0, "max_angle": 55, "backtrack": true, "gcr": 0.3843, "cross_axis_tilt": 0}}, {"type": "Feature", "geometry": {"type": "Point", "coordinates": [-71.7974242, -16.5998244]}, "properties": {"rol": "seguidor", "id": "TR-05_1-043", "tipo": "completo", "axis_azimuth": 0, "punto": "eje de unidad (no el motor)", "ncu": 7, "gw": 1, "axis_tilt": 0, "max_angle": 55, "backtrack": true, "gcr": 0.3843, "cross_axis_tilt": 0}}, {"type": "Feature", "geometry": {"type": "Point", "coordinates": [-71.7973081, -16.5998259]}, "properties": {"rol": "seguidor", "id": "TR-05_1-044", "tipo": "completo", "axis_azimuth": 0, "punto": "eje de unidad (no el motor)", "ncu": 7, "gw": 1, "axis_tilt": 0, "max_angle": 55, "backtrack": true, "gcr": 0.3843, "cross_axis_tilt": 0}}, {"type": "Feature", "geometry": {"type": "Point", "coordinates": [-71.7971919, -16.5998275]}, "properties": {"rol": "seguidor", "id": "TR-05_1-045", "tipo": "completo", "axis_azimuth": 0, "punto": "eje de unidad (no el motor)", "ncu": 7, "gw": 1, "axis_tilt": 0, "max_angle": 55, "backtrack": true, "gcr": 0.3843, "cross_axis_tilt": 0}}, {"type": "Feature", "geometry": {"type": "Point", "coordinates": [-71.7970758, -16.5998291]}, "properties": {"rol": "seguidor", "id": "TR-05_1-046", "tipo": "completo", "axis_azimuth": 0, "punto": "eje de unidad (no el motor)", "ncu": 7, "gw": 1, "axis_tilt": 0, "max_angle": 55, "backtrack": true, "gcr": 0.3843, "cross_axis_tilt": 0}}, {"type": "Feature", "geometry": {"type": "Point", "coordinates": [-71.7969597, -16.5998306]}, "properties": {"rol": "seguidor", "id": "TR-05_1-047", "tipo": "completo", "axis_azimuth": 0, "punto": "eje de unidad (no el motor)", "ncu": 7, "gw": 1, "axis_tilt": 0, "max_angle": 55, "backtrack": true, "gcr": 0.3843, "cross_axis_tilt": 0}}, {"type": "Feature", "geometry": {"type": "Point", "coordinates": [-71.7968436, -16.5998322]}, "properties": {"rol": "seguidor", "id": "TR-05_1-048", "tipo": "completo", "axis_azimuth": 0, "punto": "eje de unidad (no el motor)", "ncu": 7, "gw": 2, "axis_tilt": 0, "max_angle": 55, "backtrack": true, "gcr": 0.3843, "cross_axis_tilt": 0}}, {"type": "Feature", "geometry": {"type": "Point", "coordinates": [-71.7967275, -16.5998337]}, "properties": {"rol": "seguidor", "id": "TR-05_1-049", "tipo": "completo", "axis_azimuth": 0, "punto": "eje de unidad (no el motor)", "ncu": 7, "gw": 2, "axis_tilt": 0, "max_angle": 55, "backtrack": true, "gcr": 0.3843, "cross_axis_tilt": 0}}, {"type": "Feature", "geometry": {"type": "Point", "coordinates": [-71.7966114, -16.5998353]}, "properties": {"rol": "seguidor", "id": "TR-05_1-050", "tipo": "completo", "axis_azimuth": 0, "punto": "eje de unidad (no el motor)", "ncu": 7, "gw": 2, "axis_tilt": 0, "max_angle": 55, "backtrack": true, "gcr": 0.3843, "cross_axis_tilt": 0}}, {"type": "Feature", "geometry": {"type": "Point", "coordinates": [-71.7964953, -16.5998369]}, "properties": {"rol": "seguidor", "id": "TR-05_1-051", "tipo": "completo", "axis_azimuth": 0, "punto": "eje de unidad (no el motor)", "ncu": 7, "gw": 2, "axis_tilt": 0, "max_angle": 55, "backtrack": true, "gcr": 0.3843, "cross_axis_tilt": 0}}, {"type": "Feature", "geometry": {"type": "Point", "coordinates": [-71.7963792, -16.5998384]}, "properties": {"rol": "seguidor", "id": "TR-05_1-052", "tipo": "completo", "axis_azimuth": 0, "punto": "eje de unidad (no el motor)", "ncu": 7, "gw": 2, "axis_tilt": 0, "max_angle": 55, "backtrack": true, "gcr": 0.3843, "cross_axis_tilt": 0}}, {"type": "Feature", "geometry": {"type": "Point", "coordinates": [-71.7962631, -16.59984]}, "properties": {"rol": "seguidor", "id": "TR-05_1-053", "tipo": "completo", "axis_azimuth": 0, "punto": "eje de unidad (no el motor)", "ncu": 7, "gw": 2, "axis_tilt": 0, "max_angle": 55, "backtrack": true, "gcr": 0.3843, "cross_axis_tilt": 0}}, {"type": "Feature", "geometry": {"type": "Point", "coordinates": [-71.7961469, -16.5998416]}, "properties": {"rol": "seguidor", "id": "TR-05_1-054", "tipo": "completo", "axis_azimuth": 0, "punto": "eje de unidad (no el motor)", "ncu": 7, "gw": 2, "axis_tilt": 0, "max_angle": 55, "backtrack": true, "gcr": 0.3843, "cross_axis_tilt": 0}}, {"type": "Feature", "geometry": {"type": "Point", "coordinates": [-71.7960308, -16.5998431]}, "properties": {"rol": "seguidor", "id": "TR-05_1-055", "tipo": "completo", "axis_azimuth": 0, "punto": "eje de unidad (no el motor)", "ncu": 7, "gw": 2, "axis_tilt": 0, "max_angle": 55, "backtrack": true, "gcr": 0.3843, "cross_axis_tilt": 0}}, {"type": "Feature", "geometry": {"type": "Point", "coordinates": [-71.7959147, -16.5998447]}, "properties": {"rol": "seguidor", "id": "TR-05_1-056", "tipo": "completo", "axis_azimuth": 0, "punto": "eje de unidad (no el motor)", "ncu": 7, "gw": 2, "axis_tilt": 0, "max_angle": 55, "backtrack": true, "gcr": 0.3843, "cross_axis_tilt": 0}}, {"type": "Feature", "geometry": {"type": "Point", "coordinates": [-71.7957986, -16.5998462]}, "properties": {"rol": "seguidor", "id": "TR-05_1-057", "tipo": "completo", "axis_azimuth": 0, "punto": "eje de unidad (no el motor)", "ncu": 7, "gw": 2, "axis_tilt": 0, "max_angle": 55, "backtrack": true, "gcr": 0.3843, "cross_axis_tilt": 0}}, {"type": "Feature", "geometry": {"type": "Point", "coordinates": [-71.7980145, -16.6004946]}, "properties": {"rol": "seguidor", "id": "TR-05_1-058", "tipo": "completo", "axis_azimuth": 0, "punto": "eje de unidad (no el motor)", "ncu": 7, "gw": 1, "axis_tilt": 0, "max_angle": 55, "backtrack": true, "gcr": 0.3843, "cross_axis_tilt": 0}}, {"type": "Feature", "geometry": {"type": "Point", "coordinates": [-71.7978984, -16.6004962]}, "properties": {"rol": "seguidor", "id": "TR-05_1-059", "tipo": "completo", "axis_azimuth": 0, "punto": "eje de unidad (no el motor)", "ncu": 7, "gw": 1, "axis_tilt": 0, "max_angle": 55, "backtrack": true, "gcr": 0.3843, "cross_axis_tilt": 0}}, {"type": "Feature", "geometry": {"type": "Point", "coordinates": [-71.7977823, -16.6004978]}, "properties": {"rol": "seguidor", "id": "TR-05_1-060", "tipo": "completo", "axis_azimuth": 0, "punto": "eje de unidad (no el motor)", "ncu": 7, "gw": 1, "axis_tilt": 0, "max_angle": 55, "backtrack": true, "gcr": 0.3843, "cross_axis_tilt": 0}}, {"type": "Feature", "geometry": {"type": "Point", "coordinates": [-71.7976662, -16.6004993]}, "properties": {"rol": "seguidor", "id": "TR-05_1-061", "tipo": "completo", "axis_azimuth": 0, "punto": "eje de unidad (no el motor)", "ncu": 7, "gw": 1, "axis_tilt": 0, "max_angle": 55, "backtrack": true, "gcr": 0.3843, "cross_axis_tilt": 0}}, {"type": "Feature", "geometry": {"type": "Point", "coordinates": [-71.7975501, -16.6005009]}, "properties": {"rol": "seguidor", "id": "TR-05_1-062", "tipo": "completo", "axis_azimuth": 0, "punto": "eje de unidad (no el motor)", "ncu": 7, "gw": 1, "axis_tilt": 0, "max_angle": 55, "backtrack": true, "gcr": 0.3843, "cross_axis_tilt": 0}}, {"type": "Feature", "geometry": {"type": "Point", "coordinates": [-71.797434, -16.6005024]}, "properties": {"rol": "seguidor", "id": "TR-05_1-063", "tipo": "completo", "axis_azimuth": 0, "punto": "eje de unidad (no el motor)", "ncu": 7, "gw": 1, "axis_tilt": 0, "max_angle": 55, "backtrack": true, "gcr": 0.3843, "cross_axis_tilt": 0}}, {"type": "Feature", "geometry": {"type": "Point", "coordinates": [-71.7973179, -16.600504]}, "properties": {"rol": "seguidor", "id": "TR-05_1-064", "tipo": "completo", "axis_azimuth": 0, "punto": "eje de unidad (no el motor)", "ncu": 7, "gw": 1, "axis_tilt": 0, "max_angle": 55, "backtrack": true, "gcr": 0.3843, "cross_axis_tilt": 0}}, {"type": "Feature", "geometry": {"type": "Point", "coordinates": [-71.7972018, -16.6005056]}, "properties": {"rol": "seguidor", "id": "TR-05_1-065", "tipo": "completo", "axis_azimuth": 0, "punto": "eje de unidad (no el motor)", "ncu": 7, "gw": 1, "axis_tilt": 0, "max_angle": 55, "backtrack": true, "gcr": 0.3843, "cross_axis_tilt": 0}}, {"type": "Feature", "geometry": {"type": "Point", "coordinates": [-71.7970856, -16.6005071]}, "properties": {"rol": "seguidor", "id": "TR-05_1-066", "tipo": "completo", "axis_azimuth": 0, "punto": "eje de unidad (no el motor)", "ncu": 7, "gw": 1, "axis_tilt": 0, "max_angle": 55, "backtrack": true, "gcr": 0.3843, "cross_axis_tilt": 0}}, {"type": "Feature", "geometry": {"type": "Point", "coordinates": [-71.7969695, -16.6005087]}, "properties": {"rol": "seguidor", "id": "TR-05_1-067", "tipo": "completo", "axis_azimuth": 0, "punto": "eje de unidad (no el motor)", "ncu": 7, "gw": 1, "axis_tilt": 0, "max_angle": 55, "backtrack": true, "gcr": 0.3843, "cross_axis_tilt": 0}}, {"type": "Feature", "geometry": {"type": "Point", "coordinates": [-71.7968534, -16.6005103]}, "properties": {"rol": "seguidor", "id": "TR-05_1-068", "tipo": "completo", "axis_azimuth": 0, "punto": "eje de unidad (no el motor)", "ncu": 7, "gw": 2, "axis_tilt": 0, "max_angle": 55, "backtrack": true, "gcr": 0.3843, "cross_axis_tilt": 0}}, {"type": "Feature", "geometry": {"type": "Point", "coordinates": [-71.7967373, -16.6005118]}, "properties": {"rol": "seguidor", "id": "TR-05_1-069", "tipo": "completo", "axis_azimuth": 0, "punto": "eje de unidad (no el motor)", "ncu": 7, "gw": 2, "axis_tilt": 0, "max_angle": 55, "backtrack": true, "gcr": 0.3843, "cross_axis_tilt": 0}}, {"type": "Feature", "geometry": {"type": "Point", "coordinates": [-71.7966212, -16.6005134]}, "properties": {"rol": "seguidor", "id": "TR-05_1-070", "tipo": "completo", "axis_azimuth": 0, "punto": "eje de unidad (no el motor)", "ncu": 7, "gw": 2, "axis_tilt": 0, "max_angle": 55, "backtrack": true, "gcr": 0.3843, "cross_axis_tilt": 0}}, {"type": "Feature", "geometry": {"type": "Point", "coordinates": [-71.7965051, -16.600515]}, "properties": {"rol": "seguidor", "id": "TR-05_1-071", "tipo": "completo", "axis_azimuth": 0, "punto": "eje de unidad (no el motor)", "ncu": 7, "gw": 2, "axis_tilt": 0, "max_angle": 55, "backtrack": true, "gcr": 0.3843, "cross_axis_tilt": 0}}, {"type": "Feature", "geometry": {"type": "Point", "coordinates": [-71.796389, -16.6005165]}, "properties": {"rol": "seguidor", "id": "TR-05_1-072", "tipo": "completo", "axis_azimuth": 0, "punto": "eje de unidad (no el motor)", "ncu": 7, "gw": 2, "axis_tilt": 0, "max_angle": 55, "backtrack": true, "gcr": 0.3843, "cross_axis_tilt": 0}}, {"type": "Feature", "geometry": {"type": "Point", "coordinates": [-71.7962729, -16.6005181]}, "properties": {"rol": "seguidor", "id": "TR-05_1-073", "tipo": "completo", "axis_azimuth": 0, "punto": "eje de unidad (no el motor)", "ncu": 7, "gw": 2, "axis_tilt": 0, "max_angle": 55, "backtrack": true, "gcr": 0.3843, "cross_axis_tilt": 0}}, {"type": "Feature", "geometry": {"type": "Point", "coordinates": [-71.7961568, -16.6005196]}, "properties": {"rol": "seguidor", "id": "TR-05_1-074", "tipo": "completo", "axis_azimuth": 0, "punto": "eje de unidad (no el motor)", "ncu": 7, "gw": 2, "axis_tilt": 0, "max_angle": 55, "backtrack": true, "gcr": 0.3843, "cross_axis_tilt": 0}}, {"type": "Feature", "geometry": {"type": "Point", "coordinates": [-71.7960406, -16.6005212]}, "properties": {"rol": "seguidor", "id": "TR-05_1-075", "tipo": "completo", "axis_azimuth": 0, "punto": "eje de unidad (no el motor)", "ncu": 7, "gw": 2, "axis_tilt": 0, "max_angle": 55, "backtrack": true, "gcr": 0.3843, "cross_axis_tilt": 0}}, {"type": "Feature", "geometry": {"type": "Point", "coordinates": [-71.7959245, -16.6005228]}, "properties": {"rol": "seguidor", "id": "TR-05_1-076", "tipo": "completo", "axis_azimuth": 0, "punto": "eje de unidad (no el motor)", "ncu": 7, "gw": 2, "axis_tilt": 0, "max_angle": 55, "backtrack": true, "gcr": 0.3843, "cross_axis_tilt": 0}}, {"type": "Feature", "geometry": {"type": "Point", "coordinates": [-71.7958084, -16.6005243]}, "properties": {"rol": "seguidor", "id": "TR-05_1-077", "tipo": "completo", "axis_azimuth": 0, "punto": "eje de unidad (no el motor)", "ncu": 7, "gw": 2, "axis_tilt": 0, "max_angle": 55, "backtrack": true, "gcr": 0.3843, "cross_axis_tilt": 0}}, {"type": "Feature", "geometry": {"type": "Point", "coordinates": [-71.7956923, -16.6005259]}, "properties": {"rol": "seguidor", "id": "TR-05_1-078", "tipo": "completo", "axis_azimuth": 0, "punto": "eje de unidad (no el motor)", "ncu": 7, "gw": 2, "axis_tilt": 0, "max_angle": 55, "backtrack": true, "gcr": 0.3843, "cross_axis_tilt": 0}}, {"type": "Feature", "geometry": {"type": "Point", "coordinates": [-71.7955762, -16.6005274]}, "properties": {"rol": "seguidor", "id": "TR-05_1-079", "tipo": "completo", "axis_azimuth": 0, "punto": "eje de unidad (no el motor)", "ncu": 7, "gw": 2, "axis_tilt": 0, "max_angle": 55, "backtrack": true, "gcr": 0.3843, "cross_axis_tilt": 0}}, {"type": "Feature", "geometry": {"type": "Point", "coordinates": [-71.795461, -16.600529]}, "properties": {"rol": "seguidor", "id": "TR-05_1-080", "tipo": "completo", "axis_azimuth": 0, "punto": "eje de unidad (no el motor)", "ncu": 7, "gw": 2, "axis_tilt": 0, "max_angle": 55, "backtrack": true, "gcr": 0.3843, "cross_axis_tilt": 0}}, {"type": "Feature", "geometry": {"type": "Point", "coordinates": [-71.7953449, -16.6005306]}, "properties": {"rol": "seguidor", "id": "TR-05_1-081", "tipo": "completo", "axis_azimuth": 0, "punto": "eje de unidad (no el motor)", "ncu": 7, "gw": 2, "axis_tilt": 0, "max_angle": 55, "backtrack": true, "gcr": 0.3843, "cross_axis_tilt": 0}}, {"type": "Feature", "geometry": {"type": "Point", "coordinates": [-71.7980244, -16.6011727]}, "properties": {"rol": "seguidor", "id": "TR-05_1-082", "tipo": "completo", "axis_azimuth": 0, "punto": "eje de unidad (no el motor)", "ncu": 7, "gw": 1, "axis_tilt": 0, "max_angle": 55, "backtrack": true, "gcr": 0.3843, "cross_axis_tilt": 0}}, {"type": "Feature", "geometry": {"type": "Point", "coordinates": [-71.7979082, -16.6011743]}, "properties": {"rol": "seguidor", "id": "TR-05_1-083", "tipo": "completo", "axis_azimuth": 0, "punto": "eje de unidad (no el motor)", "ncu": 7, "gw": 1, "axis_tilt": 0, "max_angle": 55, "backtrack": true, "gcr": 0.3843, "cross_axis_tilt": 0}}, {"type": "Feature", "geometry": {"type": "Point", "coordinates": [-71.7977921, -16.6011758]}, "properties": {"rol": "seguidor", "id": "TR-05_1-084", "tipo": "completo", "axis_azimuth": 0, "punto": "eje de unidad (no el motor)", "ncu": 7, "gw": 1, "axis_tilt": 0, "max_angle": 55, "backtrack": true, "gcr": 0.3843, "cross_axis_tilt": 0}}, {"type": "Feature", "geometry": {"type": "Point", "coordinates": [-71.797676, -16.6011774]}, "properties": {"rol": "seguidor", "id": "TR-05_1-085", "tipo": "completo", "axis_azimuth": 0, "punto": "eje de unidad (no el motor)", "ncu": 7, "gw": 1, "axis_tilt": 0, "max_angle": 55, "backtrack": true, "gcr": 0.3843, "cross_axis_tilt": 0}}, {"type": "Feature", "geometry": {"type": "Point", "coordinates": [-71.7975599, -16.601179]}, "properties": {"rol": "seguidor", "id": "TR-05_1-086", "tipo": "completo", "axis_azimuth": 0, "punto": "eje de unidad (no el motor)", "ncu": 7, "gw": 1, "axis_tilt": 0, "max_angle": 55, "backtrack": true, "gcr": 0.3843, "cross_axis_tilt": 0}}, {"type": "Feature", "geometry": {"type": "Point", "coordinates": [-71.7974438, -16.6011805]}, "properties": {"rol": "seguidor", "id": "TR-05_1-087", "tipo": "completo", "axis_azimuth": 0, "punto": "eje de unidad (no el motor)", "ncu": 7, "gw": 1, "axis_tilt": 0, "max_angle": 55, "backtrack": true, "gcr": 0.3843, "cross_axis_tilt": 0}}, {"type": "Feature", "geometry": {"type": "Point", "coordinates": [-71.7973277, -16.6011821]}, "properties": {"rol": "seguidor", "id": "TR-05_1-088", "tipo": "completo", "axis_azimuth": 0, "punto": "eje de unidad (no el motor)", "ncu": 7, "gw": 1, "axis_tilt": 0, "max_angle": 55, "backtrack": true, "gcr": 0.3843, "cross_axis_tilt": 0}}, {"type": "Feature", "geometry": {"type": "Point", "coordinates": [-71.7972116, -16.6011837]}, "properties": {"rol": "seguidor", "id": "TR-05_1-089", "tipo": "completo", "axis_azimuth": 0, "punto": "eje de unidad (no el motor)", "ncu": 7, "gw": 1, "axis_tilt": 0, "max_angle": 55, "backtrack": true, "gcr": 0.3843, "cross_axis_tilt": 0}}, {"type": "Feature", "geometry": {"type": "Point", "coordinates": [-71.7970955, -16.6011852]}, "properties": {"rol": "seguidor", "id": "TR-05_1-090", "tipo": "completo", "axis_azimuth": 0, "punto": "eje de unidad (no el motor)", "ncu": 7, "gw": 1, "axis_tilt": 0, "max_angle": 55, "backtrack": true, "gcr": 0.3843, "cross_axis_tilt": 0}}, {"type": "Feature", "geometry": {"type": "Point", "coordinates": [-71.7969794, -16.6011868]}, "properties": {"rol": "seguidor", "id": "TR-05_1-091", "tipo": "completo", "axis_azimuth": 0, "punto": "eje de unidad (no el motor)", "ncu": 7, "gw": 1, "axis_tilt": 0, "max_angle": 55, "backtrack": true, "gcr": 0.3843, "cross_axis_tilt": 0}}, {"type": "Feature", "geometry": {"type": "Point", "coordinates": [-71.7968632, -16.6011883]}, "properties": {"rol": "seguidor", "id": "TR-05_1-092", "tipo": "completo", "axis_azimuth": 0, "punto": "eje de unidad (no el motor)", "ncu": 7, "gw": 2, "axis_tilt": 0, "max_angle": 55, "backtrack": true, "gcr": 0.3843, "cross_axis_tilt": 0}}, {"type": "Feature", "geometry": {"type": "Point", "coordinates": [-71.7967471, -16.6011899]}, "properties": {"rol": "seguidor", "id": "TR-05_1-093", "tipo": "completo", "axis_azimuth": 0, "punto": "eje de unidad (no el motor)", "ncu": 7, "gw": 2, "axis_tilt": 0, "max_angle": 55, "backtrack": true, "gcr": 0.3843, "cross_axis_tilt": 0}}, {"type": "Feature", "geometry": {"type": "Point", "coordinates": [-71.796631, -16.6011915]}, "properties": {"rol": "seguidor", "id": "TR-05_1-094", "tipo": "completo", "axis_azimuth": 0, "punto": "eje de unidad (no el motor)", "ncu": 7, "gw": 2, "axis_tilt": 0, "max_angle": 55, "backtrack": true, "gcr": 0.3843, "cross_axis_tilt": 0}}, {"type": "Feature", "geometry": {"type": "Point", "coordinates": [-71.7965149, -16.601193]}, "properties": {"rol": "seguidor", "id": "TR-05_1-095", "tipo": "completo", "axis_azimuth": 0, "punto": "eje de unidad (no el motor)", "ncu": 7, "gw": 2, "axis_tilt": 0, "max_angle": 55, "backtrack": true, "gcr": 0.3843, "cross_axis_tilt": 0}}, {"type": "Feature", "geometry": {"type": "Point", "coordinates": [-71.7963988, -16.6011946]}, "properties": {"rol": "seguidor", "id": "TR-05_1-096", "tipo": "completo", "axis_azimuth": 0, "punto": "eje de unidad (no el motor)", "ncu": 7, "gw": 2, "axis_tilt": 0, "max_angle": 55, "backtrack": true, "gcr": 0.3843, "cross_axis_tilt": 0}}, {"type": "Feature", "geometry": {"type": "Point", "coordinates": [-71.7962827, -16.6011962]}, "properties": {"rol": "seguidor", "id": "TR-05_1-097", "tipo": "completo", "axis_azimuth": 0, "punto": "eje de unidad (no el motor)", "ncu": 7, "gw": 2, "axis_tilt": 0, "max_angle": 55, "backtrack": true, "gcr": 0.3843, "cross_axis_tilt": 0}}, {"type": "Feature", "geometry": {"type": "Point", "coordinates": [-71.7961666, -16.6011977]}, "properties": {"rol": "seguidor", "id": "TR-05_1-098", "tipo": "completo", "axis_azimuth": 0, "punto": "eje de unidad (no el motor)", "ncu": 7, "gw": 2, "axis_tilt": 0, "max_angle": 55, "backtrack": true, "gcr": 0.3843, "cross_axis_tilt": 0}}, {"type": "Feature", "geometry": {"type": "Point", "coordinates": [-71.7960505, -16.6011993]}, "properties": {"rol": "seguidor", "id": "TR-05_1-099", "tipo": "completo", "axis_azimuth": 0, "punto": "eje de unidad (no el motor)", "ncu": 7, "gw": 2, "axis_tilt": 0, "max_angle": 55, "backtrack": true, "gcr": 0.3843, "cross_axis_tilt": 0}}, {"type": "Feature", "geometry": {"type": "Point", "coordinates": [-71.7959343, -16.6012008]}, "properties": {"rol": "seguidor", "id": "TR-05_1-100", "tipo": "completo", "axis_azimuth": 0, "punto": "eje de unidad (no el motor)", "ncu": 7, "gw": 2, "axis_tilt": 0, "max_angle": 55, "backtrack": true, "gcr": 0.3843, "cross_axis_tilt": 0}}, {"type": "Feature", "geometry": {"type": "Point", "coordinates": [-71.7958182, -16.6012024]}, "properties": {"rol": "seguidor", "id": "TR-05_1-101", "tipo": "completo", "axis_azimuth": 0, "punto": "eje de unidad (no el motor)", "ncu": 7, "gw": 2, "axis_tilt": 0, "max_angle": 55, "backtrack": true, "gcr": 0.3843, "cross_axis_tilt": 0}}, {"type": "Feature", "geometry": {"type": "Point", "coordinates": [-71.7957021, -16.601204]}, "properties": {"rol": "seguidor", "id": "TR-05_1-102", "tipo": "completo", "axis_azimuth": 0, "punto": "eje de unidad (no el motor)", "ncu": 7, "gw": 2, "axis_tilt": 0, "max_angle": 55, "backtrack": true, "gcr": 0.3843, "cross_axis_tilt": 0}}, {"type": "Feature", "geometry": {"type": "Point", "coordinates": [-71.795586, -16.6012055]}, "properties": {"rol": "seguidor", "id": "TR-05_1-103", "tipo": "completo", "axis_azimuth": 0, "punto": "eje de unidad (no el motor)", "ncu": 7, "gw": 2, "axis_tilt": 0, "max_angle": 55, "backtrack": true, "gcr": 0.3843, "cross_axis_tilt": 0}}, {"type": "Feature", "geometry": {"type": "Point", "coordinates": [-71.7954708, -16.6012071]}, "properties": {"rol": "seguidor", "id": "TR-05_1-104", "tipo": "completo", "axis_azimuth": 0, "punto": "eje de unidad (no el motor)", "ncu": 7, "gw": 2, "axis_tilt": 0, "max_angle": 55, "backtrack": true, "gcr": 0.3843, "cross_axis_tilt": 0}}, {"type": "Feature", "geometry": {"type": "Point", "coordinates": [-71.7953547, -16.6012086]}, "properties": {"rol": "seguidor", "id": "TR-05_1-105", "tipo": "completo", "axis_azimuth": 0, "punto": "eje de unidad (no el motor)", "ncu": 7, "gw": 2, "axis_tilt": 0, "max_angle": 55, "backtrack": true, "gcr": 0.3843, "cross_axis_tilt": 0}}, {"type": "Feature", "geometry": {"type": "Point", "coordinates": [-71.7952386, -16.6012102]}, "properties": {"rol": "seguidor", "id": "TR-05_1-106", "tipo": "completo", "axis_azimuth": 0, "punto": "eje de unidad (no el motor)", "ncu": 7, "gw": 2, "axis_tilt": 0, "max_angle": 55, "backtrack": true, "gcr": 0.3843, "cross_axis_tilt": 0}}, {"type": "Feature", "geometry": {"type": "Point", "coordinates": [-71.7951225, -16.6012118]}, "properties": {"rol": "seguidor", "id": "TR-05_1-107", "tipo": "completo", "axis_azimuth": 0, "punto": "eje de unidad (no el motor)", "ncu": 7, "gw": 2, "axis_tilt": 0, "max_angle": 55, "backtrack": true, "gcr": 0.3843, "cross_axis_tilt": 0}}, {"type": "Feature", "geometry": {"type": "Point", "coordinates": [-71.7950064, -16.6012133]}, "properties": {"rol": "seguidor", "id": "TR-05_1-108", "tipo": "completo", "axis_azimuth": 0, "punto": "eje de unidad (no el motor)", "ncu": 7, "gw": 2, "axis_tilt": 0, "max_angle": 55, "backtrack": true, "gcr": 0.3843, "cross_axis_tilt": 0}}, {"type": "Feature", "geometry": {"type": "Point", "coordinates": [-71.7961767, -16.6018948]}, "properties": {"rol": "seguidor", "id": "TR-05_1-109", "tipo": "completo", "axis_azimuth": 0, "punto": "eje de unidad (no el motor)", "ncu": 7, "gw": 2, "axis_tilt": 0, "max_angle": 55, "backtrack": true, "gcr": 0.3843, "cross_axis_tilt": 0}}, {"type": "Feature", "geometry": {"type": "Point", "coordinates": [-71.7960605, -16.6018963]}, "properties": {"rol": "seguidor", "id": "TR-05_1-110", "tipo": "completo", "axis_azimuth": 0, "punto": "eje de unidad (no el motor)", "ncu": 7, "gw": 2, "axis_tilt": 0, "max_angle": 55, "backtrack": true, "gcr": 0.3843, "cross_axis_tilt": 0}}, {"type": "Feature", "geometry": {"type": "Point", "coordinates": [-71.7959444, -16.6018979]}, "properties": {"rol": "seguidor", "id": "TR-05_1-111", "tipo": "completo", "axis_azimuth": 0, "punto": "eje de unidad (no el motor)", "ncu": 7, "gw": 2, "axis_tilt": 0, "max_angle": 55, "backtrack": true, "gcr": 0.3843, "cross_axis_tilt": 0}}, {"type": "Feature", "geometry": {"type": "Point", "coordinates": [-71.7958283, -16.6018995]}, "properties": {"rol": "seguidor", "id": "TR-05_1-112", "tipo": "completo", "axis_azimuth": 0, "punto": "eje de unidad (no el motor)", "ncu": 7, "gw": 2, "axis_tilt": 0, "max_angle": 55, "backtrack": true, "gcr": 0.3843, "cross_axis_tilt": 0}}, {"type": "Feature", "geometry": {"type": "Point", "coordinates": [-71.7957122, -16.601901]}, "properties": {"rol": "seguidor", "id": "TR-05_1-113", "tipo": "completo", "axis_azimuth": 0, "punto": "eje de unidad (no el motor)", "ncu": 7, "gw": 2, "axis_tilt": 0, "max_angle": 55, "backtrack": true, "gcr": 0.3843, "cross_axis_tilt": 0}}, {"type": "Feature", "geometry": {"type": "Point", "coordinates": [-71.7955961, -16.6019026]}, "properties": {"rol": "seguidor", "id": "TR-05_1-114", "tipo": "completo", "axis_azimuth": 0, "punto": "eje de unidad (no el motor)", "ncu": 7, "gw": 2, "axis_tilt": 0, "max_angle": 55, "backtrack": true, "gcr": 0.3843, "cross_axis_tilt": 0}}, {"type": "Feature", "geometry": {"type": "Point", "coordinates": [-71.7954809, -16.6019041]}, "properties": {"rol": "seguidor", "id": "TR-05_1-115", "tipo": "completo", "axis_azimuth": 0, "punto": "eje de unidad (no el motor)", "ncu": 7, "gw": 2, "axis_tilt": 0, "max_angle": 55, "backtrack": true, "gcr": 0.3843, "cross_axis_tilt": 0}}, {"type": "Feature", "geometry": {"type": "Point", "coordinates": [-71.7953648, -16.6019057]}, "properties": {"rol": "seguidor", "id": "TR-05_1-116", "tipo": "completo", "axis_azimuth": 0, "punto": "eje de unidad (no el motor)", "ncu": 7, "gw": 2, "axis_tilt": 0, "max_angle": 55, "backtrack": true, "gcr": 0.3843, "cross_axis_tilt": 0}}, {"type": "Feature", "geometry": {"type": "Point", "coordinates": [-71.7952487, -16.6019073]}, "properties": {"rol": "seguidor", "id": "TR-05_1-117", "tipo": "completo", "axis_azimuth": 0, "punto": "eje de unidad (no el motor)", "ncu": 7, "gw": 2, "axis_tilt": 0, "max_angle": 55, "backtrack": true, "gcr": 0.3843, "cross_axis_tilt": 0}}, {"type": "Feature", "geometry": {"type": "Point", "coordinates": [-71.7951326, -16.6019088]}, "properties": {"rol": "seguidor", "id": "TR-05_1-118", "tipo": "completo", "axis_azimuth": 0, "punto": "eje de unidad (no el motor)", "ncu": 7, "gw": 2, "axis_tilt": 0, "max_angle": 55, "backtrack": true, "gcr": 0.3843, "cross_axis_tilt": 0}}, {"type": "Feature", "geometry": {"type": "Point", "coordinates": [-71.7950165, -16.6019104]}, "properties": {"rol": "seguidor", "id": "TR-05_1-119", "tipo": "completo", "axis_azimuth": 0, "punto": "eje de unidad (no el motor)", "ncu": 7, "gw": 2, "axis_tilt": 0, "max_angle": 55, "backtrack": true, "gcr": 0.3843, "cross_axis_tilt": 0}}, {"type": "Feature", "geometry": {"type": "Point", "coordinates": [-71.7991035, -16.594917]}, "properties": {"rol": "seguidor", "id": "TR-05_2-001", "tipo": "completo", "axis_azimuth": 0, "punto": "eje de unidad (no el motor)", "ncu": 8, "gw": 1, "axis_tilt": 0, "max_angle": 55, "backtrack": true, "gcr": 0.3843, "cross_axis_tilt": 0}}, {"type": "Feature", "geometry": {"type": "Point", "coordinates": [-71.7989874, -16.5949185]}, "properties": {"rol": "seguidor", "id": "TR-05_2-002", "tipo": "completo", "axis_azimuth": 0, "punto": "eje de unidad (no el motor)", "ncu": 8, "gw": 1, "axis_tilt": 0, "max_angle": 55, "backtrack": true, "gcr": 0.3843, "cross_axis_tilt": 0}}, {"type": "Feature", "geometry": {"type": "Point", "coordinates": [-71.7988713, -16.5949201]}, "properties": {"rol": "seguidor", "id": "TR-05_2-003", "tipo": "completo", "axis_azimuth": 0, "punto": "eje de unidad (no el motor)", "ncu": 8, "gw": 1, "axis_tilt": 0, "max_angle": 55, "backtrack": true, "gcr": 0.3843, "cross_axis_tilt": 0}}, {"type": "Feature", "geometry": {"type": "Point", "coordinates": [-71.7992294, -16.5955935]}, "properties": {"rol": "seguidor", "id": "TR-05_2-004", "tipo": "completo", "axis_azimuth": 0, "punto": "eje de unidad (no el motor)", "ncu": 8, "gw": 1, "axis_tilt": 0, "max_angle": 55, "backtrack": true, "gcr": 0.3843, "cross_axis_tilt": 0}}, {"type": "Feature", "geometry": {"type": "Point", "coordinates": [-71.7991133, -16.5955951]}, "properties": {"rol": "seguidor", "id": "TR-05_2-005", "tipo": "completo", "axis_azimuth": 0, "punto": "eje de unidad (no el motor)", "ncu": 8, "gw": 1, "axis_tilt": 0, "max_angle": 55, "backtrack": true, "gcr": 0.3843, "cross_axis_tilt": 0}}, {"type": "Feature", "geometry": {"type": "Point", "coordinates": [-71.7989972, -16.5955966]}, "properties": {"rol": "seguidor", "id": "TR-05_2-006", "tipo": "completo", "axis_azimuth": 0, "punto": "eje de unidad (no el motor)", "ncu": 8, "gw": 1, "axis_tilt": 0, "max_angle": 55, "backtrack": true, "gcr": 0.3843, "cross_axis_tilt": 0}}, {"type": "Feature", "geometry": {"type": "Point", "coordinates": [-71.7988811, -16.5955982]}, "properties": {"rol": "seguidor", "id": "TR-05_2-007", "tipo": "completo", "axis_azimuth": 0, "punto": "eje de unidad (no el motor)", "ncu": 8, "gw": 1, "axis_tilt": 0, "max_angle": 55, "backtrack": true, "gcr": 0.3843, "cross_axis_tilt": 0}}, {"type": "Feature", "geometry": {"type": "Point", "coordinates": [-71.798765, -16.5955998]}, "properties": {"rol": "seguidor", "id": "TR-05_2-008", "tipo": "completo", "axis_azimuth": 0, "punto": "eje de unidad (no el motor)", "ncu": 8, "gw": 1, "axis_tilt": 0, "max_angle": 55, "backtrack": true, "gcr": 0.3843, "cross_axis_tilt": 0}}, {"type": "Feature", "geometry": {"type": "Point", "coordinates": [-71.7986489, -16.5956013]}, "properties": {"rol": "seguidor", "id": "TR-05_2-009", "tipo": "completo", "axis_azimuth": 0, "punto": "eje de unidad (no el motor)", "ncu": 8, "gw": 1, "axis_tilt": 0, "max_angle": 55, "backtrack": true, "gcr": 0.3843, "cross_axis_tilt": 0}}, {"type": "Feature", "geometry": {"type": "Point", "coordinates": [-71.7985328, -16.5956029]}, "properties": {"rol": "seguidor", "id": "TR-05_2-010", "tipo": "completo", "axis_azimuth": 0, "punto": "eje de unidad (no el motor)", "ncu": 8, "gw": 1, "axis_tilt": 0, "max_angle": 55, "backtrack": true, "gcr": 0.3843, "cross_axis_tilt": 0}}, {"type": "Feature", "geometry": {"type": "Point", "coordinates": [-71.7996462, -16.5963031]}, "properties": {"rol": "seguidor", "id": "TR-05_2-011", "tipo": "completo", "axis_azimuth": 0, "punto": "eje de unidad (no el motor)", "ncu": 8, "gw": 1, "axis_tilt": 0, "max_angle": 55, "backtrack": true, "gcr": 0.3843, "cross_axis_tilt": 0}}, {"type": "Feature", "geometry": {"type": "Point", "coordinates": [-71.7995301, -16.5963047]}, "properties": {"rol": "seguidor", "id": "TR-05_2-012", "tipo": "completo", "axis_azimuth": 0, "punto": "eje de unidad (no el motor)", "ncu": 8, "gw": 1, "axis_tilt": 0, "max_angle": 55, "backtrack": true, "gcr": 0.3843, "cross_axis_tilt": 0}}, {"type": "Feature", "geometry": {"type": "Point", "coordinates": [-71.799414, -16.5963063]}, "properties": {"rol": "seguidor", "id": "TR-05_2-013", "tipo": "completo", "axis_azimuth": 0, "punto": "eje de unidad (no el motor)", "ncu": 8, "gw": 1, "axis_tilt": 0, "max_angle": 55, "backtrack": true, "gcr": 0.3843, "cross_axis_tilt": 0}}, {"type": "Feature", "geometry": {"type": "Point", "coordinates": [-71.7992398, -16.5963086]}, "properties": {"rol": "seguidor", "id": "TR-05_2-014", "tipo": "completo", "axis_azimuth": 0, "punto": "eje de unidad (no el motor)", "ncu": 8, "gw": 1, "axis_tilt": 0, "max_angle": 55, "backtrack": true, "gcr": 0.3843, "cross_axis_tilt": 0}}, {"type": "Feature", "geometry": {"type": "Point", "coordinates": [-71.7991237, -16.5963102]}, "properties": {"rol": "seguidor", "id": "TR-05_2-015", "tipo": "completo", "axis_azimuth": 0, "punto": "eje de unidad (no el motor)", "ncu": 8, "gw": 1, "axis_tilt": 0, "max_angle": 55, "backtrack": true, "gcr": 0.3843, "cross_axis_tilt": 0}}, {"type": "Feature", "geometry": {"type": "Point", "coordinates": [-71.7990076, -16.5963117]}, "properties": {"rol": "seguidor", "id": "TR-05_2-016", "tipo": "completo", "axis_azimuth": 0, "punto": "eje de unidad (no el motor)", "ncu": 8, "gw": 1, "axis_tilt": 0, "max_angle": 55, "backtrack": true, "gcr": 0.3843, "cross_axis_tilt": 0}}, {"type": "Feature", "geometry": {"type": "Point", "coordinates": [-71.7988915, -16.5963133]}, "properties": {"rol": "seguidor", "id": "TR-05_2-017", "tipo": "completo", "axis_azimuth": 0, "punto": "eje de unidad (no el motor)", "ncu": 8, "gw": 1, "axis_tilt": 0, "max_angle": 55, "backtrack": true, "gcr": 0.3843, "cross_axis_tilt": 0}}, {"type": "Feature", "geometry": {"type": "Point", "coordinates": [-71.7987754, -16.5963149]}, "properties": {"rol": "seguidor", "id": "TR-05_2-018", "tipo": "completo", "axis_azimuth": 0, "punto": "eje de unidad (no el motor)", "ncu": 8, "gw": 1, "axis_tilt": 0, "max_angle": 55, "backtrack": true, "gcr": 0.3843, "cross_axis_tilt": 0}}, {"type": "Feature", "geometry": {"type": "Point", "coordinates": [-71.7986593, -16.5963164]}, "properties": {"rol": "seguidor", "id": "TR-05_2-019", "tipo": "completo", "axis_azimuth": 0, "punto": "eje de unidad (no el motor)", "ncu": 8, "gw": 1, "axis_tilt": 0, "max_angle": 55, "backtrack": true, "gcr": 0.3843, "cross_axis_tilt": 0}}, {"type": "Feature", "geometry": {"type": "Point", "coordinates": [-71.7985431, -16.596318]}, "properties": {"rol": "seguidor", "id": "TR-05_2-020", "tipo": "completo", "axis_azimuth": 0, "punto": "eje de unidad (no el motor)", "ncu": 8, "gw": 1, "axis_tilt": 0, "max_angle": 55, "backtrack": true, "gcr": 0.3843, "cross_axis_tilt": 0}}, {"type": "Feature", "geometry": {"type": "Point", "coordinates": [-71.798427, -16.5963195]}, "properties": {"rol": "seguidor", "id": "TR-05_2-021", "tipo": "completo", "axis_azimuth": 0, "punto": "eje de unidad (no el motor)", "ncu": 8, "gw": 1, "axis_tilt": 0, "max_angle": 55, "backtrack": true, "gcr": 0.3843, "cross_axis_tilt": 0}}, {"type": "Feature", "geometry": {"type": "Point", "coordinates": [-71.7983119, -16.5963211]}, "properties": {"rol": "seguidor", "id": "TR-05_2-022", "tipo": "completo", "axis_azimuth": 0, "punto": "eje de unidad (no el motor)", "ncu": 8, "gw": 1, "axis_tilt": 0, "max_angle": 55, "backtrack": true, "gcr": 0.3843, "cross_axis_tilt": 0}}, {"type": "Feature", "geometry": {"type": "Point", "coordinates": [-71.7981958, -16.5963227]}, "properties": {"rol": "seguidor", "id": "TR-05_2-023", "tipo": "completo", "axis_azimuth": 0, "punto": "eje de unidad (no el motor)", "ncu": 8, "gw": 1, "axis_tilt": 0, "max_angle": 55, "backtrack": true, "gcr": 0.3843, "cross_axis_tilt": 0}}, {"type": "Feature", "geometry": {"type": "Point", "coordinates": [-71.7980797, -16.5963242]}, "properties": {"rol": "seguidor", "id": "TR-05_2-024", "tipo": "completo", "axis_azimuth": 0, "punto": "eje de unidad (no el motor)", "ncu": 8, "gw": 1, "axis_tilt": 0, "max_angle": 55, "backtrack": true, "gcr": 0.3843, "cross_axis_tilt": 0}}, {"type": "Feature", "geometry": {"type": "Point", "coordinates": [-71.799656, -16.5969812]}, "properties": {"rol": "seguidor", "id": "TR-05_2-025", "tipo": "completo", "axis_azimuth": 0, "punto": "eje de unidad (no el motor)", "ncu": 8, "gw": 1, "axis_tilt": 0, "max_angle": 55, "backtrack": true, "gcr": 0.3843, "cross_axis_tilt": 0}}, {"type": "Feature", "geometry": {"type": "Point", "coordinates": [-71.7995399, -16.5969828]}, "properties": {"rol": "seguidor", "id": "TR-05_2-026", "tipo": "completo", "axis_azimuth": 0, "punto": "eje de unidad (no el motor)", "ncu": 8, "gw": 1, "axis_tilt": 0, "max_angle": 55, "backtrack": true, "gcr": 0.3843, "cross_axis_tilt": 0}}, {"type": "Feature", "geometry": {"type": "Point", "coordinates": [-71.7994238, -16.5969843]}, "properties": {"rol": "seguidor", "id": "TR-05_2-027", "tipo": "completo", "axis_azimuth": 0, "punto": "eje de unidad (no el motor)", "ncu": 8, "gw": 1, "axis_tilt": 0, "max_angle": 55, "backtrack": true, "gcr": 0.3843, "cross_axis_tilt": 0}}, {"type": "Feature", "geometry": {"type": "Point", "coordinates": [-71.7992496, -16.5969867]}, "properties": {"rol": "seguidor", "id": "TR-05_2-028", "tipo": "completo", "axis_azimuth": 0, "punto": "eje de unidad (no el motor)", "ncu": 8, "gw": 1, "axis_tilt": 0, "max_angle": 55, "backtrack": true, "gcr": 0.3843, "cross_axis_tilt": 0}}, {"type": "Feature", "geometry": {"type": "Point", "coordinates": [-71.7991335, -16.5969883]}, "properties": {"rol": "seguidor", "id": "TR-05_2-029", "tipo": "completo", "axis_azimuth": 0, "punto": "eje de unidad (no el motor)", "ncu": 8, "gw": 1, "axis_tilt": 0, "max_angle": 55, "backtrack": true, "gcr": 0.3843, "cross_axis_tilt": 0}}, {"type": "Feature", "geometry": {"type": "Point", "coordinates": [-71.7990174, -16.5969898]}, "properties": {"rol": "seguidor", "id": "TR-05_2-030", "tipo": "completo", "axis_azimuth": 0, "punto": "eje de unidad (no el motor)", "ncu": 8, "gw": 1, "axis_tilt": 0, "max_angle": 55, "backtrack": true, "gcr": 0.3843, "cross_axis_tilt": 0}}, {"type": "Feature", "geometry": {"type": "Point", "coordinates": [-71.7989013, -16.5969914]}, "properties": {"rol": "seguidor", "id": "TR-05_2-031", "tipo": "completo", "axis_azimuth": 0, "punto": "eje de unidad (no el motor)", "ncu": 8, "gw": 1, "axis_tilt": 0, "max_angle": 55, "backtrack": true, "gcr": 0.3843, "cross_axis_tilt": 0}}, {"type": "Feature", "geometry": {"type": "Point", "coordinates": [-71.7987852, -16.5969929]}, "properties": {"rol": "seguidor", "id": "TR-05_2-032", "tipo": "completo", "axis_azimuth": 0, "punto": "eje de unidad (no el motor)", "ncu": 8, "gw": 1, "axis_tilt": 0, "max_angle": 55, "backtrack": true, "gcr": 0.3843, "cross_axis_tilt": 0}}, {"type": "Feature", "geometry": {"type": "Point", "coordinates": [-71.7986691, -16.5969945]}, "properties": {"rol": "seguidor", "id": "TR-05_2-033", "tipo": "completo", "axis_azimuth": 0, "punto": "eje de unidad (no el motor)", "ncu": 8, "gw": 1, "axis_tilt": 0, "max_angle": 55, "backtrack": true, "gcr": 0.3843, "cross_axis_tilt": 0}}, {"type": "Feature", "geometry": {"type": "Point", "coordinates": [-71.798553, -16.5969961]}, "properties": {"rol": "seguidor", "id": "TR-05_2-034", "tipo": "completo", "axis_azimuth": 0, "punto": "eje de unidad (no el motor)", "ncu": 8, "gw": 1, "axis_tilt": 0, "max_angle": 55, "backtrack": true, "gcr": 0.3843, "cross_axis_tilt": 0}}, {"type": "Feature", "geometry": {"type": "Point", "coordinates": [-71.7984369, -16.5969976]}, "properties": {"rol": "seguidor", "id": "TR-05_2-035", "tipo": "completo", "axis_azimuth": 0, "punto": "eje de unidad (no el motor)", "ncu": 8, "gw": 1, "axis_tilt": 0, "max_angle": 55, "backtrack": true, "gcr": 0.3843, "cross_axis_tilt": 0}}, {"type": "Feature", "geometry": {"type": "Point", "coordinates": [-71.7983217, -16.5969992]}, "properties": {"rol": "seguidor", "id": "TR-05_2-036", "tipo": "completo", "axis_azimuth": 0, "punto": "eje de unidad (no el motor)", "ncu": 8, "gw": 1, "axis_tilt": 0, "max_angle": 55, "backtrack": true, "gcr": 0.3843, "cross_axis_tilt": 0}}, {"type": "Feature", "geometry": {"type": "Point", "coordinates": [-71.7982056, -16.5970007]}, "properties": {"rol": "seguidor", "id": "TR-05_2-037", "tipo": "completo", "axis_azimuth": 0, "punto": "eje de unidad (no el motor)", "ncu": 8, "gw": 1, "axis_tilt": 0, "max_angle": 55, "backtrack": true, "gcr": 0.3843, "cross_axis_tilt": 0}}, {"type": "Feature", "geometry": {"type": "Point", "coordinates": [-71.7980895, -16.5970023]}, "properties": {"rol": "seguidor", "id": "TR-05_2-038", "tipo": "completo", "axis_azimuth": 0, "punto": "eje de unidad (no el motor)", "ncu": 8, "gw": 1, "axis_tilt": 0, "max_angle": 55, "backtrack": true, "gcr": 0.3843, "cross_axis_tilt": 0}}, {"type": "Feature", "geometry": {"type": "Point", "coordinates": [-71.7979734, -16.5970039]}, "properties": {"rol": "seguidor", "id": "TR-05_2-039", "tipo": "completo", "axis_azimuth": 0, "punto": "eje de unidad (no el motor)", "ncu": 8, "gw": 1, "axis_tilt": 0, "max_angle": 55, "backtrack": true, "gcr": 0.3843, "cross_axis_tilt": 0}}, {"type": "Feature", "geometry": {"type": "Point", "coordinates": [-71.7992594, -16.5976648]}, "properties": {"rol": "seguidor", "id": "TR-05_2-040", "tipo": "completo", "axis_azimuth": 0, "punto": "eje de unidad (no el motor)", "ncu": 8, "gw": 1, "axis_tilt": 0, "max_angle": 55, "backtrack": true, "gcr": 0.3843, "cross_axis_tilt": 0}}, {"type": "Feature", "geometry": {"type": "Point", "coordinates": [-71.7991433, -16.5976663]}, "properties": {"rol": "seguidor", "id": "TR-05_2-041", "tipo": "completo", "axis_azimuth": 0, "punto": "eje de unidad (no el motor)", "ncu": 8, "gw": 1, "axis_tilt": 0, "max_angle": 55, "backtrack": true, "gcr": 0.3843, "cross_axis_tilt": 0}}, {"type": "Feature", "geometry": {"type": "Point", "coordinates": [-71.7990272, -16.5976679]}, "properties": {"rol": "seguidor", "id": "TR-05_2-042", "tipo": "completo", "axis_azimuth": 0, "punto": "eje de unidad (no el motor)", "ncu": 8, "gw": 1, "axis_tilt": 0, "max_angle": 55, "backtrack": true, "gcr": 0.3843, "cross_axis_tilt": 0}}, {"type": "Feature", "geometry": {"type": "Point", "coordinates": [-71.7989111, -16.5976695]}, "properties": {"rol": "seguidor", "id": "TR-05_2-043", "tipo": "completo", "axis_azimuth": 0, "punto": "eje de unidad (no el motor)", "ncu": 8, "gw": 1, "axis_tilt": 0, "max_angle": 55, "backtrack": true, "gcr": 0.3843, "cross_axis_tilt": 0}}, {"type": "Feature", "geometry": {"type": "Point", "coordinates": [-71.798795, -16.597671]}, "properties": {"rol": "seguidor", "id": "TR-05_2-044", "tipo": "completo", "axis_azimuth": 0, "punto": "eje de unidad (no el motor)", "ncu": 8, "gw": 1, "axis_tilt": 0, "max_angle": 55, "backtrack": true, "gcr": 0.3843, "cross_axis_tilt": 0}}, {"type": "Feature", "geometry": {"type": "Point", "coordinates": [-71.7986789, -16.5976726]}, "properties": {"rol": "seguidor", "id": "TR-05_2-045", "tipo": "completo", "axis_azimuth": 0, "punto": "eje de unidad (no el motor)", "ncu": 8, "gw": 1, "axis_tilt": 0, "max_angle": 55, "backtrack": true, "gcr": 0.3843, "cross_axis_tilt": 0}}, {"type": "Feature", "geometry": {"type": "Point", "coordinates": [-71.7985628, -16.5976742]}, "properties": {"rol": "seguidor", "id": "TR-05_2-046", "tipo": "completo", "axis_azimuth": 0, "punto": "eje de unidad (no el motor)", "ncu": 8, "gw": 1, "axis_tilt": 0, "max_angle": 55, "backtrack": true, "gcr": 0.3843, "cross_axis_tilt": 0}}, {"type": "Feature", "geometry": {"type": "Point", "coordinates": [-71.7984467, -16.5976757]}, "properties": {"rol": "seguidor", "id": "TR-05_2-047", "tipo": "completo", "axis_azimuth": 0, "punto": "eje de unidad (no el motor)", "ncu": 8, "gw": 1, "axis_tilt": 0, "max_angle": 55, "backtrack": true, "gcr": 0.3843, "cross_axis_tilt": 0}}, {"type": "Feature", "geometry": {"type": "Point", "coordinates": [-71.7983315, -16.5976773]}, "properties": {"rol": "seguidor", "id": "TR-05_2-048", "tipo": "completo", "axis_azimuth": 0, "punto": "eje de unidad (no el motor)", "ncu": 8, "gw": 1, "axis_tilt": 0, "max_angle": 55, "backtrack": true, "gcr": 0.3843, "cross_axis_tilt": 0}}, {"type": "Feature", "geometry": {"type": "Point", "coordinates": [-71.7982154, -16.5976788]}, "properties": {"rol": "seguidor", "id": "TR-05_2-049", "tipo": "completo", "axis_azimuth": 0, "punto": "eje de unidad (no el motor)", "ncu": 8, "gw": 1, "axis_tilt": 0, "max_angle": 55, "backtrack": true, "gcr": 0.3843, "cross_axis_tilt": 0}}, {"type": "Feature", "geometry": {"type": "Point", "coordinates": [-71.7980993, -16.5976804]}, "properties": {"rol": "seguidor", "id": "TR-05_2-050", "tipo": "completo", "axis_azimuth": 0, "punto": "eje de unidad (no el motor)", "ncu": 8, "gw": 1, "axis_tilt": 0, "max_angle": 55, "backtrack": true, "gcr": 0.3843, "cross_axis_tilt": 0}}, {"type": "Feature", "geometry": {"type": "Point", "coordinates": [-71.7979832, -16.597682]}, "properties": {"rol": "seguidor", "id": "TR-05_2-051", "tipo": "completo", "axis_azimuth": 0, "punto": "eje de unidad (no el motor)", "ncu": 8, "gw": 1, "axis_tilt": 0, "max_angle": 55, "backtrack": true, "gcr": 0.3843, "cross_axis_tilt": 0}}, {"type": "Feature", "geometry": {"type": "Point", "coordinates": [-71.7996673, -16.5977595]}, "properties": {"rol": "seguidor", "id": "TR-05_2-052", "tipo": "completo", "axis_azimuth": 0, "punto": "eje de unidad (no el motor)", "ncu": 8, "gw": 1, "axis_tilt": 0, "max_angle": 55, "backtrack": true, "gcr": 0.3843, "cross_axis_tilt": 0}}, {"type": "Feature", "geometry": {"type": "Point", "coordinates": [-71.7995512, -16.5977611]}, "properties": {"rol": "seguidor", "id": "TR-05_2-053", "tipo": "completo", "axis_azimuth": 0, "punto": "eje de unidad (no el motor)", "ncu": 8, "gw": 1, "axis_tilt": 0, "max_angle": 55, "backtrack": true, "gcr": 0.3843, "cross_axis_tilt": 0}}, {"type": "Feature", "geometry": {"type": "Point", "coordinates": [-71.7994351, -16.5977626]}, "properties": {"rol": "seguidor", "id": "TR-05_2-054", "tipo": "completo", "axis_azimuth": 0, "punto": "eje de unidad (no el motor)", "ncu": 8, "gw": 1, "axis_tilt": 0, "max_angle": 55, "backtrack": true, "gcr": 0.3843, "cross_axis_tilt": 0}}, {"type": "Feature", "geometry": {"type": "Point", "coordinates": [-71.7992693, -16.5983429]}, "properties": {"rol": "seguidor", "id": "TR-05_2-055", "tipo": "completo", "axis_azimuth": 0, "punto": "eje de unidad (no el motor)", "ncu": 8, "gw": 1, "axis_tilt": 0, "max_angle": 55, "backtrack": true, "gcr": 0.3843, "cross_axis_tilt": 0}}, {"type": "Feature", "geometry": {"type": "Point", "coordinates": [-71.7991532, -16.5983444]}, "properties": {"rol": "seguidor", "id": "TR-05_2-056", "tipo": "completo", "axis_azimuth": 0, "punto": "eje de unidad (no el motor)", "ncu": 8, "gw": 1, "axis_tilt": 0, "max_angle": 55, "backtrack": true, "gcr": 0.3843, "cross_axis_tilt": 0}}, {"type": "Feature", "geometry": {"type": "Point", "coordinates": [-71.799037, -16.598346]}, "properties": {"rol": "seguidor", "id": "TR-05_2-057", "tipo": "completo", "axis_azimuth": 0, "punto": "eje de unidad (no el motor)", "ncu": 8, "gw": 1, "axis_tilt": 0, "max_angle": 55, "backtrack": true, "gcr": 0.3843, "cross_axis_tilt": 0}}, {"type": "Feature", "geometry": {"type": "Point", "coordinates": [-71.7989209, -16.5983475]}, "properties": {"rol": "seguidor", "id": "TR-05_2-058", "tipo": "completo", "axis_azimuth": 0, "punto": "eje de unidad (no el motor)", "ncu": 8, "gw": 1, "axis_tilt": 0, "max_angle": 55, "backtrack": true, "gcr": 0.3843, "cross_axis_tilt": 0}}, {"type": "Feature", "geometry": {"type": "Point", "coordinates": [-71.7988048, -16.5983491]}, "properties": {"rol": "seguidor", "id": "TR-05_2-059", "tipo": "completo", "axis_azimuth": 0, "punto": "eje de unidad (no el motor)", "ncu": 8, "gw": 1, "axis_tilt": 0, "max_angle": 55, "backtrack": true, "gcr": 0.3843, "cross_axis_tilt": 0}}, {"type": "Feature", "geometry": {"type": "Point", "coordinates": [-71.7986887, -16.5983507]}, "properties": {"rol": "seguidor", "id": "TR-05_2-060", "tipo": "completo", "axis_azimuth": 0, "punto": "eje de unidad (no el motor)", "ncu": 8, "gw": 1, "axis_tilt": 0, "max_angle": 55, "backtrack": true, "gcr": 0.3843, "cross_axis_tilt": 0}}, {"type": "Feature", "geometry": {"type": "Point", "coordinates": [-71.7985726, -16.5983522]}, "properties": {"rol": "seguidor", "id": "TR-05_2-061", "tipo": "completo", "axis_azimuth": 0, "punto": "eje de unidad (no el motor)", "ncu": 8, "gw": 1, "axis_tilt": 0, "max_angle": 55, "backtrack": true, "gcr": 0.3843, "cross_axis_tilt": 0}}, {"type": "Feature", "geometry": {"type": "Point", "coordinates": [-71.7984565, -16.5983538]}, "properties": {"rol": "seguidor", "id": "TR-05_2-062", "tipo": "completo", "axis_azimuth": 0, "punto": "eje de unidad (no el motor)", "ncu": 8, "gw": 1, "axis_tilt": 0, "max_angle": 55, "backtrack": true, "gcr": 0.3843, "cross_axis_tilt": 0}}, {"type": "Feature", "geometry": {"type": "Point", "coordinates": [-71.7983413, -16.5983553]}, "properties": {"rol": "seguidor", "id": "TR-05_2-063", "tipo": "completo", "axis_azimuth": 0, "punto": "eje de unidad (no el motor)", "ncu": 8, "gw": 1, "axis_tilt": 0, "max_angle": 55, "backtrack": true, "gcr": 0.3843, "cross_axis_tilt": 0}}, {"type": "Feature", "geometry": {"type": "Point", "coordinates": [-71.7982252, -16.5983569]}, "properties": {"rol": "seguidor", "id": "TR-05_2-064", "tipo": "completo", "axis_azimuth": 0, "punto": "eje de unidad (no el motor)", "ncu": 8, "gw": 1, "axis_tilt": 0, "max_angle": 55, "backtrack": true, "gcr": 0.3843, "cross_axis_tilt": 0}}, {"type": "Feature", "geometry": {"type": "Point", "coordinates": [-71.7981091, -16.5983585]}, "properties": {"rol": "seguidor", "id": "TR-05_2-065", "tipo": "completo", "axis_azimuth": 0, "punto": "eje de unidad (no el motor)", "ncu": 8, "gw": 1, "axis_tilt": 0, "max_angle": 55, "backtrack": true, "gcr": 0.3843, "cross_axis_tilt": 0}}, {"type": "Feature", "geometry": {"type": "Point", "coordinates": [-71.797993, -16.59836]}, "properties": {"rol": "seguidor", "id": "TR-05_2-066", "tipo": "completo", "axis_azimuth": 0, "punto": "eje de unidad (no el motor)", "ncu": 8, "gw": 1, "axis_tilt": 0, "max_angle": 55, "backtrack": true, "gcr": 0.3843, "cross_axis_tilt": 0}}, {"type": "Feature", "geometry": {"type": "Point", "coordinates": [-71.7996771, -16.5984376]}, "properties": {"rol": "seguidor", "id": "TR-05_2-067", "tipo": "completo", "axis_azimuth": 0, "punto": "eje de unidad (no el motor)", "ncu": 8, "gw": 1, "axis_tilt": 0, "max_angle": 55, "backtrack": true, "gcr": 0.3843, "cross_axis_tilt": 0}}, {"type": "Feature", "geometry": {"type": "Point", "coordinates": [-71.799561, -16.5984392]}, "properties": {"rol": "seguidor", "id": "TR-05_2-068", "tipo": "completo", "axis_azimuth": 0, "punto": "eje de unidad (no el motor)", "ncu": 8, "gw": 1, "axis_tilt": 0, "max_angle": 55, "backtrack": true, "gcr": 0.3843, "cross_axis_tilt": 0}}, {"type": "Feature", "geometry": {"type": "Point", "coordinates": [-71.7994449, -16.5984407]}, "properties": {"rol": "seguidor", "id": "TR-05_2-069", "tipo": "completo", "axis_azimuth": 0, "punto": "eje de unidad (no el motor)", "ncu": 8, "gw": 1, "axis_tilt": 0, "max_angle": 55, "backtrack": true, "gcr": 0.3843, "cross_axis_tilt": 0}}, {"type": "Feature", "geometry": {"type": "Point", "coordinates": [-71.7996869, -16.5991157]}, "properties": {"rol": "seguidor", "id": "TR-05_2-070", "tipo": "completo", "axis_azimuth": 0, "punto": "eje de unidad (no el motor)", "ncu": 8, "gw": 2, "axis_tilt": 0, "max_angle": 55, "backtrack": true, "gcr": 0.3843, "cross_axis_tilt": 0}}, {"type": "Feature", "geometry": {"type": "Point", "coordinates": [-71.7995708, -16.5991172]}, "properties": {"rol": "seguidor", "id": "TR-05_2-071", "tipo": "completo", "axis_azimuth": 0, "punto": "eje de unidad (no el motor)", "ncu": 8, "gw": 2, "axis_tilt": 0, "max_angle": 55, "backtrack": true, "gcr": 0.3843, "cross_axis_tilt": 0}}, {"type": "Feature", "geometry": {"type": "Point", "coordinates": [-71.7994547, -16.5991188]}, "properties": {"rol": "seguidor", "id": "TR-05_2-072", "tipo": "completo", "axis_azimuth": 0, "punto": "eje de unidad (no el motor)", "ncu": 8, "gw": 2, "axis_tilt": 0, "max_angle": 55, "backtrack": true, "gcr": 0.3843, "cross_axis_tilt": 0}}, {"type": "Feature", "geometry": {"type": "Point", "coordinates": [-71.7992712, -16.5991213]}, "properties": {"rol": "seguidor", "id": "TR-05_2-073", "tipo": "completo", "axis_azimuth": 0, "punto": "eje de unidad (no el motor)", "ncu": 8, "gw": 2, "axis_tilt": 0, "max_angle": 55, "backtrack": true, "gcr": 0.3843, "cross_axis_tilt": 0}}, {"type": "Feature", "geometry": {"type": "Point", "coordinates": [-71.7991551, -16.5991228]}, "properties": {"rol": "seguidor", "id": "TR-05_2-074", "tipo": "completo", "axis_azimuth": 0, "punto": "eje de unidad (no el motor)", "ncu": 8, "gw": 2, "axis_tilt": 0, "max_angle": 55, "backtrack": true, "gcr": 0.3843, "cross_axis_tilt": 0}}, {"type": "Feature", "geometry": {"type": "Point", "coordinates": [-71.799039, -16.5991244]}, "properties": {"rol": "seguidor", "id": "TR-05_2-075", "tipo": "completo", "axis_azimuth": 0, "punto": "eje de unidad (no el motor)", "ncu": 8, "gw": 2, "axis_tilt": 0, "max_angle": 55, "backtrack": true, "gcr": 0.3843, "cross_axis_tilt": 0}}, {"type": "Feature", "geometry": {"type": "Point", "coordinates": [-71.7989253, -16.5992921]}, "properties": {"rol": "seguidor", "id": "TR-05_2-076", "tipo": "medio", "axis_azimuth": 0, "punto": "eje de unidad (no el motor)", "ncu": 8, "gw": 2, "axis_tilt": 0, "max_angle": 55, "backtrack": true, "gcr": 0.3843, "cross_axis_tilt": 0}}, {"type": "Feature", "geometry": {"type": "Point", "coordinates": [-71.7988091, -16.5992937]}, "properties": {"rol": "seguidor", "id": "TR-05_2-077", "tipo": "medio", "axis_azimuth": 0, "punto": "eje de unidad (no el motor)", "ncu": 8, "gw": 2, "axis_tilt": 0, "max_angle": 55, "backtrack": true, "gcr": 0.3843, "cross_axis_tilt": 0}}, {"type": "Feature", "geometry": {"type": "Point", "coordinates": [-71.7986906, -16.5991291]}, "properties": {"rol": "seguidor", "id": "TR-05_2-078", "tipo": "completo", "axis_azimuth": 0, "punto": "eje de unidad (no el motor)", "ncu": 8, "gw": 2, "axis_tilt": 0, "max_angle": 55, "backtrack": true, "gcr": 0.3843, "cross_axis_tilt": 0}}, {"type": "Feature", "geometry": {"type": "Point", "coordinates": [-71.7985745, -16.5991307]}, "properties": {"rol": "seguidor", "id": "TR-05_2-079", "tipo": "completo", "axis_azimuth": 0, "punto": "eje de unidad (no el motor)", "ncu": 8, "gw": 2, "axis_tilt": 0, "max_angle": 55, "backtrack": true, "gcr": 0.3843, "cross_axis_tilt": 0}}, {"type": "Feature", "geometry": {"type": "Point", "coordinates": [-71.7984584, -16.5991322]}, "properties": {"rol": "seguidor", "id": "TR-05_2-080", "tipo": "completo", "axis_azimuth": 0, "punto": "eje de unidad (no el motor)", "ncu": 8, "gw": 2, "axis_tilt": 0, "max_angle": 55, "backtrack": true, "gcr": 0.3843, "cross_axis_tilt": 0}}, {"type": "Feature", "geometry": {"type": "Point", "coordinates": [-71.7983432, -16.5991338]}, "properties": {"rol": "seguidor", "id": "TR-05_2-081", "tipo": "completo", "axis_azimuth": 0, "punto": "eje de unidad (no el motor)", "ncu": 8, "gw": 2, "axis_tilt": 0, "max_angle": 55, "backtrack": true, "gcr": 0.3843, "cross_axis_tilt": 0}}, {"type": "Feature", "geometry": {"type": "Point", "coordinates": [-71.7982271, -16.5991353]}, "properties": {"rol": "seguidor", "id": "TR-05_2-082", "tipo": "completo", "axis_azimuth": 0, "punto": "eje de unidad (no el motor)", "ncu": 8, "gw": 2, "axis_tilt": 0, "max_angle": 55, "backtrack": true, "gcr": 0.3843, "cross_axis_tilt": 0}}, {"type": "Feature", "geometry": {"type": "Point", "coordinates": [-71.798111, -16.5991369]}, "properties": {"rol": "seguidor", "id": "TR-05_2-083", "tipo": "completo", "axis_azimuth": 0, "punto": "eje de unidad (no el motor)", "ncu": 8, "gw": 2, "axis_tilt": 0, "max_angle": 55, "backtrack": true, "gcr": 0.3843, "cross_axis_tilt": 0}}, {"type": "Feature", "geometry": {"type": "Point", "coordinates": [-71.7996968, -16.5997938]}, "properties": {"rol": "seguidor", "id": "TR-05_2-084", "tipo": "completo", "axis_azimuth": 0, "punto": "eje de unidad (no el motor)", "ncu": 8, "gw": 2, "axis_tilt": 0, "max_angle": 55, "backtrack": true, "gcr": 0.3843, "cross_axis_tilt": 0}}, {"type": "Feature", "geometry": {"type": "Point", "coordinates": [-71.7995806, -16.5997953]}, "properties": {"rol": "seguidor", "id": "TR-05_2-085", "tipo": "completo", "axis_azimuth": 0, "punto": "eje de unidad (no el motor)", "ncu": 8, "gw": 2, "axis_tilt": 0, "max_angle": 55, "backtrack": true, "gcr": 0.3843, "cross_axis_tilt": 0}}, {"type": "Feature", "geometry": {"type": "Point", "coordinates": [-71.7994645, -16.5997969]}, "properties": {"rol": "seguidor", "id": "TR-05_2-086", "tipo": "completo", "axis_azimuth": 0, "punto": "eje de unidad (no el motor)", "ncu": 8, "gw": 2, "axis_tilt": 0, "max_angle": 55, "backtrack": true, "gcr": 0.3843, "cross_axis_tilt": 0}}, {"type": "Feature", "geometry": {"type": "Point", "coordinates": [-71.799281, -16.5997994]}, "properties": {"rol": "seguidor", "id": "TR-05_2-087", "tipo": "completo", "axis_azimuth": 0, "punto": "eje de unidad (no el motor)", "ncu": 8, "gw": 2, "axis_tilt": 0, "max_angle": 55, "backtrack": true, "gcr": 0.3843, "cross_axis_tilt": 0}}, {"type": "Feature", "geometry": {"type": "Point", "coordinates": [-71.7991649, -16.5998009]}, "properties": {"rol": "seguidor", "id": "TR-05_2-088", "tipo": "completo", "axis_azimuth": 0, "punto": "eje de unidad (no el motor)", "ncu": 8, "gw": 2, "axis_tilt": 0, "max_angle": 55, "backtrack": true, "gcr": 0.3843, "cross_axis_tilt": 0}}, {"type": "Feature", "geometry": {"type": "Point", "coordinates": [-71.7990488, -16.5998025]}, "properties": {"rol": "seguidor", "id": "TR-05_2-089", "tipo": "completo", "axis_azimuth": 0, "punto": "eje de unidad (no el motor)", "ncu": 8, "gw": 2, "axis_tilt": 0, "max_angle": 55, "backtrack": true, "gcr": 0.3843, "cross_axis_tilt": 0}}, {"type": "Feature", "geometry": {"type": "Point", "coordinates": [-71.7989327, -16.5998041]}, "properties": {"rol": "seguidor", "id": "TR-05_2-090", "tipo": "completo", "axis_azimuth": 0, "punto": "eje de unidad (no el motor)", "ncu": 8, "gw": 2, "axis_tilt": 0, "max_angle": 55, "backtrack": true, "gcr": 0.3843, "cross_axis_tilt": 0}}, {"type": "Feature", "geometry": {"type": "Point", "coordinates": [-71.7988166, -16.5998056]}, "properties": {"rol": "seguidor", "id": "TR-05_2-091", "tipo": "completo", "axis_azimuth": 0, "punto": "eje de unidad (no el motor)", "ncu": 8, "gw": 2, "axis_tilt": 0, "max_angle": 55, "backtrack": true, "gcr": 0.3843, "cross_axis_tilt": 0}}, {"type": "Feature", "geometry": {"type": "Point", "coordinates": [-71.7987004, -16.5998072]}, "properties": {"rol": "seguidor", "id": "TR-05_2-092", "tipo": "completo", "axis_azimuth": 0, "punto": "eje de unidad (no el motor)", "ncu": 8, "gw": 2, "axis_tilt": 0, "max_angle": 55, "backtrack": true, "gcr": 0.3843, "cross_axis_tilt": 0}}, {"type": "Feature", "geometry": {"type": "Point", "coordinates": [-71.7985843, -16.5998087]}, "properties": {"rol": "seguidor", "id": "TR-05_2-093", "tipo": "completo", "axis_azimuth": 0, "punto": "eje de unidad (no el motor)", "ncu": 8, "gw": 2, "axis_tilt": 0, "max_angle": 55, "backtrack": true, "gcr": 0.3843, "cross_axis_tilt": 0}}, {"type": "Feature", "geometry": {"type": "Point", "coordinates": [-71.7984682, -16.5998103]}, "properties": {"rol": "seguidor", "id": "TR-05_2-094", "tipo": "completo", "axis_azimuth": 0, "punto": "eje de unidad (no el motor)", "ncu": 8, "gw": 2, "axis_tilt": 0, "max_angle": 55, "backtrack": true, "gcr": 0.3843, "cross_axis_tilt": 0}}, {"type": "Feature", "geometry": {"type": "Point", "coordinates": [-71.7983531, -16.5998119]}, "properties": {"rol": "seguidor", "id": "TR-05_2-095", "tipo": "completo", "axis_azimuth": 0, "punto": "eje de unidad (no el motor)", "ncu": 8, "gw": 2, "axis_tilt": 0, "max_angle": 55, "backtrack": true, "gcr": 0.3843, "cross_axis_tilt": 0}}, {"type": "Feature", "geometry": {"type": "Point", "coordinates": [-71.7982369, -16.5998134]}, "properties": {"rol": "seguidor", "id": "TR-05_2-096", "tipo": "completo", "axis_azimuth": 0, "punto": "eje de unidad (no el motor)", "ncu": 8, "gw": 2, "axis_tilt": 0, "max_angle": 55, "backtrack": true, "gcr": 0.3843, "cross_axis_tilt": 0}}, {"type": "Feature", "geometry": {"type": "Point", "coordinates": [-71.7981208, -16.599815]}, "properties": {"rol": "seguidor", "id": "TR-05_2-097", "tipo": "completo", "axis_azimuth": 0, "punto": "eje de unidad (no el motor)", "ncu": 8, "gw": 2, "axis_tilt": 0, "max_angle": 55, "backtrack": true, "gcr": 0.3843, "cross_axis_tilt": 0}}, {"type": "Feature", "geometry": {"type": "Point", "coordinates": [-71.7992908, -16.6004774]}, "properties": {"rol": "seguidor", "id": "TR-05_2-098", "tipo": "completo", "axis_azimuth": 0, "punto": "eje de unidad (no el motor)", "ncu": 8, "gw": 2, "axis_tilt": 0, "max_angle": 55, "backtrack": true, "gcr": 0.3843, "cross_axis_tilt": 0}}, {"type": "Feature", "geometry": {"type": "Point", "coordinates": [-71.7991747, -16.600479]}, "properties": {"rol": "seguidor", "id": "TR-05_2-099", "tipo": "completo", "axis_azimuth": 0, "punto": "eje de unidad (no el motor)", "ncu": 8, "gw": 2, "axis_tilt": 0, "max_angle": 55, "backtrack": true, "gcr": 0.3843, "cross_axis_tilt": 0}}, {"type": "Feature", "geometry": {"type": "Point", "coordinates": [-71.7990586, -16.6004806]}, "properties": {"rol": "seguidor", "id": "TR-05_2-100", "tipo": "completo", "axis_azimuth": 0, "punto": "eje de unidad (no el motor)", "ncu": 8, "gw": 2, "axis_tilt": 0, "max_angle": 55, "backtrack": true, "gcr": 0.3843, "cross_axis_tilt": 0}}, {"type": "Feature", "geometry": {"type": "Point", "coordinates": [-71.7989425, -16.6004821]}, "properties": {"rol": "seguidor", "id": "TR-05_2-101", "tipo": "completo", "axis_azimuth": 0, "punto": "eje de unidad (no el motor)", "ncu": 8, "gw": 2, "axis_tilt": 0, "max_angle": 55, "backtrack": true, "gcr": 0.3843, "cross_axis_tilt": 0}}, {"type": "Feature", "geometry": {"type": "Point", "coordinates": [-71.7988264, -16.6004837]}, "properties": {"rol": "seguidor", "id": "TR-05_2-102", "tipo": "completo", "axis_azimuth": 0, "punto": "eje de unidad (no el motor)", "ncu": 8, "gw": 2, "axis_tilt": 0, "max_angle": 55, "backtrack": true, "gcr": 0.3843, "cross_axis_tilt": 0}}, {"type": "Feature", "geometry": {"type": "Point", "coordinates": [-71.7987103, -16.6004853]}, "properties": {"rol": "seguidor", "id": "TR-05_2-103", "tipo": "completo", "axis_azimuth": 0, "punto": "eje de unidad (no el motor)", "ncu": 8, "gw": 2, "axis_tilt": 0, "max_angle": 55, "backtrack": true, "gcr": 0.3843, "cross_axis_tilt": 0}}, {"type": "Feature", "geometry": {"type": "Point", "coordinates": [-71.7985942, -16.6004868]}, "properties": {"rol": "seguidor", "id": "TR-05_2-104", "tipo": "completo", "axis_azimuth": 0, "punto": "eje de unidad (no el motor)", "ncu": 8, "gw": 2, "axis_tilt": 0, "max_angle": 55, "backtrack": true, "gcr": 0.3843, "cross_axis_tilt": 0}}, {"type": "Feature", "geometry": {"type": "Point", "coordinates": [-71.798478, -16.6004884]}, "properties": {"rol": "seguidor", "id": "TR-05_2-105", "tipo": "completo", "axis_azimuth": 0, "punto": "eje de unidad (no el motor)", "ncu": 8, "gw": 2, "axis_tilt": 0, "max_angle": 55, "backtrack": true, "gcr": 0.3843, "cross_axis_tilt": 0}}, {"type": "Feature", "geometry": {"type": "Point", "coordinates": [-71.7983629, -16.6004899]}, "properties": {"rol": "seguidor", "id": "TR-05_2-106", "tipo": "completo", "axis_azimuth": 0, "punto": "eje de unidad (no el motor)", "ncu": 8, "gw": 2, "axis_tilt": 0, "max_angle": 55, "backtrack": true, "gcr": 0.3843, "cross_axis_tilt": 0}}, {"type": "Feature", "geometry": {"type": "Point", "coordinates": [-71.7982468, -16.6004915]}, "properties": {"rol": "seguidor", "id": "TR-05_2-107", "tipo": "completo", "axis_azimuth": 0, "punto": "eje de unidad (no el motor)", "ncu": 8, "gw": 2, "axis_tilt": 0, "max_angle": 55, "backtrack": true, "gcr": 0.3843, "cross_axis_tilt": 0}}, {"type": "Feature", "geometry": {"type": "Point", "coordinates": [-71.7981306, -16.6004931]}, "properties": {"rol": "seguidor", "id": "TR-05_2-108", "tipo": "completo", "axis_azimuth": 0, "punto": "eje de unidad (no el motor)", "ncu": 8, "gw": 2, "axis_tilt": 0, "max_angle": 55, "backtrack": true, "gcr": 0.3843, "cross_axis_tilt": 0}}, {"type": "Feature", "geometry": {"type": "Point", "coordinates": [-71.7993006, -16.6011555]}, "properties": {"rol": "seguidor", "id": "TR-05_2-109", "tipo": "completo", "axis_azimuth": 0, "punto": "eje de unidad (no el motor)", "ncu": 8, "gw": 2, "axis_tilt": 0, "max_angle": 55, "backtrack": true, "gcr": 0.3843, "cross_axis_tilt": 0}}, {"type": "Feature", "geometry": {"type": "Point", "coordinates": [-71.7991845, -16.6011571]}, "properties": {"rol": "seguidor", "id": "TR-05_2-110", "tipo": "completo", "axis_azimuth": 0, "punto": "eje de unidad (no el motor)", "ncu": 8, "gw": 2, "axis_tilt": 0, "max_angle": 55, "backtrack": true, "gcr": 0.3843, "cross_axis_tilt": 0}}, {"type": "Feature", "geometry": {"type": "Point", "coordinates": [-71.7990684, -16.6011587]}, "properties": {"rol": "seguidor", "id": "TR-05_2-111", "tipo": "completo", "axis_azimuth": 0, "punto": "eje de unidad (no el motor)", "ncu": 8, "gw": 2, "axis_tilt": 0, "max_angle": 55, "backtrack": true, "gcr": 0.3843, "cross_axis_tilt": 0}}, {"type": "Feature", "geometry": {"type": "Point", "coordinates": [-71.7989523, -16.6011602]}, "properties": {"rol": "seguidor", "id": "TR-05_2-112", "tipo": "completo", "axis_azimuth": 0, "punto": "eje de unidad (no el motor)", "ncu": 8, "gw": 2, "axis_tilt": 0, "max_angle": 55, "backtrack": true, "gcr": 0.3843, "cross_axis_tilt": 0}}, {"type": "Feature", "geometry": {"type": "Point", "coordinates": [-71.7988362, -16.6011618]}, "properties": {"rol": "seguidor", "id": "TR-05_2-113", "tipo": "completo", "axis_azimuth": 0, "punto": "eje de unidad (no el motor)", "ncu": 8, "gw": 2, "axis_tilt": 0, "max_angle": 55, "backtrack": true, "gcr": 0.3843, "cross_axis_tilt": 0}}, {"type": "Feature", "geometry": {"type": "Point", "coordinates": [-71.7987201, -16.6011633]}, "properties": {"rol": "seguidor", "id": "TR-05_2-114", "tipo": "completo", "axis_azimuth": 0, "punto": "eje de unidad (no el motor)", "ncu": 8, "gw": 2, "axis_tilt": 0, "max_angle": 55, "backtrack": true, "gcr": 0.3843, "cross_axis_tilt": 0}}, {"type": "Feature", "geometry": {"type": "Point", "coordinates": [-71.798604, -16.6011649]}, "properties": {"rol": "seguidor", "id": "TR-05_2-115", "tipo": "completo", "axis_azimuth": 0, "punto": "eje de unidad (no el motor)", "ncu": 8, "gw": 2, "axis_tilt": 0, "max_angle": 55, "backtrack": true, "gcr": 0.3843, "cross_axis_tilt": 0}}, {"type": "Feature", "geometry": {"type": "Point", "coordinates": [-71.7984879, -16.6011665]}, "properties": {"rol": "seguidor", "id": "TR-05_2-116", "tipo": "completo", "axis_azimuth": 0, "punto": "eje de unidad (no el motor)", "ncu": 8, "gw": 2, "axis_tilt": 0, "max_angle": 55, "backtrack": true, "gcr": 0.3843, "cross_axis_tilt": 0}}, {"type": "Feature", "geometry": {"type": "Point", "coordinates": [-71.7983727, -16.601168]}, "properties": {"rol": "seguidor", "id": "TR-05_2-117", "tipo": "completo", "axis_azimuth": 0, "punto": "eje de unidad (no el motor)", "ncu": 8, "gw": 2, "axis_tilt": 0, "max_angle": 55, "backtrack": true, "gcr": 0.3843, "cross_axis_tilt": 0}}, {"type": "Feature", "geometry": {"type": "Point", "coordinates": [-71.7982566, -16.6011696]}, "properties": {"rol": "seguidor", "id": "TR-05_2-118", "tipo": "completo", "axis_azimuth": 0, "punto": "eje de unidad (no el motor)", "ncu": 8, "gw": 2, "axis_tilt": 0, "max_angle": 55, "backtrack": true, "gcr": 0.3843, "cross_axis_tilt": 0}}, {"type": "Feature", "geometry": {"type": "Point", "coordinates": [-71.7981405, -16.6011712]}, "properties": {"rol": "seguidor", "id": "TR-05_2-119", "tipo": "completo", "axis_azimuth": 0, "punto": "eje de unidad (no el motor)", "ncu": 8, "gw": 2, "axis_tilt": 0, "max_angle": 55, "backtrack": true, "gcr": 0.3843, "cross_axis_tilt": 0}}, {"type": "Feature", "geometry": {"type": "Point", "coordinates": [-71.8019478, -16.5949157]}, "properties": {"rol": "seguidor", "id": "TR-03_2-001", "tipo": "completo", "axis_azimuth": 0, "punto": "eje de unidad (no el motor)", "ncu": 9, "gw": 1, "axis_tilt": 0, "max_angle": 55, "backtrack": true, "gcr": 0.3843, "cross_axis_tilt": 0}}, {"type": "Feature", "geometry": {"type": "Point", "coordinates": [-71.8019576, -16.5955938]}, "properties": {"rol": "seguidor", "id": "TR-03_2-002", "tipo": "completo", "axis_azimuth": 0, "punto": "eje de unidad (no el motor)", "ncu": 9, "gw": 1, "axis_tilt": 0, "max_angle": 55, "backtrack": true, "gcr": 0.3843, "cross_axis_tilt": 0}}, {"type": "Feature", "geometry": {"type": "Point", "coordinates": [-71.8018415, -16.5955953]}, "properties": {"rol": "seguidor", "id": "TR-03_2-003", "tipo": "completo", "axis_azimuth": 0, "punto": "eje de unidad (no el motor)", "ncu": 9, "gw": 1, "axis_tilt": 0, "max_angle": 55, "backtrack": true, "gcr": 0.3843, "cross_axis_tilt": 0}}, {"type": "Feature", "geometry": {"type": "Point", "coordinates": [-71.8017254, -16.5955969]}, "properties": {"rol": "seguidor", "id": "TR-03_2-004", "tipo": "completo", "axis_azimuth": 0, "punto": "eje de unidad (no el motor)", "ncu": 9, "gw": 1, "axis_tilt": 0, "max_angle": 55, "backtrack": true, "gcr": 0.3843, "cross_axis_tilt": 0}}, {"type": "Feature", "geometry": {"type": "Point", "coordinates": [-71.8016093, -16.5955985]}, "properties": {"rol": "seguidor", "id": "TR-03_2-005", "tipo": "completo", "axis_azimuth": 0, "punto": "eje de unidad (no el motor)", "ncu": 9, "gw": 1, "axis_tilt": 0, "max_angle": 55, "backtrack": true, "gcr": 0.3843, "cross_axis_tilt": 0}}, {"type": "Feature", "geometry": {"type": "Point", "coordinates": [-71.8014931, -16.5956]}, "properties": {"rol": "seguidor", "id": "TR-03_2-006", "tipo": "completo", "axis_azimuth": 0, "punto": "eje de unidad (no el motor)", "ncu": 9, "gw": 1, "axis_tilt": 0, "max_angle": 55, "backtrack": true, "gcr": 0.3843, "cross_axis_tilt": 0}}, {"type": "Feature", "geometry": {"type": "Point", "coordinates": [-71.801378, -16.5956016]}, "properties": {"rol": "seguidor", "id": "TR-03_2-007", "tipo": "completo", "axis_azimuth": 0, "punto": "eje de unidad (no el motor)", "ncu": 9, "gw": 1, "axis_tilt": 0, "max_angle": 55, "backtrack": true, "gcr": 0.3843, "cross_axis_tilt": 0}}, {"type": "Feature", "geometry": {"type": "Point", "coordinates": [-71.8012619, -16.5956032]}, "properties": {"rol": "seguidor", "id": "TR-03_2-008", "tipo": "completo", "axis_azimuth": 0, "punto": "eje de unidad (no el motor)", "ncu": 9, "gw": 1, "axis_tilt": 0, "max_angle": 55, "backtrack": true, "gcr": 0.3843, "cross_axis_tilt": 0}}, {"type": "Feature", "geometry": {"type": "Point", "coordinates": [-71.8019674, -16.5962719]}, "properties": {"rol": "seguidor", "id": "TR-03_2-009", "tipo": "completo", "axis_azimuth": 0, "punto": "eje de unidad (no el motor)", "ncu": 9, "gw": 1, "axis_tilt": 0, "max_angle": 55, "backtrack": true, "gcr": 0.3843, "cross_axis_tilt": 0}}, {"type": "Feature", "geometry": {"type": "Point", "coordinates": [-71.8018513, -16.5962734]}, "properties": {"rol": "seguidor", "id": "TR-03_2-010", "tipo": "completo", "axis_azimuth": 0, "punto": "eje de unidad (no el motor)", "ncu": 9, "gw": 1, "axis_tilt": 0, "max_angle": 55, "backtrack": true, "gcr": 0.3843, "cross_axis_tilt": 0}}, {"type": "Feature", "geometry": {"type": "Point", "coordinates": [-71.8017352, -16.596275]}, "properties": {"rol": "seguidor", "id": "TR-03_2-011", "tipo": "completo", "axis_azimuth": 0, "punto": "eje de unidad (no el motor)", "ncu": 9, "gw": 1, "axis_tilt": 0, "max_angle": 55, "backtrack": true, "gcr": 0.3843, "cross_axis_tilt": 0}}, {"type": "Feature", "geometry": {"type": "Point", "coordinates": [-71.8016191, -16.5962765]}, "properties": {"rol": "seguidor", "id": "TR-03_2-012", "tipo": "completo", "axis_azimuth": 0, "punto": "eje de unidad (no el motor)", "ncu": 9, "gw": 1, "axis_tilt": 0, "max_angle": 55, "backtrack": true, "gcr": 0.3843, "cross_axis_tilt": 0}}, {"type": "Feature", "geometry": {"type": "Point", "coordinates": [-71.801503, -16.5962781]}, "properties": {"rol": "seguidor", "id": "TR-03_2-013", "tipo": "completo", "axis_azimuth": 0, "punto": "eje de unidad (no el motor)", "ncu": 9, "gw": 1, "axis_tilt": 0, "max_angle": 55, "backtrack": true, "gcr": 0.3843, "cross_axis_tilt": 0}}, {"type": "Feature", "geometry": {"type": "Point", "coordinates": [-71.8013878, -16.5962797]}, "properties": {"rol": "seguidor", "id": "TR-03_2-014", "tipo": "completo", "axis_azimuth": 0, "punto": "eje de unidad (no el motor)", "ncu": 9, "gw": 1, "axis_tilt": 0, "max_angle": 55, "backtrack": true, "gcr": 0.3843, "cross_axis_tilt": 0}}, {"type": "Feature", "geometry": {"type": "Point", "coordinates": [-71.8012717, -16.5962812]}, "properties": {"rol": "seguidor", "id": "TR-03_2-015", "tipo": "completo", "axis_azimuth": 0, "punto": "eje de unidad (no el motor)", "ncu": 9, "gw": 1, "axis_tilt": 0, "max_angle": 55, "backtrack": true, "gcr": 0.3843, "cross_axis_tilt": 0}}, {"type": "Feature", "geometry": {"type": "Point", "coordinates": [-71.8011556, -16.5962828]}, "properties": {"rol": "seguidor", "id": "TR-03_2-016", "tipo": "completo", "axis_azimuth": 0, "punto": "eje de unidad (no el motor)", "ncu": 9, "gw": 1, "axis_tilt": 0, "max_angle": 55, "backtrack": true, "gcr": 0.3843, "cross_axis_tilt": 0}}, {"type": "Feature", "geometry": {"type": "Point", "coordinates": [-71.8010395, -16.5962844]}, "properties": {"rol": "seguidor", "id": "TR-03_2-017", "tipo": "completo", "axis_azimuth": 0, "punto": "eje de unidad (no el motor)", "ncu": 9, "gw": 1, "axis_tilt": 0, "max_angle": 55, "backtrack": true, "gcr": 0.3843, "cross_axis_tilt": 0}}, {"type": "Feature", "geometry": {"type": "Point", "coordinates": [-71.8009234, -16.5962859]}, "properties": {"rol": "seguidor", "id": "TR-03_2-018", "tipo": "completo", "axis_azimuth": 0, "punto": "eje de unidad (no el motor)", "ncu": 9, "gw": 1, "axis_tilt": 0, "max_angle": 55, "backtrack": true, "gcr": 0.3843, "cross_axis_tilt": 0}}, {"type": "Feature", "geometry": {"type": "Point", "coordinates": [-71.8008073, -16.5962875]}, "properties": {"rol": "seguidor", "id": "TR-03_2-019", "tipo": "completo", "axis_azimuth": 0, "punto": "eje de unidad (no el motor)", "ncu": 9, "gw": 1, "axis_tilt": 0, "max_angle": 55, "backtrack": true, "gcr": 0.3843, "cross_axis_tilt": 0}}, {"type": "Feature", "geometry": {"type": "Point", "coordinates": [-71.8006912, -16.5962891]}, "properties": {"rol": "seguidor", "id": "TR-03_2-020", "tipo": "completo", "axis_azimuth": 0, "punto": "eje de unidad (no el motor)", "ncu": 9, "gw": 1, "axis_tilt": 0, "max_angle": 55, "backtrack": true, "gcr": 0.3843, "cross_axis_tilt": 0}}, {"type": "Feature", "geometry": {"type": "Point", "coordinates": [-71.800575, -16.5962906]}, "properties": {"rol": "seguidor", "id": "TR-03_2-021", "tipo": "completo", "axis_azimuth": 0, "punto": "eje de unidad (no el motor)", "ncu": 9, "gw": 1, "axis_tilt": 0, "max_angle": 55, "backtrack": true, "gcr": 0.3843, "cross_axis_tilt": 0}}, {"type": "Feature", "geometry": {"type": "Point", "coordinates": [-71.8004589, -16.5962922]}, "properties": {"rol": "seguidor", "id": "TR-03_2-022", "tipo": "completo", "axis_azimuth": 0, "punto": "eje de unidad (no el motor)", "ncu": 9, "gw": 1, "axis_tilt": 0, "max_angle": 55, "backtrack": true, "gcr": 0.3843, "cross_axis_tilt": 0}}, {"type": "Feature", "geometry": {"type": "Point", "coordinates": [-71.8003428, -16.5962937]}, "properties": {"rol": "seguidor", "id": "TR-03_2-023", "tipo": "completo", "axis_azimuth": 0, "punto": "eje de unidad (no el motor)", "ncu": 9, "gw": 1, "axis_tilt": 0, "max_angle": 55, "backtrack": true, "gcr": 0.3843, "cross_axis_tilt": 0}}, {"type": "Feature", "geometry": {"type": "Point", "coordinates": [-71.8002267, -16.5962953]}, "properties": {"rol": "seguidor", "id": "TR-03_2-024", "tipo": "completo", "axis_azimuth": 0, "punto": "eje de unidad (no el motor)", "ncu": 9, "gw": 1, "axis_tilt": 0, "max_angle": 55, "backtrack": true, "gcr": 0.3843, "cross_axis_tilt": 0}}, {"type": "Feature", "geometry": {"type": "Point", "coordinates": [-71.8001106, -16.5962969]}, "properties": {"rol": "seguidor", "id": "TR-03_2-025", "tipo": "completo", "axis_azimuth": 0, "punto": "eje de unidad (no el motor)", "ncu": 9, "gw": 1, "axis_tilt": 0, "max_angle": 55, "backtrack": true, "gcr": 0.3843, "cross_axis_tilt": 0}}, {"type": "Feature", "geometry": {"type": "Point", "coordinates": [-71.7999945, -16.5962984]}, "properties": {"rol": "seguidor", "id": "TR-03_2-026", "tipo": "completo", "axis_azimuth": 0, "punto": "eje de unidad (no el motor)", "ncu": 9, "gw": 1, "axis_tilt": 0, "max_angle": 55, "backtrack": true, "gcr": 0.3843, "cross_axis_tilt": 0}}, {"type": "Feature", "geometry": {"type": "Point", "coordinates": [-71.7998784, -16.5963]}, "properties": {"rol": "seguidor", "id": "TR-03_2-027", "tipo": "completo", "axis_azimuth": 0, "punto": "eje de unidad (no el motor)", "ncu": 9, "gw": 1, "axis_tilt": 0, "max_angle": 55, "backtrack": true, "gcr": 0.3843, "cross_axis_tilt": 0}}, {"type": "Feature", "geometry": {"type": "Point", "coordinates": [-71.7997623, -16.5963016]}, "properties": {"rol": "seguidor", "id": "TR-03_2-028", "tipo": "completo", "axis_azimuth": 0, "punto": "eje de unidad (no el motor)", "ncu": 9, "gw": 1, "axis_tilt": 0, "max_angle": 55, "backtrack": true, "gcr": 0.3843, "cross_axis_tilt": 0}}, {"type": "Feature", "geometry": {"type": "Point", "coordinates": [-71.8019772, -16.5969499]}, "properties": {"rol": "seguidor", "id": "TR-03_2-029", "tipo": "completo", "axis_azimuth": 0, "punto": "eje de unidad (no el motor)", "ncu": 9, "gw": 1, "axis_tilt": 0, "max_angle": 55, "backtrack": true, "gcr": 0.3843, "cross_axis_tilt": 0}}, {"type": "Feature", "geometry": {"type": "Point", "coordinates": [-71.8018611, -16.5969515]}, "properties": {"rol": "seguidor", "id": "TR-03_2-030", "tipo": "completo", "axis_azimuth": 0, "punto": "eje de unidad (no el motor)", "ncu": 9, "gw": 1, "axis_tilt": 0, "max_angle": 55, "backtrack": true, "gcr": 0.3843, "cross_axis_tilt": 0}}, {"type": "Feature", "geometry": {"type": "Point", "coordinates": [-71.801745, -16.5969531]}, "properties": {"rol": "seguidor", "id": "TR-03_2-031", "tipo": "completo", "axis_azimuth": 0, "punto": "eje de unidad (no el motor)", "ncu": 9, "gw": 1, "axis_tilt": 0, "max_angle": 55, "backtrack": true, "gcr": 0.3843, "cross_axis_tilt": 0}}, {"type": "Feature", "geometry": {"type": "Point", "coordinates": [-71.8016289, -16.5969546]}, "properties": {"rol": "seguidor", "id": "TR-03_2-032", "tipo": "completo", "axis_azimuth": 0, "punto": "eje de unidad (no el motor)", "ncu": 9, "gw": 1, "axis_tilt": 0, "max_angle": 55, "backtrack": true, "gcr": 0.3843, "cross_axis_tilt": 0}}, {"type": "Feature", "geometry": {"type": "Point", "coordinates": [-71.8015128, -16.5969562]}, "properties": {"rol": "seguidor", "id": "TR-03_2-033", "tipo": "completo", "axis_azimuth": 0, "punto": "eje de unidad (no el motor)", "ncu": 9, "gw": 1, "axis_tilt": 0, "max_angle": 55, "backtrack": true, "gcr": 0.3843, "cross_axis_tilt": 0}}, {"type": "Feature", "geometry": {"type": "Point", "coordinates": [-71.8013976, -16.5969577]}, "properties": {"rol": "seguidor", "id": "TR-03_2-034", "tipo": "completo", "axis_azimuth": 0, "punto": "eje de unidad (no el motor)", "ncu": 9, "gw": 1, "axis_tilt": 0, "max_angle": 55, "backtrack": true, "gcr": 0.3843, "cross_axis_tilt": 0}}, {"type": "Feature", "geometry": {"type": "Point", "coordinates": [-71.8012815, -16.5969593]}, "properties": {"rol": "seguidor", "id": "TR-03_2-035", "tipo": "completo", "axis_azimuth": 0, "punto": "eje de unidad (no el motor)", "ncu": 9, "gw": 1, "axis_tilt": 0, "max_angle": 55, "backtrack": true, "gcr": 0.3843, "cross_axis_tilt": 0}}, {"type": "Feature", "geometry": {"type": "Point", "coordinates": [-71.8011654, -16.5969609]}, "properties": {"rol": "seguidor", "id": "TR-03_2-036", "tipo": "completo", "axis_azimuth": 0, "punto": "eje de unidad (no el motor)", "ncu": 9, "gw": 1, "axis_tilt": 0, "max_angle": 55, "backtrack": true, "gcr": 0.3843, "cross_axis_tilt": 0}}, {"type": "Feature", "geometry": {"type": "Point", "coordinates": [-71.8010493, -16.5969624]}, "properties": {"rol": "seguidor", "id": "TR-03_2-037", "tipo": "completo", "axis_azimuth": 0, "punto": "eje de unidad (no el motor)", "ncu": 9, "gw": 1, "axis_tilt": 0, "max_angle": 55, "backtrack": true, "gcr": 0.3843, "cross_axis_tilt": 0}}, {"type": "Feature", "geometry": {"type": "Point", "coordinates": [-71.8009332, -16.596964]}, "properties": {"rol": "seguidor", "id": "TR-03_2-038", "tipo": "completo", "axis_azimuth": 0, "punto": "eje de unidad (no el motor)", "ncu": 9, "gw": 1, "axis_tilt": 0, "max_angle": 55, "backtrack": true, "gcr": 0.3843, "cross_axis_tilt": 0}}, {"type": "Feature", "geometry": {"type": "Point", "coordinates": [-71.8008171, -16.5969656]}, "properties": {"rol": "seguidor", "id": "TR-03_2-039", "tipo": "completo", "axis_azimuth": 0, "punto": "eje de unidad (no el motor)", "ncu": 9, "gw": 1, "axis_tilt": 0, "max_angle": 55, "backtrack": true, "gcr": 0.3843, "cross_axis_tilt": 0}}, {"type": "Feature", "geometry": {"type": "Point", "coordinates": [-71.800701, -16.5969671]}, "properties": {"rol": "seguidor", "id": "TR-03_2-040", "tipo": "completo", "axis_azimuth": 0, "punto": "eje de unidad (no el motor)", "ncu": 9, "gw": 1, "axis_tilt": 0, "max_angle": 55, "backtrack": true, "gcr": 0.3843, "cross_axis_tilt": 0}}, {"type": "Feature", "geometry": {"type": "Point", "coordinates": [-71.8005849, -16.5969687]}, "properties": {"rol": "seguidor", "id": "TR-03_2-041", "tipo": "completo", "axis_azimuth": 0, "punto": "eje de unidad (no el motor)", "ncu": 9, "gw": 1, "axis_tilt": 0, "max_angle": 55, "backtrack": true, "gcr": 0.3843, "cross_axis_tilt": 0}}, {"type": "Feature", "geometry": {"type": "Point", "coordinates": [-71.8004688, -16.5969703]}, "properties": {"rol": "seguidor", "id": "TR-03_2-042", "tipo": "completo", "axis_azimuth": 0, "punto": "eje de unidad (no el motor)", "ncu": 9, "gw": 1, "axis_tilt": 0, "max_angle": 55, "backtrack": true, "gcr": 0.3843, "cross_axis_tilt": 0}}, {"type": "Feature", "geometry": {"type": "Point", "coordinates": [-71.8003527, -16.5969718]}, "properties": {"rol": "seguidor", "id": "TR-03_2-043", "tipo": "completo", "axis_azimuth": 0, "punto": "eje de unidad (no el motor)", "ncu": 9, "gw": 1, "axis_tilt": 0, "max_angle": 55, "backtrack": true, "gcr": 0.3843, "cross_axis_tilt": 0}}, {"type": "Feature", "geometry": {"type": "Point", "coordinates": [-71.8002365, -16.5969734]}, "properties": {"rol": "seguidor", "id": "TR-03_2-044", "tipo": "completo", "axis_azimuth": 0, "punto": "eje de unidad (no el motor)", "ncu": 9, "gw": 1, "axis_tilt": 0, "max_angle": 55, "backtrack": true, "gcr": 0.3843, "cross_axis_tilt": 0}}, {"type": "Feature", "geometry": {"type": "Point", "coordinates": [-71.8001204, -16.596975]}, "properties": {"rol": "seguidor", "id": "TR-03_2-045", "tipo": "completo", "axis_azimuth": 0, "punto": "eje de unidad (no el motor)", "ncu": 9, "gw": 1, "axis_tilt": 0, "max_angle": 55, "backtrack": true, "gcr": 0.3843, "cross_axis_tilt": 0}}, {"type": "Feature", "geometry": {"type": "Point", "coordinates": [-71.8000043, -16.5969765]}, "properties": {"rol": "seguidor", "id": "TR-03_2-046", "tipo": "completo", "axis_azimuth": 0, "punto": "eje de unidad (no el motor)", "ncu": 9, "gw": 1, "axis_tilt": 0, "max_angle": 55, "backtrack": true, "gcr": 0.3843, "cross_axis_tilt": 0}}, {"type": "Feature", "geometry": {"type": "Point", "coordinates": [-71.7998882, -16.5969781]}, "properties": {"rol": "seguidor", "id": "TR-03_2-047", "tipo": "completo", "axis_azimuth": 0, "punto": "eje de unidad (no el motor)", "ncu": 9, "gw": 1, "axis_tilt": 0, "max_angle": 55, "backtrack": true, "gcr": 0.3843, "cross_axis_tilt": 0}}, {"type": "Feature", "geometry": {"type": "Point", "coordinates": [-71.7997721, -16.5969796]}, "properties": {"rol": "seguidor", "id": "TR-03_2-048", "tipo": "completo", "axis_azimuth": 0, "punto": "eje de unidad (no el motor)", "ncu": 9, "gw": 1, "axis_tilt": 0, "max_angle": 55, "backtrack": true, "gcr": 0.3843, "cross_axis_tilt": 0}}, {"type": "Feature", "geometry": {"type": "Point", "coordinates": [-71.8019885, -16.5977282]}, "properties": {"rol": "seguidor", "id": "TR-03_2-049", "tipo": "completo", "axis_azimuth": 0, "punto": "eje de unidad (no el motor)", "ncu": 9, "gw": 2, "axis_tilt": 0, "max_angle": 55, "backtrack": true, "gcr": 0.3843, "cross_axis_tilt": 0}}, {"type": "Feature", "geometry": {"type": "Point", "coordinates": [-71.8018724, -16.5977298]}, "properties": {"rol": "seguidor", "id": "TR-03_2-050", "tipo": "completo", "axis_azimuth": 0, "punto": "eje de unidad (no el motor)", "ncu": 9, "gw": 2, "axis_tilt": 0, "max_angle": 55, "backtrack": true, "gcr": 0.3843, "cross_axis_tilt": 0}}, {"type": "Feature", "geometry": {"type": "Point", "coordinates": [-71.8017563, -16.5977314]}, "properties": {"rol": "seguidor", "id": "TR-03_2-051", "tipo": "completo", "axis_azimuth": 0, "punto": "eje de unidad (no el motor)", "ncu": 9, "gw": 2, "axis_tilt": 0, "max_angle": 55, "backtrack": true, "gcr": 0.3843, "cross_axis_tilt": 0}}, {"type": "Feature", "geometry": {"type": "Point", "coordinates": [-71.8016402, -16.5977329]}, "properties": {"rol": "seguidor", "id": "TR-03_2-052", "tipo": "completo", "axis_azimuth": 0, "punto": "eje de unidad (no el motor)", "ncu": 9, "gw": 2, "axis_tilt": 0, "max_angle": 55, "backtrack": true, "gcr": 0.3843, "cross_axis_tilt": 0}}, {"type": "Feature", "geometry": {"type": "Point", "coordinates": [-71.8015241, -16.5977345]}, "properties": {"rol": "seguidor", "id": "TR-03_2-053", "tipo": "completo", "axis_azimuth": 0, "punto": "eje de unidad (no el motor)", "ncu": 9, "gw": 2, "axis_tilt": 0, "max_angle": 55, "backtrack": true, "gcr": 0.3843, "cross_axis_tilt": 0}}, {"type": "Feature", "geometry": {"type": "Point", "coordinates": [-71.8014089, -16.5977361]}, "properties": {"rol": "seguidor", "id": "TR-03_2-054", "tipo": "completo", "axis_azimuth": 0, "punto": "eje de unidad (no el motor)", "ncu": 9, "gw": 2, "axis_tilt": 0, "max_angle": 55, "backtrack": true, "gcr": 0.3843, "cross_axis_tilt": 0}}, {"type": "Feature", "geometry": {"type": "Point", "coordinates": [-71.8012928, -16.5977376]}, "properties": {"rol": "seguidor", "id": "TR-03_2-055", "tipo": "completo", "axis_azimuth": 0, "punto": "eje de unidad (no el motor)", "ncu": 9, "gw": 2, "axis_tilt": 0, "max_angle": 55, "backtrack": true, "gcr": 0.3843, "cross_axis_tilt": 0}}, {"type": "Feature", "geometry": {"type": "Point", "coordinates": [-71.8011767, -16.5977392]}, "properties": {"rol": "seguidor", "id": "TR-03_2-056", "tipo": "completo", "axis_azimuth": 0, "punto": "eje de unidad (no el motor)", "ncu": 9, "gw": 2, "axis_tilt": 0, "max_angle": 55, "backtrack": true, "gcr": 0.3843, "cross_axis_tilt": 0}}, {"type": "Feature", "geometry": {"type": "Point", "coordinates": [-71.8010597, -16.5977408]}, "properties": {"rol": "seguidor", "id": "TR-03_2-057", "tipo": "completo", "axis_azimuth": 0, "punto": "eje de unidad (no el motor)", "ncu": 9, "gw": 2, "axis_tilt": 0, "max_angle": 55, "backtrack": true, "gcr": 0.3843, "cross_axis_tilt": 0}}, {"type": "Feature", "geometry": {"type": "Point", "coordinates": [-71.8009469, -16.5979084]}, "properties": {"rol": "seguidor", "id": "TR-03_2-058", "tipo": "medio", "axis_azimuth": 0, "punto": "eje de unidad (no el motor)", "ncu": 9, "gw": 2, "axis_tilt": 0, "max_angle": 55, "backtrack": true, "gcr": 0.3843, "cross_axis_tilt": 0}}, {"type": "Feature", "geometry": {"type": "Point", "coordinates": [-71.8008308, -16.59791]}, "properties": {"rol": "seguidor", "id": "TR-03_2-059", "tipo": "medio", "axis_azimuth": 0, "punto": "eje de unidad (no el motor)", "ncu": 9, "gw": 2, "axis_tilt": 0, "max_angle": 55, "backtrack": true, "gcr": 0.3843, "cross_axis_tilt": 0}}, {"type": "Feature", "geometry": {"type": "Point", "coordinates": [-71.8007123, -16.5977454]}, "properties": {"rol": "seguidor", "id": "TR-03_2-060", "tipo": "completo", "axis_azimuth": 0, "punto": "eje de unidad (no el motor)", "ncu": 9, "gw": 2, "axis_tilt": 0, "max_angle": 55, "backtrack": true, "gcr": 0.3843, "cross_axis_tilt": 0}}, {"type": "Feature", "geometry": {"type": "Point", "coordinates": [-71.8005962, -16.597747]}, "properties": {"rol": "seguidor", "id": "TR-03_2-061", "tipo": "completo", "axis_azimuth": 0, "punto": "eje de unidad (no el motor)", "ncu": 9, "gw": 2, "axis_tilt": 0, "max_angle": 55, "backtrack": true, "gcr": 0.3843, "cross_axis_tilt": 0}}, {"type": "Feature", "geometry": {"type": "Point", "coordinates": [-71.80048, -16.5977486]}, "properties": {"rol": "seguidor", "id": "TR-03_2-062", "tipo": "completo", "axis_azimuth": 0, "punto": "eje de unidad (no el motor)", "ncu": 9, "gw": 2, "axis_tilt": 0, "max_angle": 55, "backtrack": true, "gcr": 0.3843, "cross_axis_tilt": 0}}, {"type": "Feature", "geometry": {"type": "Point", "coordinates": [-71.8003639, -16.5977501]}, "properties": {"rol": "seguidor", "id": "TR-03_2-063", "tipo": "completo", "axis_azimuth": 0, "punto": "eje de unidad (no el motor)", "ncu": 9, "gw": 2, "axis_tilt": 0, "max_angle": 55, "backtrack": true, "gcr": 0.3843, "cross_axis_tilt": 0}}, {"type": "Feature", "geometry": {"type": "Point", "coordinates": [-71.8002478, -16.5977517]}, "properties": {"rol": "seguidor", "id": "TR-03_2-064", "tipo": "completo", "axis_azimuth": 0, "punto": "eje de unidad (no el motor)", "ncu": 9, "gw": 2, "axis_tilt": 0, "max_angle": 55, "backtrack": true, "gcr": 0.3843, "cross_axis_tilt": 0}}, {"type": "Feature", "geometry": {"type": "Point", "coordinates": [-71.8001317, -16.5977533]}, "properties": {"rol": "seguidor", "id": "TR-03_2-065", "tipo": "completo", "axis_azimuth": 0, "punto": "eje de unidad (no el motor)", "ncu": 9, "gw": 2, "axis_tilt": 0, "max_angle": 55, "backtrack": true, "gcr": 0.3843, "cross_axis_tilt": 0}}, {"type": "Feature", "geometry": {"type": "Point", "coordinates": [-71.8000156, -16.5977548]}, "properties": {"rol": "seguidor", "id": "TR-03_2-066", "tipo": "completo", "axis_azimuth": 0, "punto": "eje de unidad (no el motor)", "ncu": 9, "gw": 2, "axis_tilt": 0, "max_angle": 55, "backtrack": true, "gcr": 0.3843, "cross_axis_tilt": 0}}, {"type": "Feature", "geometry": {"type": "Point", "coordinates": [-71.7998995, -16.5977564]}, "properties": {"rol": "seguidor", "id": "TR-03_2-067", "tipo": "completo", "axis_azimuth": 0, "punto": "eje de unidad (no el motor)", "ncu": 9, "gw": 2, "axis_tilt": 0, "max_angle": 55, "backtrack": true, "gcr": 0.3843, "cross_axis_tilt": 0}}, {"type": "Feature", "geometry": {"type": "Point", "coordinates": [-71.7997834, -16.597758]}, "properties": {"rol": "seguidor", "id": "TR-03_2-068", "tipo": "completo", "axis_azimuth": 0, "punto": "eje de unidad (no el motor)", "ncu": 9, "gw": 2, "axis_tilt": 0, "max_angle": 55, "backtrack": true, "gcr": 0.3843, "cross_axis_tilt": 0}}, {"type": "Feature", "geometry": {"type": "Point", "coordinates": [-71.8019984, -16.5984063]}, "properties": {"rol": "seguidor", "id": "TR-03_2-069", "tipo": "completo", "axis_azimuth": 0, "punto": "eje de unidad (no el motor)", "ncu": 9, "gw": 2, "axis_tilt": 0, "max_angle": 55, "backtrack": true, "gcr": 0.3843, "cross_axis_tilt": 0}}, {"type": "Feature", "geometry": {"type": "Point", "coordinates": [-71.8018822, -16.5984079]}, "properties": {"rol": "seguidor", "id": "TR-03_2-070", "tipo": "completo", "axis_azimuth": 0, "punto": "eje de unidad (no el motor)", "ncu": 9, "gw": 2, "axis_tilt": 0, "max_angle": 55, "backtrack": true, "gcr": 0.3843, "cross_axis_tilt": 0}}, {"type": "Feature", "geometry": {"type": "Point", "coordinates": [-71.8017661, -16.5984094]}, "properties": {"rol": "seguidor", "id": "TR-03_2-071", "tipo": "completo", "axis_azimuth": 0, "punto": "eje de unidad (no el motor)", "ncu": 9, "gw": 2, "axis_tilt": 0, "max_angle": 55, "backtrack": true, "gcr": 0.3843, "cross_axis_tilt": 0}}, {"type": "Feature", "geometry": {"type": "Point", "coordinates": [-71.80165, -16.598411]}, "properties": {"rol": "seguidor", "id": "TR-03_2-072", "tipo": "completo", "axis_azimuth": 0, "punto": "eje de unidad (no el motor)", "ncu": 9, "gw": 2, "axis_tilt": 0, "max_angle": 55, "backtrack": true, "gcr": 0.3843, "cross_axis_tilt": 0}}, {"type": "Feature", "geometry": {"type": "Point", "coordinates": [-71.8015339, -16.5984126]}, "properties": {"rol": "seguidor", "id": "TR-03_2-073", "tipo": "completo", "axis_azimuth": 0, "punto": "eje de unidad (no el motor)", "ncu": 9, "gw": 2, "axis_tilt": 0, "max_angle": 55, "backtrack": true, "gcr": 0.3843, "cross_axis_tilt": 0}}, {"type": "Feature", "geometry": {"type": "Point", "coordinates": [-71.8014187, -16.5984141]}, "properties": {"rol": "seguidor", "id": "TR-03_2-074", "tipo": "completo", "axis_azimuth": 0, "punto": "eje de unidad (no el motor)", "ncu": 9, "gw": 2, "axis_tilt": 0, "max_angle": 55, "backtrack": true, "gcr": 0.3843, "cross_axis_tilt": 0}}, {"type": "Feature", "geometry": {"type": "Point", "coordinates": [-71.8013026, -16.5984157]}, "properties": {"rol": "seguidor", "id": "TR-03_2-075", "tipo": "completo", "axis_azimuth": 0, "punto": "eje de unidad (no el motor)", "ncu": 9, "gw": 2, "axis_tilt": 0, "max_angle": 55, "backtrack": true, "gcr": 0.3843, "cross_axis_tilt": 0}}, {"type": "Feature", "geometry": {"type": "Point", "coordinates": [-71.8011865, -16.5984173]}, "properties": {"rol": "seguidor", "id": "TR-03_2-076", "tipo": "completo", "axis_azimuth": 0, "punto": "eje de unidad (no el motor)", "ncu": 9, "gw": 2, "axis_tilt": 0, "max_angle": 55, "backtrack": true, "gcr": 0.3843, "cross_axis_tilt": 0}}, {"type": "Feature", "geometry": {"type": "Point", "coordinates": [-71.8010704, -16.5984188]}, "properties": {"rol": "seguidor", "id": "TR-03_2-077", "tipo": "completo", "axis_azimuth": 0, "punto": "eje de unidad (no el motor)", "ncu": 9, "gw": 2, "axis_tilt": 0, "max_angle": 55, "backtrack": true, "gcr": 0.3843, "cross_axis_tilt": 0}}, {"type": "Feature", "geometry": {"type": "Point", "coordinates": [-71.8009543, -16.5984204]}, "properties": {"rol": "seguidor", "id": "TR-03_2-078", "tipo": "completo", "axis_azimuth": 0, "punto": "eje de unidad (no el motor)", "ncu": 9, "gw": 2, "axis_tilt": 0, "max_angle": 55, "backtrack": true, "gcr": 0.3843, "cross_axis_tilt": 0}}, {"type": "Feature", "geometry": {"type": "Point", "coordinates": [-71.8008382, -16.598422]}, "properties": {"rol": "seguidor", "id": "TR-03_2-079", "tipo": "completo", "axis_azimuth": 0, "punto": "eje de unidad (no el motor)", "ncu": 9, "gw": 2, "axis_tilt": 0, "max_angle": 55, "backtrack": true, "gcr": 0.3843, "cross_axis_tilt": 0}}, {"type": "Feature", "geometry": {"type": "Point", "coordinates": [-71.8007221, -16.5984235]}, "properties": {"rol": "seguidor", "id": "TR-03_2-080", "tipo": "completo", "axis_azimuth": 0, "punto": "eje de unidad (no el motor)", "ncu": 9, "gw": 2, "axis_tilt": 0, "max_angle": 55, "backtrack": true, "gcr": 0.3843, "cross_axis_tilt": 0}}, {"type": "Feature", "geometry": {"type": "Point", "coordinates": [-71.800606, -16.5984251]}, "properties": {"rol": "seguidor", "id": "TR-03_2-081", "tipo": "completo", "axis_azimuth": 0, "punto": "eje de unidad (no el motor)", "ncu": 9, "gw": 2, "axis_tilt": 0, "max_angle": 55, "backtrack": true, "gcr": 0.3843, "cross_axis_tilt": 0}}, {"type": "Feature", "geometry": {"type": "Point", "coordinates": [-71.8004899, -16.5984266]}, "properties": {"rol": "seguidor", "id": "TR-03_2-082", "tipo": "completo", "axis_azimuth": 0, "punto": "eje de unidad (no el motor)", "ncu": 9, "gw": 2, "axis_tilt": 0, "max_angle": 55, "backtrack": true, "gcr": 0.3843, "cross_axis_tilt": 0}}, {"type": "Feature", "geometry": {"type": "Point", "coordinates": [-71.8003738, -16.5984282]}, "properties": {"rol": "seguidor", "id": "TR-03_2-083", "tipo": "completo", "axis_azimuth": 0, "punto": "eje de unidad (no el motor)", "ncu": 9, "gw": 2, "axis_tilt": 0, "max_angle": 55, "backtrack": true, "gcr": 0.3843, "cross_axis_tilt": 0}}, {"type": "Feature", "geometry": {"type": "Point", "coordinates": [-71.8002577, -16.5984298]}, "properties": {"rol": "seguidor", "id": "TR-03_2-084", "tipo": "completo", "axis_azimuth": 0, "punto": "eje de unidad (no el motor)", "ncu": 9, "gw": 2, "axis_tilt": 0, "max_angle": 55, "backtrack": true, "gcr": 0.3843, "cross_axis_tilt": 0}}, {"type": "Feature", "geometry": {"type": "Point", "coordinates": [-71.8001415, -16.5984313]}, "properties": {"rol": "seguidor", "id": "TR-03_2-085", "tipo": "completo", "axis_azimuth": 0, "punto": "eje de unidad (no el motor)", "ncu": 9, "gw": 2, "axis_tilt": 0, "max_angle": 55, "backtrack": true, "gcr": 0.3843, "cross_axis_tilt": 0}}, {"type": "Feature", "geometry": {"type": "Point", "coordinates": [-71.8000254, -16.5984329]}, "properties": {"rol": "seguidor", "id": "TR-03_2-086", "tipo": "completo", "axis_azimuth": 0, "punto": "eje de unidad (no el motor)", "ncu": 9, "gw": 2, "axis_tilt": 0, "max_angle": 55, "backtrack": true, "gcr": 0.3843, "cross_axis_tilt": 0}}, {"type": "Feature", "geometry": {"type": "Point", "coordinates": [-71.7999093, -16.5984345]}, "properties": {"rol": "seguidor", "id": "TR-03_2-087", "tipo": "completo", "axis_azimuth": 0, "punto": "eje de unidad (no el motor)", "ncu": 9, "gw": 2, "axis_tilt": 0, "max_angle": 55, "backtrack": true, "gcr": 0.3843, "cross_axis_tilt": 0}}, {"type": "Feature", "geometry": {"type": "Point", "coordinates": [-71.7997932, -16.598436]}, "properties": {"rol": "seguidor", "id": "TR-03_2-088", "tipo": "completo", "axis_azimuth": 0, "punto": "eje de unidad (no el motor)", "ncu": 9, "gw": 2, "axis_tilt": 0, "max_angle": 55, "backtrack": true, "gcr": 0.3843, "cross_axis_tilt": 0}}, {"type": "Feature", "geometry": {"type": "Point", "coordinates": [-71.8020082, -16.5990844]}, "properties": {"rol": "seguidor", "id": "TR-03_2-089", "tipo": "completo", "axis_azimuth": 0, "punto": "eje de unidad (no el motor)", "ncu": 9, "gw": 2, "axis_tilt": 0, "max_angle": 55, "backtrack": true, "gcr": 0.3843, "cross_axis_tilt": 0}}, {"type": "Feature", "geometry": {"type": "Point", "coordinates": [-71.8018921, -16.599086]}, "properties": {"rol": "seguidor", "id": "TR-03_2-090", "tipo": "completo", "axis_azimuth": 0, "punto": "eje de unidad (no el motor)", "ncu": 9, "gw": 2, "axis_tilt": 0, "max_angle": 55, "backtrack": true, "gcr": 0.3843, "cross_axis_tilt": 0}}, {"type": "Feature", "geometry": {"type": "Point", "coordinates": [-71.801776, -16.5990875]}, "properties": {"rol": "seguidor", "id": "TR-03_2-091", "tipo": "completo", "axis_azimuth": 0, "punto": "eje de unidad (no el motor)", "ncu": 9, "gw": 2, "axis_tilt": 0, "max_angle": 55, "backtrack": true, "gcr": 0.3843, "cross_axis_tilt": 0}}, {"type": "Feature", "geometry": {"type": "Point", "coordinates": [-71.8016599, -16.5990891]}, "properties": {"rol": "seguidor", "id": "TR-03_2-092", "tipo": "completo", "axis_azimuth": 0, "punto": "eje de unidad (no el motor)", "ncu": 9, "gw": 2, "axis_tilt": 0, "max_angle": 55, "backtrack": true, "gcr": 0.3843, "cross_axis_tilt": 0}}, {"type": "Feature", "geometry": {"type": "Point", "coordinates": [-71.8015438, -16.5990907]}, "properties": {"rol": "seguidor", "id": "TR-03_2-093", "tipo": "completo", "axis_azimuth": 0, "punto": "eje de unidad (no el motor)", "ncu": 9, "gw": 2, "axis_tilt": 0, "max_angle": 55, "backtrack": true, "gcr": 0.3843, "cross_axis_tilt": 0}}, {"type": "Feature", "geometry": {"type": "Point", "coordinates": [-71.8014286, -16.5990922]}, "properties": {"rol": "seguidor", "id": "TR-03_2-094", "tipo": "completo", "axis_azimuth": 0, "punto": "eje de unidad (no el motor)", "ncu": 9, "gw": 2, "axis_tilt": 0, "max_angle": 55, "backtrack": true, "gcr": 0.3843, "cross_axis_tilt": 0}}, {"type": "Feature", "geometry": {"type": "Point", "coordinates": [-71.8013125, -16.5990938]}, "properties": {"rol": "seguidor", "id": "TR-03_2-095", "tipo": "completo", "axis_azimuth": 0, "punto": "eje de unidad (no el motor)", "ncu": 9, "gw": 2, "axis_tilt": 0, "max_angle": 55, "backtrack": true, "gcr": 0.3843, "cross_axis_tilt": 0}}, {"type": "Feature", "geometry": {"type": "Point", "coordinates": [-71.8011964, -16.5990953]}, "properties": {"rol": "seguidor", "id": "TR-03_2-096", "tipo": "completo", "axis_azimuth": 0, "punto": "eje de unidad (no el motor)", "ncu": 9, "gw": 2, "axis_tilt": 0, "max_angle": 55, "backtrack": true, "gcr": 0.3843, "cross_axis_tilt": 0}}, {"type": "Feature", "geometry": {"type": "Point", "coordinates": [-71.8010802, -16.5990969]}, "properties": {"rol": "seguidor", "id": "TR-03_2-097", "tipo": "completo", "axis_azimuth": 0, "punto": "eje de unidad (no el motor)", "ncu": 9, "gw": 2, "axis_tilt": 0, "max_angle": 55, "backtrack": true, "gcr": 0.3843, "cross_axis_tilt": 0}}, {"type": "Feature", "geometry": {"type": "Point", "coordinates": [-71.8009641, -16.5990985]}, "properties": {"rol": "seguidor", "id": "TR-03_2-098", "tipo": "completo", "axis_azimuth": 0, "punto": "eje de unidad (no el motor)", "ncu": 9, "gw": 2, "axis_tilt": 0, "max_angle": 55, "backtrack": true, "gcr": 0.3843, "cross_axis_tilt": 0}}, {"type": "Feature", "geometry": {"type": "Point", "coordinates": [-71.800848, -16.5991]}, "properties": {"rol": "seguidor", "id": "TR-03_2-099", "tipo": "completo", "axis_azimuth": 0, "punto": "eje de unidad (no el motor)", "ncu": 9, "gw": 2, "axis_tilt": 0, "max_angle": 55, "backtrack": true, "gcr": 0.3843, "cross_axis_tilt": 0}}, {"type": "Feature", "geometry": {"type": "Point", "coordinates": [-71.8007319, -16.5991016]}, "properties": {"rol": "seguidor", "id": "TR-03_2-100", "tipo": "completo", "axis_azimuth": 0, "punto": "eje de unidad (no el motor)", "ncu": 9, "gw": 2, "axis_tilt": 0, "max_angle": 55, "backtrack": true, "gcr": 0.3843, "cross_axis_tilt": 0}}, {"type": "Feature", "geometry": {"type": "Point", "coordinates": [-71.8006158, -16.5991032]}, "properties": {"rol": "seguidor", "id": "TR-03_2-101", "tipo": "completo", "axis_azimuth": 0, "punto": "eje de unidad (no el motor)", "ncu": 9, "gw": 2, "axis_tilt": 0, "max_angle": 55, "backtrack": true, "gcr": 0.3843, "cross_axis_tilt": 0}}, {"type": "Feature", "geometry": {"type": "Point", "coordinates": [-71.8004997, -16.5991047]}, "properties": {"rol": "seguidor", "id": "TR-03_2-102", "tipo": "completo", "axis_azimuth": 0, "punto": "eje de unidad (no el motor)", "ncu": 9, "gw": 2, "axis_tilt": 0, "max_angle": 55, "backtrack": true, "gcr": 0.3843, "cross_axis_tilt": 0}}, {"type": "Feature", "geometry": {"type": "Point", "coordinates": [-71.8003836, -16.5991063]}, "properties": {"rol": "seguidor", "id": "TR-03_2-103", "tipo": "completo", "axis_azimuth": 0, "punto": "eje de unidad (no el motor)", "ncu": 9, "gw": 2, "axis_tilt": 0, "max_angle": 55, "backtrack": true, "gcr": 0.3843, "cross_axis_tilt": 0}}, {"type": "Feature", "geometry": {"type": "Point", "coordinates": [-71.8002675, -16.5991079]}, "properties": {"rol": "seguidor", "id": "TR-03_2-104", "tipo": "completo", "axis_azimuth": 0, "punto": "eje de unidad (no el motor)", "ncu": 9, "gw": 2, "axis_tilt": 0, "max_angle": 55, "backtrack": true, "gcr": 0.3843, "cross_axis_tilt": 0}}, {"type": "Feature", "geometry": {"type": "Point", "coordinates": [-71.8001514, -16.5991094]}, "properties": {"rol": "seguidor", "id": "TR-03_2-105", "tipo": "completo", "axis_azimuth": 0, "punto": "eje de unidad (no el motor)", "ncu": 9, "gw": 2, "axis_tilt": 0, "max_angle": 55, "backtrack": true, "gcr": 0.3843, "cross_axis_tilt": 0}}, {"type": "Feature", "geometry": {"type": "Point", "coordinates": [-71.8000353, -16.599111]}, "properties": {"rol": "seguidor", "id": "TR-03_2-106", "tipo": "completo", "axis_azimuth": 0, "punto": "eje de unidad (no el motor)", "ncu": 9, "gw": 2, "axis_tilt": 0, "max_angle": 55, "backtrack": true, "gcr": 0.3843, "cross_axis_tilt": 0}}, {"type": "Feature", "geometry": {"type": "Point", "coordinates": [-71.7999191, -16.5991126]}, "properties": {"rol": "seguidor", "id": "TR-03_2-107", "tipo": "completo", "axis_azimuth": 0, "punto": "eje de unidad (no el motor)", "ncu": 9, "gw": 2, "axis_tilt": 0, "max_angle": 55, "backtrack": true, "gcr": 0.3843, "cross_axis_tilt": 0}}, {"type": "Feature", "geometry": {"type": "Point", "coordinates": [-71.799803, -16.5991141]}, "properties": {"rol": "seguidor", "id": "TR-03_2-108", "tipo": "completo", "axis_azimuth": 0, "punto": "eje de unidad (no el motor)", "ncu": 9, "gw": 2, "axis_tilt": 0, "max_angle": 55, "backtrack": true, "gcr": 0.3843, "cross_axis_tilt": 0}}, {"type": "Feature", "geometry": {"type": "Point", "coordinates": [-71.8010901, -16.599775]}, "properties": {"rol": "seguidor", "id": "TR-03_2-109", "tipo": "completo", "axis_azimuth": 0, "punto": "eje de unidad (no el motor)", "ncu": 9, "gw": 2, "axis_tilt": 0, "max_angle": 55, "backtrack": true, "gcr": 0.3843, "cross_axis_tilt": 0}}, {"type": "Feature", "geometry": {"type": "Point", "coordinates": [-71.800974, -16.5997766]}, "properties": {"rol": "seguidor", "id": "TR-03_2-110", "tipo": "completo", "axis_azimuth": 0, "punto": "eje de unidad (no el motor)", "ncu": 9, "gw": 2, "axis_tilt": 0, "max_angle": 55, "backtrack": true, "gcr": 0.3843, "cross_axis_tilt": 0}}, {"type": "Feature", "geometry": {"type": "Point", "coordinates": [-71.8008579, -16.5997781]}, "properties": {"rol": "seguidor", "id": "TR-03_2-111", "tipo": "completo", "axis_azimuth": 0, "punto": "eje de unidad (no el motor)", "ncu": 9, "gw": 2, "axis_tilt": 0, "max_angle": 55, "backtrack": true, "gcr": 0.3843, "cross_axis_tilt": 0}}, {"type": "Feature", "geometry": {"type": "Point", "coordinates": [-71.8007417, -16.5997797]}, "properties": {"rol": "seguidor", "id": "TR-03_2-112", "tipo": "completo", "axis_azimuth": 0, "punto": "eje de unidad (no el motor)", "ncu": 9, "gw": 2, "axis_tilt": 0, "max_angle": 55, "backtrack": true, "gcr": 0.3843, "cross_axis_tilt": 0}}, {"type": "Feature", "geometry": {"type": "Point", "coordinates": [-71.8006256, -16.5997812]}, "properties": {"rol": "seguidor", "id": "TR-03_2-113", "tipo": "completo", "axis_azimuth": 0, "punto": "eje de unidad (no el motor)", "ncu": 9, "gw": 2, "axis_tilt": 0, "max_angle": 55, "backtrack": true, "gcr": 0.3843, "cross_axis_tilt": 0}}, {"type": "Feature", "geometry": {"type": "Point", "coordinates": [-71.8005095, -16.5997828]}, "properties": {"rol": "seguidor", "id": "TR-03_2-114", "tipo": "completo", "axis_azimuth": 0, "punto": "eje de unidad (no el motor)", "ncu": 9, "gw": 2, "axis_tilt": 0, "max_angle": 55, "backtrack": true, "gcr": 0.3843, "cross_axis_tilt": 0}}, {"type": "Feature", "geometry": {"type": "Point", "coordinates": [-71.8003934, -16.5997844]}, "properties": {"rol": "seguidor", "id": "TR-03_2-115", "tipo": "completo", "axis_azimuth": 0, "punto": "eje de unidad (no el motor)", "ncu": 9, "gw": 2, "axis_tilt": 0, "max_angle": 55, "backtrack": true, "gcr": 0.3843, "cross_axis_tilt": 0}}, {"type": "Feature", "geometry": {"type": "Point", "coordinates": [-71.8002773, -16.5997859]}, "properties": {"rol": "seguidor", "id": "TR-03_2-116", "tipo": "completo", "axis_azimuth": 0, "punto": "eje de unidad (no el motor)", "ncu": 9, "gw": 2, "axis_tilt": 0, "max_angle": 55, "backtrack": true, "gcr": 0.3843, "cross_axis_tilt": 0}}, {"type": "Feature", "geometry": {"type": "Point", "coordinates": [-71.8001612, -16.5997875]}, "properties": {"rol": "seguidor", "id": "TR-03_2-117", "tipo": "completo", "axis_azimuth": 0, "punto": "eje de unidad (no el motor)", "ncu": 9, "gw": 2, "axis_tilt": 0, "max_angle": 55, "backtrack": true, "gcr": 0.3843, "cross_axis_tilt": 0}}, {"type": "Feature", "geometry": {"type": "Point", "coordinates": [-71.8000451, -16.5997891]}, "properties": {"rol": "seguidor", "id": "TR-03_2-118", "tipo": "completo", "axis_azimuth": 0, "punto": "eje de unidad (no el motor)", "ncu": 9, "gw": 2, "axis_tilt": 0, "max_angle": 55, "backtrack": true, "gcr": 0.3843, "cross_axis_tilt": 0}}, {"type": "Feature", "geometry": {"type": "Point", "coordinates": [-71.799929, -16.5997906]}, "properties": {"rol": "seguidor", "id": "TR-03_2-119", "tipo": "completo", "axis_azimuth": 0, "punto": "eje de unidad (no el motor)", "ncu": 9, "gw": 2, "axis_tilt": 0, "max_angle": 55, "backtrack": true, "gcr": 0.3843, "cross_axis_tilt": 0}}, {"type": "Feature", "geometry": {"type": "Point", "coordinates": [-71.7998129, -16.5997922]}, "properties": {"rol": "seguidor", "id": "TR-03_2-120", "tipo": "completo", "axis_azimuth": 0, "punto": "eje de unidad (no el motor)", "ncu": 9, "gw": 2, "axis_tilt": 0, "max_angle": 55, "backtrack": true, "gcr": 0.3843, "cross_axis_tilt": 0}}, {"type": "Feature", "geometry": {"type": "Point", "coordinates": [-71.8034571, -16.5948953]}, "properties": {"rol": "seguidor", "id": "TR-06_1-001", "tipo": "completo", "axis_azimuth": 0, "punto": "eje de unidad (no el motor)", "ncu": 10, "gw": 1, "axis_tilt": 0, "max_angle": 55, "backtrack": true, "gcr": 0.3843, "cross_axis_tilt": 0}}, {"type": "Feature", "geometry": {"type": "Point", "coordinates": [-71.803341, -16.5948969]}, "properties": {"rol": "seguidor", "id": "TR-06_1-002", "tipo": "completo", "axis_azimuth": 0, "punto": "eje de unidad (no el motor)", "ncu": 10, "gw": 1, "axis_tilt": 0, "max_angle": 55, "backtrack": true, "gcr": 0.3843, "cross_axis_tilt": 0}}, {"type": "Feature", "geometry": {"type": "Point", "coordinates": [-71.8032249, -16.5948985]}, "properties": {"rol": "seguidor", "id": "TR-06_1-003", "tipo": "completo", "axis_azimuth": 0, "punto": "eje de unidad (no el motor)", "ncu": 10, "gw": 1, "axis_tilt": 0, "max_angle": 55, "backtrack": true, "gcr": 0.3843, "cross_axis_tilt": 0}}, {"type": "Feature", "geometry": {"type": "Point", "coordinates": [-71.8031088, -16.5949]}, "properties": {"rol": "seguidor", "id": "TR-06_1-004", "tipo": "completo", "axis_azimuth": 0, "punto": "eje de unidad (no el motor)", "ncu": 10, "gw": 1, "axis_tilt": 0, "max_angle": 55, "backtrack": true, "gcr": 0.3843, "cross_axis_tilt": 0}}, {"type": "Feature", "geometry": {"type": "Point", "coordinates": [-71.8029927, -16.5949016]}, "properties": {"rol": "seguidor", "id": "TR-06_1-005", "tipo": "completo", "axis_azimuth": 0, "punto": "eje de unidad (no el motor)", "ncu": 10, "gw": 1, "axis_tilt": 0, "max_angle": 55, "backtrack": true, "gcr": 0.3843, "cross_axis_tilt": 0}}, {"type": "Feature", "geometry": {"type": "Point", "coordinates": [-71.8028766, -16.5949032]}, "properties": {"rol": "seguidor", "id": "TR-06_1-006", "tipo": "completo", "axis_azimuth": 0, "punto": "eje de unidad (no el motor)", "ncu": 10, "gw": 1, "axis_tilt": 0, "max_angle": 55, "backtrack": true, "gcr": 0.3843, "cross_axis_tilt": 0}}, {"type": "Feature", "geometry": {"type": "Point", "coordinates": [-71.8027605, -16.5949047]}, "properties": {"rol": "seguidor", "id": "TR-06_1-007", "tipo": "completo", "axis_azimuth": 0, "punto": "eje de unidad (no el motor)", "ncu": 10, "gw": 1, "axis_tilt": 0, "max_angle": 55, "backtrack": true, "gcr": 0.3843, "cross_axis_tilt": 0}}, {"type": "Feature", "geometry": {"type": "Point", "coordinates": [-71.8026444, -16.5949063]}, "properties": {"rol": "seguidor", "id": "TR-06_1-008", "tipo": "completo", "axis_azimuth": 0, "punto": "eje de unidad (no el motor)", "ncu": 10, "gw": 1, "axis_tilt": 0, "max_angle": 55, "backtrack": true, "gcr": 0.3843, "cross_axis_tilt": 0}}, {"type": "Feature", "geometry": {"type": "Point", "coordinates": [-71.8025283, -16.5949079]}, "properties": {"rol": "seguidor", "id": "TR-06_1-009", "tipo": "completo", "axis_azimuth": 0, "punto": "eje de unidad (no el motor)", "ncu": 10, "gw": 1, "axis_tilt": 0, "max_angle": 55, "backtrack": true, "gcr": 0.3843, "cross_axis_tilt": 0}}, {"type": "Feature", "geometry": {"type": "Point", "coordinates": [-71.8024122, -16.5949094]}, "properties": {"rol": "seguidor", "id": "TR-06_1-010", "tipo": "completo", "axis_azimuth": 0, "punto": "eje de unidad (no el motor)", "ncu": 10, "gw": 1, "axis_tilt": 0, "max_angle": 55, "backtrack": true, "gcr": 0.3843, "cross_axis_tilt": 0}}, {"type": "Feature", "geometry": {"type": "Point", "coordinates": [-71.8022961, -16.594911]}, "properties": {"rol": "seguidor", "id": "TR-06_1-011", "tipo": "completo", "axis_azimuth": 0, "punto": "eje de unidad (no el motor)", "ncu": 10, "gw": 1, "axis_tilt": 0, "max_angle": 55, "backtrack": true, "gcr": 0.3843, "cross_axis_tilt": 0}}, {"type": "Feature", "geometry": {"type": "Point", "coordinates": [-71.80218, -16.5949126]}, "properties": {"rol": "seguidor", "id": "TR-06_1-012", "tipo": "completo", "axis_azimuth": 0, "punto": "eje de unidad (no el motor)", "ncu": 10, "gw": 1, "axis_tilt": 0, "max_angle": 55, "backtrack": true, "gcr": 0.3843, "cross_axis_tilt": 0}}, {"type": "Feature", "geometry": {"type": "Point", "coordinates": [-71.8020639, -16.5949141]}, "properties": {"rol": "seguidor", "id": "TR-06_1-013", "tipo": "completo", "axis_azimuth": 0, "punto": "eje de unidad (no el motor)", "ncu": 10, "gw": 1, "axis_tilt": 0, "max_angle": 55, "backtrack": true, "gcr": 0.3843, "cross_axis_tilt": 0}}, {"type": "Feature", "geometry": {"type": "Point", "coordinates": [-71.803467, -16.5955734]}, "properties": {"rol": "seguidor", "id": "TR-06_1-014", "tipo": "completo", "axis_azimuth": 0, "punto": "eje de unidad (no el motor)", "ncu": 10, "gw": 1, "axis_tilt": 0, "max_angle": 55, "backtrack": true, "gcr": 0.3843, "cross_axis_tilt": 0}}, {"type": "Feature", "geometry": {"type": "Point", "coordinates": [-71.8033509, -16.595575]}, "properties": {"rol": "seguidor", "id": "TR-06_1-015", "tipo": "completo", "axis_azimuth": 0, "punto": "eje de unidad (no el motor)", "ncu": 10, "gw": 1, "axis_tilt": 0, "max_angle": 55, "backtrack": true, "gcr": 0.3843, "cross_axis_tilt": 0}}, {"type": "Feature", "geometry": {"type": "Point", "coordinates": [-71.8032348, -16.5955766]}, "properties": {"rol": "seguidor", "id": "TR-06_1-016", "tipo": "completo", "axis_azimuth": 0, "punto": "eje de unidad (no el motor)", "ncu": 10, "gw": 1, "axis_tilt": 0, "max_angle": 55, "backtrack": true, "gcr": 0.3843, "cross_axis_tilt": 0}}, {"type": "Feature", "geometry": {"type": "Point", "coordinates": [-71.8031187, -16.5955781]}, "properties": {"rol": "seguidor", "id": "TR-06_1-017", "tipo": "completo", "axis_azimuth": 0, "punto": "eje de unidad (no el motor)", "ncu": 10, "gw": 1, "axis_tilt": 0, "max_angle": 55, "backtrack": true, "gcr": 0.3843, "cross_axis_tilt": 0}}, {"type": "Feature", "geometry": {"type": "Point", "coordinates": [-71.8030026, -16.5955797]}, "properties": {"rol": "seguidor", "id": "TR-06_1-018", "tipo": "completo", "axis_azimuth": 0, "punto": "eje de unidad (no el motor)", "ncu": 10, "gw": 1, "axis_tilt": 0, "max_angle": 55, "backtrack": true, "gcr": 0.3843, "cross_axis_tilt": 0}}, {"type": "Feature", "geometry": {"type": "Point", "coordinates": [-71.8028864, -16.5955813]}, "properties": {"rol": "seguidor", "id": "TR-06_1-019", "tipo": "completo", "axis_azimuth": 0, "punto": "eje de unidad (no el motor)", "ncu": 10, "gw": 1, "axis_tilt": 0, "max_angle": 55, "backtrack": true, "gcr": 0.3843, "cross_axis_tilt": 0}}, {"type": "Feature", "geometry": {"type": "Point", "coordinates": [-71.8027703, -16.5955828]}, "properties": {"rol": "seguidor", "id": "TR-06_1-020", "tipo": "completo", "axis_azimuth": 0, "punto": "eje de unidad (no el motor)", "ncu": 10, "gw": 1, "axis_tilt": 0, "max_angle": 55, "backtrack": true, "gcr": 0.3843, "cross_axis_tilt": 0}}, {"type": "Feature", "geometry": {"type": "Point", "coordinates": [-71.8026542, -16.5955844]}, "properties": {"rol": "seguidor", "id": "TR-06_1-021", "tipo": "completo", "axis_azimuth": 0, "punto": "eje de unidad (no el motor)", "ncu": 10, "gw": 1, "axis_tilt": 0, "max_angle": 55, "backtrack": true, "gcr": 0.3843, "cross_axis_tilt": 0}}, {"type": "Feature", "geometry": {"type": "Point", "coordinates": [-71.8025381, -16.5955859]}, "properties": {"rol": "seguidor", "id": "TR-06_1-022", "tipo": "completo", "axis_azimuth": 0, "punto": "eje de unidad (no el motor)", "ncu": 10, "gw": 1, "axis_tilt": 0, "max_angle": 55, "backtrack": true, "gcr": 0.3843, "cross_axis_tilt": 0}}, {"type": "Feature", "geometry": {"type": "Point", "coordinates": [-71.802422, -16.5955875]}, "properties": {"rol": "seguidor", "id": "TR-06_1-023", "tipo": "completo", "axis_azimuth": 0, "punto": "eje de unidad (no el motor)", "ncu": 10, "gw": 1, "axis_tilt": 0, "max_angle": 55, "backtrack": true, "gcr": 0.3843, "cross_axis_tilt": 0}}, {"type": "Feature", "geometry": {"type": "Point", "coordinates": [-71.8023059, -16.5955891]}, "properties": {"rol": "seguidor", "id": "TR-06_1-024", "tipo": "completo", "axis_azimuth": 0, "punto": "eje de unidad (no el motor)", "ncu": 10, "gw": 1, "axis_tilt": 0, "max_angle": 55, "backtrack": true, "gcr": 0.3843, "cross_axis_tilt": 0}}, {"type": "Feature", "geometry": {"type": "Point", "coordinates": [-71.8021898, -16.5955906]}, "properties": {"rol": "seguidor", "id": "TR-06_1-025", "tipo": "completo", "axis_azimuth": 0, "punto": "eje de unidad (no el motor)", "ncu": 10, "gw": 1, "axis_tilt": 0, "max_angle": 55, "backtrack": true, "gcr": 0.3843, "cross_axis_tilt": 0}}, {"type": "Feature", "geometry": {"type": "Point", "coordinates": [-71.8020737, -16.5955922]}, "properties": {"rol": "seguidor", "id": "TR-06_1-026", "tipo": "completo", "axis_azimuth": 0, "punto": "eje de unidad (no el motor)", "ncu": 10, "gw": 1, "axis_tilt": 0, "max_angle": 55, "backtrack": true, "gcr": 0.3843, "cross_axis_tilt": 0}}, {"type": "Feature", "geometry": {"type": "Point", "coordinates": [-71.8040574, -16.5962437]}, "properties": {"rol": "seguidor", "id": "TR-06_1-027", "tipo": "completo", "axis_azimuth": 0, "punto": "eje de unidad (no el motor)", "ncu": 10, "gw": 1, "axis_tilt": 0, "max_angle": 55, "backtrack": true, "gcr": 0.3843, "cross_axis_tilt": 0}}, {"type": "Feature", "geometry": {"type": "Point", "coordinates": [-71.8039412, -16.5962452]}, "properties": {"rol": "seguidor", "id": "TR-06_1-028", "tipo": "completo", "axis_azimuth": 0, "punto": "eje de unidad (no el motor)", "ncu": 10, "gw": 1, "axis_tilt": 0, "max_angle": 55, "backtrack": true, "gcr": 0.3843, "cross_axis_tilt": 0}}, {"type": "Feature", "geometry": {"type": "Point", "coordinates": [-71.8038251, -16.5962468]}, "properties": {"rol": "seguidor", "id": "TR-06_1-029", "tipo": "completo", "axis_azimuth": 0, "punto": "eje de unidad (no el motor)", "ncu": 10, "gw": 1, "axis_tilt": 0, "max_angle": 55, "backtrack": true, "gcr": 0.3843, "cross_axis_tilt": 0}}, {"type": "Feature", "geometry": {"type": "Point", "coordinates": [-71.803709, -16.5962484]}, "properties": {"rol": "seguidor", "id": "TR-06_1-030", "tipo": "completo", "axis_azimuth": 0, "punto": "eje de unidad (no el motor)", "ncu": 10, "gw": 1, "axis_tilt": 0, "max_angle": 55, "backtrack": true, "gcr": 0.3843, "cross_axis_tilt": 0}}, {"type": "Feature", "geometry": {"type": "Point", "coordinates": [-71.8035929, -16.5962499]}, "properties": {"rol": "seguidor", "id": "TR-06_1-031", "tipo": "completo", "axis_azimuth": 0, "punto": "eje de unidad (no el motor)", "ncu": 10, "gw": 1, "axis_tilt": 0, "max_angle": 55, "backtrack": true, "gcr": 0.3843, "cross_axis_tilt": 0}}, {"type": "Feature", "geometry": {"type": "Point", "coordinates": [-71.8034768, -16.5962515]}, "properties": {"rol": "seguidor", "id": "TR-06_1-032", "tipo": "completo", "axis_azimuth": 0, "punto": "eje de unidad (no el motor)", "ncu": 10, "gw": 1, "axis_tilt": 0, "max_angle": 55, "backtrack": true, "gcr": 0.3843, "cross_axis_tilt": 0}}, {"type": "Feature", "geometry": {"type": "Point", "coordinates": [-71.8033607, -16.5962531]}, "properties": {"rol": "seguidor", "id": "TR-06_1-033", "tipo": "completo", "axis_azimuth": 0, "punto": "eje de unidad (no el motor)", "ncu": 10, "gw": 1, "axis_tilt": 0, "max_angle": 55, "backtrack": true, "gcr": 0.3843, "cross_axis_tilt": 0}}, {"type": "Feature", "geometry": {"type": "Point", "coordinates": [-71.8032446, -16.5962546]}, "properties": {"rol": "seguidor", "id": "TR-06_1-034", "tipo": "completo", "axis_azimuth": 0, "punto": "eje de unidad (no el motor)", "ncu": 10, "gw": 1, "axis_tilt": 0, "max_angle": 55, "backtrack": true, "gcr": 0.3843, "cross_axis_tilt": 0}}, {"type": "Feature", "geometry": {"type": "Point", "coordinates": [-71.8031285, -16.5962562]}, "properties": {"rol": "seguidor", "id": "TR-06_1-035", "tipo": "completo", "axis_azimuth": 0, "punto": "eje de unidad (no el motor)", "ncu": 10, "gw": 1, "axis_tilt": 0, "max_angle": 55, "backtrack": true, "gcr": 0.3843, "cross_axis_tilt": 0}}, {"type": "Feature", "geometry": {"type": "Point", "coordinates": [-71.8030124, -16.5962578]}, "properties": {"rol": "seguidor", "id": "TR-06_1-036", "tipo": "completo", "axis_azimuth": 0, "punto": "eje de unidad (no el motor)", "ncu": 10, "gw": 1, "axis_tilt": 0, "max_angle": 55, "backtrack": true, "gcr": 0.3843, "cross_axis_tilt": 0}}, {"type": "Feature", "geometry": {"type": "Point", "coordinates": [-71.8028963, -16.5962593]}, "properties": {"rol": "seguidor", "id": "TR-06_1-037", "tipo": "completo", "axis_azimuth": 0, "punto": "eje de unidad (no el motor)", "ncu": 10, "gw": 1, "axis_tilt": 0, "max_angle": 55, "backtrack": true, "gcr": 0.3843, "cross_axis_tilt": 0}}, {"type": "Feature", "geometry": {"type": "Point", "coordinates": [-71.8027802, -16.5962609]}, "properties": {"rol": "seguidor", "id": "TR-06_1-038", "tipo": "completo", "axis_azimuth": 0, "punto": "eje de unidad (no el motor)", "ncu": 10, "gw": 1, "axis_tilt": 0, "max_angle": 55, "backtrack": true, "gcr": 0.3843, "cross_axis_tilt": 0}}, {"type": "Feature", "geometry": {"type": "Point", "coordinates": [-71.8026641, -16.5962625]}, "properties": {"rol": "seguidor", "id": "TR-06_1-039", "tipo": "completo", "axis_azimuth": 0, "punto": "eje de unidad (no el motor)", "ncu": 10, "gw": 1, "axis_tilt": 0, "max_angle": 55, "backtrack": true, "gcr": 0.3843, "cross_axis_tilt": 0}}, {"type": "Feature", "geometry": {"type": "Point", "coordinates": [-71.802548, -16.596264]}, "properties": {"rol": "seguidor", "id": "TR-06_1-040", "tipo": "completo", "axis_azimuth": 0, "punto": "eje de unidad (no el motor)", "ncu": 10, "gw": 1, "axis_tilt": 0, "max_angle": 55, "backtrack": true, "gcr": 0.3843, "cross_axis_tilt": 0}}, {"type": "Feature", "geometry": {"type": "Point", "coordinates": [-71.8024318, -16.5962656]}, "properties": {"rol": "seguidor", "id": "TR-06_1-041", "tipo": "completo", "axis_azimuth": 0, "punto": "eje de unidad (no el motor)", "ncu": 10, "gw": 1, "axis_tilt": 0, "max_angle": 55, "backtrack": true, "gcr": 0.3843, "cross_axis_tilt": 0}}, {"type": "Feature", "geometry": {"type": "Point", "coordinates": [-71.8023157, -16.5962672]}, "properties": {"rol": "seguidor", "id": "TR-06_1-042", "tipo": "completo", "axis_azimuth": 0, "punto": "eje de unidad (no el motor)", "ncu": 10, "gw": 1, "axis_tilt": 0, "max_angle": 55, "backtrack": true, "gcr": 0.3843, "cross_axis_tilt": 0}}, {"type": "Feature", "geometry": {"type": "Point", "coordinates": [-71.8021996, -16.5962687]}, "properties": {"rol": "seguidor", "id": "TR-06_1-043", "tipo": "completo", "axis_azimuth": 0, "punto": "eje de unidad (no el motor)", "ncu": 10, "gw": 1, "axis_tilt": 0, "max_angle": 55, "backtrack": true, "gcr": 0.3843, "cross_axis_tilt": 0}}, {"type": "Feature", "geometry": {"type": "Point", "coordinates": [-71.8020835, -16.5962703]}, "properties": {"rol": "seguidor", "id": "TR-06_1-044", "tipo": "completo", "axis_azimuth": 0, "punto": "eje de unidad (no el motor)", "ncu": 10, "gw": 1, "axis_tilt": 0, "max_angle": 55, "backtrack": true, "gcr": 0.3843, "cross_axis_tilt": 0}}, {"type": "Feature", "geometry": {"type": "Point", "coordinates": [-71.8040672, -16.5969218]}, "properties": {"rol": "seguidor", "id": "TR-06_1-045", "tipo": "completo", "axis_azimuth": 0, "punto": "eje de unidad (no el motor)", "ncu": 10, "gw": 1, "axis_tilt": 0, "max_angle": 55, "backtrack": true, "gcr": 0.3843, "cross_axis_tilt": 0}}, {"type": "Feature", "geometry": {"type": "Point", "coordinates": [-71.8039511, -16.5969233]}, "properties": {"rol": "seguidor", "id": "TR-06_1-046", "tipo": "completo", "axis_azimuth": 0, "punto": "eje de unidad (no el motor)", "ncu": 10, "gw": 1, "axis_tilt": 0, "max_angle": 55, "backtrack": true, "gcr": 0.3843, "cross_axis_tilt": 0}}, {"type": "Feature", "geometry": {"type": "Point", "coordinates": [-71.803835, -16.5969249]}, "properties": {"rol": "seguidor", "id": "TR-06_1-047", "tipo": "completo", "axis_azimuth": 0, "punto": "eje de unidad (no el motor)", "ncu": 10, "gw": 1, "axis_tilt": 0, "max_angle": 55, "backtrack": true, "gcr": 0.3843, "cross_axis_tilt": 0}}, {"type": "Feature", "geometry": {"type": "Point", "coordinates": [-71.8037189, -16.5969264]}, "properties": {"rol": "seguidor", "id": "TR-06_1-048", "tipo": "completo", "axis_azimuth": 0, "punto": "eje de unidad (no el motor)", "ncu": 10, "gw": 1, "axis_tilt": 0, "max_angle": 55, "backtrack": true, "gcr": 0.3843, "cross_axis_tilt": 0}}, {"type": "Feature", "geometry": {"type": "Point", "coordinates": [-71.8036028, -16.596928]}, "properties": {"rol": "seguidor", "id": "TR-06_1-049", "tipo": "completo", "axis_azimuth": 0, "punto": "eje de unidad (no el motor)", "ncu": 10, "gw": 1, "axis_tilt": 0, "max_angle": 55, "backtrack": true, "gcr": 0.3843, "cross_axis_tilt": 0}}, {"type": "Feature", "geometry": {"type": "Point", "coordinates": [-71.8034867, -16.5969296]}, "properties": {"rol": "seguidor", "id": "TR-06_1-050", "tipo": "completo", "axis_azimuth": 0, "punto": "eje de unidad (no el motor)", "ncu": 10, "gw": 1, "axis_tilt": 0, "max_angle": 55, "backtrack": true, "gcr": 0.3843, "cross_axis_tilt": 0}}, {"type": "Feature", "geometry": {"type": "Point", "coordinates": [-71.8033705, -16.5969311]}, "properties": {"rol": "seguidor", "id": "TR-06_1-051", "tipo": "completo", "axis_azimuth": 0, "punto": "eje de unidad (no el motor)", "ncu": 10, "gw": 1, "axis_tilt": 0, "max_angle": 55, "backtrack": true, "gcr": 0.3843, "cross_axis_tilt": 0}}, {"type": "Feature", "geometry": {"type": "Point", "coordinates": [-71.8032544, -16.5969327]}, "properties": {"rol": "seguidor", "id": "TR-06_1-052", "tipo": "completo", "axis_azimuth": 0, "punto": "eje de unidad (no el motor)", "ncu": 10, "gw": 1, "axis_tilt": 0, "max_angle": 55, "backtrack": true, "gcr": 0.3843, "cross_axis_tilt": 0}}, {"type": "Feature", "geometry": {"type": "Point", "coordinates": [-71.8031383, -16.5969343]}, "properties": {"rol": "seguidor", "id": "TR-06_1-053", "tipo": "completo", "axis_azimuth": 0, "punto": "eje de unidad (no el motor)", "ncu": 10, "gw": 1, "axis_tilt": 0, "max_angle": 55, "backtrack": true, "gcr": 0.3843, "cross_axis_tilt": 0}}, {"type": "Feature", "geometry": {"type": "Point", "coordinates": [-71.8030222, -16.5969358]}, "properties": {"rol": "seguidor", "id": "TR-06_1-054", "tipo": "completo", "axis_azimuth": 0, "punto": "eje de unidad (no el motor)", "ncu": 10, "gw": 1, "axis_tilt": 0, "max_angle": 55, "backtrack": true, "gcr": 0.3843, "cross_axis_tilt": 0}}, {"type": "Feature", "geometry": {"type": "Point", "coordinates": [-71.8029061, -16.5969374]}, "properties": {"rol": "seguidor", "id": "TR-06_1-055", "tipo": "completo", "axis_azimuth": 0, "punto": "eje de unidad (no el motor)", "ncu": 10, "gw": 1, "axis_tilt": 0, "max_angle": 55, "backtrack": true, "gcr": 0.3843, "cross_axis_tilt": 0}}, {"type": "Feature", "geometry": {"type": "Point", "coordinates": [-71.80279, -16.596939]}, "properties": {"rol": "seguidor", "id": "TR-06_1-056", "tipo": "completo", "axis_azimuth": 0, "punto": "eje de unidad (no el motor)", "ncu": 10, "gw": 1, "axis_tilt": 0, "max_angle": 55, "backtrack": true, "gcr": 0.3843, "cross_axis_tilt": 0}}, {"type": "Feature", "geometry": {"type": "Point", "coordinates": [-71.8026739, -16.5969405]}, "properties": {"rol": "seguidor", "id": "TR-06_1-057", "tipo": "completo", "axis_azimuth": 0, "punto": "eje de unidad (no el motor)", "ncu": 10, "gw": 1, "axis_tilt": 0, "max_angle": 55, "backtrack": true, "gcr": 0.3843, "cross_axis_tilt": 0}}, {"type": "Feature", "geometry": {"type": "Point", "coordinates": [-71.8025578, -16.5969421]}, "properties": {"rol": "seguidor", "id": "TR-06_1-058", "tipo": "completo", "axis_azimuth": 0, "punto": "eje de unidad (no el motor)", "ncu": 10, "gw": 1, "axis_tilt": 0, "max_angle": 55, "backtrack": true, "gcr": 0.3843, "cross_axis_tilt": 0}}, {"type": "Feature", "geometry": {"type": "Point", "coordinates": [-71.8024417, -16.5969437]}, "properties": {"rol": "seguidor", "id": "TR-06_1-059", "tipo": "completo", "axis_azimuth": 0, "punto": "eje de unidad (no el motor)", "ncu": 10, "gw": 1, "axis_tilt": 0, "max_angle": 55, "backtrack": true, "gcr": 0.3843, "cross_axis_tilt": 0}}, {"type": "Feature", "geometry": {"type": "Point", "coordinates": [-71.8023256, -16.5969452]}, "properties": {"rol": "seguidor", "id": "TR-06_1-060", "tipo": "completo", "axis_azimuth": 0, "punto": "eje de unidad (no el motor)", "ncu": 10, "gw": 1, "axis_tilt": 0, "max_angle": 55, "backtrack": true, "gcr": 0.3843, "cross_axis_tilt": 0}}, {"type": "Feature", "geometry": {"type": "Point", "coordinates": [-71.8022095, -16.5969468]}, "properties": {"rol": "seguidor", "id": "TR-06_1-061", "tipo": "completo", "axis_azimuth": 0, "punto": "eje de unidad (no el motor)", "ncu": 10, "gw": 1, "axis_tilt": 0, "max_angle": 55, "backtrack": true, "gcr": 0.3843, "cross_axis_tilt": 0}}, {"type": "Feature", "geometry": {"type": "Point", "coordinates": [-71.8020934, -16.5969484]}, "properties": {"rol": "seguidor", "id": "TR-06_1-062", "tipo": "completo", "axis_azimuth": 0, "punto": "eje de unidad (no el motor)", "ncu": 10, "gw": 1, "axis_tilt": 0, "max_angle": 55, "backtrack": true, "gcr": 0.3843, "cross_axis_tilt": 0}}, {"type": "Feature", "geometry": {"type": "Point", "coordinates": [-71.8039624, -16.5977016]}, "properties": {"rol": "seguidor", "id": "TR-06_1-063", "tipo": "completo", "axis_azimuth": 0, "punto": "eje de unidad (no el motor)", "ncu": 10, "gw": 2, "axis_tilt": 0, "max_angle": 55, "backtrack": true, "gcr": 0.3843, "cross_axis_tilt": 0}}, {"type": "Feature", "geometry": {"type": "Point", "coordinates": [-71.8038463, -16.5977032]}, "properties": {"rol": "seguidor", "id": "TR-06_1-064", "tipo": "completo", "axis_azimuth": 0, "punto": "eje de unidad (no el motor)", "ncu": 10, "gw": 2, "axis_tilt": 0, "max_angle": 55, "backtrack": true, "gcr": 0.3843, "cross_axis_tilt": 0}}, {"type": "Feature", "geometry": {"type": "Point", "coordinates": [-71.8037302, -16.5977048]}, "properties": {"rol": "seguidor", "id": "TR-06_1-065", "tipo": "completo", "axis_azimuth": 0, "punto": "eje de unidad (no el motor)", "ncu": 10, "gw": 2, "axis_tilt": 0, "max_angle": 55, "backtrack": true, "gcr": 0.3843, "cross_axis_tilt": 0}}, {"type": "Feature", "geometry": {"type": "Point", "coordinates": [-71.8036141, -16.5977063]}, "properties": {"rol": "seguidor", "id": "TR-06_1-066", "tipo": "completo", "axis_azimuth": 0, "punto": "eje de unidad (no el motor)", "ncu": 10, "gw": 2, "axis_tilt": 0, "max_angle": 55, "backtrack": true, "gcr": 0.3843, "cross_axis_tilt": 0}}, {"type": "Feature", "geometry": {"type": "Point", "coordinates": [-71.8034979, -16.5977079]}, "properties": {"rol": "seguidor", "id": "TR-06_1-067", "tipo": "completo", "axis_azimuth": 0, "punto": "eje de unidad (no el motor)", "ncu": 10, "gw": 2, "axis_tilt": 0, "max_angle": 55, "backtrack": true, "gcr": 0.3843, "cross_axis_tilt": 0}}, {"type": "Feature", "geometry": {"type": "Point", "coordinates": [-71.8033818, -16.5977094]}, "properties": {"rol": "seguidor", "id": "TR-06_1-068", "tipo": "completo", "axis_azimuth": 0, "punto": "eje de unidad (no el motor)", "ncu": 10, "gw": 2, "axis_tilt": 0, "max_angle": 55, "backtrack": true, "gcr": 0.3843, "cross_axis_tilt": 0}}, {"type": "Feature", "geometry": {"type": "Point", "coordinates": [-71.8032657, -16.597711]}, "properties": {"rol": "seguidor", "id": "TR-06_1-069", "tipo": "completo", "axis_azimuth": 0, "punto": "eje de unidad (no el motor)", "ncu": 10, "gw": 2, "axis_tilt": 0, "max_angle": 55, "backtrack": true, "gcr": 0.3843, "cross_axis_tilt": 0}}, {"type": "Feature", "geometry": {"type": "Point", "coordinates": [-71.8031496, -16.5977126]}, "properties": {"rol": "seguidor", "id": "TR-06_1-070", "tipo": "completo", "axis_azimuth": 0, "punto": "eje de unidad (no el motor)", "ncu": 10, "gw": 2, "axis_tilt": 0, "max_angle": 55, "backtrack": true, "gcr": 0.3843, "cross_axis_tilt": 0}}, {"type": "Feature", "geometry": {"type": "Point", "coordinates": [-71.8030335, -16.5977141]}, "properties": {"rol": "seguidor", "id": "TR-06_1-071", "tipo": "completo", "axis_azimuth": 0, "punto": "eje de unidad (no el motor)", "ncu": 10, "gw": 2, "axis_tilt": 0, "max_angle": 55, "backtrack": true, "gcr": 0.3843, "cross_axis_tilt": 0}}, {"type": "Feature", "geometry": {"type": "Point", "coordinates": [-71.8029174, -16.5977157]}, "properties": {"rol": "seguidor", "id": "TR-06_1-072", "tipo": "completo", "axis_azimuth": 0, "punto": "eje de unidad (no el motor)", "ncu": 10, "gw": 2, "axis_tilt": 0, "max_angle": 55, "backtrack": true, "gcr": 0.3843, "cross_axis_tilt": 0}}, {"type": "Feature", "geometry": {"type": "Point", "coordinates": [-71.8028013, -16.5977173]}, "properties": {"rol": "seguidor", "id": "TR-06_1-073", "tipo": "completo", "axis_azimuth": 0, "punto": "eje de unidad (no el motor)", "ncu": 10, "gw": 2, "axis_tilt": 0, "max_angle": 55, "backtrack": true, "gcr": 0.3843, "cross_axis_tilt": 0}}, {"type": "Feature", "geometry": {"type": "Point", "coordinates": [-71.8026876, -16.597885]}, "properties": {"rol": "seguidor", "id": "TR-06_1-074", "tipo": "medio", "axis_azimuth": 0, "punto": "eje de unidad (no el motor)", "ncu": 10, "gw": 2, "axis_tilt": 0, "max_angle": 55, "backtrack": true, "gcr": 0.3843, "cross_axis_tilt": 0}}, {"type": "Feature", "geometry": {"type": "Point", "coordinates": [-71.8025715, -16.5978865]}, "properties": {"rol": "seguidor", "id": "TR-06_1-075", "tipo": "medio", "axis_azimuth": 0, "punto": "eje de unidad (no el motor)", "ncu": 10, "gw": 2, "axis_tilt": 0, "max_angle": 55, "backtrack": true, "gcr": 0.3843, "cross_axis_tilt": 0}}, {"type": "Feature", "geometry": {"type": "Point", "coordinates": [-71.802453, -16.597722]}, "properties": {"rol": "seguidor", "id": "TR-06_1-076", "tipo": "completo", "axis_azimuth": 0, "punto": "eje de unidad (no el motor)", "ncu": 10, "gw": 2, "axis_tilt": 0, "max_angle": 55, "backtrack": true, "gcr": 0.3843, "cross_axis_tilt": 0}}, {"type": "Feature", "geometry": {"type": "Point", "coordinates": [-71.8023369, -16.5977235]}, "properties": {"rol": "seguidor", "id": "TR-06_1-077", "tipo": "completo", "axis_azimuth": 0, "punto": "eje de unidad (no el motor)", "ncu": 10, "gw": 2, "axis_tilt": 0, "max_angle": 55, "backtrack": true, "gcr": 0.3843, "cross_axis_tilt": 0}}, {"type": "Feature", "geometry": {"type": "Point", "coordinates": [-71.8022207, -16.5977251]}, "properties": {"rol": "seguidor", "id": "TR-06_1-078", "tipo": "completo", "axis_azimuth": 0, "punto": "eje de unidad (no el motor)", "ncu": 10, "gw": 2, "axis_tilt": 0, "max_angle": 55, "backtrack": true, "gcr": 0.3843, "cross_axis_tilt": 0}}, {"type": "Feature", "geometry": {"type": "Point", "coordinates": [-71.8021046, -16.5977267]}, "properties": {"rol": "seguidor", "id": "TR-06_1-079", "tipo": "completo", "axis_azimuth": 0, "punto": "eje de unidad (no el motor)", "ncu": 10, "gw": 2, "axis_tilt": 0, "max_angle": 55, "backtrack": true, "gcr": 0.3843, "cross_axis_tilt": 0}}, {"type": "Feature", "geometry": {"type": "Point", "coordinates": [-71.8039722, -16.5983797]}, "properties": {"rol": "seguidor", "id": "TR-06_1-080", "tipo": "completo", "axis_azimuth": 0, "punto": "eje de unidad (no el motor)", "ncu": 10, "gw": 2, "axis_tilt": 0, "max_angle": 55, "backtrack": true, "gcr": 0.3843, "cross_axis_tilt": 0}}, {"type": "Feature", "geometry": {"type": "Point", "coordinates": [-71.8038561, -16.5983813]}, "properties": {"rol": "seguidor", "id": "TR-06_1-081", "tipo": "completo", "axis_azimuth": 0, "punto": "eje de unidad (no el motor)", "ncu": 10, "gw": 2, "axis_tilt": 0, "max_angle": 55, "backtrack": true, "gcr": 0.3843, "cross_axis_tilt": 0}}, {"type": "Feature", "geometry": {"type": "Point", "coordinates": [-71.80374, -16.5983828]}, "properties": {"rol": "seguidor", "id": "TR-06_1-082", "tipo": "completo", "axis_azimuth": 0, "punto": "eje de unidad (no el motor)", "ncu": 10, "gw": 2, "axis_tilt": 0, "max_angle": 55, "backtrack": true, "gcr": 0.3843, "cross_axis_tilt": 0}}, {"type": "Feature", "geometry": {"type": "Point", "coordinates": [-71.8036239, -16.5983844]}, "properties": {"rol": "seguidor", "id": "TR-06_1-083", "tipo": "completo", "axis_azimuth": 0, "punto": "eje de unidad (no el motor)", "ncu": 10, "gw": 2, "axis_tilt": 0, "max_angle": 55, "backtrack": true, "gcr": 0.3843, "cross_axis_tilt": 0}}, {"type": "Feature", "geometry": {"type": "Point", "coordinates": [-71.8035078, -16.598386]}, "properties": {"rol": "seguidor", "id": "TR-06_1-084", "tipo": "completo", "axis_azimuth": 0, "punto": "eje de unidad (no el motor)", "ncu": 10, "gw": 2, "axis_tilt": 0, "max_angle": 55, "backtrack": true, "gcr": 0.3843, "cross_axis_tilt": 0}}, {"type": "Feature", "geometry": {"type": "Point", "coordinates": [-71.8033917, -16.5983875]}, "properties": {"rol": "seguidor", "id": "TR-06_1-085", "tipo": "completo", "axis_azimuth": 0, "punto": "eje de unidad (no el motor)", "ncu": 10, "gw": 2, "axis_tilt": 0, "max_angle": 55, "backtrack": true, "gcr": 0.3843, "cross_axis_tilt": 0}}, {"type": "Feature", "geometry": {"type": "Point", "coordinates": [-71.8032756, -16.5983891]}, "properties": {"rol": "seguidor", "id": "TR-06_1-086", "tipo": "completo", "axis_azimuth": 0, "punto": "eje de unidad (no el motor)", "ncu": 10, "gw": 2, "axis_tilt": 0, "max_angle": 55, "backtrack": true, "gcr": 0.3843, "cross_axis_tilt": 0}}, {"type": "Feature", "geometry": {"type": "Point", "coordinates": [-71.8031595, -16.5983907]}, "properties": {"rol": "seguidor", "id": "TR-06_1-087", "tipo": "completo", "axis_azimuth": 0, "punto": "eje de unidad (no el motor)", "ncu": 10, "gw": 2, "axis_tilt": 0, "max_angle": 55, "backtrack": true, "gcr": 0.3843, "cross_axis_tilt": 0}}, {"type": "Feature", "geometry": {"type": "Point", "coordinates": [-71.8030433, -16.5983922]}, "properties": {"rol": "seguidor", "id": "TR-06_1-088", "tipo": "completo", "axis_azimuth": 0, "punto": "eje de unidad (no el motor)", "ncu": 10, "gw": 2, "axis_tilt": 0, "max_angle": 55, "backtrack": true, "gcr": 0.3843, "cross_axis_tilt": 0}}, {"type": "Feature", "geometry": {"type": "Point", "coordinates": [-71.8029272, -16.5983938]}, "properties": {"rol": "seguidor", "id": "TR-06_1-089", "tipo": "completo", "axis_azimuth": 0, "punto": "eje de unidad (no el motor)", "ncu": 10, "gw": 2, "axis_tilt": 0, "max_angle": 55, "backtrack": true, "gcr": 0.3843, "cross_axis_tilt": 0}}, {"type": "Feature", "geometry": {"type": "Point", "coordinates": [-71.8028111, -16.5983954]}, "properties": {"rol": "seguidor", "id": "TR-06_1-090", "tipo": "completo", "axis_azimuth": 0, "punto": "eje de unidad (no el motor)", "ncu": 10, "gw": 2, "axis_tilt": 0, "max_angle": 55, "backtrack": true, "gcr": 0.3843, "cross_axis_tilt": 0}}, {"type": "Feature", "geometry": {"type": "Point", "coordinates": [-71.802695, -16.5983969]}, "properties": {"rol": "seguidor", "id": "TR-06_1-091", "tipo": "completo", "axis_azimuth": 0, "punto": "eje de unidad (no el motor)", "ncu": 10, "gw": 2, "axis_tilt": 0, "max_angle": 55, "backtrack": true, "gcr": 0.3843, "cross_axis_tilt": 0}}, {"type": "Feature", "geometry": {"type": "Point", "coordinates": [-71.8025789, -16.5983985]}, "properties": {"rol": "seguidor", "id": "TR-06_1-092", "tipo": "completo", "axis_azimuth": 0, "punto": "eje de unidad (no el motor)", "ncu": 10, "gw": 2, "axis_tilt": 0, "max_angle": 55, "backtrack": true, "gcr": 0.3843, "cross_axis_tilt": 0}}, {"type": "Feature", "geometry": {"type": "Point", "coordinates": [-71.8024628, -16.5984001]}, "properties": {"rol": "seguidor", "id": "TR-06_1-093", "tipo": "completo", "axis_azimuth": 0, "punto": "eje de unidad (no el motor)", "ncu": 10, "gw": 2, "axis_tilt": 0, "max_angle": 55, "backtrack": true, "gcr": 0.3843, "cross_axis_tilt": 0}}, {"type": "Feature", "geometry": {"type": "Point", "coordinates": [-71.8023467, -16.5984016]}, "properties": {"rol": "seguidor", "id": "TR-06_1-094", "tipo": "completo", "axis_azimuth": 0, "punto": "eje de unidad (no el motor)", "ncu": 10, "gw": 2, "axis_tilt": 0, "max_angle": 55, "backtrack": true, "gcr": 0.3843, "cross_axis_tilt": 0}}, {"type": "Feature", "geometry": {"type": "Point", "coordinates": [-71.8022306, -16.5984032]}, "properties": {"rol": "seguidor", "id": "TR-06_1-095", "tipo": "completo", "axis_azimuth": 0, "punto": "eje de unidad (no el motor)", "ncu": 10, "gw": 2, "axis_tilt": 0, "max_angle": 55, "backtrack": true, "gcr": 0.3843, "cross_axis_tilt": 0}}, {"type": "Feature", "geometry": {"type": "Point", "coordinates": [-71.8021145, -16.5984048]}, "properties": {"rol": "seguidor", "id": "TR-06_1-096", "tipo": "completo", "axis_azimuth": 0, "punto": "eje de unidad (no el motor)", "ncu": 10, "gw": 2, "axis_tilt": 0, "max_angle": 55, "backtrack": true, "gcr": 0.3843, "cross_axis_tilt": 0}}, {"type": "Feature", "geometry": {"type": "Point", "coordinates": [-71.8039821, -16.5990578]}, "properties": {"rol": "seguidor", "id": "TR-06_1-097", "tipo": "completo", "axis_azimuth": 0, "punto": "eje de unidad (no el motor)", "ncu": 10, "gw": 2, "axis_tilt": 0, "max_angle": 55, "backtrack": true, "gcr": 0.3843, "cross_axis_tilt": 0}}, {"type": "Feature", "geometry": {"type": "Point", "coordinates": [-71.8038659, -16.5990593]}, "properties": {"rol": "seguidor", "id": "TR-06_1-098", "tipo": "completo", "axis_azimuth": 0, "punto": "eje de unidad (no el motor)", "ncu": 10, "gw": 2, "axis_tilt": 0, "max_angle": 55, "backtrack": true, "gcr": 0.3843, "cross_axis_tilt": 0}}, {"type": "Feature", "geometry": {"type": "Point", "coordinates": [-71.8037498, -16.5990609]}, "properties": {"rol": "seguidor", "id": "TR-06_1-099", "tipo": "completo", "axis_azimuth": 0, "punto": "eje de unidad (no el motor)", "ncu": 10, "gw": 2, "axis_tilt": 0, "max_angle": 55, "backtrack": true, "gcr": 0.3843, "cross_axis_tilt": 0}}, {"type": "Feature", "geometry": {"type": "Point", "coordinates": [-71.8036337, -16.5990625]}, "properties": {"rol": "seguidor", "id": "TR-06_1-100", "tipo": "completo", "axis_azimuth": 0, "punto": "eje de unidad (no el motor)", "ncu": 10, "gw": 2, "axis_tilt": 0, "max_angle": 55, "backtrack": true, "gcr": 0.3843, "cross_axis_tilt": 0}}, {"type": "Feature", "geometry": {"type": "Point", "coordinates": [-71.8035176, -16.599064]}, "properties": {"rol": "seguidor", "id": "TR-06_1-101", "tipo": "completo", "axis_azimuth": 0, "punto": "eje de unidad (no el motor)", "ncu": 10, "gw": 2, "axis_tilt": 0, "max_angle": 55, "backtrack": true, "gcr": 0.3843, "cross_axis_tilt": 0}}, {"type": "Feature", "geometry": {"type": "Point", "coordinates": [-71.8034015, -16.5990656]}, "properties": {"rol": "seguidor", "id": "TR-06_1-102", "tipo": "completo", "axis_azimuth": 0, "punto": "eje de unidad (no el motor)", "ncu": 10, "gw": 2, "axis_tilt": 0, "max_angle": 55, "backtrack": true, "gcr": 0.3843, "cross_axis_tilt": 0}}, {"type": "Feature", "geometry": {"type": "Point", "coordinates": [-71.8032854, -16.5990672]}, "properties": {"rol": "seguidor", "id": "TR-06_1-103", "tipo": "completo", "axis_azimuth": 0, "punto": "eje de unidad (no el motor)", "ncu": 10, "gw": 2, "axis_tilt": 0, "max_angle": 55, "backtrack": true, "gcr": 0.3843, "cross_axis_tilt": 0}}, {"type": "Feature", "geometry": {"type": "Point", "coordinates": [-71.8031693, -16.5990687]}, "properties": {"rol": "seguidor", "id": "TR-06_1-104", "tipo": "completo", "axis_azimuth": 0, "punto": "eje de unidad (no el motor)", "ncu": 10, "gw": 2, "axis_tilt": 0, "max_angle": 55, "backtrack": true, "gcr": 0.3843, "cross_axis_tilt": 0}}, {"type": "Feature", "geometry": {"type": "Point", "coordinates": [-71.8030532, -16.5990703]}, "properties": {"rol": "seguidor", "id": "TR-06_1-105", "tipo": "completo", "axis_azimuth": 0, "punto": "eje de unidad (no el motor)", "ncu": 10, "gw": 2, "axis_tilt": 0, "max_angle": 55, "backtrack": true, "gcr": 0.3843, "cross_axis_tilt": 0}}, {"type": "Feature", "geometry": {"type": "Point", "coordinates": [-71.8029371, -16.5990719]}, "properties": {"rol": "seguidor", "id": "TR-06_1-106", "tipo": "completo", "axis_azimuth": 0, "punto": "eje de unidad (no el motor)", "ncu": 10, "gw": 2, "axis_tilt": 0, "max_angle": 55, "backtrack": true, "gcr": 0.3843, "cross_axis_tilt": 0}}, {"type": "Feature", "geometry": {"type": "Point", "coordinates": [-71.802821, -16.5990734]}, "properties": {"rol": "seguidor", "id": "TR-06_1-107", "tipo": "completo", "axis_azimuth": 0, "punto": "eje de unidad (no el motor)", "ncu": 10, "gw": 2, "axis_tilt": 0, "max_angle": 55, "backtrack": true, "gcr": 0.3843, "cross_axis_tilt": 0}}, {"type": "Feature", "geometry": {"type": "Point", "coordinates": [-71.8027048, -16.599075]}, "properties": {"rol": "seguidor", "id": "TR-06_1-108", "tipo": "completo", "axis_azimuth": 0, "punto": "eje de unidad (no el motor)", "ncu": 10, "gw": 2, "axis_tilt": 0, "max_angle": 55, "backtrack": true, "gcr": 0.3843, "cross_axis_tilt": 0}}, {"type": "Feature", "geometry": {"type": "Point", "coordinates": [-71.8025887, -16.5990766]}, "properties": {"rol": "seguidor", "id": "TR-06_1-109", "tipo": "completo", "axis_azimuth": 0, "punto": "eje de unidad (no el motor)", "ncu": 10, "gw": 2, "axis_tilt": 0, "max_angle": 55, "backtrack": true, "gcr": 0.3843, "cross_axis_tilt": 0}}, {"type": "Feature", "geometry": {"type": "Point", "coordinates": [-71.8024726, -16.5990781]}, "properties": {"rol": "seguidor", "id": "TR-06_1-110", "tipo": "completo", "axis_azimuth": 0, "punto": "eje de unidad (no el motor)", "ncu": 10, "gw": 2, "axis_tilt": 0, "max_angle": 55, "backtrack": true, "gcr": 0.3843, "cross_axis_tilt": 0}}, {"type": "Feature", "geometry": {"type": "Point", "coordinates": [-71.8023565, -16.5990797]}, "properties": {"rol": "seguidor", "id": "TR-06_1-111", "tipo": "completo", "axis_azimuth": 0, "punto": "eje de unidad (no el motor)", "ncu": 10, "gw": 2, "axis_tilt": 0, "max_angle": 55, "backtrack": true, "gcr": 0.3843, "cross_axis_tilt": 0}}, {"type": "Feature", "geometry": {"type": "Point", "coordinates": [-71.8022404, -16.5990813]}, "properties": {"rol": "seguidor", "id": "TR-06_1-112", "tipo": "completo", "axis_azimuth": 0, "punto": "eje de unidad (no el motor)", "ncu": 10, "gw": 2, "axis_tilt": 0, "max_angle": 55, "backtrack": true, "gcr": 0.3843, "cross_axis_tilt": 0}}, {"type": "Feature", "geometry": {"type": "Point", "coordinates": [-71.8021243, -16.5990828]}, "properties": {"rol": "seguidor", "id": "TR-06_1-113", "tipo": "completo", "axis_azimuth": 0, "punto": "eje de unidad (no el motor)", "ncu": 10, "gw": 2, "axis_tilt": 0, "max_angle": 55, "backtrack": true, "gcr": 0.3843, "cross_axis_tilt": 0}}, {"type": "Feature", "geometry": {"type": "Point", "coordinates": [-71.8039919, -16.5997359]}, "properties": {"rol": "seguidor", "id": "TR-06_1-114", "tipo": "completo", "axis_azimuth": 0, "punto": "eje de unidad (no el motor)", "ncu": 10, "gw": 2, "axis_tilt": 0, "max_angle": 55, "backtrack": true, "gcr": 0.3843, "cross_axis_tilt": 0}}, {"type": "Feature", "geometry": {"type": "Point", "coordinates": [-71.8038758, -16.5997374]}, "properties": {"rol": "seguidor", "id": "TR-06_1-115", "tipo": "completo", "axis_azimuth": 0, "punto": "eje de unidad (no el motor)", "ncu": 10, "gw": 2, "axis_tilt": 0, "max_angle": 55, "backtrack": true, "gcr": 0.3843, "cross_axis_tilt": 0}}, {"type": "Feature", "geometry": {"type": "Point", "coordinates": [-71.8037597, -16.599739]}, "properties": {"rol": "seguidor", "id": "TR-06_1-116", "tipo": "completo", "axis_azimuth": 0, "punto": "eje de unidad (no el motor)", "ncu": 10, "gw": 2, "axis_tilt": 0, "max_angle": 55, "backtrack": true, "gcr": 0.3843, "cross_axis_tilt": 0}}, {"type": "Feature", "geometry": {"type": "Point", "coordinates": [-71.8036436, -16.5997406]}, "properties": {"rol": "seguidor", "id": "TR-06_1-117", "tipo": "completo", "axis_azimuth": 0, "punto": "eje de unidad (no el motor)", "ncu": 10, "gw": 2, "axis_tilt": 0, "max_angle": 55, "backtrack": true, "gcr": 0.3843, "cross_axis_tilt": 0}}, {"type": "Feature", "geometry": {"type": "Point", "coordinates": [-71.8035275, -16.5997421]}, "properties": {"rol": "seguidor", "id": "TR-06_1-118", "tipo": "completo", "axis_azimuth": 0, "punto": "eje de unidad (no el motor)", "ncu": 10, "gw": 2, "axis_tilt": 0, "max_angle": 55, "backtrack": true, "gcr": 0.3843, "cross_axis_tilt": 0}}, {"type": "Feature", "geometry": {"type": "Point", "coordinates": [-71.8034113, -16.5997437]}, "properties": {"rol": "seguidor", "id": "TR-06_1-119", "tipo": "completo", "axis_azimuth": 0, "punto": "eje de unidad (no el motor)", "ncu": 10, "gw": 2, "axis_tilt": 0, "max_angle": 55, "backtrack": true, "gcr": 0.3843, "cross_axis_tilt": 0}}, {"type": "Feature", "geometry": {"type": "Point", "coordinates": [-71.8062625, -16.5962139]}, "properties": {"rol": "seguidor", "id": "TR-06_2-001", "tipo": "completo", "axis_azimuth": 0, "punto": "eje de unidad (no el motor)", "ncu": 11, "gw": 1, "axis_tilt": 0, "max_angle": 55, "backtrack": true, "gcr": 0.3843, "cross_axis_tilt": 0}}, {"type": "Feature", "geometry": {"type": "Point", "coordinates": [-71.8061464, -16.5962155]}, "properties": {"rol": "seguidor", "id": "TR-06_2-002", "tipo": "completo", "axis_azimuth": 0, "punto": "eje de unidad (no el motor)", "ncu": 11, "gw": 1, "axis_tilt": 0, "max_angle": 55, "backtrack": true, "gcr": 0.3843, "cross_axis_tilt": 0}}, {"type": "Feature", "geometry": {"type": "Point", "coordinates": [-71.8060303, -16.596217]}, "properties": {"rol": "seguidor", "id": "TR-06_2-003", "tipo": "completo", "axis_azimuth": 0, "punto": "eje de unidad (no el motor)", "ncu": 11, "gw": 1, "axis_tilt": 0, "max_angle": 55, "backtrack": true, "gcr": 0.3843, "cross_axis_tilt": 0}}, {"type": "Feature", "geometry": {"type": "Point", "coordinates": [-71.8059141, -16.5962186]}, "properties": {"rol": "seguidor", "id": "TR-06_2-004", "tipo": "completo", "axis_azimuth": 0, "punto": "eje de unidad (no el motor)", "ncu": 11, "gw": 1, "axis_tilt": 0, "max_angle": 55, "backtrack": true, "gcr": 0.3843, "cross_axis_tilt": 0}}, {"type": "Feature", "geometry": {"type": "Point", "coordinates": [-71.805798, -16.5962202]}, "properties": {"rol": "seguidor", "id": "TR-06_2-005", "tipo": "completo", "axis_azimuth": 0, "punto": "eje de unidad (no el motor)", "ncu": 11, "gw": 1, "axis_tilt": 0, "max_angle": 55, "backtrack": true, "gcr": 0.3843, "cross_axis_tilt": 0}}, {"type": "Feature", "geometry": {"type": "Point", "coordinates": [-71.8056819, -16.5962217]}, "properties": {"rol": "seguidor", "id": "TR-06_2-006", "tipo": "completo", "axis_azimuth": 0, "punto": "eje de unidad (no el motor)", "ncu": 11, "gw": 1, "axis_tilt": 0, "max_angle": 55, "backtrack": true, "gcr": 0.3843, "cross_axis_tilt": 0}}, {"type": "Feature", "geometry": {"type": "Point", "coordinates": [-71.8055658, -16.5962233]}, "properties": {"rol": "seguidor", "id": "TR-06_2-007", "tipo": "completo", "axis_azimuth": 0, "punto": "eje de unidad (no el motor)", "ncu": 11, "gw": 1, "axis_tilt": 0, "max_angle": 55, "backtrack": true, "gcr": 0.3843, "cross_axis_tilt": 0}}, {"type": "Feature", "geometry": {"type": "Point", "coordinates": [-71.8054497, -16.5962249]}, "properties": {"rol": "seguidor", "id": "TR-06_2-008", "tipo": "completo", "axis_azimuth": 0, "punto": "eje de unidad (no el motor)", "ncu": 11, "gw": 1, "axis_tilt": 0, "max_angle": 55, "backtrack": true, "gcr": 0.3843, "cross_axis_tilt": 0}}, {"type": "Feature", "geometry": {"type": "Point", "coordinates": [-71.8053336, -16.5962265]}, "properties": {"rol": "seguidor", "id": "TR-06_2-009", "tipo": "completo", "axis_azimuth": 0, "punto": "eje de unidad (no el motor)", "ncu": 11, "gw": 1, "axis_tilt": 0, "max_angle": 55, "backtrack": true, "gcr": 0.3843, "cross_axis_tilt": 0}}, {"type": "Feature", "geometry": {"type": "Point", "coordinates": [-71.8052175, -16.596228]}, "properties": {"rol": "seguidor", "id": "TR-06_2-010", "tipo": "completo", "axis_azimuth": 0, "punto": "eje de unidad (no el motor)", "ncu": 11, "gw": 1, "axis_tilt": 0, "max_angle": 55, "backtrack": true, "gcr": 0.3843, "cross_axis_tilt": 0}}, {"type": "Feature", "geometry": {"type": "Point", "coordinates": [-71.8051014, -16.5962296]}, "properties": {"rol": "seguidor", "id": "TR-06_2-011", "tipo": "completo", "axis_azimuth": 0, "punto": "eje de unidad (no el motor)", "ncu": 11, "gw": 1, "axis_tilt": 0, "max_angle": 55, "backtrack": true, "gcr": 0.3843, "cross_axis_tilt": 0}}, {"type": "Feature", "geometry": {"type": "Point", "coordinates": [-71.8049853, -16.5962312]}, "properties": {"rol": "seguidor", "id": "TR-06_2-012", "tipo": "completo", "axis_azimuth": 0, "punto": "eje de unidad (no el motor)", "ncu": 11, "gw": 1, "axis_tilt": 0, "max_angle": 55, "backtrack": true, "gcr": 0.3843, "cross_axis_tilt": 0}}, {"type": "Feature", "geometry": {"type": "Point", "coordinates": [-71.8048692, -16.5962327]}, "properties": {"rol": "seguidor", "id": "TR-06_2-013", "tipo": "completo", "axis_azimuth": 0, "punto": "eje de unidad (no el motor)", "ncu": 11, "gw": 1, "axis_tilt": 0, "max_angle": 55, "backtrack": true, "gcr": 0.3843, "cross_axis_tilt": 0}}, {"type": "Feature", "geometry": {"type": "Point", "coordinates": [-71.8047531, -16.5962343]}, "properties": {"rol": "seguidor", "id": "TR-06_2-014", "tipo": "completo", "axis_azimuth": 0, "punto": "eje de unidad (no el motor)", "ncu": 11, "gw": 1, "axis_tilt": 0, "max_angle": 55, "backtrack": true, "gcr": 0.3843, "cross_axis_tilt": 0}}, {"type": "Feature", "geometry": {"type": "Point", "coordinates": [-71.804637, -16.5962359]}, "properties": {"rol": "seguidor", "id": "TR-06_2-015", "tipo": "completo", "axis_azimuth": 0, "punto": "eje de unidad (no el motor)", "ncu": 11, "gw": 1, "axis_tilt": 0, "max_angle": 55, "backtrack": true, "gcr": 0.3843, "cross_axis_tilt": 0}}, {"type": "Feature", "geometry": {"type": "Point", "coordinates": [-71.8045209, -16.5962374]}, "properties": {"rol": "seguidor", "id": "TR-06_2-016", "tipo": "completo", "axis_azimuth": 0, "punto": "eje de unidad (no el motor)", "ncu": 11, "gw": 1, "axis_tilt": 0, "max_angle": 55, "backtrack": true, "gcr": 0.3843, "cross_axis_tilt": 0}}, {"type": "Feature", "geometry": {"type": "Point", "coordinates": [-71.8044047, -16.596239]}, "properties": {"rol": "seguidor", "id": "TR-06_2-017", "tipo": "completo", "axis_azimuth": 0, "punto": "eje de unidad (no el motor)", "ncu": 11, "gw": 1, "axis_tilt": 0, "max_angle": 55, "backtrack": true, "gcr": 0.3843, "cross_axis_tilt": 0}}, {"type": "Feature", "geometry": {"type": "Point", "coordinates": [-71.8042896, -16.5962405]}, "properties": {"rol": "seguidor", "id": "TR-06_2-018", "tipo": "completo", "axis_azimuth": 0, "punto": "eje de unidad (no el motor)", "ncu": 11, "gw": 1, "axis_tilt": 0, "max_angle": 55, "backtrack": true, "gcr": 0.3843, "cross_axis_tilt": 0}}, {"type": "Feature", "geometry": {"type": "Point", "coordinates": [-71.8041735, -16.5962421]}, "properties": {"rol": "seguidor", "id": "TR-06_2-019", "tipo": "completo", "axis_azimuth": 0, "punto": "eje de unidad (no el motor)", "ncu": 11, "gw": 1, "axis_tilt": 0, "max_angle": 55, "backtrack": true, "gcr": 0.3843, "cross_axis_tilt": 0}}, {"type": "Feature", "geometry": {"type": "Point", "coordinates": [-71.8062723, -16.596892]}, "properties": {"rol": "seguidor", "id": "TR-06_2-020", "tipo": "completo", "axis_azimuth": 0, "punto": "eje de unidad (no el motor)", "ncu": 11, "gw": 1, "axis_tilt": 0, "max_angle": 55, "backtrack": true, "gcr": 0.3843, "cross_axis_tilt": 0}}, {"type": "Feature", "geometry": {"type": "Point", "coordinates": [-71.8061562, -16.5968936]}, "properties": {"rol": "seguidor", "id": "TR-06_2-021", "tipo": "completo", "axis_azimuth": 0, "punto": "eje de unidad (no el motor)", "ncu": 11, "gw": 1, "axis_tilt": 0, "max_angle": 55, "backtrack": true, "gcr": 0.3843, "cross_axis_tilt": 0}}, {"type": "Feature", "geometry": {"type": "Point", "coordinates": [-71.8060401, -16.5968951]}, "properties": {"rol": "seguidor", "id": "TR-06_2-022", "tipo": "completo", "axis_azimuth": 0, "punto": "eje de unidad (no el motor)", "ncu": 11, "gw": 1, "axis_tilt": 0, "max_angle": 55, "backtrack": true, "gcr": 0.3843, "cross_axis_tilt": 0}}, {"type": "Feature", "geometry": {"type": "Point", "coordinates": [-71.805924, -16.5968967]}, "properties": {"rol": "seguidor", "id": "TR-06_2-023", "tipo": "completo", "axis_azimuth": 0, "punto": "eje de unidad (no el motor)", "ncu": 11, "gw": 1, "axis_tilt": 0, "max_angle": 55, "backtrack": true, "gcr": 0.3843, "cross_axis_tilt": 0}}, {"type": "Feature", "geometry": {"type": "Point", "coordinates": [-71.8058079, -16.5968983]}, "properties": {"rol": "seguidor", "id": "TR-06_2-024", "tipo": "completo", "axis_azimuth": 0, "punto": "eje de unidad (no el motor)", "ncu": 11, "gw": 1, "axis_tilt": 0, "max_angle": 55, "backtrack": true, "gcr": 0.3843, "cross_axis_tilt": 0}}, {"type": "Feature", "geometry": {"type": "Point", "coordinates": [-71.8056918, -16.5968998]}, "properties": {"rol": "seguidor", "id": "TR-06_2-025", "tipo": "completo", "axis_azimuth": 0, "punto": "eje de unidad (no el motor)", "ncu": 11, "gw": 1, "axis_tilt": 0, "max_angle": 55, "backtrack": true, "gcr": 0.3843, "cross_axis_tilt": 0}}, {"type": "Feature", "geometry": {"type": "Point", "coordinates": [-71.8055757, -16.5969014]}, "properties": {"rol": "seguidor", "id": "TR-06_2-026", "tipo": "completo", "axis_azimuth": 0, "punto": "eje de unidad (no el motor)", "ncu": 11, "gw": 1, "axis_tilt": 0, "max_angle": 55, "backtrack": true, "gcr": 0.3843, "cross_axis_tilt": 0}}, {"type": "Feature", "geometry": {"type": "Point", "coordinates": [-71.8054596, -16.596903]}, "properties": {"rol": "seguidor", "id": "TR-06_2-027", "tipo": "completo", "axis_azimuth": 0, "punto": "eje de unidad (no el motor)", "ncu": 11, "gw": 1, "axis_tilt": 0, "max_angle": 55, "backtrack": true, "gcr": 0.3843, "cross_axis_tilt": 0}}, {"type": "Feature", "geometry": {"type": "Point", "coordinates": [-71.8053435, -16.5969045]}, "properties": {"rol": "seguidor", "id": "TR-06_2-028", "tipo": "completo", "axis_azimuth": 0, "punto": "eje de unidad (no el motor)", "ncu": 11, "gw": 1, "axis_tilt": 0, "max_angle": 55, "backtrack": true, "gcr": 0.3843, "cross_axis_tilt": 0}}, {"type": "Feature", "geometry": {"type": "Point", "coordinates": [-71.8052273, -16.5969061]}, "properties": {"rol": "seguidor", "id": "TR-06_2-029", "tipo": "completo", "axis_azimuth": 0, "punto": "eje de unidad (no el motor)", "ncu": 11, "gw": 1, "axis_tilt": 0, "max_angle": 55, "backtrack": true, "gcr": 0.3843, "cross_axis_tilt": 0}}, {"type": "Feature", "geometry": {"type": "Point", "coordinates": [-71.8051112, -16.5969077]}, "properties": {"rol": "seguidor", "id": "TR-06_2-030", "tipo": "completo", "axis_azimuth": 0, "punto": "eje de unidad (no el motor)", "ncu": 11, "gw": 1, "axis_tilt": 0, "max_angle": 55, "backtrack": true, "gcr": 0.3843, "cross_axis_tilt": 0}}, {"type": "Feature", "geometry": {"type": "Point", "coordinates": [-71.8049951, -16.5969092]}, "properties": {"rol": "seguidor", "id": "TR-06_2-031", "tipo": "completo", "axis_azimuth": 0, "punto": "eje de unidad (no el motor)", "ncu": 11, "gw": 1, "axis_tilt": 0, "max_angle": 55, "backtrack": true, "gcr": 0.3843, "cross_axis_tilt": 0}}, {"type": "Feature", "geometry": {"type": "Point", "coordinates": [-71.804879, -16.5969108]}, "properties": {"rol": "seguidor", "id": "TR-06_2-032", "tipo": "completo", "axis_azimuth": 0, "punto": "eje de unidad (no el motor)", "ncu": 11, "gw": 1, "axis_tilt": 0, "max_angle": 55, "backtrack": true, "gcr": 0.3843, "cross_axis_tilt": 0}}, {"type": "Feature", "geometry": {"type": "Point", "coordinates": [-71.8047629, -16.5969124]}, "properties": {"rol": "seguidor", "id": "TR-06_2-033", "tipo": "completo", "axis_azimuth": 0, "punto": "eje de unidad (no el motor)", "ncu": 11, "gw": 1, "axis_tilt": 0, "max_angle": 55, "backtrack": true, "gcr": 0.3843, "cross_axis_tilt": 0}}, {"type": "Feature", "geometry": {"type": "Point", "coordinates": [-71.8046468, -16.5969139]}, "properties": {"rol": "seguidor", "id": "TR-06_2-034", "tipo": "completo", "axis_azimuth": 0, "punto": "eje de unidad (no el motor)", "ncu": 11, "gw": 1, "axis_tilt": 0, "max_angle": 55, "backtrack": true, "gcr": 0.3843, "cross_axis_tilt": 0}}, {"type": "Feature", "geometry": {"type": "Point", "coordinates": [-71.8045307, -16.5969155]}, "properties": {"rol": "seguidor", "id": "TR-06_2-035", "tipo": "completo", "axis_azimuth": 0, "punto": "eje de unidad (no el motor)", "ncu": 11, "gw": 1, "axis_tilt": 0, "max_angle": 55, "backtrack": true, "gcr": 0.3843, "cross_axis_tilt": 0}}, {"type": "Feature", "geometry": {"type": "Point", "coordinates": [-71.8044146, -16.5969171]}, "properties": {"rol": "seguidor", "id": "TR-06_2-036", "tipo": "completo", "axis_azimuth": 0, "punto": "eje de unidad (no el motor)", "ncu": 11, "gw": 1, "axis_tilt": 0, "max_angle": 55, "backtrack": true, "gcr": 0.3843, "cross_axis_tilt": 0}}, {"type": "Feature", "geometry": {"type": "Point", "coordinates": [-71.8042994, -16.5969186]}, "properties": {"rol": "seguidor", "id": "TR-06_2-037", "tipo": "completo", "axis_azimuth": 0, "punto": "eje de unidad (no el motor)", "ncu": 11, "gw": 1, "axis_tilt": 0, "max_angle": 55, "backtrack": true, "gcr": 0.3843, "cross_axis_tilt": 0}}, {"type": "Feature", "geometry": {"type": "Point", "coordinates": [-71.8041833, -16.5969202]}, "properties": {"rol": "seguidor", "id": "TR-06_2-038", "tipo": "completo", "axis_azimuth": 0, "punto": "eje de unidad (no el motor)", "ncu": 11, "gw": 1, "axis_tilt": 0, "max_angle": 55, "backtrack": true, "gcr": 0.3843, "cross_axis_tilt": 0}}, {"type": "Feature", "geometry": {"type": "Point", "coordinates": [-71.8062836, -16.5976703]}, "properties": {"rol": "seguidor", "id": "TR-06_2-039", "tipo": "completo", "axis_azimuth": 0, "punto": "eje de unidad (no el motor)", "ncu": 11, "gw": 2, "axis_tilt": 0, "max_angle": 55, "backtrack": true, "gcr": 0.3843, "cross_axis_tilt": 0}}, {"type": "Feature", "geometry": {"type": "Point", "coordinates": [-71.8061675, -16.5976719]}, "properties": {"rol": "seguidor", "id": "TR-06_2-040", "tipo": "completo", "axis_azimuth": 0, "punto": "eje de unidad (no el motor)", "ncu": 11, "gw": 2, "axis_tilt": 0, "max_angle": 55, "backtrack": true, "gcr": 0.3843, "cross_axis_tilt": 0}}, {"type": "Feature", "geometry": {"type": "Point", "coordinates": [-71.8060514, -16.5976734]}, "properties": {"rol": "seguidor", "id": "TR-06_2-041", "tipo": "completo", "axis_azimuth": 0, "punto": "eje de unidad (no el motor)", "ncu": 11, "gw": 2, "axis_tilt": 0, "max_angle": 55, "backtrack": true, "gcr": 0.3843, "cross_axis_tilt": 0}}, {"type": "Feature", "geometry": {"type": "Point", "coordinates": [-71.8059353, -16.597675]}, "properties": {"rol": "seguidor", "id": "TR-06_2-042", "tipo": "completo", "axis_azimuth": 0, "punto": "eje de unidad (no el motor)", "ncu": 11, "gw": 2, "axis_tilt": 0, "max_angle": 55, "backtrack": true, "gcr": 0.3843, "cross_axis_tilt": 0}}, {"type": "Feature", "geometry": {"type": "Point", "coordinates": [-71.8058192, -16.5976766]}, "properties": {"rol": "seguidor", "id": "TR-06_2-043", "tipo": "completo", "axis_azimuth": 0, "punto": "eje de unidad (no el motor)", "ncu": 11, "gw": 2, "axis_tilt": 0, "max_angle": 55, "backtrack": true, "gcr": 0.3843, "cross_axis_tilt": 0}}, {"type": "Feature", "geometry": {"type": "Point", "coordinates": [-71.8057031, -16.5976781]}, "properties": {"rol": "seguidor", "id": "TR-06_2-044", "tipo": "completo", "axis_azimuth": 0, "punto": "eje de unidad (no el motor)", "ncu": 11, "gw": 2, "axis_tilt": 0, "max_angle": 55, "backtrack": true, "gcr": 0.3843, "cross_axis_tilt": 0}}, {"type": "Feature", "geometry": {"type": "Point", "coordinates": [-71.805587, -16.5976797]}, "properties": {"rol": "seguidor", "id": "TR-06_2-045", "tipo": "completo", "axis_azimuth": 0, "punto": "eje de unidad (no el motor)", "ncu": 11, "gw": 2, "axis_tilt": 0, "max_angle": 55, "backtrack": true, "gcr": 0.3843, "cross_axis_tilt": 0}}, {"type": "Feature", "geometry": {"type": "Point", "coordinates": [-71.8054709, -16.5976813]}, "properties": {"rol": "seguidor", "id": "TR-06_2-046", "tipo": "completo", "axis_azimuth": 0, "punto": "eje de unidad (no el motor)", "ncu": 11, "gw": 2, "axis_tilt": 0, "max_angle": 55, "backtrack": true, "gcr": 0.3843, "cross_axis_tilt": 0}}, {"type": "Feature", "geometry": {"type": "Point", "coordinates": [-71.8053547, -16.5976828]}, "properties": {"rol": "seguidor", "id": "TR-06_2-047", "tipo": "completo", "axis_azimuth": 0, "punto": "eje de unidad (no el motor)", "ncu": 11, "gw": 2, "axis_tilt": 0, "max_angle": 55, "backtrack": true, "gcr": 0.3843, "cross_axis_tilt": 0}}, {"type": "Feature", "geometry": {"type": "Point", "coordinates": [-71.8052386, -16.5976844]}, "properties": {"rol": "seguidor", "id": "TR-06_2-048", "tipo": "completo", "axis_azimuth": 0, "punto": "eje de unidad (no el motor)", "ncu": 11, "gw": 2, "axis_tilt": 0, "max_angle": 55, "backtrack": true, "gcr": 0.3843, "cross_axis_tilt": 0}}, {"type": "Feature", "geometry": {"type": "Point", "coordinates": [-71.8051225, -16.597686]}, "properties": {"rol": "seguidor", "id": "TR-06_2-049", "tipo": "completo", "axis_azimuth": 0, "punto": "eje de unidad (no el motor)", "ncu": 11, "gw": 2, "axis_tilt": 0, "max_angle": 55, "backtrack": true, "gcr": 0.3843, "cross_axis_tilt": 0}}, {"type": "Feature", "geometry": {"type": "Point", "coordinates": [-71.8050064, -16.5976875]}, "properties": {"rol": "seguidor", "id": "TR-06_2-050", "tipo": "completo", "axis_azimuth": 0, "punto": "eje de unidad (no el motor)", "ncu": 11, "gw": 2, "axis_tilt": 0, "max_angle": 55, "backtrack": true, "gcr": 0.3843, "cross_axis_tilt": 0}}, {"type": "Feature", "geometry": {"type": "Point", "coordinates": [-71.8048927, -16.5978552]}, "properties": {"rol": "seguidor", "id": "TR-06_2-051", "tipo": "medio", "axis_azimuth": 0, "punto": "eje de unidad (no el motor)", "ncu": 11, "gw": 2, "axis_tilt": 0, "max_angle": 55, "backtrack": true, "gcr": 0.3843, "cross_axis_tilt": 0}}, {"type": "Feature", "geometry": {"type": "Point", "coordinates": [-71.8047766, -16.5978568]}, "properties": {"rol": "seguidor", "id": "TR-06_2-052", "tipo": "medio", "axis_azimuth": 0, "punto": "eje de unidad (no el motor)", "ncu": 11, "gw": 2, "axis_tilt": 0, "max_angle": 55, "backtrack": true, "gcr": 0.3843, "cross_axis_tilt": 0}}, {"type": "Feature", "geometry": {"type": "Point", "coordinates": [-71.8046581, -16.5976922]}, "properties": {"rol": "seguidor", "id": "TR-06_2-053", "tipo": "completo", "axis_azimuth": 0, "punto": "eje de unidad (no el motor)", "ncu": 11, "gw": 2, "axis_tilt": 0, "max_angle": 55, "backtrack": true, "gcr": 0.3843, "cross_axis_tilt": 0}}, {"type": "Feature", "geometry": {"type": "Point", "coordinates": [-71.804542, -16.5976938]}, "properties": {"rol": "seguidor", "id": "TR-06_2-054", "tipo": "completo", "axis_azimuth": 0, "punto": "eje de unidad (no el motor)", "ncu": 11, "gw": 2, "axis_tilt": 0, "max_angle": 55, "backtrack": true, "gcr": 0.3843, "cross_axis_tilt": 0}}, {"type": "Feature", "geometry": {"type": "Point", "coordinates": [-71.8044259, -16.5976954]}, "properties": {"rol": "seguidor", "id": "TR-06_2-055", "tipo": "completo", "axis_azimuth": 0, "punto": "eje de unidad (no el motor)", "ncu": 11, "gw": 2, "axis_tilt": 0, "max_angle": 55, "backtrack": true, "gcr": 0.3843, "cross_axis_tilt": 0}}, {"type": "Feature", "geometry": {"type": "Point", "coordinates": [-71.8043107, -16.5976969]}, "properties": {"rol": "seguidor", "id": "TR-06_2-056", "tipo": "completo", "axis_azimuth": 0, "punto": "eje de unidad (no el motor)", "ncu": 11, "gw": 2, "axis_tilt": 0, "max_angle": 55, "backtrack": true, "gcr": 0.3843, "cross_axis_tilt": 0}}, {"type": "Feature", "geometry": {"type": "Point", "coordinates": [-71.8041946, -16.5976985]}, "properties": {"rol": "seguidor", "id": "TR-06_2-057", "tipo": "completo", "axis_azimuth": 0, "punto": "eje de unidad (no el motor)", "ncu": 11, "gw": 2, "axis_tilt": 0, "max_angle": 55, "backtrack": true, "gcr": 0.3843, "cross_axis_tilt": 0}}, {"type": "Feature", "geometry": {"type": "Point", "coordinates": [-71.8040785, -16.5977001]}, "properties": {"rol": "seguidor", "id": "TR-06_2-058", "tipo": "completo", "axis_azimuth": 0, "punto": "eje de unidad (no el motor)", "ncu": 11, "gw": 2, "axis_tilt": 0, "max_angle": 55, "backtrack": true, "gcr": 0.3843, "cross_axis_tilt": 0}}, {"type": "Feature", "geometry": {"type": "Point", "coordinates": [-71.8062935, -16.5983484]}, "properties": {"rol": "seguidor", "id": "TR-06_2-059", "tipo": "completo", "axis_azimuth": 0, "punto": "eje de unidad (no el motor)", "ncu": 11, "gw": 2, "axis_tilt": 0, "max_angle": 55, "backtrack": true, "gcr": 0.3843, "cross_axis_tilt": 0}}, {"type": "Feature", "geometry": {"type": "Point", "coordinates": [-71.8061774, -16.5983499]}, "properties": {"rol": "seguidor", "id": "TR-06_2-060", "tipo": "completo", "axis_azimuth": 0, "punto": "eje de unidad (no el motor)", "ncu": 11, "gw": 2, "axis_tilt": 0, "max_angle": 55, "backtrack": true, "gcr": 0.3843, "cross_axis_tilt": 0}}, {"type": "Feature", "geometry": {"type": "Point", "coordinates": [-71.8060612, -16.5983515]}, "properties": {"rol": "seguidor", "id": "TR-06_2-061", "tipo": "completo", "axis_azimuth": 0, "punto": "eje de unidad (no el motor)", "ncu": 11, "gw": 2, "axis_tilt": 0, "max_angle": 55, "backtrack": true, "gcr": 0.3843, "cross_axis_tilt": 0}}, {"type": "Feature", "geometry": {"type": "Point", "coordinates": [-71.8059451, -16.5983531]}, "properties": {"rol": "seguidor", "id": "TR-06_2-062", "tipo": "completo", "axis_azimuth": 0, "punto": "eje de unidad (no el motor)", "ncu": 11, "gw": 2, "axis_tilt": 0, "max_angle": 55, "backtrack": true, "gcr": 0.3843, "cross_axis_tilt": 0}}, {"type": "Feature", "geometry": {"type": "Point", "coordinates": [-71.805829, -16.5983546]}, "properties": {"rol": "seguidor", "id": "TR-06_2-063", "tipo": "completo", "axis_azimuth": 0, "punto": "eje de unidad (no el motor)", "ncu": 11, "gw": 2, "axis_tilt": 0, "max_angle": 55, "backtrack": true, "gcr": 0.3843, "cross_axis_tilt": 0}}, {"type": "Feature", "geometry": {"type": "Point", "coordinates": [-71.8057129, -16.5983562]}, "properties": {"rol": "seguidor", "id": "TR-06_2-064", "tipo": "completo", "axis_azimuth": 0, "punto": "eje de unidad (no el motor)", "ncu": 11, "gw": 2, "axis_tilt": 0, "max_angle": 55, "backtrack": true, "gcr": 0.3843, "cross_axis_tilt": 0}}, {"type": "Feature", "geometry": {"type": "Point", "coordinates": [-71.8055968, -16.5983578]}, "properties": {"rol": "seguidor", "id": "TR-06_2-065", "tipo": "completo", "axis_azimuth": 0, "punto": "eje de unidad (no el motor)", "ncu": 11, "gw": 2, "axis_tilt": 0, "max_angle": 55, "backtrack": true, "gcr": 0.3843, "cross_axis_tilt": 0}}, {"type": "Feature", "geometry": {"type": "Point", "coordinates": [-71.8054807, -16.5983593]}, "properties": {"rol": "seguidor", "id": "TR-06_2-066", "tipo": "completo", "axis_azimuth": 0, "punto": "eje de unidad (no el motor)", "ncu": 11, "gw": 2, "axis_tilt": 0, "max_angle": 55, "backtrack": true, "gcr": 0.3843, "cross_axis_tilt": 0}}, {"type": "Feature", "geometry": {"type": "Point", "coordinates": [-71.8053646, -16.5983609]}, "properties": {"rol": "seguidor", "id": "TR-06_2-067", "tipo": "completo", "axis_azimuth": 0, "punto": "eje de unidad (no el motor)", "ncu": 11, "gw": 2, "axis_tilt": 0, "max_angle": 55, "backtrack": true, "gcr": 0.3843, "cross_axis_tilt": 0}}, {"type": "Feature", "geometry": {"type": "Point", "coordinates": [-71.8052485, -16.5983625]}, "properties": {"rol": "seguidor", "id": "TR-06_2-068", "tipo": "completo", "axis_azimuth": 0, "punto": "eje de unidad (no el motor)", "ncu": 11, "gw": 2, "axis_tilt": 0, "max_angle": 55, "backtrack": true, "gcr": 0.3843, "cross_axis_tilt": 0}}, {"type": "Feature", "geometry": {"type": "Point", "coordinates": [-71.8051324, -16.598364]}, "properties": {"rol": "seguidor", "id": "TR-06_2-069", "tipo": "completo", "axis_azimuth": 0, "punto": "eje de unidad (no el motor)", "ncu": 11, "gw": 2, "axis_tilt": 0, "max_angle": 55, "backtrack": true, "gcr": 0.3843, "cross_axis_tilt": 0}}, {"type": "Feature", "geometry": {"type": "Point", "coordinates": [-71.8050163, -16.5983656]}, "properties": {"rol": "seguidor", "id": "TR-06_2-070", "tipo": "completo", "axis_azimuth": 0, "punto": "eje de unidad (no el motor)", "ncu": 11, "gw": 2, "axis_tilt": 0, "max_angle": 55, "backtrack": true, "gcr": 0.3843, "cross_axis_tilt": 0}}, {"type": "Feature", "geometry": {"type": "Point", "coordinates": [-71.8049002, -16.5983672]}, "properties": {"rol": "seguidor", "id": "TR-06_2-071", "tipo": "completo", "axis_azimuth": 0, "punto": "eje de unidad (no el motor)", "ncu": 11, "gw": 2, "axis_tilt": 0, "max_angle": 55, "backtrack": true, "gcr": 0.3843, "cross_axis_tilt": 0}}, {"type": "Feature", "geometry": {"type": "Point", "coordinates": [-71.804784, -16.5983687]}, "properties": {"rol": "seguidor", "id": "TR-06_2-072", "tipo": "completo", "axis_azimuth": 0, "punto": "eje de unidad (no el motor)", "ncu": 11, "gw": 2, "axis_tilt": 0, "max_angle": 55, "backtrack": true, "gcr": 0.3843, "cross_axis_tilt": 0}}, {"type": "Feature", "geometry": {"type": "Point", "coordinates": [-71.8046679, -16.5983703]}, "properties": {"rol": "seguidor", "id": "TR-06_2-073", "tipo": "completo", "axis_azimuth": 0, "punto": "eje de unidad (no el motor)", "ncu": 11, "gw": 2, "axis_tilt": 0, "max_angle": 55, "backtrack": true, "gcr": 0.3843, "cross_axis_tilt": 0}}, {"type": "Feature", "geometry": {"type": "Point", "coordinates": [-71.8045518, -16.5983719]}, "properties": {"rol": "seguidor", "id": "TR-06_2-074", "tipo": "completo", "axis_azimuth": 0, "punto": "eje de unidad (no el motor)", "ncu": 11, "gw": 2, "axis_tilt": 0, "max_angle": 55, "backtrack": true, "gcr": 0.3843, "cross_axis_tilt": 0}}, {"type": "Feature", "geometry": {"type": "Point", "coordinates": [-71.8044357, -16.5983734]}, "properties": {"rol": "seguidor", "id": "TR-06_2-075", "tipo": "completo", "axis_azimuth": 0, "punto": "eje de unidad (no el motor)", "ncu": 11, "gw": 2, "axis_tilt": 0, "max_angle": 55, "backtrack": true, "gcr": 0.3843, "cross_axis_tilt": 0}}, {"type": "Feature", "geometry": {"type": "Point", "coordinates": [-71.8043205, -16.598375]}, "properties": {"rol": "seguidor", "id": "TR-06_2-076", "tipo": "completo", "axis_azimuth": 0, "punto": "eje de unidad (no el motor)", "ncu": 11, "gw": 2, "axis_tilt": 0, "max_angle": 55, "backtrack": true, "gcr": 0.3843, "cross_axis_tilt": 0}}, {"type": "Feature", "geometry": {"type": "Point", "coordinates": [-71.8042044, -16.5983766]}, "properties": {"rol": "seguidor", "id": "TR-06_2-077", "tipo": "completo", "axis_azimuth": 0, "punto": "eje de unidad (no el motor)", "ncu": 11, "gw": 2, "axis_tilt": 0, "max_angle": 55, "backtrack": true, "gcr": 0.3843, "cross_axis_tilt": 0}}, {"type": "Feature", "geometry": {"type": "Point", "coordinates": [-71.8040883, -16.5983781]}, "properties": {"rol": "seguidor", "id": "TR-06_2-078", "tipo": "completo", "axis_azimuth": 0, "punto": "eje de unidad (no el motor)", "ncu": 11, "gw": 2, "axis_tilt": 0, "max_angle": 55, "backtrack": true, "gcr": 0.3843, "cross_axis_tilt": 0}}, {"type": "Feature", "geometry": {"type": "Point", "coordinates": [-71.8063033, -16.5990264]}, "properties": {"rol": "seguidor", "id": "TR-06_2-079", "tipo": "completo", "axis_azimuth": 0, "punto": "eje de unidad (no el motor)", "ncu": 11, "gw": 2, "axis_tilt": 0, "max_angle": 55, "backtrack": true, "gcr": 0.3843, "cross_axis_tilt": 0}}, {"type": "Feature", "geometry": {"type": "Point", "coordinates": [-71.8061872, -16.599028]}, "properties": {"rol": "seguidor", "id": "TR-06_2-080", "tipo": "completo", "axis_azimuth": 0, "punto": "eje de unidad (no el motor)", "ncu": 11, "gw": 2, "axis_tilt": 0, "max_angle": 55, "backtrack": true, "gcr": 0.3843, "cross_axis_tilt": 0}}, {"type": "Feature", "geometry": {"type": "Point", "coordinates": [-71.8060711, -16.5990296]}, "properties": {"rol": "seguidor", "id": "TR-06_2-081", "tipo": "completo", "axis_azimuth": 0, "punto": "eje de unidad (no el motor)", "ncu": 11, "gw": 2, "axis_tilt": 0, "max_angle": 55, "backtrack": true, "gcr": 0.3843, "cross_axis_tilt": 0}}, {"type": "Feature", "geometry": {"type": "Point", "coordinates": [-71.805955, -16.5990311]}, "properties": {"rol": "seguidor", "id": "TR-06_2-082", "tipo": "completo", "axis_azimuth": 0, "punto": "eje de unidad (no el motor)", "ncu": 11, "gw": 2, "axis_tilt": 0, "max_angle": 55, "backtrack": true, "gcr": 0.3843, "cross_axis_tilt": 0}}, {"type": "Feature", "geometry": {"type": "Point", "coordinates": [-71.8058389, -16.5990327]}, "properties": {"rol": "seguidor", "id": "TR-06_2-083", "tipo": "completo", "axis_azimuth": 0, "punto": "eje de unidad (no el motor)", "ncu": 11, "gw": 2, "axis_tilt": 0, "max_angle": 55, "backtrack": true, "gcr": 0.3843, "cross_axis_tilt": 0}}, {"type": "Feature", "geometry": {"type": "Point", "coordinates": [-71.8057228, -16.5990343]}, "properties": {"rol": "seguidor", "id": "TR-06_2-084", "tipo": "completo", "axis_azimuth": 0, "punto": "eje de unidad (no el motor)", "ncu": 11, "gw": 2, "axis_tilt": 0, "max_angle": 55, "backtrack": true, "gcr": 0.3843, "cross_axis_tilt": 0}}, {"type": "Feature", "geometry": {"type": "Point", "coordinates": [-71.8056067, -16.5990359]}, "properties": {"rol": "seguidor", "id": "TR-06_2-085", "tipo": "completo", "axis_azimuth": 0, "punto": "eje de unidad (no el motor)", "ncu": 11, "gw": 2, "axis_tilt": 0, "max_angle": 55, "backtrack": true, "gcr": 0.3843, "cross_axis_tilt": 0}}, {"type": "Feature", "geometry": {"type": "Point", "coordinates": [-71.8054905, -16.5990374]}, "properties": {"rol": "seguidor", "id": "TR-06_2-086", "tipo": "completo", "axis_azimuth": 0, "punto": "eje de unidad (no el motor)", "ncu": 11, "gw": 2, "axis_tilt": 0, "max_angle": 55, "backtrack": true, "gcr": 0.3843, "cross_axis_tilt": 0}}, {"type": "Feature", "geometry": {"type": "Point", "coordinates": [-71.8053744, -16.599039]}, "properties": {"rol": "seguidor", "id": "TR-06_2-087", "tipo": "completo", "axis_azimuth": 0, "punto": "eje de unidad (no el motor)", "ncu": 11, "gw": 2, "axis_tilt": 0, "max_angle": 55, "backtrack": true, "gcr": 0.3843, "cross_axis_tilt": 0}}, {"type": "Feature", "geometry": {"type": "Point", "coordinates": [-71.8052583, -16.5990406]}, "properties": {"rol": "seguidor", "id": "TR-06_2-088", "tipo": "completo", "axis_azimuth": 0, "punto": "eje de unidad (no el motor)", "ncu": 11, "gw": 2, "axis_tilt": 0, "max_angle": 55, "backtrack": true, "gcr": 0.3843, "cross_axis_tilt": 0}}, {"type": "Feature", "geometry": {"type": "Point", "coordinates": [-71.8051422, -16.5990421]}, "properties": {"rol": "seguidor", "id": "TR-06_2-089", "tipo": "completo", "axis_azimuth": 0, "punto": "eje de unidad (no el motor)", "ncu": 11, "gw": 2, "axis_tilt": 0, "max_angle": 55, "backtrack": true, "gcr": 0.3843, "cross_axis_tilt": 0}}, {"type": "Feature", "geometry": {"type": "Point", "coordinates": [-71.8050261, -16.5990437]}, "properties": {"rol": "seguidor", "id": "TR-06_2-090", "tipo": "completo", "axis_azimuth": 0, "punto": "eje de unidad (no el motor)", "ncu": 11, "gw": 2, "axis_tilt": 0, "max_angle": 55, "backtrack": true, "gcr": 0.3843, "cross_axis_tilt": 0}}, {"type": "Feature", "geometry": {"type": "Point", "coordinates": [-71.80491, -16.5990453]}, "properties": {"rol": "seguidor", "id": "TR-06_2-091", "tipo": "completo", "axis_azimuth": 0, "punto": "eje de unidad (no el motor)", "ncu": 11, "gw": 2, "axis_tilt": 0, "max_angle": 55, "backtrack": true, "gcr": 0.3843, "cross_axis_tilt": 0}}, {"type": "Feature", "geometry": {"type": "Point", "coordinates": [-71.8047939, -16.5990468]}, "properties": {"rol": "seguidor", "id": "TR-06_2-092", "tipo": "completo", "axis_azimuth": 0, "punto": "eje de unidad (no el motor)", "ncu": 11, "gw": 2, "axis_tilt": 0, "max_angle": 55, "backtrack": true, "gcr": 0.3843, "cross_axis_tilt": 0}}, {"type": "Feature", "geometry": {"type": "Point", "coordinates": [-71.8046778, -16.5990484]}, "properties": {"rol": "seguidor", "id": "TR-06_2-093", "tipo": "completo", "axis_azimuth": 0, "punto": "eje de unidad (no el motor)", "ncu": 11, "gw": 2, "axis_tilt": 0, "max_angle": 55, "backtrack": true, "gcr": 0.3843, "cross_axis_tilt": 0}}, {"type": "Feature", "geometry": {"type": "Point", "coordinates": [-71.8045617, -16.59905]}, "properties": {"rol": "seguidor", "id": "TR-06_2-094", "tipo": "completo", "axis_azimuth": 0, "punto": "eje de unidad (no el motor)", "ncu": 11, "gw": 2, "axis_tilt": 0, "max_angle": 55, "backtrack": true, "gcr": 0.3843, "cross_axis_tilt": 0}}, {"type": "Feature", "geometry": {"type": "Point", "coordinates": [-71.8044456, -16.5990515]}, "properties": {"rol": "seguidor", "id": "TR-06_2-095", "tipo": "completo", "axis_azimuth": 0, "punto": "eje de unidad (no el motor)", "ncu": 11, "gw": 2, "axis_tilt": 0, "max_angle": 55, "backtrack": true, "gcr": 0.3843, "cross_axis_tilt": 0}}, {"type": "Feature", "geometry": {"type": "Point", "coordinates": [-71.8043304, -16.5990531]}, "properties": {"rol": "seguidor", "id": "TR-06_2-096", "tipo": "completo", "axis_azimuth": 0, "punto": "eje de unidad (no el motor)", "ncu": 11, "gw": 2, "axis_tilt": 0, "max_angle": 55, "backtrack": true, "gcr": 0.3843, "cross_axis_tilt": 0}}, {"type": "Feature", "geometry": {"type": "Point", "coordinates": [-71.8042143, -16.5990546]}, "properties": {"rol": "seguidor", "id": "TR-06_2-097", "tipo": "completo", "axis_azimuth": 0, "punto": "eje de unidad (no el motor)", "ncu": 11, "gw": 2, "axis_tilt": 0, "max_angle": 55, "backtrack": true, "gcr": 0.3843, "cross_axis_tilt": 0}}, {"type": "Feature", "geometry": {"type": "Point", "coordinates": [-71.8040982, -16.5990562]}, "properties": {"rol": "seguidor", "id": "TR-06_2-098", "tipo": "completo", "axis_azimuth": 0, "punto": "eje de unidad (no el motor)", "ncu": 11, "gw": 2, "axis_tilt": 0, "max_angle": 55, "backtrack": true, "gcr": 0.3843, "cross_axis_tilt": 0}}, {"type": "Feature", "geometry": {"type": "Point", "coordinates": [-71.8063132, -16.5997045]}, "properties": {"rol": "seguidor", "id": "TR-06_2-099", "tipo": "completo", "axis_azimuth": 0, "punto": "eje de unidad (no el motor)", "ncu": 11, "gw": 2, "axis_tilt": 0, "max_angle": 55, "backtrack": true, "gcr": 0.3843, "cross_axis_tilt": 0}}, {"type": "Feature", "geometry": {"type": "Point", "coordinates": [-71.806197, -16.5997061]}, "properties": {"rol": "seguidor", "id": "TR-06_2-100", "tipo": "completo", "axis_azimuth": 0, "punto": "eje de unidad (no el motor)", "ncu": 11, "gw": 2, "axis_tilt": 0, "max_angle": 55, "backtrack": true, "gcr": 0.3843, "cross_axis_tilt": 0}}, {"type": "Feature", "geometry": {"type": "Point", "coordinates": [-71.8060809, -16.5997077]}, "properties": {"rol": "seguidor", "id": "TR-06_2-101", "tipo": "completo", "axis_azimuth": 0, "punto": "eje de unidad (no el motor)", "ncu": 11, "gw": 2, "axis_tilt": 0, "max_angle": 55, "backtrack": true, "gcr": 0.3843, "cross_axis_tilt": 0}}, {"type": "Feature", "geometry": {"type": "Point", "coordinates": [-71.8059648, -16.5997092]}, "properties": {"rol": "seguidor", "id": "TR-06_2-102", "tipo": "completo", "axis_azimuth": 0, "punto": "eje de unidad (no el motor)", "ncu": 11, "gw": 2, "axis_tilt": 0, "max_angle": 55, "backtrack": true, "gcr": 0.3843, "cross_axis_tilt": 0}}, {"type": "Feature", "geometry": {"type": "Point", "coordinates": [-71.8058487, -16.5997108]}, "properties": {"rol": "seguidor", "id": "TR-06_2-103", "tipo": "completo", "axis_azimuth": 0, "punto": "eje de unidad (no el motor)", "ncu": 11, "gw": 2, "axis_tilt": 0, "max_angle": 55, "backtrack": true, "gcr": 0.3843, "cross_axis_tilt": 0}}, {"type": "Feature", "geometry": {"type": "Point", "coordinates": [-71.8057326, -16.5997124]}, "properties": {"rol": "seguidor", "id": "TR-06_2-104", "tipo": "completo", "axis_azimuth": 0, "punto": "eje de unidad (no el motor)", "ncu": 11, "gw": 2, "axis_tilt": 0, "max_angle": 55, "backtrack": true, "gcr": 0.3843, "cross_axis_tilt": 0}}, {"type": "Feature", "geometry": {"type": "Point", "coordinates": [-71.8056165, -16.5997139]}, "properties": {"rol": "seguidor", "id": "TR-06_2-105", "tipo": "completo", "axis_azimuth": 0, "punto": "eje de unidad (no el motor)", "ncu": 11, "gw": 2, "axis_tilt": 0, "max_angle": 55, "backtrack": true, "gcr": 0.3843, "cross_axis_tilt": 0}}, {"type": "Feature", "geometry": {"type": "Point", "coordinates": [-71.8055004, -16.5997155]}, "properties": {"rol": "seguidor", "id": "TR-06_2-106", "tipo": "completo", "axis_azimuth": 0, "punto": "eje de unidad (no el motor)", "ncu": 11, "gw": 2, "axis_tilt": 0, "max_angle": 55, "backtrack": true, "gcr": 0.3843, "cross_axis_tilt": 0}}, {"type": "Feature", "geometry": {"type": "Point", "coordinates": [-71.8053843, -16.5997171]}, "properties": {"rol": "seguidor", "id": "TR-06_2-107", "tipo": "completo", "axis_azimuth": 0, "punto": "eje de unidad (no el motor)", "ncu": 11, "gw": 2, "axis_tilt": 0, "max_angle": 55, "backtrack": true, "gcr": 0.3843, "cross_axis_tilt": 0}}, {"type": "Feature", "geometry": {"type": "Point", "coordinates": [-71.8052682, -16.5997186]}, "properties": {"rol": "seguidor", "id": "TR-06_2-108", "tipo": "completo", "axis_azimuth": 0, "punto": "eje de unidad (no el motor)", "ncu": 11, "gw": 2, "axis_tilt": 0, "max_angle": 55, "backtrack": true, "gcr": 0.3843, "cross_axis_tilt": 0}}, {"type": "Feature", "geometry": {"type": "Point", "coordinates": [-71.8051521, -16.5997202]}, "properties": {"rol": "seguidor", "id": "TR-06_2-109", "tipo": "completo", "axis_azimuth": 0, "punto": "eje de unidad (no el motor)", "ncu": 11, "gw": 2, "axis_tilt": 0, "max_angle": 55, "backtrack": true, "gcr": 0.3843, "cross_axis_tilt": 0}}, {"type": "Feature", "geometry": {"type": "Point", "coordinates": [-71.805036, -16.5997218]}, "properties": {"rol": "seguidor", "id": "TR-06_2-110", "tipo": "completo", "axis_azimuth": 0, "punto": "eje de unidad (no el motor)", "ncu": 11, "gw": 2, "axis_tilt": 0, "max_angle": 55, "backtrack": true, "gcr": 0.3843, "cross_axis_tilt": 0}}, {"type": "Feature", "geometry": {"type": "Point", "coordinates": [-71.8049198, -16.5997233]}, "properties": {"rol": "seguidor", "id": "TR-06_2-111", "tipo": "completo", "axis_azimuth": 0, "punto": "eje de unidad (no el motor)", "ncu": 11, "gw": 2, "axis_tilt": 0, "max_angle": 55, "backtrack": true, "gcr": 0.3843, "cross_axis_tilt": 0}}, {"type": "Feature", "geometry": {"type": "Point", "coordinates": [-71.8048037, -16.5997249]}, "properties": {"rol": "seguidor", "id": "TR-06_2-112", "tipo": "completo", "axis_azimuth": 0, "punto": "eje de unidad (no el motor)", "ncu": 11, "gw": 2, "axis_tilt": 0, "max_angle": 55, "backtrack": true, "gcr": 0.3843, "cross_axis_tilt": 0}}, {"type": "Feature", "geometry": {"type": "Point", "coordinates": [-71.8046876, -16.5997265]}, "properties": {"rol": "seguidor", "id": "TR-06_2-113", "tipo": "completo", "axis_azimuth": 0, "punto": "eje de unidad (no el motor)", "ncu": 11, "gw": 2, "axis_tilt": 0, "max_angle": 55, "backtrack": true, "gcr": 0.3843, "cross_axis_tilt": 0}}, {"type": "Feature", "geometry": {"type": "Point", "coordinates": [-71.8045715, -16.599728]}, "properties": {"rol": "seguidor", "id": "TR-06_2-114", "tipo": "completo", "axis_azimuth": 0, "punto": "eje de unidad (no el motor)", "ncu": 11, "gw": 2, "axis_tilt": 0, "max_angle": 55, "backtrack": true, "gcr": 0.3843, "cross_axis_tilt": 0}}, {"type": "Feature", "geometry": {"type": "Point", "coordinates": [-71.8044554, -16.5997296]}, "properties": {"rol": "seguidor", "id": "TR-06_2-115", "tipo": "completo", "axis_azimuth": 0, "punto": "eje de unidad (no el motor)", "ncu": 11, "gw": 2, "axis_tilt": 0, "max_angle": 55, "backtrack": true, "gcr": 0.3843, "cross_axis_tilt": 0}}, {"type": "Feature", "geometry": {"type": "Point", "coordinates": [-71.8043402, -16.5997312]}, "properties": {"rol": "seguidor", "id": "TR-06_2-116", "tipo": "completo", "axis_azimuth": 0, "punto": "eje de unidad (no el motor)", "ncu": 11, "gw": 2, "axis_tilt": 0, "max_angle": 55, "backtrack": true, "gcr": 0.3843, "cross_axis_tilt": 0}}, {"type": "Feature", "geometry": {"type": "Point", "coordinates": [-71.8042241, -16.5997327]}, "properties": {"rol": "seguidor", "id": "TR-06_2-117", "tipo": "completo", "axis_azimuth": 0, "punto": "eje de unidad (no el motor)", "ncu": 11, "gw": 2, "axis_tilt": 0, "max_angle": 55, "backtrack": true, "gcr": 0.3843, "cross_axis_tilt": 0}}, {"type": "Feature", "geometry": {"type": "Point", "coordinates": [-71.804108, -16.5997343]}, "properties": {"rol": "seguidor", "id": "TR-06_2-118", "tipo": "completo", "axis_azimuth": 0, "punto": "eje de unidad (no el motor)", "ncu": 11, "gw": 2, "axis_tilt": 0, "max_angle": 55, "backtrack": true, "gcr": 0.3843, "cross_axis_tilt": 0}}, {"type": "Feature", "geometry": {"type": "Point", "coordinates": [-71.8039663, -16.5900299]}, "properties": {"rol": "seguidor", "id": "TR-07_1-001", "tipo": "completo", "axis_azimuth": 0, "punto": "eje de unidad (no el motor)", "ncu": 12, "gw": 1, "axis_tilt": 0, "max_angle": 55, "backtrack": true, "gcr": 0.3843, "cross_axis_tilt": 0}}, {"type": "Feature", "geometry": {"type": "Point", "coordinates": [-71.8038502, -16.5900315]}, "properties": {"rol": "seguidor", "id": "TR-07_1-002", "tipo": "completo", "axis_azimuth": 0, "punto": "eje de unidad (no el motor)", "ncu": 12, "gw": 1, "axis_tilt": 0, "max_angle": 55, "backtrack": true, "gcr": 0.3843, "cross_axis_tilt": 0}}, {"type": "Feature", "geometry": {"type": "Point", "coordinates": [-71.8037341, -16.590033]}, "properties": {"rol": "seguidor", "id": "TR-07_1-003", "tipo": "completo", "axis_azimuth": 0, "punto": "eje de unidad (no el motor)", "ncu": 12, "gw": 1, "axis_tilt": 0, "max_angle": 55, "backtrack": true, "gcr": 0.3843, "cross_axis_tilt": 0}}, {"type": "Feature", "geometry": {"type": "Point", "coordinates": [-71.8036189, -16.5900346]}, "properties": {"rol": "seguidor", "id": "TR-07_1-004", "tipo": "completo", "axis_azimuth": 0, "punto": "eje de unidad (no el motor)", "ncu": 12, "gw": 1, "axis_tilt": 0, "max_angle": 55, "backtrack": true, "gcr": 0.3843, "cross_axis_tilt": 0}}, {"type": "Feature", "geometry": {"type": "Point", "coordinates": [-71.8035028, -16.5900362]}, "properties": {"rol": "seguidor", "id": "TR-07_1-005", "tipo": "completo", "axis_azimuth": 0, "punto": "eje de unidad (no el motor)", "ncu": 12, "gw": 1, "axis_tilt": 0, "max_angle": 55, "backtrack": true, "gcr": 0.3843, "cross_axis_tilt": 0}}, {"type": "Feature", "geometry": {"type": "Point", "coordinates": [-71.8033867, -16.5900377]}, "properties": {"rol": "seguidor", "id": "TR-07_1-006", "tipo": "completo", "axis_azimuth": 0, "punto": "eje de unidad (no el motor)", "ncu": 12, "gw": 1, "axis_tilt": 0, "max_angle": 55, "backtrack": true, "gcr": 0.3843, "cross_axis_tilt": 0}}, {"type": "Feature", "geometry": {"type": "Point", "coordinates": [-71.8020307, -16.5901698]}, "properties": {"rol": "seguidor", "id": "TR-07_1-007", "tipo": "completo", "axis_azimuth": 0, "punto": "eje de unidad (no el motor)", "ncu": 12, "gw": 2, "axis_tilt": 0, "max_angle": 55, "backtrack": true, "gcr": 0.3843, "cross_axis_tilt": 0}}, {"type": "Feature", "geometry": {"type": "Point", "coordinates": [-71.8019146, -16.5901714]}, "properties": {"rol": "seguidor", "id": "TR-07_1-008", "tipo": "completo", "axis_azimuth": 0, "punto": "eje de unidad (no el motor)", "ncu": 12, "gw": 2, "axis_tilt": 0, "max_angle": 55, "backtrack": true, "gcr": 0.3843, "cross_axis_tilt": 0}}, {"type": "Feature", "geometry": {"type": "Point", "coordinates": [-71.8039761, -16.590708]}, "properties": {"rol": "seguidor", "id": "TR-07_1-009", "tipo": "completo", "axis_azimuth": 0, "punto": "eje de unidad (no el motor)", "ncu": 12, "gw": 1, "axis_tilt": 0, "max_angle": 55, "backtrack": true, "gcr": 0.3843, "cross_axis_tilt": 0}}, {"type": "Feature", "geometry": {"type": "Point", "coordinates": [-71.80386, -16.5907096]}, "properties": {"rol": "seguidor", "id": "TR-07_1-010", "tipo": "completo", "axis_azimuth": 0, "punto": "eje de unidad (no el motor)", "ncu": 12, "gw": 1, "axis_tilt": 0, "max_angle": 55, "backtrack": true, "gcr": 0.3843, "cross_axis_tilt": 0}}, {"type": "Feature", "geometry": {"type": "Point", "coordinates": [-71.8037439, -16.5907111]}, "properties": {"rol": "seguidor", "id": "TR-07_1-011", "tipo": "completo", "axis_azimuth": 0, "punto": "eje de unidad (no el motor)", "ncu": 12, "gw": 1, "axis_tilt": 0, "max_angle": 55, "backtrack": true, "gcr": 0.3843, "cross_axis_tilt": 0}}, {"type": "Feature", "geometry": {"type": "Point", "coordinates": [-71.8036287, -16.5907127]}, "properties": {"rol": "seguidor", "id": "TR-07_1-012", "tipo": "completo", "axis_azimuth": 0, "punto": "eje de unidad (no el motor)", "ncu": 12, "gw": 1, "axis_tilt": 0, "max_angle": 55, "backtrack": true, "gcr": 0.3843, "cross_axis_tilt": 0}}, {"type": "Feature", "geometry": {"type": "Point", "coordinates": [-71.8035126, -16.5907142]}, "properties": {"rol": "seguidor", "id": "TR-07_1-013", "tipo": "completo", "axis_azimuth": 0, "punto": "eje de unidad (no el motor)", "ncu": 12, "gw": 1, "axis_tilt": 0, "max_angle": 55, "backtrack": true, "gcr": 0.3843, "cross_axis_tilt": 0}}, {"type": "Feature", "geometry": {"type": "Point", "coordinates": [-71.8033965, -16.5907158]}, "properties": {"rol": "seguidor", "id": "TR-07_1-014", "tipo": "completo", "axis_azimuth": 0, "punto": "eje de unidad (no el motor)", "ncu": 12, "gw": 1, "axis_tilt": 0, "max_angle": 55, "backtrack": true, "gcr": 0.3843, "cross_axis_tilt": 0}}, {"type": "Feature", "geometry": {"type": "Point", "coordinates": [-71.8020405, -16.5908479]}, "properties": {"rol": "seguidor", "id": "TR-07_1-015", "tipo": "completo", "axis_azimuth": 0, "punto": "eje de unidad (no el motor)", "ncu": 12, "gw": 2, "axis_tilt": 0, "max_angle": 55, "backtrack": true, "gcr": 0.3843, "cross_axis_tilt": 0}}, {"type": "Feature", "geometry": {"type": "Point", "coordinates": [-71.8019244, -16.5908494]}, "properties": {"rol": "seguidor", "id": "TR-07_1-016", "tipo": "completo", "axis_azimuth": 0, "punto": "eje de unidad (no el motor)", "ncu": 12, "gw": 2, "axis_tilt": 0, "max_angle": 55, "backtrack": true, "gcr": 0.3843, "cross_axis_tilt": 0}}, {"type": "Feature", "geometry": {"type": "Point", "coordinates": [-71.8018083, -16.590851]}, "properties": {"rol": "seguidor", "id": "TR-07_1-017", "tipo": "completo", "axis_azimuth": 0, "punto": "eje de unidad (no el motor)", "ncu": 12, "gw": 2, "axis_tilt": 0, "max_angle": 55, "backtrack": true, "gcr": 0.3843, "cross_axis_tilt": 0}}, {"type": "Feature", "geometry": {"type": "Point", "coordinates": [-71.8016922, -16.5908526]}, "properties": {"rol": "seguidor", "id": "TR-07_1-018", "tipo": "completo", "axis_azimuth": 0, "punto": "eje de unidad (no el motor)", "ncu": 12, "gw": 2, "axis_tilt": 0, "max_angle": 55, "backtrack": true, "gcr": 0.3843, "cross_axis_tilt": 0}}, {"type": "Feature", "geometry": {"type": "Point", "coordinates": [-71.801577, -16.5908541]}, "properties": {"rol": "seguidor", "id": "TR-07_1-019", "tipo": "completo", "axis_azimuth": 0, "punto": "eje de unidad (no el motor)", "ncu": 12, "gw": 2, "axis_tilt": 0, "max_angle": 55, "backtrack": true, "gcr": 0.3843, "cross_axis_tilt": 0}}, {"type": "Feature", "geometry": {"type": "Point", "coordinates": [-71.803986, -16.5913861]}, "properties": {"rol": "seguidor", "id": "TR-07_1-020", "tipo": "completo", "axis_azimuth": 0, "punto": "eje de unidad (no el motor)", "ncu": 12, "gw": 1, "axis_tilt": 0, "max_angle": 55, "backtrack": true, "gcr": 0.3843, "cross_axis_tilt": 0}}, {"type": "Feature", "geometry": {"type": "Point", "coordinates": [-71.8038699, -16.5913876]}, "properties": {"rol": "seguidor", "id": "TR-07_1-021", "tipo": "completo", "axis_azimuth": 0, "punto": "eje de unidad (no el motor)", "ncu": 12, "gw": 1, "axis_tilt": 0, "max_angle": 55, "backtrack": true, "gcr": 0.3843, "cross_axis_tilt": 0}}, {"type": "Feature", "geometry": {"type": "Point", "coordinates": [-71.8037537, -16.5913892]}, "properties": {"rol": "seguidor", "id": "TR-07_1-022", "tipo": "completo", "axis_azimuth": 0, "punto": "eje de unidad (no el motor)", "ncu": 12, "gw": 1, "axis_tilt": 0, "max_angle": 55, "backtrack": true, "gcr": 0.3843, "cross_axis_tilt": 0}}, {"type": "Feature", "geometry": {"type": "Point", "coordinates": [-71.8036386, -16.5913908]}, "properties": {"rol": "seguidor", "id": "TR-07_1-023", "tipo": "completo", "axis_azimuth": 0, "punto": "eje de unidad (no el motor)", "ncu": 12, "gw": 1, "axis_tilt": 0, "max_angle": 55, "backtrack": true, "gcr": 0.3843, "cross_axis_tilt": 0}}, {"type": "Feature", "geometry": {"type": "Point", "coordinates": [-71.8035225, -16.5913923]}, "properties": {"rol": "seguidor", "id": "TR-07_1-024", "tipo": "completo", "axis_azimuth": 0, "punto": "eje de unidad (no el motor)", "ncu": 12, "gw": 1, "axis_tilt": 0, "max_angle": 55, "backtrack": true, "gcr": 0.3843, "cross_axis_tilt": 0}}, {"type": "Feature", "geometry": {"type": "Point", "coordinates": [-71.8034064, -16.5913939]}, "properties": {"rol": "seguidor", "id": "TR-07_1-025", "tipo": "completo", "axis_azimuth": 0, "punto": "eje de unidad (no el motor)", "ncu": 12, "gw": 1, "axis_tilt": 0, "max_angle": 55, "backtrack": true, "gcr": 0.3843, "cross_axis_tilt": 0}}, {"type": "Feature", "geometry": {"type": "Point", "coordinates": [-71.8020503, -16.591526]}, "properties": {"rol": "seguidor", "id": "TR-07_1-026", "tipo": "completo", "axis_azimuth": 0, "punto": "eje de unidad (no el motor)", "ncu": 12, "gw": 2, "axis_tilt": 0, "max_angle": 55, "backtrack": true, "gcr": 0.3843, "cross_axis_tilt": 0}}, {"type": "Feature", "geometry": {"type": "Point", "coordinates": [-71.8019342, -16.5915275]}, "properties": {"rol": "seguidor", "id": "TR-07_1-027", "tipo": "completo", "axis_azimuth": 0, "punto": "eje de unidad (no el motor)", "ncu": 12, "gw": 2, "axis_tilt": 0, "max_angle": 55, "backtrack": true, "gcr": 0.3843, "cross_axis_tilt": 0}}, {"type": "Feature", "geometry": {"type": "Point", "coordinates": [-71.8018181, -16.5915291]}, "properties": {"rol": "seguidor", "id": "TR-07_1-028", "tipo": "completo", "axis_azimuth": 0, "punto": "eje de unidad (no el motor)", "ncu": 12, "gw": 2, "axis_tilt": 0, "max_angle": 55, "backtrack": true, "gcr": 0.3843, "cross_axis_tilt": 0}}, {"type": "Feature", "geometry": {"type": "Point", "coordinates": [-71.801702, -16.5915306]}, "properties": {"rol": "seguidor", "id": "TR-07_1-029", "tipo": "completo", "axis_azimuth": 0, "punto": "eje de unidad (no el motor)", "ncu": 12, "gw": 2, "axis_tilt": 0, "max_angle": 55, "backtrack": true, "gcr": 0.3843, "cross_axis_tilt": 0}}, {"type": "Feature", "geometry": {"type": "Point", "coordinates": [-71.8015868, -16.5915322]}, "properties": {"rol": "seguidor", "id": "TR-07_1-030", "tipo": "completo", "axis_azimuth": 0, "punto": "eje de unidad (no el motor)", "ncu": 12, "gw": 2, "axis_tilt": 0, "max_angle": 55, "backtrack": true, "gcr": 0.3843, "cross_axis_tilt": 0}}, {"type": "Feature", "geometry": {"type": "Point", "coordinates": [-71.8014707, -16.5915338]}, "properties": {"rol": "seguidor", "id": "TR-07_1-031", "tipo": "completo", "axis_azimuth": 0, "punto": "eje de unidad (no el motor)", "ncu": 12, "gw": 2, "axis_tilt": 0, "max_angle": 55, "backtrack": true, "gcr": 0.3843, "cross_axis_tilt": 0}}, {"type": "Feature", "geometry": {"type": "Point", "coordinates": [-71.8013546, -16.5915353]}, "properties": {"rol": "seguidor", "id": "TR-07_1-032", "tipo": "completo", "axis_azimuth": 0, "punto": "eje de unidad (no el motor)", "ncu": 12, "gw": 2, "axis_tilt": 0, "max_angle": 55, "backtrack": true, "gcr": 0.3843, "cross_axis_tilt": 0}}, {"type": "Feature", "geometry": {"type": "Point", "coordinates": [-71.8012385, -16.5915369]}, "properties": {"rol": "seguidor", "id": "TR-07_1-033", "tipo": "completo", "axis_azimuth": 0, "punto": "eje de unidad (no el motor)", "ncu": 12, "gw": 2, "axis_tilt": 0, "max_angle": 55, "backtrack": true, "gcr": 0.3843, "cross_axis_tilt": 0}}, {"type": "Feature", "geometry": {"type": "Point", "coordinates": [-71.8011224, -16.5915385]}, "properties": {"rol": "seguidor", "id": "TR-07_1-034", "tipo": "completo", "axis_azimuth": 0, "punto": "eje de unidad (no el motor)", "ncu": 12, "gw": 2, "axis_tilt": 0, "max_angle": 55, "backtrack": true, "gcr": 0.3843, "cross_axis_tilt": 0}}, {"type": "Feature", "geometry": {"type": "Point", "coordinates": [-71.8039981, -16.5921553]}, "properties": {"rol": "seguidor", "id": "TR-07_1-035", "tipo": "completo", "axis_azimuth": 0, "punto": "eje de unidad (no el motor)", "ncu": 12, "gw": 1, "axis_tilt": 0, "max_angle": 55, "backtrack": true, "gcr": 0.3843, "cross_axis_tilt": 0}}, {"type": "Feature", "geometry": {"type": "Point", "coordinates": [-71.8038819, -16.5921569]}, "properties": {"rol": "seguidor", "id": "TR-07_1-036", "tipo": "completo", "axis_azimuth": 0, "punto": "eje de unidad (no el motor)", "ncu": 12, "gw": 1, "axis_tilt": 0, "max_angle": 55, "backtrack": true, "gcr": 0.3843, "cross_axis_tilt": 0}}, {"type": "Feature", "geometry": {"type": "Point", "coordinates": [-71.8037658, -16.5921585]}, "properties": {"rol": "seguidor", "id": "TR-07_1-037", "tipo": "completo", "axis_azimuth": 0, "punto": "eje de unidad (no el motor)", "ncu": 12, "gw": 1, "axis_tilt": 0, "max_angle": 55, "backtrack": true, "gcr": 0.3843, "cross_axis_tilt": 0}}, {"type": "Feature", "geometry": {"type": "Point", "coordinates": [-71.8036497, -16.59216]}, "properties": {"rol": "seguidor", "id": "TR-07_1-038", "tipo": "completo", "axis_azimuth": 0, "punto": "eje de unidad (no el motor)", "ncu": 12, "gw": 1, "axis_tilt": 0, "max_angle": 55, "backtrack": true, "gcr": 0.3843, "cross_axis_tilt": 0}}, {"type": "Feature", "geometry": {"type": "Point", "coordinates": [-71.8035336, -16.5921616]}, "properties": {"rol": "seguidor", "id": "TR-07_1-039", "tipo": "completo", "axis_azimuth": 0, "punto": "eje de unidad (no el motor)", "ncu": 12, "gw": 1, "axis_tilt": 0, "max_angle": 55, "backtrack": true, "gcr": 0.3843, "cross_axis_tilt": 0}}, {"type": "Feature", "geometry": {"type": "Point", "coordinates": [-71.8034175, -16.5921632]}, "properties": {"rol": "seguidor", "id": "TR-07_1-040", "tipo": "completo", "axis_azimuth": 0, "punto": "eje de unidad (no el motor)", "ncu": 12, "gw": 1, "axis_tilt": 0, "max_angle": 55, "backtrack": true, "gcr": 0.3843, "cross_axis_tilt": 0}}, {"type": "Feature", "geometry": {"type": "Point", "coordinates": [-71.8033014, -16.5921647]}, "properties": {"rol": "seguidor", "id": "TR-07_1-041", "tipo": "completo", "axis_azimuth": 0, "punto": "eje de unidad (no el motor)", "ncu": 12, "gw": 1, "axis_tilt": 0, "max_angle": 55, "backtrack": true, "gcr": 0.3843, "cross_axis_tilt": 0}}, {"type": "Feature", "geometry": {"type": "Point", "coordinates": [-71.8031853, -16.5921663]}, "properties": {"rol": "seguidor", "id": "TR-07_1-042", "tipo": "completo", "axis_azimuth": 0, "punto": "eje de unidad (no el motor)", "ncu": 12, "gw": 1, "axis_tilt": 0, "max_angle": 55, "backtrack": true, "gcr": 0.3843, "cross_axis_tilt": 0}}, {"type": "Feature", "geometry": {"type": "Point", "coordinates": [-71.8030692, -16.5921679]}, "properties": {"rol": "seguidor", "id": "TR-07_1-043", "tipo": "completo", "axis_azimuth": 0, "punto": "eje de unidad (no el motor)", "ncu": 12, "gw": 1, "axis_tilt": 0, "max_angle": 55, "backtrack": true, "gcr": 0.3843, "cross_axis_tilt": 0}}, {"type": "Feature", "geometry": {"type": "Point", "coordinates": [-71.8017118, -16.5922087]}, "properties": {"rol": "seguidor", "id": "TR-07_1-044", "tipo": "completo", "axis_azimuth": 0, "punto": "eje de unidad (no el motor)", "ncu": 12, "gw": 2, "axis_tilt": 0, "max_angle": 55, "backtrack": true, "gcr": 0.3843, "cross_axis_tilt": 0}}, {"type": "Feature", "geometry": {"type": "Point", "coordinates": [-71.8015967, -16.5922103]}, "properties": {"rol": "seguidor", "id": "TR-07_1-045", "tipo": "completo", "axis_azimuth": 0, "punto": "eje de unidad (no el motor)", "ncu": 12, "gw": 2, "axis_tilt": 0, "max_angle": 55, "backtrack": true, "gcr": 0.3843, "cross_axis_tilt": 0}}, {"type": "Feature", "geometry": {"type": "Point", "coordinates": [-71.8014806, -16.5922118]}, "properties": {"rol": "seguidor", "id": "TR-07_1-046", "tipo": "completo", "axis_azimuth": 0, "punto": "eje de unidad (no el motor)", "ncu": 12, "gw": 2, "axis_tilt": 0, "max_angle": 55, "backtrack": true, "gcr": 0.3843, "cross_axis_tilt": 0}}, {"type": "Feature", "geometry": {"type": "Point", "coordinates": [-71.8013645, -16.5922134]}, "properties": {"rol": "seguidor", "id": "TR-07_1-047", "tipo": "completo", "axis_azimuth": 0, "punto": "eje de unidad (no el motor)", "ncu": 12, "gw": 2, "axis_tilt": 0, "max_angle": 55, "backtrack": true, "gcr": 0.3843, "cross_axis_tilt": 0}}, {"type": "Feature", "geometry": {"type": "Point", "coordinates": [-71.8012484, -16.592215]}, "properties": {"rol": "seguidor", "id": "TR-07_1-048", "tipo": "completo", "axis_azimuth": 0, "punto": "eje de unidad (no el motor)", "ncu": 12, "gw": 2, "axis_tilt": 0, "max_angle": 55, "backtrack": true, "gcr": 0.3843, "cross_axis_tilt": 0}}, {"type": "Feature", "geometry": {"type": "Point", "coordinates": [-71.8011323, -16.5922165]}, "properties": {"rol": "seguidor", "id": "TR-07_1-049", "tipo": "completo", "axis_azimuth": 0, "punto": "eje de unidad (no el motor)", "ncu": 12, "gw": 2, "axis_tilt": 0, "max_angle": 55, "backtrack": true, "gcr": 0.3843, "cross_axis_tilt": 0}}, {"type": "Feature", "geometry": {"type": "Point", "coordinates": [-71.8010161, -16.5922181]}, "properties": {"rol": "seguidor", "id": "TR-07_1-050", "tipo": "completo", "axis_azimuth": 0, "punto": "eje de unidad (no el motor)", "ncu": 12, "gw": 2, "axis_tilt": 0, "max_angle": 55, "backtrack": true, "gcr": 0.3843, "cross_axis_tilt": 0}}, {"type": "Feature", "geometry": {"type": "Point", "coordinates": [-71.8009, -16.5922197]}, "properties": {"rol": "seguidor", "id": "TR-07_1-051", "tipo": "completo", "axis_azimuth": 0, "punto": "eje de unidad (no el motor)", "ncu": 12, "gw": 2, "axis_tilt": 0, "max_angle": 55, "backtrack": true, "gcr": 0.3843, "cross_axis_tilt": 0}}, {"type": "Feature", "geometry": {"type": "Point", "coordinates": [-71.8007839, -16.5922212]}, "properties": {"rol": "seguidor", "id": "TR-07_1-052", "tipo": "completo", "axis_azimuth": 0, "punto": "eje de unidad (no el motor)", "ncu": 12, "gw": 2, "axis_tilt": 0, "max_angle": 55, "backtrack": true, "gcr": 0.3843, "cross_axis_tilt": 0}}, {"type": "Feature", "geometry": {"type": "Point", "coordinates": [-71.8006678, -16.5922228]}, "properties": {"rol": "seguidor", "id": "TR-07_1-053", "tipo": "completo", "axis_azimuth": 0, "punto": "eje de unidad (no el motor)", "ncu": 12, "gw": 2, "axis_tilt": 0, "max_angle": 55, "backtrack": true, "gcr": 0.3843, "cross_axis_tilt": 0}}, {"type": "Feature", "geometry": {"type": "Point", "coordinates": [-71.8040079, -16.5928334]}, "properties": {"rol": "seguidor", "id": "TR-07_1-054", "tipo": "completo", "axis_azimuth": 0, "punto": "eje de unidad (no el motor)", "ncu": 12, "gw": 1, "axis_tilt": 0, "max_angle": 55, "backtrack": true, "gcr": 0.3843, "cross_axis_tilt": 0}}, {"type": "Feature", "geometry": {"type": "Point", "coordinates": [-71.8038918, -16.592835]}, "properties": {"rol": "seguidor", "id": "TR-07_1-055", "tipo": "completo", "axis_azimuth": 0, "punto": "eje de unidad (no el motor)", "ncu": 12, "gw": 1, "axis_tilt": 0, "max_angle": 55, "backtrack": true, "gcr": 0.3843, "cross_axis_tilt": 0}}, {"type": "Feature", "geometry": {"type": "Point", "coordinates": [-71.8037757, -16.5928365]}, "properties": {"rol": "seguidor", "id": "TR-07_1-056", "tipo": "completo", "axis_azimuth": 0, "punto": "eje de unidad (no el motor)", "ncu": 12, "gw": 1, "axis_tilt": 0, "max_angle": 55, "backtrack": true, "gcr": 0.3843, "cross_axis_tilt": 0}}, {"type": "Feature", "geometry": {"type": "Point", "coordinates": [-71.8036596, -16.5928381]}, "properties": {"rol": "seguidor", "id": "TR-07_1-057", "tipo": "completo", "axis_azimuth": 0, "punto": "eje de unidad (no el motor)", "ncu": 12, "gw": 1, "axis_tilt": 0, "max_angle": 55, "backtrack": true, "gcr": 0.3843, "cross_axis_tilt": 0}}, {"type": "Feature", "geometry": {"type": "Point", "coordinates": [-71.8035435, -16.5928397]}, "properties": {"rol": "seguidor", "id": "TR-07_1-058", "tipo": "completo", "axis_azimuth": 0, "punto": "eje de unidad (no el motor)", "ncu": 12, "gw": 1, "axis_tilt": 0, "max_angle": 55, "backtrack": true, "gcr": 0.3843, "cross_axis_tilt": 0}}, {"type": "Feature", "geometry": {"type": "Point", "coordinates": [-71.8034274, -16.5928412]}, "properties": {"rol": "seguidor", "id": "TR-07_1-059", "tipo": "completo", "axis_azimuth": 0, "punto": "eje de unidad (no el motor)", "ncu": 12, "gw": 1, "axis_tilt": 0, "max_angle": 55, "backtrack": true, "gcr": 0.3843, "cross_axis_tilt": 0}}, {"type": "Feature", "geometry": {"type": "Point", "coordinates": [-71.8033113, -16.5928428]}, "properties": {"rol": "seguidor", "id": "TR-07_1-060", "tipo": "completo", "axis_azimuth": 0, "punto": "eje de unidad (no el motor)", "ncu": 12, "gw": 1, "axis_tilt": 0, "max_angle": 55, "backtrack": true, "gcr": 0.3843, "cross_axis_tilt": 0}}, {"type": "Feature", "geometry": {"type": "Point", "coordinates": [-71.8031951, -16.5928444]}, "properties": {"rol": "seguidor", "id": "TR-07_1-061", "tipo": "completo", "axis_azimuth": 0, "punto": "eje de unidad (no el motor)", "ncu": 12, "gw": 1, "axis_tilt": 0, "max_angle": 55, "backtrack": true, "gcr": 0.3843, "cross_axis_tilt": 0}}, {"type": "Feature", "geometry": {"type": "Point", "coordinates": [-71.803079, -16.5928459]}, "properties": {"rol": "seguidor", "id": "TR-07_1-062", "tipo": "completo", "axis_azimuth": 0, "punto": "eje de unidad (no el motor)", "ncu": 12, "gw": 1, "axis_tilt": 0, "max_angle": 55, "backtrack": true, "gcr": 0.3843, "cross_axis_tilt": 0}}, {"type": "Feature", "geometry": {"type": "Point", "coordinates": [-71.8029629, -16.5928475]}, "properties": {"rol": "seguidor", "id": "TR-07_1-063", "tipo": "completo", "axis_azimuth": 0, "punto": "eje de unidad (no el motor)", "ncu": 12, "gw": 1, "axis_tilt": 0, "max_angle": 55, "backtrack": true, "gcr": 0.3843, "cross_axis_tilt": 0}}, {"type": "Feature", "geometry": {"type": "Point", "coordinates": [-71.8028468, -16.5928491]}, "properties": {"rol": "seguidor", "id": "TR-07_1-064", "tipo": "completo", "axis_azimuth": 0, "punto": "eje de unidad (no el motor)", "ncu": 12, "gw": 1, "axis_tilt": 0, "max_angle": 55, "backtrack": true, "gcr": 0.3843, "cross_axis_tilt": 0}}, {"type": "Feature", "geometry": {"type": "Point", "coordinates": [-71.8027307, -16.5928506]}, "properties": {"rol": "seguidor", "id": "TR-07_1-065", "tipo": "completo", "axis_azimuth": 0, "punto": "eje de unidad (no el motor)", "ncu": 12, "gw": 1, "axis_tilt": 0, "max_angle": 55, "backtrack": true, "gcr": 0.3843, "cross_axis_tilt": 0}}, {"type": "Feature", "geometry": {"type": "Point", "coordinates": [-71.8026146, -16.5928522]}, "properties": {"rol": "seguidor", "id": "TR-07_1-066", "tipo": "completo", "axis_azimuth": 0, "punto": "eje de unidad (no el motor)", "ncu": 12, "gw": 1, "axis_tilt": 0, "max_angle": 55, "backtrack": true, "gcr": 0.3843, "cross_axis_tilt": 0}}, {"type": "Feature", "geometry": {"type": "Point", "coordinates": [-71.8014005, -16.5930185]}, "properties": {"rol": "seguidor", "id": "TR-07_1-067", "tipo": "completo", "axis_azimuth": 0, "punto": "eje de unidad (no el motor)", "ncu": 12, "gw": 2, "axis_tilt": 0, "max_angle": 55, "backtrack": true, "gcr": 0.3843, "cross_axis_tilt": 0}}, {"type": "Feature", "geometry": {"type": "Point", "coordinates": [-71.8012853, -16.59302]}, "properties": {"rol": "seguidor", "id": "TR-07_1-068", "tipo": "completo", "axis_azimuth": 0, "punto": "eje de unidad (no el motor)", "ncu": 12, "gw": 2, "axis_tilt": 0, "max_angle": 55, "backtrack": true, "gcr": 0.3843, "cross_axis_tilt": 0}}, {"type": "Feature", "geometry": {"type": "Point", "coordinates": [-71.8011692, -16.5930216]}, "properties": {"rol": "seguidor", "id": "TR-07_1-069", "tipo": "completo", "axis_azimuth": 0, "punto": "eje de unidad (no el motor)", "ncu": 12, "gw": 2, "axis_tilt": 0, "max_angle": 55, "backtrack": true, "gcr": 0.3843, "cross_axis_tilt": 0}}, {"type": "Feature", "geometry": {"type": "Point", "coordinates": [-71.8010531, -16.5930232]}, "properties": {"rol": "seguidor", "id": "TR-07_1-070", "tipo": "completo", "axis_azimuth": 0, "punto": "eje de unidad (no el motor)", "ncu": 12, "gw": 2, "axis_tilt": 0, "max_angle": 55, "backtrack": true, "gcr": 0.3843, "cross_axis_tilt": 0}}, {"type": "Feature", "geometry": {"type": "Point", "coordinates": [-71.800937, -16.5930247]}, "properties": {"rol": "seguidor", "id": "TR-07_1-071", "tipo": "completo", "axis_azimuth": 0, "punto": "eje de unidad (no el motor)", "ncu": 12, "gw": 2, "axis_tilt": 0, "max_angle": 55, "backtrack": true, "gcr": 0.3843, "cross_axis_tilt": 0}}, {"type": "Feature", "geometry": {"type": "Point", "coordinates": [-71.8008209, -16.5930263]}, "properties": {"rol": "seguidor", "id": "TR-07_1-072", "tipo": "completo", "axis_azimuth": 0, "punto": "eje de unidad (no el motor)", "ncu": 12, "gw": 2, "axis_tilt": 0, "max_angle": 55, "backtrack": true, "gcr": 0.3843, "cross_axis_tilt": 0}}, {"type": "Feature", "geometry": {"type": "Point", "coordinates": [-71.8007048, -16.5930278]}, "properties": {"rol": "seguidor", "id": "TR-07_1-073", "tipo": "completo", "axis_azimuth": 0, "punto": "eje de unidad (no el motor)", "ncu": 12, "gw": 2, "axis_tilt": 0, "max_angle": 55, "backtrack": true, "gcr": 0.3843, "cross_axis_tilt": 0}}, {"type": "Feature", "geometry": {"type": "Point", "coordinates": [-71.8005887, -16.5930294]}, "properties": {"rol": "seguidor", "id": "TR-07_1-074", "tipo": "completo", "axis_azimuth": 0, "punto": "eje de unidad (no el motor)", "ncu": 12, "gw": 2, "axis_tilt": 0, "max_angle": 55, "backtrack": true, "gcr": 0.3843, "cross_axis_tilt": 0}}, {"type": "Feature", "geometry": {"type": "Point", "coordinates": [-71.8004726, -16.593031]}, "properties": {"rol": "seguidor", "id": "TR-07_1-075", "tipo": "completo", "axis_azimuth": 0, "punto": "eje de unidad (no el motor)", "ncu": 12, "gw": 2, "axis_tilt": 0, "max_angle": 55, "backtrack": true, "gcr": 0.3843, "cross_axis_tilt": 0}}, {"type": "Feature", "geometry": {"type": "Point", "coordinates": [-71.8003565, -16.5930325]}, "properties": {"rol": "seguidor", "id": "TR-07_1-076", "tipo": "completo", "axis_azimuth": 0, "punto": "eje de unidad (no el motor)", "ncu": 12, "gw": 2, "axis_tilt": 0, "max_angle": 55, "backtrack": true, "gcr": 0.3843, "cross_axis_tilt": 0}}, {"type": "Feature", "geometry": {"type": "Point", "coordinates": [-71.8002404, -16.5930341]}, "properties": {"rol": "seguidor", "id": "TR-07_1-077", "tipo": "completo", "axis_azimuth": 0, "punto": "eje de unidad (no el motor)", "ncu": 12, "gw": 2, "axis_tilt": 0, "max_angle": 55, "backtrack": true, "gcr": 0.3843, "cross_axis_tilt": 0}}, {"type": "Feature", "geometry": {"type": "Point", "coordinates": [-71.8001242, -16.5930357]}, "properties": {"rol": "seguidor", "id": "TR-07_1-078", "tipo": "completo", "axis_azimuth": 0, "punto": "eje de unidad (no el motor)", "ncu": 12, "gw": 2, "axis_tilt": 0, "max_angle": 55, "backtrack": true, "gcr": 0.3843, "cross_axis_tilt": 0}}, {"type": "Feature", "geometry": {"type": "Point", "coordinates": [-71.8040177, -16.5935115]}, "properties": {"rol": "seguidor", "id": "TR-07_1-079", "tipo": "completo", "axis_azimuth": 0, "punto": "eje de unidad (no el motor)", "ncu": 12, "gw": 1, "axis_tilt": 0, "max_angle": 55, "backtrack": true, "gcr": 0.3843, "cross_axis_tilt": 0}}, {"type": "Feature", "geometry": {"type": "Point", "coordinates": [-71.8039016, -16.5935131]}, "properties": {"rol": "seguidor", "id": "TR-07_1-080", "tipo": "completo", "axis_azimuth": 0, "punto": "eje de unidad (no el motor)", "ncu": 12, "gw": 1, "axis_tilt": 0, "max_angle": 55, "backtrack": true, "gcr": 0.3843, "cross_axis_tilt": 0}}, {"type": "Feature", "geometry": {"type": "Point", "coordinates": [-71.8037855, -16.5935146]}, "properties": {"rol": "seguidor", "id": "TR-07_1-081", "tipo": "completo", "axis_azimuth": 0, "punto": "eje de unidad (no el motor)", "ncu": 12, "gw": 1, "axis_tilt": 0, "max_angle": 55, "backtrack": true, "gcr": 0.3843, "cross_axis_tilt": 0}}, {"type": "Feature", "geometry": {"type": "Point", "coordinates": [-71.8036694, -16.5935162]}, "properties": {"rol": "seguidor", "id": "TR-07_1-082", "tipo": "completo", "axis_azimuth": 0, "punto": "eje de unidad (no el motor)", "ncu": 12, "gw": 1, "axis_tilt": 0, "max_angle": 55, "backtrack": true, "gcr": 0.3843, "cross_axis_tilt": 0}}, {"type": "Feature", "geometry": {"type": "Point", "coordinates": [-71.8035533, -16.5935178]}, "properties": {"rol": "seguidor", "id": "TR-07_1-083", "tipo": "completo", "axis_azimuth": 0, "punto": "eje de unidad (no el motor)", "ncu": 12, "gw": 1, "axis_tilt": 0, "max_angle": 55, "backtrack": true, "gcr": 0.3843, "cross_axis_tilt": 0}}, {"type": "Feature", "geometry": {"type": "Point", "coordinates": [-71.8034372, -16.5935193]}, "properties": {"rol": "seguidor", "id": "TR-07_1-084", "tipo": "completo", "axis_azimuth": 0, "punto": "eje de unidad (no el motor)", "ncu": 12, "gw": 1, "axis_tilt": 0, "max_angle": 55, "backtrack": true, "gcr": 0.3843, "cross_axis_tilt": 0}}, {"type": "Feature", "geometry": {"type": "Point", "coordinates": [-71.8033211, -16.5935209]}, "properties": {"rol": "seguidor", "id": "TR-07_1-085", "tipo": "completo", "axis_azimuth": 0, "punto": "eje de unidad (no el motor)", "ncu": 12, "gw": 1, "axis_tilt": 0, "max_angle": 55, "backtrack": true, "gcr": 0.3843, "cross_axis_tilt": 0}}, {"type": "Feature", "geometry": {"type": "Point", "coordinates": [-71.803205, -16.5935225]}, "properties": {"rol": "seguidor", "id": "TR-07_1-086", "tipo": "completo", "axis_azimuth": 0, "punto": "eje de unidad (no el motor)", "ncu": 12, "gw": 1, "axis_tilt": 0, "max_angle": 55, "backtrack": true, "gcr": 0.3843, "cross_axis_tilt": 0}}, {"type": "Feature", "geometry": {"type": "Point", "coordinates": [-71.8030889, -16.593524]}, "properties": {"rol": "seguidor", "id": "TR-07_1-087", "tipo": "completo", "axis_azimuth": 0, "punto": "eje de unidad (no el motor)", "ncu": 12, "gw": 1, "axis_tilt": 0, "max_angle": 55, "backtrack": true, "gcr": 0.3843, "cross_axis_tilt": 0}}, {"type": "Feature", "geometry": {"type": "Point", "coordinates": [-71.8029728, -16.5935256]}, "properties": {"rol": "seguidor", "id": "TR-07_1-088", "tipo": "completo", "axis_azimuth": 0, "punto": "eje de unidad (no el motor)", "ncu": 12, "gw": 1, "axis_tilt": 0, "max_angle": 55, "backtrack": true, "gcr": 0.3843, "cross_axis_tilt": 0}}, {"type": "Feature", "geometry": {"type": "Point", "coordinates": [-71.8028567, -16.5935271]}, "properties": {"rol": "seguidor", "id": "TR-07_1-089", "tipo": "completo", "axis_azimuth": 0, "punto": "eje de unidad (no el motor)", "ncu": 12, "gw": 1, "axis_tilt": 0, "max_angle": 55, "backtrack": true, "gcr": 0.3843, "cross_axis_tilt": 0}}, {"type": "Feature", "geometry": {"type": "Point", "coordinates": [-71.8027406, -16.5935287]}, "properties": {"rol": "seguidor", "id": "TR-07_1-090", "tipo": "completo", "axis_azimuth": 0, "punto": "eje de unidad (no el motor)", "ncu": 12, "gw": 1, "axis_tilt": 0, "max_angle": 55, "backtrack": true, "gcr": 0.3843, "cross_axis_tilt": 0}}, {"type": "Feature", "geometry": {"type": "Point", "coordinates": [-71.8026244, -16.5935303]}, "properties": {"rol": "seguidor", "id": "TR-07_1-091", "tipo": "completo", "axis_azimuth": 0, "punto": "eje de unidad (no el motor)", "ncu": 12, "gw": 1, "axis_tilt": 0, "max_angle": 55, "backtrack": true, "gcr": 0.3843, "cross_axis_tilt": 0}}, {"type": "Feature", "geometry": {"type": "Point", "coordinates": [-71.8003663, -16.5937106]}, "properties": {"rol": "seguidor", "id": "TR-07_1-092", "tipo": "completo", "axis_azimuth": 0, "punto": "eje de unidad (no el motor)", "ncu": 12, "gw": 2, "axis_tilt": 0, "max_angle": 55, "backtrack": true, "gcr": 0.3843, "cross_axis_tilt": 0}}, {"type": "Feature", "geometry": {"type": "Point", "coordinates": [-71.8002502, -16.5937122]}, "properties": {"rol": "seguidor", "id": "TR-07_1-093", "tipo": "completo", "axis_azimuth": 0, "punto": "eje de unidad (no el motor)", "ncu": 12, "gw": 2, "axis_tilt": 0, "max_angle": 55, "backtrack": true, "gcr": 0.3843, "cross_axis_tilt": 0}}, {"type": "Feature", "geometry": {"type": "Point", "coordinates": [-71.8001341, -16.5937137]}, "properties": {"rol": "seguidor", "id": "TR-07_1-094", "tipo": "completo", "axis_azimuth": 0, "punto": "eje de unidad (no el motor)", "ncu": 12, "gw": 2, "axis_tilt": 0, "max_angle": 55, "backtrack": true, "gcr": 0.3843, "cross_axis_tilt": 0}}, {"type": "Feature", "geometry": {"type": "Point", "coordinates": [-71.800018, -16.5937153]}, "properties": {"rol": "seguidor", "id": "TR-07_1-095", "tipo": "completo", "axis_azimuth": 0, "punto": "eje de unidad (no el motor)", "ncu": 12, "gw": 2, "axis_tilt": 0, "max_angle": 55, "backtrack": true, "gcr": 0.3843, "cross_axis_tilt": 0}}, {"type": "Feature", "geometry": {"type": "Point", "coordinates": [-71.7999019, -16.5937169]}, "properties": {"rol": "seguidor", "id": "TR-07_1-096", "tipo": "completo", "axis_azimuth": 0, "punto": "eje de unidad (no el motor)", "ncu": 12, "gw": 2, "axis_tilt": 0, "max_angle": 55, "backtrack": true, "gcr": 0.3843, "cross_axis_tilt": 0}}, {"type": "Feature", "geometry": {"type": "Point", "coordinates": [-71.8040276, -16.5941905]}, "properties": {"rol": "seguidor", "id": "TR-07_1-097", "tipo": "completo", "axis_azimuth": 0, "punto": "eje de unidad (no el motor)", "ncu": 12, "gw": 1, "axis_tilt": 0, "max_angle": 55, "backtrack": true, "gcr": 0.3843, "cross_axis_tilt": 0}}, {"type": "Feature", "geometry": {"type": "Point", "coordinates": [-71.8039115, -16.594192]}, "properties": {"rol": "seguidor", "id": "TR-07_1-098", "tipo": "completo", "axis_azimuth": 0, "punto": "eje de unidad (no el motor)", "ncu": 12, "gw": 1, "axis_tilt": 0, "max_angle": 55, "backtrack": true, "gcr": 0.3843, "cross_axis_tilt": 0}}, {"type": "Feature", "geometry": {"type": "Point", "coordinates": [-71.8037954, -16.5941936]}, "properties": {"rol": "seguidor", "id": "TR-07_1-099", "tipo": "completo", "axis_azimuth": 0, "punto": "eje de unidad (no el motor)", "ncu": 12, "gw": 1, "axis_tilt": 0, "max_angle": 55, "backtrack": true, "gcr": 0.3843, "cross_axis_tilt": 0}}, {"type": "Feature", "geometry": {"type": "Point", "coordinates": [-71.8036793, -16.5941952]}, "properties": {"rol": "seguidor", "id": "TR-07_1-100", "tipo": "completo", "axis_azimuth": 0, "punto": "eje de unidad (no el motor)", "ncu": 12, "gw": 1, "axis_tilt": 0, "max_angle": 55, "backtrack": true, "gcr": 0.3843, "cross_axis_tilt": 0}}, {"type": "Feature", "geometry": {"type": "Point", "coordinates": [-71.8035631, -16.5941967]}, "properties": {"rol": "seguidor", "id": "TR-07_1-101", "tipo": "completo", "axis_azimuth": 0, "punto": "eje de unidad (no el motor)", "ncu": 12, "gw": 1, "axis_tilt": 0, "max_angle": 55, "backtrack": true, "gcr": 0.3843, "cross_axis_tilt": 0}}, {"type": "Feature", "geometry": {"type": "Point", "coordinates": [-71.803447, -16.5941983]}, "properties": {"rol": "seguidor", "id": "TR-07_1-102", "tipo": "completo", "axis_azimuth": 0, "punto": "eje de unidad (no el motor)", "ncu": 12, "gw": 1, "axis_tilt": 0, "max_angle": 55, "backtrack": true, "gcr": 0.3843, "cross_axis_tilt": 0}}, {"type": "Feature", "geometry": {"type": "Point", "coordinates": [-71.8033309, -16.5941999]}, "properties": {"rol": "seguidor", "id": "TR-07_1-103", "tipo": "completo", "axis_azimuth": 0, "punto": "eje de unidad (no el motor)", "ncu": 12, "gw": 1, "axis_tilt": 0, "max_angle": 55, "backtrack": true, "gcr": 0.3843, "cross_axis_tilt": 0}}, {"type": "Feature", "geometry": {"type": "Point", "coordinates": [-71.8032148, -16.5942014]}, "properties": {"rol": "seguidor", "id": "TR-07_1-104", "tipo": "completo", "axis_azimuth": 0, "punto": "eje de unidad (no el motor)", "ncu": 12, "gw": 1, "axis_tilt": 0, "max_angle": 55, "backtrack": true, "gcr": 0.3843, "cross_axis_tilt": 0}}, {"type": "Feature", "geometry": {"type": "Point", "coordinates": [-71.8030987, -16.594203]}, "properties": {"rol": "seguidor", "id": "TR-07_1-105", "tipo": "completo", "axis_azimuth": 0, "punto": "eje de unidad (no el motor)", "ncu": 12, "gw": 1, "axis_tilt": 0, "max_angle": 55, "backtrack": true, "gcr": 0.3843, "cross_axis_tilt": 0}}, {"type": "Feature", "geometry": {"type": "Point", "coordinates": [-71.8029826, -16.5942046]}, "properties": {"rol": "seguidor", "id": "TR-07_1-106", "tipo": "completo", "axis_azimuth": 0, "punto": "eje de unidad (no el motor)", "ncu": 12, "gw": 1, "axis_tilt": 0, "max_angle": 55, "backtrack": true, "gcr": 0.3843, "cross_axis_tilt": 0}}, {"type": "Feature", "geometry": {"type": "Point", "coordinates": [-71.8028665, -16.5942061]}, "properties": {"rol": "seguidor", "id": "TR-07_1-107", "tipo": "completo", "axis_azimuth": 0, "punto": "eje de unidad (no el motor)", "ncu": 12, "gw": 1, "axis_tilt": 0, "max_angle": 55, "backtrack": true, "gcr": 0.3843, "cross_axis_tilt": 0}}, {"type": "Feature", "geometry": {"type": "Point", "coordinates": [-71.8027504, -16.5942077]}, "properties": {"rol": "seguidor", "id": "TR-07_1-108", "tipo": "completo", "axis_azimuth": 0, "punto": "eje de unidad (no el motor)", "ncu": 12, "gw": 1, "axis_tilt": 0, "max_angle": 55, "backtrack": true, "gcr": 0.3843, "cross_axis_tilt": 0}}, {"type": "Feature", "geometry": {"type": "Point", "coordinates": [-71.8026343, -16.5942093]}, "properties": {"rol": "seguidor", "id": "TR-07_1-109", "tipo": "completo", "axis_azimuth": 0, "punto": "eje de unidad (no el motor)", "ncu": 12, "gw": 1, "axis_tilt": 0, "max_angle": 55, "backtrack": true, "gcr": 0.3843, "cross_axis_tilt": 0}}, {"type": "Feature", "geometry": {"type": "Point", "coordinates": [-71.8000278, -16.5943934]}, "properties": {"rol": "seguidor", "id": "TR-07_1-110", "tipo": "completo", "axis_azimuth": 0, "punto": "eje de unidad (no el motor)", "ncu": 12, "gw": 2, "axis_tilt": 0, "max_angle": 55, "backtrack": true, "gcr": 0.3843, "cross_axis_tilt": 0}}, {"type": "Feature", "geometry": {"type": "Point", "coordinates": [-71.7999117, -16.594395]}, "properties": {"rol": "seguidor", "id": "TR-07_1-111", "tipo": "completo", "axis_azimuth": 0, "punto": "eje de unidad (no el motor)", "ncu": 12, "gw": 2, "axis_tilt": 0, "max_angle": 55, "backtrack": true, "gcr": 0.3843, "cross_axis_tilt": 0}}, {"type": "Feature", "geometry": {"type": "Point", "coordinates": [-71.7997956, -16.5943965]}, "properties": {"rol": "seguidor", "id": "TR-07_1-112", "tipo": "completo", "axis_azimuth": 0, "punto": "eje de unidad (no el motor)", "ncu": 12, "gw": 2, "axis_tilt": 0, "max_angle": 55, "backtrack": true, "gcr": 0.3843, "cross_axis_tilt": 0}}, {"type": "Feature", "geometry": {"type": "Point", "coordinates": [-71.8000376, -16.5950715]}, "properties": {"rol": "seguidor", "id": "TR-07_1-113", "tipo": "completo", "axis_azimuth": 0, "punto": "eje de unidad (no el motor)", "ncu": 12, "gw": 2, "axis_tilt": 0, "max_angle": 55, "backtrack": true, "gcr": 0.3843, "cross_axis_tilt": 0}}, {"type": "Feature", "geometry": {"type": "Point", "coordinates": [-71.7999215, -16.595073]}, "properties": {"rol": "seguidor", "id": "TR-07_1-114", "tipo": "completo", "axis_azimuth": 0, "punto": "eje de unidad (no el motor)", "ncu": 12, "gw": 2, "axis_tilt": 0, "max_angle": 55, "backtrack": true, "gcr": 0.3843, "cross_axis_tilt": 0}}, {"type": "Feature", "geometry": {"type": "Point", "coordinates": [-71.7998054, -16.5950746]}, "properties": {"rol": "seguidor", "id": "TR-07_1-115", "tipo": "completo", "axis_azimuth": 0, "punto": "eje de unidad (no el motor)", "ncu": 12, "gw": 2, "axis_tilt": 0, "max_angle": 55, "backtrack": true, "gcr": 0.3843, "cross_axis_tilt": 0}}, {"type": "Feature", "geometry": {"type": "Point", "coordinates": [-71.7996893, -16.5950762]}, "properties": {"rol": "seguidor", "id": "TR-07_1-116", "tipo": "completo", "axis_azimuth": 0, "punto": "eje de unidad (no el motor)", "ncu": 12, "gw": 2, "axis_tilt": 0, "max_angle": 55, "backtrack": true, "gcr": 0.3843, "cross_axis_tilt": 0}}, {"type": "Feature", "geometry": {"type": "Point", "coordinates": [-71.7993357, -16.5949139]}, "properties": {"rol": "seguidor", "id": "TR-07_1-117", "tipo": "completo", "axis_azimuth": 0, "punto": "eje de unidad (no el motor)", "ncu": 12, "gw": 2, "axis_tilt": 0, "max_angle": 55, "backtrack": true, "gcr": 0.3843, "cross_axis_tilt": 0}}, {"type": "Feature", "geometry": {"type": "Point", "coordinates": [-71.7992196, -16.5949154]}, "properties": {"rol": "seguidor", "id": "TR-07_1-118", "tipo": "completo", "axis_azimuth": 0, "punto": "eje de unidad (no el motor)", "ncu": 12, "gw": 2, "axis_tilt": 0, "max_angle": 55, "backtrack": true, "gcr": 0.3843, "cross_axis_tilt": 0}}, {"type": "Feature", "geometry": {"type": "Point", "coordinates": [-71.8054756, -16.5900096]}, "properties": {"rol": "seguidor", "id": "TR-07_2-001", "tipo": "completo", "axis_azimuth": 0, "punto": "eje de unidad (no el motor)", "ncu": 13, "gw": 1, "axis_tilt": 0, "max_angle": 55, "backtrack": true, "gcr": 0.3843, "cross_axis_tilt": 0}}, {"type": "Feature", "geometry": {"type": "Point", "coordinates": [-71.8053595, -16.5900111]}, "properties": {"rol": "seguidor", "id": "TR-07_2-002", "tipo": "completo", "axis_azimuth": 0, "punto": "eje de unidad (no el motor)", "ncu": 13, "gw": 1, "axis_tilt": 0, "max_angle": 55, "backtrack": true, "gcr": 0.3843, "cross_axis_tilt": 0}}, {"type": "Feature", "geometry": {"type": "Point", "coordinates": [-71.8052434, -16.5900127]}, "properties": {"rol": "seguidor", "id": "TR-07_2-003", "tipo": "completo", "axis_azimuth": 0, "punto": "eje de unidad (no el motor)", "ncu": 13, "gw": 1, "axis_tilt": 0, "max_angle": 55, "backtrack": true, "gcr": 0.3843, "cross_axis_tilt": 0}}, {"type": "Feature", "geometry": {"type": "Point", "coordinates": [-71.8051273, -16.5900143]}, "properties": {"rol": "seguidor", "id": "TR-07_2-004", "tipo": "completo", "axis_azimuth": 0, "punto": "eje de unidad (no el motor)", "ncu": 13, "gw": 1, "axis_tilt": 0, "max_angle": 55, "backtrack": true, "gcr": 0.3843, "cross_axis_tilt": 0}}, {"type": "Feature", "geometry": {"type": "Point", "coordinates": [-71.8050112, -16.5900158]}, "properties": {"rol": "seguidor", "id": "TR-07_2-005", "tipo": "completo", "axis_azimuth": 0, "punto": "eje de unidad (no el motor)", "ncu": 13, "gw": 1, "axis_tilt": 0, "max_angle": 55, "backtrack": true, "gcr": 0.3843, "cross_axis_tilt": 0}}, {"type": "Feature", "geometry": {"type": "Point", "coordinates": [-71.8048951, -16.5900174]}, "properties": {"rol": "seguidor", "id": "TR-07_2-006", "tipo": "completo", "axis_azimuth": 0, "punto": "eje de unidad (no el motor)", "ncu": 13, "gw": 1, "axis_tilt": 0, "max_angle": 55, "backtrack": true, "gcr": 0.3843, "cross_axis_tilt": 0}}, {"type": "Feature", "geometry": {"type": "Point", "coordinates": [-71.804779, -16.590019]}, "properties": {"rol": "seguidor", "id": "TR-07_2-007", "tipo": "completo", "axis_azimuth": 0, "punto": "eje de unidad (no el motor)", "ncu": 13, "gw": 1, "axis_tilt": 0, "max_angle": 55, "backtrack": true, "gcr": 0.3843, "cross_axis_tilt": 0}}, {"type": "Feature", "geometry": {"type": "Point", "coordinates": [-71.8046629, -16.5900205]}, "properties": {"rol": "seguidor", "id": "TR-07_2-008", "tipo": "completo", "axis_azimuth": 0, "punto": "eje de unidad (no el motor)", "ncu": 13, "gw": 1, "axis_tilt": 0, "max_angle": 55, "backtrack": true, "gcr": 0.3843, "cross_axis_tilt": 0}}, {"type": "Feature", "geometry": {"type": "Point", "coordinates": [-71.8045468, -16.5900221]}, "properties": {"rol": "seguidor", "id": "TR-07_2-009", "tipo": "completo", "axis_azimuth": 0, "punto": "eje de unidad (no el motor)", "ncu": 13, "gw": 1, "axis_tilt": 0, "max_angle": 55, "backtrack": true, "gcr": 0.3843, "cross_axis_tilt": 0}}, {"type": "Feature", "geometry": {"type": "Point", "coordinates": [-71.8044307, -16.5900236]}, "properties": {"rol": "seguidor", "id": "TR-07_2-010", "tipo": "completo", "axis_azimuth": 0, "punto": "eje de unidad (no el motor)", "ncu": 13, "gw": 1, "axis_tilt": 0, "max_angle": 55, "backtrack": true, "gcr": 0.3843, "cross_axis_tilt": 0}}, {"type": "Feature", "geometry": {"type": "Point", "coordinates": [-71.8043146, -16.5900252]}, "properties": {"rol": "seguidor", "id": "TR-07_2-011", "tipo": "completo", "axis_azimuth": 0, "punto": "eje de unidad (no el motor)", "ncu": 13, "gw": 1, "axis_tilt": 0, "max_angle": 55, "backtrack": true, "gcr": 0.3843, "cross_axis_tilt": 0}}, {"type": "Feature", "geometry": {"type": "Point", "coordinates": [-71.8041985, -16.5900268]}, "properties": {"rol": "seguidor", "id": "TR-07_2-012", "tipo": "completo", "axis_azimuth": 0, "punto": "eje de unidad (no el motor)", "ncu": 13, "gw": 1, "axis_tilt": 0, "max_angle": 55, "backtrack": true, "gcr": 0.3843, "cross_axis_tilt": 0}}, {"type": "Feature", "geometry": {"type": "Point", "coordinates": [-71.8040824, -16.5900283]}, "properties": {"rol": "seguidor", "id": "TR-07_2-013", "tipo": "completo", "axis_azimuth": 0, "punto": "eje de unidad (no el motor)", "ncu": 13, "gw": 1, "axis_tilt": 0, "max_angle": 55, "backtrack": true, "gcr": 0.3843, "cross_axis_tilt": 0}}, {"type": "Feature", "geometry": {"type": "Point", "coordinates": [-71.806066, -16.5906798]}, "properties": {"rol": "seguidor", "id": "TR-07_2-014", "tipo": "completo", "axis_azimuth": 0, "punto": "eje de unidad (no el motor)", "ncu": 13, "gw": 1, "axis_tilt": 0, "max_angle": 55, "backtrack": true, "gcr": 0.3843, "cross_axis_tilt": 0}}, {"type": "Feature", "geometry": {"type": "Point", "coordinates": [-71.8059499, -16.5906814]}, "properties": {"rol": "seguidor", "id": "TR-07_2-015", "tipo": "completo", "axis_azimuth": 0, "punto": "eje de unidad (no el motor)", "ncu": 13, "gw": 1, "axis_tilt": 0, "max_angle": 55, "backtrack": true, "gcr": 0.3843, "cross_axis_tilt": 0}}, {"type": "Feature", "geometry": {"type": "Point", "coordinates": [-71.8058338, -16.5906829]}, "properties": {"rol": "seguidor", "id": "TR-07_2-016", "tipo": "completo", "axis_azimuth": 0, "punto": "eje de unidad (no el motor)", "ncu": 13, "gw": 1, "axis_tilt": 0, "max_angle": 55, "backtrack": true, "gcr": 0.3843, "cross_axis_tilt": 0}}, {"type": "Feature", "geometry": {"type": "Point", "coordinates": [-71.8057177, -16.5906845]}, "properties": {"rol": "seguidor", "id": "TR-07_2-017", "tipo": "completo", "axis_azimuth": 0, "punto": "eje de unidad (no el motor)", "ncu": 13, "gw": 1, "axis_tilt": 0, "max_angle": 55, "backtrack": true, "gcr": 0.3843, "cross_axis_tilt": 0}}, {"type": "Feature", "geometry": {"type": "Point", "coordinates": [-71.8056016, -16.5906861]}, "properties": {"rol": "seguidor", "id": "TR-07_2-018", "tipo": "completo", "axis_azimuth": 0, "punto": "eje de unidad (no el motor)", "ncu": 13, "gw": 1, "axis_tilt": 0, "max_angle": 55, "backtrack": true, "gcr": 0.3843, "cross_axis_tilt": 0}}, {"type": "Feature", "geometry": {"type": "Point", "coordinates": [-71.8054855, -16.5906876]}, "properties": {"rol": "seguidor", "id": "TR-07_2-019", "tipo": "completo", "axis_azimuth": 0, "punto": "eje de unidad (no el motor)", "ncu": 13, "gw": 1, "axis_tilt": 0, "max_angle": 55, "backtrack": true, "gcr": 0.3843, "cross_axis_tilt": 0}}, {"type": "Feature", "geometry": {"type": "Point", "coordinates": [-71.8053694, -16.5906892]}, "properties": {"rol": "seguidor", "id": "TR-07_2-020", "tipo": "completo", "axis_azimuth": 0, "punto": "eje de unidad (no el motor)", "ncu": 13, "gw": 1, "axis_tilt": 0, "max_angle": 55, "backtrack": true, "gcr": 0.3843, "cross_axis_tilt": 0}}, {"type": "Feature", "geometry": {"type": "Point", "coordinates": [-71.8052533, -16.5906908]}, "properties": {"rol": "seguidor", "id": "TR-07_2-021", "tipo": "completo", "axis_azimuth": 0, "punto": "eje de unidad (no el motor)", "ncu": 13, "gw": 1, "axis_tilt": 0, "max_angle": 55, "backtrack": true, "gcr": 0.3843, "cross_axis_tilt": 0}}, {"type": "Feature", "geometry": {"type": "Point", "coordinates": [-71.8051372, -16.5906923]}, "properties": {"rol": "seguidor", "id": "TR-07_2-022", "tipo": "completo", "axis_azimuth": 0, "punto": "eje de unidad (no el motor)", "ncu": 13, "gw": 1, "axis_tilt": 0, "max_angle": 55, "backtrack": true, "gcr": 0.3843, "cross_axis_tilt": 0}}, {"type": "Feature", "geometry": {"type": "Point", "coordinates": [-71.8050211, -16.5906939]}, "properties": {"rol": "seguidor", "id": "TR-07_2-023", "tipo": "completo", "axis_azimuth": 0, "punto": "eje de unidad (no el motor)", "ncu": 13, "gw": 1, "axis_tilt": 0, "max_angle": 55, "backtrack": true, "gcr": 0.3843, "cross_axis_tilt": 0}}, {"type": "Feature", "geometry": {"type": "Point", "coordinates": [-71.804905, -16.5906955]}, "properties": {"rol": "seguidor", "id": "TR-07_2-024", "tipo": "completo", "axis_azimuth": 0, "punto": "eje de unidad (no el motor)", "ncu": 13, "gw": 1, "axis_tilt": 0, "max_angle": 55, "backtrack": true, "gcr": 0.3843, "cross_axis_tilt": 0}}, {"type": "Feature", "geometry": {"type": "Point", "coordinates": [-71.8047889, -16.590697]}, "properties": {"rol": "seguidor", "id": "TR-07_2-025", "tipo": "completo", "axis_azimuth": 0, "punto": "eje de unidad (no el motor)", "ncu": 13, "gw": 1, "axis_tilt": 0, "max_angle": 55, "backtrack": true, "gcr": 0.3843, "cross_axis_tilt": 0}}, {"type": "Feature", "geometry": {"type": "Point", "coordinates": [-71.8046728, -16.5906986]}, "properties": {"rol": "seguidor", "id": "TR-07_2-026", "tipo": "completo", "axis_azimuth": 0, "punto": "eje de unidad (no el motor)", "ncu": 13, "gw": 1, "axis_tilt": 0, "max_angle": 55, "backtrack": true, "gcr": 0.3843, "cross_axis_tilt": 0}}, {"type": "Feature", "geometry": {"type": "Point", "coordinates": [-71.8045566, -16.5907002]}, "properties": {"rol": "seguidor", "id": "TR-07_2-027", "tipo": "completo", "axis_azimuth": 0, "punto": "eje de unidad (no el motor)", "ncu": 13, "gw": 1, "axis_tilt": 0, "max_angle": 55, "backtrack": true, "gcr": 0.3843, "cross_axis_tilt": 0}}, {"type": "Feature", "geometry": {"type": "Point", "coordinates": [-71.8044405, -16.5907017]}, "properties": {"rol": "seguidor", "id": "TR-07_2-028", "tipo": "completo", "axis_azimuth": 0, "punto": "eje de unidad (no el motor)", "ncu": 13, "gw": 1, "axis_tilt": 0, "max_angle": 55, "backtrack": true, "gcr": 0.3843, "cross_axis_tilt": 0}}, {"type": "Feature", "geometry": {"type": "Point", "coordinates": [-71.8043244, -16.5907033]}, "properties": {"rol": "seguidor", "id": "TR-07_2-029", "tipo": "completo", "axis_azimuth": 0, "punto": "eje de unidad (no el motor)", "ncu": 13, "gw": 1, "axis_tilt": 0, "max_angle": 55, "backtrack": true, "gcr": 0.3843, "cross_axis_tilt": 0}}, {"type": "Feature", "geometry": {"type": "Point", "coordinates": [-71.8042083, -16.5907049]}, "properties": {"rol": "seguidor", "id": "TR-07_2-030", "tipo": "completo", "axis_azimuth": 0, "punto": "eje de unidad (no el motor)", "ncu": 13, "gw": 1, "axis_tilt": 0, "max_angle": 55, "backtrack": true, "gcr": 0.3843, "cross_axis_tilt": 0}}, {"type": "Feature", "geometry": {"type": "Point", "coordinates": [-71.8040922, -16.5907064]}, "properties": {"rol": "seguidor", "id": "TR-07_2-031", "tipo": "completo", "axis_azimuth": 0, "punto": "eje de unidad (no el motor)", "ncu": 13, "gw": 1, "axis_tilt": 0, "max_angle": 55, "backtrack": true, "gcr": 0.3843, "cross_axis_tilt": 0}}, {"type": "Feature", "geometry": {"type": "Point", "coordinates": [-71.8060758, -16.5913579]}, "properties": {"rol": "seguidor", "id": "TR-07_2-032", "tipo": "completo", "axis_azimuth": 0, "punto": "eje de unidad (no el motor)", "ncu": 13, "gw": 1, "axis_tilt": 0, "max_angle": 55, "backtrack": true, "gcr": 0.3843, "cross_axis_tilt": 0}}, {"type": "Feature", "geometry": {"type": "Point", "coordinates": [-71.8059597, -16.5913594]}, "properties": {"rol": "seguidor", "id": "TR-07_2-033", "tipo": "completo", "axis_azimuth": 0, "punto": "eje de unidad (no el motor)", "ncu": 13, "gw": 1, "axis_tilt": 0, "max_angle": 55, "backtrack": true, "gcr": 0.3843, "cross_axis_tilt": 0}}, {"type": "Feature", "geometry": {"type": "Point", "coordinates": [-71.8058436, -16.591361]}, "properties": {"rol": "seguidor", "id": "TR-07_2-034", "tipo": "completo", "axis_azimuth": 0, "punto": "eje de unidad (no el motor)", "ncu": 13, "gw": 1, "axis_tilt": 0, "max_angle": 55, "backtrack": true, "gcr": 0.3843, "cross_axis_tilt": 0}}, {"type": "Feature", "geometry": {"type": "Point", "coordinates": [-71.8057275, -16.5913626]}, "properties": {"rol": "seguidor", "id": "TR-07_2-035", "tipo": "completo", "axis_azimuth": 0, "punto": "eje de unidad (no el motor)", "ncu": 13, "gw": 1, "axis_tilt": 0, "max_angle": 55, "backtrack": true, "gcr": 0.3843, "cross_axis_tilt": 0}}, {"type": "Feature", "geometry": {"type": "Point", "coordinates": [-71.8056114, -16.5913641]}, "properties": {"rol": "seguidor", "id": "TR-07_2-036", "tipo": "completo", "axis_azimuth": 0, "punto": "eje de unidad (no el motor)", "ncu": 13, "gw": 1, "axis_tilt": 0, "max_angle": 55, "backtrack": true, "gcr": 0.3843, "cross_axis_tilt": 0}}, {"type": "Feature", "geometry": {"type": "Point", "coordinates": [-71.8054953, -16.5913657]}, "properties": {"rol": "seguidor", "id": "TR-07_2-037", "tipo": "completo", "axis_azimuth": 0, "punto": "eje de unidad (no el motor)", "ncu": 13, "gw": 1, "axis_tilt": 0, "max_angle": 55, "backtrack": true, "gcr": 0.3843, "cross_axis_tilt": 0}}, {"type": "Feature", "geometry": {"type": "Point", "coordinates": [-71.8053792, -16.5913673]}, "properties": {"rol": "seguidor", "id": "TR-07_2-038", "tipo": "completo", "axis_azimuth": 0, "punto": "eje de unidad (no el motor)", "ncu": 13, "gw": 1, "axis_tilt": 0, "max_angle": 55, "backtrack": true, "gcr": 0.3843, "cross_axis_tilt": 0}}, {"type": "Feature", "geometry": {"type": "Point", "coordinates": [-71.8052631, -16.5913688]}, "properties": {"rol": "seguidor", "id": "TR-07_2-039", "tipo": "completo", "axis_azimuth": 0, "punto": "eje de unidad (no el motor)", "ncu": 13, "gw": 1, "axis_tilt": 0, "max_angle": 55, "backtrack": true, "gcr": 0.3843, "cross_axis_tilt": 0}}, {"type": "Feature", "geometry": {"type": "Point", "coordinates": [-71.805147, -16.5913704]}, "properties": {"rol": "seguidor", "id": "TR-07_2-040", "tipo": "completo", "axis_azimuth": 0, "punto": "eje de unidad (no el motor)", "ncu": 13, "gw": 1, "axis_tilt": 0, "max_angle": 55, "backtrack": true, "gcr": 0.3843, "cross_axis_tilt": 0}}, {"type": "Feature", "geometry": {"type": "Point", "coordinates": [-71.8050309, -16.591372]}, "properties": {"rol": "seguidor", "id": "TR-07_2-041", "tipo": "completo", "axis_azimuth": 0, "punto": "eje de unidad (no el motor)", "ncu": 13, "gw": 1, "axis_tilt": 0, "max_angle": 55, "backtrack": true, "gcr": 0.3843, "cross_axis_tilt": 0}}, {"type": "Feature", "geometry": {"type": "Point", "coordinates": [-71.8049148, -16.5913735]}, "properties": {"rol": "seguidor", "id": "TR-07_2-042", "tipo": "completo", "axis_azimuth": 0, "punto": "eje de unidad (no el motor)", "ncu": 13, "gw": 1, "axis_tilt": 0, "max_angle": 55, "backtrack": true, "gcr": 0.3843, "cross_axis_tilt": 0}}, {"type": "Feature", "geometry": {"type": "Point", "coordinates": [-71.8047987, -16.5913751]}, "properties": {"rol": "seguidor", "id": "TR-07_2-043", "tipo": "completo", "axis_azimuth": 0, "punto": "eje de unidad (no el motor)", "ncu": 13, "gw": 1, "axis_tilt": 0, "max_angle": 55, "backtrack": true, "gcr": 0.3843, "cross_axis_tilt": 0}}, {"type": "Feature", "geometry": {"type": "Point", "coordinates": [-71.8046826, -16.5913767]}, "properties": {"rol": "seguidor", "id": "TR-07_2-044", "tipo": "completo", "axis_azimuth": 0, "punto": "eje de unidad (no el motor)", "ncu": 13, "gw": 1, "axis_tilt": 0, "max_angle": 55, "backtrack": true, "gcr": 0.3843, "cross_axis_tilt": 0}}, {"type": "Feature", "geometry": {"type": "Point", "coordinates": [-71.8045665, -16.5913782]}, "properties": {"rol": "seguidor", "id": "TR-07_2-045", "tipo": "completo", "axis_azimuth": 0, "punto": "eje de unidad (no el motor)", "ncu": 13, "gw": 1, "axis_tilt": 0, "max_angle": 55, "backtrack": true, "gcr": 0.3843, "cross_axis_tilt": 0}}, {"type": "Feature", "geometry": {"type": "Point", "coordinates": [-71.8044504, -16.5913798]}, "properties": {"rol": "seguidor", "id": "TR-07_2-046", "tipo": "completo", "axis_azimuth": 0, "punto": "eje de unidad (no el motor)", "ncu": 13, "gw": 1, "axis_tilt": 0, "max_angle": 55, "backtrack": true, "gcr": 0.3843, "cross_axis_tilt": 0}}, {"type": "Feature", "geometry": {"type": "Point", "coordinates": [-71.8043343, -16.5913814]}, "properties": {"rol": "seguidor", "id": "TR-07_2-047", "tipo": "completo", "axis_azimuth": 0, "punto": "eje de unidad (no el motor)", "ncu": 13, "gw": 1, "axis_tilt": 0, "max_angle": 55, "backtrack": true, "gcr": 0.3843, "cross_axis_tilt": 0}}, {"type": "Feature", "geometry": {"type": "Point", "coordinates": [-71.8042182, -16.5913829]}, "properties": {"rol": "seguidor", "id": "TR-07_2-048", "tipo": "completo", "axis_azimuth": 0, "punto": "eje de unidad (no el motor)", "ncu": 13, "gw": 1, "axis_tilt": 0, "max_angle": 55, "backtrack": true, "gcr": 0.3843, "cross_axis_tilt": 0}}, {"type": "Feature", "geometry": {"type": "Point", "coordinates": [-71.8041021, -16.5913845]}, "properties": {"rol": "seguidor", "id": "TR-07_2-049", "tipo": "completo", "axis_azimuth": 0, "punto": "eje de unidad (no el motor)", "ncu": 13, "gw": 1, "axis_tilt": 0, "max_angle": 55, "backtrack": true, "gcr": 0.3843, "cross_axis_tilt": 0}}, {"type": "Feature", "geometry": {"type": "Point", "coordinates": [-71.806087, -16.5921271]}, "properties": {"rol": "seguidor", "id": "TR-07_2-050", "tipo": "completo", "axis_azimuth": 0, "punto": "eje de unidad (no el motor)", "ncu": 13, "gw": 2, "axis_tilt": 0, "max_angle": 55, "backtrack": true, "gcr": 0.3843, "cross_axis_tilt": 0}}, {"type": "Feature", "geometry": {"type": "Point", "coordinates": [-71.8059709, -16.5921287]}, "properties": {"rol": "seguidor", "id": "TR-07_2-051", "tipo": "completo", "axis_azimuth": 0, "punto": "eje de unidad (no el motor)", "ncu": 13, "gw": 2, "axis_tilt": 0, "max_angle": 55, "backtrack": true, "gcr": 0.3843, "cross_axis_tilt": 0}}, {"type": "Feature", "geometry": {"type": "Point", "coordinates": [-71.8058548, -16.5921303]}, "properties": {"rol": "seguidor", "id": "TR-07_2-052", "tipo": "completo", "axis_azimuth": 0, "punto": "eje de unidad (no el motor)", "ncu": 13, "gw": 2, "axis_tilt": 0, "max_angle": 55, "backtrack": true, "gcr": 0.3843, "cross_axis_tilt": 0}}, {"type": "Feature", "geometry": {"type": "Point", "coordinates": [-71.8057387, -16.5921318]}, "properties": {"rol": "seguidor", "id": "TR-07_2-053", "tipo": "completo", "axis_azimuth": 0, "punto": "eje de unidad (no el motor)", "ncu": 13, "gw": 2, "axis_tilt": 0, "max_angle": 55, "backtrack": true, "gcr": 0.3843, "cross_axis_tilt": 0}}, {"type": "Feature", "geometry": {"type": "Point", "coordinates": [-71.8056226, -16.5921334]}, "properties": {"rol": "seguidor", "id": "TR-07_2-054", "tipo": "completo", "axis_azimuth": 0, "punto": "eje de unidad (no el motor)", "ncu": 13, "gw": 2, "axis_tilt": 0, "max_angle": 55, "backtrack": true, "gcr": 0.3843, "cross_axis_tilt": 0}}, {"type": "Feature", "geometry": {"type": "Point", "coordinates": [-71.8055065, -16.592135]}, "properties": {"rol": "seguidor", "id": "TR-07_2-055", "tipo": "completo", "axis_azimuth": 0, "punto": "eje de unidad (no el motor)", "ncu": 13, "gw": 2, "axis_tilt": 0, "max_angle": 55, "backtrack": true, "gcr": 0.3843, "cross_axis_tilt": 0}}, {"type": "Feature", "geometry": {"type": "Point", "coordinates": [-71.8053904, -16.5921365]}, "properties": {"rol": "seguidor", "id": "TR-07_2-056", "tipo": "completo", "axis_azimuth": 0, "punto": "eje de unidad (no el motor)", "ncu": 13, "gw": 2, "axis_tilt": 0, "max_angle": 55, "backtrack": true, "gcr": 0.3843, "cross_axis_tilt": 0}}, {"type": "Feature", "geometry": {"type": "Point", "coordinates": [-71.8052743, -16.5921381]}, "properties": {"rol": "seguidor", "id": "TR-07_2-057", "tipo": "completo", "axis_azimuth": 0, "punto": "eje de unidad (no el motor)", "ncu": 13, "gw": 2, "axis_tilt": 0, "max_angle": 55, "backtrack": true, "gcr": 0.3843, "cross_axis_tilt": 0}}, {"type": "Feature", "geometry": {"type": "Point", "coordinates": [-71.8051582, -16.5921397]}, "properties": {"rol": "seguidor", "id": "TR-07_2-058", "tipo": "completo", "axis_azimuth": 0, "punto": "eje de unidad (no el motor)", "ncu": 13, "gw": 2, "axis_tilt": 0, "max_angle": 55, "backtrack": true, "gcr": 0.3843, "cross_axis_tilt": 0}}, {"type": "Feature", "geometry": {"type": "Point", "coordinates": [-71.8050421, -16.5921412]}, "properties": {"rol": "seguidor", "id": "TR-07_2-059", "tipo": "completo", "axis_azimuth": 0, "punto": "eje de unidad (no el motor)", "ncu": 13, "gw": 2, "axis_tilt": 0, "max_angle": 55, "backtrack": true, "gcr": 0.3843, "cross_axis_tilt": 0}}, {"type": "Feature", "geometry": {"type": "Point", "coordinates": [-71.804926, -16.5921428]}, "properties": {"rol": "seguidor", "id": "TR-07_2-060", "tipo": "completo", "axis_azimuth": 0, "punto": "eje de unidad (no el motor)", "ncu": 13, "gw": 2, "axis_tilt": 0, "max_angle": 55, "backtrack": true, "gcr": 0.3843, "cross_axis_tilt": 0}}, {"type": "Feature", "geometry": {"type": "Point", "coordinates": [-71.8048099, -16.5921444]}, "properties": {"rol": "seguidor", "id": "TR-07_2-061", "tipo": "completo", "axis_azimuth": 0, "punto": "eje de unidad (no el motor)", "ncu": 13, "gw": 2, "axis_tilt": 0, "max_angle": 55, "backtrack": true, "gcr": 0.3843, "cross_axis_tilt": 0}}, {"type": "Feature", "geometry": {"type": "Point", "coordinates": [-71.8046937, -16.5921459]}, "properties": {"rol": "seguidor", "id": "TR-07_2-062", "tipo": "completo", "axis_azimuth": 0, "punto": "eje de unidad (no el motor)", "ncu": 13, "gw": 2, "axis_tilt": 0, "max_angle": 55, "backtrack": true, "gcr": 0.3843, "cross_axis_tilt": 0}}, {"type": "Feature", "geometry": {"type": "Point", "coordinates": [-71.8045801, -16.5923136]}, "properties": {"rol": "seguidor", "id": "TR-07_2-063", "tipo": "medio", "axis_azimuth": 0, "punto": "eje de unidad (no el motor)", "ncu": 13, "gw": 2, "axis_tilt": 0, "max_angle": 55, "backtrack": true, "gcr": 0.3843, "cross_axis_tilt": 0}}, {"type": "Feature", "geometry": {"type": "Point", "coordinates": [-71.8044639, -16.5923152]}, "properties": {"rol": "seguidor", "id": "TR-07_2-064", "tipo": "medio", "axis_azimuth": 0, "punto": "eje de unidad (no el motor)", "ncu": 13, "gw": 2, "axis_tilt": 0, "max_angle": 55, "backtrack": true, "gcr": 0.3843, "cross_axis_tilt": 0}}, {"type": "Feature", "geometry": {"type": "Point", "coordinates": [-71.8043454, -16.5921506]}, "properties": {"rol": "seguidor", "id": "TR-07_2-065", "tipo": "completo", "axis_azimuth": 0, "punto": "eje de unidad (no el motor)", "ncu": 13, "gw": 2, "axis_tilt": 0, "max_angle": 55, "backtrack": true, "gcr": 0.3843, "cross_axis_tilt": 0}}, {"type": "Feature", "geometry": {"type": "Point", "coordinates": [-71.8042303, -16.5921522]}, "properties": {"rol": "seguidor", "id": "TR-07_2-066", "tipo": "completo", "axis_azimuth": 0, "punto": "eje de unidad (no el motor)", "ncu": 13, "gw": 2, "axis_tilt": 0, "max_angle": 55, "backtrack": true, "gcr": 0.3843, "cross_axis_tilt": 0}}, {"type": "Feature", "geometry": {"type": "Point", "coordinates": [-71.8041142, -16.5921538]}, "properties": {"rol": "seguidor", "id": "TR-07_2-067", "tipo": "completo", "axis_azimuth": 0, "punto": "eje de unidad (no el motor)", "ncu": 13, "gw": 2, "axis_tilt": 0, "max_angle": 55, "backtrack": true, "gcr": 0.3843, "cross_axis_tilt": 0}}, {"type": "Feature", "geometry": {"type": "Point", "coordinates": [-71.8060969, -16.5928052]}, "properties": {"rol": "seguidor", "id": "TR-07_2-068", "tipo": "completo", "axis_azimuth": 0, "punto": "eje de unidad (no el motor)", "ncu": 13, "gw": 2, "axis_tilt": 0, "max_angle": 55, "backtrack": true, "gcr": 0.3843, "cross_axis_tilt": 0}}, {"type": "Feature", "geometry": {"type": "Point", "coordinates": [-71.8059807, -16.5928068]}, "properties": {"rol": "seguidor", "id": "TR-07_2-069", "tipo": "completo", "axis_azimuth": 0, "punto": "eje de unidad (no el motor)", "ncu": 13, "gw": 2, "axis_tilt": 0, "max_angle": 55, "backtrack": true, "gcr": 0.3843, "cross_axis_tilt": 0}}, {"type": "Feature", "geometry": {"type": "Point", "coordinates": [-71.8058646, -16.5928084]}, "properties": {"rol": "seguidor", "id": "TR-07_2-070", "tipo": "completo", "axis_azimuth": 0, "punto": "eje de unidad (no el motor)", "ncu": 13, "gw": 2, "axis_tilt": 0, "max_angle": 55, "backtrack": true, "gcr": 0.3843, "cross_axis_tilt": 0}}, {"type": "Feature", "geometry": {"type": "Point", "coordinates": [-71.8057485, -16.5928099]}, "properties": {"rol": "seguidor", "id": "TR-07_2-071", "tipo": "completo", "axis_azimuth": 0, "punto": "eje de unidad (no el motor)", "ncu": 13, "gw": 2, "axis_tilt": 0, "max_angle": 55, "backtrack": true, "gcr": 0.3843, "cross_axis_tilt": 0}}, {"type": "Feature", "geometry": {"type": "Point", "coordinates": [-71.8056324, -16.5928115]}, "properties": {"rol": "seguidor", "id": "TR-07_2-072", "tipo": "completo", "axis_azimuth": 0, "punto": "eje de unidad (no el motor)", "ncu": 13, "gw": 2, "axis_tilt": 0, "max_angle": 55, "backtrack": true, "gcr": 0.3843, "cross_axis_tilt": 0}}, {"type": "Feature", "geometry": {"type": "Point", "coordinates": [-71.8055163, -16.5928131]}, "properties": {"rol": "seguidor", "id": "TR-07_2-073", "tipo": "completo", "axis_azimuth": 0, "punto": "eje de unidad (no el motor)", "ncu": 13, "gw": 2, "axis_tilt": 0, "max_angle": 55, "backtrack": true, "gcr": 0.3843, "cross_axis_tilt": 0}}, {"type": "Feature", "geometry": {"type": "Point", "coordinates": [-71.8054002, -16.5928146]}, "properties": {"rol": "seguidor", "id": "TR-07_2-074", "tipo": "completo", "axis_azimuth": 0, "punto": "eje de unidad (no el motor)", "ncu": 13, "gw": 2, "axis_tilt": 0, "max_angle": 55, "backtrack": true, "gcr": 0.3843, "cross_axis_tilt": 0}}, {"type": "Feature", "geometry": {"type": "Point", "coordinates": [-71.8052841, -16.5928162]}, "properties": {"rol": "seguidor", "id": "TR-07_2-075", "tipo": "completo", "axis_azimuth": 0, "punto": "eje de unidad (no el motor)", "ncu": 13, "gw": 2, "axis_tilt": 0, "max_angle": 55, "backtrack": true, "gcr": 0.3843, "cross_axis_tilt": 0}}, {"type": "Feature", "geometry": {"type": "Point", "coordinates": [-71.805168, -16.5928178]}, "properties": {"rol": "seguidor", "id": "TR-07_2-076", "tipo": "completo", "axis_azimuth": 0, "punto": "eje de unidad (no el motor)", "ncu": 13, "gw": 2, "axis_tilt": 0, "max_angle": 55, "backtrack": true, "gcr": 0.3843, "cross_axis_tilt": 0}}, {"type": "Feature", "geometry": {"type": "Point", "coordinates": [-71.8050519, -16.5928193]}, "properties": {"rol": "seguidor", "id": "TR-07_2-077", "tipo": "completo", "axis_azimuth": 0, "punto": "eje de unidad (no el motor)", "ncu": 13, "gw": 2, "axis_tilt": 0, "max_angle": 55, "backtrack": true, "gcr": 0.3843, "cross_axis_tilt": 0}}, {"type": "Feature", "geometry": {"type": "Point", "coordinates": [-71.8049358, -16.5928209]}, "properties": {"rol": "seguidor", "id": "TR-07_2-078", "tipo": "completo", "axis_azimuth": 0, "punto": "eje de unidad (no el motor)", "ncu": 13, "gw": 2, "axis_tilt": 0, "max_angle": 55, "backtrack": true, "gcr": 0.3843, "cross_axis_tilt": 0}}, {"type": "Feature", "geometry": {"type": "Point", "coordinates": [-71.8048197, -16.5928225]}, "properties": {"rol": "seguidor", "id": "TR-07_2-079", "tipo": "completo", "axis_azimuth": 0, "punto": "eje de unidad (no el motor)", "ncu": 13, "gw": 2, "axis_tilt": 0, "max_angle": 55, "backtrack": true, "gcr": 0.3843, "cross_axis_tilt": 0}}, {"type": "Feature", "geometry": {"type": "Point", "coordinates": [-71.8047036, -16.592824]}, "properties": {"rol": "seguidor", "id": "TR-07_2-080", "tipo": "completo", "axis_azimuth": 0, "punto": "eje de unidad (no el motor)", "ncu": 13, "gw": 2, "axis_tilt": 0, "max_angle": 55, "backtrack": true, "gcr": 0.3843, "cross_axis_tilt": 0}}, {"type": "Feature", "geometry": {"type": "Point", "coordinates": [-71.8045875, -16.5928256]}, "properties": {"rol": "seguidor", "id": "TR-07_2-081", "tipo": "completo", "axis_azimuth": 0, "punto": "eje de unidad (no el motor)", "ncu": 13, "gw": 2, "axis_tilt": 0, "max_angle": 55, "backtrack": true, "gcr": 0.3843, "cross_axis_tilt": 0}}, {"type": "Feature", "geometry": {"type": "Point", "coordinates": [-71.8044714, -16.5928272]}, "properties": {"rol": "seguidor", "id": "TR-07_2-082", "tipo": "completo", "axis_azimuth": 0, "punto": "eje de unidad (no el motor)", "ncu": 13, "gw": 2, "axis_tilt": 0, "max_angle": 55, "backtrack": true, "gcr": 0.3843, "cross_axis_tilt": 0}}, {"type": "Feature", "geometry": {"type": "Point", "coordinates": [-71.8043553, -16.5928287]}, "properties": {"rol": "seguidor", "id": "TR-07_2-083", "tipo": "completo", "axis_azimuth": 0, "punto": "eje de unidad (no el motor)", "ncu": 13, "gw": 2, "axis_tilt": 0, "max_angle": 55, "backtrack": true, "gcr": 0.3843, "cross_axis_tilt": 0}}, {"type": "Feature", "geometry": {"type": "Point", "coordinates": [-71.8042401, -16.5928303]}, "properties": {"rol": "seguidor", "id": "TR-07_2-084", "tipo": "completo", "axis_azimuth": 0, "punto": "eje de unidad (no el motor)", "ncu": 13, "gw": 2, "axis_tilt": 0, "max_angle": 55, "backtrack": true, "gcr": 0.3843, "cross_axis_tilt": 0}}, {"type": "Feature", "geometry": {"type": "Point", "coordinates": [-71.804124, -16.5928318]}, "properties": {"rol": "seguidor", "id": "TR-07_2-085", "tipo": "completo", "axis_azimuth": 0, "punto": "eje de unidad (no el motor)", "ncu": 13, "gw": 2, "axis_tilt": 0, "max_angle": 55, "backtrack": true, "gcr": 0.3843, "cross_axis_tilt": 0}}, {"type": "Feature", "geometry": {"type": "Point", "coordinates": [-71.8062228, -16.5934817]}, "properties": {"rol": "seguidor", "id": "TR-07_2-086", "tipo": "completo", "axis_azimuth": 0, "punto": "eje de unidad (no el motor)", "ncu": 13, "gw": 2, "axis_tilt": 0, "max_angle": 55, "backtrack": true, "gcr": 0.3843, "cross_axis_tilt": 0}}, {"type": "Feature", "geometry": {"type": "Point", "coordinates": [-71.8061067, -16.5934833]}, "properties": {"rol": "seguidor", "id": "TR-07_2-087", "tipo": "completo", "axis_azimuth": 0, "punto": "eje de unidad (no el motor)", "ncu": 13, "gw": 2, "axis_tilt": 0, "max_angle": 55, "backtrack": true, "gcr": 0.3843, "cross_axis_tilt": 0}}, {"type": "Feature", "geometry": {"type": "Point", "coordinates": [-71.8059906, -16.5934849]}, "properties": {"rol": "seguidor", "id": "TR-07_2-088", "tipo": "completo", "axis_azimuth": 0, "punto": "eje de unidad (no el motor)", "ncu": 13, "gw": 2, "axis_tilt": 0, "max_angle": 55, "backtrack": true, "gcr": 0.3843, "cross_axis_tilt": 0}}, {"type": "Feature", "geometry": {"type": "Point", "coordinates": [-71.8058745, -16.5934864]}, "properties": {"rol": "seguidor", "id": "TR-07_2-089", "tipo": "completo", "axis_azimuth": 0, "punto": "eje de unidad (no el motor)", "ncu": 13, "gw": 2, "axis_tilt": 0, "max_angle": 55, "backtrack": true, "gcr": 0.3843, "cross_axis_tilt": 0}}, {"type": "Feature", "geometry": {"type": "Point", "coordinates": [-71.8057584, -16.593488]}, "properties": {"rol": "seguidor", "id": "TR-07_2-090", "tipo": "completo", "axis_azimuth": 0, "punto": "eje de unidad (no el motor)", "ncu": 13, "gw": 2, "axis_tilt": 0, "max_angle": 55, "backtrack": true, "gcr": 0.3843, "cross_axis_tilt": 0}}, {"type": "Feature", "geometry": {"type": "Point", "coordinates": [-71.8056423, -16.5934896]}, "properties": {"rol": "seguidor", "id": "TR-07_2-091", "tipo": "completo", "axis_azimuth": 0, "punto": "eje de unidad (no el motor)", "ncu": 13, "gw": 2, "axis_tilt": 0, "max_angle": 55, "backtrack": true, "gcr": 0.3843, "cross_axis_tilt": 0}}, {"type": "Feature", "geometry": {"type": "Point", "coordinates": [-71.8055262, -16.5934911]}, "properties": {"rol": "seguidor", "id": "TR-07_2-092", "tipo": "completo", "axis_azimuth": 0, "punto": "eje de unidad (no el motor)", "ncu": 13, "gw": 2, "axis_tilt": 0, "max_angle": 55, "backtrack": true, "gcr": 0.3843, "cross_axis_tilt": 0}}, {"type": "Feature", "geometry": {"type": "Point", "coordinates": [-71.8054101, -16.5934927]}, "properties": {"rol": "seguidor", "id": "TR-07_2-093", "tipo": "completo", "axis_azimuth": 0, "punto": "eje de unidad (no el motor)", "ncu": 13, "gw": 2, "axis_tilt": 0, "max_angle": 55, "backtrack": true, "gcr": 0.3843, "cross_axis_tilt": 0}}, {"type": "Feature", "geometry": {"type": "Point", "coordinates": [-71.805294, -16.5934943]}, "properties": {"rol": "seguidor", "id": "TR-07_2-094", "tipo": "completo", "axis_azimuth": 0, "punto": "eje de unidad (no el motor)", "ncu": 13, "gw": 2, "axis_tilt": 0, "max_angle": 55, "backtrack": true, "gcr": 0.3843, "cross_axis_tilt": 0}}, {"type": "Feature", "geometry": {"type": "Point", "coordinates": [-71.8051778, -16.5934958]}, "properties": {"rol": "seguidor", "id": "TR-07_2-095", "tipo": "completo", "axis_azimuth": 0, "punto": "eje de unidad (no el motor)", "ncu": 13, "gw": 2, "axis_tilt": 0, "max_angle": 55, "backtrack": true, "gcr": 0.3843, "cross_axis_tilt": 0}}, {"type": "Feature", "geometry": {"type": "Point", "coordinates": [-71.8050617, -16.5934974]}, "properties": {"rol": "seguidor", "id": "TR-07_2-096", "tipo": "completo", "axis_azimuth": 0, "punto": "eje de unidad (no el motor)", "ncu": 13, "gw": 2, "axis_tilt": 0, "max_angle": 55, "backtrack": true, "gcr": 0.3843, "cross_axis_tilt": 0}}, {"type": "Feature", "geometry": {"type": "Point", "coordinates": [-71.8049456, -16.593499]}, "properties": {"rol": "seguidor", "id": "TR-07_2-097", "tipo": "completo", "axis_azimuth": 0, "punto": "eje de unidad (no el motor)", "ncu": 13, "gw": 2, "axis_tilt": 0, "max_angle": 55, "backtrack": true, "gcr": 0.3843, "cross_axis_tilt": 0}}, {"type": "Feature", "geometry": {"type": "Point", "coordinates": [-71.8048295, -16.5935005]}, "properties": {"rol": "seguidor", "id": "TR-07_2-098", "tipo": "completo", "axis_azimuth": 0, "punto": "eje de unidad (no el motor)", "ncu": 13, "gw": 2, "axis_tilt": 0, "max_angle": 55, "backtrack": true, "gcr": 0.3843, "cross_axis_tilt": 0}}, {"type": "Feature", "geometry": {"type": "Point", "coordinates": [-71.8047134, -16.5935021]}, "properties": {"rol": "seguidor", "id": "TR-07_2-099", "tipo": "completo", "axis_azimuth": 0, "punto": "eje de unidad (no el motor)", "ncu": 13, "gw": 2, "axis_tilt": 0, "max_angle": 55, "backtrack": true, "gcr": 0.3843, "cross_axis_tilt": 0}}, {"type": "Feature", "geometry": {"type": "Point", "coordinates": [-71.8045973, -16.5935037]}, "properties": {"rol": "seguidor", "id": "TR-07_2-100", "tipo": "completo", "axis_azimuth": 0, "punto": "eje de unidad (no el motor)", "ncu": 13, "gw": 2, "axis_tilt": 0, "max_angle": 55, "backtrack": true, "gcr": 0.3843, "cross_axis_tilt": 0}}, {"type": "Feature", "geometry": {"type": "Point", "coordinates": [-71.8044812, -16.5935052]}, "properties": {"rol": "seguidor", "id": "TR-07_2-101", "tipo": "completo", "axis_azimuth": 0, "punto": "eje de unidad (no el motor)", "ncu": 13, "gw": 2, "axis_tilt": 0, "max_angle": 55, "backtrack": true, "gcr": 0.3843, "cross_axis_tilt": 0}}, {"type": "Feature", "geometry": {"type": "Point", "coordinates": [-71.8043651, -16.5935068]}, "properties": {"rol": "seguidor", "id": "TR-07_2-102", "tipo": "completo", "axis_azimuth": 0, "punto": "eje de unidad (no el motor)", "ncu": 13, "gw": 2, "axis_tilt": 0, "max_angle": 55, "backtrack": true, "gcr": 0.3843, "cross_axis_tilt": 0}}, {"type": "Feature", "geometry": {"type": "Point", "coordinates": [-71.8042499, -16.5935084]}, "properties": {"rol": "seguidor", "id": "TR-07_2-103", "tipo": "completo", "axis_azimuth": 0, "punto": "eje de unidad (no el motor)", "ncu": 13, "gw": 2, "axis_tilt": 0, "max_angle": 55, "backtrack": true, "gcr": 0.3843, "cross_axis_tilt": 0}}, {"type": "Feature", "geometry": {"type": "Point", "coordinates": [-71.8041338, -16.5935099]}, "properties": {"rol": "seguidor", "id": "TR-07_2-104", "tipo": "completo", "axis_azimuth": 0, "punto": "eje de unidad (no el motor)", "ncu": 13, "gw": 2, "axis_tilt": 0, "max_angle": 55, "backtrack": true, "gcr": 0.3843, "cross_axis_tilt": 0}}, {"type": "Feature", "geometry": {"type": "Point", "coordinates": [-71.8062327, -16.5941607]}, "properties": {"rol": "seguidor", "id": "TR-07_2-105", "tipo": "completo", "axis_azimuth": 0, "punto": "eje de unidad (no el motor)", "ncu": 13, "gw": 2, "axis_tilt": 0, "max_angle": 55, "backtrack": true, "gcr": 0.3843, "cross_axis_tilt": 0}}, {"type": "Feature", "geometry": {"type": "Point", "coordinates": [-71.8061166, -16.5941623]}, "properties": {"rol": "seguidor", "id": "TR-07_2-106", "tipo": "completo", "axis_azimuth": 0, "punto": "eje de unidad (no el motor)", "ncu": 13, "gw": 2, "axis_tilt": 0, "max_angle": 55, "backtrack": true, "gcr": 0.3843, "cross_axis_tilt": 0}}, {"type": "Feature", "geometry": {"type": "Point", "coordinates": [-71.8060004, -16.5941639]}, "properties": {"rol": "seguidor", "id": "TR-07_2-107", "tipo": "completo", "axis_azimuth": 0, "punto": "eje de unidad (no el motor)", "ncu": 13, "gw": 2, "axis_tilt": 0, "max_angle": 55, "backtrack": true, "gcr": 0.3843, "cross_axis_tilt": 0}}, {"type": "Feature", "geometry": {"type": "Point", "coordinates": [-71.8058843, -16.5941654]}, "properties": {"rol": "seguidor", "id": "TR-07_2-108", "tipo": "completo", "axis_azimuth": 0, "punto": "eje de unidad (no el motor)", "ncu": 13, "gw": 2, "axis_tilt": 0, "max_angle": 55, "backtrack": true, "gcr": 0.3843, "cross_axis_tilt": 0}}, {"type": "Feature", "geometry": {"type": "Point", "coordinates": [-71.8057682, -16.594167]}, "properties": {"rol": "seguidor", "id": "TR-07_2-109", "tipo": "completo", "axis_azimuth": 0, "punto": "eje de unidad (no el motor)", "ncu": 13, "gw": 2, "axis_tilt": 0, "max_angle": 55, "backtrack": true, "gcr": 0.3843, "cross_axis_tilt": 0}}, {"type": "Feature", "geometry": {"type": "Point", "coordinates": [-71.8056521, -16.5941686]}, "properties": {"rol": "seguidor", "id": "TR-07_2-110", "tipo": "completo", "axis_azimuth": 0, "punto": "eje de unidad (no el motor)", "ncu": 13, "gw": 2, "axis_tilt": 0, "max_angle": 55, "backtrack": true, "gcr": 0.3843, "cross_axis_tilt": 0}}, {"type": "Feature", "geometry": {"type": "Point", "coordinates": [-71.805536, -16.5941701]}, "properties": {"rol": "seguidor", "id": "TR-07_2-111", "tipo": "completo", "axis_azimuth": 0, "punto": "eje de unidad (no el motor)", "ncu": 13, "gw": 2, "axis_tilt": 0, "max_angle": 55, "backtrack": true, "gcr": 0.3843, "cross_axis_tilt": 0}}, {"type": "Feature", "geometry": {"type": "Point", "coordinates": [-71.8054199, -16.5941717]}, "properties": {"rol": "seguidor", "id": "TR-07_2-112", "tipo": "completo", "axis_azimuth": 0, "punto": "eje de unidad (no el motor)", "ncu": 13, "gw": 2, "axis_tilt": 0, "max_angle": 55, "backtrack": true, "gcr": 0.3843, "cross_axis_tilt": 0}}, {"type": "Feature", "geometry": {"type": "Point", "coordinates": [-71.8053038, -16.5941733]}, "properties": {"rol": "seguidor", "id": "TR-07_2-113", "tipo": "completo", "axis_azimuth": 0, "punto": "eje de unidad (no el motor)", "ncu": 13, "gw": 2, "axis_tilt": 0, "max_angle": 55, "backtrack": true, "gcr": 0.3843, "cross_axis_tilt": 0}}, {"type": "Feature", "geometry": {"type": "Point", "coordinates": [-71.8051877, -16.5941748]}, "properties": {"rol": "seguidor", "id": "TR-07_2-114", "tipo": "completo", "axis_azimuth": 0, "punto": "eje de unidad (no el motor)", "ncu": 13, "gw": 2, "axis_tilt": 0, "max_angle": 55, "backtrack": true, "gcr": 0.3843, "cross_axis_tilt": 0}}, {"type": "Feature", "geometry": {"type": "Point", "coordinates": [-71.8046072, -16.5941827]}, "properties": {"rol": "seguidor", "id": "TR-07_2-115", "tipo": "completo", "axis_azimuth": 0, "punto": "eje de unidad (no el motor)", "ncu": 13, "gw": 2, "axis_tilt": 0, "max_angle": 55, "backtrack": true, "gcr": 0.3843, "cross_axis_tilt": 0}}, {"type": "Feature", "geometry": {"type": "Point", "coordinates": [-71.8044911, -16.5941842]}, "properties": {"rol": "seguidor", "id": "TR-07_2-116", "tipo": "completo", "axis_azimuth": 0, "punto": "eje de unidad (no el motor)", "ncu": 13, "gw": 2, "axis_tilt": 0, "max_angle": 55, "backtrack": true, "gcr": 0.3843, "cross_axis_tilt": 0}}, {"type": "Feature", "geometry": {"type": "Point", "coordinates": [-71.804375, -16.5941858]}, "properties": {"rol": "seguidor", "id": "TR-07_2-117", "tipo": "completo", "axis_azimuth": 0, "punto": "eje de unidad (no el motor)", "ncu": 13, "gw": 2, "axis_tilt": 0, "max_angle": 55, "backtrack": true, "gcr": 0.3843, "cross_axis_tilt": 0}}, {"type": "Feature", "geometry": {"type": "Point", "coordinates": [-71.8042598, -16.5941873]}, "properties": {"rol": "seguidor", "id": "TR-07_2-118", "tipo": "completo", "axis_azimuth": 0, "punto": "eje de unidad (no el motor)", "ncu": 13, "gw": 2, "axis_tilt": 0, "max_angle": 55, "backtrack": true, "gcr": 0.3843, "cross_axis_tilt": 0}}, {"type": "Feature", "geometry": {"type": "Point", "coordinates": [-71.8041437, -16.5941889]}, "properties": {"rol": "seguidor", "id": "TR-07_2-119", "tipo": "completo", "axis_azimuth": 0, "punto": "eje de unidad (no el motor)", "ncu": 13, "gw": 2, "axis_tilt": 0, "max_angle": 55, "backtrack": true, "gcr": 0.3843, "cross_axis_tilt": 0}}, {"type": "Feature", "geometry": {"type": "Point", "coordinates": [-71.806159, -16.5880551]}, "properties": {"rol": "seguidor", "id": "TR-08_1-055", "tipo": "completo", "axis_azimuth": 0, "punto": "eje de unidad (no el motor)", "ncu": 14, "gw": 1, "axis_tilt": 0, "max_angle": 55, "backtrack": true, "gcr": 0.3843, "cross_axis_tilt": 0}}, {"type": "Feature", "geometry": {"type": "Point", "coordinates": [-71.8060326, -16.5880568]}, "properties": {"rol": "seguidor", "id": "TR-08_1-056", "tipo": "completo", "axis_azimuth": 0, "punto": "eje de unidad (no el motor)", "ncu": 14, "gw": 1, "axis_tilt": 0, "max_angle": 55, "backtrack": true, "gcr": 0.3843, "cross_axis_tilt": 0}}, {"type": "Feature", "geometry": {"type": "Point", "coordinates": [-71.8059165, -16.5880584]}, "properties": {"rol": "seguidor", "id": "TR-08_1-057", "tipo": "completo", "axis_azimuth": 0, "punto": "eje de unidad (no el motor)", "ncu": 14, "gw": 1, "axis_tilt": 0, "max_angle": 55, "backtrack": true, "gcr": 0.3843, "cross_axis_tilt": 0}}, {"type": "Feature", "geometry": {"type": "Point", "coordinates": [-71.8058004, -16.5880599]}, "properties": {"rol": "seguidor", "id": "TR-08_1-058", "tipo": "completo", "axis_azimuth": 0, "punto": "eje de unidad (no el motor)", "ncu": 14, "gw": 1, "axis_tilt": 0, "max_angle": 55, "backtrack": true, "gcr": 0.3843, "cross_axis_tilt": 0}}, {"type": "Feature", "geometry": {"type": "Point", "coordinates": [-71.8056843, -16.5880615]}, "properties": {"rol": "seguidor", "id": "TR-08_1-059", "tipo": "completo", "axis_azimuth": 0, "punto": "eje de unidad (no el motor)", "ncu": 14, "gw": 1, "axis_tilt": 0, "max_angle": 55, "backtrack": true, "gcr": 0.3843, "cross_axis_tilt": 0}}, {"type": "Feature", "geometry": {"type": "Point", "coordinates": [-71.8055721, -16.5883294]}, "properties": {"rol": "seguidor", "id": "TR-08_1-060", "tipo": "completo", "axis_azimuth": 0, "punto": "eje de unidad (no el motor)", "ncu": 14, "gw": 1, "axis_tilt": 0, "max_angle": 55, "backtrack": true, "gcr": 0.3843, "cross_axis_tilt": 0}}, {"type": "Feature", "geometry": {"type": "Point", "coordinates": [-71.805456, -16.588331]}, "properties": {"rol": "seguidor", "id": "TR-08_1-061", "tipo": "completo", "axis_azimuth": 0, "punto": "eje de unidad (no el motor)", "ncu": 14, "gw": 1, "axis_tilt": 0, "max_angle": 55, "backtrack": true, "gcr": 0.3843, "cross_axis_tilt": 0}}, {"type": "Feature", "geometry": {"type": "Point", "coordinates": [-71.8053399, -16.5883326]}, "properties": {"rol": "seguidor", "id": "TR-08_1-062", "tipo": "completo", "axis_azimuth": 0, "punto": "eje de unidad (no el motor)", "ncu": 14, "gw": 1, "axis_tilt": 0, "max_angle": 55, "backtrack": true, "gcr": 0.3843, "cross_axis_tilt": 0}}, {"type": "Feature", "geometry": {"type": "Point", "coordinates": [-71.8052238, -16.5883341]}, "properties": {"rol": "seguidor", "id": "TR-08_1-063", "tipo": "completo", "axis_azimuth": 0, "punto": "eje de unidad (no el motor)", "ncu": 14, "gw": 1, "axis_tilt": 0, "max_angle": 55, "backtrack": true, "gcr": 0.3843, "cross_axis_tilt": 0}}, {"type": "Feature", "geometry": {"type": "Point", "coordinates": [-71.8051077, -16.5883357]}, "properties": {"rol": "seguidor", "id": "TR-08_1-064", "tipo": "completo", "axis_azimuth": 0, "punto": "eje de unidad (no el motor)", "ncu": 14, "gw": 1, "axis_tilt": 0, "max_angle": 55, "backtrack": true, "gcr": 0.3843, "cross_axis_tilt": 0}}, {"type": "Feature", "geometry": {"type": "Point", "coordinates": [-71.8049916, -16.5883373]}, "properties": {"rol": "seguidor", "id": "TR-08_1-065", "tipo": "completo", "axis_azimuth": 0, "punto": "eje de unidad (no el motor)", "ncu": 14, "gw": 1, "axis_tilt": 0, "max_angle": 55, "backtrack": true, "gcr": 0.3843, "cross_axis_tilt": 0}}, {"type": "Feature", "geometry": {"type": "Point", "coordinates": [-71.8048755, -16.5883388]}, "properties": {"rol": "seguidor", "id": "TR-08_1-066", "tipo": "completo", "axis_azimuth": 0, "punto": "eje de unidad (no el motor)", "ncu": 14, "gw": 1, "axis_tilt": 0, "max_angle": 55, "backtrack": true, "gcr": 0.3843, "cross_axis_tilt": 0}}, {"type": "Feature", "geometry": {"type": "Point", "coordinates": [-71.8047594, -16.5883404]}, "properties": {"rol": "seguidor", "id": "TR-08_1-067", "tipo": "completo", "axis_azimuth": 0, "punto": "eje de unidad (no el motor)", "ncu": 14, "gw": 1, "axis_tilt": 0, "max_angle": 55, "backtrack": true, "gcr": 0.3843, "cross_axis_tilt": 0}}, {"type": "Feature", "geometry": {"type": "Point", "coordinates": [-71.8046433, -16.588342]}, "properties": {"rol": "seguidor", "id": "TR-08_1-068", "tipo": "completo", "axis_azimuth": 0, "punto": "eje de unidad (no el motor)", "ncu": 14, "gw": 1, "axis_tilt": 0, "max_angle": 55, "backtrack": true, "gcr": 0.3843, "cross_axis_tilt": 0}}, {"type": "Feature", "geometry": {"type": "Point", "coordinates": [-71.8045271, -16.5883435]}, "properties": {"rol": "seguidor", "id": "TR-08_1-069", "tipo": "completo", "axis_azimuth": 0, "punto": "eje de unidad (no el motor)", "ncu": 14, "gw": 1, "axis_tilt": 0, "max_angle": 55, "backtrack": true, "gcr": 0.3843, "cross_axis_tilt": 0}}, {"type": "Feature", "geometry": {"type": "Point", "coordinates": [-71.8044142, -16.5885618]}, "properties": {"rol": "seguidor", "id": "TR-08_1-070", "tipo": "completo", "axis_azimuth": 0, "punto": "eje de unidad (no el motor)", "ncu": 14, "gw": 1, "axis_tilt": 0, "max_angle": 55, "backtrack": true, "gcr": 0.3843, "cross_axis_tilt": 0}}, {"type": "Feature", "geometry": {"type": "Point", "coordinates": [-71.8042981, -16.5885634]}, "properties": {"rol": "seguidor", "id": "TR-08_1-071", "tipo": "completo", "axis_azimuth": 0, "punto": "eje de unidad (no el motor)", "ncu": 14, "gw": 1, "axis_tilt": 0, "max_angle": 55, "backtrack": true, "gcr": 0.3843, "cross_axis_tilt": 0}}, {"type": "Feature", "geometry": {"type": "Point", "coordinates": [-71.804182, -16.5885649]}, "properties": {"rol": "seguidor", "id": "TR-08_1-072", "tipo": "completo", "axis_azimuth": 0, "punto": "eje de unidad (no el motor)", "ncu": 14, "gw": 1, "axis_tilt": 0, "max_angle": 55, "backtrack": true, "gcr": 0.3843, "cross_axis_tilt": 0}}, {"type": "Feature", "geometry": {"type": "Point", "coordinates": [-71.8040659, -16.5885665]}, "properties": {"rol": "seguidor", "id": "TR-08_1-073", "tipo": "completo", "axis_azimuth": 0, "punto": "eje de unidad (no el motor)", "ncu": 14, "gw": 1, "axis_tilt": 0, "max_angle": 55, "backtrack": true, "gcr": 0.3843, "cross_axis_tilt": 0}}, {"type": "Feature", "geometry": {"type": "Point", "coordinates": [-71.8039498, -16.588568]}, "properties": {"rol": "seguidor", "id": "TR-08_1-074", "tipo": "completo", "axis_azimuth": 0, "punto": "eje de unidad (no el motor)", "ncu": 14, "gw": 1, "axis_tilt": 0, "max_angle": 55, "backtrack": true, "gcr": 0.3843, "cross_axis_tilt": 0}}, {"type": "Feature", "geometry": {"type": "Point", "coordinates": [-71.8038337, -16.5885696]}, "properties": {"rol": "seguidor", "id": "TR-08_1-075", "tipo": "completo", "axis_azimuth": 0, "punto": "eje de unidad (no el motor)", "ncu": 14, "gw": 1, "axis_tilt": 0, "max_angle": 55, "backtrack": true, "gcr": 0.3843, "cross_axis_tilt": 0}}, {"type": "Feature", "geometry": {"type": "Point", "coordinates": [-71.8037194, -16.5886994]}, "properties": {"rol": "seguidor", "id": "TR-08_1-076", "tipo": "completo", "axis_azimuth": 0, "punto": "eje de unidad (no el motor)", "ncu": 14, "gw": 1, "axis_tilt": 0, "max_angle": 55, "backtrack": true, "gcr": 0.3843, "cross_axis_tilt": 0}}, {"type": "Feature", "geometry": {"type": "Point", "coordinates": [-71.8036033, -16.588701]}, "properties": {"rol": "seguidor", "id": "TR-08_1-077", "tipo": "completo", "axis_azimuth": 0, "punto": "eje de unidad (no el motor)", "ncu": 14, "gw": 1, "axis_tilt": 0, "max_angle": 55, "backtrack": true, "gcr": 0.3843, "cross_axis_tilt": 0}}, {"type": "Feature", "geometry": {"type": "Point", "coordinates": [-71.8034872, -16.5887025]}, "properties": {"rol": "seguidor", "id": "TR-08_1-078", "tipo": "completo", "axis_azimuth": 0, "punto": "eje de unidad (no el motor)", "ncu": 14, "gw": 1, "axis_tilt": 0, "max_angle": 55, "backtrack": true, "gcr": 0.3843, "cross_axis_tilt": 0}}, {"type": "Feature", "geometry": {"type": "Point", "coordinates": [-71.8033721, -16.5887041]}, "properties": {"rol": "seguidor", "id": "TR-08_1-079", "tipo": "completo", "axis_azimuth": 0, "punto": "eje de unidad (no el motor)", "ncu": 14, "gw": 1, "axis_tilt": 0, "max_angle": 55, "backtrack": true, "gcr": 0.3843, "cross_axis_tilt": 0}}, {"type": "Feature", "geometry": {"type": "Point", "coordinates": [-71.8032559, -16.5887056]}, "properties": {"rol": "seguidor", "id": "TR-08_1-080", "tipo": "completo", "axis_azimuth": 0, "punto": "eje de unidad (no el motor)", "ncu": 14, "gw": 1, "axis_tilt": 0, "max_angle": 55, "backtrack": true, "gcr": 0.3843, "cross_axis_tilt": 0}}, {"type": "Feature", "geometry": {"type": "Point", "coordinates": [-71.8031398, -16.5887072]}, "properties": {"rol": "seguidor", "id": "TR-08_1-081", "tipo": "completo", "axis_azimuth": 0, "punto": "eje de unidad (no el motor)", "ncu": 14, "gw": 1, "axis_tilt": 0, "max_angle": 55, "backtrack": true, "gcr": 0.3843, "cross_axis_tilt": 0}}, {"type": "Feature", "geometry": {"type": "Point", "coordinates": [-71.8030237, -16.5887088]}, "properties": {"rol": "seguidor", "id": "TR-08_1-082", "tipo": "completo", "axis_azimuth": 0, "punto": "eje de unidad (no el motor)", "ncu": 14, "gw": 1, "axis_tilt": 0, "max_angle": 55, "backtrack": true, "gcr": 0.3843, "cross_axis_tilt": 0}}, {"type": "Feature", "geometry": {"type": "Point", "coordinates": [-71.8029076, -16.5887103]}, "properties": {"rol": "seguidor", "id": "TR-08_1-083", "tipo": "completo", "axis_azimuth": 0, "punto": "eje de unidad (no el motor)", "ncu": 14, "gw": 1, "axis_tilt": 0, "max_angle": 55, "backtrack": true, "gcr": 0.3843, "cross_axis_tilt": 0}}, {"type": "Feature", "geometry": {"type": "Point", "coordinates": [-71.8061689, -16.5887332]}, "properties": {"rol": "seguidor", "id": "TR-08_1-084", "tipo": "completo", "axis_azimuth": 0, "punto": "eje de unidad (no el motor)", "ncu": 14, "gw": 1, "axis_tilt": 0, "max_angle": 55, "backtrack": true, "gcr": 0.3843, "cross_axis_tilt": 0}}, {"type": "Feature", "geometry": {"type": "Point", "coordinates": [-71.8060425, -16.5887349]}, "properties": {"rol": "seguidor", "id": "TR-08_1-085", "tipo": "completo", "axis_azimuth": 0, "punto": "eje de unidad (no el motor)", "ncu": 14, "gw": 1, "axis_tilt": 0, "max_angle": 55, "backtrack": true, "gcr": 0.3843, "cross_axis_tilt": 0}}, {"type": "Feature", "geometry": {"type": "Point", "coordinates": [-71.8059264, -16.5887365]}, "properties": {"rol": "seguidor", "id": "TR-08_1-086", "tipo": "completo", "axis_azimuth": 0, "punto": "eje de unidad (no el motor)", "ncu": 14, "gw": 1, "axis_tilt": 0, "max_angle": 55, "backtrack": true, "gcr": 0.3843, "cross_axis_tilt": 0}}, {"type": "Feature", "geometry": {"type": "Point", "coordinates": [-71.8058103, -16.588738]}, "properties": {"rol": "seguidor", "id": "TR-08_1-087", "tipo": "completo", "axis_azimuth": 0, "punto": "eje de unidad (no el motor)", "ncu": 14, "gw": 1, "axis_tilt": 0, "max_angle": 55, "backtrack": true, "gcr": 0.3843, "cross_axis_tilt": 0}}, {"type": "Feature", "geometry": {"type": "Point", "coordinates": [-71.8056942, -16.5887396]}, "properties": {"rol": "seguidor", "id": "TR-08_1-088", "tipo": "completo", "axis_azimuth": 0, "punto": "eje de unidad (no el motor)", "ncu": 14, "gw": 1, "axis_tilt": 0, "max_angle": 55, "backtrack": true, "gcr": 0.3843, "cross_axis_tilt": 0}}, {"type": "Feature", "geometry": {"type": "Point", "coordinates": [-71.8055819, -16.5890075]}, "properties": {"rol": "seguidor", "id": "TR-08_1-089", "tipo": "completo", "axis_azimuth": 0, "punto": "eje de unidad (no el motor)", "ncu": 14, "gw": 1, "axis_tilt": 0, "max_angle": 55, "backtrack": true, "gcr": 0.3843, "cross_axis_tilt": 0}}, {"type": "Feature", "geometry": {"type": "Point", "coordinates": [-71.8054658, -16.5890091]}, "properties": {"rol": "seguidor", "id": "TR-08_1-090", "tipo": "completo", "axis_azimuth": 0, "punto": "eje de unidad (no el motor)", "ncu": 14, "gw": 1, "axis_tilt": 0, "max_angle": 55, "backtrack": true, "gcr": 0.3843, "cross_axis_tilt": 0}}, {"type": "Feature", "geometry": {"type": "Point", "coordinates": [-71.8053497, -16.5890106]}, "properties": {"rol": "seguidor", "id": "TR-08_1-091", "tipo": "completo", "axis_azimuth": 0, "punto": "eje de unidad (no el motor)", "ncu": 14, "gw": 1, "axis_tilt": 0, "max_angle": 55, "backtrack": true, "gcr": 0.3843, "cross_axis_tilt": 0}}, {"type": "Feature", "geometry": {"type": "Point", "coordinates": [-71.8052336, -16.5890122]}, "properties": {"rol": "seguidor", "id": "TR-08_1-092", "tipo": "completo", "axis_azimuth": 0, "punto": "eje de unidad (no el motor)", "ncu": 14, "gw": 1, "axis_tilt": 0, "max_angle": 55, "backtrack": true, "gcr": 0.3843, "cross_axis_tilt": 0}}, {"type": "Feature", "geometry": {"type": "Point", "coordinates": [-71.8051175, -16.5890138]}, "properties": {"rol": "seguidor", "id": "TR-08_1-093", "tipo": "completo", "axis_azimuth": 0, "punto": "eje de unidad (no el motor)", "ncu": 14, "gw": 1, "axis_tilt": 0, "max_angle": 55, "backtrack": true, "gcr": 0.3843, "cross_axis_tilt": 0}}, {"type": "Feature", "geometry": {"type": "Point", "coordinates": [-71.8050014, -16.5890153]}, "properties": {"rol": "seguidor", "id": "TR-08_1-094", "tipo": "completo", "axis_azimuth": 0, "punto": "eje de unidad (no el motor)", "ncu": 14, "gw": 1, "axis_tilt": 0, "max_angle": 55, "backtrack": true, "gcr": 0.3843, "cross_axis_tilt": 0}}, {"type": "Feature", "geometry": {"type": "Point", "coordinates": [-71.8048853, -16.5890169]}, "properties": {"rol": "seguidor", "id": "TR-08_1-095", "tipo": "completo", "axis_azimuth": 0, "punto": "eje de unidad (no el motor)", "ncu": 14, "gw": 1, "axis_tilt": 0, "max_angle": 55, "backtrack": true, "gcr": 0.3843, "cross_axis_tilt": 0}}, {"type": "Feature", "geometry": {"type": "Point", "coordinates": [-71.8047692, -16.5890185]}, "properties": {"rol": "seguidor", "id": "TR-08_1-096", "tipo": "completo", "axis_azimuth": 0, "punto": "eje de unidad (no el motor)", "ncu": 14, "gw": 1, "axis_tilt": 0, "max_angle": 55, "backtrack": true, "gcr": 0.3843, "cross_axis_tilt": 0}}, {"type": "Feature", "geometry": {"type": "Point", "coordinates": [-71.8046531, -16.58902]}, "properties": {"rol": "seguidor", "id": "TR-08_1-097", "tipo": "completo", "axis_azimuth": 0, "punto": "eje de unidad (no el motor)", "ncu": 14, "gw": 1, "axis_tilt": 0, "max_angle": 55, "backtrack": true, "gcr": 0.3843, "cross_axis_tilt": 0}}, {"type": "Feature", "geometry": {"type": "Point", "coordinates": [-71.804537, -16.5890216]}, "properties": {"rol": "seguidor", "id": "TR-08_1-098", "tipo": "completo", "axis_azimuth": 0, "punto": "eje de unidad (no el motor)", "ncu": 14, "gw": 1, "axis_tilt": 0, "max_angle": 55, "backtrack": true, "gcr": 0.3843, "cross_axis_tilt": 0}}, {"type": "Feature", "geometry": {"type": "Point", "coordinates": [-71.8030658, -16.5894767]}, "properties": {"rol": "seguidor", "id": "TR-08_1-099", "tipo": "completo", "axis_azimuth": 0, "punto": "eje de unidad (no el motor)", "ncu": 14, "gw": 1, "axis_tilt": 0, "max_angle": 55, "backtrack": true, "gcr": 0.3843, "cross_axis_tilt": 0}}, {"type": "Feature", "geometry": {"type": "Point", "coordinates": [-71.8029497, -16.5894783]}, "properties": {"rol": "seguidor", "id": "TR-08_1-100", "tipo": "completo", "axis_azimuth": 0, "punto": "eje de unidad (no el motor)", "ncu": 14, "gw": 1, "axis_tilt": 0, "max_angle": 55, "backtrack": true, "gcr": 0.3843, "cross_axis_tilt": 0}}, {"type": "Feature", "geometry": {"type": "Point", "coordinates": [-71.8028336, -16.5894799]}, "properties": {"rol": "seguidor", "id": "TR-08_1-101", "tipo": "completo", "axis_azimuth": 0, "punto": "eje de unidad (no el motor)", "ncu": 14, "gw": 1, "axis_tilt": 0, "max_angle": 55, "backtrack": true, "gcr": 0.3843, "cross_axis_tilt": 0}}, {"type": "Feature", "geometry": {"type": "Point", "coordinates": [-71.8027175, -16.5894814]}, "properties": {"rol": "seguidor", "id": "TR-08_1-102", "tipo": "completo", "axis_azimuth": 0, "punto": "eje de unidad (no el motor)", "ncu": 14, "gw": 1, "axis_tilt": 0, "max_angle": 55, "backtrack": true, "gcr": 0.3843, "cross_axis_tilt": 0}}, {"type": "Feature", "geometry": {"type": "Point", "coordinates": [-71.8026014, -16.589483]}, "properties": {"rol": "seguidor", "id": "TR-08_1-103", "tipo": "completo", "axis_azimuth": 0, "punto": "eje de unidad (no el motor)", "ncu": 14, "gw": 1, "axis_tilt": 0, "max_angle": 55, "backtrack": true, "gcr": 0.3843, "cross_axis_tilt": 0}}, {"type": "Feature", "geometry": {"type": "Point", "coordinates": [-71.8024853, -16.5894846]}, "properties": {"rol": "seguidor", "id": "TR-08_1-104", "tipo": "completo", "axis_azimuth": 0, "punto": "eje de unidad (no el motor)", "ncu": 14, "gw": 1, "axis_tilt": 0, "max_angle": 55, "backtrack": true, "gcr": 0.3843, "cross_axis_tilt": 0}}, {"type": "Feature", "geometry": {"type": "Point", "coordinates": [-71.8023692, -16.5894861]}, "properties": {"rol": "seguidor", "id": "TR-08_1-105", "tipo": "completo", "axis_azimuth": 0, "punto": "eje de unidad (no el motor)", "ncu": 14, "gw": 1, "axis_tilt": 0, "max_angle": 55, "backtrack": true, "gcr": 0.3843, "cross_axis_tilt": 0}}, {"type": "Feature", "geometry": {"type": "Point", "coordinates": [-71.8030756, -16.5901557]}, "properties": {"rol": "seguidor", "id": "TR-08_1-106", "tipo": "completo", "axis_azimuth": 0, "punto": "eje de unidad (no el motor)", "ncu": 14, "gw": 1, "axis_tilt": 0, "max_angle": 55, "backtrack": true, "gcr": 0.3843, "cross_axis_tilt": 0}}, {"type": "Feature", "geometry": {"type": "Point", "coordinates": [-71.8029595, -16.5901573]}, "properties": {"rol": "seguidor", "id": "TR-08_1-107", "tipo": "completo", "axis_azimuth": 0, "punto": "eje de unidad (no el motor)", "ncu": 14, "gw": 1, "axis_tilt": 0, "max_angle": 55, "backtrack": true, "gcr": 0.3843, "cross_axis_tilt": 0}}, {"type": "Feature", "geometry": {"type": "Point", "coordinates": [-71.8028434, -16.5901588]}, "properties": {"rol": "seguidor", "id": "TR-08_1-108", "tipo": "completo", "axis_azimuth": 0, "punto": "eje de unidad (no el motor)", "ncu": 14, "gw": 1, "axis_tilt": 0, "max_angle": 55, "backtrack": true, "gcr": 0.3843, "cross_axis_tilt": 0}}, {"type": "Feature", "geometry": {"type": "Point", "coordinates": [-71.8027273, -16.5901604]}, "properties": {"rol": "seguidor", "id": "TR-08_1-109", "tipo": "completo", "axis_azimuth": 0, "punto": "eje de unidad (no el motor)", "ncu": 14, "gw": 1, "axis_tilt": 0, "max_angle": 55, "backtrack": true, "gcr": 0.3843, "cross_axis_tilt": 0}}, {"type": "Feature", "geometry": {"type": "Point", "coordinates": [-71.8026112, -16.590162]}, "properties": {"rol": "seguidor", "id": "TR-08_1-110", "tipo": "completo", "axis_azimuth": 0, "punto": "eje de unidad (no el motor)", "ncu": 14, "gw": 1, "axis_tilt": 0, "max_angle": 55, "backtrack": true, "gcr": 0.3843, "cross_axis_tilt": 0}}, {"type": "Feature", "geometry": {"type": "Point", "coordinates": [-71.8024951, -16.5901635]}, "properties": {"rol": "seguidor", "id": "TR-08_1-111", "tipo": "completo", "axis_azimuth": 0, "punto": "eje de unidad (no el motor)", "ncu": 14, "gw": 1, "axis_tilt": 0, "max_angle": 55, "backtrack": true, "gcr": 0.3843, "cross_axis_tilt": 0}}, {"type": "Feature", "geometry": {"type": "Point", "coordinates": [-71.802379, -16.5901651]}, "properties": {"rol": "seguidor", "id": "TR-08_1-112", "tipo": "completo", "axis_azimuth": 0, "punto": "eje de unidad (no el motor)", "ncu": 14, "gw": 1, "axis_tilt": 0, "max_angle": 55, "backtrack": true, "gcr": 0.3843, "cross_axis_tilt": 0}}, {"type": "Feature", "geometry": {"type": "Point", "coordinates": [-71.8022629, -16.5901667]}, "properties": {"rol": "seguidor", "id": "TR-08_1-113", "tipo": "completo", "axis_azimuth": 0, "punto": "eje de unidad (no el motor)", "ncu": 14, "gw": 1, "axis_tilt": 0, "max_angle": 55, "backtrack": true, "gcr": 0.3843, "cross_axis_tilt": 0}}, {"type": "Feature", "geometry": {"type": "Point", "coordinates": [-71.8021468, -16.5901682]}, "properties": {"rol": "seguidor", "id": "TR-08_1-114", "tipo": "completo", "axis_azimuth": 0, "punto": "eje de unidad (no el motor)", "ncu": 14, "gw": 1, "axis_tilt": 0, "max_angle": 55, "backtrack": true, "gcr": 0.3843, "cross_axis_tilt": 0}}, {"type": "Feature", "geometry": {"type": "Point", "coordinates": [-71.8025049, -16.5908416]}, "properties": {"rol": "seguidor", "id": "TR-08_1-115", "tipo": "completo", "axis_azimuth": 0, "punto": "eje de unidad (no el motor)", "ncu": 14, "gw": 1, "axis_tilt": 0, "max_angle": 55, "backtrack": true, "gcr": 0.3843, "cross_axis_tilt": 0}}, {"type": "Feature", "geometry": {"type": "Point", "coordinates": [-71.8023888, -16.5908432]}, "properties": {"rol": "seguidor", "id": "TR-08_1-116", "tipo": "completo", "axis_azimuth": 0, "punto": "eje de unidad (no el motor)", "ncu": 14, "gw": 1, "axis_tilt": 0, "max_angle": 55, "backtrack": true, "gcr": 0.3843, "cross_axis_tilt": 0}}, {"type": "Feature", "geometry": {"type": "Point", "coordinates": [-71.8022727, -16.5908447]}, "properties": {"rol": "seguidor", "id": "TR-08_1-117", "tipo": "completo", "axis_azimuth": 0, "punto": "eje de unidad (no el motor)", "ncu": 14, "gw": 1, "axis_tilt": 0, "max_angle": 55, "backtrack": true, "gcr": 0.3843, "cross_axis_tilt": 0}}, {"type": "Feature", "geometry": {"type": "Point", "coordinates": [-71.8021566, -16.5908463]}, "properties": {"rol": "seguidor", "id": "TR-08_1-118", "tipo": "completo", "axis_azimuth": 0, "punto": "eje de unidad (no el motor)", "ncu": 14, "gw": 1, "axis_tilt": 0, "max_angle": 55, "backtrack": true, "gcr": 0.3843, "cross_axis_tilt": 0}}, {"type": "Feature", "geometry": {"type": "Point", "coordinates": [-71.806004, -16.5852441]}, "properties": {"rol": "seguidor", "id": "TR-08_1-001", "tipo": "completo", "axis_azimuth": 0, "punto": "eje de unidad (no el motor)", "ncu": 15, "gw": 1, "axis_tilt": 0, "max_angle": 55, "backtrack": true, "gcr": 0.3843, "cross_axis_tilt": 0}}, {"type": "Feature", "geometry": {"type": "Point", "coordinates": [-71.8058879, -16.5852457]}, "properties": {"rol": "seguidor", "id": "TR-08_1-002", "tipo": "completo", "axis_azimuth": 0, "punto": "eje de unidad (no el motor)", "ncu": 15, "gw": 1, "axis_tilt": 0, "max_angle": 55, "backtrack": true, "gcr": 0.3843, "cross_axis_tilt": 0}}, {"type": "Feature", "geometry": {"type": "Point", "coordinates": [-71.8057727, -16.5852472]}, "properties": {"rol": "seguidor", "id": "TR-08_1-003", "tipo": "completo", "axis_azimuth": 0, "punto": "eje de unidad (no el motor)", "ncu": 15, "gw": 1, "axis_tilt": 0, "max_angle": 55, "backtrack": true, "gcr": 0.3843, "cross_axis_tilt": 0}}, {"type": "Feature", "geometry": {"type": "Point", "coordinates": [-71.8056566, -16.5852488]}, "properties": {"rol": "seguidor", "id": "TR-08_1-004", "tipo": "completo", "axis_azimuth": 0, "punto": "eje de unidad (no el motor)", "ncu": 15, "gw": 1, "axis_tilt": 0, "max_angle": 55, "backtrack": true, "gcr": 0.3843, "cross_axis_tilt": 0}}, {"type": "Feature", "geometry": {"type": "Point", "coordinates": [-71.8055405, -16.5852504]}, "properties": {"rol": "seguidor", "id": "TR-08_1-005", "tipo": "completo", "axis_azimuth": 0, "punto": "eje de unidad (no el motor)", "ncu": 15, "gw": 1, "axis_tilt": 0, "max_angle": 55, "backtrack": true, "gcr": 0.3843, "cross_axis_tilt": 0}}, {"type": "Feature", "geometry": {"type": "Point", "coordinates": [-71.8054244, -16.5852519]}, "properties": {"rol": "seguidor", "id": "TR-08_1-006", "tipo": "completo", "axis_azimuth": 0, "punto": "eje de unidad (no el motor)", "ncu": 15, "gw": 1, "axis_tilt": 0, "max_angle": 55, "backtrack": true, "gcr": 0.3843, "cross_axis_tilt": 0}}, {"type": "Feature", "geometry": {"type": "Point", "coordinates": [-71.8053083, -16.5852535]}, "properties": {"rol": "seguidor", "id": "TR-08_1-007", "tipo": "completo", "axis_azimuth": 0, "punto": "eje de unidad (no el motor)", "ncu": 15, "gw": 1, "axis_tilt": 0, "max_angle": 55, "backtrack": true, "gcr": 0.3843, "cross_axis_tilt": 0}}, {"type": "Feature", "geometry": {"type": "Point", "coordinates": [-71.8051922, -16.5852551]}, "properties": {"rol": "seguidor", "id": "TR-08_1-008", "tipo": "completo", "axis_azimuth": 0, "punto": "eje de unidad (no el motor)", "ncu": 15, "gw": 1, "axis_tilt": 0, "max_angle": 55, "backtrack": true, "gcr": 0.3843, "cross_axis_tilt": 0}}, {"type": "Feature", "geometry": {"type": "Point", "coordinates": [-71.8050761, -16.5852566]}, "properties": {"rol": "seguidor", "id": "TR-08_1-009", "tipo": "completo", "axis_azimuth": 0, "punto": "eje de unidad (no el motor)", "ncu": 15, "gw": 1, "axis_tilt": 0, "max_angle": 55, "backtrack": true, "gcr": 0.3843, "cross_axis_tilt": 0}}, {"type": "Feature", "geometry": {"type": "Point", "coordinates": [-71.8063621, -16.5859175]}, "properties": {"rol": "seguidor", "id": "TR-08_1-010", "tipo": "completo", "axis_azimuth": 0, "punto": "eje de unidad (no el motor)", "ncu": 15, "gw": 1, "axis_tilt": 0, "max_angle": 55, "backtrack": true, "gcr": 0.3843, "cross_axis_tilt": 0}}, {"type": "Feature", "geometry": {"type": "Point", "coordinates": [-71.806246, -16.5859191]}, "properties": {"rol": "seguidor", "id": "TR-08_1-011", "tipo": "completo", "axis_azimuth": 0, "punto": "eje de unidad (no el motor)", "ncu": 15, "gw": 1, "axis_tilt": 0, "max_angle": 55, "backtrack": true, "gcr": 0.3843, "cross_axis_tilt": 0}}, {"type": "Feature", "geometry": {"type": "Point", "coordinates": [-71.8061299, -16.5859206]}, "properties": {"rol": "seguidor", "id": "TR-08_1-012", "tipo": "completo", "axis_azimuth": 0, "punto": "eje de unidad (no el motor)", "ncu": 15, "gw": 1, "axis_tilt": 0, "max_angle": 55, "backtrack": true, "gcr": 0.3843, "cross_axis_tilt": 0}}, {"type": "Feature", "geometry": {"type": "Point", "coordinates": [-71.8060138, -16.5859222]}, "properties": {"rol": "seguidor", "id": "TR-08_1-013", "tipo": "completo", "axis_azimuth": 0, "punto": "eje de unidad (no el motor)", "ncu": 15, "gw": 1, "axis_tilt": 0, "max_angle": 55, "backtrack": true, "gcr": 0.3843, "cross_axis_tilt": 0}}, {"type": "Feature", "geometry": {"type": "Point", "coordinates": [-71.8058977, -16.5859238]}, "properties": {"rol": "seguidor", "id": "TR-08_1-014", "tipo": "completo", "axis_azimuth": 0, "punto": "eje de unidad (no el motor)", "ncu": 15, "gw": 1, "axis_tilt": 0, "max_angle": 55, "backtrack": true, "gcr": 0.3843, "cross_axis_tilt": 0}}, {"type": "Feature", "geometry": {"type": "Point", "coordinates": [-71.8057826, -16.5859253]}, "properties": {"rol": "seguidor", "id": "TR-08_1-015", "tipo": "completo", "axis_azimuth": 0, "punto": "eje de unidad (no el motor)", "ncu": 15, "gw": 1, "axis_tilt": 0, "max_angle": 55, "backtrack": true, "gcr": 0.3843, "cross_axis_tilt": 0}}, {"type": "Feature", "geometry": {"type": "Point", "coordinates": [-71.8056665, -16.5859269]}, "properties": {"rol": "seguidor", "id": "TR-08_1-016", "tipo": "completo", "axis_azimuth": 0, "punto": "eje de unidad (no el motor)", "ncu": 15, "gw": 1, "axis_tilt": 0, "max_angle": 55, "backtrack": true, "gcr": 0.3843, "cross_axis_tilt": 0}}, {"type": "Feature", "geometry": {"type": "Point", "coordinates": [-71.8055504, -16.5859284]}, "properties": {"rol": "seguidor", "id": "TR-08_1-017", "tipo": "completo", "axis_azimuth": 0, "punto": "eje de unidad (no el motor)", "ncu": 15, "gw": 1, "axis_tilt": 0, "max_angle": 55, "backtrack": true, "gcr": 0.3843, "cross_axis_tilt": 0}}, {"type": "Feature", "geometry": {"type": "Point", "coordinates": [-71.8054343, -16.58593]}, "properties": {"rol": "seguidor", "id": "TR-08_1-018", "tipo": "completo", "axis_azimuth": 0, "punto": "eje de unidad (no el motor)", "ncu": 15, "gw": 1, "axis_tilt": 0, "max_angle": 55, "backtrack": true, "gcr": 0.3843, "cross_axis_tilt": 0}}, {"type": "Feature", "geometry": {"type": "Point", "coordinates": [-71.8053182, -16.5859316]}, "properties": {"rol": "seguidor", "id": "TR-08_1-019", "tipo": "completo", "axis_azimuth": 0, "punto": "eje de unidad (no el motor)", "ncu": 15, "gw": 1, "axis_tilt": 0, "max_angle": 55, "backtrack": true, "gcr": 0.3843, "cross_axis_tilt": 0}}, {"type": "Feature", "geometry": {"type": "Point", "coordinates": [-71.805202, -16.5859331]}, "properties": {"rol": "seguidor", "id": "TR-08_1-020", "tipo": "completo", "axis_azimuth": 0, "punto": "eje de unidad (no el motor)", "ncu": 15, "gw": 1, "axis_tilt": 0, "max_angle": 55, "backtrack": true, "gcr": 0.3843, "cross_axis_tilt": 0}}, {"type": "Feature", "geometry": {"type": "Point", "coordinates": [-71.8050859, -16.5859347]}, "properties": {"rol": "seguidor", "id": "TR-08_1-021", "tipo": "completo", "axis_azimuth": 0, "punto": "eje de unidad (no el motor)", "ncu": 15, "gw": 1, "axis_tilt": 0, "max_angle": 55, "backtrack": true, "gcr": 0.3843, "cross_axis_tilt": 0}}, {"type": "Feature", "geometry": {"type": "Point", "coordinates": [-71.8049698, -16.5859363]}, "properties": {"rol": "seguidor", "id": "TR-08_1-022", "tipo": "completo", "axis_azimuth": 0, "punto": "eje de unidad (no el motor)", "ncu": 15, "gw": 1, "axis_tilt": 0, "max_angle": 55, "backtrack": true, "gcr": 0.3843, "cross_axis_tilt": 0}}, {"type": "Feature", "geometry": {"type": "Point", "coordinates": [-71.8048537, -16.5859378]}, "properties": {"rol": "seguidor", "id": "TR-08_1-023", "tipo": "completo", "axis_azimuth": 0, "punto": "eje de unidad (no el motor)", "ncu": 15, "gw": 1, "axis_tilt": 0, "max_angle": 55, "backtrack": true, "gcr": 0.3843, "cross_axis_tilt": 0}}, {"type": "Feature", "geometry": {"type": "Point", "coordinates": [-71.8047376, -16.5859394]}, "properties": {"rol": "seguidor", "id": "TR-08_1-024", "tipo": "completo", "axis_azimuth": 0, "punto": "eje de unidad (no el motor)", "ncu": 15, "gw": 1, "axis_tilt": 0, "max_angle": 55, "backtrack": true, "gcr": 0.3843, "cross_axis_tilt": 0}}, {"type": "Feature", "geometry": {"type": "Point", "coordinates": [-71.8046215, -16.585941]}, "properties": {"rol": "seguidor", "id": "TR-08_1-025", "tipo": "completo", "axis_azimuth": 0, "punto": "eje de unidad (no el motor)", "ncu": 15, "gw": 1, "axis_tilt": 0, "max_angle": 55, "backtrack": true, "gcr": 0.3843, "cross_axis_tilt": 0}}, {"type": "Feature", "geometry": {"type": "Point", "coordinates": [-71.8062555, -16.5867019]}, "properties": {"rol": "seguidor", "id": "TR-08_1-026", "tipo": "completo", "axis_azimuth": 0, "punto": "eje de unidad (no el motor)", "ncu": 15, "gw": 1, "axis_tilt": 0, "max_angle": 55, "backtrack": true, "gcr": 0.3843, "cross_axis_tilt": 0}}, {"type": "Feature", "geometry": {"type": "Point", "coordinates": [-71.8061394, -16.5867035]}, "properties": {"rol": "seguidor", "id": "TR-08_1-027", "tipo": "completo", "axis_azimuth": 0, "punto": "eje de unidad (no el motor)", "ncu": 15, "gw": 1, "axis_tilt": 0, "max_angle": 55, "backtrack": true, "gcr": 0.3843, "cross_axis_tilt": 0}}, {"type": "Feature", "geometry": {"type": "Point", "coordinates": [-71.806013, -16.5867052]}, "properties": {"rol": "seguidor", "id": "TR-08_1-028", "tipo": "completo", "axis_azimuth": 0, "punto": "eje de unidad (no el motor)", "ncu": 15, "gw": 1, "axis_tilt": 0, "max_angle": 55, "backtrack": true, "gcr": 0.3843, "cross_axis_tilt": 0}}, {"type": "Feature", "geometry": {"type": "Point", "coordinates": [-71.8058969, -16.5867067]}, "properties": {"rol": "seguidor", "id": "TR-08_1-029", "tipo": "completo", "axis_azimuth": 0, "punto": "eje de unidad (no el motor)", "ncu": 15, "gw": 1, "axis_tilt": 0, "max_angle": 55, "backtrack": true, "gcr": 0.3843, "cross_axis_tilt": 0}}, {"type": "Feature", "geometry": {"type": "Point", "coordinates": [-71.8057808, -16.5867083]}, "properties": {"rol": "seguidor", "id": "TR-08_1-030", "tipo": "completo", "axis_azimuth": 0, "punto": "eje de unidad (no el motor)", "ncu": 15, "gw": 1, "axis_tilt": 0, "max_angle": 55, "backtrack": true, "gcr": 0.3843, "cross_axis_tilt": 0}}, {"type": "Feature", "geometry": {"type": "Point", "coordinates": [-71.8056647, -16.5867099]}, "properties": {"rol": "seguidor", "id": "TR-08_1-031", "tipo": "completo", "axis_azimuth": 0, "punto": "eje de unidad (no el motor)", "ncu": 15, "gw": 1, "axis_tilt": 0, "max_angle": 55, "backtrack": true, "gcr": 0.3843, "cross_axis_tilt": 0}}, {"type": "Feature", "geometry": {"type": "Point", "coordinates": [-71.8046696, -16.5867377]}, "properties": {"rol": "seguidor", "id": "TR-08_1-032", "tipo": "completo", "axis_azimuth": 0, "punto": "eje de unidad (no el motor)", "ncu": 15, "gw": 1, "axis_tilt": 0, "max_angle": 55, "backtrack": true, "gcr": 0.3843, "cross_axis_tilt": 0}}, {"type": "Feature", "geometry": {"type": "Point", "coordinates": [-71.8045535, -16.5867393]}, "properties": {"rol": "seguidor", "id": "TR-08_1-033", "tipo": "completo", "axis_azimuth": 0, "punto": "eje de unidad (no el motor)", "ncu": 15, "gw": 1, "axis_tilt": 0, "max_angle": 55, "backtrack": true, "gcr": 0.3843, "cross_axis_tilt": 0}}, {"type": "Feature", "geometry": {"type": "Point", "coordinates": [-71.8044374, -16.5867409]}, "properties": {"rol": "seguidor", "id": "TR-08_1-034", "tipo": "completo", "axis_azimuth": 0, "punto": "eje de unidad (no el motor)", "ncu": 15, "gw": 1, "axis_tilt": 0, "max_angle": 55, "backtrack": true, "gcr": 0.3843, "cross_axis_tilt": 0}}, {"type": "Feature", "geometry": {"type": "Point", "coordinates": [-71.8043213, -16.5867424]}, "properties": {"rol": "seguidor", "id": "TR-08_1-035", "tipo": "completo", "axis_azimuth": 0, "punto": "eje de unidad (no el motor)", "ncu": 15, "gw": 1, "axis_tilt": 0, "max_angle": 55, "backtrack": true, "gcr": 0.3843, "cross_axis_tilt": 0}}, {"type": "Feature", "geometry": {"type": "Point", "coordinates": [-71.8042052, -16.586744]}, "properties": {"rol": "seguidor", "id": "TR-08_1-036", "tipo": "completo", "axis_azimuth": 0, "punto": "eje de unidad (no el motor)", "ncu": 15, "gw": 1, "axis_tilt": 0, "max_angle": 55, "backtrack": true, "gcr": 0.3843, "cross_axis_tilt": 0}}, {"type": "Feature", "geometry": {"type": "Point", "coordinates": [-71.8040911, -16.5868819]}, "properties": {"rol": "seguidor", "id": "TR-08_1-037", "tipo": "completo", "axis_azimuth": 0, "punto": "eje de unidad (no el motor)", "ncu": 15, "gw": 1, "axis_tilt": 0, "max_angle": 55, "backtrack": true, "gcr": 0.3843, "cross_axis_tilt": 0}}, {"type": "Feature", "geometry": {"type": "Point", "coordinates": [-71.8039788, -16.5871453]}, "properties": {"rol": "seguidor", "id": "TR-08_1-038", "tipo": "completo", "axis_azimuth": 0, "punto": "eje de unidad (no el motor)", "ncu": 15, "gw": 1, "axis_tilt": 0, "max_angle": 55, "backtrack": true, "gcr": 0.3843, "cross_axis_tilt": 0}}, {"type": "Feature", "geometry": {"type": "Point", "coordinates": [-71.8038649, -16.5872995]}, "properties": {"rol": "seguidor", "id": "TR-08_1-039", "tipo": "completo", "axis_azimuth": 0, "punto": "eje de unidad (no el motor)", "ncu": 15, "gw": 1, "axis_tilt": 0, "max_angle": 55, "backtrack": true, "gcr": 0.3843, "cross_axis_tilt": 0}}, {"type": "Feature", "geometry": {"type": "Point", "coordinates": [-71.8037503, -16.5873435]}, "properties": {"rol": "seguidor", "id": "TR-08_1-040", "tipo": "completo", "axis_azimuth": 0, "punto": "eje de unidad (no el motor)", "ncu": 15, "gw": 1, "axis_tilt": 0, "max_angle": 55, "backtrack": true, "gcr": 0.3843, "cross_axis_tilt": 0}}, {"type": "Feature", "geometry": {"type": "Point", "coordinates": [-71.80514, -16.5871414]}, "properties": {"rol": "seguidor", "id": "TR-08_1-041", "tipo": "completo", "axis_azimuth": 0, "punto": "eje de unidad (no el motor)", "ncu": 15, "gw": 1, "axis_tilt": 0, "max_angle": 55, "backtrack": true, "gcr": 0.3843, "cross_axis_tilt": 0}}, {"type": "Feature", "geometry": {"type": "Point", "coordinates": [-71.8050239, -16.587143]}, "properties": {"rol": "seguidor", "id": "TR-08_1-042", "tipo": "completo", "axis_azimuth": 0, "punto": "eje de unidad (no el motor)", "ncu": 15, "gw": 1, "axis_tilt": 0, "max_angle": 55, "backtrack": true, "gcr": 0.3843, "cross_axis_tilt": 0}}, {"type": "Feature", "geometry": {"type": "Point", "coordinates": [-71.8049078, -16.5871445]}, "properties": {"rol": "seguidor", "id": "TR-08_1-043", "tipo": "completo", "axis_azimuth": 0, "punto": "eje de unidad (no el motor)", "ncu": 15, "gw": 1, "axis_tilt": 0, "max_angle": 55, "backtrack": true, "gcr": 0.3843, "cross_axis_tilt": 0}}, {"type": "Feature", "geometry": {"type": "Point", "coordinates": [-71.8047917, -16.5871461]}, "properties": {"rol": "seguidor", "id": "TR-08_1-044", "tipo": "completo", "axis_azimuth": 0, "punto": "eje de unidad (no el motor)", "ncu": 15, "gw": 1, "axis_tilt": 0, "max_angle": 55, "backtrack": true, "gcr": 0.3843, "cross_axis_tilt": 0}}, {"type": "Feature", "geometry": {"type": "Point", "coordinates": [-71.8046795, -16.5874158]}, "properties": {"rol": "seguidor", "id": "TR-08_1-045", "tipo": "completo", "axis_azimuth": 0, "punto": "eje de unidad (no el motor)", "ncu": 15, "gw": 1, "axis_tilt": 0, "max_angle": 55, "backtrack": true, "gcr": 0.3843, "cross_axis_tilt": 0}}, {"type": "Feature", "geometry": {"type": "Point", "coordinates": [-71.8045633, -16.5874174]}, "properties": {"rol": "seguidor", "id": "TR-08_1-046", "tipo": "completo", "axis_azimuth": 0, "punto": "eje de unidad (no el motor)", "ncu": 15, "gw": 1, "axis_tilt": 0, "max_angle": 55, "backtrack": true, "gcr": 0.3843, "cross_axis_tilt": 0}}, {"type": "Feature", "geometry": {"type": "Point", "coordinates": [-71.8044472, -16.5874189]}, "properties": {"rol": "seguidor", "id": "TR-08_1-047", "tipo": "completo", "axis_azimuth": 0, "punto": "eje de unidad (no el motor)", "ncu": 15, "gw": 1, "axis_tilt": 0, "max_angle": 55, "backtrack": true, "gcr": 0.3843, "cross_axis_tilt": 0}}, {"type": "Feature", "geometry": {"type": "Point", "coordinates": [-71.8043311, -16.5874205]}, "properties": {"rol": "seguidor", "id": "TR-08_1-048", "tipo": "completo", "axis_azimuth": 0, "punto": "eje de unidad (no el motor)", "ncu": 15, "gw": 1, "axis_tilt": 0, "max_angle": 55, "backtrack": true, "gcr": 0.3843, "cross_axis_tilt": 0}}, {"type": "Feature", "geometry": {"type": "Point", "coordinates": [-71.804215, -16.5874221]}, "properties": {"rol": "seguidor", "id": "TR-08_1-049", "tipo": "completo", "axis_azimuth": 0, "punto": "eje de unidad (no el motor)", "ncu": 15, "gw": 1, "axis_tilt": 0, "max_angle": 55, "backtrack": true, "gcr": 0.3843, "cross_axis_tilt": 0}}, {"type": "Feature", "geometry": {"type": "Point", "coordinates": [-71.8041009, -16.5875573]}, "properties": {"rol": "seguidor", "id": "TR-08_1-050", "tipo": "completo", "axis_azimuth": 0, "punto": "eje de unidad (no el motor)", "ncu": 15, "gw": 1, "axis_tilt": 0, "max_angle": 55, "backtrack": true, "gcr": 0.3843, "cross_axis_tilt": 0}}, {"type": "Feature", "geometry": {"type": "Point", "coordinates": [-71.8037578, -16.5878554]}, "properties": {"rol": "seguidor", "id": "TR-08_1-051", "tipo": "medio", "axis_azimuth": 0, "punto": "eje de unidad (no el motor)", "ncu": 15, "gw": 1, "axis_tilt": 0, "max_angle": 55, "backtrack": true, "gcr": 0.3843, "cross_axis_tilt": 0}}, {"type": "Feature", "geometry": {"type": "Point", "coordinates": [-71.8036382, -16.5876159]}, "properties": {"rol": "seguidor", "id": "TR-08_1-052", "tipo": "completo", "axis_azimuth": 0, "punto": "eje de unidad (no el motor)", "ncu": 15, "gw": 1, "axis_tilt": 0, "max_angle": 55, "backtrack": true, "gcr": 0.3843, "cross_axis_tilt": 0}}, {"type": "Feature", "geometry": {"type": "Point", "coordinates": [-71.8035239, -16.587743]}, "properties": {"rol": "seguidor", "id": "TR-08_1-053", "tipo": "completo", "axis_azimuth": 0, "punto": "eje de unidad (no el motor)", "ncu": 15, "gw": 1, "axis_tilt": 0, "max_angle": 55, "backtrack": true, "gcr": 0.3843, "cross_axis_tilt": 0}}, {"type": "Feature", "geometry": {"type": "Point", "coordinates": [-71.8034092, -16.5878402]}, "properties": {"rol": "seguidor", "id": "TR-08_1-054", "tipo": "completo", "axis_azimuth": 0, "punto": "eje de unidad (no el motor)", "ncu": 15, "gw": 1, "axis_tilt": 0, "max_angle": 55, "backtrack": true, "gcr": 0.3843, "cross_axis_tilt": 0}}, {"type": "Feature", "geometry": {"type": "Point", "coordinates": [-71.8080927, -16.5853956]}, "properties": {"rol": "seguidor", "id": "TR-08_2-001", "tipo": "medio", "axis_azimuth": 0, "punto": "eje de unidad (no el motor)", "ncu": 16, "gw": 2, "axis_tilt": 0, "max_angle": 55, "backtrack": true, "gcr": 0.3843, "cross_axis_tilt": 0}}, {"type": "Feature", "geometry": {"type": "Point", "coordinates": [-71.8079766, -16.5853972]}, "properties": {"rol": "seguidor", "id": "TR-08_2-002", "tipo": "medio", "axis_azimuth": 0, "punto": "eje de unidad (no el motor)", "ncu": 16, "gw": 2, "axis_tilt": 0, "max_angle": 55, "backtrack": true, "gcr": 0.3843, "cross_axis_tilt": 0}}, {"type": "Feature", "geometry": {"type": "Point", "coordinates": [-71.8078605, -16.5853988]}, "properties": {"rol": "seguidor", "id": "TR-08_2-003", "tipo": "medio", "axis_azimuth": 0, "punto": "eje de unidad (no el motor)", "ncu": 16, "gw": 2, "axis_tilt": 0, "max_angle": 55, "backtrack": true, "gcr": 0.3843, "cross_axis_tilt": 0}}, {"type": "Feature", "geometry": {"type": "Point", "coordinates": [-71.8077444, -16.5854003]}, "properties": {"rol": "seguidor", "id": "TR-08_2-004", "tipo": "medio", "axis_azimuth": 0, "punto": "eje de unidad (no el motor)", "ncu": 16, "gw": 2, "axis_tilt": 0, "max_angle": 55, "backtrack": true, "gcr": 0.3843, "cross_axis_tilt": 0}}, {"type": "Feature", "geometry": {"type": "Point", "coordinates": [-71.8076259, -16.5852358]}, "properties": {"rol": "seguidor", "id": "TR-08_2-005", "tipo": "completo", "axis_azimuth": 0, "punto": "eje de unidad (no el motor)", "ncu": 16, "gw": 2, "axis_tilt": 0, "max_angle": 55, "backtrack": true, "gcr": 0.3843, "cross_axis_tilt": 0}}, {"type": "Feature", "geometry": {"type": "Point", "coordinates": [-71.8075098, -16.5852373]}, "properties": {"rol": "seguidor", "id": "TR-08_2-006", "tipo": "completo", "axis_azimuth": 0, "punto": "eje de unidad (no el motor)", "ncu": 16, "gw": 2, "axis_tilt": 0, "max_angle": 55, "backtrack": true, "gcr": 0.3843, "cross_axis_tilt": 0}}, {"type": "Feature", "geometry": {"type": "Point", "coordinates": [-71.8073931, -16.5852028]}, "properties": {"rol": "seguidor", "id": "TR-08_2-007", "tipo": "completo", "axis_azimuth": 0, "punto": "eje de unidad (no el motor)", "ncu": 16, "gw": 2, "axis_tilt": 0, "max_angle": 55, "backtrack": true, "gcr": 0.3843, "cross_axis_tilt": 0}}, {"type": "Feature", "geometry": {"type": "Point", "coordinates": [-71.807277, -16.5852044]}, "properties": {"rol": "seguidor", "id": "TR-08_2-008", "tipo": "completo", "axis_azimuth": 0, "punto": "eje de unidad (no el motor)", "ncu": 16, "gw": 2, "axis_tilt": 0, "max_angle": 55, "backtrack": true, "gcr": 0.3843, "cross_axis_tilt": 0}}, {"type": "Feature", "geometry": {"type": "Point", "coordinates": [-71.8071609, -16.5852059]}, "properties": {"rol": "seguidor", "id": "TR-08_2-009", "tipo": "completo", "axis_azimuth": 0, "punto": "eje de unidad (no el motor)", "ncu": 16, "gw": 2, "axis_tilt": 0, "max_angle": 55, "backtrack": true, "gcr": 0.3843, "cross_axis_tilt": 0}}, {"type": "Feature", "geometry": {"type": "Point", "coordinates": [-71.8070443, -16.5851714]}, "properties": {"rol": "seguidor", "id": "TR-08_2-010", "tipo": "completo", "axis_azimuth": 0, "punto": "eje de unidad (no el motor)", "ncu": 16, "gw": 2, "axis_tilt": 0, "max_angle": 55, "backtrack": true, "gcr": 0.3843, "cross_axis_tilt": 0}}, {"type": "Feature", "geometry": {"type": "Point", "coordinates": [-71.8069282, -16.5851729]}, "properties": {"rol": "seguidor", "id": "TR-08_2-011", "tipo": "completo", "axis_azimuth": 0, "punto": "eje de unidad (no el motor)", "ncu": 16, "gw": 2, "axis_tilt": 0, "max_angle": 55, "backtrack": true, "gcr": 0.3843, "cross_axis_tilt": 0}}, {"type": "Feature", "geometry": {"type": "Point", "coordinates": [-71.8068121, -16.5851745]}, "properties": {"rol": "seguidor", "id": "TR-08_2-012", "tipo": "completo", "axis_azimuth": 0, "punto": "eje de unidad (no el motor)", "ncu": 16, "gw": 2, "axis_tilt": 0, "max_angle": 55, "backtrack": true, "gcr": 0.3843, "cross_axis_tilt": 0}}, {"type": "Feature", "geometry": {"type": "Point", "coordinates": [-71.8066923, -16.5849242]}, "properties": {"rol": "seguidor", "id": "TR-08_2-013", "tipo": "completo", "axis_azimuth": 0, "punto": "eje de unidad (no el motor)", "ncu": 16, "gw": 2, "axis_tilt": 0, "max_angle": 55, "backtrack": true, "gcr": 0.3843, "cross_axis_tilt": 0}}, {"type": "Feature", "geometry": {"type": "Point", "coordinates": [-71.8065762, -16.5849257]}, "properties": {"rol": "seguidor", "id": "TR-08_2-014", "tipo": "completo", "axis_azimuth": 0, "punto": "eje de unidad (no el motor)", "ncu": 16, "gw": 2, "axis_tilt": 0, "max_angle": 55, "backtrack": true, "gcr": 0.3843, "cross_axis_tilt": 0}}, {"type": "Feature", "geometry": {"type": "Point", "coordinates": [-71.8087958, -16.5858982]}, "properties": {"rol": "seguidor", "id": "TR-08_2-015", "tipo": "completo", "axis_azimuth": 0, "punto": "eje de unidad (no el motor)", "ncu": 16, "gw": 1, "axis_tilt": 0, "max_angle": 55, "backtrack": true, "gcr": 0.3843, "cross_axis_tilt": 0}}, {"type": "Feature", "geometry": {"type": "Point", "coordinates": [-71.8086797, -16.5858997]}, "properties": {"rol": "seguidor", "id": "TR-08_2-016", "tipo": "completo", "axis_azimuth": 0, "punto": "eje de unidad (no el motor)", "ncu": 16, "gw": 1, "axis_tilt": 0, "max_angle": 55, "backtrack": true, "gcr": 0.3843, "cross_axis_tilt": 0}}, {"type": "Feature", "geometry": {"type": "Point", "coordinates": [-71.8085636, -16.5859013]}, "properties": {"rol": "seguidor", "id": "TR-08_2-017", "tipo": "completo", "axis_azimuth": 0, "punto": "eje de unidad (no el motor)", "ncu": 16, "gw": 1, "axis_tilt": 0, "max_angle": 55, "backtrack": true, "gcr": 0.3843, "cross_axis_tilt": 0}}, {"type": "Feature", "geometry": {"type": "Point", "coordinates": [-71.8084475, -16.5859029]}, "properties": {"rol": "seguidor", "id": "TR-08_2-018", "tipo": "completo", "axis_azimuth": 0, "punto": "eje de unidad (no el motor)", "ncu": 16, "gw": 1, "axis_tilt": 0, "max_angle": 55, "backtrack": true, "gcr": 0.3843, "cross_axis_tilt": 0}}, {"type": "Feature", "geometry": {"type": "Point", "coordinates": [-71.8083323, -16.5859044]}, "properties": {"rol": "seguidor", "id": "TR-08_2-019", "tipo": "completo", "axis_azimuth": 0, "punto": "eje de unidad (no el motor)", "ncu": 16, "gw": 1, "axis_tilt": 0, "max_angle": 55, "backtrack": true, "gcr": 0.3843, "cross_axis_tilt": 0}}, {"type": "Feature", "geometry": {"type": "Point", "coordinates": [-71.8082162, -16.585906]}, "properties": {"rol": "seguidor", "id": "TR-08_2-020", "tipo": "completo", "axis_azimuth": 0, "punto": "eje de unidad (no el motor)", "ncu": 16, "gw": 2, "axis_tilt": 0, "max_angle": 55, "backtrack": true, "gcr": 0.3843, "cross_axis_tilt": 0}}, {"type": "Feature", "geometry": {"type": "Point", "coordinates": [-71.8081001, -16.5859076]}, "properties": {"rol": "seguidor", "id": "TR-08_2-021", "tipo": "completo", "axis_azimuth": 0, "punto": "eje de unidad (no el motor)", "ncu": 16, "gw": 2, "axis_tilt": 0, "max_angle": 55, "backtrack": true, "gcr": 0.3843, "cross_axis_tilt": 0}}, {"type": "Feature", "geometry": {"type": "Point", "coordinates": [-71.807984, -16.5859091]}, "properties": {"rol": "seguidor", "id": "TR-08_2-022", "tipo": "completo", "axis_azimuth": 0, "punto": "eje de unidad (no el motor)", "ncu": 16, "gw": 2, "axis_tilt": 0, "max_angle": 55, "backtrack": true, "gcr": 0.3843, "cross_axis_tilt": 0}}, {"type": "Feature", "geometry": {"type": "Point", "coordinates": [-71.8078679, -16.5859107]}, "properties": {"rol": "seguidor", "id": "TR-08_2-023", "tipo": "completo", "axis_azimuth": 0, "punto": "eje de unidad (no el motor)", "ncu": 16, "gw": 2, "axis_tilt": 0, "max_angle": 55, "backtrack": true, "gcr": 0.3843, "cross_axis_tilt": 0}}, {"type": "Feature", "geometry": {"type": "Point", "coordinates": [-71.8077518, -16.5859123]}, "properties": {"rol": "seguidor", "id": "TR-08_2-024", "tipo": "completo", "axis_azimuth": 0, "punto": "eje de unidad (no el motor)", "ncu": 16, "gw": 2, "axis_tilt": 0, "max_angle": 55, "backtrack": true, "gcr": 0.3843, "cross_axis_tilt": 0}}, {"type": "Feature", "geometry": {"type": "Point", "coordinates": [-71.8076357, -16.5859138]}, "properties": {"rol": "seguidor", "id": "TR-08_2-025", "tipo": "completo", "axis_azimuth": 0, "punto": "eje de unidad (no el motor)", "ncu": 16, "gw": 2, "axis_tilt": 0, "max_angle": 55, "backtrack": true, "gcr": 0.3843, "cross_axis_tilt": 0}}, {"type": "Feature", "geometry": {"type": "Point", "coordinates": [-71.8075196, -16.5859154]}, "properties": {"rol": "seguidor", "id": "TR-08_2-026", "tipo": "completo", "axis_azimuth": 0, "punto": "eje de unidad (no el motor)", "ncu": 16, "gw": 2, "axis_tilt": 0, "max_angle": 55, "backtrack": true, "gcr": 0.3843, "cross_axis_tilt": 0}}, {"type": "Feature", "geometry": {"type": "Point", "coordinates": [-71.8099698, -16.5866517]}, "properties": {"rol": "seguidor", "id": "TR-08_2-027", "tipo": "completo", "axis_azimuth": 0, "punto": "eje de unidad (no el motor)", "ncu": 16, "gw": 1, "axis_tilt": 0, "max_angle": 55, "backtrack": true, "gcr": 0.3843, "cross_axis_tilt": 0}}, {"type": "Feature", "geometry": {"type": "Point", "coordinates": [-71.8098537, -16.5866533]}, "properties": {"rol": "seguidor", "id": "TR-08_2-028", "tipo": "completo", "axis_azimuth": 0, "punto": "eje de unidad (no el motor)", "ncu": 16, "gw": 1, "axis_tilt": 0, "max_angle": 55, "backtrack": true, "gcr": 0.3843, "cross_axis_tilt": 0}}, {"type": "Feature", "geometry": {"type": "Point", "coordinates": [-71.8097376, -16.5866549]}, "properties": {"rol": "seguidor", "id": "TR-08_2-029", "tipo": "completo", "axis_azimuth": 0, "punto": "eje de unidad (no el motor)", "ncu": 16, "gw": 1, "axis_tilt": 0, "max_angle": 55, "backtrack": true, "gcr": 0.3843, "cross_axis_tilt": 0}}, {"type": "Feature", "geometry": {"type": "Point", "coordinates": [-71.8089249, -16.5866659]}, "properties": {"rol": "seguidor", "id": "TR-08_2-030", "tipo": "completo", "axis_azimuth": 0, "punto": "eje de unidad (no el motor)", "ncu": 16, "gw": 1, "axis_tilt": 0, "max_angle": 55, "backtrack": true, "gcr": 0.3843, "cross_axis_tilt": 0}}, {"type": "Feature", "geometry": {"type": "Point", "coordinates": [-71.8088088, -16.5866674]}, "properties": {"rol": "seguidor", "id": "TR-08_2-031", "tipo": "completo", "axis_azimuth": 0, "punto": "eje de unidad (no el motor)", "ncu": 16, "gw": 1, "axis_tilt": 0, "max_angle": 55, "backtrack": true, "gcr": 0.3843, "cross_axis_tilt": 0}}, {"type": "Feature", "geometry": {"type": "Point", "coordinates": [-71.8086937, -16.586669]}, "properties": {"rol": "seguidor", "id": "TR-08_2-032", "tipo": "completo", "axis_azimuth": 0, "punto": "eje de unidad (no el motor)", "ncu": 16, "gw": 1, "axis_tilt": 0, "max_angle": 55, "backtrack": true, "gcr": 0.3843, "cross_axis_tilt": 0}}, {"type": "Feature", "geometry": {"type": "Point", "coordinates": [-71.8085776, -16.5866705]}, "properties": {"rol": "seguidor", "id": "TR-08_2-033", "tipo": "completo", "axis_azimuth": 0, "punto": "eje de unidad (no el motor)", "ncu": 16, "gw": 1, "axis_tilt": 0, "max_angle": 55, "backtrack": true, "gcr": 0.3843, "cross_axis_tilt": 0}}, {"type": "Feature", "geometry": {"type": "Point", "coordinates": [-71.8084615, -16.5866721]}, "properties": {"rol": "seguidor", "id": "TR-08_2-034", "tipo": "completo", "axis_azimuth": 0, "punto": "eje de unidad (no el motor)", "ncu": 16, "gw": 1, "axis_tilt": 0, "max_angle": 55, "backtrack": true, "gcr": 0.3843, "cross_axis_tilt": 0}}, {"type": "Feature", "geometry": {"type": "Point", "coordinates": [-71.8083478, -16.5868398]}, "properties": {"rol": "seguidor", "id": "TR-08_2-035", "tipo": "medio", "axis_azimuth": 0, "punto": "eje de unidad (no el motor)", "ncu": 16, "gw": 1, "axis_tilt": 0, "max_angle": 55, "backtrack": true, "gcr": 0.3843, "cross_axis_tilt": 0}}, {"type": "Feature", "geometry": {"type": "Point", "coordinates": [-71.8082317, -16.5868414]}, "properties": {"rol": "seguidor", "id": "TR-08_2-036", "tipo": "medio", "axis_azimuth": 0, "punto": "eje de unidad (no el motor)", "ncu": 16, "gw": 2, "axis_tilt": 0, "max_angle": 55, "backtrack": true, "gcr": 0.3843, "cross_axis_tilt": 0}}, {"type": "Feature", "geometry": {"type": "Point", "coordinates": [-71.8081131, -16.5866768]}, "properties": {"rol": "seguidor", "id": "TR-08_2-037", "tipo": "completo", "axis_azimuth": 0, "punto": "eje de unidad (no el motor)", "ncu": 16, "gw": 2, "axis_tilt": 0, "max_angle": 55, "backtrack": true, "gcr": 0.3843, "cross_axis_tilt": 0}}, {"type": "Feature", "geometry": {"type": "Point", "coordinates": [-71.807997, -16.5866784]}, "properties": {"rol": "seguidor", "id": "TR-08_2-038", "tipo": "completo", "axis_azimuth": 0, "punto": "eje de unidad (no el motor)", "ncu": 16, "gw": 2, "axis_tilt": 0, "max_angle": 55, "backtrack": true, "gcr": 0.3843, "cross_axis_tilt": 0}}, {"type": "Feature", "geometry": {"type": "Point", "coordinates": [-71.8078809, -16.58668]}, "properties": {"rol": "seguidor", "id": "TR-08_2-039", "tipo": "completo", "axis_azimuth": 0, "punto": "eje de unidad (no el motor)", "ncu": 16, "gw": 2, "axis_tilt": 0, "max_angle": 55, "backtrack": true, "gcr": 0.3843, "cross_axis_tilt": 0}}, {"type": "Feature", "geometry": {"type": "Point", "coordinates": [-71.8077648, -16.5866815]}, "properties": {"rol": "seguidor", "id": "TR-08_2-040", "tipo": "completo", "axis_azimuth": 0, "punto": "eje de unidad (no el motor)", "ncu": 16, "gw": 2, "axis_tilt": 0, "max_angle": 55, "backtrack": true, "gcr": 0.3843, "cross_axis_tilt": 0}}, {"type": "Feature", "geometry": {"type": "Point", "coordinates": [-71.8076487, -16.5866831]}, "properties": {"rol": "seguidor", "id": "TR-08_2-041", "tipo": "completo", "axis_azimuth": 0, "punto": "eje de unidad (no el motor)", "ncu": 16, "gw": 2, "axis_tilt": 0, "max_angle": 55, "backtrack": true, "gcr": 0.3843, "cross_axis_tilt": 0}}, {"type": "Feature", "geometry": {"type": "Point", "coordinates": [-71.8075326, -16.5866847]}, "properties": {"rol": "seguidor", "id": "TR-08_2-042", "tipo": "completo", "axis_azimuth": 0, "punto": "eje de unidad (no el motor)", "ncu": 16, "gw": 2, "axis_tilt": 0, "max_angle": 55, "backtrack": true, "gcr": 0.3843, "cross_axis_tilt": 0}}, {"type": "Feature", "geometry": {"type": "Point", "coordinates": [-71.8074165, -16.5866862]}, "properties": {"rol": "seguidor", "id": "TR-08_2-043", "tipo": "completo", "axis_azimuth": 0, "punto": "eje de unidad (no el motor)", "ncu": 16, "gw": 2, "axis_tilt": 0, "max_angle": 55, "backtrack": true, "gcr": 0.3843, "cross_axis_tilt": 0}}, {"type": "Feature", "geometry": {"type": "Point", "coordinates": [-71.8073004, -16.5866878]}, "properties": {"rol": "seguidor", "id": "TR-08_2-044", "tipo": "completo", "axis_azimuth": 0, "punto": "eje de unidad (no el motor)", "ncu": 16, "gw": 2, "axis_tilt": 0, "max_angle": 55, "backtrack": true, "gcr": 0.3843, "cross_axis_tilt": 0}}, {"type": "Feature", "geometry": {"type": "Point", "coordinates": [-71.8071843, -16.5866894]}, "properties": {"rol": "seguidor", "id": "TR-08_2-045", "tipo": "completo", "axis_azimuth": 0, "punto": "eje de unidad (no el motor)", "ncu": 16, "gw": 2, "axis_tilt": 0, "max_angle": 55, "backtrack": true, "gcr": 0.3843, "cross_axis_tilt": 0}}, {"type": "Feature", "geometry": {"type": "Point", "coordinates": [-71.8070682, -16.5866909]}, "properties": {"rol": "seguidor", "id": "TR-08_2-046", "tipo": "completo", "axis_azimuth": 0, "punto": "eje de unidad (no el motor)", "ncu": 16, "gw": 2, "axis_tilt": 0, "max_angle": 55, "backtrack": true, "gcr": 0.3843, "cross_axis_tilt": 0}}, {"type": "Feature", "geometry": {"type": "Point", "coordinates": [-71.8069521, -16.5866925]}, "properties": {"rol": "seguidor", "id": "TR-08_2-047", "tipo": "completo", "axis_azimuth": 0, "punto": "eje de unidad (no el motor)", "ncu": 16, "gw": 2, "axis_tilt": 0, "max_angle": 55, "backtrack": true, "gcr": 0.3843, "cross_axis_tilt": 0}}, {"type": "Feature", "geometry": {"type": "Point", "coordinates": [-71.806836, -16.5866941]}, "properties": {"rol": "seguidor", "id": "TR-08_2-048", "tipo": "completo", "axis_azimuth": 0, "punto": "eje de unidad (no el motor)", "ncu": 16, "gw": 2, "axis_tilt": 0, "max_angle": 55, "backtrack": true, "gcr": 0.3843, "cross_axis_tilt": 0}}, {"type": "Feature", "geometry": {"type": "Point", "coordinates": [-71.8067199, -16.5866956]}, "properties": {"rol": "seguidor", "id": "TR-08_2-049", "tipo": "completo", "axis_azimuth": 0, "punto": "eje de unidad (no el motor)", "ncu": 16, "gw": 2, "axis_tilt": 0, "max_angle": 55, "backtrack": true, "gcr": 0.3843, "cross_axis_tilt": 0}}, {"type": "Feature", "geometry": {"type": "Point", "coordinates": [-71.8066038, -16.5866972]}, "properties": {"rol": "seguidor", "id": "TR-08_2-050", "tipo": "completo", "axis_azimuth": 0, "punto": "eje de unidad (no el motor)", "ncu": 16, "gw": 2, "axis_tilt": 0, "max_angle": 55, "backtrack": true, "gcr": 0.3843, "cross_axis_tilt": 0}}, {"type": "Feature", "geometry": {"type": "Point", "coordinates": [-71.8064877, -16.5866988]}, "properties": {"rol": "seguidor", "id": "TR-08_2-051", "tipo": "completo", "axis_azimuth": 0, "punto": "eje de unidad (no el motor)", "ncu": 16, "gw": 2, "axis_tilt": 0, "max_angle": 55, "backtrack": true, "gcr": 0.3843, "cross_axis_tilt": 0}}, {"type": "Feature", "geometry": {"type": "Point", "coordinates": [-71.8063716, -16.5867003]}, "properties": {"rol": "seguidor", "id": "TR-08_2-052", "tipo": "completo", "axis_azimuth": 0, "punto": "eje de unidad (no el motor)", "ncu": 16, "gw": 2, "axis_tilt": 0, "max_angle": 55, "backtrack": true, "gcr": 0.3843, "cross_axis_tilt": 0}}, {"type": "Feature", "geometry": {"type": "Point", "coordinates": [-71.8099797, -16.5873298]}, "properties": {"rol": "seguidor", "id": "TR-08_2-053", "tipo": "completo", "axis_azimuth": 0, "punto": "eje de unidad (no el motor)", "ncu": 16, "gw": 1, "axis_tilt": 0, "max_angle": 55, "backtrack": true, "gcr": 0.3843, "cross_axis_tilt": 0}}, {"type": "Feature", "geometry": {"type": "Point", "coordinates": [-71.8098636, -16.5873314]}, "properties": {"rol": "seguidor", "id": "TR-08_2-054", "tipo": "completo", "axis_azimuth": 0, "punto": "eje de unidad (no el motor)", "ncu": 16, "gw": 1, "axis_tilt": 0, "max_angle": 55, "backtrack": true, "gcr": 0.3843, "cross_axis_tilt": 0}}, {"type": "Feature", "geometry": {"type": "Point", "coordinates": [-71.8097475, -16.587333]}, "properties": {"rol": "seguidor", "id": "TR-08_2-055", "tipo": "completo", "axis_azimuth": 0, "punto": "eje de unidad (no el motor)", "ncu": 16, "gw": 1, "axis_tilt": 0, "max_angle": 55, "backtrack": true, "gcr": 0.3843, "cross_axis_tilt": 0}}, {"type": "Feature", "geometry": {"type": "Point", "coordinates": [-71.8089348, -16.5873439]}, "properties": {"rol": "seguidor", "id": "TR-08_2-056", "tipo": "completo", "axis_azimuth": 0, "punto": "eje de unidad (no el motor)", "ncu": 16, "gw": 1, "axis_tilt": 0, "max_angle": 55, "backtrack": true, "gcr": 0.3843, "cross_axis_tilt": 0}}, {"type": "Feature", "geometry": {"type": "Point", "coordinates": [-71.8088187, -16.5873455]}, "properties": {"rol": "seguidor", "id": "TR-08_2-057", "tipo": "completo", "axis_azimuth": 0, "punto": "eje de unidad (no el motor)", "ncu": 16, "gw": 1, "axis_tilt": 0, "max_angle": 55, "backtrack": true, "gcr": 0.3843, "cross_axis_tilt": 0}}, {"type": "Feature", "geometry": {"type": "Point", "coordinates": [-71.8087035, -16.5873471]}, "properties": {"rol": "seguidor", "id": "TR-08_2-058", "tipo": "completo", "axis_azimuth": 0, "punto": "eje de unidad (no el motor)", "ncu": 16, "gw": 1, "axis_tilt": 0, "max_angle": 55, "backtrack": true, "gcr": 0.3843, "cross_axis_tilt": 0}}, {"type": "Feature", "geometry": {"type": "Point", "coordinates": [-71.8085874, -16.5873486]}, "properties": {"rol": "seguidor", "id": "TR-08_2-059", "tipo": "completo", "axis_azimuth": 0, "punto": "eje de unidad (no el motor)", "ncu": 16, "gw": 1, "axis_tilt": 0, "max_angle": 55, "backtrack": true, "gcr": 0.3843, "cross_axis_tilt": 0}}, {"type": "Feature", "geometry": {"type": "Point", "coordinates": [-71.8084713, -16.5873502]}, "properties": {"rol": "seguidor", "id": "TR-08_2-060", "tipo": "completo", "axis_azimuth": 0, "punto": "eje de unidad (no el motor)", "ncu": 16, "gw": 1, "axis_tilt": 0, "max_angle": 55, "backtrack": true, "gcr": 0.3843, "cross_axis_tilt": 0}}, {"type": "Feature", "geometry": {"type": "Point", "coordinates": [-71.8083552, -16.5873518]}, "properties": {"rol": "seguidor", "id": "TR-08_2-061", "tipo": "completo", "axis_azimuth": 0, "punto": "eje de unidad (no el motor)", "ncu": 16, "gw": 1, "axis_tilt": 0, "max_angle": 55, "backtrack": true, "gcr": 0.3843, "cross_axis_tilt": 0}}, {"type": "Feature", "geometry": {"type": "Point", "coordinates": [-71.8082391, -16.5873533]}, "properties": {"rol": "seguidor", "id": "TR-08_2-062", "tipo": "completo", "axis_azimuth": 0, "punto": "eje de unidad (no el motor)", "ncu": 16, "gw": 2, "axis_tilt": 0, "max_angle": 55, "backtrack": true, "gcr": 0.3843, "cross_axis_tilt": 0}}, {"type": "Feature", "geometry": {"type": "Point", "coordinates": [-71.808123, -16.5873549]}, "properties": {"rol": "seguidor", "id": "TR-08_2-063", "tipo": "completo", "axis_azimuth": 0, "punto": "eje de unidad (no el motor)", "ncu": 16, "gw": 2, "axis_tilt": 0, "max_angle": 55, "backtrack": true, "gcr": 0.3843, "cross_axis_tilt": 0}}, {"type": "Feature", "geometry": {"type": "Point", "coordinates": [-71.8080069, -16.5873565]}, "properties": {"rol": "seguidor", "id": "TR-08_2-064", "tipo": "completo", "axis_azimuth": 0, "punto": "eje de unidad (no el motor)", "ncu": 16, "gw": 2, "axis_tilt": 0, "max_angle": 55, "backtrack": true, "gcr": 0.3843, "cross_axis_tilt": 0}}, {"type": "Feature", "geometry": {"type": "Point", "coordinates": [-71.8078908, -16.587358]}, "properties": {"rol": "seguidor", "id": "TR-08_2-065", "tipo": "completo", "axis_azimuth": 0, "punto": "eje de unidad (no el motor)", "ncu": 16, "gw": 2, "axis_tilt": 0, "max_angle": 55, "backtrack": true, "gcr": 0.3843, "cross_axis_tilt": 0}}, {"type": "Feature", "geometry": {"type": "Point", "coordinates": [-71.8077747, -16.5873596]}, "properties": {"rol": "seguidor", "id": "TR-08_2-066", "tipo": "completo", "axis_azimuth": 0, "punto": "eje de unidad (no el motor)", "ncu": 16, "gw": 2, "axis_tilt": 0, "max_angle": 55, "backtrack": true, "gcr": 0.3843, "cross_axis_tilt": 0}}, {"type": "Feature", "geometry": {"type": "Point", "coordinates": [-71.8076586, -16.5873612]}, "properties": {"rol": "seguidor", "id": "TR-08_2-067", "tipo": "completo", "axis_azimuth": 0, "punto": "eje de unidad (no el motor)", "ncu": 16, "gw": 2, "axis_tilt": 0, "max_angle": 55, "backtrack": true, "gcr": 0.3843, "cross_axis_tilt": 0}}, {"type": "Feature", "geometry": {"type": "Point", "coordinates": [-71.8099895, -16.5880079]}, "properties": {"rol": "seguidor", "id": "TR-08_2-068", "tipo": "completo", "axis_azimuth": 0, "punto": "eje de unidad (no el motor)", "ncu": 16, "gw": 1, "axis_tilt": 0, "max_angle": 55, "backtrack": true, "gcr": 0.3843, "cross_axis_tilt": 0}}, {"type": "Feature", "geometry": {"type": "Point", "coordinates": [-71.8098734, -16.5880095]}, "properties": {"rol": "seguidor", "id": "TR-08_2-069", "tipo": "completo", "axis_azimuth": 0, "punto": "eje de unidad (no el motor)", "ncu": 16, "gw": 1, "axis_tilt": 0, "max_angle": 55, "backtrack": true, "gcr": 0.3843, "cross_axis_tilt": 0}}, {"type": "Feature", "geometry": {"type": "Point", "coordinates": [-71.8097573, -16.588011]}, "properties": {"rol": "seguidor", "id": "TR-08_2-070", "tipo": "completo", "axis_azimuth": 0, "punto": "eje de unidad (no el motor)", "ncu": 16, "gw": 1, "axis_tilt": 0, "max_angle": 55, "backtrack": true, "gcr": 0.3843, "cross_axis_tilt": 0}}, {"type": "Feature", "geometry": {"type": "Point", "coordinates": [-71.8089496, -16.5883624]}, "properties": {"rol": "seguidor", "id": "TR-08_2-071", "tipo": "completo", "axis_azimuth": 0, "punto": "eje de unidad (no el motor)", "ncu": 16, "gw": 1, "axis_tilt": 0, "max_angle": 55, "backtrack": true, "gcr": 0.3843, "cross_axis_tilt": 0}}, {"type": "Feature", "geometry": {"type": "Point", "coordinates": [-71.8088335, -16.588364]}, "properties": {"rol": "seguidor", "id": "TR-08_2-072", "tipo": "completo", "axis_azimuth": 0, "punto": "eje de unidad (no el motor)", "ncu": 16, "gw": 1, "axis_tilt": 0, "max_angle": 55, "backtrack": true, "gcr": 0.3843, "cross_axis_tilt": 0}}, {"type": "Feature", "geometry": {"type": "Point", "coordinates": [-71.8087183, -16.5883655]}, "properties": {"rol": "seguidor", "id": "TR-08_2-073", "tipo": "completo", "axis_azimuth": 0, "punto": "eje de unidad (no el motor)", "ncu": 16, "gw": 1, "axis_tilt": 0, "max_angle": 55, "backtrack": true, "gcr": 0.3843, "cross_axis_tilt": 0}}, {"type": "Feature", "geometry": {"type": "Point", "coordinates": [-71.8086022, -16.5883671]}, "properties": {"rol": "seguidor", "id": "TR-08_2-074", "tipo": "completo", "axis_azimuth": 0, "punto": "eje de unidad (no el motor)", "ncu": 16, "gw": 1, "axis_tilt": 0, "max_angle": 55, "backtrack": true, "gcr": 0.3843, "cross_axis_tilt": 0}}, {"type": "Feature", "geometry": {"type": "Point", "coordinates": [-71.8084861, -16.5883687]}, "properties": {"rol": "seguidor", "id": "TR-08_2-075", "tipo": "completo", "axis_azimuth": 0, "punto": "eje de unidad (no el motor)", "ncu": 16, "gw": 1, "axis_tilt": 0, "max_angle": 55, "backtrack": true, "gcr": 0.3843, "cross_axis_tilt": 0}}, {"type": "Feature", "geometry": {"type": "Point", "coordinates": [-71.80837, -16.5883702]}, "properties": {"rol": "seguidor", "id": "TR-08_2-076", "tipo": "completo", "axis_azimuth": 0, "punto": "eje de unidad (no el motor)", "ncu": 16, "gw": 1, "axis_tilt": 0, "max_angle": 55, "backtrack": true, "gcr": 0.3843, "cross_axis_tilt": 0}}, {"type": "Feature", "geometry": {"type": "Point", "coordinates": [-71.8082539, -16.5883718]}, "properties": {"rol": "seguidor", "id": "TR-08_2-077", "tipo": "completo", "axis_azimuth": 0, "punto": "eje de unidad (no el motor)", "ncu": 16, "gw": 2, "axis_tilt": 0, "max_angle": 55, "backtrack": true, "gcr": 0.3843, "cross_axis_tilt": 0}}, {"type": "Feature", "geometry": {"type": "Point", "coordinates": [-71.8081378, -16.5883734]}, "properties": {"rol": "seguidor", "id": "TR-08_2-078", "tipo": "completo", "axis_azimuth": 0, "punto": "eje de unidad (no el motor)", "ncu": 16, "gw": 2, "axis_tilt": 0, "max_angle": 55, "backtrack": true, "gcr": 0.3843, "cross_axis_tilt": 0}}, {"type": "Feature", "geometry": {"type": "Point", "coordinates": [-71.8080217, -16.5883749]}, "properties": {"rol": "seguidor", "id": "TR-08_2-079", "tipo": "completo", "axis_azimuth": 0, "punto": "eje de unidad (no el motor)", "ncu": 16, "gw": 2, "axis_tilt": 0, "max_angle": 55, "backtrack": true, "gcr": 0.3843, "cross_axis_tilt": 0}}, {"type": "Feature", "geometry": {"type": "Point", "coordinates": [-71.8079056, -16.5883765]}, "properties": {"rol": "seguidor", "id": "TR-08_2-080", "tipo": "completo", "axis_azimuth": 0, "punto": "eje de unidad (no el motor)", "ncu": 16, "gw": 2, "axis_tilt": 0, "max_angle": 55, "backtrack": true, "gcr": 0.3843, "cross_axis_tilt": 0}}, {"type": "Feature", "geometry": {"type": "Point", "coordinates": [-71.8077895, -16.5883781]}, "properties": {"rol": "seguidor", "id": "TR-08_2-081", "tipo": "completo", "axis_azimuth": 0, "punto": "eje de unidad (no el motor)", "ncu": 16, "gw": 2, "axis_tilt": 0, "max_angle": 55, "backtrack": true, "gcr": 0.3843, "cross_axis_tilt": 0}}, {"type": "Feature", "geometry": {"type": "Point", "coordinates": [-71.8076734, -16.5883796]}, "properties": {"rol": "seguidor", "id": "TR-08_2-082", "tipo": "completo", "axis_azimuth": 0, "punto": "eje de unidad (no el motor)", "ncu": 16, "gw": 2, "axis_tilt": 0, "max_angle": 55, "backtrack": true, "gcr": 0.3843, "cross_axis_tilt": 0}}, {"type": "Feature", "geometry": {"type": "Point", "coordinates": [-71.8075554, -16.5882521]}, "properties": {"rol": "seguidor", "id": "TR-08_2-083", "tipo": "completo", "axis_azimuth": 0, "punto": "eje de unidad (no el motor)", "ncu": 16, "gw": 2, "axis_tilt": 0, "max_angle": 55, "backtrack": true, "gcr": 0.3843, "cross_axis_tilt": 0}}, {"type": "Feature", "geometry": {"type": "Point", "coordinates": [-71.8074393, -16.5882537]}, "properties": {"rol": "seguidor", "id": "TR-08_2-084", "tipo": "completo", "axis_azimuth": 0, "punto": "eje de unidad (no el motor)", "ncu": 16, "gw": 2, "axis_tilt": 0, "max_angle": 55, "backtrack": true, "gcr": 0.3843, "cross_axis_tilt": 0}}, {"type": "Feature", "geometry": {"type": "Point", "coordinates": [-71.8073232, -16.5882552]}, "properties": {"rol": "seguidor", "id": "TR-08_2-085", "tipo": "completo", "axis_azimuth": 0, "punto": "eje de unidad (no el motor)", "ncu": 16, "gw": 2, "axis_tilt": 0, "max_angle": 55, "backtrack": true, "gcr": 0.3843, "cross_axis_tilt": 0}}, {"type": "Feature", "geometry": {"type": "Point", "coordinates": [-71.8072071, -16.5882568]}, "properties": {"rol": "seguidor", "id": "TR-08_2-086", "tipo": "completo", "axis_azimuth": 0, "punto": "eje de unidad (no el motor)", "ncu": 16, "gw": 2, "axis_tilt": 0, "max_angle": 55, "backtrack": true, "gcr": 0.3843, "cross_axis_tilt": 0}}, {"type": "Feature", "geometry": {"type": "Point", "coordinates": [-71.807091, -16.5882584]}, "properties": {"rol": "seguidor", "id": "TR-08_2-087", "tipo": "completo", "axis_azimuth": 0, "punto": "eje de unidad (no el motor)", "ncu": 16, "gw": 2, "axis_tilt": 0, "max_angle": 55, "backtrack": true, "gcr": 0.3843, "cross_axis_tilt": 0}}, {"type": "Feature", "geometry": {"type": "Point", "coordinates": [-71.8069749, -16.5882599]}, "properties": {"rol": "seguidor", "id": "TR-08_2-088", "tipo": "completo", "axis_azimuth": 0, "punto": "eje de unidad (no el motor)", "ncu": 16, "gw": 2, "axis_tilt": 0, "max_angle": 55, "backtrack": true, "gcr": 0.3843, "cross_axis_tilt": 0}}, {"type": "Feature", "geometry": {"type": "Point", "coordinates": [-71.8068556, -16.5880457]}, "properties": {"rol": "seguidor", "id": "TR-08_2-089", "tipo": "completo", "axis_azimuth": 0, "punto": "eje de unidad (no el motor)", "ncu": 16, "gw": 2, "axis_tilt": 0, "max_angle": 55, "backtrack": true, "gcr": 0.3843, "cross_axis_tilt": 0}}, {"type": "Feature", "geometry": {"type": "Point", "coordinates": [-71.8067395, -16.5880473]}, "properties": {"rol": "seguidor", "id": "TR-08_2-090", "tipo": "completo", "axis_azimuth": 0, "punto": "eje de unidad (no el motor)", "ncu": 16, "gw": 2, "axis_tilt": 0, "max_angle": 55, "backtrack": true, "gcr": 0.3843, "cross_axis_tilt": 0}}, {"type": "Feature", "geometry": {"type": "Point", "coordinates": [-71.8066234, -16.5880488]}, "properties": {"rol": "seguidor", "id": "TR-08_2-091", "tipo": "completo", "axis_azimuth": 0, "punto": "eje de unidad (no el motor)", "ncu": 16, "gw": 2, "axis_tilt": 0, "max_angle": 55, "backtrack": true, "gcr": 0.3843, "cross_axis_tilt": 0}}, {"type": "Feature", "geometry": {"type": "Point", "coordinates": [-71.8065073, -16.5880504]}, "properties": {"rol": "seguidor", "id": "TR-08_2-092", "tipo": "completo", "axis_azimuth": 0, "punto": "eje de unidad (no el motor)", "ncu": 16, "gw": 2, "axis_tilt": 0, "max_angle": 55, "backtrack": true, "gcr": 0.3843, "cross_axis_tilt": 0}}, {"type": "Feature", "geometry": {"type": "Point", "coordinates": [-71.8063912, -16.588052]}, "properties": {"rol": "seguidor", "id": "TR-08_2-093", "tipo": "completo", "axis_azimuth": 0, "punto": "eje de unidad (no el motor)", "ncu": 16, "gw": 2, "axis_tilt": 0, "max_angle": 55, "backtrack": true, "gcr": 0.3843, "cross_axis_tilt": 0}}, {"type": "Feature", "geometry": {"type": "Point", "coordinates": [-71.8062751, -16.5880535]}, "properties": {"rol": "seguidor", "id": "TR-08_2-094", "tipo": "completo", "axis_azimuth": 0, "punto": "eje de unidad (no el motor)", "ncu": 16, "gw": 2, "axis_tilt": 0, "max_angle": 55, "backtrack": true, "gcr": 0.3843, "cross_axis_tilt": 0}}, {"type": "Feature", "geometry": {"type": "Point", "coordinates": [-71.8099994, -16.588686]}, "properties": {"rol": "seguidor", "id": "TR-08_2-095", "tipo": "completo", "axis_azimuth": 0, "punto": "eje de unidad (no el motor)", "ncu": 16, "gw": 1, "axis_tilt": 0, "max_angle": 55, "backtrack": true, "gcr": 0.3843, "cross_axis_tilt": 0}}, {"type": "Feature", "geometry": {"type": "Point", "coordinates": [-71.8098833, -16.5886875]}, "properties": {"rol": "seguidor", "id": "TR-08_2-096", "tipo": "completo", "axis_azimuth": 0, "punto": "eje de unidad (no el motor)", "ncu": 16, "gw": 1, "axis_tilt": 0, "max_angle": 55, "backtrack": true, "gcr": 0.3843, "cross_axis_tilt": 0}}, {"type": "Feature", "geometry": {"type": "Point", "coordinates": [-71.8097672, -16.5886891]}, "properties": {"rol": "seguidor", "id": "TR-08_2-097", "tipo": "completo", "axis_azimuth": 0, "punto": "eje de unidad (no el motor)", "ncu": 16, "gw": 1, "axis_tilt": 0, "max_angle": 55, "backtrack": true, "gcr": 0.3843, "cross_axis_tilt": 0}}, {"type": "Feature", "geometry": {"type": "Point", "coordinates": [-71.8089594, -16.5890405]}, "properties": {"rol": "seguidor", "id": "TR-08_2-098", "tipo": "completo", "axis_azimuth": 0, "punto": "eje de unidad (no el motor)", "ncu": 16, "gw": 1, "axis_tilt": 0, "max_angle": 55, "backtrack": true, "gcr": 0.3843, "cross_axis_tilt": 0}}, {"type": "Feature", "geometry": {"type": "Point", "coordinates": [-71.8088433, -16.589042]}, "properties": {"rol": "seguidor", "id": "TR-08_2-099", "tipo": "completo", "axis_azimuth": 0, "punto": "eje de unidad (no el motor)", "ncu": 16, "gw": 1, "axis_tilt": 0, "max_angle": 55, "backtrack": true, "gcr": 0.3843, "cross_axis_tilt": 0}}, {"type": "Feature", "geometry": {"type": "Point", "coordinates": [-71.8087281, -16.5890436]}, "properties": {"rol": "seguidor", "id": "TR-08_2-100", "tipo": "completo", "axis_azimuth": 0, "punto": "eje de unidad (no el motor)", "ncu": 16, "gw": 1, "axis_tilt": 0, "max_angle": 55, "backtrack": true, "gcr": 0.3843, "cross_axis_tilt": 0}}, {"type": "Feature", "geometry": {"type": "Point", "coordinates": [-71.808612, -16.5890452]}, "properties": {"rol": "seguidor", "id": "TR-08_2-101", "tipo": "completo", "axis_azimuth": 0, "punto": "eje de unidad (no el motor)", "ncu": 16, "gw": 1, "axis_tilt": 0, "max_angle": 55, "backtrack": true, "gcr": 0.3843, "cross_axis_tilt": 0}}, {"type": "Feature", "geometry": {"type": "Point", "coordinates": [-71.8084959, -16.5890467]}, "properties": {"rol": "seguidor", "id": "TR-08_2-102", "tipo": "completo", "axis_azimuth": 0, "punto": "eje de unidad (no el motor)", "ncu": 16, "gw": 1, "axis_tilt": 0, "max_angle": 55, "backtrack": true, "gcr": 0.3843, "cross_axis_tilt": 0}}, {"type": "Feature", "geometry": {"type": "Point", "coordinates": [-71.8083798, -16.5890483]}, "properties": {"rol": "seguidor", "id": "TR-08_2-103", "tipo": "completo", "axis_azimuth": 0, "punto": "eje de unidad (no el motor)", "ncu": 16, "gw": 1, "axis_tilt": 0, "max_angle": 55, "backtrack": true, "gcr": 0.3843, "cross_axis_tilt": 0}}, {"type": "Feature", "geometry": {"type": "Point", "coordinates": [-71.8082637, -16.5890499]}, "properties": {"rol": "seguidor", "id": "TR-08_2-104", "tipo": "completo", "axis_azimuth": 0, "punto": "eje de unidad (no el motor)", "ncu": 16, "gw": 2, "axis_tilt": 0, "max_angle": 55, "backtrack": true, "gcr": 0.3843, "cross_axis_tilt": 0}}, {"type": "Feature", "geometry": {"type": "Point", "coordinates": [-71.8081476, -16.5890514]}, "properties": {"rol": "seguidor", "id": "TR-08_2-105", "tipo": "completo", "axis_azimuth": 0, "punto": "eje de unidad (no el motor)", "ncu": 16, "gw": 2, "axis_tilt": 0, "max_angle": 55, "backtrack": true, "gcr": 0.3843, "cross_axis_tilt": 0}}, {"type": "Feature", "geometry": {"type": "Point", "coordinates": [-71.8080315, -16.589053]}, "properties": {"rol": "seguidor", "id": "TR-08_2-106", "tipo": "completo", "axis_azimuth": 0, "punto": "eje de unidad (no el motor)", "ncu": 16, "gw": 2, "axis_tilt": 0, "max_angle": 55, "backtrack": true, "gcr": 0.3843, "cross_axis_tilt": 0}}, {"type": "Feature", "geometry": {"type": "Point", "coordinates": [-71.8079154, -16.5890546]}, "properties": {"rol": "seguidor", "id": "TR-08_2-107", "tipo": "completo", "axis_azimuth": 0, "punto": "eje de unidad (no el motor)", "ncu": 16, "gw": 2, "axis_tilt": 0, "max_angle": 55, "backtrack": true, "gcr": 0.3843, "cross_axis_tilt": 0}}, {"type": "Feature", "geometry": {"type": "Point", "coordinates": [-71.8077993, -16.5890561]}, "properties": {"rol": "seguidor", "id": "TR-08_2-108", "tipo": "completo", "axis_azimuth": 0, "punto": "eje de unidad (no el motor)", "ncu": 16, "gw": 2, "axis_tilt": 0, "max_angle": 55, "backtrack": true, "gcr": 0.3843, "cross_axis_tilt": 0}}, {"type": "Feature", "geometry": {"type": "Point", "coordinates": [-71.8076832, -16.5890577]}, "properties": {"rol": "seguidor", "id": "TR-08_2-109", "tipo": "completo", "axis_azimuth": 0, "punto": "eje de unidad (no el motor)", "ncu": 16, "gw": 2, "axis_tilt": 0, "max_angle": 55, "backtrack": true, "gcr": 0.3843, "cross_axis_tilt": 0}}, {"type": "Feature", "geometry": {"type": "Point", "coordinates": [-71.8075652, -16.5889302]}, "properties": {"rol": "seguidor", "id": "TR-08_2-110", "tipo": "completo", "axis_azimuth": 0, "punto": "eje de unidad (no el motor)", "ncu": 16, "gw": 2, "axis_tilt": 0, "max_angle": 55, "backtrack": true, "gcr": 0.3843, "cross_axis_tilt": 0}}, {"type": "Feature", "geometry": {"type": "Point", "coordinates": [-71.8074491, -16.5889317]}, "properties": {"rol": "seguidor", "id": "TR-08_2-111", "tipo": "completo", "axis_azimuth": 0, "punto": "eje de unidad (no el motor)", "ncu": 16, "gw": 2, "axis_tilt": 0, "max_angle": 55, "backtrack": true, "gcr": 0.3843, "cross_axis_tilt": 0}}, {"type": "Feature", "geometry": {"type": "Point", "coordinates": [-71.807333, -16.5889333]}, "properties": {"rol": "seguidor", "id": "TR-08_2-112", "tipo": "completo", "axis_azimuth": 0, "punto": "eje de unidad (no el motor)", "ncu": 16, "gw": 2, "axis_tilt": 0, "max_angle": 55, "backtrack": true, "gcr": 0.3843, "cross_axis_tilt": 0}}, {"type": "Feature", "geometry": {"type": "Point", "coordinates": [-71.8072169, -16.5889349]}, "properties": {"rol": "seguidor", "id": "TR-08_2-113", "tipo": "completo", "axis_azimuth": 0, "punto": "eje de unidad (no el motor)", "ncu": 16, "gw": 2, "axis_tilt": 0, "max_angle": 55, "backtrack": true, "gcr": 0.3843, "cross_axis_tilt": 0}}, {"type": "Feature", "geometry": {"type": "Point", "coordinates": [-71.8071008, -16.5889364]}, "properties": {"rol": "seguidor", "id": "TR-08_2-114", "tipo": "completo", "axis_azimuth": 0, "punto": "eje de unidad (no el motor)", "ncu": 16, "gw": 2, "axis_tilt": 0, "max_angle": 55, "backtrack": true, "gcr": 0.3843, "cross_axis_tilt": 0}}, {"type": "Feature", "geometry": {"type": "Point", "coordinates": [-71.8069847, -16.588938]}, "properties": {"rol": "seguidor", "id": "TR-08_2-115", "tipo": "completo", "axis_azimuth": 0, "punto": "eje de unidad (no el motor)", "ncu": 16, "gw": 2, "axis_tilt": 0, "max_angle": 55, "backtrack": true, "gcr": 0.3843, "cross_axis_tilt": 0}}, {"type": "Feature", "geometry": {"type": "Point", "coordinates": [-71.8068655, -16.5887238]}, "properties": {"rol": "seguidor", "id": "TR-08_2-116", "tipo": "completo", "axis_azimuth": 0, "punto": "eje de unidad (no el motor)", "ncu": 16, "gw": 2, "axis_tilt": 0, "max_angle": 55, "backtrack": true, "gcr": 0.3843, "cross_axis_tilt": 0}}, {"type": "Feature", "geometry": {"type": "Point", "coordinates": [-71.8067494, -16.5887253]}, "properties": {"rol": "seguidor", "id": "TR-08_2-117", "tipo": "completo", "axis_azimuth": 0, "punto": "eje de unidad (no el motor)", "ncu": 16, "gw": 2, "axis_tilt": 0, "max_angle": 55, "backtrack": true, "gcr": 0.3843, "cross_axis_tilt": 0}}, {"type": "Feature", "geometry": {"type": "Point", "coordinates": [-71.8066333, -16.5887269]}, "properties": {"rol": "seguidor", "id": "TR-08_2-118", "tipo": "completo", "axis_azimuth": 0, "punto": "eje de unidad (no el motor)", "ncu": 16, "gw": 2, "axis_tilt": 0, "max_angle": 55, "backtrack": true, "gcr": 0.3843, "cross_axis_tilt": 0}}, {"type": "Feature", "geometry": {"type": "Point", "coordinates": [-71.8065172, -16.5887285]}, "properties": {"rol": "seguidor", "id": "TR-08_2-119", "tipo": "completo", "axis_azimuth": 0, "punto": "eje de unidad (no el motor)", "ncu": 16, "gw": 2, "axis_tilt": 0, "max_angle": 55, "backtrack": true, "gcr": 0.3843, "cross_axis_tilt": 0}}, {"type": "Feature", "geometry": {"type": "Point", "coordinates": [-71.8064011, -16.58873]}, "properties": {"rol": "seguidor", "id": "TR-08_2-120", "tipo": "completo", "axis_azimuth": 0, "punto": "eje de unidad (no el motor)", "ncu": 16, "gw": 2, "axis_tilt": 0, "max_angle": 55, "backtrack": true, "gcr": 0.3843, "cross_axis_tilt": 0}}, {"type": "Feature", "geometry": {"type": "Point", "coordinates": [-71.806285, -16.5887316]}, "properties": {"rol": "seguidor", "id": "TR-08_2-121", "tipo": "completo", "axis_azimuth": 0, "punto": "eje de unidad (no el motor)", "ncu": 16, "gw": 2, "axis_tilt": 0, "max_angle": 55, "backtrack": true, "gcr": 0.3843, "cross_axis_tilt": 0}}, {"type": "Feature", "geometry": {"type": "Point", "coordinates": [-71.8129621, -16.5858283]}, "properties": {"rol": "seguidor", "id": "TR-09_1-001", "tipo": "completo", "axis_azimuth": 0, "punto": "eje de unidad (no el motor)", "ncu": 17, "gw": 1, "axis_tilt": 0, "max_angle": 55, "backtrack": true, "gcr": 0.3843, "cross_axis_tilt": 0}}, {"type": "Feature", "geometry": {"type": "Point", "coordinates": [-71.812846, -16.5858299]}, "properties": {"rol": "seguidor", "id": "TR-09_1-002", "tipo": "completo", "axis_azimuth": 0, "punto": "eje de unidad (no el motor)", "ncu": 17, "gw": 1, "axis_tilt": 0, "max_angle": 55, "backtrack": true, "gcr": 0.3843, "cross_axis_tilt": 0}}, {"type": "Feature", "geometry": {"type": "Point", "coordinates": [-71.8127299, -16.5858315]}, "properties": {"rol": "seguidor", "id": "TR-09_1-003", "tipo": "completo", "axis_azimuth": 0, "punto": "eje de unidad (no el motor)", "ncu": 17, "gw": 1, "axis_tilt": 0, "max_angle": 55, "backtrack": true, "gcr": 0.3843, "cross_axis_tilt": 0}}, {"type": "Feature", "geometry": {"type": "Point", "coordinates": [-71.8126138, -16.585833]}, "properties": {"rol": "seguidor", "id": "TR-09_1-004", "tipo": "completo", "axis_azimuth": 0, "punto": "eje de unidad (no el motor)", "ncu": 17, "gw": 1, "axis_tilt": 0, "max_angle": 55, "backtrack": true, "gcr": 0.3843, "cross_axis_tilt": 0}}, {"type": "Feature", "geometry": {"type": "Point", "coordinates": [-71.8124977, -16.5858346]}, "properties": {"rol": "seguidor", "id": "TR-09_1-005", "tipo": "completo", "axis_azimuth": 0, "punto": "eje de unidad (no el motor)", "ncu": 17, "gw": 1, "axis_tilt": 0, "max_angle": 55, "backtrack": true, "gcr": 0.3843, "cross_axis_tilt": 0}}, {"type": "Feature", "geometry": {"type": "Point", "coordinates": [-71.8123816, -16.5858362]}, "properties": {"rol": "seguidor", "id": "TR-09_1-006", "tipo": "completo", "axis_azimuth": 0, "punto": "eje de unidad (no el motor)", "ncu": 17, "gw": 1, "axis_tilt": 0, "max_angle": 55, "backtrack": true, "gcr": 0.3843, "cross_axis_tilt": 0}}, {"type": "Feature", "geometry": {"type": "Point", "coordinates": [-71.8122655, -16.5858377]}, "properties": {"rol": "seguidor", "id": "TR-09_1-007", "tipo": "completo", "axis_azimuth": 0, "punto": "eje de unidad (no el motor)", "ncu": 17, "gw": 1, "axis_tilt": 0, "max_angle": 55, "backtrack": true, "gcr": 0.3843, "cross_axis_tilt": 0}}, {"type": "Feature", "geometry": {"type": "Point", "coordinates": [-71.8121494, -16.5858393]}, "properties": {"rol": "seguidor", "id": "TR-09_1-008", "tipo": "completo", "axis_azimuth": 0, "punto": "eje de unidad (no el motor)", "ncu": 17, "gw": 1, "axis_tilt": 0, "max_angle": 55, "backtrack": true, "gcr": 0.3843, "cross_axis_tilt": 0}}, {"type": "Feature", "geometry": {"type": "Point", "coordinates": [-71.8120333, -16.5858409]}, "properties": {"rol": "seguidor", "id": "TR-09_1-009", "tipo": "completo", "axis_azimuth": 0, "punto": "eje de unidad (no el motor)", "ncu": 17, "gw": 1, "axis_tilt": 0, "max_angle": 55, "backtrack": true, "gcr": 0.3843, "cross_axis_tilt": 0}}, {"type": "Feature", "geometry": {"type": "Point", "coordinates": [-71.8119172, -16.5858425]}, "properties": {"rol": "seguidor", "id": "TR-09_1-010", "tipo": "completo", "axis_azimuth": 0, "punto": "eje de unidad (no el motor)", "ncu": 17, "gw": 1, "axis_tilt": 0, "max_angle": 55, "backtrack": true, "gcr": 0.3843, "cross_axis_tilt": 0}}, {"type": "Feature", "geometry": {"type": "Point", "coordinates": [-71.8118035, -16.5860102]}, "properties": {"rol": "seguidor", "id": "TR-09_1-011", "tipo": "medio", "axis_azimuth": 0, "punto": "eje de unidad (no el motor)", "ncu": 17, "gw": 1, "axis_tilt": 0, "max_angle": 55, "backtrack": true, "gcr": 0.3843, "cross_axis_tilt": 0}}, {"type": "Feature", "geometry": {"type": "Point", "coordinates": [-71.8116874, -16.5860117]}, "properties": {"rol": "seguidor", "id": "TR-09_1-012", "tipo": "medio", "axis_azimuth": 0, "punto": "eje de unidad (no el motor)", "ncu": 17, "gw": 1, "axis_tilt": 0, "max_angle": 55, "backtrack": true, "gcr": 0.3843, "cross_axis_tilt": 0}}, {"type": "Feature", "geometry": {"type": "Point", "coordinates": [-71.8115722, -16.5860133]}, "properties": {"rol": "seguidor", "id": "TR-09_1-013", "tipo": "medio", "axis_azimuth": 0, "punto": "eje de unidad (no el motor)", "ncu": 17, "gw": 1, "axis_tilt": 0, "max_angle": 55, "backtrack": true, "gcr": 0.3843, "cross_axis_tilt": 0}}, {"type": "Feature", "geometry": {"type": "Point", "coordinates": [-71.8114561, -16.5860149]}, "properties": {"rol": "seguidor", "id": "TR-09_1-014", "tipo": "medio", "axis_azimuth": 0, "punto": "eje de unidad (no el motor)", "ncu": 17, "gw": 1, "axis_tilt": 0, "max_angle": 55, "backtrack": true, "gcr": 0.3843, "cross_axis_tilt": 0}}, {"type": "Feature", "geometry": {"type": "Point", "coordinates": [-71.8131036, -16.5866094]}, "properties": {"rol": "seguidor", "id": "TR-09_1-015", "tipo": "completo", "axis_azimuth": 0, "punto": "eje de unidad (no el motor)", "ncu": 17, "gw": 1, "axis_tilt": 0, "max_angle": 55, "backtrack": true, "gcr": 0.3843, "cross_axis_tilt": 0}}, {"type": "Feature", "geometry": {"type": "Point", "coordinates": [-71.8129875, -16.5866109]}, "properties": {"rol": "seguidor", "id": "TR-09_1-016", "tipo": "completo", "axis_azimuth": 0, "punto": "eje de unidad (no el motor)", "ncu": 17, "gw": 1, "axis_tilt": 0, "max_angle": 55, "backtrack": true, "gcr": 0.3843, "cross_axis_tilt": 0}}, {"type": "Feature", "geometry": {"type": "Point", "coordinates": [-71.8128714, -16.5866125]}, "properties": {"rol": "seguidor", "id": "TR-09_1-017", "tipo": "completo", "axis_azimuth": 0, "punto": "eje de unidad (no el motor)", "ncu": 17, "gw": 1, "axis_tilt": 0, "max_angle": 55, "backtrack": true, "gcr": 0.3843, "cross_axis_tilt": 0}}, {"type": "Feature", "geometry": {"type": "Point", "coordinates": [-71.8127553, -16.5866141]}, "properties": {"rol": "seguidor", "id": "TR-09_1-018", "tipo": "completo", "axis_azimuth": 0, "punto": "eje de unidad (no el motor)", "ncu": 17, "gw": 1, "axis_tilt": 0, "max_angle": 55, "backtrack": true, "gcr": 0.3843, "cross_axis_tilt": 0}}, {"type": "Feature", "geometry": {"type": "Point", "coordinates": [-71.8126392, -16.5866157]}, "properties": {"rol": "seguidor", "id": "TR-09_1-019", "tipo": "completo", "axis_azimuth": 0, "punto": "eje de unidad (no el motor)", "ncu": 17, "gw": 1, "axis_tilt": 0, "max_angle": 55, "backtrack": true, "gcr": 0.3843, "cross_axis_tilt": 0}}, {"type": "Feature", "geometry": {"type": "Point", "coordinates": [-71.8125231, -16.5866172]}, "properties": {"rol": "seguidor", "id": "TR-09_1-020", "tipo": "completo", "axis_azimuth": 0, "punto": "eje de unidad (no el motor)", "ncu": 17, "gw": 1, "axis_tilt": 0, "max_angle": 55, "backtrack": true, "gcr": 0.3843, "cross_axis_tilt": 0}}, {"type": "Feature", "geometry": {"type": "Point", "coordinates": [-71.812407, -16.5866188]}, "properties": {"rol": "seguidor", "id": "TR-09_1-021", "tipo": "completo", "axis_azimuth": 0, "punto": "eje de unidad (no el motor)", "ncu": 17, "gw": 1, "axis_tilt": 0, "max_angle": 55, "backtrack": true, "gcr": 0.3843, "cross_axis_tilt": 0}}, {"type": "Feature", "geometry": {"type": "Point", "coordinates": [-71.8122909, -16.5866204]}, "properties": {"rol": "seguidor", "id": "TR-09_1-022", "tipo": "completo", "axis_azimuth": 0, "punto": "eje de unidad (no el motor)", "ncu": 17, "gw": 1, "axis_tilt": 0, "max_angle": 55, "backtrack": true, "gcr": 0.3843, "cross_axis_tilt": 0}}, {"type": "Feature", "geometry": {"type": "Point", "coordinates": [-71.8121748, -16.5866219]}, "properties": {"rol": "seguidor", "id": "TR-09_1-023", "tipo": "completo", "axis_azimuth": 0, "punto": "eje de unidad (no el motor)", "ncu": 17, "gw": 1, "axis_tilt": 0, "max_angle": 55, "backtrack": true, "gcr": 0.3843, "cross_axis_tilt": 0}}, {"type": "Feature", "geometry": {"type": "Point", "coordinates": [-71.8120587, -16.5866235]}, "properties": {"rol": "seguidor", "id": "TR-09_1-024", "tipo": "completo", "axis_azimuth": 0, "punto": "eje de unidad (no el motor)", "ncu": 17, "gw": 1, "axis_tilt": 0, "max_angle": 55, "backtrack": true, "gcr": 0.3843, "cross_axis_tilt": 0}}, {"type": "Feature", "geometry": {"type": "Point", "coordinates": [-71.8119426, -16.5866251]}, "properties": {"rol": "seguidor", "id": "TR-09_1-025", "tipo": "completo", "axis_azimuth": 0, "punto": "eje de unidad (no el motor)", "ncu": 17, "gw": 1, "axis_tilt": 0, "max_angle": 55, "backtrack": true, "gcr": 0.3843, "cross_axis_tilt": 0}}, {"type": "Feature", "geometry": {"type": "Point", "coordinates": [-71.8118265, -16.5866266]}, "properties": {"rol": "seguidor", "id": "TR-09_1-026", "tipo": "completo", "axis_azimuth": 0, "punto": "eje de unidad (no el motor)", "ncu": 17, "gw": 1, "axis_tilt": 0, "max_angle": 55, "backtrack": true, "gcr": 0.3843, "cross_axis_tilt": 0}}, {"type": "Feature", "geometry": {"type": "Point", "coordinates": [-71.8117104, -16.5866282]}, "properties": {"rol": "seguidor", "id": "TR-09_1-027", "tipo": "completo", "axis_azimuth": 0, "punto": "eje de unidad (no el motor)", "ncu": 17, "gw": 1, "axis_tilt": 0, "max_angle": 55, "backtrack": true, "gcr": 0.3843, "cross_axis_tilt": 0}}, {"type": "Feature", "geometry": {"type": "Point", "coordinates": [-71.8115977, -16.5867959]}, "properties": {"rol": "seguidor", "id": "TR-09_1-028", "tipo": "medio", "axis_azimuth": 0, "punto": "eje de unidad (no el motor)", "ncu": 17, "gw": 1, "axis_tilt": 0, "max_angle": 55, "backtrack": true, "gcr": 0.3843, "cross_axis_tilt": 0}}, {"type": "Feature", "geometry": {"type": "Point", "coordinates": [-71.8114816, -16.5867975]}, "properties": {"rol": "seguidor", "id": "TR-09_1-029", "tipo": "medio", "axis_azimuth": 0, "punto": "eje de unidad (no el motor)", "ncu": 17, "gw": 2, "axis_tilt": 0, "max_angle": 55, "backtrack": true, "gcr": 0.3843, "cross_axis_tilt": 0}}, {"type": "Feature", "geometry": {"type": "Point", "coordinates": [-71.8113631, -16.5866329]}, "properties": {"rol": "seguidor", "id": "TR-09_1-030", "tipo": "completo", "axis_azimuth": 0, "punto": "eje de unidad (no el motor)", "ncu": 17, "gw": 2, "axis_tilt": 0, "max_angle": 55, "backtrack": true, "gcr": 0.3843, "cross_axis_tilt": 0}}, {"type": "Feature", "geometry": {"type": "Point", "coordinates": [-71.811247, -16.5866345]}, "properties": {"rol": "seguidor", "id": "TR-09_1-031", "tipo": "completo", "axis_azimuth": 0, "punto": "eje de unidad (no el motor)", "ncu": 17, "gw": 2, "axis_tilt": 0, "max_angle": 55, "backtrack": true, "gcr": 0.3843, "cross_axis_tilt": 0}}, {"type": "Feature", "geometry": {"type": "Point", "coordinates": [-71.8111309, -16.586636]}, "properties": {"rol": "seguidor", "id": "TR-09_1-032", "tipo": "completo", "axis_azimuth": 0, "punto": "eje de unidad (no el motor)", "ncu": 17, "gw": 2, "axis_tilt": 0, "max_angle": 55, "backtrack": true, "gcr": 0.3843, "cross_axis_tilt": 0}}, {"type": "Feature", "geometry": {"type": "Point", "coordinates": [-71.8110148, -16.5866376]}, "properties": {"rol": "seguidor", "id": "TR-09_1-033", "tipo": "completo", "axis_azimuth": 0, "punto": "eje de unidad (no el motor)", "ncu": 17, "gw": 2, "axis_tilt": 0, "max_angle": 55, "backtrack": true, "gcr": 0.3843, "cross_axis_tilt": 0}}, {"type": "Feature", "geometry": {"type": "Point", "coordinates": [-71.8108986, -16.5866392]}, "properties": {"rol": "seguidor", "id": "TR-09_1-034", "tipo": "completo", "axis_azimuth": 0, "punto": "eje de unidad (no el motor)", "ncu": 17, "gw": 2, "axis_tilt": 0, "max_angle": 55, "backtrack": true, "gcr": 0.3843, "cross_axis_tilt": 0}}, {"type": "Feature", "geometry": {"type": "Point", "coordinates": [-71.8107825, -16.5866408]}, "properties": {"rol": "seguidor", "id": "TR-09_1-035", "tipo": "completo", "axis_azimuth": 0, "punto": "eje de unidad (no el motor)", "ncu": 17, "gw": 2, "axis_tilt": 0, "max_angle": 55, "backtrack": true, "gcr": 0.3843, "cross_axis_tilt": 0}}, {"type": "Feature", "geometry": {"type": "Point", "coordinates": [-71.8106664, -16.5866423]}, "properties": {"rol": "seguidor", "id": "TR-09_1-036", "tipo": "completo", "axis_azimuth": 0, "punto": "eje de unidad (no el motor)", "ncu": 17, "gw": 2, "axis_tilt": 0, "max_angle": 55, "backtrack": true, "gcr": 0.3843, "cross_axis_tilt": 0}}, {"type": "Feature", "geometry": {"type": "Point", "coordinates": [-71.8105503, -16.5866439]}, "properties": {"rol": "seguidor", "id": "TR-09_1-037", "tipo": "completo", "axis_azimuth": 0, "punto": "eje de unidad (no el motor)", "ncu": 17, "gw": 2, "axis_tilt": 0, "max_angle": 55, "backtrack": true, "gcr": 0.3843, "cross_axis_tilt": 0}}, {"type": "Feature", "geometry": {"type": "Point", "coordinates": [-71.8104342, -16.5866455]}, "properties": {"rol": "seguidor", "id": "TR-09_1-038", "tipo": "completo", "axis_azimuth": 0, "punto": "eje de unidad (no el motor)", "ncu": 17, "gw": 2, "axis_tilt": 0, "max_angle": 55, "backtrack": true, "gcr": 0.3843, "cross_axis_tilt": 0}}, {"type": "Feature", "geometry": {"type": "Point", "coordinates": [-71.8103181, -16.586647]}, "properties": {"rol": "seguidor", "id": "TR-09_1-039", "tipo": "completo", "axis_azimuth": 0, "punto": "eje de unidad (no el motor)", "ncu": 17, "gw": 2, "axis_tilt": 0, "max_angle": 55, "backtrack": true, "gcr": 0.3843, "cross_axis_tilt": 0}}, {"type": "Feature", "geometry": {"type": "Point", "coordinates": [-71.810202, -16.5866486]}, "properties": {"rol": "seguidor", "id": "TR-09_1-040", "tipo": "completo", "axis_azimuth": 0, "punto": "eje de unidad (no el motor)", "ncu": 17, "gw": 2, "axis_tilt": 0, "max_angle": 55, "backtrack": true, "gcr": 0.3843, "cross_axis_tilt": 0}}, {"type": "Feature", "geometry": {"type": "Point", "coordinates": [-71.8100859, -16.5866502]}, "properties": {"rol": "seguidor", "id": "TR-09_1-041", "tipo": "completo", "axis_azimuth": 0, "punto": "eje de unidad (no el motor)", "ncu": 17, "gw": 2, "axis_tilt": 0, "max_angle": 55, "backtrack": true, "gcr": 0.3843, "cross_axis_tilt": 0}}, {"type": "Feature", "geometry": {"type": "Point", "coordinates": [-71.8131135, -16.5872874]}, "properties": {"rol": "seguidor", "id": "TR-09_1-042", "tipo": "completo", "axis_azimuth": 0, "punto": "eje de unidad (no el motor)", "ncu": 17, "gw": 1, "axis_tilt": 0, "max_angle": 55, "backtrack": true, "gcr": 0.3843, "cross_axis_tilt": 0}}, {"type": "Feature", "geometry": {"type": "Point", "coordinates": [-71.8129974, -16.587289]}, "properties": {"rol": "seguidor", "id": "TR-09_1-043", "tipo": "completo", "axis_azimuth": 0, "punto": "eje de unidad (no el motor)", "ncu": 17, "gw": 1, "axis_tilt": 0, "max_angle": 55, "backtrack": true, "gcr": 0.3843, "cross_axis_tilt": 0}}, {"type": "Feature", "geometry": {"type": "Point", "coordinates": [-71.8128813, -16.5872906]}, "properties": {"rol": "seguidor", "id": "TR-09_1-044", "tipo": "completo", "axis_azimuth": 0, "punto": "eje de unidad (no el motor)", "ncu": 17, "gw": 1, "axis_tilt": 0, "max_angle": 55, "backtrack": true, "gcr": 0.3843, "cross_axis_tilt": 0}}, {"type": "Feature", "geometry": {"type": "Point", "coordinates": [-71.8127652, -16.5872922]}, "properties": {"rol": "seguidor", "id": "TR-09_1-045", "tipo": "completo", "axis_azimuth": 0, "punto": "eje de unidad (no el motor)", "ncu": 17, "gw": 1, "axis_tilt": 0, "max_angle": 55, "backtrack": true, "gcr": 0.3843, "cross_axis_tilt": 0}}, {"type": "Feature", "geometry": {"type": "Point", "coordinates": [-71.8126491, -16.5872937]}, "properties": {"rol": "seguidor", "id": "TR-09_1-046", "tipo": "completo", "axis_azimuth": 0, "punto": "eje de unidad (no el motor)", "ncu": 17, "gw": 1, "axis_tilt": 0, "max_angle": 55, "backtrack": true, "gcr": 0.3843, "cross_axis_tilt": 0}}, {"type": "Feature", "geometry": {"type": "Point", "coordinates": [-71.812533, -16.5872953]}, "properties": {"rol": "seguidor", "id": "TR-09_1-047", "tipo": "completo", "axis_azimuth": 0, "punto": "eje de unidad (no el motor)", "ncu": 17, "gw": 1, "axis_tilt": 0, "max_angle": 55, "backtrack": true, "gcr": 0.3843, "cross_axis_tilt": 0}}, {"type": "Feature", "geometry": {"type": "Point", "coordinates": [-71.8124169, -16.5872969]}, "properties": {"rol": "seguidor", "id": "TR-09_1-048", "tipo": "completo", "axis_azimuth": 0, "punto": "eje de unidad (no el motor)", "ncu": 17, "gw": 1, "axis_tilt": 0, "max_angle": 55, "backtrack": true, "gcr": 0.3843, "cross_axis_tilt": 0}}, {"type": "Feature", "geometry": {"type": "Point", "coordinates": [-71.8123008, -16.5872984]}, "properties": {"rol": "seguidor", "id": "TR-09_1-049", "tipo": "completo", "axis_azimuth": 0, "punto": "eje de unidad (no el motor)", "ncu": 17, "gw": 1, "axis_tilt": 0, "max_angle": 55, "backtrack": true, "gcr": 0.3843, "cross_axis_tilt": 0}}, {"type": "Feature", "geometry": {"type": "Point", "coordinates": [-71.8121847, -16.5873]}, "properties": {"rol": "seguidor", "id": "TR-09_1-050", "tipo": "completo", "axis_azimuth": 0, "punto": "eje de unidad (no el motor)", "ncu": 17, "gw": 1, "axis_tilt": 0, "max_angle": 55, "backtrack": true, "gcr": 0.3843, "cross_axis_tilt": 0}}, {"type": "Feature", "geometry": {"type": "Point", "coordinates": [-71.8120686, -16.5873016]}, "properties": {"rol": "seguidor", "id": "TR-09_1-051", "tipo": "completo", "axis_azimuth": 0, "punto": "eje de unidad (no el motor)", "ncu": 17, "gw": 1, "axis_tilt": 0, "max_angle": 55, "backtrack": true, "gcr": 0.3843, "cross_axis_tilt": 0}}, {"type": "Feature", "geometry": {"type": "Point", "coordinates": [-71.8119525, -16.5873031]}, "properties": {"rol": "seguidor", "id": "TR-09_1-052", "tipo": "completo", "axis_azimuth": 0, "punto": "eje de unidad (no el motor)", "ncu": 17, "gw": 1, "axis_tilt": 0, "max_angle": 55, "backtrack": true, "gcr": 0.3843, "cross_axis_tilt": 0}}, {"type": "Feature", "geometry": {"type": "Point", "coordinates": [-71.8118364, -16.5873047]}, "properties": {"rol": "seguidor", "id": "TR-09_1-053", "tipo": "completo", "axis_azimuth": 0, "punto": "eje de unidad (no el motor)", "ncu": 17, "gw": 1, "axis_tilt": 0, "max_angle": 55, "backtrack": true, "gcr": 0.3843, "cross_axis_tilt": 0}}, {"type": "Feature", "geometry": {"type": "Point", "coordinates": [-71.8117203, -16.5873063]}, "properties": {"rol": "seguidor", "id": "TR-09_1-054", "tipo": "completo", "axis_azimuth": 0, "punto": "eje de unidad (no el motor)", "ncu": 17, "gw": 1, "axis_tilt": 0, "max_angle": 55, "backtrack": true, "gcr": 0.3843, "cross_axis_tilt": 0}}, {"type": "Feature", "geometry": {"type": "Point", "coordinates": [-71.8116051, -16.5873078]}, "properties": {"rol": "seguidor", "id": "TR-09_1-055", "tipo": "completo", "axis_azimuth": 0, "punto": "eje de unidad (no el motor)", "ncu": 17, "gw": 1, "axis_tilt": 0, "max_angle": 55, "backtrack": true, "gcr": 0.3843, "cross_axis_tilt": 0}}, {"type": "Feature", "geometry": {"type": "Point", "coordinates": [-71.811489, -16.5873094]}, "properties": {"rol": "seguidor", "id": "TR-09_1-056", "tipo": "completo", "axis_azimuth": 0, "punto": "eje de unidad (no el motor)", "ncu": 17, "gw": 2, "axis_tilt": 0, "max_angle": 55, "backtrack": true, "gcr": 0.3843, "cross_axis_tilt": 0}}, {"type": "Feature", "geometry": {"type": "Point", "coordinates": [-71.8113729, -16.587311]}, "properties": {"rol": "seguidor", "id": "TR-09_1-057", "tipo": "completo", "axis_azimuth": 0, "punto": "eje de unidad (no el motor)", "ncu": 17, "gw": 2, "axis_tilt": 0, "max_angle": 55, "backtrack": true, "gcr": 0.3843, "cross_axis_tilt": 0}}, {"type": "Feature", "geometry": {"type": "Point", "coordinates": [-71.8112568, -16.5873126]}, "properties": {"rol": "seguidor", "id": "TR-09_1-058", "tipo": "completo", "axis_azimuth": 0, "punto": "eje de unidad (no el motor)", "ncu": 17, "gw": 2, "axis_tilt": 0, "max_angle": 55, "backtrack": true, "gcr": 0.3843, "cross_axis_tilt": 0}}, {"type": "Feature", "geometry": {"type": "Point", "coordinates": [-71.8111407, -16.5873141]}, "properties": {"rol": "seguidor", "id": "TR-09_1-059", "tipo": "completo", "axis_azimuth": 0, "punto": "eje de unidad (no el motor)", "ncu": 17, "gw": 2, "axis_tilt": 0, "max_angle": 55, "backtrack": true, "gcr": 0.3843, "cross_axis_tilt": 0}}, {"type": "Feature", "geometry": {"type": "Point", "coordinates": [-71.8110246, -16.5873157]}, "properties": {"rol": "seguidor", "id": "TR-09_1-060", "tipo": "completo", "axis_azimuth": 0, "punto": "eje de unidad (no el motor)", "ncu": 17, "gw": 2, "axis_tilt": 0, "max_angle": 55, "backtrack": true, "gcr": 0.3843, "cross_axis_tilt": 0}}, {"type": "Feature", "geometry": {"type": "Point", "coordinates": [-71.8109085, -16.5873173]}, "properties": {"rol": "seguidor", "id": "TR-09_1-061", "tipo": "completo", "axis_azimuth": 0, "punto": "eje de unidad (no el motor)", "ncu": 17, "gw": 2, "axis_tilt": 0, "max_angle": 55, "backtrack": true, "gcr": 0.3843, "cross_axis_tilt": 0}}, {"type": "Feature", "geometry": {"type": "Point", "coordinates": [-71.8107924, -16.5873188]}, "properties": {"rol": "seguidor", "id": "TR-09_1-062", "tipo": "completo", "axis_azimuth": 0, "punto": "eje de unidad (no el motor)", "ncu": 17, "gw": 2, "axis_tilt": 0, "max_angle": 55, "backtrack": true, "gcr": 0.3843, "cross_axis_tilt": 0}}, {"type": "Feature", "geometry": {"type": "Point", "coordinates": [-71.8106763, -16.5873204]}, "properties": {"rol": "seguidor", "id": "TR-09_1-063", "tipo": "completo", "axis_azimuth": 0, "punto": "eje de unidad (no el motor)", "ncu": 17, "gw": 2, "axis_tilt": 0, "max_angle": 55, "backtrack": true, "gcr": 0.3843, "cross_axis_tilt": 0}}, {"type": "Feature", "geometry": {"type": "Point", "coordinates": [-71.8105602, -16.587322]}, "properties": {"rol": "seguidor", "id": "TR-09_1-064", "tipo": "completo", "axis_azimuth": 0, "punto": "eje de unidad (no el motor)", "ncu": 17, "gw": 2, "axis_tilt": 0, "max_angle": 55, "backtrack": true, "gcr": 0.3843, "cross_axis_tilt": 0}}, {"type": "Feature", "geometry": {"type": "Point", "coordinates": [-71.8104441, -16.5873235]}, "properties": {"rol": "seguidor", "id": "TR-09_1-065", "tipo": "completo", "axis_azimuth": 0, "punto": "eje de unidad (no el motor)", "ncu": 17, "gw": 2, "axis_tilt": 0, "max_angle": 55, "backtrack": true, "gcr": 0.3843, "cross_axis_tilt": 0}}, {"type": "Feature", "geometry": {"type": "Point", "coordinates": [-71.810328, -16.5873251]}, "properties": {"rol": "seguidor", "id": "TR-09_1-066", "tipo": "completo", "axis_azimuth": 0, "punto": "eje de unidad (no el motor)", "ncu": 17, "gw": 2, "axis_tilt": 0, "max_angle": 55, "backtrack": true, "gcr": 0.3843, "cross_axis_tilt": 0}}, {"type": "Feature", "geometry": {"type": "Point", "coordinates": [-71.8102119, -16.5873267]}, "properties": {"rol": "seguidor", "id": "TR-09_1-067", "tipo": "completo", "axis_azimuth": 0, "punto": "eje de unidad (no el motor)", "ncu": 17, "gw": 2, "axis_tilt": 0, "max_angle": 55, "backtrack": true, "gcr": 0.3843, "cross_axis_tilt": 0}}, {"type": "Feature", "geometry": {"type": "Point", "coordinates": [-71.8100958, -16.5873282]}, "properties": {"rol": "seguidor", "id": "TR-09_1-068", "tipo": "completo", "axis_azimuth": 0, "punto": "eje de unidad (no el motor)", "ncu": 17, "gw": 2, "axis_tilt": 0, "max_angle": 55, "backtrack": true, "gcr": 0.3843, "cross_axis_tilt": 0}}, {"type": "Feature", "geometry": {"type": "Point", "coordinates": [-71.8131234, -16.5879655]}, "properties": {"rol": "seguidor", "id": "TR-09_1-069", "tipo": "completo", "axis_azimuth": 0, "punto": "eje de unidad (no el motor)", "ncu": 17, "gw": 1, "axis_tilt": 0, "max_angle": 55, "backtrack": true, "gcr": 0.3843, "cross_axis_tilt": 0}}, {"type": "Feature", "geometry": {"type": "Point", "coordinates": [-71.8130073, -16.5879671]}, "properties": {"rol": "seguidor", "id": "TR-09_1-070", "tipo": "completo", "axis_azimuth": 0, "punto": "eje de unidad (no el motor)", "ncu": 17, "gw": 1, "axis_tilt": 0, "max_angle": 55, "backtrack": true, "gcr": 0.3843, "cross_axis_tilt": 0}}, {"type": "Feature", "geometry": {"type": "Point", "coordinates": [-71.8128912, -16.5879687]}, "properties": {"rol": "seguidor", "id": "TR-09_1-071", "tipo": "completo", "axis_azimuth": 0, "punto": "eje de unidad (no el motor)", "ncu": 17, "gw": 1, "axis_tilt": 0, "max_angle": 55, "backtrack": true, "gcr": 0.3843, "cross_axis_tilt": 0}}, {"type": "Feature", "geometry": {"type": "Point", "coordinates": [-71.8127751, -16.5879702]}, "properties": {"rol": "seguidor", "id": "TR-09_1-072", "tipo": "completo", "axis_azimuth": 0, "punto": "eje de unidad (no el motor)", "ncu": 17, "gw": 1, "axis_tilt": 0, "max_angle": 55, "backtrack": true, "gcr": 0.3843, "cross_axis_tilt": 0}}, {"type": "Feature", "geometry": {"type": "Point", "coordinates": [-71.812659, -16.5879718]}, "properties": {"rol": "seguidor", "id": "TR-09_1-073", "tipo": "completo", "axis_azimuth": 0, "punto": "eje de unidad (no el motor)", "ncu": 17, "gw": 1, "axis_tilt": 0, "max_angle": 55, "backtrack": true, "gcr": 0.3843, "cross_axis_tilt": 0}}, {"type": "Feature", "geometry": {"type": "Point", "coordinates": [-71.8125429, -16.5879734]}, "properties": {"rol": "seguidor", "id": "TR-09_1-074", "tipo": "completo", "axis_azimuth": 0, "punto": "eje de unidad (no el motor)", "ncu": 17, "gw": 1, "axis_tilt": 0, "max_angle": 55, "backtrack": true, "gcr": 0.3843, "cross_axis_tilt": 0}}, {"type": "Feature", "geometry": {"type": "Point", "coordinates": [-71.8124268, -16.5879749]}, "properties": {"rol": "seguidor", "id": "TR-09_1-075", "tipo": "completo", "axis_azimuth": 0, "punto": "eje de unidad (no el motor)", "ncu": 17, "gw": 1, "axis_tilt": 0, "max_angle": 55, "backtrack": true, "gcr": 0.3843, "cross_axis_tilt": 0}}, {"type": "Feature", "geometry": {"type": "Point", "coordinates": [-71.8123107, -16.5879765]}, "properties": {"rol": "seguidor", "id": "TR-09_1-076", "tipo": "completo", "axis_azimuth": 0, "punto": "eje de unidad (no el motor)", "ncu": 17, "gw": 1, "axis_tilt": 0, "max_angle": 55, "backtrack": true, "gcr": 0.3843, "cross_axis_tilt": 0}}, {"type": "Feature", "geometry": {"type": "Point", "coordinates": [-71.8121946, -16.5879781]}, "properties": {"rol": "seguidor", "id": "TR-09_1-077", "tipo": "completo", "axis_azimuth": 0, "punto": "eje de unidad (no el motor)", "ncu": 17, "gw": 1, "axis_tilt": 0, "max_angle": 55, "backtrack": true, "gcr": 0.3843, "cross_axis_tilt": 0}}, {"type": "Feature", "geometry": {"type": "Point", "coordinates": [-71.8120784, -16.5879797]}, "properties": {"rol": "seguidor", "id": "TR-09_1-078", "tipo": "completo", "axis_azimuth": 0, "punto": "eje de unidad (no el motor)", "ncu": 17, "gw": 1, "axis_tilt": 0, "max_angle": 55, "backtrack": true, "gcr": 0.3843, "cross_axis_tilt": 0}}, {"type": "Feature", "geometry": {"type": "Point", "coordinates": [-71.8119623, -16.5879812]}, "properties": {"rol": "seguidor", "id": "TR-09_1-079", "tipo": "completo", "axis_azimuth": 0, "punto": "eje de unidad (no el motor)", "ncu": 17, "gw": 1, "axis_tilt": 0, "max_angle": 55, "backtrack": true, "gcr": 0.3843, "cross_axis_tilt": 0}}, {"type": "Feature", "geometry": {"type": "Point", "coordinates": [-71.8118462, -16.5879828]}, "properties": {"rol": "seguidor", "id": "TR-09_1-080", "tipo": "completo", "axis_azimuth": 0, "punto": "eje de unidad (no el motor)", "ncu": 17, "gw": 1, "axis_tilt": 0, "max_angle": 55, "backtrack": true, "gcr": 0.3843, "cross_axis_tilt": 0}}, {"type": "Feature", "geometry": {"type": "Point", "coordinates": [-71.8117301, -16.5879844]}, "properties": {"rol": "seguidor", "id": "TR-09_1-081", "tipo": "completo", "axis_azimuth": 0, "punto": "eje de unidad (no el motor)", "ncu": 17, "gw": 1, "axis_tilt": 0, "max_angle": 55, "backtrack": true, "gcr": 0.3843, "cross_axis_tilt": 0}}, {"type": "Feature", "geometry": {"type": "Point", "coordinates": [-71.811615, -16.5879859]}, "properties": {"rol": "seguidor", "id": "TR-09_1-082", "tipo": "completo", "axis_azimuth": 0, "punto": "eje de unidad (no el motor)", "ncu": 17, "gw": 1, "axis_tilt": 0, "max_angle": 55, "backtrack": true, "gcr": 0.3843, "cross_axis_tilt": 0}}, {"type": "Feature", "geometry": {"type": "Point", "coordinates": [-71.8114989, -16.5879875]}, "properties": {"rol": "seguidor", "id": "TR-09_1-083", "tipo": "completo", "axis_azimuth": 0, "punto": "eje de unidad (no el motor)", "ncu": 17, "gw": 2, "axis_tilt": 0, "max_angle": 55, "backtrack": true, "gcr": 0.3843, "cross_axis_tilt": 0}}, {"type": "Feature", "geometry": {"type": "Point", "coordinates": [-71.8113828, -16.5879891]}, "properties": {"rol": "seguidor", "id": "TR-09_1-084", "tipo": "completo", "axis_azimuth": 0, "punto": "eje de unidad (no el motor)", "ncu": 17, "gw": 2, "axis_tilt": 0, "max_angle": 55, "backtrack": true, "gcr": 0.3843, "cross_axis_tilt": 0}}, {"type": "Feature", "geometry": {"type": "Point", "coordinates": [-71.8112667, -16.5879906]}, "properties": {"rol": "seguidor", "id": "TR-09_1-085", "tipo": "completo", "axis_azimuth": 0, "punto": "eje de unidad (no el motor)", "ncu": 17, "gw": 2, "axis_tilt": 0, "max_angle": 55, "backtrack": true, "gcr": 0.3843, "cross_axis_tilt": 0}}, {"type": "Feature", "geometry": {"type": "Point", "coordinates": [-71.8111506, -16.5879922]}, "properties": {"rol": "seguidor", "id": "TR-09_1-086", "tipo": "completo", "axis_azimuth": 0, "punto": "eje de unidad (no el motor)", "ncu": 17, "gw": 2, "axis_tilt": 0, "max_angle": 55, "backtrack": true, "gcr": 0.3843, "cross_axis_tilt": 0}}, {"type": "Feature", "geometry": {"type": "Point", "coordinates": [-71.8110345, -16.5879938]}, "properties": {"rol": "seguidor", "id": "TR-09_1-087", "tipo": "completo", "axis_azimuth": 0, "punto": "eje de unidad (no el motor)", "ncu": 17, "gw": 2, "axis_tilt": 0, "max_angle": 55, "backtrack": true, "gcr": 0.3843, "cross_axis_tilt": 0}}, {"type": "Feature", "geometry": {"type": "Point", "coordinates": [-71.8109184, -16.5879953]}, "properties": {"rol": "seguidor", "id": "TR-09_1-088", "tipo": "completo", "axis_azimuth": 0, "punto": "eje de unidad (no el motor)", "ncu": 17, "gw": 2, "axis_tilt": 0, "max_angle": 55, "backtrack": true, "gcr": 0.3843, "cross_axis_tilt": 0}}, {"type": "Feature", "geometry": {"type": "Point", "coordinates": [-71.8108023, -16.5879969]}, "properties": {"rol": "seguidor", "id": "TR-09_1-089", "tipo": "completo", "axis_azimuth": 0, "punto": "eje de unidad (no el motor)", "ncu": 17, "gw": 2, "axis_tilt": 0, "max_angle": 55, "backtrack": true, "gcr": 0.3843, "cross_axis_tilt": 0}}, {"type": "Feature", "geometry": {"type": "Point", "coordinates": [-71.8106862, -16.5879985]}, "properties": {"rol": "seguidor", "id": "TR-09_1-090", "tipo": "completo", "axis_azimuth": 0, "punto": "eje de unidad (no el motor)", "ncu": 17, "gw": 2, "axis_tilt": 0, "max_angle": 55, "backtrack": true, "gcr": 0.3843, "cross_axis_tilt": 0}}, {"type": "Feature", "geometry": {"type": "Point", "coordinates": [-71.8105701, -16.588]}, "properties": {"rol": "seguidor", "id": "TR-09_1-091", "tipo": "completo", "axis_azimuth": 0, "punto": "eje de unidad (no el motor)", "ncu": 17, "gw": 2, "axis_tilt": 0, "max_angle": 55, "backtrack": true, "gcr": 0.3843, "cross_axis_tilt": 0}}, {"type": "Feature", "geometry": {"type": "Point", "coordinates": [-71.810454, -16.5880016]}, "properties": {"rol": "seguidor", "id": "TR-09_1-092", "tipo": "completo", "axis_azimuth": 0, "punto": "eje de unidad (no el motor)", "ncu": 17, "gw": 2, "axis_tilt": 0, "max_angle": 55, "backtrack": true, "gcr": 0.3843, "cross_axis_tilt": 0}}, {"type": "Feature", "geometry": {"type": "Point", "coordinates": [-71.8103378, -16.5880032]}, "properties": {"rol": "seguidor", "id": "TR-09_1-093", "tipo": "completo", "axis_azimuth": 0, "punto": "eje de unidad (no el motor)", "ncu": 17, "gw": 2, "axis_tilt": 0, "max_angle": 55, "backtrack": true, "gcr": 0.3843, "cross_axis_tilt": 0}}, {"type": "Feature", "geometry": {"type": "Point", "coordinates": [-71.8102217, -16.5880048]}, "properties": {"rol": "seguidor", "id": "TR-09_1-094", "tipo": "completo", "axis_azimuth": 0, "punto": "eje de unidad (no el motor)", "ncu": 17, "gw": 2, "axis_tilt": 0, "max_angle": 55, "backtrack": true, "gcr": 0.3843, "cross_axis_tilt": 0}}, {"type": "Feature", "geometry": {"type": "Point", "coordinates": [-71.8101056, -16.5880063]}, "properties": {"rol": "seguidor", "id": "TR-09_1-095", "tipo": "completo", "axis_azimuth": 0, "punto": "eje de unidad (no el motor)", "ncu": 17, "gw": 2, "axis_tilt": 0, "max_angle": 55, "backtrack": true, "gcr": 0.3843, "cross_axis_tilt": 0}}, {"type": "Feature", "geometry": {"type": "Point", "coordinates": [-71.8131332, -16.5886436]}, "properties": {"rol": "seguidor", "id": "TR-09_1-096", "tipo": "completo", "axis_azimuth": 0, "punto": "eje de unidad (no el motor)", "ncu": 17, "gw": 1, "axis_tilt": 0, "max_angle": 55, "backtrack": true, "gcr": 0.3843, "cross_axis_tilt": 0}}, {"type": "Feature", "geometry": {"type": "Point", "coordinates": [-71.8130171, -16.5886452]}, "properties": {"rol": "seguidor", "id": "TR-09_1-097", "tipo": "completo", "axis_azimuth": 0, "punto": "eje de unidad (no el motor)", "ncu": 17, "gw": 1, "axis_tilt": 0, "max_angle": 55, "backtrack": true, "gcr": 0.3843, "cross_axis_tilt": 0}}, {"type": "Feature", "geometry": {"type": "Point", "coordinates": [-71.812901, -16.5886467]}, "properties": {"rol": "seguidor", "id": "TR-09_1-098", "tipo": "completo", "axis_azimuth": 0, "punto": "eje de unidad (no el motor)", "ncu": 17, "gw": 1, "axis_tilt": 0, "max_angle": 55, "backtrack": true, "gcr": 0.3843, "cross_axis_tilt": 0}}, {"type": "Feature", "geometry": {"type": "Point", "coordinates": [-71.8127849, -16.5886483]}, "properties": {"rol": "seguidor", "id": "TR-09_1-099", "tipo": "completo", "axis_azimuth": 0, "punto": "eje de unidad (no el motor)", "ncu": 17, "gw": 1, "axis_tilt": 0, "max_angle": 55, "backtrack": true, "gcr": 0.3843, "cross_axis_tilt": 0}}, {"type": "Feature", "geometry": {"type": "Point", "coordinates": [-71.8126688, -16.5886499]}, "properties": {"rol": "seguidor", "id": "TR-09_1-100", "tipo": "completo", "axis_azimuth": 0, "punto": "eje de unidad (no el motor)", "ncu": 17, "gw": 1, "axis_tilt": 0, "max_angle": 55, "backtrack": true, "gcr": 0.3843, "cross_axis_tilt": 0}}, {"type": "Feature", "geometry": {"type": "Point", "coordinates": [-71.8125527, -16.5886514]}, "properties": {"rol": "seguidor", "id": "TR-09_1-101", "tipo": "completo", "axis_azimuth": 0, "punto": "eje de unidad (no el motor)", "ncu": 17, "gw": 1, "axis_tilt": 0, "max_angle": 55, "backtrack": true, "gcr": 0.3843, "cross_axis_tilt": 0}}, {"type": "Feature", "geometry": {"type": "Point", "coordinates": [-71.8124366, -16.588653]}, "properties": {"rol": "seguidor", "id": "TR-09_1-102", "tipo": "completo", "axis_azimuth": 0, "punto": "eje de unidad (no el motor)", "ncu": 17, "gw": 1, "axis_tilt": 0, "max_angle": 55, "backtrack": true, "gcr": 0.3843, "cross_axis_tilt": 0}}, {"type": "Feature", "geometry": {"type": "Point", "coordinates": [-71.8123205, -16.5886546]}, "properties": {"rol": "seguidor", "id": "TR-09_1-103", "tipo": "completo", "axis_azimuth": 0, "punto": "eje de unidad (no el motor)", "ncu": 17, "gw": 1, "axis_tilt": 0, "max_angle": 55, "backtrack": true, "gcr": 0.3843, "cross_axis_tilt": 0}}, {"type": "Feature", "geometry": {"type": "Point", "coordinates": [-71.8122044, -16.5886562]}, "properties": {"rol": "seguidor", "id": "TR-09_1-104", "tipo": "completo", "axis_azimuth": 0, "punto": "eje de unidad (no el motor)", "ncu": 17, "gw": 1, "axis_tilt": 0, "max_angle": 55, "backtrack": true, "gcr": 0.3843, "cross_axis_tilt": 0}}, {"type": "Feature", "geometry": {"type": "Point", "coordinates": [-71.8120883, -16.5886577]}, "properties": {"rol": "seguidor", "id": "TR-09_1-105", "tipo": "completo", "axis_azimuth": 0, "punto": "eje de unidad (no el motor)", "ncu": 17, "gw": 1, "axis_tilt": 0, "max_angle": 55, "backtrack": true, "gcr": 0.3843, "cross_axis_tilt": 0}}, {"type": "Feature", "geometry": {"type": "Point", "coordinates": [-71.8119722, -16.5886593]}, "properties": {"rol": "seguidor", "id": "TR-09_1-106", "tipo": "completo", "axis_azimuth": 0, "punto": "eje de unidad (no el motor)", "ncu": 17, "gw": 1, "axis_tilt": 0, "max_angle": 55, "backtrack": true, "gcr": 0.3843, "cross_axis_tilt": 0}}, {"type": "Feature", "geometry": {"type": "Point", "coordinates": [-71.8118561, -16.5886609]}, "properties": {"rol": "seguidor", "id": "TR-09_1-107", "tipo": "completo", "axis_azimuth": 0, "punto": "eje de unidad (no el motor)", "ncu": 17, "gw": 1, "axis_tilt": 0, "max_angle": 55, "backtrack": true, "gcr": 0.3843, "cross_axis_tilt": 0}}, {"type": "Feature", "geometry": {"type": "Point", "coordinates": [-71.81174, -16.5886624]}, "properties": {"rol": "seguidor", "id": "TR-09_1-108", "tipo": "completo", "axis_azimuth": 0, "punto": "eje de unidad (no el motor)", "ncu": 17, "gw": 1, "axis_tilt": 0, "max_angle": 55, "backtrack": true, "gcr": 0.3843, "cross_axis_tilt": 0}}, {"type": "Feature", "geometry": {"type": "Point", "coordinates": [-71.8116248, -16.588664]}, "properties": {"rol": "seguidor", "id": "TR-09_1-109", "tipo": "completo", "axis_azimuth": 0, "punto": "eje de unidad (no el motor)", "ncu": 17, "gw": 1, "axis_tilt": 0, "max_angle": 55, "backtrack": true, "gcr": 0.3843, "cross_axis_tilt": 0}}, {"type": "Feature", "geometry": {"type": "Point", "coordinates": [-71.8115087, -16.5886656]}, "properties": {"rol": "seguidor", "id": "TR-09_1-110", "tipo": "completo", "axis_azimuth": 0, "punto": "eje de unidad (no el motor)", "ncu": 17, "gw": 2, "axis_tilt": 0, "max_angle": 55, "backtrack": true, "gcr": 0.3843, "cross_axis_tilt": 0}}, {"type": "Feature", "geometry": {"type": "Point", "coordinates": [-71.8113926, -16.5886671]}, "properties": {"rol": "seguidor", "id": "TR-09_1-111", "tipo": "completo", "axis_azimuth": 0, "punto": "eje de unidad (no el motor)", "ncu": 17, "gw": 2, "axis_tilt": 0, "max_angle": 55, "backtrack": true, "gcr": 0.3843, "cross_axis_tilt": 0}}, {"type": "Feature", "geometry": {"type": "Point", "coordinates": [-71.8112765, -16.5886687]}, "properties": {"rol": "seguidor", "id": "TR-09_1-112", "tipo": "completo", "axis_azimuth": 0, "punto": "eje de unidad (no el motor)", "ncu": 17, "gw": 2, "axis_tilt": 0, "max_angle": 55, "backtrack": true, "gcr": 0.3843, "cross_axis_tilt": 0}}, {"type": "Feature", "geometry": {"type": "Point", "coordinates": [-71.8111604, -16.5886703]}, "properties": {"rol": "seguidor", "id": "TR-09_1-113", "tipo": "completo", "axis_azimuth": 0, "punto": "eje de unidad (no el motor)", "ncu": 17, "gw": 2, "axis_tilt": 0, "max_angle": 55, "backtrack": true, "gcr": 0.3843, "cross_axis_tilt": 0}}, {"type": "Feature", "geometry": {"type": "Point", "coordinates": [-71.8110443, -16.5886718]}, "properties": {"rol": "seguidor", "id": "TR-09_1-114", "tipo": "completo", "axis_azimuth": 0, "punto": "eje de unidad (no el motor)", "ncu": 17, "gw": 2, "axis_tilt": 0, "max_angle": 55, "backtrack": true, "gcr": 0.3843, "cross_axis_tilt": 0}}, {"type": "Feature", "geometry": {"type": "Point", "coordinates": [-71.8109282, -16.5886734]}, "properties": {"rol": "seguidor", "id": "TR-09_1-115", "tipo": "completo", "axis_azimuth": 0, "punto": "eje de unidad (no el motor)", "ncu": 17, "gw": 2, "axis_tilt": 0, "max_angle": 55, "backtrack": true, "gcr": 0.3843, "cross_axis_tilt": 0}}, {"type": "Feature", "geometry": {"type": "Point", "coordinates": [-71.8108121, -16.588675]}, "properties": {"rol": "seguidor", "id": "TR-09_1-116", "tipo": "completo", "axis_azimuth": 0, "punto": "eje de unidad (no el motor)", "ncu": 17, "gw": 2, "axis_tilt": 0, "max_angle": 55, "backtrack": true, "gcr": 0.3843, "cross_axis_tilt": 0}}, {"type": "Feature", "geometry": {"type": "Point", "coordinates": [-71.810696, -16.5886766]}, "properties": {"rol": "seguidor", "id": "TR-09_1-117", "tipo": "completo", "axis_azimuth": 0, "punto": "eje de unidad (no el motor)", "ncu": 17, "gw": 2, "axis_tilt": 0, "max_angle": 55, "backtrack": true, "gcr": 0.3843, "cross_axis_tilt": 0}}, {"type": "Feature", "geometry": {"type": "Point", "coordinates": [-71.8105799, -16.5886781]}, "properties": {"rol": "seguidor", "id": "TR-09_1-118", "tipo": "completo", "axis_azimuth": 0, "punto": "eje de unidad (no el motor)", "ncu": 17, "gw": 2, "axis_tilt": 0, "max_angle": 55, "backtrack": true, "gcr": 0.3843, "cross_axis_tilt": 0}}, {"type": "Feature", "geometry": {"type": "Point", "coordinates": [-71.8104638, -16.5886797]}, "properties": {"rol": "seguidor", "id": "TR-09_1-119", "tipo": "completo", "axis_azimuth": 0, "punto": "eje de unidad (no el motor)", "ncu": 17, "gw": 2, "axis_tilt": 0, "max_angle": 55, "backtrack": true, "gcr": 0.3843, "cross_axis_tilt": 0}}, {"type": "Feature", "geometry": {"type": "Point", "coordinates": [-71.8103477, -16.5886813]}, "properties": {"rol": "seguidor", "id": "TR-09_1-120", "tipo": "completo", "axis_azimuth": 0, "punto": "eje de unidad (no el motor)", "ncu": 17, "gw": 2, "axis_tilt": 0, "max_angle": 55, "backtrack": true, "gcr": 0.3843, "cross_axis_tilt": 0}}, {"type": "Feature", "geometry": {"type": "Point", "coordinates": [-71.8102316, -16.5886828]}, "properties": {"rol": "seguidor", "id": "TR-09_1-121", "tipo": "completo", "axis_azimuth": 0, "punto": "eje de unidad (no el motor)", "ncu": 17, "gw": 2, "axis_tilt": 0, "max_angle": 55, "backtrack": true, "gcr": 0.3843, "cross_axis_tilt": 0}}, {"type": "Feature", "geometry": {"type": "Point", "coordinates": [-71.8101155, -16.5886844]}, "properties": {"rol": "seguidor", "id": "TR-09_1-122", "tipo": "completo", "axis_azimuth": 0, "punto": "eje de unidad (no el motor)", "ncu": 17, "gw": 2, "axis_tilt": 0, "max_angle": 55, "backtrack": true, "gcr": 0.3843, "cross_axis_tilt": 0}}, {"type": "Feature", "geometry": {"type": "Point", "coordinates": [-71.8156359, -16.5851275]}, "properties": {"rol": "seguidor", "id": "TR-09_2-001", "tipo": "completo", "axis_azimuth": 0, "punto": "eje de unidad (no el motor)", "ncu": 18, "gw": 1, "axis_tilt": 0, "max_angle": 55, "backtrack": true, "gcr": 0.3843, "cross_axis_tilt": 0}}, {"type": "Feature", "geometry": {"type": "Point", "coordinates": [-71.8155198, -16.5851291]}, "properties": {"rol": "seguidor", "id": "TR-09_2-002", "tipo": "completo", "axis_azimuth": 0, "punto": "eje de unidad (no el motor)", "ncu": 18, "gw": 1, "axis_tilt": 0, "max_angle": 55, "backtrack": true, "gcr": 0.3843, "cross_axis_tilt": 0}}, {"type": "Feature", "geometry": {"type": "Point", "coordinates": [-71.8154037, -16.5851306]}, "properties": {"rol": "seguidor", "id": "TR-09_2-003", "tipo": "completo", "axis_azimuth": 0, "punto": "eje de unidad (no el motor)", "ncu": 18, "gw": 1, "axis_tilt": 0, "max_angle": 55, "backtrack": true, "gcr": 0.3843, "cross_axis_tilt": 0}}, {"type": "Feature", "geometry": {"type": "Point", "coordinates": [-71.8152876, -16.5851322]}, "properties": {"rol": "seguidor", "id": "TR-09_2-004", "tipo": "completo", "axis_azimuth": 0, "punto": "eje de unidad (no el motor)", "ncu": 18, "gw": 1, "axis_tilt": 0, "max_angle": 55, "backtrack": true, "gcr": 0.3843, "cross_axis_tilt": 0}}, {"type": "Feature", "geometry": {"type": "Point", "coordinates": [-71.8151715, -16.5851338]}, "properties": {"rol": "seguidor", "id": "TR-09_2-005", "tipo": "completo", "axis_azimuth": 0, "punto": "eje de unidad (no el motor)", "ncu": 18, "gw": 1, "axis_tilt": 0, "max_angle": 55, "backtrack": true, "gcr": 0.3843, "cross_axis_tilt": 0}}, {"type": "Feature", "geometry": {"type": "Point", "coordinates": [-71.8150554, -16.5851353]}, "properties": {"rol": "seguidor", "id": "TR-09_2-006", "tipo": "completo", "axis_azimuth": 0, "punto": "eje de unidad (no el motor)", "ncu": 18, "gw": 1, "axis_tilt": 0, "max_angle": 55, "backtrack": true, "gcr": 0.3843, "cross_axis_tilt": 0}}, {"type": "Feature", "geometry": {"type": "Point", "coordinates": [-71.8149393, -16.5851369]}, "properties": {"rol": "seguidor", "id": "TR-09_2-007", "tipo": "completo", "axis_azimuth": 0, "punto": "eje de unidad (no el motor)", "ncu": 18, "gw": 1, "axis_tilt": 0, "max_angle": 55, "backtrack": true, "gcr": 0.3843, "cross_axis_tilt": 0}}, {"type": "Feature", "geometry": {"type": "Point", "coordinates": [-71.8148232, -16.5851385]}, "properties": {"rol": "seguidor", "id": "TR-09_2-008", "tipo": "completo", "axis_azimuth": 0, "punto": "eje de unidad (no el motor)", "ncu": 18, "gw": 1, "axis_tilt": 0, "max_angle": 55, "backtrack": true, "gcr": 0.3843, "cross_axis_tilt": 0}}, {"type": "Feature", "geometry": {"type": "Point", "coordinates": [-71.8147071, -16.5851401]}, "properties": {"rol": "seguidor", "id": "TR-09_2-009", "tipo": "completo", "axis_azimuth": 0, "punto": "eje de unidad (no el motor)", "ncu": 18, "gw": 1, "axis_tilt": 0, "max_angle": 55, "backtrack": true, "gcr": 0.3843, "cross_axis_tilt": 0}}, {"type": "Feature", "geometry": {"type": "Point", "coordinates": [-71.814591, -16.5851416]}, "properties": {"rol": "seguidor", "id": "TR-09_2-010", "tipo": "completo", "axis_azimuth": 0, "punto": "eje de unidad (no el motor)", "ncu": 18, "gw": 1, "axis_tilt": 0, "max_angle": 55, "backtrack": true, "gcr": 0.3843, "cross_axis_tilt": 0}}, {"type": "Feature", "geometry": {"type": "Point", "coordinates": [-71.8144758, -16.5851432]}, "properties": {"rol": "seguidor", "id": "TR-09_2-011", "tipo": "completo", "axis_azimuth": 0, "punto": "eje de unidad (no el motor)", "ncu": 18, "gw": 1, "axis_tilt": 0, "max_angle": 55, "backtrack": true, "gcr": 0.3843, "cross_axis_tilt": 0}}, {"type": "Feature", "geometry": {"type": "Point", "coordinates": [-71.8138977, -16.5853172]}, "properties": {"rol": "seguidor", "id": "TR-09_2-012", "tipo": "medio", "axis_azimuth": 0, "punto": "eje de unidad (no el motor)", "ncu": 18, "gw": 1, "axis_tilt": 0, "max_angle": 55, "backtrack": true, "gcr": 0.3843, "cross_axis_tilt": 0}}, {"type": "Feature", "geometry": {"type": "Point", "coordinates": [-71.8137816, -16.5853187]}, "properties": {"rol": "seguidor", "id": "TR-09_2-013", "tipo": "medio", "axis_azimuth": 0, "punto": "eje de unidad (no el motor)", "ncu": 18, "gw": 1, "axis_tilt": 0, "max_angle": 55, "backtrack": true, "gcr": 0.3843, "cross_axis_tilt": 0}}, {"type": "Feature", "geometry": {"type": "Point", "coordinates": [-71.8136655, -16.5853203]}, "properties": {"rol": "seguidor", "id": "TR-09_2-014", "tipo": "medio", "axis_azimuth": 0, "punto": "eje de unidad (no el motor)", "ncu": 18, "gw": 1, "axis_tilt": 0, "max_angle": 55, "backtrack": true, "gcr": 0.3843, "cross_axis_tilt": 0}}, {"type": "Feature", "geometry": {"type": "Point", "coordinates": [-71.8135494, -16.5853219]}, "properties": {"rol": "seguidor", "id": "TR-09_2-015", "tipo": "medio", "axis_azimuth": 0, "punto": "eje de unidad (no el motor)", "ncu": 18, "gw": 1, "axis_tilt": 0, "max_angle": 55, "backtrack": true, "gcr": 0.3843, "cross_axis_tilt": 0}}, {"type": "Feature", "geometry": {"type": "Point", "coordinates": [-71.8156457, -16.5858056]}, "properties": {"rol": "seguidor", "id": "TR-09_2-016", "tipo": "completo", "axis_azimuth": 0, "punto": "eje de unidad (no el motor)", "ncu": 18, "gw": 1, "axis_tilt": 0, "max_angle": 55, "backtrack": true, "gcr": 0.3843, "cross_axis_tilt": 0}}, {"type": "Feature", "geometry": {"type": "Point", "coordinates": [-71.8155296, -16.5858071]}, "properties": {"rol": "seguidor", "id": "TR-09_2-017", "tipo": "completo", "axis_azimuth": 0, "punto": "eje de unidad (no el motor)", "ncu": 18, "gw": 1, "axis_tilt": 0, "max_angle": 55, "backtrack": true, "gcr": 0.3843, "cross_axis_tilt": 0}}, {"type": "Feature", "geometry": {"type": "Point", "coordinates": [-71.8154135, -16.5858087]}, "properties": {"rol": "seguidor", "id": "TR-09_2-018", "tipo": "completo", "axis_azimuth": 0, "punto": "eje de unidad (no el motor)", "ncu": 18, "gw": 1, "axis_tilt": 0, "max_angle": 55, "backtrack": true, "gcr": 0.3843, "cross_axis_tilt": 0}}, {"type": "Feature", "geometry": {"type": "Point", "coordinates": [-71.8152974, -16.5858103]}, "properties": {"rol": "seguidor", "id": "TR-09_2-019", "tipo": "completo", "axis_azimuth": 0, "punto": "eje de unidad (no el motor)", "ncu": 18, "gw": 1, "axis_tilt": 0, "max_angle": 55, "backtrack": true, "gcr": 0.3843, "cross_axis_tilt": 0}}, {"type": "Feature", "geometry": {"type": "Point", "coordinates": [-71.8151813, -16.5858118]}, "properties": {"rol": "seguidor", "id": "TR-09_2-020", "tipo": "completo", "axis_azimuth": 0, "punto": "eje de unidad (no el motor)", "ncu": 18, "gw": 1, "axis_tilt": 0, "max_angle": 55, "backtrack": true, "gcr": 0.3843, "cross_axis_tilt": 0}}, {"type": "Feature", "geometry": {"type": "Point", "coordinates": [-71.8150652, -16.5858134]}, "properties": {"rol": "seguidor", "id": "TR-09_2-021", "tipo": "completo", "axis_azimuth": 0, "punto": "eje de unidad (no el motor)", "ncu": 18, "gw": 1, "axis_tilt": 0, "max_angle": 55, "backtrack": true, "gcr": 0.3843, "cross_axis_tilt": 0}}, {"type": "Feature", "geometry": {"type": "Point", "coordinates": [-71.8149491, -16.585815]}, "properties": {"rol": "seguidor", "id": "TR-09_2-022", "tipo": "completo", "axis_azimuth": 0, "punto": "eje de unidad (no el motor)", "ncu": 18, "gw": 1, "axis_tilt": 0, "max_angle": 55, "backtrack": true, "gcr": 0.3843, "cross_axis_tilt": 0}}, {"type": "Feature", "geometry": {"type": "Point", "coordinates": [-71.814833, -16.5858166]}, "properties": {"rol": "seguidor", "id": "TR-09_2-023", "tipo": "completo", "axis_azimuth": 0, "punto": "eje de unidad (no el motor)", "ncu": 18, "gw": 1, "axis_tilt": 0, "max_angle": 55, "backtrack": true, "gcr": 0.3843, "cross_axis_tilt": 0}}, {"type": "Feature", "geometry": {"type": "Point", "coordinates": [-71.8147169, -16.5858181]}, "properties": {"rol": "seguidor", "id": "TR-09_2-024", "tipo": "completo", "axis_azimuth": 0, "punto": "eje de unidad (no el motor)", "ncu": 18, "gw": 1, "axis_tilt": 0, "max_angle": 55, "backtrack": true, "gcr": 0.3843, "cross_axis_tilt": 0}}, {"type": "Feature", "geometry": {"type": "Point", "coordinates": [-71.8146008, -16.5858197]}, "properties": {"rol": "seguidor", "id": "TR-09_2-025", "tipo": "completo", "axis_azimuth": 0, "punto": "eje de unidad (no el motor)", "ncu": 18, "gw": 1, "axis_tilt": 0, "max_angle": 55, "backtrack": true, "gcr": 0.3843, "cross_axis_tilt": 0}}, {"type": "Feature", "geometry": {"type": "Point", "coordinates": [-71.8144857, -16.5858213]}, "properties": {"rol": "seguidor", "id": "TR-09_2-026", "tipo": "completo", "axis_azimuth": 0, "punto": "eje de unidad (no el motor)", "ncu": 18, "gw": 1, "axis_tilt": 0, "max_angle": 55, "backtrack": true, "gcr": 0.3843, "cross_axis_tilt": 0}}, {"type": "Feature", "geometry": {"type": "Point", "coordinates": [-71.8143696, -16.5858228]}, "properties": {"rol": "seguidor", "id": "TR-09_2-027", "tipo": "completo", "axis_azimuth": 0, "punto": "eje de unidad (no el motor)", "ncu": 18, "gw": 1, "axis_tilt": 0, "max_angle": 55, "backtrack": true, "gcr": 0.3843, "cross_axis_tilt": 0}}, {"type": "Feature", "geometry": {"type": "Point", "coordinates": [-71.8142535, -16.5858244]}, "properties": {"rol": "seguidor", "id": "TR-09_2-028", "tipo": "completo", "axis_azimuth": 0, "punto": "eje de unidad (no el motor)", "ncu": 18, "gw": 1, "axis_tilt": 0, "max_angle": 55, "backtrack": true, "gcr": 0.3843, "cross_axis_tilt": 0}}, {"type": "Feature", "geometry": {"type": "Point", "coordinates": [-71.8141374, -16.585826]}, "properties": {"rol": "seguidor", "id": "TR-09_2-029", "tipo": "completo", "axis_azimuth": 0, "punto": "eje de unidad (no el motor)", "ncu": 18, "gw": 1, "axis_tilt": 0, "max_angle": 55, "backtrack": true, "gcr": 0.3843, "cross_axis_tilt": 0}}, {"type": "Feature", "geometry": {"type": "Point", "coordinates": [-71.8140213, -16.5858275]}, "properties": {"rol": "seguidor", "id": "TR-09_2-030", "tipo": "completo", "axis_azimuth": 0, "punto": "eje de unidad (no el motor)", "ncu": 18, "gw": 1, "axis_tilt": 0, "max_angle": 55, "backtrack": true, "gcr": 0.3843, "cross_axis_tilt": 0}}, {"type": "Feature", "geometry": {"type": "Point", "coordinates": [-71.8139052, -16.5858291]}, "properties": {"rol": "seguidor", "id": "TR-09_2-031", "tipo": "completo", "axis_azimuth": 0, "punto": "eje de unidad (no el motor)", "ncu": 18, "gw": 1, "axis_tilt": 0, "max_angle": 55, "backtrack": true, "gcr": 0.3843, "cross_axis_tilt": 0}}, {"type": "Feature", "geometry": {"type": "Point", "coordinates": [-71.8137891, -16.5858307]}, "properties": {"rol": "seguidor", "id": "TR-09_2-032", "tipo": "completo", "axis_azimuth": 0, "punto": "eje de unidad (no el motor)", "ncu": 18, "gw": 1, "axis_tilt": 0, "max_angle": 55, "backtrack": true, "gcr": 0.3843, "cross_axis_tilt": 0}}, {"type": "Feature", "geometry": {"type": "Point", "coordinates": [-71.813673, -16.5858323]}, "properties": {"rol": "seguidor", "id": "TR-09_2-033", "tipo": "completo", "axis_azimuth": 0, "punto": "eje de unidad (no el motor)", "ncu": 18, "gw": 1, "axis_tilt": 0, "max_angle": 55, "backtrack": true, "gcr": 0.3843, "cross_axis_tilt": 0}}, {"type": "Feature", "geometry": {"type": "Point", "coordinates": [-71.8135569, -16.5858338]}, "properties": {"rol": "seguidor", "id": "TR-09_2-034", "tipo": "completo", "axis_azimuth": 0, "punto": "eje de unidad (no el motor)", "ncu": 18, "gw": 1, "axis_tilt": 0, "max_angle": 55, "backtrack": true, "gcr": 0.3843, "cross_axis_tilt": 0}}, {"type": "Feature", "geometry": {"type": "Point", "coordinates": [-71.8134365, -16.5855456]}, "properties": {"rol": "seguidor", "id": "TR-09_2-035", "tipo": "medio", "axis_azimuth": 0, "punto": "eje de unidad (no el motor)", "ncu": 18, "gw": 1, "axis_tilt": 0, "max_angle": 55, "backtrack": true, "gcr": 0.3843, "cross_axis_tilt": 0}}, {"type": "Feature", "geometry": {"type": "Point", "coordinates": [-71.8134416, -16.5858914]}, "properties": {"rol": "seguidor", "id": "TR-09_2-036", "tipo": "medio", "axis_azimuth": 0, "punto": "eje de unidad (no el motor)", "ncu": 18, "gw": 1, "axis_tilt": 0, "max_angle": 55, "backtrack": true, "gcr": 0.3843, "cross_axis_tilt": 0}}, {"type": "Feature", "geometry": {"type": "Point", "coordinates": [-71.813191, -16.5855967]}, "properties": {"rol": "seguidor", "id": "TR-09_2-037", "tipo": "medio", "axis_azimuth": 0, "punto": "eje de unidad (no el motor)", "ncu": 18, "gw": 1, "axis_tilt": 0, "max_angle": 55, "backtrack": true, "gcr": 0.3843, "cross_axis_tilt": 0}}, {"type": "Feature", "geometry": {"type": "Point", "coordinates": [-71.8130769, -16.5857374]}, "properties": {"rol": "seguidor", "id": "TR-09_2-038", "tipo": "completo", "axis_azimuth": 0, "punto": "eje de unidad (no el motor)", "ncu": 18, "gw": 1, "axis_tilt": 0, "max_angle": 55, "backtrack": true, "gcr": 0.3843, "cross_axis_tilt": 0}}, {"type": "Feature", "geometry": {"type": "Point", "coordinates": [-71.8155408, -16.5865764]}, "properties": {"rol": "seguidor", "id": "TR-09_2-039", "tipo": "completo", "axis_azimuth": 0, "punto": "eje de unidad (no el motor)", "ncu": 18, "gw": 2, "axis_tilt": 0, "max_angle": 55, "backtrack": true, "gcr": 0.3843, "cross_axis_tilt": 0}}, {"type": "Feature", "geometry": {"type": "Point", "coordinates": [-71.8154247, -16.586578]}, "properties": {"rol": "seguidor", "id": "TR-09_2-040", "tipo": "completo", "axis_azimuth": 0, "punto": "eje de unidad (no el motor)", "ncu": 18, "gw": 2, "axis_tilt": 0, "max_angle": 55, "backtrack": true, "gcr": 0.3843, "cross_axis_tilt": 0}}, {"type": "Feature", "geometry": {"type": "Point", "coordinates": [-71.8153086, -16.5865795]}, "properties": {"rol": "seguidor", "id": "TR-09_2-041", "tipo": "completo", "axis_azimuth": 0, "punto": "eje de unidad (no el motor)", "ncu": 18, "gw": 2, "axis_tilt": 0, "max_angle": 55, "backtrack": true, "gcr": 0.3843, "cross_axis_tilt": 0}}, {"type": "Feature", "geometry": {"type": "Point", "coordinates": [-71.8151925, -16.5865811]}, "properties": {"rol": "seguidor", "id": "TR-09_2-042", "tipo": "completo", "axis_azimuth": 0, "punto": "eje de unidad (no el motor)", "ncu": 18, "gw": 2, "axis_tilt": 0, "max_angle": 55, "backtrack": true, "gcr": 0.3843, "cross_axis_tilt": 0}}, {"type": "Feature", "geometry": {"type": "Point", "coordinates": [-71.8150764, -16.5865827]}, "properties": {"rol": "seguidor", "id": "TR-09_2-043", "tipo": "completo", "axis_azimuth": 0, "punto": "eje de unidad (no el motor)", "ncu": 18, "gw": 2, "axis_tilt": 0, "max_angle": 55, "backtrack": true, "gcr": 0.3843, "cross_axis_tilt": 0}}, {"type": "Feature", "geometry": {"type": "Point", "coordinates": [-71.8149603, -16.5865842]}, "properties": {"rol": "seguidor", "id": "TR-09_2-044", "tipo": "completo", "axis_azimuth": 0, "punto": "eje de unidad (no el motor)", "ncu": 18, "gw": 2, "axis_tilt": 0, "max_angle": 55, "backtrack": true, "gcr": 0.3843, "cross_axis_tilt": 0}}, {"type": "Feature", "geometry": {"type": "Point", "coordinates": [-71.8148442, -16.5865858]}, "properties": {"rol": "seguidor", "id": "TR-09_2-045", "tipo": "completo", "axis_azimuth": 0, "punto": "eje de unidad (no el motor)", "ncu": 18, "gw": 2, "axis_tilt": 0, "max_angle": 55, "backtrack": true, "gcr": 0.3843, "cross_axis_tilt": 0}}, {"type": "Feature", "geometry": {"type": "Point", "coordinates": [-71.8147281, -16.5865874]}, "properties": {"rol": "seguidor", "id": "TR-09_2-046", "tipo": "completo", "axis_azimuth": 0, "punto": "eje de unidad (no el motor)", "ncu": 18, "gw": 2, "axis_tilt": 0, "max_angle": 55, "backtrack": true, "gcr": 0.3843, "cross_axis_tilt": 0}}, {"type": "Feature", "geometry": {"type": "Point", "coordinates": [-71.814612, -16.586589]}, "properties": {"rol": "seguidor", "id": "TR-09_2-047", "tipo": "completo", "axis_azimuth": 0, "punto": "eje de unidad (no el motor)", "ncu": 18, "gw": 2, "axis_tilt": 0, "max_angle": 55, "backtrack": true, "gcr": 0.3843, "cross_axis_tilt": 0}}, {"type": "Feature", "geometry": {"type": "Point", "coordinates": [-71.8144969, -16.5865905]}, "properties": {"rol": "seguidor", "id": "TR-09_2-048", "tipo": "completo", "axis_azimuth": 0, "punto": "eje de unidad (no el motor)", "ncu": 18, "gw": 2, "axis_tilt": 0, "max_angle": 55, "backtrack": true, "gcr": 0.3843, "cross_axis_tilt": 0}}, {"type": "Feature", "geometry": {"type": "Point", "coordinates": [-71.8143832, -16.5867582]}, "properties": {"rol": "seguidor", "id": "TR-09_2-049", "tipo": "medio", "axis_azimuth": 0, "punto": "eje de unidad (no el motor)", "ncu": 18, "gw": 2, "axis_tilt": 0, "max_angle": 55, "backtrack": true, "gcr": 0.3843, "cross_axis_tilt": 0}}, {"type": "Feature", "geometry": {"type": "Point", "coordinates": [-71.8142671, -16.5867598]}, "properties": {"rol": "seguidor", "id": "TR-09_2-050", "tipo": "medio", "axis_azimuth": 0, "punto": "eje de unidad (no el motor)", "ncu": 18, "gw": 2, "axis_tilt": 0, "max_angle": 55, "backtrack": true, "gcr": 0.3843, "cross_axis_tilt": 0}}, {"type": "Feature", "geometry": {"type": "Point", "coordinates": [-71.8141486, -16.5865952]}, "properties": {"rol": "seguidor", "id": "TR-09_2-051", "tipo": "completo", "axis_azimuth": 0, "punto": "eje de unidad (no el motor)", "ncu": 18, "gw": 2, "axis_tilt": 0, "max_angle": 55, "backtrack": true, "gcr": 0.3843, "cross_axis_tilt": 0}}, {"type": "Feature", "geometry": {"type": "Point", "coordinates": [-71.8140325, -16.5865968]}, "properties": {"rol": "seguidor", "id": "TR-09_2-052", "tipo": "completo", "axis_azimuth": 0, "punto": "eje de unidad (no el motor)", "ncu": 18, "gw": 2, "axis_tilt": 0, "max_angle": 55, "backtrack": true, "gcr": 0.3843, "cross_axis_tilt": 0}}, {"type": "Feature", "geometry": {"type": "Point", "coordinates": [-71.8139163, -16.5865984]}, "properties": {"rol": "seguidor", "id": "TR-09_2-053", "tipo": "completo", "axis_azimuth": 0, "punto": "eje de unidad (no el motor)", "ncu": 18, "gw": 2, "axis_tilt": 0, "max_angle": 55, "backtrack": true, "gcr": 0.3843, "cross_axis_tilt": 0}}, {"type": "Feature", "geometry": {"type": "Point", "coordinates": [-71.8138002, -16.5865999]}, "properties": {"rol": "seguidor", "id": "TR-09_2-054", "tipo": "completo", "axis_azimuth": 0, "punto": "eje de unidad (no el motor)", "ncu": 18, "gw": 2, "axis_tilt": 0, "max_angle": 55, "backtrack": true, "gcr": 0.3843, "cross_axis_tilt": 0}}, {"type": "Feature", "geometry": {"type": "Point", "coordinates": [-71.8136841, -16.5866015]}, "properties": {"rol": "seguidor", "id": "TR-09_2-055", "tipo": "completo", "axis_azimuth": 0, "punto": "eje de unidad (no el motor)", "ncu": 18, "gw": 2, "axis_tilt": 0, "max_angle": 55, "backtrack": true, "gcr": 0.3843, "cross_axis_tilt": 0}}, {"type": "Feature", "geometry": {"type": "Point", "coordinates": [-71.813568, -16.5866031]}, "properties": {"rol": "seguidor", "id": "TR-09_2-056", "tipo": "completo", "axis_azimuth": 0, "punto": "eje de unidad (no el motor)", "ncu": 18, "gw": 2, "axis_tilt": 0, "max_angle": 55, "backtrack": true, "gcr": 0.3843, "cross_axis_tilt": 0}}, {"type": "Feature", "geometry": {"type": "Point", "coordinates": [-71.8134519, -16.5866047]}, "properties": {"rol": "seguidor", "id": "TR-09_2-057", "tipo": "completo", "axis_azimuth": 0, "punto": "eje de unidad (no el motor)", "ncu": 18, "gw": 2, "axis_tilt": 0, "max_angle": 55, "backtrack": true, "gcr": 0.3843, "cross_axis_tilt": 0}}, {"type": "Feature", "geometry": {"type": "Point", "coordinates": [-71.8133358, -16.5866062]}, "properties": {"rol": "seguidor", "id": "TR-09_2-058", "tipo": "completo", "axis_azimuth": 0, "punto": "eje de unidad (no el motor)", "ncu": 18, "gw": 2, "axis_tilt": 0, "max_angle": 55, "backtrack": true, "gcr": 0.3843, "cross_axis_tilt": 0}}, {"type": "Feature", "geometry": {"type": "Point", "coordinates": [-71.8132197, -16.5866078]}, "properties": {"rol": "seguidor", "id": "TR-09_2-059", "tipo": "completo", "axis_azimuth": 0, "punto": "eje de unidad (no el motor)", "ncu": 18, "gw": 2, "axis_tilt": 0, "max_angle": 55, "backtrack": true, "gcr": 0.3843, "cross_axis_tilt": 0}}, {"type": "Feature", "geometry": {"type": "Point", "coordinates": [-71.8155507, -16.5872545]}, "properties": {"rol": "seguidor", "id": "TR-09_2-060", "tipo": "completo", "axis_azimuth": 0, "punto": "eje de unidad (no el motor)", "ncu": 18, "gw": 2, "axis_tilt": 0, "max_angle": 55, "backtrack": true, "gcr": 0.3843, "cross_axis_tilt": 0}}, {"type": "Feature", "geometry": {"type": "Point", "coordinates": [-71.8154346, -16.587256]}, "properties": {"rol": "seguidor", "id": "TR-09_2-061", "tipo": "completo", "axis_azimuth": 0, "punto": "eje de unidad (no el motor)", "ncu": 18, "gw": 2, "axis_tilt": 0, "max_angle": 55, "backtrack": true, "gcr": 0.3843, "cross_axis_tilt": 0}}, {"type": "Feature", "geometry": {"type": "Point", "coordinates": [-71.8153185, -16.5872576]}, "properties": {"rol": "seguidor", "id": "TR-09_2-062", "tipo": "completo", "axis_azimuth": 0, "punto": "eje de unidad (no el motor)", "ncu": 18, "gw": 2, "axis_tilt": 0, "max_angle": 55, "backtrack": true, "gcr": 0.3843, "cross_axis_tilt": 0}}, {"type": "Feature", "geometry": {"type": "Point", "coordinates": [-71.8152024, -16.5872592]}, "properties": {"rol": "seguidor", "id": "TR-09_2-063", "tipo": "completo", "axis_azimuth": 0, "punto": "eje de unidad (no el motor)", "ncu": 18, "gw": 2, "axis_tilt": 0, "max_angle": 55, "backtrack": true, "gcr": 0.3843, "cross_axis_tilt": 0}}, {"type": "Feature", "geometry": {"type": "Point", "coordinates": [-71.8150863, -16.5872608]}, "properties": {"rol": "seguidor", "id": "TR-09_2-064", "tipo": "completo", "axis_azimuth": 0, "punto": "eje de unidad (no el motor)", "ncu": 18, "gw": 2, "axis_tilt": 0, "max_angle": 55, "backtrack": true, "gcr": 0.3843, "cross_axis_tilt": 0}}, {"type": "Feature", "geometry": {"type": "Point", "coordinates": [-71.8149702, -16.5872623]}, "properties": {"rol": "seguidor", "id": "TR-09_2-065", "tipo": "completo", "axis_azimuth": 0, "punto": "eje de unidad (no el motor)", "ncu": 18, "gw": 2, "axis_tilt": 0, "max_angle": 55, "backtrack": true, "gcr": 0.3843, "cross_axis_tilt": 0}}, {"type": "Feature", "geometry": {"type": "Point", "coordinates": [-71.8148541, -16.5872639]}, "properties": {"rol": "seguidor", "id": "TR-09_2-066", "tipo": "completo", "axis_azimuth": 0, "punto": "eje de unidad (no el motor)", "ncu": 18, "gw": 2, "axis_tilt": 0, "max_angle": 55, "backtrack": true, "gcr": 0.3843, "cross_axis_tilt": 0}}, {"type": "Feature", "geometry": {"type": "Point", "coordinates": [-71.814738, -16.5872655]}, "properties": {"rol": "seguidor", "id": "TR-09_2-067", "tipo": "completo", "axis_azimuth": 0, "punto": "eje de unidad (no el motor)", "ncu": 18, "gw": 2, "axis_tilt": 0, "max_angle": 55, "backtrack": true, "gcr": 0.3843, "cross_axis_tilt": 0}}, {"type": "Feature", "geometry": {"type": "Point", "coordinates": [-71.8146219, -16.587267]}, "properties": {"rol": "seguidor", "id": "TR-09_2-068", "tipo": "completo", "axis_azimuth": 0, "punto": "eje de unidad (no el motor)", "ncu": 18, "gw": 2, "axis_tilt": 0, "max_angle": 55, "backtrack": true, "gcr": 0.3843, "cross_axis_tilt": 0}}, {"type": "Feature", "geometry": {"type": "Point", "coordinates": [-71.8145067, -16.5872686]}, "properties": {"rol": "seguidor", "id": "TR-09_2-069", "tipo": "completo", "axis_azimuth": 0, "punto": "eje de unidad (no el motor)", "ncu": 18, "gw": 2, "axis_tilt": 0, "max_angle": 55, "backtrack": true, "gcr": 0.3843, "cross_axis_tilt": 0}}, {"type": "Feature", "geometry": {"type": "Point", "coordinates": [-71.8143906, -16.5872702]}, "properties": {"rol": "seguidor", "id": "TR-09_2-070", "tipo": "completo", "axis_azimuth": 0, "punto": "eje de unidad (no el motor)", "ncu": 18, "gw": 2, "axis_tilt": 0, "max_angle": 55, "backtrack": true, "gcr": 0.3843, "cross_axis_tilt": 0}}, {"type": "Feature", "geometry": {"type": "Point", "coordinates": [-71.8142745, -16.5872717]}, "properties": {"rol": "seguidor", "id": "TR-09_2-071", "tipo": "completo", "axis_azimuth": 0, "punto": "eje de unidad (no el motor)", "ncu": 18, "gw": 2, "axis_tilt": 0, "max_angle": 55, "backtrack": true, "gcr": 0.3843, "cross_axis_tilt": 0}}, {"type": "Feature", "geometry": {"type": "Point", "coordinates": [-71.8141584, -16.5872733]}, "properties": {"rol": "seguidor", "id": "TR-09_2-072", "tipo": "completo", "axis_azimuth": 0, "punto": "eje de unidad (no el motor)", "ncu": 18, "gw": 2, "axis_tilt": 0, "max_angle": 55, "backtrack": true, "gcr": 0.3843, "cross_axis_tilt": 0}}, {"type": "Feature", "geometry": {"type": "Point", "coordinates": [-71.8140423, -16.5872749]}, "properties": {"rol": "seguidor", "id": "TR-09_2-073", "tipo": "completo", "axis_azimuth": 0, "punto": "eje de unidad (no el motor)", "ncu": 18, "gw": 2, "axis_tilt": 0, "max_angle": 55, "backtrack": true, "gcr": 0.3843, "cross_axis_tilt": 0}}, {"type": "Feature", "geometry": {"type": "Point", "coordinates": [-71.8139262, -16.5872765]}, "properties": {"rol": "seguidor", "id": "TR-09_2-074", "tipo": "completo", "axis_azimuth": 0, "punto": "eje de unidad (no el motor)", "ncu": 18, "gw": 2, "axis_tilt": 0, "max_angle": 55, "backtrack": true, "gcr": 0.3843, "cross_axis_tilt": 0}}, {"type": "Feature", "geometry": {"type": "Point", "coordinates": [-71.8138101, -16.587278]}, "properties": {"rol": "seguidor", "id": "TR-09_2-075", "tipo": "completo", "axis_azimuth": 0, "punto": "eje de unidad (no el motor)", "ncu": 18, "gw": 2, "axis_tilt": 0, "max_angle": 55, "backtrack": true, "gcr": 0.3843, "cross_axis_tilt": 0}}, {"type": "Feature", "geometry": {"type": "Point", "coordinates": [-71.813694, -16.5872796]}, "properties": {"rol": "seguidor", "id": "TR-09_2-076", "tipo": "completo", "axis_azimuth": 0, "punto": "eje de unidad (no el motor)", "ncu": 18, "gw": 2, "axis_tilt": 0, "max_angle": 55, "backtrack": true, "gcr": 0.3843, "cross_axis_tilt": 0}}, {"type": "Feature", "geometry": {"type": "Point", "coordinates": [-71.8135779, -16.5872812]}, "properties": {"rol": "seguidor", "id": "TR-09_2-077", "tipo": "completo", "axis_azimuth": 0, "punto": "eje de unidad (no el motor)", "ncu": 18, "gw": 2, "axis_tilt": 0, "max_angle": 55, "backtrack": true, "gcr": 0.3843, "cross_axis_tilt": 0}}, {"type": "Feature", "geometry": {"type": "Point", "coordinates": [-71.8134618, -16.5872827]}, "properties": {"rol": "seguidor", "id": "TR-09_2-078", "tipo": "completo", "axis_azimuth": 0, "punto": "eje de unidad (no el motor)", "ncu": 18, "gw": 2, "axis_tilt": 0, "max_angle": 55, "backtrack": true, "gcr": 0.3843, "cross_axis_tilt": 0}}, {"type": "Feature", "geometry": {"type": "Point", "coordinates": [-71.8133457, -16.5872843]}, "properties": {"rol": "seguidor", "id": "TR-09_2-079", "tipo": "completo", "axis_azimuth": 0, "punto": "eje de unidad (no el motor)", "ncu": 18, "gw": 2, "axis_tilt": 0, "max_angle": 55, "backtrack": true, "gcr": 0.3843, "cross_axis_tilt": 0}}, {"type": "Feature", "geometry": {"type": "Point", "coordinates": [-71.8132296, -16.5872859]}, "properties": {"rol": "seguidor", "id": "TR-09_2-080", "tipo": "completo", "axis_azimuth": 0, "punto": "eje de unidad (no el motor)", "ncu": 18, "gw": 2, "axis_tilt": 0, "max_angle": 55, "backtrack": true, "gcr": 0.3843, "cross_axis_tilt": 0}}, {"type": "Feature", "geometry": {"type": "Point", "coordinates": [-71.8155606, -16.5879325]}, "properties": {"rol": "seguidor", "id": "TR-09_2-081", "tipo": "completo", "axis_azimuth": 0, "punto": "eje de unidad (no el motor)", "ncu": 18, "gw": 2, "axis_tilt": 0, "max_angle": 55, "backtrack": true, "gcr": 0.3843, "cross_axis_tilt": 0}}, {"type": "Feature", "geometry": {"type": "Point", "coordinates": [-71.8154445, -16.5879341]}, "properties": {"rol": "seguidor", "id": "TR-09_2-082", "tipo": "completo", "axis_azimuth": 0, "punto": "eje de unidad (no el motor)", "ncu": 18, "gw": 2, "axis_tilt": 0, "max_angle": 55, "backtrack": true, "gcr": 0.3843, "cross_axis_tilt": 0}}, {"type": "Feature", "geometry": {"type": "Point", "coordinates": [-71.8153284, -16.5879357]}, "properties": {"rol": "seguidor", "id": "TR-09_2-083", "tipo": "completo", "axis_azimuth": 0, "punto": "eje de unidad (no el motor)", "ncu": 18, "gw": 2, "axis_tilt": 0, "max_angle": 55, "backtrack": true, "gcr": 0.3843, "cross_axis_tilt": 0}}, {"type": "Feature", "geometry": {"type": "Point", "coordinates": [-71.8152123, -16.5879373]}, "properties": {"rol": "seguidor", "id": "TR-09_2-084", "tipo": "completo", "axis_azimuth": 0, "punto": "eje de unidad (no el motor)", "ncu": 18, "gw": 2, "axis_tilt": 0, "max_angle": 55, "backtrack": true, "gcr": 0.3843, "cross_axis_tilt": 0}}, {"type": "Feature", "geometry": {"type": "Point", "coordinates": [-71.8150962, -16.5879388]}, "properties": {"rol": "seguidor", "id": "TR-09_2-085", "tipo": "completo", "axis_azimuth": 0, "punto": "eje de unidad (no el motor)", "ncu": 18, "gw": 2, "axis_tilt": 0, "max_angle": 55, "backtrack": true, "gcr": 0.3843, "cross_axis_tilt": 0}}, {"type": "Feature", "geometry": {"type": "Point", "coordinates": [-71.8149801, -16.5879404]}, "properties": {"rol": "seguidor", "id": "TR-09_2-086", "tipo": "completo", "axis_azimuth": 0, "punto": "eje de unidad (no el motor)", "ncu": 18, "gw": 2, "axis_tilt": 0, "max_angle": 55, "backtrack": true, "gcr": 0.3843, "cross_axis_tilt": 0}}, {"type": "Feature", "geometry": {"type": "Point", "coordinates": [-71.814864, -16.587942]}, "properties": {"rol": "seguidor", "id": "TR-09_2-087", "tipo": "completo", "axis_azimuth": 0, "punto": "eje de unidad (no el motor)", "ncu": 18, "gw": 2, "axis_tilt": 0, "max_angle": 55, "backtrack": true, "gcr": 0.3843, "cross_axis_tilt": 0}}, {"type": "Feature", "geometry": {"type": "Point", "coordinates": [-71.8147479, -16.5879435]}, "properties": {"rol": "seguidor", "id": "TR-09_2-088", "tipo": "completo", "axis_azimuth": 0, "punto": "eje de unidad (no el motor)", "ncu": 18, "gw": 2, "axis_tilt": 0, "max_angle": 55, "backtrack": true, "gcr": 0.3843, "cross_axis_tilt": 0}}, {"type": "Feature", "geometry": {"type": "Point", "coordinates": [-71.8146318, -16.5879451]}, "properties": {"rol": "seguidor", "id": "TR-09_2-089", "tipo": "completo", "axis_azimuth": 0, "punto": "eje de unidad (no el motor)", "ncu": 18, "gw": 2, "axis_tilt": 0, "max_angle": 55, "backtrack": true, "gcr": 0.3843, "cross_axis_tilt": 0}}, {"type": "Feature", "geometry": {"type": "Point", "coordinates": [-71.8145166, -16.5879467]}, "properties": {"rol": "seguidor", "id": "TR-09_2-090", "tipo": "completo", "axis_azimuth": 0, "punto": "eje de unidad (no el motor)", "ncu": 18, "gw": 2, "axis_tilt": 0, "max_angle": 55, "backtrack": true, "gcr": 0.3843, "cross_axis_tilt": 0}}, {"type": "Feature", "geometry": {"type": "Point", "coordinates": [-71.8144005, -16.5879482]}, "properties": {"rol": "seguidor", "id": "TR-09_2-091", "tipo": "completo", "axis_azimuth": 0, "punto": "eje de unidad (no el motor)", "ncu": 18, "gw": 2, "axis_tilt": 0, "max_angle": 55, "backtrack": true, "gcr": 0.3843, "cross_axis_tilt": 0}}, {"type": "Feature", "geometry": {"type": "Point", "coordinates": [-71.8142844, -16.5879498]}, "properties": {"rol": "seguidor", "id": "TR-09_2-092", "tipo": "completo", "axis_azimuth": 0, "punto": "eje de unidad (no el motor)", "ncu": 18, "gw": 2, "axis_tilt": 0, "max_angle": 55, "backtrack": true, "gcr": 0.3843, "cross_axis_tilt": 0}}, {"type": "Feature", "geometry": {"type": "Point", "coordinates": [-71.8141683, -16.5879514]}, "properties": {"rol": "seguidor", "id": "TR-09_2-093", "tipo": "completo", "axis_azimuth": 0, "punto": "eje de unidad (no el motor)", "ncu": 18, "gw": 2, "axis_tilt": 0, "max_angle": 55, "backtrack": true, "gcr": 0.3843, "cross_axis_tilt": 0}}, {"type": "Feature", "geometry": {"type": "Point", "coordinates": [-71.8140522, -16.587953]}, "properties": {"rol": "seguidor", "id": "TR-09_2-094", "tipo": "completo", "axis_azimuth": 0, "punto": "eje de unidad (no el motor)", "ncu": 18, "gw": 2, "axis_tilt": 0, "max_angle": 55, "backtrack": true, "gcr": 0.3843, "cross_axis_tilt": 0}}, {"type": "Feature", "geometry": {"type": "Point", "coordinates": [-71.8139361, -16.5879545]}, "properties": {"rol": "seguidor", "id": "TR-09_2-095", "tipo": "completo", "axis_azimuth": 0, "punto": "eje de unidad (no el motor)", "ncu": 18, "gw": 2, "axis_tilt": 0, "max_angle": 55, "backtrack": true, "gcr": 0.3843, "cross_axis_tilt": 0}}, {"type": "Feature", "geometry": {"type": "Point", "coordinates": [-71.81382, -16.5879561]}, "properties": {"rol": "seguidor", "id": "TR-09_2-096", "tipo": "completo", "axis_azimuth": 0, "punto": "eje de unidad (no el motor)", "ncu": 18, "gw": 2, "axis_tilt": 0, "max_angle": 55, "backtrack": true, "gcr": 0.3843, "cross_axis_tilt": 0}}, {"type": "Feature", "geometry": {"type": "Point", "coordinates": [-71.8137039, -16.5879577]}, "properties": {"rol": "seguidor", "id": "TR-09_2-097", "tipo": "completo", "axis_azimuth": 0, "punto": "eje de unidad (no el motor)", "ncu": 18, "gw": 2, "axis_tilt": 0, "max_angle": 55, "backtrack": true, "gcr": 0.3843, "cross_axis_tilt": 0}}, {"type": "Feature", "geometry": {"type": "Point", "coordinates": [-71.8135878, -16.5879592]}, "properties": {"rol": "seguidor", "id": "TR-09_2-098", "tipo": "completo", "axis_azimuth": 0, "punto": "eje de unidad (no el motor)", "ncu": 18, "gw": 2, "axis_tilt": 0, "max_angle": 55, "backtrack": true, "gcr": 0.3843, "cross_axis_tilt": 0}}, {"type": "Feature", "geometry": {"type": "Point", "coordinates": [-71.8134717, -16.5879608]}, "properties": {"rol": "seguidor", "id": "TR-09_2-099", "tipo": "completo", "axis_azimuth": 0, "punto": "eje de unidad (no el motor)", "ncu": 18, "gw": 2, "axis_tilt": 0, "max_angle": 55, "backtrack": true, "gcr": 0.3843, "cross_axis_tilt": 0}}, {"type": "Feature", "geometry": {"type": "Point", "coordinates": [-71.8133556, -16.5879624]}, "properties": {"rol": "seguidor", "id": "TR-09_2-100", "tipo": "completo", "axis_azimuth": 0, "punto": "eje de unidad (no el motor)", "ncu": 18, "gw": 2, "axis_tilt": 0, "max_angle": 55, "backtrack": true, "gcr": 0.3843, "cross_axis_tilt": 0}}, {"type": "Feature", "geometry": {"type": "Point", "coordinates": [-71.8132395, -16.587964]}, "properties": {"rol": "seguidor", "id": "TR-09_2-101", "tipo": "completo", "axis_azimuth": 0, "punto": "eje de unidad (no el motor)", "ncu": 18, "gw": 2, "axis_tilt": 0, "max_angle": 55, "backtrack": true, "gcr": 0.3843, "cross_axis_tilt": 0}}, {"type": "Feature", "geometry": {"type": "Point", "coordinates": [-71.8155704, -16.5886106]}, "properties": {"rol": "seguidor", "id": "TR-09_2-102", "tipo": "completo", "axis_azimuth": 0, "punto": "eje de unidad (no el motor)", "ncu": 18, "gw": 2, "axis_tilt": 0, "max_angle": 55, "backtrack": true, "gcr": 0.3843, "cross_axis_tilt": 0}}, {"type": "Feature", "geometry": {"type": "Point", "coordinates": [-71.8154543, -16.5886122]}, "properties": {"rol": "seguidor", "id": "TR-09_2-103", "tipo": "completo", "axis_azimuth": 0, "punto": "eje de unidad (no el motor)", "ncu": 18, "gw": 2, "axis_tilt": 0, "max_angle": 55, "backtrack": true, "gcr": 0.3843, "cross_axis_tilt": 0}}, {"type": "Feature", "geometry": {"type": "Point", "coordinates": [-71.8153382, -16.5886138]}, "properties": {"rol": "seguidor", "id": "TR-09_2-104", "tipo": "completo", "axis_azimuth": 0, "punto": "eje de unidad (no el motor)", "ncu": 18, "gw": 2, "axis_tilt": 0, "max_angle": 55, "backtrack": true, "gcr": 0.3843, "cross_axis_tilt": 0}}, {"type": "Feature", "geometry": {"type": "Point", "coordinates": [-71.8152221, -16.5886153]}, "properties": {"rol": "seguidor", "id": "TR-09_2-105", "tipo": "completo", "axis_azimuth": 0, "punto": "eje de unidad (no el motor)", "ncu": 18, "gw": 2, "axis_tilt": 0, "max_angle": 55, "backtrack": true, "gcr": 0.3843, "cross_axis_tilt": 0}}, {"type": "Feature", "geometry": {"type": "Point", "coordinates": [-71.815106, -16.5886169]}, "properties": {"rol": "seguidor", "id": "TR-09_2-106", "tipo": "completo", "axis_azimuth": 0, "punto": "eje de unidad (no el motor)", "ncu": 18, "gw": 2, "axis_tilt": 0, "max_angle": 55, "backtrack": true, "gcr": 0.3843, "cross_axis_tilt": 0}}, {"type": "Feature", "geometry": {"type": "Point", "coordinates": [-71.8149899, -16.5886185]}, "properties": {"rol": "seguidor", "id": "TR-09_2-107", "tipo": "completo", "axis_azimuth": 0, "punto": "eje de unidad (no el motor)", "ncu": 18, "gw": 2, "axis_tilt": 0, "max_angle": 55, "backtrack": true, "gcr": 0.3843, "cross_axis_tilt": 0}}, {"type": "Feature", "geometry": {"type": "Point", "coordinates": [-71.8148738, -16.58862]}, "properties": {"rol": "seguidor", "id": "TR-09_2-108", "tipo": "completo", "axis_azimuth": 0, "punto": "eje de unidad (no el motor)", "ncu": 18, "gw": 2, "axis_tilt": 0, "max_angle": 55, "backtrack": true, "gcr": 0.3843, "cross_axis_tilt": 0}}, {"type": "Feature", "geometry": {"type": "Point", "coordinates": [-71.8147577, -16.5886216]}, "properties": {"rol": "seguidor", "id": "TR-09_2-109", "tipo": "completo", "axis_azimuth": 0, "punto": "eje de unidad (no el motor)", "ncu": 18, "gw": 2, "axis_tilt": 0, "max_angle": 55, "backtrack": true, "gcr": 0.3843, "cross_axis_tilt": 0}}, {"type": "Feature", "geometry": {"type": "Point", "coordinates": [-71.8146416, -16.5886232]}, "properties": {"rol": "seguidor", "id": "TR-09_2-110", "tipo": "completo", "axis_azimuth": 0, "punto": "eje de unidad (no el motor)", "ncu": 18, "gw": 2, "axis_tilt": 0, "max_angle": 55, "backtrack": true, "gcr": 0.3843, "cross_axis_tilt": 0}}, {"type": "Feature", "geometry": {"type": "Point", "coordinates": [-71.8145265, -16.5886247]}, "properties": {"rol": "seguidor", "id": "TR-09_2-111", "tipo": "completo", "axis_azimuth": 0, "punto": "eje de unidad (no el motor)", "ncu": 18, "gw": 2, "axis_tilt": 0, "max_angle": 55, "backtrack": true, "gcr": 0.3843, "cross_axis_tilt": 0}}, {"type": "Feature", "geometry": {"type": "Point", "coordinates": [-71.8144104, -16.5886263]}, "properties": {"rol": "seguidor", "id": "TR-09_2-112", "tipo": "completo", "axis_azimuth": 0, "punto": "eje de unidad (no el motor)", "ncu": 18, "gw": 2, "axis_tilt": 0, "max_angle": 55, "backtrack": true, "gcr": 0.3843, "cross_axis_tilt": 0}}, {"type": "Feature", "geometry": {"type": "Point", "coordinates": [-71.8142943, -16.5886279]}, "properties": {"rol": "seguidor", "id": "TR-09_2-113", "tipo": "completo", "axis_azimuth": 0, "punto": "eje de unidad (no el motor)", "ncu": 18, "gw": 2, "axis_tilt": 0, "max_angle": 55, "backtrack": true, "gcr": 0.3843, "cross_axis_tilt": 0}}, {"type": "Feature", "geometry": {"type": "Point", "coordinates": [-71.8141782, -16.5886295]}, "properties": {"rol": "seguidor", "id": "TR-09_2-114", "tipo": "completo", "axis_azimuth": 0, "punto": "eje de unidad (no el motor)", "ncu": 18, "gw": 2, "axis_tilt": 0, "max_angle": 55, "backtrack": true, "gcr": 0.3843, "cross_axis_tilt": 0}}, {"type": "Feature", "geometry": {"type": "Point", "coordinates": [-71.8140621, -16.588631]}, "properties": {"rol": "seguidor", "id": "TR-09_2-115", "tipo": "completo", "axis_azimuth": 0, "punto": "eje de unidad (no el motor)", "ncu": 18, "gw": 2, "axis_tilt": 0, "max_angle": 55, "backtrack": true, "gcr": 0.3843, "cross_axis_tilt": 0}}, {"type": "Feature", "geometry": {"type": "Point", "coordinates": [-71.8139459, -16.5886326]}, "properties": {"rol": "seguidor", "id": "TR-09_2-116", "tipo": "completo", "axis_azimuth": 0, "punto": "eje de unidad (no el motor)", "ncu": 18, "gw": 2, "axis_tilt": 0, "max_angle": 55, "backtrack": true, "gcr": 0.3843, "cross_axis_tilt": 0}}, {"type": "Feature", "geometry": {"type": "Point", "coordinates": [-71.8138298, -16.5886342]}, "properties": {"rol": "seguidor", "id": "TR-09_2-117", "tipo": "completo", "axis_azimuth": 0, "punto": "eje de unidad (no el motor)", "ncu": 18, "gw": 2, "axis_tilt": 0, "max_angle": 55, "backtrack": true, "gcr": 0.3843, "cross_axis_tilt": 0}}, {"type": "Feature", "geometry": {"type": "Point", "coordinates": [-71.8137137, -16.5886357]}, "properties": {"rol": "seguidor", "id": "TR-09_2-118", "tipo": "completo", "axis_azimuth": 0, "punto": "eje de unidad (no el motor)", "ncu": 18, "gw": 2, "axis_tilt": 0, "max_angle": 55, "backtrack": true, "gcr": 0.3843, "cross_axis_tilt": 0}}, {"type": "Feature", "geometry": {"type": "Point", "coordinates": [-71.8135976, -16.5886373]}, "properties": {"rol": "seguidor", "id": "TR-09_2-119", "tipo": "completo", "axis_azimuth": 0, "punto": "eje de unidad (no el motor)", "ncu": 18, "gw": 2, "axis_tilt": 0, "max_angle": 55, "backtrack": true, "gcr": 0.3843, "cross_axis_tilt": 0}}, {"type": "Feature", "geometry": {"type": "Point", "coordinates": [-71.8134815, -16.5886389]}, "properties": {"rol": "seguidor", "id": "TR-09_2-120", "tipo": "completo", "axis_azimuth": 0, "punto": "eje de unidad (no el motor)", "ncu": 18, "gw": 2, "axis_tilt": 0, "max_angle": 55, "backtrack": true, "gcr": 0.3843, "cross_axis_tilt": 0}}, {"type": "Feature", "geometry": {"type": "Point", "coordinates": [-71.8133654, -16.5886405]}, "properties": {"rol": "seguidor", "id": "TR-09_2-121", "tipo": "completo", "axis_azimuth": 0, "punto": "eje de unidad (no el motor)", "ncu": 18, "gw": 2, "axis_tilt": 0, "max_angle": 55, "backtrack": true, "gcr": 0.3843, "cross_axis_tilt": 0}}, {"type": "Feature", "geometry": {"type": "Point", "coordinates": [-71.8132493, -16.588642]}, "properties": {"rol": "seguidor", "id": "TR-09_2-122", "tipo": "completo", "axis_azimuth": 0, "punto": "eje de unidad (no el motor)", "ncu": 18, "gw": 2, "axis_tilt": 0, "max_angle": 55, "backtrack": true, "gcr": 0.3843, "cross_axis_tilt": 0}}, {"type": "Feature", "geometry": {"type": "Point", "coordinates": [-71.8166832, -16.5852795]}, "properties": {"rol": "seguidor", "id": "TR-10_1-001", "tipo": "medio", "axis_azimuth": 0, "punto": "eje de unidad (no el motor)", "ncu": 19, "gw": 2, "axis_tilt": 0, "max_angle": 55, "backtrack": true, "gcr": 0.3843, "cross_axis_tilt": 0}}, {"type": "Feature", "geometry": {"type": "Point", "coordinates": [-71.8165671, -16.585281]}, "properties": {"rol": "seguidor", "id": "TR-10_1-002", "tipo": "medio", "axis_azimuth": 0, "punto": "eje de unidad (no el motor)", "ncu": 19, "gw": 2, "axis_tilt": 0, "max_angle": 55, "backtrack": true, "gcr": 0.3843, "cross_axis_tilt": 0}}, {"type": "Feature", "geometry": {"type": "Point", "coordinates": [-71.816451, -16.5852826]}, "properties": {"rol": "seguidor", "id": "TR-10_1-003", "tipo": "medio", "axis_azimuth": 0, "punto": "eje de unidad (no el motor)", "ncu": 19, "gw": 2, "axis_tilt": 0, "max_angle": 55, "backtrack": true, "gcr": 0.3843, "cross_axis_tilt": 0}}, {"type": "Feature", "geometry": {"type": "Point", "coordinates": [-71.8163349, -16.5852842]}, "properties": {"rol": "seguidor", "id": "TR-10_1-004", "tipo": "medio", "axis_azimuth": 0, "punto": "eje de unidad (no el motor)", "ncu": 19, "gw": 2, "axis_tilt": 0, "max_angle": 55, "backtrack": true, "gcr": 0.3843, "cross_axis_tilt": 0}}, {"type": "Feature", "geometry": {"type": "Point", "coordinates": [-71.8162164, -16.5851196]}, "properties": {"rol": "seguidor", "id": "TR-10_1-005", "tipo": "completo", "axis_azimuth": 0, "punto": "eje de unidad (no el motor)", "ncu": 19, "gw": 2, "axis_tilt": 0, "max_angle": 55, "backtrack": true, "gcr": 0.3843, "cross_axis_tilt": 0}}, {"type": "Feature", "geometry": {"type": "Point", "coordinates": [-71.8161003, -16.5851212]}, "properties": {"rol": "seguidor", "id": "TR-10_1-006", "tipo": "completo", "axis_azimuth": 0, "punto": "eje de unidad (no el motor)", "ncu": 19, "gw": 2, "axis_tilt": 0, "max_angle": 55, "backtrack": true, "gcr": 0.3843, "cross_axis_tilt": 0}}, {"type": "Feature", "geometry": {"type": "Point", "coordinates": [-71.8159842, -16.5851228]}, "properties": {"rol": "seguidor", "id": "TR-10_1-007", "tipo": "completo", "axis_azimuth": 0, "punto": "eje de unidad (no el motor)", "ncu": 19, "gw": 2, "axis_tilt": 0, "max_angle": 55, "backtrack": true, "gcr": 0.3843, "cross_axis_tilt": 0}}, {"type": "Feature", "geometry": {"type": "Point", "coordinates": [-71.8158681, -16.5851243]}, "properties": {"rol": "seguidor", "id": "TR-10_1-008", "tipo": "completo", "axis_azimuth": 0, "punto": "eje de unidad (no el motor)", "ncu": 19, "gw": 2, "axis_tilt": 0, "max_angle": 55, "backtrack": true, "gcr": 0.3843, "cross_axis_tilt": 0}}, {"type": "Feature", "geometry": {"type": "Point", "coordinates": [-71.815752, -16.5851259]}, "properties": {"rol": "seguidor", "id": "TR-10_1-009", "tipo": "completo", "axis_azimuth": 0, "punto": "eje de unidad (no el motor)", "ncu": 19, "gw": 2, "axis_tilt": 0, "max_angle": 55, "backtrack": true, "gcr": 0.3843, "cross_axis_tilt": 0}}, {"type": "Feature", "geometry": {"type": "Point", "coordinates": [-71.817737, -16.5859434]}, "properties": {"rol": "seguidor", "id": "TR-10_1-010", "tipo": "medio", "axis_azimuth": 0, "punto": "eje de unidad (no el motor)", "ncu": 19, "gw": 1, "axis_tilt": 0, "max_angle": 55, "backtrack": true, "gcr": 0.3843, "cross_axis_tilt": 0}}, {"type": "Feature", "geometry": {"type": "Point", "coordinates": [-71.8176209, -16.585945]}, "properties": {"rol": "seguidor", "id": "TR-10_1-011", "tipo": "medio", "axis_azimuth": 0, "punto": "eje de unidad (no el motor)", "ncu": 19, "gw": 1, "axis_tilt": 0, "max_angle": 55, "backtrack": true, "gcr": 0.3843, "cross_axis_tilt": 0}}, {"type": "Feature", "geometry": {"type": "Point", "coordinates": [-71.8175048, -16.5859465]}, "properties": {"rol": "seguidor", "id": "TR-10_1-012", "tipo": "medio", "axis_azimuth": 0, "punto": "eje de unidad (no el motor)", "ncu": 19, "gw": 1, "axis_tilt": 0, "max_angle": 55, "backtrack": true, "gcr": 0.3843, "cross_axis_tilt": 0}}, {"type": "Feature", "geometry": {"type": "Point", "coordinates": [-71.8173897, -16.5859481]}, "properties": {"rol": "seguidor", "id": "TR-10_1-013", "tipo": "medio", "axis_azimuth": 0, "punto": "eje de unidad (no el motor)", "ncu": 19, "gw": 1, "axis_tilt": 0, "max_angle": 55, "backtrack": true, "gcr": 0.3843, "cross_axis_tilt": 0}}, {"type": "Feature", "geometry": {"type": "Point", "coordinates": [-71.8172711, -16.5857835]}, "properties": {"rol": "seguidor", "id": "TR-10_1-014", "tipo": "completo", "axis_azimuth": 0, "punto": "eje de unidad (no el motor)", "ncu": 19, "gw": 1, "axis_tilt": 0, "max_angle": 55, "backtrack": true, "gcr": 0.3843, "cross_axis_tilt": 0}}, {"type": "Feature", "geometry": {"type": "Point", "coordinates": [-71.8171541, -16.5857851]}, "properties": {"rol": "seguidor", "id": "TR-10_1-015", "tipo": "completo", "axis_azimuth": 0, "punto": "eje de unidad (no el motor)", "ncu": 19, "gw": 1, "axis_tilt": 0, "max_angle": 55, "backtrack": true, "gcr": 0.3843, "cross_axis_tilt": 0}}, {"type": "Feature", "geometry": {"type": "Point", "coordinates": [-71.817038, -16.5857867]}, "properties": {"rol": "seguidor", "id": "TR-10_1-016", "tipo": "completo", "axis_azimuth": 0, "punto": "eje de unidad (no el motor)", "ncu": 19, "gw": 1, "axis_tilt": 0, "max_angle": 55, "backtrack": true, "gcr": 0.3843, "cross_axis_tilt": 0}}, {"type": "Feature", "geometry": {"type": "Point", "coordinates": [-71.8169228, -16.5857883]}, "properties": {"rol": "seguidor", "id": "TR-10_1-017", "tipo": "completo", "axis_azimuth": 0, "punto": "eje de unidad (no el motor)", "ncu": 19, "gw": 1, "axis_tilt": 0, "max_angle": 55, "backtrack": true, "gcr": 0.3843, "cross_axis_tilt": 0}}, {"type": "Feature", "geometry": {"type": "Point", "coordinates": [-71.8168067, -16.5857898]}, "properties": {"rol": "seguidor", "id": "TR-10_1-018", "tipo": "completo", "axis_azimuth": 0, "punto": "eje de unidad (no el motor)", "ncu": 19, "gw": 2, "axis_tilt": 0, "max_angle": 55, "backtrack": true, "gcr": 0.3843, "cross_axis_tilt": 0}}, {"type": "Feature", "geometry": {"type": "Point", "coordinates": [-71.8166906, -16.5857914]}, "properties": {"rol": "seguidor", "id": "TR-10_1-019", "tipo": "completo", "axis_azimuth": 0, "punto": "eje de unidad (no el motor)", "ncu": 19, "gw": 2, "axis_tilt": 0, "max_angle": 55, "backtrack": true, "gcr": 0.3843, "cross_axis_tilt": 0}}, {"type": "Feature", "geometry": {"type": "Point", "coordinates": [-71.8165745, -16.585793]}, "properties": {"rol": "seguidor", "id": "TR-10_1-020", "tipo": "completo", "axis_azimuth": 0, "punto": "eje de unidad (no el motor)", "ncu": 19, "gw": 2, "axis_tilt": 0, "max_angle": 55, "backtrack": true, "gcr": 0.3843, "cross_axis_tilt": 0}}, {"type": "Feature", "geometry": {"type": "Point", "coordinates": [-71.8164584, -16.5857945]}, "properties": {"rol": "seguidor", "id": "TR-10_1-021", "tipo": "completo", "axis_azimuth": 0, "punto": "eje de unidad (no el motor)", "ncu": 19, "gw": 2, "axis_tilt": 0, "max_angle": 55, "backtrack": true, "gcr": 0.3843, "cross_axis_tilt": 0}}, {"type": "Feature", "geometry": {"type": "Point", "coordinates": [-71.8163423, -16.5857961]}, "properties": {"rol": "seguidor", "id": "TR-10_1-022", "tipo": "completo", "axis_azimuth": 0, "punto": "eje de unidad (no el motor)", "ncu": 19, "gw": 2, "axis_tilt": 0, "max_angle": 55, "backtrack": true, "gcr": 0.3843, "cross_axis_tilt": 0}}, {"type": "Feature", "geometry": {"type": "Point", "coordinates": [-71.8162262, -16.5857977]}, "properties": {"rol": "seguidor", "id": "TR-10_1-023", "tipo": "completo", "axis_azimuth": 0, "punto": "eje de unidad (no el motor)", "ncu": 19, "gw": 2, "axis_tilt": 0, "max_angle": 55, "backtrack": true, "gcr": 0.3843, "cross_axis_tilt": 0}}, {"type": "Feature", "geometry": {"type": "Point", "coordinates": [-71.8161101, -16.5857993]}, "properties": {"rol": "seguidor", "id": "TR-10_1-024", "tipo": "completo", "axis_azimuth": 0, "punto": "eje de unidad (no el motor)", "ncu": 19, "gw": 2, "axis_tilt": 0, "max_angle": 55, "backtrack": true, "gcr": 0.3843, "cross_axis_tilt": 0}}, {"type": "Feature", "geometry": {"type": "Point", "coordinates": [-71.815994, -16.5858008]}, "properties": {"rol": "seguidor", "id": "TR-10_1-025", "tipo": "completo", "axis_azimuth": 0, "punto": "eje de unidad (no el motor)", "ncu": 19, "gw": 2, "axis_tilt": 0, "max_angle": 55, "backtrack": true, "gcr": 0.3843, "cross_axis_tilt": 0}}, {"type": "Feature", "geometry": {"type": "Point", "coordinates": [-71.8158779, -16.5858024]}, "properties": {"rol": "seguidor", "id": "TR-10_1-026", "tipo": "completo", "axis_azimuth": 0, "punto": "eje de unidad (no el motor)", "ncu": 19, "gw": 2, "axis_tilt": 0, "max_angle": 55, "backtrack": true, "gcr": 0.3843, "cross_axis_tilt": 0}}, {"type": "Feature", "geometry": {"type": "Point", "coordinates": [-71.8157618, -16.585804]}, "properties": {"rol": "seguidor", "id": "TR-10_1-027", "tipo": "completo", "axis_azimuth": 0, "punto": "eje de unidad (no el motor)", "ncu": 19, "gw": 2, "axis_tilt": 0, "max_angle": 55, "backtrack": true, "gcr": 0.3843, "cross_axis_tilt": 0}}, {"type": "Feature", "geometry": {"type": "Point", "coordinates": [-71.8183263, -16.5865387]}, "properties": {"rol": "seguidor", "id": "TR-10_1-028", "tipo": "completo", "axis_azimuth": 0, "punto": "eje de unidad (no el motor)", "ncu": 19, "gw": 1, "axis_tilt": 0, "max_angle": 55, "backtrack": true, "gcr": 0.3843, "cross_axis_tilt": 0}}, {"type": "Feature", "geometry": {"type": "Point", "coordinates": [-71.8182102, -16.5865402]}, "properties": {"rol": "seguidor", "id": "TR-10_1-029", "tipo": "completo", "axis_azimuth": 0, "punto": "eje de unidad (no el motor)", "ncu": 19, "gw": 1, "axis_tilt": 0, "max_angle": 55, "backtrack": true, "gcr": 0.3843, "cross_axis_tilt": 0}}, {"type": "Feature", "geometry": {"type": "Point", "coordinates": [-71.8180941, -16.5865418]}, "properties": {"rol": "seguidor", "id": "TR-10_1-030", "tipo": "completo", "axis_azimuth": 0, "punto": "eje de unidad (no el motor)", "ncu": 19, "gw": 1, "axis_tilt": 0, "max_angle": 55, "backtrack": true, "gcr": 0.3843, "cross_axis_tilt": 0}}, {"type": "Feature", "geometry": {"type": "Point", "coordinates": [-71.817978, -16.5865434]}, "properties": {"rol": "seguidor", "id": "TR-10_1-031", "tipo": "completo", "axis_azimuth": 0, "punto": "eje de unidad (no el motor)", "ncu": 19, "gw": 1, "axis_tilt": 0, "max_angle": 55, "backtrack": true, "gcr": 0.3843, "cross_axis_tilt": 0}}, {"type": "Feature", "geometry": {"type": "Point", "coordinates": [-71.8178619, -16.586545]}, "properties": {"rol": "seguidor", "id": "TR-10_1-032", "tipo": "completo", "axis_azimuth": 0, "punto": "eje de unidad (no el motor)", "ncu": 19, "gw": 1, "axis_tilt": 0, "max_angle": 55, "backtrack": true, "gcr": 0.3843, "cross_axis_tilt": 0}}, {"type": "Feature", "geometry": {"type": "Point", "coordinates": [-71.8177458, -16.5865465]}, "properties": {"rol": "seguidor", "id": "TR-10_1-033", "tipo": "completo", "axis_azimuth": 0, "punto": "eje de unidad (no el motor)", "ncu": 19, "gw": 1, "axis_tilt": 0, "max_angle": 55, "backtrack": true, "gcr": 0.3843, "cross_axis_tilt": 0}}, {"type": "Feature", "geometry": {"type": "Point", "coordinates": [-71.8176297, -16.5865481]}, "properties": {"rol": "seguidor", "id": "TR-10_1-034", "tipo": "completo", "axis_azimuth": 0, "punto": "eje de unidad (no el motor)", "ncu": 19, "gw": 1, "axis_tilt": 0, "max_angle": 55, "backtrack": true, "gcr": 0.3843, "cross_axis_tilt": 0}}, {"type": "Feature", "geometry": {"type": "Point", "coordinates": [-71.8175136, -16.5865497]}, "properties": {"rol": "seguidor", "id": "TR-10_1-035", "tipo": "completo", "axis_azimuth": 0, "punto": "eje de unidad (no el motor)", "ncu": 19, "gw": 1, "axis_tilt": 0, "max_angle": 55, "backtrack": true, "gcr": 0.3843, "cross_axis_tilt": 0}}, {"type": "Feature", "geometry": {"type": "Point", "coordinates": [-71.8173984, -16.5865512]}, "properties": {"rol": "seguidor", "id": "TR-10_1-036", "tipo": "completo", "axis_azimuth": 0, "punto": "eje de unidad (no el motor)", "ncu": 19, "gw": 1, "axis_tilt": 0, "max_angle": 55, "backtrack": true, "gcr": 0.3843, "cross_axis_tilt": 0}}, {"type": "Feature", "geometry": {"type": "Point", "coordinates": [-71.8172823, -16.5865528]}, "properties": {"rol": "seguidor", "id": "TR-10_1-037", "tipo": "completo", "axis_azimuth": 0, "punto": "eje de unidad (no el motor)", "ncu": 19, "gw": 1, "axis_tilt": 0, "max_angle": 55, "backtrack": true, "gcr": 0.3843, "cross_axis_tilt": 0}}, {"type": "Feature", "geometry": {"type": "Point", "coordinates": [-71.8171662, -16.5865544]}, "properties": {"rol": "seguidor", "id": "TR-10_1-038", "tipo": "completo", "axis_azimuth": 0, "punto": "eje de unidad (no el motor)", "ncu": 19, "gw": 1, "axis_tilt": 0, "max_angle": 55, "backtrack": true, "gcr": 0.3843, "cross_axis_tilt": 0}}, {"type": "Feature", "geometry": {"type": "Point", "coordinates": [-71.8170501, -16.586556]}, "properties": {"rol": "seguidor", "id": "TR-10_1-039", "tipo": "completo", "axis_azimuth": 0, "punto": "eje de unidad (no el motor)", "ncu": 19, "gw": 1, "axis_tilt": 0, "max_angle": 55, "backtrack": true, "gcr": 0.3843, "cross_axis_tilt": 0}}, {"type": "Feature", "geometry": {"type": "Point", "coordinates": [-71.8169365, -16.5867237]}, "properties": {"rol": "seguidor", "id": "TR-10_1-040", "tipo": "medio", "axis_azimuth": 0, "punto": "eje de unidad (no el motor)", "ncu": 19, "gw": 1, "axis_tilt": 0, "max_angle": 55, "backtrack": true, "gcr": 0.3843, "cross_axis_tilt": 0}}, {"type": "Feature", "geometry": {"type": "Point", "coordinates": [-71.8168204, -16.5867252]}, "properties": {"rol": "seguidor", "id": "TR-10_1-041", "tipo": "medio", "axis_azimuth": 0, "punto": "eje de unidad (no el motor)", "ncu": 19, "gw": 2, "axis_tilt": 0, "max_angle": 55, "backtrack": true, "gcr": 0.3843, "cross_axis_tilt": 0}}, {"type": "Feature", "geometry": {"type": "Point", "coordinates": [-71.8167018, -16.5865607]}, "properties": {"rol": "seguidor", "id": "TR-10_1-042", "tipo": "completo", "axis_azimuth": 0, "punto": "eje de unidad (no el motor)", "ncu": 19, "gw": 2, "axis_tilt": 0, "max_angle": 55, "backtrack": true, "gcr": 0.3843, "cross_axis_tilt": 0}}, {"type": "Feature", "geometry": {"type": "Point", "coordinates": [-71.8165857, -16.5865622]}, "properties": {"rol": "seguidor", "id": "TR-10_1-043", "tipo": "completo", "axis_azimuth": 0, "punto": "eje de unidad (no el motor)", "ncu": 19, "gw": 2, "axis_tilt": 0, "max_angle": 55, "backtrack": true, "gcr": 0.3843, "cross_axis_tilt": 0}}, {"type": "Feature", "geometry": {"type": "Point", "coordinates": [-71.8164696, -16.5865638]}, "properties": {"rol": "seguidor", "id": "TR-10_1-044", "tipo": "completo", "axis_azimuth": 0, "punto": "eje de unidad (no el motor)", "ncu": 19, "gw": 2, "axis_tilt": 0, "max_angle": 55, "backtrack": true, "gcr": 0.3843, "cross_axis_tilt": 0}}, {"type": "Feature", "geometry": {"type": "Point", "coordinates": [-71.8163535, -16.5865654]}, "properties": {"rol": "seguidor", "id": "TR-10_1-045", "tipo": "completo", "axis_azimuth": 0, "punto": "eje de unidad (no el motor)", "ncu": 19, "gw": 2, "axis_tilt": 0, "max_angle": 55, "backtrack": true, "gcr": 0.3843, "cross_axis_tilt": 0}}, {"type": "Feature", "geometry": {"type": "Point", "coordinates": [-71.8162374, -16.586567]}, "properties": {"rol": "seguidor", "id": "TR-10_1-046", "tipo": "completo", "axis_azimuth": 0, "punto": "eje de unidad (no el motor)", "ncu": 19, "gw": 2, "axis_tilt": 0, "max_angle": 55, "backtrack": true, "gcr": 0.3843, "cross_axis_tilt": 0}}, {"type": "Feature", "geometry": {"type": "Point", "coordinates": [-71.8161213, -16.5865685]}, "properties": {"rol": "seguidor", "id": "TR-10_1-047", "tipo": "completo", "axis_azimuth": 0, "punto": "eje de unidad (no el motor)", "ncu": 19, "gw": 2, "axis_tilt": 0, "max_angle": 55, "backtrack": true, "gcr": 0.3843, "cross_axis_tilt": 0}}, {"type": "Feature", "geometry": {"type": "Point", "coordinates": [-71.8160052, -16.5865701]}, "properties": {"rol": "seguidor", "id": "TR-10_1-048", "tipo": "completo", "axis_azimuth": 0, "punto": "eje de unidad (no el motor)", "ncu": 19, "gw": 2, "axis_tilt": 0, "max_angle": 55, "backtrack": true, "gcr": 0.3843, "cross_axis_tilt": 0}}, {"type": "Feature", "geometry": {"type": "Point", "coordinates": [-71.8158891, -16.5865717]}, "properties": {"rol": "seguidor", "id": "TR-10_1-049", "tipo": "completo", "axis_azimuth": 0, "punto": "eje de unidad (no el motor)", "ncu": 19, "gw": 2, "axis_tilt": 0, "max_angle": 55, "backtrack": true, "gcr": 0.3843, "cross_axis_tilt": 0}}, {"type": "Feature", "geometry": {"type": "Point", "coordinates": [-71.815773, -16.5865732]}, "properties": {"rol": "seguidor", "id": "TR-10_1-050", "tipo": "completo", "axis_azimuth": 0, "punto": "eje de unidad (no el motor)", "ncu": 19, "gw": 2, "axis_tilt": 0, "max_angle": 55, "backtrack": true, "gcr": 0.3843, "cross_axis_tilt": 0}}, {"type": "Feature", "geometry": {"type": "Point", "coordinates": [-71.8156569, -16.5865748]}, "properties": {"rol": "seguidor", "id": "TR-10_1-051", "tipo": "completo", "axis_azimuth": 0, "punto": "eje de unidad (no el motor)", "ncu": 19, "gw": 2, "axis_tilt": 0, "max_angle": 55, "backtrack": true, "gcr": 0.3843, "cross_axis_tilt": 0}}, {"type": "Feature", "geometry": {"type": "Point", "coordinates": [-71.8183362, -16.5872167]}, "properties": {"rol": "seguidor", "id": "TR-10_1-052", "tipo": "completo", "axis_azimuth": 0, "punto": "eje de unidad (no el motor)", "ncu": 19, "gw": 1, "axis_tilt": 0, "max_angle": 55, "backtrack": true, "gcr": 0.3843, "cross_axis_tilt": 0}}, {"type": "Feature", "geometry": {"type": "Point", "coordinates": [-71.8182201, -16.5872183]}, "properties": {"rol": "seguidor", "id": "TR-10_1-053", "tipo": "completo", "axis_azimuth": 0, "punto": "eje de unidad (no el motor)", "ncu": 19, "gw": 1, "axis_tilt": 0, "max_angle": 55, "backtrack": true, "gcr": 0.3843, "cross_axis_tilt": 0}}, {"type": "Feature", "geometry": {"type": "Point", "coordinates": [-71.818104, -16.5872199]}, "properties": {"rol": "seguidor", "id": "TR-10_1-054", "tipo": "completo", "axis_azimuth": 0, "punto": "eje de unidad (no el motor)", "ncu": 19, "gw": 1, "axis_tilt": 0, "max_angle": 55, "backtrack": true, "gcr": 0.3843, "cross_axis_tilt": 0}}, {"type": "Feature", "geometry": {"type": "Point", "coordinates": [-71.8179879, -16.5872215]}, "properties": {"rol": "seguidor", "id": "TR-10_1-055", "tipo": "completo", "axis_azimuth": 0, "punto": "eje de unidad (no el motor)", "ncu": 19, "gw": 1, "axis_tilt": 0, "max_angle": 55, "backtrack": true, "gcr": 0.3843, "cross_axis_tilt": 0}}, {"type": "Feature", "geometry": {"type": "Point", "coordinates": [-71.8178718, -16.587223]}, "properties": {"rol": "seguidor", "id": "TR-10_1-056", "tipo": "completo", "axis_azimuth": 0, "punto": "eje de unidad (no el motor)", "ncu": 19, "gw": 1, "axis_tilt": 0, "max_angle": 55, "backtrack": true, "gcr": 0.3843, "cross_axis_tilt": 0}}, {"type": "Feature", "geometry": {"type": "Point", "coordinates": [-71.8177557, -16.5872246]}, "properties": {"rol": "seguidor", "id": "TR-10_1-057", "tipo": "completo", "axis_azimuth": 0, "punto": "eje de unidad (no el motor)", "ncu": 19, "gw": 1, "axis_tilt": 0, "max_angle": 55, "backtrack": true, "gcr": 0.3843, "cross_axis_tilt": 0}}, {"type": "Feature", "geometry": {"type": "Point", "coordinates": [-71.8176396, -16.5872262]}, "properties": {"rol": "seguidor", "id": "TR-10_1-058", "tipo": "completo", "axis_azimuth": 0, "punto": "eje de unidad (no el motor)", "ncu": 19, "gw": 1, "axis_tilt": 0, "max_angle": 55, "backtrack": true, "gcr": 0.3843, "cross_axis_tilt": 0}}, {"type": "Feature", "geometry": {"type": "Point", "coordinates": [-71.8175235, -16.5872277]}, "properties": {"rol": "seguidor", "id": "TR-10_1-059", "tipo": "completo", "axis_azimuth": 0, "punto": "eje de unidad (no el motor)", "ncu": 19, "gw": 1, "axis_tilt": 0, "max_angle": 55, "backtrack": true, "gcr": 0.3843, "cross_axis_tilt": 0}}, {"type": "Feature", "geometry": {"type": "Point", "coordinates": [-71.8174083, -16.5872293]}, "properties": {"rol": "seguidor", "id": "TR-10_1-060", "tipo": "completo", "axis_azimuth": 0, "punto": "eje de unidad (no el motor)", "ncu": 19, "gw": 1, "axis_tilt": 0, "max_angle": 55, "backtrack": true, "gcr": 0.3843, "cross_axis_tilt": 0}}, {"type": "Feature", "geometry": {"type": "Point", "coordinates": [-71.8172922, -16.5872309]}, "properties": {"rol": "seguidor", "id": "TR-10_1-061", "tipo": "completo", "axis_azimuth": 0, "punto": "eje de unidad (no el motor)", "ncu": 19, "gw": 1, "axis_tilt": 0, "max_angle": 55, "backtrack": true, "gcr": 0.3843, "cross_axis_tilt": 0}}, {"type": "Feature", "geometry": {"type": "Point", "coordinates": [-71.8171761, -16.5872325]}, "properties": {"rol": "seguidor", "id": "TR-10_1-062", "tipo": "completo", "axis_azimuth": 0, "punto": "eje de unidad (no el motor)", "ncu": 19, "gw": 1, "axis_tilt": 0, "max_angle": 55, "backtrack": true, "gcr": 0.3843, "cross_axis_tilt": 0}}, {"type": "Feature", "geometry": {"type": "Point", "coordinates": [-71.81706, -16.587234]}, "properties": {"rol": "seguidor", "id": "TR-10_1-063", "tipo": "completo", "axis_azimuth": 0, "punto": "eje de unidad (no el motor)", "ncu": 19, "gw": 1, "axis_tilt": 0, "max_angle": 55, "backtrack": true, "gcr": 0.3843, "cross_axis_tilt": 0}}, {"type": "Feature", "geometry": {"type": "Point", "coordinates": [-71.8169439, -16.5872356]}, "properties": {"rol": "seguidor", "id": "TR-10_1-064", "tipo": "completo", "axis_azimuth": 0, "punto": "eje de unidad (no el motor)", "ncu": 19, "gw": 1, "axis_tilt": 0, "max_angle": 55, "backtrack": true, "gcr": 0.3843, "cross_axis_tilt": 0}}, {"type": "Feature", "geometry": {"type": "Point", "coordinates": [-71.8168278, -16.5872372]}, "properties": {"rol": "seguidor", "id": "TR-10_1-065", "tipo": "completo", "axis_azimuth": 0, "punto": "eje de unidad (no el motor)", "ncu": 19, "gw": 2, "axis_tilt": 0, "max_angle": 55, "backtrack": true, "gcr": 0.3843, "cross_axis_tilt": 0}}, {"type": "Feature", "geometry": {"type": "Point", "coordinates": [-71.8167117, -16.5872387]}, "properties": {"rol": "seguidor", "id": "TR-10_1-066", "tipo": "completo", "axis_azimuth": 0, "punto": "eje de unidad (no el motor)", "ncu": 19, "gw": 2, "axis_tilt": 0, "max_angle": 55, "backtrack": true, "gcr": 0.3843, "cross_axis_tilt": 0}}, {"type": "Feature", "geometry": {"type": "Point", "coordinates": [-71.8165956, -16.5872403]}, "properties": {"rol": "seguidor", "id": "TR-10_1-067", "tipo": "completo", "axis_azimuth": 0, "punto": "eje de unidad (no el motor)", "ncu": 19, "gw": 2, "axis_tilt": 0, "max_angle": 55, "backtrack": true, "gcr": 0.3843, "cross_axis_tilt": 0}}, {"type": "Feature", "geometry": {"type": "Point", "coordinates": [-71.8164795, -16.5872419]}, "properties": {"rol": "seguidor", "id": "TR-10_1-068", "tipo": "completo", "axis_azimuth": 0, "punto": "eje de unidad (no el motor)", "ncu": 19, "gw": 2, "axis_tilt": 0, "max_angle": 55, "backtrack": true, "gcr": 0.3843, "cross_axis_tilt": 0}}, {"type": "Feature", "geometry": {"type": "Point", "coordinates": [-71.8163634, -16.5872435]}, "properties": {"rol": "seguidor", "id": "TR-10_1-069", "tipo": "completo", "axis_azimuth": 0, "punto": "eje de unidad (no el motor)", "ncu": 19, "gw": 2, "axis_tilt": 0, "max_angle": 55, "backtrack": true, "gcr": 0.3843, "cross_axis_tilt": 0}}, {"type": "Feature", "geometry": {"type": "Point", "coordinates": [-71.8162473, -16.587245]}, "properties": {"rol": "seguidor", "id": "TR-10_1-070", "tipo": "completo", "axis_azimuth": 0, "punto": "eje de unidad (no el motor)", "ncu": 19, "gw": 2, "axis_tilt": 0, "max_angle": 55, "backtrack": true, "gcr": 0.3843, "cross_axis_tilt": 0}}, {"type": "Feature", "geometry": {"type": "Point", "coordinates": [-71.8161312, -16.5872466]}, "properties": {"rol": "seguidor", "id": "TR-10_1-071", "tipo": "completo", "axis_azimuth": 0, "punto": "eje de unidad (no el motor)", "ncu": 19, "gw": 2, "axis_tilt": 0, "max_angle": 55, "backtrack": true, "gcr": 0.3843, "cross_axis_tilt": 0}}, {"type": "Feature", "geometry": {"type": "Point", "coordinates": [-71.8160151, -16.5872482]}, "properties": {"rol": "seguidor", "id": "TR-10_1-072", "tipo": "completo", "axis_azimuth": 0, "punto": "eje de unidad (no el motor)", "ncu": 19, "gw": 2, "axis_tilt": 0, "max_angle": 55, "backtrack": true, "gcr": 0.3843, "cross_axis_tilt": 0}}, {"type": "Feature", "geometry": {"type": "Point", "coordinates": [-71.815899, -16.5872497]}, "properties": {"rol": "seguidor", "id": "TR-10_1-073", "tipo": "completo", "axis_azimuth": 0, "punto": "eje de unidad (no el motor)", "ncu": 19, "gw": 2, "axis_tilt": 0, "max_angle": 55, "backtrack": true, "gcr": 0.3843, "cross_axis_tilt": 0}}, {"type": "Feature", "geometry": {"type": "Point", "coordinates": [-71.8157829, -16.5872513]}, "properties": {"rol": "seguidor", "id": "TR-10_1-074", "tipo": "completo", "axis_azimuth": 0, "punto": "eje de unidad (no el motor)", "ncu": 19, "gw": 2, "axis_tilt": 0, "max_angle": 55, "backtrack": true, "gcr": 0.3843, "cross_axis_tilt": 0}}, {"type": "Feature", "geometry": {"type": "Point", "coordinates": [-71.8156668, -16.5872529]}, "properties": {"rol": "seguidor", "id": "TR-10_1-075", "tipo": "completo", "axis_azimuth": 0, "punto": "eje de unidad (no el motor)", "ncu": 19, "gw": 2, "axis_tilt": 0, "max_angle": 55, "backtrack": true, "gcr": 0.3843, "cross_axis_tilt": 0}}, {"type": "Feature", "geometry": {"type": "Point", "coordinates": [-71.8183461, -16.5878948]}, "properties": {"rol": "seguidor", "id": "TR-10_1-076", "tipo": "completo", "axis_azimuth": 0, "punto": "eje de unidad (no el motor)", "ncu": 19, "gw": 1, "axis_tilt": 0, "max_angle": 55, "backtrack": true, "gcr": 0.3843, "cross_axis_tilt": 0}}, {"type": "Feature", "geometry": {"type": "Point", "coordinates": [-71.81823, -16.5878964]}, "properties": {"rol": "seguidor", "id": "TR-10_1-077", "tipo": "completo", "axis_azimuth": 0, "punto": "eje de unidad (no el motor)", "ncu": 19, "gw": 1, "axis_tilt": 0, "max_angle": 55, "backtrack": true, "gcr": 0.3843, "cross_axis_tilt": 0}}, {"type": "Feature", "geometry": {"type": "Point", "coordinates": [-71.8181139, -16.587898]}, "properties": {"rol": "seguidor", "id": "TR-10_1-078", "tipo": "completo", "axis_azimuth": 0, "punto": "eje de unidad (no el motor)", "ncu": 19, "gw": 1, "axis_tilt": 0, "max_angle": 55, "backtrack": true, "gcr": 0.3843, "cross_axis_tilt": 0}}, {"type": "Feature", "geometry": {"type": "Point", "coordinates": [-71.8179978, -16.5878995]}, "properties": {"rol": "seguidor", "id": "TR-10_1-079", "tipo": "completo", "axis_azimuth": 0, "punto": "eje de unidad (no el motor)", "ncu": 19, "gw": 1, "axis_tilt": 0, "max_angle": 55, "backtrack": true, "gcr": 0.3843, "cross_axis_tilt": 0}}, {"type": "Feature", "geometry": {"type": "Point", "coordinates": [-71.8178817, -16.5879011]}, "properties": {"rol": "seguidor", "id": "TR-10_1-080", "tipo": "completo", "axis_azimuth": 0, "punto": "eje de unidad (no el motor)", "ncu": 19, "gw": 1, "axis_tilt": 0, "max_angle": 55, "backtrack": true, "gcr": 0.3843, "cross_axis_tilt": 0}}, {"type": "Feature", "geometry": {"type": "Point", "coordinates": [-71.8177656, -16.5879027]}, "properties": {"rol": "seguidor", "id": "TR-10_1-081", "tipo": "completo", "axis_azimuth": 0, "punto": "eje de unidad (no el motor)", "ncu": 19, "gw": 1, "axis_tilt": 0, "max_angle": 55, "backtrack": true, "gcr": 0.3843, "cross_axis_tilt": 0}}, {"type": "Feature", "geometry": {"type": "Point", "coordinates": [-71.8176495, -16.5879042]}, "properties": {"rol": "seguidor", "id": "TR-10_1-082", "tipo": "completo", "axis_azimuth": 0, "punto": "eje de unidad (no el motor)", "ncu": 19, "gw": 1, "axis_tilt": 0, "max_angle": 55, "backtrack": true, "gcr": 0.3843, "cross_axis_tilt": 0}}, {"type": "Feature", "geometry": {"type": "Point", "coordinates": [-71.8175334, -16.5879058]}, "properties": {"rol": "seguidor", "id": "TR-10_1-083", "tipo": "completo", "axis_azimuth": 0, "punto": "eje de unidad (no el motor)", "ncu": 19, "gw": 1, "axis_tilt": 0, "max_angle": 55, "backtrack": true, "gcr": 0.3843, "cross_axis_tilt": 0}}, {"type": "Feature", "geometry": {"type": "Point", "coordinates": [-71.8174182, -16.5879074]}, "properties": {"rol": "seguidor", "id": "TR-10_1-084", "tipo": "completo", "axis_azimuth": 0, "punto": "eje de unidad (no el motor)", "ncu": 19, "gw": 1, "axis_tilt": 0, "max_angle": 55, "backtrack": true, "gcr": 0.3843, "cross_axis_tilt": 0}}, {"type": "Feature", "geometry": {"type": "Point", "coordinates": [-71.8173021, -16.587909]}, "properties": {"rol": "seguidor", "id": "TR-10_1-085", "tipo": "completo", "axis_azimuth": 0, "punto": "eje de unidad (no el motor)", "ncu": 19, "gw": 1, "axis_tilt": 0, "max_angle": 55, "backtrack": true, "gcr": 0.3843, "cross_axis_tilt": 0}}, {"type": "Feature", "geometry": {"type": "Point", "coordinates": [-71.817186, -16.5879105]}, "properties": {"rol": "seguidor", "id": "TR-10_1-086", "tipo": "completo", "axis_azimuth": 0, "punto": "eje de unidad (no el motor)", "ncu": 19, "gw": 1, "axis_tilt": 0, "max_angle": 55, "backtrack": true, "gcr": 0.3843, "cross_axis_tilt": 0}}, {"type": "Feature", "geometry": {"type": "Point", "coordinates": [-71.8170699, -16.5879121]}, "properties": {"rol": "seguidor", "id": "TR-10_1-087", "tipo": "completo", "axis_azimuth": 0, "punto": "eje de unidad (no el motor)", "ncu": 19, "gw": 1, "axis_tilt": 0, "max_angle": 55, "backtrack": true, "gcr": 0.3843, "cross_axis_tilt": 0}}, {"type": "Feature", "geometry": {"type": "Point", "coordinates": [-71.8169538, -16.5879137]}, "properties": {"rol": "seguidor", "id": "TR-10_1-088", "tipo": "completo", "axis_azimuth": 0, "punto": "eje de unidad (no el motor)", "ncu": 19, "gw": 1, "axis_tilt": 0, "max_angle": 55, "backtrack": true, "gcr": 0.3843, "cross_axis_tilt": 0}}, {"type": "Feature", "geometry": {"type": "Point", "coordinates": [-71.8168377, -16.5879152]}, "properties": {"rol": "seguidor", "id": "TR-10_1-089", "tipo": "completo", "axis_azimuth": 0, "punto": "eje de unidad (no el motor)", "ncu": 19, "gw": 2, "axis_tilt": 0, "max_angle": 55, "backtrack": true, "gcr": 0.3843, "cross_axis_tilt": 0}}, {"type": "Feature", "geometry": {"type": "Point", "coordinates": [-71.8167216, -16.5879168]}, "properties": {"rol": "seguidor", "id": "TR-10_1-090", "tipo": "completo", "axis_azimuth": 0, "punto": "eje de unidad (no el motor)", "ncu": 19, "gw": 2, "axis_tilt": 0, "max_angle": 55, "backtrack": true, "gcr": 0.3843, "cross_axis_tilt": 0}}, {"type": "Feature", "geometry": {"type": "Point", "coordinates": [-71.8166055, -16.5879184]}, "properties": {"rol": "seguidor", "id": "TR-10_1-091", "tipo": "completo", "axis_azimuth": 0, "punto": "eje de unidad (no el motor)", "ncu": 19, "gw": 2, "axis_tilt": 0, "max_angle": 55, "backtrack": true, "gcr": 0.3843, "cross_axis_tilt": 0}}, {"type": "Feature", "geometry": {"type": "Point", "coordinates": [-71.8164894, -16.58792]}, "properties": {"rol": "seguidor", "id": "TR-10_1-092", "tipo": "completo", "axis_azimuth": 0, "punto": "eje de unidad (no el motor)", "ncu": 19, "gw": 2, "axis_tilt": 0, "max_angle": 55, "backtrack": true, "gcr": 0.3843, "cross_axis_tilt": 0}}, {"type": "Feature", "geometry": {"type": "Point", "coordinates": [-71.8163733, -16.5879215]}, "properties": {"rol": "seguidor", "id": "TR-10_1-093", "tipo": "completo", "axis_azimuth": 0, "punto": "eje de unidad (no el motor)", "ncu": 19, "gw": 2, "axis_tilt": 0, "max_angle": 55, "backtrack": true, "gcr": 0.3843, "cross_axis_tilt": 0}}, {"type": "Feature", "geometry": {"type": "Point", "coordinates": [-71.8162572, -16.5879231]}, "properties": {"rol": "seguidor", "id": "TR-10_1-094", "tipo": "completo", "axis_azimuth": 0, "punto": "eje de unidad (no el motor)", "ncu": 19, "gw": 2, "axis_tilt": 0, "max_angle": 55, "backtrack": true, "gcr": 0.3843, "cross_axis_tilt": 0}}, {"type": "Feature", "geometry": {"type": "Point", "coordinates": [-71.8161411, -16.5879247]}, "properties": {"rol": "seguidor", "id": "TR-10_1-095", "tipo": "completo", "axis_azimuth": 0, "punto": "eje de unidad (no el motor)", "ncu": 19, "gw": 2, "axis_tilt": 0, "max_angle": 55, "backtrack": true, "gcr": 0.3843, "cross_axis_tilt": 0}}, {"type": "Feature", "geometry": {"type": "Point", "coordinates": [-71.816025, -16.5879262]}, "properties": {"rol": "seguidor", "id": "TR-10_1-096", "tipo": "completo", "axis_azimuth": 0, "punto": "eje de unidad (no el motor)", "ncu": 19, "gw": 2, "axis_tilt": 0, "max_angle": 55, "backtrack": true, "gcr": 0.3843, "cross_axis_tilt": 0}}, {"type": "Feature", "geometry": {"type": "Point", "coordinates": [-71.8159089, -16.5879278]}, "properties": {"rol": "seguidor", "id": "TR-10_1-097", "tipo": "completo", "axis_azimuth": 0, "punto": "eje de unidad (no el motor)", "ncu": 19, "gw": 2, "axis_tilt": 0, "max_angle": 55, "backtrack": true, "gcr": 0.3843, "cross_axis_tilt": 0}}, {"type": "Feature", "geometry": {"type": "Point", "coordinates": [-71.8157928, -16.5879294]}, "properties": {"rol": "seguidor", "id": "TR-10_1-098", "tipo": "completo", "axis_azimuth": 0, "punto": "eje de unidad (no el motor)", "ncu": 19, "gw": 2, "axis_tilt": 0, "max_angle": 55, "backtrack": true, "gcr": 0.3843, "cross_axis_tilt": 0}}, {"type": "Feature", "geometry": {"type": "Point", "coordinates": [-71.8156767, -16.587931]}, "properties": {"rol": "seguidor", "id": "TR-10_1-099", "tipo": "completo", "axis_azimuth": 0, "punto": "eje de unidad (no el motor)", "ncu": 19, "gw": 2, "axis_tilt": 0, "max_angle": 55, "backtrack": true, "gcr": 0.3843, "cross_axis_tilt": 0}}, {"type": "Feature", "geometry": {"type": "Point", "coordinates": [-71.818356, -16.5885729]}, "properties": {"rol": "seguidor", "id": "TR-10_1-100", "tipo": "completo", "axis_azimuth": 0, "punto": "eje de unidad (no el motor)", "ncu": 19, "gw": 1, "axis_tilt": 0, "max_angle": 55, "backtrack": true, "gcr": 0.3843, "cross_axis_tilt": 0}}, {"type": "Feature", "geometry": {"type": "Point", "coordinates": [-71.8182399, -16.5885744]}, "properties": {"rol": "seguidor", "id": "TR-10_1-101", "tipo": "completo", "axis_azimuth": 0, "punto": "eje de unidad (no el motor)", "ncu": 19, "gw": 1, "axis_tilt": 0, "max_angle": 55, "backtrack": true, "gcr": 0.3843, "cross_axis_tilt": 0}}, {"type": "Feature", "geometry": {"type": "Point", "coordinates": [-71.8181238, -16.588576]}, "properties": {"rol": "seguidor", "id": "TR-10_1-102", "tipo": "completo", "axis_azimuth": 0, "punto": "eje de unidad (no el motor)", "ncu": 19, "gw": 1, "axis_tilt": 0, "max_angle": 55, "backtrack": true, "gcr": 0.3843, "cross_axis_tilt": 0}}, {"type": "Feature", "geometry": {"type": "Point", "coordinates": [-71.8180077, -16.5885776]}, "properties": {"rol": "seguidor", "id": "TR-10_1-103", "tipo": "completo", "axis_azimuth": 0, "punto": "eje de unidad (no el motor)", "ncu": 19, "gw": 1, "axis_tilt": 0, "max_angle": 55, "backtrack": true, "gcr": 0.3843, "cross_axis_tilt": 0}}, {"type": "Feature", "geometry": {"type": "Point", "coordinates": [-71.8178916, -16.5885792]}, "properties": {"rol": "seguidor", "id": "TR-10_1-104", "tipo": "completo", "axis_azimuth": 0, "punto": "eje de unidad (no el motor)", "ncu": 19, "gw": 1, "axis_tilt": 0, "max_angle": 55, "backtrack": true, "gcr": 0.3843, "cross_axis_tilt": 0}}, {"type": "Feature", "geometry": {"type": "Point", "coordinates": [-71.8177755, -16.5885807]}, "properties": {"rol": "seguidor", "id": "TR-10_1-105", "tipo": "completo", "axis_azimuth": 0, "punto": "eje de unidad (no el motor)", "ncu": 19, "gw": 1, "axis_tilt": 0, "max_angle": 55, "backtrack": true, "gcr": 0.3843, "cross_axis_tilt": 0}}, {"type": "Feature", "geometry": {"type": "Point", "coordinates": [-71.8176593, -16.5885823]}, "properties": {"rol": "seguidor", "id": "TR-10_1-106", "tipo": "completo", "axis_azimuth": 0, "punto": "eje de unidad (no el motor)", "ncu": 19, "gw": 1, "axis_tilt": 0, "max_angle": 55, "backtrack": true, "gcr": 0.3843, "cross_axis_tilt": 0}}, {"type": "Feature", "geometry": {"type": "Point", "coordinates": [-71.8175432, -16.5885839]}, "properties": {"rol": "seguidor", "id": "TR-10_1-107", "tipo": "completo", "axis_azimuth": 0, "punto": "eje de unidad (no el motor)", "ncu": 19, "gw": 1, "axis_tilt": 0, "max_angle": 55, "backtrack": true, "gcr": 0.3843, "cross_axis_tilt": 0}}, {"type": "Feature", "geometry": {"type": "Point", "coordinates": [-71.8174281, -16.5885854]}, "properties": {"rol": "seguidor", "id": "TR-10_1-108", "tipo": "completo", "axis_azimuth": 0, "punto": "eje de unidad (no el motor)", "ncu": 19, "gw": 1, "axis_tilt": 0, "max_angle": 55, "backtrack": true, "gcr": 0.3843, "cross_axis_tilt": 0}}, {"type": "Feature", "geometry": {"type": "Point", "coordinates": [-71.817312, -16.588587]}, "properties": {"rol": "seguidor", "id": "TR-10_1-109", "tipo": "completo", "axis_azimuth": 0, "punto": "eje de unidad (no el motor)", "ncu": 19, "gw": 1, "axis_tilt": 0, "max_angle": 55, "backtrack": true, "gcr": 0.3843, "cross_axis_tilt": 0}}, {"type": "Feature", "geometry": {"type": "Point", "coordinates": [-71.8171959, -16.5885886]}, "properties": {"rol": "seguidor", "id": "TR-10_1-110", "tipo": "completo", "axis_azimuth": 0, "punto": "eje de unidad (no el motor)", "ncu": 19, "gw": 1, "axis_tilt": 0, "max_angle": 55, "backtrack": true, "gcr": 0.3843, "cross_axis_tilt": 0}}, {"type": "Feature", "geometry": {"type": "Point", "coordinates": [-71.8170798, -16.5885902]}, "properties": {"rol": "seguidor", "id": "TR-10_1-111", "tipo": "completo", "axis_azimuth": 0, "punto": "eje de unidad (no el motor)", "ncu": 19, "gw": 1, "axis_tilt": 0, "max_angle": 55, "backtrack": true, "gcr": 0.3843, "cross_axis_tilt": 0}}, {"type": "Feature", "geometry": {"type": "Point", "coordinates": [-71.8169637, -16.5885917]}, "properties": {"rol": "seguidor", "id": "TR-10_1-112", "tipo": "completo", "axis_azimuth": 0, "punto": "eje de unidad (no el motor)", "ncu": 19, "gw": 1, "axis_tilt": 0, "max_angle": 55, "backtrack": true, "gcr": 0.3843, "cross_axis_tilt": 0}}, {"type": "Feature", "geometry": {"type": "Point", "coordinates": [-71.8168476, -16.5885933]}, "properties": {"rol": "seguidor", "id": "TR-10_1-113", "tipo": "completo", "axis_azimuth": 0, "punto": "eje de unidad (no el motor)", "ncu": 19, "gw": 2, "axis_tilt": 0, "max_angle": 55, "backtrack": true, "gcr": 0.3843, "cross_axis_tilt": 0}}, {"type": "Feature", "geometry": {"type": "Point", "coordinates": [-71.8167315, -16.5885949]}, "properties": {"rol": "seguidor", "id": "TR-10_1-114", "tipo": "completo", "axis_azimuth": 0, "punto": "eje de unidad (no el motor)", "ncu": 19, "gw": 2, "axis_tilt": 0, "max_angle": 55, "backtrack": true, "gcr": 0.3843, "cross_axis_tilt": 0}}, {"type": "Feature", "geometry": {"type": "Point", "coordinates": [-71.8166154, -16.5885965]}, "properties": {"rol": "seguidor", "id": "TR-10_1-115", "tipo": "completo", "axis_azimuth": 0, "punto": "eje de unidad (no el motor)", "ncu": 19, "gw": 2, "axis_tilt": 0, "max_angle": 55, "backtrack": true, "gcr": 0.3843, "cross_axis_tilt": 0}}, {"type": "Feature", "geometry": {"type": "Point", "coordinates": [-71.8164993, -16.588598]}, "properties": {"rol": "seguidor", "id": "TR-10_1-116", "tipo": "completo", "axis_azimuth": 0, "punto": "eje de unidad (no el motor)", "ncu": 19, "gw": 2, "axis_tilt": 0, "max_angle": 55, "backtrack": true, "gcr": 0.3843, "cross_axis_tilt": 0}}, {"type": "Feature", "geometry": {"type": "Point", "coordinates": [-71.8163832, -16.5885996]}, "properties": {"rol": "seguidor", "id": "TR-10_1-117", "tipo": "completo", "axis_azimuth": 0, "punto": "eje de unidad (no el motor)", "ncu": 19, "gw": 2, "axis_tilt": 0, "max_angle": 55, "backtrack": true, "gcr": 0.3843, "cross_axis_tilt": 0}}, {"type": "Feature", "geometry": {"type": "Point", "coordinates": [-71.8162671, -16.5886012]}, "properties": {"rol": "seguidor", "id": "TR-10_1-118", "tipo": "completo", "axis_azimuth": 0, "punto": "eje de unidad (no el motor)", "ncu": 19, "gw": 2, "axis_tilt": 0, "max_angle": 55, "backtrack": true, "gcr": 0.3843, "cross_axis_tilt": 0}}, {"type": "Feature", "geometry": {"type": "Point", "coordinates": [-71.816151, -16.5886027]}, "properties": {"rol": "seguidor", "id": "TR-10_1-119", "tipo": "completo", "axis_azimuth": 0, "punto": "eje de unidad (no el motor)", "ncu": 19, "gw": 2, "axis_tilt": 0, "max_angle": 55, "backtrack": true, "gcr": 0.3843, "cross_axis_tilt": 0}}, {"type": "Feature", "geometry": {"type": "Point", "coordinates": [-71.8160349, -16.5886043]}, "properties": {"rol": "seguidor", "id": "TR-10_1-120", "tipo": "completo", "axis_azimuth": 0, "punto": "eje de unidad (no el motor)", "ncu": 19, "gw": 2, "axis_tilt": 0, "max_angle": 55, "backtrack": true, "gcr": 0.3843, "cross_axis_tilt": 0}}, {"type": "Feature", "geometry": {"type": "Point", "coordinates": [-71.8159188, -16.5886059]}, "properties": {"rol": "seguidor", "id": "TR-10_1-121", "tipo": "completo", "axis_azimuth": 0, "punto": "eje de unidad (no el motor)", "ncu": 19, "gw": 2, "axis_tilt": 0, "max_angle": 55, "backtrack": true, "gcr": 0.3843, "cross_axis_tilt": 0}}, {"type": "Feature", "geometry": {"type": "Point", "coordinates": [-71.8158027, -16.5886075]}, "properties": {"rol": "seguidor", "id": "TR-10_1-122", "tipo": "completo", "axis_azimuth": 0, "punto": "eje de unidad (no el motor)", "ncu": 19, "gw": 2, "axis_tilt": 0, "max_angle": 55, "backtrack": true, "gcr": 0.3843, "cross_axis_tilt": 0}}, {"type": "Feature", "geometry": {"type": "Point", "coordinates": [-71.8156865, -16.588609]}, "properties": {"rol": "seguidor", "id": "TR-10_1-123", "tipo": "completo", "axis_azimuth": 0, "punto": "eje de unidad (no el motor)", "ncu": 19, "gw": 2, "axis_tilt": 0, "max_angle": 55, "backtrack": true, "gcr": 0.3843, "cross_axis_tilt": 0}}, {"type": "Feature", "geometry": {"type": "Point", "coordinates": [-71.8191414, -16.5866938]}, "properties": {"rol": "seguidor", "id": "TR-10_2-070", "tipo": "medio", "axis_azimuth": 0, "punto": "eje de unidad (no el motor)", "ncu": 20, "gw": 1, "axis_tilt": 0, "max_angle": 55, "backtrack": true, "gcr": 0.3843, "cross_axis_tilt": 0}}, {"type": "Feature", "geometry": {"type": "Point", "coordinates": [-71.8190253, -16.5866954]}, "properties": {"rol": "seguidor", "id": "TR-10_2-071", "tipo": "medio", "axis_azimuth": 0, "punto": "eje de unidad (no el motor)", "ncu": 20, "gw": 1, "axis_tilt": 0, "max_angle": 55, "backtrack": true, "gcr": 0.3843, "cross_axis_tilt": 0}}, {"type": "Feature", "geometry": {"type": "Point", "coordinates": [-71.8189092, -16.5866969]}, "properties": {"rol": "seguidor", "id": "TR-10_2-072", "tipo": "medio", "axis_azimuth": 0, "punto": "eje de unidad (no el motor)", "ncu": 20, "gw": 1, "axis_tilt": 0, "max_angle": 55, "backtrack": true, "gcr": 0.3843, "cross_axis_tilt": 0}}, {"type": "Feature", "geometry": {"type": "Point", "coordinates": [-71.8187931, -16.5866985]}, "properties": {"rol": "seguidor", "id": "TR-10_2-073", "tipo": "medio", "axis_azimuth": 0, "punto": "eje de unidad (no el motor)", "ncu": 20, "gw": 1, "axis_tilt": 0, "max_angle": 55, "backtrack": true, "gcr": 0.3843, "cross_axis_tilt": 0}}, {"type": "Feature", "geometry": {"type": "Point", "coordinates": [-71.818677, -16.5867001]}, "properties": {"rol": "seguidor", "id": "TR-10_2-074", "tipo": "medio", "axis_azimuth": 0, "punto": "eje de unidad (no el motor)", "ncu": 20, "gw": 1, "axis_tilt": 0, "max_angle": 55, "backtrack": true, "gcr": 0.3843, "cross_axis_tilt": 0}}, {"type": "Feature", "geometry": {"type": "Point", "coordinates": [-71.8185609, -16.5867016]}, "properties": {"rol": "seguidor", "id": "TR-10_2-075", "tipo": "medio", "axis_azimuth": 0, "punto": "eje de unidad (no el motor)", "ncu": 20, "gw": 1, "axis_tilt": 0, "max_angle": 55, "backtrack": true, "gcr": 0.3843, "cross_axis_tilt": 0}}, {"type": "Feature", "geometry": {"type": "Point", "coordinates": [-71.8184424, -16.5865371]}, "properties": {"rol": "seguidor", "id": "TR-10_2-076", "tipo": "completo", "axis_azimuth": 0, "punto": "eje de unidad (no el motor)", "ncu": 20, "gw": 1, "axis_tilt": 0, "max_angle": 55, "backtrack": true, "gcr": 0.3843, "cross_axis_tilt": 0}}, {"type": "Feature", "geometry": {"type": "Point", "coordinates": [-71.8203123, -16.5873561]}, "properties": {"rol": "seguidor", "id": "TR-10_2-077", "tipo": "medio", "axis_azimuth": 0, "punto": "eje de unidad (no el motor)", "ncu": 20, "gw": 1, "axis_tilt": 0, "max_angle": 55, "backtrack": true, "gcr": 0.3843, "cross_axis_tilt": 0}}, {"type": "Feature", "geometry": {"type": "Point", "coordinates": [-71.8201962, -16.5873577]}, "properties": {"rol": "seguidor", "id": "TR-10_2-078", "tipo": "medio", "axis_azimuth": 0, "punto": "eje de unidad (no el motor)", "ncu": 20, "gw": 1, "axis_tilt": 0, "max_angle": 55, "backtrack": true, "gcr": 0.3843, "cross_axis_tilt": 0}}, {"type": "Feature", "geometry": {"type": "Point", "coordinates": [-71.8200801, -16.5873593]}, "properties": {"rol": "seguidor", "id": "TR-10_2-079", "tipo": "medio", "axis_azimuth": 0, "punto": "eje de unidad (no el motor)", "ncu": 20, "gw": 1, "axis_tilt": 0, "max_angle": 55, "backtrack": true, "gcr": 0.3843, "cross_axis_tilt": 0}}, {"type": "Feature", "geometry": {"type": "Point", "coordinates": [-71.819964, -16.5873608]}, "properties": {"rol": "seguidor", "id": "TR-10_2-080", "tipo": "medio", "axis_azimuth": 0, "punto": "eje de unidad (no el motor)", "ncu": 20, "gw": 1, "axis_tilt": 0, "max_angle": 55, "backtrack": true, "gcr": 0.3843, "cross_axis_tilt": 0}}, {"type": "Feature", "geometry": {"type": "Point", "coordinates": [-71.8198479, -16.5873624]}, "properties": {"rol": "seguidor", "id": "TR-10_2-081", "tipo": "medio", "axis_azimuth": 0, "punto": "eje de unidad (no el motor)", "ncu": 20, "gw": 1, "axis_tilt": 0, "max_angle": 55, "backtrack": true, "gcr": 0.3843, "cross_axis_tilt": 0}}, {"type": "Feature", "geometry": {"type": "Point", "coordinates": [-71.8197294, -16.5871978]}, "properties": {"rol": "seguidor", "id": "TR-10_2-082", "tipo": "completo", "axis_azimuth": 0, "punto": "eje de unidad (no el motor)", "ncu": 20, "gw": 1, "axis_tilt": 0, "max_angle": 55, "backtrack": true, "gcr": 0.3843, "cross_axis_tilt": 0}}, {"type": "Feature", "geometry": {"type": "Point", "coordinates": [-71.8196133, -16.5871994]}, "properties": {"rol": "seguidor", "id": "TR-10_2-083", "tipo": "completo", "axis_azimuth": 0, "punto": "eje de unidad (no el motor)", "ncu": 20, "gw": 1, "axis_tilt": 0, "max_angle": 55, "backtrack": true, "gcr": 0.3843, "cross_axis_tilt": 0}}, {"type": "Feature", "geometry": {"type": "Point", "coordinates": [-71.8194972, -16.587201]}, "properties": {"rol": "seguidor", "id": "TR-10_2-084", "tipo": "completo", "axis_azimuth": 0, "punto": "eje de unidad (no el motor)", "ncu": 20, "gw": 1, "axis_tilt": 0, "max_angle": 55, "backtrack": true, "gcr": 0.3843, "cross_axis_tilt": 0}}, {"type": "Feature", "geometry": {"type": "Point", "coordinates": [-71.8193811, -16.5872026]}, "properties": {"rol": "seguidor", "id": "TR-10_2-085", "tipo": "completo", "axis_azimuth": 0, "punto": "eje de unidad (no el motor)", "ncu": 20, "gw": 1, "axis_tilt": 0, "max_angle": 55, "backtrack": true, "gcr": 0.3843, "cross_axis_tilt": 0}}, {"type": "Feature", "geometry": {"type": "Point", "coordinates": [-71.819265, -16.5872041]}, "properties": {"rol": "seguidor", "id": "TR-10_2-086", "tipo": "completo", "axis_azimuth": 0, "punto": "eje de unidad (no el motor)", "ncu": 20, "gw": 1, "axis_tilt": 0, "max_angle": 55, "backtrack": true, "gcr": 0.3843, "cross_axis_tilt": 0}}, {"type": "Feature", "geometry": {"type": "Point", "coordinates": [-71.8191489, -16.5872057]}, "properties": {"rol": "seguidor", "id": "TR-10_2-087", "tipo": "completo", "axis_azimuth": 0, "punto": "eje de unidad (no el motor)", "ncu": 20, "gw": 1, "axis_tilt": 0, "max_angle": 55, "backtrack": true, "gcr": 0.3843, "cross_axis_tilt": 0}}, {"type": "Feature", "geometry": {"type": "Point", "coordinates": [-71.8190328, -16.5872073]}, "properties": {"rol": "seguidor", "id": "TR-10_2-088", "tipo": "completo", "axis_azimuth": 0, "punto": "eje de unidad (no el motor)", "ncu": 20, "gw": 1, "axis_tilt": 0, "max_angle": 55, "backtrack": true, "gcr": 0.3843, "cross_axis_tilt": 0}}, {"type": "Feature", "geometry": {"type": "Point", "coordinates": [-71.8189167, -16.5872089]}, "properties": {"rol": "seguidor", "id": "TR-10_2-089", "tipo": "completo", "axis_azimuth": 0, "punto": "eje de unidad (no el motor)", "ncu": 20, "gw": 1, "axis_tilt": 0, "max_angle": 55, "backtrack": true, "gcr": 0.3843, "cross_axis_tilt": 0}}, {"type": "Feature", "geometry": {"type": "Point", "coordinates": [-71.8188006, -16.5872104]}, "properties": {"rol": "seguidor", "id": "TR-10_2-090", "tipo": "completo", "axis_azimuth": 0, "punto": "eje de unidad (no el motor)", "ncu": 20, "gw": 1, "axis_tilt": 0, "max_angle": 55, "backtrack": true, "gcr": 0.3843, "cross_axis_tilt": 0}}, {"type": "Feature", "geometry": {"type": "Point", "coordinates": [-71.8186845, -16.587212]}, "properties": {"rol": "seguidor", "id": "TR-10_2-091", "tipo": "completo", "axis_azimuth": 0, "punto": "eje de unidad (no el motor)", "ncu": 20, "gw": 1, "axis_tilt": 0, "max_angle": 55, "backtrack": true, "gcr": 0.3843, "cross_axis_tilt": 0}}, {"type": "Feature", "geometry": {"type": "Point", "coordinates": [-71.8185684, -16.5872136]}, "properties": {"rol": "seguidor", "id": "TR-10_2-092", "tipo": "completo", "axis_azimuth": 0, "punto": "eje de unidad (no el motor)", "ncu": 20, "gw": 1, "axis_tilt": 0, "max_angle": 55, "backtrack": true, "gcr": 0.3843, "cross_axis_tilt": 0}}, {"type": "Feature", "geometry": {"type": "Point", "coordinates": [-71.8184523, -16.5872152]}, "properties": {"rol": "seguidor", "id": "TR-10_2-093", "tipo": "completo", "axis_azimuth": 0, "punto": "eje de unidad (no el motor)", "ncu": 20, "gw": 1, "axis_tilt": 0, "max_angle": 55, "backtrack": true, "gcr": 0.3843, "cross_axis_tilt": 0}}, {"type": "Feature", "geometry": {"type": "Point", "coordinates": [-71.8203198, -16.587868]}, "properties": {"rol": "seguidor", "id": "TR-10_2-094", "tipo": "completo", "axis_azimuth": 0, "punto": "eje de unidad (no el motor)", "ncu": 20, "gw": 1, "axis_tilt": 0, "max_angle": 55, "backtrack": true, "gcr": 0.3843, "cross_axis_tilt": 0}}, {"type": "Feature", "geometry": {"type": "Point", "coordinates": [-71.8202037, -16.5878696]}, "properties": {"rol": "seguidor", "id": "TR-10_2-095", "tipo": "completo", "axis_azimuth": 0, "punto": "eje de unidad (no el motor)", "ncu": 20, "gw": 1, "axis_tilt": 0, "max_angle": 55, "backtrack": true, "gcr": 0.3843, "cross_axis_tilt": 0}}, {"type": "Feature", "geometry": {"type": "Point", "coordinates": [-71.8200876, -16.5878712]}, "properties": {"rol": "seguidor", "id": "TR-10_2-096", "tipo": "completo", "axis_azimuth": 0, "punto": "eje de unidad (no el motor)", "ncu": 20, "gw": 1, "axis_tilt": 0, "max_angle": 55, "backtrack": true, "gcr": 0.3843, "cross_axis_tilt": 0}}, {"type": "Feature", "geometry": {"type": "Point", "coordinates": [-71.8199715, -16.5878728]}, "properties": {"rol": "seguidor", "id": "TR-10_2-097", "tipo": "completo", "axis_azimuth": 0, "punto": "eje de unidad (no el motor)", "ncu": 20, "gw": 1, "axis_tilt": 0, "max_angle": 55, "backtrack": true, "gcr": 0.3843, "cross_axis_tilt": 0}}, {"type": "Feature", "geometry": {"type": "Point", "coordinates": [-71.8198554, -16.5878743]}, "properties": {"rol": "seguidor", "id": "TR-10_2-098", "tipo": "completo", "axis_azimuth": 0, "punto": "eje de unidad (no el motor)", "ncu": 20, "gw": 1, "axis_tilt": 0, "max_angle": 55, "backtrack": true, "gcr": 0.3843, "cross_axis_tilt": 0}}, {"type": "Feature", "geometry": {"type": "Point", "coordinates": [-71.8197393, -16.5878759]}, "properties": {"rol": "seguidor", "id": "TR-10_2-099", "tipo": "completo", "axis_azimuth": 0, "punto": "eje de unidad (no el motor)", "ncu": 20, "gw": 1, "axis_tilt": 0, "max_angle": 55, "backtrack": true, "gcr": 0.3843, "cross_axis_tilt": 0}}, {"type": "Feature", "geometry": {"type": "Point", "coordinates": [-71.8196232, -16.5878775]}, "properties": {"rol": "seguidor", "id": "TR-10_2-100", "tipo": "completo", "axis_azimuth": 0, "punto": "eje de unidad (no el motor)", "ncu": 20, "gw": 1, "axis_tilt": 0, "max_angle": 55, "backtrack": true, "gcr": 0.3843, "cross_axis_tilt": 0}}, {"type": "Feature", "geometry": {"type": "Point", "coordinates": [-71.8195071, -16.5878791]}, "properties": {"rol": "seguidor", "id": "TR-10_2-101", "tipo": "completo", "axis_azimuth": 0, "punto": "eje de unidad (no el motor)", "ncu": 20, "gw": 1, "axis_tilt": 0, "max_angle": 55, "backtrack": true, "gcr": 0.3843, "cross_axis_tilt": 0}}, {"type": "Feature", "geometry": {"type": "Point", "coordinates": [-71.819391, -16.5878806]}, "properties": {"rol": "seguidor", "id": "TR-10_2-102", "tipo": "completo", "axis_azimuth": 0, "punto": "eje de unidad (no el motor)", "ncu": 20, "gw": 1, "axis_tilt": 0, "max_angle": 55, "backtrack": true, "gcr": 0.3843, "cross_axis_tilt": 0}}, {"type": "Feature", "geometry": {"type": "Point", "coordinates": [-71.8192749, -16.5878822]}, "properties": {"rol": "seguidor", "id": "TR-10_2-103", "tipo": "completo", "axis_azimuth": 0, "punto": "eje de unidad (no el motor)", "ncu": 20, "gw": 1, "axis_tilt": 0, "max_angle": 55, "backtrack": true, "gcr": 0.3843, "cross_axis_tilt": 0}}, {"type": "Feature", "geometry": {"type": "Point", "coordinates": [-71.8191588, -16.5878838]}, "properties": {"rol": "seguidor", "id": "TR-10_2-104", "tipo": "completo", "axis_azimuth": 0, "punto": "eje de unidad (no el motor)", "ncu": 20, "gw": 1, "axis_tilt": 0, "max_angle": 55, "backtrack": true, "gcr": 0.3843, "cross_axis_tilt": 0}}, {"type": "Feature", "geometry": {"type": "Point", "coordinates": [-71.8190427, -16.5878854]}, "properties": {"rol": "seguidor", "id": "TR-10_2-105", "tipo": "completo", "axis_azimuth": 0, "punto": "eje de unidad (no el motor)", "ncu": 20, "gw": 1, "axis_tilt": 0, "max_angle": 55, "backtrack": true, "gcr": 0.3843, "cross_axis_tilt": 0}}, {"type": "Feature", "geometry": {"type": "Point", "coordinates": [-71.8189266, -16.5878869]}, "properties": {"rol": "seguidor", "id": "TR-10_2-106", "tipo": "completo", "axis_azimuth": 0, "punto": "eje de unidad (no el motor)", "ncu": 20, "gw": 1, "axis_tilt": 0, "max_angle": 55, "backtrack": true, "gcr": 0.3843, "cross_axis_tilt": 0}}, {"type": "Feature", "geometry": {"type": "Point", "coordinates": [-71.8188105, -16.5878885]}, "properties": {"rol": "seguidor", "id": "TR-10_2-107", "tipo": "completo", "axis_azimuth": 0, "punto": "eje de unidad (no el motor)", "ncu": 20, "gw": 1, "axis_tilt": 0, "max_angle": 55, "backtrack": true, "gcr": 0.3843, "cross_axis_tilt": 0}}, {"type": "Feature", "geometry": {"type": "Point", "coordinates": [-71.8186944, -16.5878901]}, "properties": {"rol": "seguidor", "id": "TR-10_2-108", "tipo": "completo", "axis_azimuth": 0, "punto": "eje de unidad (no el motor)", "ncu": 20, "gw": 1, "axis_tilt": 0, "max_angle": 55, "backtrack": true, "gcr": 0.3843, "cross_axis_tilt": 0}}, {"type": "Feature", "geometry": {"type": "Point", "coordinates": [-71.8185783, -16.5878917]}, "properties": {"rol": "seguidor", "id": "TR-10_2-109", "tipo": "completo", "axis_azimuth": 0, "punto": "eje de unidad (no el motor)", "ncu": 20, "gw": 1, "axis_tilt": 0, "max_angle": 55, "backtrack": true, "gcr": 0.3843, "cross_axis_tilt": 0}}, {"type": "Feature", "geometry": {"type": "Point", "coordinates": [-71.8184622, -16.5878932]}, "properties": {"rol": "seguidor", "id": "TR-10_2-110", "tipo": "completo", "axis_azimuth": 0, "punto": "eje de unidad (no el motor)", "ncu": 20, "gw": 1, "axis_tilt": 0, "max_angle": 55, "backtrack": true, "gcr": 0.3843, "cross_axis_tilt": 0}}, {"type": "Feature", "geometry": {"type": "Point", "coordinates": [-71.8202136, -16.5885477]}, "properties": {"rol": "seguidor", "id": "TR-10_2-111", "tipo": "completo", "axis_azimuth": 0, "punto": "eje de unidad (no el motor)", "ncu": 20, "gw": 1, "axis_tilt": 0, "max_angle": 55, "backtrack": true, "gcr": 0.3843, "cross_axis_tilt": 0}}, {"type": "Feature", "geometry": {"type": "Point", "coordinates": [-71.8200975, -16.5885493]}, "properties": {"rol": "seguidor", "id": "TR-10_2-112", "tipo": "completo", "axis_azimuth": 0, "punto": "eje de unidad (no el motor)", "ncu": 20, "gw": 1, "axis_tilt": 0, "max_angle": 55, "backtrack": true, "gcr": 0.3843, "cross_axis_tilt": 0}}, {"type": "Feature", "geometry": {"type": "Point", "coordinates": [-71.8199814, -16.5885508]}, "properties": {"rol": "seguidor", "id": "TR-10_2-113", "tipo": "completo", "axis_azimuth": 0, "punto": "eje de unidad (no el motor)", "ncu": 20, "gw": 1, "axis_tilt": 0, "max_angle": 55, "backtrack": true, "gcr": 0.3843, "cross_axis_tilt": 0}}, {"type": "Feature", "geometry": {"type": "Point", "coordinates": [-71.8198653, -16.5885524]}, "properties": {"rol": "seguidor", "id": "TR-10_2-114", "tipo": "completo", "axis_azimuth": 0, "punto": "eje de unidad (no el motor)", "ncu": 20, "gw": 1, "axis_tilt": 0, "max_angle": 55, "backtrack": true, "gcr": 0.3843, "cross_axis_tilt": 0}}, {"type": "Feature", "geometry": {"type": "Point", "coordinates": [-71.8197492, -16.588554]}, "properties": {"rol": "seguidor", "id": "TR-10_2-115", "tipo": "completo", "axis_azimuth": 0, "punto": "eje de unidad (no el motor)", "ncu": 20, "gw": 1, "axis_tilt": 0, "max_angle": 55, "backtrack": true, "gcr": 0.3843, "cross_axis_tilt": 0}}, {"type": "Feature", "geometry": {"type": "Point", "coordinates": [-71.8196331, -16.5885556]}, "properties": {"rol": "seguidor", "id": "TR-10_2-116", "tipo": "completo", "axis_azimuth": 0, "punto": "eje de unidad (no el motor)", "ncu": 20, "gw": 1, "axis_tilt": 0, "max_angle": 55, "backtrack": true, "gcr": 0.3843, "cross_axis_tilt": 0}}, {"type": "Feature", "geometry": {"type": "Point", "coordinates": [-71.819517, -16.5885571]}, "properties": {"rol": "seguidor", "id": "TR-10_2-117", "tipo": "completo", "axis_azimuth": 0, "punto": "eje de unidad (no el motor)", "ncu": 20, "gw": 1, "axis_tilt": 0, "max_angle": 55, "backtrack": true, "gcr": 0.3843, "cross_axis_tilt": 0}}, {"type": "Feature", "geometry": {"type": "Point", "coordinates": [-71.8194009, -16.5885587]}, "properties": {"rol": "seguidor", "id": "TR-10_2-118", "tipo": "completo", "axis_azimuth": 0, "punto": "eje de unidad (no el motor)", "ncu": 20, "gw": 1, "axis_tilt": 0, "max_angle": 55, "backtrack": true, "gcr": 0.3843, "cross_axis_tilt": 0}}, {"type": "Feature", "geometry": {"type": "Point", "coordinates": [-71.8192848, -16.5885603]}, "properties": {"rol": "seguidor", "id": "TR-10_2-119", "tipo": "completo", "axis_azimuth": 0, "punto": "eje de unidad (no el motor)", "ncu": 20, "gw": 1, "axis_tilt": 0, "max_angle": 55, "backtrack": true, "gcr": 0.3843, "cross_axis_tilt": 0}}, {"type": "Feature", "geometry": {"type": "Point", "coordinates": [-71.8191687, -16.5885619]}, "properties": {"rol": "seguidor", "id": "TR-10_2-120", "tipo": "completo", "axis_azimuth": 0, "punto": "eje de unidad (no el motor)", "ncu": 20, "gw": 1, "axis_tilt": 0, "max_angle": 55, "backtrack": true, "gcr": 0.3843, "cross_axis_tilt": 0}}, {"type": "Feature", "geometry": {"type": "Point", "coordinates": [-71.8190526, -16.5885634]}, "properties": {"rol": "seguidor", "id": "TR-10_2-121", "tipo": "completo", "axis_azimuth": 0, "punto": "eje de unidad (no el motor)", "ncu": 20, "gw": 1, "axis_tilt": 0, "max_angle": 55, "backtrack": true, "gcr": 0.3843, "cross_axis_tilt": 0}}, {"type": "Feature", "geometry": {"type": "Point", "coordinates": [-71.8189365, -16.588565]}, "properties": {"rol": "seguidor", "id": "TR-10_2-122", "tipo": "completo", "axis_azimuth": 0, "punto": "eje de unidad (no el motor)", "ncu": 20, "gw": 1, "axis_tilt": 0, "max_angle": 55, "backtrack": true, "gcr": 0.3843, "cross_axis_tilt": 0}}, {"type": "Feature", "geometry": {"type": "Point", "coordinates": [-71.8188204, -16.5885666]}, "properties": {"rol": "seguidor", "id": "TR-10_2-123", "tipo": "completo", "axis_azimuth": 0, "punto": "eje de unidad (no el motor)", "ncu": 20, "gw": 1, "axis_tilt": 0, "max_angle": 55, "backtrack": true, "gcr": 0.3843, "cross_axis_tilt": 0}}, {"type": "Feature", "geometry": {"type": "Point", "coordinates": [-71.8187043, -16.5885682]}, "properties": {"rol": "seguidor", "id": "TR-10_2-124", "tipo": "completo", "axis_azimuth": 0, "punto": "eje de unidad (no el motor)", "ncu": 20, "gw": 1, "axis_tilt": 0, "max_angle": 55, "backtrack": true, "gcr": 0.3843, "cross_axis_tilt": 0}}, {"type": "Feature", "geometry": {"type": "Point", "coordinates": [-71.8185882, -16.5885697]}, "properties": {"rol": "seguidor", "id": "TR-10_2-125", "tipo": "completo", "axis_azimuth": 0, "punto": "eje de unidad (no el motor)", "ncu": 20, "gw": 1, "axis_tilt": 0, "max_angle": 55, "backtrack": true, "gcr": 0.3843, "cross_axis_tilt": 0}}, {"type": "Feature", "geometry": {"type": "Point", "coordinates": [-71.8184721, -16.5885713]}, "properties": {"rol": "seguidor", "id": "TR-10_2-126", "tipo": "completo", "axis_azimuth": 0, "punto": "eje de unidad (no el motor)", "ncu": 20, "gw": 1, "axis_tilt": 0, "max_angle": 55, "backtrack": true, "gcr": 0.3843, "cross_axis_tilt": 0}}, {"type": "Feature", "geometry": {"type": "Point", "coordinates": [-71.820386, -16.5836083]}, "properties": {"rol": "seguidor", "id": "TR-10_2-001", "tipo": "medio", "axis_azimuth": 0, "punto": "eje de unidad (no el motor)", "ncu": 21, "gw": 1, "axis_tilt": 0, "max_angle": 55, "backtrack": true, "gcr": 0.3843, "cross_axis_tilt": 0}}, {"type": "Feature", "geometry": {"type": "Point", "coordinates": [-71.8202723, -16.583776]}, "properties": {"rol": "seguidor", "id": "TR-10_2-002", "tipo": "completo", "axis_azimuth": 0, "punto": "eje de unidad (no el motor)", "ncu": 21, "gw": 1, "axis_tilt": 0, "max_angle": 55, "backtrack": true, "gcr": 0.3843, "cross_axis_tilt": 0}}, {"type": "Feature", "geometry": {"type": "Point", "coordinates": [-71.8201562, -16.5837776]}, "properties": {"rol": "seguidor", "id": "TR-10_2-003", "tipo": "completo", "axis_azimuth": 0, "punto": "eje de unidad (no el motor)", "ncu": 21, "gw": 1, "axis_tilt": 0, "max_angle": 55, "backtrack": true, "gcr": 0.3843, "cross_axis_tilt": 0}}, {"type": "Feature", "geometry": {"type": "Point", "coordinates": [-71.8200401, -16.5837791]}, "properties": {"rol": "seguidor", "id": "TR-10_2-004", "tipo": "completo", "axis_azimuth": 0, "punto": "eje de unidad (no el motor)", "ncu": 21, "gw": 1, "axis_tilt": 0, "max_angle": 55, "backtrack": true, "gcr": 0.3843, "cross_axis_tilt": 0}}, {"type": "Feature", "geometry": {"type": "Point", "coordinates": [-71.819924, -16.5837807]}, "properties": {"rol": "seguidor", "id": "TR-10_2-005", "tipo": "completo", "axis_azimuth": 0, "punto": "eje de unidad (no el motor)", "ncu": 21, "gw": 1, "axis_tilt": 0, "max_angle": 55, "backtrack": true, "gcr": 0.3843, "cross_axis_tilt": 0}}, {"type": "Feature", "geometry": {"type": "Point", "coordinates": [-71.8198084, -16.5838148]}, "properties": {"rol": "seguidor", "id": "TR-10_2-006", "tipo": "completo", "axis_azimuth": 0, "punto": "eje de unidad (no el motor)", "ncu": 21, "gw": 1, "axis_tilt": 0, "max_angle": 55, "backtrack": true, "gcr": 0.3843, "cross_axis_tilt": 0}}, {"type": "Feature", "geometry": {"type": "Point", "coordinates": [-71.8196923, -16.5838164]}, "properties": {"rol": "seguidor", "id": "TR-10_2-007", "tipo": "completo", "axis_azimuth": 0, "punto": "eje de unidad (no el motor)", "ncu": 21, "gw": 1, "axis_tilt": 0, "max_angle": 55, "backtrack": true, "gcr": 0.3843, "cross_axis_tilt": 0}}, {"type": "Feature", "geometry": {"type": "Point", "coordinates": [-71.8195782, -16.5839561]}, "properties": {"rol": "seguidor", "id": "TR-10_2-008", "tipo": "completo", "axis_azimuth": 0, "punto": "eje de unidad (no el motor)", "ncu": 21, "gw": 1, "axis_tilt": 0, "max_angle": 55, "backtrack": true, "gcr": 0.3843, "cross_axis_tilt": 0}}, {"type": "Feature", "geometry": {"type": "Point", "coordinates": [-71.8194621, -16.5839576]}, "properties": {"rol": "seguidor", "id": "TR-10_2-009", "tipo": "completo", "axis_azimuth": 0, "punto": "eje de unidad (no el motor)", "ncu": 21, "gw": 1, "axis_tilt": 0, "max_angle": 55, "backtrack": true, "gcr": 0.3843, "cross_axis_tilt": 0}}, {"type": "Feature", "geometry": {"type": "Point", "coordinates": [-71.819346, -16.5839592]}, "properties": {"rol": "seguidor", "id": "TR-10_2-010", "tipo": "completo", "axis_azimuth": 0, "punto": "eje de unidad (no el motor)", "ncu": 21, "gw": 1, "axis_tilt": 0, "max_angle": 55, "backtrack": true, "gcr": 0.3843, "cross_axis_tilt": 0}}, {"type": "Feature", "geometry": {"type": "Point", "coordinates": [-71.8192299, -16.5839608]}, "properties": {"rol": "seguidor", "id": "TR-10_2-011", "tipo": "completo", "axis_azimuth": 0, "punto": "eje de unidad (no el motor)", "ncu": 21, "gw": 1, "axis_tilt": 0, "max_angle": 55, "backtrack": true, "gcr": 0.3843, "cross_axis_tilt": 0}}, {"type": "Feature", "geometry": {"type": "Point", "coordinates": [-71.8191138, -16.5839624]}, "properties": {"rol": "seguidor", "id": "TR-10_2-012", "tipo": "completo", "axis_azimuth": 0, "punto": "eje de unidad (no el motor)", "ncu": 21, "gw": 1, "axis_tilt": 0, "max_angle": 55, "backtrack": true, "gcr": 0.3843, "cross_axis_tilt": 0}}, {"type": "Feature", "geometry": {"type": "Point", "coordinates": [-71.8189981, -16.5839946]}, "properties": {"rol": "seguidor", "id": "TR-10_2-013", "tipo": "completo", "axis_azimuth": 0, "punto": "eje de unidad (no el motor)", "ncu": 21, "gw": 1, "axis_tilt": 0, "max_angle": 55, "backtrack": true, "gcr": 0.3843, "cross_axis_tilt": 0}}, {"type": "Feature", "geometry": {"type": "Point", "coordinates": [-71.818883, -16.5839962]}, "properties": {"rol": "seguidor", "id": "TR-10_2-014", "tipo": "completo", "axis_azimuth": 0, "punto": "eje de unidad (no el motor)", "ncu": 21, "gw": 1, "axis_tilt": 0, "max_angle": 55, "backtrack": true, "gcr": 0.3843, "cross_axis_tilt": 0}}, {"type": "Feature", "geometry": {"type": "Point", "coordinates": [-71.8187699, -16.5842027]}, "properties": {"rol": "seguidor", "id": "TR-10_2-015", "tipo": "completo", "axis_azimuth": 0, "punto": "eje de unidad (no el motor)", "ncu": 21, "gw": 1, "axis_tilt": 0, "max_angle": 55, "backtrack": true, "gcr": 0.3843, "cross_axis_tilt": 0}}, {"type": "Feature", "geometry": {"type": "Point", "coordinates": [-71.8186538, -16.5842043]}, "properties": {"rol": "seguidor", "id": "TR-10_2-016", "tipo": "completo", "axis_azimuth": 0, "punto": "eje de unidad (no el motor)", "ncu": 21, "gw": 1, "axis_tilt": 0, "max_angle": 55, "backtrack": true, "gcr": 0.3843, "cross_axis_tilt": 0}}, {"type": "Feature", "geometry": {"type": "Point", "coordinates": [-71.8185377, -16.5842059]}, "properties": {"rol": "seguidor", "id": "TR-10_2-017", "tipo": "completo", "axis_azimuth": 0, "punto": "eje de unidad (no el motor)", "ncu": 21, "gw": 1, "axis_tilt": 0, "max_angle": 55, "backtrack": true, "gcr": 0.3843, "cross_axis_tilt": 0}}, {"type": "Feature", "geometry": {"type": "Point", "coordinates": [-71.8184216, -16.5842075]}, "properties": {"rol": "seguidor", "id": "TR-10_2-018", "tipo": "completo", "axis_azimuth": 0, "punto": "eje de unidad (no el motor)", "ncu": 21, "gw": 1, "axis_tilt": 0, "max_angle": 55, "backtrack": true, "gcr": 0.3843, "cross_axis_tilt": 0}}, {"type": "Feature", "geometry": {"type": "Point", "coordinates": [-71.818306, -16.584246]}, "properties": {"rol": "seguidor", "id": "TR-10_2-019", "tipo": "completo", "axis_azimuth": 0, "punto": "eje de unidad (no el motor)", "ncu": 21, "gw": 1, "axis_tilt": 0, "max_angle": 55, "backtrack": true, "gcr": 0.3843, "cross_axis_tilt": 0}}, {"type": "Feature", "geometry": {"type": "Point", "coordinates": [-71.8181899, -16.5842476]}, "properties": {"rol": "seguidor", "id": "TR-10_2-020", "tipo": "completo", "axis_azimuth": 0, "punto": "eje de unidad (no el motor)", "ncu": 21, "gw": 1, "axis_tilt": 0, "max_angle": 55, "backtrack": true, "gcr": 0.3843, "cross_axis_tilt": 0}}, {"type": "Feature", "geometry": {"type": "Point", "coordinates": [-71.8180738, -16.5842492]}, "properties": {"rol": "seguidor", "id": "TR-10_2-021", "tipo": "completo", "axis_azimuth": 0, "punto": "eje de unidad (no el motor)", "ncu": 21, "gw": 1, "axis_tilt": 0, "max_angle": 55, "backtrack": true, "gcr": 0.3843, "cross_axis_tilt": 0}}, {"type": "Feature", "geometry": {"type": "Point", "coordinates": [-71.8179577, -16.5842508]}, "properties": {"rol": "seguidor", "id": "TR-10_2-022", "tipo": "completo", "axis_azimuth": 0, "punto": "eje de unidad (no el motor)", "ncu": 21, "gw": 1, "axis_tilt": 0, "max_angle": 55, "backtrack": true, "gcr": 0.3843, "cross_axis_tilt": 0}}, {"type": "Feature", "geometry": {"type": "Point", "coordinates": [-71.8178425, -16.5843137]}, "properties": {"rol": "seguidor", "id": "TR-10_2-023", "tipo": "completo", "axis_azimuth": 0, "punto": "eje de unidad (no el motor)", "ncu": 21, "gw": 1, "axis_tilt": 0, "max_angle": 55, "backtrack": true, "gcr": 0.3843, "cross_axis_tilt": 0}}, {"type": "Feature", "geometry": {"type": "Point", "coordinates": [-71.8177264, -16.5843153]}, "properties": {"rol": "seguidor", "id": "TR-10_2-024", "tipo": "completo", "axis_azimuth": 0, "punto": "eje de unidad (no el motor)", "ncu": 21, "gw": 1, "axis_tilt": 0, "max_angle": 55, "backtrack": true, "gcr": 0.3843, "cross_axis_tilt": 0}}, {"type": "Feature", "geometry": {"type": "Point", "coordinates": [-71.8176103, -16.5843169]}, "properties": {"rol": "seguidor", "id": "TR-10_2-025", "tipo": "completo", "axis_azimuth": 0, "punto": "eje de unidad (no el motor)", "ncu": 21, "gw": 1, "axis_tilt": 0, "max_angle": 55, "backtrack": true, "gcr": 0.3843, "cross_axis_tilt": 0}}, {"type": "Feature", "geometry": {"type": "Point", "coordinates": [-71.8174942, -16.5843184]}, "properties": {"rol": "seguidor", "id": "TR-10_2-026", "tipo": "completo", "axis_azimuth": 0, "punto": "eje de unidad (no el motor)", "ncu": 21, "gw": 1, "axis_tilt": 0, "max_angle": 55, "backtrack": true, "gcr": 0.3843, "cross_axis_tilt": 0}}, {"type": "Feature", "geometry": {"type": "Point", "coordinates": [-71.8203934, -16.5841202]}, "properties": {"rol": "seguidor", "id": "TR-10_2-027", "tipo": "completo", "axis_azimuth": 0, "punto": "eje de unidad (no el motor)", "ncu": 21, "gw": 1, "axis_tilt": 0, "max_angle": 55, "backtrack": true, "gcr": 0.3843, "cross_axis_tilt": 0}}, {"type": "Feature", "geometry": {"type": "Point", "coordinates": [-71.8202822, -16.5844541]}, "properties": {"rol": "seguidor", "id": "TR-10_2-028", "tipo": "completo", "axis_azimuth": 0, "punto": "eje de unidad (no el motor)", "ncu": 21, "gw": 1, "axis_tilt": 0, "max_angle": 55, "backtrack": true, "gcr": 0.3843, "cross_axis_tilt": 0}}, {"type": "Feature", "geometry": {"type": "Point", "coordinates": [-71.8201661, -16.5844556]}, "properties": {"rol": "seguidor", "id": "TR-10_2-029", "tipo": "completo", "axis_azimuth": 0, "punto": "eje de unidad (no el motor)", "ncu": 21, "gw": 1, "axis_tilt": 0, "max_angle": 55, "backtrack": true, "gcr": 0.3843, "cross_axis_tilt": 0}}, {"type": "Feature", "geometry": {"type": "Point", "coordinates": [-71.82005, -16.5844572]}, "properties": {"rol": "seguidor", "id": "TR-10_2-030", "tipo": "completo", "axis_azimuth": 0, "punto": "eje de unidad (no el motor)", "ncu": 21, "gw": 1, "axis_tilt": 0, "max_angle": 55, "backtrack": true, "gcr": 0.3843, "cross_axis_tilt": 0}}, {"type": "Feature", "geometry": {"type": "Point", "coordinates": [-71.8199339, -16.5844588]}, "properties": {"rol": "seguidor", "id": "TR-10_2-031", "tipo": "completo", "axis_azimuth": 0, "punto": "eje de unidad (no el motor)", "ncu": 21, "gw": 1, "axis_tilt": 0, "max_angle": 55, "backtrack": true, "gcr": 0.3843, "cross_axis_tilt": 0}}, {"type": "Feature", "geometry": {"type": "Point", "coordinates": [-71.8198183, -16.5844929]}, "properties": {"rol": "seguidor", "id": "TR-10_2-032", "tipo": "completo", "axis_azimuth": 0, "punto": "eje de unidad (no el motor)", "ncu": 21, "gw": 1, "axis_tilt": 0, "max_angle": 55, "backtrack": true, "gcr": 0.3843, "cross_axis_tilt": 0}}, {"type": "Feature", "geometry": {"type": "Point", "coordinates": [-71.8197022, -16.5844944]}, "properties": {"rol": "seguidor", "id": "TR-10_2-033", "tipo": "completo", "axis_azimuth": 0, "punto": "eje de unidad (no el motor)", "ncu": 21, "gw": 1, "axis_tilt": 0, "max_angle": 55, "backtrack": true, "gcr": 0.3843, "cross_axis_tilt": 0}}, {"type": "Feature", "geometry": {"type": "Point", "coordinates": [-71.8195881, -16.5846341]}, "properties": {"rol": "seguidor", "id": "TR-10_2-034", "tipo": "completo", "axis_azimuth": 0, "punto": "eje de unidad (no el motor)", "ncu": 21, "gw": 1, "axis_tilt": 0, "max_angle": 55, "backtrack": true, "gcr": 0.3843, "cross_axis_tilt": 0}}, {"type": "Feature", "geometry": {"type": "Point", "coordinates": [-71.819472, -16.5846357]}, "properties": {"rol": "seguidor", "id": "TR-10_2-035", "tipo": "completo", "axis_azimuth": 0, "punto": "eje de unidad (no el motor)", "ncu": 21, "gw": 1, "axis_tilt": 0, "max_angle": 55, "backtrack": true, "gcr": 0.3843, "cross_axis_tilt": 0}}, {"type": "Feature", "geometry": {"type": "Point", "coordinates": [-71.8193559, -16.5846373]}, "properties": {"rol": "seguidor", "id": "TR-10_2-036", "tipo": "completo", "axis_azimuth": 0, "punto": "eje de unidad (no el motor)", "ncu": 21, "gw": 1, "axis_tilt": 0, "max_angle": 55, "backtrack": true, "gcr": 0.3843, "cross_axis_tilt": 0}}, {"type": "Feature", "geometry": {"type": "Point", "coordinates": [-71.8192398, -16.5846389]}, "properties": {"rol": "seguidor", "id": "TR-10_2-037", "tipo": "completo", "axis_azimuth": 0, "punto": "eje de unidad (no el motor)", "ncu": 21, "gw": 1, "axis_tilt": 0, "max_angle": 55, "backtrack": true, "gcr": 0.3843, "cross_axis_tilt": 0}}, {"type": "Feature", "geometry": {"type": "Point", "coordinates": [-71.8191237, -16.5846404]}, "properties": {"rol": "seguidor", "id": "TR-10_2-038", "tipo": "completo", "axis_azimuth": 0, "punto": "eje de unidad (no el motor)", "ncu": 21, "gw": 1, "axis_tilt": 0, "max_angle": 55, "backtrack": true, "gcr": 0.3843, "cross_axis_tilt": 0}}, {"type": "Feature", "geometry": {"type": "Point", "coordinates": [-71.819008, -16.5846727]}, "properties": {"rol": "seguidor", "id": "TR-10_2-039", "tipo": "completo", "axis_azimuth": 0, "punto": "eje de unidad (no el motor)", "ncu": 21, "gw": 1, "axis_tilt": 0, "max_angle": 55, "backtrack": true, "gcr": 0.3843, "cross_axis_tilt": 0}}, {"type": "Feature", "geometry": {"type": "Point", "coordinates": [-71.8188929, -16.5846743]}, "properties": {"rol": "seguidor", "id": "TR-10_2-040", "tipo": "completo", "axis_azimuth": 0, "punto": "eje de unidad (no el motor)", "ncu": 21, "gw": 1, "axis_tilt": 0, "max_angle": 55, "backtrack": true, "gcr": 0.3843, "cross_axis_tilt": 0}}, {"type": "Feature", "geometry": {"type": "Point", "coordinates": [-71.8187798, -16.5848808]}, "properties": {"rol": "seguidor", "id": "TR-10_2-041", "tipo": "completo", "axis_azimuth": 0, "punto": "eje de unidad (no el motor)", "ncu": 21, "gw": 1, "axis_tilt": 0, "max_angle": 55, "backtrack": true, "gcr": 0.3843, "cross_axis_tilt": 0}}, {"type": "Feature", "geometry": {"type": "Point", "coordinates": [-71.8186637, -16.5848824]}, "properties": {"rol": "seguidor", "id": "TR-10_2-042", "tipo": "completo", "axis_azimuth": 0, "punto": "eje de unidad (no el motor)", "ncu": 21, "gw": 1, "axis_tilt": 0, "max_angle": 55, "backtrack": true, "gcr": 0.3843, "cross_axis_tilt": 0}}, {"type": "Feature", "geometry": {"type": "Point", "coordinates": [-71.8185476, -16.5848839]}, "properties": {"rol": "seguidor", "id": "TR-10_2-043", "tipo": "completo", "axis_azimuth": 0, "punto": "eje de unidad (no el motor)", "ncu": 21, "gw": 1, "axis_tilt": 0, "max_angle": 55, "backtrack": true, "gcr": 0.3843, "cross_axis_tilt": 0}}, {"type": "Feature", "geometry": {"type": "Point", "coordinates": [-71.8184315, -16.5848855]}, "properties": {"rol": "seguidor", "id": "TR-10_2-044", "tipo": "completo", "axis_azimuth": 0, "punto": "eje de unidad (no el motor)", "ncu": 21, "gw": 1, "axis_tilt": 0, "max_angle": 55, "backtrack": true, "gcr": 0.3843, "cross_axis_tilt": 0}}, {"type": "Feature", "geometry": {"type": "Point", "coordinates": [-71.8183135, -16.584758]}, "properties": {"rol": "seguidor", "id": "TR-10_2-045", "tipo": "medio", "axis_azimuth": 0, "punto": "eje de unidad (no el motor)", "ncu": 21, "gw": 1, "axis_tilt": 0, "max_angle": 55, "backtrack": true, "gcr": 0.3843, "cross_axis_tilt": 0}}, {"type": "Feature", "geometry": {"type": "Point", "coordinates": [-71.8181974, -16.5847596]}, "properties": {"rol": "seguidor", "id": "TR-10_2-046", "tipo": "medio", "axis_azimuth": 0, "punto": "eje de unidad (no el motor)", "ncu": 21, "gw": 1, "axis_tilt": 0, "max_angle": 55, "backtrack": true, "gcr": 0.3843, "cross_axis_tilt": 0}}, {"type": "Feature", "geometry": {"type": "Point", "coordinates": [-71.8180813, -16.5847611]}, "properties": {"rol": "seguidor", "id": "TR-10_2-047", "tipo": "medio", "axis_azimuth": 0, "punto": "eje de unidad (no el motor)", "ncu": 21, "gw": 1, "axis_tilt": 0, "max_angle": 55, "backtrack": true, "gcr": 0.3843, "cross_axis_tilt": 0}}, {"type": "Feature", "geometry": {"type": "Point", "coordinates": [-71.8179652, -16.5847627]}, "properties": {"rol": "seguidor", "id": "TR-10_2-048", "tipo": "medio", "axis_azimuth": 0, "punto": "eje de unidad (no el motor)", "ncu": 21, "gw": 1, "axis_tilt": 0, "max_angle": 55, "backtrack": true, "gcr": 0.3843, "cross_axis_tilt": 0}}, {"type": "Feature", "geometry": {"type": "Point", "coordinates": [-71.8204033, -16.5847983]}, "properties": {"rol": "seguidor", "id": "TR-10_2-049", "tipo": "completo", "axis_azimuth": 0, "punto": "eje de unidad (no el motor)", "ncu": 21, "gw": 1, "axis_tilt": 0, "max_angle": 55, "backtrack": true, "gcr": 0.3843, "cross_axis_tilt": 0}}, {"type": "Feature", "geometry": {"type": "Point", "coordinates": [-71.8202921, -16.5851321]}, "properties": {"rol": "seguidor", "id": "TR-10_2-050", "tipo": "completo", "axis_azimuth": 0, "punto": "eje de unidad (no el motor)", "ncu": 21, "gw": 1, "axis_tilt": 0, "max_angle": 55, "backtrack": true, "gcr": 0.3843, "cross_axis_tilt": 0}}, {"type": "Feature", "geometry": {"type": "Point", "coordinates": [-71.820176, -16.5851337]}, "properties": {"rol": "seguidor", "id": "TR-10_2-051", "tipo": "completo", "axis_azimuth": 0, "punto": "eje de unidad (no el motor)", "ncu": 21, "gw": 1, "axis_tilt": 0, "max_angle": 55, "backtrack": true, "gcr": 0.3843, "cross_axis_tilt": 0}}, {"type": "Feature", "geometry": {"type": "Point", "coordinates": [-71.8200599, -16.5851353]}, "properties": {"rol": "seguidor", "id": "TR-10_2-052", "tipo": "completo", "axis_azimuth": 0, "punto": "eje de unidad (no el motor)", "ncu": 21, "gw": 1, "axis_tilt": 0, "max_angle": 55, "backtrack": true, "gcr": 0.3843, "cross_axis_tilt": 0}}, {"type": "Feature", "geometry": {"type": "Point", "coordinates": [-71.8199438, -16.5851368]}, "properties": {"rol": "seguidor", "id": "TR-10_2-053", "tipo": "completo", "axis_azimuth": 0, "punto": "eje de unidad (no el motor)", "ncu": 21, "gw": 1, "axis_tilt": 0, "max_angle": 55, "backtrack": true, "gcr": 0.3843, "cross_axis_tilt": 0}}, {"type": "Feature", "geometry": {"type": "Point", "coordinates": [-71.8198282, -16.5851709]}, "properties": {"rol": "seguidor", "id": "TR-10_2-054", "tipo": "completo", "axis_azimuth": 0, "punto": "eje de unidad (no el motor)", "ncu": 21, "gw": 1, "axis_tilt": 0, "max_angle": 55, "backtrack": true, "gcr": 0.3843, "cross_axis_tilt": 0}}, {"type": "Feature", "geometry": {"type": "Point", "coordinates": [-71.8197121, -16.5851725]}, "properties": {"rol": "seguidor", "id": "TR-10_2-055", "tipo": "completo", "axis_azimuth": 0, "punto": "eje de unidad (no el motor)", "ncu": 21, "gw": 1, "axis_tilt": 0, "max_angle": 55, "backtrack": true, "gcr": 0.3843, "cross_axis_tilt": 0}}, {"type": "Feature", "geometry": {"type": "Point", "coordinates": [-71.819598, -16.5853122]}, "properties": {"rol": "seguidor", "id": "TR-10_2-056", "tipo": "completo", "axis_azimuth": 0, "punto": "eje de unidad (no el motor)", "ncu": 21, "gw": 1, "axis_tilt": 0, "max_angle": 55, "backtrack": true, "gcr": 0.3843, "cross_axis_tilt": 0}}, {"type": "Feature", "geometry": {"type": "Point", "coordinates": [-71.8194819, -16.5853138]}, "properties": {"rol": "seguidor", "id": "TR-10_2-057", "tipo": "completo", "axis_azimuth": 0, "punto": "eje de unidad (no el motor)", "ncu": 21, "gw": 1, "axis_tilt": 0, "max_angle": 55, "backtrack": true, "gcr": 0.3843, "cross_axis_tilt": 0}}, {"type": "Feature", "geometry": {"type": "Point", "coordinates": [-71.8193658, -16.5853154]}, "properties": {"rol": "seguidor", "id": "TR-10_2-058", "tipo": "completo", "axis_azimuth": 0, "punto": "eje de unidad (no el motor)", "ncu": 21, "gw": 1, "axis_tilt": 0, "max_angle": 55, "backtrack": true, "gcr": 0.3843, "cross_axis_tilt": 0}}, {"type": "Feature", "geometry": {"type": "Point", "coordinates": [-71.8192497, -16.5853169]}, "properties": {"rol": "seguidor", "id": "TR-10_2-059", "tipo": "completo", "axis_azimuth": 0, "punto": "eje de unidad (no el motor)", "ncu": 21, "gw": 1, "axis_tilt": 0, "max_angle": 55, "backtrack": true, "gcr": 0.3843, "cross_axis_tilt": 0}}, {"type": "Feature", "geometry": {"type": "Point", "coordinates": [-71.8191336, -16.5853185]}, "properties": {"rol": "seguidor", "id": "TR-10_2-060", "tipo": "completo", "axis_azimuth": 0, "punto": "eje de unidad (no el motor)", "ncu": 21, "gw": 1, "axis_tilt": 0, "max_angle": 55, "backtrack": true, "gcr": 0.3843, "cross_axis_tilt": 0}}, {"type": "Feature", "geometry": {"type": "Point", "coordinates": [-71.8190155, -16.5851847]}, "properties": {"rol": "seguidor", "id": "TR-10_2-061", "tipo": "medio", "axis_azimuth": 0, "punto": "eje de unidad (no el motor)", "ncu": 21, "gw": 1, "axis_tilt": 0, "max_angle": 55, "backtrack": true, "gcr": 0.3843, "cross_axis_tilt": 0}}, {"type": "Feature", "geometry": {"type": "Point", "coordinates": [-71.8189003, -16.5851862]}, "properties": {"rol": "seguidor", "id": "TR-10_2-062", "tipo": "medio", "axis_azimuth": 0, "punto": "eje de unidad (no el motor)", "ncu": 21, "gw": 1, "axis_tilt": 0, "max_angle": 55, "backtrack": true, "gcr": 0.3843, "cross_axis_tilt": 0}}, {"type": "Feature", "geometry": {"type": "Point", "coordinates": [-71.8204132, -16.5854764]}, "properties": {"rol": "seguidor", "id": "TR-10_2-063", "tipo": "completo", "axis_azimuth": 0, "punto": "eje de unidad (no el motor)", "ncu": 21, "gw": 1, "axis_tilt": 0, "max_angle": 55, "backtrack": true, "gcr": 0.3843, "cross_axis_tilt": 0}}, {"type": "Feature", "geometry": {"type": "Point", "coordinates": [-71.820302, -16.5858102]}, "properties": {"rol": "seguidor", "id": "TR-10_2-064", "tipo": "completo", "axis_azimuth": 0, "punto": "eje de unidad (no el motor)", "ncu": 21, "gw": 1, "axis_tilt": 0, "max_angle": 55, "backtrack": true, "gcr": 0.3843, "cross_axis_tilt": 0}}, {"type": "Feature", "geometry": {"type": "Point", "coordinates": [-71.8201859, -16.5858118]}, "properties": {"rol": "seguidor", "id": "TR-10_2-065", "tipo": "completo", "axis_azimuth": 0, "punto": "eje de unidad (no el motor)", "ncu": 21, "gw": 1, "axis_tilt": 0, "max_angle": 55, "backtrack": true, "gcr": 0.3843, "cross_axis_tilt": 0}}, {"type": "Feature", "geometry": {"type": "Point", "coordinates": [-71.8200698, -16.5858133]}, "properties": {"rol": "seguidor", "id": "TR-10_2-066", "tipo": "completo", "axis_azimuth": 0, "punto": "eje de unidad (no el motor)", "ncu": 21, "gw": 1, "axis_tilt": 0, "max_angle": 55, "backtrack": true, "gcr": 0.3843, "cross_axis_tilt": 0}}, {"type": "Feature", "geometry": {"type": "Point", "coordinates": [-71.8199537, -16.5858149]}, "properties": {"rol": "seguidor", "id": "TR-10_2-067", "tipo": "completo", "axis_azimuth": 0, "punto": "eje de unidad (no el motor)", "ncu": 21, "gw": 1, "axis_tilt": 0, "max_angle": 55, "backtrack": true, "gcr": 0.3843, "cross_axis_tilt": 0}}, {"type": "Feature", "geometry": {"type": "Point", "coordinates": [-71.8198356, -16.5856829]}, "properties": {"rol": "seguidor", "id": "TR-10_2-068", "tipo": "medio", "axis_azimuth": 0, "punto": "eje de unidad (no el motor)", "ncu": 21, "gw": 1, "axis_tilt": 0, "max_angle": 55, "backtrack": true, "gcr": 0.3843, "cross_axis_tilt": 0}}, {"type": "Feature", "geometry": {"type": "Point", "coordinates": [-71.8197195, -16.5856844]}, "properties": {"rol": "seguidor", "id": "TR-10_2-069", "tipo": "medio", "axis_azimuth": 0, "punto": "eje de unidad (no el motor)", "ncu": 21, "gw": 1, "axis_tilt": 0, "max_angle": 55, "backtrack": true, "gcr": 0.3843, "cross_axis_tilt": 0}}, {"type": "Feature", "geometry": {"type": "Point", "coordinates": [-71.7941385, -16.6055706]}, "properties": {"rol": "NCU", "nombre": "NCU MU-01_1-21"}}, {"type": "Feature", "geometry": {"type": "Point", "coordinates": [-71.7964474, -16.6031943]}, "properties": {"rol": "NCU", "nombre": "NCU MU-02_2-19"}}, {"type": "Feature", "geometry": {"type": "Point", "coordinates": [-71.7988858, -16.6031614]}, "properties": {"rol": "NCU", "nombre": "NCU MU-02_1-18"}}, {"type": "Feature", "geometry": {"type": "Point", "coordinates": [-71.800811, -16.6052704]}, "properties": {"rol": "NCU", "nombre": "NCU MU-03_1-20"}}, {"type": "Feature", "geometry": {"type": "Point", "coordinates": [-71.8034891, -16.6030994]}, "properties": {"rol": "NCU", "nombre": "NCU MU-04_1-17"}}, {"type": "Feature", "geometry": {"type": "Point", "coordinates": [-71.8053459, -16.6030743]}, "properties": {"rol": "NCU", "nombre": "NCU MU-04_2-16"}}, {"type": "Feature", "geometry": {"type": "Point", "coordinates": [-71.7968602, -16.5989695]}, "properties": {"rol": "NCU", "nombre": "NCU MU-05_2-15"}}, {"type": "Feature", "geometry": {"type": "Point", "coordinates": [-71.7988331, -16.598943]}, "properties": {"rol": "NCU", "nombre": "NCU MU-05_1-14"}}, {"type": "Feature", "geometry": {"type": "Point", "coordinates": [-71.8008485, -16.5975801]}, "properties": {"rol": "NCU", "nombre": "NCU MU-03_2-13"}}, {"type": "Feature", "geometry": {"type": "Point", "coordinates": [-71.802591, -16.5975567]}, "properties": {"rol": "NCU", "nombre": "NCU MU-06_1-12"}}, {"type": "Feature", "geometry": {"type": "Point", "coordinates": [-71.8048009, -16.5975268]}, "properties": {"rol": "NCU", "nombre": "NCU MU-06_2-11"}}, {"type": "Feature", "geometry": {"type": "Point", "coordinates": [-71.8016668, -16.5927223]}, "properties": {"rol": "NCU", "nombre": "NCU MU-07_1-10"}}, {"type": "Feature", "geometry": {"type": "Point", "coordinates": [-71.8044883, -16.5919898]}, "properties": {"rol": "NCU", "nombre": "NCU MU-07_2-09"}}, {"type": "Feature", "geometry": {"type": "Point", "coordinates": [-71.8037985, -16.5891788]}, "properties": {"rol": "NCU", "nombre": "NCU MU-08_1-07"}}, {"type": "Feature", "geometry": {"type": "Point", "coordinates": [-71.8048821, -16.5865389]}, "properties": {"rol": "NCU", "nombre": "NCU MU-08_1-08"}}, {"type": "Feature", "geometry": {"type": "Point", "coordinates": [-71.8082556, -16.5864934]}, "properties": {"rol": "NCU", "nombre": "NCU MU-08_2-06"}}, {"type": "Feature", "geometry": {"type": "Point", "coordinates": [-71.8115018, -16.5864495]}, "properties": {"rol": "NCU", "nombre": "NCU MU-09_1-05"}}, {"type": "Feature", "geometry": {"type": "Point", "coordinates": [-71.8142798, -16.5864119]}, "properties": {"rol": "NCU", "nombre": "NCU MU-09_2-04"}}, {"type": "Feature", "geometry": {"type": "Point", "coordinates": [-71.8168453, -16.5863772]}, "properties": {"rol": "NCU", "nombre": "NCU MU-10_1-03"}}, {"type": "Feature", "geometry": {"type": "Point", "coordinates": [-71.8186752, -16.5863795]}, "properties": {"rol": "NCU", "nombre": "NCU 20"}}, {"type": "Feature", "geometry": {"type": "Point", "coordinates": [-71.8187072, -16.5854254]}, "properties": {"rol": "NCU", "nombre": "NCU MU-10_2-01"}}, {"type": "Feature", "geometry": {"type": "Point", "coordinates": [-71.7942649, -16.6077065]}, "properties": {"rol": "HSU", "nombre": "HSU 1 (US)", "ncu": 1, "ncu_origen": "DERIVADO, no medido: NCU del seguidor más cercano (a 60 m; el de la 2, a 293 m, margen x4.92). Regla validada 14/14 contra El Burgo, Benante y Panbianco. Confirmar en campo", "gw": null, "esclavo": null}}, {"type": "Feature", "geometry": {"type": "Point", "coordinates": [-71.8062309, -16.6050663]}, "properties": {"rol": "HSU", "nombre": "HSU 2 (US)", "ncu": 6, "ncu_origen": "DERIVADO, no medido: NCU del seguidor más cercano (a 52 m; el de la 5, a 194 m, margen x3.73). Regla validada 14/14 contra El Burgo, Benante y Panbianco. Confirmar en campo", "gw": null, "esclavo": null}}, {"type": "Feature", "geometry": {"type": "Point", "coordinates": [-71.7978247, -16.596436]}, "properties": {"rol": "HSU", "nombre": "HSU 3 (US)", "ncu": null, "ncu_origen": null, "gw": null, "esclavo": null}}, {"type": "Feature", "geometry": {"type": "Point", "coordinates": [-71.8058817, -16.5956628]}, "properties": {"rol": "HSU", "nombre": "HSU 4 (US)", "ncu": 11, "ncu_origen": "DERIVADO, no medido: NCU del seguidor más cercano (a 62 m; el de la 13, a 166 m, margen x2.69). Regla validada 14/14 contra El Burgo, Benante y Panbianco. Confirmar en campo", "gw": null, "esclavo": null}}, {"type": "Feature", "geometry": {"type": "Point", "coordinates": [-71.8062984, -16.5846251]}, "properties": {"rol": "HSU", "nombre": "HSU 5 (US)", "ncu": null, "ncu_origen": null, "gw": null, "esclavo": null}}, {"type": "Feature", "geometry": {"type": "Point", "coordinates": [-71.8093342, -16.5888593]}, "properties": {"rol": "HSU", "nombre": "HSU 6 (US)", "ncu": null, "ncu_origen": null, "gw": null, "esclavo": null}}, {"type": "Feature", "geometry": {"type": "Point", "coordinates": [-71.815978, -16.5891343]}, "properties": {"rol": "HSU", "nombre": "HSU 7 (US)", "ncu": null, "ncu_origen": null, "gw": null, "esclavo": null}}, {"type": "Feature", "geometry": {"type": "Point", "coordinates": [-71.8169489, -16.5842319]}, "properties": {"rol": "HSU", "nombre": "HSU 8 (US)", "ncu": null, "ncu_origen": null, "gw": null, "esclavo": null}}]}