node_id,lat,lon,etiqueta,ncu,gw
TCU_SUNNER_ID_001,-16.603387,-71.795521,TR-01_1-001,1,1
TCU_SUNNER_ID_002,-16.603326,-71.795404,TR-01_1-002,1,1
TCU_SUNNER_ID_003,-16.603327,-71.795288,TR-01_1-003,1,1
TCU_SUNNER_ID_004,-16.603329,-71.795172,TR-01_1-004,1,1
TCU_SUNNER_ID_005,-16.60333,-71.795056,TR-01_1-005,1,1
TCU_SUNNER_ID_006,-16.603332,-71.79494,TR-01_1-006,1,1
TCU_SUNNER_ID_007,-16.603334,-71.794824,TR-01_1-007,1,1
TCU_SUNNER_ID_008,-16.603335,-71.794707,TR-01_1-008,1,1
TCU_SUNNER_ID_009,-16.604065,-71.795531,TR-01_1-009,1,1
TCU_SUNNER_ID_010,-16.604004,-71.795414,TR-01_1-010,1,1
TCU_SUNNER_ID_011,-16.604005,-71.795298,TR-01_1-011,1,1
TCU_SUNNER_ID_012,-16.604007,-71.795182,TR-01_1-012,1,1
TCU_SUNNER_ID_013,-16.604008,-71.795066,TR-01_1-013,1,1
TCU_SUNNER_ID_014,-16.60401,-71.794949,TR-01_1-014,1,1
TCU_SUNNER_ID_015,-16.604012,-71.794833,TR-01_1-015,1,1
TCU_SUNNER_ID_016,-16.604013,-71.794717,TR-01_1-016,1,1
TCU_SUNNER_ID_017,-16.604015,-71.794601,TR-01_1-017,1,1
TCU_SUNNER_ID_018,-16.604016,-71.794485,TR-01_1-018,1,1
TCU_SUNNER_ID_019,-16.604744,-71.795541,TR-01_1-019,1,1
TCU_SUNNER_ID_020,-16.604682,-71.795424,TR-01_1-020,1,1
TCU_SUNNER_ID_021,-16.604683,-71.795308,TR-01_1-021,1,1
TCU_SUNNER_ID_022,-16.604685,-71.795192,TR-01_1-022,1,1
TCU_SUNNER_ID_023,-16.604687,-71.795075,TR-01_1-023,1,1
TCU_SUNNER_ID_024,-16.604688,-71.794959,TR-01_1-024,1,1
TCU_SUNNER_ID_025,-16.60469,-71.794843,TR-01_1-025,1,1
TCU_SUNNER_ID_026,-16.604691,-71.794727,TR-01_1-026,1,1
TCU_SUNNER_ID_027,-16.604693,-71.794611,TR-01_1-027,1,1
TCU_SUNNER_ID_028,-16.604694,-71.794495,TR-01_1-028,1,1
TCU_SUNNER_ID_029,-16.604421,-71.794375,TR-01_1-029,1,1
TCU_SUNNER_ID_030,-16.604423,-71.794259,TR-01_1-030,1,1
TCU_SUNNER_ID_031,-16.604425,-71.794143,TR-01_1-031,1,1
TCU_SUNNER_ID_032,-16.604426,-71.794026,TR-01_1-032,1,1
TCU_SUNNER_ID_033,-16.604428,-71.79391,TR-01_1-033,1,1
TCU_SUNNER_ID_034,-16.604429,-71.793794,TR-01_1-034,1,1
TCU_SUNNER_ID_035,-16.604431,-71.793678,TR-01_1-035,1,1
TCU_SUNNER_ID_036,-16.604432,-71.793562,TR-01_1-036,1,1
TCU_SUNNER_ID_037,-16.604434,-71.793446,TR-01_1-037,1,1
TCU_SUNNER_ID_038,-16.604435,-71.79333,TR-01_1-038,1,1
TCU_SUNNER_ID_039,-16.604437,-71.793215,TR-01_1-039,1,1
TCU_SUNNER_ID_040,-16.604439,-71.793098,TR-01_1-040,1,1
TCU_SUNNER_ID_041,-16.60444,-71.792982,TR-01_1-041,1,1
TCU_SUNNER_ID_042,-16.605422,-71.795551,TR-01_1-042,1,1
TCU_SUNNER_ID_043,-16.60536,-71.795434,TR-01_1-043,1,1
TCU_SUNNER_ID_044,-16.605362,-71.795317,TR-01_1-044,1,1
TCU_SUNNER_ID_045,-16.605363,-71.795201,TR-01_1-045,1,1
TCU_SUNNER_ID_046,-16.605365,-71.795085,TR-01_1-046,1,1
TCU_SUNNER_ID_047,-16.605366,-71.794969,TR-01_1-047,1,1
TCU_SUNNER_ID_048,-16.605368,-71.794853,TR-01_1-048,1,1
TCU_SUNNER_ID_049,-16.605369,-71.794737,TR-01_1-049,1,1
TCU_SUNNER_ID_050,-16.605371,-71.794621,TR-01_1-050,1,1
TCU_SUNNER_ID_051,-16.605372,-71.794505,TR-01_1-051,1,1
TCU_SUNNER_ID_052,-16.6051,-71.794385,TR-01_1-052,1,1
TCU_SUNNER_ID_053,-16.605101,-71.794268,TR-01_1-053,1,1
TCU_SUNNER_ID_054,-16.605103,-71.794152,TR-01_1-054,1,1
TCU_SUNNER_ID_055,-16.605104,-71.794036,TR-01_1-055,1,1
TCU_SUNNER_ID_056,-16.605106,-71.79392,TR-01_1-056,1,1
TCU_SUNNER_ID_057,-16.605107,-71.793804,TR-01_1-057,1,1
TCU_SUNNER_ID_058,-16.605109,-71.793688,TR-01_1-058,1,1
TCU_SUNNER_ID_059,-16.60511,-71.793572,TR-01_1-059,1,1
TCU_SUNNER_ID_060,-16.605112,-71.793456,TR-01_1-060,1,1
TCU_SUNNER_ID_061,-16.605114,-71.79334,TR-01_1-061,1,1
TCU_SUNNER_ID_062,-16.605115,-71.793224,TR-01_1-062,1,1
TCU_SUNNER_ID_063,-16.605117,-71.793108,TR-01_1-063,1,1
TCU_SUNNER_ID_064,-16.605118,-71.792992,TR-01_1-064,1,1
TCU_SUNNER_ID_065,-16.60512,-71.792876,TR-01_1-065,1,1
TCU_SUNNER_ID_066,-16.605121,-71.79276,TR-01_1-066,1,1
TCU_SUNNER_ID_067,-16.605123,-71.792644,TR-01_1-067,1,1
TCU_SUNNER_ID_068,-16.605124,-71.792528,TR-01_1-068,1,1
TCU_SUNNER_ID_069,-16.605784,-71.79393,TR-01_1-069,1,2
TCU_SUNNER_ID_070,-16.605785,-71.793814,TR-01_1-070,1,2
TCU_SUNNER_ID_071,-16.605787,-71.793698,TR-01_1-071,1,2
TCU_SUNNER_ID_072,-16.605789,-71.793582,TR-01_1-072,1,2
TCU_SUNNER_ID_073,-16.60579,-71.793465,TR-01_1-073,1,2
TCU_SUNNER_ID_074,-16.605792,-71.793349,TR-01_1-074,1,2
TCU_SUNNER_ID_075,-16.605793,-71.793234,TR-01_1-075,1,2
TCU_SUNNER_ID_076,-16.605795,-71.793118,TR-01_1-076,1,2
TCU_SUNNER_ID_077,-16.605796,-71.793002,TR-01_1-077,1,2
TCU_SUNNER_ID_078,-16.605798,-71.792886,TR-01_1-078,1,2
TCU_SUNNER_ID_079,-16.605799,-71.79277,TR-01_1-079,1,2
TCU_SUNNER_ID_080,-16.605801,-71.792654,TR-01_1-080,1,2
TCU_SUNNER_ID_081,-16.605803,-71.792537,TR-01_1-081,1,2
TCU_SUNNER_ID_082,-16.606559,-71.79401,TR-01_1-082,1,2
TCU_SUNNER_ID_083,-16.606561,-71.793894,TR-01_1-083,1,2
TCU_SUNNER_ID_084,-16.606563,-71.793778,TR-01_1-084,1,2
TCU_SUNNER_ID_085,-16.606564,-71.793662,TR-01_1-085,1,2
TCU_SUNNER_ID_086,-16.606566,-71.793546,TR-01_1-086,1,2
TCU_SUNNER_ID_087,-16.606567,-71.79343,TR-01_1-087,1,2
TCU_SUNNER_ID_088,-16.606569,-71.793314,TR-01_1-088,1,2
TCU_SUNNER_ID_089,-16.60657,-71.793199,TR-01_1-089,1,2
TCU_SUNNER_ID_090,-16.606572,-71.793082,TR-01_1-090,1,2
TCU_SUNNER_ID_091,-16.606573,-71.792966,TR-01_1-091,1,2
TCU_SUNNER_ID_092,-16.606575,-71.79285,TR-01_1-092,1,2
TCU_SUNNER_ID_093,-16.606577,-71.792734,TR-01_1-093,1,2
TCU_SUNNER_ID_094,-16.606578,-71.792618,TR-01_1-094,1,2
TCU_SUNNER_ID_095,-16.606581,-71.792502,TR-01_1-095,1,2
TCU_SUNNER_ID_096,-16.607238,-71.79402,TR-01_1-096,1,2
TCU_SUNNER_ID_097,-16.607239,-71.793904,TR-01_1-097,1,2
TCU_SUNNER_ID_098,-16.607241,-71.793788,TR-01_1-098,1,2
TCU_SUNNER_ID_099,-16.607242,-71.793672,TR-01_1-099,1,2
TCU_SUNNER_ID_100,-16.607244,-71.793556,TR-01_1-100,1,2
TCU_SUNNER_ID_101,-16.607245,-71.79344,TR-01_1-101,1,2
TCU_SUNNER_ID_102,-16.607247,-71.793324,TR-01_1-102,1,2
TCU_SUNNER_ID_103,-16.607248,-71.793208,TR-01_1-103,1,2
TCU_SUNNER_ID_104,-16.60725,-71.793092,TR-01_1-104,1,2
TCU_SUNNER_ID_105,-16.607252,-71.792976,TR-01_1-105,1,2
TCU_SUNNER_ID_106,-16.607253,-71.79286,TR-01_1-106,1,2
TCU_SUNNER_ID_107,-16.607255,-71.792744,TR-01_1-107,1,2
TCU_SUNNER_ID_108,-16.607256,-71.792628,TR-01_1-108,1,2
TCU_SUNNER_ID_109,-16.607258,-71.792512,TR-01_1-109,1,2
TCU_SUNNER_ID_110,-16.607922,-71.793682,TR-01_1-110,1,2
TCU_SUNNER_ID_111,-16.607924,-71.793566,TR-01_1-111,1,2
TCU_SUNNER_ID_112,-16.607925,-71.793449,TR-01_1-112,1,2
TCU_SUNNER_ID_113,-16.607927,-71.793333,TR-01_1-113,1,2
TCU_SUNNER_ID_114,-16.607928,-71.793218,TR-01_1-114,1,2
TCU_SUNNER_ID_115,-16.60793,-71.793102,TR-01_1-115,1,2
TCU_SUNNER_ID_116,-16.607931,-71.792986,TR-01_1-116,1,2
TCU_SUNNER_ID_117,-16.607933,-71.79287,TR-01_1-117,1,2
TCU_SUNNER_ID_118,-16.607935,-71.792754,TR-01_1-118,1,2
TCU_SUNNER_ID_119,-16.607936,-71.792638,TR-01_1-119,1,2
TCU_SUNNER_ID_001,-16.601872,-71.79783,TR-02_2-001,2,1
TCU_SUNNER_ID_002,-16.601874,-71.797714,TR-02_2-002,2,1
TCU_SUNNER_ID_003,-16.601876,-71.797598,TR-02_2-003,2,1
TCU_SUNNER_ID_004,-16.601877,-71.797482,TR-02_2-004,2,1
TCU_SUNNER_ID_005,-16.601879,-71.797366,TR-02_2-005,2,1
TCU_SUNNER_ID_006,-16.60188,-71.79725,TR-02_2-006,2,1
TCU_SUNNER_ID_007,-16.601882,-71.797134,TR-02_2-007,2,1
TCU_SUNNER_ID_008,-16.601883,-71.797018,TR-02_2-008,2,1
TCU_SUNNER_ID_009,-16.601885,-71.796901,TR-02_2-009,2,1
TCU_SUNNER_ID_010,-16.601887,-71.796785,TR-02_2-010,2,1
TCU_SUNNER_ID_011,-16.601888,-71.796669,TR-02_2-011,2,1
TCU_SUNNER_ID_012,-16.60189,-71.796553,TR-02_2-012,2,1
TCU_SUNNER_ID_013,-16.601891,-71.796437,TR-02_2-013,2,1
TCU_SUNNER_ID_014,-16.601893,-71.796321,TR-02_2-014,2,1
TCU_SUNNER_ID_015,-16.601912,-71.794928,TR-02_2-015,2,1
TCU_SUNNER_ID_016,-16.601913,-71.794812,TR-02_2-016,2,1
TCU_SUNNER_ID_017,-16.601915,-71.794696,TR-02_2-017,2,1
TCU_SUNNER_ID_018,-16.601916,-71.79458,TR-02_2-018,2,1
TCU_SUNNER_ID_019,-16.602551,-71.79784,TR-02_2-019,2,1
TCU_SUNNER_ID_020,-16.602552,-71.797724,TR-02_2-020,2,1
TCU_SUNNER_ID_021,-16.602554,-71.797608,TR-02_2-021,2,1
TCU_SUNNER_ID_022,-16.602555,-71.797492,TR-02_2-022,2,1
TCU_SUNNER_ID_023,-16.602557,-71.797376,TR-02_2-023,2,1
TCU_SUNNER_ID_024,-16.602558,-71.79726,TR-02_2-024,2,1
TCU_SUNNER_ID_025,-16.60256,-71.797143,TR-02_2-025,2,1
TCU_SUNNER_ID_026,-16.602562,-71.797027,TR-02_2-026,2,1
TCU_SUNNER_ID_027,-16.602563,-71.796911,TR-02_2-027,2,1
TCU_SUNNER_ID_028,-16.602565,-71.796795,TR-02_2-028,2,1
TCU_SUNNER_ID_029,-16.602566,-71.796679,TR-02_2-029,2,1
TCU_SUNNER_ID_030,-16.602568,-71.796563,TR-02_2-030,2,1
TCU_SUNNER_ID_031,-16.602569,-71.796447,TR-02_2-031,2,1
TCU_SUNNER_ID_032,-16.602571,-71.796331,TR-02_2-032,2,1
TCU_SUNNER_ID_033,-16.602572,-71.796215,TR-02_2-033,2,1
TCU_SUNNER_ID_034,-16.602574,-71.796099,TR-02_2-034,2,1
TCU_SUNNER_ID_035,-16.602576,-71.795983,TR-02_2-035,2,1
TCU_SUNNER_ID_036,-16.602577,-71.795867,TR-02_2-036,2,1
TCU_SUNNER_ID_037,-16.602579,-71.795751,TR-02_2-037,2,1
TCU_SUNNER_ID_038,-16.60258,-71.795635,TR-02_2-038,2,1
TCU_SUNNER_ID_039,-16.602582,-71.795519,TR-02_2-039,2,1
TCU_SUNNER_ID_040,-16.602583,-71.795403,TR-02_2-040,2,1
TCU_SUNNER_ID_041,-16.602585,-71.795287,TR-02_2-041,2,1
TCU_SUNNER_ID_042,-16.602587,-71.795171,TR-02_2-042,2,1
TCU_SUNNER_ID_043,-16.602588,-71.795054,TR-02_2-043,2,1
TCU_SUNNER_ID_044,-16.60259,-71.794938,TR-02_2-044,2,1
TCU_SUNNER_ID_045,-16.602591,-71.794822,TR-02_2-045,2,1
TCU_SUNNER_ID_046,-16.602593,-71.794706,TR-02_2-046,2,1
TCU_SUNNER_ID_047,-16.602594,-71.79459,TR-02_2-047,2,1
TCU_SUNNER_ID_048,-16.603359,-71.79761,TR-02_2-048,2,2
TCU_SUNNER_ID_049,-16.603361,-71.797494,TR-02_2-049,2,2
TCU_SUNNER_ID_050,-16.603362,-71.797378,TR-02_2-050,2,2
TCU_SUNNER_ID_051,-16.603364,-71.797262,TR-02_2-051,2,2
TCU_SUNNER_ID_052,-16.603365,-71.797146,TR-02_2-052,2,2
TCU_SUNNER_ID_053,-16.603367,-71.79703,TR-02_2-053,2,2
TCU_SUNNER_ID_054,-16.603369,-71.796914,TR-02_2-054,2,2
TCU_SUNNER_ID_055,-16.60337,-71.796797,TR-02_2-055,2,2
TCU_SUNNER_ID_056,-16.603372,-71.796681,TR-02_2-056,2,2
TCU_SUNNER_ID_057,-16.603539,-71.796568,TR-02_2-057,2,2
TCU_SUNNER_ID_058,-16.603541,-71.796452,TR-02_2-058,2,2
TCU_SUNNER_ID_059,-16.603376,-71.796333,TR-02_2-059,2,2
TCU_SUNNER_ID_060,-16.603378,-71.796217,TR-02_2-060,2,2
TCU_SUNNER_ID_061,-16.60338,-71.796102,TR-02_2-061,2,2
TCU_SUNNER_ID_062,-16.603381,-71.795986,TR-02_2-062,2,2
TCU_SUNNER_ID_063,-16.603383,-71.795869,TR-02_2-063,2,2
TCU_SUNNER_ID_064,-16.603384,-71.795753,TR-02_2-064,2,2
TCU_SUNNER_ID_065,-16.603386,-71.795637,TR-02_2-065,2,2
TCU_SUNNER_ID_066,-16.604037,-71.79762,TR-02_2-066,2,2
TCU_SUNNER_ID_067,-16.604039,-71.797504,TR-02_2-067,2,2
TCU_SUNNER_ID_068,-16.60404,-71.797388,TR-02_2-068,2,2
TCU_SUNNER_ID_069,-16.604042,-71.797272,TR-02_2-069,2,2
TCU_SUNNER_ID_070,-16.604044,-71.797156,TR-02_2-070,2,2
TCU_SUNNER_ID_071,-16.604045,-71.797039,TR-02_2-071,2,2
TCU_SUNNER_ID_072,-16.604047,-71.796923,TR-02_2-072,2,2
TCU_SUNNER_ID_073,-16.604048,-71.796807,TR-02_2-073,2,2
TCU_SUNNER_ID_074,-16.60405,-71.796691,TR-02_2-074,2,2
TCU_SUNNER_ID_075,-16.604051,-71.796575,TR-02_2-075,2,2
TCU_SUNNER_ID_076,-16.604053,-71.796459,TR-02_2-076,2,2
TCU_SUNNER_ID_077,-16.604054,-71.796343,TR-02_2-077,2,2
TCU_SUNNER_ID_078,-16.604056,-71.796227,TR-02_2-078,2,2
TCU_SUNNER_ID_079,-16.604058,-71.796112,TR-02_2-079,2,2
TCU_SUNNER_ID_080,-16.604059,-71.795995,TR-02_2-080,2,2
TCU_SUNNER_ID_081,-16.604061,-71.795879,TR-02_2-081,2,2
TCU_SUNNER_ID_082,-16.604062,-71.795763,TR-02_2-082,2,2
TCU_SUNNER_ID_083,-16.604064,-71.795647,TR-02_2-083,2,2
TCU_SUNNER_ID_084,-16.604715,-71.79763,TR-02_2-084,2,2
TCU_SUNNER_ID_085,-16.604717,-71.797514,TR-02_2-085,2,2
TCU_SUNNER_ID_086,-16.604719,-71.797398,TR-02_2-086,2,2
TCU_SUNNER_ID_087,-16.60472,-71.797282,TR-02_2-087,2,2
TCU_SUNNER_ID_088,-16.604722,-71.797165,TR-02_2-088,2,2
TCU_SUNNER_ID_089,-16.604723,-71.797049,TR-02_2-089,2,2
TCU_SUNNER_ID_090,-16.604725,-71.796933,TR-02_2-090,2,2
TCU_SUNNER_ID_091,-16.604726,-71.796817,TR-02_2-091,2,2
TCU_SUNNER_ID_092,-16.604728,-71.796701,TR-02_2-092,2,2
TCU_SUNNER_ID_093,-16.604729,-71.796585,TR-02_2-093,2,2
TCU_SUNNER_ID_094,-16.604731,-71.796469,TR-02_2-094,2,2
TCU_SUNNER_ID_095,-16.604733,-71.796353,TR-02_2-095,2,2
TCU_SUNNER_ID_096,-16.604734,-71.796237,TR-02_2-096,2,2
TCU_SUNNER_ID_097,-16.604736,-71.796121,TR-02_2-097,2,2
TCU_SUNNER_ID_098,-16.604737,-71.796005,TR-02_2-098,2,2
TCU_SUNNER_ID_099,-16.604739,-71.795889,TR-02_2-099,2,2
TCU_SUNNER_ID_100,-16.60474,-71.795773,TR-02_2-100,2,2
TCU_SUNNER_ID_101,-16.604742,-71.795657,TR-02_2-101,2,2
TCU_SUNNER_ID_102,-16.605393,-71.79764,TR-02_2-102,2,2
TCU_SUNNER_ID_103,-16.605395,-71.797524,TR-02_2-103,2,2
TCU_SUNNER_ID_104,-16.605397,-71.797407,TR-02_2-104,2,2
TCU_SUNNER_ID_105,-16.605398,-71.797291,TR-02_2-105,2,2
TCU_SUNNER_ID_106,-16.6054,-71.797175,TR-02_2-106,2,2
TCU_SUNNER_ID_107,-16.605401,-71.797059,TR-02_2-107,2,2
TCU_SUNNER_ID_108,-16.605403,-71.796943,TR-02_2-108,2,2
TCU_SUNNER_ID_109,-16.605404,-71.796827,TR-02_2-109,2,2
TCU_SUNNER_ID_110,-16.605406,-71.796711,TR-02_2-110,2,2
TCU_SUNNER_ID_111,-16.605408,-71.796595,TR-02_2-111,2,2
TCU_SUNNER_ID_112,-16.605409,-71.796479,TR-02_2-112,2,2
TCU_SUNNER_ID_113,-16.605411,-71.796362,TR-02_2-113,2,2
TCU_SUNNER_ID_114,-16.605412,-71.796246,TR-02_2-114,2,2
TCU_SUNNER_ID_115,-16.605414,-71.796131,TR-02_2-115,2,2
TCU_SUNNER_ID_116,-16.605415,-71.796015,TR-02_2-116,2,2
TCU_SUNNER_ID_117,-16.605417,-71.795899,TR-02_2-117,2,2
TCU_SUNNER_ID_118,-16.605418,-71.795783,TR-02_2-118,2,2
TCU_SUNNER_ID_119,-16.60542,-71.795667,TR-02_2-119,2,2
TCU_SUNNER_ID_001,-16.602002,-71.80057,TR-02_1-001,3,1
TCU_SUNNER_ID_002,-16.601837,-71.800451,TR-02_1-002,3,1
TCU_SUNNER_ID_003,-16.601839,-71.800335,TR-02_1-003,3,1
TCU_SUNNER_ID_004,-16.60184,-71.800219,TR-02_1-004,3,1
TCU_SUNNER_ID_005,-16.601842,-71.800103,TR-02_1-005,3,1
TCU_SUNNER_ID_006,-16.601843,-71.799987,TR-02_1-006,3,1
TCU_SUNNER_ID_007,-16.601845,-71.799871,TR-02_1-007,3,1
TCU_SUNNER_ID_008,-16.601847,-71.799755,TR-02_1-008,3,1
TCU_SUNNER_ID_009,-16.601848,-71.799639,TR-02_1-009,3,1
TCU_SUNNER_ID_010,-16.60185,-71.799522,TR-02_1-010,3,1
TCU_SUNNER_ID_011,-16.601852,-71.799339,TR-02_1-011,3,1
TCU_SUNNER_ID_012,-16.601854,-71.799223,TR-02_1-012,3,1
TCU_SUNNER_ID_013,-16.601855,-71.799107,TR-02_1-013,3,1
TCU_SUNNER_ID_014,-16.601857,-71.798991,TR-02_1-014,3,1
TCU_SUNNER_ID_015,-16.601858,-71.798874,TR-02_1-015,3,1
TCU_SUNNER_ID_016,-16.60186,-71.798758,TR-02_1-016,3,1
TCU_SUNNER_ID_017,-16.601862,-71.798642,TR-02_1-017,3,1
TCU_SUNNER_ID_018,-16.601863,-71.798526,TR-02_1-018,3,1
TCU_SUNNER_ID_019,-16.601865,-71.798411,TR-02_1-019,3,1
TCU_SUNNER_ID_020,-16.601866,-71.798295,TR-02_1-020,3,1
TCU_SUNNER_ID_021,-16.601868,-71.798179,TR-02_1-021,3,1
TCU_SUNNER_ID_022,-16.601869,-71.798063,TR-02_1-022,3,1
TCU_SUNNER_ID_023,-16.601871,-71.797946,TR-02_1-023,3,1
TCU_SUNNER_ID_024,-16.602514,-71.800577,TR-02_1-024,3,1
TCU_SUNNER_ID_025,-16.602515,-71.800461,TR-02_1-025,3,1
TCU_SUNNER_ID_026,-16.602517,-71.800345,TR-02_1-026,3,1
TCU_SUNNER_ID_027,-16.602518,-71.800229,TR-02_1-027,3,1
TCU_SUNNER_ID_028,-16.60252,-71.800113,TR-02_1-028,3,1
TCU_SUNNER_ID_029,-16.602522,-71.799997,TR-02_1-029,3,1
TCU_SUNNER_ID_030,-16.602523,-71.799881,TR-02_1-030,3,1
TCU_SUNNER_ID_031,-16.602525,-71.799764,TR-02_1-031,3,1
TCU_SUNNER_ID_032,-16.602526,-71.799648,TR-02_1-032,3,1
TCU_SUNNER_ID_033,-16.602528,-71.799532,TR-02_1-033,3,1
TCU_SUNNER_ID_034,-16.60253,-71.799349,TR-02_1-034,3,1
TCU_SUNNER_ID_035,-16.602532,-71.799233,TR-02_1-035,3,1
TCU_SUNNER_ID_036,-16.602533,-71.799116,TR-02_1-036,3,1
TCU_SUNNER_ID_037,-16.602535,-71.799001,TR-02_1-037,3,1
TCU_SUNNER_ID_038,-16.602537,-71.798885,TR-02_1-038,3,1
TCU_SUNNER_ID_039,-16.602538,-71.798769,TR-02_1-039,3,1
TCU_SUNNER_ID_040,-16.60254,-71.798653,TR-02_1-040,3,1
TCU_SUNNER_ID_041,-16.602541,-71.798537,TR-02_1-041,3,1
TCU_SUNNER_ID_042,-16.602543,-71.798421,TR-02_1-042,3,1
TCU_SUNNER_ID_043,-16.602544,-71.798305,TR-02_1-043,3,1
TCU_SUNNER_ID_044,-16.602546,-71.798189,TR-02_1-044,3,1
TCU_SUNNER_ID_045,-16.602547,-71.798072,TR-02_1-045,3,1
TCU_SUNNER_ID_046,-16.602549,-71.797956,TR-02_1-046,3,2
TCU_SUNNER_ID_047,-16.603324,-71.800241,TR-02_1-047,3,2
TCU_SUNNER_ID_048,-16.603325,-71.800124,TR-02_1-048,3,2
TCU_SUNNER_ID_049,-16.603327,-71.800008,TR-02_1-049,3,2
TCU_SUNNER_ID_050,-16.603328,-71.799892,TR-02_1-050,3,2
TCU_SUNNER_ID_051,-16.60333,-71.799776,TR-02_1-051,3,2
TCU_SUNNER_ID_052,-16.603332,-71.79966,TR-02_1-052,3,2
TCU_SUNNER_ID_053,-16.603333,-71.799544,TR-02_1-053,3,2
TCU_SUNNER_ID_054,-16.603336,-71.799351,TR-02_1-054,3,2
TCU_SUNNER_ID_055,-16.603337,-71.799235,TR-02_1-055,3,2
TCU_SUNNER_ID_056,-16.603339,-71.799119,TR-02_1-056,3,2
TCU_SUNNER_ID_057,-16.603507,-71.799006,TR-02_1-057,3,2
TCU_SUNNER_ID_058,-16.603508,-71.79889,TR-02_1-058,3,2
TCU_SUNNER_ID_059,-16.603344,-71.798771,TR-02_1-059,3,2
TCU_SUNNER_ID_060,-16.603345,-71.798655,TR-02_1-060,3,2
TCU_SUNNER_ID_061,-16.603347,-71.798539,TR-02_1-061,3,2
TCU_SUNNER_ID_062,-16.603348,-71.798423,TR-02_1-062,3,2
TCU_SUNNER_ID_063,-16.60335,-71.798307,TR-02_1-063,3,2
TCU_SUNNER_ID_064,-16.603351,-71.798191,TR-02_1-064,3,2
TCU_SUNNER_ID_065,-16.603353,-71.798075,TR-02_1-065,3,2
TCU_SUNNER_ID_066,-16.603355,-71.797959,TR-02_1-066,3,2
TCU_SUNNER_ID_067,-16.603356,-71.797842,TR-02_1-067,3,2
TCU_SUNNER_ID_068,-16.603358,-71.797726,TR-02_1-068,3,2
TCU_SUNNER_ID_069,-16.604002,-71.80025,TR-02_1-069,3,2
TCU_SUNNER_ID_070,-16.604003,-71.800134,TR-02_1-070,3,2
TCU_SUNNER_ID_071,-16.604005,-71.800018,TR-02_1-071,3,2
TCU_SUNNER_ID_072,-16.604007,-71.799902,TR-02_1-072,3,2
TCU_SUNNER_ID_073,-16.604008,-71.799786,TR-02_1-073,3,2
TCU_SUNNER_ID_074,-16.60401,-71.79967,TR-02_1-074,3,2
TCU_SUNNER_ID_075,-16.604011,-71.799554,TR-02_1-075,3,2
TCU_SUNNER_ID_076,-16.604014,-71.799361,TR-02_1-076,3,2
TCU_SUNNER_ID_077,-16.604015,-71.799245,TR-02_1-077,3,2
TCU_SUNNER_ID_078,-16.604017,-71.799129,TR-02_1-078,3,2
TCU_SUNNER_ID_079,-16.604019,-71.799013,TR-02_1-079,3,2
TCU_SUNNER_ID_080,-16.60402,-71.798897,TR-02_1-080,3,2
TCU_SUNNER_ID_081,-16.604022,-71.798781,TR-02_1-081,3,2
TCU_SUNNER_ID_082,-16.604023,-71.798665,TR-02_1-082,3,2
TCU_SUNNER_ID_083,-16.604025,-71.798549,TR-02_1-083,3,2
TCU_SUNNER_ID_084,-16.604026,-71.798433,TR-02_1-084,3,2
TCU_SUNNER_ID_085,-16.604028,-71.798317,TR-02_1-085,3,2
TCU_SUNNER_ID_086,-16.604029,-71.798201,TR-02_1-086,3,2
TCU_SUNNER_ID_087,-16.604031,-71.798085,TR-02_1-087,3,2
TCU_SUNNER_ID_088,-16.604033,-71.797968,TR-02_1-088,3,2
TCU_SUNNER_ID_089,-16.604034,-71.797852,TR-02_1-089,3,2
TCU_SUNNER_ID_090,-16.604036,-71.797736,TR-02_1-090,3,2
TCU_SUNNER_ID_091,-16.604692,-71.799371,TR-02_1-091,3,2
TCU_SUNNER_ID_092,-16.604694,-71.799255,TR-02_1-092,3,2
TCU_SUNNER_ID_093,-16.604695,-71.799138,TR-02_1-093,3,2
TCU_SUNNER_ID_094,-16.604697,-71.799023,TR-02_1-094,3,2
TCU_SUNNER_ID_095,-16.604698,-71.798907,TR-02_1-095,3,2
TCU_SUNNER_ID_096,-16.6047,-71.798791,TR-02_1-096,3,2
TCU_SUNNER_ID_097,-16.604701,-71.798675,TR-02_1-097,3,2
TCU_SUNNER_ID_098,-16.604703,-71.798559,TR-02_1-098,3,2
TCU_SUNNER_ID_099,-16.604704,-71.798443,TR-02_1-099,3,2
TCU_SUNNER_ID_100,-16.604706,-71.798327,TR-02_1-100,3,2
TCU_SUNNER_ID_101,-16.604708,-71.79821,TR-02_1-101,3,2
TCU_SUNNER_ID_102,-16.604709,-71.798094,TR-02_1-102,3,2
TCU_SUNNER_ID_103,-16.604711,-71.797978,TR-02_1-103,3,2
TCU_SUNNER_ID_104,-16.604712,-71.797862,TR-02_1-104,3,2
TCU_SUNNER_ID_105,-16.604714,-71.797746,TR-02_1-105,3,2
TCU_SUNNER_ID_106,-16.60537,-71.79938,TR-02_1-106,3,2
TCU_SUNNER_ID_107,-16.605372,-71.799264,TR-02_1-107,3,2
TCU_SUNNER_ID_108,-16.605373,-71.799148,TR-02_1-108,3,2
TCU_SUNNER_ID_109,-16.605375,-71.799033,TR-02_1-109,3,2
TCU_SUNNER_ID_110,-16.605376,-71.798917,TR-02_1-110,3,2
TCU_SUNNER_ID_111,-16.605378,-71.798801,TR-02_1-111,3,2
TCU_SUNNER_ID_112,-16.605379,-71.798685,TR-02_1-112,3,2
TCU_SUNNER_ID_113,-16.605381,-71.798569,TR-02_1-113,3,2
TCU_SUNNER_ID_114,-16.605383,-71.798452,TR-02_1-114,3,2
TCU_SUNNER_ID_115,-16.605384,-71.798336,TR-02_1-115,3,2
TCU_SUNNER_ID_116,-16.605386,-71.79822,TR-02_1-116,3,2
TCU_SUNNER_ID_117,-16.605387,-71.798104,TR-02_1-117,3,2
TCU_SUNNER_ID_118,-16.605389,-71.797988,TR-02_1-118,3,2
TCU_SUNNER_ID_119,-16.60539,-71.797872,TR-02_1-119,3,2
TCU_SUNNER_ID_120,-16.605392,-71.797756,TR-02_1-120,3,2
TCU_SUNNER_ID_001,-16.601809,-71.80254,TR-03_1-001,4,1
TCU_SUNNER_ID_002,-16.601811,-71.802424,TR-03_1-002,4,1
TCU_SUNNER_ID_003,-16.601812,-71.802308,TR-03_1-003,4,1
TCU_SUNNER_ID_004,-16.601814,-71.802192,TR-03_1-004,4,1
TCU_SUNNER_ID_005,-16.601981,-71.802078,TR-03_1-005,4,1
TCU_SUNNER_ID_006,-16.601983,-71.801962,TR-03_1-006,4,1
TCU_SUNNER_ID_007,-16.601985,-71.801846,TR-03_1-007,4,1
TCU_SUNNER_ID_008,-16.601986,-71.80173,TR-03_1-008,4,1
TCU_SUNNER_ID_009,-16.601988,-71.801614,TR-03_1-009,4,1
TCU_SUNNER_ID_010,-16.601989,-71.801499,TR-03_1-010,4,1
TCU_SUNNER_ID_011,-16.601991,-71.801383,TR-03_1-011,4,1
TCU_SUNNER_ID_012,-16.601992,-71.801266,TR-03_1-012,4,1
TCU_SUNNER_ID_013,-16.601994,-71.80115,TR-03_1-013,4,1
TCU_SUNNER_ID_014,-16.601995,-71.801034,TR-03_1-014,4,1
TCU_SUNNER_ID_015,-16.601997,-71.800918,TR-03_1-015,4,1
TCU_SUNNER_ID_016,-16.601999,-71.800802,TR-03_1-016,4,1
TCU_SUNNER_ID_017,-16.602,-71.800686,TR-03_1-017,4,1
TCU_SUNNER_ID_018,-16.602487,-71.80255,TR-03_1-018,4,1
TCU_SUNNER_ID_019,-16.602489,-71.802434,TR-03_1-019,4,1
TCU_SUNNER_ID_020,-16.60249,-71.802318,TR-03_1-020,4,1
TCU_SUNNER_ID_021,-16.602492,-71.802202,TR-03_1-021,4,1
TCU_SUNNER_ID_022,-16.602493,-71.802086,TR-03_1-022,4,1
TCU_SUNNER_ID_023,-16.602495,-71.80197,TR-03_1-023,4,1
TCU_SUNNER_ID_024,-16.602496,-71.801854,TR-03_1-024,4,1
TCU_SUNNER_ID_025,-16.602498,-71.801737,TR-03_1-025,4,1
TCU_SUNNER_ID_026,-16.6025,-71.801621,TR-03_1-026,4,1
TCU_SUNNER_ID_027,-16.602501,-71.801506,TR-03_1-027,4,1
TCU_SUNNER_ID_028,-16.602503,-71.80139,TR-03_1-028,4,1
TCU_SUNNER_ID_029,-16.602504,-71.801274,TR-03_1-029,4,1
TCU_SUNNER_ID_030,-16.602506,-71.801158,TR-03_1-030,4,1
TCU_SUNNER_ID_031,-16.602507,-71.801042,TR-03_1-031,4,1
TCU_SUNNER_ID_032,-16.602509,-71.800926,TR-03_1-032,4,1
TCU_SUNNER_ID_033,-16.602511,-71.800809,TR-03_1-033,4,1
TCU_SUNNER_ID_034,-16.602512,-71.800693,TR-03_1-034,4,1
TCU_SUNNER_ID_035,-16.603294,-71.802446,TR-03_1-035,4,1
TCU_SUNNER_ID_036,-16.603296,-71.80233,TR-03_1-036,4,1
TCU_SUNNER_ID_037,-16.603297,-71.802214,TR-03_1-037,4,1
TCU_SUNNER_ID_038,-16.603299,-71.802097,TR-03_1-038,4,1
TCU_SUNNER_ID_039,-16.6033,-71.801981,TR-03_1-039,4,1
TCU_SUNNER_ID_040,-16.603302,-71.801865,TR-03_1-040,4,1
TCU_SUNNER_ID_041,-16.603303,-71.801749,TR-03_1-041,4,1
TCU_SUNNER_ID_042,-16.603305,-71.801633,TR-03_1-042,4,1
TCU_SUNNER_ID_043,-16.603307,-71.801518,TR-03_1-043,4,1
TCU_SUNNER_ID_044,-16.603308,-71.801402,TR-03_1-044,4,1
TCU_SUNNER_ID_045,-16.60331,-71.801286,TR-03_1-045,4,1
TCU_SUNNER_ID_046,-16.603311,-71.801169,TR-03_1-046,4,1
TCU_SUNNER_ID_047,-16.603313,-71.801053,TR-03_1-047,4,1
TCU_SUNNER_ID_048,-16.603314,-71.800937,TR-03_1-048,4,1
TCU_SUNNER_ID_049,-16.603316,-71.800821,TR-03_1-049,4,1
TCU_SUNNER_ID_050,-16.603318,-71.800705,TR-03_1-050,4,1
TCU_SUNNER_ID_051,-16.603319,-71.800589,TR-03_1-051,4,1
TCU_SUNNER_ID_052,-16.603321,-71.800473,TR-03_1-052,4,1
TCU_SUNNER_ID_053,-16.603322,-71.800357,TR-03_1-053,4,1
TCU_SUNNER_ID_054,-16.603972,-71.802456,TR-03_1-054,4,1
TCU_SUNNER_ID_055,-16.603974,-71.802339,TR-03_1-055,4,1
TCU_SUNNER_ID_056,-16.603975,-71.802223,TR-03_1-056,4,1
TCU_SUNNER_ID_057,-16.603977,-71.802107,TR-03_1-057,4,1
TCU_SUNNER_ID_058,-16.603978,-71.801991,TR-03_1-058,4,1
TCU_SUNNER_ID_059,-16.60398,-71.801875,TR-03_1-059,4,1
TCU_SUNNER_ID_060,-16.603982,-71.801759,TR-03_1-060,4,1
TCU_SUNNER_ID_061,-16.603983,-71.801643,TR-03_1-061,4,1
TCU_SUNNER_ID_062,-16.603985,-71.801528,TR-03_1-062,4,1
TCU_SUNNER_ID_063,-16.603986,-71.801412,TR-03_1-063,4,1
TCU_SUNNER_ID_064,-16.603988,-71.801295,TR-03_1-064,4,1
TCU_SUNNER_ID_065,-16.603989,-71.801179,TR-03_1-065,4,1
TCU_SUNNER_ID_066,-16.603991,-71.801063,TR-03_1-066,4,1
TCU_SUNNER_ID_067,-16.603992,-71.800947,TR-03_1-067,4,1
TCU_SUNNER_ID_068,-16.603994,-71.800831,TR-03_1-068,4,1
TCU_SUNNER_ID_069,-16.603996,-71.800715,TR-03_1-069,4,1
TCU_SUNNER_ID_070,-16.603997,-71.800599,TR-03_1-070,4,1
TCU_SUNNER_ID_071,-16.603999,-71.800483,TR-03_1-071,4,1
TCU_SUNNER_ID_072,-16.604,-71.800367,TR-03_1-072,4,1
TCU_SUNNER_ID_073,-16.60465,-71.802465,TR-03_1-073,4,1
TCU_SUNNER_ID_074,-16.604652,-71.802349,TR-03_1-074,4,1
TCU_SUNNER_ID_075,-16.604653,-71.802233,TR-03_1-075,4,1
TCU_SUNNER_ID_076,-16.604655,-71.802117,TR-03_1-076,4,1
TCU_SUNNER_ID_077,-16.604656,-71.802001,TR-03_1-077,4,1
TCU_SUNNER_ID_078,-16.604658,-71.801885,TR-03_1-078,4,1
TCU_SUNNER_ID_079,-16.60466,-71.801769,TR-03_1-079,4,1
TCU_SUNNER_ID_080,-16.604661,-71.801653,TR-03_1-080,4,1
TCU_SUNNER_ID_081,-16.604663,-71.801537,TR-03_1-081,4,1
TCU_SUNNER_ID_082,-16.604664,-71.801421,TR-03_1-082,4,1
TCU_SUNNER_ID_083,-16.604666,-71.801305,TR-03_1-083,4,1
TCU_SUNNER_ID_084,-16.604667,-71.801189,TR-03_1-084,4,1
TCU_SUNNER_ID_085,-16.604669,-71.801073,TR-03_1-085,4,1
TCU_SUNNER_ID_086,-16.604671,-71.800957,TR-03_1-086,4,1
TCU_SUNNER_ID_087,-16.604672,-71.800841,TR-03_1-087,4,1
TCU_SUNNER_ID_088,-16.604674,-71.800725,TR-03_1-088,4,1
TCU_SUNNER_ID_089,-16.604675,-71.800609,TR-03_1-089,4,1
TCU_SUNNER_ID_090,-16.605328,-71.802475,TR-03_1-090,4,2
TCU_SUNNER_ID_091,-16.60533,-71.802359,TR-03_1-091,4,2
TCU_SUNNER_ID_092,-16.605331,-71.802243,TR-03_1-092,4,2
TCU_SUNNER_ID_093,-16.605333,-71.802127,TR-03_1-093,4,2
TCU_SUNNER_ID_094,-16.605335,-71.802011,TR-03_1-094,4,2
TCU_SUNNER_ID_095,-16.605336,-71.801895,TR-03_1-095,4,2
TCU_SUNNER_ID_096,-16.605338,-71.801779,TR-03_1-096,4,2
TCU_SUNNER_ID_097,-16.605339,-71.801662,TR-03_1-097,4,2
TCU_SUNNER_ID_098,-16.605341,-71.801547,TR-03_1-098,4,2
TCU_SUNNER_ID_099,-16.605342,-71.801431,TR-03_1-099,4,2
TCU_SUNNER_ID_100,-16.605344,-71.801315,TR-03_1-100,4,2
TCU_SUNNER_ID_101,-16.605346,-71.801199,TR-03_1-101,4,2
TCU_SUNNER_ID_102,-16.605347,-71.801083,TR-03_1-102,4,2
TCU_SUNNER_ID_103,-16.606081,-71.80311,TR-03_1-103,4,2
TCU_SUNNER_ID_104,-16.606083,-71.802994,TR-03_1-104,4,2
TCU_SUNNER_ID_105,-16.606084,-71.802878,TR-03_1-105,4,2
TCU_SUNNER_ID_106,-16.606086,-71.802762,TR-03_1-106,4,2
TCU_SUNNER_ID_107,-16.606087,-71.802646,TR-03_1-107,4,2
TCU_SUNNER_ID_108,-16.606089,-71.802529,TR-03_1-108,4,2
TCU_SUNNER_ID_109,-16.60609,-71.802413,TR-03_1-109,4,2
TCU_SUNNER_ID_110,-16.606092,-71.802297,TR-03_1-110,4,2
TCU_SUNNER_ID_111,-16.606094,-71.802181,TR-03_1-111,4,2
TCU_SUNNER_ID_112,-16.606095,-71.802065,TR-03_1-112,4,2
TCU_SUNNER_ID_113,-16.606097,-71.801949,TR-03_1-113,4,2
TCU_SUNNER_ID_114,-16.606098,-71.801833,TR-03_1-114,4,2
TCU_SUNNER_ID_115,-16.6061,-71.801718,TR-03_1-115,4,2
TCU_SUNNER_ID_116,-16.606101,-71.801601,TR-03_1-116,4,2
TCU_SUNNER_ID_117,-16.606103,-71.801485,TR-03_1-117,4,2
TCU_SUNNER_ID_118,-16.606772,-71.802191,TR-03_1-118,4,2
TCU_SUNNER_ID_119,-16.606773,-71.802075,TR-03_1-119,4,2
TCU_SUNNER_ID_120,-16.606775,-71.801959,TR-03_1-120,4,2
TCU_SUNNER_ID_121,-16.606776,-71.801843,TR-03_1-121,4,2
TCU_SUNNER_ID_122,-16.606778,-71.801727,TR-03_1-122,4,2
TCU_SUNNER_ID_123,-16.606779,-71.801611,TR-03_1-123,4,2
TCU_SUNNER_ID_124,-16.606781,-71.801495,TR-03_1-124,4,2
TCU_SUNNER_ID_001,-16.600428,-71.804378,TR-04_1-001,5,1
TCU_SUNNER_ID_002,-16.600429,-71.804262,TR-04_1-002,5,1
TCU_SUNNER_ID_003,-16.600431,-71.804146,TR-04_1-003,5,1
TCU_SUNNER_ID_004,-16.600433,-71.80403,TR-04_1-004,5,1
TCU_SUNNER_ID_005,-16.600434,-71.803914,TR-04_1-005,5,1
TCU_SUNNER_ID_006,-16.600436,-71.803798,TR-04_1-006,5,1
TCU_SUNNER_ID_007,-16.600437,-71.803682,TR-04_1-007,5,1
TCU_SUNNER_ID_008,-16.600439,-71.803566,TR-04_1-008,5,1
TCU_SUNNER_ID_009,-16.60044,-71.80345,TR-04_1-009,5,1
TCU_SUNNER_ID_010,-16.601106,-71.804388,TR-04_1-010,5,1
TCU_SUNNER_ID_011,-16.601107,-71.804272,TR-04_1-011,5,1
TCU_SUNNER_ID_012,-16.601109,-71.804156,TR-04_1-012,5,1
TCU_SUNNER_ID_013,-16.601111,-71.80404,TR-04_1-013,5,1
TCU_SUNNER_ID_014,-16.601112,-71.803924,TR-04_1-014,5,1
TCU_SUNNER_ID_015,-16.601114,-71.803808,TR-04_1-015,5,1
TCU_SUNNER_ID_016,-16.601115,-71.803692,TR-04_1-016,5,1
TCU_SUNNER_ID_017,-16.601117,-71.803576,TR-04_1-017,5,1
TCU_SUNNER_ID_018,-16.601118,-71.803459,TR-04_1-018,5,1
TCU_SUNNER_ID_019,-16.60112,-71.803343,TR-04_1-019,5,1
TCU_SUNNER_ID_020,-16.601122,-71.803227,TR-04_1-020,5,1
TCU_SUNNER_ID_021,-16.601123,-71.803111,TR-04_1-021,5,1
TCU_SUNNER_ID_022,-16.601125,-71.802995,TR-04_1-022,5,1
TCU_SUNNER_ID_023,-16.601126,-71.802879,TR-04_1-023,5,1
TCU_SUNNER_ID_024,-16.601128,-71.802763,TR-04_1-024,5,1
TCU_SUNNER_ID_025,-16.601784,-71.804398,TR-04_1-025,5,1
TCU_SUNNER_ID_026,-16.601786,-71.804282,TR-04_1-026,5,1
TCU_SUNNER_ID_027,-16.601787,-71.804166,TR-04_1-027,5,1
TCU_SUNNER_ID_028,-16.601789,-71.80405,TR-04_1-028,5,1
TCU_SUNNER_ID_029,-16.60179,-71.803934,TR-04_1-029,5,1
TCU_SUNNER_ID_030,-16.601792,-71.803818,TR-04_1-030,5,1
TCU_SUNNER_ID_031,-16.601793,-71.803701,TR-04_1-031,5,1
TCU_SUNNER_ID_032,-16.601795,-71.803585,TR-04_1-032,5,1
TCU_SUNNER_ID_033,-16.601796,-71.803469,TR-04_1-033,5,1
TCU_SUNNER_ID_034,-16.601798,-71.803353,TR-04_1-034,5,1
TCU_SUNNER_ID_035,-16.6018,-71.803237,TR-04_1-035,5,1
TCU_SUNNER_ID_036,-16.601801,-71.803121,TR-04_1-036,5,1
TCU_SUNNER_ID_037,-16.601803,-71.803005,TR-04_1-037,5,1
TCU_SUNNER_ID_038,-16.601804,-71.802889,TR-04_1-038,5,1
TCU_SUNNER_ID_039,-16.601806,-71.802773,TR-04_1-039,5,1
TCU_SUNNER_ID_040,-16.601807,-71.802656,TR-04_1-040,5,1
TCU_SUNNER_ID_041,-16.602462,-71.804408,TR-04_1-041,5,1
TCU_SUNNER_ID_042,-16.602464,-71.804292,TR-04_1-042,5,1
TCU_SUNNER_ID_043,-16.602465,-71.804176,TR-04_1-043,5,1
TCU_SUNNER_ID_044,-16.602467,-71.80406,TR-04_1-044,5,1
TCU_SUNNER_ID_045,-16.602468,-71.803944,TR-04_1-045,5,1
TCU_SUNNER_ID_046,-16.60247,-71.803827,TR-04_1-046,5,1
TCU_SUNNER_ID_047,-16.602471,-71.803711,TR-04_1-047,5,1
TCU_SUNNER_ID_048,-16.602473,-71.803595,TR-04_1-048,5,1
TCU_SUNNER_ID_049,-16.602475,-71.803479,TR-04_1-049,5,1
TCU_SUNNER_ID_050,-16.602476,-71.803363,TR-04_1-050,5,1
TCU_SUNNER_ID_051,-16.602478,-71.803247,TR-04_1-051,5,1
TCU_SUNNER_ID_052,-16.602479,-71.803131,TR-04_1-052,5,1
TCU_SUNNER_ID_053,-16.602481,-71.803015,TR-04_1-053,5,1
TCU_SUNNER_ID_054,-16.602482,-71.802899,TR-04_1-054,5,1
TCU_SUNNER_ID_055,-16.602484,-71.802782,TR-04_1-055,5,1
TCU_SUNNER_ID_056,-16.602486,-71.802666,TR-04_1-056,5,1
TCU_SUNNER_ID_057,-16.603267,-71.80442,TR-04_1-057,5,2
TCU_SUNNER_ID_058,-16.603269,-71.804304,TR-04_1-058,5,2
TCU_SUNNER_ID_059,-16.603271,-71.804187,TR-04_1-059,5,2
TCU_SUNNER_ID_060,-16.603272,-71.804071,TR-04_1-060,5,2
TCU_SUNNER_ID_061,-16.603274,-71.803955,TR-04_1-061,5,2
TCU_SUNNER_ID_062,-16.603275,-71.803839,TR-04_1-062,5,2
TCU_SUNNER_ID_063,-16.603277,-71.803723,TR-04_1-063,5,2
TCU_SUNNER_ID_064,-16.603445,-71.803609,TR-04_1-064,5,2
TCU_SUNNER_ID_065,-16.603446,-71.803493,TR-04_1-065,5,2
TCU_SUNNER_ID_066,-16.603282,-71.803375,TR-04_1-066,5,2
TCU_SUNNER_ID_067,-16.603283,-71.803259,TR-04_1-067,5,2
TCU_SUNNER_ID_068,-16.603285,-71.803142,TR-04_1-068,5,2
TCU_SUNNER_ID_069,-16.603286,-71.803026,TR-04_1-069,5,2
TCU_SUNNER_ID_070,-16.603288,-71.80291,TR-04_1-070,5,2
TCU_SUNNER_ID_071,-16.603289,-71.802794,TR-04_1-071,5,2
TCU_SUNNER_ID_072,-16.603291,-71.802678,TR-04_1-072,5,2
TCU_SUNNER_ID_073,-16.603292,-71.802562,TR-04_1-073,5,2
TCU_SUNNER_ID_074,-16.603946,-71.80443,TR-04_1-074,5,2
TCU_SUNNER_ID_075,-16.603947,-71.804313,TR-04_1-075,5,2
TCU_SUNNER_ID_076,-16.603949,-71.804197,TR-04_1-076,5,2
TCU_SUNNER_ID_077,-16.60395,-71.804081,TR-04_1-077,5,2
TCU_SUNNER_ID_078,-16.603952,-71.803965,TR-04_1-078,5,2
TCU_SUNNER_ID_079,-16.603953,-71.803849,TR-04_1-079,5,2
TCU_SUNNER_ID_080,-16.603955,-71.803733,TR-04_1-080,5,2
TCU_SUNNER_ID_081,-16.603956,-71.803617,TR-04_1-081,5,2
TCU_SUNNER_ID_082,-16.603958,-71.803501,TR-04_1-082,5,2
TCU_SUNNER_ID_083,-16.60396,-71.803385,TR-04_1-083,5,2
TCU_SUNNER_ID_084,-16.603961,-71.803268,TR-04_1-084,5,2
TCU_SUNNER_ID_085,-16.603963,-71.803152,TR-04_1-085,5,2
TCU_SUNNER_ID_086,-16.603964,-71.803036,TR-04_1-086,5,2
TCU_SUNNER_ID_087,-16.603966,-71.80292,TR-04_1-087,5,2
TCU_SUNNER_ID_088,-16.603967,-71.802804,TR-04_1-088,5,2
TCU_SUNNER_ID_089,-16.603969,-71.802688,TR-04_1-089,5,2
TCU_SUNNER_ID_090,-16.603971,-71.802572,TR-04_1-090,5,2
TCU_SUNNER_ID_091,-16.604624,-71.804439,TR-04_1-091,5,2
TCU_SUNNER_ID_092,-16.604625,-71.804323,TR-04_1-092,5,2
TCU_SUNNER_ID_093,-16.604627,-71.804207,TR-04_1-093,5,2
TCU_SUNNER_ID_094,-16.604628,-71.804091,TR-04_1-094,5,2
TCU_SUNNER_ID_095,-16.60463,-71.803975,TR-04_1-095,5,2
TCU_SUNNER_ID_096,-16.604631,-71.803859,TR-04_1-096,5,2
TCU_SUNNER_ID_097,-16.604633,-71.803743,TR-04_1-097,5,2
TCU_SUNNER_ID_098,-16.604635,-71.803627,TR-04_1-098,5,2
TCU_SUNNER_ID_099,-16.604636,-71.80351,TR-04_1-099,5,2
TCU_SUNNER_ID_100,-16.604638,-71.803394,TR-04_1-100,5,2
TCU_SUNNER_ID_101,-16.604639,-71.803278,TR-04_1-101,5,2
TCU_SUNNER_ID_102,-16.604641,-71.803162,TR-04_1-102,5,2
TCU_SUNNER_ID_103,-16.604642,-71.803046,TR-04_1-103,5,2
TCU_SUNNER_ID_104,-16.604644,-71.80293,TR-04_1-104,5,2
TCU_SUNNER_ID_105,-16.604646,-71.802814,TR-04_1-105,5,2
TCU_SUNNER_ID_106,-16.604647,-71.802698,TR-04_1-106,5,2
TCU_SUNNER_ID_107,-16.604649,-71.802582,TR-04_1-107,5,2
TCU_SUNNER_ID_108,-16.605136,-71.804447,TR-04_1-108,5,2
TCU_SUNNER_ID_109,-16.605138,-71.804331,TR-04_1-109,5,2
TCU_SUNNER_ID_110,-16.60514,-71.804215,TR-04_1-110,5,2
TCU_SUNNER_ID_111,-16.605141,-71.804098,TR-04_1-111,5,2
TCU_SUNNER_ID_112,-16.605143,-71.803982,TR-04_1-112,5,2
TCU_SUNNER_ID_113,-16.605144,-71.803866,TR-04_1-113,5,2
TCU_SUNNER_ID_114,-16.605146,-71.80375,TR-04_1-114,5,2
TCU_SUNNER_ID_115,-16.605147,-71.803634,TR-04_1-115,5,2
TCU_SUNNER_ID_116,-16.605149,-71.803518,TR-04_1-116,5,2
TCU_SUNNER_ID_117,-16.605151,-71.803402,TR-04_1-117,5,2
TCU_SUNNER_ID_118,-16.605152,-71.803286,TR-04_1-118,5,2
TCU_SUNNER_ID_119,-16.605154,-71.80317,TR-04_1-119,5,2
TCU_SUNNER_ID_120,-16.60532,-71.803056,TR-04_1-120,5,2
TCU_SUNNER_ID_121,-16.605322,-71.80294,TR-04_1-121,5,2
TCU_SUNNER_ID_122,-16.605324,-71.802824,TR-04_1-122,5,2
TCU_SUNNER_ID_123,-16.605325,-71.802708,TR-04_1-123,5,2
TCU_SUNNER_ID_124,-16.605327,-71.802591,TR-04_1-124,5,2
TCU_SUNNER_ID_001,-16.600401,-71.806351,TR-04_2-001,6,1
TCU_SUNNER_ID_002,-16.600403,-71.806235,TR-04_2-002,6,1
TCU_SUNNER_ID_003,-16.600404,-71.806119,TR-04_2-003,6,1
TCU_SUNNER_ID_004,-16.600406,-71.806003,TR-04_2-004,6,1
TCU_SUNNER_ID_005,-16.600407,-71.805887,TR-04_2-005,6,1
TCU_SUNNER_ID_006,-16.600409,-71.805771,TR-04_2-006,6,1
TCU_SUNNER_ID_007,-16.600411,-71.805655,TR-04_2-007,6,1
TCU_SUNNER_ID_008,-16.600412,-71.805539,TR-04_2-008,6,1
TCU_SUNNER_ID_009,-16.600414,-71.805423,TR-04_2-009,6,1
TCU_SUNNER_ID_010,-16.600415,-71.805306,TR-04_2-010,6,1
TCU_SUNNER_ID_011,-16.600417,-71.80519,TR-04_2-011,6,1
TCU_SUNNER_ID_012,-16.600418,-71.805074,TR-04_2-012,6,1
TCU_SUNNER_ID_013,-16.60042,-71.804958,TR-04_2-013,6,1
TCU_SUNNER_ID_014,-16.600422,-71.804842,TR-04_2-014,6,1
TCU_SUNNER_ID_015,-16.600423,-71.804726,TR-04_2-015,6,1
TCU_SUNNER_ID_016,-16.600425,-71.80461,TR-04_2-016,6,1
TCU_SUNNER_ID_017,-16.600426,-71.804494,TR-04_2-017,6,1
TCU_SUNNER_ID_018,-16.601079,-71.806361,TR-04_2-018,6,1
TCU_SUNNER_ID_019,-16.601081,-71.806245,TR-04_2-019,6,1
TCU_SUNNER_ID_020,-16.601082,-71.806129,TR-04_2-020,6,1
TCU_SUNNER_ID_021,-16.601084,-71.806013,TR-04_2-021,6,1
TCU_SUNNER_ID_022,-16.601086,-71.805897,TR-04_2-022,6,1
TCU_SUNNER_ID_023,-16.601087,-71.805781,TR-04_2-023,6,1
TCU_SUNNER_ID_024,-16.601089,-71.805665,TR-04_2-024,6,1
TCU_SUNNER_ID_025,-16.60109,-71.805548,TR-04_2-025,6,1
TCU_SUNNER_ID_026,-16.601092,-71.805432,TR-04_2-026,6,1
TCU_SUNNER_ID_027,-16.601093,-71.805316,TR-04_2-027,6,1
TCU_SUNNER_ID_028,-16.601095,-71.8052,TR-04_2-028,6,1
TCU_SUNNER_ID_029,-16.601096,-71.805084,TR-04_2-029,6,1
TCU_SUNNER_ID_030,-16.601098,-71.804968,TR-04_2-030,6,1
TCU_SUNNER_ID_031,-16.6011,-71.804852,TR-04_2-031,6,1
TCU_SUNNER_ID_032,-16.601101,-71.804736,TR-04_2-032,6,1
TCU_SUNNER_ID_033,-16.601103,-71.80462,TR-04_2-033,6,1
TCU_SUNNER_ID_034,-16.601104,-71.804503,TR-04_2-034,6,1
TCU_SUNNER_ID_035,-16.601757,-71.806371,TR-04_2-035,6,1
TCU_SUNNER_ID_036,-16.601759,-71.806255,TR-04_2-036,6,1
TCU_SUNNER_ID_037,-16.60176,-71.806139,TR-04_2-037,6,1
TCU_SUNNER_ID_038,-16.601762,-71.806023,TR-04_2-038,6,1
TCU_SUNNER_ID_039,-16.601764,-71.805907,TR-04_2-039,6,1
TCU_SUNNER_ID_040,-16.601765,-71.805791,TR-04_2-040,6,1
TCU_SUNNER_ID_041,-16.601767,-71.805674,TR-04_2-041,6,1
TCU_SUNNER_ID_042,-16.601768,-71.805558,TR-04_2-042,6,1
TCU_SUNNER_ID_043,-16.60177,-71.805442,TR-04_2-043,6,1
TCU_SUNNER_ID_044,-16.601771,-71.805326,TR-04_2-044,6,1
TCU_SUNNER_ID_045,-16.601773,-71.80521,TR-04_2-045,6,1
TCU_SUNNER_ID_046,-16.601775,-71.805094,TR-04_2-046,6,1
TCU_SUNNER_ID_047,-16.601776,-71.804978,TR-04_2-047,6,1
TCU_SUNNER_ID_048,-16.601778,-71.804862,TR-04_2-048,6,1
TCU_SUNNER_ID_049,-16.601779,-71.804746,TR-04_2-049,6,1
TCU_SUNNER_ID_050,-16.601781,-71.804629,TR-04_2-050,6,1
TCU_SUNNER_ID_051,-16.601782,-71.804513,TR-04_2-051,6,1
TCU_SUNNER_ID_052,-16.602435,-71.806381,TR-04_2-052,6,1
TCU_SUNNER_ID_053,-16.602437,-71.806265,TR-04_2-053,6,1
TCU_SUNNER_ID_054,-16.602439,-71.806149,TR-04_2-054,6,1
TCU_SUNNER_ID_055,-16.60244,-71.806033,TR-04_2-055,6,1
TCU_SUNNER_ID_056,-16.602442,-71.805917,TR-04_2-056,6,1
TCU_SUNNER_ID_057,-16.602443,-71.8058,TR-04_2-057,6,1
TCU_SUNNER_ID_058,-16.602445,-71.805684,TR-04_2-058,6,1
TCU_SUNNER_ID_059,-16.602446,-71.805568,TR-04_2-059,6,1
TCU_SUNNER_ID_060,-16.602448,-71.805452,TR-04_2-060,6,1
TCU_SUNNER_ID_061,-16.60245,-71.805336,TR-04_2-061,6,1
TCU_SUNNER_ID_062,-16.602451,-71.80522,TR-04_2-062,6,1
TCU_SUNNER_ID_063,-16.602453,-71.805104,TR-04_2-063,6,1
TCU_SUNNER_ID_064,-16.602454,-71.804988,TR-04_2-064,6,1
TCU_SUNNER_ID_065,-16.602456,-71.804871,TR-04_2-065,6,1
TCU_SUNNER_ID_066,-16.602457,-71.804755,TR-04_2-066,6,1
TCU_SUNNER_ID_067,-16.602459,-71.804639,TR-04_2-067,6,1
TCU_SUNNER_ID_068,-16.60246,-71.804523,TR-04_2-068,6,1
TCU_SUNNER_ID_069,-16.603241,-71.806393,TR-04_2-069,6,2
TCU_SUNNER_ID_070,-16.603242,-71.806277,TR-04_2-070,6,2
TCU_SUNNER_ID_071,-16.603244,-71.80616,TR-04_2-071,6,2
TCU_SUNNER_ID_072,-16.603245,-71.806044,TR-04_2-072,6,2
TCU_SUNNER_ID_073,-16.603247,-71.805928,TR-04_2-073,6,2
TCU_SUNNER_ID_074,-16.603249,-71.805812,TR-04_2-074,6,2
TCU_SUNNER_ID_075,-16.60325,-71.805696,TR-04_2-075,6,2
TCU_SUNNER_ID_076,-16.603252,-71.80558,TR-04_2-076,6,2
TCU_SUNNER_ID_077,-16.603419,-71.805466,TR-04_2-077,6,2
TCU_SUNNER_ID_078,-16.603421,-71.80535,TR-04_2-078,6,2
TCU_SUNNER_ID_079,-16.603256,-71.805232,TR-04_2-079,6,2
TCU_SUNNER_ID_080,-16.603258,-71.805115,TR-04_2-080,6,2
TCU_SUNNER_ID_081,-16.60326,-71.804999,TR-04_2-081,6,2
TCU_SUNNER_ID_082,-16.603261,-71.804883,TR-04_2-082,6,2
TCU_SUNNER_ID_083,-16.603263,-71.804767,TR-04_2-083,6,2
TCU_SUNNER_ID_084,-16.603264,-71.804651,TR-04_2-084,6,2
TCU_SUNNER_ID_085,-16.603266,-71.804535,TR-04_2-085,6,2
TCU_SUNNER_ID_086,-16.603919,-71.806402,TR-04_2-086,6,2
TCU_SUNNER_ID_087,-16.60392,-71.806286,TR-04_2-087,6,2
TCU_SUNNER_ID_088,-16.603922,-71.80617,TR-04_2-088,6,2
TCU_SUNNER_ID_089,-16.603924,-71.806054,TR-04_2-089,6,2
TCU_SUNNER_ID_090,-16.603925,-71.805938,TR-04_2-090,6,2
TCU_SUNNER_ID_091,-16.603927,-71.805822,TR-04_2-091,6,2
TCU_SUNNER_ID_092,-16.603928,-71.805706,TR-04_2-092,6,2
TCU_SUNNER_ID_093,-16.60393,-71.80559,TR-04_2-093,6,2
TCU_SUNNER_ID_094,-16.603931,-71.805474,TR-04_2-094,6,2
TCU_SUNNER_ID_095,-16.603933,-71.805357,TR-04_2-095,6,2
TCU_SUNNER_ID_096,-16.603935,-71.805241,TR-04_2-096,6,2
TCU_SUNNER_ID_097,-16.603936,-71.805125,TR-04_2-097,6,2
TCU_SUNNER_ID_098,-16.603938,-71.805009,TR-04_2-098,6,2
TCU_SUNNER_ID_099,-16.603939,-71.804893,TR-04_2-099,6,2
TCU_SUNNER_ID_100,-16.603941,-71.804777,TR-04_2-100,6,2
TCU_SUNNER_ID_101,-16.603942,-71.804661,TR-04_2-101,6,2
TCU_SUNNER_ID_102,-16.603944,-71.804545,TR-04_2-102,6,2
TCU_SUNNER_ID_103,-16.604597,-71.806412,TR-04_2-103,6,2
TCU_SUNNER_ID_104,-16.604599,-71.806296,TR-04_2-104,6,2
TCU_SUNNER_ID_105,-16.6046,-71.80618,TR-04_2-105,6,2
TCU_SUNNER_ID_106,-16.604602,-71.806064,TR-04_2-106,6,2
TCU_SUNNER_ID_107,-16.604603,-71.805948,TR-04_2-107,6,2
TCU_SUNNER_ID_108,-16.604605,-71.805832,TR-04_2-108,6,2
TCU_SUNNER_ID_109,-16.604606,-71.805716,TR-04_2-109,6,2
TCU_SUNNER_ID_110,-16.604608,-71.8056,TR-04_2-110,6,2
TCU_SUNNER_ID_111,-16.604609,-71.805483,TR-04_2-111,6,2
TCU_SUNNER_ID_112,-16.604611,-71.805367,TR-04_2-112,6,2
TCU_SUNNER_ID_113,-16.604613,-71.805251,TR-04_2-113,6,2
TCU_SUNNER_ID_114,-16.604614,-71.805135,TR-04_2-114,6,2
TCU_SUNNER_ID_115,-16.604616,-71.805019,TR-04_2-115,6,2
TCU_SUNNER_ID_116,-16.604617,-71.804903,TR-04_2-116,6,2
TCU_SUNNER_ID_117,-16.604619,-71.804787,TR-04_2-117,6,2
TCU_SUNNER_ID_118,-16.60462,-71.804671,TR-04_2-118,6,2
TCU_SUNNER_ID_119,-16.604622,-71.804555,TR-04_2-119,6,2
TCU_SUNNER_ID_001,-16.597005,-71.797885,TR-05_1-001,7,1
TCU_SUNNER_ID_002,-16.597007,-71.797769,TR-05_1-002,7,1
TCU_SUNNER_ID_003,-16.597008,-71.797653,TR-05_1-003,7,1
TCU_SUNNER_ID_004,-16.597683,-71.797895,TR-05_1-004,7,1
TCU_SUNNER_ID_005,-16.597685,-71.797779,TR-05_1-005,7,1
TCU_SUNNER_ID_006,-16.597686,-71.797663,TR-05_1-006,7,1
TCU_SUNNER_ID_007,-16.597688,-71.797547,TR-05_1-007,7,1
TCU_SUNNER_ID_008,-16.597689,-71.797431,TR-05_1-008,7,1
TCU_SUNNER_ID_009,-16.597691,-71.797315,TR-05_1-009,7,1
TCU_SUNNER_ID_010,-16.597692,-71.797199,TR-05_1-010,7,1
TCU_SUNNER_ID_011,-16.598361,-71.797905,TR-05_1-011,7,1
TCU_SUNNER_ID_012,-16.598363,-71.797789,TR-05_1-012,7,1
TCU_SUNNER_ID_013,-16.598364,-71.797673,TR-05_1-013,7,1
TCU_SUNNER_ID_014,-16.598366,-71.797557,TR-05_1-014,7,1
TCU_SUNNER_ID_015,-16.598367,-71.797441,TR-05_1-015,7,1
TCU_SUNNER_ID_016,-16.598369,-71.797324,TR-05_1-016,7,1
TCU_SUNNER_ID_017,-16.598371,-71.797208,TR-05_1-017,7,1
TCU_SUNNER_ID_018,-16.598372,-71.797092,TR-05_1-018,7,1
TCU_SUNNER_ID_019,-16.598374,-71.796976,TR-05_1-019,7,1
TCU_SUNNER_ID_020,-16.598375,-71.79686,TR-05_1-020,7,2
TCU_SUNNER_ID_021,-16.598377,-71.796744,TR-05_1-021,7,2
TCU_SUNNER_ID_022,-16.599138,-71.798023,TR-05_1-022,7,1
TCU_SUNNER_ID_023,-16.59914,-71.797907,TR-05_1-023,7,1
TCU_SUNNER_ID_024,-16.599141,-71.797791,TR-05_1-024,7,1
TCU_SUNNER_ID_025,-16.599143,-71.797675,TR-05_1-025,7,1
TCU_SUNNER_ID_026,-16.599144,-71.797559,TR-05_1-026,7,1
TCU_SUNNER_ID_027,-16.599146,-71.797442,TR-05_1-027,7,1
TCU_SUNNER_ID_028,-16.599147,-71.797326,TR-05_1-028,7,1
TCU_SUNNER_ID_029,-16.599149,-71.79721,TR-05_1-029,7,1
TCU_SUNNER_ID_030,-16.599151,-71.797094,TR-05_1-030,7,1
TCU_SUNNER_ID_031,-16.599318,-71.79698,TR-05_1-031,7,1
TCU_SUNNER_ID_032,-16.59932,-71.796864,TR-05_1-032,7,2
TCU_SUNNER_ID_033,-16.599155,-71.796746,TR-05_1-033,7,2
TCU_SUNNER_ID_034,-16.599157,-71.79663,TR-05_1-034,7,2
TCU_SUNNER_ID_035,-16.599158,-71.796514,TR-05_1-035,7,2
TCU_SUNNER_ID_036,-16.59916,-71.796397,TR-05_1-036,7,2
TCU_SUNNER_ID_037,-16.599162,-71.796281,TR-05_1-037,7,2
TCU_SUNNER_ID_038,-16.599816,-71.798033,TR-05_1-038,7,1
TCU_SUNNER_ID_039,-16.599818,-71.797917,TR-05_1-039,7,1
TCU_SUNNER_ID_040,-16.599819,-71.797801,TR-05_1-040,7,1
TCU_SUNNER_ID_041,-16.599821,-71.797685,TR-05_1-041,7,1
TCU_SUNNER_ID_042,-16.599822,-71.797568,TR-05_1-042,7,1
TCU_SUNNER_ID_043,-16.599824,-71.797452,TR-05_1-043,7,1
TCU_SUNNER_ID_044,-16.599826,-71.797336,TR-05_1-044,7,1
TCU_SUNNER_ID_045,-16.599827,-71.79722,TR-05_1-045,7,1
TCU_SUNNER_ID_046,-16.599829,-71.797104,TR-05_1-046,7,1
TCU_SUNNER_ID_047,-16.59983,-71.796988,TR-05_1-047,7,1
TCU_SUNNER_ID_048,-16.599832,-71.796872,TR-05_1-048,7,2
TCU_SUNNER_ID_049,-16.599833,-71.796756,TR-05_1-049,7,2
TCU_SUNNER_ID_050,-16.599835,-71.79664,TR-05_1-050,7,2
TCU_SUNNER_ID_051,-16.599836,-71.796523,TR-05_1-051,7,2
TCU_SUNNER_ID_052,-16.599838,-71.796407,TR-05_1-052,7,2
TCU_SUNNER_ID_053,-16.59984,-71.796291,TR-05_1-053,7,2
TCU_SUNNER_ID_054,-16.599841,-71.796175,TR-05_1-054,7,2
TCU_SUNNER_ID_055,-16.599843,-71.796059,TR-05_1-055,7,2
TCU_SUNNER_ID_056,-16.599844,-71.795943,TR-05_1-056,7,2
TCU_SUNNER_ID_057,-16.599846,-71.795827,TR-05_1-057,7,2
TCU_SUNNER_ID_058,-16.600494,-71.798043,TR-05_1-058,7,1
TCU_SUNNER_ID_059,-16.600496,-71.797927,TR-05_1-059,7,1
TCU_SUNNER_ID_060,-16.600497,-71.79781,TR-05_1-060,7,1
TCU_SUNNER_ID_061,-16.600499,-71.797694,TR-05_1-061,7,1
TCU_SUNNER_ID_062,-16.6005,-71.797578,TR-05_1-062,7,1
TCU_SUNNER_ID_063,-16.600502,-71.797462,TR-05_1-063,7,1
TCU_SUNNER_ID_064,-16.600504,-71.797346,TR-05_1-064,7,1
TCU_SUNNER_ID_065,-16.600505,-71.79723,TR-05_1-065,7,1
TCU_SUNNER_ID_066,-16.600507,-71.797114,TR-05_1-066,7,1
TCU_SUNNER_ID_067,-16.600508,-71.796998,TR-05_1-067,7,1
TCU_SUNNER_ID_068,-16.60051,-71.796882,TR-05_1-068,7,2
TCU_SUNNER_ID_069,-16.600511,-71.796765,TR-05_1-069,7,2
TCU_SUNNER_ID_070,-16.600513,-71.796649,TR-05_1-070,7,2
TCU_SUNNER_ID_071,-16.600515,-71.796533,TR-05_1-071,7,2
TCU_SUNNER_ID_072,-16.600516,-71.796417,TR-05_1-072,7,2
TCU_SUNNER_ID_073,-16.600518,-71.796301,TR-05_1-073,7,2
TCU_SUNNER_ID_074,-16.600519,-71.796185,TR-05_1-074,7,2
TCU_SUNNER_ID_075,-16.600521,-71.796069,TR-05_1-075,7,2
TCU_SUNNER_ID_076,-16.600522,-71.795953,TR-05_1-076,7,2
TCU_SUNNER_ID_077,-16.600524,-71.795837,TR-05_1-077,7,2
TCU_SUNNER_ID_078,-16.600525,-71.79572,TR-05_1-078,7,2
TCU_SUNNER_ID_079,-16.600527,-71.795604,TR-05_1-079,7,2
TCU_SUNNER_ID_080,-16.600529,-71.795489,TR-05_1-080,7,2
TCU_SUNNER_ID_081,-16.60053,-71.795373,TR-05_1-081,7,2
TCU_SUNNER_ID_082,-16.601172,-71.798052,TR-05_1-082,7,1
TCU_SUNNER_ID_083,-16.601174,-71.797936,TR-05_1-083,7,1
TCU_SUNNER_ID_084,-16.601175,-71.79782,TR-05_1-084,7,1
TCU_SUNNER_ID_085,-16.601177,-71.797704,TR-05_1-085,7,1
TCU_SUNNER_ID_086,-16.601179,-71.797588,TR-05_1-086,7,1
TCU_SUNNER_ID_087,-16.60118,-71.797472,TR-05_1-087,7,1
TCU_SUNNER_ID_088,-16.601182,-71.797356,TR-05_1-088,7,1
TCU_SUNNER_ID_089,-16.601183,-71.79724,TR-05_1-089,7,1
TCU_SUNNER_ID_090,-16.601185,-71.797124,TR-05_1-090,7,1
TCU_SUNNER_ID_091,-16.601186,-71.797007,TR-05_1-091,7,1
TCU_SUNNER_ID_092,-16.601188,-71.796891,TR-05_1-092,7,2
TCU_SUNNER_ID_093,-16.60119,-71.796775,TR-05_1-093,7,2
TCU_SUNNER_ID_094,-16.601191,-71.796659,TR-05_1-094,7,2
TCU_SUNNER_ID_095,-16.601193,-71.796543,TR-05_1-095,7,2
TCU_SUNNER_ID_096,-16.601194,-71.796427,TR-05_1-096,7,2
TCU_SUNNER_ID_097,-16.601196,-71.796311,TR-05_1-097,7,2
TCU_SUNNER_ID_098,-16.601197,-71.796195,TR-05_1-098,7,2
TCU_SUNNER_ID_099,-16.601199,-71.796079,TR-05_1-099,7,2
TCU_SUNNER_ID_100,-16.6012,-71.795962,TR-05_1-100,7,2
TCU_SUNNER_ID_101,-16.601202,-71.795846,TR-05_1-101,7,2
TCU_SUNNER_ID_102,-16.601204,-71.79573,TR-05_1-102,7,2
TCU_SUNNER_ID_103,-16.601205,-71.795614,TR-05_1-103,7,2
TCU_SUNNER_ID_104,-16.601207,-71.795499,TR-05_1-104,7,2
TCU_SUNNER_ID_105,-16.601208,-71.795383,TR-05_1-105,7,2
TCU_SUNNER_ID_106,-16.60121,-71.795267,TR-05_1-106,7,2
TCU_SUNNER_ID_107,-16.601211,-71.795151,TR-05_1-107,7,2
TCU_SUNNER_ID_108,-16.601213,-71.795035,TR-05_1-108,7,2
TCU_SUNNER_ID_109,-16.601894,-71.796205,TR-05_1-109,7,2
TCU_SUNNER_ID_110,-16.601896,-71.796089,TR-05_1-110,7,2
TCU_SUNNER_ID_111,-16.601897,-71.795973,TR-05_1-111,7,2
TCU_SUNNER_ID_112,-16.601899,-71.795856,TR-05_1-112,7,2
TCU_SUNNER_ID_113,-16.601901,-71.79574,TR-05_1-113,7,2
TCU_SUNNER_ID_114,-16.601902,-71.795624,TR-05_1-114,7,2
TCU_SUNNER_ID_115,-16.601904,-71.795509,TR-05_1-115,7,2
TCU_SUNNER_ID_116,-16.601905,-71.795393,TR-05_1-116,7,2
TCU_SUNNER_ID_117,-16.601907,-71.795277,TR-05_1-117,7,2
TCU_SUNNER_ID_118,-16.601908,-71.795161,TR-05_1-118,7,2
TCU_SUNNER_ID_119,-16.60191,-71.795045,TR-05_1-119,7,2
TCU_SUNNER_ID_001,-16.594917,-71.799132,TR-05_2-001,8,1
TCU_SUNNER_ID_002,-16.594918,-71.799016,TR-05_2-002,8,1
TCU_SUNNER_ID_003,-16.59492,-71.798899,TR-05_2-003,8,1
TCU_SUNNER_ID_004,-16.595593,-71.799258,TR-05_2-004,8,1
TCU_SUNNER_ID_005,-16.595595,-71.799141,TR-05_2-005,8,1
TCU_SUNNER_ID_006,-16.595596,-71.799025,TR-05_2-006,8,1
TCU_SUNNER_ID_007,-16.595598,-71.798909,TR-05_2-007,8,1
TCU_SUNNER_ID_008,-16.595599,-71.798793,TR-05_2-008,8,1
TCU_SUNNER_ID_009,-16.595601,-71.798677,TR-05_2-009,8,1
TCU_SUNNER_ID_010,-16.595602,-71.798561,TR-05_2-010,8,1
TCU_SUNNER_ID_011,-16.596303,-71.799674,TR-05_2-011,8,1
TCU_SUNNER_ID_012,-16.596304,-71.799558,TR-05_2-012,8,1
TCU_SUNNER_ID_013,-16.596306,-71.799442,TR-05_2-013,8,1
TCU_SUNNER_ID_014,-16.596308,-71.799268,TR-05_2-014,8,1
TCU_SUNNER_ID_015,-16.59631,-71.799152,TR-05_2-015,8,1
TCU_SUNNER_ID_016,-16.596311,-71.799036,TR-05_2-016,8,1
TCU_SUNNER_ID_017,-16.596313,-71.79892,TR-05_2-017,8,1
TCU_SUNNER_ID_018,-16.596314,-71.798803,TR-05_2-018,8,1
TCU_SUNNER_ID_019,-16.596316,-71.798687,TR-05_2-019,8,1
TCU_SUNNER_ID_020,-16.596318,-71.798571,TR-05_2-020,8,1
TCU_SUNNER_ID_021,-16.596319,-71.798455,TR-05_2-021,8,1
TCU_SUNNER_ID_022,-16.596321,-71.79834,TR-05_2-022,8,1
TCU_SUNNER_ID_023,-16.596322,-71.798224,TR-05_2-023,8,1
TCU_SUNNER_ID_024,-16.596324,-71.798108,TR-05_2-024,8,1
TCU_SUNNER_ID_025,-16.596981,-71.799684,TR-05_2-025,8,1
TCU_SUNNER_ID_026,-16.596982,-71.799568,TR-05_2-026,8,1
TCU_SUNNER_ID_027,-16.596984,-71.799452,TR-05_2-027,8,1
TCU_SUNNER_ID_028,-16.596986,-71.799278,TR-05_2-028,8,1
TCU_SUNNER_ID_029,-16.596988,-71.799162,TR-05_2-029,8,1
TCU_SUNNER_ID_030,-16.596989,-71.799046,TR-05_2-030,8,1
TCU_SUNNER_ID_031,-16.596991,-71.798929,TR-05_2-031,8,1
TCU_SUNNER_ID_032,-16.596993,-71.798813,TR-05_2-032,8,1
TCU_SUNNER_ID_033,-16.596994,-71.798697,TR-05_2-033,8,1
TCU_SUNNER_ID_034,-16.596996,-71.798581,TR-05_2-034,8,1
TCU_SUNNER_ID_035,-16.596997,-71.798465,TR-05_2-035,8,1
TCU_SUNNER_ID_036,-16.596999,-71.79835,TR-05_2-036,8,1
TCU_SUNNER_ID_037,-16.597,-71.798234,TR-05_2-037,8,1
TCU_SUNNER_ID_038,-16.597002,-71.798118,TR-05_2-038,8,1
TCU_SUNNER_ID_039,-16.597003,-71.798001,TR-05_2-039,8,1
TCU_SUNNER_ID_040,-16.597664,-71.799288,TR-05_2-040,8,1
TCU_SUNNER_ID_041,-16.597666,-71.799171,TR-05_2-041,8,1
TCU_SUNNER_ID_042,-16.597668,-71.799055,TR-05_2-042,8,1
TCU_SUNNER_ID_043,-16.597669,-71.798939,TR-05_2-043,8,1
TCU_SUNNER_ID_044,-16.597671,-71.798823,TR-05_2-044,8,1
TCU_SUNNER_ID_045,-16.597672,-71.798707,TR-05_2-045,8,1
TCU_SUNNER_ID_046,-16.597674,-71.798591,TR-05_2-046,8,1
TCU_SUNNER_ID_047,-16.597675,-71.798475,TR-05_2-047,8,1
TCU_SUNNER_ID_048,-16.597677,-71.79836,TR-05_2-048,8,1
TCU_SUNNER_ID_049,-16.597678,-71.798244,TR-05_2-049,8,1
TCU_SUNNER_ID_050,-16.59768,-71.798127,TR-05_2-050,8,1
TCU_SUNNER_ID_051,-16.597682,-71.798011,TR-05_2-051,8,1
TCU_SUNNER_ID_052,-16.597759,-71.799695,TR-05_2-052,8,1
TCU_SUNNER_ID_053,-16.597761,-71.799579,TR-05_2-053,8,1
TCU_SUNNER_ID_054,-16.597762,-71.799463,TR-05_2-054,8,1
TCU_SUNNER_ID_055,-16.598342,-71.799297,TR-05_2-055,8,1
TCU_SUNNER_ID_056,-16.598344,-71.799181,TR-05_2-056,8,1
TCU_SUNNER_ID_057,-16.598346,-71.799065,TR-05_2-057,8,1
TCU_SUNNER_ID_058,-16.598347,-71.798949,TR-05_2-058,8,1
TCU_SUNNER_ID_059,-16.598349,-71.798833,TR-05_2-059,8,1
TCU_SUNNER_ID_060,-16.59835,-71.798717,TR-05_2-060,8,1
TCU_SUNNER_ID_061,-16.598352,-71.798601,TR-05_2-061,8,1
TCU_SUNNER_ID_062,-16.598353,-71.798485,TR-05_2-062,8,1
TCU_SUNNER_ID_063,-16.598355,-71.798369,TR-05_2-063,8,1
TCU_SUNNER_ID_064,-16.598357,-71.798253,TR-05_2-064,8,1
TCU_SUNNER_ID_065,-16.598358,-71.798137,TR-05_2-065,8,1
TCU_SUNNER_ID_066,-16.59836,-71.798021,TR-05_2-066,8,1
TCU_SUNNER_ID_067,-16.598437,-71.799705,TR-05_2-067,8,1
TCU_SUNNER_ID_068,-16.598439,-71.799589,TR-05_2-068,8,1
TCU_SUNNER_ID_069,-16.59844,-71.799473,TR-05_2-069,8,1
TCU_SUNNER_ID_070,-16.599115,-71.799715,TR-05_2-070,8,2
TCU_SUNNER_ID_071,-16.599117,-71.799599,TR-05_2-071,8,2
TCU_SUNNER_ID_072,-16.599118,-71.799483,TR-05_2-072,8,2
TCU_SUNNER_ID_073,-16.599121,-71.799299,TR-05_2-073,8,2
TCU_SUNNER_ID_074,-16.599122,-71.799183,TR-05_2-074,8,2
TCU_SUNNER_ID_075,-16.599124,-71.799067,TR-05_2-075,8,2
TCU_SUNNER_ID_076,-16.599292,-71.798953,TR-05_2-076,8,2
TCU_SUNNER_ID_077,-16.599293,-71.798837,TR-05_2-077,8,2
TCU_SUNNER_ID_078,-16.599129,-71.798719,TR-05_2-078,8,2
TCU_SUNNER_ID_079,-16.59913,-71.798603,TR-05_2-079,8,2
TCU_SUNNER_ID_080,-16.599132,-71.798487,TR-05_2-080,8,2
TCU_SUNNER_ID_081,-16.599133,-71.798371,TR-05_2-081,8,2
TCU_SUNNER_ID_082,-16.599135,-71.798255,TR-05_2-082,8,2
TCU_SUNNER_ID_083,-16.599137,-71.798139,TR-05_2-083,8,2
TCU_SUNNER_ID_084,-16.599793,-71.799725,TR-05_2-084,8,2
TCU_SUNNER_ID_085,-16.599795,-71.799609,TR-05_2-085,8,2
TCU_SUNNER_ID_086,-16.599796,-71.799493,TR-05_2-086,8,2
TCU_SUNNER_ID_087,-16.599799,-71.799309,TR-05_2-087,8,2
TCU_SUNNER_ID_088,-16.599801,-71.799193,TR-05_2-088,8,2
TCU_SUNNER_ID_089,-16.599802,-71.799077,TR-05_2-089,8,2
TCU_SUNNER_ID_090,-16.599804,-71.798961,TR-05_2-090,8,2
TCU_SUNNER_ID_091,-16.599805,-71.798845,TR-05_2-091,8,2
TCU_SUNNER_ID_092,-16.599807,-71.798729,TR-05_2-092,8,2
TCU_SUNNER_ID_093,-16.599808,-71.798612,TR-05_2-093,8,2
TCU_SUNNER_ID_094,-16.59981,-71.798496,TR-05_2-094,8,2
TCU_SUNNER_ID_095,-16.599811,-71.798381,TR-05_2-095,8,2
TCU_SUNNER_ID_096,-16.599813,-71.798265,TR-05_2-096,8,2
TCU_SUNNER_ID_097,-16.599815,-71.798149,TR-05_2-097,8,2
TCU_SUNNER_ID_098,-16.600477,-71.799319,TR-05_2-098,8,2
TCU_SUNNER_ID_099,-16.600479,-71.799203,TR-05_2-099,8,2
TCU_SUNNER_ID_100,-16.60048,-71.799087,TR-05_2-100,8,2
TCU_SUNNER_ID_101,-16.600482,-71.798971,TR-05_2-101,8,2
TCU_SUNNER_ID_102,-16.600483,-71.798854,TR-05_2-102,8,2
TCU_SUNNER_ID_103,-16.600485,-71.798738,TR-05_2-103,8,2
TCU_SUNNER_ID_104,-16.600486,-71.798622,TR-05_2-104,8,2
TCU_SUNNER_ID_105,-16.600488,-71.798506,TR-05_2-105,8,2
TCU_SUNNER_ID_106,-16.60049,-71.798391,TR-05_2-106,8,2
TCU_SUNNER_ID_107,-16.600491,-71.798275,TR-05_2-107,8,2
TCU_SUNNER_ID_108,-16.600493,-71.798159,TR-05_2-108,8,2
TCU_SUNNER_ID_109,-16.601155,-71.799329,TR-05_2-109,8,2
TCU_SUNNER_ID_110,-16.601157,-71.799213,TR-05_2-110,8,2
TCU_SUNNER_ID_111,-16.601158,-71.799097,TR-05_2-111,8,2
TCU_SUNNER_ID_112,-16.60116,-71.79898,TR-05_2-112,8,2
TCU_SUNNER_ID_113,-16.601161,-71.798864,TR-05_2-113,8,2
TCU_SUNNER_ID_114,-16.601163,-71.798748,TR-05_2-114,8,2
TCU_SUNNER_ID_115,-16.601165,-71.798632,TR-05_2-115,8,2
TCU_SUNNER_ID_116,-16.601166,-71.798516,TR-05_2-116,8,2
TCU_SUNNER_ID_117,-16.601168,-71.798401,TR-05_2-117,8,2
TCU_SUNNER_ID_118,-16.601169,-71.798285,TR-05_2-118,8,2
TCU_SUNNER_ID_119,-16.601171,-71.798169,TR-05_2-119,8,2
TCU_SUNNER_ID_001,-16.594915,-71.801976,TR-03_2-001,9,1
TCU_SUNNER_ID_002,-16.595593,-71.801986,TR-03_2-002,9,1
TCU_SUNNER_ID_003,-16.595595,-71.80187,TR-03_2-003,9,1
TCU_SUNNER_ID_004,-16.595597,-71.801753,TR-03_2-004,9,1
TCU_SUNNER_ID_005,-16.595598,-71.801637,TR-03_2-005,9,1
TCU_SUNNER_ID_006,-16.5956,-71.801521,TR-03_2-006,9,1
TCU_SUNNER_ID_007,-16.595601,-71.801406,TR-03_2-007,9,1
TCU_SUNNER_ID_008,-16.595603,-71.80129,TR-03_2-008,9,1
TCU_SUNNER_ID_009,-16.596271,-71.801996,TR-03_2-009,9,1
TCU_SUNNER_ID_010,-16.596273,-71.801879,TR-03_2-010,9,1
TCU_SUNNER_ID_011,-16.596275,-71.801763,TR-03_2-011,9,1
TCU_SUNNER_ID_012,-16.596276,-71.801647,TR-03_2-012,9,1
TCU_SUNNER_ID_013,-16.596278,-71.801531,TR-03_2-013,9,1
TCU_SUNNER_ID_014,-16.596279,-71.801416,TR-03_2-014,9,1
TCU_SUNNER_ID_015,-16.596281,-71.8013,TR-03_2-015,9,1
TCU_SUNNER_ID_016,-16.596282,-71.801184,TR-03_2-016,9,1
TCU_SUNNER_ID_017,-16.596284,-71.801068,TR-03_2-017,9,1
TCU_SUNNER_ID_018,-16.596286,-71.800951,TR-03_2-018,9,1
TCU_SUNNER_ID_019,-16.596287,-71.800835,TR-03_2-019,9,1
TCU_SUNNER_ID_020,-16.596289,-71.800719,TR-03_2-020,9,1
TCU_SUNNER_ID_021,-16.59629,-71.800603,TR-03_2-021,9,1
TCU_SUNNER_ID_022,-16.596292,-71.800487,TR-03_2-022,9,1
TCU_SUNNER_ID_023,-16.596293,-71.800371,TR-03_2-023,9,1
TCU_SUNNER_ID_024,-16.596295,-71.800255,TR-03_2-024,9,1
TCU_SUNNER_ID_025,-16.596296,-71.800139,TR-03_2-025,9,1
TCU_SUNNER_ID_026,-16.596298,-71.800023,TR-03_2-026,9,1
TCU_SUNNER_ID_027,-16.5963,-71.799907,TR-03_2-027,9,1
TCU_SUNNER_ID_028,-16.596301,-71.79979,TR-03_2-028,9,1
TCU_SUNNER_ID_029,-16.59695,-71.802005,TR-03_2-029,9,1
TCU_SUNNER_ID_030,-16.596951,-71.801889,TR-03_2-030,9,1
TCU_SUNNER_ID_031,-16.596953,-71.801773,TR-03_2-031,9,1
TCU_SUNNER_ID_032,-16.596954,-71.801657,TR-03_2-032,9,1
TCU_SUNNER_ID_033,-16.596956,-71.801541,TR-03_2-033,9,1
TCU_SUNNER_ID_034,-16.596957,-71.801426,TR-03_2-034,9,1
TCU_SUNNER_ID_035,-16.596959,-71.80131,TR-03_2-035,9,1
TCU_SUNNER_ID_036,-16.59696,-71.801194,TR-03_2-036,9,1
TCU_SUNNER_ID_037,-16.596962,-71.801077,TR-03_2-037,9,1
TCU_SUNNER_ID_038,-16.596964,-71.800961,TR-03_2-038,9,1
TCU_SUNNER_ID_039,-16.596965,-71.800845,TR-03_2-039,9,1
TCU_SUNNER_ID_040,-16.596967,-71.800729,TR-03_2-040,9,1
TCU_SUNNER_ID_041,-16.596968,-71.800613,TR-03_2-041,9,1
TCU_SUNNER_ID_042,-16.59697,-71.800497,TR-03_2-042,9,1
TCU_SUNNER_ID_043,-16.596971,-71.800381,TR-03_2-043,9,1
TCU_SUNNER_ID_044,-16.596973,-71.800265,TR-03_2-044,9,1
TCU_SUNNER_ID_045,-16.596975,-71.800149,TR-03_2-045,9,1
TCU_SUNNER_ID_046,-16.596976,-71.800032,TR-03_2-046,9,1
TCU_SUNNER_ID_047,-16.596978,-71.799916,TR-03_2-047,9,1
TCU_SUNNER_ID_048,-16.596979,-71.7998,TR-03_2-048,9,1
TCU_SUNNER_ID_049,-16.597728,-71.802017,TR-03_2-049,9,2
TCU_SUNNER_ID_050,-16.597729,-71.801901,TR-03_2-050,9,2
TCU_SUNNER_ID_051,-16.597731,-71.801784,TR-03_2-051,9,2
TCU_SUNNER_ID_052,-16.597733,-71.801668,TR-03_2-052,9,2
TCU_SUNNER_ID_053,-16.597734,-71.801552,TR-03_2-053,9,2
TCU_SUNNER_ID_054,-16.597736,-71.801437,TR-03_2-054,9,2
TCU_SUNNER_ID_055,-16.597737,-71.801321,TR-03_2-055,9,2
TCU_SUNNER_ID_056,-16.597739,-71.801205,TR-03_2-056,9,2
TCU_SUNNER_ID_057,-16.59774,-71.801088,TR-03_2-057,9,2
TCU_SUNNER_ID_058,-16.597908,-71.800975,TR-03_2-058,9,2
TCU_SUNNER_ID_059,-16.59791,-71.800859,TR-03_2-059,9,2
TCU_SUNNER_ID_060,-16.597745,-71.80074,TR-03_2-060,9,2
TCU_SUNNER_ID_061,-16.597747,-71.800624,TR-03_2-061,9,2
TCU_SUNNER_ID_062,-16.597748,-71.800508,TR-03_2-062,9,2
TCU_SUNNER_ID_063,-16.59775,-71.800392,TR-03_2-063,9,2
TCU_SUNNER_ID_064,-16.597751,-71.800276,TR-03_2-064,9,2
TCU_SUNNER_ID_065,-16.597753,-71.80016,TR-03_2-065,9,2
TCU_SUNNER_ID_066,-16.597754,-71.800044,TR-03_2-066,9,2
TCU_SUNNER_ID_067,-16.597756,-71.799928,TR-03_2-067,9,2
TCU_SUNNER_ID_068,-16.597758,-71.799812,TR-03_2-068,9,2
TCU_SUNNER_ID_069,-16.598406,-71.802026,TR-03_2-069,9,2
TCU_SUNNER_ID_070,-16.598407,-71.80191,TR-03_2-070,9,2
TCU_SUNNER_ID_071,-16.598409,-71.801794,TR-03_2-071,9,2
TCU_SUNNER_ID_072,-16.598411,-71.801678,TR-03_2-072,9,2
TCU_SUNNER_ID_073,-16.598412,-71.801562,TR-03_2-073,9,2
TCU_SUNNER_ID_074,-16.598414,-71.801447,TR-03_2-074,9,2
TCU_SUNNER_ID_075,-16.598415,-71.801331,TR-03_2-075,9,2
TCU_SUNNER_ID_076,-16.598417,-71.801215,TR-03_2-076,9,2
TCU_SUNNER_ID_077,-16.598418,-71.801099,TR-03_2-077,9,2
TCU_SUNNER_ID_078,-16.59842,-71.800982,TR-03_2-078,9,2
TCU_SUNNER_ID_079,-16.598422,-71.800866,TR-03_2-079,9,2
TCU_SUNNER_ID_080,-16.598423,-71.80075,TR-03_2-080,9,2
TCU_SUNNER_ID_081,-16.598425,-71.800634,TR-03_2-081,9,2
TCU_SUNNER_ID_082,-16.598426,-71.800518,TR-03_2-082,9,2
TCU_SUNNER_ID_083,-16.598428,-71.800402,TR-03_2-083,9,2
TCU_SUNNER_ID_084,-16.598429,-71.800286,TR-03_2-084,9,2
TCU_SUNNER_ID_085,-16.598431,-71.80017,TR-03_2-085,9,2
TCU_SUNNER_ID_086,-16.598433,-71.800054,TR-03_2-086,9,2
TCU_SUNNER_ID_087,-16.598434,-71.799937,TR-03_2-087,9,2
TCU_SUNNER_ID_088,-16.598436,-71.799821,TR-03_2-088,9,2
TCU_SUNNER_ID_089,-16.599084,-71.802036,TR-03_2-089,9,2
TCU_SUNNER_ID_090,-16.599086,-71.80192,TR-03_2-090,9,2
TCU_SUNNER_ID_091,-16.599087,-71.801804,TR-03_2-091,9,2
TCU_SUNNER_ID_092,-16.599089,-71.801688,TR-03_2-092,9,2
TCU_SUNNER_ID_093,-16.59909,-71.801572,TR-03_2-093,9,2
TCU_SUNNER_ID_094,-16.599092,-71.801457,TR-03_2-094,9,2
TCU_SUNNER_ID_095,-16.599093,-71.801341,TR-03_2-095,9,2
TCU_SUNNER_ID_096,-16.599095,-71.801224,TR-03_2-096,9,2
TCU_SUNNER_ID_097,-16.599097,-71.801108,TR-03_2-097,9,2
TCU_SUNNER_ID_098,-16.599098,-71.800992,TR-03_2-098,9,2
TCU_SUNNER_ID_099,-16.5991,-71.800876,TR-03_2-099,9,2
TCU_SUNNER_ID_100,-16.599101,-71.80076,TR-03_2-100,9,2
TCU_SUNNER_ID_101,-16.599103,-71.800644,TR-03_2-101,9,2
TCU_SUNNER_ID_102,-16.599104,-71.800528,TR-03_2-102,9,2
TCU_SUNNER_ID_103,-16.599106,-71.800412,TR-03_2-103,9,2
TCU_SUNNER_ID_104,-16.599107,-71.800296,TR-03_2-104,9,2
TCU_SUNNER_ID_105,-16.599109,-71.800179,TR-03_2-105,9,2
TCU_SUNNER_ID_106,-16.599111,-71.800063,TR-03_2-106,9,2
TCU_SUNNER_ID_107,-16.599112,-71.799947,TR-03_2-107,9,2
TCU_SUNNER_ID_108,-16.599114,-71.799831,TR-03_2-108,9,2
TCU_SUNNER_ID_109,-16.599775,-71.801118,TR-03_2-109,9,2
TCU_SUNNER_ID_110,-16.599776,-71.801002,TR-03_2-110,9,2
TCU_SUNNER_ID_111,-16.599778,-71.800886,TR-03_2-111,9,2
TCU_SUNNER_ID_112,-16.599779,-71.80077,TR-03_2-112,9,2
TCU_SUNNER_ID_113,-16.599781,-71.800654,TR-03_2-113,9,2
TCU_SUNNER_ID_114,-16.599782,-71.800538,TR-03_2-114,9,2
TCU_SUNNER_ID_115,-16.599784,-71.800422,TR-03_2-115,9,2
TCU_SUNNER_ID_116,-16.599786,-71.800305,TR-03_2-116,9,2
TCU_SUNNER_ID_117,-16.599787,-71.800189,TR-03_2-117,9,2
TCU_SUNNER_ID_118,-16.599789,-71.800073,TR-03_2-118,9,2
TCU_SUNNER_ID_119,-16.59979,-71.799957,TR-03_2-119,9,2
TCU_SUNNER_ID_120,-16.599792,-71.799841,TR-03_2-120,9,2
TCU_SUNNER_ID_001,-16.594895,-71.803485,TR-06_1-001,10,1
TCU_SUNNER_ID_002,-16.594897,-71.803369,TR-06_1-002,10,1
TCU_SUNNER_ID_003,-16.594898,-71.803253,TR-06_1-003,10,1
TCU_SUNNER_ID_004,-16.5949,-71.803137,TR-06_1-004,10,1
TCU_SUNNER_ID_005,-16.594901,-71.803021,TR-06_1-005,10,1
TCU_SUNNER_ID_006,-16.594903,-71.802905,TR-06_1-006,10,1
TCU_SUNNER_ID_007,-16.594904,-71.802789,TR-06_1-007,10,1
TCU_SUNNER_ID_008,-16.594906,-71.802673,TR-06_1-008,10,1
TCU_SUNNER_ID_009,-16.594907,-71.802556,TR-06_1-009,10,1
TCU_SUNNER_ID_010,-16.594909,-71.80244,TR-06_1-010,10,1
TCU_SUNNER_ID_011,-16.594911,-71.802324,TR-06_1-011,10,1
TCU_SUNNER_ID_012,-16.594912,-71.802208,TR-06_1-012,10,1
TCU_SUNNER_ID_013,-16.594914,-71.802092,TR-06_1-013,10,1
TCU_SUNNER_ID_014,-16.595573,-71.803495,TR-06_1-014,10,1
TCU_SUNNER_ID_015,-16.595575,-71.803379,TR-06_1-015,10,1
TCU_SUNNER_ID_016,-16.595576,-71.803263,TR-06_1-016,10,1
TCU_SUNNER_ID_017,-16.595578,-71.803147,TR-06_1-017,10,1
TCU_SUNNER_ID_018,-16.595579,-71.803031,TR-06_1-018,10,1
TCU_SUNNER_ID_019,-16.595581,-71.802915,TR-06_1-019,10,1
TCU_SUNNER_ID_020,-16.595582,-71.802798,TR-06_1-020,10,1
TCU_SUNNER_ID_021,-16.595584,-71.802682,TR-06_1-021,10,1
TCU_SUNNER_ID_022,-16.595586,-71.802566,TR-06_1-022,10,1
TCU_SUNNER_ID_023,-16.595587,-71.80245,TR-06_1-023,10,1
TCU_SUNNER_ID_024,-16.595589,-71.802334,TR-06_1-024,10,1
TCU_SUNNER_ID_025,-16.59559,-71.802218,TR-06_1-025,10,1
TCU_SUNNER_ID_026,-16.595592,-71.802102,TR-06_1-026,10,1
TCU_SUNNER_ID_027,-16.596243,-71.804085,TR-06_1-027,10,1
TCU_SUNNER_ID_028,-16.596245,-71.803969,TR-06_1-028,10,1
TCU_SUNNER_ID_029,-16.596246,-71.803853,TR-06_1-029,10,1
TCU_SUNNER_ID_030,-16.596248,-71.803737,TR-06_1-030,10,1
TCU_SUNNER_ID_031,-16.59625,-71.803621,TR-06_1-031,10,1
TCU_SUNNER_ID_032,-16.596251,-71.803505,TR-06_1-032,10,1
TCU_SUNNER_ID_033,-16.596253,-71.803389,TR-06_1-033,10,1
TCU_SUNNER_ID_034,-16.596254,-71.803273,TR-06_1-034,10,1
TCU_SUNNER_ID_035,-16.596256,-71.803157,TR-06_1-035,10,1
TCU_SUNNER_ID_036,-16.596257,-71.803041,TR-06_1-036,10,1
TCU_SUNNER_ID_037,-16.596259,-71.802924,TR-06_1-037,10,1
TCU_SUNNER_ID_038,-16.596261,-71.802808,TR-06_1-038,10,1
TCU_SUNNER_ID_039,-16.596262,-71.802692,TR-06_1-039,10,1
TCU_SUNNER_ID_040,-16.596264,-71.802576,TR-06_1-040,10,1
TCU_SUNNER_ID_041,-16.596265,-71.80246,TR-06_1-041,10,1
TCU_SUNNER_ID_042,-16.596267,-71.802344,TR-06_1-042,10,1
TCU_SUNNER_ID_043,-16.596268,-71.802228,TR-06_1-043,10,1
TCU_SUNNER_ID_044,-16.59627,-71.802112,TR-06_1-044,10,1
TCU_SUNNER_ID_045,-16.596921,-71.804095,TR-06_1-045,10,1
TCU_SUNNER_ID_046,-16.596923,-71.803979,TR-06_1-046,10,1
TCU_SUNNER_ID_047,-16.596924,-71.803863,TR-06_1-047,10,1
TCU_SUNNER_ID_048,-16.596926,-71.803747,TR-06_1-048,10,1
TCU_SUNNER_ID_049,-16.596928,-71.803631,TR-06_1-049,10,1
TCU_SUNNER_ID_050,-16.596929,-71.803515,TR-06_1-050,10,1
TCU_SUNNER_ID_051,-16.596931,-71.803399,TR-06_1-051,10,1
TCU_SUNNER_ID_052,-16.596932,-71.803283,TR-06_1-052,10,1
TCU_SUNNER_ID_053,-16.596934,-71.803166,TR-06_1-053,10,1
TCU_SUNNER_ID_054,-16.596935,-71.80305,TR-06_1-054,10,1
TCU_SUNNER_ID_055,-16.596937,-71.802934,TR-06_1-055,10,1
TCU_SUNNER_ID_056,-16.596939,-71.802818,TR-06_1-056,10,1
TCU_SUNNER_ID_057,-16.59694,-71.802702,TR-06_1-057,10,1
TCU_SUNNER_ID_058,-16.596942,-71.802586,TR-06_1-058,10,1
TCU_SUNNER_ID_059,-16.596943,-71.80247,TR-06_1-059,10,1
TCU_SUNNER_ID_060,-16.596945,-71.802354,TR-06_1-060,10,1
TCU_SUNNER_ID_061,-16.596946,-71.802238,TR-06_1-061,10,1
TCU_SUNNER_ID_062,-16.596948,-71.802121,TR-06_1-062,10,1
TCU_SUNNER_ID_063,-16.597701,-71.80399,TR-06_1-063,10,2
TCU_SUNNER_ID_064,-16.597703,-71.803874,TR-06_1-064,10,2
TCU_SUNNER_ID_065,-16.597704,-71.803758,TR-06_1-065,10,2
TCU_SUNNER_ID_066,-16.597706,-71.803642,TR-06_1-066,10,2
TCU_SUNNER_ID_067,-16.597707,-71.803526,TR-06_1-067,10,2
TCU_SUNNER_ID_068,-16.597709,-71.80341,TR-06_1-068,10,2
TCU_SUNNER_ID_069,-16.597711,-71.803294,TR-06_1-069,10,2
TCU_SUNNER_ID_070,-16.597712,-71.803178,TR-06_1-070,10,2
TCU_SUNNER_ID_071,-16.597714,-71.803062,TR-06_1-071,10,2
TCU_SUNNER_ID_072,-16.597715,-71.802946,TR-06_1-072,10,2
TCU_SUNNER_ID_073,-16.597717,-71.802829,TR-06_1-073,10,2
TCU_SUNNER_ID_074,-16.597885,-71.802716,TR-06_1-074,10,2
TCU_SUNNER_ID_075,-16.597886,-71.8026,TR-06_1-075,10,2
TCU_SUNNER_ID_076,-16.597722,-71.802481,TR-06_1-076,10,2
TCU_SUNNER_ID_077,-16.597723,-71.802365,TR-06_1-077,10,2
TCU_SUNNER_ID_078,-16.597725,-71.802249,TR-06_1-078,10,2
TCU_SUNNER_ID_079,-16.597726,-71.802133,TR-06_1-079,10,2
TCU_SUNNER_ID_080,-16.598379,-71.804,TR-06_1-080,10,2
TCU_SUNNER_ID_081,-16.598381,-71.803884,TR-06_1-081,10,2
TCU_SUNNER_ID_082,-16.598382,-71.803768,TR-06_1-082,10,2
TCU_SUNNER_ID_083,-16.598384,-71.803652,TR-06_1-083,10,2
TCU_SUNNER_ID_084,-16.598386,-71.803536,TR-06_1-084,10,2
TCU_SUNNER_ID_085,-16.598387,-71.80342,TR-06_1-085,10,2
TCU_SUNNER_ID_086,-16.598389,-71.803304,TR-06_1-086,10,2
TCU_SUNNER_ID_087,-16.59839,-71.803188,TR-06_1-087,10,2
TCU_SUNNER_ID_088,-16.598392,-71.803071,TR-06_1-088,10,2
TCU_SUNNER_ID_089,-16.598393,-71.802955,TR-06_1-089,10,2
TCU_SUNNER_ID_090,-16.598395,-71.802839,TR-06_1-090,10,2
TCU_SUNNER_ID_091,-16.598397,-71.802723,TR-06_1-091,10,2
TCU_SUNNER_ID_092,-16.598398,-71.802607,TR-06_1-092,10,2
TCU_SUNNER_ID_093,-16.5984,-71.802491,TR-06_1-093,10,2
TCU_SUNNER_ID_094,-16.598401,-71.802375,TR-06_1-094,10,2
TCU_SUNNER_ID_095,-16.598403,-71.802259,TR-06_1-095,10,2
TCU_SUNNER_ID_096,-16.598404,-71.802143,TR-06_1-096,10,2
TCU_SUNNER_ID_097,-16.599057,-71.80401,TR-06_1-097,10,2
TCU_SUNNER_ID_098,-16.599059,-71.803894,TR-06_1-098,10,2
TCU_SUNNER_ID_099,-16.599061,-71.803778,TR-06_1-099,10,2
TCU_SUNNER_ID_100,-16.599062,-71.803662,TR-06_1-100,10,2
TCU_SUNNER_ID_101,-16.599064,-71.803546,TR-06_1-101,10,2
TCU_SUNNER_ID_102,-16.599065,-71.80343,TR-06_1-102,10,2
TCU_SUNNER_ID_103,-16.599067,-71.803314,TR-06_1-103,10,2
TCU_SUNNER_ID_104,-16.599068,-71.803197,TR-06_1-104,10,2
TCU_SUNNER_ID_105,-16.59907,-71.803081,TR-06_1-105,10,2
TCU_SUNNER_ID_106,-16.599071,-71.802965,TR-06_1-106,10,2
TCU_SUNNER_ID_107,-16.599073,-71.802849,TR-06_1-107,10,2
TCU_SUNNER_ID_108,-16.599075,-71.802733,TR-06_1-108,10,2
TCU_SUNNER_ID_109,-16.599076,-71.802617,TR-06_1-109,10,2
TCU_SUNNER_ID_110,-16.599078,-71.802501,TR-06_1-110,10,2
TCU_SUNNER_ID_111,-16.599079,-71.802385,TR-06_1-111,10,2
TCU_SUNNER_ID_112,-16.599081,-71.802269,TR-06_1-112,10,2
TCU_SUNNER_ID_113,-16.599082,-71.802152,TR-06_1-113,10,2
TCU_SUNNER_ID_114,-16.599735,-71.80402,TR-06_1-114,10,2
TCU_SUNNER_ID_115,-16.599737,-71.803904,TR-06_1-115,10,2
TCU_SUNNER_ID_116,-16.599739,-71.803788,TR-06_1-116,10,2
TCU_SUNNER_ID_117,-16.59974,-71.803672,TR-06_1-117,10,2
TCU_SUNNER_ID_118,-16.599742,-71.803556,TR-06_1-118,10,2
TCU_SUNNER_ID_119,-16.599743,-71.803439,TR-06_1-119,10,2
TCU_SUNNER_ID_001,-16.596214,-71.806291,TR-06_2-001,11,1
TCU_SUNNER_ID_002,-16.596215,-71.806174,TR-06_2-002,11,1
TCU_SUNNER_ID_003,-16.596217,-71.806058,TR-06_2-003,11,1
TCU_SUNNER_ID_004,-16.596218,-71.805942,TR-06_2-004,11,1
TCU_SUNNER_ID_005,-16.59622,-71.805826,TR-06_2-005,11,1
TCU_SUNNER_ID_006,-16.596221,-71.80571,TR-06_2-006,11,1
TCU_SUNNER_ID_007,-16.596223,-71.805594,TR-06_2-007,11,1
TCU_SUNNER_ID_008,-16.596224,-71.805478,TR-06_2-008,11,1
TCU_SUNNER_ID_009,-16.596226,-71.805362,TR-06_2-009,11,1
TCU_SUNNER_ID_010,-16.596228,-71.805246,TR-06_2-010,11,1
TCU_SUNNER_ID_011,-16.596229,-71.80513,TR-06_2-011,11,1
TCU_SUNNER_ID_012,-16.596231,-71.805013,TR-06_2-012,11,1
TCU_SUNNER_ID_013,-16.596232,-71.804897,TR-06_2-013,11,1
TCU_SUNNER_ID_014,-16.596234,-71.804781,TR-06_2-014,11,1
TCU_SUNNER_ID_015,-16.596235,-71.804665,TR-06_2-015,11,1
TCU_SUNNER_ID_016,-16.596237,-71.804549,TR-06_2-016,11,1
TCU_SUNNER_ID_017,-16.596239,-71.804433,TR-06_2-017,11,1
TCU_SUNNER_ID_018,-16.59624,-71.804318,TR-06_2-018,11,1
TCU_SUNNER_ID_019,-16.596242,-71.804202,TR-06_2-019,11,1
TCU_SUNNER_ID_020,-16.596892,-71.8063,TR-06_2-020,11,1
TCU_SUNNER_ID_021,-16.596893,-71.806184,TR-06_2-021,11,1
TCU_SUNNER_ID_022,-16.596895,-71.806068,TR-06_2-022,11,1
TCU_SUNNER_ID_023,-16.596896,-71.805952,TR-06_2-023,11,1
TCU_SUNNER_ID_024,-16.596898,-71.805836,TR-06_2-024,11,1
TCU_SUNNER_ID_025,-16.596899,-71.80572,TR-06_2-025,11,1
TCU_SUNNER_ID_026,-16.596901,-71.805604,TR-06_2-026,11,1
TCU_SUNNER_ID_027,-16.596903,-71.805488,TR-06_2-027,11,1
TCU_SUNNER_ID_028,-16.596904,-71.805372,TR-06_2-028,11,1
TCU_SUNNER_ID_029,-16.596906,-71.805255,TR-06_2-029,11,1
TCU_SUNNER_ID_030,-16.596907,-71.805139,TR-06_2-030,11,1
TCU_SUNNER_ID_031,-16.596909,-71.805023,TR-06_2-031,11,1
TCU_SUNNER_ID_032,-16.59691,-71.804907,TR-06_2-032,11,1
TCU_SUNNER_ID_033,-16.596912,-71.804791,TR-06_2-033,11,1
TCU_SUNNER_ID_034,-16.596914,-71.804675,TR-06_2-034,11,1
TCU_SUNNER_ID_035,-16.596915,-71.804559,TR-06_2-035,11,1
TCU_SUNNER_ID_036,-16.596917,-71.804443,TR-06_2-036,11,1
TCU_SUNNER_ID_037,-16.596918,-71.804328,TR-06_2-037,11,1
TCU_SUNNER_ID_038,-16.59692,-71.804211,TR-06_2-038,11,1
TCU_SUNNER_ID_039,-16.59767,-71.806312,TR-06_2-039,11,2
TCU_SUNNER_ID_040,-16.597671,-71.806196,TR-06_2-040,11,2
TCU_SUNNER_ID_041,-16.597673,-71.80608,TR-06_2-041,11,2
TCU_SUNNER_ID_042,-16.597675,-71.805963,TR-06_2-042,11,2
TCU_SUNNER_ID_043,-16.597676,-71.805847,TR-06_2-043,11,2
TCU_SUNNER_ID_044,-16.597678,-71.805731,TR-06_2-044,11,2
TCU_SUNNER_ID_045,-16.597679,-71.805615,TR-06_2-045,11,2
TCU_SUNNER_ID_046,-16.597681,-71.805499,TR-06_2-046,11,2
TCU_SUNNER_ID_047,-16.597682,-71.805383,TR-06_2-047,11,2
TCU_SUNNER_ID_048,-16.597684,-71.805267,TR-06_2-048,11,2
TCU_SUNNER_ID_049,-16.597686,-71.805151,TR-06_2-049,11,2
TCU_SUNNER_ID_050,-16.597687,-71.805035,TR-06_2-050,11,2
TCU_SUNNER_ID_051,-16.597855,-71.804921,TR-06_2-051,11,2
TCU_SUNNER_ID_052,-16.597856,-71.804805,TR-06_2-052,11,2
TCU_SUNNER_ID_053,-16.597692,-71.804686,TR-06_2-053,11,2
TCU_SUNNER_ID_054,-16.597693,-71.80457,TR-06_2-054,11,2
TCU_SUNNER_ID_055,-16.597695,-71.804454,TR-06_2-055,11,2
TCU_SUNNER_ID_056,-16.597697,-71.804339,TR-06_2-056,11,2
TCU_SUNNER_ID_057,-16.597698,-71.804223,TR-06_2-057,11,2
TCU_SUNNER_ID_058,-16.5977,-71.804107,TR-06_2-058,11,2
TCU_SUNNER_ID_059,-16.598348,-71.806322,TR-06_2-059,11,2
TCU_SUNNER_ID_060,-16.59835,-71.806205,TR-06_2-060,11,2
TCU_SUNNER_ID_061,-16.598351,-71.806089,TR-06_2-061,11,2
TCU_SUNNER_ID_062,-16.598353,-71.805973,TR-06_2-062,11,2
TCU_SUNNER_ID_063,-16.598354,-71.805857,TR-06_2-063,11,2
TCU_SUNNER_ID_064,-16.598356,-71.805741,TR-06_2-064,11,2
TCU_SUNNER_ID_065,-16.598357,-71.805625,TR-06_2-065,11,2
TCU_SUNNER_ID_066,-16.598359,-71.805509,TR-06_2-066,11,2
TCU_SUNNER_ID_067,-16.598361,-71.805393,TR-06_2-067,11,2
TCU_SUNNER_ID_068,-16.598362,-71.805277,TR-06_2-068,11,2
TCU_SUNNER_ID_069,-16.598364,-71.80516,TR-06_2-069,11,2
TCU_SUNNER_ID_070,-16.598365,-71.805044,TR-06_2-070,11,2
TCU_SUNNER_ID_071,-16.598367,-71.804928,TR-06_2-071,11,2
TCU_SUNNER_ID_072,-16.598368,-71.804812,TR-06_2-072,11,2
TCU_SUNNER_ID_073,-16.59837,-71.804696,TR-06_2-073,11,2
TCU_SUNNER_ID_074,-16.598371,-71.80458,TR-06_2-074,11,2
TCU_SUNNER_ID_075,-16.598373,-71.804464,TR-06_2-075,11,2
TCU_SUNNER_ID_076,-16.598375,-71.804349,TR-06_2-076,11,2
TCU_SUNNER_ID_077,-16.598376,-71.804233,TR-06_2-077,11,2
TCU_SUNNER_ID_078,-16.598378,-71.804116,TR-06_2-078,11,2
TCU_SUNNER_ID_079,-16.599026,-71.806331,TR-06_2-079,11,2
TCU_SUNNER_ID_080,-16.599028,-71.806215,TR-06_2-080,11,2
TCU_SUNNER_ID_081,-16.599029,-71.806099,TR-06_2-081,11,2
TCU_SUNNER_ID_082,-16.599031,-71.805983,TR-06_2-082,11,2
TCU_SUNNER_ID_083,-16.599032,-71.805867,TR-06_2-083,11,2
TCU_SUNNER_ID_084,-16.599034,-71.805751,TR-06_2-084,11,2
TCU_SUNNER_ID_085,-16.599035,-71.805635,TR-06_2-085,11,2
TCU_SUNNER_ID_086,-16.599037,-71.805519,TR-06_2-086,11,2
TCU_SUNNER_ID_087,-16.599039,-71.805403,TR-06_2-087,11,2
TCU_SUNNER_ID_088,-16.59904,-71.805286,TR-06_2-088,11,2
TCU_SUNNER_ID_089,-16.599042,-71.80517,TR-06_2-089,11,2
TCU_SUNNER_ID_090,-16.599043,-71.805054,TR-06_2-090,11,2
TCU_SUNNER_ID_091,-16.599045,-71.804938,TR-06_2-091,11,2
TCU_SUNNER_ID_092,-16.599046,-71.804822,TR-06_2-092,11,2
TCU_SUNNER_ID_093,-16.599048,-71.804706,TR-06_2-093,11,2
TCU_SUNNER_ID_094,-16.59905,-71.80459,TR-06_2-094,11,2
TCU_SUNNER_ID_095,-16.599051,-71.804474,TR-06_2-095,11,2
TCU_SUNNER_ID_096,-16.599053,-71.804359,TR-06_2-096,11,2
TCU_SUNNER_ID_097,-16.599054,-71.804242,TR-06_2-097,11,2
TCU_SUNNER_ID_098,-16.599056,-71.804126,TR-06_2-098,11,2
TCU_SUNNER_ID_099,-16.599704,-71.806341,TR-06_2-099,11,2
TCU_SUNNER_ID_100,-16.599706,-71.806225,TR-06_2-100,11,2
TCU_SUNNER_ID_101,-16.599707,-71.806109,TR-06_2-101,11,2
TCU_SUNNER_ID_102,-16.599709,-71.805993,TR-06_2-102,11,2
TCU_SUNNER_ID_103,-16.59971,-71.805877,TR-06_2-103,11,2
TCU_SUNNER_ID_104,-16.599712,-71.805761,TR-06_2-104,11,2
TCU_SUNNER_ID_105,-16.599714,-71.805645,TR-06_2-105,11,2
TCU_SUNNER_ID_106,-16.599715,-71.805529,TR-06_2-106,11,2
TCU_SUNNER_ID_107,-16.599717,-71.805412,TR-06_2-107,11,2
TCU_SUNNER_ID_108,-16.599718,-71.805296,TR-06_2-108,11,2
TCU_SUNNER_ID_109,-16.59972,-71.80518,TR-06_2-109,11,2
TCU_SUNNER_ID_110,-16.599721,-71.805064,TR-06_2-110,11,2
TCU_SUNNER_ID_111,-16.599723,-71.804948,TR-06_2-111,11,2
TCU_SUNNER_ID_112,-16.599725,-71.804832,TR-06_2-112,11,2
TCU_SUNNER_ID_113,-16.599726,-71.804716,TR-06_2-113,11,2
TCU_SUNNER_ID_114,-16.599728,-71.8046,TR-06_2-114,11,2
TCU_SUNNER_ID_115,-16.599729,-71.804484,TR-06_2-115,11,2
TCU_SUNNER_ID_116,-16.599731,-71.804368,TR-06_2-116,11,2
TCU_SUNNER_ID_117,-16.599732,-71.804252,TR-06_2-117,11,2
TCU_SUNNER_ID_118,-16.599734,-71.804136,TR-06_2-118,11,2
TCU_SUNNER_ID_001,-16.59003,-71.803994,TR-07_1-001,12,1
TCU_SUNNER_ID_002,-16.590031,-71.803878,TR-07_1-002,12,1
TCU_SUNNER_ID_003,-16.590033,-71.803762,TR-07_1-003,12,1
TCU_SUNNER_ID_004,-16.590034,-71.803647,TR-07_1-004,12,1
TCU_SUNNER_ID_005,-16.590036,-71.803531,TR-07_1-005,12,1
TCU_SUNNER_ID_006,-16.590037,-71.803415,TR-07_1-006,12,1
TCU_SUNNER_ID_007,-16.590169,-71.802059,TR-07_1-007,12,2
TCU_SUNNER_ID_008,-16.590171,-71.801943,TR-07_1-008,12,2
TCU_SUNNER_ID_009,-16.590708,-71.804004,TR-07_1-009,12,1
TCU_SUNNER_ID_010,-16.590709,-71.803888,TR-07_1-010,12,1
TCU_SUNNER_ID_011,-16.590711,-71.803772,TR-07_1-011,12,1
TCU_SUNNER_ID_012,-16.590712,-71.803657,TR-07_1-012,12,1
TCU_SUNNER_ID_013,-16.590714,-71.803541,TR-07_1-013,12,1
TCU_SUNNER_ID_014,-16.590715,-71.803425,TR-07_1-014,12,1
TCU_SUNNER_ID_015,-16.590847,-71.802069,TR-07_1-015,12,2
TCU_SUNNER_ID_016,-16.590849,-71.801953,TR-07_1-016,12,2
TCU_SUNNER_ID_017,-16.590851,-71.801836,TR-07_1-017,12,2
TCU_SUNNER_ID_018,-16.590852,-71.80172,TR-07_1-018,12,2
TCU_SUNNER_ID_019,-16.590854,-71.801605,TR-07_1-019,12,2
TCU_SUNNER_ID_020,-16.591386,-71.804014,TR-07_1-020,12,1
TCU_SUNNER_ID_021,-16.591387,-71.803898,TR-07_1-021,12,1
TCU_SUNNER_ID_022,-16.591389,-71.803782,TR-07_1-022,12,1
TCU_SUNNER_ID_023,-16.59139,-71.803667,TR-07_1-023,12,1
TCU_SUNNER_ID_024,-16.591392,-71.803551,TR-07_1-024,12,1
TCU_SUNNER_ID_025,-16.591393,-71.803434,TR-07_1-025,12,1
TCU_SUNNER_ID_026,-16.591526,-71.802078,TR-07_1-026,12,2
TCU_SUNNER_ID_027,-16.591527,-71.801962,TR-07_1-027,12,2
TCU_SUNNER_ID_028,-16.591529,-71.801846,TR-07_1-028,12,2
TCU_SUNNER_ID_029,-16.59153,-71.80173,TR-07_1-029,12,2
TCU_SUNNER_ID_030,-16.591532,-71.801615,TR-07_1-030,12,2
TCU_SUNNER_ID_031,-16.591533,-71.801499,TR-07_1-031,12,2
TCU_SUNNER_ID_032,-16.591535,-71.801383,TR-07_1-032,12,2
TCU_SUNNER_ID_033,-16.591536,-71.801267,TR-07_1-033,12,2
TCU_SUNNER_ID_034,-16.591538,-71.801151,TR-07_1-034,12,2
TCU_SUNNER_ID_035,-16.592155,-71.804026,TR-07_1-035,12,1
TCU_SUNNER_ID_036,-16.592157,-71.80391,TR-07_1-036,12,1
TCU_SUNNER_ID_037,-16.592158,-71.803794,TR-07_1-037,12,1
TCU_SUNNER_ID_038,-16.59216,-71.803678,TR-07_1-038,12,1
TCU_SUNNER_ID_039,-16.592161,-71.803562,TR-07_1-039,12,1
TCU_SUNNER_ID_040,-16.592163,-71.803446,TR-07_1-040,12,1
TCU_SUNNER_ID_041,-16.592164,-71.80333,TR-07_1-041,12,1
TCU_SUNNER_ID_042,-16.592166,-71.803213,TR-07_1-042,12,1
TCU_SUNNER_ID_043,-16.592167,-71.803097,TR-07_1-043,12,1
TCU_SUNNER_ID_044,-16.592208,-71.80174,TR-07_1-044,12,2
TCU_SUNNER_ID_045,-16.59221,-71.801625,TR-07_1-045,12,2
TCU_SUNNER_ID_046,-16.592211,-71.801509,TR-07_1-046,12,2
TCU_SUNNER_ID_047,-16.592213,-71.801393,TR-07_1-047,12,2
TCU_SUNNER_ID_048,-16.592215,-71.801276,TR-07_1-048,12,2
TCU_SUNNER_ID_049,-16.592216,-71.80116,TR-07_1-049,12,2
TCU_SUNNER_ID_050,-16.592218,-71.801044,TR-07_1-050,12,2
TCU_SUNNER_ID_051,-16.592219,-71.800928,TR-07_1-051,12,2
TCU_SUNNER_ID_052,-16.592221,-71.800812,TR-07_1-052,12,2
TCU_SUNNER_ID_053,-16.592222,-71.800696,TR-07_1-053,12,2
TCU_SUNNER_ID_054,-16.592833,-71.804036,TR-07_1-054,12,1
TCU_SUNNER_ID_055,-16.592835,-71.80392,TR-07_1-055,12,1
TCU_SUNNER_ID_056,-16.592836,-71.803804,TR-07_1-056,12,1
TCU_SUNNER_ID_057,-16.592838,-71.803688,TR-07_1-057,12,1
TCU_SUNNER_ID_058,-16.592839,-71.803572,TR-07_1-058,12,1
TCU_SUNNER_ID_059,-16.592841,-71.803455,TR-07_1-059,12,1
TCU_SUNNER_ID_060,-16.592842,-71.803339,TR-07_1-060,12,1
TCU_SUNNER_ID_061,-16.592844,-71.803223,TR-07_1-061,12,1
TCU_SUNNER_ID_062,-16.592846,-71.803107,TR-07_1-062,12,1
TCU_SUNNER_ID_063,-16.592847,-71.802991,TR-07_1-063,12,1
TCU_SUNNER_ID_064,-16.592849,-71.802875,TR-07_1-064,12,1
TCU_SUNNER_ID_065,-16.59285,-71.802759,TR-07_1-065,12,1
TCU_SUNNER_ID_066,-16.592852,-71.802643,TR-07_1-066,12,1
TCU_SUNNER_ID_067,-16.593018,-71.801429,TR-07_1-067,12,2
TCU_SUNNER_ID_068,-16.59302,-71.801313,TR-07_1-068,12,2
TCU_SUNNER_ID_069,-16.593021,-71.801197,TR-07_1-069,12,2
TCU_SUNNER_ID_070,-16.593023,-71.801081,TR-07_1-070,12,2
TCU_SUNNER_ID_071,-16.593024,-71.800965,TR-07_1-071,12,2
TCU_SUNNER_ID_072,-16.593026,-71.800849,TR-07_1-072,12,2
TCU_SUNNER_ID_073,-16.593027,-71.800733,TR-07_1-073,12,2
TCU_SUNNER_ID_074,-16.593029,-71.800617,TR-07_1-074,12,2
TCU_SUNNER_ID_075,-16.593031,-71.800501,TR-07_1-075,12,2
TCU_SUNNER_ID_076,-16.593032,-71.800385,TR-07_1-076,12,2
TCU_SUNNER_ID_077,-16.593034,-71.800268,TR-07_1-077,12,2
TCU_SUNNER_ID_078,-16.593035,-71.800152,TR-07_1-078,12,2
TCU_SUNNER_ID_079,-16.593511,-71.804046,TR-07_1-079,12,1
TCU_SUNNER_ID_080,-16.593513,-71.80393,TR-07_1-080,12,1
TCU_SUNNER_ID_081,-16.593514,-71.803814,TR-07_1-081,12,1
TCU_SUNNER_ID_082,-16.593516,-71.803698,TR-07_1-082,12,1
TCU_SUNNER_ID_083,-16.593517,-71.803581,TR-07_1-083,12,1
TCU_SUNNER_ID_084,-16.593519,-71.803465,TR-07_1-084,12,1
TCU_SUNNER_ID_085,-16.59352,-71.803349,TR-07_1-085,12,1
TCU_SUNNER_ID_086,-16.593522,-71.803233,TR-07_1-086,12,1
TCU_SUNNER_ID_087,-16.593524,-71.803117,TR-07_1-087,12,1
TCU_SUNNER_ID_088,-16.593525,-71.803001,TR-07_1-088,12,1
TCU_SUNNER_ID_089,-16.593527,-71.802885,TR-07_1-089,12,1
TCU_SUNNER_ID_090,-16.593528,-71.802769,TR-07_1-090,12,1
TCU_SUNNER_ID_091,-16.59353,-71.802653,TR-07_1-091,12,1
TCU_SUNNER_ID_092,-16.59371,-71.800394,TR-07_1-092,12,2
TCU_SUNNER_ID_093,-16.593712,-71.800278,TR-07_1-093,12,2
TCU_SUNNER_ID_094,-16.593713,-71.800162,TR-07_1-094,12,2
TCU_SUNNER_ID_095,-16.593715,-71.800046,TR-07_1-095,12,2
TCU_SUNNER_ID_096,-16.593716,-71.79993,TR-07_1-096,12,2
TCU_SUNNER_ID_097,-16.59419,-71.804056,TR-07_1-097,12,1
TCU_SUNNER_ID_098,-16.594192,-71.80394,TR-07_1-098,12,1
TCU_SUNNER_ID_099,-16.594193,-71.803823,TR-07_1-099,12,1
TCU_SUNNER_ID_100,-16.594195,-71.803707,TR-07_1-100,12,1
TCU_SUNNER_ID_101,-16.594196,-71.803591,TR-07_1-101,12,1
TCU_SUNNER_ID_102,-16.594198,-71.803475,TR-07_1-102,12,1
TCU_SUNNER_ID_103,-16.594199,-71.803359,TR-07_1-103,12,1
TCU_SUNNER_ID_104,-16.594201,-71.803243,TR-07_1-104,12,1
TCU_SUNNER_ID_105,-16.594203,-71.803127,TR-07_1-105,12,1
TCU_SUNNER_ID_106,-16.594204,-71.803011,TR-07_1-106,12,1
TCU_SUNNER_ID_107,-16.594206,-71.802895,TR-07_1-107,12,1
TCU_SUNNER_ID_108,-16.594207,-71.802779,TR-07_1-108,12,1
TCU_SUNNER_ID_109,-16.594209,-71.802662,TR-07_1-109,12,1
TCU_SUNNER_ID_110,-16.594393,-71.800056,TR-07_1-110,12,2
TCU_SUNNER_ID_111,-16.594395,-71.79994,TR-07_1-111,12,2
TCU_SUNNER_ID_112,-16.594396,-71.799824,TR-07_1-112,12,2
TCU_SUNNER_ID_113,-16.595071,-71.800066,TR-07_1-113,12,2
TCU_SUNNER_ID_114,-16.595073,-71.79995,TR-07_1-114,12,2
TCU_SUNNER_ID_115,-16.595074,-71.799834,TR-07_1-115,12,2
TCU_SUNNER_ID_116,-16.595076,-71.799717,TR-07_1-116,12,2
TCU_SUNNER_ID_117,-16.594913,-71.799364,TR-07_1-117,12,2
TCU_SUNNER_ID_118,-16.594915,-71.799248,TR-07_1-118,12,2
TCU_SUNNER_ID_001,-16.590009,-71.805504,TR-07_2-001,13,1
TCU_SUNNER_ID_002,-16.590011,-71.805388,TR-07_2-002,13,1
TCU_SUNNER_ID_003,-16.590012,-71.805272,TR-07_2-003,13,1
TCU_SUNNER_ID_004,-16.590014,-71.805155,TR-07_2-004,13,1
TCU_SUNNER_ID_005,-16.590015,-71.805039,TR-07_2-005,13,1
TCU_SUNNER_ID_006,-16.590017,-71.804923,TR-07_2-006,13,1
TCU_SUNNER_ID_007,-16.590019,-71.804807,TR-07_2-007,13,1
TCU_SUNNER_ID_008,-16.59002,-71.804691,TR-07_2-008,13,1
TCU_SUNNER_ID_009,-16.590022,-71.804575,TR-07_2-009,13,1
TCU_SUNNER_ID_010,-16.590023,-71.804459,TR-07_2-010,13,1
TCU_SUNNER_ID_011,-16.590025,-71.804343,TR-07_2-011,13,1
TCU_SUNNER_ID_012,-16.590026,-71.804227,TR-07_2-012,13,1
TCU_SUNNER_ID_013,-16.590028,-71.804111,TR-07_2-013,13,1
TCU_SUNNER_ID_014,-16.590679,-71.806094,TR-07_2-014,13,1
TCU_SUNNER_ID_015,-16.590681,-71.805978,TR-07_2-015,13,1
TCU_SUNNER_ID_016,-16.590683,-71.805862,TR-07_2-016,13,1
TCU_SUNNER_ID_017,-16.590684,-71.805746,TR-07_2-017,13,1
TCU_SUNNER_ID_018,-16.590686,-71.80563,TR-07_2-018,13,1
TCU_SUNNER_ID_019,-16.590687,-71.805514,TR-07_2-019,13,1
TCU_SUNNER_ID_020,-16.590689,-71.805397,TR-07_2-020,13,1
TCU_SUNNER_ID_021,-16.59069,-71.805281,TR-07_2-021,13,1
TCU_SUNNER_ID_022,-16.590692,-71.805165,TR-07_2-022,13,1
TCU_SUNNER_ID_023,-16.590694,-71.805049,TR-07_2-023,13,1
TCU_SUNNER_ID_024,-16.590695,-71.804933,TR-07_2-024,13,1
TCU_SUNNER_ID_025,-16.590697,-71.804817,TR-07_2-025,13,1
TCU_SUNNER_ID_026,-16.590698,-71.804701,TR-07_2-026,13,1
TCU_SUNNER_ID_027,-16.5907,-71.804585,TR-07_2-027,13,1
TCU_SUNNER_ID_028,-16.590701,-71.804469,TR-07_2-028,13,1
TCU_SUNNER_ID_029,-16.590703,-71.804353,TR-07_2-029,13,1
TCU_SUNNER_ID_030,-16.590704,-71.804236,TR-07_2-030,13,1
TCU_SUNNER_ID_031,-16.590706,-71.80412,TR-07_2-031,13,1
TCU_SUNNER_ID_032,-16.591357,-71.806104,TR-07_2-032,13,1
TCU_SUNNER_ID_033,-16.591359,-71.805988,TR-07_2-033,13,1
TCU_SUNNER_ID_034,-16.591361,-71.805872,TR-07_2-034,13,1
TCU_SUNNER_ID_035,-16.591362,-71.805756,TR-07_2-035,13,1
TCU_SUNNER_ID_036,-16.591364,-71.80564,TR-07_2-036,13,1
TCU_SUNNER_ID_037,-16.591365,-71.805523,TR-07_2-037,13,1
TCU_SUNNER_ID_038,-16.591367,-71.805407,TR-07_2-038,13,1
TCU_SUNNER_ID_039,-16.591368,-71.805291,TR-07_2-039,13,1
TCU_SUNNER_ID_040,-16.59137,-71.805175,TR-07_2-040,13,1
TCU_SUNNER_ID_041,-16.591372,-71.805059,TR-07_2-041,13,1
TCU_SUNNER_ID_042,-16.591373,-71.804943,TR-07_2-042,13,1
TCU_SUNNER_ID_043,-16.591375,-71.804827,TR-07_2-043,13,1
TCU_SUNNER_ID_044,-16.591376,-71.804711,TR-07_2-044,13,1
TCU_SUNNER_ID_045,-16.591378,-71.804595,TR-07_2-045,13,1
TCU_SUNNER_ID_046,-16.591379,-71.804478,TR-07_2-046,13,1
TCU_SUNNER_ID_047,-16.591381,-71.804362,TR-07_2-047,13,1
TCU_SUNNER_ID_048,-16.591383,-71.804246,TR-07_2-048,13,1
TCU_SUNNER_ID_049,-16.591384,-71.80413,TR-07_2-049,13,1
TCU_SUNNER_ID_050,-16.592127,-71.806115,TR-07_2-050,13,2
TCU_SUNNER_ID_051,-16.592128,-71.805999,TR-07_2-051,13,2
TCU_SUNNER_ID_052,-16.59213,-71.805883,TR-07_2-052,13,2
TCU_SUNNER_ID_053,-16.592131,-71.805767,TR-07_2-053,13,2
TCU_SUNNER_ID_054,-16.592133,-71.805651,TR-07_2-054,13,2
TCU_SUNNER_ID_055,-16.592135,-71.805535,TR-07_2-055,13,2
TCU_SUNNER_ID_056,-16.592136,-71.805418,TR-07_2-056,13,2
TCU_SUNNER_ID_057,-16.592138,-71.805302,TR-07_2-057,13,2
TCU_SUNNER_ID_058,-16.592139,-71.805186,TR-07_2-058,13,2
TCU_SUNNER_ID_059,-16.592141,-71.80507,TR-07_2-059,13,2
TCU_SUNNER_ID_060,-16.592142,-71.804954,TR-07_2-060,13,2
TCU_SUNNER_ID_061,-16.592144,-71.804838,TR-07_2-061,13,2
TCU_SUNNER_ID_062,-16.592146,-71.804722,TR-07_2-062,13,2
TCU_SUNNER_ID_063,-16.592313,-71.804608,TR-07_2-063,13,2
TCU_SUNNER_ID_064,-16.592315,-71.804492,TR-07_2-064,13,2
TCU_SUNNER_ID_065,-16.59215,-71.804374,TR-07_2-065,13,2
TCU_SUNNER_ID_066,-16.592152,-71.804258,TR-07_2-066,13,2
TCU_SUNNER_ID_067,-16.592153,-71.804142,TR-07_2-067,13,2
TCU_SUNNER_ID_068,-16.592805,-71.806125,TR-07_2-068,13,2
TCU_SUNNER_ID_069,-16.592806,-71.806009,TR-07_2-069,13,2
TCU_SUNNER_ID_070,-16.592808,-71.805893,TR-07_2-070,13,2
TCU_SUNNER_ID_071,-16.59281,-71.805777,TR-07_2-071,13,2
TCU_SUNNER_ID_072,-16.592811,-71.805661,TR-07_2-072,13,2
TCU_SUNNER_ID_073,-16.592813,-71.805544,TR-07_2-073,13,2
TCU_SUNNER_ID_074,-16.592814,-71.805428,TR-07_2-074,13,2
TCU_SUNNER_ID_075,-16.592816,-71.805312,TR-07_2-075,13,2
TCU_SUNNER_ID_076,-16.592817,-71.805196,TR-07_2-076,13,2
TCU_SUNNER_ID_077,-16.592819,-71.80508,TR-07_2-077,13,2
TCU_SUNNER_ID_078,-16.59282,-71.804964,TR-07_2-078,13,2
TCU_SUNNER_ID_079,-16.592822,-71.804848,TR-07_2-079,13,2
TCU_SUNNER_ID_080,-16.592824,-71.804732,TR-07_2-080,13,2
TCU_SUNNER_ID_081,-16.592825,-71.804616,TR-07_2-081,13,2
TCU_SUNNER_ID_082,-16.592827,-71.804499,TR-07_2-082,13,2
TCU_SUNNER_ID_083,-16.592828,-71.804383,TR-07_2-083,13,2
TCU_SUNNER_ID_084,-16.59283,-71.804268,TR-07_2-084,13,2
TCU_SUNNER_ID_085,-16.592831,-71.804152,TR-07_2-085,13,2
TCU_SUNNER_ID_086,-16.593481,-71.806251,TR-07_2-086,13,2
TCU_SUNNER_ID_087,-16.593483,-71.806135,TR-07_2-087,13,2
TCU_SUNNER_ID_088,-16.593484,-71.806019,TR-07_2-088,13,2
TCU_SUNNER_ID_089,-16.593486,-71.805903,TR-07_2-089,13,2
TCU_SUNNER_ID_090,-16.593488,-71.805786,TR-07_2-090,13,2
TCU_SUNNER_ID_091,-16.593489,-71.80567,TR-07_2-091,13,2
TCU_SUNNER_ID_092,-16.593491,-71.805554,TR-07_2-092,13,2
TCU_SUNNER_ID_093,-16.593492,-71.805438,TR-07_2-093,13,2
TCU_SUNNER_ID_094,-16.593494,-71.805322,TR-07_2-094,13,2
TCU_SUNNER_ID_095,-16.593495,-71.805206,TR-07_2-095,13,2
TCU_SUNNER_ID_096,-16.593497,-71.80509,TR-07_2-096,13,2
TCU_SUNNER_ID_097,-16.593499,-71.804974,TR-07_2-097,13,2
TCU_SUNNER_ID_098,-16.5935,-71.804858,TR-07_2-098,13,2
TCU_SUNNER_ID_099,-16.593502,-71.804742,TR-07_2-099,13,2
TCU_SUNNER_ID_100,-16.593503,-71.804625,TR-07_2-100,13,2
TCU_SUNNER_ID_101,-16.593505,-71.804509,TR-07_2-101,13,2
TCU_SUNNER_ID_102,-16.593506,-71.804393,TR-07_2-102,13,2
TCU_SUNNER_ID_103,-16.593508,-71.804278,TR-07_2-103,13,2
TCU_SUNNER_ID_104,-16.59351,-71.804162,TR-07_2-104,13,2
TCU_SUNNER_ID_105,-16.59416,-71.806261,TR-07_2-105,13,2
TCU_SUNNER_ID_106,-16.594162,-71.806145,TR-07_2-106,13,2
TCU_SUNNER_ID_107,-16.594163,-71.806029,TR-07_2-107,13,2
TCU_SUNNER_ID_108,-16.594165,-71.805912,TR-07_2-108,13,2
TCU_SUNNER_ID_109,-16.594167,-71.805796,TR-07_2-109,13,2
TCU_SUNNER_ID_110,-16.594168,-71.80568,TR-07_2-110,13,2
TCU_SUNNER_ID_111,-16.59417,-71.805564,TR-07_2-111,13,2
TCU_SUNNER_ID_112,-16.594171,-71.805448,TR-07_2-112,13,2
TCU_SUNNER_ID_113,-16.594173,-71.805332,TR-07_2-113,13,2
TCU_SUNNER_ID_114,-16.594174,-71.805216,TR-07_2-114,13,2
TCU_SUNNER_ID_115,-16.594182,-71.804635,TR-07_2-115,13,2
TCU_SUNNER_ID_116,-16.594184,-71.804519,TR-07_2-116,13,2
TCU_SUNNER_ID_117,-16.594185,-71.804403,TR-07_2-117,13,2
TCU_SUNNER_ID_118,-16.594187,-71.804288,TR-07_2-118,13,2
TCU_SUNNER_ID_119,-16.594189,-71.804172,TR-07_2-119,13,2
TCU_SUNNER_ID_001,-16.588055,-71.806187,TR-08_1-055,14,1
TCU_SUNNER_ID_002,-16.588056,-71.806061,TR-08_1-056,14,1
TCU_SUNNER_ID_003,-16.588058,-71.805945,TR-08_1-057,14,1
TCU_SUNNER_ID_004,-16.58806,-71.805829,TR-08_1-058,14,1
TCU_SUNNER_ID_005,-16.588061,-71.805712,TR-08_1-059,14,1
TCU_SUNNER_ID_006,-16.588329,-71.8056,TR-08_1-060,14,1
TCU_SUNNER_ID_007,-16.588331,-71.805484,TR-08_1-061,14,1
TCU_SUNNER_ID_008,-16.588332,-71.805368,TR-08_1-062,14,1
TCU_SUNNER_ID_009,-16.588334,-71.805252,TR-08_1-063,14,1
TCU_SUNNER_ID_010,-16.588335,-71.805136,TR-08_1-064,14,1
TCU_SUNNER_ID_011,-16.588337,-71.80502,TR-08_1-065,14,1
TCU_SUNNER_ID_012,-16.588338,-71.804904,TR-08_1-066,14,1
TCU_SUNNER_ID_013,-16.58834,-71.804787,TR-08_1-067,14,1
TCU_SUNNER_ID_014,-16.588342,-71.804671,TR-08_1-068,14,1
TCU_SUNNER_ID_015,-16.588343,-71.804555,TR-08_1-069,14,1
TCU_SUNNER_ID_016,-16.588561,-71.804442,TR-08_1-070,14,1
TCU_SUNNER_ID_017,-16.588563,-71.804326,TR-08_1-071,14,1
TCU_SUNNER_ID_018,-16.588565,-71.80421,TR-08_1-072,14,1
TCU_SUNNER_ID_019,-16.588566,-71.804094,TR-08_1-073,14,1
TCU_SUNNER_ID_020,-16.588568,-71.803978,TR-08_1-074,14,1
TCU_SUNNER_ID_021,-16.588569,-71.803862,TR-08_1-075,14,1
TCU_SUNNER_ID_022,-16.588699,-71.803748,TR-08_1-076,14,1
TCU_SUNNER_ID_023,-16.588701,-71.803631,TR-08_1-077,14,1
TCU_SUNNER_ID_024,-16.588702,-71.803515,TR-08_1-078,14,1
TCU_SUNNER_ID_025,-16.588704,-71.8034,TR-08_1-079,14,1
TCU_SUNNER_ID_026,-16.588705,-71.803284,TR-08_1-080,14,1
TCU_SUNNER_ID_027,-16.588707,-71.803168,TR-08_1-081,14,1
TCU_SUNNER_ID_028,-16.588708,-71.803052,TR-08_1-082,14,1
TCU_SUNNER_ID_029,-16.58871,-71.802936,TR-08_1-083,14,1
TCU_SUNNER_ID_030,-16.588733,-71.806197,TR-08_1-084,14,1
TCU_SUNNER_ID_031,-16.588734,-71.806071,TR-08_1-085,14,1
TCU_SUNNER_ID_032,-16.588736,-71.805954,TR-08_1-086,14,1
TCU_SUNNER_ID_033,-16.588738,-71.805838,TR-08_1-087,14,1
TCU_SUNNER_ID_034,-16.588739,-71.805722,TR-08_1-088,14,1
TCU_SUNNER_ID_035,-16.589007,-71.80561,TR-08_1-089,14,1
TCU_SUNNER_ID_036,-16.589009,-71.805494,TR-08_1-090,14,1
TCU_SUNNER_ID_037,-16.58901,-71.805378,TR-08_1-091,14,1
TCU_SUNNER_ID_038,-16.589012,-71.805262,TR-08_1-092,14,1
TCU_SUNNER_ID_039,-16.589013,-71.805146,TR-08_1-093,14,1
TCU_SUNNER_ID_040,-16.589015,-71.80503,TR-08_1-094,14,1
TCU_SUNNER_ID_041,-16.589017,-71.804913,TR-08_1-095,14,1
TCU_SUNNER_ID_042,-16.589018,-71.804797,TR-08_1-096,14,1
TCU_SUNNER_ID_043,-16.58902,-71.804681,TR-08_1-097,14,1
TCU_SUNNER_ID_044,-16.589021,-71.804565,TR-08_1-098,14,1
TCU_SUNNER_ID_045,-16.589476,-71.803094,TR-08_1-099,14,1
TCU_SUNNER_ID_046,-16.589478,-71.802978,TR-08_1-100,14,1
TCU_SUNNER_ID_047,-16.589479,-71.802862,TR-08_1-101,14,1
TCU_SUNNER_ID_048,-16.589481,-71.802746,TR-08_1-102,14,1
TCU_SUNNER_ID_049,-16.589483,-71.802629,TR-08_1-103,14,1
TCU_SUNNER_ID_050,-16.589484,-71.802513,TR-08_1-104,14,1
TCU_SUNNER_ID_051,-16.589486,-71.802397,TR-08_1-105,14,1
TCU_SUNNER_ID_052,-16.590155,-71.803104,TR-08_1-106,14,1
TCU_SUNNER_ID_053,-16.590157,-71.802988,TR-08_1-107,14,1
TCU_SUNNER_ID_054,-16.590158,-71.802872,TR-08_1-108,14,1
TCU_SUNNER_ID_055,-16.59016,-71.802755,TR-08_1-109,14,1
TCU_SUNNER_ID_056,-16.590162,-71.802639,TR-08_1-110,14,1
TCU_SUNNER_ID_057,-16.590163,-71.802523,TR-08_1-111,14,1
TCU_SUNNER_ID_058,-16.590165,-71.802407,TR-08_1-112,14,1
TCU_SUNNER_ID_059,-16.590166,-71.802291,TR-08_1-113,14,1
TCU_SUNNER_ID_060,-16.590168,-71.802175,TR-08_1-114,14,1
TCU_SUNNER_ID_061,-16.590841,-71.802533,TR-08_1-115,14,1
TCU_SUNNER_ID_062,-16.590843,-71.802417,TR-08_1-116,14,1
TCU_SUNNER_ID_063,-16.590844,-71.802301,TR-08_1-117,14,1
TCU_SUNNER_ID_064,-16.590846,-71.802185,TR-08_1-118,14,1
TCU_SUNNER_ID_001,-16.585244,-71.806032,TR-08_1-001,15,1
TCU_SUNNER_ID_002,-16.585245,-71.805916,TR-08_1-002,15,1
TCU_SUNNER_ID_003,-16.585247,-71.805801,TR-08_1-003,15,1
TCU_SUNNER_ID_004,-16.585248,-71.805685,TR-08_1-004,15,1
TCU_SUNNER_ID_005,-16.58525,-71.805569,TR-08_1-005,15,1
TCU_SUNNER_ID_006,-16.585252,-71.805453,TR-08_1-006,15,1
TCU_SUNNER_ID_007,-16.585253,-71.805336,TR-08_1-007,15,1
TCU_SUNNER_ID_008,-16.585255,-71.80522,TR-08_1-008,15,1
TCU_SUNNER_ID_009,-16.585256,-71.805104,TR-08_1-009,15,1
TCU_SUNNER_ID_010,-16.585917,-71.80639,TR-08_1-010,15,1
TCU_SUNNER_ID_011,-16.585919,-71.806274,TR-08_1-011,15,1
TCU_SUNNER_ID_012,-16.58592,-71.806158,TR-08_1-012,15,1
TCU_SUNNER_ID_013,-16.585922,-71.806042,TR-08_1-013,15,1
TCU_SUNNER_ID_014,-16.585923,-71.805926,TR-08_1-014,15,1
TCU_SUNNER_ID_015,-16.585925,-71.805811,TR-08_1-015,15,1
TCU_SUNNER_ID_016,-16.585926,-71.805695,TR-08_1-016,15,1
TCU_SUNNER_ID_017,-16.585928,-71.805578,TR-08_1-017,15,1
TCU_SUNNER_ID_018,-16.58593,-71.805462,TR-08_1-018,15,1
TCU_SUNNER_ID_019,-16.585931,-71.805346,TR-08_1-019,15,1
TCU_SUNNER_ID_020,-16.585933,-71.80523,TR-08_1-020,15,1
TCU_SUNNER_ID_021,-16.585934,-71.805114,TR-08_1-021,15,1
TCU_SUNNER_ID_022,-16.585936,-71.804998,TR-08_1-022,15,1
TCU_SUNNER_ID_023,-16.585937,-71.804882,TR-08_1-023,15,1
TCU_SUNNER_ID_024,-16.585939,-71.804766,TR-08_1-024,15,1
TCU_SUNNER_ID_025,-16.585941,-71.80465,TR-08_1-025,15,1
TCU_SUNNER_ID_026,-16.586701,-71.806284,TR-08_1-026,15,1
TCU_SUNNER_ID_027,-16.586703,-71.806168,TR-08_1-027,15,1
TCU_SUNNER_ID_028,-16.586705,-71.806041,TR-08_1-028,15,1
TCU_SUNNER_ID_029,-16.586706,-71.805925,TR-08_1-029,15,1
TCU_SUNNER_ID_030,-16.586708,-71.805809,TR-08_1-030,15,1
TCU_SUNNER_ID_031,-16.586709,-71.805693,TR-08_1-031,15,1
TCU_SUNNER_ID_032,-16.586737,-71.804698,TR-08_1-032,15,1
TCU_SUNNER_ID_033,-16.586739,-71.804582,TR-08_1-033,15,1
TCU_SUNNER_ID_034,-16.58674,-71.804466,TR-08_1-034,15,1
TCU_SUNNER_ID_035,-16.586742,-71.804349,TR-08_1-035,15,1
TCU_SUNNER_ID_036,-16.586744,-71.804233,TR-08_1-036,15,1
TCU_SUNNER_ID_037,-16.586882,-71.804119,TR-08_1-037,15,1
TCU_SUNNER_ID_038,-16.587145,-71.804007,TR-08_1-038,15,1
TCU_SUNNER_ID_039,-16.587299,-71.803893,TR-08_1-039,15,1
TCU_SUNNER_ID_040,-16.587343,-71.803778,TR-08_1-040,15,1
TCU_SUNNER_ID_041,-16.587141,-71.805168,TR-08_1-041,15,1
TCU_SUNNER_ID_042,-16.587143,-71.805052,TR-08_1-042,15,1
TCU_SUNNER_ID_043,-16.587144,-71.804936,TR-08_1-043,15,1
TCU_SUNNER_ID_044,-16.587146,-71.80482,TR-08_1-044,15,1
TCU_SUNNER_ID_045,-16.587415,-71.804708,TR-08_1-045,15,1
TCU_SUNNER_ID_046,-16.587417,-71.804591,TR-08_1-046,15,1
TCU_SUNNER_ID_047,-16.587419,-71.804475,TR-08_1-047,15,1
TCU_SUNNER_ID_048,-16.58742,-71.804359,TR-08_1-048,15,1
TCU_SUNNER_ID_049,-16.587422,-71.804243,TR-08_1-049,15,1
TCU_SUNNER_ID_050,-16.587557,-71.804129,TR-08_1-050,15,1
TCU_SUNNER_ID_051,-16.587855,-71.803786,TR-08_1-051,15,1
TCU_SUNNER_ID_052,-16.587615,-71.803666,TR-08_1-052,15,1
TCU_SUNNER_ID_053,-16.587743,-71.803552,TR-08_1-053,15,1
TCU_SUNNER_ID_054,-16.58784,-71.803437,TR-08_1-054,15,1
TCU_SUNNER_ID_001,-16.585395,-71.808121,TR-08_2-001,16,2
TCU_SUNNER_ID_002,-16.585397,-71.808005,TR-08_2-002,16,2
TCU_SUNNER_ID_003,-16.585398,-71.807889,TR-08_2-003,16,2
TCU_SUNNER_ID_004,-16.5854,-71.807772,TR-08_2-004,16,2
TCU_SUNNER_ID_005,-16.585235,-71.807654,TR-08_2-005,16,2
TCU_SUNNER_ID_006,-16.585237,-71.807538,TR-08_2-006,16,2
TCU_SUNNER_ID_007,-16.585202,-71.807421,TR-08_2-007,16,2
TCU_SUNNER_ID_008,-16.585204,-71.807305,TR-08_2-008,16,2
TCU_SUNNER_ID_009,-16.585206,-71.807189,TR-08_2-009,16,2
TCU_SUNNER_ID_010,-16.585171,-71.807072,TR-08_2-010,16,2
TCU_SUNNER_ID_011,-16.585173,-71.806956,TR-08_2-011,16,2
TCU_SUNNER_ID_012,-16.585174,-71.80684,TR-08_2-012,16,2
TCU_SUNNER_ID_013,-16.584924,-71.80672,TR-08_2-013,16,2
TCU_SUNNER_ID_014,-16.584925,-71.806604,TR-08_2-014,16,2
TCU_SUNNER_ID_015,-16.585898,-71.808824,TR-08_2-015,16,1
TCU_SUNNER_ID_016,-16.585899,-71.808708,TR-08_2-016,16,1
TCU_SUNNER_ID_017,-16.585901,-71.808592,TR-08_2-017,16,1
TCU_SUNNER_ID_018,-16.585902,-71.808476,TR-08_2-018,16,1
TCU_SUNNER_ID_019,-16.585904,-71.80836,TR-08_2-019,16,1
TCU_SUNNER_ID_020,-16.585906,-71.808244,TR-08_2-020,16,2
TCU_SUNNER_ID_021,-16.585907,-71.808128,TR-08_2-021,16,2
TCU_SUNNER_ID_022,-16.585909,-71.808012,TR-08_2-022,16,2
TCU_SUNNER_ID_023,-16.58591,-71.807896,TR-08_2-023,16,2
TCU_SUNNER_ID_024,-16.585912,-71.80778,TR-08_2-024,16,2
TCU_SUNNER_ID_025,-16.585913,-71.807664,TR-08_2-025,16,2
TCU_SUNNER_ID_026,-16.585915,-71.807548,TR-08_2-026,16,2
TCU_SUNNER_ID_027,-16.586651,-71.809998,TR-08_2-027,16,1
TCU_SUNNER_ID_028,-16.586653,-71.809882,TR-08_2-028,16,1
TCU_SUNNER_ID_029,-16.586654,-71.809766,TR-08_2-029,16,1
TCU_SUNNER_ID_030,-16.586665,-71.808953,TR-08_2-030,16,1
TCU_SUNNER_ID_031,-16.586667,-71.808837,TR-08_2-031,16,1
TCU_SUNNER_ID_032,-16.586669,-71.808722,TR-08_2-032,16,1
TCU_SUNNER_ID_033,-16.58667,-71.808606,TR-08_2-033,16,1
TCU_SUNNER_ID_034,-16.586672,-71.80849,TR-08_2-034,16,1
TCU_SUNNER_ID_035,-16.586839,-71.808376,TR-08_2-035,16,1
TCU_SUNNER_ID_036,-16.586841,-71.80826,TR-08_2-036,16,2
TCU_SUNNER_ID_037,-16.586676,-71.808141,TR-08_2-037,16,2
TCU_SUNNER_ID_038,-16.586678,-71.808025,TR-08_2-038,16,2
TCU_SUNNER_ID_039,-16.58668,-71.807909,TR-08_2-039,16,2
TCU_SUNNER_ID_040,-16.586681,-71.807793,TR-08_2-040,16,2
TCU_SUNNER_ID_041,-16.586683,-71.807677,TR-08_2-041,16,2
TCU_SUNNER_ID_042,-16.586684,-71.807561,TR-08_2-042,16,2
TCU_SUNNER_ID_043,-16.586686,-71.807445,TR-08_2-043,16,2
TCU_SUNNER_ID_044,-16.586687,-71.807329,TR-08_2-044,16,2
TCU_SUNNER_ID_045,-16.586689,-71.807212,TR-08_2-045,16,2
TCU_SUNNER_ID_046,-16.586691,-71.807096,TR-08_2-046,16,2
TCU_SUNNER_ID_047,-16.586692,-71.80698,TR-08_2-047,16,2
TCU_SUNNER_ID_048,-16.586694,-71.806864,TR-08_2-048,16,2
TCU_SUNNER_ID_049,-16.586695,-71.806748,TR-08_2-049,16,2
TCU_SUNNER_ID_050,-16.586697,-71.806632,TR-08_2-050,16,2
TCU_SUNNER_ID_051,-16.586698,-71.806516,TR-08_2-051,16,2
TCU_SUNNER_ID_052,-16.5867,-71.8064,TR-08_2-052,16,2
TCU_SUNNER_ID_053,-16.587329,-71.810008,TR-08_2-053,16,1
TCU_SUNNER_ID_054,-16.587331,-71.809892,TR-08_2-054,16,1
TCU_SUNNER_ID_055,-16.587333,-71.809776,TR-08_2-055,16,1
TCU_SUNNER_ID_056,-16.587344,-71.808963,TR-08_2-056,16,1
TCU_SUNNER_ID_057,-16.587345,-71.808847,TR-08_2-057,16,1
TCU_SUNNER_ID_058,-16.587347,-71.808732,TR-08_2-058,16,1
TCU_SUNNER_ID_059,-16.587348,-71.808616,TR-08_2-059,16,1
TCU_SUNNER_ID_060,-16.58735,-71.808499,TR-08_2-060,16,1
TCU_SUNNER_ID_061,-16.587351,-71.808383,TR-08_2-061,16,1
TCU_SUNNER_ID_062,-16.587353,-71.808267,TR-08_2-062,16,2
TCU_SUNNER_ID_063,-16.587355,-71.808151,TR-08_2-063,16,2
TCU_SUNNER_ID_064,-16.587356,-71.808035,TR-08_2-064,16,2
TCU_SUNNER_ID_065,-16.587358,-71.807919,TR-08_2-065,16,2
TCU_SUNNER_ID_066,-16.587359,-71.807803,TR-08_2-066,16,2
TCU_SUNNER_ID_067,-16.587361,-71.807687,TR-08_2-067,16,2
TCU_SUNNER_ID_068,-16.588007,-71.810018,TR-08_2-068,16,1
TCU_SUNNER_ID_069,-16.588009,-71.809902,TR-08_2-069,16,1
TCU_SUNNER_ID_070,-16.588011,-71.809785,TR-08_2-070,16,1
TCU_SUNNER_ID_071,-16.588362,-71.808978,TR-08_2-071,16,1
TCU_SUNNER_ID_072,-16.588364,-71.808862,TR-08_2-072,16,1
TCU_SUNNER_ID_073,-16.588365,-71.808746,TR-08_2-073,16,1
TCU_SUNNER_ID_074,-16.588367,-71.80863,TR-08_2-074,16,1
TCU_SUNNER_ID_075,-16.588368,-71.808514,TR-08_2-075,16,1
TCU_SUNNER_ID_076,-16.58837,-71.808398,TR-08_2-076,16,1
TCU_SUNNER_ID_077,-16.588371,-71.808282,TR-08_2-077,16,2
TCU_SUNNER_ID_078,-16.588373,-71.808166,TR-08_2-078,16,2
TCU_SUNNER_ID_079,-16.588375,-71.80805,TR-08_2-079,16,2
TCU_SUNNER_ID_080,-16.588376,-71.807934,TR-08_2-080,16,2
TCU_SUNNER_ID_081,-16.588378,-71.807818,TR-08_2-081,16,2
TCU_SUNNER_ID_082,-16.588379,-71.807701,TR-08_2-082,16,2
TCU_SUNNER_ID_083,-16.588252,-71.807584,TR-08_2-083,16,2
TCU_SUNNER_ID_084,-16.588253,-71.807467,TR-08_2-084,16,2
TCU_SUNNER_ID_085,-16.588255,-71.807351,TR-08_2-085,16,2
TCU_SUNNER_ID_086,-16.588256,-71.807235,TR-08_2-086,16,2
TCU_SUNNER_ID_087,-16.588258,-71.807119,TR-08_2-087,16,2
TCU_SUNNER_ID_088,-16.58826,-71.807003,TR-08_2-088,16,2
TCU_SUNNER_ID_089,-16.588045,-71.806884,TR-08_2-089,16,2
TCU_SUNNER_ID_090,-16.588047,-71.806768,TR-08_2-090,16,2
TCU_SUNNER_ID_091,-16.588048,-71.806652,TR-08_2-091,16,2
TCU_SUNNER_ID_092,-16.58805,-71.806535,TR-08_2-092,16,2
TCU_SUNNER_ID_093,-16.588052,-71.806419,TR-08_2-093,16,2
TCU_SUNNER_ID_094,-16.588053,-71.806303,TR-08_2-094,16,2
TCU_SUNNER_ID_095,-16.588686,-71.810028,TR-08_2-095,16,1
TCU_SUNNER_ID_096,-16.588687,-71.809911,TR-08_2-096,16,1
TCU_SUNNER_ID_097,-16.588689,-71.809795,TR-08_2-097,16,1
TCU_SUNNER_ID_098,-16.58904,-71.808988,TR-08_2-098,16,1
TCU_SUNNER_ID_099,-16.589042,-71.808871,TR-08_2-099,16,1
TCU_SUNNER_ID_100,-16.589043,-71.808756,TR-08_2-100,16,1
TCU_SUNNER_ID_101,-16.589045,-71.80864,TR-08_2-101,16,1
TCU_SUNNER_ID_102,-16.589046,-71.808524,TR-08_2-102,16,1
TCU_SUNNER_ID_103,-16.589048,-71.808408,TR-08_2-103,16,1
TCU_SUNNER_ID_104,-16.589049,-71.808292,TR-08_2-104,16,2
TCU_SUNNER_ID_105,-16.589051,-71.808176,TR-08_2-105,16,2
TCU_SUNNER_ID_106,-16.589053,-71.80806,TR-08_2-106,16,2
TCU_SUNNER_ID_107,-16.589054,-71.807944,TR-08_2-107,16,2
TCU_SUNNER_ID_108,-16.589056,-71.807827,TR-08_2-108,16,2
TCU_SUNNER_ID_109,-16.589057,-71.807711,TR-08_2-109,16,2
TCU_SUNNER_ID_110,-16.58893,-71.807593,TR-08_2-110,16,2
TCU_SUNNER_ID_111,-16.588931,-71.807477,TR-08_2-111,16,2
TCU_SUNNER_ID_112,-16.588933,-71.807361,TR-08_2-112,16,2
TCU_SUNNER_ID_113,-16.588934,-71.807245,TR-08_2-113,16,2
TCU_SUNNER_ID_114,-16.588936,-71.807129,TR-08_2-114,16,2
TCU_SUNNER_ID_115,-16.588938,-71.807013,TR-08_2-115,16,2
TCU_SUNNER_ID_116,-16.588723,-71.806894,TR-08_2-116,16,2
TCU_SUNNER_ID_117,-16.588725,-71.806777,TR-08_2-117,16,2
TCU_SUNNER_ID_118,-16.588727,-71.806661,TR-08_2-118,16,2
TCU_SUNNER_ID_119,-16.588728,-71.806545,TR-08_2-119,16,2
TCU_SUNNER_ID_120,-16.58873,-71.806429,TR-08_2-120,16,2
TCU_SUNNER_ID_121,-16.588731,-71.806313,TR-08_2-121,16,2
TCU_SUNNER_ID_001,-16.585828,-71.81299,TR-09_1-001,17,1
TCU_SUNNER_ID_002,-16.585829,-71.812874,TR-09_1-002,17,1
TCU_SUNNER_ID_003,-16.585831,-71.812758,TR-09_1-003,17,1
TCU_SUNNER_ID_004,-16.585833,-71.812642,TR-09_1-004,17,1
TCU_SUNNER_ID_005,-16.585834,-71.812526,TR-09_1-005,17,1
TCU_SUNNER_ID_006,-16.585836,-71.81241,TR-09_1-006,17,1
TCU_SUNNER_ID_007,-16.585837,-71.812294,TR-09_1-007,17,1
TCU_SUNNER_ID_008,-16.585839,-71.812178,TR-09_1-008,17,1
TCU_SUNNER_ID_009,-16.58584,-71.812061,TR-09_1-009,17,1
TCU_SUNNER_ID_010,-16.585842,-71.811945,TR-09_1-010,17,1
TCU_SUNNER_ID_011,-16.58601,-71.811832,TR-09_1-011,17,1
TCU_SUNNER_ID_012,-16.586011,-71.811716,TR-09_1-012,17,1
TCU_SUNNER_ID_013,-16.586013,-71.8116,TR-09_1-013,17,1
TCU_SUNNER_ID_014,-16.586014,-71.811484,TR-09_1-014,17,1
TCU_SUNNER_ID_015,-16.586609,-71.813132,TR-09_1-015,17,1
TCU_SUNNER_ID_016,-16.586611,-71.813016,TR-09_1-016,17,1
TCU_SUNNER_ID_017,-16.586612,-71.8129,TR-09_1-017,17,1
TCU_SUNNER_ID_018,-16.586614,-71.812783,TR-09_1-018,17,1
TCU_SUNNER_ID_019,-16.586615,-71.812667,TR-09_1-019,17,1
TCU_SUNNER_ID_020,-16.586617,-71.812551,TR-09_1-020,17,1
TCU_SUNNER_ID_021,-16.586618,-71.812435,TR-09_1-021,17,1
TCU_SUNNER_ID_022,-16.58662,-71.812319,TR-09_1-022,17,1
TCU_SUNNER_ID_023,-16.586622,-71.812203,TR-09_1-023,17,1
TCU_SUNNER_ID_024,-16.586623,-71.812087,TR-09_1-024,17,1
TCU_SUNNER_ID_025,-16.586625,-71.811971,TR-09_1-025,17,1
TCU_SUNNER_ID_026,-16.586626,-71.811855,TR-09_1-026,17,1
TCU_SUNNER_ID_027,-16.586628,-71.811739,TR-09_1-027,17,1
TCU_SUNNER_ID_028,-16.586796,-71.811626,TR-09_1-028,17,1
TCU_SUNNER_ID_029,-16.586797,-71.81151,TR-09_1-029,17,2
TCU_SUNNER_ID_030,-16.586633,-71.811391,TR-09_1-030,17,2
TCU_SUNNER_ID_031,-16.586634,-71.811275,TR-09_1-031,17,2
TCU_SUNNER_ID_032,-16.586636,-71.811159,TR-09_1-032,17,2
TCU_SUNNER_ID_033,-16.586637,-71.811043,TR-09_1-033,17,2
TCU_SUNNER_ID_034,-16.586639,-71.810927,TR-09_1-034,17,2
TCU_SUNNER_ID_035,-16.58664,-71.810811,TR-09_1-035,17,2
TCU_SUNNER_ID_036,-16.586642,-71.810695,TR-09_1-036,17,2
TCU_SUNNER_ID_037,-16.586643,-71.810578,TR-09_1-037,17,2
TCU_SUNNER_ID_038,-16.586645,-71.810462,TR-09_1-038,17,2
TCU_SUNNER_ID_039,-16.586647,-71.810346,TR-09_1-039,17,2
TCU_SUNNER_ID_040,-16.586648,-71.81023,TR-09_1-040,17,2
TCU_SUNNER_ID_041,-16.58665,-71.810114,TR-09_1-041,17,2
TCU_SUNNER_ID_042,-16.587287,-71.813142,TR-09_1-042,17,1
TCU_SUNNER_ID_043,-16.587289,-71.813026,TR-09_1-043,17,1
TCU_SUNNER_ID_044,-16.58729,-71.812909,TR-09_1-044,17,1
TCU_SUNNER_ID_045,-16.587292,-71.812793,TR-09_1-045,17,1
TCU_SUNNER_ID_046,-16.587293,-71.812677,TR-09_1-046,17,1
TCU_SUNNER_ID_047,-16.587295,-71.812561,TR-09_1-047,17,1
TCU_SUNNER_ID_048,-16.587296,-71.812445,TR-09_1-048,17,1
TCU_SUNNER_ID_049,-16.587298,-71.812329,TR-09_1-049,17,1
TCU_SUNNER_ID_050,-16.5873,-71.812213,TR-09_1-050,17,1
TCU_SUNNER_ID_051,-16.587301,-71.812097,TR-09_1-051,17,1
TCU_SUNNER_ID_052,-16.587303,-71.811981,TR-09_1-052,17,1
TCU_SUNNER_ID_053,-16.587304,-71.811864,TR-09_1-053,17,1
TCU_SUNNER_ID_054,-16.587306,-71.811748,TR-09_1-054,17,1
TCU_SUNNER_ID_055,-16.587307,-71.811633,TR-09_1-055,17,1
TCU_SUNNER_ID_056,-16.587309,-71.811517,TR-09_1-056,17,2
TCU_SUNNER_ID_057,-16.587311,-71.811401,TR-09_1-057,17,2
TCU_SUNNER_ID_058,-16.587312,-71.811285,TR-09_1-058,17,2
TCU_SUNNER_ID_059,-16.587314,-71.811169,TR-09_1-059,17,2
TCU_SUNNER_ID_060,-16.587315,-71.811053,TR-09_1-060,17,2
TCU_SUNNER_ID_061,-16.587317,-71.810937,TR-09_1-061,17,2
TCU_SUNNER_ID_062,-16.587318,-71.810821,TR-09_1-062,17,2
TCU_SUNNER_ID_063,-16.58732,-71.810704,TR-09_1-063,17,2
TCU_SUNNER_ID_064,-16.587322,-71.810588,TR-09_1-064,17,2
TCU_SUNNER_ID_065,-16.587323,-71.810472,TR-09_1-065,17,2
TCU_SUNNER_ID_066,-16.587325,-71.810356,TR-09_1-066,17,2
TCU_SUNNER_ID_067,-16.587326,-71.81024,TR-09_1-067,17,2
TCU_SUNNER_ID_068,-16.587328,-71.810124,TR-09_1-068,17,2
TCU_SUNNER_ID_069,-16.587965,-71.813151,TR-09_1-069,17,1
TCU_SUNNER_ID_070,-16.587967,-71.813035,TR-09_1-070,17,1
TCU_SUNNER_ID_071,-16.587968,-71.812919,TR-09_1-071,17,1
TCU_SUNNER_ID_072,-16.58797,-71.812803,TR-09_1-072,17,1
TCU_SUNNER_ID_073,-16.587971,-71.812687,TR-09_1-073,17,1
TCU_SUNNER_ID_074,-16.587973,-71.812571,TR-09_1-074,17,1
TCU_SUNNER_ID_075,-16.587975,-71.812455,TR-09_1-075,17,1
TCU_SUNNER_ID_076,-16.587976,-71.812339,TR-09_1-076,17,1
TCU_SUNNER_ID_077,-16.587978,-71.812223,TR-09_1-077,17,1
TCU_SUNNER_ID_078,-16.587979,-71.812107,TR-09_1-078,17,1
TCU_SUNNER_ID_079,-16.587981,-71.81199,TR-09_1-079,17,1
TCU_SUNNER_ID_080,-16.587982,-71.811874,TR-09_1-080,17,1
TCU_SUNNER_ID_081,-16.587984,-71.811758,TR-09_1-081,17,1
TCU_SUNNER_ID_082,-16.587986,-71.811643,TR-09_1-082,17,1
TCU_SUNNER_ID_083,-16.587987,-71.811527,TR-09_1-083,17,2
TCU_SUNNER_ID_084,-16.587989,-71.811411,TR-09_1-084,17,2
TCU_SUNNER_ID_085,-16.58799,-71.811295,TR-09_1-085,17,2
TCU_SUNNER_ID_086,-16.587992,-71.811179,TR-09_1-086,17,2
TCU_SUNNER_ID_087,-16.587993,-71.811063,TR-09_1-087,17,2
TCU_SUNNER_ID_088,-16.587995,-71.810946,TR-09_1-088,17,2
TCU_SUNNER_ID_089,-16.587997,-71.81083,TR-09_1-089,17,2
TCU_SUNNER_ID_090,-16.587998,-71.810714,TR-09_1-090,17,2
TCU_SUNNER_ID_091,-16.588,-71.810598,TR-09_1-091,17,2
TCU_SUNNER_ID_092,-16.588001,-71.810482,TR-09_1-092,17,2
TCU_SUNNER_ID_093,-16.588003,-71.810366,TR-09_1-093,17,2
TCU_SUNNER_ID_094,-16.588004,-71.81025,TR-09_1-094,17,2
TCU_SUNNER_ID_095,-16.588006,-71.810134,TR-09_1-095,17,2
TCU_SUNNER_ID_096,-16.588643,-71.813161,TR-09_1-096,17,1
TCU_SUNNER_ID_097,-16.588645,-71.813045,TR-09_1-097,17,1
TCU_SUNNER_ID_098,-16.588646,-71.812929,TR-09_1-098,17,1
TCU_SUNNER_ID_099,-16.588648,-71.812813,TR-09_1-099,17,1
TCU_SUNNER_ID_100,-16.588649,-71.812697,TR-09_1-100,17,1
TCU_SUNNER_ID_101,-16.588651,-71.812581,TR-09_1-101,17,1
TCU_SUNNER_ID_102,-16.588653,-71.812465,TR-09_1-102,17,1
TCU_SUNNER_ID_103,-16.588654,-71.812349,TR-09_1-103,17,1
TCU_SUNNER_ID_104,-16.588656,-71.812233,TR-09_1-104,17,1
TCU_SUNNER_ID_105,-16.588657,-71.812116,TR-09_1-105,17,1
TCU_SUNNER_ID_106,-16.588659,-71.812,TR-09_1-106,17,1
TCU_SUNNER_ID_107,-16.58866,-71.811884,TR-09_1-107,17,1
TCU_SUNNER_ID_108,-16.588662,-71.811768,TR-09_1-108,17,1
TCU_SUNNER_ID_109,-16.588664,-71.811653,TR-09_1-109,17,1
TCU_SUNNER_ID_110,-16.588665,-71.811537,TR-09_1-110,17,2
TCU_SUNNER_ID_111,-16.588667,-71.811421,TR-09_1-111,17,2
TCU_SUNNER_ID_112,-16.588668,-71.811305,TR-09_1-112,17,2
TCU_SUNNER_ID_113,-16.58867,-71.811189,TR-09_1-113,17,2
TCU_SUNNER_ID_114,-16.588671,-71.811072,TR-09_1-114,17,2
TCU_SUNNER_ID_115,-16.588673,-71.810956,TR-09_1-115,17,2
TCU_SUNNER_ID_116,-16.588675,-71.81084,TR-09_1-116,17,2
TCU_SUNNER_ID_117,-16.588676,-71.810724,TR-09_1-117,17,2
TCU_SUNNER_ID_118,-16.588678,-71.810608,TR-09_1-118,17,2
TCU_SUNNER_ID_119,-16.588679,-71.810492,TR-09_1-119,17,2
TCU_SUNNER_ID_120,-16.588681,-71.810376,TR-09_1-120,17,2
TCU_SUNNER_ID_121,-16.588682,-71.81026,TR-09_1-121,17,2
TCU_SUNNER_ID_122,-16.588684,-71.810144,TR-09_1-122,17,2
TCU_SUNNER_ID_001,-16.585127,-71.815664,TR-09_2-001,18,1
TCU_SUNNER_ID_002,-16.585129,-71.815548,TR-09_2-002,18,1
TCU_SUNNER_ID_003,-16.58513,-71.815432,TR-09_2-003,18,1
TCU_SUNNER_ID_004,-16.585132,-71.815316,TR-09_2-004,18,1
TCU_SUNNER_ID_005,-16.585133,-71.8152,TR-09_2-005,18,1
TCU_SUNNER_ID_006,-16.585135,-71.815083,TR-09_2-006,18,1
TCU_SUNNER_ID_007,-16.585137,-71.814967,TR-09_2-007,18,1
TCU_SUNNER_ID_008,-16.585138,-71.814851,TR-09_2-008,18,1
TCU_SUNNER_ID_009,-16.58514,-71.814735,TR-09_2-009,18,1
TCU_SUNNER_ID_010,-16.585141,-71.814619,TR-09_2-010,18,1
TCU_SUNNER_ID_011,-16.585143,-71.814504,TR-09_2-011,18,1
TCU_SUNNER_ID_012,-16.585317,-71.813926,TR-09_2-012,18,1
TCU_SUNNER_ID_013,-16.585318,-71.81381,TR-09_2-013,18,1
TCU_SUNNER_ID_014,-16.58532,-71.813694,TR-09_2-014,18,1
TCU_SUNNER_ID_015,-16.585321,-71.813578,TR-09_2-015,18,1
TCU_SUNNER_ID_016,-16.585805,-71.815674,TR-09_2-016,18,1
TCU_SUNNER_ID_017,-16.585807,-71.815558,TR-09_2-017,18,1
TCU_SUNNER_ID_018,-16.585808,-71.815442,TR-09_2-018,18,1
TCU_SUNNER_ID_019,-16.58581,-71.815326,TR-09_2-019,18,1
TCU_SUNNER_ID_020,-16.585811,-71.815209,TR-09_2-020,18,1
TCU_SUNNER_ID_021,-16.585813,-71.815093,TR-09_2-021,18,1
TCU_SUNNER_ID_022,-16.585815,-71.814977,TR-09_2-022,18,1
TCU_SUNNER_ID_023,-16.585816,-71.814861,TR-09_2-023,18,1
TCU_SUNNER_ID_024,-16.585818,-71.814745,TR-09_2-024,18,1
TCU_SUNNER_ID_025,-16.585819,-71.814629,TR-09_2-025,18,1
TCU_SUNNER_ID_026,-16.585821,-71.814514,TR-09_2-026,18,1
TCU_SUNNER_ID_027,-16.585822,-71.814398,TR-09_2-027,18,1
TCU_SUNNER_ID_028,-16.585824,-71.814282,TR-09_2-028,18,1
TCU_SUNNER_ID_029,-16.585826,-71.814165,TR-09_2-029,18,1
TCU_SUNNER_ID_030,-16.585827,-71.814049,TR-09_2-030,18,1
TCU_SUNNER_ID_031,-16.585829,-71.813933,TR-09_2-031,18,1
TCU_SUNNER_ID_032,-16.58583,-71.813817,TR-09_2-032,18,1
TCU_SUNNER_ID_033,-16.585832,-71.813701,TR-09_2-033,18,1
TCU_SUNNER_ID_034,-16.585833,-71.813585,TR-09_2-034,18,1
TCU_SUNNER_ID_035,-16.585545,-71.813465,TR-09_2-035,18,1
TCU_SUNNER_ID_036,-16.585891,-71.81347,TR-09_2-036,18,1
TCU_SUNNER_ID_037,-16.585596,-71.813219,TR-09_2-037,18,1
TCU_SUNNER_ID_038,-16.585737,-71.813105,TR-09_2-038,18,1
TCU_SUNNER_ID_039,-16.586576,-71.815569,TR-09_2-039,18,2
TCU_SUNNER_ID_040,-16.586578,-71.815453,TR-09_2-040,18,2
TCU_SUNNER_ID_041,-16.586579,-71.815337,TR-09_2-041,18,2
TCU_SUNNER_ID_042,-16.586581,-71.815221,TR-09_2-042,18,2
TCU_SUNNER_ID_043,-16.586582,-71.815105,TR-09_2-043,18,2
TCU_SUNNER_ID_044,-16.586584,-71.814988,TR-09_2-044,18,2
TCU_SUNNER_ID_045,-16.586585,-71.814872,TR-09_2-045,18,2
TCU_SUNNER_ID_046,-16.586587,-71.814756,TR-09_2-046,18,2
TCU_SUNNER_ID_047,-16.586589,-71.81464,TR-09_2-047,18,2
TCU_SUNNER_ID_048,-16.58659,-71.814525,TR-09_2-048,18,2
TCU_SUNNER_ID_049,-16.586758,-71.814411,TR-09_2-049,18,2
TCU_SUNNER_ID_050,-16.586759,-71.814295,TR-09_2-050,18,2
TCU_SUNNER_ID_051,-16.586595,-71.814177,TR-09_2-051,18,2
TCU_SUNNER_ID_052,-16.586596,-71.814061,TR-09_2-052,18,2
TCU_SUNNER_ID_053,-16.586598,-71.813944,TR-09_2-053,18,2
TCU_SUNNER_ID_054,-16.5866,-71.813828,TR-09_2-054,18,2
TCU_SUNNER_ID_055,-16.586601,-71.813712,TR-09_2-055,18,2
TCU_SUNNER_ID_056,-16.586603,-71.813596,TR-09_2-056,18,2
TCU_SUNNER_ID_057,-16.586604,-71.81348,TR-09_2-057,18,2
TCU_SUNNER_ID_058,-16.586606,-71.813364,TR-09_2-058,18,2
TCU_SUNNER_ID_059,-16.586607,-71.813248,TR-09_2-059,18,2
TCU_SUNNER_ID_060,-16.587254,-71.815579,TR-09_2-060,18,2
TCU_SUNNER_ID_061,-16.587256,-71.815463,TR-09_2-061,18,2
TCU_SUNNER_ID_062,-16.587257,-71.815347,TR-09_2-062,18,2
TCU_SUNNER_ID_063,-16.587259,-71.815231,TR-09_2-063,18,2
TCU_SUNNER_ID_064,-16.58726,-71.815114,TR-09_2-064,18,2
TCU_SUNNER_ID_065,-16.587262,-71.814998,TR-09_2-065,18,2
TCU_SUNNER_ID_066,-16.587263,-71.814882,TR-09_2-066,18,2
TCU_SUNNER_ID_067,-16.587265,-71.814766,TR-09_2-067,18,2
TCU_SUNNER_ID_068,-16.587267,-71.81465,TR-09_2-068,18,2
TCU_SUNNER_ID_069,-16.587268,-71.814535,TR-09_2-069,18,2
TCU_SUNNER_ID_070,-16.58727,-71.814419,TR-09_2-070,18,2
TCU_SUNNER_ID_071,-16.587271,-71.814303,TR-09_2-071,18,2
TCU_SUNNER_ID_072,-16.587273,-71.814187,TR-09_2-072,18,2
TCU_SUNNER_ID_073,-16.587274,-71.81407,TR-09_2-073,18,2
TCU_SUNNER_ID_074,-16.587276,-71.813954,TR-09_2-074,18,2
TCU_SUNNER_ID_075,-16.587278,-71.813838,TR-09_2-075,18,2
TCU_SUNNER_ID_076,-16.587279,-71.813722,TR-09_2-076,18,2
TCU_SUNNER_ID_077,-16.587281,-71.813606,TR-09_2-077,18,2
TCU_SUNNER_ID_078,-16.587282,-71.81349,TR-09_2-078,18,2
TCU_SUNNER_ID_079,-16.587284,-71.813374,TR-09_2-079,18,2
TCU_SUNNER_ID_080,-16.587285,-71.813258,TR-09_2-080,18,2
TCU_SUNNER_ID_081,-16.587932,-71.815589,TR-09_2-081,18,2
TCU_SUNNER_ID_082,-16.587934,-71.815473,TR-09_2-082,18,2
TCU_SUNNER_ID_083,-16.587935,-71.815356,TR-09_2-083,18,2
TCU_SUNNER_ID_084,-16.587937,-71.81524,TR-09_2-084,18,2
TCU_SUNNER_ID_085,-16.587938,-71.815124,TR-09_2-085,18,2
TCU_SUNNER_ID_086,-16.58794,-71.815008,TR-09_2-086,18,2
TCU_SUNNER_ID_087,-16.587942,-71.814892,TR-09_2-087,18,2
TCU_SUNNER_ID_088,-16.587943,-71.814776,TR-09_2-088,18,2
TCU_SUNNER_ID_089,-16.587945,-71.81466,TR-09_2-089,18,2
TCU_SUNNER_ID_090,-16.587946,-71.814545,TR-09_2-090,18,2
TCU_SUNNER_ID_091,-16.587948,-71.814429,TR-09_2-091,18,2
TCU_SUNNER_ID_092,-16.587949,-71.814313,TR-09_2-092,18,2
TCU_SUNNER_ID_093,-16.587951,-71.814196,TR-09_2-093,18,2
TCU_SUNNER_ID_094,-16.587953,-71.81408,TR-09_2-094,18,2
TCU_SUNNER_ID_095,-16.587954,-71.813964,TR-09_2-095,18,2
TCU_SUNNER_ID_096,-16.587956,-71.813848,TR-09_2-096,18,2
TCU_SUNNER_ID_097,-16.587957,-71.813732,TR-09_2-097,18,2
TCU_SUNNER_ID_098,-16.587959,-71.813616,TR-09_2-098,18,2
TCU_SUNNER_ID_099,-16.58796,-71.8135,TR-09_2-099,18,2
TCU_SUNNER_ID_100,-16.587962,-71.813384,TR-09_2-100,18,2
TCU_SUNNER_ID_101,-16.587964,-71.813268,TR-09_2-101,18,2
TCU_SUNNER_ID_102,-16.58861,-71.815599,TR-09_2-102,18,2
TCU_SUNNER_ID_103,-16.588612,-71.815482,TR-09_2-103,18,2
TCU_SUNNER_ID_104,-16.588613,-71.815366,TR-09_2-104,18,2
TCU_SUNNER_ID_105,-16.588615,-71.81525,TR-09_2-105,18,2
TCU_SUNNER_ID_106,-16.588617,-71.815134,TR-09_2-106,18,2
TCU_SUNNER_ID_107,-16.588618,-71.815018,TR-09_2-107,18,2
TCU_SUNNER_ID_108,-16.58862,-71.814902,TR-09_2-108,18,2
TCU_SUNNER_ID_109,-16.588621,-71.814786,TR-09_2-109,18,2
TCU_SUNNER_ID_110,-16.588623,-71.81467,TR-09_2-110,18,2
TCU_SUNNER_ID_111,-16.588624,-71.814555,TR-09_2-111,18,2
TCU_SUNNER_ID_112,-16.588626,-71.814438,TR-09_2-112,18,2
TCU_SUNNER_ID_113,-16.588627,-71.814322,TR-09_2-113,18,2
TCU_SUNNER_ID_114,-16.588629,-71.814206,TR-09_2-114,18,2
TCU_SUNNER_ID_115,-16.588631,-71.81409,TR-09_2-115,18,2
TCU_SUNNER_ID_116,-16.588632,-71.813974,TR-09_2-116,18,2
TCU_SUNNER_ID_117,-16.588634,-71.813858,TR-09_2-117,18,2
TCU_SUNNER_ID_118,-16.588635,-71.813742,TR-09_2-118,18,2
TCU_SUNNER_ID_119,-16.588637,-71.813626,TR-09_2-119,18,2
TCU_SUNNER_ID_120,-16.588638,-71.81351,TR-09_2-120,18,2
TCU_SUNNER_ID_121,-16.58864,-71.813394,TR-09_2-121,18,2
TCU_SUNNER_ID_122,-16.588642,-71.813277,TR-09_2-122,18,2
TCU_SUNNER_ID_001,-16.585279,-71.816711,TR-10_1-001,19,2
TCU_SUNNER_ID_002,-16.585281,-71.816595,TR-10_1-002,19,2
TCU_SUNNER_ID_003,-16.585282,-71.816479,TR-10_1-003,19,2
TCU_SUNNER_ID_004,-16.585284,-71.816363,TR-10_1-004,19,2
TCU_SUNNER_ID_005,-16.585119,-71.816244,TR-10_1-005,19,2
TCU_SUNNER_ID_006,-16.585121,-71.816128,TR-10_1-006,19,2
TCU_SUNNER_ID_007,-16.585122,-71.816012,TR-10_1-007,19,2
TCU_SUNNER_ID_008,-16.585124,-71.815896,TR-10_1-008,19,2
TCU_SUNNER_ID_009,-16.585126,-71.81578,TR-10_1-009,19,2
TCU_SUNNER_ID_010,-16.585943,-71.817765,TR-10_1-010,19,1
TCU_SUNNER_ID_011,-16.585945,-71.817649,TR-10_1-011,19,1
TCU_SUNNER_ID_012,-16.585946,-71.817533,TR-10_1-012,19,1
TCU_SUNNER_ID_013,-16.585948,-71.817418,TR-10_1-013,19,1
TCU_SUNNER_ID_014,-16.585783,-71.817299,TR-10_1-014,19,1
TCU_SUNNER_ID_015,-16.585785,-71.817182,TR-10_1-015,19,1
TCU_SUNNER_ID_016,-16.585786,-71.817066,TR-10_1-016,19,1
TCU_SUNNER_ID_017,-16.585788,-71.816951,TR-10_1-017,19,1
TCU_SUNNER_ID_018,-16.585789,-71.816835,TR-10_1-018,19,2
TCU_SUNNER_ID_019,-16.585791,-71.816719,TR-10_1-019,19,2
TCU_SUNNER_ID_020,-16.585793,-71.816603,TR-10_1-020,19,2
TCU_SUNNER_ID_021,-16.585794,-71.816487,TR-10_1-021,19,2
TCU_SUNNER_ID_022,-16.585796,-71.81637,TR-10_1-022,19,2
TCU_SUNNER_ID_023,-16.585797,-71.816254,TR-10_1-023,19,2
TCU_SUNNER_ID_024,-16.585799,-71.816138,TR-10_1-024,19,2
TCU_SUNNER_ID_025,-16.5858,-71.816022,TR-10_1-025,19,2
TCU_SUNNER_ID_026,-16.585802,-71.815906,TR-10_1-026,19,2
TCU_SUNNER_ID_027,-16.585804,-71.81579,TR-10_1-027,19,2
TCU_SUNNER_ID_028,-16.586538,-71.818354,TR-10_1-028,19,1
TCU_SUNNER_ID_029,-16.58654,-71.818238,TR-10_1-029,19,1
TCU_SUNNER_ID_030,-16.586541,-71.818122,TR-10_1-030,19,1
TCU_SUNNER_ID_031,-16.586543,-71.818006,TR-10_1-031,19,1
TCU_SUNNER_ID_032,-16.586545,-71.81789,TR-10_1-032,19,1
TCU_SUNNER_ID_033,-16.586546,-71.817774,TR-10_1-033,19,1
TCU_SUNNER_ID_034,-16.586548,-71.817658,TR-10_1-034,19,1
TCU_SUNNER_ID_035,-16.586549,-71.817542,TR-10_1-035,19,1
TCU_SUNNER_ID_036,-16.586551,-71.817427,TR-10_1-036,19,1
TCU_SUNNER_ID_037,-16.586552,-71.81731,TR-10_1-037,19,1
TCU_SUNNER_ID_038,-16.586554,-71.817194,TR-10_1-038,19,1
TCU_SUNNER_ID_039,-16.586556,-71.817078,TR-10_1-039,19,1
TCU_SUNNER_ID_040,-16.586723,-71.816965,TR-10_1-040,19,1
TCU_SUNNER_ID_041,-16.586725,-71.816848,TR-10_1-041,19,2
TCU_SUNNER_ID_042,-16.58656,-71.81673,TR-10_1-042,19,2
TCU_SUNNER_ID_043,-16.586562,-71.816614,TR-10_1-043,19,2
TCU_SUNNER_ID_044,-16.586563,-71.816498,TR-10_1-044,19,2
TCU_SUNNER_ID_045,-16.586565,-71.816382,TR-10_1-045,19,2
TCU_SUNNER_ID_046,-16.586567,-71.816266,TR-10_1-046,19,2
TCU_SUNNER_ID_047,-16.586568,-71.816149,TR-10_1-047,19,2
TCU_SUNNER_ID_048,-16.58657,-71.816033,TR-10_1-048,19,2
TCU_SUNNER_ID_049,-16.586571,-71.815917,TR-10_1-049,19,2
TCU_SUNNER_ID_050,-16.586573,-71.815801,TR-10_1-050,19,2
TCU_SUNNER_ID_051,-16.586574,-71.815685,TR-10_1-051,19,2
TCU_SUNNER_ID_052,-16.587216,-71.818364,TR-10_1-052,19,1
TCU_SUNNER_ID_053,-16.587218,-71.818248,TR-10_1-053,19,1
TCU_SUNNER_ID_054,-16.587219,-71.818132,TR-10_1-054,19,1
TCU_SUNNER_ID_055,-16.587221,-71.818016,TR-10_1-055,19,1
TCU_SUNNER_ID_056,-16.587223,-71.8179,TR-10_1-056,19,1
TCU_SUNNER_ID_057,-16.587224,-71.817784,TR-10_1-057,19,1
TCU_SUNNER_ID_058,-16.587226,-71.817668,TR-10_1-058,19,1
TCU_SUNNER_ID_059,-16.587227,-71.817552,TR-10_1-059,19,1
TCU_SUNNER_ID_060,-16.587229,-71.817436,TR-10_1-060,19,1
TCU_SUNNER_ID_061,-16.58723,-71.81732,TR-10_1-061,19,1
TCU_SUNNER_ID_062,-16.587232,-71.817204,TR-10_1-062,19,1
TCU_SUNNER_ID_063,-16.587234,-71.817088,TR-10_1-063,19,1
TCU_SUNNER_ID_064,-16.587235,-71.816972,TR-10_1-064,19,1
TCU_SUNNER_ID_065,-16.587237,-71.816856,TR-10_1-065,19,2
TCU_SUNNER_ID_066,-16.587238,-71.81674,TR-10_1-066,19,2
TCU_SUNNER_ID_067,-16.58724,-71.816624,TR-10_1-067,19,2
TCU_SUNNER_ID_068,-16.587241,-71.816508,TR-10_1-068,19,2
TCU_SUNNER_ID_069,-16.587243,-71.816392,TR-10_1-069,19,2
TCU_SUNNER_ID_070,-16.587245,-71.816275,TR-10_1-070,19,2
TCU_SUNNER_ID_071,-16.587246,-71.816159,TR-10_1-071,19,2
TCU_SUNNER_ID_072,-16.587248,-71.816043,TR-10_1-072,19,2
TCU_SUNNER_ID_073,-16.587249,-71.815927,TR-10_1-073,19,2
TCU_SUNNER_ID_074,-16.587251,-71.815811,TR-10_1-074,19,2
TCU_SUNNER_ID_075,-16.587252,-71.815695,TR-10_1-075,19,2
TCU_SUNNER_ID_076,-16.587894,-71.818374,TR-10_1-076,19,1
TCU_SUNNER_ID_077,-16.587896,-71.818258,TR-10_1-077,19,1
TCU_SUNNER_ID_078,-16.587898,-71.818142,TR-10_1-078,19,1
TCU_SUNNER_ID_079,-16.587899,-71.818026,TR-10_1-079,19,1
TCU_SUNNER_ID_080,-16.587901,-71.81791,TR-10_1-080,19,1
TCU_SUNNER_ID_081,-16.587902,-71.817794,TR-10_1-081,19,1
TCU_SUNNER_ID_082,-16.587904,-71.817678,TR-10_1-082,19,1
TCU_SUNNER_ID_083,-16.587905,-71.817561,TR-10_1-083,19,1
TCU_SUNNER_ID_084,-16.587907,-71.817446,TR-10_1-084,19,1
TCU_SUNNER_ID_085,-16.587909,-71.81733,TR-10_1-085,19,1
TCU_SUNNER_ID_086,-16.58791,-71.817214,TR-10_1-086,19,1
TCU_SUNNER_ID_087,-16.587912,-71.817098,TR-10_1-087,19,1
TCU_SUNNER_ID_088,-16.587913,-71.816982,TR-10_1-088,19,1
TCU_SUNNER_ID_089,-16.587915,-71.816866,TR-10_1-089,19,2
TCU_SUNNER_ID_090,-16.587916,-71.81675,TR-10_1-090,19,2
TCU_SUNNER_ID_091,-16.587918,-71.816634,TR-10_1-091,19,2
TCU_SUNNER_ID_092,-16.58792,-71.816518,TR-10_1-092,19,2
TCU_SUNNER_ID_093,-16.587921,-71.816401,TR-10_1-093,19,2
TCU_SUNNER_ID_094,-16.587923,-71.816285,TR-10_1-094,19,2
TCU_SUNNER_ID_095,-16.587924,-71.816169,TR-10_1-095,19,2
TCU_SUNNER_ID_096,-16.587926,-71.816053,TR-10_1-096,19,2
TCU_SUNNER_ID_097,-16.587927,-71.815937,TR-10_1-097,19,2
TCU_SUNNER_ID_098,-16.587929,-71.815821,TR-10_1-098,19,2
TCU_SUNNER_ID_099,-16.587931,-71.815705,TR-10_1-099,19,2
TCU_SUNNER_ID_100,-16.588572,-71.818384,TR-10_1-100,19,1
TCU_SUNNER_ID_101,-16.588574,-71.818268,TR-10_1-101,19,1
TCU_SUNNER_ID_102,-16.588576,-71.818152,TR-10_1-102,19,1
TCU_SUNNER_ID_103,-16.588577,-71.818036,TR-10_1-103,19,1
TCU_SUNNER_ID_104,-16.588579,-71.81792,TR-10_1-104,19,1
TCU_SUNNER_ID_105,-16.58858,-71.817804,TR-10_1-105,19,1
TCU_SUNNER_ID_106,-16.588582,-71.817687,TR-10_1-106,19,1
TCU_SUNNER_ID_107,-16.588583,-71.817571,TR-10_1-107,19,1
TCU_SUNNER_ID_108,-16.588585,-71.817456,TR-10_1-108,19,1
TCU_SUNNER_ID_109,-16.588587,-71.81734,TR-10_1-109,19,1
TCU_SUNNER_ID_110,-16.588588,-71.817224,TR-10_1-110,19,1
TCU_SUNNER_ID_111,-16.58859,-71.817108,TR-10_1-111,19,1
TCU_SUNNER_ID_112,-16.588591,-71.816992,TR-10_1-112,19,1
TCU_SUNNER_ID_113,-16.588593,-71.816876,TR-10_1-113,19,2
TCU_SUNNER_ID_114,-16.588594,-71.81676,TR-10_1-114,19,2
TCU_SUNNER_ID_115,-16.588596,-71.816643,TR-10_1-115,19,2
TCU_SUNNER_ID_116,-16.588598,-71.816527,TR-10_1-116,19,2
TCU_SUNNER_ID_117,-16.588599,-71.816411,TR-10_1-117,19,2
TCU_SUNNER_ID_118,-16.588601,-71.816295,TR-10_1-118,19,2
TCU_SUNNER_ID_119,-16.588602,-71.816179,TR-10_1-119,19,2
TCU_SUNNER_ID_120,-16.588604,-71.816063,TR-10_1-120,19,2
TCU_SUNNER_ID_121,-16.588605,-71.815947,TR-10_1-121,19,2
TCU_SUNNER_ID_122,-16.588607,-71.815831,TR-10_1-122,19,2
TCU_SUNNER_ID_123,-16.588609,-71.815715,TR-10_1-123,19,2
TCU_SUNNER_ID_001,-16.586693,-71.81917,TR-10_2-070,20,1
TCU_SUNNER_ID_002,-16.586695,-71.819053,TR-10_2-071,20,1
TCU_SUNNER_ID_003,-16.586697,-71.818937,TR-10_2-072,20,1
TCU_SUNNER_ID_004,-16.586698,-71.818821,TR-10_2-073,20,1
TCU_SUNNER_ID_005,-16.5867,-71.818705,TR-10_2-074,20,1
TCU_SUNNER_ID_006,-16.586701,-71.818589,TR-10_2-075,20,1
TCU_SUNNER_ID_007,-16.586537,-71.818471,TR-10_2-076,20,1
TCU_SUNNER_ID_008,-16.587356,-71.82034,TR-10_2-077,20,1
TCU_SUNNER_ID_009,-16.587357,-71.820224,TR-10_2-078,20,1
TCU_SUNNER_ID_010,-16.587359,-71.820108,TR-10_2-079,20,1
TCU_SUNNER_ID_011,-16.58736,-71.819992,TR-10_2-080,20,1
TCU_SUNNER_ID_012,-16.587362,-71.819876,TR-10_2-081,20,1
TCU_SUNNER_ID_013,-16.587197,-71.819758,TR-10_2-082,20,1
TCU_SUNNER_ID_014,-16.587199,-71.819641,TR-10_2-083,20,1
TCU_SUNNER_ID_015,-16.587201,-71.819525,TR-10_2-084,20,1
TCU_SUNNER_ID_016,-16.587202,-71.819409,TR-10_2-085,20,1
TCU_SUNNER_ID_017,-16.587204,-71.819293,TR-10_2-086,20,1
TCU_SUNNER_ID_018,-16.587205,-71.819177,TR-10_2-087,20,1
TCU_SUNNER_ID_019,-16.587207,-71.819061,TR-10_2-088,20,1
TCU_SUNNER_ID_020,-16.587208,-71.818945,TR-10_2-089,20,1
TCU_SUNNER_ID_021,-16.58721,-71.818829,TR-10_2-090,20,1
TCU_SUNNER_ID_022,-16.587212,-71.818713,TR-10_2-091,20,1
TCU_SUNNER_ID_023,-16.587213,-71.818597,TR-10_2-092,20,1
TCU_SUNNER_ID_024,-16.587215,-71.81848,TR-10_2-093,20,1
TCU_SUNNER_ID_025,-16.587868,-71.820348,TR-10_2-094,20,1
TCU_SUNNER_ID_026,-16.587869,-71.820232,TR-10_2-095,20,1
TCU_SUNNER_ID_027,-16.587871,-71.820116,TR-10_2-096,20,1
TCU_SUNNER_ID_028,-16.587872,-71.82,TR-10_2-097,20,1
TCU_SUNNER_ID_029,-16.587874,-71.819884,TR-10_2-098,20,1
TCU_SUNNER_ID_030,-16.587876,-71.819767,TR-10_2-099,20,1
TCU_SUNNER_ID_031,-16.587877,-71.819651,TR-10_2-100,20,1
TCU_SUNNER_ID_032,-16.587879,-71.819535,TR-10_2-101,20,1
TCU_SUNNER_ID_033,-16.58788,-71.819419,TR-10_2-102,20,1
TCU_SUNNER_ID_034,-16.587882,-71.819303,TR-10_2-103,20,1
TCU_SUNNER_ID_035,-16.587883,-71.819187,TR-10_2-104,20,1
TCU_SUNNER_ID_036,-16.587885,-71.819071,TR-10_2-105,20,1
TCU_SUNNER_ID_037,-16.587887,-71.818955,TR-10_2-106,20,1
TCU_SUNNER_ID_038,-16.587888,-71.818839,TR-10_2-107,20,1
TCU_SUNNER_ID_039,-16.58789,-71.818722,TR-10_2-108,20,1
TCU_SUNNER_ID_040,-16.587891,-71.818606,TR-10_2-109,20,1
TCU_SUNNER_ID_041,-16.587893,-71.81849,TR-10_2-110,20,1
TCU_SUNNER_ID_042,-16.588547,-71.820242,TR-10_2-111,20,1
TCU_SUNNER_ID_043,-16.588549,-71.820126,TR-10_2-112,20,1
TCU_SUNNER_ID_044,-16.58855,-71.82001,TR-10_2-113,20,1
TCU_SUNNER_ID_045,-16.588552,-71.819893,TR-10_2-114,20,1
TCU_SUNNER_ID_046,-16.588554,-71.819777,TR-10_2-115,20,1
TCU_SUNNER_ID_047,-16.588555,-71.819661,TR-10_2-116,20,1
TCU_SUNNER_ID_048,-16.588557,-71.819545,TR-10_2-117,20,1
TCU_SUNNER_ID_049,-16.588558,-71.819429,TR-10_2-118,20,1
TCU_SUNNER_ID_050,-16.58856,-71.819313,TR-10_2-119,20,1
TCU_SUNNER_ID_051,-16.588561,-71.819197,TR-10_2-120,20,1
TCU_SUNNER_ID_052,-16.588563,-71.819081,TR-10_2-121,20,1
TCU_SUNNER_ID_053,-16.588565,-71.818965,TR-10_2-122,20,1
TCU_SUNNER_ID_054,-16.588566,-71.818848,TR-10_2-123,20,1
TCU_SUNNER_ID_055,-16.588568,-71.818732,TR-10_2-124,20,1
TCU_SUNNER_ID_056,-16.588569,-71.818616,TR-10_2-125,20,1
TCU_SUNNER_ID_057,-16.588571,-71.8185,TR-10_2-126,20,1
TCU_SUNNER_ID_001,-16.583608,-71.820414,TR-10_2-001,21,1
TCU_SUNNER_ID_002,-16.583776,-71.8203,TR-10_2-002,21,1
TCU_SUNNER_ID_003,-16.583777,-71.820184,TR-10_2-003,21,1
TCU_SUNNER_ID_004,-16.583779,-71.820068,TR-10_2-004,21,1
TCU_SUNNER_ID_005,-16.58378,-71.819952,TR-10_2-005,21,1
TCU_SUNNER_ID_006,-16.583814,-71.819836,TR-10_2-006,21,1
TCU_SUNNER_ID_007,-16.583816,-71.81972,TR-10_2-007,21,1
TCU_SUNNER_ID_008,-16.583956,-71.819606,TR-10_2-008,21,1
TCU_SUNNER_ID_009,-16.583957,-71.81949,TR-10_2-009,21,1
TCU_SUNNER_ID_010,-16.583959,-71.819374,TR-10_2-010,21,1
TCU_SUNNER_ID_011,-16.58396,-71.819258,TR-10_2-011,21,1
TCU_SUNNER_ID_012,-16.583962,-71.819142,TR-10_2-012,21,1
TCU_SUNNER_ID_013,-16.583994,-71.819026,TR-10_2-013,21,1
TCU_SUNNER_ID_014,-16.583996,-71.818911,TR-10_2-014,21,1
TCU_SUNNER_ID_015,-16.584202,-71.818798,TR-10_2-015,21,1
TCU_SUNNER_ID_016,-16.584204,-71.818682,TR-10_2-016,21,1
TCU_SUNNER_ID_017,-16.584205,-71.818566,TR-10_2-017,21,1
TCU_SUNNER_ID_018,-16.584207,-71.81845,TR-10_2-018,21,1
TCU_SUNNER_ID_019,-16.584246,-71.818334,TR-10_2-019,21,1
TCU_SUNNER_ID_020,-16.584247,-71.818218,TR-10_2-020,21,1
TCU_SUNNER_ID_021,-16.584249,-71.818102,TR-10_2-021,21,1
TCU_SUNNER_ID_022,-16.58425,-71.817986,TR-10_2-022,21,1
TCU_SUNNER_ID_023,-16.584313,-71.817871,TR-10_2-023,21,1
TCU_SUNNER_ID_024,-16.584315,-71.817755,TR-10_2-024,21,1
TCU_SUNNER_ID_025,-16.584316,-71.817638,TR-10_2-025,21,1
TCU_SUNNER_ID_026,-16.584318,-71.817522,TR-10_2-026,21,1
TCU_SUNNER_ID_027,-16.58412,-71.820422,TR-10_2-027,21,1
TCU_SUNNER_ID_028,-16.584454,-71.82031,TR-10_2-028,21,1
TCU_SUNNER_ID_029,-16.584455,-71.820194,TR-10_2-029,21,1
TCU_SUNNER_ID_030,-16.584457,-71.820078,TR-10_2-030,21,1
TCU_SUNNER_ID_031,-16.584458,-71.819962,TR-10_2-031,21,1
TCU_SUNNER_ID_032,-16.584492,-71.819846,TR-10_2-032,21,1
TCU_SUNNER_ID_033,-16.584494,-71.81973,TR-10_2-033,21,1
TCU_SUNNER_ID_034,-16.584634,-71.819616,TR-10_2-034,21,1
TCU_SUNNER_ID_035,-16.584635,-71.8195,TR-10_2-035,21,1
TCU_SUNNER_ID_036,-16.584637,-71.819384,TR-10_2-036,21,1
TCU_SUNNER_ID_037,-16.584638,-71.819268,TR-10_2-037,21,1
TCU_SUNNER_ID_038,-16.58464,-71.819152,TR-10_2-038,21,1
TCU_SUNNER_ID_039,-16.584672,-71.819036,TR-10_2-039,21,1
TCU_SUNNER_ID_040,-16.584674,-71.818921,TR-10_2-040,21,1
TCU_SUNNER_ID_041,-16.58488,-71.818808,TR-10_2-041,21,1
TCU_SUNNER_ID_042,-16.584882,-71.818692,TR-10_2-042,21,1
TCU_SUNNER_ID_043,-16.584884,-71.818576,TR-10_2-043,21,1
TCU_SUNNER_ID_044,-16.584885,-71.81846,TR-10_2-044,21,1
TCU_SUNNER_ID_045,-16.584758,-71.818342,TR-10_2-045,21,1
TCU_SUNNER_ID_046,-16.584759,-71.818225,TR-10_2-046,21,1
TCU_SUNNER_ID_047,-16.584761,-71.818109,TR-10_2-047,21,1
TCU_SUNNER_ID_048,-16.584762,-71.817993,TR-10_2-048,21,1
TCU_SUNNER_ID_049,-16.584798,-71.820431,TR-10_2-049,21,1
TCU_SUNNER_ID_050,-16.585132,-71.82032,TR-10_2-050,21,1
TCU_SUNNER_ID_051,-16.585133,-71.820204,TR-10_2-051,21,1
TCU_SUNNER_ID_052,-16.585135,-71.820088,TR-10_2-052,21,1
TCU_SUNNER_ID_053,-16.585136,-71.819972,TR-10_2-053,21,1
TCU_SUNNER_ID_054,-16.585171,-71.819856,TR-10_2-054,21,1
TCU_SUNNER_ID_055,-16.585172,-71.81974,TR-10_2-055,21,1
TCU_SUNNER_ID_056,-16.585312,-71.819626,TR-10_2-056,21,1
TCU_SUNNER_ID_057,-16.585313,-71.81951,TR-10_2-057,21,1
TCU_SUNNER_ID_058,-16.585315,-71.819394,TR-10_2-058,21,1
TCU_SUNNER_ID_059,-16.585317,-71.819278,TR-10_2-059,21,1
TCU_SUNNER_ID_060,-16.585318,-71.819162,TR-10_2-060,21,1
TCU_SUNNER_ID_061,-16.585184,-71.819044,TR-10_2-061,21,1
TCU_SUNNER_ID_062,-16.585186,-71.818928,TR-10_2-062,21,1
TCU_SUNNER_ID_063,-16.585476,-71.820441,TR-10_2-063,21,1
TCU_SUNNER_ID_064,-16.58581,-71.82033,TR-10_2-064,21,1
TCU_SUNNER_ID_065,-16.585811,-71.820214,TR-10_2-065,21,1
TCU_SUNNER_ID_066,-16.585813,-71.820098,TR-10_2-066,21,1
TCU_SUNNER_ID_067,-16.585815,-71.819982,TR-10_2-067,21,1
TCU_SUNNER_ID_068,-16.585682,-71.819864,TR-10_2-068,21,1
TCU_SUNNER_ID_069,-16.585684,-71.819748,TR-10_2-069,21,1
