cfg,nombre,dia,minZ,elev,az,torsion_max,mv,fs_min_criba,theta_fs_min,hay_cero
0,"Arequipa · llano · N-S constante -6° · bifila · tresbolillo ×1 · 6 filas · az 0°",21-jun,700,4.7742,63.8712,0.0000,33,0.000000e+0,-29,1
0,"Arequipa · llano · N-S constante -6° · bifila · tresbolillo ×1 · 6 filas · az 0°",21-jun,720,8.9729,62.1856,0.0000,17,0.000000e+0,-48,1
0,"Arequipa · llano · N-S constante -6° · bifila · tresbolillo ×1 · 6 filas · az 0°",21-jun,740,13.1432,60.3097,0.0000,17,0.000000e+0,-55,1
0,"Arequipa · llano · N-S constante -6° · bifila · tresbolillo ×1 · 6 filas · az 0°",21-jun,760,17.2453,58.2184,0.0000,17,0.000000e+0,-55,1
0,"Arequipa · llano · N-S constante -6° · bifila · tresbolillo ×1 · 6 filas · az 0°",21-jun,780,21.2561,55.8815,0.0000,17,0.000000e+0,-55,1
0,"Arequipa · llano · N-S constante -6° · bifila · tresbolillo ×1 · 6 filas · az 0°",21-jun,800,25.1539,53.2637,0.0000,17,0.000000e+0,-55,1
0,"Arequipa · llano · N-S constante -6° · bifila · tresbolillo ×1 · 6 filas · az 0°",21-jun,820,28.9146,50.3241,0.0000,17,0.000000e+0,-55,1
0,"Arequipa · llano · N-S constante -6° · bifila · tresbolillo ×1 · 6 filas · az 0°",21-jun,840,32.5098,47.0168,0.0000,17,0.000000e+0,-55,1
0,"Arequipa · llano · N-S constante -6° · bifila · tresbolillo ×1 · 6 filas · az 0°",21-jun,860,35.9052,43.2920,0.0000,17,0.000000e+0,-55,1
0,"Arequipa · llano · N-S constante -6° · bifila · tresbolillo ×1 · 6 filas · az 0°",21-jun,880,39.0602,39.0991,0.0000,17,0.000000e+0,-55,1
0,"Arequipa · llano · N-S constante -6° · bifila · tresbolillo ×1 · 6 filas · az 0°",21-jun,900,41.9268,34.3923,0.0000,17,0.000000e+0,-55,1
0,"Arequipa · llano · N-S constante -6° · bifila · tresbolillo ×1 · 6 filas · az 0°",21-jun,920,44.4499,29.1395,0.0000,17,0.000000e+0,-55,1
0,"Arequipa · llano · N-S constante -6° · bifila · tresbolillo ×1 · 6 filas · az 0°",21-jun,940,46.5693,23.3352,0.0000,17,0.000000e+0,-55,1
0,"Arequipa · llano · N-S constante -6° · bifila · tresbolillo ×1 · 6 filas · az 0°",21-jun,960,48.2231,17.0150,0.0000,17,0.000000e+0,-55,1
0,"Arequipa · llano · N-S constante -6° · bifila · tresbolillo ×1 · 6 filas · az 0°",21-jun,980,49.3544,10.2679,0.0000,17,0.000000e+0,-55,1
0,"Arequipa · llano · N-S constante -6° · bifila · tresbolillo ×1 · 6 filas · az 0°",21-jun,1000,49.9185,3.2390,0.0000,17,0.000000e+0,-55,1
0,"Arequipa · llano · N-S constante -6° · bifila · tresbolillo ×1 · 6 filas · az 0°",21-jun,1020,49.8916,356.1171,0.0000,17,0.000000e+0,-55,1
0,"Arequipa · llano · N-S constante -6° · bifila · tresbolillo ×1 · 6 filas · az 0°",21-jun,1040,49.2748,349.1064,0.0000,17,0.000000e+0,-55,1
0,"Arequipa · llano · N-S constante -6° · bifila · tresbolillo ×1 · 6 filas · az 0°",21-jun,1060,48.0942,342.3928,0.0000,17,0.000000e+0,-55,1
0,"Arequipa · llano · N-S constante -6° · bifila · tresbolillo ×1 · 6 filas · az 0°",21-jun,1080,46.3957,336.1165,0.0000,17,0.000000e+0,-55,1
0,"Arequipa · llano · N-S constante -6° · bifila · tresbolillo ×1 · 6 filas · az 0°",21-jun,1100,44.2372,330.3613,0.0000,17,0.000000e+0,-55,1
0,"Arequipa · llano · N-S constante -6° · bifila · tresbolillo ×1 · 6 filas · az 0°",21-jun,1120,41.6806,325.1587,0.0000,17,0.000000e+0,-55,1
0,"Arequipa · llano · N-S constante -6° · bifila · tresbolillo ×1 · 6 filas · az 0°",21-jun,1140,38.7857,320.5000,0.0000,17,0.000000e+0,-55,1
0,"Arequipa · llano · N-S constante -6° · bifila · tresbolillo ×1 · 6 filas · az 0°",21-jun,1160,35.6071,316.3514,0.0000,17,0.000000e+0,-55,1
0,"Arequipa · llano · N-S constante -6° · bifila · tresbolillo ×1 · 6 filas · az 0°",21-jun,1180,32.1920,312.6665,0.0000,17,0.000000e+0,-55,1
0,"Arequipa · llano · N-S constante -6° · bifila · tresbolillo ×1 · 6 filas · az 0°",21-jun,1200,28.5805,309.3944,0.0000,17,0.000000e+0,-55,1
0,"Arequipa · llano · N-S constante -6° · bifila · tresbolillo ×1 · 6 filas · az 0°",21-jun,1220,24.8063,306.4858,0.0000,17,0.000000e+0,-55,1
0,"Arequipa · llano · N-S constante -6° · bifila · tresbolillo ×1 · 6 filas · az 0°",21-jun,1240,20.8973,303.8950,0.0000,17,0.000000e+0,-55,1
0,"Arequipa · llano · N-S constante -6° · bifila · tresbolillo ×1 · 6 filas · az 0°",21-jun,1260,16.8774,301.5817,0.0000,17,0.000000e+0,-54.5,1
0,"Arequipa · llano · N-S constante -6° · bifila · tresbolillo ×1 · 6 filas · az 0°",21-jun,1280,12.7680,299.5110,0.0000,17,0.000000e+0,-32,1
0,"Arequipa · llano · N-S constante -6° · bifila · tresbolillo ×1 · 6 filas · az 0°",21-jun,1300,8.5930,297.6533,0.0000,17,0.000000e+0,-20.5,1
0,"Arequipa · llano · N-S constante -6° · bifila · tresbolillo ×1 · 6 filas · az 0°",21-jun,1320,4.3962,295.9837,0.0000,33,0.000000e+0,-12,1
0,"Arequipa · llano · N-S constante -6° · bifila · tresbolillo ×1 · 6 filas · az 0°",21-mar,680,6.1794,87.8345,0.0000,17,0.000000e+0,-22.5,1
0,"Arequipa · llano · N-S constante -6° · bifila · tresbolillo ×1 · 6 filas · az 0°",21-mar,700,10.9081,86.3640,0.0000,17,0.000000e+0,-40.5,1
0,"Arequipa · llano · N-S constante -6° · bifila · tresbolillo ×1 · 6 filas · az 0°",21-mar,720,15.6602,84.8431,0.0000,17,0.000000e+0,-55,1
0,"Arequipa · llano · N-S constante -6° · bifila · tresbolillo ×1 · 6 filas · az 0°",21-mar,740,20.4114,83.2469,0.0000,17,0.000000e+0,-55,1
0,"Arequipa · llano · N-S constante -6° · bifila · tresbolillo ×1 · 6 filas · az 0°",21-mar,760,25.1514,81.5460,0.0000,17,0.000000e+0,-55,1
0,"Arequipa · llano · N-S constante -6° · bifila · tresbolillo ×1 · 6 filas · az 0°",21-mar,780,29.8721,79.7046,0.0000,17,0.000000e+0,-55,1
0,"Arequipa · llano · N-S constante -6° · bifila · tresbolillo ×1 · 6 filas · az 0°",21-mar,800,34.5652,77.6773,0.0000,17,0.000000e+0,-55,1
0,"Arequipa · llano · N-S constante -6° · bifila · tresbolillo ×1 · 6 filas · az 0°",21-mar,820,39.2209,75.4045,0.0000,17,0.000000e+0,-55,1
0,"Arequipa · llano · N-S constante -6° · bifila · tresbolillo ×1 · 6 filas · az 0°",21-mar,840,43.8256,72.8064,0.0000,17,0.000000e+0,-55,1
0,"Arequipa · llano · N-S constante -6° · bifila · tresbolillo ×1 · 6 filas · az 0°",21-mar,860,48.3608,69.7727,0.0000,17,0.000000e+0,-55,1
0,"Arequipa · llano · N-S constante -6° · bifila · tresbolillo ×1 · 6 filas · az 0°",21-mar,880,52.7997,66.1475,0.0000,17,0.000000e+0,-55,1
0,"Arequipa · llano · N-S constante -6° · bifila · tresbolillo ×1 · 6 filas · az 0°",21-mar,900,57.1020,61.7065,0.0000,17,0.000000e+0,-55,1
0,"Arequipa · llano · N-S constante -6° · bifila · tresbolillo ×1 · 6 filas · az 0°",21-mar,920,61.2050,56.1234,0.0000,17,0.000000e+0,-55,1
0,"Arequipa · llano · N-S constante -6° · bifila · tresbolillo ×1 · 6 filas · az 0°",21-mar,940,65.0093,48.9323,0.0000,17,0.000000e+0,-55,1
0,"Arequipa · llano · N-S constante -6° · bifila · tresbolillo ×1 · 6 filas · az 0°",21-mar,960,68.3560,39.5174,0.0000,17,0.000000e+0,-55,1
0,"Arequipa · llano · N-S constante -6° · bifila · tresbolillo ×1 · 6 filas · az 0°",21-mar,980,71.0006,27.2555,0.0000,17,0.000000e+0,-55,1
0,"Arequipa · llano · N-S constante -6° · bifila · tresbolillo ×1 · 6 filas · az 0°",21-mar,1000,72.6192,12.0480,0.0000,17,0.000000e+0,-55,1
0,"Arequipa · llano · N-S constante -6° · bifila · tresbolillo ×1 · 6 filas · az 0°",21-mar,1020,72.9172,355.1449,0.0000,17,0.000000e+0,-55,1
0,"Arequipa · llano · N-S constante -6° · bifila · tresbolillo ×1 · 6 filas · az 0°",21-mar,1040,71.8293,338.9743,0.0000,17,0.000000e+0,-55,1
0,"Arequipa · llano · N-S constante -6° · bifila · tresbolillo ×1 · 6 filas · az 0°",21-mar,1060,69.5760,325.4193,0.0000,17,0.000000e+0,-55,1
0,"Arequipa · llano · N-S constante -6° · bifila · tresbolillo ×1 · 6 filas · az 0°",21-mar,1080,66.4904,314.8661,0.0000,17,0.000000e+0,-55,1
0,"Arequipa · llano · N-S constante -6° · bifila · tresbolillo ×1 · 6 filas · az 0°",21-mar,1100,62.8553,306.8185,0.0000,17,0.000000e+0,-55,1
0,"Arequipa · llano · N-S constante -6° · bifila · tresbolillo ×1 · 6 filas · az 0°",21-mar,1120,58.8631,300.6237,0.0000,17,0.000000e+0,-55,1
0,"Arequipa · llano · N-S constante -6° · bifila · tresbolillo ×1 · 6 filas · az 0°",21-mar,1140,54.6351,295.7491,0.0000,17,0.000000e+0,-55,1
0,"Arequipa · llano · N-S constante -6° · bifila · tresbolillo ×1 · 6 filas · az 0°",21-mar,1160,50.2473,291.8140,0.0000,17,0.000000e+0,-55,1
0,"Arequipa · llano · N-S constante -6° · bifila · tresbolillo ×1 · 6 filas · az 0°",21-mar,1180,45.7481,288.5555,0.0000,17,0.000000e+0,-55,1
0,"Arequipa · llano · N-S constante -6° · bifila · tresbolillo ×1 · 6 filas · az 0°",21-mar,1200,41.1691,285.7922,0.0000,17,0.000000e+0,-55,1
0,"Arequipa · llano · N-S constante -6° · bifila · tresbolillo ×1 · 6 filas · az 0°",21-mar,1220,36.5321,283.3969,0.0000,17,0.000000e+0,-55,1
0,"Arequipa · llano · N-S constante -6° · bifila · tresbolillo ×1 · 6 filas · az 0°",21-mar,1240,31.8523,281.2784,0.0000,17,0.000000e+0,-55,1
0,"Arequipa · llano · N-S constante -6° · bifila · tresbolillo ×1 · 6 filas · az 0°",21-mar,1260,27.1408,279.3695,0.0000,17,0.000000e+0,-55,1
0,"Arequipa · llano · N-S constante -6° · bifila · tresbolillo ×1 · 6 filas · az 0°",21-mar,1280,22.4065,277.6197,0.0000,17,0.000000e+0,-55,1
0,"Arequipa · llano · N-S constante -6° · bifila · tresbolillo ×1 · 6 filas · az 0°",21-mar,1300,17.6572,275.9894,0.0000,17,0.000000e+0,-34,1
0,"Arequipa · llano · N-S constante -6° · bifila · tresbolillo ×1 · 6 filas · az 0°",21-mar,1320,12.9018,274.4469,0.0000,17,0.000000e+0,-22,1
0,"Arequipa · llano · N-S constante -6° · bifila · tresbolillo ×1 · 6 filas · az 0°",21-mar,1340,8.1561,272.9659,0.0000,17,0.000000e+0,-13,1
0,"Arequipa · llano · N-S constante -6° · bifila · tresbolillo ×1 · 6 filas · az 0°",21-mar,1360,3.4752,271.5234,0.0000,33,0.000000e+0,-5.5,1
0,"Arequipa · llano · N-S constante -6° · bifila · tresbolillo ×1 · 6 filas · az 0°",21-dic,640,5.5090,112.8863,0.0000,33,0.000000e+0,-12,1
0,"Arequipa · llano · N-S constante -6° · bifila · tresbolillo ×1 · 6 filas · az 0°",21-dic,660,9.8795,111.6997,0.0000,17,0.000000e+0,-29.5,1
0,"Arequipa · llano · N-S constante -6° · bifila · tresbolillo ×1 · 6 filas · az 0°",21-dic,680,14.3190,110.6399,0.0000,17,0.000000e+0,-48,1
0,"Arequipa · llano · N-S constante -6° · bifila · tresbolillo ×1 · 6 filas · az 0°",21-dic,700,18.8002,109.7012,0.0000,17,0.000000e+0,-55,1
0,"Arequipa · llano · N-S constante -6° · bifila · tresbolillo ×1 · 6 filas · az 0°",21-dic,720,23.3118,108.8811,0.0000,17,0.000000e+0,-55,1
0,"Arequipa · llano · N-S constante -6° · bifila · tresbolillo ×1 · 6 filas · az 0°",21-dic,740,27.8469,108.1807,0.0000,17,0.000000e+0,-55,1
0,"Arequipa · llano · N-S constante -6° · bifila · tresbolillo ×1 · 6 filas · az 0°",21-dic,760,32.4005,107.6058,0.0000,17,0.000000e+0,-55,1
0,"Arequipa · llano · N-S constante -6° · bifila · tresbolillo ×1 · 6 filas · az 0°",21-dic,780,36.9680,107.1676,0.0000,17,0.000000e+0,-55,1
0,"Arequipa · llano · N-S constante -6° · bifila · tresbolillo ×1 · 6 filas · az 0°",21-dic,800,41.5453,106.8854,0.0000,17,0.000000e+0,-55,1
0,"Arequipa · llano · N-S constante -6° · bifila · tresbolillo ×1 · 6 filas · az 0°",21-dic,820,46.1277,106.7892,0.0000,17,0.000000e+0,-55,1
0,"Arequipa · llano · N-S constante -6° · bifila · tresbolillo ×1 · 6 filas · az 0°",21-dic,840,50.7102,106.9266,0.0000,17,0.000000e+0,-55,1
0,"Arequipa · llano · N-S constante -6° · bifila · tresbolillo ×1 · 6 filas · az 0°",21-dic,860,55.2860,107.3727,0.0000,17,0.000000e+0,-55,1
0,"Arequipa · llano · N-S constante -6° · bifila · tresbolillo ×1 · 6 filas · az 0°",21-dic,880,59.8457,108.2507,0.0000,17,0.000000e+0,-55,1
0,"Arequipa · llano · N-S constante -6° · bifila · tresbolillo ×1 · 6 filas · az 0°",21-dic,900,64.3745,109.7715,0.0000,17,0.000000e+0,-55,1
0,"Arequipa · llano · N-S constante -6° · bifila · tresbolillo ×1 · 6 filas · az 0°",21-dic,920,68.8464,112.3221,0.0000,17,0.000000e+0,-55,1
0,"Arequipa · llano · N-S constante -6° · bifila · tresbolillo ×1 · 6 filas · az 0°",21-dic,940,73.2097,116.6755,0.0000,17,0.000000e+0,-55,1
0,"Arequipa · llano · N-S constante -6° · bifila · tresbolillo ×1 · 6 filas · az 0°",21-dic,960,77.3452,124.5416,0.0000,17,0.000000e+0,-55,1
0,"Arequipa · llano · N-S constante -6° · bifila · tresbolillo ×1 · 6 filas · az 0°",21-dic,980,80.9293,139.9625,0.0000,17,0.000000e+0,-55,1
0,"Arequipa · llano · N-S constante -6° · bifila · tresbolillo ×1 · 6 filas · az 0°",21-dic,1000,83.0437,169.7235,0.0000,17,0.000000e+0,-55,1
0,"Arequipa · llano · N-S constante -6° · bifila · tresbolillo ×1 · 6 filas · az 0°",21-dic,1020,82.3507,206.0083,0.0000,17,0.000000e+0,-55,1
0,"Arequipa · llano · N-S constante -6° · bifila · tresbolillo ×1 · 6 filas · az 0°",21-dic,1040,79.3872,228.4830,0.0000,17,0.000000e+0,-55,1
0,"Arequipa · llano · N-S constante -6° · bifila · tresbolillo ×1 · 6 filas · az 0°",21-dic,1060,75.4845,239.6903,0.0000,17,0.000000e+0,-55,1
0,"Arequipa · llano · N-S constante -6° · bifila · tresbolillo ×1 · 6 filas · az 0°",21-dic,1080,71.2217,245.6266,0.0000,17,0.000000e+0,-55,1
0,"Arequipa · llano · N-S constante -6° · bifila · tresbolillo ×1 · 6 filas · az 0°",21-dic,1100,66.7992,249.0147,0.0000,17,0.000000e+0,-55,1
0,"Arequipa · llano · N-S constante -6° · bifila · tresbolillo ×1 · 6 filas · az 0°",21-dic,1120,62.2968,251.0263,0.0000,17,0.000000e+0,-55,1
0,"Arequipa · llano · N-S constante -6° · bifila · tresbolillo ×1 · 6 filas · az 0°",21-dic,1140,57.7514,252.2170,0.0000,17,0.000000e+0,-55,1
0,"Arequipa · llano · N-S constante -6° · bifila · tresbolillo ×1 · 6 filas · az 0°",21-dic,1160,53.1829,252.8767,0.0000,17,0.000000e+0,-55,1
0,"Arequipa · llano · N-S constante -6° · bifila · tresbolillo ×1 · 6 filas · az 0°",21-dic,1180,48.6031,253.1691,0.0000,17,0.000000e+0,-55,1
0,"Arequipa · llano · N-S constante -6° · bifila · tresbolillo ×1 · 6 filas · az 0°",21-dic,1200,44.0199,253.1917,0.0000,17,0.000000e+0,-55,1
0,"Arequipa · llano · N-S constante -6° · bifila · tresbolillo ×1 · 6 filas · az 0°",21-dic,1220,39.4393,253.0053,0.0000,17,0.000000e+0,-55,1
0,"Arequipa · llano · N-S constante -6° · bifila · tresbolillo ×1 · 6 filas · az 0°",21-dic,1240,34.8660,252.6483,0.0000,17,0.000000e+0,-55,1
0,"Arequipa · llano · N-S constante -6° · bifila · tresbolillo ×1 · 6 filas · az 0°",21-dic,1260,30.3044,252.1454,0.0000,17,0.000000e+0,-55,1
0,"Arequipa · llano · N-S constante -6° · bifila · tresbolillo ×1 · 6 filas · az 0°",21-dic,1280,25.7587,251.5118,0.0000,17,0.000000e+0,-55,1
0,"Arequipa · llano · N-S constante -6° · bifila · tresbolillo ×1 · 6 filas · az 0°",21-dic,1300,21.2337,250.7559,0.0000,17,0.000000e+0,-41.5,1
0,"Arequipa · llano · N-S constante -6° · bifila · tresbolillo ×1 · 6 filas · az 0°",21-dic,1320,16.7351,249.8813,0.0000,17,0.000000e+0,-27,1
0,"Arequipa · llano · N-S constante -6° · bifila · tresbolillo ×1 · 6 filas · az 0°",21-dic,1340,12.2712,248.8874,0.0000,17,0.000000e+0,-17.5,1
0,"Arequipa · llano · N-S constante -6° · bifila · tresbolillo ×1 · 6 filas · az 0°",21-dic,1360,7.8581,247.7702,0.0000,17,0.000000e+0,-9,1
0,"Arequipa · llano · N-S constante -6° · bifila · tresbolillo ×1 · 6 filas · az 0°",21-dic,1380,3.5464,246.5223,0.0000,33,0.000000e+0,-1.5,1
1,"Arequipa · cresta 1 · N-S constante 6° · mono · alineadas ×1 · 8 filas · az 0°",21-jun,700,4.7742,63.8712,0.0000,33,0.000000e+0,-3,1
1,"Arequipa · cresta 1 · N-S constante 6° · mono · alineadas ×1 · 8 filas · az 0°",21-jun,720,8.9729,62.1856,0.0000,17,0.000000e+0,-17.5,1
1,"Arequipa · cresta 1 · N-S constante 6° · mono · alineadas ×1 · 8 filas · az 0°",21-jun,740,13.1432,60.3097,0.0000,17,0.000000e+0,-35,1
1,"Arequipa · cresta 1 · N-S constante 6° · mono · alineadas ×1 · 8 filas · az 0°",21-jun,760,17.2453,58.2184,0.0000,17,0.000000e+0,-54,1
1,"Arequipa · cresta 1 · N-S constante 6° · mono · alineadas ×1 · 8 filas · az 0°",21-jun,780,21.2561,55.8815,0.0000,17,0.000000e+0,-55,1
1,"Arequipa · cresta 1 · N-S constante 6° · mono · alineadas ×1 · 8 filas · az 0°",21-jun,800,25.1539,53.2637,0.0000,17,0.000000e+0,-55,1
1,"Arequipa · cresta 1 · N-S constante 6° · mono · alineadas ×1 · 8 filas · az 0°",21-jun,820,28.9146,50.3241,0.0000,17,0.000000e+0,-55,1
1,"Arequipa · cresta 1 · N-S constante 6° · mono · alineadas ×1 · 8 filas · az 0°",21-jun,840,32.5098,47.0168,0.0000,17,0.000000e+0,-55,1
1,"Arequipa · cresta 1 · N-S constante 6° · mono · alineadas ×1 · 8 filas · az 0°",21-jun,860,35.9052,43.2920,0.0000,17,0.000000e+0,-55,1
1,"Arequipa · cresta 1 · N-S constante 6° · mono · alineadas ×1 · 8 filas · az 0°",21-jun,880,39.0602,39.0991,0.0000,17,0.000000e+0,-55,1
1,"Arequipa · cresta 1 · N-S constante 6° · mono · alineadas ×1 · 8 filas · az 0°",21-jun,900,41.9268,34.3923,0.0000,17,0.000000e+0,-55,1
1,"Arequipa · cresta 1 · N-S constante 6° · mono · alineadas ×1 · 8 filas · az 0°",21-jun,920,44.4499,29.1395,0.0000,17,0.000000e+0,-55,1
1,"Arequipa · cresta 1 · N-S constante 6° · mono · alineadas ×1 · 8 filas · az 0°",21-jun,940,46.5693,23.3352,0.0000,17,0.000000e+0,-55,1
1,"Arequipa · cresta 1 · N-S constante 6° · mono · alineadas ×1 · 8 filas · az 0°",21-jun,960,48.2231,17.0150,0.0000,17,0.000000e+0,-55,1
1,"Arequipa · cresta 1 · N-S constante 6° · mono · alineadas ×1 · 8 filas · az 0°",21-jun,980,49.3544,10.2679,0.0000,17,0.000000e+0,-55,1
1,"Arequipa · cresta 1 · N-S constante 6° · mono · alineadas ×1 · 8 filas · az 0°",21-jun,1000,49.9185,3.2390,0.0000,17,0.000000e+0,-55,1
1,"Arequipa · cresta 1 · N-S constante 6° · mono · alineadas ×1 · 8 filas · az 0°",21-jun,1020,49.8916,356.1171,0.0000,17,0.000000e+0,-55,1
1,"Arequipa · cresta 1 · N-S constante 6° · mono · alineadas ×1 · 8 filas · az 0°",21-jun,1040,49.2748,349.1064,0.0000,17,0.000000e+0,-55,1
1,"Arequipa · cresta 1 · N-S constante 6° · mono · alineadas ×1 · 8 filas · az 0°",21-jun,1060,48.0942,342.3928,0.0000,17,0.000000e+0,-55,1
1,"Arequipa · cresta 1 · N-S constante 6° · mono · alineadas ×1 · 8 filas · az 0°",21-jun,1080,46.3957,336.1165,0.0000,17,0.000000e+0,-55,1
1,"Arequipa · cresta 1 · N-S constante 6° · mono · alineadas ×1 · 8 filas · az 0°",21-jun,1100,44.2372,330.3613,0.0000,17,0.000000e+0,-55,1
1,"Arequipa · cresta 1 · N-S constante 6° · mono · alineadas ×1 · 8 filas · az 0°",21-jun,1120,41.6806,325.1587,0.0000,17,0.000000e+0,-55,1
1,"Arequipa · cresta 1 · N-S constante 6° · mono · alineadas ×1 · 8 filas · az 0°",21-jun,1140,38.7857,320.5000,0.0000,17,0.000000e+0,-55,1
1,"Arequipa · cresta 1 · N-S constante 6° · mono · alineadas ×1 · 8 filas · az 0°",21-jun,1160,35.6071,316.3514,0.0000,17,0.000000e+0,-55,1
1,"Arequipa · cresta 1 · N-S constante 6° · mono · alineadas ×1 · 8 filas · az 0°",21-jun,1180,32.1920,312.6665,0.0000,17,0.000000e+0,-55,1
1,"Arequipa · cresta 1 · N-S constante 6° · mono · alineadas ×1 · 8 filas · az 0°",21-jun,1200,28.5805,309.3944,0.0000,17,0.000000e+0,-55,1
1,"Arequipa · cresta 1 · N-S constante 6° · mono · alineadas ×1 · 8 filas · az 0°",21-jun,1220,24.8063,306.4858,0.0000,17,0.000000e+0,-55,1
1,"Arequipa · cresta 1 · N-S constante 6° · mono · alineadas ×1 · 8 filas · az 0°",21-jun,1240,20.8973,303.8950,0.0000,17,0.000000e+0,-32,1
1,"Arequipa · cresta 1 · N-S constante 6° · mono · alineadas ×1 · 8 filas · az 0°",21-jun,1260,16.8774,301.5817,0.0000,17,0.000000e+0,-19.5,1
1,"Arequipa · cresta 1 · N-S constante 6° · mono · alineadas ×1 · 8 filas · az 0°",21-jun,1280,12.7680,299.5110,0.0000,17,0.000000e+0,-10.5,1
1,"Arequipa · cresta 1 · N-S constante 6° · mono · alineadas ×1 · 8 filas · az 0°",21-jun,1300,8.5930,297.6533,0.0000,17,0.000000e+0,-3,1
1,"Arequipa · cresta 1 · N-S constante 6° · mono · alineadas ×1 · 8 filas · az 0°",21-jun,1320,4.3962,295.9837,0.0000,33,0.000000e+0,1.5,1
1,"Arequipa · cresta 1 · N-S constante 6° · mono · alineadas ×1 · 8 filas · az 0°",21-mar,680,6.1794,87.8345,0.0000,17,0.000000e+0,-14,1
1,"Arequipa · cresta 1 · N-S constante 6° · mono · alineadas ×1 · 8 filas · az 0°",21-mar,700,10.9081,86.3640,0.0000,17,0.000000e+0,-30.5,1
1,"Arequipa · cresta 1 · N-S constante 6° · mono · alineadas ×1 · 8 filas · az 0°",21-mar,720,15.6602,84.8431,0.0000,17,0.000000e+0,-48,1
1,"Arequipa · cresta 1 · N-S constante 6° · mono · alineadas ×1 · 8 filas · az 0°",21-mar,740,20.4114,83.2469,0.0000,17,0.000000e+0,-55,1
1,"Arequipa · cresta 1 · N-S constante 6° · mono · alineadas ×1 · 8 filas · az 0°",21-mar,760,25.1514,81.5460,0.0000,17,0.000000e+0,-55,1
1,"Arequipa · cresta 1 · N-S constante 6° · mono · alineadas ×1 · 8 filas · az 0°",21-mar,780,29.8721,79.7046,0.0000,17,0.000000e+0,-55,1
1,"Arequipa · cresta 1 · N-S constante 6° · mono · alineadas ×1 · 8 filas · az 0°",21-mar,800,34.5652,77.6773,0.0000,17,0.000000e+0,-55,1
1,"Arequipa · cresta 1 · N-S constante 6° · mono · alineadas ×1 · 8 filas · az 0°",21-mar,820,39.2209,75.4045,0.0000,17,0.000000e+0,-55,1
1,"Arequipa · cresta 1 · N-S constante 6° · mono · alineadas ×1 · 8 filas · az 0°",21-mar,840,43.8256,72.8064,0.0000,17,0.000000e+0,-55,1
1,"Arequipa · cresta 1 · N-S constante 6° · mono · alineadas ×1 · 8 filas · az 0°",21-mar,860,48.3608,69.7727,0.0000,17,0.000000e+0,-55,1
1,"Arequipa · cresta 1 · N-S constante 6° · mono · alineadas ×1 · 8 filas · az 0°",21-mar,880,52.7997,66.1475,0.0000,17,0.000000e+0,-55,1
1,"Arequipa · cresta 1 · N-S constante 6° · mono · alineadas ×1 · 8 filas · az 0°",21-mar,900,57.1020,61.7065,0.0000,17,0.000000e+0,-55,1
1,"Arequipa · cresta 1 · N-S constante 6° · mono · alineadas ×1 · 8 filas · az 0°",21-mar,920,61.2050,56.1234,0.0000,17,0.000000e+0,-55,1
1,"Arequipa · cresta 1 · N-S constante 6° · mono · alineadas ×1 · 8 filas · az 0°",21-mar,940,65.0093,48.9323,0.0000,17,0.000000e+0,-55,1
1,"Arequipa · cresta 1 · N-S constante 6° · mono · alineadas ×1 · 8 filas · az 0°",21-mar,960,68.3560,39.5174,0.0000,17,0.000000e+0,-55,1
1,"Arequipa · cresta 1 · N-S constante 6° · mono · alineadas ×1 · 8 filas · az 0°",21-mar,980,71.0006,27.2555,0.0000,17,0.000000e+0,-55,1
1,"Arequipa · cresta 1 · N-S constante 6° · mono · alineadas ×1 · 8 filas · az 0°",21-mar,1000,72.6192,12.0480,0.0000,17,0.000000e+0,-55,1
1,"Arequipa · cresta 1 · N-S constante 6° · mono · alineadas ×1 · 8 filas · az 0°",21-mar,1020,72.9172,355.1449,0.0000,17,0.000000e+0,-55,1
1,"Arequipa · cresta 1 · N-S constante 6° · mono · alineadas ×1 · 8 filas · az 0°",21-mar,1040,71.8293,338.9743,0.0000,17,0.000000e+0,-55,1
1,"Arequipa · cresta 1 · N-S constante 6° · mono · alineadas ×1 · 8 filas · az 0°",21-mar,1060,69.5760,325.4193,0.0000,17,0.000000e+0,-55,1
1,"Arequipa · cresta 1 · N-S constante 6° · mono · alineadas ×1 · 8 filas · az 0°",21-mar,1080,66.4904,314.8661,0.0000,17,0.000000e+0,-55,1
1,"Arequipa · cresta 1 · N-S constante 6° · mono · alineadas ×1 · 8 filas · az 0°",21-mar,1100,62.8553,306.8185,0.0000,17,0.000000e+0,-55,1
1,"Arequipa · cresta 1 · N-S constante 6° · mono · alineadas ×1 · 8 filas · az 0°",21-mar,1120,58.8631,300.6237,0.0000,17,0.000000e+0,-55,1
1,"Arequipa · cresta 1 · N-S constante 6° · mono · alineadas ×1 · 8 filas · az 0°",21-mar,1140,54.6351,295.7491,0.0000,17,0.000000e+0,-55,1
1,"Arequipa · cresta 1 · N-S constante 6° · mono · alineadas ×1 · 8 filas · az 0°",21-mar,1160,50.2473,291.8140,0.0000,17,0.000000e+0,-55,1
1,"Arequipa · cresta 1 · N-S constante 6° · mono · alineadas ×1 · 8 filas · az 0°",21-mar,1180,45.7481,288.5555,0.0000,17,0.000000e+0,-55,1
1,"Arequipa · cresta 1 · N-S constante 6° · mono · alineadas ×1 · 8 filas · az 0°",21-mar,1200,41.1691,285.7922,0.0000,17,0.000000e+0,-55,1
1,"Arequipa · cresta 1 · N-S constante 6° · mono · alineadas ×1 · 8 filas · az 0°",21-mar,1220,36.5321,283.3969,0.0000,17,0.000000e+0,-55,1
1,"Arequipa · cresta 1 · N-S constante 6° · mono · alineadas ×1 · 8 filas · az 0°",21-mar,1240,31.8523,281.2784,0.0000,17,0.000000e+0,-55,1
1,"Arequipa · cresta 1 · N-S constante 6° · mono · alineadas ×1 · 8 filas · az 0°",21-mar,1260,27.1408,279.3695,0.0000,17,0.000000e+0,-55,1
1,"Arequipa · cresta 1 · N-S constante 6° · mono · alineadas ×1 · 8 filas · az 0°",21-mar,1280,22.4065,277.6197,0.0000,17,0.000000e+0,-34,1
1,"Arequipa · cresta 1 · N-S constante 6° · mono · alineadas ×1 · 8 filas · az 0°",21-mar,1300,17.6572,275.9894,0.0000,17,0.000000e+0,-21.5,1
1,"Arequipa · cresta 1 · N-S constante 6° · mono · alineadas ×1 · 8 filas · az 0°",21-mar,1320,12.9018,274.4469,0.0000,17,0.000000e+0,-12.5,1
1,"Arequipa · cresta 1 · N-S constante 6° · mono · alineadas ×1 · 8 filas · az 0°",21-mar,1340,8.1561,272.9659,0.0000,17,0.000000e+0,-5,1
1,"Arequipa · cresta 1 · N-S constante 6° · mono · alineadas ×1 · 8 filas · az 0°",21-mar,1360,3.4752,271.5234,0.0000,33,0.000000e+0,2,1
1,"Arequipa · cresta 1 · N-S constante 6° · mono · alineadas ×1 · 8 filas · az 0°",21-dic,640,5.5090,112.8863,0.0000,33,0.000000e+0,-23,1
1,"Arequipa · cresta 1 · N-S constante 6° · mono · alineadas ×1 · 8 filas · az 0°",21-dic,660,9.8795,111.6997,0.0000,17,0.000000e+0,-39,1
1,"Arequipa · cresta 1 · N-S constante 6° · mono · alineadas ×1 · 8 filas · az 0°",21-dic,680,14.3190,110.6399,0.0000,17,0.000000e+0,-55,1
1,"Arequipa · cresta 1 · N-S constante 6° · mono · alineadas ×1 · 8 filas · az 0°",21-dic,700,18.8002,109.7012,0.0000,17,0.000000e+0,-55,1
1,"Arequipa · cresta 1 · N-S constante 6° · mono · alineadas ×1 · 8 filas · az 0°",21-dic,720,23.3118,108.8811,0.0000,17,0.000000e+0,-55,1
1,"Arequipa · cresta 1 · N-S constante 6° · mono · alineadas ×1 · 8 filas · az 0°",21-dic,740,27.8469,108.1807,0.0000,17,0.000000e+0,-55,1
1,"Arequipa · cresta 1 · N-S constante 6° · mono · alineadas ×1 · 8 filas · az 0°",21-dic,760,32.4005,107.6058,0.0000,17,0.000000e+0,-55,1
1,"Arequipa · cresta 1 · N-S constante 6° · mono · alineadas ×1 · 8 filas · az 0°",21-dic,780,36.9680,107.1676,0.0000,17,0.000000e+0,-55,1
1,"Arequipa · cresta 1 · N-S constante 6° · mono · alineadas ×1 · 8 filas · az 0°",21-dic,800,41.5453,106.8854,0.0000,17,0.000000e+0,-55,1
1,"Arequipa · cresta 1 · N-S constante 6° · mono · alineadas ×1 · 8 filas · az 0°",21-dic,820,46.1277,106.7892,0.0000,17,0.000000e+0,-55,1
1,"Arequipa · cresta 1 · N-S constante 6° · mono · alineadas ×1 · 8 filas · az 0°",21-dic,840,50.7102,106.9266,0.0000,17,0.000000e+0,-55,1
1,"Arequipa · cresta 1 · N-S constante 6° · mono · alineadas ×1 · 8 filas · az 0°",21-dic,860,55.2860,107.3727,0.0000,17,0.000000e+0,-55,1
1,"Arequipa · cresta 1 · N-S constante 6° · mono · alineadas ×1 · 8 filas · az 0°",21-dic,880,59.8457,108.2507,0.0000,17,0.000000e+0,-55,1
1,"Arequipa · cresta 1 · N-S constante 6° · mono · alineadas ×1 · 8 filas · az 0°",21-dic,900,64.3745,109.7715,0.0000,17,0.000000e+0,-55,1
1,"Arequipa · cresta 1 · N-S constante 6° · mono · alineadas ×1 · 8 filas · az 0°",21-dic,920,68.8464,112.3221,0.0000,17,0.000000e+0,-55,1
1,"Arequipa · cresta 1 · N-S constante 6° · mono · alineadas ×1 · 8 filas · az 0°",21-dic,940,73.2097,116.6755,0.0000,17,0.000000e+0,-55,1
1,"Arequipa · cresta 1 · N-S constante 6° · mono · alineadas ×1 · 8 filas · az 0°",21-dic,960,77.3452,124.5416,0.0000,17,0.000000e+0,-55,1
1,"Arequipa · cresta 1 · N-S constante 6° · mono · alineadas ×1 · 8 filas · az 0°",21-dic,980,80.9293,139.9625,0.0000,17,0.000000e+0,-55,1
1,"Arequipa · cresta 1 · N-S constante 6° · mono · alineadas ×1 · 8 filas · az 0°",21-dic,1000,83.0437,169.7235,0.0000,17,0.000000e+0,-55,1
1,"Arequipa · cresta 1 · N-S constante 6° · mono · alineadas ×1 · 8 filas · az 0°",21-dic,1020,82.3507,206.0083,0.0000,17,0.000000e+0,-55,1
1,"Arequipa · cresta 1 · N-S constante 6° · mono · alineadas ×1 · 8 filas · az 0°",21-dic,1040,79.3872,228.4830,0.0000,17,0.000000e+0,-55,1
1,"Arequipa · cresta 1 · N-S constante 6° · mono · alineadas ×1 · 8 filas · az 0°",21-dic,1060,75.4845,239.6903,0.0000,17,0.000000e+0,-55,1
1,"Arequipa · cresta 1 · N-S constante 6° · mono · alineadas ×1 · 8 filas · az 0°",21-dic,1080,71.2217,245.6266,0.0000,17,0.000000e+0,-55,1
1,"Arequipa · cresta 1 · N-S constante 6° · mono · alineadas ×1 · 8 filas · az 0°",21-dic,1100,66.7992,249.0147,0.0000,17,0.000000e+0,-55,1
1,"Arequipa · cresta 1 · N-S constante 6° · mono · alineadas ×1 · 8 filas · az 0°",21-dic,1120,62.2968,251.0263,0.0000,17,0.000000e+0,-55,1
1,"Arequipa · cresta 1 · N-S constante 6° · mono · alineadas ×1 · 8 filas · az 0°",21-dic,1140,57.7514,252.2170,0.0000,17,0.000000e+0,-55,1
1,"Arequipa · cresta 1 · N-S constante 6° · mono · alineadas ×1 · 8 filas · az 0°",21-dic,1160,53.1829,252.8767,0.0000,17,0.000000e+0,-55,1
1,"Arequipa · cresta 1 · N-S constante 6° · mono · alineadas ×1 · 8 filas · az 0°",21-dic,1180,48.6031,253.1691,0.0000,17,0.000000e+0,-55,1
1,"Arequipa · cresta 1 · N-S constante 6° · mono · alineadas ×1 · 8 filas · az 0°",21-dic,1200,44.0199,253.1917,0.0000,17,0.000000e+0,-55,1
1,"Arequipa · cresta 1 · N-S constante 6° · mono · alineadas ×1 · 8 filas · az 0°",21-dic,1220,39.4393,253.0053,0.0000,17,0.000000e+0,-55,1
1,"Arequipa · cresta 1 · N-S constante 6° · mono · alineadas ×1 · 8 filas · az 0°",21-dic,1240,34.8660,252.6483,0.0000,17,0.000000e+0,-55,1
1,"Arequipa · cresta 1 · N-S constante 6° · mono · alineadas ×1 · 8 filas · az 0°",21-dic,1260,30.3044,252.1454,0.0000,17,0.000000e+0,-55,1
1,"Arequipa · cresta 1 · N-S constante 6° · mono · alineadas ×1 · 8 filas · az 0°",21-dic,1280,25.7587,251.5118,0.0000,17,0.000000e+0,-55,1
1,"Arequipa · cresta 1 · N-S constante 6° · mono · alineadas ×1 · 8 filas · az 0°",21-dic,1300,21.2337,250.7559,0.0000,17,0.000000e+0,-42.5,1
1,"Arequipa · cresta 1 · N-S constante 6° · mono · alineadas ×1 · 8 filas · az 0°",21-dic,1320,16.7351,249.8813,0.0000,17,0.000000e+0,-27.5,1
1,"Arequipa · cresta 1 · N-S constante 6° · mono · alineadas ×1 · 8 filas · az 0°",21-dic,1340,12.2712,248.8874,0.0000,17,0.000000e+0,-18,1
1,"Arequipa · cresta 1 · N-S constante 6° · mono · alineadas ×1 · 8 filas · az 0°",21-dic,1360,7.8581,247.7702,0.0000,17,0.000000e+0,-10,1
1,"Arequipa · cresta 1 · N-S constante 6° · mono · alineadas ×1 · 8 filas · az 0°",21-dic,1380,3.5464,246.5223,0.0000,33,0.000000e+0,-2.5,1
2,"Zaragoza · aleatorio 7 · N-S rotula 2° · mono · alineadas ×1 · 10 filas · az 0°",21-jun,300,4.3153,62.0288,0.0000,33,0.000000e+0,-6,1
2,"Zaragoza · aleatorio 7 · N-S rotula 2° · mono · alineadas ×1 · 10 filas · az 0°",21-jun,320,7.5953,65.1785,0.0000,17,0.000000e+0,-12.5,1
2,"Zaragoza · aleatorio 7 · N-S rotula 2° · mono · alineadas ×1 · 10 filas · az 0°",21-jun,340,10.9965,68.2578,0.0000,17,0.000000e+0,-25,1
2,"Zaragoza · aleatorio 7 · N-S rotula 2° · mono · alineadas ×1 · 10 filas · az 0°",21-jun,360,14.4858,71.2858,0.0000,17,0.000000e+0,-37.5,1
2,"Zaragoza · aleatorio 7 · N-S rotula 2° · mono · alineadas ×1 · 10 filas · az 0°",21-jun,380,18.0452,74.2827,0.0000,17,0.000000e+0,-51,1
2,"Zaragoza · aleatorio 7 · N-S rotula 2° · mono · alineadas ×1 · 10 filas · az 0°",21-jun,400,21.6612,77.2704,0.0000,17,0.000000e+0,-55,1
2,"Zaragoza · aleatorio 7 · N-S rotula 2° · mono · alineadas ×1 · 10 filas · az 0°",21-jun,420,25.3226,80.2731,0.0000,17,0.000000e+0,-55,1
2,"Zaragoza · aleatorio 7 · N-S rotula 2° · mono · alineadas ×1 · 10 filas · az 0°",21-jun,440,29.0187,83.3183,0.0000,17,0.000000e+0,-55,1
2,"Zaragoza · aleatorio 7 · N-S rotula 2° · mono · alineadas ×1 · 10 filas · az 0°",21-jun,460,32.7391,86.4376,0.0000,17,0.000000e+0,-55,1
2,"Zaragoza · aleatorio 7 · N-S rotula 2° · mono · alineadas ×1 · 10 filas · az 0°",21-jun,480,36.4729,89.6687,0.0000,17,0.000000e+0,-55,1
2,"Zaragoza · aleatorio 7 · N-S rotula 2° · mono · alineadas ×1 · 10 filas · az 0°",21-jun,500,40.2084,93.0578,0.0000,17,0.000000e+0,-55,1
2,"Zaragoza · aleatorio 7 · N-S rotula 2° · mono · alineadas ×1 · 10 filas · az 0°",21-jun,520,43.9319,96.6624,0.0000,17,0.000000e+0,-55,1
2,"Zaragoza · aleatorio 7 · N-S rotula 2° · mono · alineadas ×1 · 10 filas · az 0°",21-jun,540,47.6271,100.5563,0.0000,17,0.000000e+0,-55,1
2,"Zaragoza · aleatorio 7 · N-S rotula 2° · mono · alineadas ×1 · 10 filas · az 0°",21-jun,560,51.2734,104.8355,0.0000,17,0.000000e+0,-55,1
2,"Zaragoza · aleatorio 7 · N-S rotula 2° · mono · alineadas ×1 · 10 filas · az 0°",21-jun,580,54.8437,109.6272,0.0000,17,0.000000e+0,-55,1
2,"Zaragoza · aleatorio 7 · N-S rotula 2° · mono · alineadas ×1 · 10 filas · az 0°",21-jun,600,58.3011,115.1015,0.0000,17,0.000000e+0,-55,1
2,"Zaragoza · aleatorio 7 · N-S rotula 2° · mono · alineadas ×1 · 10 filas · az 0°",21-jun,620,61.5938,121.4838,0.0000,17,0.000000e+0,-55,1
2,"Zaragoza · aleatorio 7 · N-S rotula 2° · mono · alineadas ×1 · 10 filas · az 0°",21-jun,640,64.6480,129.0638,0.0000,17,0.000000e+0,-55,1
2,"Zaragoza · aleatorio 7 · N-S rotula 2° · mono · alineadas ×1 · 10 filas · az 0°",21-jun,660,67.3579,138.1801,0.0000,17,0.000000e+0,-55,1
2,"Zaragoza · aleatorio 7 · N-S rotula 2° · mono · alineadas ×1 · 10 filas · az 0°",21-jun,680,69.5784,149.1387,0.0000,17,0.000000e+0,-55,1
2,"Zaragoza · aleatorio 7 · N-S rotula 2° · mono · alineadas ×1 · 10 filas · az 0°",21-jun,700,71.1301,162.0059,0.0000,17,0.000000e+0,-55,1
2,"Zaragoza · aleatorio 7 · N-S rotula 2° · mono · alineadas ×1 · 10 filas · az 0°",21-jun,720,71.8368,176.3074,0.0000,17,0.000000e+0,-55,1
2,"Zaragoza · aleatorio 7 · N-S rotula 2° · mono · alineadas ×1 · 10 filas · az 0°",21-jun,740,71.5993,190.9409,0.0000,17,0.000000e+0,-55,1
2,"Zaragoza · aleatorio 7 · N-S rotula 2° · mono · alineadas ×1 · 10 filas · az 0°",21-jun,760,70.4524,204.6300,0.0000,17,0.000000e+0,-55,1
2,"Zaragoza · aleatorio 7 · N-S rotula 2° · mono · alineadas ×1 · 10 filas · az 0°",21-jun,780,68.5438,216.5649,0.0000,17,0.000000e+0,-55,1
2,"Zaragoza · aleatorio 7 · N-S rotula 2° · mono · alineadas ×1 · 10 filas · az 0°",21-jun,800,66.0587,226.5756,0.0000,17,0.000000e+0,-55,1
2,"Zaragoza · aleatorio 7 · N-S rotula 2° · mono · alineadas ×1 · 10 filas · az 0°",21-jun,820,63.1617,234.8830,0.0000,17,0.000000e+0,-55,1
2,"Zaragoza · aleatorio 7 · N-S rotula 2° · mono · alineadas ×1 · 10 filas · az 0°",21-jun,840,59.9777,241.8261,0.0000,17,0.000000e+0,-55,1
2,"Zaragoza · aleatorio 7 · N-S rotula 2° · mono · alineadas ×1 · 10 filas · az 0°",21-jun,860,56.5952,247.7238,0.0000,17,0.000000e+0,-55,1
2,"Zaragoza · aleatorio 7 · N-S rotula 2° · mono · alineadas ×1 · 10 filas · az 0°",21-jun,880,53.0761,252.8336,0.0000,17,0.000000e+0,-55,1
2,"Zaragoza · aleatorio 7 · N-S rotula 2° · mono · alineadas ×1 · 10 filas · az 0°",21-jun,900,49.4641,257.3516,0.0000,17,0.000000e+0,-55,1
2,"Zaragoza · aleatorio 7 · N-S rotula 2° · mono · alineadas ×1 · 10 filas · az 0°",21-jun,920,45.7905,261.4251,0.0000,17,0.000000e+0,-55,1
2,"Zaragoza · aleatorio 7 · N-S rotula 2° · mono · alineadas ×1 · 10 filas · az 0°",21-jun,940,42.0789,265.1644,0.0000,17,0.000000e+0,-55,1
2,"Zaragoza · aleatorio 7 · N-S rotula 2° · mono · alineadas ×1 · 10 filas · az 0°",21-jun,960,38.3476,268.6535,0.0000,17,0.000000e+0,-55,1
2,"Zaragoza · aleatorio 7 · N-S rotula 2° · mono · alineadas ×1 · 10 filas · az 0°",21-jun,980,34.6113,271.9575,0.0000,17,0.000000e+0,-55,1
2,"Zaragoza · aleatorio 7 · N-S rotula 2° · mono · alineadas ×1 · 10 filas · az 0°",21-jun,1000,30.8827,275.1277,0.0000,17,0.000000e+0,-55,1
2,"Zaragoza · aleatorio 7 · N-S rotula 2° · mono · alineadas ×1 · 10 filas · az 0°",21-jun,1020,27.1731,278.2058,0.0000,17,0.000000e+0,-36,1
2,"Zaragoza · aleatorio 7 · N-S rotula 2° · mono · alineadas ×1 · 10 filas · az 0°",21-jun,1040,23.4930,281.2261,0.0000,17,0.000000e+0,-24.5,1
2,"Zaragoza · aleatorio 7 · N-S rotula 2° · mono · alineadas ×1 · 10 filas · az 0°",21-jun,1060,19.8529,284.2181,0.0000,17,0.000000e+0,-16.5,1
2,"Zaragoza · aleatorio 7 · N-S rotula 2° · mono · alineadas ×1 · 10 filas · az 0°",21-jun,1080,16.2635,287.2075,0.0000,17,0.000000e+0,-9.5,1
2,"Zaragoza · aleatorio 7 · N-S rotula 2° · mono · alineadas ×1 · 10 filas · az 0°",21-jun,1100,12.7372,290.2173,0.0000,17,0.000000e+0,-4,1
2,"Zaragoza · aleatorio 7 · N-S rotula 2° · mono · alineadas ×1 · 10 filas · az 0°",21-jun,1120,9.2889,293.2684,0.0000,17,0.000000e+0,1.5,1
2,"Zaragoza · aleatorio 7 · N-S rotula 2° · mono · alineadas ×1 · 10 filas · az 0°",21-jun,1140,5.9421,296.3805,0.0000,33,0.000000e+0,6.5,1
2,"Zaragoza · aleatorio 7 · N-S rotula 2° · mono · alineadas ×1 · 10 filas · az 0°",21-jun,1160,2.7509,299.5720,0.0000,33,0.000000e+0,2.5,1
2,"Zaragoza · aleatorio 7 · N-S rotula 2° · mono · alineadas ×1 · 10 filas · az 0°",21-mar,380,2.2529,91.3999,0.0000,33,0.000000e+0,-3,1
2,"Zaragoza · aleatorio 7 · N-S rotula 2° · mono · alineadas ×1 · 10 filas · az 0°",21-mar,400,5.8504,94.7292,0.0000,33,0.000000e+0,-7.5,1
2,"Zaragoza · aleatorio 7 · N-S rotula 2° · mono · alineadas ×1 · 10 filas · az 0°",21-mar,420,9.5200,98.1006,0.0000,17,0.000000e+0,-17,1
2,"Zaragoza · aleatorio 7 · N-S rotula 2° · mono · alineadas ×1 · 10 filas · az 0°",21-mar,440,13.1842,101.5436,0.0000,17,0.000000e+0,-31,1
2,"Zaragoza · aleatorio 7 · N-S rotula 2° · mono · alineadas ×1 · 10 filas · az 0°",21-mar,460,16.8132,105.0894,0.0000,17,0.000000e+0,-45.5,1
2,"Zaragoza · aleatorio 7 · N-S rotula 2° · mono · alineadas ×1 · 10 filas · az 0°",21-mar,480,20.3859,108.7709,0.0000,17,0.000000e+0,-55,1
2,"Zaragoza · aleatorio 7 · N-S rotula 2° · mono · alineadas ×1 · 10 filas · az 0°",21-mar,500,23.8823,112.6235,0.0000,17,0.000000e+0,-55,1
2,"Zaragoza · aleatorio 7 · N-S rotula 2° · mono · alineadas ×1 · 10 filas · az 0°",21-mar,520,27.2812,116.6855,0.0000,17,0.000000e+0,-55,1
2,"Zaragoza · aleatorio 7 · N-S rotula 2° · mono · alineadas ×1 · 10 filas · az 0°",21-mar,540,30.5584,120.9974,0.0000,17,0.000000e+0,-55,1
2,"Zaragoza · aleatorio 7 · N-S rotula 2° · mono · alineadas ×1 · 10 filas · az 0°",21-mar,560,33.6866,125.6019,0.0000,17,0.000000e+0,-55,1
2,"Zaragoza · aleatorio 7 · N-S rotula 2° · mono · alineadas ×1 · 10 filas · az 0°",21-mar,580,36.6339,130.5419,0.0000,17,0.000000e+0,-55,1
2,"Zaragoza · aleatorio 7 · N-S rotula 2° · mono · alineadas ×1 · 10 filas · az 0°",21-mar,600,39.3642,135.8579,0.0000,17,0.000000e+0,-55,1
2,"Zaragoza · aleatorio 7 · N-S rotula 2° · mono · alineadas ×1 · 10 filas · az 0°",21-mar,620,41.8362,141.5831,0.0000,17,0.000000e+0,-55,1
2,"Zaragoza · aleatorio 7 · N-S rotula 2° · mono · alineadas ×1 · 10 filas · az 0°",21-mar,640,44.0046,147.7369,0.0000,17,0.000000e+0,-55,1
2,"Zaragoza · aleatorio 7 · N-S rotula 2° · mono · alineadas ×1 · 10 filas · az 0°",21-mar,660,45.8219,154.3164,0.0000,17,0.000000e+0,-55,1
2,"Zaragoza · aleatorio 7 · N-S rotula 2° · mono · alineadas ×1 · 10 filas · az 0°",21-mar,680,47.2408,161.2877,0.0000,17,0.000000e+0,-55,1
2,"Zaragoza · aleatorio 7 · N-S rotula 2° · mono · alineadas ×1 · 10 filas · az 0°",21-mar,700,48.2189,168.5799,0.0000,17,0.000000e+0,-55,1
2,"Zaragoza · aleatorio 7 · N-S rotula 2° · mono · alineadas ×1 · 10 filas · az 0°",21-mar,720,48.7237,176.0853,0.0000,17,0.000000e+0,-55,1
2,"Zaragoza · aleatorio 7 · N-S rotula 2° · mono · alineadas ×1 · 10 filas · az 0°",21-mar,740,48.7373,183.6681,0.0000,17,0.000000e+0,-55,1
2,"Zaragoza · aleatorio 7 · N-S rotula 2° · mono · alineadas ×1 · 10 filas · az 0°",21-mar,760,48.2591,191.1814,0.0000,17,0.000000e+0,-55,1
2,"Zaragoza · aleatorio 7 · N-S rotula 2° · mono · alineadas ×1 · 10 filas · az 0°",21-mar,780,47.3064,198.4885,0.0000,17,0.000000e+0,-55,1
2,"Zaragoza · aleatorio 7 · N-S rotula 2° · mono · alineadas ×1 · 10 filas · az 0°",21-mar,800,45.9109,205.4797,0.0000,17,0.000000e+0,-55,1
2,"Zaragoza · aleatorio 7 · N-S rotula 2° · mono · alineadas ×1 · 10 filas · az 0°",21-mar,820,44.1149,212.0823,0.0000,17,0.000000e+0,-55,1
2,"Zaragoza · aleatorio 7 · N-S rotula 2° · mono · alineadas ×1 · 10 filas · az 0°",21-mar,840,41.9653,218.2604,0.0000,17,0.000000e+0,-55,1
2,"Zaragoza · aleatorio 7 · N-S rotula 2° · mono · alineadas ×1 · 10 filas · az 0°",21-mar,860,39.5099,224.0098,0.0000,17,0.000000e+0,-55,1
2,"Zaragoza · aleatorio 7 · N-S rotula 2° · mono · alineadas ×1 · 10 filas · az 0°",21-mar,880,36.7942,229.3489,0.0000,17,0.000000e+0,-55,1
2,"Zaragoza · aleatorio 7 · N-S rotula 2° · mono · alineadas ×1 · 10 filas · az 0°",21-mar,900,33.8596,234.3105,0.0000,17,0.000000e+0,-55,1
2,"Zaragoza · aleatorio 7 · N-S rotula 2° · mono · alineadas ×1 · 10 filas · az 0°",21-mar,920,30.7428,238.9347,0.0000,17,0.000000e+0,-55,1
2,"Zaragoza · aleatorio 7 · N-S rotula 2° · mono · alineadas ×1 · 10 filas · az 0°",21-mar,940,27.4756,243.2645,0.0000,17,0.000000e+0,-55,1
2,"Zaragoza · aleatorio 7 · N-S rotula 2° · mono · alineadas ×1 · 10 filas · az 0°",21-mar,960,24.0859,247.3426,0.0000,17,0.000000e+0,-30.5,1
2,"Zaragoza · aleatorio 7 · N-S rotula 2° · mono · alineadas ×1 · 10 filas · az 0°",21-mar,980,20.5978,251.2099,0.0000,17,0.000000e+0,-19,1
2,"Zaragoza · aleatorio 7 · N-S rotula 2° · mono · alineadas ×1 · 10 filas · az 0°",21-mar,1000,17.0327,254.9045,0.0000,17,0.000000e+0,-11,1
2,"Zaragoza · aleatorio 7 · N-S rotula 2° · mono · alineadas ×1 · 10 filas · az 0°",21-mar,1020,13.4108,258.4622,0.0000,17,0.000000e+0,-4,1
2,"Zaragoza · aleatorio 7 · N-S rotula 2° · mono · alineadas ×1 · 10 filas · az 0°",21-mar,1040,9.7530,261.9160,0.0000,17,0.000000e+0,2,1
2,"Zaragoza · aleatorio 7 · N-S rotula 2° · mono · alineadas ×1 · 10 filas · az 0°",21-mar,1060,6.0879,265.2972,0.0000,17,0.000000e+0,6,1
2,"Zaragoza · aleatorio 7 · N-S rotula 2° · mono · alineadas ×1 · 10 filas · az 0°",21-mar,1080,2.4866,268.6354,0.0000,33,0.000000e+0,0.5,1
2,"Zaragoza · aleatorio 7 · N-S rotula 2° · mono · alineadas ×1 · 10 filas · az 0°",21-dic,480,4.5444,126.9401,0.0000,33,0.000000e+0,-7.5,1
2,"Zaragoza · aleatorio 7 · N-S rotula 2° · mono · alineadas ×1 · 10 filas · az 0°",21-dic,500,7.4023,130.4970,0.0000,17,0.000000e+0,-17.5,1
2,"Zaragoza · aleatorio 7 · N-S rotula 2° · mono · alineadas ×1 · 10 filas · az 0°",21-dic,520,10.1358,134.1991,0.0000,17,0.000000e+0,-33,1
2,"Zaragoza · aleatorio 7 · N-S rotula 2° · mono · alineadas ×1 · 10 filas · az 0°",21-dic,540,12.7098,138.0581,0.0000,17,0.000000e+0,-50.5,1
2,"Zaragoza · aleatorio 7 · N-S rotula 2° · mono · alineadas ×1 · 10 filas · az 0°",21-dic,560,15.0987,142.0828,0.0000,17,0.000000e+0,-55,1
2,"Zaragoza · aleatorio 7 · N-S rotula 2° · mono · alineadas ×1 · 10 filas · az 0°",21-dic,580,17.2795,146.2782,0.0000,17,0.000000e+0,-55,1
2,"Zaragoza · aleatorio 7 · N-S rotula 2° · mono · alineadas ×1 · 10 filas · az 0°",21-dic,600,19.2301,150.6447,0.0000,17,0.000000e+0,-55,1
2,"Zaragoza · aleatorio 7 · N-S rotula 2° · mono · alineadas ×1 · 10 filas · az 0°",21-dic,620,20.9291,155.1771,0.0000,17,0.000000e+0,-55,1
2,"Zaragoza · aleatorio 7 · N-S rotula 2° · mono · alineadas ×1 · 10 filas · az 0°",21-dic,640,22.3561,159.8636,0.0000,17,0.000000e+0,-55,1
2,"Zaragoza · aleatorio 7 · N-S rotula 2° · mono · alineadas ×1 · 10 filas · az 0°",21-dic,660,23.4927,164.6856,0.0000,17,0.000000e+0,-55,1
2,"Zaragoza · aleatorio 7 · N-S rotula 2° · mono · alineadas ×1 · 10 filas · az 0°",21-dic,680,24.3230,169.6174,0.0000,17,0.000000e+0,-55,1
2,"Zaragoza · aleatorio 7 · N-S rotula 2° · mono · alineadas ×1 · 10 filas · az 0°",21-dic,700,24.8347,174.6273,0.0000,17,0.000000e+0,-55,1
2,"Zaragoza · aleatorio 7 · N-S rotula 2° · mono · alineadas ×1 · 10 filas · az 0°",21-dic,720,25.0202,179.6788,0.0000,17,0.000000e+0,-55,1
2,"Zaragoza · aleatorio 7 · N-S rotula 2° · mono · alineadas ×1 · 10 filas · az 0°",21-dic,740,24.8764,184.7327,0.0000,17,0.000000e+0,-55,1
2,"Zaragoza · aleatorio 7 · N-S rotula 2° · mono · alineadas ×1 · 10 filas · az 0°",21-dic,760,24.4057,189.7500,0.0000,17,0.000000e+0,-55,1
2,"Zaragoza · aleatorio 7 · N-S rotula 2° · mono · alineadas ×1 · 10 filas · az 0°",21-dic,780,23.6152,194.6936,0.0000,17,0.000000e+0,-55,1
2,"Zaragoza · aleatorio 7 · N-S rotula 2° · mono · alineadas ×1 · 10 filas · az 0°",21-dic,800,22.5166,199.5310,0.0000,17,0.000000e+0,-55,1
2,"Zaragoza · aleatorio 7 · N-S rotula 2° · mono · alineadas ×1 · 10 filas · az 0°",21-dic,820,21.1254,204.2358,0.0000,17,0.000000e+0,-55,1
2,"Zaragoza · aleatorio 7 · N-S rotula 2° · mono · alineadas ×1 · 10 filas · az 0°",21-dic,840,19.4598,208.7885,0.0000,17,0.000000e+0,-55,1
2,"Zaragoza · aleatorio 7 · N-S rotula 2° · mono · alineadas ×1 · 10 filas · az 0°",21-dic,860,17.5399,213.1765,0.0000,17,0.000000e+0,-55,1
2,"Zaragoza · aleatorio 7 · N-S rotula 2° · mono · alineadas ×1 · 10 filas · az 0°",21-dic,880,15.3871,217.3936,0.0000,17,0.000000e+0,-26,1
2,"Zaragoza · aleatorio 7 · N-S rotula 2° · mono · alineadas ×1 · 10 filas · az 0°",21-dic,900,13.0234,221.4397,0.0000,17,0.000000e+0,-14,1
2,"Zaragoza · aleatorio 7 · N-S rotula 2° · mono · alineadas ×1 · 10 filas · az 0°",21-dic,920,10.4715,225.3193,0.0000,17,0.000000e+0,-5.5,1
2,"Zaragoza · aleatorio 7 · N-S rotula 2° · mono · alineadas ×1 · 10 filas · az 0°",21-dic,940,7.7566,229.0407,0.0000,17,0.000000e+0,1.5,1
2,"Zaragoza · aleatorio 7 · N-S rotula 2° · mono · alineadas ×1 · 10 filas · az 0°",21-dic,960,4.9112,232.6152,0.0000,33,0.000000e+0,6,1
2,"Zaragoza · aleatorio 7 · N-S rotula 2° · mono · alineadas ×1 · 10 filas · az 0°",21-dic,980,2.0112,236.0562,0.0000,33,0.000000e+0,0.5,1
3,"Arequipa · aleatorio 13 · N-S senoidal 4° · bifila · bagnarelli ×2 · 6 filas · az 0°",21-jun,700,4.7742,63.8712,3.4641,56,1.127829e-2,-5.5,0
3,"Arequipa · aleatorio 13 · N-S senoidal 4° · bifila · bagnarelli ×2 · 6 filas · az 0°",21-jun,720,8.9729,62.1856,3.4641,28,0.000000e+0,-11,1
3,"Arequipa · aleatorio 13 · N-S senoidal 4° · bifila · bagnarelli ×2 · 6 filas · az 0°",21-jun,740,13.1432,60.3097,3.4641,28,0.000000e+0,-16,1
3,"Arequipa · aleatorio 13 · N-S senoidal 4° · bifila · bagnarelli ×2 · 6 filas · az 0°",21-jun,760,17.2453,58.2184,3.4641,28,0.000000e+0,-23,1
3,"Arequipa · aleatorio 13 · N-S senoidal 4° · bifila · bagnarelli ×2 · 6 filas · az 0°",21-jun,780,21.2561,55.8815,3.4641,28,0.000000e+0,-26,1
3,"Arequipa · aleatorio 13 · N-S senoidal 4° · bifila · bagnarelli ×2 · 6 filas · az 0°",21-jun,800,25.1539,53.2637,3.4641,28,1.464228e-2,-31.5,0
3,"Arequipa · aleatorio 13 · N-S senoidal 4° · bifila · bagnarelli ×2 · 6 filas · az 0°",21-jun,820,28.9146,50.3241,3.4641,28,0.000000e+0,-38,1
3,"Arequipa · aleatorio 13 · N-S senoidal 4° · bifila · bagnarelli ×2 · 6 filas · az 0°",21-jun,840,32.5098,47.0168,3.4641,28,0.000000e+0,-55,1
3,"Arequipa · aleatorio 13 · N-S senoidal 4° · bifila · bagnarelli ×2 · 6 filas · az 0°",21-jun,860,35.9052,43.2920,3.4641,28,0.000000e+0,-55,1
3,"Arequipa · aleatorio 13 · N-S senoidal 4° · bifila · bagnarelli ×2 · 6 filas · az 0°",21-jun,880,39.0602,39.0991,3.4641,28,0.000000e+0,-55,1
3,"Arequipa · aleatorio 13 · N-S senoidal 4° · bifila · bagnarelli ×2 · 6 filas · az 0°",21-jun,900,41.9268,34.3923,3.4641,28,0.000000e+0,-55,1
3,"Arequipa · aleatorio 13 · N-S senoidal 4° · bifila · bagnarelli ×2 · 6 filas · az 0°",21-jun,920,44.4499,29.1395,3.4641,28,0.000000e+0,-55,1
3,"Arequipa · aleatorio 13 · N-S senoidal 4° · bifila · bagnarelli ×2 · 6 filas · az 0°",21-jun,940,46.5693,23.3352,3.4641,28,0.000000e+0,-55,1
3,"Arequipa · aleatorio 13 · N-S senoidal 4° · bifila · bagnarelli ×2 · 6 filas · az 0°",21-jun,960,48.2231,17.0150,3.4641,28,0.000000e+0,-55,1
3,"Arequipa · aleatorio 13 · N-S senoidal 4° · bifila · bagnarelli ×2 · 6 filas · az 0°",21-jun,980,49.3544,10.2679,3.4641,28,0.000000e+0,-55,1
3,"Arequipa · aleatorio 13 · N-S senoidal 4° · bifila · bagnarelli ×2 · 6 filas · az 0°",21-jun,1000,49.9185,3.2390,3.4641,28,0.000000e+0,-55,1
3,"Arequipa · aleatorio 13 · N-S senoidal 4° · bifila · bagnarelli ×2 · 6 filas · az 0°",21-jun,1020,49.8916,356.1171,3.4641,28,0.000000e+0,-55,1
3,"Arequipa · aleatorio 13 · N-S senoidal 4° · bifila · bagnarelli ×2 · 6 filas · az 0°",21-jun,1040,49.2748,349.1064,3.4641,28,0.000000e+0,-55,1
3,"Arequipa · aleatorio 13 · N-S senoidal 4° · bifila · bagnarelli ×2 · 6 filas · az 0°",21-jun,1060,48.0942,342.3928,3.4641,28,0.000000e+0,-55,1
3,"Arequipa · aleatorio 13 · N-S senoidal 4° · bifila · bagnarelli ×2 · 6 filas · az 0°",21-jun,1080,46.3957,336.1165,3.4641,28,0.000000e+0,-55,1
3,"Arequipa · aleatorio 13 · N-S senoidal 4° · bifila · bagnarelli ×2 · 6 filas · az 0°",21-jun,1100,44.2372,330.3613,3.4641,28,0.000000e+0,-55,1
3,"Arequipa · aleatorio 13 · N-S senoidal 4° · bifila · bagnarelli ×2 · 6 filas · az 0°",21-jun,1120,41.6806,325.1587,3.4641,28,0.000000e+0,-55,1
3,"Arequipa · aleatorio 13 · N-S senoidal 4° · bifila · bagnarelli ×2 · 6 filas · az 0°",21-jun,1140,38.7857,320.5000,3.4641,28,0.000000e+0,-55,1
3,"Arequipa · aleatorio 13 · N-S senoidal 4° · bifila · bagnarelli ×2 · 6 filas · az 0°",21-jun,1160,35.6071,316.3514,3.4641,28,0.000000e+0,-16,1
3,"Arequipa · aleatorio 13 · N-S senoidal 4° · bifila · bagnarelli ×2 · 6 filas · az 0°",21-jun,1180,32.1920,312.6665,3.4641,28,0.000000e+0,3,1
3,"Arequipa · aleatorio 13 · N-S senoidal 4° · bifila · bagnarelli ×2 · 6 filas · az 0°",21-jun,1200,28.5805,309.3944,3.4641,28,0.000000e+0,15.5,1
3,"Arequipa · aleatorio 13 · N-S senoidal 4° · bifila · bagnarelli ×2 · 6 filas · az 0°",21-jun,1220,24.8063,306.4858,3.4641,28,0.000000e+0,26,1
3,"Arequipa · aleatorio 13 · N-S senoidal 4° · bifila · bagnarelli ×2 · 6 filas · az 0°",21-jun,1240,20.8973,303.8950,3.4641,28,0.000000e+0,25.5,1
3,"Arequipa · aleatorio 13 · N-S senoidal 4° · bifila · bagnarelli ×2 · 6 filas · az 0°",21-jun,1260,16.8774,301.5817,3.4641,28,1.059967e-2,19.5,0
3,"Arequipa · aleatorio 13 · N-S senoidal 4° · bifila · bagnarelli ×2 · 6 filas · az 0°",21-jun,1280,12.7680,299.5110,3.4641,28,1.112144e-2,14.5,0
3,"Arequipa · aleatorio 13 · N-S senoidal 4° · bifila · bagnarelli ×2 · 6 filas · az 0°",21-jun,1300,8.5930,297.6533,3.4641,28,1.510797e-2,10,0
3,"Arequipa · aleatorio 13 · N-S senoidal 4° · bifila · bagnarelli ×2 · 6 filas · az 0°",21-jun,1320,4.3962,295.9837,3.4641,56,2.954913e-2,5.5,0
3,"Arequipa · aleatorio 13 · N-S senoidal 4° · bifila · bagnarelli ×2 · 6 filas · az 0°",21-mar,680,6.1794,87.8345,3.4641,28,0.000000e+0,-6,1
3,"Arequipa · aleatorio 13 · N-S senoidal 4° · bifila · bagnarelli ×2 · 6 filas · az 0°",21-mar,700,10.9081,86.3640,3.4641,28,0.000000e+0,-11,1
3,"Arequipa · aleatorio 13 · N-S senoidal 4° · bifila · bagnarelli ×2 · 6 filas · az 0°",21-mar,720,15.6602,84.8431,3.4641,28,0.000000e+0,-16,1
3,"Arequipa · aleatorio 13 · N-S senoidal 4° · bifila · bagnarelli ×2 · 6 filas · az 0°",21-mar,740,20.4114,83.2469,3.4641,28,0.000000e+0,-21.5,1
3,"Arequipa · aleatorio 13 · N-S senoidal 4° · bifila · bagnarelli ×2 · 6 filas · az 0°",21-mar,760,25.1514,81.5460,3.4641,28,0.000000e+0,-26.5,1
3,"Arequipa · aleatorio 13 · N-S senoidal 4° · bifila · bagnarelli ×2 · 6 filas · az 0°",21-mar,780,29.8721,79.7046,3.4641,28,0.000000e+0,-30.5,1
3,"Arequipa · aleatorio 13 · N-S senoidal 4° · bifila · bagnarelli ×2 · 6 filas · az 0°",21-mar,800,34.5652,77.6773,3.4641,28,0.000000e+0,-35.5,1
3,"Arequipa · aleatorio 13 · N-S senoidal 4° · bifila · bagnarelli ×2 · 6 filas · az 0°",21-mar,820,39.2209,75.4045,3.4641,28,0.000000e+0,-53.5,1
3,"Arequipa · aleatorio 13 · N-S senoidal 4° · bifila · bagnarelli ×2 · 6 filas · az 0°",21-mar,840,43.8256,72.8064,3.4641,28,0.000000e+0,-55,1
3,"Arequipa · aleatorio 13 · N-S senoidal 4° · bifila · bagnarelli ×2 · 6 filas · az 0°",21-mar,860,48.3608,69.7727,3.4641,28,0.000000e+0,-55,1
3,"Arequipa · aleatorio 13 · N-S senoidal 4° · bifila · bagnarelli ×2 · 6 filas · az 0°",21-mar,880,52.7997,66.1475,3.4641,28,0.000000e+0,-55,1
3,"Arequipa · aleatorio 13 · N-S senoidal 4° · bifila · bagnarelli ×2 · 6 filas · az 0°",21-mar,900,57.1020,61.7065,3.4641,28,0.000000e+0,-55,1
3,"Arequipa · aleatorio 13 · N-S senoidal 4° · bifila · bagnarelli ×2 · 6 filas · az 0°",21-mar,920,61.2050,56.1234,3.4641,28,0.000000e+0,-55,1
3,"Arequipa · aleatorio 13 · N-S senoidal 4° · bifila · bagnarelli ×2 · 6 filas · az 0°",21-mar,940,65.0093,48.9323,3.4641,28,0.000000e+0,-55,1
3,"Arequipa · aleatorio 13 · N-S senoidal 4° · bifila · bagnarelli ×2 · 6 filas · az 0°",21-mar,960,68.3560,39.5174,3.4641,28,0.000000e+0,-55,1
3,"Arequipa · aleatorio 13 · N-S senoidal 4° · bifila · bagnarelli ×2 · 6 filas · az 0°",21-mar,980,71.0006,27.2555,3.4641,28,0.000000e+0,-55,1
3,"Arequipa · aleatorio 13 · N-S senoidal 4° · bifila · bagnarelli ×2 · 6 filas · az 0°",21-mar,1000,72.6192,12.0480,3.4641,28,0.000000e+0,-55,1
3,"Arequipa · aleatorio 13 · N-S senoidal 4° · bifila · bagnarelli ×2 · 6 filas · az 0°",21-mar,1020,72.9172,355.1449,3.4641,28,0.000000e+0,-55,1
3,"Arequipa · aleatorio 13 · N-S senoidal 4° · bifila · bagnarelli ×2 · 6 filas · az 0°",21-mar,1040,71.8293,338.9743,3.4641,28,0.000000e+0,-55,1
3,"Arequipa · aleatorio 13 · N-S senoidal 4° · bifila · bagnarelli ×2 · 6 filas · az 0°",21-mar,1060,69.5760,325.4193,3.4641,28,0.000000e+0,-55,1
3,"Arequipa · aleatorio 13 · N-S senoidal 4° · bifila · bagnarelli ×2 · 6 filas · az 0°",21-mar,1080,66.4904,314.8661,3.4641,28,0.000000e+0,-55,1
3,"Arequipa · aleatorio 13 · N-S senoidal 4° · bifila · bagnarelli ×2 · 6 filas · az 0°",21-mar,1100,62.8553,306.8185,3.4641,28,0.000000e+0,-55,1
3,"Arequipa · aleatorio 13 · N-S senoidal 4° · bifila · bagnarelli ×2 · 6 filas · az 0°",21-mar,1120,58.8631,300.6237,3.4641,28,0.000000e+0,-55,1
3,"Arequipa · aleatorio 13 · N-S senoidal 4° · bifila · bagnarelli ×2 · 6 filas · az 0°",21-mar,1140,54.6351,295.7491,3.4641,28,0.000000e+0,-55,1
3,"Arequipa · aleatorio 13 · N-S senoidal 4° · bifila · bagnarelli ×2 · 6 filas · az 0°",21-mar,1160,50.2473,291.8140,3.4641,28,0.000000e+0,-55,1
3,"Arequipa · aleatorio 13 · N-S senoidal 4° · bifila · bagnarelli ×2 · 6 filas · az 0°",21-mar,1180,45.7481,288.5555,3.4641,28,0.000000e+0,-19.5,1
3,"Arequipa · aleatorio 13 · N-S senoidal 4° · bifila · bagnarelli ×2 · 6 filas · az 0°",21-mar,1200,41.1691,285.7922,3.4641,28,0.000000e+0,0,1
3,"Arequipa · aleatorio 13 · N-S senoidal 4° · bifila · bagnarelli ×2 · 6 filas · az 0°",21-mar,1220,36.5321,283.3969,3.4641,28,0.000000e+0,12.5,1
3,"Arequipa · aleatorio 13 · N-S senoidal 4° · bifila · bagnarelli ×2 · 6 filas · az 0°",21-mar,1240,31.8523,281.2784,3.4641,28,0.000000e+0,22.5,1
3,"Arequipa · aleatorio 13 · N-S senoidal 4° · bifila · bagnarelli ×2 · 6 filas · az 0°",21-mar,1260,27.1408,279.3695,3.4641,28,9.674158e-3,27.5,0
3,"Arequipa · aleatorio 13 · N-S senoidal 4° · bifila · bagnarelli ×2 · 6 filas · az 0°",21-mar,1280,22.4065,277.6197,3.4641,28,0.000000e+0,22.5,1
3,"Arequipa · aleatorio 13 · N-S senoidal 4° · bifila · bagnarelli ×2 · 6 filas · az 0°",21-mar,1300,17.6572,275.9894,3.4641,28,5.615882e-3,18,0
3,"Arequipa · aleatorio 13 · N-S senoidal 4° · bifila · bagnarelli ×2 · 6 filas · az 0°",21-mar,1320,12.9018,274.4469,3.4641,28,0.000000e+0,13,1
3,"Arequipa · aleatorio 13 · N-S senoidal 4° · bifila · bagnarelli ×2 · 6 filas · az 0°",21-mar,1340,8.1561,272.9659,3.4641,28,1.133636e-2,8,0
3,"Arequipa · aleatorio 13 · N-S senoidal 4° · bifila · bagnarelli ×2 · 6 filas · az 0°",21-mar,1360,3.4752,271.5234,3.4641,56,1.237102e-3,3.5,0
3,"Arequipa · aleatorio 13 · N-S senoidal 4° · bifila · bagnarelli ×2 · 6 filas · az 0°",21-dic,640,5.5090,112.8863,3.4641,56,7.563983e-3,-5.5,0
3,"Arequipa · aleatorio 13 · N-S senoidal 4° · bifila · bagnarelli ×2 · 6 filas · az 0°",21-dic,660,9.8795,111.6997,3.4641,28,0.000000e+0,-10.5,1
3,"Arequipa · aleatorio 13 · N-S senoidal 4° · bifila · bagnarelli ×2 · 6 filas · az 0°",21-dic,680,14.3190,110.6399,3.4641,28,0.000000e+0,-14.5,1
3,"Arequipa · aleatorio 13 · N-S senoidal 4° · bifila · bagnarelli ×2 · 6 filas · az 0°",21-dic,700,18.8002,109.7012,3.4641,28,0.000000e+0,-19.5,1
3,"Arequipa · aleatorio 13 · N-S senoidal 4° · bifila · bagnarelli ×2 · 6 filas · az 0°",21-dic,720,23.3118,108.8811,3.4641,28,0.000000e+0,-24,1
3,"Arequipa · aleatorio 13 · N-S senoidal 4° · bifila · bagnarelli ×2 · 6 filas · az 0°",21-dic,740,27.8469,108.1807,3.4641,28,0.000000e+0,-28.5,1
3,"Arequipa · aleatorio 13 · N-S senoidal 4° · bifila · bagnarelli ×2 · 6 filas · az 0°",21-dic,760,32.4005,107.6058,3.4641,28,0.000000e+0,-34,1
3,"Arequipa · aleatorio 13 · N-S senoidal 4° · bifila · bagnarelli ×2 · 6 filas · az 0°",21-dic,780,36.9680,107.1676,3.4641,28,0.000000e+0,-43.5,1
3,"Arequipa · aleatorio 13 · N-S senoidal 4° · bifila · bagnarelli ×2 · 6 filas · az 0°",21-dic,800,41.5453,106.8854,3.4641,28,0.000000e+0,-55,1
3,"Arequipa · aleatorio 13 · N-S senoidal 4° · bifila · bagnarelli ×2 · 6 filas · az 0°",21-dic,820,46.1277,106.7892,3.4641,28,0.000000e+0,-55,1
3,"Arequipa · aleatorio 13 · N-S senoidal 4° · bifila · bagnarelli ×2 · 6 filas · az 0°",21-dic,840,50.7102,106.9266,3.4641,28,0.000000e+0,-55,1
3,"Arequipa · aleatorio 13 · N-S senoidal 4° · bifila · bagnarelli ×2 · 6 filas · az 0°",21-dic,860,55.2860,107.3727,3.4641,28,0.000000e+0,-55,1
3,"Arequipa · aleatorio 13 · N-S senoidal 4° · bifila · bagnarelli ×2 · 6 filas · az 0°",21-dic,880,59.8457,108.2507,3.4641,28,0.000000e+0,-55,1
3,"Arequipa · aleatorio 13 · N-S senoidal 4° · bifila · bagnarelli ×2 · 6 filas · az 0°",21-dic,900,64.3745,109.7715,3.4641,28,0.000000e+0,-55,1
3,"Arequipa · aleatorio 13 · N-S senoidal 4° · bifila · bagnarelli ×2 · 6 filas · az 0°",21-dic,920,68.8464,112.3221,3.4641,28,0.000000e+0,-55,1
3,"Arequipa · aleatorio 13 · N-S senoidal 4° · bifila · bagnarelli ×2 · 6 filas · az 0°",21-dic,940,73.2097,116.6755,3.4641,28,0.000000e+0,-55,1
3,"Arequipa · aleatorio 13 · N-S senoidal 4° · bifila · bagnarelli ×2 · 6 filas · az 0°",21-dic,960,77.3452,124.5416,3.4641,28,0.000000e+0,-55,1
3,"Arequipa · aleatorio 13 · N-S senoidal 4° · bifila · bagnarelli ×2 · 6 filas · az 0°",21-dic,980,80.9293,139.9625,3.4641,28,0.000000e+0,-55,1
3,"Arequipa · aleatorio 13 · N-S senoidal 4° · bifila · bagnarelli ×2 · 6 filas · az 0°",21-dic,1000,83.0437,169.7235,3.4641,28,0.000000e+0,-55,1
3,"Arequipa · aleatorio 13 · N-S senoidal 4° · bifila · bagnarelli ×2 · 6 filas · az 0°",21-dic,1020,82.3507,206.0083,3.4641,28,0.000000e+0,-55,1
3,"Arequipa · aleatorio 13 · N-S senoidal 4° · bifila · bagnarelli ×2 · 6 filas · az 0°",21-dic,1040,79.3872,228.4830,3.4641,28,0.000000e+0,-55,1
3,"Arequipa · aleatorio 13 · N-S senoidal 4° · bifila · bagnarelli ×2 · 6 filas · az 0°",21-dic,1060,75.4845,239.6903,3.4641,28,0.000000e+0,-55,1
3,"Arequipa · aleatorio 13 · N-S senoidal 4° · bifila · bagnarelli ×2 · 6 filas · az 0°",21-dic,1080,71.2217,245.6266,3.4641,28,0.000000e+0,-55,1
3,"Arequipa · aleatorio 13 · N-S senoidal 4° · bifila · bagnarelli ×2 · 6 filas · az 0°",21-dic,1100,66.7992,249.0147,3.4641,28,0.000000e+0,-55,1
3,"Arequipa · aleatorio 13 · N-S senoidal 4° · bifila · bagnarelli ×2 · 6 filas · az 0°",21-dic,1120,62.2968,251.0263,3.4641,28,0.000000e+0,-55,1
3,"Arequipa · aleatorio 13 · N-S senoidal 4° · bifila · bagnarelli ×2 · 6 filas · az 0°",21-dic,1140,57.7514,252.2170,3.4641,28,0.000000e+0,-55,1
3,"Arequipa · aleatorio 13 · N-S senoidal 4° · bifila · bagnarelli ×2 · 6 filas · az 0°",21-dic,1160,53.1829,252.8767,3.4641,28,0.000000e+0,-55,1
3,"Arequipa · aleatorio 13 · N-S senoidal 4° · bifila · bagnarelli ×2 · 6 filas · az 0°",21-dic,1180,48.6031,253.1691,3.4641,28,0.000000e+0,-55,1
3,"Arequipa · aleatorio 13 · N-S senoidal 4° · bifila · bagnarelli ×2 · 6 filas · az 0°",21-dic,1200,44.0199,253.1917,3.4641,28,0.000000e+0,-8,1
3,"Arequipa · aleatorio 13 · N-S senoidal 4° · bifila · bagnarelli ×2 · 6 filas · az 0°",21-dic,1220,39.4393,253.0053,3.4641,28,0.000000e+0,5.5,1
3,"Arequipa · aleatorio 13 · N-S senoidal 4° · bifila · bagnarelli ×2 · 6 filas · az 0°",21-dic,1240,34.8660,252.6483,3.4641,28,0.000000e+0,16,1
3,"Arequipa · aleatorio 13 · N-S senoidal 4° · bifila · bagnarelli ×2 · 6 filas · az 0°",21-dic,1260,30.3044,252.1454,3.4641,28,0.000000e+0,25,1
3,"Arequipa · aleatorio 13 · N-S senoidal 4° · bifila · bagnarelli ×2 · 6 filas · az 0°",21-dic,1280,25.7587,251.5118,3.4641,28,0.000000e+0,26,1
3,"Arequipa · aleatorio 13 · N-S senoidal 4° · bifila · bagnarelli ×2 · 6 filas · az 0°",21-dic,1300,21.2337,250.7559,3.4641,28,0.000000e+0,21.5,1
3,"Arequipa · aleatorio 13 · N-S senoidal 4° · bifila · bagnarelli ×2 · 6 filas · az 0°",21-dic,1320,16.7351,249.8813,3.4641,28,9.429366e-3,17.5,0
3,"Arequipa · aleatorio 13 · N-S senoidal 4° · bifila · bagnarelli ×2 · 6 filas · az 0°",21-dic,1340,12.2712,248.8874,3.4641,28,1.119439e-2,13,0
3,"Arequipa · aleatorio 13 · N-S senoidal 4° · bifila · bagnarelli ×2 · 6 filas · az 0°",21-dic,1360,7.8581,247.7702,3.4641,28,1.421022e-2,8,0
3,"Arequipa · aleatorio 13 · N-S senoidal 4° · bifila · bagnarelli ×2 · 6 filas · az 0°",21-dic,1380,3.5464,246.5223,3.4641,56,2.738901e-2,3.5,0
4,"Arequipa · pendiente -3 · N-S constante 0° · bifila · tresbolillo ×1 · 10 filas · az 15°",21-jun,700,4.7742,63.8712,0.0000,33,0.000000e+0,-14.5,1
4,"Arequipa · pendiente -3 · N-S constante 0° · bifila · tresbolillo ×1 · 10 filas · az 15°",21-jun,720,8.9729,62.1856,0.0000,17,0.000000e+0,-35.5,1
4,"Arequipa · pendiente -3 · N-S constante 0° · bifila · tresbolillo ×1 · 10 filas · az 15°",21-jun,740,13.1432,60.3097,0.0000,17,0.000000e+0,-55,1
4,"Arequipa · pendiente -3 · N-S constante 0° · bifila · tresbolillo ×1 · 10 filas · az 15°",21-jun,760,17.2453,58.2184,0.0000,17,0.000000e+0,-55,1
4,"Arequipa · pendiente -3 · N-S constante 0° · bifila · tresbolillo ×1 · 10 filas · az 15°",21-jun,780,21.2561,55.8815,0.0000,17,0.000000e+0,-55,1
4,"Arequipa · pendiente -3 · N-S constante 0° · bifila · tresbolillo ×1 · 10 filas · az 15°",21-jun,800,25.1539,53.2637,0.0000,17,0.000000e+0,-55,1
4,"Arequipa · pendiente -3 · N-S constante 0° · bifila · tresbolillo ×1 · 10 filas · az 15°",21-jun,820,28.9146,50.3241,0.0000,17,0.000000e+0,-55,1
4,"Arequipa · pendiente -3 · N-S constante 0° · bifila · tresbolillo ×1 · 10 filas · az 15°",21-jun,840,32.5098,47.0168,0.0000,17,0.000000e+0,-55,1
4,"Arequipa · pendiente -3 · N-S constante 0° · bifila · tresbolillo ×1 · 10 filas · az 15°",21-jun,860,35.9052,43.2920,0.0000,17,0.000000e+0,-55,1
4,"Arequipa · pendiente -3 · N-S constante 0° · bifila · tresbolillo ×1 · 10 filas · az 15°",21-jun,880,39.0602,39.0991,0.0000,17,0.000000e+0,-55,1
4,"Arequipa · pendiente -3 · N-S constante 0° · bifila · tresbolillo ×1 · 10 filas · az 15°",21-jun,900,41.9268,34.3923,0.0000,17,0.000000e+0,-55,1
4,"Arequipa · pendiente -3 · N-S constante 0° · bifila · tresbolillo ×1 · 10 filas · az 15°",21-jun,920,44.4499,29.1395,0.0000,17,0.000000e+0,-55,1
4,"Arequipa · pendiente -3 · N-S constante 0° · bifila · tresbolillo ×1 · 10 filas · az 15°",21-jun,940,46.5693,23.3352,0.0000,17,0.000000e+0,-55,1
4,"Arequipa · pendiente -3 · N-S constante 0° · bifila · tresbolillo ×1 · 10 filas · az 15°",21-jun,960,48.2231,17.0150,0.0000,17,0.000000e+0,-55,1
4,"Arequipa · pendiente -3 · N-S constante 0° · bifila · tresbolillo ×1 · 10 filas · az 15°",21-jun,980,49.3544,10.2679,0.0000,17,0.000000e+0,-55,1
4,"Arequipa · pendiente -3 · N-S constante 0° · bifila · tresbolillo ×1 · 10 filas · az 15°",21-jun,1000,49.9185,3.2390,0.0000,17,0.000000e+0,-55,1
4,"Arequipa · pendiente -3 · N-S constante 0° · bifila · tresbolillo ×1 · 10 filas · az 15°",21-jun,1020,49.8916,356.1171,0.0000,17,0.000000e+0,-55,1
4,"Arequipa · pendiente -3 · N-S constante 0° · bifila · tresbolillo ×1 · 10 filas · az 15°",21-jun,1040,49.2748,349.1064,0.0000,17,0.000000e+0,-55,1
4,"Arequipa · pendiente -3 · N-S constante 0° · bifila · tresbolillo ×1 · 10 filas · az 15°",21-jun,1060,48.0942,342.3928,0.0000,17,0.000000e+0,-55,1
4,"Arequipa · pendiente -3 · N-S constante 0° · bifila · tresbolillo ×1 · 10 filas · az 15°",21-jun,1080,46.3957,336.1165,0.0000,17,0.000000e+0,-55,1
4,"Arequipa · pendiente -3 · N-S constante 0° · bifila · tresbolillo ×1 · 10 filas · az 15°",21-jun,1100,44.2372,330.3613,0.0000,17,0.000000e+0,-55,1
4,"Arequipa · pendiente -3 · N-S constante 0° · bifila · tresbolillo ×1 · 10 filas · az 15°",21-jun,1120,41.6806,325.1587,0.0000,17,0.000000e+0,-55,1
4,"Arequipa · pendiente -3 · N-S constante 0° · bifila · tresbolillo ×1 · 10 filas · az 15°",21-jun,1140,38.7857,320.5000,0.0000,17,0.000000e+0,-55,1
4,"Arequipa · pendiente -3 · N-S constante 0° · bifila · tresbolillo ×1 · 10 filas · az 15°",21-jun,1160,35.6071,316.3514,0.0000,17,0.000000e+0,-55,1
4,"Arequipa · pendiente -3 · N-S constante 0° · bifila · tresbolillo ×1 · 10 filas · az 15°",21-jun,1180,32.1920,312.6665,0.0000,17,0.000000e+0,-55,1
4,"Arequipa · pendiente -3 · N-S constante 0° · bifila · tresbolillo ×1 · 10 filas · az 15°",21-jun,1200,28.5805,309.3944,0.0000,17,0.000000e+0,-55,1
4,"Arequipa · pendiente -3 · N-S constante 0° · bifila · tresbolillo ×1 · 10 filas · az 15°",21-jun,1220,24.8063,306.4858,0.0000,17,0.000000e+0,-55,1
4,"Arequipa · pendiente -3 · N-S constante 0° · bifila · tresbolillo ×1 · 10 filas · az 15°",21-jun,1240,20.8973,303.8950,0.0000,17,0.000000e+0,-55,1
4,"Arequipa · pendiente -3 · N-S constante 0° · bifila · tresbolillo ×1 · 10 filas · az 15°",21-jun,1260,16.8774,301.5817,0.0000,17,0.000000e+0,-44.5,1
4,"Arequipa · pendiente -3 · N-S constante 0° · bifila · tresbolillo ×1 · 10 filas · az 15°",21-jun,1280,12.7680,299.5110,0.0000,17,0.000000e+0,-31,1
4,"Arequipa · pendiente -3 · N-S constante 0° · bifila · tresbolillo ×1 · 10 filas · az 15°",21-jun,1300,8.5930,297.6533,0.0000,17,0.000000e+0,-22,1
4,"Arequipa · pendiente -3 · N-S constante 0° · bifila · tresbolillo ×1 · 10 filas · az 15°",21-jun,1320,4.3962,295.9837,0.0000,33,0.000000e+0,-14.5,1
4,"Arequipa · pendiente -3 · N-S constante 0° · bifila · tresbolillo ×1 · 10 filas · az 15°",21-mar,680,6.1794,87.8345,0.0000,17,0.000000e+0,-15,1
4,"Arequipa · pendiente -3 · N-S constante 0° · bifila · tresbolillo ×1 · 10 filas · az 15°",21-mar,700,10.9081,86.3640,0.0000,17,0.000000e+0,-33,1
4,"Arequipa · pendiente -3 · N-S constante 0° · bifila · tresbolillo ×1 · 10 filas · az 15°",21-mar,720,15.6602,84.8431,0.0000,17,0.000000e+0,-53,1
4,"Arequipa · pendiente -3 · N-S constante 0° · bifila · tresbolillo ×1 · 10 filas · az 15°",21-mar,740,20.4114,83.2469,0.0000,17,0.000000e+0,-55,1
4,"Arequipa · pendiente -3 · N-S constante 0° · bifila · tresbolillo ×1 · 10 filas · az 15°",21-mar,760,25.1514,81.5460,0.0000,17,0.000000e+0,-55,1
4,"Arequipa · pendiente -3 · N-S constante 0° · bifila · tresbolillo ×1 · 10 filas · az 15°",21-mar,780,29.8721,79.7046,0.0000,17,0.000000e+0,-55,1
4,"Arequipa · pendiente -3 · N-S constante 0° · bifila · tresbolillo ×1 · 10 filas · az 15°",21-mar,800,34.5652,77.6773,0.0000,17,0.000000e+0,-55,1
4,"Arequipa · pendiente -3 · N-S constante 0° · bifila · tresbolillo ×1 · 10 filas · az 15°",21-mar,820,39.2209,75.4045,0.0000,17,0.000000e+0,-55,1
4,"Arequipa · pendiente -3 · N-S constante 0° · bifila · tresbolillo ×1 · 10 filas · az 15°",21-mar,840,43.8256,72.8064,0.0000,17,0.000000e+0,-55,1
4,"Arequipa · pendiente -3 · N-S constante 0° · bifila · tresbolillo ×1 · 10 filas · az 15°",21-mar,860,48.3608,69.7727,0.0000,17,0.000000e+0,-55,1
4,"Arequipa · pendiente -3 · N-S constante 0° · bifila · tresbolillo ×1 · 10 filas · az 15°",21-mar,880,52.7997,66.1475,0.0000,17,0.000000e+0,-55,1
4,"Arequipa · pendiente -3 · N-S constante 0° · bifila · tresbolillo ×1 · 10 filas · az 15°",21-mar,900,57.1020,61.7065,0.0000,17,0.000000e+0,-55,1
4,"Arequipa · pendiente -3 · N-S constante 0° · bifila · tresbolillo ×1 · 10 filas · az 15°",21-mar,920,61.2050,56.1234,0.0000,17,0.000000e+0,-55,1
4,"Arequipa · pendiente -3 · N-S constante 0° · bifila · tresbolillo ×1 · 10 filas · az 15°",21-mar,940,65.0093,48.9323,0.0000,17,0.000000e+0,-55,1
4,"Arequipa · pendiente -3 · N-S constante 0° · bifila · tresbolillo ×1 · 10 filas · az 15°",21-mar,960,68.3560,39.5174,0.0000,17,0.000000e+0,-55,1
4,"Arequipa · pendiente -3 · N-S constante 0° · bifila · tresbolillo ×1 · 10 filas · az 15°",21-mar,980,71.0006,27.2555,0.0000,17,0.000000e+0,-55,1
4,"Arequipa · pendiente -3 · N-S constante 0° · bifila · tresbolillo ×1 · 10 filas · az 15°",21-mar,1000,72.6192,12.0480,0.0000,17,0.000000e+0,-55,1
4,"Arequipa · pendiente -3 · N-S constante 0° · bifila · tresbolillo ×1 · 10 filas · az 15°",21-mar,1020,72.9172,355.1449,0.0000,17,0.000000e+0,-55,1
4,"Arequipa · pendiente -3 · N-S constante 0° · bifila · tresbolillo ×1 · 10 filas · az 15°",21-mar,1040,71.8293,338.9743,0.0000,17,0.000000e+0,-55,1
4,"Arequipa · pendiente -3 · N-S constante 0° · bifila · tresbolillo ×1 · 10 filas · az 15°",21-mar,1060,69.5760,325.4193,0.0000,17,0.000000e+0,-55,1
4,"Arequipa · pendiente -3 · N-S constante 0° · bifila · tresbolillo ×1 · 10 filas · az 15°",21-mar,1080,66.4904,314.8661,0.0000,17,0.000000e+0,-55,1
4,"Arequipa · pendiente -3 · N-S constante 0° · bifila · tresbolillo ×1 · 10 filas · az 15°",21-mar,1100,62.8553,306.8185,0.0000,17,0.000000e+0,-55,1
4,"Arequipa · pendiente -3 · N-S constante 0° · bifila · tresbolillo ×1 · 10 filas · az 15°",21-mar,1120,58.8631,300.6237,0.0000,17,0.000000e+0,-55,1
4,"Arequipa · pendiente -3 · N-S constante 0° · bifila · tresbolillo ×1 · 10 filas · az 15°",21-mar,1140,54.6351,295.7491,0.0000,17,0.000000e+0,-55,1
4,"Arequipa · pendiente -3 · N-S constante 0° · bifila · tresbolillo ×1 · 10 filas · az 15°",21-mar,1160,50.2473,291.8140,0.0000,17,0.000000e+0,-55,1
4,"Arequipa · pendiente -3 · N-S constante 0° · bifila · tresbolillo ×1 · 10 filas · az 15°",21-mar,1180,45.7481,288.5555,0.0000,17,0.000000e+0,-55,1
4,"Arequipa · pendiente -3 · N-S constante 0° · bifila · tresbolillo ×1 · 10 filas · az 15°",21-mar,1200,41.1691,285.7922,0.0000,17,0.000000e+0,-55,1
4,"Arequipa · pendiente -3 · N-S constante 0° · bifila · tresbolillo ×1 · 10 filas · az 15°",21-mar,1220,36.5321,283.3969,0.0000,17,0.000000e+0,-55,1
4,"Arequipa · pendiente -3 · N-S constante 0° · bifila · tresbolillo ×1 · 10 filas · az 15°",21-mar,1240,31.8523,281.2784,0.0000,17,0.000000e+0,-55,1
4,"Arequipa · pendiente -3 · N-S constante 0° · bifila · tresbolillo ×1 · 10 filas · az 15°",21-mar,1260,27.1408,279.3695,0.0000,17,0.000000e+0,-55,1
4,"Arequipa · pendiente -3 · N-S constante 0° · bifila · tresbolillo ×1 · 10 filas · az 15°",21-mar,1280,22.4065,277.6197,0.0000,17,0.000000e+0,-55,1
4,"Arequipa · pendiente -3 · N-S constante 0° · bifila · tresbolillo ×1 · 10 filas · az 15°",21-mar,1300,17.6572,275.9894,0.0000,17,0.000000e+0,-46,1
4,"Arequipa · pendiente -3 · N-S constante 0° · bifila · tresbolillo ×1 · 10 filas · az 15°",21-mar,1320,12.9018,274.4469,0.0000,17,0.000000e+0,-31,1
4,"Arequipa · pendiente -3 · N-S constante 0° · bifila · tresbolillo ×1 · 10 filas · az 15°",21-mar,1340,8.1561,272.9659,0.0000,17,0.000000e+0,-21,1
4,"Arequipa · pendiente -3 · N-S constante 0° · bifila · tresbolillo ×1 · 10 filas · az 15°",21-mar,1360,3.4752,271.5234,0.0000,33,0.000000e+0,-13,1
4,"Arequipa · pendiente -3 · N-S constante 0° · bifila · tresbolillo ×1 · 10 filas · az 15°",21-dic,640,5.5090,112.8863,0.0000,33,0.000000e+0,-12,1
4,"Arequipa · pendiente -3 · N-S constante 0° · bifila · tresbolillo ×1 · 10 filas · az 15°",21-dic,660,9.8795,111.6997,0.0000,17,0.000000e+0,-27.5,1
4,"Arequipa · pendiente -3 · N-S constante 0° · bifila · tresbolillo ×1 · 10 filas · az 15°",21-dic,680,14.3190,110.6399,0.0000,17,0.000000e+0,-44,1
4,"Arequipa · pendiente -3 · N-S constante 0° · bifila · tresbolillo ×1 · 10 filas · az 15°",21-dic,700,18.8002,109.7012,0.0000,17,0.000000e+0,-55,1
4,"Arequipa · pendiente -3 · N-S constante 0° · bifila · tresbolillo ×1 · 10 filas · az 15°",21-dic,720,23.3118,108.8811,0.0000,17,0.000000e+0,-55,1
4,"Arequipa · pendiente -3 · N-S constante 0° · bifila · tresbolillo ×1 · 10 filas · az 15°",21-dic,740,27.8469,108.1807,0.0000,17,0.000000e+0,-55,1
4,"Arequipa · pendiente -3 · N-S constante 0° · bifila · tresbolillo ×1 · 10 filas · az 15°",21-dic,760,32.4005,107.6058,0.0000,17,0.000000e+0,-55,1
4,"Arequipa · pendiente -3 · N-S constante 0° · bifila · tresbolillo ×1 · 10 filas · az 15°",21-dic,780,36.9680,107.1676,0.0000,17,0.000000e+0,-55,1
4,"Arequipa · pendiente -3 · N-S constante 0° · bifila · tresbolillo ×1 · 10 filas · az 15°",21-dic,800,41.5453,106.8854,0.0000,17,0.000000e+0,-55,1
4,"Arequipa · pendiente -3 · N-S constante 0° · bifila · tresbolillo ×1 · 10 filas · az 15°",21-dic,820,46.1277,106.7892,0.0000,17,0.000000e+0,-55,1
4,"Arequipa · pendiente -3 · N-S constante 0° · bifila · tresbolillo ×1 · 10 filas · az 15°",21-dic,840,50.7102,106.9266,0.0000,17,0.000000e+0,-55,1
4,"Arequipa · pendiente -3 · N-S constante 0° · bifila · tresbolillo ×1 · 10 filas · az 15°",21-dic,860,55.2860,107.3727,0.0000,17,0.000000e+0,-55,1
4,"Arequipa · pendiente -3 · N-S constante 0° · bifila · tresbolillo ×1 · 10 filas · az 15°",21-dic,880,59.8457,108.2507,0.0000,17,0.000000e+0,-55,1
4,"Arequipa · pendiente -3 · N-S constante 0° · bifila · tresbolillo ×1 · 10 filas · az 15°",21-dic,900,64.3745,109.7715,0.0000,17,0.000000e+0,-55,1
4,"Arequipa · pendiente -3 · N-S constante 0° · bifila · tresbolillo ×1 · 10 filas · az 15°",21-dic,920,68.8464,112.3221,0.0000,17,0.000000e+0,-55,1
4,"Arequipa · pendiente -3 · N-S constante 0° · bifila · tresbolillo ×1 · 10 filas · az 15°",21-dic,940,73.2097,116.6755,0.0000,17,0.000000e+0,-55,1
4,"Arequipa · pendiente -3 · N-S constante 0° · bifila · tresbolillo ×1 · 10 filas · az 15°",21-dic,960,77.3452,124.5416,0.0000,17,0.000000e+0,-55,1
4,"Arequipa · pendiente -3 · N-S constante 0° · bifila · tresbolillo ×1 · 10 filas · az 15°",21-dic,980,80.9293,139.9625,0.0000,17,0.000000e+0,-55,1
4,"Arequipa · pendiente -3 · N-S constante 0° · bifila · tresbolillo ×1 · 10 filas · az 15°",21-dic,1000,83.0437,169.7235,0.0000,17,0.000000e+0,-55,1
4,"Arequipa · pendiente -3 · N-S constante 0° · bifila · tresbolillo ×1 · 10 filas · az 15°",21-dic,1020,82.3507,206.0083,0.0000,17,0.000000e+0,-55,1
4,"Arequipa · pendiente -3 · N-S constante 0° · bifila · tresbolillo ×1 · 10 filas · az 15°",21-dic,1040,79.3872,228.4830,0.0000,17,0.000000e+0,-55,1
4,"Arequipa · pendiente -3 · N-S constante 0° · bifila · tresbolillo ×1 · 10 filas · az 15°",21-dic,1060,75.4845,239.6903,0.0000,17,0.000000e+0,-55,1
4,"Arequipa · pendiente -3 · N-S constante 0° · bifila · tresbolillo ×1 · 10 filas · az 15°",21-dic,1080,71.2217,245.6266,0.0000,17,0.000000e+0,-55,1
4,"Arequipa · pendiente -3 · N-S constante 0° · bifila · tresbolillo ×1 · 10 filas · az 15°",21-dic,1100,66.7992,249.0147,0.0000,17,0.000000e+0,-55,1
4,"Arequipa · pendiente -3 · N-S constante 0° · bifila · tresbolillo ×1 · 10 filas · az 15°",21-dic,1120,62.2968,251.0263,0.0000,17,0.000000e+0,-55,1
4,"Arequipa · pendiente -3 · N-S constante 0° · bifila · tresbolillo ×1 · 10 filas · az 15°",21-dic,1140,57.7514,252.2170,0.0000,17,0.000000e+0,-55,1
4,"Arequipa · pendiente -3 · N-S constante 0° · bifila · tresbolillo ×1 · 10 filas · az 15°",21-dic,1160,53.1829,252.8767,0.0000,17,0.000000e+0,-55,1
4,"Arequipa · pendiente -3 · N-S constante 0° · bifila · tresbolillo ×1 · 10 filas · az 15°",21-dic,1180,48.6031,253.1691,0.0000,17,0.000000e+0,-55,1
4,"Arequipa · pendiente -3 · N-S constante 0° · bifila · tresbolillo ×1 · 10 filas · az 15°",21-dic,1200,44.0199,253.1917,0.0000,17,0.000000e+0,-55,1
4,"Arequipa · pendiente -3 · N-S constante 0° · bifila · tresbolillo ×1 · 10 filas · az 15°",21-dic,1220,39.4393,253.0053,0.0000,17,0.000000e+0,-55,1
4,"Arequipa · pendiente -3 · N-S constante 0° · bifila · tresbolillo ×1 · 10 filas · az 15°",21-dic,1240,34.8660,252.6483,0.0000,17,0.000000e+0,-55,1
4,"Arequipa · pendiente -3 · N-S constante 0° · bifila · tresbolillo ×1 · 10 filas · az 15°",21-dic,1260,30.3044,252.1454,0.0000,17,0.000000e+0,-55,1
4,"Arequipa · pendiente -3 · N-S constante 0° · bifila · tresbolillo ×1 · 10 filas · az 15°",21-dic,1280,25.7587,251.5118,0.0000,17,0.000000e+0,-55,1
4,"Arequipa · pendiente -3 · N-S constante 0° · bifila · tresbolillo ×1 · 10 filas · az 15°",21-dic,1300,21.2337,250.7559,0.0000,17,0.000000e+0,-55,1
4,"Arequipa · pendiente -3 · N-S constante 0° · bifila · tresbolillo ×1 · 10 filas · az 15°",21-dic,1320,16.7351,249.8813,0.0000,17,0.000000e+0,-55,1
4,"Arequipa · pendiente -3 · N-S constante 0° · bifila · tresbolillo ×1 · 10 filas · az 15°",21-dic,1340,12.2712,248.8874,0.0000,17,0.000000e+0,-36,1
4,"Arequipa · pendiente -3 · N-S constante 0° · bifila · tresbolillo ×1 · 10 filas · az 15°",21-dic,1360,7.8581,247.7702,0.0000,17,0.000000e+0,-24,1
4,"Arequipa · pendiente -3 · N-S constante 0° · bifila · tresbolillo ×1 · 10 filas · az 15°",21-dic,1380,3.5464,246.5223,0.0000,33,0.000000e+0,-14.5,1
5,"Zaragoza · valle 1 · N-S quebrado 2° · quebrado · alineadas ×1 · 8 filas · az 0°",21-jun,300,4.3153,62.0288,4.0000,64,1.272463e-2,-6,0
5,"Zaragoza · valle 1 · N-S quebrado 2° · quebrado · alineadas ×1 · 8 filas · az 0°",21-jun,320,7.5953,65.1785,4.0000,33,0.000000e+0,-9.5,1
5,"Zaragoza · valle 1 · N-S quebrado 2° · quebrado · alineadas ×1 · 8 filas · az 0°",21-jun,340,10.9965,68.2578,4.0000,33,0.000000e+0,-13,1
5,"Zaragoza · valle 1 · N-S quebrado 2° · quebrado · alineadas ×1 · 8 filas · az 0°",21-jun,360,14.4858,71.2858,4.0000,33,0.000000e+0,-17,1
5,"Zaragoza · valle 1 · N-S quebrado 2° · quebrado · alineadas ×1 · 8 filas · az 0°",21-jun,380,18.0452,74.2827,4.0000,33,0.000000e+0,-19.5,1
5,"Zaragoza · valle 1 · N-S quebrado 2° · quebrado · alineadas ×1 · 8 filas · az 0°",21-jun,400,21.6612,77.2704,4.0000,33,0.000000e+0,-29,1
5,"Zaragoza · valle 1 · N-S quebrado 2° · quebrado · alineadas ×1 · 8 filas · az 0°",21-jun,420,25.3226,80.2731,4.0000,33,0.000000e+0,-41.5,1
5,"Zaragoza · valle 1 · N-S quebrado 2° · quebrado · alineadas ×1 · 8 filas · az 0°",21-jun,440,29.0187,83.3183,4.0000,33,0.000000e+0,-55,1
5,"Zaragoza · valle 1 · N-S quebrado 2° · quebrado · alineadas ×1 · 8 filas · az 0°",21-jun,460,32.7391,86.4376,4.0000,33,0.000000e+0,-55,1
5,"Zaragoza · valle 1 · N-S quebrado 2° · quebrado · alineadas ×1 · 8 filas · az 0°",21-jun,480,36.4729,89.6687,4.0000,33,0.000000e+0,-55,1
5,"Zaragoza · valle 1 · N-S quebrado 2° · quebrado · alineadas ×1 · 8 filas · az 0°",21-jun,500,40.2084,93.0578,4.0000,33,0.000000e+0,-55,1
5,"Zaragoza · valle 1 · N-S quebrado 2° · quebrado · alineadas ×1 · 8 filas · az 0°",21-jun,520,43.9319,96.6624,4.0000,33,0.000000e+0,-55,1
5,"Zaragoza · valle 1 · N-S quebrado 2° · quebrado · alineadas ×1 · 8 filas · az 0°",21-jun,540,47.6271,100.5563,4.0000,33,0.000000e+0,-55,1
5,"Zaragoza · valle 1 · N-S quebrado 2° · quebrado · alineadas ×1 · 8 filas · az 0°",21-jun,560,51.2734,104.8355,4.0000,33,0.000000e+0,-55,1
5,"Zaragoza · valle 1 · N-S quebrado 2° · quebrado · alineadas ×1 · 8 filas · az 0°",21-jun,580,54.8437,109.6272,4.0000,33,0.000000e+0,-55,1
5,"Zaragoza · valle 1 · N-S quebrado 2° · quebrado · alineadas ×1 · 8 filas · az 0°",21-jun,600,58.3011,115.1015,4.0000,33,0.000000e+0,-55,1
5,"Zaragoza · valle 1 · N-S quebrado 2° · quebrado · alineadas ×1 · 8 filas · az 0°",21-jun,620,61.5938,121.4838,4.0000,33,0.000000e+0,-55,1
5,"Zaragoza · valle 1 · N-S quebrado 2° · quebrado · alineadas ×1 · 8 filas · az 0°",21-jun,640,64.6480,129.0638,4.0000,33,0.000000e+0,-55,1
5,"Zaragoza · valle 1 · N-S quebrado 2° · quebrado · alineadas ×1 · 8 filas · az 0°",21-jun,660,67.3579,138.1801,4.0000,33,0.000000e+0,-55,1
5,"Zaragoza · valle 1 · N-S quebrado 2° · quebrado · alineadas ×1 · 8 filas · az 0°",21-jun,680,69.5784,149.1387,4.0000,33,0.000000e+0,-55,1
5,"Zaragoza · valle 1 · N-S quebrado 2° · quebrado · alineadas ×1 · 8 filas · az 0°",21-jun,700,71.1301,162.0059,4.0000,33,0.000000e+0,-55,1
5,"Zaragoza · valle 1 · N-S quebrado 2° · quebrado · alineadas ×1 · 8 filas · az 0°",21-jun,720,71.8368,176.3074,4.0000,33,0.000000e+0,-55,1
5,"Zaragoza · valle 1 · N-S quebrado 2° · quebrado · alineadas ×1 · 8 filas · az 0°",21-jun,740,71.5993,190.9409,4.0000,33,0.000000e+0,-55,1
5,"Zaragoza · valle 1 · N-S quebrado 2° · quebrado · alineadas ×1 · 8 filas · az 0°",21-jun,760,70.4524,204.6300,4.0000,33,0.000000e+0,-55,1
5,"Zaragoza · valle 1 · N-S quebrado 2° · quebrado · alineadas ×1 · 8 filas · az 0°",21-jun,780,68.5438,216.5649,4.0000,33,0.000000e+0,-55,1
5,"Zaragoza · valle 1 · N-S quebrado 2° · quebrado · alineadas ×1 · 8 filas · az 0°",21-jun,800,66.0587,226.5756,4.0000,33,0.000000e+0,-55,1
5,"Zaragoza · valle 1 · N-S quebrado 2° · quebrado · alineadas ×1 · 8 filas · az 0°",21-jun,820,63.1617,234.8830,4.0000,33,0.000000e+0,-55,1
5,"Zaragoza · valle 1 · N-S quebrado 2° · quebrado · alineadas ×1 · 8 filas · az 0°",21-jun,840,59.9777,241.8261,4.0000,33,0.000000e+0,-55,1
5,"Zaragoza · valle 1 · N-S quebrado 2° · quebrado · alineadas ×1 · 8 filas · az 0°",21-jun,860,56.5952,247.7238,4.0000,33,0.000000e+0,-55,1
5,"Zaragoza · valle 1 · N-S quebrado 2° · quebrado · alineadas ×1 · 8 filas · az 0°",21-jun,880,53.0761,252.8336,4.0000,33,0.000000e+0,-55,1
5,"Zaragoza · valle 1 · N-S quebrado 2° · quebrado · alineadas ×1 · 8 filas · az 0°",21-jun,900,49.4641,257.3516,4.0000,33,0.000000e+0,-55,1
5,"Zaragoza · valle 1 · N-S quebrado 2° · quebrado · alineadas ×1 · 8 filas · az 0°",21-jun,920,45.7905,261.4251,4.0000,33,0.000000e+0,-55,1
5,"Zaragoza · valle 1 · N-S quebrado 2° · quebrado · alineadas ×1 · 8 filas · az 0°",21-jun,940,42.0789,265.1644,4.0000,33,0.000000e+0,-55,1
5,"Zaragoza · valle 1 · N-S quebrado 2° · quebrado · alineadas ×1 · 8 filas · az 0°",21-jun,960,38.3476,268.6535,4.0000,33,0.000000e+0,-19,1
5,"Zaragoza · valle 1 · N-S quebrado 2° · quebrado · alineadas ×1 · 8 filas · az 0°",21-jun,980,34.6113,271.9575,4.0000,33,0.000000e+0,-7.5,1
5,"Zaragoza · valle 1 · N-S quebrado 2° · quebrado · alineadas ×1 · 8 filas · az 0°",21-jun,1000,30.8827,275.1277,4.0000,33,0.000000e+0,1,1
5,"Zaragoza · valle 1 · N-S quebrado 2° · quebrado · alineadas ×1 · 8 filas · az 0°",21-jun,1020,27.1731,278.2058,4.0000,33,0.000000e+0,8,1
5,"Zaragoza · valle 1 · N-S quebrado 2° · quebrado · alineadas ×1 · 8 filas · az 0°",21-jun,1040,23.4930,281.2261,4.0000,33,0.000000e+0,14.5,1
5,"Zaragoza · valle 1 · N-S quebrado 2° · quebrado · alineadas ×1 · 8 filas · az 0°",21-jun,1060,19.8529,284.2181,4.0000,33,0.000000e+0,17.5,1
5,"Zaragoza · valle 1 · N-S quebrado 2° · quebrado · alineadas ×1 · 8 filas · az 0°",21-jun,1080,16.2635,287.2075,4.0000,33,0.000000e+0,16.5,1
5,"Zaragoza · valle 1 · N-S quebrado 2° · quebrado · alineadas ×1 · 8 filas · az 0°",21-jun,1100,12.7372,290.2173,4.0000,33,2.048844e-2,13,0
5,"Zaragoza · valle 1 · N-S quebrado 2° · quebrado · alineadas ×1 · 8 filas · az 0°",21-jun,1120,9.2889,293.2684,4.0000,33,0.000000e+0,9,1
5,"Zaragoza · valle 1 · N-S quebrado 2° · quebrado · alineadas ×1 · 8 filas · az 0°",21-jun,1140,5.9421,296.3805,4.0000,64,0.000000e+0,5.5,1
5,"Zaragoza · valle 1 · N-S quebrado 2° · quebrado · alineadas ×1 · 8 filas · az 0°",21-jun,1160,2.7509,299.5720,4.0000,64,0.000000e+0,1.5,1
5,"Zaragoza · valle 1 · N-S quebrado 2° · quebrado · alineadas ×1 · 8 filas · az 0°",21-mar,380,2.2529,91.3999,4.0000,64,1.430190e-2,-2,0
5,"Zaragoza · valle 1 · N-S quebrado 2° · quebrado · alineadas ×1 · 8 filas · az 0°",21-mar,400,5.8504,94.7292,4.0000,64,1.337459e-2,-5.5,0
5,"Zaragoza · valle 1 · N-S quebrado 2° · quebrado · alineadas ×1 · 8 filas · az 0°",21-mar,420,9.5200,98.1006,4.0000,33,0.000000e+0,-9.5,1
5,"Zaragoza · valle 1 · N-S quebrado 2° · quebrado · alineadas ×1 · 8 filas · az 0°",21-mar,440,13.1842,101.5436,4.0000,33,0.000000e+0,-13.5,1
5,"Zaragoza · valle 1 · N-S quebrado 2° · quebrado · alineadas ×1 · 8 filas · az 0°",21-mar,460,16.8132,105.0894,4.0000,33,0.000000e+0,-17.5,1
5,"Zaragoza · valle 1 · N-S quebrado 2° · quebrado · alineadas ×1 · 8 filas · az 0°",21-mar,480,20.3859,108.7709,4.0000,33,0.000000e+0,-26,1
5,"Zaragoza · valle 1 · N-S quebrado 2° · quebrado · alineadas ×1 · 8 filas · az 0°",21-mar,500,23.8823,112.6235,4.0000,33,0.000000e+0,-44,1
5,"Zaragoza · valle 1 · N-S quebrado 2° · quebrado · alineadas ×1 · 8 filas · az 0°",21-mar,520,27.2812,116.6855,4.0000,33,0.000000e+0,-55,1
5,"Zaragoza · valle 1 · N-S quebrado 2° · quebrado · alineadas ×1 · 8 filas · az 0°",21-mar,540,30.5584,120.9974,4.0000,33,0.000000e+0,-55,1
5,"Zaragoza · valle 1 · N-S quebrado 2° · quebrado · alineadas ×1 · 8 filas · az 0°",21-mar,560,33.6866,125.6019,4.0000,33,0.000000e+0,-55,1
5,"Zaragoza · valle 1 · N-S quebrado 2° · quebrado · alineadas ×1 · 8 filas · az 0°",21-mar,580,36.6339,130.5419,4.0000,33,0.000000e+0,-55,1
5,"Zaragoza · valle 1 · N-S quebrado 2° · quebrado · alineadas ×1 · 8 filas · az 0°",21-mar,600,39.3642,135.8579,4.0000,33,0.000000e+0,-55,1
5,"Zaragoza · valle 1 · N-S quebrado 2° · quebrado · alineadas ×1 · 8 filas · az 0°",21-mar,620,41.8362,141.5831,4.0000,33,0.000000e+0,-55,1
5,"Zaragoza · valle 1 · N-S quebrado 2° · quebrado · alineadas ×1 · 8 filas · az 0°",21-mar,640,44.0046,147.7369,4.0000,33,0.000000e+0,-55,1
5,"Zaragoza · valle 1 · N-S quebrado 2° · quebrado · alineadas ×1 · 8 filas · az 0°",21-mar,660,45.8219,154.3164,4.0000,33,0.000000e+0,-55,1
5,"Zaragoza · valle 1 · N-S quebrado 2° · quebrado · alineadas ×1 · 8 filas · az 0°",21-mar,680,47.2408,161.2877,4.0000,33,0.000000e+0,-55,1
5,"Zaragoza · valle 1 · N-S quebrado 2° · quebrado · alineadas ×1 · 8 filas · az 0°",21-mar,700,48.2189,168.5799,4.0000,33,0.000000e+0,-55,1
5,"Zaragoza · valle 1 · N-S quebrado 2° · quebrado · alineadas ×1 · 8 filas · az 0°",21-mar,720,48.7237,176.0853,4.0000,33,0.000000e+0,-55,1
5,"Zaragoza · valle 1 · N-S quebrado 2° · quebrado · alineadas ×1 · 8 filas · az 0°",21-mar,740,48.7373,183.6681,4.0000,33,0.000000e+0,-55,1
5,"Zaragoza · valle 1 · N-S quebrado 2° · quebrado · alineadas ×1 · 8 filas · az 0°",21-mar,760,48.2591,191.1814,4.0000,33,0.000000e+0,-55,1
5,"Zaragoza · valle 1 · N-S quebrado 2° · quebrado · alineadas ×1 · 8 filas · az 0°",21-mar,780,47.3064,198.4885,4.0000,33,0.000000e+0,-55,1
5,"Zaragoza · valle 1 · N-S quebrado 2° · quebrado · alineadas ×1 · 8 filas · az 0°",21-mar,800,45.9109,205.4797,4.0000,33,0.000000e+0,-55,1
5,"Zaragoza · valle 1 · N-S quebrado 2° · quebrado · alineadas ×1 · 8 filas · az 0°",21-mar,820,44.1149,212.0823,4.0000,33,0.000000e+0,-55,1
5,"Zaragoza · valle 1 · N-S quebrado 2° · quebrado · alineadas ×1 · 8 filas · az 0°",21-mar,840,41.9653,218.2604,4.0000,33,0.000000e+0,-55,1
5,"Zaragoza · valle 1 · N-S quebrado 2° · quebrado · alineadas ×1 · 8 filas · az 0°",21-mar,860,39.5099,224.0098,4.0000,33,0.000000e+0,-55,1
5,"Zaragoza · valle 1 · N-S quebrado 2° · quebrado · alineadas ×1 · 8 filas · az 0°",21-mar,880,36.7942,229.3489,4.0000,33,0.000000e+0,-55,1
5,"Zaragoza · valle 1 · N-S quebrado 2° · quebrado · alineadas ×1 · 8 filas · az 0°",21-mar,900,33.8596,234.3105,4.0000,33,0.000000e+0,-28.5,1
5,"Zaragoza · valle 1 · N-S quebrado 2° · quebrado · alineadas ×1 · 8 filas · az 0°",21-mar,920,30.7428,238.9347,4.0000,33,0.000000e+0,-10,1
5,"Zaragoza · valle 1 · N-S quebrado 2° · quebrado · alineadas ×1 · 8 filas · az 0°",21-mar,940,27.4756,243.2645,4.0000,33,0.000000e+0,0.5,1
5,"Zaragoza · valle 1 · N-S quebrado 2° · quebrado · alineadas ×1 · 8 filas · az 0°",21-mar,960,24.0859,247.3426,4.0000,33,0.000000e+0,9,1
5,"Zaragoza · valle 1 · N-S quebrado 2° · quebrado · alineadas ×1 · 8 filas · az 0°",21-mar,980,20.5978,251.2099,4.0000,33,0.000000e+0,16.5,1
5,"Zaragoza · valle 1 · N-S quebrado 2° · quebrado · alineadas ×1 · 8 filas · az 0°",21-mar,1000,17.0327,254.9045,4.0000,33,0.000000e+0,17.5,1
5,"Zaragoza · valle 1 · N-S quebrado 2° · quebrado · alineadas ×1 · 8 filas · az 0°",21-mar,1020,13.4108,258.4622,4.0000,33,0.000000e+0,14,1
5,"Zaragoza · valle 1 · N-S quebrado 2° · quebrado · alineadas ×1 · 8 filas · az 0°",21-mar,1040,9.7530,261.9160,4.0000,33,0.000000e+0,10,1
5,"Zaragoza · valle 1 · N-S quebrado 2° · quebrado · alineadas ×1 · 8 filas · az 0°",21-mar,1060,6.0879,265.2972,4.0000,33,2.699193e-2,6.5,0
5,"Zaragoza · valle 1 · N-S quebrado 2° · quebrado · alineadas ×1 · 8 filas · az 0°",21-mar,1080,2.4866,268.6354,4.0000,64,5.845300e-3,2.5,0
5,"Zaragoza · valle 1 · N-S quebrado 2° · quebrado · alineadas ×1 · 8 filas · az 0°",21-dic,480,4.5444,126.9401,4.0000,64,1.173643e-2,-4,0
5,"Zaragoza · valle 1 · N-S quebrado 2° · quebrado · alineadas ×1 · 8 filas · az 0°",21-dic,500,7.4023,130.4970,4.0000,33,0.000000e+0,-8.5,1
5,"Zaragoza · valle 1 · N-S quebrado 2° · quebrado · alineadas ×1 · 8 filas · az 0°",21-dic,520,10.1358,134.1991,4.0000,33,0.000000e+0,-13.5,1
5,"Zaragoza · valle 1 · N-S quebrado 2° · quebrado · alineadas ×1 · 8 filas · az 0°",21-dic,540,12.7098,138.0581,4.0000,33,0.000000e+0,-19.5,1
5,"Zaragoza · valle 1 · N-S quebrado 2° · quebrado · alineadas ×1 · 8 filas · az 0°",21-dic,560,15.0987,142.0828,4.0000,33,0.000000e+0,-41,1
5,"Zaragoza · valle 1 · N-S quebrado 2° · quebrado · alineadas ×1 · 8 filas · az 0°",21-dic,580,17.2795,146.2782,4.0000,33,0.000000e+0,-55,1
5,"Zaragoza · valle 1 · N-S quebrado 2° · quebrado · alineadas ×1 · 8 filas · az 0°",21-dic,600,19.2301,150.6447,4.0000,33,0.000000e+0,-55,1
5,"Zaragoza · valle 1 · N-S quebrado 2° · quebrado · alineadas ×1 · 8 filas · az 0°",21-dic,620,20.9291,155.1771,4.0000,33,0.000000e+0,-55,1
5,"Zaragoza · valle 1 · N-S quebrado 2° · quebrado · alineadas ×1 · 8 filas · az 0°",21-dic,640,22.3561,159.8636,4.0000,33,0.000000e+0,-55,1
5,"Zaragoza · valle 1 · N-S quebrado 2° · quebrado · alineadas ×1 · 8 filas · az 0°",21-dic,660,23.4927,164.6856,4.0000,33,0.000000e+0,-55,1
5,"Zaragoza · valle 1 · N-S quebrado 2° · quebrado · alineadas ×1 · 8 filas · az 0°",21-dic,680,24.3230,169.6174,4.0000,33,0.000000e+0,-55,1
5,"Zaragoza · valle 1 · N-S quebrado 2° · quebrado · alineadas ×1 · 8 filas · az 0°",21-dic,700,24.8347,174.6273,4.0000,33,0.000000e+0,-55,1
5,"Zaragoza · valle 1 · N-S quebrado 2° · quebrado · alineadas ×1 · 8 filas · az 0°",21-dic,720,25.0202,179.6788,4.0000,33,0.000000e+0,-55,1
5,"Zaragoza · valle 1 · N-S quebrado 2° · quebrado · alineadas ×1 · 8 filas · az 0°",21-dic,740,24.8764,184.7327,4.0000,33,0.000000e+0,-55,1
5,"Zaragoza · valle 1 · N-S quebrado 2° · quebrado · alineadas ×1 · 8 filas · az 0°",21-dic,760,24.4057,189.7500,4.0000,33,0.000000e+0,-55,1
5,"Zaragoza · valle 1 · N-S quebrado 2° · quebrado · alineadas ×1 · 8 filas · az 0°",21-dic,780,23.6152,194.6936,4.0000,33,0.000000e+0,-55,1
5,"Zaragoza · valle 1 · N-S quebrado 2° · quebrado · alineadas ×1 · 8 filas · az 0°",21-dic,800,22.5166,199.5310,4.0000,33,0.000000e+0,-55,1
5,"Zaragoza · valle 1 · N-S quebrado 2° · quebrado · alineadas ×1 · 8 filas · az 0°",21-dic,820,21.1254,204.2358,4.0000,33,0.000000e+0,-55,1
5,"Zaragoza · valle 1 · N-S quebrado 2° · quebrado · alineadas ×1 · 8 filas · az 0°",21-dic,840,19.4598,208.7885,4.0000,33,0.000000e+0,-20,1
5,"Zaragoza · valle 1 · N-S quebrado 2° · quebrado · alineadas ×1 · 8 filas · az 0°",21-dic,860,17.5399,213.1765,4.0000,33,0.000000e+0,-2,1
5,"Zaragoza · valle 1 · N-S quebrado 2° · quebrado · alineadas ×1 · 8 filas · az 0°",21-dic,880,15.3871,217.3936,4.0000,33,0.000000e+0,9,1
5,"Zaragoza · valle 1 · N-S quebrado 2° · quebrado · alineadas ×1 · 8 filas · az 0°",21-dic,900,13.0234,221.4397,4.0000,33,0.000000e+0,18.5,1
5,"Zaragoza · valle 1 · N-S quebrado 2° · quebrado · alineadas ×1 · 8 filas · az 0°",21-dic,920,10.4715,225.3193,4.0000,33,0.000000e+0,16.5,1
5,"Zaragoza · valle 1 · N-S quebrado 2° · quebrado · alineadas ×1 · 8 filas · az 0°",21-dic,940,7.7566,229.0407,4.0000,33,0.000000e+0,11.5,1
5,"Zaragoza · valle 1 · N-S quebrado 2° · quebrado · alineadas ×1 · 8 filas · az 0°",21-dic,960,4.9112,232.6152,4.0000,64,7.829248e-3,7.5,0
5,"Zaragoza · valle 1 · N-S quebrado 2° · quebrado · alineadas ×1 · 8 filas · az 0°",21-dic,980,2.0112,236.0562,4.0000,64,2.051289e-2,4,0
6,"Arequipa · llano · N-S aleatorio 6° · quebrado · medios ×2 · 6 filas · az 0°",21-jun,700,4.7742,63.8712,11.1550,64,6.068888e-2,-4.5,0
6,"Arequipa · llano · N-S aleatorio 6° · quebrado · medios ×2 · 6 filas · az 0°",21-jun,720,8.9729,62.1856,11.1550,33,4.803288e-2,-8.5,0
6,"Arequipa · llano · N-S aleatorio 6° · quebrado · medios ×2 · 6 filas · az 0°",21-jun,740,13.1432,60.3097,11.1550,33,2.416729e-2,-13,0
6,"Arequipa · llano · N-S aleatorio 6° · quebrado · medios ×2 · 6 filas · az 0°",21-jun,760,17.2453,58.2184,11.1550,33,1.941971e-2,-17.5,0
6,"Arequipa · llano · N-S aleatorio 6° · quebrado · medios ×2 · 6 filas · az 0°",21-jun,780,21.2561,55.8815,11.1550,33,1.452553e-2,-24,0
6,"Arequipa · llano · N-S aleatorio 6° · quebrado · medios ×2 · 6 filas · az 0°",21-jun,800,25.1539,53.2637,11.1550,33,1.018744e-2,-29,0
6,"Arequipa · llano · N-S aleatorio 6° · quebrado · medios ×2 · 6 filas · az 0°",21-jun,820,28.9146,50.3241,11.1550,33,2.233581e-2,-34.5,0
6,"Arequipa · llano · N-S aleatorio 6° · quebrado · medios ×2 · 6 filas · az 0°",21-jun,840,32.5098,47.0168,11.1550,33,1.226472e-3,-42,0
6,"Arequipa · llano · N-S aleatorio 6° · quebrado · medios ×2 · 6 filas · az 0°",21-jun,860,35.9052,43.2920,11.1550,33,2.624704e-4,-47,0
6,"Arequipa · llano · N-S aleatorio 6° · quebrado · medios ×2 · 6 filas · az 0°",21-jun,880,39.0602,39.0991,11.1550,33,7.111966e-3,-52.5,0
6,"Arequipa · llano · N-S aleatorio 6° · quebrado · medios ×2 · 6 filas · az 0°",21-jun,900,41.9268,34.3923,11.1550,33,1.626787e-2,-55,0
6,"Arequipa · llano · N-S aleatorio 6° · quebrado · medios ×2 · 6 filas · az 0°",21-jun,920,44.4499,29.1395,11.1550,33,7.890417e-3,-55,0
6,"Arequipa · llano · N-S aleatorio 6° · quebrado · medios ×2 · 6 filas · az 0°",21-jun,940,46.5693,23.3352,11.1550,33,0.000000e+0,-55,1
6,"Arequipa · llano · N-S aleatorio 6° · quebrado · medios ×2 · 6 filas · az 0°",21-jun,960,48.2231,17.0150,11.1550,33,0.000000e+0,-55,1
6,"Arequipa · llano · N-S aleatorio 6° · quebrado · medios ×2 · 6 filas · az 0°",21-jun,980,49.3544,10.2679,11.1550,33,0.000000e+0,-55,1
6,"Arequipa · llano · N-S aleatorio 6° · quebrado · medios ×2 · 6 filas · az 0°",21-jun,1000,49.9185,3.2390,11.1550,33,0.000000e+0,-55,1
6,"Arequipa · llano · N-S aleatorio 6° · quebrado · medios ×2 · 6 filas · az 0°",21-jun,1020,49.8916,356.1171,11.1550,33,0.000000e+0,-55,1
6,"Arequipa · llano · N-S aleatorio 6° · quebrado · medios ×2 · 6 filas · az 0°",21-jun,1040,49.2748,349.1064,11.1550,33,0.000000e+0,-55,1
6,"Arequipa · llano · N-S aleatorio 6° · quebrado · medios ×2 · 6 filas · az 0°",21-jun,1060,48.0942,342.3928,11.1550,33,0.000000e+0,-55,1
6,"Arequipa · llano · N-S aleatorio 6° · quebrado · medios ×2 · 6 filas · az 0°",21-jun,1080,46.3957,336.1165,11.1550,33,0.000000e+0,31.5,1
6,"Arequipa · llano · N-S aleatorio 6° · quebrado · medios ×2 · 6 filas · az 0°",21-jun,1100,44.2372,330.3613,11.1550,33,1.100883e-2,55,0
6,"Arequipa · llano · N-S aleatorio 6° · quebrado · medios ×2 · 6 filas · az 0°",21-jun,1120,41.6806,325.1587,11.1550,33,0.000000e+0,53,1
6,"Arequipa · llano · N-S aleatorio 6° · quebrado · medios ×2 · 6 filas · az 0°",21-jun,1140,38.7857,320.5000,11.1550,33,1.250645e-2,54,0
6,"Arequipa · llano · N-S aleatorio 6° · quebrado · medios ×2 · 6 filas · az 0°",21-jun,1160,35.6071,316.3514,11.1550,33,9.624725e-3,45.5,0
6,"Arequipa · llano · N-S aleatorio 6° · quebrado · medios ×2 · 6 filas · az 0°",21-jun,1180,32.1920,312.6665,11.1550,33,1.339820e-2,41.5,0
6,"Arequipa · llano · N-S aleatorio 6° · quebrado · medios ×2 · 6 filas · az 0°",21-jun,1200,28.5805,309.3944,11.1550,33,1.457694e-2,33.5,0
6,"Arequipa · llano · N-S aleatorio 6° · quebrado · medios ×2 · 6 filas · az 0°",21-jun,1220,24.8063,306.4858,11.1550,33,1.250851e-2,30.5,0
6,"Arequipa · llano · N-S aleatorio 6° · quebrado · medios ×2 · 6 filas · az 0°",21-jun,1240,20.8973,303.8950,11.1550,33,8.564964e-3,24,0
6,"Arequipa · llano · N-S aleatorio 6° · quebrado · medios ×2 · 6 filas · az 0°",21-jun,1260,16.8774,301.5817,11.1550,33,1.366381e-2,17.5,0
6,"Arequipa · llano · N-S aleatorio 6° · quebrado · medios ×2 · 6 filas · az 0°",21-jun,1280,12.7680,299.5110,11.1550,33,1.051205e-2,13.5,0
6,"Arequipa · llano · N-S aleatorio 6° · quebrado · medios ×2 · 6 filas · az 0°",21-jun,1300,8.5930,297.6533,11.1550,33,2.544611e-2,7.5,0
6,"Arequipa · llano · N-S aleatorio 6° · quebrado · medios ×2 · 6 filas · az 0°",21-jun,1320,4.3962,295.9837,11.1550,64,6.633480e-2,4.5,0
6,"Arequipa · llano · N-S aleatorio 6° · quebrado · medios ×2 · 6 filas · az 0°",21-mar,680,6.1794,87.8345,11.1550,33,1.105294e-2,-6.5,0
6,"Arequipa · llano · N-S aleatorio 6° · quebrado · medios ×2 · 6 filas · az 0°",21-mar,700,10.9081,86.3640,11.1550,33,1.370892e-2,-10.5,0
6,"Arequipa · llano · N-S aleatorio 6° · quebrado · medios ×2 · 6 filas · az 0°",21-mar,720,15.6602,84.8431,11.1550,33,1.455331e-2,-15.5,0
6,"Arequipa · llano · N-S aleatorio 6° · quebrado · medios ×2 · 6 filas · az 0°",21-mar,740,20.4114,83.2469,11.1550,33,0.000000e+0,-20,1
6,"Arequipa · llano · N-S aleatorio 6° · quebrado · medios ×2 · 6 filas · az 0°",21-mar,760,25.1514,81.5460,11.1550,33,0.000000e+0,-25.5,1
6,"Arequipa · llano · N-S aleatorio 6° · quebrado · medios ×2 · 6 filas · az 0°",21-mar,780,29.8721,79.7046,11.1550,33,0.000000e+0,-31,1
6,"Arequipa · llano · N-S aleatorio 6° · quebrado · medios ×2 · 6 filas · az 0°",21-mar,800,34.5652,77.6773,11.1550,33,0.000000e+0,-36,1
6,"Arequipa · llano · N-S aleatorio 6° · quebrado · medios ×2 · 6 filas · az 0°",21-mar,820,39.2209,75.4045,11.1550,33,7.356177e-4,-40,0
6,"Arequipa · llano · N-S aleatorio 6° · quebrado · medios ×2 · 6 filas · az 0°",21-mar,840,43.8256,72.8064,11.1550,33,0.000000e+0,-45.5,1
6,"Arequipa · llano · N-S aleatorio 6° · quebrado · medios ×2 · 6 filas · az 0°",21-mar,860,48.3608,69.7727,11.1550,33,0.000000e+0,-51,1
6,"Arequipa · llano · N-S aleatorio 6° · quebrado · medios ×2 · 6 filas · az 0°",21-mar,880,52.7997,66.1475,11.1550,33,0.000000e+0,-55,1
6,"Arequipa · llano · N-S aleatorio 6° · quebrado · medios ×2 · 6 filas · az 0°",21-mar,900,57.1020,61.7065,11.1550,33,1.910539e-2,-55,0
6,"Arequipa · llano · N-S aleatorio 6° · quebrado · medios ×2 · 6 filas · az 0°",21-mar,920,61.2050,56.1234,11.1550,33,1.929800e-3,-55,0
6,"Arequipa · llano · N-S aleatorio 6° · quebrado · medios ×2 · 6 filas · az 0°",21-mar,940,65.0093,48.9323,11.1550,33,0.000000e+0,-55,1
6,"Arequipa · llano · N-S aleatorio 6° · quebrado · medios ×2 · 6 filas · az 0°",21-mar,960,68.3560,39.5174,11.1550,33,0.000000e+0,-55,1
6,"Arequipa · llano · N-S aleatorio 6° · quebrado · medios ×2 · 6 filas · az 0°",21-mar,980,71.0006,27.2555,11.1550,33,0.000000e+0,-55,1
6,"Arequipa · llano · N-S aleatorio 6° · quebrado · medios ×2 · 6 filas · az 0°",21-mar,1000,72.6192,12.0480,11.1550,33,0.000000e+0,-55,1
6,"Arequipa · llano · N-S aleatorio 6° · quebrado · medios ×2 · 6 filas · az 0°",21-mar,1020,72.9172,355.1449,11.1550,33,0.000000e+0,-55,1
6,"Arequipa · llano · N-S aleatorio 6° · quebrado · medios ×2 · 6 filas · az 0°",21-mar,1040,71.8293,338.9743,11.1550,33,0.000000e+0,-55,1
6,"Arequipa · llano · N-S aleatorio 6° · quebrado · medios ×2 · 6 filas · az 0°",21-mar,1060,69.5760,325.4193,11.1550,33,0.000000e+0,-55,1
6,"Arequipa · llano · N-S aleatorio 6° · quebrado · medios ×2 · 6 filas · az 0°",21-mar,1080,66.4904,314.8661,11.1550,33,0.000000e+0,-55,1
6,"Arequipa · llano · N-S aleatorio 6° · quebrado · medios ×2 · 6 filas · az 0°",21-mar,1100,62.8553,306.8185,11.1550,33,0.000000e+0,44,1
6,"Arequipa · llano · N-S aleatorio 6° · quebrado · medios ×2 · 6 filas · az 0°",21-mar,1120,58.8631,300.6237,11.1550,33,2.171216e-2,55,0
6,"Arequipa · llano · N-S aleatorio 6° · quebrado · medios ×2 · 6 filas · az 0°",21-mar,1140,54.6351,295.7491,11.1550,33,1.486881e-2,55,0
6,"Arequipa · llano · N-S aleatorio 6° · quebrado · medios ×2 · 6 filas · az 0°",21-mar,1160,50.2473,291.8140,11.1550,33,9.663489e-3,53,0
6,"Arequipa · llano · N-S aleatorio 6° · quebrado · medios ×2 · 6 filas · az 0°",21-mar,1180,45.7481,288.5555,11.1550,33,0.000000e+0,48,1
6,"Arequipa · llano · N-S aleatorio 6° · quebrado · medios ×2 · 6 filas · az 0°",21-mar,1200,41.1691,285.7922,11.1550,33,1.077750e-2,42,0
6,"Arequipa · llano · N-S aleatorio 6° · quebrado · medios ×2 · 6 filas · az 0°",21-mar,1220,36.5321,283.3969,11.1550,33,0.000000e+0,36.5,1
6,"Arequipa · llano · N-S aleatorio 6° · quebrado · medios ×2 · 6 filas · az 0°",21-mar,1240,31.8523,281.2784,11.1550,33,6.367852e-3,32.5,0
6,"Arequipa · llano · N-S aleatorio 6° · quebrado · medios ×2 · 6 filas · az 0°",21-mar,1260,27.1408,279.3695,11.1550,33,8.619513e-3,28,0
6,"Arequipa · llano · N-S aleatorio 6° · quebrado · medios ×2 · 6 filas · az 0°",21-mar,1280,22.4065,277.6197,11.1550,33,7.568654e-3,22,0
6,"Arequipa · llano · N-S aleatorio 6° · quebrado · medios ×2 · 6 filas · az 0°",21-mar,1300,17.6572,275.9894,11.1550,33,0.000000e+0,17.5,1
6,"Arequipa · llano · N-S aleatorio 6° · quebrado · medios ×2 · 6 filas · az 0°",21-mar,1320,12.9018,274.4469,11.1550,33,0.000000e+0,12.5,1
6,"Arequipa · llano · N-S aleatorio 6° · quebrado · medios ×2 · 6 filas · az 0°",21-mar,1340,8.1561,272.9659,11.1550,33,1.348478e-2,8,0
6,"Arequipa · llano · N-S aleatorio 6° · quebrado · medios ×2 · 6 filas · az 0°",21-mar,1360,3.4752,271.5234,11.1550,64,3.416132e-3,3.5,0
6,"Arequipa · llano · N-S aleatorio 6° · quebrado · medios ×2 · 6 filas · az 0°",21-dic,640,5.5090,112.8863,11.1550,64,4.874475e-2,-6.5,0
6,"Arequipa · llano · N-S aleatorio 6° · quebrado · medios ×2 · 6 filas · az 0°",21-dic,660,9.8795,111.6997,11.1550,33,4.149266e-2,-10.5,0
6,"Arequipa · llano · N-S aleatorio 6° · quebrado · medios ×2 · 6 filas · az 0°",21-dic,680,14.3190,110.6399,11.1550,33,1.213381e-2,-16,0
6,"Arequipa · llano · N-S aleatorio 6° · quebrado · medios ×2 · 6 filas · az 0°",21-dic,700,18.8002,109.7012,11.1550,33,1.778626e-2,-20.5,0
6,"Arequipa · llano · N-S aleatorio 6° · quebrado · medios ×2 · 6 filas · az 0°",21-dic,720,23.3118,108.8811,11.1550,33,1.150093e-2,-24.5,0
6,"Arequipa · llano · N-S aleatorio 6° · quebrado · medios ×2 · 6 filas · az 0°",21-dic,740,27.8469,108.1807,11.1550,33,9.862472e-3,-28.5,0
6,"Arequipa · llano · N-S aleatorio 6° · quebrado · medios ×2 · 6 filas · az 0°",21-dic,760,32.4005,107.6058,11.1550,33,7.329811e-3,-34,0
6,"Arequipa · llano · N-S aleatorio 6° · quebrado · medios ×2 · 6 filas · az 0°",21-dic,780,36.9680,107.1676,11.1550,33,5.567781e-4,-38,0
6,"Arequipa · llano · N-S aleatorio 6° · quebrado · medios ×2 · 6 filas · az 0°",21-dic,800,41.5453,106.8854,11.1550,33,1.097309e-2,-43,0
6,"Arequipa · llano · N-S aleatorio 6° · quebrado · medios ×2 · 6 filas · az 0°",21-dic,820,46.1277,106.7892,11.1550,33,0.000000e+0,-47.5,1
6,"Arequipa · llano · N-S aleatorio 6° · quebrado · medios ×2 · 6 filas · az 0°",21-dic,840,50.7102,106.9266,11.1550,33,0.000000e+0,-52.5,1
6,"Arequipa · llano · N-S aleatorio 6° · quebrado · medios ×2 · 6 filas · az 0°",21-dic,860,55.2860,107.3727,11.1550,33,0.000000e+0,-55,1
6,"Arequipa · llano · N-S aleatorio 6° · quebrado · medios ×2 · 6 filas · az 0°",21-dic,880,59.8457,108.2507,11.1550,33,1.978086e-2,-55,0
6,"Arequipa · llano · N-S aleatorio 6° · quebrado · medios ×2 · 6 filas · az 0°",21-dic,900,64.3745,109.7715,11.1550,33,1.627248e-3,-55,0
6,"Arequipa · llano · N-S aleatorio 6° · quebrado · medios ×2 · 6 filas · az 0°",21-dic,920,68.8464,112.3221,11.1550,33,0.000000e+0,-55,1
6,"Arequipa · llano · N-S aleatorio 6° · quebrado · medios ×2 · 6 filas · az 0°",21-dic,940,73.2097,116.6755,11.1550,33,0.000000e+0,-55,1
6,"Arequipa · llano · N-S aleatorio 6° · quebrado · medios ×2 · 6 filas · az 0°",21-dic,960,77.3452,124.5416,11.1550,33,0.000000e+0,-55,1
6,"Arequipa · llano · N-S aleatorio 6° · quebrado · medios ×2 · 6 filas · az 0°",21-dic,980,80.9293,139.9625,11.1550,33,0.000000e+0,-55,1
6,"Arequipa · llano · N-S aleatorio 6° · quebrado · medios ×2 · 6 filas · az 0°",21-dic,1000,83.0437,169.7235,11.1550,33,0.000000e+0,-55,1
6,"Arequipa · llano · N-S aleatorio 6° · quebrado · medios ×2 · 6 filas · az 0°",21-dic,1020,82.3507,206.0083,11.1550,33,0.000000e+0,-55,1
6,"Arequipa · llano · N-S aleatorio 6° · quebrado · medios ×2 · 6 filas · az 0°",21-dic,1040,79.3872,228.4830,11.1550,33,0.000000e+0,-55,1
6,"Arequipa · llano · N-S aleatorio 6° · quebrado · medios ×2 · 6 filas · az 0°",21-dic,1060,75.4845,239.6903,11.1550,33,0.000000e+0,-55,1
6,"Arequipa · llano · N-S aleatorio 6° · quebrado · medios ×2 · 6 filas · az 0°",21-dic,1080,71.2217,245.6266,11.1550,33,0.000000e+0,-55,1
6,"Arequipa · llano · N-S aleatorio 6° · quebrado · medios ×2 · 6 filas · az 0°",21-dic,1100,66.7992,249.0147,11.1550,33,0.000000e+0,44.5,1
6,"Arequipa · llano · N-S aleatorio 6° · quebrado · medios ×2 · 6 filas · az 0°",21-dic,1120,62.2968,251.0263,11.1550,33,2.958367e-2,55,0
6,"Arequipa · llano · N-S aleatorio 6° · quebrado · medios ×2 · 6 filas · az 0°",21-dic,1140,57.7514,252.2170,11.1550,33,1.445643e-2,55,0
6,"Arequipa · llano · N-S aleatorio 6° · quebrado · medios ×2 · 6 filas · az 0°",21-dic,1160,53.1829,252.8767,11.1550,33,0.000000e+0,54,1
6,"Arequipa · llano · N-S aleatorio 6° · quebrado · medios ×2 · 6 filas · az 0°",21-dic,1180,48.6031,253.1691,11.1550,33,4.987295e-3,49,0
6,"Arequipa · llano · N-S aleatorio 6° · quebrado · medios ×2 · 6 filas · az 0°",21-dic,1200,44.0199,253.1917,11.1550,33,0.000000e+0,44.5,1
6,"Arequipa · llano · N-S aleatorio 6° · quebrado · medios ×2 · 6 filas · az 0°",21-dic,1220,39.4393,253.0053,11.1550,33,0.000000e+0,40.5,1
6,"Arequipa · llano · N-S aleatorio 6° · quebrado · medios ×2 · 6 filas · az 0°",21-dic,1240,34.8660,252.6483,11.1550,33,3.647967e-3,36,0
6,"Arequipa · llano · N-S aleatorio 6° · quebrado · medios ×2 · 6 filas · az 0°",21-dic,1260,30.3044,252.1454,11.1550,33,4.223394e-3,32,0
6,"Arequipa · llano · N-S aleatorio 6° · quebrado · medios ×2 · 6 filas · az 0°",21-dic,1280,25.7587,251.5118,11.1550,33,8.142602e-3,26.5,0
6,"Arequipa · llano · N-S aleatorio 6° · quebrado · medios ×2 · 6 filas · az 0°",21-dic,1300,21.2337,250.7559,11.1550,33,1.241404e-2,22,0
6,"Arequipa · llano · N-S aleatorio 6° · quebrado · medios ×2 · 6 filas · az 0°",21-dic,1320,16.7351,249.8813,11.1550,33,9.975885e-3,18,0
6,"Arequipa · llano · N-S aleatorio 6° · quebrado · medios ×2 · 6 filas · az 0°",21-dic,1340,12.2712,248.8874,11.1550,33,1.062466e-2,14,0
6,"Arequipa · llano · N-S aleatorio 6° · quebrado · medios ×2 · 6 filas · az 0°",21-dic,1360,7.8581,247.7702,11.1550,33,2.912061e-2,7,0
6,"Arequipa · llano · N-S aleatorio 6° · quebrado · medios ×2 · 6 filas · az 0°",21-dic,1380,3.5464,246.5223,11.1550,64,5.685864e-2,4,0
7,"Arequipa · valle 3 · N-S rotula 6° · quebrado · bagnarelli ×1 · 10 filas · az 0°",21-jun,700,4.7742,63.8712,0.0000,28,2.974807e-1,-4,0
7,"Arequipa · valle 3 · N-S rotula 6° · quebrado · bagnarelli ×1 · 10 filas · az 0°",21-jun,720,8.9729,62.1856,0.0000,14,3.156600e-2,-7.5,0
7,"Arequipa · valle 3 · N-S rotula 6° · quebrado · bagnarelli ×1 · 10 filas · az 0°",21-jun,740,13.1432,60.3097,0.0000,14,4.097432e-2,-13,0
7,"Arequipa · valle 3 · N-S rotula 6° · quebrado · bagnarelli ×1 · 10 filas · az 0°",21-jun,760,17.2453,58.2184,0.0000,14,0.000000e+0,-18.5,1
7,"Arequipa · valle 3 · N-S rotula 6° · quebrado · bagnarelli ×1 · 10 filas · az 0°",21-jun,780,21.2561,55.8815,0.0000,14,0.000000e+0,-33,1
7,"Arequipa · valle 3 · N-S rotula 6° · quebrado · bagnarelli ×1 · 10 filas · az 0°",21-jun,800,25.1539,53.2637,0.0000,14,0.000000e+0,-53,1
7,"Arequipa · valle 3 · N-S rotula 6° · quebrado · bagnarelli ×1 · 10 filas · az 0°",21-jun,820,28.9146,50.3241,0.0000,14,0.000000e+0,-55,1
7,"Arequipa · valle 3 · N-S rotula 6° · quebrado · bagnarelli ×1 · 10 filas · az 0°",21-jun,840,32.5098,47.0168,0.0000,14,0.000000e+0,-55,1
7,"Arequipa · valle 3 · N-S rotula 6° · quebrado · bagnarelli ×1 · 10 filas · az 0°",21-jun,860,35.9052,43.2920,0.0000,14,0.000000e+0,-55,1
7,"Arequipa · valle 3 · N-S rotula 6° · quebrado · bagnarelli ×1 · 10 filas · az 0°",21-jun,880,39.0602,39.0991,0.0000,14,0.000000e+0,-55,1
7,"Arequipa · valle 3 · N-S rotula 6° · quebrado · bagnarelli ×1 · 10 filas · az 0°",21-jun,900,41.9268,34.3923,0.0000,14,0.000000e+0,-55,1
7,"Arequipa · valle 3 · N-S rotula 6° · quebrado · bagnarelli ×1 · 10 filas · az 0°",21-jun,920,44.4499,29.1395,0.0000,14,0.000000e+0,-55,1
7,"Arequipa · valle 3 · N-S rotula 6° · quebrado · bagnarelli ×1 · 10 filas · az 0°",21-jun,940,46.5693,23.3352,0.0000,14,0.000000e+0,-55,1
7,"Arequipa · valle 3 · N-S rotula 6° · quebrado · bagnarelli ×1 · 10 filas · az 0°",21-jun,960,48.2231,17.0150,0.0000,14,0.000000e+0,-55,1
7,"Arequipa · valle 3 · N-S rotula 6° · quebrado · bagnarelli ×1 · 10 filas · az 0°",21-jun,980,49.3544,10.2679,0.0000,14,0.000000e+0,-55,1
7,"Arequipa · valle 3 · N-S rotula 6° · quebrado · bagnarelli ×1 · 10 filas · az 0°",21-jun,1000,49.9185,3.2390,0.0000,14,0.000000e+0,-55,1
7,"Arequipa · valle 3 · N-S rotula 6° · quebrado · bagnarelli ×1 · 10 filas · az 0°",21-jun,1020,49.8916,356.1171,0.0000,14,0.000000e+0,-55,1
7,"Arequipa · valle 3 · N-S rotula 6° · quebrado · bagnarelli ×1 · 10 filas · az 0°",21-jun,1040,49.2748,349.1064,0.0000,14,0.000000e+0,-55,1
7,"Arequipa · valle 3 · N-S rotula 6° · quebrado · bagnarelli ×1 · 10 filas · az 0°",21-jun,1060,48.0942,342.3928,0.0000,14,0.000000e+0,-55,1
7,"Arequipa · valle 3 · N-S rotula 6° · quebrado · bagnarelli ×1 · 10 filas · az 0°",21-jun,1080,46.3957,336.1165,0.0000,14,0.000000e+0,-55,1
7,"Arequipa · valle 3 · N-S rotula 6° · quebrado · bagnarelli ×1 · 10 filas · az 0°",21-jun,1100,44.2372,330.3613,0.0000,14,0.000000e+0,-55,1
7,"Arequipa · valle 3 · N-S rotula 6° · quebrado · bagnarelli ×1 · 10 filas · az 0°",21-jun,1120,41.6806,325.1587,0.0000,14,0.000000e+0,-55,1
7,"Arequipa · valle 3 · N-S rotula 6° · quebrado · bagnarelli ×1 · 10 filas · az 0°",21-jun,1140,38.7857,320.5000,0.0000,14,0.000000e+0,-55,1
7,"Arequipa · valle 3 · N-S rotula 6° · quebrado · bagnarelli ×1 · 10 filas · az 0°",21-jun,1160,35.6071,316.3514,0.0000,14,0.000000e+0,-36.5,1
7,"Arequipa · valle 3 · N-S rotula 6° · quebrado · bagnarelli ×1 · 10 filas · az 0°",21-jun,1180,32.1920,312.6665,0.0000,14,0.000000e+0,-9.5,1
7,"Arequipa · valle 3 · N-S rotula 6° · quebrado · bagnarelli ×1 · 10 filas · az 0°",21-jun,1200,28.5805,309.3944,0.0000,14,0.000000e+0,3.5,1
7,"Arequipa · valle 3 · N-S rotula 6° · quebrado · bagnarelli ×1 · 10 filas · az 0°",21-jun,1220,24.8063,306.4858,0.0000,14,0.000000e+0,14,1
7,"Arequipa · valle 3 · N-S rotula 6° · quebrado · bagnarelli ×1 · 10 filas · az 0°",21-jun,1240,20.8973,303.8950,0.0000,14,0.000000e+0,20,1
7,"Arequipa · valle 3 · N-S rotula 6° · quebrado · bagnarelli ×1 · 10 filas · az 0°",21-jun,1260,16.8774,301.5817,0.0000,14,1.156119e-1,23,0
7,"Arequipa · valle 3 · N-S rotula 6° · quebrado · bagnarelli ×1 · 10 filas · az 0°",21-jun,1280,12.7680,299.5110,0.0000,14,7.238847e-3,11.5,0
7,"Arequipa · valle 3 · N-S rotula 6° · quebrado · bagnarelli ×1 · 10 filas · az 0°",21-jun,1300,8.5930,297.6533,0.0000,14,6.349908e-2,7,0
7,"Arequipa · valle 3 · N-S rotula 6° · quebrado · bagnarelli ×1 · 10 filas · az 0°",21-jun,1320,4.3962,295.9837,0.0000,28,2.653145e-1,5.5,0
7,"Arequipa · valle 3 · N-S rotula 6° · quebrado · bagnarelli ×1 · 10 filas · az 0°",21-mar,680,6.1794,87.8345,0.0000,14,1.477578e-2,-6.5,0
7,"Arequipa · valle 3 · N-S rotula 6° · quebrado · bagnarelli ×1 · 10 filas · az 0°",21-mar,700,10.9081,86.3640,0.0000,14,0.000000e+0,-11.5,1
7,"Arequipa · valle 3 · N-S rotula 6° · quebrado · bagnarelli ×1 · 10 filas · az 0°",21-mar,720,15.6602,84.8431,0.0000,14,0.000000e+0,-16,1
7,"Arequipa · valle 3 · N-S rotula 6° · quebrado · bagnarelli ×1 · 10 filas · az 0°",21-mar,740,20.4114,83.2469,0.0000,14,0.000000e+0,-30,1
7,"Arequipa · valle 3 · N-S rotula 6° · quebrado · bagnarelli ×1 · 10 filas · az 0°",21-mar,760,25.1514,81.5460,0.0000,14,0.000000e+0,-48.5,1
7,"Arequipa · valle 3 · N-S rotula 6° · quebrado · bagnarelli ×1 · 10 filas · az 0°",21-mar,780,29.8721,79.7046,0.0000,14,0.000000e+0,-55,1
7,"Arequipa · valle 3 · N-S rotula 6° · quebrado · bagnarelli ×1 · 10 filas · az 0°",21-mar,800,34.5652,77.6773,0.0000,14,0.000000e+0,-55,1
7,"Arequipa · valle 3 · N-S rotula 6° · quebrado · bagnarelli ×1 · 10 filas · az 0°",21-mar,820,39.2209,75.4045,0.0000,14,0.000000e+0,-55,1
7,"Arequipa · valle 3 · N-S rotula 6° · quebrado · bagnarelli ×1 · 10 filas · az 0°",21-mar,840,43.8256,72.8064,0.0000,14,0.000000e+0,-55,1
7,"Arequipa · valle 3 · N-S rotula 6° · quebrado · bagnarelli ×1 · 10 filas · az 0°",21-mar,860,48.3608,69.7727,0.0000,14,0.000000e+0,-55,1
7,"Arequipa · valle 3 · N-S rotula 6° · quebrado · bagnarelli ×1 · 10 filas · az 0°",21-mar,880,52.7997,66.1475,0.0000,14,0.000000e+0,-55,1
7,"Arequipa · valle 3 · N-S rotula 6° · quebrado · bagnarelli ×1 · 10 filas · az 0°",21-mar,900,57.1020,61.7065,0.0000,14,0.000000e+0,-55,1
7,"Arequipa · valle 3 · N-S rotula 6° · quebrado · bagnarelli ×1 · 10 filas · az 0°",21-mar,920,61.2050,56.1234,0.0000,14,0.000000e+0,-55,1
7,"Arequipa · valle 3 · N-S rotula 6° · quebrado · bagnarelli ×1 · 10 filas · az 0°",21-mar,940,65.0093,48.9323,0.0000,14,0.000000e+0,-55,1
7,"Arequipa · valle 3 · N-S rotula 6° · quebrado · bagnarelli ×1 · 10 filas · az 0°",21-mar,960,68.3560,39.5174,0.0000,14,0.000000e+0,-55,1
7,"Arequipa · valle 3 · N-S rotula 6° · quebrado · bagnarelli ×1 · 10 filas · az 0°",21-mar,980,71.0006,27.2555,0.0000,14,0.000000e+0,-55,1
7,"Arequipa · valle 3 · N-S rotula 6° · quebrado · bagnarelli ×1 · 10 filas · az 0°",21-mar,1000,72.6192,12.0480,0.0000,14,0.000000e+0,-55,1
7,"Arequipa · valle 3 · N-S rotula 6° · quebrado · bagnarelli ×1 · 10 filas · az 0°",21-mar,1020,72.9172,355.1449,0.0000,14,0.000000e+0,-55,1
7,"Arequipa · valle 3 · N-S rotula 6° · quebrado · bagnarelli ×1 · 10 filas · az 0°",21-mar,1040,71.8293,338.9743,0.0000,14,0.000000e+0,-55,1
7,"Arequipa · valle 3 · N-S rotula 6° · quebrado · bagnarelli ×1 · 10 filas · az 0°",21-mar,1060,69.5760,325.4193,0.0000,14,0.000000e+0,-55,1
7,"Arequipa · valle 3 · N-S rotula 6° · quebrado · bagnarelli ×1 · 10 filas · az 0°",21-mar,1080,66.4904,314.8661,0.0000,14,0.000000e+0,-55,1
7,"Arequipa · valle 3 · N-S rotula 6° · quebrado · bagnarelli ×1 · 10 filas · az 0°",21-mar,1100,62.8553,306.8185,0.0000,14,0.000000e+0,-55,1
7,"Arequipa · valle 3 · N-S rotula 6° · quebrado · bagnarelli ×1 · 10 filas · az 0°",21-mar,1120,58.8631,300.6237,0.0000,14,0.000000e+0,-55,1
7,"Arequipa · valle 3 · N-S rotula 6° · quebrado · bagnarelli ×1 · 10 filas · az 0°",21-mar,1140,54.6351,295.7491,0.0000,14,0.000000e+0,-55,1
7,"Arequipa · valle 3 · N-S rotula 6° · quebrado · bagnarelli ×1 · 10 filas · az 0°",21-mar,1160,50.2473,291.8140,0.0000,14,0.000000e+0,-55,1
7,"Arequipa · valle 3 · N-S rotula 6° · quebrado · bagnarelli ×1 · 10 filas · az 0°",21-mar,1180,45.7481,288.5555,0.0000,14,0.000000e+0,-55,1
7,"Arequipa · valle 3 · N-S rotula 6° · quebrado · bagnarelli ×1 · 10 filas · az 0°",21-mar,1200,41.1691,285.7922,0.0000,14,0.000000e+0,-24.5,1
7,"Arequipa · valle 3 · N-S rotula 6° · quebrado · bagnarelli ×1 · 10 filas · az 0°",21-mar,1220,36.5321,283.3969,0.0000,14,0.000000e+0,-7,1
7,"Arequipa · valle 3 · N-S rotula 6° · quebrado · bagnarelli ×1 · 10 filas · az 0°",21-mar,1240,31.8523,281.2784,0.0000,14,0.000000e+0,4,1
7,"Arequipa · valle 3 · N-S rotula 6° · quebrado · bagnarelli ×1 · 10 filas · az 0°",21-mar,1260,27.1408,279.3695,0.0000,14,0.000000e+0,13.5,1
7,"Arequipa · valle 3 · N-S rotula 6° · quebrado · bagnarelli ×1 · 10 filas · az 0°",21-mar,1280,22.4065,277.6197,0.0000,14,5.209912e-3,22.5,0
7,"Arequipa · valle 3 · N-S rotula 6° · quebrado · bagnarelli ×1 · 10 filas · az 0°",21-mar,1300,17.6572,275.9894,0.0000,14,0.000000e+0,14.5,1
7,"Arequipa · valle 3 · N-S rotula 6° · quebrado · bagnarelli ×1 · 10 filas · az 0°",21-mar,1320,12.9018,274.4469,0.0000,14,2.333092e-3,12.5,0
7,"Arequipa · valle 3 · N-S rotula 6° · quebrado · bagnarelli ×1 · 10 filas · az 0°",21-mar,1340,8.1561,272.9659,0.0000,14,1.803442e-2,8,0
7,"Arequipa · valle 3 · N-S rotula 6° · quebrado · bagnarelli ×1 · 10 filas · az 0°",21-mar,1360,3.4752,271.5234,0.0000,28,1.747538e-3,3.5,0
7,"Arequipa · valle 3 · N-S rotula 6° · quebrado · bagnarelli ×1 · 10 filas · az 0°",21-dic,640,5.5090,112.8863,0.0000,28,6.212532e-2,-6,0
7,"Arequipa · valle 3 · N-S rotula 6° · quebrado · bagnarelli ×1 · 10 filas · az 0°",21-dic,660,9.8795,111.6997,0.0000,14,6.793515e-2,-10,0
7,"Arequipa · valle 3 · N-S rotula 6° · quebrado · bagnarelli ×1 · 10 filas · az 0°",21-dic,680,14.3190,110.6399,0.0000,14,0.000000e+0,-18,1
7,"Arequipa · valle 3 · N-S rotula 6° · quebrado · bagnarelli ×1 · 10 filas · az 0°",21-dic,700,18.8002,109.7012,0.0000,14,0.000000e+0,-30.5,1
7,"Arequipa · valle 3 · N-S rotula 6° · quebrado · bagnarelli ×1 · 10 filas · az 0°",21-dic,720,23.3118,108.8811,0.0000,14,0.000000e+0,-47,1
7,"Arequipa · valle 3 · N-S rotula 6° · quebrado · bagnarelli ×1 · 10 filas · az 0°",21-dic,740,27.8469,108.1807,0.0000,14,0.000000e+0,-55,1
7,"Arequipa · valle 3 · N-S rotula 6° · quebrado · bagnarelli ×1 · 10 filas · az 0°",21-dic,760,32.4005,107.6058,0.0000,14,0.000000e+0,-55,1
7,"Arequipa · valle 3 · N-S rotula 6° · quebrado · bagnarelli ×1 · 10 filas · az 0°",21-dic,780,36.9680,107.1676,0.0000,14,0.000000e+0,-55,1
7,"Arequipa · valle 3 · N-S rotula 6° · quebrado · bagnarelli ×1 · 10 filas · az 0°",21-dic,800,41.5453,106.8854,0.0000,14,0.000000e+0,-55,1
7,"Arequipa · valle 3 · N-S rotula 6° · quebrado · bagnarelli ×1 · 10 filas · az 0°",21-dic,820,46.1277,106.7892,0.0000,14,0.000000e+0,-55,1
7,"Arequipa · valle 3 · N-S rotula 6° · quebrado · bagnarelli ×1 · 10 filas · az 0°",21-dic,840,50.7102,106.9266,0.0000,14,0.000000e+0,-55,1
7,"Arequipa · valle 3 · N-S rotula 6° · quebrado · bagnarelli ×1 · 10 filas · az 0°",21-dic,860,55.2860,107.3727,0.0000,14,0.000000e+0,-55,1
7,"Arequipa · valle 3 · N-S rotula 6° · quebrado · bagnarelli ×1 · 10 filas · az 0°",21-dic,880,59.8457,108.2507,0.0000,14,0.000000e+0,-55,1
7,"Arequipa · valle 3 · N-S rotula 6° · quebrado · bagnarelli ×1 · 10 filas · az 0°",21-dic,900,64.3745,109.7715,0.0000,14,0.000000e+0,-55,1
7,"Arequipa · valle 3 · N-S rotula 6° · quebrado · bagnarelli ×1 · 10 filas · az 0°",21-dic,920,68.8464,112.3221,0.0000,14,0.000000e+0,-55,1
7,"Arequipa · valle 3 · N-S rotula 6° · quebrado · bagnarelli ×1 · 10 filas · az 0°",21-dic,940,73.2097,116.6755,0.0000,14,0.000000e+0,-55,1
7,"Arequipa · valle 3 · N-S rotula 6° · quebrado · bagnarelli ×1 · 10 filas · az 0°",21-dic,960,77.3452,124.5416,0.0000,14,0.000000e+0,-55,1
7,"Arequipa · valle 3 · N-S rotula 6° · quebrado · bagnarelli ×1 · 10 filas · az 0°",21-dic,980,80.9293,139.9625,0.0000,14,0.000000e+0,-55,1
7,"Arequipa · valle 3 · N-S rotula 6° · quebrado · bagnarelli ×1 · 10 filas · az 0°",21-dic,1000,83.0437,169.7235,0.0000,14,0.000000e+0,-55,1
7,"Arequipa · valle 3 · N-S rotula 6° · quebrado · bagnarelli ×1 · 10 filas · az 0°",21-dic,1020,82.3507,206.0083,0.0000,14,0.000000e+0,-55,1
7,"Arequipa · valle 3 · N-S rotula 6° · quebrado · bagnarelli ×1 · 10 filas · az 0°",21-dic,1040,79.3872,228.4830,0.0000,14,0.000000e+0,-55,1
7,"Arequipa · valle 3 · N-S rotula 6° · quebrado · bagnarelli ×1 · 10 filas · az 0°",21-dic,1060,75.4845,239.6903,0.0000,14,0.000000e+0,-55,1
7,"Arequipa · valle 3 · N-S rotula 6° · quebrado · bagnarelli ×1 · 10 filas · az 0°",21-dic,1080,71.2217,245.6266,0.0000,14,0.000000e+0,-55,1
7,"Arequipa · valle 3 · N-S rotula 6° · quebrado · bagnarelli ×1 · 10 filas · az 0°",21-dic,1100,66.7992,249.0147,0.0000,14,0.000000e+0,-55,1
7,"Arequipa · valle 3 · N-S rotula 6° · quebrado · bagnarelli ×1 · 10 filas · az 0°",21-dic,1120,62.2968,251.0263,0.0000,14,0.000000e+0,-55,1
7,"Arequipa · valle 3 · N-S rotula 6° · quebrado · bagnarelli ×1 · 10 filas · az 0°",21-dic,1140,57.7514,252.2170,0.0000,14,0.000000e+0,-55,1
7,"Arequipa · valle 3 · N-S rotula 6° · quebrado · bagnarelli ×1 · 10 filas · az 0°",21-dic,1160,53.1829,252.8767,0.0000,14,0.000000e+0,-55,1
7,"Arequipa · valle 3 · N-S rotula 6° · quebrado · bagnarelli ×1 · 10 filas · az 0°",21-dic,1180,48.6031,253.1691,0.0000,14,0.000000e+0,-55,1
7,"Arequipa · valle 3 · N-S rotula 6° · quebrado · bagnarelli ×1 · 10 filas · az 0°",21-dic,1200,44.0199,253.1917,0.0000,14,0.000000e+0,-55,1
7,"Arequipa · valle 3 · N-S rotula 6° · quebrado · bagnarelli ×1 · 10 filas · az 0°",21-dic,1220,39.4393,253.0053,0.0000,14,0.000000e+0,-12.5,1
7,"Arequipa · valle 3 · N-S rotula 6° · quebrado · bagnarelli ×1 · 10 filas · az 0°",21-dic,1240,34.8660,252.6483,0.0000,14,0.000000e+0,0.5,1
7,"Arequipa · valle 3 · N-S rotula 6° · quebrado · bagnarelli ×1 · 10 filas · az 0°",21-dic,1260,30.3044,252.1454,0.0000,14,0.000000e+0,10,1
7,"Arequipa · valle 3 · N-S rotula 6° · quebrado · bagnarelli ×1 · 10 filas · az 0°",21-dic,1280,25.7587,251.5118,0.0000,14,0.000000e+0,18.5,1
7,"Arequipa · valle 3 · N-S rotula 6° · quebrado · bagnarelli ×1 · 10 filas · az 0°",21-dic,1300,21.2337,250.7559,0.0000,14,2.890044e-3,21,0
7,"Arequipa · valle 3 · N-S rotula 6° · quebrado · bagnarelli ×1 · 10 filas · az 0°",21-dic,1320,16.7351,249.8813,0.0000,14,0.000000e+0,16,1
7,"Arequipa · valle 3 · N-S rotula 6° · quebrado · bagnarelli ×1 · 10 filas · az 0°",21-dic,1340,12.2712,248.8874,0.0000,14,9.405180e-3,13.5,0
7,"Arequipa · valle 3 · N-S rotula 6° · quebrado · bagnarelli ×1 · 10 filas · az 0°",21-dic,1360,7.8581,247.7702,0.0000,14,3.658945e-1,9,0
7,"Arequipa · valle 3 · N-S rotula 6° · quebrado · bagnarelli ×1 · 10 filas · az 0°",21-dic,1380,3.5464,246.5223,0.0000,28,4.070231e-1,4.5,0
8,"Arequipa · ondulado 0.6 · N-S aleatorio 4° · quebrado · tresbolillo ×2 · 8 filas · az 15°",21-jun,700,4.7742,63.8712,7.4367,64,8.261312e-2,-6.5,0
8,"Arequipa · ondulado 0.6 · N-S aleatorio 4° · quebrado · tresbolillo ×2 · 8 filas · az 15°",21-jun,720,8.9729,62.1856,7.4367,33,2.981083e-2,-9.5,0
8,"Arequipa · ondulado 0.6 · N-S aleatorio 4° · quebrado · tresbolillo ×2 · 8 filas · az 15°",21-jun,740,13.1432,60.3097,7.4367,33,1.884248e-2,-17.5,0
8,"Arequipa · ondulado 0.6 · N-S aleatorio 4° · quebrado · tresbolillo ×2 · 8 filas · az 15°",21-jun,760,17.2453,58.2184,7.4367,33,1.484731e-2,-22.5,0
8,"Arequipa · ondulado 0.6 · N-S aleatorio 4° · quebrado · tresbolillo ×2 · 8 filas · az 15°",21-jun,780,21.2561,55.8815,7.4367,33,9.758841e-3,-30,0
8,"Arequipa · ondulado 0.6 · N-S aleatorio 4° · quebrado · tresbolillo ×2 · 8 filas · az 15°",21-jun,800,25.1539,53.2637,7.4367,33,6.514352e-3,-35,0
8,"Arequipa · ondulado 0.6 · N-S aleatorio 4° · quebrado · tresbolillo ×2 · 8 filas · az 15°",21-jun,820,28.9146,50.3241,7.4367,33,0.000000e+0,-43,1
8,"Arequipa · ondulado 0.6 · N-S aleatorio 4° · quebrado · tresbolillo ×2 · 8 filas · az 15°",21-jun,840,32.5098,47.0168,7.4367,33,0.000000e+0,-49.5,1
8,"Arequipa · ondulado 0.6 · N-S aleatorio 4° · quebrado · tresbolillo ×2 · 8 filas · az 15°",21-jun,860,35.9052,43.2920,7.4367,33,0.000000e+0,-55,1
8,"Arequipa · ondulado 0.6 · N-S aleatorio 4° · quebrado · tresbolillo ×2 · 8 filas · az 15°",21-jun,880,39.0602,39.0991,7.4367,33,0.000000e+0,-55,1
8,"Arequipa · ondulado 0.6 · N-S aleatorio 4° · quebrado · tresbolillo ×2 · 8 filas · az 15°",21-jun,900,41.9268,34.3923,7.4367,33,0.000000e+0,-55,1
8,"Arequipa · ondulado 0.6 · N-S aleatorio 4° · quebrado · tresbolillo ×2 · 8 filas · az 15°",21-jun,920,44.4499,29.1395,7.4367,33,0.000000e+0,-55,1
8,"Arequipa · ondulado 0.6 · N-S aleatorio 4° · quebrado · tresbolillo ×2 · 8 filas · az 15°",21-jun,940,46.5693,23.3352,7.4367,33,0.000000e+0,-55,1
8,"Arequipa · ondulado 0.6 · N-S aleatorio 4° · quebrado · tresbolillo ×2 · 8 filas · az 15°",21-jun,960,48.2231,17.0150,7.4367,33,0.000000e+0,-55,1
8,"Arequipa · ondulado 0.6 · N-S aleatorio 4° · quebrado · tresbolillo ×2 · 8 filas · az 15°",21-jun,980,49.3544,10.2679,7.4367,33,0.000000e+0,-55,1
8,"Arequipa · ondulado 0.6 · N-S aleatorio 4° · quebrado · tresbolillo ×2 · 8 filas · az 15°",21-jun,1000,49.9185,3.2390,7.4367,33,0.000000e+0,-55,1
8,"Arequipa · ondulado 0.6 · N-S aleatorio 4° · quebrado · tresbolillo ×2 · 8 filas · az 15°",21-jun,1020,49.8916,356.1171,7.4367,33,0.000000e+0,-55,1
8,"Arequipa · ondulado 0.6 · N-S aleatorio 4° · quebrado · tresbolillo ×2 · 8 filas · az 15°",21-jun,1040,49.2748,349.1064,7.4367,33,0.000000e+0,-55,1
8,"Arequipa · ondulado 0.6 · N-S aleatorio 4° · quebrado · tresbolillo ×2 · 8 filas · az 15°",21-jun,1060,48.0942,342.3928,7.4367,33,0.000000e+0,12.5,1
8,"Arequipa · ondulado 0.6 · N-S aleatorio 4° · quebrado · tresbolillo ×2 · 8 filas · az 15°",21-jun,1080,46.3957,336.1165,7.4367,33,0.000000e+0,34.5,1
8,"Arequipa · ondulado 0.6 · N-S aleatorio 4° · quebrado · tresbolillo ×2 · 8 filas · az 15°",21-jun,1100,44.2372,330.3613,7.4367,33,0.000000e+0,50.5,1
8,"Arequipa · ondulado 0.6 · N-S aleatorio 4° · quebrado · tresbolillo ×2 · 8 filas · az 15°",21-jun,1120,41.6806,325.1587,7.4367,33,0.000000e+0,47,1
8,"Arequipa · ondulado 0.6 · N-S aleatorio 4° · quebrado · tresbolillo ×2 · 8 filas · az 15°",21-jun,1140,38.7857,320.5000,7.4367,33,0.000000e+0,42,1
8,"Arequipa · ondulado 0.6 · N-S aleatorio 4° · quebrado · tresbolillo ×2 · 8 filas · az 15°",21-jun,1160,35.6071,316.3514,7.4367,33,0.000000e+0,38,1
8,"Arequipa · ondulado 0.6 · N-S aleatorio 4° · quebrado · tresbolillo ×2 · 8 filas · az 15°",21-jun,1180,32.1920,312.6665,7.4367,33,0.000000e+0,35,1
8,"Arequipa · ondulado 0.6 · N-S aleatorio 4° · quebrado · tresbolillo ×2 · 8 filas · az 15°",21-jun,1200,28.5805,309.3944,7.4367,33,3.808582e-3,30,0
8,"Arequipa · ondulado 0.6 · N-S aleatorio 4° · quebrado · tresbolillo ×2 · 8 filas · az 15°",21-jun,1220,24.8063,306.4858,7.4367,33,0.000000e+0,27,1
8,"Arequipa · ondulado 0.6 · N-S aleatorio 4° · quebrado · tresbolillo ×2 · 8 filas · az 15°",21-jun,1240,20.8973,303.8950,7.4367,33,1.132095e-2,21.5,0
8,"Arequipa · ondulado 0.6 · N-S aleatorio 4° · quebrado · tresbolillo ×2 · 8 filas · az 15°",21-jun,1260,16.8774,301.5817,7.4367,33,1.002041e-2,18,0
8,"Arequipa · ondulado 0.6 · N-S aleatorio 4° · quebrado · tresbolillo ×2 · 8 filas · az 15°",21-jun,1280,12.7680,299.5110,7.4367,33,1.398629e-2,13.5,0
8,"Arequipa · ondulado 0.6 · N-S aleatorio 4° · quebrado · tresbolillo ×2 · 8 filas · az 15°",21-jun,1300,8.5930,297.6533,7.4367,33,1.758096e-2,8.5,0
8,"Arequipa · ondulado 0.6 · N-S aleatorio 4° · quebrado · tresbolillo ×2 · 8 filas · az 15°",21-jun,1320,4.3962,295.9837,7.4367,64,4.154819e-2,4.5,0
8,"Arequipa · ondulado 0.6 · N-S aleatorio 4° · quebrado · tresbolillo ×2 · 8 filas · az 15°",21-mar,680,6.1794,87.8345,7.4367,33,2.658062e-2,-6.5,0
8,"Arequipa · ondulado 0.6 · N-S aleatorio 4° · quebrado · tresbolillo ×2 · 8 filas · az 15°",21-mar,700,10.9081,86.3640,7.4367,33,2.311722e-2,-11.5,0
8,"Arequipa · ondulado 0.6 · N-S aleatorio 4° · quebrado · tresbolillo ×2 · 8 filas · az 15°",21-mar,720,15.6602,84.8431,7.4367,33,7.856676e-3,-16.5,0
8,"Arequipa · ondulado 0.6 · N-S aleatorio 4° · quebrado · tresbolillo ×2 · 8 filas · az 15°",21-mar,740,20.4114,83.2469,7.4367,33,3.042180e-3,-21,0
8,"Arequipa · ondulado 0.6 · N-S aleatorio 4° · quebrado · tresbolillo ×2 · 8 filas · az 15°",21-mar,760,25.1514,81.5460,7.4367,33,3.252865e-3,-26,0
8,"Arequipa · ondulado 0.6 · N-S aleatorio 4° · quebrado · tresbolillo ×2 · 8 filas · az 15°",21-mar,780,29.8721,79.7046,7.4367,33,4.087917e-3,-31.5,0
8,"Arequipa · ondulado 0.6 · N-S aleatorio 4° · quebrado · tresbolillo ×2 · 8 filas · az 15°",21-mar,800,34.5652,77.6773,7.4367,33,0.000000e+0,-37.5,1
8,"Arequipa · ondulado 0.6 · N-S aleatorio 4° · quebrado · tresbolillo ×2 · 8 filas · az 15°",21-mar,820,39.2209,75.4045,7.4367,33,0.000000e+0,-42.5,1
8,"Arequipa · ondulado 0.6 · N-S aleatorio 4° · quebrado · tresbolillo ×2 · 8 filas · az 15°",21-mar,840,43.8256,72.8064,7.4367,33,0.000000e+0,-48.5,1
8,"Arequipa · ondulado 0.6 · N-S aleatorio 4° · quebrado · tresbolillo ×2 · 8 filas · az 15°",21-mar,860,48.3608,69.7727,7.4367,33,0.000000e+0,-55,1
8,"Arequipa · ondulado 0.6 · N-S aleatorio 4° · quebrado · tresbolillo ×2 · 8 filas · az 15°",21-mar,880,52.7997,66.1475,7.4367,33,0.000000e+0,-55,1
8,"Arequipa · ondulado 0.6 · N-S aleatorio 4° · quebrado · tresbolillo ×2 · 8 filas · az 15°",21-mar,900,57.1020,61.7065,7.4367,33,0.000000e+0,-55,1
8,"Arequipa · ondulado 0.6 · N-S aleatorio 4° · quebrado · tresbolillo ×2 · 8 filas · az 15°",21-mar,920,61.2050,56.1234,7.4367,33,0.000000e+0,-55,1
8,"Arequipa · ondulado 0.6 · N-S aleatorio 4° · quebrado · tresbolillo ×2 · 8 filas · az 15°",21-mar,940,65.0093,48.9323,7.4367,33,0.000000e+0,-55,1
8,"Arequipa · ondulado 0.6 · N-S aleatorio 4° · quebrado · tresbolillo ×2 · 8 filas · az 15°",21-mar,960,68.3560,39.5174,7.4367,33,0.000000e+0,-55,1
8,"Arequipa · ondulado 0.6 · N-S aleatorio 4° · quebrado · tresbolillo ×2 · 8 filas · az 15°",21-mar,980,71.0006,27.2555,7.4367,33,0.000000e+0,-55,1
8,"Arequipa · ondulado 0.6 · N-S aleatorio 4° · quebrado · tresbolillo ×2 · 8 filas · az 15°",21-mar,1000,72.6192,12.0480,7.4367,33,0.000000e+0,-55,1
8,"Arequipa · ondulado 0.6 · N-S aleatorio 4° · quebrado · tresbolillo ×2 · 8 filas · az 15°",21-mar,1020,72.9172,355.1449,7.4367,33,0.000000e+0,-55,1
8,"Arequipa · ondulado 0.6 · N-S aleatorio 4° · quebrado · tresbolillo ×2 · 8 filas · az 15°",21-mar,1040,71.8293,338.9743,7.4367,33,0.000000e+0,-55,1
8,"Arequipa · ondulado 0.6 · N-S aleatorio 4° · quebrado · tresbolillo ×2 · 8 filas · az 15°",21-mar,1060,69.5760,325.4193,7.4367,33,0.000000e+0,-55,1
8,"Arequipa · ondulado 0.6 · N-S aleatorio 4° · quebrado · tresbolillo ×2 · 8 filas · az 15°",21-mar,1080,66.4904,314.8661,7.4367,33,0.000000e+0,-55,1
8,"Arequipa · ondulado 0.6 · N-S aleatorio 4° · quebrado · tresbolillo ×2 · 8 filas · az 15°",21-mar,1100,62.8553,306.8185,7.4367,33,0.000000e+0,5,1
8,"Arequipa · ondulado 0.6 · N-S aleatorio 4° · quebrado · tresbolillo ×2 · 8 filas · az 15°",21-mar,1120,58.8631,300.6237,7.4367,33,0.000000e+0,28,1
8,"Arequipa · ondulado 0.6 · N-S aleatorio 4° · quebrado · tresbolillo ×2 · 8 filas · az 15°",21-mar,1140,54.6351,295.7491,7.4367,33,0.000000e+0,44,1
8,"Arequipa · ondulado 0.6 · N-S aleatorio 4° · quebrado · tresbolillo ×2 · 8 filas · az 15°",21-mar,1160,50.2473,291.8140,7.4367,33,0.000000e+0,50,1
8,"Arequipa · ondulado 0.6 · N-S aleatorio 4° · quebrado · tresbolillo ×2 · 8 filas · az 15°",21-mar,1180,45.7481,288.5555,7.4367,33,0.000000e+0,44.5,1
8,"Arequipa · ondulado 0.6 · N-S aleatorio 4° · quebrado · tresbolillo ×2 · 8 filas · az 15°",21-mar,1200,41.1691,285.7922,7.4367,33,0.000000e+0,40.5,1
8,"Arequipa · ondulado 0.6 · N-S aleatorio 4° · quebrado · tresbolillo ×2 · 8 filas · az 15°",21-mar,1220,36.5321,283.3969,7.4367,33,0.000000e+0,36.5,1
8,"Arequipa · ondulado 0.6 · N-S aleatorio 4° · quebrado · tresbolillo ×2 · 8 filas · az 15°",21-mar,1240,31.8523,281.2784,7.4367,33,0.000000e+0,32,1
8,"Arequipa · ondulado 0.6 · N-S aleatorio 4° · quebrado · tresbolillo ×2 · 8 filas · az 15°",21-mar,1260,27.1408,279.3695,7.4367,33,0.000000e+0,27,1
8,"Arequipa · ondulado 0.6 · N-S aleatorio 4° · quebrado · tresbolillo ×2 · 8 filas · az 15°",21-mar,1280,22.4065,277.6197,7.4367,33,0.000000e+0,22.5,1
8,"Arequipa · ondulado 0.6 · N-S aleatorio 4° · quebrado · tresbolillo ×2 · 8 filas · az 15°",21-mar,1300,17.6572,275.9894,7.4367,33,0.000000e+0,18.5,1
8,"Arequipa · ondulado 0.6 · N-S aleatorio 4° · quebrado · tresbolillo ×2 · 8 filas · az 15°",21-mar,1320,12.9018,274.4469,7.4367,33,7.333664e-3,13,0
8,"Arequipa · ondulado 0.6 · N-S aleatorio 4° · quebrado · tresbolillo ×2 · 8 filas · az 15°",21-mar,1340,8.1561,272.9659,7.4367,33,9.932428e-3,8.5,0
8,"Arequipa · ondulado 0.6 · N-S aleatorio 4° · quebrado · tresbolillo ×2 · 8 filas · az 15°",21-mar,1360,3.4752,271.5234,7.4367,64,5.022686e-2,3.5,0
8,"Arequipa · ondulado 0.6 · N-S aleatorio 4° · quebrado · tresbolillo ×2 · 8 filas · az 15°",21-dic,640,5.5090,112.8863,7.4367,64,1.157741e-2,-5,0
8,"Arequipa · ondulado 0.6 · N-S aleatorio 4° · quebrado · tresbolillo ×2 · 8 filas · az 15°",21-dic,660,9.8795,111.6997,7.4367,33,1.295994e-2,-10,0
8,"Arequipa · ondulado 0.6 · N-S aleatorio 4° · quebrado · tresbolillo ×2 · 8 filas · az 15°",21-dic,680,14.3190,110.6399,7.4367,33,0.000000e+0,-15,1
8,"Arequipa · ondulado 0.6 · N-S aleatorio 4° · quebrado · tresbolillo ×2 · 8 filas · az 15°",21-dic,700,18.8002,109.7012,7.4367,33,0.000000e+0,-19,1
8,"Arequipa · ondulado 0.6 · N-S aleatorio 4° · quebrado · tresbolillo ×2 · 8 filas · az 15°",21-dic,720,23.3118,108.8811,7.4367,33,0.000000e+0,-24,1
8,"Arequipa · ondulado 0.6 · N-S aleatorio 4° · quebrado · tresbolillo ×2 · 8 filas · az 15°",21-dic,740,27.8469,108.1807,7.4367,33,1.142961e-2,-27.5,0
8,"Arequipa · ondulado 0.6 · N-S aleatorio 4° · quebrado · tresbolillo ×2 · 8 filas · az 15°",21-dic,760,32.4005,107.6058,7.4367,33,0.000000e+0,-32.5,1
8,"Arequipa · ondulado 0.6 · N-S aleatorio 4° · quebrado · tresbolillo ×2 · 8 filas · az 15°",21-dic,780,36.9680,107.1676,7.4367,33,0.000000e+0,-37,1
8,"Arequipa · ondulado 0.6 · N-S aleatorio 4° · quebrado · tresbolillo ×2 · 8 filas · az 15°",21-dic,800,41.5453,106.8854,7.4367,33,0.000000e+0,-42,1
8,"Arequipa · ondulado 0.6 · N-S aleatorio 4° · quebrado · tresbolillo ×2 · 8 filas · az 15°",21-dic,820,46.1277,106.7892,7.4367,33,2.213646e-3,-46,0
8,"Arequipa · ondulado 0.6 · N-S aleatorio 4° · quebrado · tresbolillo ×2 · 8 filas · az 15°",21-dic,840,50.7102,106.9266,7.4367,33,0.000000e+0,-51.5,1
8,"Arequipa · ondulado 0.6 · N-S aleatorio 4° · quebrado · tresbolillo ×2 · 8 filas · az 15°",21-dic,860,55.2860,107.3727,7.4367,33,0.000000e+0,-55,1
8,"Arequipa · ondulado 0.6 · N-S aleatorio 4° · quebrado · tresbolillo ×2 · 8 filas · az 15°",21-dic,880,59.8457,108.2507,7.4367,33,0.000000e+0,-55,1
8,"Arequipa · ondulado 0.6 · N-S aleatorio 4° · quebrado · tresbolillo ×2 · 8 filas · az 15°",21-dic,900,64.3745,109.7715,7.4367,33,0.000000e+0,-55,1
8,"Arequipa · ondulado 0.6 · N-S aleatorio 4° · quebrado · tresbolillo ×2 · 8 filas · az 15°",21-dic,920,68.8464,112.3221,7.4367,33,0.000000e+0,-55,1
8,"Arequipa · ondulado 0.6 · N-S aleatorio 4° · quebrado · tresbolillo ×2 · 8 filas · az 15°",21-dic,940,73.2097,116.6755,7.4367,33,0.000000e+0,-55,1
8,"Arequipa · ondulado 0.6 · N-S aleatorio 4° · quebrado · tresbolillo ×2 · 8 filas · az 15°",21-dic,960,77.3452,124.5416,7.4367,33,0.000000e+0,-55,1
8,"Arequipa · ondulado 0.6 · N-S aleatorio 4° · quebrado · tresbolillo ×2 · 8 filas · az 15°",21-dic,980,80.9293,139.9625,7.4367,33,0.000000e+0,-55,1
8,"Arequipa · ondulado 0.6 · N-S aleatorio 4° · quebrado · tresbolillo ×2 · 8 filas · az 15°",21-dic,1000,83.0437,169.7235,7.4367,33,0.000000e+0,-55,1
8,"Arequipa · ondulado 0.6 · N-S aleatorio 4° · quebrado · tresbolillo ×2 · 8 filas · az 15°",21-dic,1020,82.3507,206.0083,7.4367,33,0.000000e+0,-55,1
8,"Arequipa · ondulado 0.6 · N-S aleatorio 4° · quebrado · tresbolillo ×2 · 8 filas · az 15°",21-dic,1040,79.3872,228.4830,7.4367,33,0.000000e+0,-55,1
8,"Arequipa · ondulado 0.6 · N-S aleatorio 4° · quebrado · tresbolillo ×2 · 8 filas · az 15°",21-dic,1060,75.4845,239.6903,7.4367,33,0.000000e+0,-55,1
8,"Arequipa · ondulado 0.6 · N-S aleatorio 4° · quebrado · tresbolillo ×2 · 8 filas · az 15°",21-dic,1080,71.2217,245.6266,7.4367,33,0.000000e+0,-55,1
8,"Arequipa · ondulado 0.6 · N-S aleatorio 4° · quebrado · tresbolillo ×2 · 8 filas · az 15°",21-dic,1100,66.7992,249.0147,7.4367,33,0.000000e+0,-55,1
8,"Arequipa · ondulado 0.6 · N-S aleatorio 4° · quebrado · tresbolillo ×2 · 8 filas · az 15°",21-dic,1120,62.2968,251.0263,7.4367,33,0.000000e+0,-55,1
8,"Arequipa · ondulado 0.6 · N-S aleatorio 4° · quebrado · tresbolillo ×2 · 8 filas · az 15°",21-dic,1140,57.7514,252.2170,7.4367,33,0.000000e+0,15,1
8,"Arequipa · ondulado 0.6 · N-S aleatorio 4° · quebrado · tresbolillo ×2 · 8 filas · az 15°",21-dic,1160,53.1829,252.8767,7.4367,33,0.000000e+0,32.5,1
8,"Arequipa · ondulado 0.6 · N-S aleatorio 4° · quebrado · tresbolillo ×2 · 8 filas · az 15°",21-dic,1180,48.6031,253.1691,7.4367,33,0.000000e+0,47,1
8,"Arequipa · ondulado 0.6 · N-S aleatorio 4° · quebrado · tresbolillo ×2 · 8 filas · az 15°",21-dic,1200,44.0199,253.1917,7.4367,33,0.000000e+0,48.5,1
8,"Arequipa · ondulado 0.6 · N-S aleatorio 4° · quebrado · tresbolillo ×2 · 8 filas · az 15°",21-dic,1220,39.4393,253.0053,7.4367,33,0.000000e+0,44,1
8,"Arequipa · ondulado 0.6 · N-S aleatorio 4° · quebrado · tresbolillo ×2 · 8 filas · az 15°",21-dic,1240,34.8660,252.6483,7.4367,33,1.399158e-2,40.5,0
8,"Arequipa · ondulado 0.6 · N-S aleatorio 4° · quebrado · tresbolillo ×2 · 8 filas · az 15°",21-dic,1260,30.3044,252.1454,7.4367,33,1.071463e-2,36,0
8,"Arequipa · ondulado 0.6 · N-S aleatorio 4° · quebrado · tresbolillo ×2 · 8 filas · az 15°",21-dic,1280,25.7587,251.5118,7.4367,33,4.768193e-3,30.5,0
8,"Arequipa · ondulado 0.6 · N-S aleatorio 4° · quebrado · tresbolillo ×2 · 8 filas · az 15°",21-dic,1300,21.2337,250.7559,7.4367,33,1.340429e-2,26.5,0
8,"Arequipa · ondulado 0.6 · N-S aleatorio 4° · quebrado · tresbolillo ×2 · 8 filas · az 15°",21-dic,1320,16.7351,249.8813,7.4367,33,1.818184e-2,19.5,0
8,"Arequipa · ondulado 0.6 · N-S aleatorio 4° · quebrado · tresbolillo ×2 · 8 filas · az 15°",21-dic,1340,12.2712,248.8874,7.4367,33,2.681678e-2,16,0
8,"Arequipa · ondulado 0.6 · N-S aleatorio 4° · quebrado · tresbolillo ×2 · 8 filas · az 15°",21-dic,1360,7.8581,247.7702,7.4367,33,4.491535e-2,7.5,0
8,"Arequipa · ondulado 0.6 · N-S aleatorio 4° · quebrado · tresbolillo ×2 · 8 filas · az 15°",21-dic,1380,3.5464,246.5223,7.4367,64,1.409274e-1,3.5,0
9,"Zaragoza · cresta 2 · N-S constante 0° · mono · bagnarelli ×2 · 8 filas · az 0°",21-jun,300,4.3153,62.0288,0.0000,28,0.000000e+0,-6,1
9,"Zaragoza · cresta 2 · N-S constante 0° · mono · bagnarelli ×2 · 8 filas · az 0°",21-jun,320,7.5953,65.1785,0.0000,14,0.000000e+0,-15.5,1
9,"Zaragoza · cresta 2 · N-S constante 0° · mono · bagnarelli ×2 · 8 filas · az 0°",21-jun,340,10.9965,68.2578,0.0000,14,0.000000e+0,-28,1
9,"Zaragoza · cresta 2 · N-S constante 0° · mono · bagnarelli ×2 · 8 filas · az 0°",21-jun,360,14.4858,71.2858,0.0000,14,0.000000e+0,-40.5,1
9,"Zaragoza · cresta 2 · N-S constante 0° · mono · bagnarelli ×2 · 8 filas · az 0°",21-jun,380,18.0452,74.2827,0.0000,14,0.000000e+0,-54,1
9,"Zaragoza · cresta 2 · N-S constante 0° · mono · bagnarelli ×2 · 8 filas · az 0°",21-jun,400,21.6612,77.2704,0.0000,14,0.000000e+0,-55,1
9,"Zaragoza · cresta 2 · N-S constante 0° · mono · bagnarelli ×2 · 8 filas · az 0°",21-jun,420,25.3226,80.2731,0.0000,14,0.000000e+0,-55,1
9,"Zaragoza · cresta 2 · N-S constante 0° · mono · bagnarelli ×2 · 8 filas · az 0°",21-jun,440,29.0187,83.3183,0.0000,14,0.000000e+0,-55,1
9,"Zaragoza · cresta 2 · N-S constante 0° · mono · bagnarelli ×2 · 8 filas · az 0°",21-jun,460,32.7391,86.4376,0.0000,14,0.000000e+0,-55,1
9,"Zaragoza · cresta 2 · N-S constante 0° · mono · bagnarelli ×2 · 8 filas · az 0°",21-jun,480,36.4729,89.6687,0.0000,14,0.000000e+0,-55,1
9,"Zaragoza · cresta 2 · N-S constante 0° · mono · bagnarelli ×2 · 8 filas · az 0°",21-jun,500,40.2084,93.0578,0.0000,14,0.000000e+0,-55,1
9,"Zaragoza · cresta 2 · N-S constante 0° · mono · bagnarelli ×2 · 8 filas · az 0°",21-jun,520,43.9319,96.6624,0.0000,14,0.000000e+0,-55,1
9,"Zaragoza · cresta 2 · N-S constante 0° · mono · bagnarelli ×2 · 8 filas · az 0°",21-jun,540,47.6271,100.5563,0.0000,14,0.000000e+0,-55,1
9,"Zaragoza · cresta 2 · N-S constante 0° · mono · bagnarelli ×2 · 8 filas · az 0°",21-jun,560,51.2734,104.8355,0.0000,14,0.000000e+0,-55,1
9,"Zaragoza · cresta 2 · N-S constante 0° · mono · bagnarelli ×2 · 8 filas · az 0°",21-jun,580,54.8437,109.6272,0.0000,14,0.000000e+0,-55,1
9,"Zaragoza · cresta 2 · N-S constante 0° · mono · bagnarelli ×2 · 8 filas · az 0°",21-jun,600,58.3011,115.1015,0.0000,14,0.000000e+0,-55,1
9,"Zaragoza · cresta 2 · N-S constante 0° · mono · bagnarelli ×2 · 8 filas · az 0°",21-jun,620,61.5938,121.4838,0.0000,14,0.000000e+0,-55,1
9,"Zaragoza · cresta 2 · N-S constante 0° · mono · bagnarelli ×2 · 8 filas · az 0°",21-jun,640,64.6480,129.0638,0.0000,14,0.000000e+0,-55,1
9,"Zaragoza · cresta 2 · N-S constante 0° · mono · bagnarelli ×2 · 8 filas · az 0°",21-jun,660,67.3579,138.1801,0.0000,14,0.000000e+0,-55,1
9,"Zaragoza · cresta 2 · N-S constante 0° · mono · bagnarelli ×2 · 8 filas · az 0°",21-jun,680,69.5784,149.1387,0.0000,14,0.000000e+0,-55,1
9,"Zaragoza · cresta 2 · N-S constante 0° · mono · bagnarelli ×2 · 8 filas · az 0°",21-jun,700,71.1301,162.0059,0.0000,14,0.000000e+0,-55,1
9,"Zaragoza · cresta 2 · N-S constante 0° · mono · bagnarelli ×2 · 8 filas · az 0°",21-jun,720,71.8368,176.3074,0.0000,14,0.000000e+0,-55,1
9,"Zaragoza · cresta 2 · N-S constante 0° · mono · bagnarelli ×2 · 8 filas · az 0°",21-jun,740,71.5993,190.9409,0.0000,14,0.000000e+0,-55,1
9,"Zaragoza · cresta 2 · N-S constante 0° · mono · bagnarelli ×2 · 8 filas · az 0°",21-jun,760,70.4524,204.6300,0.0000,14,0.000000e+0,-55,1
9,"Zaragoza · cresta 2 · N-S constante 0° · mono · bagnarelli ×2 · 8 filas · az 0°",21-jun,780,68.5438,216.5649,0.0000,14,0.000000e+0,-55,1
9,"Zaragoza · cresta 2 · N-S constante 0° · mono · bagnarelli ×2 · 8 filas · az 0°",21-jun,800,66.0587,226.5756,0.0000,14,0.000000e+0,-55,1
9,"Zaragoza · cresta 2 · N-S constante 0° · mono · bagnarelli ×2 · 8 filas · az 0°",21-jun,820,63.1617,234.8830,0.0000,14,0.000000e+0,-55,1
9,"Zaragoza · cresta 2 · N-S constante 0° · mono · bagnarelli ×2 · 8 filas · az 0°",21-jun,840,59.9777,241.8261,0.0000,14,0.000000e+0,-55,1
9,"Zaragoza · cresta 2 · N-S constante 0° · mono · bagnarelli ×2 · 8 filas · az 0°",21-jun,860,56.5952,247.7238,0.0000,14,0.000000e+0,-55,1
9,"Zaragoza · cresta 2 · N-S constante 0° · mono · bagnarelli ×2 · 8 filas · az 0°",21-jun,880,53.0761,252.8336,0.0000,14,0.000000e+0,-55,1
9,"Zaragoza · cresta 2 · N-S constante 0° · mono · bagnarelli ×2 · 8 filas · az 0°",21-jun,900,49.4641,257.3516,0.0000,14,0.000000e+0,-55,1
9,"Zaragoza · cresta 2 · N-S constante 0° · mono · bagnarelli ×2 · 8 filas · az 0°",21-jun,920,45.7905,261.4251,0.0000,14,0.000000e+0,-55,1
9,"Zaragoza · cresta 2 · N-S constante 0° · mono · bagnarelli ×2 · 8 filas · az 0°",21-jun,940,42.0789,265.1644,0.0000,14,0.000000e+0,-55,1
9,"Zaragoza · cresta 2 · N-S constante 0° · mono · bagnarelli ×2 · 8 filas · az 0°",21-jun,960,38.3476,268.6535,0.0000,14,0.000000e+0,-55,1
9,"Zaragoza · cresta 2 · N-S constante 0° · mono · bagnarelli ×2 · 8 filas · az 0°",21-jun,980,34.6113,271.9575,0.0000,14,0.000000e+0,-55,1
9,"Zaragoza · cresta 2 · N-S constante 0° · mono · bagnarelli ×2 · 8 filas · az 0°",21-jun,1000,30.8827,275.1277,0.0000,14,0.000000e+0,-55,1
9,"Zaragoza · cresta 2 · N-S constante 0° · mono · bagnarelli ×2 · 8 filas · az 0°",21-jun,1020,27.1731,278.2058,0.0000,14,0.000000e+0,-43.5,1
9,"Zaragoza · cresta 2 · N-S constante 0° · mono · bagnarelli ×2 · 8 filas · az 0°",21-jun,1040,23.4930,281.2261,0.0000,14,0.000000e+0,-29,1
9,"Zaragoza · cresta 2 · N-S constante 0° · mono · bagnarelli ×2 · 8 filas · az 0°",21-jun,1060,19.8529,284.2181,0.0000,14,0.000000e+0,-20,1
9,"Zaragoza · cresta 2 · N-S constante 0° · mono · bagnarelli ×2 · 8 filas · az 0°",21-jun,1080,16.2635,287.2075,0.0000,14,0.000000e+0,-13,1
9,"Zaragoza · cresta 2 · N-S constante 0° · mono · bagnarelli ×2 · 8 filas · az 0°",21-jun,1100,12.7372,290.2173,0.0000,14,0.000000e+0,-7,1
9,"Zaragoza · cresta 2 · N-S constante 0° · mono · bagnarelli ×2 · 8 filas · az 0°",21-jun,1120,9.2889,293.2684,0.0000,14,0.000000e+0,-1.5,1
9,"Zaragoza · cresta 2 · N-S constante 0° · mono · bagnarelli ×2 · 8 filas · az 0°",21-jun,1140,5.9421,296.3805,0.0000,28,0.000000e+0,4,1
9,"Zaragoza · cresta 2 · N-S constante 0° · mono · bagnarelli ×2 · 8 filas · az 0°",21-jun,1160,2.7509,299.5720,0.0000,28,0.000000e+0,1,1
9,"Zaragoza · cresta 2 · N-S constante 0° · mono · bagnarelli ×2 · 8 filas · az 0°",21-mar,380,2.2529,91.3999,0.0000,28,0.000000e+0,-3,1
9,"Zaragoza · cresta 2 · N-S constante 0° · mono · bagnarelli ×2 · 8 filas · az 0°",21-mar,400,5.8504,94.7292,0.0000,28,0.000000e+0,-6.5,1
9,"Zaragoza · cresta 2 · N-S constante 0° · mono · bagnarelli ×2 · 8 filas · az 0°",21-mar,420,9.5200,98.1006,0.0000,14,0.000000e+0,-20,1
9,"Zaragoza · cresta 2 · N-S constante 0° · mono · bagnarelli ×2 · 8 filas · az 0°",21-mar,440,13.1842,101.5436,0.0000,14,0.000000e+0,-34,1
9,"Zaragoza · cresta 2 · N-S constante 0° · mono · bagnarelli ×2 · 8 filas · az 0°",21-mar,460,16.8132,105.0894,0.0000,14,0.000000e+0,-48.5,1
9,"Zaragoza · cresta 2 · N-S constante 0° · mono · bagnarelli ×2 · 8 filas · az 0°",21-mar,480,20.3859,108.7709,0.0000,14,0.000000e+0,-55,1
9,"Zaragoza · cresta 2 · N-S constante 0° · mono · bagnarelli ×2 · 8 filas · az 0°",21-mar,500,23.8823,112.6235,0.0000,14,0.000000e+0,-55,1
9,"Zaragoza · cresta 2 · N-S constante 0° · mono · bagnarelli ×2 · 8 filas · az 0°",21-mar,520,27.2812,116.6855,0.0000,14,0.000000e+0,-55,1
9,"Zaragoza · cresta 2 · N-S constante 0° · mono · bagnarelli ×2 · 8 filas · az 0°",21-mar,540,30.5584,120.9974,0.0000,14,0.000000e+0,-55,1
9,"Zaragoza · cresta 2 · N-S constante 0° · mono · bagnarelli ×2 · 8 filas · az 0°",21-mar,560,33.6866,125.6019,0.0000,14,0.000000e+0,-55,1
9,"Zaragoza · cresta 2 · N-S constante 0° · mono · bagnarelli ×2 · 8 filas · az 0°",21-mar,580,36.6339,130.5419,0.0000,14,0.000000e+0,-55,1
9,"Zaragoza · cresta 2 · N-S constante 0° · mono · bagnarelli ×2 · 8 filas · az 0°",21-mar,600,39.3642,135.8579,0.0000,14,0.000000e+0,-55,1
9,"Zaragoza · cresta 2 · N-S constante 0° · mono · bagnarelli ×2 · 8 filas · az 0°",21-mar,620,41.8362,141.5831,0.0000,14,0.000000e+0,-55,1
9,"Zaragoza · cresta 2 · N-S constante 0° · mono · bagnarelli ×2 · 8 filas · az 0°",21-mar,640,44.0046,147.7369,0.0000,14,0.000000e+0,-55,1
9,"Zaragoza · cresta 2 · N-S constante 0° · mono · bagnarelli ×2 · 8 filas · az 0°",21-mar,660,45.8219,154.3164,0.0000,14,0.000000e+0,-55,1
9,"Zaragoza · cresta 2 · N-S constante 0° · mono · bagnarelli ×2 · 8 filas · az 0°",21-mar,680,47.2408,161.2877,0.0000,14,0.000000e+0,-55,1
9,"Zaragoza · cresta 2 · N-S constante 0° · mono · bagnarelli ×2 · 8 filas · az 0°",21-mar,700,48.2189,168.5799,0.0000,14,0.000000e+0,-55,1
9,"Zaragoza · cresta 2 · N-S constante 0° · mono · bagnarelli ×2 · 8 filas · az 0°",21-mar,720,48.7237,176.0853,0.0000,14,0.000000e+0,-55,1
9,"Zaragoza · cresta 2 · N-S constante 0° · mono · bagnarelli ×2 · 8 filas · az 0°",21-mar,740,48.7373,183.6681,0.0000,14,0.000000e+0,-55,1
9,"Zaragoza · cresta 2 · N-S constante 0° · mono · bagnarelli ×2 · 8 filas · az 0°",21-mar,760,48.2591,191.1814,0.0000,14,0.000000e+0,-55,1
9,"Zaragoza · cresta 2 · N-S constante 0° · mono · bagnarelli ×2 · 8 filas · az 0°",21-mar,780,47.3064,198.4885,0.0000,14,0.000000e+0,-55,1
9,"Zaragoza · cresta 2 · N-S constante 0° · mono · bagnarelli ×2 · 8 filas · az 0°",21-mar,800,45.9109,205.4797,0.0000,14,0.000000e+0,-55,1
9,"Zaragoza · cresta 2 · N-S constante 0° · mono · bagnarelli ×2 · 8 filas · az 0°",21-mar,820,44.1149,212.0823,0.0000,14,0.000000e+0,-55,1
9,"Zaragoza · cresta 2 · N-S constante 0° · mono · bagnarelli ×2 · 8 filas · az 0°",21-mar,840,41.9653,218.2604,0.0000,14,0.000000e+0,-55,1
9,"Zaragoza · cresta 2 · N-S constante 0° · mono · bagnarelli ×2 · 8 filas · az 0°",21-mar,860,39.5099,224.0098,0.0000,14,0.000000e+0,-55,1
9,"Zaragoza · cresta 2 · N-S constante 0° · mono · bagnarelli ×2 · 8 filas · az 0°",21-mar,880,36.7942,229.3489,0.0000,14,0.000000e+0,-55,1
9,"Zaragoza · cresta 2 · N-S constante 0° · mono · bagnarelli ×2 · 8 filas · az 0°",21-mar,900,33.8596,234.3105,0.0000,14,0.000000e+0,-55,1
9,"Zaragoza · cresta 2 · N-S constante 0° · mono · bagnarelli ×2 · 8 filas · az 0°",21-mar,920,30.7428,238.9347,0.0000,14,0.000000e+0,-55,1
9,"Zaragoza · cresta 2 · N-S constante 0° · mono · bagnarelli ×2 · 8 filas · az 0°",21-mar,940,27.4756,243.2645,0.0000,14,0.000000e+0,-55,1
9,"Zaragoza · cresta 2 · N-S constante 0° · mono · bagnarelli ×2 · 8 filas · az 0°",21-mar,960,24.0859,247.3426,0.0000,14,0.000000e+0,-36,1
9,"Zaragoza · cresta 2 · N-S constante 0° · mono · bagnarelli ×2 · 8 filas · az 0°",21-mar,980,20.5978,251.2099,0.0000,14,0.000000e+0,-23,1
9,"Zaragoza · cresta 2 · N-S constante 0° · mono · bagnarelli ×2 · 8 filas · az 0°",21-mar,1000,17.0327,254.9045,0.0000,14,0.000000e+0,-14.5,1
9,"Zaragoza · cresta 2 · N-S constante 0° · mono · bagnarelli ×2 · 8 filas · az 0°",21-mar,1020,13.4108,258.4622,0.0000,14,0.000000e+0,-7.5,1
9,"Zaragoza · cresta 2 · N-S constante 0° · mono · bagnarelli ×2 · 8 filas · az 0°",21-mar,1040,9.7530,261.9160,0.0000,14,0.000000e+0,-1,1
9,"Zaragoza · cresta 2 · N-S constante 0° · mono · bagnarelli ×2 · 8 filas · az 0°",21-mar,1060,6.0879,265.2972,0.0000,14,0.000000e+0,4.5,1
9,"Zaragoza · cresta 2 · N-S constante 0° · mono · bagnarelli ×2 · 8 filas · az 0°",21-mar,1080,2.4866,268.6354,0.0000,28,0.000000e+0,1.5,1
9,"Zaragoza · cresta 2 · N-S constante 0° · mono · bagnarelli ×2 · 8 filas · az 0°",21-dic,480,4.5444,126.9401,0.0000,28,0.000000e+0,-6,1
9,"Zaragoza · cresta 2 · N-S constante 0° · mono · bagnarelli ×2 · 8 filas · az 0°",21-dic,500,7.4023,130.4970,0.0000,14,0.000000e+0,-20.5,1
9,"Zaragoza · cresta 2 · N-S constante 0° · mono · bagnarelli ×2 · 8 filas · az 0°",21-dic,520,10.1358,134.1991,0.0000,14,0.000000e+0,-36,1
9,"Zaragoza · cresta 2 · N-S constante 0° · mono · bagnarelli ×2 · 8 filas · az 0°",21-dic,540,12.7098,138.0581,0.0000,14,0.000000e+0,-53.5,1
9,"Zaragoza · cresta 2 · N-S constante 0° · mono · bagnarelli ×2 · 8 filas · az 0°",21-dic,560,15.0987,142.0828,0.0000,14,0.000000e+0,-55,1
9,"Zaragoza · cresta 2 · N-S constante 0° · mono · bagnarelli ×2 · 8 filas · az 0°",21-dic,580,17.2795,146.2782,0.0000,14,0.000000e+0,-55,1
9,"Zaragoza · cresta 2 · N-S constante 0° · mono · bagnarelli ×2 · 8 filas · az 0°",21-dic,600,19.2301,150.6447,0.0000,14,0.000000e+0,-55,1
9,"Zaragoza · cresta 2 · N-S constante 0° · mono · bagnarelli ×2 · 8 filas · az 0°",21-dic,620,20.9291,155.1771,0.0000,14,0.000000e+0,-55,1
9,"Zaragoza · cresta 2 · N-S constante 0° · mono · bagnarelli ×2 · 8 filas · az 0°",21-dic,640,22.3561,159.8636,0.0000,14,0.000000e+0,-55,1
9,"Zaragoza · cresta 2 · N-S constante 0° · mono · bagnarelli ×2 · 8 filas · az 0°",21-dic,660,23.4927,164.6856,0.0000,14,0.000000e+0,-55,1
9,"Zaragoza · cresta 2 · N-S constante 0° · mono · bagnarelli ×2 · 8 filas · az 0°",21-dic,680,24.3230,169.6174,0.0000,14,0.000000e+0,-55,1
9,"Zaragoza · cresta 2 · N-S constante 0° · mono · bagnarelli ×2 · 8 filas · az 0°",21-dic,700,24.8347,174.6273,0.0000,14,0.000000e+0,-55,1
9,"Zaragoza · cresta 2 · N-S constante 0° · mono · bagnarelli ×2 · 8 filas · az 0°",21-dic,720,25.0202,179.6788,0.0000,14,0.000000e+0,-55,1
9,"Zaragoza · cresta 2 · N-S constante 0° · mono · bagnarelli ×2 · 8 filas · az 0°",21-dic,740,24.8764,184.7327,0.0000,14,0.000000e+0,-55,1
9,"Zaragoza · cresta 2 · N-S constante 0° · mono · bagnarelli ×2 · 8 filas · az 0°",21-dic,760,24.4057,189.7500,0.0000,14,0.000000e+0,-55,1
9,"Zaragoza · cresta 2 · N-S constante 0° · mono · bagnarelli ×2 · 8 filas · az 0°",21-dic,780,23.6152,194.6936,0.0000,14,0.000000e+0,-55,1
9,"Zaragoza · cresta 2 · N-S constante 0° · mono · bagnarelli ×2 · 8 filas · az 0°",21-dic,800,22.5166,199.5310,0.0000,14,0.000000e+0,-55,1
9,"Zaragoza · cresta 2 · N-S constante 0° · mono · bagnarelli ×2 · 8 filas · az 0°",21-dic,820,21.1254,204.2358,0.0000,14,0.000000e+0,-55,1
9,"Zaragoza · cresta 2 · N-S constante 0° · mono · bagnarelli ×2 · 8 filas · az 0°",21-dic,840,19.4598,208.7885,0.0000,14,0.000000e+0,-55,1
9,"Zaragoza · cresta 2 · N-S constante 0° · mono · bagnarelli ×2 · 8 filas · az 0°",21-dic,860,17.5399,213.1765,0.0000,14,0.000000e+0,-55,1
9,"Zaragoza · cresta 2 · N-S constante 0° · mono · bagnarelli ×2 · 8 filas · az 0°",21-dic,880,15.3871,217.3936,0.0000,14,0.000000e+0,-30.5,1
9,"Zaragoza · cresta 2 · N-S constante 0° · mono · bagnarelli ×2 · 8 filas · az 0°",21-dic,900,13.0234,221.4397,0.0000,14,0.000000e+0,-17.5,1
9,"Zaragoza · cresta 2 · N-S constante 0° · mono · bagnarelli ×2 · 8 filas · az 0°",21-dic,920,10.4715,225.3193,0.0000,14,0.000000e+0,-9,1
9,"Zaragoza · cresta 2 · N-S constante 0° · mono · bagnarelli ×2 · 8 filas · az 0°",21-dic,940,7.7566,229.0407,0.0000,14,0.000000e+0,-1.5,1
9,"Zaragoza · cresta 2 · N-S constante 0° · mono · bagnarelli ×2 · 8 filas · az 0°",21-dic,960,4.9112,232.6152,0.0000,28,0.000000e+0,4.5,1
9,"Zaragoza · cresta 2 · N-S constante 0° · mono · bagnarelli ×2 · 8 filas · az 0°",21-dic,980,2.0112,236.0562,0.0000,28,0.000000e+0,1,1
10,"Zaragoza · valle 2 · N-S aleatorio 6° · quebrado · medios ×2 · 8 filas · az -20°",21-jun,300,4.3153,62.0288,11.1550,64,1.868539e-2,-4.5,0
10,"Zaragoza · valle 2 · N-S aleatorio 6° · quebrado · medios ×2 · 8 filas · az -20°",21-jun,320,7.5953,65.1785,11.1550,33,2.258939e-2,-8,0
10,"Zaragoza · valle 2 · N-S aleatorio 6° · quebrado · medios ×2 · 8 filas · az -20°",21-jun,340,10.9965,68.2578,11.1550,33,0.000000e+0,-11,1
10,"Zaragoza · valle 2 · N-S aleatorio 6° · quebrado · medios ×2 · 8 filas · az -20°",21-jun,360,14.4858,71.2858,11.1550,33,0.000000e+0,-14.5,1
10,"Zaragoza · valle 2 · N-S aleatorio 6° · quebrado · medios ×2 · 8 filas · az -20°",21-jun,380,18.0452,74.2827,11.1550,33,0.000000e+0,-18.5,1
10,"Zaragoza · valle 2 · N-S aleatorio 6° · quebrado · medios ×2 · 8 filas · az -20°",21-jun,400,21.6612,77.2704,11.1550,33,1.912931e-2,-22,0
10,"Zaragoza · valle 2 · N-S aleatorio 6° · quebrado · medios ×2 · 8 filas · az -20°",21-jun,420,25.3226,80.2731,11.1550,33,7.473181e-3,-26.5,0
10,"Zaragoza · valle 2 · N-S aleatorio 6° · quebrado · medios ×2 · 8 filas · az -20°",21-jun,440,29.0187,83.3183,11.1550,33,5.282946e-3,-29.5,0
10,"Zaragoza · valle 2 · N-S aleatorio 6° · quebrado · medios ×2 · 8 filas · az -20°",21-jun,460,32.7391,86.4376,11.1550,33,1.170704e-2,-35,0
10,"Zaragoza · valle 2 · N-S aleatorio 6° · quebrado · medios ×2 · 8 filas · az -20°",21-jun,480,36.4729,89.6687,11.1550,33,1.456561e-2,-38,0
10,"Zaragoza · valle 2 · N-S aleatorio 6° · quebrado · medios ×2 · 8 filas · az -20°",21-jun,500,40.2084,93.0578,11.1550,33,1.022740e-2,-41.5,0
10,"Zaragoza · valle 2 · N-S aleatorio 6° · quebrado · medios ×2 · 8 filas · az -20°",21-jun,520,43.9319,96.6624,11.1550,33,0.000000e+0,-48,1
10,"Zaragoza · valle 2 · N-S aleatorio 6° · quebrado · medios ×2 · 8 filas · az -20°",21-jun,540,47.6271,100.5563,11.1550,33,2.023995e-3,-52.5,0
10,"Zaragoza · valle 2 · N-S aleatorio 6° · quebrado · medios ×2 · 8 filas · az -20°",21-jun,560,51.2734,104.8355,11.1550,33,1.247023e-2,-55,0
10,"Zaragoza · valle 2 · N-S aleatorio 6° · quebrado · medios ×2 · 8 filas · az -20°",21-jun,580,54.8437,109.6272,11.1550,33,1.840086e-2,-55,0
10,"Zaragoza · valle 2 · N-S aleatorio 6° · quebrado · medios ×2 · 8 filas · az -20°",21-jun,600,58.3011,115.1015,11.1550,33,0.000000e+0,-55,1
10,"Zaragoza · valle 2 · N-S aleatorio 6° · quebrado · medios ×2 · 8 filas · az -20°",21-jun,620,61.5938,121.4838,11.1550,33,0.000000e+0,-55,1
10,"Zaragoza · valle 2 · N-S aleatorio 6° · quebrado · medios ×2 · 8 filas · az -20°",21-jun,640,64.6480,129.0638,11.1550,33,0.000000e+0,-55,1
10,"Zaragoza · valle 2 · N-S aleatorio 6° · quebrado · medios ×2 · 8 filas · az -20°",21-jun,660,67.3579,138.1801,11.1550,33,0.000000e+0,-55,1
10,"Zaragoza · valle 2 · N-S aleatorio 6° · quebrado · medios ×2 · 8 filas · az -20°",21-jun,680,69.5784,149.1387,11.1550,33,0.000000e+0,-55,1
10,"Zaragoza · valle 2 · N-S aleatorio 6° · quebrado · medios ×2 · 8 filas · az -20°",21-jun,700,71.1301,162.0059,11.1550,33,0.000000e+0,-55,1
10,"Zaragoza · valle 2 · N-S aleatorio 6° · quebrado · medios ×2 · 8 filas · az -20°",21-jun,720,71.8368,176.3074,11.1550,33,0.000000e+0,-55,1
10,"Zaragoza · valle 2 · N-S aleatorio 6° · quebrado · medios ×2 · 8 filas · az -20°",21-jun,740,71.5993,190.9409,11.1550,33,0.000000e+0,-55,1
10,"Zaragoza · valle 2 · N-S aleatorio 6° · quebrado · medios ×2 · 8 filas · az -20°",21-jun,760,70.4524,204.6300,11.1550,33,0.000000e+0,-55,1
10,"Zaragoza · valle 2 · N-S aleatorio 6° · quebrado · medios ×2 · 8 filas · az -20°",21-jun,780,68.5438,216.5649,11.1550,33,0.000000e+0,20,1
10,"Zaragoza · valle 2 · N-S aleatorio 6° · quebrado · medios ×2 · 8 filas · az -20°",21-jun,800,66.0587,226.5756,11.1550,33,0.000000e+0,46,1
10,"Zaragoza · valle 2 · N-S aleatorio 6° · quebrado · medios ×2 · 8 filas · az -20°",21-jun,820,63.1617,234.8830,11.1550,33,2.753894e-2,55,0
10,"Zaragoza · valle 2 · N-S aleatorio 6° · quebrado · medios ×2 · 8 filas · az -20°",21-jun,840,59.9777,241.8261,11.1550,33,1.806720e-2,55,0
10,"Zaragoza · valle 2 · N-S aleatorio 6° · quebrado · medios ×2 · 8 filas · az -20°",21-jun,860,56.5952,247.7238,11.1550,33,1.310547e-2,55,0
10,"Zaragoza · valle 2 · N-S aleatorio 6° · quebrado · medios ×2 · 8 filas · az -20°",21-jun,880,53.0761,252.8336,11.1550,33,4.646060e-3,53,0
10,"Zaragoza · valle 2 · N-S aleatorio 6° · quebrado · medios ×2 · 8 filas · az -20°",21-jun,900,49.4641,257.3516,11.1550,33,0.000000e+0,48.5,1
10,"Zaragoza · valle 2 · N-S aleatorio 6° · quebrado · medios ×2 · 8 filas · az -20°",21-jun,920,45.7905,261.4251,11.1550,33,0.000000e+0,46,1
10,"Zaragoza · valle 2 · N-S aleatorio 6° · quebrado · medios ×2 · 8 filas · az -20°",21-jun,940,42.0789,265.1644,11.1550,33,0.000000e+0,43.5,1
10,"Zaragoza · valle 2 · N-S aleatorio 6° · quebrado · medios ×2 · 8 filas · az -20°",21-jun,960,38.3476,268.6535,11.1550,33,1.058738e-2,40.5,0
10,"Zaragoza · valle 2 · N-S aleatorio 6° · quebrado · medios ×2 · 8 filas · az -20°",21-jun,980,34.6113,271.9575,11.1550,33,1.173415e-2,37.5,0
10,"Zaragoza · valle 2 · N-S aleatorio 6° · quebrado · medios ×2 · 8 filas · az -20°",21-jun,1000,30.8827,275.1277,11.1550,33,6.402709e-3,33,0
10,"Zaragoza · valle 2 · N-S aleatorio 6° · quebrado · medios ×2 · 8 filas · az -20°",21-jun,1020,27.1731,278.2058,11.1550,33,1.307501e-2,30.5,0
10,"Zaragoza · valle 2 · N-S aleatorio 6° · quebrado · medios ×2 · 8 filas · az -20°",21-jun,1040,23.4930,281.2261,11.1550,33,2.714469e-2,27.5,0
10,"Zaragoza · valle 2 · N-S aleatorio 6° · quebrado · medios ×2 · 8 filas · az -20°",21-jun,1060,19.8529,284.2181,11.1550,33,1.748437e-2,22.5,0
10,"Zaragoza · valle 2 · N-S aleatorio 6° · quebrado · medios ×2 · 8 filas · az -20°",21-jun,1080,16.2635,287.2075,11.1550,33,2.776642e-2,20,0
10,"Zaragoza · valle 2 · N-S aleatorio 6° · quebrado · medios ×2 · 8 filas · az -20°",21-jun,1100,12.7372,290.2173,11.1550,33,4.561108e-2,14,0
10,"Zaragoza · valle 2 · N-S aleatorio 6° · quebrado · medios ×2 · 8 filas · az -20°",21-jun,1120,9.2889,293.2684,11.1550,33,5.501824e-2,9.5,0
10,"Zaragoza · valle 2 · N-S aleatorio 6° · quebrado · medios ×2 · 8 filas · az -20°",21-jun,1140,5.9421,296.3805,11.1550,64,5.637064e-2,5,0
10,"Zaragoza · valle 2 · N-S aleatorio 6° · quebrado · medios ×2 · 8 filas · az -20°",21-jun,1160,2.7509,299.5720,11.1550,64,8.556316e-2,-1.5,0
10,"Zaragoza · valle 2 · N-S aleatorio 6° · quebrado · medios ×2 · 8 filas · az -20°",21-mar,380,2.2529,91.3999,11.1550,64,4.137343e-2,-1.5,0
10,"Zaragoza · valle 2 · N-S aleatorio 6° · quebrado · medios ×2 · 8 filas · az -20°",21-mar,400,5.8504,94.7292,11.1550,64,5.654682e-2,-6,0
10,"Zaragoza · valle 2 · N-S aleatorio 6° · quebrado · medios ×2 · 8 filas · az -20°",21-mar,420,9.5200,98.1006,11.1550,33,3.304077e-2,-9,0
10,"Zaragoza · valle 2 · N-S aleatorio 6° · quebrado · medios ×2 · 8 filas · az -20°",21-mar,440,13.1842,101.5436,11.1550,33,4.204517e-2,-13,0
10,"Zaragoza · valle 2 · N-S aleatorio 6° · quebrado · medios ×2 · 8 filas · az -20°",21-mar,460,16.8132,105.0894,11.1550,33,2.168101e-2,-19,0
10,"Zaragoza · valle 2 · N-S aleatorio 6° · quebrado · medios ×2 · 8 filas · az -20°",21-mar,480,20.3859,108.7709,11.1550,33,1.608777e-2,-26,0
10,"Zaragoza · valle 2 · N-S aleatorio 6° · quebrado · medios ×2 · 8 filas · az -20°",21-mar,500,23.8823,112.6235,11.1550,33,1.154920e-2,-31.5,0
10,"Zaragoza · valle 2 · N-S aleatorio 6° · quebrado · medios ×2 · 8 filas · az -20°",21-mar,520,27.2812,116.6855,11.1550,33,1.242447e-2,-38,0
10,"Zaragoza · valle 2 · N-S aleatorio 6° · quebrado · medios ×2 · 8 filas · az -20°",21-mar,540,30.5584,120.9974,11.1550,33,1.243977e-2,-42,0
10,"Zaragoza · valle 2 · N-S aleatorio 6° · quebrado · medios ×2 · 8 filas · az -20°",21-mar,560,33.6866,125.6019,11.1550,33,1.235710e-2,-51.5,0
10,"Zaragoza · valle 2 · N-S aleatorio 6° · quebrado · medios ×2 · 8 filas · az -20°",21-mar,580,36.6339,130.5419,11.1550,33,0.000000e+0,-54.5,1
10,"Zaragoza · valle 2 · N-S aleatorio 6° · quebrado · medios ×2 · 8 filas · az -20°",21-mar,600,39.3642,135.8579,11.1550,33,0.000000e+0,-55,1
10,"Zaragoza · valle 2 · N-S aleatorio 6° · quebrado · medios ×2 · 8 filas · az -20°",21-mar,620,41.8362,141.5831,11.1550,33,0.000000e+0,-55,1
10,"Zaragoza · valle 2 · N-S aleatorio 6° · quebrado · medios ×2 · 8 filas · az -20°",21-mar,640,44.0046,147.7369,11.1550,33,0.000000e+0,-55,1
10,"Zaragoza · valle 2 · N-S aleatorio 6° · quebrado · medios ×2 · 8 filas · az -20°",21-mar,660,45.8219,154.3164,11.1550,33,0.000000e+0,-55,1
10,"Zaragoza · valle 2 · N-S aleatorio 6° · quebrado · medios ×2 · 8 filas · az -20°",21-mar,680,47.2408,161.2877,11.1550,33,0.000000e+0,-55,1
10,"Zaragoza · valle 2 · N-S aleatorio 6° · quebrado · medios ×2 · 8 filas · az -20°",21-mar,700,48.2189,168.5799,11.1550,33,0.000000e+0,-55,1
10,"Zaragoza · valle 2 · N-S aleatorio 6° · quebrado · medios ×2 · 8 filas · az -20°",21-mar,720,48.7237,176.0853,11.1550,33,0.000000e+0,-55,1
10,"Zaragoza · valle 2 · N-S aleatorio 6° · quebrado · medios ×2 · 8 filas · az -20°",21-mar,740,48.7373,183.6681,11.1550,33,0.000000e+0,22,1
10,"Zaragoza · valle 2 · N-S aleatorio 6° · quebrado · medios ×2 · 8 filas · az -20°",21-mar,760,48.2591,191.1814,11.1550,33,0.000000e+0,53.5,1
10,"Zaragoza · valle 2 · N-S aleatorio 6° · quebrado · medios ×2 · 8 filas · az -20°",21-mar,780,47.3064,198.4885,11.1550,33,2.179634e-2,55,0
10,"Zaragoza · valle 2 · N-S aleatorio 6° · quebrado · medios ×2 · 8 filas · az -20°",21-mar,800,45.9109,205.4797,11.1550,33,0.000000e+0,55,1
10,"Zaragoza · valle 2 · N-S aleatorio 6° · quebrado · medios ×2 · 8 filas · az -20°",21-mar,820,44.1149,212.0823,11.1550,33,5.057292e-3,50,0
10,"Zaragoza · valle 2 · N-S aleatorio 6° · quebrado · medios ×2 · 8 filas · az -20°",21-mar,840,41.9653,218.2604,11.1550,33,4.998259e-3,46,0
10,"Zaragoza · valle 2 · N-S aleatorio 6° · quebrado · medios ×2 · 8 filas · az -20°",21-mar,860,39.5099,224.0098,11.1550,33,7.604547e-3,43.5,0
10,"Zaragoza · valle 2 · N-S aleatorio 6° · quebrado · medios ×2 · 8 filas · az -20°",21-mar,880,36.7942,229.3489,11.1550,33,9.064278e-3,37.5,0
10,"Zaragoza · valle 2 · N-S aleatorio 6° · quebrado · medios ×2 · 8 filas · az -20°",21-mar,900,33.8596,234.3105,11.1550,33,9.216211e-3,36,0
10,"Zaragoza · valle 2 · N-S aleatorio 6° · quebrado · medios ×2 · 8 filas · az -20°",21-mar,920,30.7428,238.9347,11.1550,33,7.697539e-3,31.5,0
10,"Zaragoza · valle 2 · N-S aleatorio 6° · quebrado · medios ×2 · 8 filas · az -20°",21-mar,940,27.4756,243.2645,11.1550,33,5.690422e-3,28,0
10,"Zaragoza · valle 2 · N-S aleatorio 6° · quebrado · medios ×2 · 8 filas · az -20°",21-mar,960,24.0859,247.3426,11.1550,33,4.676297e-3,24,0
10,"Zaragoza · valle 2 · N-S aleatorio 6° · quebrado · medios ×2 · 8 filas · az -20°",21-mar,980,20.5978,251.2099,11.1550,33,1.251632e-2,20.5,0
10,"Zaragoza · valle 2 · N-S aleatorio 6° · quebrado · medios ×2 · 8 filas · az -20°",21-mar,1000,17.0327,254.9045,11.1550,33,6.231228e-3,17,0
10,"Zaragoza · valle 2 · N-S aleatorio 6° · quebrado · medios ×2 · 8 filas · az -20°",21-mar,1020,13.4108,258.4622,11.1550,33,1.418203e-2,13,0
10,"Zaragoza · valle 2 · N-S aleatorio 6° · quebrado · medios ×2 · 8 filas · az -20°",21-mar,1040,9.7530,261.9160,11.1550,33,2.073801e-2,9.5,0
10,"Zaragoza · valle 2 · N-S aleatorio 6° · quebrado · medios ×2 · 8 filas · az -20°",21-mar,1060,6.0879,265.2972,11.1550,33,2.052326e-2,5.5,0
10,"Zaragoza · valle 2 · N-S aleatorio 6° · quebrado · medios ×2 · 8 filas · az -20°",21-mar,1080,2.4866,268.6354,11.1550,64,6.642598e-2,3.5,0
10,"Zaragoza · valle 2 · N-S aleatorio 6° · quebrado · medios ×2 · 8 filas · az -20°",21-dic,480,4.5444,126.9401,11.1550,64,1.106414e-1,-3.5,0
10,"Zaragoza · valle 2 · N-S aleatorio 6° · quebrado · medios ×2 · 8 filas · az -20°",21-dic,500,7.4023,130.4970,11.1550,33,7.826054e-2,-9,0
10,"Zaragoza · valle 2 · N-S aleatorio 6° · quebrado · medios ×2 · 8 filas · az -20°",21-dic,520,10.1358,134.1991,11.1550,33,6.315833e-2,-15.5,0
10,"Zaragoza · valle 2 · N-S aleatorio 6° · quebrado · medios ×2 · 8 filas · az -20°",21-dic,540,12.7098,138.0581,11.1550,33,3.582661e-2,-30.5,0
10,"Zaragoza · valle 2 · N-S aleatorio 6° · quebrado · medios ×2 · 8 filas · az -20°",21-dic,560,15.0987,142.0828,11.1550,33,1.986725e-2,-41,0
10,"Zaragoza · valle 2 · N-S aleatorio 6° · quebrado · medios ×2 · 8 filas · az -20°",21-dic,580,17.2795,146.2782,11.1550,33,1.442551e-2,-49,0
10,"Zaragoza · valle 2 · N-S aleatorio 6° · quebrado · medios ×2 · 8 filas · az -20°",21-dic,600,19.2301,150.6447,11.1550,33,0.000000e+0,-55,1
10,"Zaragoza · valle 2 · N-S aleatorio 6° · quebrado · medios ×2 · 8 filas · az -20°",21-dic,620,20.9291,155.1771,11.1550,33,0.000000e+0,-55,1
10,"Zaragoza · valle 2 · N-S aleatorio 6° · quebrado · medios ×2 · 8 filas · az -20°",21-dic,640,22.3561,159.8636,11.1550,33,0.000000e+0,-55,1
10,"Zaragoza · valle 2 · N-S aleatorio 6° · quebrado · medios ×2 · 8 filas · az -20°",21-dic,660,23.4927,164.6856,11.1550,33,0.000000e+0,-55,1
10,"Zaragoza · valle 2 · N-S aleatorio 6° · quebrado · medios ×2 · 8 filas · az -20°",21-dic,680,24.3230,169.6174,11.1550,33,0.000000e+0,-55,1
10,"Zaragoza · valle 2 · N-S aleatorio 6° · quebrado · medios ×2 · 8 filas · az -20°",21-dic,700,24.8347,174.6273,11.1550,33,4.967394e-3,55,0
10,"Zaragoza · valle 2 · N-S aleatorio 6° · quebrado · medios ×2 · 8 filas · az -20°",21-dic,720,25.0202,179.6788,11.1550,33,1.746010e-2,53.5,0
10,"Zaragoza · valle 2 · N-S aleatorio 6° · quebrado · medios ×2 · 8 filas · az -20°",21-dic,740,24.8764,184.7327,11.1550,33,1.635475e-2,47,0
10,"Zaragoza · valle 2 · N-S aleatorio 6° · quebrado · medios ×2 · 8 filas · az -20°",21-dic,760,24.4057,189.7500,11.1550,33,1.424942e-2,41.5,0
10,"Zaragoza · valle 2 · N-S aleatorio 6° · quebrado · medios ×2 · 8 filas · az -20°",21-dic,780,23.6152,194.6936,11.1550,33,1.562191e-2,38,0
10,"Zaragoza · valle 2 · N-S aleatorio 6° · quebrado · medios ×2 · 8 filas · az -20°",21-dic,800,22.5166,199.5310,11.1550,33,1.645487e-2,34.5,0
10,"Zaragoza · valle 2 · N-S aleatorio 6° · quebrado · medios ×2 · 8 filas · az -20°",21-dic,820,21.1254,204.2358,11.1550,33,1.261409e-2,29,0
10,"Zaragoza · valle 2 · N-S aleatorio 6° · quebrado · medios ×2 · 8 filas · az -20°",21-dic,840,19.4598,208.7885,11.1550,33,2.687859e-2,27,0
10,"Zaragoza · valle 2 · N-S aleatorio 6° · quebrado · medios ×2 · 8 filas · az -20°",21-dic,860,17.5399,213.1765,11.1550,33,1.796911e-2,21.5,0
10,"Zaragoza · valle 2 · N-S aleatorio 6° · quebrado · medios ×2 · 8 filas · az -20°",21-dic,880,15.3871,217.3936,11.1550,33,2.598228e-2,17,0
10,"Zaragoza · valle 2 · N-S aleatorio 6° · quebrado · medios ×2 · 8 filas · az -20°",21-dic,900,13.0234,221.4397,11.1550,33,1.717854e-2,16,0
10,"Zaragoza · valle 2 · N-S aleatorio 6° · quebrado · medios ×2 · 8 filas · az -20°",21-dic,920,10.4715,225.3193,11.1550,33,3.014909e-2,12.5,0
10,"Zaragoza · valle 2 · N-S aleatorio 6° · quebrado · medios ×2 · 8 filas · az -20°",21-dic,940,7.7566,229.0407,11.1550,33,4.080451e-2,9,0
10,"Zaragoza · valle 2 · N-S aleatorio 6° · quebrado · medios ×2 · 8 filas · az -20°",21-dic,960,4.9112,232.6152,11.1550,64,5.832620e-2,4.5,0
10,"Zaragoza · valle 2 · N-S aleatorio 6° · quebrado · medios ×2 · 8 filas · az -20°",21-dic,980,2.0112,236.0562,11.1550,64,4.574438e-2,2,0
11,"Arequipa · llano · N-S rotula 4° · mono · alineadas ×1 · 10 filas · az -20°",21-jun,700,4.7742,63.8712,0.0000,33,0.000000e+0,-16.5,1
11,"Arequipa · llano · N-S rotula 4° · mono · alineadas ×1 · 10 filas · az -20°",21-jun,720,8.9729,62.1856,0.0000,17,0.000000e+0,-32,1
11,"Arequipa · llano · N-S rotula 4° · mono · alineadas ×1 · 10 filas · az -20°",21-jun,740,13.1432,60.3097,0.0000,17,0.000000e+0,-48.5,1
11,"Arequipa · llano · N-S rotula 4° · mono · alineadas ×1 · 10 filas · az -20°",21-jun,760,17.2453,58.2184,0.0000,17,0.000000e+0,-55,1
11,"Arequipa · llano · N-S rotula 4° · mono · alineadas ×1 · 10 filas · az -20°",21-jun,780,21.2561,55.8815,0.0000,17,0.000000e+0,-55,1
11,"Arequipa · llano · N-S rotula 4° · mono · alineadas ×1 · 10 filas · az -20°",21-jun,800,25.1539,53.2637,0.0000,17,0.000000e+0,-55,1
11,"Arequipa · llano · N-S rotula 4° · mono · alineadas ×1 · 10 filas · az -20°",21-jun,820,28.9146,50.3241,0.0000,17,0.000000e+0,-55,1
11,"Arequipa · llano · N-S rotula 4° · mono · alineadas ×1 · 10 filas · az -20°",21-jun,840,32.5098,47.0168,0.0000,17,0.000000e+0,-55,1
11,"Arequipa · llano · N-S rotula 4° · mono · alineadas ×1 · 10 filas · az -20°",21-jun,860,35.9052,43.2920,0.0000,17,0.000000e+0,-55,1
11,"Arequipa · llano · N-S rotula 4° · mono · alineadas ×1 · 10 filas · az -20°",21-jun,880,39.0602,39.0991,0.0000,17,0.000000e+0,-55,1
11,"Arequipa · llano · N-S rotula 4° · mono · alineadas ×1 · 10 filas · az -20°",21-jun,900,41.9268,34.3923,0.0000,17,0.000000e+0,-55,1
11,"Arequipa · llano · N-S rotula 4° · mono · alineadas ×1 · 10 filas · az -20°",21-jun,920,44.4499,29.1395,0.0000,17,0.000000e+0,-55,1
11,"Arequipa · llano · N-S rotula 4° · mono · alineadas ×1 · 10 filas · az -20°",21-jun,940,46.5693,23.3352,0.0000,17,0.000000e+0,-55,1
11,"Arequipa · llano · N-S rotula 4° · mono · alineadas ×1 · 10 filas · az -20°",21-jun,960,48.2231,17.0150,0.0000,17,0.000000e+0,-55,1
11,"Arequipa · llano · N-S rotula 4° · mono · alineadas ×1 · 10 filas · az -20°",21-jun,980,49.3544,10.2679,0.0000,17,0.000000e+0,-55,1
11,"Arequipa · llano · N-S rotula 4° · mono · alineadas ×1 · 10 filas · az -20°",21-jun,1000,49.9185,3.2390,0.0000,17,0.000000e+0,-55,1
11,"Arequipa · llano · N-S rotula 4° · mono · alineadas ×1 · 10 filas · az -20°",21-jun,1020,49.8916,356.1171,0.0000,17,0.000000e+0,-55,1
11,"Arequipa · llano · N-S rotula 4° · mono · alineadas ×1 · 10 filas · az -20°",21-jun,1040,49.2748,349.1064,0.0000,17,0.000000e+0,-55,1
11,"Arequipa · llano · N-S rotula 4° · mono · alineadas ×1 · 10 filas · az -20°",21-jun,1060,48.0942,342.3928,0.0000,17,0.000000e+0,-55,1
11,"Arequipa · llano · N-S rotula 4° · mono · alineadas ×1 · 10 filas · az -20°",21-jun,1080,46.3957,336.1165,0.0000,17,0.000000e+0,-55,1
11,"Arequipa · llano · N-S rotula 4° · mono · alineadas ×1 · 10 filas · az -20°",21-jun,1100,44.2372,330.3613,0.0000,17,0.000000e+0,-55,1
11,"Arequipa · llano · N-S rotula 4° · mono · alineadas ×1 · 10 filas · az -20°",21-jun,1120,41.6806,325.1587,0.0000,17,0.000000e+0,-55,1
11,"Arequipa · llano · N-S rotula 4° · mono · alineadas ×1 · 10 filas · az -20°",21-jun,1140,38.7857,320.5000,0.0000,17,0.000000e+0,-55,1
11,"Arequipa · llano · N-S rotula 4° · mono · alineadas ×1 · 10 filas · az -20°",21-jun,1160,35.6071,316.3514,0.0000,17,0.000000e+0,-55,1
11,"Arequipa · llano · N-S rotula 4° · mono · alineadas ×1 · 10 filas · az -20°",21-jun,1180,32.1920,312.6665,0.0000,17,0.000000e+0,-55,1
11,"Arequipa · llano · N-S rotula 4° · mono · alineadas ×1 · 10 filas · az -20°",21-jun,1200,28.5805,309.3944,0.0000,17,0.000000e+0,-55,1
11,"Arequipa · llano · N-S rotula 4° · mono · alineadas ×1 · 10 filas · az -20°",21-jun,1220,24.8063,306.4858,0.0000,17,0.000000e+0,-55,1
11,"Arequipa · llano · N-S rotula 4° · mono · alineadas ×1 · 10 filas · az -20°",21-jun,1240,20.8973,303.8950,0.0000,17,0.000000e+0,-55,1
11,"Arequipa · llano · N-S rotula 4° · mono · alineadas ×1 · 10 filas · az -20°",21-jun,1260,16.8774,301.5817,0.0000,17,0.000000e+0,-55,1
11,"Arequipa · llano · N-S rotula 4° · mono · alineadas ×1 · 10 filas · az -20°",21-jun,1280,12.7680,299.5110,0.0000,17,0.000000e+0,-36.5,1
11,"Arequipa · llano · N-S rotula 4° · mono · alineadas ×1 · 10 filas · az -20°",21-jun,1300,8.5930,297.6533,0.0000,17,0.000000e+0,-20.5,1
11,"Arequipa · llano · N-S rotula 4° · mono · alineadas ×1 · 10 filas · az -20°",21-jun,1320,4.3962,295.9837,0.0000,33,0.000000e+0,-9.5,1
11,"Arequipa · llano · N-S rotula 4° · mono · alineadas ×1 · 10 filas · az -20°",21-mar,680,6.1794,87.8345,0.0000,17,0.000000e+0,-23,1
11,"Arequipa · llano · N-S rotula 4° · mono · alineadas ×1 · 10 filas · az -20°",21-mar,700,10.9081,86.3640,0.0000,17,0.000000e+0,-41,1
11,"Arequipa · llano · N-S rotula 4° · mono · alineadas ×1 · 10 filas · az -20°",21-mar,720,15.6602,84.8431,0.0000,17,0.000000e+0,-55,1
11,"Arequipa · llano · N-S rotula 4° · mono · alineadas ×1 · 10 filas · az -20°",21-mar,740,20.4114,83.2469,0.0000,17,0.000000e+0,-55,1
11,"Arequipa · llano · N-S rotula 4° · mono · alineadas ×1 · 10 filas · az -20°",21-mar,760,25.1514,81.5460,0.0000,17,0.000000e+0,-55,1
11,"Arequipa · llano · N-S rotula 4° · mono · alineadas ×1 · 10 filas · az -20°",21-mar,780,29.8721,79.7046,0.0000,17,0.000000e+0,-55,1
11,"Arequipa · llano · N-S rotula 4° · mono · alineadas ×1 · 10 filas · az -20°",21-mar,800,34.5652,77.6773,0.0000,17,0.000000e+0,-55,1
11,"Arequipa · llano · N-S rotula 4° · mono · alineadas ×1 · 10 filas · az -20°",21-mar,820,39.2209,75.4045,0.0000,17,0.000000e+0,-55,1
11,"Arequipa · llano · N-S rotula 4° · mono · alineadas ×1 · 10 filas · az -20°",21-mar,840,43.8256,72.8064,0.0000,17,0.000000e+0,-55,1
11,"Arequipa · llano · N-S rotula 4° · mono · alineadas ×1 · 10 filas · az -20°",21-mar,860,48.3608,69.7727,0.0000,17,0.000000e+0,-55,1
11,"Arequipa · llano · N-S rotula 4° · mono · alineadas ×1 · 10 filas · az -20°",21-mar,880,52.7997,66.1475,0.0000,17,0.000000e+0,-55,1
11,"Arequipa · llano · N-S rotula 4° · mono · alineadas ×1 · 10 filas · az -20°",21-mar,900,57.1020,61.7065,0.0000,17,0.000000e+0,-55,1
11,"Arequipa · llano · N-S rotula 4° · mono · alineadas ×1 · 10 filas · az -20°",21-mar,920,61.2050,56.1234,0.0000,17,0.000000e+0,-55,1
11,"Arequipa · llano · N-S rotula 4° · mono · alineadas ×1 · 10 filas · az -20°",21-mar,940,65.0093,48.9323,0.0000,17,0.000000e+0,-55,1
11,"Arequipa · llano · N-S rotula 4° · mono · alineadas ×1 · 10 filas · az -20°",21-mar,960,68.3560,39.5174,0.0000,17,0.000000e+0,-55,1
11,"Arequipa · llano · N-S rotula 4° · mono · alineadas ×1 · 10 filas · az -20°",21-mar,980,71.0006,27.2555,0.0000,17,0.000000e+0,-55,1
11,"Arequipa · llano · N-S rotula 4° · mono · alineadas ×1 · 10 filas · az -20°",21-mar,1000,72.6192,12.0480,0.0000,17,0.000000e+0,-55,1
11,"Arequipa · llano · N-S rotula 4° · mono · alineadas ×1 · 10 filas · az -20°",21-mar,1020,72.9172,355.1449,0.0000,17,0.000000e+0,-55,1
11,"Arequipa · llano · N-S rotula 4° · mono · alineadas ×1 · 10 filas · az -20°",21-mar,1040,71.8293,338.9743,0.0000,17,0.000000e+0,-55,1
11,"Arequipa · llano · N-S rotula 4° · mono · alineadas ×1 · 10 filas · az -20°",21-mar,1060,69.5760,325.4193,0.0000,17,0.000000e+0,-55,1
11,"Arequipa · llano · N-S rotula 4° · mono · alineadas ×1 · 10 filas · az -20°",21-mar,1080,66.4904,314.8661,0.0000,17,0.000000e+0,-55,1
11,"Arequipa · llano · N-S rotula 4° · mono · alineadas ×1 · 10 filas · az -20°",21-mar,1100,62.8553,306.8185,0.0000,17,0.000000e+0,-55,1
11,"Arequipa · llano · N-S rotula 4° · mono · alineadas ×1 · 10 filas · az -20°",21-mar,1120,58.8631,300.6237,0.0000,17,0.000000e+0,-55,1
11,"Arequipa · llano · N-S rotula 4° · mono · alineadas ×1 · 10 filas · az -20°",21-mar,1140,54.6351,295.7491,0.0000,17,0.000000e+0,-55,1
11,"Arequipa · llano · N-S rotula 4° · mono · alineadas ×1 · 10 filas · az -20°",21-mar,1160,50.2473,291.8140,0.0000,17,0.000000e+0,-55,1
11,"Arequipa · llano · N-S rotula 4° · mono · alineadas ×1 · 10 filas · az -20°",21-mar,1180,45.7481,288.5555,0.0000,17,0.000000e+0,-55,1
11,"Arequipa · llano · N-S rotula 4° · mono · alineadas ×1 · 10 filas · az -20°",21-mar,1200,41.1691,285.7922,0.0000,17,0.000000e+0,-55,1
11,"Arequipa · llano · N-S rotula 4° · mono · alineadas ×1 · 10 filas · az -20°",21-mar,1220,36.5321,283.3969,0.0000,17,0.000000e+0,-55,1
11,"Arequipa · llano · N-S rotula 4° · mono · alineadas ×1 · 10 filas · az -20°",21-mar,1240,31.8523,281.2784,0.0000,17,0.000000e+0,-55,1
11,"Arequipa · llano · N-S rotula 4° · mono · alineadas ×1 · 10 filas · az -20°",21-mar,1260,27.1408,279.3695,0.0000,17,0.000000e+0,-55,1
11,"Arequipa · llano · N-S rotula 4° · mono · alineadas ×1 · 10 filas · az -20°",21-mar,1280,22.4065,277.6197,0.0000,17,0.000000e+0,-55,1
11,"Arequipa · llano · N-S rotula 4° · mono · alineadas ×1 · 10 filas · az -20°",21-mar,1300,17.6572,275.9894,0.0000,17,0.000000e+0,-37.5,1
11,"Arequipa · llano · N-S rotula 4° · mono · alineadas ×1 · 10 filas · az -20°",21-mar,1320,12.9018,274.4469,0.0000,17,0.000000e+0,-23.5,1
11,"Arequipa · llano · N-S rotula 4° · mono · alineadas ×1 · 10 filas · az -20°",21-mar,1340,8.1561,272.9659,0.0000,17,0.000000e+0,-13.5,1
11,"Arequipa · llano · N-S rotula 4° · mono · alineadas ×1 · 10 filas · az -20°",21-mar,1360,3.4752,271.5234,0.0000,33,0.000000e+0,-5.5,1
11,"Arequipa · llano · N-S rotula 4° · mono · alineadas ×1 · 10 filas · az -20°",21-dic,640,5.5090,112.8863,0.0000,33,0.000000e+0,-26.5,1
11,"Arequipa · llano · N-S rotula 4° · mono · alineadas ×1 · 10 filas · az -20°",21-dic,660,9.8795,111.6997,0.0000,17,0.000000e+0,-48,1
11,"Arequipa · llano · N-S rotula 4° · mono · alineadas ×1 · 10 filas · az -20°",21-dic,680,14.3190,110.6399,0.0000,17,0.000000e+0,-55,1
11,"Arequipa · llano · N-S rotula 4° · mono · alineadas ×1 · 10 filas · az -20°",21-dic,700,18.8002,109.7012,0.0000,17,0.000000e+0,-55,1
11,"Arequipa · llano · N-S rotula 4° · mono · alineadas ×1 · 10 filas · az -20°",21-dic,720,23.3118,108.8811,0.0000,17,0.000000e+0,-55,1
11,"Arequipa · llano · N-S rotula 4° · mono · alineadas ×1 · 10 filas · az -20°",21-dic,740,27.8469,108.1807,0.0000,17,0.000000e+0,-55,1
11,"Arequipa · llano · N-S rotula 4° · mono · alineadas ×1 · 10 filas · az -20°",21-dic,760,32.4005,107.6058,0.0000,17,0.000000e+0,-55,1
11,"Arequipa · llano · N-S rotula 4° · mono · alineadas ×1 · 10 filas · az -20°",21-dic,780,36.9680,107.1676,0.0000,17,0.000000e+0,-55,1
11,"Arequipa · llano · N-S rotula 4° · mono · alineadas ×1 · 10 filas · az -20°",21-dic,800,41.5453,106.8854,0.0000,17,0.000000e+0,-55,1
11,"Arequipa · llano · N-S rotula 4° · mono · alineadas ×1 · 10 filas · az -20°",21-dic,820,46.1277,106.7892,0.0000,17,0.000000e+0,-55,1
11,"Arequipa · llano · N-S rotula 4° · mono · alineadas ×1 · 10 filas · az -20°",21-dic,840,50.7102,106.9266,0.0000,17,0.000000e+0,-55,1
11,"Arequipa · llano · N-S rotula 4° · mono · alineadas ×1 · 10 filas · az -20°",21-dic,860,55.2860,107.3727,0.0000,17,0.000000e+0,-55,1
11,"Arequipa · llano · N-S rotula 4° · mono · alineadas ×1 · 10 filas · az -20°",21-dic,880,59.8457,108.2507,0.0000,17,0.000000e+0,-55,1
11,"Arequipa · llano · N-S rotula 4° · mono · alineadas ×1 · 10 filas · az -20°",21-dic,900,64.3745,109.7715,0.0000,17,0.000000e+0,-55,1
11,"Arequipa · llano · N-S rotula 4° · mono · alineadas ×1 · 10 filas · az -20°",21-dic,920,68.8464,112.3221,0.0000,17,0.000000e+0,-55,1
11,"Arequipa · llano · N-S rotula 4° · mono · alineadas ×1 · 10 filas · az -20°",21-dic,940,73.2097,116.6755,0.0000,17,0.000000e+0,-55,1
11,"Arequipa · llano · N-S rotula 4° · mono · alineadas ×1 · 10 filas · az -20°",21-dic,960,77.3452,124.5416,0.0000,17,0.000000e+0,-55,1
11,"Arequipa · llano · N-S rotula 4° · mono · alineadas ×1 · 10 filas · az -20°",21-dic,980,80.9293,139.9625,0.0000,17,0.000000e+0,-55,1
11,"Arequipa · llano · N-S rotula 4° · mono · alineadas ×1 · 10 filas · az -20°",21-dic,1000,83.0437,169.7235,0.0000,17,0.000000e+0,-55,1
11,"Arequipa · llano · N-S rotula 4° · mono · alineadas ×1 · 10 filas · az -20°",21-dic,1020,82.3507,206.0083,0.0000,17,0.000000e+0,-55,1
11,"Arequipa · llano · N-S rotula 4° · mono · alineadas ×1 · 10 filas · az -20°",21-dic,1040,79.3872,228.4830,0.0000,17,0.000000e+0,-55,1
11,"Arequipa · llano · N-S rotula 4° · mono · alineadas ×1 · 10 filas · az -20°",21-dic,1060,75.4845,239.6903,0.0000,17,0.000000e+0,-55,1
11,"Arequipa · llano · N-S rotula 4° · mono · alineadas ×1 · 10 filas · az -20°",21-dic,1080,71.2217,245.6266,0.0000,17,0.000000e+0,-55,1
11,"Arequipa · llano · N-S rotula 4° · mono · alineadas ×1 · 10 filas · az -20°",21-dic,1100,66.7992,249.0147,0.0000,17,0.000000e+0,-55,1
11,"Arequipa · llano · N-S rotula 4° · mono · alineadas ×1 · 10 filas · az -20°",21-dic,1120,62.2968,251.0263,0.0000,17,0.000000e+0,-55,1
11,"Arequipa · llano · N-S rotula 4° · mono · alineadas ×1 · 10 filas · az -20°",21-dic,1140,57.7514,252.2170,0.0000,17,0.000000e+0,-55,1
11,"Arequipa · llano · N-S rotula 4° · mono · alineadas ×1 · 10 filas · az -20°",21-dic,1160,53.1829,252.8767,0.0000,17,0.000000e+0,-55,1
11,"Arequipa · llano · N-S rotula 4° · mono · alineadas ×1 · 10 filas · az -20°",21-dic,1180,48.6031,253.1691,0.0000,17,0.000000e+0,-55,1
11,"Arequipa · llano · N-S rotula 4° · mono · alineadas ×1 · 10 filas · az -20°",21-dic,1200,44.0199,253.1917,0.0000,17,0.000000e+0,-55,1
11,"Arequipa · llano · N-S rotula 4° · mono · alineadas ×1 · 10 filas · az -20°",21-dic,1220,39.4393,253.0053,0.0000,17,0.000000e+0,-55,1
11,"Arequipa · llano · N-S rotula 4° · mono · alineadas ×1 · 10 filas · az -20°",21-dic,1240,34.8660,252.6483,0.0000,17,0.000000e+0,-55,1
11,"Arequipa · llano · N-S rotula 4° · mono · alineadas ×1 · 10 filas · az -20°",21-dic,1260,30.3044,252.1454,0.0000,17,0.000000e+0,-55,1
11,"Arequipa · llano · N-S rotula 4° · mono · alineadas ×1 · 10 filas · az -20°",21-dic,1280,25.7587,251.5118,0.0000,17,0.000000e+0,-55,1
11,"Arequipa · llano · N-S rotula 4° · mono · alineadas ×1 · 10 filas · az -20°",21-dic,1300,21.2337,250.7559,0.0000,17,0.000000e+0,-44.5,1
11,"Arequipa · llano · N-S rotula 4° · mono · alineadas ×1 · 10 filas · az -20°",21-dic,1320,16.7351,249.8813,0.0000,17,0.000000e+0,-29.5,1
11,"Arequipa · llano · N-S rotula 4° · mono · alineadas ×1 · 10 filas · az -20°",21-dic,1340,12.2712,248.8874,0.0000,17,0.000000e+0,-20,1
11,"Arequipa · llano · N-S rotula 4° · mono · alineadas ×1 · 10 filas · az -20°",21-dic,1360,7.8581,247.7702,0.0000,17,0.000000e+0,-12,1
11,"Arequipa · llano · N-S rotula 4° · mono · alineadas ×1 · 10 filas · az -20°",21-dic,1380,3.5464,246.5223,0.0000,33,0.000000e+0,-5,1
12,"Arequipa · cresta 2 · N-S rotula 4° · quebrado · tresbolillo ×1 · 8 filas · az 15°",21-jun,700,4.7742,63.8712,0.0000,33,6.349731e-2,-3,0
12,"Arequipa · cresta 2 · N-S rotula 4° · quebrado · tresbolillo ×1 · 8 filas · az 15°",21-jun,720,8.9729,62.1856,0.0000,17,4.773343e-2,-14,0
12,"Arequipa · cresta 2 · N-S rotula 4° · quebrado · tresbolillo ×1 · 8 filas · az 15°",21-jun,740,13.1432,60.3097,0.0000,17,0.000000e+0,-15.5,1
12,"Arequipa · cresta 2 · N-S rotula 4° · quebrado · tresbolillo ×1 · 8 filas · az 15°",21-jun,760,17.2453,58.2184,0.0000,17,0.000000e+0,-34,1
12,"Arequipa · cresta 2 · N-S rotula 4° · quebrado · tresbolillo ×1 · 8 filas · az 15°",21-jun,780,21.2561,55.8815,0.0000,17,0.000000e+0,-55,1
12,"Arequipa · cresta 2 · N-S rotula 4° · quebrado · tresbolillo ×1 · 8 filas · az 15°",21-jun,800,25.1539,53.2637,0.0000,17,0.000000e+0,-55,1
12,"Arequipa · cresta 2 · N-S rotula 4° · quebrado · tresbolillo ×1 · 8 filas · az 15°",21-jun,820,28.9146,50.3241,0.0000,17,0.000000e+0,-55,1
12,"Arequipa · cresta 2 · N-S rotula 4° · quebrado · tresbolillo ×1 · 8 filas · az 15°",21-jun,840,32.5098,47.0168,0.0000,17,0.000000e+0,-55,1
12,"Arequipa · cresta 2 · N-S rotula 4° · quebrado · tresbolillo ×1 · 8 filas · az 15°",21-jun,860,35.9052,43.2920,0.0000,17,0.000000e+0,-55,1
12,"Arequipa · cresta 2 · N-S rotula 4° · quebrado · tresbolillo ×1 · 8 filas · az 15°",21-jun,880,39.0602,39.0991,0.0000,17,0.000000e+0,-55,1
12,"Arequipa · cresta 2 · N-S rotula 4° · quebrado · tresbolillo ×1 · 8 filas · az 15°",21-jun,900,41.9268,34.3923,0.0000,17,0.000000e+0,-55,1
12,"Arequipa · cresta 2 · N-S rotula 4° · quebrado · tresbolillo ×1 · 8 filas · az 15°",21-jun,920,44.4499,29.1395,0.0000,17,0.000000e+0,-55,1
12,"Arequipa · cresta 2 · N-S rotula 4° · quebrado · tresbolillo ×1 · 8 filas · az 15°",21-jun,940,46.5693,23.3352,0.0000,17,0.000000e+0,-55,1
12,"Arequipa · cresta 2 · N-S rotula 4° · quebrado · tresbolillo ×1 · 8 filas · az 15°",21-jun,960,48.2231,17.0150,0.0000,17,0.000000e+0,-55,1
12,"Arequipa · cresta 2 · N-S rotula 4° · quebrado · tresbolillo ×1 · 8 filas · az 15°",21-jun,980,49.3544,10.2679,0.0000,17,0.000000e+0,-55,1
12,"Arequipa · cresta 2 · N-S rotula 4° · quebrado · tresbolillo ×1 · 8 filas · az 15°",21-jun,1000,49.9185,3.2390,0.0000,17,0.000000e+0,-55,1
12,"Arequipa · cresta 2 · N-S rotula 4° · quebrado · tresbolillo ×1 · 8 filas · az 15°",21-jun,1020,49.8916,356.1171,0.0000,17,0.000000e+0,-55,1
12,"Arequipa · cresta 2 · N-S rotula 4° · quebrado · tresbolillo ×1 · 8 filas · az 15°",21-jun,1040,49.2748,349.1064,0.0000,17,0.000000e+0,-55,1
12,"Arequipa · cresta 2 · N-S rotula 4° · quebrado · tresbolillo ×1 · 8 filas · az 15°",21-jun,1060,48.0942,342.3928,0.0000,17,0.000000e+0,-55,1
12,"Arequipa · cresta 2 · N-S rotula 4° · quebrado · tresbolillo ×1 · 8 filas · az 15°",21-jun,1080,46.3957,336.1165,0.0000,17,0.000000e+0,-55,1
12,"Arequipa · cresta 2 · N-S rotula 4° · quebrado · tresbolillo ×1 · 8 filas · az 15°",21-jun,1100,44.2372,330.3613,0.0000,17,0.000000e+0,-55,1
12,"Arequipa · cresta 2 · N-S rotula 4° · quebrado · tresbolillo ×1 · 8 filas · az 15°",21-jun,1120,41.6806,325.1587,0.0000,17,0.000000e+0,-55,1
12,"Arequipa · cresta 2 · N-S rotula 4° · quebrado · tresbolillo ×1 · 8 filas · az 15°",21-jun,1140,38.7857,320.5000,0.0000,17,0.000000e+0,-55,1
12,"Arequipa · cresta 2 · N-S rotula 4° · quebrado · tresbolillo ×1 · 8 filas · az 15°",21-jun,1160,35.6071,316.3514,0.0000,17,0.000000e+0,-14,1
12,"Arequipa · cresta 2 · N-S rotula 4° · quebrado · tresbolillo ×1 · 8 filas · az 15°",21-jun,1180,32.1920,312.6665,0.0000,17,0.000000e+0,-1,1
12,"Arequipa · cresta 2 · N-S rotula 4° · quebrado · tresbolillo ×1 · 8 filas · az 15°",21-jun,1200,28.5805,309.3944,0.0000,17,0.000000e+0,9,1
12,"Arequipa · cresta 2 · N-S rotula 4° · quebrado · tresbolillo ×1 · 8 filas · az 15°",21-jun,1220,24.8063,306.4858,0.0000,17,0.000000e+0,17.5,1
12,"Arequipa · cresta 2 · N-S rotula 4° · quebrado · tresbolillo ×1 · 8 filas · az 15°",21-jun,1240,20.8973,303.8950,0.0000,17,0.000000e+0,21,1
12,"Arequipa · cresta 2 · N-S rotula 4° · quebrado · tresbolillo ×1 · 8 filas · az 15°",21-jun,1260,16.8774,301.5817,0.0000,17,0.000000e+0,16,1
12,"Arequipa · cresta 2 · N-S rotula 4° · quebrado · tresbolillo ×1 · 8 filas · az 15°",21-jun,1280,12.7680,299.5110,0.0000,17,2.153647e-2,13,0
12,"Arequipa · cresta 2 · N-S rotula 4° · quebrado · tresbolillo ×1 · 8 filas · az 15°",21-jun,1300,8.5930,297.6533,0.0000,17,3.678830e-3,9,0
12,"Arequipa · cresta 2 · N-S rotula 4° · quebrado · tresbolillo ×1 · 8 filas · az 15°",21-jun,1320,4.3962,295.9837,0.0000,33,1.733869e-1,4.5,0
12,"Arequipa · cresta 2 · N-S rotula 4° · quebrado · tresbolillo ×1 · 8 filas · az 15°",21-mar,680,6.1794,87.8345,0.0000,17,2.756174e-2,-5.5,0
12,"Arequipa · cresta 2 · N-S rotula 4° · quebrado · tresbolillo ×1 · 8 filas · az 15°",21-mar,700,10.9081,86.3640,0.0000,17,1.476750e-2,-10.5,0
12,"Arequipa · cresta 2 · N-S rotula 4° · quebrado · tresbolillo ×1 · 8 filas · az 15°",21-mar,720,15.6602,84.8431,0.0000,17,0.000000e+0,-15.5,1
12,"Arequipa · cresta 2 · N-S rotula 4° · quebrado · tresbolillo ×1 · 8 filas · az 15°",21-mar,740,20.4114,83.2469,0.0000,17,0.000000e+0,-22.5,1
12,"Arequipa · cresta 2 · N-S rotula 4° · quebrado · tresbolillo ×1 · 8 filas · az 15°",21-mar,760,25.1514,81.5460,0.0000,17,0.000000e+0,-36.5,1
12,"Arequipa · cresta 2 · N-S rotula 4° · quebrado · tresbolillo ×1 · 8 filas · az 15°",21-mar,780,29.8721,79.7046,0.0000,17,0.000000e+0,-55,1
12,"Arequipa · cresta 2 · N-S rotula 4° · quebrado · tresbolillo ×1 · 8 filas · az 15°",21-mar,800,34.5652,77.6773,0.0000,17,0.000000e+0,-55,1
12,"Arequipa · cresta 2 · N-S rotula 4° · quebrado · tresbolillo ×1 · 8 filas · az 15°",21-mar,820,39.2209,75.4045,0.0000,17,0.000000e+0,-55,1
12,"Arequipa · cresta 2 · N-S rotula 4° · quebrado · tresbolillo ×1 · 8 filas · az 15°",21-mar,840,43.8256,72.8064,0.0000,17,0.000000e+0,-55,1
12,"Arequipa · cresta 2 · N-S rotula 4° · quebrado · tresbolillo ×1 · 8 filas · az 15°",21-mar,860,48.3608,69.7727,0.0000,17,0.000000e+0,-55,1
12,"Arequipa · cresta 2 · N-S rotula 4° · quebrado · tresbolillo ×1 · 8 filas · az 15°",21-mar,880,52.7997,66.1475,0.0000,17,0.000000e+0,-55,1
12,"Arequipa · cresta 2 · N-S rotula 4° · quebrado · tresbolillo ×1 · 8 filas · az 15°",21-mar,900,57.1020,61.7065,0.0000,17,0.000000e+0,-55,1
12,"Arequipa · cresta 2 · N-S rotula 4° · quebrado · tresbolillo ×1 · 8 filas · az 15°",21-mar,920,61.2050,56.1234,0.0000,17,0.000000e+0,-55,1
12,"Arequipa · cresta 2 · N-S rotula 4° · quebrado · tresbolillo ×1 · 8 filas · az 15°",21-mar,940,65.0093,48.9323,0.0000,17,0.000000e+0,-55,1
12,"Arequipa · cresta 2 · N-S rotula 4° · quebrado · tresbolillo ×1 · 8 filas · az 15°",21-mar,960,68.3560,39.5174,0.0000,17,0.000000e+0,-55,1
12,"Arequipa · cresta 2 · N-S rotula 4° · quebrado · tresbolillo ×1 · 8 filas · az 15°",21-mar,980,71.0006,27.2555,0.0000,17,0.000000e+0,-55,1
12,"Arequipa · cresta 2 · N-S rotula 4° · quebrado · tresbolillo ×1 · 8 filas · az 15°",21-mar,1000,72.6192,12.0480,0.0000,17,0.000000e+0,-55,1
12,"Arequipa · cresta 2 · N-S rotula 4° · quebrado · tresbolillo ×1 · 8 filas · az 15°",21-mar,1020,72.9172,355.1449,0.0000,17,0.000000e+0,-55,1
12,"Arequipa · cresta 2 · N-S rotula 4° · quebrado · tresbolillo ×1 · 8 filas · az 15°",21-mar,1040,71.8293,338.9743,0.0000,17,0.000000e+0,-55,1
12,"Arequipa · cresta 2 · N-S rotula 4° · quebrado · tresbolillo ×1 · 8 filas · az 15°",21-mar,1060,69.5760,325.4193,0.0000,17,0.000000e+0,-55,1
12,"Arequipa · cresta 2 · N-S rotula 4° · quebrado · tresbolillo ×1 · 8 filas · az 15°",21-mar,1080,66.4904,314.8661,0.0000,17,0.000000e+0,-55,1
12,"Arequipa · cresta 2 · N-S rotula 4° · quebrado · tresbolillo ×1 · 8 filas · az 15°",21-mar,1100,62.8553,306.8185,0.0000,17,0.000000e+0,-55,1
12,"Arequipa · cresta 2 · N-S rotula 4° · quebrado · tresbolillo ×1 · 8 filas · az 15°",21-mar,1120,58.8631,300.6237,0.0000,17,0.000000e+0,-55,1
12,"Arequipa · cresta 2 · N-S rotula 4° · quebrado · tresbolillo ×1 · 8 filas · az 15°",21-mar,1140,54.6351,295.7491,0.0000,17,0.000000e+0,-55,1
12,"Arequipa · cresta 2 · N-S rotula 4° · quebrado · tresbolillo ×1 · 8 filas · az 15°",21-mar,1160,50.2473,291.8140,0.0000,17,0.000000e+0,-55,1
12,"Arequipa · cresta 2 · N-S rotula 4° · quebrado · tresbolillo ×1 · 8 filas · az 15°",21-mar,1180,45.7481,288.5555,0.0000,17,0.000000e+0,-55,1
12,"Arequipa · cresta 2 · N-S rotula 4° · quebrado · tresbolillo ×1 · 8 filas · az 15°",21-mar,1200,41.1691,285.7922,0.0000,17,0.000000e+0,-13.5,1
12,"Arequipa · cresta 2 · N-S rotula 4° · quebrado · tresbolillo ×1 · 8 filas · az 15°",21-mar,1220,36.5321,283.3969,0.0000,17,0.000000e+0,0,1
12,"Arequipa · cresta 2 · N-S rotula 4° · quebrado · tresbolillo ×1 · 8 filas · az 15°",21-mar,1240,31.8523,281.2784,0.0000,17,0.000000e+0,10,1
12,"Arequipa · cresta 2 · N-S rotula 4° · quebrado · tresbolillo ×1 · 8 filas · az 15°",21-mar,1260,27.1408,279.3695,0.0000,17,0.000000e+0,19,1
12,"Arequipa · cresta 2 · N-S rotula 4° · quebrado · tresbolillo ×1 · 8 filas · az 15°",21-mar,1280,22.4065,277.6197,0.0000,17,0.000000e+0,21.5,1
12,"Arequipa · cresta 2 · N-S rotula 4° · quebrado · tresbolillo ×1 · 8 filas · az 15°",21-mar,1300,17.6572,275.9894,0.0000,17,0.000000e+0,17.5,1
12,"Arequipa · cresta 2 · N-S rotula 4° · quebrado · tresbolillo ×1 · 8 filas · az 15°",21-mar,1320,12.9018,274.4469,0.0000,17,0.000000e+0,12,1
12,"Arequipa · cresta 2 · N-S rotula 4° · quebrado · tresbolillo ×1 · 8 filas · az 15°",21-mar,1340,8.1561,272.9659,0.0000,17,0.000000e+0,8,1
12,"Arequipa · cresta 2 · N-S rotula 4° · quebrado · tresbolillo ×1 · 8 filas · az 15°",21-mar,1360,3.4752,271.5234,0.0000,33,2.106651e-2,4.5,0
12,"Arequipa · cresta 2 · N-S rotula 4° · quebrado · tresbolillo ×1 · 8 filas · az 15°",21-dic,640,5.5090,112.8863,0.0000,33,1.386392e-2,-5,0
12,"Arequipa · cresta 2 · N-S rotula 4° · quebrado · tresbolillo ×1 · 8 filas · az 15°",21-dic,660,9.8795,111.6997,0.0000,17,1.479265e-3,-10,0
12,"Arequipa · cresta 2 · N-S rotula 4° · quebrado · tresbolillo ×1 · 8 filas · az 15°",21-dic,680,14.3190,110.6399,0.0000,17,0.000000e+0,-15.5,1
12,"Arequipa · cresta 2 · N-S rotula 4° · quebrado · tresbolillo ×1 · 8 filas · az 15°",21-dic,700,18.8002,109.7012,0.0000,17,0.000000e+0,-20,1
12,"Arequipa · cresta 2 · N-S rotula 4° · quebrado · tresbolillo ×1 · 8 filas · az 15°",21-dic,720,23.3118,108.8811,0.0000,17,0.000000e+0,-24.5,1
12,"Arequipa · cresta 2 · N-S rotula 4° · quebrado · tresbolillo ×1 · 8 filas · az 15°",21-dic,740,27.8469,108.1807,0.0000,17,0.000000e+0,-39,1
12,"Arequipa · cresta 2 · N-S rotula 4° · quebrado · tresbolillo ×1 · 8 filas · az 15°",21-dic,760,32.4005,107.6058,0.0000,17,0.000000e+0,-55,1
12,"Arequipa · cresta 2 · N-S rotula 4° · quebrado · tresbolillo ×1 · 8 filas · az 15°",21-dic,780,36.9680,107.1676,0.0000,17,0.000000e+0,-55,1
12,"Arequipa · cresta 2 · N-S rotula 4° · quebrado · tresbolillo ×1 · 8 filas · az 15°",21-dic,800,41.5453,106.8854,0.0000,17,0.000000e+0,-55,1
12,"Arequipa · cresta 2 · N-S rotula 4° · quebrado · tresbolillo ×1 · 8 filas · az 15°",21-dic,820,46.1277,106.7892,0.0000,17,0.000000e+0,-55,1
12,"Arequipa · cresta 2 · N-S rotula 4° · quebrado · tresbolillo ×1 · 8 filas · az 15°",21-dic,840,50.7102,106.9266,0.0000,17,0.000000e+0,-55,1
12,"Arequipa · cresta 2 · N-S rotula 4° · quebrado · tresbolillo ×1 · 8 filas · az 15°",21-dic,860,55.2860,107.3727,0.0000,17,0.000000e+0,-55,1
12,"Arequipa · cresta 2 · N-S rotula 4° · quebrado · tresbolillo ×1 · 8 filas · az 15°",21-dic,880,59.8457,108.2507,0.0000,17,0.000000e+0,-55,1
12,"Arequipa · cresta 2 · N-S rotula 4° · quebrado · tresbolillo ×1 · 8 filas · az 15°",21-dic,900,64.3745,109.7715,0.0000,17,0.000000e+0,-55,1
12,"Arequipa · cresta 2 · N-S rotula 4° · quebrado · tresbolillo ×1 · 8 filas · az 15°",21-dic,920,68.8464,112.3221,0.0000,17,0.000000e+0,-55,1
12,"Arequipa · cresta 2 · N-S rotula 4° · quebrado · tresbolillo ×1 · 8 filas · az 15°",21-dic,940,73.2097,116.6755,0.0000,17,0.000000e+0,-55,1
12,"Arequipa · cresta 2 · N-S rotula 4° · quebrado · tresbolillo ×1 · 8 filas · az 15°",21-dic,960,77.3452,124.5416,0.0000,17,0.000000e+0,-55,1
12,"Arequipa · cresta 2 · N-S rotula 4° · quebrado · tresbolillo ×1 · 8 filas · az 15°",21-dic,980,80.9293,139.9625,0.0000,17,0.000000e+0,-55,1
12,"Arequipa · cresta 2 · N-S rotula 4° · quebrado · tresbolillo ×1 · 8 filas · az 15°",21-dic,1000,83.0437,169.7235,0.0000,17,0.000000e+0,-55,1
12,"Arequipa · cresta 2 · N-S rotula 4° · quebrado · tresbolillo ×1 · 8 filas · az 15°",21-dic,1020,82.3507,206.0083,0.0000,17,0.000000e+0,-55,1
12,"Arequipa · cresta 2 · N-S rotula 4° · quebrado · tresbolillo ×1 · 8 filas · az 15°",21-dic,1040,79.3872,228.4830,0.0000,17,0.000000e+0,-55,1
12,"Arequipa · cresta 2 · N-S rotula 4° · quebrado · tresbolillo ×1 · 8 filas · az 15°",21-dic,1060,75.4845,239.6903,0.0000,17,0.000000e+0,-55,1
12,"Arequipa · cresta 2 · N-S rotula 4° · quebrado · tresbolillo ×1 · 8 filas · az 15°",21-dic,1080,71.2217,245.6266,0.0000,17,0.000000e+0,-55,1
12,"Arequipa · cresta 2 · N-S rotula 4° · quebrado · tresbolillo ×1 · 8 filas · az 15°",21-dic,1100,66.7992,249.0147,0.0000,17,0.000000e+0,-55,1
12,"Arequipa · cresta 2 · N-S rotula 4° · quebrado · tresbolillo ×1 · 8 filas · az 15°",21-dic,1120,62.2968,251.0263,0.0000,17,0.000000e+0,-55,1
12,"Arequipa · cresta 2 · N-S rotula 4° · quebrado · tresbolillo ×1 · 8 filas · az 15°",21-dic,1140,57.7514,252.2170,0.0000,17,0.000000e+0,-55,1
12,"Arequipa · cresta 2 · N-S rotula 4° · quebrado · tresbolillo ×1 · 8 filas · az 15°",21-dic,1160,53.1829,252.8767,0.0000,17,0.000000e+0,-55,1
12,"Arequipa · cresta 2 · N-S rotula 4° · quebrado · tresbolillo ×1 · 8 filas · az 15°",21-dic,1180,48.6031,253.1691,0.0000,17,0.000000e+0,-55,1
12,"Arequipa · cresta 2 · N-S rotula 4° · quebrado · tresbolillo ×1 · 8 filas · az 15°",21-dic,1200,44.0199,253.1917,0.0000,17,0.000000e+0,-55,1
12,"Arequipa · cresta 2 · N-S rotula 4° · quebrado · tresbolillo ×1 · 8 filas · az 15°",21-dic,1220,39.4393,253.0053,0.0000,17,0.000000e+0,-26,1
12,"Arequipa · cresta 2 · N-S rotula 4° · quebrado · tresbolillo ×1 · 8 filas · az 15°",21-dic,1240,34.8660,252.6483,0.0000,17,0.000000e+0,-7,1
12,"Arequipa · cresta 2 · N-S rotula 4° · quebrado · tresbolillo ×1 · 8 filas · az 15°",21-dic,1260,30.3044,252.1454,0.0000,17,0.000000e+0,4.5,1
12,"Arequipa · cresta 2 · N-S rotula 4° · quebrado · tresbolillo ×1 · 8 filas · az 15°",21-dic,1280,25.7587,251.5118,0.0000,17,0.000000e+0,14,1
12,"Arequipa · cresta 2 · N-S rotula 4° · quebrado · tresbolillo ×1 · 8 filas · az 15°",21-dic,1300,21.2337,250.7559,0.0000,17,0.000000e+0,22.5,1
12,"Arequipa · cresta 2 · N-S rotula 4° · quebrado · tresbolillo ×1 · 8 filas · az 15°",21-dic,1320,16.7351,249.8813,0.0000,17,0.000000e+0,17,1
12,"Arequipa · cresta 2 · N-S rotula 4° · quebrado · tresbolillo ×1 · 8 filas · az 15°",21-dic,1340,12.2712,248.8874,0.0000,17,1.365707e-2,14,0
12,"Arequipa · cresta 2 · N-S rotula 4° · quebrado · tresbolillo ×1 · 8 filas · az 15°",21-dic,1360,7.8581,247.7702,0.0000,17,8.603359e-2,10.5,0
12,"Arequipa · cresta 2 · N-S rotula 4° · quebrado · tresbolillo ×1 · 8 filas · az 15°",21-dic,1380,3.5464,246.5223,0.0000,33,1.242764e-1,1.5,0
13,"Arequipa · cresta 1 · N-S senoidal 3° · mono · alineadas ×1 · 8 filas · az 0°",21-jun,700,4.7742,63.8712,3.0000,64,3.238064e-2,-6,0
13,"Arequipa · cresta 1 · N-S senoidal 3° · mono · alineadas ×1 · 8 filas · az 0°",21-jun,720,8.9729,62.1856,3.0000,33,2.829045e-2,-9.5,0
13,"Arequipa · cresta 1 · N-S senoidal 3° · mono · alineadas ×1 · 8 filas · az 0°",21-jun,740,13.1432,60.3097,3.0000,33,2.268609e-2,-15,0
13,"Arequipa · cresta 1 · N-S senoidal 3° · mono · alineadas ×1 · 8 filas · az 0°",21-jun,760,17.2453,58.2184,3.0000,33,0.000000e+0,-25,1
13,"Arequipa · cresta 1 · N-S senoidal 3° · mono · alineadas ×1 · 8 filas · az 0°",21-jun,780,21.2561,55.8815,3.0000,33,0.000000e+0,-44.5,1
13,"Arequipa · cresta 1 · N-S senoidal 3° · mono · alineadas ×1 · 8 filas · az 0°",21-jun,800,25.1539,53.2637,3.0000,33,0.000000e+0,-55,1
13,"Arequipa · cresta 1 · N-S senoidal 3° · mono · alineadas ×1 · 8 filas · az 0°",21-jun,820,28.9146,50.3241,3.0000,33,0.000000e+0,-55,1
13,"Arequipa · cresta 1 · N-S senoidal 3° · mono · alineadas ×1 · 8 filas · az 0°",21-jun,840,32.5098,47.0168,3.0000,33,0.000000e+0,-55,1
13,"Arequipa · cresta 1 · N-S senoidal 3° · mono · alineadas ×1 · 8 filas · az 0°",21-jun,860,35.9052,43.2920,3.0000,33,0.000000e+0,-55,1
13,"Arequipa · cresta 1 · N-S senoidal 3° · mono · alineadas ×1 · 8 filas · az 0°",21-jun,880,39.0602,39.0991,3.0000,33,0.000000e+0,-55,1
13,"Arequipa · cresta 1 · N-S senoidal 3° · mono · alineadas ×1 · 8 filas · az 0°",21-jun,900,41.9268,34.3923,3.0000,33,0.000000e+0,-55,1
13,"Arequipa · cresta 1 · N-S senoidal 3° · mono · alineadas ×1 · 8 filas · az 0°",21-jun,920,44.4499,29.1395,3.0000,33,0.000000e+0,-55,1
13,"Arequipa · cresta 1 · N-S senoidal 3° · mono · alineadas ×1 · 8 filas · az 0°",21-jun,940,46.5693,23.3352,3.0000,33,0.000000e+0,-55,1
13,"Arequipa · cresta 1 · N-S senoidal 3° · mono · alineadas ×1 · 8 filas · az 0°",21-jun,960,48.2231,17.0150,3.0000,33,0.000000e+0,-55,1
13,"Arequipa · cresta 1 · N-S senoidal 3° · mono · alineadas ×1 · 8 filas · az 0°",21-jun,980,49.3544,10.2679,3.0000,33,0.000000e+0,-55,1
13,"Arequipa · cresta 1 · N-S senoidal 3° · mono · alineadas ×1 · 8 filas · az 0°",21-jun,1000,49.9185,3.2390,3.0000,33,0.000000e+0,-55,1
13,"Arequipa · cresta 1 · N-S senoidal 3° · mono · alineadas ×1 · 8 filas · az 0°",21-jun,1020,49.8916,356.1171,3.0000,33,0.000000e+0,-55,1
13,"Arequipa · cresta 1 · N-S senoidal 3° · mono · alineadas ×1 · 8 filas · az 0°",21-jun,1040,49.2748,349.1064,3.0000,33,0.000000e+0,-55,1
13,"Arequipa · cresta 1 · N-S senoidal 3° · mono · alineadas ×1 · 8 filas · az 0°",21-jun,1060,48.0942,342.3928,3.0000,33,0.000000e+0,-55,1
13,"Arequipa · cresta 1 · N-S senoidal 3° · mono · alineadas ×1 · 8 filas · az 0°",21-jun,1080,46.3957,336.1165,3.0000,33,0.000000e+0,-55,1
13,"Arequipa · cresta 1 · N-S senoidal 3° · mono · alineadas ×1 · 8 filas · az 0°",21-jun,1100,44.2372,330.3613,3.0000,33,0.000000e+0,-55,1
13,"Arequipa · cresta 1 · N-S senoidal 3° · mono · alineadas ×1 · 8 filas · az 0°",21-jun,1120,41.6806,325.1587,3.0000,33,0.000000e+0,-55,1
13,"Arequipa · cresta 1 · N-S senoidal 3° · mono · alineadas ×1 · 8 filas · az 0°",21-jun,1140,38.7857,320.5000,3.0000,33,0.000000e+0,-55,1
13,"Arequipa · cresta 1 · N-S senoidal 3° · mono · alineadas ×1 · 8 filas · az 0°",21-jun,1160,35.6071,316.3514,3.0000,33,0.000000e+0,-55,1
13,"Arequipa · cresta 1 · N-S senoidal 3° · mono · alineadas ×1 · 8 filas · az 0°",21-jun,1180,32.1920,312.6665,3.0000,33,0.000000e+0,-55,1
13,"Arequipa · cresta 1 · N-S senoidal 3° · mono · alineadas ×1 · 8 filas · az 0°",21-jun,1200,28.5805,309.3944,3.0000,33,0.000000e+0,-17,1
13,"Arequipa · cresta 1 · N-S senoidal 3° · mono · alineadas ×1 · 8 filas · az 0°",21-jun,1220,24.8063,306.4858,3.0000,33,0.000000e+0,-2.5,1
13,"Arequipa · cresta 1 · N-S senoidal 3° · mono · alineadas ×1 · 8 filas · az 0°",21-jun,1240,20.8973,303.8950,3.0000,33,0.000000e+0,7,1
13,"Arequipa · cresta 1 · N-S senoidal 3° · mono · alineadas ×1 · 8 filas · az 0°",21-jun,1260,16.8774,301.5817,3.0000,33,0.000000e+0,15.5,1
13,"Arequipa · cresta 1 · N-S senoidal 3° · mono · alineadas ×1 · 8 filas · az 0°",21-jun,1280,12.7680,299.5110,3.0000,33,7.535447e-3,14,0
13,"Arequipa · cresta 1 · N-S senoidal 3° · mono · alineadas ×1 · 8 filas · az 0°",21-jun,1300,8.5930,297.6533,3.0000,33,2.305692e-2,9.5,0
13,"Arequipa · cresta 1 · N-S senoidal 3° · mono · alineadas ×1 · 8 filas · az 0°",21-jun,1320,4.3962,295.9837,3.0000,64,3.423897e-2,5.5,0
13,"Arequipa · cresta 1 · N-S senoidal 3° · mono · alineadas ×1 · 8 filas · az 0°",21-mar,680,6.1794,87.8345,3.0000,33,2.503308e-2,-6,0
13,"Arequipa · cresta 1 · N-S senoidal 3° · mono · alineadas ×1 · 8 filas · az 0°",21-mar,700,10.9081,86.3640,3.0000,33,0.000000e+0,-11,1
13,"Arequipa · cresta 1 · N-S senoidal 3° · mono · alineadas ×1 · 8 filas · az 0°",21-mar,720,15.6602,84.8431,3.0000,33,0.000000e+0,-16,1
13,"Arequipa · cresta 1 · N-S senoidal 3° · mono · alineadas ×1 · 8 filas · az 0°",21-mar,740,20.4114,83.2469,3.0000,33,0.000000e+0,-26.5,1
13,"Arequipa · cresta 1 · N-S senoidal 3° · mono · alineadas ×1 · 8 filas · az 0°",21-mar,760,25.1514,81.5460,3.0000,33,0.000000e+0,-45.5,1
13,"Arequipa · cresta 1 · N-S senoidal 3° · mono · alineadas ×1 · 8 filas · az 0°",21-mar,780,29.8721,79.7046,3.0000,33,0.000000e+0,-55,1
13,"Arequipa · cresta 1 · N-S senoidal 3° · mono · alineadas ×1 · 8 filas · az 0°",21-mar,800,34.5652,77.6773,3.0000,33,0.000000e+0,-55,1
13,"Arequipa · cresta 1 · N-S senoidal 3° · mono · alineadas ×1 · 8 filas · az 0°",21-mar,820,39.2209,75.4045,3.0000,33,0.000000e+0,-55,1
13,"Arequipa · cresta 1 · N-S senoidal 3° · mono · alineadas ×1 · 8 filas · az 0°",21-mar,840,43.8256,72.8064,3.0000,33,0.000000e+0,-55,1
13,"Arequipa · cresta 1 · N-S senoidal 3° · mono · alineadas ×1 · 8 filas · az 0°",21-mar,860,48.3608,69.7727,3.0000,33,0.000000e+0,-55,1
13,"Arequipa · cresta 1 · N-S senoidal 3° · mono · alineadas ×1 · 8 filas · az 0°",21-mar,880,52.7997,66.1475,3.0000,33,0.000000e+0,-55,1
13,"Arequipa · cresta 1 · N-S senoidal 3° · mono · alineadas ×1 · 8 filas · az 0°",21-mar,900,57.1020,61.7065,3.0000,33,0.000000e+0,-55,1
13,"Arequipa · cresta 1 · N-S senoidal 3° · mono · alineadas ×1 · 8 filas · az 0°",21-mar,920,61.2050,56.1234,3.0000,33,0.000000e+0,-55,1
13,"Arequipa · cresta 1 · N-S senoidal 3° · mono · alineadas ×1 · 8 filas · az 0°",21-mar,940,65.0093,48.9323,3.0000,33,0.000000e+0,-55,1
13,"Arequipa · cresta 1 · N-S senoidal 3° · mono · alineadas ×1 · 8 filas · az 0°",21-mar,960,68.3560,39.5174,3.0000,33,0.000000e+0,-55,1
13,"Arequipa · cresta 1 · N-S senoidal 3° · mono · alineadas ×1 · 8 filas · az 0°",21-mar,980,71.0006,27.2555,3.0000,33,0.000000e+0,-55,1
13,"Arequipa · cresta 1 · N-S senoidal 3° · mono · alineadas ×1 · 8 filas · az 0°",21-mar,1000,72.6192,12.0480,3.0000,33,0.000000e+0,-55,1
13,"Arequipa · cresta 1 · N-S senoidal 3° · mono · alineadas ×1 · 8 filas · az 0°",21-mar,1020,72.9172,355.1449,3.0000,33,0.000000e+0,-55,1
13,"Arequipa · cresta 1 · N-S senoidal 3° · mono · alineadas ×1 · 8 filas · az 0°",21-mar,1040,71.8293,338.9743,3.0000,33,0.000000e+0,-55,1
13,"Arequipa · cresta 1 · N-S senoidal 3° · mono · alineadas ×1 · 8 filas · az 0°",21-mar,1060,69.5760,325.4193,3.0000,33,0.000000e+0,-55,1
13,"Arequipa · cresta 1 · N-S senoidal 3° · mono · alineadas ×1 · 8 filas · az 0°",21-mar,1080,66.4904,314.8661,3.0000,33,0.000000e+0,-55,1
13,"Arequipa · cresta 1 · N-S senoidal 3° · mono · alineadas ×1 · 8 filas · az 0°",21-mar,1100,62.8553,306.8185,3.0000,33,0.000000e+0,-55,1
13,"Arequipa · cresta 1 · N-S senoidal 3° · mono · alineadas ×1 · 8 filas · az 0°",21-mar,1120,58.8631,300.6237,3.0000,33,0.000000e+0,-55,1
13,"Arequipa · cresta 1 · N-S senoidal 3° · mono · alineadas ×1 · 8 filas · az 0°",21-mar,1140,54.6351,295.7491,3.0000,33,0.000000e+0,-55,1
13,"Arequipa · cresta 1 · N-S senoidal 3° · mono · alineadas ×1 · 8 filas · az 0°",21-mar,1160,50.2473,291.8140,3.0000,33,0.000000e+0,-55,1
13,"Arequipa · cresta 1 · N-S senoidal 3° · mono · alineadas ×1 · 8 filas · az 0°",21-mar,1180,45.7481,288.5555,3.0000,33,0.000000e+0,-55,1
13,"Arequipa · cresta 1 · N-S senoidal 3° · mono · alineadas ×1 · 8 filas · az 0°",21-mar,1200,41.1691,285.7922,3.0000,33,0.000000e+0,-55,1
13,"Arequipa · cresta 1 · N-S senoidal 3° · mono · alineadas ×1 · 8 filas · az 0°",21-mar,1220,36.5321,283.3969,3.0000,33,0.000000e+0,-22.5,1
13,"Arequipa · cresta 1 · N-S senoidal 3° · mono · alineadas ×1 · 8 filas · az 0°",21-mar,1240,31.8523,281.2784,3.0000,33,0.000000e+0,-8,1
13,"Arequipa · cresta 1 · N-S senoidal 3° · mono · alineadas ×1 · 8 filas · az 0°",21-mar,1260,27.1408,279.3695,3.0000,33,0.000000e+0,2,1
13,"Arequipa · cresta 1 · N-S senoidal 3° · mono · alineadas ×1 · 8 filas · az 0°",21-mar,1280,22.4065,277.6197,3.0000,33,0.000000e+0,10.5,1
13,"Arequipa · cresta 1 · N-S senoidal 3° · mono · alineadas ×1 · 8 filas · az 0°",21-mar,1300,17.6572,275.9894,3.0000,33,1.704642e-3,17.5,0
13,"Arequipa · cresta 1 · N-S senoidal 3° · mono · alineadas ×1 · 8 filas · az 0°",21-mar,1320,12.9018,274.4469,3.0000,33,1.359949e-2,12.5,0
13,"Arequipa · cresta 1 · N-S senoidal 3° · mono · alineadas ×1 · 8 filas · az 0°",21-mar,1340,8.1561,272.9659,3.0000,33,7.715120e-3,8,0
13,"Arequipa · cresta 1 · N-S senoidal 3° · mono · alineadas ×1 · 8 filas · az 0°",21-mar,1360,3.4752,271.5234,3.0000,64,4.252999e-4,3.5,0
13,"Arequipa · cresta 1 · N-S senoidal 3° · mono · alineadas ×1 · 8 filas · az 0°",21-dic,640,5.5090,112.8863,3.0000,64,2.457980e-2,-6.5,0
13,"Arequipa · cresta 1 · N-S senoidal 3° · mono · alineadas ×1 · 8 filas · az 0°",21-dic,660,9.8795,111.6997,3.0000,33,2.657366e-2,-10.5,0
13,"Arequipa · cresta 1 · N-S senoidal 3° · mono · alineadas ×1 · 8 filas · az 0°",21-dic,680,14.3190,110.6399,3.0000,33,2.911084e-2,-15,0
13,"Arequipa · cresta 1 · N-S senoidal 3° · mono · alineadas ×1 · 8 filas · az 0°",21-dic,700,18.8002,109.7012,3.0000,33,0.000000e+0,-24,1
13,"Arequipa · cresta 1 · N-S senoidal 3° · mono · alineadas ×1 · 8 filas · az 0°",21-dic,720,23.3118,108.8811,3.0000,33,0.000000e+0,-41.5,1
13,"Arequipa · cresta 1 · N-S senoidal 3° · mono · alineadas ×1 · 8 filas · az 0°",21-dic,740,27.8469,108.1807,3.0000,33,0.000000e+0,-55,1
13,"Arequipa · cresta 1 · N-S senoidal 3° · mono · alineadas ×1 · 8 filas · az 0°",21-dic,760,32.4005,107.6058,3.0000,33,0.000000e+0,-55,1
13,"Arequipa · cresta 1 · N-S senoidal 3° · mono · alineadas ×1 · 8 filas · az 0°",21-dic,780,36.9680,107.1676,3.0000,33,0.000000e+0,-55,1
13,"Arequipa · cresta 1 · N-S senoidal 3° · mono · alineadas ×1 · 8 filas · az 0°",21-dic,800,41.5453,106.8854,3.0000,33,0.000000e+0,-55,1
13,"Arequipa · cresta 1 · N-S senoidal 3° · mono · alineadas ×1 · 8 filas · az 0°",21-dic,820,46.1277,106.7892,3.0000,33,0.000000e+0,-55,1
13,"Arequipa · cresta 1 · N-S senoidal 3° · mono · alineadas ×1 · 8 filas · az 0°",21-dic,840,50.7102,106.9266,3.0000,33,0.000000e+0,-55,1
13,"Arequipa · cresta 1 · N-S senoidal 3° · mono · alineadas ×1 · 8 filas · az 0°",21-dic,860,55.2860,107.3727,3.0000,33,0.000000e+0,-55,1
13,"Arequipa · cresta 1 · N-S senoidal 3° · mono · alineadas ×1 · 8 filas · az 0°",21-dic,880,59.8457,108.2507,3.0000,33,0.000000e+0,-55,1
13,"Arequipa · cresta 1 · N-S senoidal 3° · mono · alineadas ×1 · 8 filas · az 0°",21-dic,900,64.3745,109.7715,3.0000,33,0.000000e+0,-55,1
13,"Arequipa · cresta 1 · N-S senoidal 3° · mono · alineadas ×1 · 8 filas · az 0°",21-dic,920,68.8464,112.3221,3.0000,33,0.000000e+0,-55,1
13,"Arequipa · cresta 1 · N-S senoidal 3° · mono · alineadas ×1 · 8 filas · az 0°",21-dic,940,73.2097,116.6755,3.0000,33,0.000000e+0,-55,1
13,"Arequipa · cresta 1 · N-S senoidal 3° · mono · alineadas ×1 · 8 filas · az 0°",21-dic,960,77.3452,124.5416,3.0000,33,0.000000e+0,-55,1
13,"Arequipa · cresta 1 · N-S senoidal 3° · mono · alineadas ×1 · 8 filas · az 0°",21-dic,980,80.9293,139.9625,3.0000,33,0.000000e+0,-55,1
13,"Arequipa · cresta 1 · N-S senoidal 3° · mono · alineadas ×1 · 8 filas · az 0°",21-dic,1000,83.0437,169.7235,3.0000,33,0.000000e+0,-55,1
13,"Arequipa · cresta 1 · N-S senoidal 3° · mono · alineadas ×1 · 8 filas · az 0°",21-dic,1020,82.3507,206.0083,3.0000,33,0.000000e+0,-55,1
13,"Arequipa · cresta 1 · N-S senoidal 3° · mono · alineadas ×1 · 8 filas · az 0°",21-dic,1040,79.3872,228.4830,3.0000,33,0.000000e+0,-55,1
13,"Arequipa · cresta 1 · N-S senoidal 3° · mono · alineadas ×1 · 8 filas · az 0°",21-dic,1060,75.4845,239.6903,3.0000,33,0.000000e+0,-55,1
13,"Arequipa · cresta 1 · N-S senoidal 3° · mono · alineadas ×1 · 8 filas · az 0°",21-dic,1080,71.2217,245.6266,3.0000,33,0.000000e+0,-55,1
13,"Arequipa · cresta 1 · N-S senoidal 3° · mono · alineadas ×1 · 8 filas · az 0°",21-dic,1100,66.7992,249.0147,3.0000,33,0.000000e+0,-55,1
13,"Arequipa · cresta 1 · N-S senoidal 3° · mono · alineadas ×1 · 8 filas · az 0°",21-dic,1120,62.2968,251.0263,3.0000,33,0.000000e+0,-55,1
13,"Arequipa · cresta 1 · N-S senoidal 3° · mono · alineadas ×1 · 8 filas · az 0°",21-dic,1140,57.7514,252.2170,3.0000,33,0.000000e+0,-55,1
13,"Arequipa · cresta 1 · N-S senoidal 3° · mono · alineadas ×1 · 8 filas · az 0°",21-dic,1160,53.1829,252.8767,3.0000,33,0.000000e+0,-55,1
13,"Arequipa · cresta 1 · N-S senoidal 3° · mono · alineadas ×1 · 8 filas · az 0°",21-dic,1180,48.6031,253.1691,3.0000,33,0.000000e+0,-55,1
13,"Arequipa · cresta 1 · N-S senoidal 3° · mono · alineadas ×1 · 8 filas · az 0°",21-dic,1200,44.0199,253.1917,3.0000,33,0.000000e+0,-55,1
13,"Arequipa · cresta 1 · N-S senoidal 3° · mono · alineadas ×1 · 8 filas · az 0°",21-dic,1220,39.4393,253.0053,3.0000,33,0.000000e+0,-55,1
13,"Arequipa · cresta 1 · N-S senoidal 3° · mono · alineadas ×1 · 8 filas · az 0°",21-dic,1240,34.8660,252.6483,3.0000,33,0.000000e+0,-20,1
13,"Arequipa · cresta 1 · N-S senoidal 3° · mono · alineadas ×1 · 8 filas · az 0°",21-dic,1260,30.3044,252.1454,3.0000,33,0.000000e+0,-7,1
13,"Arequipa · cresta 1 · N-S senoidal 3° · mono · alineadas ×1 · 8 filas · az 0°",21-dic,1280,25.7587,251.5118,3.0000,33,0.000000e+0,2.5,1
13,"Arequipa · cresta 1 · N-S senoidal 3° · mono · alineadas ×1 · 8 filas · az 0°",21-dic,1300,21.2337,250.7559,3.0000,33,0.000000e+0,10.5,1
13,"Arequipa · cresta 1 · N-S senoidal 3° · mono · alineadas ×1 · 8 filas · az 0°",21-dic,1320,16.7351,249.8813,3.0000,33,3.875795e-3,18,0
13,"Arequipa · cresta 1 · N-S senoidal 3° · mono · alineadas ×1 · 8 filas · az 0°",21-dic,1340,12.2712,248.8874,3.0000,33,2.939635e-2,13.5,0
13,"Arequipa · cresta 1 · N-S senoidal 3° · mono · alineadas ×1 · 8 filas · az 0°",21-dic,1360,7.8581,247.7702,3.0000,33,2.321480e-2,8.5,0
13,"Arequipa · cresta 1 · N-S senoidal 3° · mono · alineadas ×1 · 8 filas · az 0°",21-dic,1380,3.5464,246.5223,3.0000,64,3.128891e-2,4.5,0
14,"Zaragoza · llano · N-S constante 0° · quebrado · bagnarelli ×1 · 6 filas · az 0°",21-jun,300,4.3153,62.0288,0.0000,28,0.000000e+0,-17,1
14,"Zaragoza · llano · N-S constante 0° · quebrado · bagnarelli ×1 · 6 filas · az 0°",21-jun,320,7.5953,65.1785,0.0000,14,0.000000e+0,-29.5,1
14,"Zaragoza · llano · N-S constante 0° · quebrado · bagnarelli ×1 · 6 filas · az 0°",21-jun,340,10.9965,68.2578,0.0000,14,0.000000e+0,-42.5,1
14,"Zaragoza · llano · N-S constante 0° · quebrado · bagnarelli ×1 · 6 filas · az 0°",21-jun,360,14.4858,71.2858,0.0000,14,0.000000e+0,-55,1
14,"Zaragoza · llano · N-S constante 0° · quebrado · bagnarelli ×1 · 6 filas · az 0°",21-jun,380,18.0452,74.2827,0.0000,14,0.000000e+0,-55,1
14,"Zaragoza · llano · N-S constante 0° · quebrado · bagnarelli ×1 · 6 filas · az 0°",21-jun,400,21.6612,77.2704,0.0000,14,0.000000e+0,-55,1
14,"Zaragoza · llano · N-S constante 0° · quebrado · bagnarelli ×1 · 6 filas · az 0°",21-jun,420,25.3226,80.2731,0.0000,14,0.000000e+0,-55,1
14,"Zaragoza · llano · N-S constante 0° · quebrado · bagnarelli ×1 · 6 filas · az 0°",21-jun,440,29.0187,83.3183,0.0000,14,0.000000e+0,-55,1
14,"Zaragoza · llano · N-S constante 0° · quebrado · bagnarelli ×1 · 6 filas · az 0°",21-jun,460,32.7391,86.4376,0.0000,14,0.000000e+0,-55,1
14,"Zaragoza · llano · N-S constante 0° · quebrado · bagnarelli ×1 · 6 filas · az 0°",21-jun,480,36.4729,89.6687,0.0000,14,0.000000e+0,-55,1
14,"Zaragoza · llano · N-S constante 0° · quebrado · bagnarelli ×1 · 6 filas · az 0°",21-jun,500,40.2084,93.0578,0.0000,14,0.000000e+0,-55,1
14,"Zaragoza · llano · N-S constante 0° · quebrado · bagnarelli ×1 · 6 filas · az 0°",21-jun,520,43.9319,96.6624,0.0000,14,0.000000e+0,-55,1
14,"Zaragoza · llano · N-S constante 0° · quebrado · bagnarelli ×1 · 6 filas · az 0°",21-jun,540,47.6271,100.5563,0.0000,14,0.000000e+0,-55,1
14,"Zaragoza · llano · N-S constante 0° · quebrado · bagnarelli ×1 · 6 filas · az 0°",21-jun,560,51.2734,104.8355,0.0000,14,0.000000e+0,-55,1
14,"Zaragoza · llano · N-S constante 0° · quebrado · bagnarelli ×1 · 6 filas · az 0°",21-jun,580,54.8437,109.6272,0.0000,14,0.000000e+0,-55,1
14,"Zaragoza · llano · N-S constante 0° · quebrado · bagnarelli ×1 · 6 filas · az 0°",21-jun,600,58.3011,115.1015,0.0000,14,0.000000e+0,-55,1
14,"Zaragoza · llano · N-S constante 0° · quebrado · bagnarelli ×1 · 6 filas · az 0°",21-jun,620,61.5938,121.4838,0.0000,14,0.000000e+0,-55,1
14,"Zaragoza · llano · N-S constante 0° · quebrado · bagnarelli ×1 · 6 filas · az 0°",21-jun,640,64.6480,129.0638,0.0000,14,0.000000e+0,-55,1
14,"Zaragoza · llano · N-S constante 0° · quebrado · bagnarelli ×1 · 6 filas · az 0°",21-jun,660,67.3579,138.1801,0.0000,14,0.000000e+0,-55,1
14,"Zaragoza · llano · N-S constante 0° · quebrado · bagnarelli ×1 · 6 filas · az 0°",21-jun,680,69.5784,149.1387,0.0000,14,0.000000e+0,-55,1
14,"Zaragoza · llano · N-S constante 0° · quebrado · bagnarelli ×1 · 6 filas · az 0°",21-jun,700,71.1301,162.0059,0.0000,14,0.000000e+0,-55,1
14,"Zaragoza · llano · N-S constante 0° · quebrado · bagnarelli ×1 · 6 filas · az 0°",21-jun,720,71.8368,176.3074,0.0000,14,0.000000e+0,-55,1
14,"Zaragoza · llano · N-S constante 0° · quebrado · bagnarelli ×1 · 6 filas · az 0°",21-jun,740,71.5993,190.9409,0.0000,14,0.000000e+0,-55,1
14,"Zaragoza · llano · N-S constante 0° · quebrado · bagnarelli ×1 · 6 filas · az 0°",21-jun,760,70.4524,204.6300,0.0000,14,0.000000e+0,-55,1
14,"Zaragoza · llano · N-S constante 0° · quebrado · bagnarelli ×1 · 6 filas · az 0°",21-jun,780,68.5438,216.5649,0.0000,14,0.000000e+0,-55,1
14,"Zaragoza · llano · N-S constante 0° · quebrado · bagnarelli ×1 · 6 filas · az 0°",21-jun,800,66.0587,226.5756,0.0000,14,0.000000e+0,-55,1
14,"Zaragoza · llano · N-S constante 0° · quebrado · bagnarelli ×1 · 6 filas · az 0°",21-jun,820,63.1617,234.8830,0.0000,14,0.000000e+0,-55,1
14,"Zaragoza · llano · N-S constante 0° · quebrado · bagnarelli ×1 · 6 filas · az 0°",21-jun,840,59.9777,241.8261,0.0000,14,0.000000e+0,-55,1
14,"Zaragoza · llano · N-S constante 0° · quebrado · bagnarelli ×1 · 6 filas · az 0°",21-jun,860,56.5952,247.7238,0.0000,14,0.000000e+0,-55,1
14,"Zaragoza · llano · N-S constante 0° · quebrado · bagnarelli ×1 · 6 filas · az 0°",21-jun,880,53.0761,252.8336,0.0000,14,0.000000e+0,-55,1
14,"Zaragoza · llano · N-S constante 0° · quebrado · bagnarelli ×1 · 6 filas · az 0°",21-jun,900,49.4641,257.3516,0.0000,14,0.000000e+0,-55,1
14,"Zaragoza · llano · N-S constante 0° · quebrado · bagnarelli ×1 · 6 filas · az 0°",21-jun,920,45.7905,261.4251,0.0000,14,0.000000e+0,-55,1
14,"Zaragoza · llano · N-S constante 0° · quebrado · bagnarelli ×1 · 6 filas · az 0°",21-jun,940,42.0789,265.1644,0.0000,14,0.000000e+0,-55,1
14,"Zaragoza · llano · N-S constante 0° · quebrado · bagnarelli ×1 · 6 filas · az 0°",21-jun,960,38.3476,268.6535,0.0000,14,0.000000e+0,-55,1
14,"Zaragoza · llano · N-S constante 0° · quebrado · bagnarelli ×1 · 6 filas · az 0°",21-jun,980,34.6113,271.9575,0.0000,14,0.000000e+0,-55,1
14,"Zaragoza · llano · N-S constante 0° · quebrado · bagnarelli ×1 · 6 filas · az 0°",21-jun,1000,30.8827,275.1277,0.0000,14,0.000000e+0,-55,1
14,"Zaragoza · llano · N-S constante 0° · quebrado · bagnarelli ×1 · 6 filas · az 0°",21-jun,1020,27.1731,278.2058,0.0000,14,0.000000e+0,-55,1
14,"Zaragoza · llano · N-S constante 0° · quebrado · bagnarelli ×1 · 6 filas · az 0°",21-jun,1040,23.4930,281.2261,0.0000,14,0.000000e+0,-55,1
14,"Zaragoza · llano · N-S constante 0° · quebrado · bagnarelli ×1 · 6 filas · az 0°",21-jun,1060,19.8529,284.2181,0.0000,14,0.000000e+0,-41,1
14,"Zaragoza · llano · N-S constante 0° · quebrado · bagnarelli ×1 · 6 filas · az 0°",21-jun,1080,16.2635,287.2075,0.0000,14,0.000000e+0,-30,1
14,"Zaragoza · llano · N-S constante 0° · quebrado · bagnarelli ×1 · 6 filas · az 0°",21-jun,1100,12.7372,290.2173,0.0000,14,0.000000e+0,-22.5,1
14,"Zaragoza · llano · N-S constante 0° · quebrado · bagnarelli ×1 · 6 filas · az 0°",21-jun,1120,9.2889,293.2684,0.0000,14,0.000000e+0,-16,1
14,"Zaragoza · llano · N-S constante 0° · quebrado · bagnarelli ×1 · 6 filas · az 0°",21-jun,1140,5.9421,296.3805,0.0000,28,0.000000e+0,-10,1
14,"Zaragoza · llano · N-S constante 0° · quebrado · bagnarelli ×1 · 6 filas · az 0°",21-jun,1160,2.7509,299.5720,0.0000,28,0.000000e+0,-4.5,1
14,"Zaragoza · llano · N-S constante 0° · quebrado · bagnarelli ×1 · 6 filas · az 0°",21-mar,380,2.2529,91.3999,0.0000,28,0.000000e+0,-7.5,1
14,"Zaragoza · llano · N-S constante 0° · quebrado · bagnarelli ×1 · 6 filas · az 0°",21-mar,400,5.8504,94.7292,0.0000,28,0.000000e+0,-20.5,1
14,"Zaragoza · llano · N-S constante 0° · quebrado · bagnarelli ×1 · 6 filas · az 0°",21-mar,420,9.5200,98.1006,0.0000,14,0.000000e+0,-34,1
14,"Zaragoza · llano · N-S constante 0° · quebrado · bagnarelli ×1 · 6 filas · az 0°",21-mar,440,13.1842,101.5436,0.0000,14,0.000000e+0,-49,1
14,"Zaragoza · llano · N-S constante 0° · quebrado · bagnarelli ×1 · 6 filas · az 0°",21-mar,460,16.8132,105.0894,0.0000,14,0.000000e+0,-55,1
14,"Zaragoza · llano · N-S constante 0° · quebrado · bagnarelli ×1 · 6 filas · az 0°",21-mar,480,20.3859,108.7709,0.0000,14,0.000000e+0,-55,1
14,"Zaragoza · llano · N-S constante 0° · quebrado · bagnarelli ×1 · 6 filas · az 0°",21-mar,500,23.8823,112.6235,0.0000,14,0.000000e+0,-55,1
14,"Zaragoza · llano · N-S constante 0° · quebrado · bagnarelli ×1 · 6 filas · az 0°",21-mar,520,27.2812,116.6855,0.0000,14,0.000000e+0,-55,1
14,"Zaragoza · llano · N-S constante 0° · quebrado · bagnarelli ×1 · 6 filas · az 0°",21-mar,540,30.5584,120.9974,0.0000,14,0.000000e+0,-55,1
14,"Zaragoza · llano · N-S constante 0° · quebrado · bagnarelli ×1 · 6 filas · az 0°",21-mar,560,33.6866,125.6019,0.0000,14,0.000000e+0,-55,1
14,"Zaragoza · llano · N-S constante 0° · quebrado · bagnarelli ×1 · 6 filas · az 0°",21-mar,580,36.6339,130.5419,0.0000,14,0.000000e+0,-55,1
14,"Zaragoza · llano · N-S constante 0° · quebrado · bagnarelli ×1 · 6 filas · az 0°",21-mar,600,39.3642,135.8579,0.0000,14,0.000000e+0,-55,1
14,"Zaragoza · llano · N-S constante 0° · quebrado · bagnarelli ×1 · 6 filas · az 0°",21-mar,620,41.8362,141.5831,0.0000,14,0.000000e+0,-55,1
14,"Zaragoza · llano · N-S constante 0° · quebrado · bagnarelli ×1 · 6 filas · az 0°",21-mar,640,44.0046,147.7369,0.0000,14,0.000000e+0,-55,1
14,"Zaragoza · llano · N-S constante 0° · quebrado · bagnarelli ×1 · 6 filas · az 0°",21-mar,660,45.8219,154.3164,0.0000,14,0.000000e+0,-55,1
14,"Zaragoza · llano · N-S constante 0° · quebrado · bagnarelli ×1 · 6 filas · az 0°",21-mar,680,47.2408,161.2877,0.0000,14,0.000000e+0,-55,1
14,"Zaragoza · llano · N-S constante 0° · quebrado · bagnarelli ×1 · 6 filas · az 0°",21-mar,700,48.2189,168.5799,0.0000,14,0.000000e+0,-55,1
14,"Zaragoza · llano · N-S constante 0° · quebrado · bagnarelli ×1 · 6 filas · az 0°",21-mar,720,48.7237,176.0853,0.0000,14,0.000000e+0,-55,1
14,"Zaragoza · llano · N-S constante 0° · quebrado · bagnarelli ×1 · 6 filas · az 0°",21-mar,740,48.7373,183.6681,0.0000,14,0.000000e+0,-55,1
14,"Zaragoza · llano · N-S constante 0° · quebrado · bagnarelli ×1 · 6 filas · az 0°",21-mar,760,48.2591,191.1814,0.0000,14,0.000000e+0,-55,1
14,"Zaragoza · llano · N-S constante 0° · quebrado · bagnarelli ×1 · 6 filas · az 0°",21-mar,780,47.3064,198.4885,0.0000,14,0.000000e+0,-55,1
14,"Zaragoza · llano · N-S constante 0° · quebrado · bagnarelli ×1 · 6 filas · az 0°",21-mar,800,45.9109,205.4797,0.0000,14,0.000000e+0,-55,1
14,"Zaragoza · llano · N-S constante 0° · quebrado · bagnarelli ×1 · 6 filas · az 0°",21-mar,820,44.1149,212.0823,0.0000,14,0.000000e+0,-55,1
14,"Zaragoza · llano · N-S constante 0° · quebrado · bagnarelli ×1 · 6 filas · az 0°",21-mar,840,41.9653,218.2604,0.0000,14,0.000000e+0,-55,1
14,"Zaragoza · llano · N-S constante 0° · quebrado · bagnarelli ×1 · 6 filas · az 0°",21-mar,860,39.5099,224.0098,0.0000,14,0.000000e+0,-55,1
14,"Zaragoza · llano · N-S constante 0° · quebrado · bagnarelli ×1 · 6 filas · az 0°",21-mar,880,36.7942,229.3489,0.0000,14,0.000000e+0,-55,1
14,"Zaragoza · llano · N-S constante 0° · quebrado · bagnarelli ×1 · 6 filas · az 0°",21-mar,900,33.8596,234.3105,0.0000,14,0.000000e+0,-55,1
14,"Zaragoza · llano · N-S constante 0° · quebrado · bagnarelli ×1 · 6 filas · az 0°",21-mar,920,30.7428,238.9347,0.0000,14,0.000000e+0,-55,1
14,"Zaragoza · llano · N-S constante 0° · quebrado · bagnarelli ×1 · 6 filas · az 0°",21-mar,940,27.4756,243.2645,0.0000,14,0.000000e+0,-55,1
14,"Zaragoza · llano · N-S constante 0° · quebrado · bagnarelli ×1 · 6 filas · az 0°",21-mar,960,24.0859,247.3426,0.0000,14,0.000000e+0,-55,1
14,"Zaragoza · llano · N-S constante 0° · quebrado · bagnarelli ×1 · 6 filas · az 0°",21-mar,980,20.5978,251.2099,0.0000,14,0.000000e+0,-46.5,1
14,"Zaragoza · llano · N-S constante 0° · quebrado · bagnarelli ×1 · 6 filas · az 0°",21-mar,1000,17.0327,254.9045,0.0000,14,0.000000e+0,-32,1
14,"Zaragoza · llano · N-S constante 0° · quebrado · bagnarelli ×1 · 6 filas · az 0°",21-mar,1020,13.4108,258.4622,0.0000,14,0.000000e+0,-22.5,1
14,"Zaragoza · llano · N-S constante 0° · quebrado · bagnarelli ×1 · 6 filas · az 0°",21-mar,1040,9.7530,261.9160,0.0000,14,0.000000e+0,-15.5,1
14,"Zaragoza · llano · N-S constante 0° · quebrado · bagnarelli ×1 · 6 filas · az 0°",21-mar,1060,6.0879,265.2972,0.0000,14,0.000000e+0,-9,1
14,"Zaragoza · llano · N-S constante 0° · quebrado · bagnarelli ×1 · 6 filas · az 0°",21-mar,1080,2.4866,268.6354,0.0000,28,0.000000e+0,-3.5,1
14,"Zaragoza · llano · N-S constante 0° · quebrado · bagnarelli ×1 · 6 filas · az 0°",21-dic,480,4.5444,126.9401,0.0000,28,0.000000e+0,-20,1
14,"Zaragoza · llano · N-S constante 0° · quebrado · bagnarelli ×1 · 6 filas · az 0°",21-dic,500,7.4023,130.4970,0.0000,14,0.000000e+0,-34.5,1
14,"Zaragoza · llano · N-S constante 0° · quebrado · bagnarelli ×1 · 6 filas · az 0°",21-dic,520,10.1358,134.1991,0.0000,14,0.000000e+0,-51.5,1
14,"Zaragoza · llano · N-S constante 0° · quebrado · bagnarelli ×1 · 6 filas · az 0°",21-dic,540,12.7098,138.0581,0.0000,14,0.000000e+0,-55,1
14,"Zaragoza · llano · N-S constante 0° · quebrado · bagnarelli ×1 · 6 filas · az 0°",21-dic,560,15.0987,142.0828,0.0000,14,0.000000e+0,-55,1
14,"Zaragoza · llano · N-S constante 0° · quebrado · bagnarelli ×1 · 6 filas · az 0°",21-dic,580,17.2795,146.2782,0.0000,14,0.000000e+0,-55,1
14,"Zaragoza · llano · N-S constante 0° · quebrado · bagnarelli ×1 · 6 filas · az 0°",21-dic,600,19.2301,150.6447,0.0000,14,0.000000e+0,-55,1
14,"Zaragoza · llano · N-S constante 0° · quebrado · bagnarelli ×1 · 6 filas · az 0°",21-dic,620,20.9291,155.1771,0.0000,14,0.000000e+0,-55,1
14,"Zaragoza · llano · N-S constante 0° · quebrado · bagnarelli ×1 · 6 filas · az 0°",21-dic,640,22.3561,159.8636,0.0000,14,0.000000e+0,-55,1
14,"Zaragoza · llano · N-S constante 0° · quebrado · bagnarelli ×1 · 6 filas · az 0°",21-dic,660,23.4927,164.6856,0.0000,14,0.000000e+0,-55,1
14,"Zaragoza · llano · N-S constante 0° · quebrado · bagnarelli ×1 · 6 filas · az 0°",21-dic,680,24.3230,169.6174,0.0000,14,0.000000e+0,-55,1
14,"Zaragoza · llano · N-S constante 0° · quebrado · bagnarelli ×1 · 6 filas · az 0°",21-dic,700,24.8347,174.6273,0.0000,14,0.000000e+0,-55,1
14,"Zaragoza · llano · N-S constante 0° · quebrado · bagnarelli ×1 · 6 filas · az 0°",21-dic,720,25.0202,179.6788,0.0000,14,0.000000e+0,-55,1
14,"Zaragoza · llano · N-S constante 0° · quebrado · bagnarelli ×1 · 6 filas · az 0°",21-dic,740,24.8764,184.7327,0.0000,14,0.000000e+0,-55,1
14,"Zaragoza · llano · N-S constante 0° · quebrado · bagnarelli ×1 · 6 filas · az 0°",21-dic,760,24.4057,189.7500,0.0000,14,0.000000e+0,-55,1
14,"Zaragoza · llano · N-S constante 0° · quebrado · bagnarelli ×1 · 6 filas · az 0°",21-dic,780,23.6152,194.6936,0.0000,14,0.000000e+0,-55,1
14,"Zaragoza · llano · N-S constante 0° · quebrado · bagnarelli ×1 · 6 filas · az 0°",21-dic,800,22.5166,199.5310,0.0000,14,0.000000e+0,-55,1
14,"Zaragoza · llano · N-S constante 0° · quebrado · bagnarelli ×1 · 6 filas · az 0°",21-dic,820,21.1254,204.2358,0.0000,14,0.000000e+0,-55,1
14,"Zaragoza · llano · N-S constante 0° · quebrado · bagnarelli ×1 · 6 filas · az 0°",21-dic,840,19.4598,208.7885,0.0000,14,0.000000e+0,-55,1
14,"Zaragoza · llano · N-S constante 0° · quebrado · bagnarelli ×1 · 6 filas · az 0°",21-dic,860,17.5399,213.1765,0.0000,14,0.000000e+0,-55,1
14,"Zaragoza · llano · N-S constante 0° · quebrado · bagnarelli ×1 · 6 filas · az 0°",21-dic,880,15.3871,217.3936,0.0000,14,0.000000e+0,-55,1
14,"Zaragoza · llano · N-S constante 0° · quebrado · bagnarelli ×1 · 6 filas · az 0°",21-dic,900,13.0234,221.4397,0.0000,14,0.000000e+0,-36.5,1
14,"Zaragoza · llano · N-S constante 0° · quebrado · bagnarelli ×1 · 6 filas · az 0°",21-dic,920,10.4715,225.3193,0.0000,14,0.000000e+0,-24.5,1
14,"Zaragoza · llano · N-S constante 0° · quebrado · bagnarelli ×1 · 6 filas · az 0°",21-dic,940,7.7566,229.0407,0.0000,14,0.000000e+0,-16,1
14,"Zaragoza · llano · N-S constante 0° · quebrado · bagnarelli ×1 · 6 filas · az 0°",21-dic,960,4.9112,232.6152,0.0000,28,0.000000e+0,-9.5,1
14,"Zaragoza · llano · N-S constante 0° · quebrado · bagnarelli ×1 · 6 filas · az 0°",21-dic,980,2.0112,236.0562,0.0000,28,0.000000e+0,-3.5,1
15,"Arequipa · ondulado 2 · N-S quebrado 3° · quebrado · bagnarelli ×1 · 10 filas · az 0°",21-jun,700,4.7742,63.8712,6.0000,56,5.896695e-3,-7,0
15,"Arequipa · ondulado 2 · N-S quebrado 3° · quebrado · bagnarelli ×1 · 10 filas · az 0°",21-jun,720,8.9729,62.1856,6.0000,28,0.000000e+0,-12,1
15,"Arequipa · ondulado 2 · N-S quebrado 3° · quebrado · bagnarelli ×1 · 10 filas · az 0°",21-jun,740,13.1432,60.3097,6.0000,28,9.384842e-3,-16.5,0
15,"Arequipa · ondulado 2 · N-S quebrado 3° · quebrado · bagnarelli ×1 · 10 filas · az 0°",21-jun,760,17.2453,58.2184,6.0000,28,1.030878e-2,-20.5,0
15,"Arequipa · ondulado 2 · N-S quebrado 3° · quebrado · bagnarelli ×1 · 10 filas · az 0°",21-jun,780,21.2561,55.8815,6.0000,28,5.231149e-3,-27,0
15,"Arequipa · ondulado 2 · N-S quebrado 3° · quebrado · bagnarelli ×1 · 10 filas · az 0°",21-jun,800,25.1539,53.2637,6.0000,28,0.000000e+0,-32,1
15,"Arequipa · ondulado 2 · N-S quebrado 3° · quebrado · bagnarelli ×1 · 10 filas · az 0°",21-jun,820,28.9146,50.3241,6.0000,28,0.000000e+0,-37.5,1
15,"Arequipa · ondulado 2 · N-S quebrado 3° · quebrado · bagnarelli ×1 · 10 filas · az 0°",21-jun,840,32.5098,47.0168,6.0000,28,0.000000e+0,-42.5,1
15,"Arequipa · ondulado 2 · N-S quebrado 3° · quebrado · bagnarelli ×1 · 10 filas · az 0°",21-jun,860,35.9052,43.2920,6.0000,28,0.000000e+0,-49,1
15,"Arequipa · ondulado 2 · N-S quebrado 3° · quebrado · bagnarelli ×1 · 10 filas · az 0°",21-jun,880,39.0602,39.0991,6.0000,28,0.000000e+0,-54,1
15,"Arequipa · ondulado 2 · N-S quebrado 3° · quebrado · bagnarelli ×1 · 10 filas · az 0°",21-jun,900,41.9268,34.3923,6.0000,28,1.803502e-2,-55,0
15,"Arequipa · ondulado 2 · N-S quebrado 3° · quebrado · bagnarelli ×1 · 10 filas · az 0°",21-jun,920,44.4499,29.1395,6.0000,28,0.000000e+0,-55,1
15,"Arequipa · ondulado 2 · N-S quebrado 3° · quebrado · bagnarelli ×1 · 10 filas · az 0°",21-jun,940,46.5693,23.3352,6.0000,28,0.000000e+0,-55,1
15,"Arequipa · ondulado 2 · N-S quebrado 3° · quebrado · bagnarelli ×1 · 10 filas · az 0°",21-jun,960,48.2231,17.0150,6.0000,28,0.000000e+0,-55,1
15,"Arequipa · ondulado 2 · N-S quebrado 3° · quebrado · bagnarelli ×1 · 10 filas · az 0°",21-jun,980,49.3544,10.2679,6.0000,28,0.000000e+0,-55,1
15,"Arequipa · ondulado 2 · N-S quebrado 3° · quebrado · bagnarelli ×1 · 10 filas · az 0°",21-jun,1000,49.9185,3.2390,6.0000,28,0.000000e+0,-55,1
15,"Arequipa · ondulado 2 · N-S quebrado 3° · quebrado · bagnarelli ×1 · 10 filas · az 0°",21-jun,1020,49.8916,356.1171,6.0000,28,0.000000e+0,-55,1
15,"Arequipa · ondulado 2 · N-S quebrado 3° · quebrado · bagnarelli ×1 · 10 filas · az 0°",21-jun,1040,49.2748,349.1064,6.0000,28,0.000000e+0,-55,1
15,"Arequipa · ondulado 2 · N-S quebrado 3° · quebrado · bagnarelli ×1 · 10 filas · az 0°",21-jun,1060,48.0942,342.3928,6.0000,28,0.000000e+0,-55,1
15,"Arequipa · ondulado 2 · N-S quebrado 3° · quebrado · bagnarelli ×1 · 10 filas · az 0°",21-jun,1080,46.3957,336.1165,6.0000,28,0.000000e+0,-55,1
15,"Arequipa · ondulado 2 · N-S quebrado 3° · quebrado · bagnarelli ×1 · 10 filas · az 0°",21-jun,1100,44.2372,330.3613,6.0000,28,0.000000e+0,-55,1
15,"Arequipa · ondulado 2 · N-S quebrado 3° · quebrado · bagnarelli ×1 · 10 filas · az 0°",21-jun,1120,41.6806,325.1587,6.0000,28,0.000000e+0,-55,1
15,"Arequipa · ondulado 2 · N-S quebrado 3° · quebrado · bagnarelli ×1 · 10 filas · az 0°",21-jun,1140,38.7857,320.5000,6.0000,28,0.000000e+0,-55,1
15,"Arequipa · ondulado 2 · N-S quebrado 3° · quebrado · bagnarelli ×1 · 10 filas · az 0°",21-jun,1160,35.6071,316.3514,6.0000,28,0.000000e+0,-16.5,1
15,"Arequipa · ondulado 2 · N-S quebrado 3° · quebrado · bagnarelli ×1 · 10 filas · az 0°",21-jun,1180,32.1920,312.6665,6.0000,28,0.000000e+0,1.5,1
15,"Arequipa · ondulado 2 · N-S quebrado 3° · quebrado · bagnarelli ×1 · 10 filas · az 0°",21-jun,1200,28.5805,309.3944,6.0000,28,0.000000e+0,15.5,1
15,"Arequipa · ondulado 2 · N-S quebrado 3° · quebrado · bagnarelli ×1 · 10 filas · az 0°",21-jun,1220,24.8063,306.4858,6.0000,28,0.000000e+0,23.5,1
15,"Arequipa · ondulado 2 · N-S quebrado 3° · quebrado · bagnarelli ×1 · 10 filas · az 0°",21-jun,1240,20.8973,303.8950,6.0000,28,0.000000e+0,22.5,1
15,"Arequipa · ondulado 2 · N-S quebrado 3° · quebrado · bagnarelli ×1 · 10 filas · az 0°",21-jun,1260,16.8774,301.5817,6.0000,28,1.481670e-2,21,0
15,"Arequipa · ondulado 2 · N-S quebrado 3° · quebrado · bagnarelli ×1 · 10 filas · az 0°",21-jun,1280,12.7680,299.5110,6.0000,28,0.000000e+0,13,1
15,"Arequipa · ondulado 2 · N-S quebrado 3° · quebrado · bagnarelli ×1 · 10 filas · az 0°",21-jun,1300,8.5930,297.6533,6.0000,28,0.000000e+0,8,1
15,"Arequipa · ondulado 2 · N-S quebrado 3° · quebrado · bagnarelli ×1 · 10 filas · az 0°",21-jun,1320,4.3962,295.9837,6.0000,56,1.802191e-2,5,0
15,"Arequipa · ondulado 2 · N-S quebrado 3° · quebrado · bagnarelli ×1 · 10 filas · az 0°",21-mar,680,6.1794,87.8345,6.0000,28,1.670841e-2,-6.5,0
15,"Arequipa · ondulado 2 · N-S quebrado 3° · quebrado · bagnarelli ×1 · 10 filas · az 0°",21-mar,700,10.9081,86.3640,6.0000,28,0.000000e+0,-11,1
15,"Arequipa · ondulado 2 · N-S quebrado 3° · quebrado · bagnarelli ×1 · 10 filas · az 0°",21-mar,720,15.6602,84.8431,6.0000,28,0.000000e+0,-16,1
15,"Arequipa · ondulado 2 · N-S quebrado 3° · quebrado · bagnarelli ×1 · 10 filas · az 0°",21-mar,740,20.4114,83.2469,6.0000,28,0.000000e+0,-21,1
15,"Arequipa · ondulado 2 · N-S quebrado 3° · quebrado · bagnarelli ×1 · 10 filas · az 0°",21-mar,760,25.1514,81.5460,6.0000,28,1.062675e-2,-26,0
15,"Arequipa · ondulado 2 · N-S quebrado 3° · quebrado · bagnarelli ×1 · 10 filas · az 0°",21-mar,780,29.8721,79.7046,6.0000,28,8.613674e-3,-30.5,0
15,"Arequipa · ondulado 2 · N-S quebrado 3° · quebrado · bagnarelli ×1 · 10 filas · az 0°",21-mar,800,34.5652,77.6773,6.0000,28,0.000000e+0,-36.5,1
15,"Arequipa · ondulado 2 · N-S quebrado 3° · quebrado · bagnarelli ×1 · 10 filas · az 0°",21-mar,820,39.2209,75.4045,6.0000,28,0.000000e+0,-41.5,1
15,"Arequipa · ondulado 2 · N-S quebrado 3° · quebrado · bagnarelli ×1 · 10 filas · az 0°",21-mar,840,43.8256,72.8064,6.0000,28,4.545251e-3,-45.5,0
15,"Arequipa · ondulado 2 · N-S quebrado 3° · quebrado · bagnarelli ×1 · 10 filas · az 0°",21-mar,860,48.3608,69.7727,6.0000,28,0.000000e+0,-52,1
15,"Arequipa · ondulado 2 · N-S quebrado 3° · quebrado · bagnarelli ×1 · 10 filas · az 0°",21-mar,880,52.7997,66.1475,6.0000,28,0.000000e+0,-55,1
15,"Arequipa · ondulado 2 · N-S quebrado 3° · quebrado · bagnarelli ×1 · 10 filas · az 0°",21-mar,900,57.1020,61.7065,6.0000,28,2.711413e-2,-55,0
15,"Arequipa · ondulado 2 · N-S quebrado 3° · quebrado · bagnarelli ×1 · 10 filas · az 0°",21-mar,920,61.2050,56.1234,6.0000,28,0.000000e+0,-55,1
15,"Arequipa · ondulado 2 · N-S quebrado 3° · quebrado · bagnarelli ×1 · 10 filas · az 0°",21-mar,940,65.0093,48.9323,6.0000,28,0.000000e+0,-55,1
15,"Arequipa · ondulado 2 · N-S quebrado 3° · quebrado · bagnarelli ×1 · 10 filas · az 0°",21-mar,960,68.3560,39.5174,6.0000,28,0.000000e+0,-55,1
15,"Arequipa · ondulado 2 · N-S quebrado 3° · quebrado · bagnarelli ×1 · 10 filas · az 0°",21-mar,980,71.0006,27.2555,6.0000,28,0.000000e+0,-55,1
15,"Arequipa · ondulado 2 · N-S quebrado 3° · quebrado · bagnarelli ×1 · 10 filas · az 0°",21-mar,1000,72.6192,12.0480,6.0000,28,0.000000e+0,-55,1
15,"Arequipa · ondulado 2 · N-S quebrado 3° · quebrado · bagnarelli ×1 · 10 filas · az 0°",21-mar,1020,72.9172,355.1449,6.0000,28,0.000000e+0,-55,1
15,"Arequipa · ondulado 2 · N-S quebrado 3° · quebrado · bagnarelli ×1 · 10 filas · az 0°",21-mar,1040,71.8293,338.9743,6.0000,28,0.000000e+0,-55,1
15,"Arequipa · ondulado 2 · N-S quebrado 3° · quebrado · bagnarelli ×1 · 10 filas · az 0°",21-mar,1060,69.5760,325.4193,6.0000,28,0.000000e+0,-55,1
15,"Arequipa · ondulado 2 · N-S quebrado 3° · quebrado · bagnarelli ×1 · 10 filas · az 0°",21-mar,1080,66.4904,314.8661,6.0000,28,0.000000e+0,-55,1
15,"Arequipa · ondulado 2 · N-S quebrado 3° · quebrado · bagnarelli ×1 · 10 filas · az 0°",21-mar,1100,62.8553,306.8185,6.0000,28,0.000000e+0,-55,1
15,"Arequipa · ondulado 2 · N-S quebrado 3° · quebrado · bagnarelli ×1 · 10 filas · az 0°",21-mar,1120,58.8631,300.6237,6.0000,28,0.000000e+0,-55,1
15,"Arequipa · ondulado 2 · N-S quebrado 3° · quebrado · bagnarelli ×1 · 10 filas · az 0°",21-mar,1140,54.6351,295.7491,6.0000,28,0.000000e+0,-55,1
15,"Arequipa · ondulado 2 · N-S quebrado 3° · quebrado · bagnarelli ×1 · 10 filas · az 0°",21-mar,1160,50.2473,291.8140,6.0000,28,0.000000e+0,-55,1
15,"Arequipa · ondulado 2 · N-S quebrado 3° · quebrado · bagnarelli ×1 · 10 filas · az 0°",21-mar,1180,45.7481,288.5555,6.0000,28,0.000000e+0,-17,1
15,"Arequipa · ondulado 2 · N-S quebrado 3° · quebrado · bagnarelli ×1 · 10 filas · az 0°",21-mar,1200,41.1691,285.7922,6.0000,28,0.000000e+0,1,1
15,"Arequipa · ondulado 2 · N-S quebrado 3° · quebrado · bagnarelli ×1 · 10 filas · az 0°",21-mar,1220,36.5321,283.3969,6.0000,28,0.000000e+0,13,1
15,"Arequipa · ondulado 2 · N-S quebrado 3° · quebrado · bagnarelli ×1 · 10 filas · az 0°",21-mar,1240,31.8523,281.2784,6.0000,28,0.000000e+0,23,1
15,"Arequipa · ondulado 2 · N-S quebrado 3° · quebrado · bagnarelli ×1 · 10 filas · az 0°",21-mar,1260,27.1408,279.3695,6.0000,28,0.000000e+0,26.5,1
15,"Arequipa · ondulado 2 · N-S quebrado 3° · quebrado · bagnarelli ×1 · 10 filas · az 0°",21-mar,1280,22.4065,277.6197,6.0000,28,0.000000e+0,21.5,1
15,"Arequipa · ondulado 2 · N-S quebrado 3° · quebrado · bagnarelli ×1 · 10 filas · az 0°",21-mar,1300,17.6572,275.9894,6.0000,28,0.000000e+0,17.5,1
15,"Arequipa · ondulado 2 · N-S quebrado 3° · quebrado · bagnarelli ×1 · 10 filas · az 0°",21-mar,1320,12.9018,274.4469,6.0000,28,1.107027e-2,12.5,0
15,"Arequipa · ondulado 2 · N-S quebrado 3° · quebrado · bagnarelli ×1 · 10 filas · az 0°",21-mar,1340,8.1561,272.9659,6.0000,28,0.000000e+0,8,1
15,"Arequipa · ondulado 2 · N-S quebrado 3° · quebrado · bagnarelli ×1 · 10 filas · az 0°",21-mar,1360,3.4752,271.5234,6.0000,56,4.436161e-3,3.5,0
15,"Arequipa · ondulado 2 · N-S quebrado 3° · quebrado · bagnarelli ×1 · 10 filas · az 0°",21-dic,640,5.5090,112.8863,6.0000,56,8.211635e-3,-4.5,0
15,"Arequipa · ondulado 2 · N-S quebrado 3° · quebrado · bagnarelli ×1 · 10 filas · az 0°",21-dic,660,9.8795,111.6997,6.0000,28,0.000000e+0,-9.5,1
15,"Arequipa · ondulado 2 · N-S quebrado 3° · quebrado · bagnarelli ×1 · 10 filas · az 0°",21-dic,680,14.3190,110.6399,6.0000,28,0.000000e+0,-14.5,1
15,"Arequipa · ondulado 2 · N-S quebrado 3° · quebrado · bagnarelli ×1 · 10 filas · az 0°",21-dic,700,18.8002,109.7012,6.0000,28,0.000000e+0,-19,1
15,"Arequipa · ondulado 2 · N-S quebrado 3° · quebrado · bagnarelli ×1 · 10 filas · az 0°",21-dic,720,23.3118,108.8811,6.0000,28,1.383792e-3,-23.5,0
15,"Arequipa · ondulado 2 · N-S quebrado 3° · quebrado · bagnarelli ×1 · 10 filas · az 0°",21-dic,740,27.8469,108.1807,6.0000,28,0.000000e+0,-28.5,1
15,"Arequipa · ondulado 2 · N-S quebrado 3° · quebrado · bagnarelli ×1 · 10 filas · az 0°",21-dic,760,32.4005,107.6058,6.0000,28,0.000000e+0,-33.5,1
15,"Arequipa · ondulado 2 · N-S quebrado 3° · quebrado · bagnarelli ×1 · 10 filas · az 0°",21-dic,780,36.9680,107.1676,6.0000,28,0.000000e+0,-38,1
15,"Arequipa · ondulado 2 · N-S quebrado 3° · quebrado · bagnarelli ×1 · 10 filas · az 0°",21-dic,800,41.5453,106.8854,6.0000,28,0.000000e+0,-43.5,1
15,"Arequipa · ondulado 2 · N-S quebrado 3° · quebrado · bagnarelli ×1 · 10 filas · az 0°",21-dic,820,46.1277,106.7892,6.0000,28,0.000000e+0,-47.5,1
15,"Arequipa · ondulado 2 · N-S quebrado 3° · quebrado · bagnarelli ×1 · 10 filas · az 0°",21-dic,840,50.7102,106.9266,6.0000,28,0.000000e+0,-52.5,1
15,"Arequipa · ondulado 2 · N-S quebrado 3° · quebrado · bagnarelli ×1 · 10 filas · az 0°",21-dic,860,55.2860,107.3727,6.0000,28,5.466273e-4,-55,0
15,"Arequipa · ondulado 2 · N-S quebrado 3° · quebrado · bagnarelli ×1 · 10 filas · az 0°",21-dic,880,59.8457,108.2507,6.0000,28,2.773331e-2,-55,0
15,"Arequipa · ondulado 2 · N-S quebrado 3° · quebrado · bagnarelli ×1 · 10 filas · az 0°",21-dic,900,64.3745,109.7715,6.0000,28,0.000000e+0,-55,1
15,"Arequipa · ondulado 2 · N-S quebrado 3° · quebrado · bagnarelli ×1 · 10 filas · az 0°",21-dic,920,68.8464,112.3221,6.0000,28,0.000000e+0,-55,1
15,"Arequipa · ondulado 2 · N-S quebrado 3° · quebrado · bagnarelli ×1 · 10 filas · az 0°",21-dic,940,73.2097,116.6755,6.0000,28,0.000000e+0,-55,1
15,"Arequipa · ondulado 2 · N-S quebrado 3° · quebrado · bagnarelli ×1 · 10 filas · az 0°",21-dic,960,77.3452,124.5416,6.0000,28,0.000000e+0,-55,1
15,"Arequipa · ondulado 2 · N-S quebrado 3° · quebrado · bagnarelli ×1 · 10 filas · az 0°",21-dic,980,80.9293,139.9625,6.0000,28,0.000000e+0,-55,1
15,"Arequipa · ondulado 2 · N-S quebrado 3° · quebrado · bagnarelli ×1 · 10 filas · az 0°",21-dic,1000,83.0437,169.7235,6.0000,28,0.000000e+0,-55,1
15,"Arequipa · ondulado 2 · N-S quebrado 3° · quebrado · bagnarelli ×1 · 10 filas · az 0°",21-dic,1020,82.3507,206.0083,6.0000,28,0.000000e+0,-55,1
15,"Arequipa · ondulado 2 · N-S quebrado 3° · quebrado · bagnarelli ×1 · 10 filas · az 0°",21-dic,1040,79.3872,228.4830,6.0000,28,0.000000e+0,-55,1
15,"Arequipa · ondulado 2 · N-S quebrado 3° · quebrado · bagnarelli ×1 · 10 filas · az 0°",21-dic,1060,75.4845,239.6903,6.0000,28,0.000000e+0,-55,1
15,"Arequipa · ondulado 2 · N-S quebrado 3° · quebrado · bagnarelli ×1 · 10 filas · az 0°",21-dic,1080,71.2217,245.6266,6.0000,28,0.000000e+0,-55,1
15,"Arequipa · ondulado 2 · N-S quebrado 3° · quebrado · bagnarelli ×1 · 10 filas · az 0°",21-dic,1100,66.7992,249.0147,6.0000,28,0.000000e+0,-55,1
15,"Arequipa · ondulado 2 · N-S quebrado 3° · quebrado · bagnarelli ×1 · 10 filas · az 0°",21-dic,1120,62.2968,251.0263,6.0000,28,0.000000e+0,-55,1
15,"Arequipa · ondulado 2 · N-S quebrado 3° · quebrado · bagnarelli ×1 · 10 filas · az 0°",21-dic,1140,57.7514,252.2170,6.0000,28,0.000000e+0,-55,1
15,"Arequipa · ondulado 2 · N-S quebrado 3° · quebrado · bagnarelli ×1 · 10 filas · az 0°",21-dic,1160,53.1829,252.8767,6.0000,28,0.000000e+0,-55,1
15,"Arequipa · ondulado 2 · N-S quebrado 3° · quebrado · bagnarelli ×1 · 10 filas · az 0°",21-dic,1180,48.6031,253.1691,6.0000,28,0.000000e+0,-55,1
15,"Arequipa · ondulado 2 · N-S quebrado 3° · quebrado · bagnarelli ×1 · 10 filas · az 0°",21-dic,1200,44.0199,253.1917,6.0000,28,0.000000e+0,-8.5,1
15,"Arequipa · ondulado 2 · N-S quebrado 3° · quebrado · bagnarelli ×1 · 10 filas · az 0°",21-dic,1220,39.4393,253.0053,6.0000,28,0.000000e+0,5,1
15,"Arequipa · ondulado 2 · N-S quebrado 3° · quebrado · bagnarelli ×1 · 10 filas · az 0°",21-dic,1240,34.8660,252.6483,6.0000,28,0.000000e+0,15.5,1
15,"Arequipa · ondulado 2 · N-S quebrado 3° · quebrado · bagnarelli ×1 · 10 filas · az 0°",21-dic,1260,30.3044,252.1454,6.0000,28,0.000000e+0,24.5,1
15,"Arequipa · ondulado 2 · N-S quebrado 3° · quebrado · bagnarelli ×1 · 10 filas · az 0°",21-dic,1280,25.7587,251.5118,6.0000,28,0.000000e+0,27.5,1
15,"Arequipa · ondulado 2 · N-S quebrado 3° · quebrado · bagnarelli ×1 · 10 filas · az 0°",21-dic,1300,21.2337,250.7559,6.0000,28,1.050624e-2,21.5,0
15,"Arequipa · ondulado 2 · N-S quebrado 3° · quebrado · bagnarelli ×1 · 10 filas · az 0°",21-dic,1320,16.7351,249.8813,6.0000,28,0.000000e+0,18,1
15,"Arequipa · ondulado 2 · N-S quebrado 3° · quebrado · bagnarelli ×1 · 10 filas · az 0°",21-dic,1340,12.2712,248.8874,6.0000,28,2.934405e-1,13,0
15,"Arequipa · ondulado 2 · N-S quebrado 3° · quebrado · bagnarelli ×1 · 10 filas · az 0°",21-dic,1360,7.8581,247.7702,6.0000,28,2.472442e-2,8,0
15,"Arequipa · ondulado 2 · N-S quebrado 3° · quebrado · bagnarelli ×1 · 10 filas · az 0°",21-dic,1380,3.5464,246.5223,6.0000,56,7.696610e-3,5,0
16,"Zaragoza · ondulado 0.6 · N-S senoidal 6° · mono · bagnarelli ×2 · 10 filas · az 0°",21-jun,300,4.3153,62.0288,7.0534,56,4.611181e-2,-3,0
16,"Zaragoza · ondulado 0.6 · N-S senoidal 6° · mono · bagnarelli ×2 · 10 filas · az 0°",21-jun,320,7.5953,65.1785,7.0534,28,3.420447e-2,-9,0
16,"Zaragoza · ondulado 0.6 · N-S senoidal 6° · mono · bagnarelli ×2 · 10 filas · az 0°",21-jun,340,10.9965,68.2578,7.0534,28,3.398258e-2,-11.5,0
16,"Zaragoza · ondulado 0.6 · N-S senoidal 6° · mono · bagnarelli ×2 · 10 filas · az 0°",21-jun,360,14.4858,71.2858,7.0534,28,2.319592e-2,-15.5,0
16,"Zaragoza · ondulado 0.6 · N-S senoidal 6° · mono · bagnarelli ×2 · 10 filas · az 0°",21-jun,380,18.0452,74.2827,7.0534,28,1.374881e-2,-18.5,0
16,"Zaragoza · ondulado 0.6 · N-S senoidal 6° · mono · bagnarelli ×2 · 10 filas · az 0°",21-jun,400,21.6612,77.2704,7.0534,28,9.134428e-3,-22,0
16,"Zaragoza · ondulado 0.6 · N-S senoidal 6° · mono · bagnarelli ×2 · 10 filas · az 0°",21-jun,420,25.3226,80.2731,7.0534,28,9.717153e-3,-25.5,0
16,"Zaragoza · ondulado 0.6 · N-S senoidal 6° · mono · bagnarelli ×2 · 10 filas · az 0°",21-jun,440,29.0187,83.3183,7.0534,28,1.332280e-2,-29.5,0
16,"Zaragoza · ondulado 0.6 · N-S senoidal 6° · mono · bagnarelli ×2 · 10 filas · az 0°",21-jun,460,32.7391,86.4376,7.0534,28,5.151866e-3,-32.5,0
16,"Zaragoza · ondulado 0.6 · N-S senoidal 6° · mono · bagnarelli ×2 · 10 filas · az 0°",21-jun,480,36.4729,89.6687,7.0534,28,0.000000e+0,-36.5,1
16,"Zaragoza · ondulado 0.6 · N-S senoidal 6° · mono · bagnarelli ×2 · 10 filas · az 0°",21-jun,500,40.2084,93.0578,7.0534,28,0.000000e+0,-40,1
16,"Zaragoza · ondulado 0.6 · N-S senoidal 6° · mono · bagnarelli ×2 · 10 filas · az 0°",21-jun,520,43.9319,96.6624,7.0534,28,4.997124e-3,-44,0
16,"Zaragoza · ondulado 0.6 · N-S senoidal 6° · mono · bagnarelli ×2 · 10 filas · az 0°",21-jun,540,47.6271,100.5563,7.0534,28,8.164977e-3,-48,0
16,"Zaragoza · ondulado 0.6 · N-S senoidal 6° · mono · bagnarelli ×2 · 10 filas · az 0°",21-jun,560,51.2734,104.8355,7.0534,28,0.000000e+0,-52,1
16,"Zaragoza · ondulado 0.6 · N-S senoidal 6° · mono · bagnarelli ×2 · 10 filas · az 0°",21-jun,580,54.8437,109.6272,7.0534,28,8.702777e-3,-55,0
16,"Zaragoza · ondulado 0.6 · N-S senoidal 6° · mono · bagnarelli ×2 · 10 filas · az 0°",21-jun,600,58.3011,115.1015,7.0534,28,0.000000e+0,-55,1
16,"Zaragoza · ondulado 0.6 · N-S senoidal 6° · mono · bagnarelli ×2 · 10 filas · az 0°",21-jun,620,61.5938,121.4838,7.0534,28,0.000000e+0,-55,1
16,"Zaragoza · ondulado 0.6 · N-S senoidal 6° · mono · bagnarelli ×2 · 10 filas · az 0°",21-jun,640,64.6480,129.0638,7.0534,28,0.000000e+0,-55,1
16,"Zaragoza · ondulado 0.6 · N-S senoidal 6° · mono · bagnarelli ×2 · 10 filas · az 0°",21-jun,660,67.3579,138.1801,7.0534,28,0.000000e+0,-55,1
16,"Zaragoza · ondulado 0.6 · N-S senoidal 6° · mono · bagnarelli ×2 · 10 filas · az 0°",21-jun,680,69.5784,149.1387,7.0534,28,0.000000e+0,-55,1
16,"Zaragoza · ondulado 0.6 · N-S senoidal 6° · mono · bagnarelli ×2 · 10 filas · az 0°",21-jun,700,71.1301,162.0059,7.0534,28,0.000000e+0,-55,1
16,"Zaragoza · ondulado 0.6 · N-S senoidal 6° · mono · bagnarelli ×2 · 10 filas · az 0°",21-jun,720,71.8368,176.3074,7.0534,28,0.000000e+0,-55,1
16,"Zaragoza · ondulado 0.6 · N-S senoidal 6° · mono · bagnarelli ×2 · 10 filas · az 0°",21-jun,740,71.5993,190.9409,7.0534,28,0.000000e+0,-55,1
16,"Zaragoza · ondulado 0.6 · N-S senoidal 6° · mono · bagnarelli ×2 · 10 filas · az 0°",21-jun,760,70.4524,204.6300,7.0534,28,0.000000e+0,-55,1
16,"Zaragoza · ondulado 0.6 · N-S senoidal 6° · mono · bagnarelli ×2 · 10 filas · az 0°",21-jun,780,68.5438,216.5649,7.0534,28,0.000000e+0,-55,1
16,"Zaragoza · ondulado 0.6 · N-S senoidal 6° · mono · bagnarelli ×2 · 10 filas · az 0°",21-jun,800,66.0587,226.5756,7.0534,28,0.000000e+0,-55,1
16,"Zaragoza · ondulado 0.6 · N-S senoidal 6° · mono · bagnarelli ×2 · 10 filas · az 0°",21-jun,820,63.1617,234.8830,7.0534,28,0.000000e+0,-55,1
16,"Zaragoza · ondulado 0.6 · N-S senoidal 6° · mono · bagnarelli ×2 · 10 filas · az 0°",21-jun,840,59.9777,241.8261,7.0534,28,0.000000e+0,-55,1
16,"Zaragoza · ondulado 0.6 · N-S senoidal 6° · mono · bagnarelli ×2 · 10 filas · az 0°",21-jun,860,56.5952,247.7238,7.0534,28,0.000000e+0,21.5,1
16,"Zaragoza · ondulado 0.6 · N-S senoidal 6° · mono · bagnarelli ×2 · 10 filas · az 0°",21-jun,880,53.0761,252.8336,7.0534,28,0.000000e+0,34.5,1
16,"Zaragoza · ondulado 0.6 · N-S senoidal 6° · mono · bagnarelli ×2 · 10 filas · az 0°",21-jun,900,49.4641,257.3516,7.0534,28,0.000000e+0,48,1
16,"Zaragoza · ondulado 0.6 · N-S senoidal 6° · mono · bagnarelli ×2 · 10 filas · az 0°",21-jun,920,45.7905,261.4251,7.0534,28,0.000000e+0,46,1
16,"Zaragoza · ondulado 0.6 · N-S senoidal 6° · mono · bagnarelli ×2 · 10 filas · az 0°",21-jun,940,42.0789,265.1644,7.0534,28,0.000000e+0,42,1
16,"Zaragoza · ondulado 0.6 · N-S senoidal 6° · mono · bagnarelli ×2 · 10 filas · az 0°",21-jun,960,38.3476,268.6535,7.0534,28,0.000000e+0,38,1
16,"Zaragoza · ondulado 0.6 · N-S senoidal 6° · mono · bagnarelli ×2 · 10 filas · az 0°",21-jun,980,34.6113,271.9575,7.0534,28,0.000000e+0,34,1
16,"Zaragoza · ondulado 0.6 · N-S senoidal 6° · mono · bagnarelli ×2 · 10 filas · az 0°",21-jun,1000,30.8827,275.1277,7.0534,28,1.050705e-2,31,0
16,"Zaragoza · ondulado 0.6 · N-S senoidal 6° · mono · bagnarelli ×2 · 10 filas · az 0°",21-jun,1020,27.1731,278.2058,7.0534,28,6.663632e-3,28,0
16,"Zaragoza · ondulado 0.6 · N-S senoidal 6° · mono · bagnarelli ×2 · 10 filas · az 0°",21-jun,1040,23.4930,281.2261,7.0534,28,4.883717e-3,24,0
16,"Zaragoza · ondulado 0.6 · N-S senoidal 6° · mono · bagnarelli ×2 · 10 filas · az 0°",21-jun,1060,19.8529,284.2181,7.0534,28,9.485953e-3,20,0
16,"Zaragoza · ondulado 0.6 · N-S senoidal 6° · mono · bagnarelli ×2 · 10 filas · az 0°",21-jun,1080,16.2635,287.2075,7.0534,28,2.437053e-2,17,0
16,"Zaragoza · ondulado 0.6 · N-S senoidal 6° · mono · bagnarelli ×2 · 10 filas · az 0°",21-jun,1100,12.7372,290.2173,7.0534,28,3.483371e-2,12.5,0
16,"Zaragoza · ondulado 0.6 · N-S senoidal 6° · mono · bagnarelli ×2 · 10 filas · az 0°",21-jun,1120,9.2889,293.2684,7.0534,28,2.872632e-2,11.5,0
16,"Zaragoza · ondulado 0.6 · N-S senoidal 6° · mono · bagnarelli ×2 · 10 filas · az 0°",21-jun,1140,5.9421,296.3805,7.0534,56,3.156456e-2,6.5,0
16,"Zaragoza · ondulado 0.6 · N-S senoidal 6° · mono · bagnarelli ×2 · 10 filas · az 0°",21-jun,1160,2.7509,299.5720,7.0534,56,5.119601e-2,0.5,0
16,"Zaragoza · ondulado 0.6 · N-S senoidal 6° · mono · bagnarelli ×2 · 10 filas · az 0°",21-mar,380,2.2529,91.3999,7.0534,56,1.144113e-2,-2.5,0
16,"Zaragoza · ondulado 0.6 · N-S senoidal 6° · mono · bagnarelli ×2 · 10 filas · az 0°",21-mar,400,5.8504,94.7292,7.0534,56,1.281413e-2,-6,0
16,"Zaragoza · ondulado 0.6 · N-S senoidal 6° · mono · bagnarelli ×2 · 10 filas · az 0°",21-mar,420,9.5200,98.1006,7.0534,28,1.056969e-2,-10,0
16,"Zaragoza · ondulado 0.6 · N-S senoidal 6° · mono · bagnarelli ×2 · 10 filas · az 0°",21-mar,440,13.1842,101.5436,7.0534,28,1.613629e-2,-12.5,0
16,"Zaragoza · ondulado 0.6 · N-S senoidal 6° · mono · bagnarelli ×2 · 10 filas · az 0°",21-mar,460,16.8132,105.0894,7.0534,28,1.936150e-2,-16.5,0
16,"Zaragoza · ondulado 0.6 · N-S senoidal 6° · mono · bagnarelli ×2 · 10 filas · az 0°",21-mar,480,20.3859,108.7709,7.0534,28,2.187906e-2,-21.5,0
16,"Zaragoza · ondulado 0.6 · N-S senoidal 6° · mono · bagnarelli ×2 · 10 filas · az 0°",21-mar,500,23.8823,112.6235,7.0534,28,1.957448e-2,-26,0
16,"Zaragoza · ondulado 0.6 · N-S senoidal 6° · mono · bagnarelli ×2 · 10 filas · az 0°",21-mar,520,27.2812,116.6855,7.0534,28,9.172273e-3,-29.5,0
16,"Zaragoza · ondulado 0.6 · N-S senoidal 6° · mono · bagnarelli ×2 · 10 filas · az 0°",21-mar,540,30.5584,120.9974,7.0534,28,8.953000e-3,-35,0
16,"Zaragoza · ondulado 0.6 · N-S senoidal 6° · mono · bagnarelli ×2 · 10 filas · az 0°",21-mar,560,33.6866,125.6019,7.0534,28,1.125373e-2,-37,0
16,"Zaragoza · ondulado 0.6 · N-S senoidal 6° · mono · bagnarelli ×2 · 10 filas · az 0°",21-mar,580,36.6339,130.5419,7.0534,28,4.917085e-3,-43,0
16,"Zaragoza · ondulado 0.6 · N-S senoidal 6° · mono · bagnarelli ×2 · 10 filas · az 0°",21-mar,600,39.3642,135.8579,7.0534,28,0.000000e+0,-49,1
16,"Zaragoza · ondulado 0.6 · N-S senoidal 6° · mono · bagnarelli ×2 · 10 filas · az 0°",21-mar,620,41.8362,141.5831,7.0534,28,2.568503e-3,-55,0
16,"Zaragoza · ondulado 0.6 · N-S senoidal 6° · mono · bagnarelli ×2 · 10 filas · az 0°",21-mar,640,44.0046,147.7369,7.0534,28,0.000000e+0,-55,1
16,"Zaragoza · ondulado 0.6 · N-S senoidal 6° · mono · bagnarelli ×2 · 10 filas · az 0°",21-mar,660,45.8219,154.3164,7.0534,28,0.000000e+0,-55,1
16,"Zaragoza · ondulado 0.6 · N-S senoidal 6° · mono · bagnarelli ×2 · 10 filas · az 0°",21-mar,680,47.2408,161.2877,7.0534,28,0.000000e+0,-55,1
16,"Zaragoza · ondulado 0.6 · N-S senoidal 6° · mono · bagnarelli ×2 · 10 filas · az 0°",21-mar,700,48.2189,168.5799,7.0534,28,0.000000e+0,-55,1
16,"Zaragoza · ondulado 0.6 · N-S senoidal 6° · mono · bagnarelli ×2 · 10 filas · az 0°",21-mar,720,48.7237,176.0853,7.0534,28,0.000000e+0,-55,1
16,"Zaragoza · ondulado 0.6 · N-S senoidal 6° · mono · bagnarelli ×2 · 10 filas · az 0°",21-mar,740,48.7373,183.6681,7.0534,28,0.000000e+0,-55,1
16,"Zaragoza · ondulado 0.6 · N-S senoidal 6° · mono · bagnarelli ×2 · 10 filas · az 0°",21-mar,760,48.2591,191.1814,7.0534,28,0.000000e+0,-55,1
16,"Zaragoza · ondulado 0.6 · N-S senoidal 6° · mono · bagnarelli ×2 · 10 filas · az 0°",21-mar,780,47.3064,198.4885,7.0534,28,0.000000e+0,-55,1
16,"Zaragoza · ondulado 0.6 · N-S senoidal 6° · mono · bagnarelli ×2 · 10 filas · az 0°",21-mar,800,45.9109,205.4797,7.0534,28,0.000000e+0,-55,1
16,"Zaragoza · ondulado 0.6 · N-S senoidal 6° · mono · bagnarelli ×2 · 10 filas · az 0°",21-mar,820,44.1149,212.0823,7.0534,28,0.000000e+0,12,1
16,"Zaragoza · ondulado 0.6 · N-S senoidal 6° · mono · bagnarelli ×2 · 10 filas · az 0°",21-mar,840,41.9653,218.2604,7.0534,28,0.000000e+0,36.5,1
16,"Zaragoza · ondulado 0.6 · N-S senoidal 6° · mono · bagnarelli ×2 · 10 filas · az 0°",21-mar,860,39.5099,224.0098,7.0534,28,9.488227e-3,50,0
16,"Zaragoza · ondulado 0.6 · N-S senoidal 6° · mono · bagnarelli ×2 · 10 filas · az 0°",21-mar,880,36.7942,229.3489,7.0534,28,1.743003e-2,43.5,0
16,"Zaragoza · ondulado 0.6 · N-S senoidal 6° · mono · bagnarelli ×2 · 10 filas · az 0°",21-mar,900,33.8596,234.3105,7.0534,28,7.147372e-3,39.5,0
16,"Zaragoza · ondulado 0.6 · N-S senoidal 6° · mono · bagnarelli ×2 · 10 filas · az 0°",21-mar,920,30.7428,238.9347,7.0534,28,1.737788e-2,34.5,0
16,"Zaragoza · ondulado 0.6 · N-S senoidal 6° · mono · bagnarelli ×2 · 10 filas · az 0°",21-mar,940,27.4756,243.2645,7.0534,28,1.278163e-2,30,0
16,"Zaragoza · ondulado 0.6 · N-S senoidal 6° · mono · bagnarelli ×2 · 10 filas · az 0°",21-mar,960,24.0859,247.3426,7.0534,28,1.082677e-2,26.5,0
16,"Zaragoza · ondulado 0.6 · N-S senoidal 6° · mono · bagnarelli ×2 · 10 filas · az 0°",21-mar,980,20.5978,251.2099,7.0534,28,1.037433e-2,21,0
16,"Zaragoza · ondulado 0.6 · N-S senoidal 6° · mono · bagnarelli ×2 · 10 filas · az 0°",21-mar,1000,17.0327,254.9045,7.0534,28,1.048371e-2,17,0
16,"Zaragoza · ondulado 0.6 · N-S senoidal 6° · mono · bagnarelli ×2 · 10 filas · az 0°",21-mar,1020,13.4108,258.4622,7.0534,28,2.036142e-2,14,0
16,"Zaragoza · ondulado 0.6 · N-S senoidal 6° · mono · bagnarelli ×2 · 10 filas · az 0°",21-mar,1040,9.7530,261.9160,7.0534,28,2.445514e-2,10.5,0
16,"Zaragoza · ondulado 0.6 · N-S senoidal 6° · mono · bagnarelli ×2 · 10 filas · az 0°",21-mar,1060,6.0879,265.2972,7.0534,28,9.776971e-3,6,0
16,"Zaragoza · ondulado 0.6 · N-S senoidal 6° · mono · bagnarelli ×2 · 10 filas · az 0°",21-mar,1080,2.4866,268.6354,7.0534,56,5.192642e-3,2.5,0
16,"Zaragoza · ondulado 0.6 · N-S senoidal 6° · mono · bagnarelli ×2 · 10 filas · az 0°",21-dic,480,4.5444,126.9401,7.0534,56,7.027309e-2,-3,0
16,"Zaragoza · ondulado 0.6 · N-S senoidal 6° · mono · bagnarelli ×2 · 10 filas · az 0°",21-dic,500,7.4023,130.4970,7.0534,28,4.910337e-2,-8.5,0
16,"Zaragoza · ondulado 0.6 · N-S senoidal 6° · mono · bagnarelli ×2 · 10 filas · az 0°",21-dic,520,10.1358,134.1991,7.0534,28,6.173899e-2,-14,0
16,"Zaragoza · ondulado 0.6 · N-S senoidal 6° · mono · bagnarelli ×2 · 10 filas · az 0°",21-dic,540,12.7098,138.0581,7.0534,28,5.962650e-2,-19.5,0
16,"Zaragoza · ondulado 0.6 · N-S senoidal 6° · mono · bagnarelli ×2 · 10 filas · az 0°",21-dic,560,15.0987,142.0828,7.0534,28,3.238370e-2,-22,0
16,"Zaragoza · ondulado 0.6 · N-S senoidal 6° · mono · bagnarelli ×2 · 10 filas · az 0°",21-dic,580,17.2795,146.2782,7.0534,28,3.442445e-2,-27,0
16,"Zaragoza · ondulado 0.6 · N-S senoidal 6° · mono · bagnarelli ×2 · 10 filas · az 0°",21-dic,600,19.2301,150.6447,7.0534,28,1.871593e-2,-34,0
16,"Zaragoza · ondulado 0.6 · N-S senoidal 6° · mono · bagnarelli ×2 · 10 filas · az 0°",21-dic,620,20.9291,155.1771,7.0534,28,2.126391e-2,-39.5,0
16,"Zaragoza · ondulado 0.6 · N-S senoidal 6° · mono · bagnarelli ×2 · 10 filas · az 0°",21-dic,640,22.3561,159.8636,7.0534,28,9.522763e-3,-48,0
16,"Zaragoza · ondulado 0.6 · N-S senoidal 6° · mono · bagnarelli ×2 · 10 filas · az 0°",21-dic,660,23.4927,164.6856,7.0534,28,0.000000e+0,-55,1
16,"Zaragoza · ondulado 0.6 · N-S senoidal 6° · mono · bagnarelli ×2 · 10 filas · az 0°",21-dic,680,24.3230,169.6174,7.0534,28,0.000000e+0,-55,1
16,"Zaragoza · ondulado 0.6 · N-S senoidal 6° · mono · bagnarelli ×2 · 10 filas · az 0°",21-dic,700,24.8347,174.6273,7.0534,28,0.000000e+0,-55,1
16,"Zaragoza · ondulado 0.6 · N-S senoidal 6° · mono · bagnarelli ×2 · 10 filas · az 0°",21-dic,720,25.0202,179.6788,7.0534,28,0.000000e+0,-55,1
16,"Zaragoza · ondulado 0.6 · N-S senoidal 6° · mono · bagnarelli ×2 · 10 filas · az 0°",21-dic,740,24.8764,184.7327,7.0534,28,0.000000e+0,-55,1
16,"Zaragoza · ondulado 0.6 · N-S senoidal 6° · mono · bagnarelli ×2 · 10 filas · az 0°",21-dic,760,24.4057,189.7500,7.0534,28,0.000000e+0,-55,1
16,"Zaragoza · ondulado 0.6 · N-S senoidal 6° · mono · bagnarelli ×2 · 10 filas · az 0°",21-dic,780,23.6152,194.6936,7.0534,28,0.000000e+0,19.5,1
16,"Zaragoza · ondulado 0.6 · N-S senoidal 6° · mono · bagnarelli ×2 · 10 filas · az 0°",21-dic,800,22.5166,199.5310,7.0534,28,0.000000e+0,42,1
16,"Zaragoza · ondulado 0.6 · N-S senoidal 6° · mono · bagnarelli ×2 · 10 filas · az 0°",21-dic,820,21.1254,204.2358,7.0534,28,2.368198e-2,43.5,0
16,"Zaragoza · ondulado 0.6 · N-S senoidal 6° · mono · bagnarelli ×2 · 10 filas · az 0°",21-dic,840,19.4598,208.7885,7.0534,28,2.869407e-2,35,0
16,"Zaragoza · ondulado 0.6 · N-S senoidal 6° · mono · bagnarelli ×2 · 10 filas · az 0°",21-dic,860,17.5399,213.1765,7.0534,28,2.763213e-2,32.5,0
16,"Zaragoza · ondulado 0.6 · N-S senoidal 6° · mono · bagnarelli ×2 · 10 filas · az 0°",21-dic,880,15.3871,217.3936,7.0534,28,5.154226e-2,21,0
16,"Zaragoza · ondulado 0.6 · N-S senoidal 6° · mono · bagnarelli ×2 · 10 filas · az 0°",21-dic,900,13.0234,221.4397,7.0534,28,4.523483e-2,16,0
16,"Zaragoza · ondulado 0.6 · N-S senoidal 6° · mono · bagnarelli ×2 · 10 filas · az 0°",21-dic,920,10.4715,225.3193,7.0534,28,4.002190e-2,15,0
16,"Zaragoza · ondulado 0.6 · N-S senoidal 6° · mono · bagnarelli ×2 · 10 filas · az 0°",21-dic,940,7.7566,229.0407,7.0534,28,5.902307e-2,13.5,0
16,"Zaragoza · ondulado 0.6 · N-S senoidal 6° · mono · bagnarelli ×2 · 10 filas · az 0°",21-dic,960,4.9112,232.6152,7.0534,56,8.034472e-2,5,0
16,"Zaragoza · ondulado 0.6 · N-S senoidal 6° · mono · bagnarelli ×2 · 10 filas · az 0°",21-dic,980,2.0112,236.0562,7.0534,56,7.074769e-2,0.5,0
17,"Zaragoza · pendiente 10 · N-S constante 3° · quebrado · tresbolillo ×2 · 8 filas · az 0°",21-jun,300,4.3153,62.0288,0.0000,33,0.000000e+0,-39,1
17,"Zaragoza · pendiente 10 · N-S constante 3° · quebrado · tresbolillo ×2 · 8 filas · az 0°",21-jun,320,7.5953,65.1785,0.0000,17,0.000000e+0,-55,1
17,"Zaragoza · pendiente 10 · N-S constante 3° · quebrado · tresbolillo ×2 · 8 filas · az 0°",21-jun,340,10.9965,68.2578,0.0000,17,0.000000e+0,-55,1
17,"Zaragoza · pendiente 10 · N-S constante 3° · quebrado · tresbolillo ×2 · 8 filas · az 0°",21-jun,360,14.4858,71.2858,0.0000,17,0.000000e+0,-55,1
17,"Zaragoza · pendiente 10 · N-S constante 3° · quebrado · tresbolillo ×2 · 8 filas · az 0°",21-jun,380,18.0452,74.2827,0.0000,17,0.000000e+0,-55,1
17,"Zaragoza · pendiente 10 · N-S constante 3° · quebrado · tresbolillo ×2 · 8 filas · az 0°",21-jun,400,21.6612,77.2704,0.0000,17,0.000000e+0,-55,1
17,"Zaragoza · pendiente 10 · N-S constante 3° · quebrado · tresbolillo ×2 · 8 filas · az 0°",21-jun,420,25.3226,80.2731,0.0000,17,0.000000e+0,-55,1
17,"Zaragoza · pendiente 10 · N-S constante 3° · quebrado · tresbolillo ×2 · 8 filas · az 0°",21-jun,440,29.0187,83.3183,0.0000,17,0.000000e+0,-55,1
17,"Zaragoza · pendiente 10 · N-S constante 3° · quebrado · tresbolillo ×2 · 8 filas · az 0°",21-jun,460,32.7391,86.4376,0.0000,17,0.000000e+0,-55,1
17,"Zaragoza · pendiente 10 · N-S constante 3° · quebrado · tresbolillo ×2 · 8 filas · az 0°",21-jun,480,36.4729,89.6687,0.0000,17,0.000000e+0,-55,1
17,"Zaragoza · pendiente 10 · N-S constante 3° · quebrado · tresbolillo ×2 · 8 filas · az 0°",21-jun,500,40.2084,93.0578,0.0000,17,0.000000e+0,-55,1
17,"Zaragoza · pendiente 10 · N-S constante 3° · quebrado · tresbolillo ×2 · 8 filas · az 0°",21-jun,520,43.9319,96.6624,0.0000,17,0.000000e+0,-55,1
17,"Zaragoza · pendiente 10 · N-S constante 3° · quebrado · tresbolillo ×2 · 8 filas · az 0°",21-jun,540,47.6271,100.5563,0.0000,17,0.000000e+0,-55,1
17,"Zaragoza · pendiente 10 · N-S constante 3° · quebrado · tresbolillo ×2 · 8 filas · az 0°",21-jun,560,51.2734,104.8355,0.0000,17,0.000000e+0,-55,1
17,"Zaragoza · pendiente 10 · N-S constante 3° · quebrado · tresbolillo ×2 · 8 filas · az 0°",21-jun,580,54.8437,109.6272,0.0000,17,0.000000e+0,-55,1
17,"Zaragoza · pendiente 10 · N-S constante 3° · quebrado · tresbolillo ×2 · 8 filas · az 0°",21-jun,600,58.3011,115.1015,0.0000,17,0.000000e+0,-55,1
17,"Zaragoza · pendiente 10 · N-S constante 3° · quebrado · tresbolillo ×2 · 8 filas · az 0°",21-jun,620,61.5938,121.4838,0.0000,17,0.000000e+0,-55,1
17,"Zaragoza · pendiente 10 · N-S constante 3° · quebrado · tresbolillo ×2 · 8 filas · az 0°",21-jun,640,64.6480,129.0638,0.0000,17,0.000000e+0,-55,1
17,"Zaragoza · pendiente 10 · N-S constante 3° · quebrado · tresbolillo ×2 · 8 filas · az 0°",21-jun,660,67.3579,138.1801,0.0000,17,0.000000e+0,-55,1
17,"Zaragoza · pendiente 10 · N-S constante 3° · quebrado · tresbolillo ×2 · 8 filas · az 0°",21-jun,680,69.5784,149.1387,0.0000,17,0.000000e+0,-55,1
17,"Zaragoza · pendiente 10 · N-S constante 3° · quebrado · tresbolillo ×2 · 8 filas · az 0°",21-jun,700,71.1301,162.0059,0.0000,17,0.000000e+0,-55,1
17,"Zaragoza · pendiente 10 · N-S constante 3° · quebrado · tresbolillo ×2 · 8 filas · az 0°",21-jun,720,71.8368,176.3074,0.0000,17,0.000000e+0,-55,1
17,"Zaragoza · pendiente 10 · N-S constante 3° · quebrado · tresbolillo ×2 · 8 filas · az 0°",21-jun,740,71.5993,190.9409,0.0000,17,0.000000e+0,-55,1
17,"Zaragoza · pendiente 10 · N-S constante 3° · quebrado · tresbolillo ×2 · 8 filas · az 0°",21-jun,760,70.4524,204.6300,0.0000,17,0.000000e+0,-55,1
17,"Zaragoza · pendiente 10 · N-S constante 3° · quebrado · tresbolillo ×2 · 8 filas · az 0°",21-jun,780,68.5438,216.5649,0.0000,17,0.000000e+0,-55,1
17,"Zaragoza · pendiente 10 · N-S constante 3° · quebrado · tresbolillo ×2 · 8 filas · az 0°",21-jun,800,66.0587,226.5756,0.0000,17,0.000000e+0,-55,1
17,"Zaragoza · pendiente 10 · N-S constante 3° · quebrado · tresbolillo ×2 · 8 filas · az 0°",21-jun,820,63.1617,234.8830,0.0000,17,0.000000e+0,-55,1
17,"Zaragoza · pendiente 10 · N-S constante 3° · quebrado · tresbolillo ×2 · 8 filas · az 0°",21-jun,840,59.9777,241.8261,0.0000,17,0.000000e+0,-55,1
17,"Zaragoza · pendiente 10 · N-S constante 3° · quebrado · tresbolillo ×2 · 8 filas · az 0°",21-jun,860,56.5952,247.7238,0.0000,17,0.000000e+0,-55,1
17,"Zaragoza · pendiente 10 · N-S constante 3° · quebrado · tresbolillo ×2 · 8 filas · az 0°",21-jun,880,53.0761,252.8336,0.0000,17,0.000000e+0,-55,1
17,"Zaragoza · pendiente 10 · N-S constante 3° · quebrado · tresbolillo ×2 · 8 filas · az 0°",21-jun,900,49.4641,257.3516,0.0000,17,0.000000e+0,-55,1
17,"Zaragoza · pendiente 10 · N-S constante 3° · quebrado · tresbolillo ×2 · 8 filas · az 0°",21-jun,920,45.7905,261.4251,0.0000,17,0.000000e+0,-55,1
17,"Zaragoza · pendiente 10 · N-S constante 3° · quebrado · tresbolillo ×2 · 8 filas · az 0°",21-jun,940,42.0789,265.1644,0.0000,17,0.000000e+0,-55,1
17,"Zaragoza · pendiente 10 · N-S constante 3° · quebrado · tresbolillo ×2 · 8 filas · az 0°",21-jun,960,38.3476,268.6535,0.0000,17,0.000000e+0,-55,1
17,"Zaragoza · pendiente 10 · N-S constante 3° · quebrado · tresbolillo ×2 · 8 filas · az 0°",21-jun,980,34.6113,271.9575,0.0000,17,0.000000e+0,-55,1
17,"Zaragoza · pendiente 10 · N-S constante 3° · quebrado · tresbolillo ×2 · 8 filas · az 0°",21-jun,1000,30.8827,275.1277,0.0000,17,0.000000e+0,-34,1
17,"Zaragoza · pendiente 10 · N-S constante 3° · quebrado · tresbolillo ×2 · 8 filas · az 0°",21-jun,1020,27.1731,278.2058,0.0000,17,0.000000e+0,-21.5,1
17,"Zaragoza · pendiente 10 · N-S constante 3° · quebrado · tresbolillo ×2 · 8 filas · az 0°",21-jun,1040,23.4930,281.2261,0.0000,17,0.000000e+0,-12.5,1
17,"Zaragoza · pendiente 10 · N-S constante 3° · quebrado · tresbolillo ×2 · 8 filas · az 0°",21-jun,1060,19.8529,284.2181,0.0000,17,0.000000e+0,-5.5,1
17,"Zaragoza · pendiente 10 · N-S constante 3° · quebrado · tresbolillo ×2 · 8 filas · az 0°",21-jun,1080,16.2635,287.2075,0.0000,17,0.000000e+0,0.5,1
17,"Zaragoza · pendiente 10 · N-S constante 3° · quebrado · tresbolillo ×2 · 8 filas · az 0°",21-jun,1100,12.7372,290.2173,0.0000,17,0.000000e+0,6.5,1
17,"Zaragoza · pendiente 10 · N-S constante 3° · quebrado · tresbolillo ×2 · 8 filas · az 0°",21-jun,1120,9.2889,293.2684,0.0000,17,0.000000e+0,6,1
17,"Zaragoza · pendiente 10 · N-S constante 3° · quebrado · tresbolillo ×2 · 8 filas · az 0°",21-jun,1140,5.9421,296.3805,0.0000,33,0.000000e+0,-7,1
17,"Zaragoza · pendiente 10 · N-S constante 3° · quebrado · tresbolillo ×2 · 8 filas · az 0°",21-jun,1160,2.7509,299.5720,0.0000,33,0.000000e+0,-20.5,1
17,"Zaragoza · pendiente 10 · N-S constante 3° · quebrado · tresbolillo ×2 · 8 filas · az 0°",21-mar,380,2.2529,91.3999,0.0000,33,0.000000e+0,-35,1
17,"Zaragoza · pendiente 10 · N-S constante 3° · quebrado · tresbolillo ×2 · 8 filas · az 0°",21-mar,400,5.8504,94.7292,0.0000,33,0.000000e+0,-51,1
17,"Zaragoza · pendiente 10 · N-S constante 3° · quebrado · tresbolillo ×2 · 8 filas · az 0°",21-mar,420,9.5200,98.1006,0.0000,17,0.000000e+0,-55,1
17,"Zaragoza · pendiente 10 · N-S constante 3° · quebrado · tresbolillo ×2 · 8 filas · az 0°",21-mar,440,13.1842,101.5436,0.0000,17,0.000000e+0,-55,1
17,"Zaragoza · pendiente 10 · N-S constante 3° · quebrado · tresbolillo ×2 · 8 filas · az 0°",21-mar,460,16.8132,105.0894,0.0000,17,0.000000e+0,-55,1
17,"Zaragoza · pendiente 10 · N-S constante 3° · quebrado · tresbolillo ×2 · 8 filas · az 0°",21-mar,480,20.3859,108.7709,0.0000,17,0.000000e+0,-55,1
17,"Zaragoza · pendiente 10 · N-S constante 3° · quebrado · tresbolillo ×2 · 8 filas · az 0°",21-mar,500,23.8823,112.6235,0.0000,17,0.000000e+0,-55,1
17,"Zaragoza · pendiente 10 · N-S constante 3° · quebrado · tresbolillo ×2 · 8 filas · az 0°",21-mar,520,27.2812,116.6855,0.0000,17,0.000000e+0,-55,1
17,"Zaragoza · pendiente 10 · N-S constante 3° · quebrado · tresbolillo ×2 · 8 filas · az 0°",21-mar,540,30.5584,120.9974,0.0000,17,0.000000e+0,-55,1
17,"Zaragoza · pendiente 10 · N-S constante 3° · quebrado · tresbolillo ×2 · 8 filas · az 0°",21-mar,560,33.6866,125.6019,0.0000,17,0.000000e+0,-55,1
17,"Zaragoza · pendiente 10 · N-S constante 3° · quebrado · tresbolillo ×2 · 8 filas · az 0°",21-mar,580,36.6339,130.5419,0.0000,17,0.000000e+0,-55,1
17,"Zaragoza · pendiente 10 · N-S constante 3° · quebrado · tresbolillo ×2 · 8 filas · az 0°",21-mar,600,39.3642,135.8579,0.0000,17,0.000000e+0,-55,1
17,"Zaragoza · pendiente 10 · N-S constante 3° · quebrado · tresbolillo ×2 · 8 filas · az 0°",21-mar,620,41.8362,141.5831,0.0000,17,0.000000e+0,-55,1
17,"Zaragoza · pendiente 10 · N-S constante 3° · quebrado · tresbolillo ×2 · 8 filas · az 0°",21-mar,640,44.0046,147.7369,0.0000,17,0.000000e+0,-55,1
17,"Zaragoza · pendiente 10 · N-S constante 3° · quebrado · tresbolillo ×2 · 8 filas · az 0°",21-mar,660,45.8219,154.3164,0.0000,17,0.000000e+0,-55,1
17,"Zaragoza · pendiente 10 · N-S constante 3° · quebrado · tresbolillo ×2 · 8 filas · az 0°",21-mar,680,47.2408,161.2877,0.0000,17,0.000000e+0,-55,1
17,"Zaragoza · pendiente 10 · N-S constante 3° · quebrado · tresbolillo ×2 · 8 filas · az 0°",21-mar,700,48.2189,168.5799,0.0000,17,0.000000e+0,-55,1
17,"Zaragoza · pendiente 10 · N-S constante 3° · quebrado · tresbolillo ×2 · 8 filas · az 0°",21-mar,720,48.7237,176.0853,0.0000,17,0.000000e+0,-55,1
17,"Zaragoza · pendiente 10 · N-S constante 3° · quebrado · tresbolillo ×2 · 8 filas · az 0°",21-mar,740,48.7373,183.6681,0.0000,17,0.000000e+0,-55,1
17,"Zaragoza · pendiente 10 · N-S constante 3° · quebrado · tresbolillo ×2 · 8 filas · az 0°",21-mar,760,48.2591,191.1814,0.0000,17,0.000000e+0,-55,1
17,"Zaragoza · pendiente 10 · N-S constante 3° · quebrado · tresbolillo ×2 · 8 filas · az 0°",21-mar,780,47.3064,198.4885,0.0000,17,0.000000e+0,-55,1
17,"Zaragoza · pendiente 10 · N-S constante 3° · quebrado · tresbolillo ×2 · 8 filas · az 0°",21-mar,800,45.9109,205.4797,0.0000,17,0.000000e+0,-55,1
17,"Zaragoza · pendiente 10 · N-S constante 3° · quebrado · tresbolillo ×2 · 8 filas · az 0°",21-mar,820,44.1149,212.0823,0.0000,17,0.000000e+0,-55,1
17,"Zaragoza · pendiente 10 · N-S constante 3° · quebrado · tresbolillo ×2 · 8 filas · az 0°",21-mar,840,41.9653,218.2604,0.0000,17,0.000000e+0,-55,1
17,"Zaragoza · pendiente 10 · N-S constante 3° · quebrado · tresbolillo ×2 · 8 filas · az 0°",21-mar,860,39.5099,224.0098,0.0000,17,0.000000e+0,-55,1
17,"Zaragoza · pendiente 10 · N-S constante 3° · quebrado · tresbolillo ×2 · 8 filas · az 0°",21-mar,880,36.7942,229.3489,0.0000,17,0.000000e+0,-55,1
17,"Zaragoza · pendiente 10 · N-S constante 3° · quebrado · tresbolillo ×2 · 8 filas · az 0°",21-mar,900,33.8596,234.3105,0.0000,17,0.000000e+0,-55,1
17,"Zaragoza · pendiente 10 · N-S constante 3° · quebrado · tresbolillo ×2 · 8 filas · az 0°",21-mar,920,30.7428,238.9347,0.0000,17,0.000000e+0,-55,1
17,"Zaragoza · pendiente 10 · N-S constante 3° · quebrado · tresbolillo ×2 · 8 filas · az 0°",21-mar,940,27.4756,243.2645,0.0000,17,0.000000e+0,-37,1
17,"Zaragoza · pendiente 10 · N-S constante 3° · quebrado · tresbolillo ×2 · 8 filas · az 0°",21-mar,960,24.0859,247.3426,0.0000,17,0.000000e+0,-21,1
17,"Zaragoza · pendiente 10 · N-S constante 3° · quebrado · tresbolillo ×2 · 8 filas · az 0°",21-mar,980,20.5978,251.2099,0.0000,17,0.000000e+0,-11,1
17,"Zaragoza · pendiente 10 · N-S constante 3° · quebrado · tresbolillo ×2 · 8 filas · az 0°",21-mar,1000,17.0327,254.9045,0.0000,17,0.000000e+0,-3,1
17,"Zaragoza · pendiente 10 · N-S constante 3° · quebrado · tresbolillo ×2 · 8 filas · az 0°",21-mar,1020,13.4108,258.4622,0.0000,17,0.000000e+0,3.5,1
17,"Zaragoza · pendiente 10 · N-S constante 3° · quebrado · tresbolillo ×2 · 8 filas · az 0°",21-mar,1040,9.7530,261.9160,0.0000,17,0.000000e+0,10,1
17,"Zaragoza · pendiente 10 · N-S constante 3° · quebrado · tresbolillo ×2 · 8 filas · az 0°",21-mar,1060,6.0879,265.2972,0.0000,17,0.000000e+0,-3,1
17,"Zaragoza · pendiente 10 · N-S constante 3° · quebrado · tresbolillo ×2 · 8 filas · az 0°",21-mar,1080,2.4866,268.6354,0.0000,33,0.000000e+0,-16.5,1
17,"Zaragoza · pendiente 10 · N-S constante 3° · quebrado · tresbolillo ×2 · 8 filas · az 0°",21-dic,480,4.5444,126.9401,0.0000,33,0.000000e+0,-55,1
17,"Zaragoza · pendiente 10 · N-S constante 3° · quebrado · tresbolillo ×2 · 8 filas · az 0°",21-dic,500,7.4023,130.4970,0.0000,17,0.000000e+0,-55,1
17,"Zaragoza · pendiente 10 · N-S constante 3° · quebrado · tresbolillo ×2 · 8 filas · az 0°",21-dic,520,10.1358,134.1991,0.0000,17,0.000000e+0,-55,1
17,"Zaragoza · pendiente 10 · N-S constante 3° · quebrado · tresbolillo ×2 · 8 filas · az 0°",21-dic,540,12.7098,138.0581,0.0000,17,0.000000e+0,-55,1
17,"Zaragoza · pendiente 10 · N-S constante 3° · quebrado · tresbolillo ×2 · 8 filas · az 0°",21-dic,560,15.0987,142.0828,0.0000,17,0.000000e+0,-55,1
17,"Zaragoza · pendiente 10 · N-S constante 3° · quebrado · tresbolillo ×2 · 8 filas · az 0°",21-dic,580,17.2795,146.2782,0.0000,17,0.000000e+0,-55,1
17,"Zaragoza · pendiente 10 · N-S constante 3° · quebrado · tresbolillo ×2 · 8 filas · az 0°",21-dic,600,19.2301,150.6447,0.0000,17,0.000000e+0,-55,1
17,"Zaragoza · pendiente 10 · N-S constante 3° · quebrado · tresbolillo ×2 · 8 filas · az 0°",21-dic,620,20.9291,155.1771,0.0000,17,0.000000e+0,-55,1
17,"Zaragoza · pendiente 10 · N-S constante 3° · quebrado · tresbolillo ×2 · 8 filas · az 0°",21-dic,640,22.3561,159.8636,0.0000,17,0.000000e+0,-55,1
17,"Zaragoza · pendiente 10 · N-S constante 3° · quebrado · tresbolillo ×2 · 8 filas · az 0°",21-dic,660,23.4927,164.6856,0.0000,17,0.000000e+0,-55,1
17,"Zaragoza · pendiente 10 · N-S constante 3° · quebrado · tresbolillo ×2 · 8 filas · az 0°",21-dic,680,24.3230,169.6174,0.0000,17,0.000000e+0,-55,1
17,"Zaragoza · pendiente 10 · N-S constante 3° · quebrado · tresbolillo ×2 · 8 filas · az 0°",21-dic,700,24.8347,174.6273,0.0000,17,0.000000e+0,-55,1
17,"Zaragoza · pendiente 10 · N-S constante 3° · quebrado · tresbolillo ×2 · 8 filas · az 0°",21-dic,720,25.0202,179.6788,0.0000,17,0.000000e+0,-55,1
17,"Zaragoza · pendiente 10 · N-S constante 3° · quebrado · tresbolillo ×2 · 8 filas · az 0°",21-dic,740,24.8764,184.7327,0.0000,17,0.000000e+0,-55,1
17,"Zaragoza · pendiente 10 · N-S constante 3° · quebrado · tresbolillo ×2 · 8 filas · az 0°",21-dic,760,24.4057,189.7500,0.0000,17,0.000000e+0,-55,1
17,"Zaragoza · pendiente 10 · N-S constante 3° · quebrado · tresbolillo ×2 · 8 filas · az 0°",21-dic,780,23.6152,194.6936,0.0000,17,0.000000e+0,-55,1
17,"Zaragoza · pendiente 10 · N-S constante 3° · quebrado · tresbolillo ×2 · 8 filas · az 0°",21-dic,800,22.5166,199.5310,0.0000,17,0.000000e+0,-55,1
17,"Zaragoza · pendiente 10 · N-S constante 3° · quebrado · tresbolillo ×2 · 8 filas · az 0°",21-dic,820,21.1254,204.2358,0.0000,17,0.000000e+0,-55,1
17,"Zaragoza · pendiente 10 · N-S constante 3° · quebrado · tresbolillo ×2 · 8 filas · az 0°",21-dic,840,19.4598,208.7885,0.0000,17,0.000000e+0,-55,1
17,"Zaragoza · pendiente 10 · N-S constante 3° · quebrado · tresbolillo ×2 · 8 filas · az 0°",21-dic,860,17.5399,213.1765,0.0000,17,0.000000e+0,-55,1
17,"Zaragoza · pendiente 10 · N-S constante 3° · quebrado · tresbolillo ×2 · 8 filas · az 0°",21-dic,880,15.3871,217.3936,0.0000,17,0.000000e+0,-22.5,1
17,"Zaragoza · pendiente 10 · N-S constante 3° · quebrado · tresbolillo ×2 · 8 filas · az 0°",21-dic,900,13.0234,221.4397,0.0000,17,0.000000e+0,-10.5,1
17,"Zaragoza · pendiente 10 · N-S constante 3° · quebrado · tresbolillo ×2 · 8 filas · az 0°",21-dic,920,10.4715,225.3193,0.0000,17,0.000000e+0,-1.5,1
17,"Zaragoza · pendiente 10 · N-S constante 3° · quebrado · tresbolillo ×2 · 8 filas · az 0°",21-dic,940,7.7566,229.0407,0.0000,17,0.000000e+0,6,1
17,"Zaragoza · pendiente 10 · N-S constante 3° · quebrado · tresbolillo ×2 · 8 filas · az 0°",21-dic,960,4.9112,232.6152,0.0000,33,0.000000e+0,4.5,1
17,"Zaragoza · pendiente 10 · N-S constante 3° · quebrado · tresbolillo ×2 · 8 filas · az 0°",21-dic,980,2.0112,236.0562,0.0000,33,0.000000e+0,-9.5,1
18,"Arequipa · pendiente 3 · N-S constante -6° · quebrado · bagnarelli ×1 · 8 filas · az 15°",21-jun,700,4.7742,63.8712,0.0000,28,0.000000e+0,-50,1
18,"Arequipa · pendiente 3 · N-S constante -6° · quebrado · bagnarelli ×1 · 8 filas · az 15°",21-jun,720,8.9729,62.1856,0.0000,14,0.000000e+0,-55,1
18,"Arequipa · pendiente 3 · N-S constante -6° · quebrado · bagnarelli ×1 · 8 filas · az 15°",21-jun,740,13.1432,60.3097,0.0000,14,0.000000e+0,-55,1
18,"Arequipa · pendiente 3 · N-S constante -6° · quebrado · bagnarelli ×1 · 8 filas · az 15°",21-jun,760,17.2453,58.2184,0.0000,14,0.000000e+0,-55,1
18,"Arequipa · pendiente 3 · N-S constante -6° · quebrado · bagnarelli ×1 · 8 filas · az 15°",21-jun,780,21.2561,55.8815,0.0000,14,0.000000e+0,-55,1
18,"Arequipa · pendiente 3 · N-S constante -6° · quebrado · bagnarelli ×1 · 8 filas · az 15°",21-jun,800,25.1539,53.2637,0.0000,14,0.000000e+0,-55,1
18,"Arequipa · pendiente 3 · N-S constante -6° · quebrado · bagnarelli ×1 · 8 filas · az 15°",21-jun,820,28.9146,50.3241,0.0000,14,0.000000e+0,-55,1
18,"Arequipa · pendiente 3 · N-S constante -6° · quebrado · bagnarelli ×1 · 8 filas · az 15°",21-jun,840,32.5098,47.0168,0.0000,14,0.000000e+0,-55,1
18,"Arequipa · pendiente 3 · N-S constante -6° · quebrado · bagnarelli ×1 · 8 filas · az 15°",21-jun,860,35.9052,43.2920,0.0000,14,0.000000e+0,-55,1
18,"Arequipa · pendiente 3 · N-S constante -6° · quebrado · bagnarelli ×1 · 8 filas · az 15°",21-jun,880,39.0602,39.0991,0.0000,14,0.000000e+0,-55,1
18,"Arequipa · pendiente 3 · N-S constante -6° · quebrado · bagnarelli ×1 · 8 filas · az 15°",21-jun,900,41.9268,34.3923,0.0000,14,0.000000e+0,-55,1
18,"Arequipa · pendiente 3 · N-S constante -6° · quebrado · bagnarelli ×1 · 8 filas · az 15°",21-jun,920,44.4499,29.1395,0.0000,14,0.000000e+0,-55,1
18,"Arequipa · pendiente 3 · N-S constante -6° · quebrado · bagnarelli ×1 · 8 filas · az 15°",21-jun,940,46.5693,23.3352,0.0000,14,0.000000e+0,-55,1
18,"Arequipa · pendiente 3 · N-S constante -6° · quebrado · bagnarelli ×1 · 8 filas · az 15°",21-jun,960,48.2231,17.0150,0.0000,14,0.000000e+0,-55,1
18,"Arequipa · pendiente 3 · N-S constante -6° · quebrado · bagnarelli ×1 · 8 filas · az 15°",21-jun,980,49.3544,10.2679,0.0000,14,0.000000e+0,-55,1
18,"Arequipa · pendiente 3 · N-S constante -6° · quebrado · bagnarelli ×1 · 8 filas · az 15°",21-jun,1000,49.9185,3.2390,0.0000,14,0.000000e+0,-55,1
18,"Arequipa · pendiente 3 · N-S constante -6° · quebrado · bagnarelli ×1 · 8 filas · az 15°",21-jun,1020,49.8916,356.1171,0.0000,14,0.000000e+0,-55,1
18,"Arequipa · pendiente 3 · N-S constante -6° · quebrado · bagnarelli ×1 · 8 filas · az 15°",21-jun,1040,49.2748,349.1064,0.0000,14,0.000000e+0,-55,1
18,"Arequipa · pendiente 3 · N-S constante -6° · quebrado · bagnarelli ×1 · 8 filas · az 15°",21-jun,1060,48.0942,342.3928,0.0000,14,0.000000e+0,-55,1
18,"Arequipa · pendiente 3 · N-S constante -6° · quebrado · bagnarelli ×1 · 8 filas · az 15°",21-jun,1080,46.3957,336.1165,0.0000,14,0.000000e+0,-55,1
18,"Arequipa · pendiente 3 · N-S constante -6° · quebrado · bagnarelli ×1 · 8 filas · az 15°",21-jun,1100,44.2372,330.3613,0.0000,14,0.000000e+0,-55,1
18,"Arequipa · pendiente 3 · N-S constante -6° · quebrado · bagnarelli ×1 · 8 filas · az 15°",21-jun,1120,41.6806,325.1587,0.0000,14,0.000000e+0,-55,1
18,"Arequipa · pendiente 3 · N-S constante -6° · quebrado · bagnarelli ×1 · 8 filas · az 15°",21-jun,1140,38.7857,320.5000,0.0000,14,0.000000e+0,-55,1
18,"Arequipa · pendiente 3 · N-S constante -6° · quebrado · bagnarelli ×1 · 8 filas · az 15°",21-jun,1160,35.6071,316.3514,0.0000,14,0.000000e+0,-55,1
18,"Arequipa · pendiente 3 · N-S constante -6° · quebrado · bagnarelli ×1 · 8 filas · az 15°",21-jun,1180,32.1920,312.6665,0.0000,14,0.000000e+0,-55,1
18,"Arequipa · pendiente 3 · N-S constante -6° · quebrado · bagnarelli ×1 · 8 filas · az 15°",21-jun,1200,28.5805,309.3944,0.0000,14,0.000000e+0,-55,1
18,"Arequipa · pendiente 3 · N-S constante -6° · quebrado · bagnarelli ×1 · 8 filas · az 15°",21-jun,1220,24.8063,306.4858,0.0000,14,0.000000e+0,-55,1
18,"Arequipa · pendiente 3 · N-S constante -6° · quebrado · bagnarelli ×1 · 8 filas · az 15°",21-jun,1240,20.8973,303.8950,0.0000,14,0.000000e+0,-39,1
18,"Arequipa · pendiente 3 · N-S constante -6° · quebrado · bagnarelli ×1 · 8 filas · az 15°",21-jun,1260,16.8774,301.5817,0.0000,14,0.000000e+0,-25,1
18,"Arequipa · pendiente 3 · N-S constante -6° · quebrado · bagnarelli ×1 · 8 filas · az 15°",21-jun,1280,12.7680,299.5110,0.0000,14,0.000000e+0,-15.5,1
18,"Arequipa · pendiente 3 · N-S constante -6° · quebrado · bagnarelli ×1 · 8 filas · az 15°",21-jun,1300,8.5930,297.6533,0.0000,14,0.000000e+0,-8,1
18,"Arequipa · pendiente 3 · N-S constante -6° · quebrado · bagnarelli ×1 · 8 filas · az 15°",21-jun,1320,4.3962,295.9837,0.0000,28,0.000000e+0,-1,1
18,"Arequipa · pendiente 3 · N-S constante -6° · quebrado · bagnarelli ×1 · 8 filas · az 15°",21-mar,680,6.1794,87.8345,0.0000,14,0.000000e+0,-37.5,1
18,"Arequipa · pendiente 3 · N-S constante -6° · quebrado · bagnarelli ×1 · 8 filas · az 15°",21-mar,700,10.9081,86.3640,0.0000,14,0.000000e+0,-55,1
18,"Arequipa · pendiente 3 · N-S constante -6° · quebrado · bagnarelli ×1 · 8 filas · az 15°",21-mar,720,15.6602,84.8431,0.0000,14,0.000000e+0,-55,1
18,"Arequipa · pendiente 3 · N-S constante -6° · quebrado · bagnarelli ×1 · 8 filas · az 15°",21-mar,740,20.4114,83.2469,0.0000,14,0.000000e+0,-55,1
18,"Arequipa · pendiente 3 · N-S constante -6° · quebrado · bagnarelli ×1 · 8 filas · az 15°",21-mar,760,25.1514,81.5460,0.0000,14,0.000000e+0,-55,1
18,"Arequipa · pendiente 3 · N-S constante -6° · quebrado · bagnarelli ×1 · 8 filas · az 15°",21-mar,780,29.8721,79.7046,0.0000,14,0.000000e+0,-55,1
18,"Arequipa · pendiente 3 · N-S constante -6° · quebrado · bagnarelli ×1 · 8 filas · az 15°",21-mar,800,34.5652,77.6773,0.0000,14,0.000000e+0,-55,1
18,"Arequipa · pendiente 3 · N-S constante -6° · quebrado · bagnarelli ×1 · 8 filas · az 15°",21-mar,820,39.2209,75.4045,0.0000,14,0.000000e+0,-55,1
18,"Arequipa · pendiente 3 · N-S constante -6° · quebrado · bagnarelli ×1 · 8 filas · az 15°",21-mar,840,43.8256,72.8064,0.0000,14,0.000000e+0,-55,1
18,"Arequipa · pendiente 3 · N-S constante -6° · quebrado · bagnarelli ×1 · 8 filas · az 15°",21-mar,860,48.3608,69.7727,0.0000,14,0.000000e+0,-55,1
18,"Arequipa · pendiente 3 · N-S constante -6° · quebrado · bagnarelli ×1 · 8 filas · az 15°",21-mar,880,52.7997,66.1475,0.0000,14,0.000000e+0,-55,1
18,"Arequipa · pendiente 3 · N-S constante -6° · quebrado · bagnarelli ×1 · 8 filas · az 15°",21-mar,900,57.1020,61.7065,0.0000,14,0.000000e+0,-55,1
18,"Arequipa · pendiente 3 · N-S constante -6° · quebrado · bagnarelli ×1 · 8 filas · az 15°",21-mar,920,61.2050,56.1234,0.0000,14,0.000000e+0,-55,1
18,"Arequipa · pendiente 3 · N-S constante -6° · quebrado · bagnarelli ×1 · 8 filas · az 15°",21-mar,940,65.0093,48.9323,0.0000,14,0.000000e+0,-55,1
18,"Arequipa · pendiente 3 · N-S constante -6° · quebrado · bagnarelli ×1 · 8 filas · az 15°",21-mar,960,68.3560,39.5174,0.0000,14,0.000000e+0,-55,1
18,"Arequipa · pendiente 3 · N-S constante -6° · quebrado · bagnarelli ×1 · 8 filas · az 15°",21-mar,980,71.0006,27.2555,0.0000,14,0.000000e+0,-55,1
18,"Arequipa · pendiente 3 · N-S constante -6° · quebrado · bagnarelli ×1 · 8 filas · az 15°",21-mar,1000,72.6192,12.0480,0.0000,14,0.000000e+0,-55,1
18,"Arequipa · pendiente 3 · N-S constante -6° · quebrado · bagnarelli ×1 · 8 filas · az 15°",21-mar,1020,72.9172,355.1449,0.0000,14,0.000000e+0,-55,1
18,"Arequipa · pendiente 3 · N-S constante -6° · quebrado · bagnarelli ×1 · 8 filas · az 15°",21-mar,1040,71.8293,338.9743,0.0000,14,0.000000e+0,-55,1
18,"Arequipa · pendiente 3 · N-S constante -6° · quebrado · bagnarelli ×1 · 8 filas · az 15°",21-mar,1060,69.5760,325.4193,0.0000,14,0.000000e+0,-55,1
18,"Arequipa · pendiente 3 · N-S constante -6° · quebrado · bagnarelli ×1 · 8 filas · az 15°",21-mar,1080,66.4904,314.8661,0.0000,14,0.000000e+0,-55,1
18,"Arequipa · pendiente 3 · N-S constante -6° · quebrado · bagnarelli ×1 · 8 filas · az 15°",21-mar,1100,62.8553,306.8185,0.0000,14,0.000000e+0,-55,1
18,"Arequipa · pendiente 3 · N-S constante -6° · quebrado · bagnarelli ×1 · 8 filas · az 15°",21-mar,1120,58.8631,300.6237,0.0000,14,0.000000e+0,-55,1
18,"Arequipa · pendiente 3 · N-S constante -6° · quebrado · bagnarelli ×1 · 8 filas · az 15°",21-mar,1140,54.6351,295.7491,0.0000,14,0.000000e+0,-55,1
18,"Arequipa · pendiente 3 · N-S constante -6° · quebrado · bagnarelli ×1 · 8 filas · az 15°",21-mar,1160,50.2473,291.8140,0.0000,14,0.000000e+0,-55,1
18,"Arequipa · pendiente 3 · N-S constante -6° · quebrado · bagnarelli ×1 · 8 filas · az 15°",21-mar,1180,45.7481,288.5555,0.0000,14,0.000000e+0,-55,1
18,"Arequipa · pendiente 3 · N-S constante -6° · quebrado · bagnarelli ×1 · 8 filas · az 15°",21-mar,1200,41.1691,285.7922,0.0000,14,0.000000e+0,-55,1
18,"Arequipa · pendiente 3 · N-S constante -6° · quebrado · bagnarelli ×1 · 8 filas · az 15°",21-mar,1220,36.5321,283.3969,0.0000,14,0.000000e+0,-55,1
18,"Arequipa · pendiente 3 · N-S constante -6° · quebrado · bagnarelli ×1 · 8 filas · az 15°",21-mar,1240,31.8523,281.2784,0.0000,14,0.000000e+0,-55,1
18,"Arequipa · pendiente 3 · N-S constante -6° · quebrado · bagnarelli ×1 · 8 filas · az 15°",21-mar,1260,27.1408,279.3695,0.0000,14,0.000000e+0,-55,1
18,"Arequipa · pendiente 3 · N-S constante -6° · quebrado · bagnarelli ×1 · 8 filas · az 15°",21-mar,1280,22.4065,277.6197,0.0000,14,0.000000e+0,-32.5,1
18,"Arequipa · pendiente 3 · N-S constante -6° · quebrado · bagnarelli ×1 · 8 filas · az 15°",21-mar,1300,17.6572,275.9894,0.0000,14,0.000000e+0,-20.5,1
18,"Arequipa · pendiente 3 · N-S constante -6° · quebrado · bagnarelli ×1 · 8 filas · az 15°",21-mar,1320,12.9018,274.4469,0.0000,14,0.000000e+0,-11,1
18,"Arequipa · pendiente 3 · N-S constante -6° · quebrado · bagnarelli ×1 · 8 filas · az 15°",21-mar,1340,8.1561,272.9659,0.0000,14,0.000000e+0,-3,1
18,"Arequipa · pendiente 3 · N-S constante -6° · quebrado · bagnarelli ×1 · 8 filas · az 15°",21-mar,1360,3.4752,271.5234,0.0000,28,0.000000e+0,0,1
18,"Arequipa · pendiente 3 · N-S constante -6° · quebrado · bagnarelli ×1 · 8 filas · az 15°",21-dic,640,5.5090,112.8863,0.0000,28,0.000000e+0,-24.5,1
18,"Arequipa · pendiente 3 · N-S constante -6° · quebrado · bagnarelli ×1 · 8 filas · az 15°",21-dic,660,9.8795,111.6997,0.0000,14,0.000000e+0,-41.5,1
18,"Arequipa · pendiente 3 · N-S constante -6° · quebrado · bagnarelli ×1 · 8 filas · az 15°",21-dic,680,14.3190,110.6399,0.0000,14,0.000000e+0,-55,1
18,"Arequipa · pendiente 3 · N-S constante -6° · quebrado · bagnarelli ×1 · 8 filas · az 15°",21-dic,700,18.8002,109.7012,0.0000,14,0.000000e+0,-55,1
18,"Arequipa · pendiente 3 · N-S constante -6° · quebrado · bagnarelli ×1 · 8 filas · az 15°",21-dic,720,23.3118,108.8811,0.0000,14,0.000000e+0,-55,1
18,"Arequipa · pendiente 3 · N-S constante -6° · quebrado · bagnarelli ×1 · 8 filas · az 15°",21-dic,740,27.8469,108.1807,0.0000,14,0.000000e+0,-55,1
18,"Arequipa · pendiente 3 · N-S constante -6° · quebrado · bagnarelli ×1 · 8 filas · az 15°",21-dic,760,32.4005,107.6058,0.0000,14,0.000000e+0,-55,1
18,"Arequipa · pendiente 3 · N-S constante -6° · quebrado · bagnarelli ×1 · 8 filas · az 15°",21-dic,780,36.9680,107.1676,0.0000,14,0.000000e+0,-55,1
18,"Arequipa · pendiente 3 · N-S constante -6° · quebrado · bagnarelli ×1 · 8 filas · az 15°",21-dic,800,41.5453,106.8854,0.0000,14,0.000000e+0,-55,1
18,"Arequipa · pendiente 3 · N-S constante -6° · quebrado · bagnarelli ×1 · 8 filas · az 15°",21-dic,820,46.1277,106.7892,0.0000,14,0.000000e+0,-55,1
18,"Arequipa · pendiente 3 · N-S constante -6° · quebrado · bagnarelli ×1 · 8 filas · az 15°",21-dic,840,50.7102,106.9266,0.0000,14,0.000000e+0,-55,1
18,"Arequipa · pendiente 3 · N-S constante -6° · quebrado · bagnarelli ×1 · 8 filas · az 15°",21-dic,860,55.2860,107.3727,0.0000,14,0.000000e+0,-55,1
18,"Arequipa · pendiente 3 · N-S constante -6° · quebrado · bagnarelli ×1 · 8 filas · az 15°",21-dic,880,59.8457,108.2507,0.0000,14,0.000000e+0,-55,1
18,"Arequipa · pendiente 3 · N-S constante -6° · quebrado · bagnarelli ×1 · 8 filas · az 15°",21-dic,900,64.3745,109.7715,0.0000,14,0.000000e+0,-55,1
18,"Arequipa · pendiente 3 · N-S constante -6° · quebrado · bagnarelli ×1 · 8 filas · az 15°",21-dic,920,68.8464,112.3221,0.0000,14,0.000000e+0,-55,1
18,"Arequipa · pendiente 3 · N-S constante -6° · quebrado · bagnarelli ×1 · 8 filas · az 15°",21-dic,940,73.2097,116.6755,0.0000,14,0.000000e+0,-55,1
18,"Arequipa · pendiente 3 · N-S constante -6° · quebrado · bagnarelli ×1 · 8 filas · az 15°",21-dic,960,77.3452,124.5416,0.0000,14,0.000000e+0,-55,1
18,"Arequipa · pendiente 3 · N-S constante -6° · quebrado · bagnarelli ×1 · 8 filas · az 15°",21-dic,980,80.9293,139.9625,0.0000,14,0.000000e+0,-55,1
18,"Arequipa · pendiente 3 · N-S constante -6° · quebrado · bagnarelli ×1 · 8 filas · az 15°",21-dic,1000,83.0437,169.7235,0.0000,14,0.000000e+0,-55,1
18,"Arequipa · pendiente 3 · N-S constante -6° · quebrado · bagnarelli ×1 · 8 filas · az 15°",21-dic,1020,82.3507,206.0083,0.0000,14,0.000000e+0,-55,1
18,"Arequipa · pendiente 3 · N-S constante -6° · quebrado · bagnarelli ×1 · 8 filas · az 15°",21-dic,1040,79.3872,228.4830,0.0000,14,0.000000e+0,-55,1
18,"Arequipa · pendiente 3 · N-S constante -6° · quebrado · bagnarelli ×1 · 8 filas · az 15°",21-dic,1060,75.4845,239.6903,0.0000,14,0.000000e+0,-55,1
18,"Arequipa · pendiente 3 · N-S constante -6° · quebrado · bagnarelli ×1 · 8 filas · az 15°",21-dic,1080,71.2217,245.6266,0.0000,14,0.000000e+0,-55,1
18,"Arequipa · pendiente 3 · N-S constante -6° · quebrado · bagnarelli ×1 · 8 filas · az 15°",21-dic,1100,66.7992,249.0147,0.0000,14,0.000000e+0,-55,1
18,"Arequipa · pendiente 3 · N-S constante -6° · quebrado · bagnarelli ×1 · 8 filas · az 15°",21-dic,1120,62.2968,251.0263,0.0000,14,0.000000e+0,-55,1
18,"Arequipa · pendiente 3 · N-S constante -6° · quebrado · bagnarelli ×1 · 8 filas · az 15°",21-dic,1140,57.7514,252.2170,0.0000,14,0.000000e+0,-55,1
18,"Arequipa · pendiente 3 · N-S constante -6° · quebrado · bagnarelli ×1 · 8 filas · az 15°",21-dic,1160,53.1829,252.8767,0.0000,14,0.000000e+0,-55,1
18,"Arequipa · pendiente 3 · N-S constante -6° · quebrado · bagnarelli ×1 · 8 filas · az 15°",21-dic,1180,48.6031,253.1691,0.0000,14,0.000000e+0,-55,1
18,"Arequipa · pendiente 3 · N-S constante -6° · quebrado · bagnarelli ×1 · 8 filas · az 15°",21-dic,1200,44.0199,253.1917,0.0000,14,0.000000e+0,-55,1
18,"Arequipa · pendiente 3 · N-S constante -6° · quebrado · bagnarelli ×1 · 8 filas · az 15°",21-dic,1220,39.4393,253.0053,0.0000,14,0.000000e+0,-55,1
18,"Arequipa · pendiente 3 · N-S constante -6° · quebrado · bagnarelli ×1 · 8 filas · az 15°",21-dic,1240,34.8660,252.6483,0.0000,14,0.000000e+0,-55,1
18,"Arequipa · pendiente 3 · N-S constante -6° · quebrado · bagnarelli ×1 · 8 filas · az 15°",21-dic,1260,30.3044,252.1454,0.0000,14,0.000000e+0,-55,1
18,"Arequipa · pendiente 3 · N-S constante -6° · quebrado · bagnarelli ×1 · 8 filas · az 15°",21-dic,1280,25.7587,251.5118,0.0000,14,0.000000e+0,-55,1
18,"Arequipa · pendiente 3 · N-S constante -6° · quebrado · bagnarelli ×1 · 8 filas · az 15°",21-dic,1300,21.2337,250.7559,0.0000,14,0.000000e+0,-32,1
18,"Arequipa · pendiente 3 · N-S constante -6° · quebrado · bagnarelli ×1 · 8 filas · az 15°",21-dic,1320,16.7351,249.8813,0.0000,14,0.000000e+0,-19,1
18,"Arequipa · pendiente 3 · N-S constante -6° · quebrado · bagnarelli ×1 · 8 filas · az 15°",21-dic,1340,12.2712,248.8874,0.0000,14,0.000000e+0,-9,1
18,"Arequipa · pendiente 3 · N-S constante -6° · quebrado · bagnarelli ×1 · 8 filas · az 15°",21-dic,1360,7.8581,247.7702,0.0000,14,0.000000e+0,-0.5,1
18,"Arequipa · pendiente 3 · N-S constante -6° · quebrado · bagnarelli ×1 · 8 filas · az 15°",21-dic,1380,3.5464,246.5223,0.0000,28,0.000000e+0,-8,1
19,"Arequipa · aleatorio 13 · N-S senoidal 2° · bifila · medios ×2 · 8 filas · az 0°",21-jun,700,4.7742,63.8712,2.0000,64,9.511816e-3,-5.5,0
19,"Arequipa · aleatorio 13 · N-S senoidal 2° · bifila · medios ×2 · 8 filas · az 0°",21-jun,720,8.9729,62.1856,2.0000,33,3.608296e-3,-10.5,0
19,"Arequipa · aleatorio 13 · N-S senoidal 2° · bifila · medios ×2 · 8 filas · az 0°",21-jun,740,13.1432,60.3097,2.0000,33,0.000000e+0,-16,1
19,"Arequipa · aleatorio 13 · N-S senoidal 2° · bifila · medios ×2 · 8 filas · az 0°",21-jun,760,17.2453,58.2184,2.0000,33,0.000000e+0,-25,1
19,"Arequipa · aleatorio 13 · N-S senoidal 2° · bifila · medios ×2 · 8 filas · az 0°",21-jun,780,21.2561,55.8815,2.0000,33,0.000000e+0,-44.5,1
19,"Arequipa · aleatorio 13 · N-S senoidal 2° · bifila · medios ×2 · 8 filas · az 0°",21-jun,800,25.1539,53.2637,2.0000,33,0.000000e+0,-55,1
19,"Arequipa · aleatorio 13 · N-S senoidal 2° · bifila · medios ×2 · 8 filas · az 0°",21-jun,820,28.9146,50.3241,2.0000,33,0.000000e+0,-55,1
19,"Arequipa · aleatorio 13 · N-S senoidal 2° · bifila · medios ×2 · 8 filas · az 0°",21-jun,840,32.5098,47.0168,2.0000,33,0.000000e+0,-55,1
19,"Arequipa · aleatorio 13 · N-S senoidal 2° · bifila · medios ×2 · 8 filas · az 0°",21-jun,860,35.9052,43.2920,2.0000,33,0.000000e+0,-55,1
19,"Arequipa · aleatorio 13 · N-S senoidal 2° · bifila · medios ×2 · 8 filas · az 0°",21-jun,880,39.0602,39.0991,2.0000,33,0.000000e+0,-55,1
19,"Arequipa · aleatorio 13 · N-S senoidal 2° · bifila · medios ×2 · 8 filas · az 0°",21-jun,900,41.9268,34.3923,2.0000,33,0.000000e+0,-55,1
19,"Arequipa · aleatorio 13 · N-S senoidal 2° · bifila · medios ×2 · 8 filas · az 0°",21-jun,920,44.4499,29.1395,2.0000,33,0.000000e+0,-55,1
19,"Arequipa · aleatorio 13 · N-S senoidal 2° · bifila · medios ×2 · 8 filas · az 0°",21-jun,940,46.5693,23.3352,2.0000,33,0.000000e+0,-55,1
19,"Arequipa · aleatorio 13 · N-S senoidal 2° · bifila · medios ×2 · 8 filas · az 0°",21-jun,960,48.2231,17.0150,2.0000,33,0.000000e+0,-55,1
19,"Arequipa · aleatorio 13 · N-S senoidal 2° · bifila · medios ×2 · 8 filas · az 0°",21-jun,980,49.3544,10.2679,2.0000,33,0.000000e+0,-55,1
19,"Arequipa · aleatorio 13 · N-S senoidal 2° · bifila · medios ×2 · 8 filas · az 0°",21-jun,1000,49.9185,3.2390,2.0000,33,0.000000e+0,-55,1
19,"Arequipa · aleatorio 13 · N-S senoidal 2° · bifila · medios ×2 · 8 filas · az 0°",21-jun,1020,49.8916,356.1171,2.0000,33,0.000000e+0,-55,1
19,"Arequipa · aleatorio 13 · N-S senoidal 2° · bifila · medios ×2 · 8 filas · az 0°",21-jun,1040,49.2748,349.1064,2.0000,33,0.000000e+0,-55,1
19,"Arequipa · aleatorio 13 · N-S senoidal 2° · bifila · medios ×2 · 8 filas · az 0°",21-jun,1060,48.0942,342.3928,2.0000,33,0.000000e+0,-55,1
19,"Arequipa · aleatorio 13 · N-S senoidal 2° · bifila · medios ×2 · 8 filas · az 0°",21-jun,1080,46.3957,336.1165,2.0000,33,0.000000e+0,-55,1
19,"Arequipa · aleatorio 13 · N-S senoidal 2° · bifila · medios ×2 · 8 filas · az 0°",21-jun,1100,44.2372,330.3613,2.0000,33,0.000000e+0,-55,1
19,"Arequipa · aleatorio 13 · N-S senoidal 2° · bifila · medios ×2 · 8 filas · az 0°",21-jun,1120,41.6806,325.1587,2.0000,33,0.000000e+0,-55,1
19,"Arequipa · aleatorio 13 · N-S senoidal 2° · bifila · medios ×2 · 8 filas · az 0°",21-jun,1140,38.7857,320.5000,2.0000,33,0.000000e+0,-55,1
19,"Arequipa · aleatorio 13 · N-S senoidal 2° · bifila · medios ×2 · 8 filas · az 0°",21-jun,1160,35.6071,316.3514,2.0000,33,0.000000e+0,-31.5,1
19,"Arequipa · aleatorio 13 · N-S senoidal 2° · bifila · medios ×2 · 8 filas · az 0°",21-jun,1180,32.1920,312.6665,2.0000,33,0.000000e+0,-5.5,1
19,"Arequipa · aleatorio 13 · N-S senoidal 2° · bifila · medios ×2 · 8 filas · az 0°",21-jun,1200,28.5805,309.3944,2.0000,33,0.000000e+0,7.5,1
19,"Arequipa · aleatorio 13 · N-S senoidal 2° · bifila · medios ×2 · 8 filas · az 0°",21-jun,1220,24.8063,306.4858,2.0000,33,0.000000e+0,19,1
19,"Arequipa · aleatorio 13 · N-S senoidal 2° · bifila · medios ×2 · 8 filas · az 0°",21-jun,1240,20.8973,303.8950,2.0000,33,1.117171e-2,25,0
19,"Arequipa · aleatorio 13 · N-S senoidal 2° · bifila · medios ×2 · 8 filas · az 0°",21-jun,1260,16.8774,301.5817,2.0000,33,1.112181e-2,19.5,0
19,"Arequipa · aleatorio 13 · N-S senoidal 2° · bifila · medios ×2 · 8 filas · az 0°",21-jun,1280,12.7680,299.5110,2.0000,33,1.868401e-2,14.5,0
19,"Arequipa · aleatorio 13 · N-S senoidal 2° · bifila · medios ×2 · 8 filas · az 0°",21-jun,1300,8.5930,297.6533,2.0000,33,1.452091e-2,9.5,0
19,"Arequipa · aleatorio 13 · N-S senoidal 2° · bifila · medios ×2 · 8 filas · az 0°",21-jun,1320,4.3962,295.9837,2.0000,64,2.238185e-2,5,0
19,"Arequipa · aleatorio 13 · N-S senoidal 2° · bifila · medios ×2 · 8 filas · az 0°",21-mar,680,6.1794,87.8345,2.0000,33,3.323449e-3,-6,0
19,"Arequipa · aleatorio 13 · N-S senoidal 2° · bifila · medios ×2 · 8 filas · az 0°",21-mar,700,10.9081,86.3640,2.0000,33,0.000000e+0,-11,1
19,"Arequipa · aleatorio 13 · N-S senoidal 2° · bifila · medios ×2 · 8 filas · az 0°",21-mar,720,15.6602,84.8431,2.0000,33,1.370599e-2,-16,0
19,"Arequipa · aleatorio 13 · N-S senoidal 2° · bifila · medios ×2 · 8 filas · az 0°",21-mar,740,20.4114,83.2469,2.0000,33,0.000000e+0,-25.5,1
19,"Arequipa · aleatorio 13 · N-S senoidal 2° · bifila · medios ×2 · 8 filas · az 0°",21-mar,760,25.1514,81.5460,2.0000,33,0.000000e+0,-43.5,1
19,"Arequipa · aleatorio 13 · N-S senoidal 2° · bifila · medios ×2 · 8 filas · az 0°",21-mar,780,29.8721,79.7046,2.0000,33,0.000000e+0,-55,1
19,"Arequipa · aleatorio 13 · N-S senoidal 2° · bifila · medios ×2 · 8 filas · az 0°",21-mar,800,34.5652,77.6773,2.0000,33,0.000000e+0,-55,1
19,"Arequipa · aleatorio 13 · N-S senoidal 2° · bifila · medios ×2 · 8 filas · az 0°",21-mar,820,39.2209,75.4045,2.0000,33,0.000000e+0,-55,1
19,"Arequipa · aleatorio 13 · N-S senoidal 2° · bifila · medios ×2 · 8 filas · az 0°",21-mar,840,43.8256,72.8064,2.0000,33,0.000000e+0,-55,1
19,"Arequipa · aleatorio 13 · N-S senoidal 2° · bifila · medios ×2 · 8 filas · az 0°",21-mar,860,48.3608,69.7727,2.0000,33,0.000000e+0,-55,1
19,"Arequipa · aleatorio 13 · N-S senoidal 2° · bifila · medios ×2 · 8 filas · az 0°",21-mar,880,52.7997,66.1475,2.0000,33,0.000000e+0,-55,1
19,"Arequipa · aleatorio 13 · N-S senoidal 2° · bifila · medios ×2 · 8 filas · az 0°",21-mar,900,57.1020,61.7065,2.0000,33,0.000000e+0,-55,1
19,"Arequipa · aleatorio 13 · N-S senoidal 2° · bifila · medios ×2 · 8 filas · az 0°",21-mar,920,61.2050,56.1234,2.0000,33,0.000000e+0,-55,1
19,"Arequipa · aleatorio 13 · N-S senoidal 2° · bifila · medios ×2 · 8 filas · az 0°",21-mar,940,65.0093,48.9323,2.0000,33,0.000000e+0,-55,1
19,"Arequipa · aleatorio 13 · N-S senoidal 2° · bifila · medios ×2 · 8 filas · az 0°",21-mar,960,68.3560,39.5174,2.0000,33,0.000000e+0,-55,1
19,"Arequipa · aleatorio 13 · N-S senoidal 2° · bifila · medios ×2 · 8 filas · az 0°",21-mar,980,71.0006,27.2555,2.0000,33,0.000000e+0,-55,1
19,"Arequipa · aleatorio 13 · N-S senoidal 2° · bifila · medios ×2 · 8 filas · az 0°",21-mar,1000,72.6192,12.0480,2.0000,33,0.000000e+0,-55,1
19,"Arequipa · aleatorio 13 · N-S senoidal 2° · bifila · medios ×2 · 8 filas · az 0°",21-mar,1020,72.9172,355.1449,2.0000,33,0.000000e+0,-55,1
19,"Arequipa · aleatorio 13 · N-S senoidal 2° · bifila · medios ×2 · 8 filas · az 0°",21-mar,1040,71.8293,338.9743,2.0000,33,0.000000e+0,-55,1
19,"Arequipa · aleatorio 13 · N-S senoidal 2° · bifila · medios ×2 · 8 filas · az 0°",21-mar,1060,69.5760,325.4193,2.0000,33,0.000000e+0,-55,1
19,"Arequipa · aleatorio 13 · N-S senoidal 2° · bifila · medios ×2 · 8 filas · az 0°",21-mar,1080,66.4904,314.8661,2.0000,33,0.000000e+0,-55,1
19,"Arequipa · aleatorio 13 · N-S senoidal 2° · bifila · medios ×2 · 8 filas · az 0°",21-mar,1100,62.8553,306.8185,2.0000,33,0.000000e+0,-55,1
19,"Arequipa · aleatorio 13 · N-S senoidal 2° · bifila · medios ×2 · 8 filas · az 0°",21-mar,1120,58.8631,300.6237,2.0000,33,0.000000e+0,-55,1
19,"Arequipa · aleatorio 13 · N-S senoidal 2° · bifila · medios ×2 · 8 filas · az 0°",21-mar,1140,54.6351,295.7491,2.0000,33,0.000000e+0,-55,1
19,"Arequipa · aleatorio 13 · N-S senoidal 2° · bifila · medios ×2 · 8 filas · az 0°",21-mar,1160,50.2473,291.8140,2.0000,33,0.000000e+0,-55,1
19,"Arequipa · aleatorio 13 · N-S senoidal 2° · bifila · medios ×2 · 8 filas · az 0°",21-mar,1180,45.7481,288.5555,2.0000,33,0.000000e+0,-55,1
19,"Arequipa · aleatorio 13 · N-S senoidal 2° · bifila · medios ×2 · 8 filas · az 0°",21-mar,1200,41.1691,285.7922,2.0000,33,0.000000e+0,-10.5,1
19,"Arequipa · aleatorio 13 · N-S senoidal 2° · bifila · medios ×2 · 8 filas · az 0°",21-mar,1220,36.5321,283.3969,2.0000,33,0.000000e+0,5,1
19,"Arequipa · aleatorio 13 · N-S senoidal 2° · bifila · medios ×2 · 8 filas · az 0°",21-mar,1240,31.8523,281.2784,2.0000,33,0.000000e+0,15.5,1
19,"Arequipa · aleatorio 13 · N-S senoidal 2° · bifila · medios ×2 · 8 filas · az 0°",21-mar,1260,27.1408,279.3695,2.0000,33,0.000000e+0,24.5,1
19,"Arequipa · aleatorio 13 · N-S senoidal 2° · bifila · medios ×2 · 8 filas · az 0°",21-mar,1280,22.4065,277.6197,2.0000,33,0.000000e+0,22.5,1
19,"Arequipa · aleatorio 13 · N-S senoidal 2° · bifila · medios ×2 · 8 filas · az 0°",21-mar,1300,17.6572,275.9894,2.0000,33,7.289674e-3,18,0
19,"Arequipa · aleatorio 13 · N-S senoidal 2° · bifila · medios ×2 · 8 filas · az 0°",21-mar,1320,12.9018,274.4469,2.0000,33,2.458303e-3,13,0
19,"Arequipa · aleatorio 13 · N-S senoidal 2° · bifila · medios ×2 · 8 filas · az 0°",21-mar,1340,8.1561,272.9659,2.0000,33,1.854467e-2,8,0
19,"Arequipa · aleatorio 13 · N-S senoidal 2° · bifila · medios ×2 · 8 filas · az 0°",21-mar,1360,3.4752,271.5234,2.0000,64,2.125491e-3,3.5,0
19,"Arequipa · aleatorio 13 · N-S senoidal 2° · bifila · medios ×2 · 8 filas · az 0°",21-dic,640,5.5090,112.8863,2.0000,64,7.443261e-3,-6,0
19,"Arequipa · aleatorio 13 · N-S senoidal 2° · bifila · medios ×2 · 8 filas · az 0°",21-dic,660,9.8795,111.6997,2.0000,33,1.498753e-2,-10,0
19,"Arequipa · aleatorio 13 · N-S senoidal 2° · bifila · medios ×2 · 8 filas · az 0°",21-dic,680,14.3190,110.6399,2.0000,33,0.000000e+0,-15.5,1
19,"Arequipa · aleatorio 13 · N-S senoidal 2° · bifila · medios ×2 · 8 filas · az 0°",21-dic,700,18.8002,109.7012,2.0000,33,0.000000e+0,-23,1
19,"Arequipa · aleatorio 13 · N-S senoidal 2° · bifila · medios ×2 · 8 filas · az 0°",21-dic,720,23.3118,108.8811,2.0000,33,0.000000e+0,-40,1
19,"Arequipa · aleatorio 13 · N-S senoidal 2° · bifila · medios ×2 · 8 filas · az 0°",21-dic,740,27.8469,108.1807,2.0000,33,0.000000e+0,-55,1
19,"Arequipa · aleatorio 13 · N-S senoidal 2° · bifila · medios ×2 · 8 filas · az 0°",21-dic,760,32.4005,107.6058,2.0000,33,0.000000e+0,-55,1
19,"Arequipa · aleatorio 13 · N-S senoidal 2° · bifila · medios ×2 · 8 filas · az 0°",21-dic,780,36.9680,107.1676,2.0000,33,0.000000e+0,-55,1
19,"Arequipa · aleatorio 13 · N-S senoidal 2° · bifila · medios ×2 · 8 filas · az 0°",21-dic,800,41.5453,106.8854,2.0000,33,0.000000e+0,-55,1
19,"Arequipa · aleatorio 13 · N-S senoidal 2° · bifila · medios ×2 · 8 filas · az 0°",21-dic,820,46.1277,106.7892,2.0000,33,0.000000e+0,-55,1
19,"Arequipa · aleatorio 13 · N-S senoidal 2° · bifila · medios ×2 · 8 filas · az 0°",21-dic,840,50.7102,106.9266,2.0000,33,0.000000e+0,-55,1
19,"Arequipa · aleatorio 13 · N-S senoidal 2° · bifila · medios ×2 · 8 filas · az 0°",21-dic,860,55.2860,107.3727,2.0000,33,0.000000e+0,-55,1
19,"Arequipa · aleatorio 13 · N-S senoidal 2° · bifila · medios ×2 · 8 filas · az 0°",21-dic,880,59.8457,108.2507,2.0000,33,0.000000e+0,-55,1
19,"Arequipa · aleatorio 13 · N-S senoidal 2° · bifila · medios ×2 · 8 filas · az 0°",21-dic,900,64.3745,109.7715,2.0000,33,0.000000e+0,-55,1
19,"Arequipa · aleatorio 13 · N-S senoidal 2° · bifila · medios ×2 · 8 filas · az 0°",21-dic,920,68.8464,112.3221,2.0000,33,0.000000e+0,-55,1
19,"Arequipa · aleatorio 13 · N-S senoidal 2° · bifila · medios ×2 · 8 filas · az 0°",21-dic,940,73.2097,116.6755,2.0000,33,0.000000e+0,-55,1
19,"Arequipa · aleatorio 13 · N-S senoidal 2° · bifila · medios ×2 · 8 filas · az 0°",21-dic,960,77.3452,124.5416,2.0000,33,0.000000e+0,-55,1
19,"Arequipa · aleatorio 13 · N-S senoidal 2° · bifila · medios ×2 · 8 filas · az 0°",21-dic,980,80.9293,139.9625,2.0000,33,0.000000e+0,-55,1
19,"Arequipa · aleatorio 13 · N-S senoidal 2° · bifila · medios ×2 · 8 filas · az 0°",21-dic,1000,83.0437,169.7235,2.0000,33,0.000000e+0,-55,1
19,"Arequipa · aleatorio 13 · N-S senoidal 2° · bifila · medios ×2 · 8 filas · az 0°",21-dic,1020,82.3507,206.0083,2.0000,33,0.000000e+0,-55,1
19,"Arequipa · aleatorio 13 · N-S senoidal 2° · bifila · medios ×2 · 8 filas · az 0°",21-dic,1040,79.3872,228.4830,2.0000,33,0.000000e+0,-55,1
19,"Arequipa · aleatorio 13 · N-S senoidal 2° · bifila · medios ×2 · 8 filas · az 0°",21-dic,1060,75.4845,239.6903,2.0000,33,0.000000e+0,-55,1
19,"Arequipa · aleatorio 13 · N-S senoidal 2° · bifila · medios ×2 · 8 filas · az 0°",21-dic,1080,71.2217,245.6266,2.0000,33,0.000000e+0,-55,1
19,"Arequipa · aleatorio 13 · N-S senoidal 2° · bifila · medios ×2 · 8 filas · az 0°",21-dic,1100,66.7992,249.0147,2.0000,33,0.000000e+0,-55,1
19,"Arequipa · aleatorio 13 · N-S senoidal 2° · bifila · medios ×2 · 8 filas · az 0°",21-dic,1120,62.2968,251.0263,2.0000,33,0.000000e+0,-55,1
19,"Arequipa · aleatorio 13 · N-S senoidal 2° · bifila · medios ×2 · 8 filas · az 0°",21-dic,1140,57.7514,252.2170,2.0000,33,0.000000e+0,-55,1
19,"Arequipa · aleatorio 13 · N-S senoidal 2° · bifila · medios ×2 · 8 filas · az 0°",21-dic,1160,53.1829,252.8767,2.0000,33,0.000000e+0,-55,1
19,"Arequipa · aleatorio 13 · N-S senoidal 2° · bifila · medios ×2 · 8 filas · az 0°",21-dic,1180,48.6031,253.1691,2.0000,33,0.000000e+0,-55,1
19,"Arequipa · aleatorio 13 · N-S senoidal 2° · bifila · medios ×2 · 8 filas · az 0°",21-dic,1200,44.0199,253.1917,2.0000,33,0.000000e+0,-23,1
19,"Arequipa · aleatorio 13 · N-S senoidal 2° · bifila · medios ×2 · 8 filas · az 0°",21-dic,1220,39.4393,253.0053,2.0000,33,0.000000e+0,-4.5,1
19,"Arequipa · aleatorio 13 · N-S senoidal 2° · bifila · medios ×2 · 8 filas · az 0°",21-dic,1240,34.8660,252.6483,2.0000,33,0.000000e+0,7,1
19,"Arequipa · aleatorio 13 · N-S senoidal 2° · bifila · medios ×2 · 8 filas · az 0°",21-dic,1260,30.3044,252.1454,2.0000,33,0.000000e+0,16,1
19,"Arequipa · aleatorio 13 · N-S senoidal 2° · bifila · medios ×2 · 8 filas · az 0°",21-dic,1280,25.7587,251.5118,2.0000,33,0.000000e+0,24.5,1
19,"Arequipa · aleatorio 13 · N-S senoidal 2° · bifila · medios ×2 · 8 filas · az 0°",21-dic,1300,21.2337,250.7559,2.0000,33,0.000000e+0,22,1
19,"Arequipa · aleatorio 13 · N-S senoidal 2° · bifila · medios ×2 · 8 filas · az 0°",21-dic,1320,16.7351,249.8813,2.0000,33,5.200050e-3,18,0
19,"Arequipa · aleatorio 13 · N-S senoidal 2° · bifila · medios ×2 · 8 filas · az 0°",21-dic,1340,12.2712,248.8874,2.0000,33,4.665122e-3,13.5,0
19,"Arequipa · aleatorio 13 · N-S senoidal 2° · bifila · medios ×2 · 8 filas · az 0°",21-dic,1360,7.8581,247.7702,2.0000,33,1.931559e-2,9,0
19,"Arequipa · aleatorio 13 · N-S senoidal 2° · bifila · medios ×2 · 8 filas · az 0°",21-dic,1380,3.5464,246.5223,2.0000,64,1.189435e-2,4,0
20,"Arequipa · llano · N-S aleatorio 4° · mono · alineadas ×1 · 10 filas · az -20°",21-jun,700,4.7742,63.8712,7.4367,64,2.164145e-2,-4.5,0
20,"Arequipa · llano · N-S aleatorio 4° · mono · alineadas ×1 · 10 filas · az -20°",21-jun,720,8.9729,62.1856,7.4367,33,3.365678e-2,-8.5,0
20,"Arequipa · llano · N-S aleatorio 4° · mono · alineadas ×1 · 10 filas · az -20°",21-jun,740,13.1432,60.3097,7.4367,33,4.142002e-2,-13.5,0
20,"Arequipa · llano · N-S aleatorio 4° · mono · alineadas ×1 · 10 filas · az -20°",21-jun,760,17.2453,58.2184,7.4367,33,0.000000e+0,-18,1
20,"Arequipa · llano · N-S aleatorio 4° · mono · alineadas ×1 · 10 filas · az -20°",21-jun,780,21.2561,55.8815,7.4367,33,0.000000e+0,-22.5,1
20,"Arequipa · llano · N-S aleatorio 4° · mono · alineadas ×1 · 10 filas · az -20°",21-jun,800,25.1539,53.2637,7.4367,33,0.000000e+0,-27,1
20,"Arequipa · llano · N-S aleatorio 4° · mono · alineadas ×1 · 10 filas · az -20°",21-jun,820,28.9146,50.3241,7.4367,33,0.000000e+0,-33,1
20,"Arequipa · llano · N-S aleatorio 4° · mono · alineadas ×1 · 10 filas · az -20°",21-jun,840,32.5098,47.0168,7.4367,33,0.000000e+0,-40,1
20,"Arequipa · llano · N-S aleatorio 4° · mono · alineadas ×1 · 10 filas · az -20°",21-jun,860,35.9052,43.2920,7.4367,33,0.000000e+0,-55,1
20,"Arequipa · llano · N-S aleatorio 4° · mono · alineadas ×1 · 10 filas · az -20°",21-jun,880,39.0602,39.0991,7.4367,33,0.000000e+0,-55,1
20,"Arequipa · llano · N-S aleatorio 4° · mono · alineadas ×1 · 10 filas · az -20°",21-jun,900,41.9268,34.3923,7.4367,33,0.000000e+0,-55,1
20,"Arequipa · llano · N-S aleatorio 4° · mono · alineadas ×1 · 10 filas · az -20°",21-jun,920,44.4499,29.1395,7.4367,33,0.000000e+0,-55,1
20,"Arequipa · llano · N-S aleatorio 4° · mono · alineadas ×1 · 10 filas · az -20°",21-jun,940,46.5693,23.3352,7.4367,33,0.000000e+0,-55,1
20,"Arequipa · llano · N-S aleatorio 4° · mono · alineadas ×1 · 10 filas · az -20°",21-jun,960,48.2231,17.0150,7.4367,33,0.000000e+0,-55,1
20,"Arequipa · llano · N-S aleatorio 4° · mono · alineadas ×1 · 10 filas · az -20°",21-jun,980,49.3544,10.2679,7.4367,33,0.000000e+0,-55,1
20,"Arequipa · llano · N-S aleatorio 4° · mono · alineadas ×1 · 10 filas · az -20°",21-jun,1000,49.9185,3.2390,7.4367,33,0.000000e+0,-55,1
20,"Arequipa · llano · N-S aleatorio 4° · mono · alineadas ×1 · 10 filas · az -20°",21-jun,1020,49.8916,356.1171,7.4367,33,0.000000e+0,-55,1
20,"Arequipa · llano · N-S aleatorio 4° · mono · alineadas ×1 · 10 filas · az -20°",21-jun,1040,49.2748,349.1064,7.4367,33,0.000000e+0,-55,1
20,"Arequipa · llano · N-S aleatorio 4° · mono · alineadas ×1 · 10 filas · az -20°",21-jun,1060,48.0942,342.3928,7.4367,33,0.000000e+0,-55,1
20,"Arequipa · llano · N-S aleatorio 4° · mono · alineadas ×1 · 10 filas · az -20°",21-jun,1080,46.3957,336.1165,7.4367,33,0.000000e+0,-55,1
20,"Arequipa · llano · N-S aleatorio 4° · mono · alineadas ×1 · 10 filas · az -20°",21-jun,1100,44.2372,330.3613,7.4367,33,0.000000e+0,-55,1
20,"Arequipa · llano · N-S aleatorio 4° · mono · alineadas ×1 · 10 filas · az -20°",21-jun,1120,41.6806,325.1587,7.4367,33,0.000000e+0,-55,1
20,"Arequipa · llano · N-S aleatorio 4° · mono · alineadas ×1 · 10 filas · az -20°",21-jun,1140,38.7857,320.5000,7.4367,33,0.000000e+0,-55,1
20,"Arequipa · llano · N-S aleatorio 4° · mono · alineadas ×1 · 10 filas · az -20°",21-jun,1160,35.6071,316.3514,7.4367,33,0.000000e+0,-55,1
20,"Arequipa · llano · N-S aleatorio 4° · mono · alineadas ×1 · 10 filas · az -20°",21-jun,1180,32.1920,312.6665,7.4367,33,0.000000e+0,-55,1
20,"Arequipa · llano · N-S aleatorio 4° · mono · alineadas ×1 · 10 filas · az -20°",21-jun,1200,28.5805,309.3944,7.4367,33,0.000000e+0,-4,1
20,"Arequipa · llano · N-S aleatorio 4° · mono · alineadas ×1 · 10 filas · az -20°",21-jun,1220,24.8063,306.4858,7.4367,33,0.000000e+0,14.5,1
20,"Arequipa · llano · N-S aleatorio 4° · mono · alineadas ×1 · 10 filas · az -20°",21-jun,1240,20.8973,303.8950,7.4367,33,0.000000e+0,23.5,1
20,"Arequipa · llano · N-S aleatorio 4° · mono · alineadas ×1 · 10 filas · az -20°",21-jun,1260,16.8774,301.5817,7.4367,33,0.000000e+0,19.5,1
20,"Arequipa · llano · N-S aleatorio 4° · mono · alineadas ×1 · 10 filas · az -20°",21-jun,1280,12.7680,299.5110,7.4367,33,2.310598e-2,20,0
20,"Arequipa · llano · N-S aleatorio 4° · mono · alineadas ×1 · 10 filas · az -20°",21-jun,1300,8.5930,297.6533,7.4367,33,3.020835e-2,12.5,0
20,"Arequipa · llano · N-S aleatorio 4° · mono · alineadas ×1 · 10 filas · az -20°",21-jun,1320,4.3962,295.9837,7.4367,64,9.077707e-2,5,0
20,"Arequipa · llano · N-S aleatorio 4° · mono · alineadas ×1 · 10 filas · az -20°",21-mar,680,6.1794,87.8345,7.4367,33,4.096220e-2,-6,0
20,"Arequipa · llano · N-S aleatorio 4° · mono · alineadas ×1 · 10 filas · az -20°",21-mar,700,10.9081,86.3640,7.4367,33,2.569874e-2,-11,0
20,"Arequipa · llano · N-S aleatorio 4° · mono · alineadas ×1 · 10 filas · az -20°",21-mar,720,15.6602,84.8431,7.4367,33,1.102726e-2,-16.5,0
20,"Arequipa · llano · N-S aleatorio 4° · mono · alineadas ×1 · 10 filas · az -20°",21-mar,740,20.4114,83.2469,7.4367,33,0.000000e+0,-22,1
20,"Arequipa · llano · N-S aleatorio 4° · mono · alineadas ×1 · 10 filas · az -20°",21-mar,760,25.1514,81.5460,7.4367,33,0.000000e+0,-25,1
20,"Arequipa · llano · N-S aleatorio 4° · mono · alineadas ×1 · 10 filas · az -20°",21-mar,780,29.8721,79.7046,7.4367,33,0.000000e+0,-32,1
20,"Arequipa · llano · N-S aleatorio 4° · mono · alineadas ×1 · 10 filas · az -20°",21-mar,800,34.5652,77.6773,7.4367,33,0.000000e+0,-35.5,1
20,"Arequipa · llano · N-S aleatorio 4° · mono · alineadas ×1 · 10 filas · az -20°",21-mar,820,39.2209,75.4045,7.4367,33,0.000000e+0,-54,1
20,"Arequipa · llano · N-S aleatorio 4° · mono · alineadas ×1 · 10 filas · az -20°",21-mar,840,43.8256,72.8064,7.4367,33,0.000000e+0,-55,1
20,"Arequipa · llano · N-S aleatorio 4° · mono · alineadas ×1 · 10 filas · az -20°",21-mar,860,48.3608,69.7727,7.4367,33,0.000000e+0,-55,1
20,"Arequipa · llano · N-S aleatorio 4° · mono · alineadas ×1 · 10 filas · az -20°",21-mar,880,52.7997,66.1475,7.4367,33,0.000000e+0,-55,1
20,"Arequipa · llano · N-S aleatorio 4° · mono · alineadas ×1 · 10 filas · az -20°",21-mar,900,57.1020,61.7065,7.4367,33,0.000000e+0,-55,1
20,"Arequipa · llano · N-S aleatorio 4° · mono · alineadas ×1 · 10 filas · az -20°",21-mar,920,61.2050,56.1234,7.4367,33,0.000000e+0,-55,1
20,"Arequipa · llano · N-S aleatorio 4° · mono · alineadas ×1 · 10 filas · az -20°",21-mar,940,65.0093,48.9323,7.4367,33,0.000000e+0,-55,1
20,"Arequipa · llano · N-S aleatorio 4° · mono · alineadas ×1 · 10 filas · az -20°",21-mar,960,68.3560,39.5174,7.4367,33,0.000000e+0,-55,1
20,"Arequipa · llano · N-S aleatorio 4° · mono · alineadas ×1 · 10 filas · az -20°",21-mar,980,71.0006,27.2555,7.4367,33,0.000000e+0,-55,1
20,"Arequipa · llano · N-S aleatorio 4° · mono · alineadas ×1 · 10 filas · az -20°",21-mar,1000,72.6192,12.0480,7.4367,33,0.000000e+0,-55,1
20,"Arequipa · llano · N-S aleatorio 4° · mono · alineadas ×1 · 10 filas · az -20°",21-mar,1020,72.9172,355.1449,7.4367,33,0.000000e+0,-55,1
20,"Arequipa · llano · N-S aleatorio 4° · mono · alineadas ×1 · 10 filas · az -20°",21-mar,1040,71.8293,338.9743,7.4367,33,0.000000e+0,-55,1
20,"Arequipa · llano · N-S aleatorio 4° · mono · alineadas ×1 · 10 filas · az -20°",21-mar,1060,69.5760,325.4193,7.4367,33,0.000000e+0,-55,1
20,"Arequipa · llano · N-S aleatorio 4° · mono · alineadas ×1 · 10 filas · az -20°",21-mar,1080,66.4904,314.8661,7.4367,33,0.000000e+0,-55,1
20,"Arequipa · llano · N-S aleatorio 4° · mono · alineadas ×1 · 10 filas · az -20°",21-mar,1100,62.8553,306.8185,7.4367,33,0.000000e+0,-55,1
20,"Arequipa · llano · N-S aleatorio 4° · mono · alineadas ×1 · 10 filas · az -20°",21-mar,1120,58.8631,300.6237,7.4367,33,0.000000e+0,-55,1
20,"Arequipa · llano · N-S aleatorio 4° · mono · alineadas ×1 · 10 filas · az -20°",21-mar,1140,54.6351,295.7491,7.4367,33,0.000000e+0,-55,1
20,"Arequipa · llano · N-S aleatorio 4° · mono · alineadas ×1 · 10 filas · az -20°",21-mar,1160,50.2473,291.8140,7.4367,33,0.000000e+0,-55,1
20,"Arequipa · llano · N-S aleatorio 4° · mono · alineadas ×1 · 10 filas · az -20°",21-mar,1180,45.7481,288.5555,7.4367,33,0.000000e+0,-55,1
20,"Arequipa · llano · N-S aleatorio 4° · mono · alineadas ×1 · 10 filas · az -20°",21-mar,1200,41.1691,285.7922,7.4367,33,0.000000e+0,2.5,1
20,"Arequipa · llano · N-S aleatorio 4° · mono · alineadas ×1 · 10 filas · az -20°",21-mar,1220,36.5321,283.3969,7.4367,33,0.000000e+0,17,1
20,"Arequipa · llano · N-S aleatorio 4° · mono · alineadas ×1 · 10 filas · az -20°",21-mar,1240,31.8523,281.2784,7.4367,33,0.000000e+0,29,1
20,"Arequipa · llano · N-S aleatorio 4° · mono · alineadas ×1 · 10 filas · az -20°",21-mar,1260,27.1408,279.3695,7.4367,33,0.000000e+0,29,1
20,"Arequipa · llano · N-S aleatorio 4° · mono · alineadas ×1 · 10 filas · az -20°",21-mar,1280,22.4065,277.6197,7.4367,33,0.000000e+0,23.5,1
20,"Arequipa · llano · N-S aleatorio 4° · mono · alineadas ×1 · 10 filas · az -20°",21-mar,1300,17.6572,275.9894,7.4367,33,1.868708e-3,20.5,0
20,"Arequipa · llano · N-S aleatorio 4° · mono · alineadas ×1 · 10 filas · az -20°",21-mar,1320,12.9018,274.4469,7.4367,33,5.616866e-3,14,0
20,"Arequipa · llano · N-S aleatorio 4° · mono · alineadas ×1 · 10 filas · az -20°",21-mar,1340,8.1561,272.9659,7.4367,33,4.340724e-2,8.5,0
20,"Arequipa · llano · N-S aleatorio 4° · mono · alineadas ×1 · 10 filas · az -20°",21-mar,1360,3.4752,271.5234,7.4367,64,4.908388e-2,3,0
20,"Arequipa · llano · N-S aleatorio 4° · mono · alineadas ×1 · 10 filas · az -20°",21-dic,640,5.5090,112.8863,7.4367,64,4.650879e-2,-7.5,0
20,"Arequipa · llano · N-S aleatorio 4° · mono · alineadas ×1 · 10 filas · az -20°",21-dic,660,9.8795,111.6997,7.4367,33,4.317441e-2,-14.5,0
20,"Arequipa · llano · N-S aleatorio 4° · mono · alineadas ×1 · 10 filas · az -20°",21-dic,680,14.3190,110.6399,7.4367,33,9.349627e-3,-19,0
20,"Arequipa · llano · N-S aleatorio 4° · mono · alineadas ×1 · 10 filas · az -20°",21-dic,700,18.8002,109.7012,7.4367,33,1.833391e-2,-23.5,0
20,"Arequipa · llano · N-S aleatorio 4° · mono · alineadas ×1 · 10 filas · az -20°",21-dic,720,23.3118,108.8811,7.4367,33,0.000000e+0,-27.5,1
20,"Arequipa · llano · N-S aleatorio 4° · mono · alineadas ×1 · 10 filas · az -20°",21-dic,740,27.8469,108.1807,7.4367,33,0.000000e+0,-40,1
20,"Arequipa · llano · N-S aleatorio 4° · mono · alineadas ×1 · 10 filas · az -20°",21-dic,760,32.4005,107.6058,7.4367,33,0.000000e+0,-55,1
20,"Arequipa · llano · N-S aleatorio 4° · mono · alineadas ×1 · 10 filas · az -20°",21-dic,780,36.9680,107.1676,7.4367,33,0.000000e+0,-55,1
20,"Arequipa · llano · N-S aleatorio 4° · mono · alineadas ×1 · 10 filas · az -20°",21-dic,800,41.5453,106.8854,7.4367,33,0.000000e+0,-55,1
20,"Arequipa · llano · N-S aleatorio 4° · mono · alineadas ×1 · 10 filas · az -20°",21-dic,820,46.1277,106.7892,7.4367,33,0.000000e+0,-55,1
20,"Arequipa · llano · N-S aleatorio 4° · mono · alineadas ×1 · 10 filas · az -20°",21-dic,840,50.7102,106.9266,7.4367,33,0.000000e+0,-55,1
20,"Arequipa · llano · N-S aleatorio 4° · mono · alineadas ×1 · 10 filas · az -20°",21-dic,860,55.2860,107.3727,7.4367,33,0.000000e+0,-55,1
20,"Arequipa · llano · N-S aleatorio 4° · mono · alineadas ×1 · 10 filas · az -20°",21-dic,880,59.8457,108.2507,7.4367,33,0.000000e+0,-55,1
20,"Arequipa · llano · N-S aleatorio 4° · mono · alineadas ×1 · 10 filas · az -20°",21-dic,900,64.3745,109.7715,7.4367,33,0.000000e+0,-55,1
20,"Arequipa · llano · N-S aleatorio 4° · mono · alineadas ×1 · 10 filas · az -20°",21-dic,920,68.8464,112.3221,7.4367,33,0.000000e+0,-55,1
20,"Arequipa · llano · N-S aleatorio 4° · mono · alineadas ×1 · 10 filas · az -20°",21-dic,940,73.2097,116.6755,7.4367,33,0.000000e+0,-55,1
20,"Arequipa · llano · N-S aleatorio 4° · mono · alineadas ×1 · 10 filas · az -20°",21-dic,960,77.3452,124.5416,7.4367,33,0.000000e+0,-55,1
20,"Arequipa · llano · N-S aleatorio 4° · mono · alineadas ×1 · 10 filas · az -20°",21-dic,980,80.9293,139.9625,7.4367,33,0.000000e+0,-55,1
20,"Arequipa · llano · N-S aleatorio 4° · mono · alineadas ×1 · 10 filas · az -20°",21-dic,1000,83.0437,169.7235,7.4367,33,0.000000e+0,-55,1
20,"Arequipa · llano · N-S aleatorio 4° · mono · alineadas ×1 · 10 filas · az -20°",21-dic,1020,82.3507,206.0083,7.4367,33,0.000000e+0,-55,1
20,"Arequipa · llano · N-S aleatorio 4° · mono · alineadas ×1 · 10 filas · az -20°",21-dic,1040,79.3872,228.4830,7.4367,33,0.000000e+0,-55,1
20,"Arequipa · llano · N-S aleatorio 4° · mono · alineadas ×1 · 10 filas · az -20°",21-dic,1060,75.4845,239.6903,7.4367,33,0.000000e+0,-55,1
20,"Arequipa · llano · N-S aleatorio 4° · mono · alineadas ×1 · 10 filas · az -20°",21-dic,1080,71.2217,245.6266,7.4367,33,0.000000e+0,-55,1
20,"Arequipa · llano · N-S aleatorio 4° · mono · alineadas ×1 · 10 filas · az -20°",21-dic,1100,66.7992,249.0147,7.4367,33,0.000000e+0,-55,1
20,"Arequipa · llano · N-S aleatorio 4° · mono · alineadas ×1 · 10 filas · az -20°",21-dic,1120,62.2968,251.0263,7.4367,33,0.000000e+0,-55,1
20,"Arequipa · llano · N-S aleatorio 4° · mono · alineadas ×1 · 10 filas · az -20°",21-dic,1140,57.7514,252.2170,7.4367,33,0.000000e+0,-55,1
20,"Arequipa · llano · N-S aleatorio 4° · mono · alineadas ×1 · 10 filas · az -20°",21-dic,1160,53.1829,252.8767,7.4367,33,0.000000e+0,-55,1
20,"Arequipa · llano · N-S aleatorio 4° · mono · alineadas ×1 · 10 filas · az -20°",21-dic,1180,48.6031,253.1691,7.4367,33,0.000000e+0,-0.5,1
20,"Arequipa · llano · N-S aleatorio 4° · mono · alineadas ×1 · 10 filas · az -20°",21-dic,1200,44.0199,253.1917,7.4367,33,0.000000e+0,13,1
20,"Arequipa · llano · N-S aleatorio 4° · mono · alineadas ×1 · 10 filas · az -20°",21-dic,1220,39.4393,253.0053,7.4367,33,0.000000e+0,23.5,1
20,"Arequipa · llano · N-S aleatorio 4° · mono · alineadas ×1 · 10 filas · az -20°",21-dic,1240,34.8660,252.6483,7.4367,33,0.000000e+0,33.5,1
20,"Arequipa · llano · N-S aleatorio 4° · mono · alineadas ×1 · 10 filas · az -20°",21-dic,1260,30.3044,252.1454,7.4367,33,0.000000e+0,29,1
20,"Arequipa · llano · N-S aleatorio 4° · mono · alineadas ×1 · 10 filas · az -20°",21-dic,1280,25.7587,251.5118,7.4367,33,0.000000e+0,24,1
20,"Arequipa · llano · N-S aleatorio 4° · mono · alineadas ×1 · 10 filas · az -20°",21-dic,1300,21.2337,250.7559,7.4367,33,0.000000e+0,21,1
20,"Arequipa · llano · N-S aleatorio 4° · mono · alineadas ×1 · 10 filas · az -20°",21-dic,1320,16.7351,249.8813,7.4367,33,0.000000e+0,16.5,1
20,"Arequipa · llano · N-S aleatorio 4° · mono · alineadas ×1 · 10 filas · az -20°",21-dic,1340,12.2712,248.8874,7.4367,33,0.000000e+0,12,1
20,"Arequipa · llano · N-S aleatorio 4° · mono · alineadas ×1 · 10 filas · az -20°",21-dic,1360,7.8581,247.7702,7.4367,33,1.728209e-3,8,0
20,"Arequipa · llano · N-S aleatorio 4° · mono · alineadas ×1 · 10 filas · az -20°",21-dic,1380,3.5464,246.5223,7.4367,64,2.197929e-2,3.5,0
21,"Arequipa · cresta 3 · N-S rotula 2° · mono · tresbolillo ×1 · 10 filas · az 15°",21-jun,700,4.7742,63.8712,0.0000,33,7.268760e-1,-6.5,0
21,"Arequipa · cresta 3 · N-S rotula 2° · mono · tresbolillo ×1 · 10 filas · az 15°",21-jun,720,8.9729,62.1856,0.0000,17,0.000000e+0,-27,1
21,"Arequipa · cresta 3 · N-S rotula 2° · mono · tresbolillo ×1 · 10 filas · az 15°",21-jun,740,13.1432,60.3097,0.0000,17,0.000000e+0,-49.5,1
21,"Arequipa · cresta 3 · N-S rotula 2° · mono · tresbolillo ×1 · 10 filas · az 15°",21-jun,760,17.2453,58.2184,0.0000,17,0.000000e+0,-55,1
21,"Arequipa · cresta 3 · N-S rotula 2° · mono · tresbolillo ×1 · 10 filas · az 15°",21-jun,780,21.2561,55.8815,0.0000,17,0.000000e+0,-55,1
21,"Arequipa · cresta 3 · N-S rotula 2° · mono · tresbolillo ×1 · 10 filas · az 15°",21-jun,800,25.1539,53.2637,0.0000,17,0.000000e+0,-55,1
21,"Arequipa · cresta 3 · N-S rotula 2° · mono · tresbolillo ×1 · 10 filas · az 15°",21-jun,820,28.9146,50.3241,0.0000,17,0.000000e+0,-55,1
21,"Arequipa · cresta 3 · N-S rotula 2° · mono · tresbolillo ×1 · 10 filas · az 15°",21-jun,840,32.5098,47.0168,0.0000,17,0.000000e+0,-55,1
21,"Arequipa · cresta 3 · N-S rotula 2° · mono · tresbolillo ×1 · 10 filas · az 15°",21-jun,860,35.9052,43.2920,0.0000,17,0.000000e+0,-55,1
21,"Arequipa · cresta 3 · N-S rotula 2° · mono · tresbolillo ×1 · 10 filas · az 15°",21-jun,880,39.0602,39.0991,0.0000,17,0.000000e+0,-55,1
21,"Arequipa · cresta 3 · N-S rotula 2° · mono · tresbolillo ×1 · 10 filas · az 15°",21-jun,900,41.9268,34.3923,0.0000,17,0.000000e+0,-55,1
21,"Arequipa · cresta 3 · N-S rotula 2° · mono · tresbolillo ×1 · 10 filas · az 15°",21-jun,920,44.4499,29.1395,0.0000,17,0.000000e+0,-55,1
21,"Arequipa · cresta 3 · N-S rotula 2° · mono · tresbolillo ×1 · 10 filas · az 15°",21-jun,940,46.5693,23.3352,0.0000,17,0.000000e+0,-55,1
21,"Arequipa · cresta 3 · N-S rotula 2° · mono · tresbolillo ×1 · 10 filas · az 15°",21-jun,960,48.2231,17.0150,0.0000,17,0.000000e+0,-55,1
21,"Arequipa · cresta 3 · N-S rotula 2° · mono · tresbolillo ×1 · 10 filas · az 15°",21-jun,980,49.3544,10.2679,0.0000,17,0.000000e+0,-55,1
21,"Arequipa · cresta 3 · N-S rotula 2° · mono · tresbolillo ×1 · 10 filas · az 15°",21-jun,1000,49.9185,3.2390,0.0000,17,0.000000e+0,-55,1
21,"Arequipa · cresta 3 · N-S rotula 2° · mono · tresbolillo ×1 · 10 filas · az 15°",21-jun,1020,49.8916,356.1171,0.0000,17,0.000000e+0,-55,1
21,"Arequipa · cresta 3 · N-S rotula 2° · mono · tresbolillo ×1 · 10 filas · az 15°",21-jun,1040,49.2748,349.1064,0.0000,17,0.000000e+0,-55,1
21,"Arequipa · cresta 3 · N-S rotula 2° · mono · tresbolillo ×1 · 10 filas · az 15°",21-jun,1060,48.0942,342.3928,0.0000,17,0.000000e+0,-55,1
21,"Arequipa · cresta 3 · N-S rotula 2° · mono · tresbolillo ×1 · 10 filas · az 15°",21-jun,1080,46.3957,336.1165,0.0000,17,0.000000e+0,-55,1
21,"Arequipa · cresta 3 · N-S rotula 2° · mono · tresbolillo ×1 · 10 filas · az 15°",21-jun,1100,44.2372,330.3613,0.0000,17,0.000000e+0,-55,1
21,"Arequipa · cresta 3 · N-S rotula 2° · mono · tresbolillo ×1 · 10 filas · az 15°",21-jun,1120,41.6806,325.1587,0.0000,17,0.000000e+0,-55,1
21,"Arequipa · cresta 3 · N-S rotula 2° · mono · tresbolillo ×1 · 10 filas · az 15°",21-jun,1140,38.7857,320.5000,0.0000,17,0.000000e+0,-55,1
21,"Arequipa · cresta 3 · N-S rotula 2° · mono · tresbolillo ×1 · 10 filas · az 15°",21-jun,1160,35.6071,316.3514,0.0000,17,0.000000e+0,-55,1
21,"Arequipa · cresta 3 · N-S rotula 2° · mono · tresbolillo ×1 · 10 filas · az 15°",21-jun,1180,32.1920,312.6665,0.0000,17,0.000000e+0,-55,1
21,"Arequipa · cresta 3 · N-S rotula 2° · mono · tresbolillo ×1 · 10 filas · az 15°",21-jun,1200,28.5805,309.3944,0.0000,17,0.000000e+0,-55,1
21,"Arequipa · cresta 3 · N-S rotula 2° · mono · tresbolillo ×1 · 10 filas · az 15°",21-jun,1220,24.8063,306.4858,0.0000,17,0.000000e+0,-34,1
21,"Arequipa · cresta 3 · N-S rotula 2° · mono · tresbolillo ×1 · 10 filas · az 15°",21-jun,1240,20.8973,303.8950,0.0000,17,0.000000e+0,-21,1
21,"Arequipa · cresta 3 · N-S rotula 2° · mono · tresbolillo ×1 · 10 filas · az 15°",21-jun,1260,16.8774,301.5817,0.0000,17,0.000000e+0,-12,1
21,"Arequipa · cresta 3 · N-S rotula 2° · mono · tresbolillo ×1 · 10 filas · az 15°",21-jun,1280,12.7680,299.5110,0.0000,17,0.000000e+0,-4,1
21,"Arequipa · cresta 3 · N-S rotula 2° · mono · tresbolillo ×1 · 10 filas · az 15°",21-jun,1300,8.5930,297.6533,0.0000,17,0.000000e+0,3,1
21,"Arequipa · cresta 3 · N-S rotula 2° · mono · tresbolillo ×1 · 10 filas · az 15°",21-jun,1320,4.3962,295.9837,0.0000,33,0.000000e+0,3,1
21,"Arequipa · cresta 3 · N-S rotula 2° · mono · tresbolillo ×1 · 10 filas · az 15°",21-mar,680,6.1794,87.8345,0.0000,17,0.000000e+0,-6.5,1
21,"Arequipa · cresta 3 · N-S rotula 2° · mono · tresbolillo ×1 · 10 filas · az 15°",21-mar,700,10.9081,86.3640,0.0000,17,0.000000e+0,-24.5,1
21,"Arequipa · cresta 3 · N-S rotula 2° · mono · tresbolillo ×1 · 10 filas · az 15°",21-mar,720,15.6602,84.8431,0.0000,17,0.000000e+0,-43.5,1
21,"Arequipa · cresta 3 · N-S rotula 2° · mono · tresbolillo ×1 · 10 filas · az 15°",21-mar,740,20.4114,83.2469,0.0000,17,0.000000e+0,-55,1
21,"Arequipa · cresta 3 · N-S rotula 2° · mono · tresbolillo ×1 · 10 filas · az 15°",21-mar,760,25.1514,81.5460,0.0000,17,0.000000e+0,-55,1
21,"Arequipa · cresta 3 · N-S rotula 2° · mono · tresbolillo ×1 · 10 filas · az 15°",21-mar,780,29.8721,79.7046,0.0000,17,0.000000e+0,-55,1
21,"Arequipa · cresta 3 · N-S rotula 2° · mono · tresbolillo ×1 · 10 filas · az 15°",21-mar,800,34.5652,77.6773,0.0000,17,0.000000e+0,-55,1
21,"Arequipa · cresta 3 · N-S rotula 2° · mono · tresbolillo ×1 · 10 filas · az 15°",21-mar,820,39.2209,75.4045,0.0000,17,0.000000e+0,-55,1
21,"Arequipa · cresta 3 · N-S rotula 2° · mono · tresbolillo ×1 · 10 filas · az 15°",21-mar,840,43.8256,72.8064,0.0000,17,0.000000e+0,-55,1
21,"Arequipa · cresta 3 · N-S rotula 2° · mono · tresbolillo ×1 · 10 filas · az 15°",21-mar,860,48.3608,69.7727,0.0000,17,0.000000e+0,-55,1
21,"Arequipa · cresta 3 · N-S rotula 2° · mono · tresbolillo ×1 · 10 filas · az 15°",21-mar,880,52.7997,66.1475,0.0000,17,0.000000e+0,-55,1
21,"Arequipa · cresta 3 · N-S rotula 2° · mono · tresbolillo ×1 · 10 filas · az 15°",21-mar,900,57.1020,61.7065,0.0000,17,0.000000e+0,-55,1
21,"Arequipa · cresta 3 · N-S rotula 2° · mono · tresbolillo ×1 · 10 filas · az 15°",21-mar,920,61.2050,56.1234,0.0000,17,0.000000e+0,-55,1
21,"Arequipa · cresta 3 · N-S rotula 2° · mono · tresbolillo ×1 · 10 filas · az 15°",21-mar,940,65.0093,48.9323,0.0000,17,0.000000e+0,-55,1
21,"Arequipa · cresta 3 · N-S rotula 2° · mono · tresbolillo ×1 · 10 filas · az 15°",21-mar,960,68.3560,39.5174,0.0000,17,0.000000e+0,-55,1
21,"Arequipa · cresta 3 · N-S rotula 2° · mono · tresbolillo ×1 · 10 filas · az 15°",21-mar,980,71.0006,27.2555,0.0000,17,0.000000e+0,-55,1
21,"Arequipa · cresta 3 · N-S rotula 2° · mono · tresbolillo ×1 · 10 filas · az 15°",21-mar,1000,72.6192,12.0480,0.0000,17,0.000000e+0,-55,1
21,"Arequipa · cresta 3 · N-S rotula 2° · mono · tresbolillo ×1 · 10 filas · az 15°",21-mar,1020,72.9172,355.1449,0.0000,17,0.000000e+0,-55,1
21,"Arequipa · cresta 3 · N-S rotula 2° · mono · tresbolillo ×1 · 10 filas · az 15°",21-mar,1040,71.8293,338.9743,0.0000,17,0.000000e+0,-55,1
21,"Arequipa · cresta 3 · N-S rotula 2° · mono · tresbolillo ×1 · 10 filas · az 15°",21-mar,1060,69.5760,325.4193,0.0000,17,0.000000e+0,-55,1
21,"Arequipa · cresta 3 · N-S rotula 2° · mono · tresbolillo ×1 · 10 filas · az 15°",21-mar,1080,66.4904,314.8661,0.0000,17,0.000000e+0,-55,1
21,"Arequipa · cresta 3 · N-S rotula 2° · mono · tresbolillo ×1 · 10 filas · az 15°",21-mar,1100,62.8553,306.8185,0.0000,17,0.000000e+0,-55,1
21,"Arequipa · cresta 3 · N-S rotula 2° · mono · tresbolillo ×1 · 10 filas · az 15°",21-mar,1120,58.8631,300.6237,0.0000,17,0.000000e+0,-55,1
21,"Arequipa · cresta 3 · N-S rotula 2° · mono · tresbolillo ×1 · 10 filas · az 15°",21-mar,1140,54.6351,295.7491,0.0000,17,0.000000e+0,-55,1
21,"Arequipa · cresta 3 · N-S rotula 2° · mono · tresbolillo ×1 · 10 filas · az 15°",21-mar,1160,50.2473,291.8140,0.0000,17,0.000000e+0,-55,1
21,"Arequipa · cresta 3 · N-S rotula 2° · mono · tresbolillo ×1 · 10 filas · az 15°",21-mar,1180,45.7481,288.5555,0.0000,17,0.000000e+0,-55,1
21,"Arequipa · cresta 3 · N-S rotula 2° · mono · tresbolillo ×1 · 10 filas · az 15°",21-mar,1200,41.1691,285.7922,0.0000,17,0.000000e+0,-55,1
21,"Arequipa · cresta 3 · N-S rotula 2° · mono · tresbolillo ×1 · 10 filas · az 15°",21-mar,1220,36.5321,283.3969,0.0000,17,0.000000e+0,-55,1
21,"Arequipa · cresta 3 · N-S rotula 2° · mono · tresbolillo ×1 · 10 filas · az 15°",21-mar,1240,31.8523,281.2784,0.0000,17,0.000000e+0,-55,1
21,"Arequipa · cresta 3 · N-S rotula 2° · mono · tresbolillo ×1 · 10 filas · az 15°",21-mar,1260,27.1408,279.3695,0.0000,17,0.000000e+0,-37.5,1
21,"Arequipa · cresta 3 · N-S rotula 2° · mono · tresbolillo ×1 · 10 filas · az 15°",21-mar,1280,22.4065,277.6197,0.0000,17,0.000000e+0,-22.5,1
21,"Arequipa · cresta 3 · N-S rotula 2° · mono · tresbolillo ×1 · 10 filas · az 15°",21-mar,1300,17.6572,275.9894,0.0000,17,0.000000e+0,-12.5,1
21,"Arequipa · cresta 3 · N-S rotula 2° · mono · tresbolillo ×1 · 10 filas · az 15°",21-mar,1320,12.9018,274.4469,0.0000,17,0.000000e+0,-4,1
21,"Arequipa · cresta 3 · N-S rotula 2° · mono · tresbolillo ×1 · 10 filas · az 15°",21-mar,1340,8.1561,272.9659,0.0000,17,0.000000e+0,3.5,1
21,"Arequipa · cresta 3 · N-S rotula 2° · mono · tresbolillo ×1 · 10 filas · az 15°",21-mar,1360,3.4752,271.5234,0.0000,33,0.000000e+0,2,1
21,"Arequipa · cresta 3 · N-S rotula 2° · mono · tresbolillo ×1 · 10 filas · az 15°",21-dic,640,5.5090,112.8863,0.0000,33,0.000000e+0,-7.5,1
21,"Arequipa · cresta 3 · N-S rotula 2° · mono · tresbolillo ×1 · 10 filas · az 15°",21-dic,660,9.8795,111.6997,0.0000,17,0.000000e+0,-19,1
21,"Arequipa · cresta 3 · N-S rotula 2° · mono · tresbolillo ×1 · 10 filas · az 15°",21-dic,680,14.3190,110.6399,0.0000,17,0.000000e+0,-35,1
21,"Arequipa · cresta 3 · N-S rotula 2° · mono · tresbolillo ×1 · 10 filas · az 15°",21-dic,700,18.8002,109.7012,0.0000,17,0.000000e+0,-52,1
21,"Arequipa · cresta 3 · N-S rotula 2° · mono · tresbolillo ×1 · 10 filas · az 15°",21-dic,720,23.3118,108.8811,0.0000,17,0.000000e+0,-55,1
21,"Arequipa · cresta 3 · N-S rotula 2° · mono · tresbolillo ×1 · 10 filas · az 15°",21-dic,740,27.8469,108.1807,0.0000,17,0.000000e+0,-55,1
21,"Arequipa · cresta 3 · N-S rotula 2° · mono · tresbolillo ×1 · 10 filas · az 15°",21-dic,760,32.4005,107.6058,0.0000,17,0.000000e+0,-55,1
21,"Arequipa · cresta 3 · N-S rotula 2° · mono · tresbolillo ×1 · 10 filas · az 15°",21-dic,780,36.9680,107.1676,0.0000,17,0.000000e+0,-55,1
21,"Arequipa · cresta 3 · N-S rotula 2° · mono · tresbolillo ×1 · 10 filas · az 15°",21-dic,800,41.5453,106.8854,0.0000,17,0.000000e+0,-55,1
21,"Arequipa · cresta 3 · N-S rotula 2° · mono · tresbolillo ×1 · 10 filas · az 15°",21-dic,820,46.1277,106.7892,0.0000,17,0.000000e+0,-55,1
21,"Arequipa · cresta 3 · N-S rotula 2° · mono · tresbolillo ×1 · 10 filas · az 15°",21-dic,840,50.7102,106.9266,0.0000,17,0.000000e+0,-55,1
21,"Arequipa · cresta 3 · N-S rotula 2° · mono · tresbolillo ×1 · 10 filas · az 15°",21-dic,860,55.2860,107.3727,0.0000,17,0.000000e+0,-55,1
21,"Arequipa · cresta 3 · N-S rotula 2° · mono · tresbolillo ×1 · 10 filas · az 15°",21-dic,880,59.8457,108.2507,0.0000,17,0.000000e+0,-55,1
21,"Arequipa · cresta 3 · N-S rotula 2° · mono · tresbolillo ×1 · 10 filas · az 15°",21-dic,900,64.3745,109.7715,0.0000,17,0.000000e+0,-55,1
21,"Arequipa · cresta 3 · N-S rotula 2° · mono · tresbolillo ×1 · 10 filas · az 15°",21-dic,920,68.8464,112.3221,0.0000,17,0.000000e+0,-55,1
21,"Arequipa · cresta 3 · N-S rotula 2° · mono · tresbolillo ×1 · 10 filas · az 15°",21-dic,940,73.2097,116.6755,0.0000,17,0.000000e+0,-55,1
21,"Arequipa · cresta 3 · N-S rotula 2° · mono · tresbolillo ×1 · 10 filas · az 15°",21-dic,960,77.3452,124.5416,0.0000,17,0.000000e+0,-55,1
21,"Arequipa · cresta 3 · N-S rotula 2° · mono · tresbolillo ×1 · 10 filas · az 15°",21-dic,980,80.9293,139.9625,0.0000,17,0.000000e+0,-55,1
21,"Arequipa · cresta 3 · N-S rotula 2° · mono · tresbolillo ×1 · 10 filas · az 15°",21-dic,1000,83.0437,169.7235,0.0000,17,0.000000e+0,-55,1
21,"Arequipa · cresta 3 · N-S rotula 2° · mono · tresbolillo ×1 · 10 filas · az 15°",21-dic,1020,82.3507,206.0083,0.0000,17,0.000000e+0,-55,1
21,"Arequipa · cresta 3 · N-S rotula 2° · mono · tresbolillo ×1 · 10 filas · az 15°",21-dic,1040,79.3872,228.4830,0.0000,17,0.000000e+0,-55,1
21,"Arequipa · cresta 3 · N-S rotula 2° · mono · tresbolillo ×1 · 10 filas · az 15°",21-dic,1060,75.4845,239.6903,0.0000,17,0.000000e+0,-55,1
21,"Arequipa · cresta 3 · N-S rotula 2° · mono · tresbolillo ×1 · 10 filas · az 15°",21-dic,1080,71.2217,245.6266,0.0000,17,0.000000e+0,-55,1
21,"Arequipa · cresta 3 · N-S rotula 2° · mono · tresbolillo ×1 · 10 filas · az 15°",21-dic,1100,66.7992,249.0147,0.0000,17,0.000000e+0,-55,1
21,"Arequipa · cresta 3 · N-S rotula 2° · mono · tresbolillo ×1 · 10 filas · az 15°",21-dic,1120,62.2968,251.0263,0.0000,17,0.000000e+0,-55,1
21,"Arequipa · cresta 3 · N-S rotula 2° · mono · tresbolillo ×1 · 10 filas · az 15°",21-dic,1140,57.7514,252.2170,0.0000,17,0.000000e+0,-55,1
21,"Arequipa · cresta 3 · N-S rotula 2° · mono · tresbolillo ×1 · 10 filas · az 15°",21-dic,1160,53.1829,252.8767,0.0000,17,0.000000e+0,-55,1
21,"Arequipa · cresta 3 · N-S rotula 2° · mono · tresbolillo ×1 · 10 filas · az 15°",21-dic,1180,48.6031,253.1691,0.0000,17,0.000000e+0,-55,1
21,"Arequipa · cresta 3 · N-S rotula 2° · mono · tresbolillo ×1 · 10 filas · az 15°",21-dic,1200,44.0199,253.1917,0.0000,17,0.000000e+0,-55,1
21,"Arequipa · cresta 3 · N-S rotula 2° · mono · tresbolillo ×1 · 10 filas · az 15°",21-dic,1220,39.4393,253.0053,0.0000,17,0.000000e+0,-55,1
21,"Arequipa · cresta 3 · N-S rotula 2° · mono · tresbolillo ×1 · 10 filas · az 15°",21-dic,1240,34.8660,252.6483,0.0000,17,0.000000e+0,-55,1
21,"Arequipa · cresta 3 · N-S rotula 2° · mono · tresbolillo ×1 · 10 filas · az 15°",21-dic,1260,30.3044,252.1454,0.0000,17,0.000000e+0,-55,1
21,"Arequipa · cresta 3 · N-S rotula 2° · mono · tresbolillo ×1 · 10 filas · az 15°",21-dic,1280,25.7587,251.5118,0.0000,17,0.000000e+0,-55,1
21,"Arequipa · cresta 3 · N-S rotula 2° · mono · tresbolillo ×1 · 10 filas · az 15°",21-dic,1300,21.2337,250.7559,0.0000,17,0.000000e+0,-29.5,1
21,"Arequipa · cresta 3 · N-S rotula 2° · mono · tresbolillo ×1 · 10 filas · az 15°",21-dic,1320,16.7351,249.8813,0.0000,17,0.000000e+0,-17,1
21,"Arequipa · cresta 3 · N-S rotula 2° · mono · tresbolillo ×1 · 10 filas · az 15°",21-dic,1340,12.2712,248.8874,0.0000,17,0.000000e+0,-7.5,1
21,"Arequipa · cresta 3 · N-S rotula 2° · mono · tresbolillo ×1 · 10 filas · az 15°",21-dic,1360,7.8581,247.7702,0.0000,17,0.000000e+0,1,1
21,"Arequipa · cresta 3 · N-S rotula 2° · mono · tresbolillo ×1 · 10 filas · az 15°",21-dic,1380,3.5464,246.5223,0.0000,33,0.000000e+0,2.5,1
22,"Zaragoza · valle 3 · N-S senoidal 4° · quebrado · tresbolillo ×1 · 10 filas · az 0°",21-jun,300,4.3153,62.0288,4.7023,64,4.702771e-2,-5.5,0
22,"Zaragoza · valle 3 · N-S senoidal 4° · quebrado · tresbolillo ×1 · 10 filas · az 0°",21-jun,320,7.5953,65.1785,4.7023,33,4.690258e-2,-8.5,0
22,"Zaragoza · valle 3 · N-S senoidal 4° · quebrado · tresbolillo ×1 · 10 filas · az 0°",21-jun,340,10.9965,68.2578,4.7023,33,3.489919e-2,-12,0
22,"Zaragoza · valle 3 · N-S senoidal 4° · quebrado · tresbolillo ×1 · 10 filas · az 0°",21-jun,360,14.4858,71.2858,4.7023,33,0.000000e+0,-14,1
22,"Zaragoza · valle 3 · N-S senoidal 4° · quebrado · tresbolillo ×1 · 10 filas · az 0°",21-jun,380,18.0452,74.2827,4.7023,33,0.000000e+0,-18.5,1
22,"Zaragoza · valle 3 · N-S senoidal 4° · quebrado · tresbolillo ×1 · 10 filas · az 0°",21-jun,400,21.6612,77.2704,4.7023,33,0.000000e+0,-21.5,1
22,"Zaragoza · valle 3 · N-S senoidal 4° · quebrado · tresbolillo ×1 · 10 filas · az 0°",21-jun,420,25.3226,80.2731,4.7023,33,0.000000e+0,-26,1
22,"Zaragoza · valle 3 · N-S senoidal 4° · quebrado · tresbolillo ×1 · 10 filas · az 0°",21-jun,440,29.0187,83.3183,4.7023,33,0.000000e+0,-40.5,1
22,"Zaragoza · valle 3 · N-S senoidal 4° · quebrado · tresbolillo ×1 · 10 filas · az 0°",21-jun,460,32.7391,86.4376,4.7023,33,0.000000e+0,-55,1
22,"Zaragoza · valle 3 · N-S senoidal 4° · quebrado · tresbolillo ×1 · 10 filas · az 0°",21-jun,480,36.4729,89.6687,4.7023,33,0.000000e+0,-55,1
22,"Zaragoza · valle 3 · N-S senoidal 4° · quebrado · tresbolillo ×1 · 10 filas · az 0°",21-jun,500,40.2084,93.0578,4.7023,33,0.000000e+0,-55,1
22,"Zaragoza · valle 3 · N-S senoidal 4° · quebrado · tresbolillo ×1 · 10 filas · az 0°",21-jun,520,43.9319,96.6624,4.7023,33,0.000000e+0,-55,1
22,"Zaragoza · valle 3 · N-S senoidal 4° · quebrado · tresbolillo ×1 · 10 filas · az 0°",21-jun,540,47.6271,100.5563,4.7023,33,0.000000e+0,-55,1
22,"Zaragoza · valle 3 · N-S senoidal 4° · quebrado · tresbolillo ×1 · 10 filas · az 0°",21-jun,560,51.2734,104.8355,4.7023,33,0.000000e+0,-55,1
22,"Zaragoza · valle 3 · N-S senoidal 4° · quebrado · tresbolillo ×1 · 10 filas · az 0°",21-jun,580,54.8437,109.6272,4.7023,33,0.000000e+0,-55,1
22,"Zaragoza · valle 3 · N-S senoidal 4° · quebrado · tresbolillo ×1 · 10 filas · az 0°",21-jun,600,58.3011,115.1015,4.7023,33,0.000000e+0,-55,1
22,"Zaragoza · valle 3 · N-S senoidal 4° · quebrado · tresbolillo ×1 · 10 filas · az 0°",21-jun,620,61.5938,121.4838,4.7023,33,0.000000e+0,-55,1
22,"Zaragoza · valle 3 · N-S senoidal 4° · quebrado · tresbolillo ×1 · 10 filas · az 0°",21-jun,640,64.6480,129.0638,4.7023,33,0.000000e+0,-55,1
22,"Zaragoza · valle 3 · N-S senoidal 4° · quebrado · tresbolillo ×1 · 10 filas · az 0°",21-jun,660,67.3579,138.1801,4.7023,33,0.000000e+0,-55,1
22,"Zaragoza · valle 3 · N-S senoidal 4° · quebrado · tresbolillo ×1 · 10 filas · az 0°",21-jun,680,69.5784,149.1387,4.7023,33,0.000000e+0,-55,1
22,"Zaragoza · valle 3 · N-S senoidal 4° · quebrado · tresbolillo ×1 · 10 filas · az 0°",21-jun,700,71.1301,162.0059,4.7023,33,0.000000e+0,-55,1
22,"Zaragoza · valle 3 · N-S senoidal 4° · quebrado · tresbolillo ×1 · 10 filas · az 0°",21-jun,720,71.8368,176.3074,4.7023,33,0.000000e+0,-55,1
22,"Zaragoza · valle 3 · N-S senoidal 4° · quebrado · tresbolillo ×1 · 10 filas · az 0°",21-jun,740,71.5993,190.9409,4.7023,33,0.000000e+0,-55,1
22,"Zaragoza · valle 3 · N-S senoidal 4° · quebrado · tresbolillo ×1 · 10 filas · az 0°",21-jun,760,70.4524,204.6300,4.7023,33,0.000000e+0,-55,1
22,"Zaragoza · valle 3 · N-S senoidal 4° · quebrado · tresbolillo ×1 · 10 filas · az 0°",21-jun,780,68.5438,216.5649,4.7023,33,0.000000e+0,-55,1
22,"Zaragoza · valle 3 · N-S senoidal 4° · quebrado · tresbolillo ×1 · 10 filas · az 0°",21-jun,800,66.0587,226.5756,4.7023,33,0.000000e+0,-55,1
22,"Zaragoza · valle 3 · N-S senoidal 4° · quebrado · tresbolillo ×1 · 10 filas · az 0°",21-jun,820,63.1617,234.8830,4.7023,33,0.000000e+0,-55,1
22,"Zaragoza · valle 3 · N-S senoidal 4° · quebrado · tresbolillo ×1 · 10 filas · az 0°",21-jun,840,59.9777,241.8261,4.7023,33,0.000000e+0,-55,1
22,"Zaragoza · valle 3 · N-S senoidal 4° · quebrado · tresbolillo ×1 · 10 filas · az 0°",21-jun,860,56.5952,247.7238,4.7023,33,0.000000e+0,-1,1
22,"Zaragoza · valle 3 · N-S senoidal 4° · quebrado · tresbolillo ×1 · 10 filas · az 0°",21-jun,880,53.0761,252.8336,4.7023,33,0.000000e+0,17.5,1
22,"Zaragoza · valle 3 · N-S senoidal 4° · quebrado · tresbolillo ×1 · 10 filas · az 0°",21-jun,900,49.4641,257.3516,4.7023,33,0.000000e+0,30,1
22,"Zaragoza · valle 3 · N-S senoidal 4° · quebrado · tresbolillo ×1 · 10 filas · az 0°",21-jun,920,45.7905,261.4251,4.7023,33,0.000000e+0,41,1
22,"Zaragoza · valle 3 · N-S senoidal 4° · quebrado · tresbolillo ×1 · 10 filas · az 0°",21-jun,940,42.0789,265.1644,4.7023,33,2.545060e-2,42.5,0
22,"Zaragoza · valle 3 · N-S senoidal 4° · quebrado · tresbolillo ×1 · 10 filas · az 0°",21-jun,960,38.3476,268.6535,4.7023,33,0.000000e+0,37.5,1
22,"Zaragoza · valle 3 · N-S senoidal 4° · quebrado · tresbolillo ×1 · 10 filas · az 0°",21-jun,980,34.6113,271.9575,4.7023,33,0.000000e+0,34,1
22,"Zaragoza · valle 3 · N-S senoidal 4° · quebrado · tresbolillo ×1 · 10 filas · az 0°",21-jun,1000,30.8827,275.1277,4.7023,33,0.000000e+0,30,1
22,"Zaragoza · valle 3 · N-S senoidal 4° · quebrado · tresbolillo ×1 · 10 filas · az 0°",21-jun,1020,27.1731,278.2058,4.7023,33,0.000000e+0,26.5,1
22,"Zaragoza · valle 3 · N-S senoidal 4° · quebrado · tresbolillo ×1 · 10 filas · az 0°",21-jun,1040,23.4930,281.2261,4.7023,33,0.000000e+0,23.5,1
22,"Zaragoza · valle 3 · N-S senoidal 4° · quebrado · tresbolillo ×1 · 10 filas · az 0°",21-jun,1060,19.8529,284.2181,4.7023,33,6.770030e-3,20.5,0
22,"Zaragoza · valle 3 · N-S senoidal 4° · quebrado · tresbolillo ×1 · 10 filas · az 0°",21-jun,1080,16.2635,287.2075,4.7023,33,2.998450e-2,16.5,0
22,"Zaragoza · valle 3 · N-S senoidal 4° · quebrado · tresbolillo ×1 · 10 filas · az 0°",21-jun,1100,12.7372,290.2173,4.7023,33,2.607013e-2,13,0
22,"Zaragoza · valle 3 · N-S senoidal 4° · quebrado · tresbolillo ×1 · 10 filas · az 0°",21-jun,1120,9.2889,293.2684,4.7023,33,3.946597e-2,10,0
22,"Zaragoza · valle 3 · N-S senoidal 4° · quebrado · tresbolillo ×1 · 10 filas · az 0°",21-jun,1140,5.9421,296.3805,4.7023,64,5.210622e-2,6.5,0
22,"Zaragoza · valle 3 · N-S senoidal 4° · quebrado · tresbolillo ×1 · 10 filas · az 0°",21-jun,1160,2.7509,299.5720,4.7023,64,4.263094e-2,2.5,0
22,"Zaragoza · valle 3 · N-S senoidal 4° · quebrado · tresbolillo ×1 · 10 filas · az 0°",21-mar,380,2.2529,91.3999,4.7023,64,1.507295e-2,-2,0
22,"Zaragoza · valle 3 · N-S senoidal 4° · quebrado · tresbolillo ×1 · 10 filas · az 0°",21-mar,400,5.8504,94.7292,4.7023,64,9.529070e-3,-6,0
22,"Zaragoza · valle 3 · N-S senoidal 4° · quebrado · tresbolillo ×1 · 10 filas · az 0°",21-mar,420,9.5200,98.1006,4.7023,33,3.267444e-2,-9,0
22,"Zaragoza · valle 3 · N-S senoidal 4° · quebrado · tresbolillo ×1 · 10 filas · az 0°",21-mar,440,13.1842,101.5436,4.7023,33,3.314180e-2,-14,0
22,"Zaragoza · valle 3 · N-S senoidal 4° · quebrado · tresbolillo ×1 · 10 filas · az 0°",21-mar,460,16.8132,105.0894,4.7023,33,0.000000e+0,-18.5,1
22,"Zaragoza · valle 3 · N-S senoidal 4° · quebrado · tresbolillo ×1 · 10 filas · az 0°",21-mar,480,20.3859,108.7709,4.7023,33,0.000000e+0,-22.5,1
22,"Zaragoza · valle 3 · N-S senoidal 4° · quebrado · tresbolillo ×1 · 10 filas · az 0°",21-mar,500,23.8823,112.6235,4.7023,33,0.000000e+0,-33,1
22,"Zaragoza · valle 3 · N-S senoidal 4° · quebrado · tresbolillo ×1 · 10 filas · az 0°",21-mar,520,27.2812,116.6855,4.7023,33,0.000000e+0,-50.5,1
22,"Zaragoza · valle 3 · N-S senoidal 4° · quebrado · tresbolillo ×1 · 10 filas · az 0°",21-mar,540,30.5584,120.9974,4.7023,33,0.000000e+0,-55,1
22,"Zaragoza · valle 3 · N-S senoidal 4° · quebrado · tresbolillo ×1 · 10 filas · az 0°",21-mar,560,33.6866,125.6019,4.7023,33,0.000000e+0,-55,1
22,"Zaragoza · valle 3 · N-S senoidal 4° · quebrado · tresbolillo ×1 · 10 filas · az 0°",21-mar,580,36.6339,130.5419,4.7023,33,0.000000e+0,-55,1
22,"Zaragoza · valle 3 · N-S senoidal 4° · quebrado · tresbolillo ×1 · 10 filas · az 0°",21-mar,600,39.3642,135.8579,4.7023,33,0.000000e+0,-55,1
22,"Zaragoza · valle 3 · N-S senoidal 4° · quebrado · tresbolillo ×1 · 10 filas · az 0°",21-mar,620,41.8362,141.5831,4.7023,33,0.000000e+0,-55,1
22,"Zaragoza · valle 3 · N-S senoidal 4° · quebrado · tresbolillo ×1 · 10 filas · az 0°",21-mar,640,44.0046,147.7369,4.7023,33,0.000000e+0,-55,1
22,"Zaragoza · valle 3 · N-S senoidal 4° · quebrado · tresbolillo ×1 · 10 filas · az 0°",21-mar,660,45.8219,154.3164,4.7023,33,0.000000e+0,-55,1
22,"Zaragoza · valle 3 · N-S senoidal 4° · quebrado · tresbolillo ×1 · 10 filas · az 0°",21-mar,680,47.2408,161.2877,4.7023,33,0.000000e+0,-55,1
22,"Zaragoza · valle 3 · N-S senoidal 4° · quebrado · tresbolillo ×1 · 10 filas · az 0°",21-mar,700,48.2189,168.5799,4.7023,33,0.000000e+0,-55,1
22,"Zaragoza · valle 3 · N-S senoidal 4° · quebrado · tresbolillo ×1 · 10 filas · az 0°",21-mar,720,48.7237,176.0853,4.7023,33,0.000000e+0,-55,1
22,"Zaragoza · valle 3 · N-S senoidal 4° · quebrado · tresbolillo ×1 · 10 filas · az 0°",21-mar,740,48.7373,183.6681,4.7023,33,0.000000e+0,-55,1
22,"Zaragoza · valle 3 · N-S senoidal 4° · quebrado · tresbolillo ×1 · 10 filas · az 0°",21-mar,760,48.2591,191.1814,4.7023,33,0.000000e+0,-55,1
22,"Zaragoza · valle 3 · N-S senoidal 4° · quebrado · tresbolillo ×1 · 10 filas · az 0°",21-mar,780,47.3064,198.4885,4.7023,33,0.000000e+0,-55,1
22,"Zaragoza · valle 3 · N-S senoidal 4° · quebrado · tresbolillo ×1 · 10 filas · az 0°",21-mar,800,45.9109,205.4797,4.7023,33,0.000000e+0,-55,1
22,"Zaragoza · valle 3 · N-S senoidal 4° · quebrado · tresbolillo ×1 · 10 filas · az 0°",21-mar,820,44.1149,212.0823,4.7023,33,0.000000e+0,-55,1
22,"Zaragoza · valle 3 · N-S senoidal 4° · quebrado · tresbolillo ×1 · 10 filas · az 0°",21-mar,840,41.9653,218.2604,4.7023,33,0.000000e+0,10.5,1
22,"Zaragoza · valle 3 · N-S senoidal 4° · quebrado · tresbolillo ×1 · 10 filas · az 0°",21-mar,860,39.5099,224.0098,4.7023,33,0.000000e+0,28.5,1
22,"Zaragoza · valle 3 · N-S senoidal 4° · quebrado · tresbolillo ×1 · 10 filas · az 0°",21-mar,880,36.7942,229.3489,4.7023,33,0.000000e+0,42.5,1
22,"Zaragoza · valle 3 · N-S senoidal 4° · quebrado · tresbolillo ×1 · 10 filas · az 0°",21-mar,900,33.8596,234.3105,4.7023,33,0.000000e+0,40.5,1
22,"Zaragoza · valle 3 · N-S senoidal 4° · quebrado · tresbolillo ×1 · 10 filas · az 0°",21-mar,920,30.7428,238.9347,4.7023,33,0.000000e+0,35.5,1
22,"Zaragoza · valle 3 · N-S senoidal 4° · quebrado · tresbolillo ×1 · 10 filas · az 0°",21-mar,940,27.4756,243.2645,4.7023,33,0.000000e+0,30,1
22,"Zaragoza · valle 3 · N-S senoidal 4° · quebrado · tresbolillo ×1 · 10 filas · az 0°",21-mar,960,24.0859,247.3426,4.7023,33,0.000000e+0,26,1
22,"Zaragoza · valle 3 · N-S senoidal 4° · quebrado · tresbolillo ×1 · 10 filas · az 0°",21-mar,980,20.5978,251.2099,4.7023,33,0.000000e+0,22,1
22,"Zaragoza · valle 3 · N-S senoidal 4° · quebrado · tresbolillo ×1 · 10 filas · az 0°",21-mar,1000,17.0327,254.9045,4.7023,33,1.886344e-2,18.5,0
22,"Zaragoza · valle 3 · N-S senoidal 4° · quebrado · tresbolillo ×1 · 10 filas · az 0°",21-mar,1020,13.4108,258.4622,4.7023,33,5.453742e-2,14,0
22,"Zaragoza · valle 3 · N-S senoidal 4° · quebrado · tresbolillo ×1 · 10 filas · az 0°",21-mar,1040,9.7530,261.9160,4.7023,33,2.384796e-2,10.5,0
22,"Zaragoza · valle 3 · N-S senoidal 4° · quebrado · tresbolillo ×1 · 10 filas · az 0°",21-mar,1060,6.0879,265.2972,4.7023,33,8.995669e-3,6.5,0
22,"Zaragoza · valle 3 · N-S senoidal 4° · quebrado · tresbolillo ×1 · 10 filas · az 0°",21-mar,1080,2.4866,268.6354,4.7023,64,0.000000e+0,2.5,1
22,"Zaragoza · valle 3 · N-S senoidal 4° · quebrado · tresbolillo ×1 · 10 filas · az 0°",21-dic,480,4.5444,126.9401,4.7023,64,6.753900e-2,-3,0
22,"Zaragoza · valle 3 · N-S senoidal 4° · quebrado · tresbolillo ×1 · 10 filas · az 0°",21-dic,500,7.4023,130.4970,4.7023,33,1.046516e-1,-8,0
22,"Zaragoza · valle 3 · N-S senoidal 4° · quebrado · tresbolillo ×1 · 10 filas · az 0°",21-dic,520,10.1358,134.1991,4.7023,33,5.311321e-2,-12.5,0
22,"Zaragoza · valle 3 · N-S senoidal 4° · quebrado · tresbolillo ×1 · 10 filas · az 0°",21-dic,540,12.7098,138.0581,4.7023,33,2.153873e-2,-20.5,0
22,"Zaragoza · valle 3 · N-S senoidal 4° · quebrado · tresbolillo ×1 · 10 filas · az 0°",21-dic,560,15.0987,142.0828,4.7023,33,0.000000e+0,-35.5,1
22,"Zaragoza · valle 3 · N-S senoidal 4° · quebrado · tresbolillo ×1 · 10 filas · az 0°",21-dic,580,17.2795,146.2782,4.7023,33,0.000000e+0,-55,1
22,"Zaragoza · valle 3 · N-S senoidal 4° · quebrado · tresbolillo ×1 · 10 filas · az 0°",21-dic,600,19.2301,150.6447,4.7023,33,0.000000e+0,-55,1
22,"Zaragoza · valle 3 · N-S senoidal 4° · quebrado · tresbolillo ×1 · 10 filas · az 0°",21-dic,620,20.9291,155.1771,4.7023,33,0.000000e+0,-55,1
22,"Zaragoza · valle 3 · N-S senoidal 4° · quebrado · tresbolillo ×1 · 10 filas · az 0°",21-dic,640,22.3561,159.8636,4.7023,33,0.000000e+0,-55,1
22,"Zaragoza · valle 3 · N-S senoidal 4° · quebrado · tresbolillo ×1 · 10 filas · az 0°",21-dic,660,23.4927,164.6856,4.7023,33,0.000000e+0,-55,1
22,"Zaragoza · valle 3 · N-S senoidal 4° · quebrado · tresbolillo ×1 · 10 filas · az 0°",21-dic,680,24.3230,169.6174,4.7023,33,0.000000e+0,-55,1
22,"Zaragoza · valle 3 · N-S senoidal 4° · quebrado · tresbolillo ×1 · 10 filas · az 0°",21-dic,700,24.8347,174.6273,4.7023,33,0.000000e+0,-55,1
22,"Zaragoza · valle 3 · N-S senoidal 4° · quebrado · tresbolillo ×1 · 10 filas · az 0°",21-dic,720,25.0202,179.6788,4.7023,33,0.000000e+0,-55,1
22,"Zaragoza · valle 3 · N-S senoidal 4° · quebrado · tresbolillo ×1 · 10 filas · az 0°",21-dic,740,24.8764,184.7327,4.7023,33,0.000000e+0,-55,1
22,"Zaragoza · valle 3 · N-S senoidal 4° · quebrado · tresbolillo ×1 · 10 filas · az 0°",21-dic,760,24.4057,189.7500,4.7023,33,0.000000e+0,-55,1
22,"Zaragoza · valle 3 · N-S senoidal 4° · quebrado · tresbolillo ×1 · 10 filas · az 0°",21-dic,780,23.6152,194.6936,4.7023,33,0.000000e+0,-55,1
22,"Zaragoza · valle 3 · N-S senoidal 4° · quebrado · tresbolillo ×1 · 10 filas · az 0°",21-dic,800,22.5166,199.5310,4.7023,33,0.000000e+0,20.5,1
22,"Zaragoza · valle 3 · N-S senoidal 4° · quebrado · tresbolillo ×1 · 10 filas · az 0°",21-dic,820,21.1254,204.2358,4.7023,33,0.000000e+0,42,1
22,"Zaragoza · valle 3 · N-S senoidal 4° · quebrado · tresbolillo ×1 · 10 filas · az 0°",21-dic,840,19.4598,208.7885,4.7023,33,0.000000e+0,38.5,1
22,"Zaragoza · valle 3 · N-S senoidal 4° · quebrado · tresbolillo ×1 · 10 filas · az 0°",21-dic,860,17.5399,213.1765,4.7023,33,0.000000e+0,32.5,1
22,"Zaragoza · valle 3 · N-S senoidal 4° · quebrado · tresbolillo ×1 · 10 filas · az 0°",21-dic,880,15.3871,217.3936,4.7023,33,1.762420e-2,27,0
22,"Zaragoza · valle 3 · N-S senoidal 4° · quebrado · tresbolillo ×1 · 10 filas · az 0°",21-dic,900,13.0234,221.4397,4.7023,33,4.668980e-2,20,0
22,"Zaragoza · valle 3 · N-S senoidal 4° · quebrado · tresbolillo ×1 · 10 filas · az 0°",21-dic,920,10.4715,225.3193,4.7023,33,7.212270e-2,13.5,0
22,"Zaragoza · valle 3 · N-S senoidal 4° · quebrado · tresbolillo ×1 · 10 filas · az 0°",21-dic,940,7.7566,229.0407,4.7023,33,8.133040e-2,12,0
22,"Zaragoza · valle 3 · N-S senoidal 4° · quebrado · tresbolillo ×1 · 10 filas · az 0°",21-dic,960,4.9112,232.6152,4.7023,64,5.262489e-2,8,0
22,"Zaragoza · valle 3 · N-S senoidal 4° · quebrado · tresbolillo ×1 · 10 filas · az 0°",21-dic,980,2.0112,236.0562,4.7023,64,6.714529e-2,2.5,0
23,"Zaragoza · ondulado 1.2 · N-S rotula 6° · mono · alineadas ×1 · 8 filas · az -20°",21-jun,300,4.3153,62.0288,0.0000,33,0.000000e+0,-8,1
23,"Zaragoza · ondulado 1.2 · N-S rotula 6° · mono · alineadas ×1 · 8 filas · az -20°",21-jun,320,7.5953,65.1785,0.0000,17,0.000000e+0,-17,1
23,"Zaragoza · ondulado 1.2 · N-S rotula 6° · mono · alineadas ×1 · 8 filas · az -20°",21-jun,340,10.9965,68.2578,0.0000,17,0.000000e+0,-11.5,1
23,"Zaragoza · ondulado 1.2 · N-S rotula 6° · mono · alineadas ×1 · 8 filas · az -20°",21-jun,360,14.4858,71.2858,0.0000,17,0.000000e+0,-22.5,1
23,"Zaragoza · ondulado 1.2 · N-S rotula 6° · mono · alineadas ×1 · 8 filas · az -20°",21-jun,380,18.0452,74.2827,0.0000,17,0.000000e+0,-35.5,1
23,"Zaragoza · ondulado 1.2 · N-S rotula 6° · mono · alineadas ×1 · 8 filas · az -20°",21-jun,400,21.6612,77.2704,0.0000,17,0.000000e+0,-49.5,1
23,"Zaragoza · ondulado 1.2 · N-S rotula 6° · mono · alineadas ×1 · 8 filas · az -20°",21-jun,420,25.3226,80.2731,0.0000,17,0.000000e+0,-55,1
23,"Zaragoza · ondulado 1.2 · N-S rotula 6° · mono · alineadas ×1 · 8 filas · az -20°",21-jun,440,29.0187,83.3183,0.0000,17,0.000000e+0,-55,1
23,"Zaragoza · ondulado 1.2 · N-S rotula 6° · mono · alineadas ×1 · 8 filas · az -20°",21-jun,460,32.7391,86.4376,0.0000,17,0.000000e+0,-55,1
23,"Zaragoza · ondulado 1.2 · N-S rotula 6° · mono · alineadas ×1 · 8 filas · az -20°",21-jun,480,36.4729,89.6687,0.0000,17,0.000000e+0,-55,1
23,"Zaragoza · ondulado 1.2 · N-S rotula 6° · mono · alineadas ×1 · 8 filas · az -20°",21-jun,500,40.2084,93.0578,0.0000,17,0.000000e+0,-55,1
23,"Zaragoza · ondulado 1.2 · N-S rotula 6° · mono · alineadas ×1 · 8 filas · az -20°",21-jun,520,43.9319,96.6624,0.0000,17,0.000000e+0,-55,1
23,"Zaragoza · ondulado 1.2 · N-S rotula 6° · mono · alineadas ×1 · 8 filas · az -20°",21-jun,540,47.6271,100.5563,0.0000,17,0.000000e+0,-55,1
23,"Zaragoza · ondulado 1.2 · N-S rotula 6° · mono · alineadas ×1 · 8 filas · az -20°",21-jun,560,51.2734,104.8355,0.0000,17,0.000000e+0,-55,1
23,"Zaragoza · ondulado 1.2 · N-S rotula 6° · mono · alineadas ×1 · 8 filas · az -20°",21-jun,580,54.8437,109.6272,0.0000,17,0.000000e+0,-55,1
23,"Zaragoza · ondulado 1.2 · N-S rotula 6° · mono · alineadas ×1 · 8 filas · az -20°",21-jun,600,58.3011,115.1015,0.0000,17,0.000000e+0,-55,1
23,"Zaragoza · ondulado 1.2 · N-S rotula 6° · mono · alineadas ×1 · 8 filas · az -20°",21-jun,620,61.5938,121.4838,0.0000,17,0.000000e+0,-55,1
23,"Zaragoza · ondulado 1.2 · N-S rotula 6° · mono · alineadas ×1 · 8 filas · az -20°",21-jun,640,64.6480,129.0638,0.0000,17,0.000000e+0,-55,1
23,"Zaragoza · ondulado 1.2 · N-S rotula 6° · mono · alineadas ×1 · 8 filas · az -20°",21-jun,660,67.3579,138.1801,0.0000,17,0.000000e+0,-55,1
23,"Zaragoza · ondulado 1.2 · N-S rotula 6° · mono · alineadas ×1 · 8 filas · az -20°",21-jun,680,69.5784,149.1387,0.0000,17,0.000000e+0,-55,1
23,"Zaragoza · ondulado 1.2 · N-S rotula 6° · mono · alineadas ×1 · 8 filas · az -20°",21-jun,700,71.1301,162.0059,0.0000,17,0.000000e+0,-55,1
23,"Zaragoza · ondulado 1.2 · N-S rotula 6° · mono · alineadas ×1 · 8 filas · az -20°",21-jun,720,71.8368,176.3074,0.0000,17,0.000000e+0,-55,1
23,"Zaragoza · ondulado 1.2 · N-S rotula 6° · mono · alineadas ×1 · 8 filas · az -20°",21-jun,740,71.5993,190.9409,0.0000,17,0.000000e+0,-55,1
23,"Zaragoza · ondulado 1.2 · N-S rotula 6° · mono · alineadas ×1 · 8 filas · az -20°",21-jun,760,70.4524,204.6300,0.0000,17,0.000000e+0,-55,1
23,"Zaragoza · ondulado 1.2 · N-S rotula 6° · mono · alineadas ×1 · 8 filas · az -20°",21-jun,780,68.5438,216.5649,0.0000,17,0.000000e+0,-55,1
23,"Zaragoza · ondulado 1.2 · N-S rotula 6° · mono · alineadas ×1 · 8 filas · az -20°",21-jun,800,66.0587,226.5756,0.0000,17,0.000000e+0,-55,1
23,"Zaragoza · ondulado 1.2 · N-S rotula 6° · mono · alineadas ×1 · 8 filas · az -20°",21-jun,820,63.1617,234.8830,0.0000,17,0.000000e+0,-55,1
23,"Zaragoza · ondulado 1.2 · N-S rotula 6° · mono · alineadas ×1 · 8 filas · az -20°",21-jun,840,59.9777,241.8261,0.0000,17,0.000000e+0,-55,1
23,"Zaragoza · ondulado 1.2 · N-S rotula 6° · mono · alineadas ×1 · 8 filas · az -20°",21-jun,860,56.5952,247.7238,0.0000,17,0.000000e+0,-55,1
23,"Zaragoza · ondulado 1.2 · N-S rotula 6° · mono · alineadas ×1 · 8 filas · az -20°",21-jun,880,53.0761,252.8336,0.0000,17,0.000000e+0,-55,1
23,"Zaragoza · ondulado 1.2 · N-S rotula 6° · mono · alineadas ×1 · 8 filas · az -20°",21-jun,900,49.4641,257.3516,0.0000,17,0.000000e+0,-55,1
23,"Zaragoza · ondulado 1.2 · N-S rotula 6° · mono · alineadas ×1 · 8 filas · az -20°",21-jun,920,45.7905,261.4251,0.0000,17,0.000000e+0,-55,1
23,"Zaragoza · ondulado 1.2 · N-S rotula 6° · mono · alineadas ×1 · 8 filas · az -20°",21-jun,940,42.0789,265.1644,0.0000,17,0.000000e+0,-55,1
23,"Zaragoza · ondulado 1.2 · N-S rotula 6° · mono · alineadas ×1 · 8 filas · az -20°",21-jun,960,38.3476,268.6535,0.0000,17,0.000000e+0,-55,1
23,"Zaragoza · ondulado 1.2 · N-S rotula 6° · mono · alineadas ×1 · 8 filas · az -20°",21-jun,980,34.6113,271.9575,0.0000,17,0.000000e+0,-55,1
23,"Zaragoza · ondulado 1.2 · N-S rotula 6° · mono · alineadas ×1 · 8 filas · az -20°",21-jun,1000,30.8827,275.1277,0.0000,17,0.000000e+0,-42,1
23,"Zaragoza · ondulado 1.2 · N-S rotula 6° · mono · alineadas ×1 · 8 filas · az -20°",21-jun,1020,27.1731,278.2058,0.0000,17,0.000000e+0,-26,1
23,"Zaragoza · ondulado 1.2 · N-S rotula 6° · mono · alineadas ×1 · 8 filas · az -20°",21-jun,1040,23.4930,281.2261,0.0000,17,0.000000e+0,-16.5,1
23,"Zaragoza · ondulado 1.2 · N-S rotula 6° · mono · alineadas ×1 · 8 filas · az -20°",21-jun,1060,19.8529,284.2181,0.0000,17,0.000000e+0,-9.5,1
23,"Zaragoza · ondulado 1.2 · N-S rotula 6° · mono · alineadas ×1 · 8 filas · az -20°",21-jun,1080,16.2635,287.2075,0.0000,17,0.000000e+0,-3,1
23,"Zaragoza · ondulado 1.2 · N-S rotula 6° · mono · alineadas ×1 · 8 filas · az -20°",21-jun,1100,12.7372,290.2173,0.0000,17,0.000000e+0,3.5,1
23,"Zaragoza · ondulado 1.2 · N-S rotula 6° · mono · alineadas ×1 · 8 filas · az -20°",21-jun,1120,9.2889,293.2684,0.0000,17,0.000000e+0,9.5,1
23,"Zaragoza · ondulado 1.2 · N-S rotula 6° · mono · alineadas ×1 · 8 filas · az -20°",21-jun,1140,5.9421,296.3805,0.0000,33,0.000000e+0,2,1
23,"Zaragoza · ondulado 1.2 · N-S rotula 6° · mono · alineadas ×1 · 8 filas · az -20°",21-jun,1160,2.7509,299.5720,0.0000,33,0.000000e+0,1.5,1
23,"Zaragoza · ondulado 1.2 · N-S rotula 6° · mono · alineadas ×1 · 8 filas · az -20°",21-mar,380,2.2529,91.3999,0.0000,33,0.000000e+0,-4,1
23,"Zaragoza · ondulado 1.2 · N-S rotula 6° · mono · alineadas ×1 · 8 filas · az -20°",21-mar,400,5.8504,94.7292,0.0000,33,0.000000e+0,-19,1
23,"Zaragoza · ondulado 1.2 · N-S rotula 6° · mono · alineadas ×1 · 8 filas · az -20°",21-mar,420,9.5200,98.1006,0.0000,17,0.000000e+0,-12,1
23,"Zaragoza · ondulado 1.2 · N-S rotula 6° · mono · alineadas ×1 · 8 filas · az -20°",21-mar,440,13.1842,101.5436,0.0000,17,0.000000e+0,-25.5,1
23,"Zaragoza · ondulado 1.2 · N-S rotula 6° · mono · alineadas ×1 · 8 filas · az -20°",21-mar,460,16.8132,105.0894,0.0000,17,0.000000e+0,-43.5,1
23,"Zaragoza · ondulado 1.2 · N-S rotula 6° · mono · alineadas ×1 · 8 filas · az -20°",21-mar,480,20.3859,108.7709,0.0000,17,0.000000e+0,-55,1
23,"Zaragoza · ondulado 1.2 · N-S rotula 6° · mono · alineadas ×1 · 8 filas · az -20°",21-mar,500,23.8823,112.6235,0.0000,17,0.000000e+0,-55,1
23,"Zaragoza · ondulado 1.2 · N-S rotula 6° · mono · alineadas ×1 · 8 filas · az -20°",21-mar,520,27.2812,116.6855,0.0000,17,0.000000e+0,-55,1
23,"Zaragoza · ondulado 1.2 · N-S rotula 6° · mono · alineadas ×1 · 8 filas · az -20°",21-mar,540,30.5584,120.9974,0.0000,17,0.000000e+0,-55,1
23,"Zaragoza · ondulado 1.2 · N-S rotula 6° · mono · alineadas ×1 · 8 filas · az -20°",21-mar,560,33.6866,125.6019,0.0000,17,0.000000e+0,-55,1
23,"Zaragoza · ondulado 1.2 · N-S rotula 6° · mono · alineadas ×1 · 8 filas · az -20°",21-mar,580,36.6339,130.5419,0.0000,17,0.000000e+0,-55,1
23,"Zaragoza · ondulado 1.2 · N-S rotula 6° · mono · alineadas ×1 · 8 filas · az -20°",21-mar,600,39.3642,135.8579,0.0000,17,0.000000e+0,-55,1
23,"Zaragoza · ondulado 1.2 · N-S rotula 6° · mono · alineadas ×1 · 8 filas · az -20°",21-mar,620,41.8362,141.5831,0.0000,17,0.000000e+0,-55,1
23,"Zaragoza · ondulado 1.2 · N-S rotula 6° · mono · alineadas ×1 · 8 filas · az -20°",21-mar,640,44.0046,147.7369,0.0000,17,0.000000e+0,-55,1
23,"Zaragoza · ondulado 1.2 · N-S rotula 6° · mono · alineadas ×1 · 8 filas · az -20°",21-mar,660,45.8219,154.3164,0.0000,17,0.000000e+0,-55,1
23,"Zaragoza · ondulado 1.2 · N-S rotula 6° · mono · alineadas ×1 · 8 filas · az -20°",21-mar,680,47.2408,161.2877,0.0000,17,0.000000e+0,-55,1
23,"Zaragoza · ondulado 1.2 · N-S rotula 6° · mono · alineadas ×1 · 8 filas · az -20°",21-mar,700,48.2189,168.5799,0.0000,17,0.000000e+0,-55,1
23,"Zaragoza · ondulado 1.2 · N-S rotula 6° · mono · alineadas ×1 · 8 filas · az -20°",21-mar,720,48.7237,176.0853,0.0000,17,0.000000e+0,-55,1
23,"Zaragoza · ondulado 1.2 · N-S rotula 6° · mono · alineadas ×1 · 8 filas · az -20°",21-mar,740,48.7373,183.6681,0.0000,17,0.000000e+0,-55,1
23,"Zaragoza · ondulado 1.2 · N-S rotula 6° · mono · alineadas ×1 · 8 filas · az -20°",21-mar,760,48.2591,191.1814,0.0000,17,0.000000e+0,-55,1
23,"Zaragoza · ondulado 1.2 · N-S rotula 6° · mono · alineadas ×1 · 8 filas · az -20°",21-mar,780,47.3064,198.4885,0.0000,17,0.000000e+0,-55,1
23,"Zaragoza · ondulado 1.2 · N-S rotula 6° · mono · alineadas ×1 · 8 filas · az -20°",21-mar,800,45.9109,205.4797,0.0000,17,0.000000e+0,-55,1
23,"Zaragoza · ondulado 1.2 · N-S rotula 6° · mono · alineadas ×1 · 8 filas · az -20°",21-mar,820,44.1149,212.0823,0.0000,17,0.000000e+0,-55,1
23,"Zaragoza · ondulado 1.2 · N-S rotula 6° · mono · alineadas ×1 · 8 filas · az -20°",21-mar,840,41.9653,218.2604,0.0000,17,0.000000e+0,-55,1
23,"Zaragoza · ondulado 1.2 · N-S rotula 6° · mono · alineadas ×1 · 8 filas · az -20°",21-mar,860,39.5099,224.0098,0.0000,17,0.000000e+0,-55,1
23,"Zaragoza · ondulado 1.2 · N-S rotula 6° · mono · alineadas ×1 · 8 filas · az -20°",21-mar,880,36.7942,229.3489,0.0000,17,0.000000e+0,-55,1
23,"Zaragoza · ondulado 1.2 · N-S rotula 6° · mono · alineadas ×1 · 8 filas · az -20°",21-mar,900,33.8596,234.3105,0.0000,17,0.000000e+0,-55,1
23,"Zaragoza · ondulado 1.2 · N-S rotula 6° · mono · alineadas ×1 · 8 filas · az -20°",21-mar,920,30.7428,238.9347,0.0000,17,0.000000e+0,-29.5,1
23,"Zaragoza · ondulado 1.2 · N-S rotula 6° · mono · alineadas ×1 · 8 filas · az -20°",21-mar,940,27.4756,243.2645,0.0000,17,0.000000e+0,-18.5,1
23,"Zaragoza · ondulado 1.2 · N-S rotula 6° · mono · alineadas ×1 · 8 filas · az -20°",21-mar,960,24.0859,247.3426,0.0000,17,0.000000e+0,-10.5,1
23,"Zaragoza · ondulado 1.2 · N-S rotula 6° · mono · alineadas ×1 · 8 filas · az -20°",21-mar,980,20.5978,251.2099,0.0000,17,0.000000e+0,-3.5,1
23,"Zaragoza · ondulado 1.2 · N-S rotula 6° · mono · alineadas ×1 · 8 filas · az -20°",21-mar,1000,17.0327,254.9045,0.0000,17,0.000000e+0,2.5,1
23,"Zaragoza · ondulado 1.2 · N-S rotula 6° · mono · alineadas ×1 · 8 filas · az -20°",21-mar,1020,13.4108,258.4622,0.0000,17,0.000000e+0,8,1
23,"Zaragoza · ondulado 1.2 · N-S rotula 6° · mono · alineadas ×1 · 8 filas · az -20°",21-mar,1040,9.7530,261.9160,0.0000,17,0.000000e+0,7,1
23,"Zaragoza · ondulado 1.2 · N-S rotula 6° · mono · alineadas ×1 · 8 filas · az -20°",21-mar,1060,6.0879,265.2972,0.0000,17,0.000000e+0,-6.5,1
23,"Zaragoza · ondulado 1.2 · N-S rotula 6° · mono · alineadas ×1 · 8 filas · az -20°",21-mar,1080,2.4866,268.6354,0.0000,33,0.000000e+0,-1.5,1
23,"Zaragoza · ondulado 1.2 · N-S rotula 6° · mono · alineadas ×1 · 8 filas · az -20°",21-dic,480,4.5444,126.9401,0.0000,33,0.000000e+0,-16,1
23,"Zaragoza · ondulado 1.2 · N-S rotula 6° · mono · alineadas ×1 · 8 filas · az -20°",21-dic,500,7.4023,130.4970,0.0000,17,0.000000e+0,-23.5,1
23,"Zaragoza · ondulado 1.2 · N-S rotula 6° · mono · alineadas ×1 · 8 filas · az -20°",21-dic,520,10.1358,134.1991,0.0000,17,0.000000e+0,-51.5,1
23,"Zaragoza · ondulado 1.2 · N-S rotula 6° · mono · alineadas ×1 · 8 filas · az -20°",21-dic,540,12.7098,138.0581,0.0000,17,0.000000e+0,-55,1
23,"Zaragoza · ondulado 1.2 · N-S rotula 6° · mono · alineadas ×1 · 8 filas · az -20°",21-dic,560,15.0987,142.0828,0.0000,17,0.000000e+0,-55,1
23,"Zaragoza · ondulado 1.2 · N-S rotula 6° · mono · alineadas ×1 · 8 filas · az -20°",21-dic,580,17.2795,146.2782,0.0000,17,0.000000e+0,-55,1
23,"Zaragoza · ondulado 1.2 · N-S rotula 6° · mono · alineadas ×1 · 8 filas · az -20°",21-dic,600,19.2301,150.6447,0.0000,17,0.000000e+0,-55,1
23,"Zaragoza · ondulado 1.2 · N-S rotula 6° · mono · alineadas ×1 · 8 filas · az -20°",21-dic,620,20.9291,155.1771,0.0000,17,0.000000e+0,-55,1
23,"Zaragoza · ondulado 1.2 · N-S rotula 6° · mono · alineadas ×1 · 8 filas · az -20°",21-dic,640,22.3561,159.8636,0.0000,17,0.000000e+0,-55,1
23,"Zaragoza · ondulado 1.2 · N-S rotula 6° · mono · alineadas ×1 · 8 filas · az -20°",21-dic,660,23.4927,164.6856,0.0000,17,0.000000e+0,-55,1
23,"Zaragoza · ondulado 1.2 · N-S rotula 6° · mono · alineadas ×1 · 8 filas · az -20°",21-dic,680,24.3230,169.6174,0.0000,17,0.000000e+0,-55,1
23,"Zaragoza · ondulado 1.2 · N-S rotula 6° · mono · alineadas ×1 · 8 filas · az -20°",21-dic,700,24.8347,174.6273,0.0000,17,0.000000e+0,-55,1
23,"Zaragoza · ondulado 1.2 · N-S rotula 6° · mono · alineadas ×1 · 8 filas · az -20°",21-dic,720,25.0202,179.6788,0.0000,17,0.000000e+0,-55,1
23,"Zaragoza · ondulado 1.2 · N-S rotula 6° · mono · alineadas ×1 · 8 filas · az -20°",21-dic,740,24.8764,184.7327,0.0000,17,0.000000e+0,-55,1
23,"Zaragoza · ondulado 1.2 · N-S rotula 6° · mono · alineadas ×1 · 8 filas · az -20°",21-dic,760,24.4057,189.7500,0.0000,17,0.000000e+0,-55,1
23,"Zaragoza · ondulado 1.2 · N-S rotula 6° · mono · alineadas ×1 · 8 filas · az -20°",21-dic,780,23.6152,194.6936,0.0000,17,0.000000e+0,-55,1
23,"Zaragoza · ondulado 1.2 · N-S rotula 6° · mono · alineadas ×1 · 8 filas · az -20°",21-dic,800,22.5166,199.5310,0.0000,17,0.000000e+0,-39,1
23,"Zaragoza · ondulado 1.2 · N-S rotula 6° · mono · alineadas ×1 · 8 filas · az -20°",21-dic,820,21.1254,204.2358,0.0000,17,0.000000e+0,-22,1
23,"Zaragoza · ondulado 1.2 · N-S rotula 6° · mono · alineadas ×1 · 8 filas · az -20°",21-dic,840,19.4598,208.7885,0.0000,17,0.000000e+0,-12.5,1
23,"Zaragoza · ondulado 1.2 · N-S rotula 6° · mono · alineadas ×1 · 8 filas · az -20°",21-dic,860,17.5399,213.1765,0.0000,17,0.000000e+0,-5.5,1
23,"Zaragoza · ondulado 1.2 · N-S rotula 6° · mono · alineadas ×1 · 8 filas · az -20°",21-dic,880,15.3871,217.3936,0.0000,17,0.000000e+0,0.5,1
23,"Zaragoza · ondulado 1.2 · N-S rotula 6° · mono · alineadas ×1 · 8 filas · az -20°",21-dic,900,13.0234,221.4397,0.0000,17,0.000000e+0,6,1
23,"Zaragoza · ondulado 1.2 · N-S rotula 6° · mono · alineadas ×1 · 8 filas · az -20°",21-dic,920,10.4715,225.3193,0.0000,17,0.000000e+0,11.5,1
23,"Zaragoza · ondulado 1.2 · N-S rotula 6° · mono · alineadas ×1 · 8 filas · az -20°",21-dic,940,7.7566,229.0407,0.0000,17,0.000000e+0,1,1
23,"Zaragoza · ondulado 1.2 · N-S rotula 6° · mono · alineadas ×1 · 8 filas · az -20°",21-dic,960,4.9112,232.6152,0.0000,33,0.000000e+0,-4.5,1
23,"Zaragoza · ondulado 1.2 · N-S rotula 6° · mono · alineadas ×1 · 8 filas · az -20°",21-dic,980,2.0112,236.0562,0.0000,33,0.000000e+0,-0.5,1
24,"Zaragoza · aleatorio 13 · N-S rotula 3° · quebrado · medios ×2 · 8 filas · az -20°",21-jun,300,4.3153,62.0288,0.0000,33,0.000000e+0,-11.5,1
24,"Zaragoza · aleatorio 13 · N-S rotula 3° · quebrado · medios ×2 · 8 filas · az -20°",21-jun,320,7.5953,65.1785,0.0000,17,0.000000e+0,-23.5,1
24,"Zaragoza · aleatorio 13 · N-S rotula 3° · quebrado · medios ×2 · 8 filas · az -20°",21-jun,340,10.9965,68.2578,0.0000,17,0.000000e+0,-36.5,1
24,"Zaragoza · aleatorio 13 · N-S rotula 3° · quebrado · medios ×2 · 8 filas · az -20°",21-jun,360,14.4858,71.2858,0.0000,17,0.000000e+0,-50,1
24,"Zaragoza · aleatorio 13 · N-S rotula 3° · quebrado · medios ×2 · 8 filas · az -20°",21-jun,380,18.0452,74.2827,0.0000,17,0.000000e+0,-55,1
24,"Zaragoza · aleatorio 13 · N-S rotula 3° · quebrado · medios ×2 · 8 filas · az -20°",21-jun,400,21.6612,77.2704,0.0000,17,0.000000e+0,-55,1
24,"Zaragoza · aleatorio 13 · N-S rotula 3° · quebrado · medios ×2 · 8 filas · az -20°",21-jun,420,25.3226,80.2731,0.0000,17,0.000000e+0,-55,1
24,"Zaragoza · aleatorio 13 · N-S rotula 3° · quebrado · medios ×2 · 8 filas · az -20°",21-jun,440,29.0187,83.3183,0.0000,17,0.000000e+0,-55,1
24,"Zaragoza · aleatorio 13 · N-S rotula 3° · quebrado · medios ×2 · 8 filas · az -20°",21-jun,460,32.7391,86.4376,0.0000,17,0.000000e+0,-55,1
24,"Zaragoza · aleatorio 13 · N-S rotula 3° · quebrado · medios ×2 · 8 filas · az -20°",21-jun,480,36.4729,89.6687,0.0000,17,0.000000e+0,-55,1
24,"Zaragoza · aleatorio 13 · N-S rotula 3° · quebrado · medios ×2 · 8 filas · az -20°",21-jun,500,40.2084,93.0578,0.0000,17,0.000000e+0,-55,1
24,"Zaragoza · aleatorio 13 · N-S rotula 3° · quebrado · medios ×2 · 8 filas · az -20°",21-jun,520,43.9319,96.6624,0.0000,17,0.000000e+0,-55,1
24,"Zaragoza · aleatorio 13 · N-S rotula 3° · quebrado · medios ×2 · 8 filas · az -20°",21-jun,540,47.6271,100.5563,0.0000,17,0.000000e+0,-55,1
24,"Zaragoza · aleatorio 13 · N-S rotula 3° · quebrado · medios ×2 · 8 filas · az -20°",21-jun,560,51.2734,104.8355,0.0000,17,0.000000e+0,-55,1
24,"Zaragoza · aleatorio 13 · N-S rotula 3° · quebrado · medios ×2 · 8 filas · az -20°",21-jun,580,54.8437,109.6272,0.0000,17,0.000000e+0,-55,1
24,"Zaragoza · aleatorio 13 · N-S rotula 3° · quebrado · medios ×2 · 8 filas · az -20°",21-jun,600,58.3011,115.1015,0.0000,17,0.000000e+0,-55,1
24,"Zaragoza · aleatorio 13 · N-S rotula 3° · quebrado · medios ×2 · 8 filas · az -20°",21-jun,620,61.5938,121.4838,0.0000,17,0.000000e+0,-55,1
24,"Zaragoza · aleatorio 13 · N-S rotula 3° · quebrado · medios ×2 · 8 filas · az -20°",21-jun,640,64.6480,129.0638,0.0000,17,0.000000e+0,-55,1
24,"Zaragoza · aleatorio 13 · N-S rotula 3° · quebrado · medios ×2 · 8 filas · az -20°",21-jun,660,67.3579,138.1801,0.0000,17,0.000000e+0,-55,1
24,"Zaragoza · aleatorio 13 · N-S rotula 3° · quebrado · medios ×2 · 8 filas · az -20°",21-jun,680,69.5784,149.1387,0.0000,17,0.000000e+0,-55,1
24,"Zaragoza · aleatorio 13 · N-S rotula 3° · quebrado · medios ×2 · 8 filas · az -20°",21-jun,700,71.1301,162.0059,0.0000,17,0.000000e+0,-55,1
24,"Zaragoza · aleatorio 13 · N-S rotula 3° · quebrado · medios ×2 · 8 filas · az -20°",21-jun,720,71.8368,176.3074,0.0000,17,0.000000e+0,-55,1
24,"Zaragoza · aleatorio 13 · N-S rotula 3° · quebrado · medios ×2 · 8 filas · az -20°",21-jun,740,71.5993,190.9409,0.0000,17,0.000000e+0,-55,1
24,"Zaragoza · aleatorio 13 · N-S rotula 3° · quebrado · medios ×2 · 8 filas · az -20°",21-jun,760,70.4524,204.6300,0.0000,17,0.000000e+0,-55,1
24,"Zaragoza · aleatorio 13 · N-S rotula 3° · quebrado · medios ×2 · 8 filas · az -20°",21-jun,780,68.5438,216.5649,0.0000,17,0.000000e+0,-55,1
24,"Zaragoza · aleatorio 13 · N-S rotula 3° · quebrado · medios ×2 · 8 filas · az -20°",21-jun,800,66.0587,226.5756,0.0000,17,0.000000e+0,-55,1
24,"Zaragoza · aleatorio 13 · N-S rotula 3° · quebrado · medios ×2 · 8 filas · az -20°",21-jun,820,63.1617,234.8830,0.0000,17,0.000000e+0,-55,1
24,"Zaragoza · aleatorio 13 · N-S rotula 3° · quebrado · medios ×2 · 8 filas · az -20°",21-jun,840,59.9777,241.8261,0.0000,17,0.000000e+0,-55,1
24,"Zaragoza · aleatorio 13 · N-S rotula 3° · quebrado · medios ×2 · 8 filas · az -20°",21-jun,860,56.5952,247.7238,0.0000,17,0.000000e+0,-55,1
24,"Zaragoza · aleatorio 13 · N-S rotula 3° · quebrado · medios ×2 · 8 filas · az -20°",21-jun,880,53.0761,252.8336,0.0000,17,0.000000e+0,-55,1
24,"Zaragoza · aleatorio 13 · N-S rotula 3° · quebrado · medios ×2 · 8 filas · az -20°",21-jun,900,49.4641,257.3516,0.0000,17,0.000000e+0,-55,1
24,"Zaragoza · aleatorio 13 · N-S rotula 3° · quebrado · medios ×2 · 8 filas · az -20°",21-jun,920,45.7905,261.4251,0.0000,17,0.000000e+0,-55,1
24,"Zaragoza · aleatorio 13 · N-S rotula 3° · quebrado · medios ×2 · 8 filas · az -20°",21-jun,940,42.0789,265.1644,0.0000,17,0.000000e+0,-55,1
24,"Zaragoza · aleatorio 13 · N-S rotula 3° · quebrado · medios ×2 · 8 filas · az -20°",21-jun,960,38.3476,268.6535,0.0000,17,0.000000e+0,-55,1
24,"Zaragoza · aleatorio 13 · N-S rotula 3° · quebrado · medios ×2 · 8 filas · az -20°",21-jun,980,34.6113,271.9575,0.0000,17,0.000000e+0,-55,1
24,"Zaragoza · aleatorio 13 · N-S rotula 3° · quebrado · medios ×2 · 8 filas · az -20°",21-jun,1000,30.8827,275.1277,0.0000,17,0.000000e+0,-55,1
24,"Zaragoza · aleatorio 13 · N-S rotula 3° · quebrado · medios ×2 · 8 filas · az -20°",21-jun,1020,27.1731,278.2058,0.0000,17,0.000000e+0,-44.5,1
24,"Zaragoza · aleatorio 13 · N-S rotula 3° · quebrado · medios ×2 · 8 filas · az -20°",21-jun,1040,23.4930,281.2261,0.0000,17,0.000000e+0,-29,1
24,"Zaragoza · aleatorio 13 · N-S rotula 3° · quebrado · medios ×2 · 8 filas · az -20°",21-jun,1060,19.8529,284.2181,0.0000,17,0.000000e+0,-19.5,1
24,"Zaragoza · aleatorio 13 · N-S rotula 3° · quebrado · medios ×2 · 8 filas · az -20°",21-jun,1080,16.2635,287.2075,0.0000,17,0.000000e+0,-11.5,1
24,"Zaragoza · aleatorio 13 · N-S rotula 3° · quebrado · medios ×2 · 8 filas · az -20°",21-jun,1100,12.7372,290.2173,0.0000,17,0.000000e+0,-4.5,1
24,"Zaragoza · aleatorio 13 · N-S rotula 3° · quebrado · medios ×2 · 8 filas · az -20°",21-jun,1120,9.2889,293.2684,0.0000,17,0.000000e+0,2,1
24,"Zaragoza · aleatorio 13 · N-S rotula 3° · quebrado · medios ×2 · 8 filas · az -20°",21-jun,1140,5.9421,296.3805,0.0000,33,1.565011e-1,5.5,0
24,"Zaragoza · aleatorio 13 · N-S rotula 3° · quebrado · medios ×2 · 8 filas · az -20°",21-jun,1160,2.7509,299.5720,0.0000,33,3.050595e-1,4.5,0
24,"Zaragoza · aleatorio 13 · N-S rotula 3° · quebrado · medios ×2 · 8 filas · az -20°",21-mar,380,2.2529,91.3999,0.0000,33,0.000000e+0,-2,1
24,"Zaragoza · aleatorio 13 · N-S rotula 3° · quebrado · medios ×2 · 8 filas · az -20°",21-mar,400,5.8504,94.7292,0.0000,33,0.000000e+0,-15.5,1
24,"Zaragoza · aleatorio 13 · N-S rotula 3° · quebrado · medios ×2 · 8 filas · az -20°",21-mar,420,9.5200,98.1006,0.0000,17,0.000000e+0,-30.5,1
24,"Zaragoza · aleatorio 13 · N-S rotula 3° · quebrado · medios ×2 · 8 filas · az -20°",21-mar,440,13.1842,101.5436,0.0000,17,0.000000e+0,-47,1
24,"Zaragoza · aleatorio 13 · N-S rotula 3° · quebrado · medios ×2 · 8 filas · az -20°",21-mar,460,16.8132,105.0894,0.0000,17,0.000000e+0,-55,1
24,"Zaragoza · aleatorio 13 · N-S rotula 3° · quebrado · medios ×2 · 8 filas · az -20°",21-mar,480,20.3859,108.7709,0.0000,17,0.000000e+0,-55,1
24,"Zaragoza · aleatorio 13 · N-S rotula 3° · quebrado · medios ×2 · 8 filas · az -20°",21-mar,500,23.8823,112.6235,0.0000,17,0.000000e+0,-55,1
24,"Zaragoza · aleatorio 13 · N-S rotula 3° · quebrado · medios ×2 · 8 filas · az -20°",21-mar,520,27.2812,116.6855,0.0000,17,0.000000e+0,-55,1
24,"Zaragoza · aleatorio 13 · N-S rotula 3° · quebrado · medios ×2 · 8 filas · az -20°",21-mar,540,30.5584,120.9974,0.0000,17,0.000000e+0,-55,1
24,"Zaragoza · aleatorio 13 · N-S rotula 3° · quebrado · medios ×2 · 8 filas · az -20°",21-mar,560,33.6866,125.6019,0.0000,17,0.000000e+0,-55,1
24,"Zaragoza · aleatorio 13 · N-S rotula 3° · quebrado · medios ×2 · 8 filas · az -20°",21-mar,580,36.6339,130.5419,0.0000,17,0.000000e+0,-55,1
24,"Zaragoza · aleatorio 13 · N-S rotula 3° · quebrado · medios ×2 · 8 filas · az -20°",21-mar,600,39.3642,135.8579,0.0000,17,0.000000e+0,-55,1
24,"Zaragoza · aleatorio 13 · N-S rotula 3° · quebrado · medios ×2 · 8 filas · az -20°",21-mar,620,41.8362,141.5831,0.0000,17,0.000000e+0,-55,1
24,"Zaragoza · aleatorio 13 · N-S rotula 3° · quebrado · medios ×2 · 8 filas · az -20°",21-mar,640,44.0046,147.7369,0.0000,17,0.000000e+0,-55,1
24,"Zaragoza · aleatorio 13 · N-S rotula 3° · quebrado · medios ×2 · 8 filas · az -20°",21-mar,660,45.8219,154.3164,0.0000,17,0.000000e+0,-55,1
24,"Zaragoza · aleatorio 13 · N-S rotula 3° · quebrado · medios ×2 · 8 filas · az -20°",21-mar,680,47.2408,161.2877,0.0000,17,0.000000e+0,-55,1
24,"Zaragoza · aleatorio 13 · N-S rotula 3° · quebrado · medios ×2 · 8 filas · az -20°",21-mar,700,48.2189,168.5799,0.0000,17,0.000000e+0,-55,1
24,"Zaragoza · aleatorio 13 · N-S rotula 3° · quebrado · medios ×2 · 8 filas · az -20°",21-mar,720,48.7237,176.0853,0.0000,17,0.000000e+0,-55,1
24,"Zaragoza · aleatorio 13 · N-S rotula 3° · quebrado · medios ×2 · 8 filas · az -20°",21-mar,740,48.7373,183.6681,0.0000,17,0.000000e+0,-55,1
24,"Zaragoza · aleatorio 13 · N-S rotula 3° · quebrado · medios ×2 · 8 filas · az -20°",21-mar,760,48.2591,191.1814,0.0000,17,0.000000e+0,-55,1
24,"Zaragoza · aleatorio 13 · N-S rotula 3° · quebrado · medios ×2 · 8 filas · az -20°",21-mar,780,47.3064,198.4885,0.0000,17,0.000000e+0,-55,1
24,"Zaragoza · aleatorio 13 · N-S rotula 3° · quebrado · medios ×2 · 8 filas · az -20°",21-mar,800,45.9109,205.4797,0.0000,17,0.000000e+0,-55,1
24,"Zaragoza · aleatorio 13 · N-S rotula 3° · quebrado · medios ×2 · 8 filas · az -20°",21-mar,820,44.1149,212.0823,0.0000,17,0.000000e+0,-55,1
24,"Zaragoza · aleatorio 13 · N-S rotula 3° · quebrado · medios ×2 · 8 filas · az -20°",21-mar,840,41.9653,218.2604,0.0000,17,0.000000e+0,-55,1
24,"Zaragoza · aleatorio 13 · N-S rotula 3° · quebrado · medios ×2 · 8 filas · az -20°",21-mar,860,39.5099,224.0098,0.0000,17,0.000000e+0,-55,1
24,"Zaragoza · aleatorio 13 · N-S rotula 3° · quebrado · medios ×2 · 8 filas · az -20°",21-mar,880,36.7942,229.3489,0.0000,17,0.000000e+0,-55,1
24,"Zaragoza · aleatorio 13 · N-S rotula 3° · quebrado · medios ×2 · 8 filas · az -20°",21-mar,900,33.8596,234.3105,0.0000,17,0.000000e+0,-55,1
24,"Zaragoza · aleatorio 13 · N-S rotula 3° · quebrado · medios ×2 · 8 filas · az -20°",21-mar,920,30.7428,238.9347,0.0000,17,0.000000e+0,-55,1
24,"Zaragoza · aleatorio 13 · N-S rotula 3° · quebrado · medios ×2 · 8 filas · az -20°",21-mar,940,27.4756,243.2645,0.0000,17,0.000000e+0,-35.5,1
24,"Zaragoza · aleatorio 13 · N-S rotula 3° · quebrado · medios ×2 · 8 filas · az -20°",21-mar,960,24.0859,247.3426,0.0000,17,0.000000e+0,-24.5,1
24,"Zaragoza · aleatorio 13 · N-S rotula 3° · quebrado · medios ×2 · 8 filas · az -20°",21-mar,980,20.5978,251.2099,0.0000,17,0.000000e+0,-16.5,1
24,"Zaragoza · aleatorio 13 · N-S rotula 3° · quebrado · medios ×2 · 8 filas · az -20°",21-mar,1000,17.0327,254.9045,0.0000,17,0.000000e+0,-9.5,1
24,"Zaragoza · aleatorio 13 · N-S rotula 3° · quebrado · medios ×2 · 8 filas · az -20°",21-mar,1020,13.4108,258.4622,0.0000,17,0.000000e+0,-3,1
24,"Zaragoza · aleatorio 13 · N-S rotula 3° · quebrado · medios ×2 · 8 filas · az -20°",21-mar,1040,9.7530,261.9160,0.0000,17,0.000000e+0,3,1
24,"Zaragoza · aleatorio 13 · N-S rotula 3° · quebrado · medios ×2 · 8 filas · az -20°",21-mar,1060,6.0879,265.2972,0.0000,17,2.436463e-1,5.5,0
24,"Zaragoza · aleatorio 13 · N-S rotula 3° · quebrado · medios ×2 · 8 filas · az -20°",21-mar,1080,2.4866,268.6354,0.0000,33,7.122138e-2,2.5,0
24,"Zaragoza · aleatorio 13 · N-S rotula 3° · quebrado · medios ×2 · 8 filas · az -20°",21-dic,480,4.5444,126.9401,0.0000,33,0.000000e+0,-10.5,1
24,"Zaragoza · aleatorio 13 · N-S rotula 3° · quebrado · medios ×2 · 8 filas · az -20°",21-dic,500,7.4023,130.4970,0.0000,17,0.000000e+0,-32,1
24,"Zaragoza · aleatorio 13 · N-S rotula 3° · quebrado · medios ×2 · 8 filas · az -20°",21-dic,520,10.1358,134.1991,0.0000,17,0.000000e+0,-55,1
24,"Zaragoza · aleatorio 13 · N-S rotula 3° · quebrado · medios ×2 · 8 filas · az -20°",21-dic,540,12.7098,138.0581,0.0000,17,0.000000e+0,-55,1
24,"Zaragoza · aleatorio 13 · N-S rotula 3° · quebrado · medios ×2 · 8 filas · az -20°",21-dic,560,15.0987,142.0828,0.0000,17,0.000000e+0,-55,1
24,"Zaragoza · aleatorio 13 · N-S rotula 3° · quebrado · medios ×2 · 8 filas · az -20°",21-dic,580,17.2795,146.2782,0.0000,17,0.000000e+0,-55,1
24,"Zaragoza · aleatorio 13 · N-S rotula 3° · quebrado · medios ×2 · 8 filas · az -20°",21-dic,600,19.2301,150.6447,0.0000,17,0.000000e+0,-55,1
24,"Zaragoza · aleatorio 13 · N-S rotula 3° · quebrado · medios ×2 · 8 filas · az -20°",21-dic,620,20.9291,155.1771,0.0000,17,0.000000e+0,-55,1
24,"Zaragoza · aleatorio 13 · N-S rotula 3° · quebrado · medios ×2 · 8 filas · az -20°",21-dic,640,22.3561,159.8636,0.0000,17,0.000000e+0,-55,1
24,"Zaragoza · aleatorio 13 · N-S rotula 3° · quebrado · medios ×2 · 8 filas · az -20°",21-dic,660,23.4927,164.6856,0.0000,17,0.000000e+0,-55,1
24,"Zaragoza · aleatorio 13 · N-S rotula 3° · quebrado · medios ×2 · 8 filas · az -20°",21-dic,680,24.3230,169.6174,0.0000,17,0.000000e+0,-55,1
24,"Zaragoza · aleatorio 13 · N-S rotula 3° · quebrado · medios ×2 · 8 filas · az -20°",21-dic,700,24.8347,174.6273,0.0000,17,0.000000e+0,-55,1
24,"Zaragoza · aleatorio 13 · N-S rotula 3° · quebrado · medios ×2 · 8 filas · az -20°",21-dic,720,25.0202,179.6788,0.0000,17,0.000000e+0,-55,1
24,"Zaragoza · aleatorio 13 · N-S rotula 3° · quebrado · medios ×2 · 8 filas · az -20°",21-dic,740,24.8764,184.7327,0.0000,17,0.000000e+0,-55,1
24,"Zaragoza · aleatorio 13 · N-S rotula 3° · quebrado · medios ×2 · 8 filas · az -20°",21-dic,760,24.4057,189.7500,0.0000,17,0.000000e+0,-55,1
24,"Zaragoza · aleatorio 13 · N-S rotula 3° · quebrado · medios ×2 · 8 filas · az -20°",21-dic,780,23.6152,194.6936,0.0000,17,0.000000e+0,-55,1
24,"Zaragoza · aleatorio 13 · N-S rotula 3° · quebrado · medios ×2 · 8 filas · az -20°",21-dic,800,22.5166,199.5310,0.0000,17,0.000000e+0,-55,1
24,"Zaragoza · aleatorio 13 · N-S rotula 3° · quebrado · medios ×2 · 8 filas · az -20°",21-dic,820,21.1254,204.2358,0.0000,17,0.000000e+0,-32.5,1
24,"Zaragoza · aleatorio 13 · N-S rotula 3° · quebrado · medios ×2 · 8 filas · az -20°",21-dic,840,19.4598,208.7885,0.0000,17,0.000000e+0,-22,1
24,"Zaragoza · aleatorio 13 · N-S rotula 3° · quebrado · medios ×2 · 8 filas · az -20°",21-dic,860,17.5399,213.1765,0.0000,17,0.000000e+0,-14.5,1
24,"Zaragoza · aleatorio 13 · N-S rotula 3° · quebrado · medios ×2 · 8 filas · az -20°",21-dic,880,15.3871,217.3936,0.0000,17,0.000000e+0,-8.5,1
24,"Zaragoza · aleatorio 13 · N-S rotula 3° · quebrado · medios ×2 · 8 filas · az -20°",21-dic,900,13.0234,221.4397,0.0000,17,0.000000e+0,-3,1
24,"Zaragoza · aleatorio 13 · N-S rotula 3° · quebrado · medios ×2 · 8 filas · az -20°",21-dic,920,10.4715,225.3193,0.0000,17,0.000000e+0,1.5,1
24,"Zaragoza · aleatorio 13 · N-S rotula 3° · quebrado · medios ×2 · 8 filas · az -20°",21-dic,940,7.7566,229.0407,0.0000,17,0.000000e+0,6.5,1
24,"Zaragoza · aleatorio 13 · N-S rotula 3° · quebrado · medios ×2 · 8 filas · az -20°",21-dic,960,4.9112,232.6152,0.0000,33,6.118611e-2,6,0
24,"Zaragoza · aleatorio 13 · N-S rotula 3° · quebrado · medios ×2 · 8 filas · az -20°",21-dic,980,2.0112,236.0562,0.0000,33,7.430077e-3,2.5,0
25,"Arequipa · aleatorio 42 · N-S constante 0° · mono · alineadas ×2 · 6 filas · az 0°",21-jun,700,4.7742,63.8712,0.0000,33,0.000000e+0,-6.5,1
25,"Arequipa · aleatorio 42 · N-S constante 0° · mono · alineadas ×2 · 6 filas · az 0°",21-jun,720,8.9729,62.1856,0.0000,17,0.000000e+0,-23.5,1
25,"Arequipa · aleatorio 42 · N-S constante 0° · mono · alineadas ×2 · 6 filas · az 0°",21-jun,740,13.1432,60.3097,0.0000,17,0.000000e+0,-41.5,1
25,"Arequipa · aleatorio 42 · N-S constante 0° · mono · alineadas ×2 · 6 filas · az 0°",21-jun,760,17.2453,58.2184,0.0000,17,0.000000e+0,-55,1
25,"Arequipa · aleatorio 42 · N-S constante 0° · mono · alineadas ×2 · 6 filas · az 0°",21-jun,780,21.2561,55.8815,0.0000,17,0.000000e+0,-55,1
25,"Arequipa · aleatorio 42 · N-S constante 0° · mono · alineadas ×2 · 6 filas · az 0°",21-jun,800,25.1539,53.2637,0.0000,17,0.000000e+0,-55,1
25,"Arequipa · aleatorio 42 · N-S constante 0° · mono · alineadas ×2 · 6 filas · az 0°",21-jun,820,28.9146,50.3241,0.0000,17,0.000000e+0,-55,1
25,"Arequipa · aleatorio 42 · N-S constante 0° · mono · alineadas ×2 · 6 filas · az 0°",21-jun,840,32.5098,47.0168,0.0000,17,0.000000e+0,-55,1
25,"Arequipa · aleatorio 42 · N-S constante 0° · mono · alineadas ×2 · 6 filas · az 0°",21-jun,860,35.9052,43.2920,0.0000,17,0.000000e+0,-55,1
25,"Arequipa · aleatorio 42 · N-S constante 0° · mono · alineadas ×2 · 6 filas · az 0°",21-jun,880,39.0602,39.0991,0.0000,17,0.000000e+0,-55,1
25,"Arequipa · aleatorio 42 · N-S constante 0° · mono · alineadas ×2 · 6 filas · az 0°",21-jun,900,41.9268,34.3923,0.0000,17,0.000000e+0,-55,1
25,"Arequipa · aleatorio 42 · N-S constante 0° · mono · alineadas ×2 · 6 filas · az 0°",21-jun,920,44.4499,29.1395,0.0000,17,0.000000e+0,-55,1
25,"Arequipa · aleatorio 42 · N-S constante 0° · mono · alineadas ×2 · 6 filas · az 0°",21-jun,940,46.5693,23.3352,0.0000,17,0.000000e+0,-55,1
25,"Arequipa · aleatorio 42 · N-S constante 0° · mono · alineadas ×2 · 6 filas · az 0°",21-jun,960,48.2231,17.0150,0.0000,17,0.000000e+0,-55,1
25,"Arequipa · aleatorio 42 · N-S constante 0° · mono · alineadas ×2 · 6 filas · az 0°",21-jun,980,49.3544,10.2679,0.0000,17,0.000000e+0,-55,1
25,"Arequipa · aleatorio 42 · N-S constante 0° · mono · alineadas ×2 · 6 filas · az 0°",21-jun,1000,49.9185,3.2390,0.0000,17,0.000000e+0,-55,1
25,"Arequipa · aleatorio 42 · N-S constante 0° · mono · alineadas ×2 · 6 filas · az 0°",21-jun,1020,49.8916,356.1171,0.0000,17,0.000000e+0,-55,1
25,"Arequipa · aleatorio 42 · N-S constante 0° · mono · alineadas ×2 · 6 filas · az 0°",21-jun,1040,49.2748,349.1064,0.0000,17,0.000000e+0,-55,1
25,"Arequipa · aleatorio 42 · N-S constante 0° · mono · alineadas ×2 · 6 filas · az 0°",21-jun,1060,48.0942,342.3928,0.0000,17,0.000000e+0,-55,1
25,"Arequipa · aleatorio 42 · N-S constante 0° · mono · alineadas ×2 · 6 filas · az 0°",21-jun,1080,46.3957,336.1165,0.0000,17,0.000000e+0,-55,1
25,"Arequipa · aleatorio 42 · N-S constante 0° · mono · alineadas ×2 · 6 filas · az 0°",21-jun,1100,44.2372,330.3613,0.0000,17,0.000000e+0,-55,1
25,"Arequipa · aleatorio 42 · N-S constante 0° · mono · alineadas ×2 · 6 filas · az 0°",21-jun,1120,41.6806,325.1587,0.0000,17,0.000000e+0,-55,1
25,"Arequipa · aleatorio 42 · N-S constante 0° · mono · alineadas ×2 · 6 filas · az 0°",21-jun,1140,38.7857,320.5000,0.0000,17,0.000000e+0,-55,1
25,"Arequipa · aleatorio 42 · N-S constante 0° · mono · alineadas ×2 · 6 filas · az 0°",21-jun,1160,35.6071,316.3514,0.0000,17,0.000000e+0,-55,1
25,"Arequipa · aleatorio 42 · N-S constante 0° · mono · alineadas ×2 · 6 filas · az 0°",21-jun,1180,32.1920,312.6665,0.0000,17,0.000000e+0,-55,1
25,"Arequipa · aleatorio 42 · N-S constante 0° · mono · alineadas ×2 · 6 filas · az 0°",21-jun,1200,28.5805,309.3944,0.0000,17,0.000000e+0,-55,1
25,"Arequipa · aleatorio 42 · N-S constante 0° · mono · alineadas ×2 · 6 filas · az 0°",21-jun,1220,24.8063,306.4858,0.0000,17,0.000000e+0,-55,1
25,"Arequipa · aleatorio 42 · N-S constante 0° · mono · alineadas ×2 · 6 filas · az 0°",21-jun,1240,20.8973,303.8950,0.0000,17,0.000000e+0,-36,1
25,"Arequipa · aleatorio 42 · N-S constante 0° · mono · alineadas ×2 · 6 filas · az 0°",21-jun,1260,16.8774,301.5817,0.0000,17,0.000000e+0,-21.5,1
25,"Arequipa · aleatorio 42 · N-S constante 0° · mono · alineadas ×2 · 6 filas · az 0°",21-jun,1280,12.7680,299.5110,0.0000,17,0.000000e+0,-11.5,1
25,"Arequipa · aleatorio 42 · N-S constante 0° · mono · alineadas ×2 · 6 filas · az 0°",21-jun,1300,8.5930,297.6533,0.0000,17,0.000000e+0,-3.5,1
25,"Arequipa · aleatorio 42 · N-S constante 0° · mono · alineadas ×2 · 6 filas · az 0°",21-jun,1320,4.3962,295.9837,0.0000,33,0.000000e+0,4,1
25,"Arequipa · aleatorio 42 · N-S constante 0° · mono · alineadas ×2 · 6 filas · az 0°",21-mar,680,6.1794,87.8345,0.0000,17,0.000000e+0,-9.5,1
25,"Arequipa · aleatorio 42 · N-S constante 0° · mono · alineadas ×2 · 6 filas · az 0°",21-mar,700,10.9081,86.3640,0.0000,17,0.000000e+0,-26,1
25,"Arequipa · aleatorio 42 · N-S constante 0° · mono · alineadas ×2 · 6 filas · az 0°",21-mar,720,15.6602,84.8431,0.0000,17,0.000000e+0,-44,1
25,"Arequipa · aleatorio 42 · N-S constante 0° · mono · alineadas ×2 · 6 filas · az 0°",21-mar,740,20.4114,83.2469,0.0000,17,0.000000e+0,-55,1
25,"Arequipa · aleatorio 42 · N-S constante 0° · mono · alineadas ×2 · 6 filas · az 0°",21-mar,760,25.1514,81.5460,0.0000,17,0.000000e+0,-55,1
25,"Arequipa · aleatorio 42 · N-S constante 0° · mono · alineadas ×2 · 6 filas · az 0°",21-mar,780,29.8721,79.7046,0.0000,17,0.000000e+0,-55,1
25,"Arequipa · aleatorio 42 · N-S constante 0° · mono · alineadas ×2 · 6 filas · az 0°",21-mar,800,34.5652,77.6773,0.0000,17,0.000000e+0,-55,1
25,"Arequipa · aleatorio 42 · N-S constante 0° · mono · alineadas ×2 · 6 filas · az 0°",21-mar,820,39.2209,75.4045,0.0000,17,0.000000e+0,-55,1
25,"Arequipa · aleatorio 42 · N-S constante 0° · mono · alineadas ×2 · 6 filas · az 0°",21-mar,840,43.8256,72.8064,0.0000,17,0.000000e+0,-55,1
25,"Arequipa · aleatorio 42 · N-S constante 0° · mono · alineadas ×2 · 6 filas · az 0°",21-mar,860,48.3608,69.7727,0.0000,17,0.000000e+0,-55,1
25,"Arequipa · aleatorio 42 · N-S constante 0° · mono · alineadas ×2 · 6 filas · az 0°",21-mar,880,52.7997,66.1475,0.0000,17,0.000000e+0,-55,1
25,"Arequipa · aleatorio 42 · N-S constante 0° · mono · alineadas ×2 · 6 filas · az 0°",21-mar,900,57.1020,61.7065,0.0000,17,0.000000e+0,-55,1
25,"Arequipa · aleatorio 42 · N-S constante 0° · mono · alineadas ×2 · 6 filas · az 0°",21-mar,920,61.2050,56.1234,0.0000,17,0.000000e+0,-55,1
25,"Arequipa · aleatorio 42 · N-S constante 0° · mono · alineadas ×2 · 6 filas · az 0°",21-mar,940,65.0093,48.9323,0.0000,17,0.000000e+0,-55,1
25,"Arequipa · aleatorio 42 · N-S constante 0° · mono · alineadas ×2 · 6 filas · az 0°",21-mar,960,68.3560,39.5174,0.0000,17,0.000000e+0,-55,1
25,"Arequipa · aleatorio 42 · N-S constante 0° · mono · alineadas ×2 · 6 filas · az 0°",21-mar,980,71.0006,27.2555,0.0000,17,0.000000e+0,-55,1
25,"Arequipa · aleatorio 42 · N-S constante 0° · mono · alineadas ×2 · 6 filas · az 0°",21-mar,1000,72.6192,12.0480,0.0000,17,0.000000e+0,-55,1
25,"Arequipa · aleatorio 42 · N-S constante 0° · mono · alineadas ×2 · 6 filas · az 0°",21-mar,1020,72.9172,355.1449,0.0000,17,0.000000e+0,-55,1
25,"Arequipa · aleatorio 42 · N-S constante 0° · mono · alineadas ×2 · 6 filas · az 0°",21-mar,1040,71.8293,338.9743,0.0000,17,0.000000e+0,-55,1
25,"Arequipa · aleatorio 42 · N-S constante 0° · mono · alineadas ×2 · 6 filas · az 0°",21-mar,1060,69.5760,325.4193,0.0000,17,0.000000e+0,-55,1
25,"Arequipa · aleatorio 42 · N-S constante 0° · mono · alineadas ×2 · 6 filas · az 0°",21-mar,1080,66.4904,314.8661,0.0000,17,0.000000e+0,-55,1
25,"Arequipa · aleatorio 42 · N-S constante 0° · mono · alineadas ×2 · 6 filas · az 0°",21-mar,1100,62.8553,306.8185,0.0000,17,0.000000e+0,-55,1
25,"Arequipa · aleatorio 42 · N-S constante 0° · mono · alineadas ×2 · 6 filas · az 0°",21-mar,1120,58.8631,300.6237,0.0000,17,0.000000e+0,-55,1
25,"Arequipa · aleatorio 42 · N-S constante 0° · mono · alineadas ×2 · 6 filas · az 0°",21-mar,1140,54.6351,295.7491,0.0000,17,0.000000e+0,-55,1
25,"Arequipa · aleatorio 42 · N-S constante 0° · mono · alineadas ×2 · 6 filas · az 0°",21-mar,1160,50.2473,291.8140,0.0000,17,0.000000e+0,-55,1
25,"Arequipa · aleatorio 42 · N-S constante 0° · mono · alineadas ×2 · 6 filas · az 0°",21-mar,1180,45.7481,288.5555,0.0000,17,0.000000e+0,-55,1
25,"Arequipa · aleatorio 42 · N-S constante 0° · mono · alineadas ×2 · 6 filas · az 0°",21-mar,1200,41.1691,285.7922,0.0000,17,0.000000e+0,-55,1
25,"Arequipa · aleatorio 42 · N-S constante 0° · mono · alineadas ×2 · 6 filas · az 0°",21-mar,1220,36.5321,283.3969,0.0000,17,0.000000e+0,-55,1
25,"Arequipa · aleatorio 42 · N-S constante 0° · mono · alineadas ×2 · 6 filas · az 0°",21-mar,1240,31.8523,281.2784,0.0000,17,0.000000e+0,-55,1
25,"Arequipa · aleatorio 42 · N-S constante 0° · mono · alineadas ×2 · 6 filas · az 0°",21-mar,1260,27.1408,279.3695,0.0000,17,0.000000e+0,-53,1
25,"Arequipa · aleatorio 42 · N-S constante 0° · mono · alineadas ×2 · 6 filas · az 0°",21-mar,1280,22.4065,277.6197,0.0000,17,0.000000e+0,-29,1
25,"Arequipa · aleatorio 42 · N-S constante 0° · mono · alineadas ×2 · 6 filas · az 0°",21-mar,1300,17.6572,275.9894,0.0000,17,0.000000e+0,-17.5,1
25,"Arequipa · aleatorio 42 · N-S constante 0° · mono · alineadas ×2 · 6 filas · az 0°",21-mar,1320,12.9018,274.4469,0.0000,17,0.000000e+0,-8.5,1
25,"Arequipa · aleatorio 42 · N-S constante 0° · mono · alineadas ×2 · 6 filas · az 0°",21-mar,1340,8.1561,272.9659,0.0000,17,0.000000e+0,-1,1
25,"Arequipa · aleatorio 42 · N-S constante 0° · mono · alineadas ×2 · 6 filas · az 0°",21-mar,1360,3.4752,271.5234,0.0000,33,0.000000e+0,1,1
25,"Arequipa · aleatorio 42 · N-S constante 0° · mono · alineadas ×2 · 6 filas · az 0°",21-dic,640,5.5090,112.8863,0.0000,33,0.000000e+0,-8.5,1
25,"Arequipa · aleatorio 42 · N-S constante 0° · mono · alineadas ×2 · 6 filas · az 0°",21-dic,660,9.8795,111.6997,0.0000,17,0.000000e+0,-25,1
25,"Arequipa · aleatorio 42 · N-S constante 0° · mono · alineadas ×2 · 6 filas · az 0°",21-dic,680,14.3190,110.6399,0.0000,17,0.000000e+0,-42,1
25,"Arequipa · aleatorio 42 · N-S constante 0° · mono · alineadas ×2 · 6 filas · az 0°",21-dic,700,18.8002,109.7012,0.0000,17,0.000000e+0,-55,1
25,"Arequipa · aleatorio 42 · N-S constante 0° · mono · alineadas ×2 · 6 filas · az 0°",21-dic,720,23.3118,108.8811,0.0000,17,0.000000e+0,-55,1
25,"Arequipa · aleatorio 42 · N-S constante 0° · mono · alineadas ×2 · 6 filas · az 0°",21-dic,740,27.8469,108.1807,0.0000,17,0.000000e+0,-55,1
25,"Arequipa · aleatorio 42 · N-S constante 0° · mono · alineadas ×2 · 6 filas · az 0°",21-dic,760,32.4005,107.6058,0.0000,17,0.000000e+0,-55,1
25,"Arequipa · aleatorio 42 · N-S constante 0° · mono · alineadas ×2 · 6 filas · az 0°",21-dic,780,36.9680,107.1676,0.0000,17,0.000000e+0,-55,1
25,"Arequipa · aleatorio 42 · N-S constante 0° · mono · alineadas ×2 · 6 filas · az 0°",21-dic,800,41.5453,106.8854,0.0000,17,0.000000e+0,-55,1
25,"Arequipa · aleatorio 42 · N-S constante 0° · mono · alineadas ×2 · 6 filas · az 0°",21-dic,820,46.1277,106.7892,0.0000,17,0.000000e+0,-55,1
25,"Arequipa · aleatorio 42 · N-S constante 0° · mono · alineadas ×2 · 6 filas · az 0°",21-dic,840,50.7102,106.9266,0.0000,17,0.000000e+0,-55,1
25,"Arequipa · aleatorio 42 · N-S constante 0° · mono · alineadas ×2 · 6 filas · az 0°",21-dic,860,55.2860,107.3727,0.0000,17,0.000000e+0,-55,1
25,"Arequipa · aleatorio 42 · N-S constante 0° · mono · alineadas ×2 · 6 filas · az 0°",21-dic,880,59.8457,108.2507,0.0000,17,0.000000e+0,-55,1
25,"Arequipa · aleatorio 42 · N-S constante 0° · mono · alineadas ×2 · 6 filas · az 0°",21-dic,900,64.3745,109.7715,0.0000,17,0.000000e+0,-55,1
25,"Arequipa · aleatorio 42 · N-S constante 0° · mono · alineadas ×2 · 6 filas · az 0°",21-dic,920,68.8464,112.3221,0.0000,17,0.000000e+0,-55,1
25,"Arequipa · aleatorio 42 · N-S constante 0° · mono · alineadas ×2 · 6 filas · az 0°",21-dic,940,73.2097,116.6755,0.0000,17,0.000000e+0,-55,1
25,"Arequipa · aleatorio 42 · N-S constante 0° · mono · alineadas ×2 · 6 filas · az 0°",21-dic,960,77.3452,124.5416,0.0000,17,0.000000e+0,-55,1
25,"Arequipa · aleatorio 42 · N-S constante 0° · mono · alineadas ×2 · 6 filas · az 0°",21-dic,980,80.9293,139.9625,0.0000,17,0.000000e+0,-55,1
25,"Arequipa · aleatorio 42 · N-S constante 0° · mono · alineadas ×2 · 6 filas · az 0°",21-dic,1000,83.0437,169.7235,0.0000,17,0.000000e+0,-55,1
25,"Arequipa · aleatorio 42 · N-S constante 0° · mono · alineadas ×2 · 6 filas · az 0°",21-dic,1020,82.3507,206.0083,0.0000,17,0.000000e+0,-55,1
25,"Arequipa · aleatorio 42 · N-S constante 0° · mono · alineadas ×2 · 6 filas · az 0°",21-dic,1040,79.3872,228.4830,0.0000,17,0.000000e+0,-55,1
25,"Arequipa · aleatorio 42 · N-S constante 0° · mono · alineadas ×2 · 6 filas · az 0°",21-dic,1060,75.4845,239.6903,0.0000,17,0.000000e+0,-55,1
25,"Arequipa · aleatorio 42 · N-S constante 0° · mono · alineadas ×2 · 6 filas · az 0°",21-dic,1080,71.2217,245.6266,0.0000,17,0.000000e+0,-55,1
25,"Arequipa · aleatorio 42 · N-S constante 0° · mono · alineadas ×2 · 6 filas · az 0°",21-dic,1100,66.7992,249.0147,0.0000,17,0.000000e+0,-55,1
25,"Arequipa · aleatorio 42 · N-S constante 0° · mono · alineadas ×2 · 6 filas · az 0°",21-dic,1120,62.2968,251.0263,0.0000,17,0.000000e+0,-55,1
25,"Arequipa · aleatorio 42 · N-S constante 0° · mono · alineadas ×2 · 6 filas · az 0°",21-dic,1140,57.7514,252.2170,0.0000,17,0.000000e+0,-55,1
25,"Arequipa · aleatorio 42 · N-S constante 0° · mono · alineadas ×2 · 6 filas · az 0°",21-dic,1160,53.1829,252.8767,0.0000,17,0.000000e+0,-55,1
25,"Arequipa · aleatorio 42 · N-S constante 0° · mono · alineadas ×2 · 6 filas · az 0°",21-dic,1180,48.6031,253.1691,0.0000,17,0.000000e+0,-55,1
25,"Arequipa · aleatorio 42 · N-S constante 0° · mono · alineadas ×2 · 6 filas · az 0°",21-dic,1200,44.0199,253.1917,0.0000,17,0.000000e+0,-55,1
25,"Arequipa · aleatorio 42 · N-S constante 0° · mono · alineadas ×2 · 6 filas · az 0°",21-dic,1220,39.4393,253.0053,0.0000,17,0.000000e+0,-55,1
25,"Arequipa · aleatorio 42 · N-S constante 0° · mono · alineadas ×2 · 6 filas · az 0°",21-dic,1240,34.8660,252.6483,0.0000,17,0.000000e+0,-55,1
25,"Arequipa · aleatorio 42 · N-S constante 0° · mono · alineadas ×2 · 6 filas · az 0°",21-dic,1260,30.3044,252.1454,0.0000,17,0.000000e+0,-55,1
25,"Arequipa · aleatorio 42 · N-S constante 0° · mono · alineadas ×2 · 6 filas · az 0°",21-dic,1280,25.7587,251.5118,0.0000,17,0.000000e+0,-48,1
25,"Arequipa · aleatorio 42 · N-S constante 0° · mono · alineadas ×2 · 6 filas · az 0°",21-dic,1300,21.2337,250.7559,0.0000,17,0.000000e+0,-28.5,1
25,"Arequipa · aleatorio 42 · N-S constante 0° · mono · alineadas ×2 · 6 filas · az 0°",21-dic,1320,16.7351,249.8813,0.0000,17,0.000000e+0,-17.5,1
25,"Arequipa · aleatorio 42 · N-S constante 0° · mono · alineadas ×2 · 6 filas · az 0°",21-dic,1340,12.2712,248.8874,0.0000,17,0.000000e+0,-9,1
25,"Arequipa · aleatorio 42 · N-S constante 0° · mono · alineadas ×2 · 6 filas · az 0°",21-dic,1360,7.8581,247.7702,0.0000,17,0.000000e+0,-1.5,1
25,"Arequipa · aleatorio 42 · N-S constante 0° · mono · alineadas ×2 · 6 filas · az 0°",21-dic,1380,3.5464,246.5223,0.0000,33,0.000000e+0,2.5,1
26,"Zaragoza · pendiente 6 · N-S aleatorio 2° · quebrado · alineadas ×1 · 8 filas · az 15°",21-jun,300,4.3153,62.0288,3.7183,64,1.747271e-2,-6,0
26,"Zaragoza · pendiente 6 · N-S aleatorio 2° · quebrado · alineadas ×1 · 8 filas · az 15°",21-jun,320,7.5953,65.1785,3.7183,33,0.000000e+0,-12.5,1
26,"Zaragoza · pendiente 6 · N-S aleatorio 2° · quebrado · alineadas ×1 · 8 filas · az 15°",21-jun,340,10.9965,68.2578,3.7183,33,0.000000e+0,-19,1
26,"Zaragoza · pendiente 6 · N-S aleatorio 2° · quebrado · alineadas ×1 · 8 filas · az 15°",21-jun,360,14.4858,71.2858,3.7183,33,0.000000e+0,-31.5,1
26,"Zaragoza · pendiente 6 · N-S aleatorio 2° · quebrado · alineadas ×1 · 8 filas · az 15°",21-jun,380,18.0452,74.2827,3.7183,33,0.000000e+0,-44,1
26,"Zaragoza · pendiente 6 · N-S aleatorio 2° · quebrado · alineadas ×1 · 8 filas · az 15°",21-jun,400,21.6612,77.2704,3.7183,33,0.000000e+0,-55,1
26,"Zaragoza · pendiente 6 · N-S aleatorio 2° · quebrado · alineadas ×1 · 8 filas · az 15°",21-jun,420,25.3226,80.2731,3.7183,33,0.000000e+0,-55,1
26,"Zaragoza · pendiente 6 · N-S aleatorio 2° · quebrado · alineadas ×1 · 8 filas · az 15°",21-jun,440,29.0187,83.3183,3.7183,33,0.000000e+0,-55,1
26,"Zaragoza · pendiente 6 · N-S aleatorio 2° · quebrado · alineadas ×1 · 8 filas · az 15°",21-jun,460,32.7391,86.4376,3.7183,33,0.000000e+0,-55,1
26,"Zaragoza · pendiente 6 · N-S aleatorio 2° · quebrado · alineadas ×1 · 8 filas · az 15°",21-jun,480,36.4729,89.6687,3.7183,33,0.000000e+0,-55,1
26,"Zaragoza · pendiente 6 · N-S aleatorio 2° · quebrado · alineadas ×1 · 8 filas · az 15°",21-jun,500,40.2084,93.0578,3.7183,33,0.000000e+0,-55,1
26,"Zaragoza · pendiente 6 · N-S aleatorio 2° · quebrado · alineadas ×1 · 8 filas · az 15°",21-jun,520,43.9319,96.6624,3.7183,33,0.000000e+0,-55,1
26,"Zaragoza · pendiente 6 · N-S aleatorio 2° · quebrado · alineadas ×1 · 8 filas · az 15°",21-jun,540,47.6271,100.5563,3.7183,33,0.000000e+0,-55,1
26,"Zaragoza · pendiente 6 · N-S aleatorio 2° · quebrado · alineadas ×1 · 8 filas · az 15°",21-jun,560,51.2734,104.8355,3.7183,33,0.000000e+0,-55,1
26,"Zaragoza · pendiente 6 · N-S aleatorio 2° · quebrado · alineadas ×1 · 8 filas · az 15°",21-jun,580,54.8437,109.6272,3.7183,33,0.000000e+0,-55,1
26,"Zaragoza · pendiente 6 · N-S aleatorio 2° · quebrado · alineadas ×1 · 8 filas · az 15°",21-jun,600,58.3011,115.1015,3.7183,33,0.000000e+0,-55,1
26,"Zaragoza · pendiente 6 · N-S aleatorio 2° · quebrado · alineadas ×1 · 8 filas · az 15°",21-jun,620,61.5938,121.4838,3.7183,33,0.000000e+0,-55,1
26,"Zaragoza · pendiente 6 · N-S aleatorio 2° · quebrado · alineadas ×1 · 8 filas · az 15°",21-jun,640,64.6480,129.0638,3.7183,33,0.000000e+0,-55,1
26,"Zaragoza · pendiente 6 · N-S aleatorio 2° · quebrado · alineadas ×1 · 8 filas · az 15°",21-jun,660,67.3579,138.1801,3.7183,33,0.000000e+0,-55,1
26,"Zaragoza · pendiente 6 · N-S aleatorio 2° · quebrado · alineadas ×1 · 8 filas · az 15°",21-jun,680,69.5784,149.1387,3.7183,33,0.000000e+0,-55,1
26,"Zaragoza · pendiente 6 · N-S aleatorio 2° · quebrado · alineadas ×1 · 8 filas · az 15°",21-jun,700,71.1301,162.0059,3.7183,33,0.000000e+0,-55,1
26,"Zaragoza · pendiente 6 · N-S aleatorio 2° · quebrado · alineadas ×1 · 8 filas · az 15°",21-jun,720,71.8368,176.3074,3.7183,33,0.000000e+0,-55,1
26,"Zaragoza · pendiente 6 · N-S aleatorio 2° · quebrado · alineadas ×1 · 8 filas · az 15°",21-jun,740,71.5993,190.9409,3.7183,33,0.000000e+0,-55,1
26,"Zaragoza · pendiente 6 · N-S aleatorio 2° · quebrado · alineadas ×1 · 8 filas · az 15°",21-jun,760,70.4524,204.6300,3.7183,33,0.000000e+0,-55,1
26,"Zaragoza · pendiente 6 · N-S aleatorio 2° · quebrado · alineadas ×1 · 8 filas · az 15°",21-jun,780,68.5438,216.5649,3.7183,33,0.000000e+0,-55,1
26,"Zaragoza · pendiente 6 · N-S aleatorio 2° · quebrado · alineadas ×1 · 8 filas · az 15°",21-jun,800,66.0587,226.5756,3.7183,33,0.000000e+0,-55,1
26,"Zaragoza · pendiente 6 · N-S aleatorio 2° · quebrado · alineadas ×1 · 8 filas · az 15°",21-jun,820,63.1617,234.8830,3.7183,33,0.000000e+0,-55,1
26,"Zaragoza · pendiente 6 · N-S aleatorio 2° · quebrado · alineadas ×1 · 8 filas · az 15°",21-jun,840,59.9777,241.8261,3.7183,33,0.000000e+0,-55,1
26,"Zaragoza · pendiente 6 · N-S aleatorio 2° · quebrado · alineadas ×1 · 8 filas · az 15°",21-jun,860,56.5952,247.7238,3.7183,33,0.000000e+0,-55,1
26,"Zaragoza · pendiente 6 · N-S aleatorio 2° · quebrado · alineadas ×1 · 8 filas · az 15°",21-jun,880,53.0761,252.8336,3.7183,33,0.000000e+0,-55,1
26,"Zaragoza · pendiente 6 · N-S aleatorio 2° · quebrado · alineadas ×1 · 8 filas · az 15°",21-jun,900,49.4641,257.3516,3.7183,33,0.000000e+0,-55,1
26,"Zaragoza · pendiente 6 · N-S aleatorio 2° · quebrado · alineadas ×1 · 8 filas · az 15°",21-jun,920,45.7905,261.4251,3.7183,33,0.000000e+0,-55,1
26,"Zaragoza · pendiente 6 · N-S aleatorio 2° · quebrado · alineadas ×1 · 8 filas · az 15°",21-jun,940,42.0789,265.1644,3.7183,33,0.000000e+0,-28.5,1
26,"Zaragoza · pendiente 6 · N-S aleatorio 2° · quebrado · alineadas ×1 · 8 filas · az 15°",21-jun,960,38.3476,268.6535,3.7183,33,0.000000e+0,-9,1
26,"Zaragoza · pendiente 6 · N-S aleatorio 2° · quebrado · alineadas ×1 · 8 filas · az 15°",21-jun,980,34.6113,271.9575,3.7183,33,0.000000e+0,2,1
26,"Zaragoza · pendiente 6 · N-S aleatorio 2° · quebrado · alineadas ×1 · 8 filas · az 15°",21-jun,1000,30.8827,275.1277,3.7183,33,0.000000e+0,10.5,1
26,"Zaragoza · pendiente 6 · N-S aleatorio 2° · quebrado · alineadas ×1 · 8 filas · az 15°",21-jun,1020,27.1731,278.2058,3.7183,33,0.000000e+0,18,1
26,"Zaragoza · pendiente 6 · N-S aleatorio 2° · quebrado · alineadas ×1 · 8 filas · az 15°",21-jun,1040,23.4930,281.2261,3.7183,33,0.000000e+0,23,1
26,"Zaragoza · pendiente 6 · N-S aleatorio 2° · quebrado · alineadas ×1 · 8 filas · az 15°",21-jun,1060,19.8529,284.2181,3.7183,33,0.000000e+0,20,1
26,"Zaragoza · pendiente 6 · N-S aleatorio 2° · quebrado · alineadas ×1 · 8 filas · az 15°",21-jun,1080,16.2635,287.2075,3.7183,33,5.347290e-3,16.5,0
26,"Zaragoza · pendiente 6 · N-S aleatorio 2° · quebrado · alineadas ×1 · 8 filas · az 15°",21-jun,1100,12.7372,290.2173,3.7183,33,5.063489e-4,13,0
26,"Zaragoza · pendiente 6 · N-S aleatorio 2° · quebrado · alineadas ×1 · 8 filas · az 15°",21-jun,1120,9.2889,293.2684,3.7183,33,2.947261e-2,9,0
26,"Zaragoza · pendiente 6 · N-S aleatorio 2° · quebrado · alineadas ×1 · 8 filas · az 15°",21-jun,1140,5.9421,296.3805,3.7183,64,8.935157e-2,6,0
26,"Zaragoza · pendiente 6 · N-S aleatorio 2° · quebrado · alineadas ×1 · 8 filas · az 15°",21-jun,1160,2.7509,299.5720,3.7183,64,1.803868e-2,3,0
26,"Zaragoza · pendiente 6 · N-S aleatorio 2° · quebrado · alineadas ×1 · 8 filas · az 15°",21-mar,380,2.2529,91.3999,3.7183,64,8.604317e-3,-2,0
26,"Zaragoza · pendiente 6 · N-S aleatorio 2° · quebrado · alineadas ×1 · 8 filas · az 15°",21-mar,400,5.8504,94.7292,3.7183,64,2.506330e-3,-6,0
26,"Zaragoza · pendiente 6 · N-S aleatorio 2° · quebrado · alineadas ×1 · 8 filas · az 15°",21-mar,420,9.5200,98.1006,3.7183,33,0.000000e+0,-10,1
26,"Zaragoza · pendiente 6 · N-S aleatorio 2° · quebrado · alineadas ×1 · 8 filas · az 15°",21-mar,440,13.1842,101.5436,3.7183,33,0.000000e+0,-13.5,1
26,"Zaragoza · pendiente 6 · N-S aleatorio 2° · quebrado · alineadas ×1 · 8 filas · az 15°",21-mar,460,16.8132,105.0894,3.7183,33,0.000000e+0,-26,1
26,"Zaragoza · pendiente 6 · N-S aleatorio 2° · quebrado · alineadas ×1 · 8 filas · az 15°",21-mar,480,20.3859,108.7709,3.7183,33,0.000000e+0,-39,1
26,"Zaragoza · pendiente 6 · N-S aleatorio 2° · quebrado · alineadas ×1 · 8 filas · az 15°",21-mar,500,23.8823,112.6235,3.7183,33,0.000000e+0,-54,1
26,"Zaragoza · pendiente 6 · N-S aleatorio 2° · quebrado · alineadas ×1 · 8 filas · az 15°",21-mar,520,27.2812,116.6855,3.7183,33,0.000000e+0,-55,1
26,"Zaragoza · pendiente 6 · N-S aleatorio 2° · quebrado · alineadas ×1 · 8 filas · az 15°",21-mar,540,30.5584,120.9974,3.7183,33,0.000000e+0,-55,1
26,"Zaragoza · pendiente 6 · N-S aleatorio 2° · quebrado · alineadas ×1 · 8 filas · az 15°",21-mar,560,33.6866,125.6019,3.7183,33,0.000000e+0,-55,1
26,"Zaragoza · pendiente 6 · N-S aleatorio 2° · quebrado · alineadas ×1 · 8 filas · az 15°",21-mar,580,36.6339,130.5419,3.7183,33,0.000000e+0,-55,1
26,"Zaragoza · pendiente 6 · N-S aleatorio 2° · quebrado · alineadas ×1 · 8 filas · az 15°",21-mar,600,39.3642,135.8579,3.7183,33,0.000000e+0,-55,1
26,"Zaragoza · pendiente 6 · N-S aleatorio 2° · quebrado · alineadas ×1 · 8 filas · az 15°",21-mar,620,41.8362,141.5831,3.7183,33,0.000000e+0,-55,1
26,"Zaragoza · pendiente 6 · N-S aleatorio 2° · quebrado · alineadas ×1 · 8 filas · az 15°",21-mar,640,44.0046,147.7369,3.7183,33,0.000000e+0,-55,1
26,"Zaragoza · pendiente 6 · N-S aleatorio 2° · quebrado · alineadas ×1 · 8 filas · az 15°",21-mar,660,45.8219,154.3164,3.7183,33,0.000000e+0,-55,1
26,"Zaragoza · pendiente 6 · N-S aleatorio 2° · quebrado · alineadas ×1 · 8 filas · az 15°",21-mar,680,47.2408,161.2877,3.7183,33,0.000000e+0,-55,1
26,"Zaragoza · pendiente 6 · N-S aleatorio 2° · quebrado · alineadas ×1 · 8 filas · az 15°",21-mar,700,48.2189,168.5799,3.7183,33,0.000000e+0,-55,1
26,"Zaragoza · pendiente 6 · N-S aleatorio 2° · quebrado · alineadas ×1 · 8 filas · az 15°",21-mar,720,48.7237,176.0853,3.7183,33,0.000000e+0,-55,1
26,"Zaragoza · pendiente 6 · N-S aleatorio 2° · quebrado · alineadas ×1 · 8 filas · az 15°",21-mar,740,48.7373,183.6681,3.7183,33,0.000000e+0,-55,1
26,"Zaragoza · pendiente 6 · N-S aleatorio 2° · quebrado · alineadas ×1 · 8 filas · az 15°",21-mar,760,48.2591,191.1814,3.7183,33,0.000000e+0,-55,1
26,"Zaragoza · pendiente 6 · N-S aleatorio 2° · quebrado · alineadas ×1 · 8 filas · az 15°",21-mar,780,47.3064,198.4885,3.7183,33,0.000000e+0,-55,1
26,"Zaragoza · pendiente 6 · N-S aleatorio 2° · quebrado · alineadas ×1 · 8 filas · az 15°",21-mar,800,45.9109,205.4797,3.7183,33,0.000000e+0,-55,1
26,"Zaragoza · pendiente 6 · N-S aleatorio 2° · quebrado · alineadas ×1 · 8 filas · az 15°",21-mar,820,44.1149,212.0823,3.7183,33,0.000000e+0,-55,1
26,"Zaragoza · pendiente 6 · N-S aleatorio 2° · quebrado · alineadas ×1 · 8 filas · az 15°",21-mar,840,41.9653,218.2604,3.7183,33,0.000000e+0,-55,1
26,"Zaragoza · pendiente 6 · N-S aleatorio 2° · quebrado · alineadas ×1 · 8 filas · az 15°",21-mar,860,39.5099,224.0098,3.7183,33,0.000000e+0,-55,1
26,"Zaragoza · pendiente 6 · N-S aleatorio 2° · quebrado · alineadas ×1 · 8 filas · az 15°",21-mar,880,36.7942,229.3489,3.7183,33,0.000000e+0,-55,1
26,"Zaragoza · pendiente 6 · N-S aleatorio 2° · quebrado · alineadas ×1 · 8 filas · az 15°",21-mar,900,33.8596,234.3105,3.7183,33,0.000000e+0,-55,1
26,"Zaragoza · pendiente 6 · N-S aleatorio 2° · quebrado · alineadas ×1 · 8 filas · az 15°",21-mar,920,30.7428,238.9347,3.7183,33,0.000000e+0,-15.5,1
26,"Zaragoza · pendiente 6 · N-S aleatorio 2° · quebrado · alineadas ×1 · 8 filas · az 15°",21-mar,940,27.4756,243.2645,3.7183,33,0.000000e+0,1,1
26,"Zaragoza · pendiente 6 · N-S aleatorio 2° · quebrado · alineadas ×1 · 8 filas · az 15°",21-mar,960,24.0859,247.3426,3.7183,33,0.000000e+0,12.5,1
26,"Zaragoza · pendiente 6 · N-S aleatorio 2° · quebrado · alineadas ×1 · 8 filas · az 15°",21-mar,980,20.5978,251.2099,3.7183,33,0.000000e+0,22,1
26,"Zaragoza · pendiente 6 · N-S aleatorio 2° · quebrado · alineadas ×1 · 8 filas · az 15°",21-mar,1000,17.0327,254.9045,3.7183,33,0.000000e+0,19.5,1
26,"Zaragoza · pendiente 6 · N-S aleatorio 2° · quebrado · alineadas ×1 · 8 filas · az 15°",21-mar,1020,13.4108,258.4622,3.7183,33,4.405614e-3,14.5,0
26,"Zaragoza · pendiente 6 · N-S aleatorio 2° · quebrado · alineadas ×1 · 8 filas · az 15°",21-mar,1040,9.7530,261.9160,3.7183,33,3.111327e-2,10,0
26,"Zaragoza · pendiente 6 · N-S aleatorio 2° · quebrado · alineadas ×1 · 8 filas · az 15°",21-mar,1060,6.0879,265.2972,3.7183,33,1.637487e-1,6,0
26,"Zaragoza · pendiente 6 · N-S aleatorio 2° · quebrado · alineadas ×1 · 8 filas · az 15°",21-mar,1080,2.4866,268.6354,3.7183,64,2.605863e-2,2.5,0
26,"Zaragoza · pendiente 6 · N-S aleatorio 2° · quebrado · alineadas ×1 · 8 filas · az 15°",21-dic,480,4.5444,126.9401,3.7183,64,1.508153e-2,-5,0
26,"Zaragoza · pendiente 6 · N-S aleatorio 2° · quebrado · alineadas ×1 · 8 filas · az 15°",21-dic,500,7.4023,130.4970,3.7183,33,2.396298e-2,-7.5,0
26,"Zaragoza · pendiente 6 · N-S aleatorio 2° · quebrado · alineadas ×1 · 8 filas · az 15°",21-dic,520,10.1358,134.1991,3.7183,33,0.000000e+0,-11,1
26,"Zaragoza · pendiente 6 · N-S aleatorio 2° · quebrado · alineadas ×1 · 8 filas · az 15°",21-dic,540,12.7098,138.0581,3.7183,33,0.000000e+0,-24.5,1
26,"Zaragoza · pendiente 6 · N-S aleatorio 2° · quebrado · alineadas ×1 · 8 filas · az 15°",21-dic,560,15.0987,142.0828,3.7183,33,0.000000e+0,-37.5,1
26,"Zaragoza · pendiente 6 · N-S aleatorio 2° · quebrado · alineadas ×1 · 8 filas · az 15°",21-dic,580,17.2795,146.2782,3.7183,33,0.000000e+0,-51.5,1
26,"Zaragoza · pendiente 6 · N-S aleatorio 2° · quebrado · alineadas ×1 · 8 filas · az 15°",21-dic,600,19.2301,150.6447,3.7183,33,0.000000e+0,-55,1
26,"Zaragoza · pendiente 6 · N-S aleatorio 2° · quebrado · alineadas ×1 · 8 filas · az 15°",21-dic,620,20.9291,155.1771,3.7183,33,0.000000e+0,-55,1
26,"Zaragoza · pendiente 6 · N-S aleatorio 2° · quebrado · alineadas ×1 · 8 filas · az 15°",21-dic,640,22.3561,159.8636,3.7183,33,0.000000e+0,-55,1
26,"Zaragoza · pendiente 6 · N-S aleatorio 2° · quebrado · alineadas ×1 · 8 filas · az 15°",21-dic,660,23.4927,164.6856,3.7183,33,0.000000e+0,-55,1
26,"Zaragoza · pendiente 6 · N-S aleatorio 2° · quebrado · alineadas ×1 · 8 filas · az 15°",21-dic,680,24.3230,169.6174,3.7183,33,0.000000e+0,-55,1
26,"Zaragoza · pendiente 6 · N-S aleatorio 2° · quebrado · alineadas ×1 · 8 filas · az 15°",21-dic,700,24.8347,174.6273,3.7183,33,0.000000e+0,-55,1
26,"Zaragoza · pendiente 6 · N-S aleatorio 2° · quebrado · alineadas ×1 · 8 filas · az 15°",21-dic,720,25.0202,179.6788,3.7183,33,0.000000e+0,-55,1
26,"Zaragoza · pendiente 6 · N-S aleatorio 2° · quebrado · alineadas ×1 · 8 filas · az 15°",21-dic,740,24.8764,184.7327,3.7183,33,0.000000e+0,-55,1
26,"Zaragoza · pendiente 6 · N-S aleatorio 2° · quebrado · alineadas ×1 · 8 filas · az 15°",21-dic,760,24.4057,189.7500,3.7183,33,0.000000e+0,-55,1
26,"Zaragoza · pendiente 6 · N-S aleatorio 2° · quebrado · alineadas ×1 · 8 filas · az 15°",21-dic,780,23.6152,194.6936,3.7183,33,0.000000e+0,-55,1
26,"Zaragoza · pendiente 6 · N-S aleatorio 2° · quebrado · alineadas ×1 · 8 filas · az 15°",21-dic,800,22.5166,199.5310,3.7183,33,0.000000e+0,-55,1
26,"Zaragoza · pendiente 6 · N-S aleatorio 2° · quebrado · alineadas ×1 · 8 filas · az 15°",21-dic,820,21.1254,204.2358,3.7183,33,0.000000e+0,-55,1
26,"Zaragoza · pendiente 6 · N-S aleatorio 2° · quebrado · alineadas ×1 · 8 filas · az 15°",21-dic,840,19.4598,208.7885,3.7183,33,0.000000e+0,-55,1
26,"Zaragoza · pendiente 6 · N-S aleatorio 2° · quebrado · alineadas ×1 · 8 filas · az 15°",21-dic,860,17.5399,213.1765,3.7183,33,0.000000e+0,-55,1
26,"Zaragoza · pendiente 6 · N-S aleatorio 2° · quebrado · alineadas ×1 · 8 filas · az 15°",21-dic,880,15.3871,217.3936,3.7183,33,0.000000e+0,-6,1
26,"Zaragoza · pendiente 6 · N-S aleatorio 2° · quebrado · alineadas ×1 · 8 filas · az 15°",21-dic,900,13.0234,221.4397,3.7183,33,0.000000e+0,12.5,1
26,"Zaragoza · pendiente 6 · N-S aleatorio 2° · quebrado · alineadas ×1 · 8 filas · az 15°",21-dic,920,10.4715,225.3193,3.7183,33,0.000000e+0,23,1
26,"Zaragoza · pendiente 6 · N-S aleatorio 2° · quebrado · alineadas ×1 · 8 filas · az 15°",21-dic,940,7.7566,229.0407,3.7183,33,3.297346e-2,13.5,0
26,"Zaragoza · pendiente 6 · N-S aleatorio 2° · quebrado · alineadas ×1 · 8 filas · az 15°",21-dic,960,4.9112,232.6152,3.7183,64,2.061388e-1,6,0
26,"Zaragoza · pendiente 6 · N-S aleatorio 2° · quebrado · alineadas ×1 · 8 filas · az 15°",21-dic,980,2.0112,236.0562,3.7183,64,1.304823e-1,4.5,0
27,"Zaragoza · valle 1 · N-S quebrado 2° · bifila · tresbolillo ×1 · 10 filas · az 0°",21-jun,300,4.3153,62.0288,2.0000,64,0.000000e+0,-8,1
27,"Zaragoza · valle 1 · N-S quebrado 2° · bifila · tresbolillo ×1 · 10 filas · az 0°",21-jun,320,7.5953,65.1785,2.0000,33,0.000000e+0,-25.5,1
27,"Zaragoza · valle 1 · N-S quebrado 2° · bifila · tresbolillo ×1 · 10 filas · az 0°",21-jun,340,10.9965,68.2578,2.0000,33,0.000000e+0,-38,1
27,"Zaragoza · valle 1 · N-S quebrado 2° · bifila · tresbolillo ×1 · 10 filas · az 0°",21-jun,360,14.4858,71.2858,2.0000,33,0.000000e+0,-50.5,1
27,"Zaragoza · valle 1 · N-S quebrado 2° · bifila · tresbolillo ×1 · 10 filas · az 0°",21-jun,380,18.0452,74.2827,2.0000,33,0.000000e+0,-55,1
27,"Zaragoza · valle 1 · N-S quebrado 2° · bifila · tresbolillo ×1 · 10 filas · az 0°",21-jun,400,21.6612,77.2704,2.0000,33,0.000000e+0,-55,1
27,"Zaragoza · valle 1 · N-S quebrado 2° · bifila · tresbolillo ×1 · 10 filas · az 0°",21-jun,420,25.3226,80.2731,2.0000,33,0.000000e+0,-55,1
27,"Zaragoza · valle 1 · N-S quebrado 2° · bifila · tresbolillo ×1 · 10 filas · az 0°",21-jun,440,29.0187,83.3183,2.0000,33,0.000000e+0,-55,1
27,"Zaragoza · valle 1 · N-S quebrado 2° · bifila · tresbolillo ×1 · 10 filas · az 0°",21-jun,460,32.7391,86.4376,2.0000,33,0.000000e+0,-55,1
27,"Zaragoza · valle 1 · N-S quebrado 2° · bifila · tresbolillo ×1 · 10 filas · az 0°",21-jun,480,36.4729,89.6687,2.0000,33,0.000000e+0,-55,1
27,"Zaragoza · valle 1 · N-S quebrado 2° · bifila · tresbolillo ×1 · 10 filas · az 0°",21-jun,500,40.2084,93.0578,2.0000,33,0.000000e+0,-55,1
27,"Zaragoza · valle 1 · N-S quebrado 2° · bifila · tresbolillo ×1 · 10 filas · az 0°",21-jun,520,43.9319,96.6624,2.0000,33,0.000000e+0,-55,1
27,"Zaragoza · valle 1 · N-S quebrado 2° · bifila · tresbolillo ×1 · 10 filas · az 0°",21-jun,540,47.6271,100.5563,2.0000,33,0.000000e+0,-55,1
27,"Zaragoza · valle 1 · N-S quebrado 2° · bifila · tresbolillo ×1 · 10 filas · az 0°",21-jun,560,51.2734,104.8355,2.0000,33,0.000000e+0,-55,1
27,"Zaragoza · valle 1 · N-S quebrado 2° · bifila · tresbolillo ×1 · 10 filas · az 0°",21-jun,580,54.8437,109.6272,2.0000,33,0.000000e+0,-55,1
27,"Zaragoza · valle 1 · N-S quebrado 2° · bifila · tresbolillo ×1 · 10 filas · az 0°",21-jun,600,58.3011,115.1015,2.0000,33,0.000000e+0,-55,1
27,"Zaragoza · valle 1 · N-S quebrado 2° · bifila · tresbolillo ×1 · 10 filas · az 0°",21-jun,620,61.5938,121.4838,2.0000,33,0.000000e+0,-55,1
27,"Zaragoza · valle 1 · N-S quebrado 2° · bifila · tresbolillo ×1 · 10 filas · az 0°",21-jun,640,64.6480,129.0638,2.0000,33,0.000000e+0,-55,1
27,"Zaragoza · valle 1 · N-S quebrado 2° · bifila · tresbolillo ×1 · 10 filas · az 0°",21-jun,660,67.3579,138.1801,2.0000,33,0.000000e+0,-55,1
27,"Zaragoza · valle 1 · N-S quebrado 2° · bifila · tresbolillo ×1 · 10 filas · az 0°",21-jun,680,69.5784,149.1387,2.0000,33,0.000000e+0,-55,1
27,"Zaragoza · valle 1 · N-S quebrado 2° · bifila · tresbolillo ×1 · 10 filas · az 0°",21-jun,700,71.1301,162.0059,2.0000,33,0.000000e+0,-55,1
27,"Zaragoza · valle 1 · N-S quebrado 2° · bifila · tresbolillo ×1 · 10 filas · az 0°",21-jun,720,71.8368,176.3074,2.0000,33,0.000000e+0,-55,1
27,"Zaragoza · valle 1 · N-S quebrado 2° · bifila · tresbolillo ×1 · 10 filas · az 0°",21-jun,740,71.5993,190.9409,2.0000,33,0.000000e+0,-55,1
27,"Zaragoza · valle 1 · N-S quebrado 2° · bifila · tresbolillo ×1 · 10 filas · az 0°",21-jun,760,70.4524,204.6300,2.0000,33,0.000000e+0,-55,1
27,"Zaragoza · valle 1 · N-S quebrado 2° · bifila · tresbolillo ×1 · 10 filas · az 0°",21-jun,780,68.5438,216.5649,2.0000,33,0.000000e+0,-55,1
27,"Zaragoza · valle 1 · N-S quebrado 2° · bifila · tresbolillo ×1 · 10 filas · az 0°",21-jun,800,66.0587,226.5756,2.0000,33,0.000000e+0,-55,1
27,"Zaragoza · valle 1 · N-S quebrado 2° · bifila · tresbolillo ×1 · 10 filas · az 0°",21-jun,820,63.1617,234.8830,2.0000,33,0.000000e+0,-55,1
27,"Zaragoza · valle 1 · N-S quebrado 2° · bifila · tresbolillo ×1 · 10 filas · az 0°",21-jun,840,59.9777,241.8261,2.0000,33,0.000000e+0,-55,1
27,"Zaragoza · valle 1 · N-S quebrado 2° · bifila · tresbolillo ×1 · 10 filas · az 0°",21-jun,860,56.5952,247.7238,2.0000,33,0.000000e+0,-55,1
27,"Zaragoza · valle 1 · N-S quebrado 2° · bifila · tresbolillo ×1 · 10 filas · az 0°",21-jun,880,53.0761,252.8336,2.0000,33,0.000000e+0,-55,1
27,"Zaragoza · valle 1 · N-S quebrado 2° · bifila · tresbolillo ×1 · 10 filas · az 0°",21-jun,900,49.4641,257.3516,2.0000,33,0.000000e+0,-55,1
27,"Zaragoza · valle 1 · N-S quebrado 2° · bifila · tresbolillo ×1 · 10 filas · az 0°",21-jun,920,45.7905,261.4251,2.0000,33,0.000000e+0,-55,1
27,"Zaragoza · valle 1 · N-S quebrado 2° · bifila · tresbolillo ×1 · 10 filas · az 0°",21-jun,940,42.0789,265.1644,2.0000,33,0.000000e+0,-55,1
27,"Zaragoza · valle 1 · N-S quebrado 2° · bifila · tresbolillo ×1 · 10 filas · az 0°",21-jun,960,38.3476,268.6535,2.0000,33,0.000000e+0,-55,1
27,"Zaragoza · valle 1 · N-S quebrado 2° · bifila · tresbolillo ×1 · 10 filas · az 0°",21-jun,980,34.6113,271.9575,2.0000,33,0.000000e+0,-43,1
27,"Zaragoza · valle 1 · N-S quebrado 2° · bifila · tresbolillo ×1 · 10 filas · az 0°",21-jun,1000,30.8827,275.1277,2.0000,33,0.000000e+0,-24,1
27,"Zaragoza · valle 1 · N-S quebrado 2° · bifila · tresbolillo ×1 · 10 filas · az 0°",21-jun,1020,27.1731,278.2058,2.0000,33,0.000000e+0,-14,1
27,"Zaragoza · valle 1 · N-S quebrado 2° · bifila · tresbolillo ×1 · 10 filas · az 0°",21-jun,1040,23.4930,281.2261,2.0000,33,0.000000e+0,-6.5,1
27,"Zaragoza · valle 1 · N-S quebrado 2° · bifila · tresbolillo ×1 · 10 filas · az 0°",21-jun,1060,19.8529,284.2181,2.0000,33,0.000000e+0,0,1
27,"Zaragoza · valle 1 · N-S quebrado 2° · bifila · tresbolillo ×1 · 10 filas · az 0°",21-jun,1080,16.2635,287.2075,2.0000,33,0.000000e+0,6,1
27,"Zaragoza · valle 1 · N-S quebrado 2° · bifila · tresbolillo ×1 · 10 filas · az 0°",21-jun,1100,12.7372,290.2173,2.0000,33,0.000000e+0,12.5,1
27,"Zaragoza · valle 1 · N-S quebrado 2° · bifila · tresbolillo ×1 · 10 filas · az 0°",21-jun,1120,9.2889,293.2684,2.0000,33,2.319725e-2,9.5,0
27,"Zaragoza · valle 1 · N-S quebrado 2° · bifila · tresbolillo ×1 · 10 filas · az 0°",21-jun,1140,5.9421,296.3805,2.0000,64,1.613582e-2,6,0
27,"Zaragoza · valle 1 · N-S quebrado 2° · bifila · tresbolillo ×1 · 10 filas · az 0°",21-jun,1160,2.7509,299.5720,2.0000,64,3.875264e-2,2,0
27,"Zaragoza · valle 1 · N-S quebrado 2° · bifila · tresbolillo ×1 · 10 filas · az 0°",21-mar,380,2.2529,91.3999,2.0000,64,1.515785e-2,-2,0
27,"Zaragoza · valle 1 · N-S quebrado 2° · bifila · tresbolillo ×1 · 10 filas · az 0°",21-mar,400,5.8504,94.7292,2.0000,64,0.000000e+0,-7.5,1
27,"Zaragoza · valle 1 · N-S quebrado 2° · bifila · tresbolillo ×1 · 10 filas · az 0°",21-mar,420,9.5200,98.1006,2.0000,33,0.000000e+0,-27.5,1
27,"Zaragoza · valle 1 · N-S quebrado 2° · bifila · tresbolillo ×1 · 10 filas · az 0°",21-mar,440,13.1842,101.5436,2.0000,33,0.000000e+0,-41.5,1
27,"Zaragoza · valle 1 · N-S quebrado 2° · bifila · tresbolillo ×1 · 10 filas · az 0°",21-mar,460,16.8132,105.0894,2.0000,33,0.000000e+0,-55,1
27,"Zaragoza · valle 1 · N-S quebrado 2° · bifila · tresbolillo ×1 · 10 filas · az 0°",21-mar,480,20.3859,108.7709,2.0000,33,0.000000e+0,-55,1
27,"Zaragoza · valle 1 · N-S quebrado 2° · bifila · tresbolillo ×1 · 10 filas · az 0°",21-mar,500,23.8823,112.6235,2.0000,33,0.000000e+0,-55,1
27,"Zaragoza · valle 1 · N-S quebrado 2° · bifila · tresbolillo ×1 · 10 filas · az 0°",21-mar,520,27.2812,116.6855,2.0000,33,0.000000e+0,-55,1
27,"Zaragoza · valle 1 · N-S quebrado 2° · bifila · tresbolillo ×1 · 10 filas · az 0°",21-mar,540,30.5584,120.9974,2.0000,33,0.000000e+0,-55,1
27,"Zaragoza · valle 1 · N-S quebrado 2° · bifila · tresbolillo ×1 · 10 filas · az 0°",21-mar,560,33.6866,125.6019,2.0000,33,0.000000e+0,-55,1
27,"Zaragoza · valle 1 · N-S quebrado 2° · bifila · tresbolillo ×1 · 10 filas · az 0°",21-mar,580,36.6339,130.5419,2.0000,33,0.000000e+0,-55,1
27,"Zaragoza · valle 1 · N-S quebrado 2° · bifila · tresbolillo ×1 · 10 filas · az 0°",21-mar,600,39.3642,135.8579,2.0000,33,0.000000e+0,-55,1
27,"Zaragoza · valle 1 · N-S quebrado 2° · bifila · tresbolillo ×1 · 10 filas · az 0°",21-mar,620,41.8362,141.5831,2.0000,33,0.000000e+0,-55,1
27,"Zaragoza · valle 1 · N-S quebrado 2° · bifila · tresbolillo ×1 · 10 filas · az 0°",21-mar,640,44.0046,147.7369,2.0000,33,0.000000e+0,-55,1
27,"Zaragoza · valle 1 · N-S quebrado 2° · bifila · tresbolillo ×1 · 10 filas · az 0°",21-mar,660,45.8219,154.3164,2.0000,33,0.000000e+0,-55,1
27,"Zaragoza · valle 1 · N-S quebrado 2° · bifila · tresbolillo ×1 · 10 filas · az 0°",21-mar,680,47.2408,161.2877,2.0000,33,0.000000e+0,-55,1
27,"Zaragoza · valle 1 · N-S quebrado 2° · bifila · tresbolillo ×1 · 10 filas · az 0°",21-mar,700,48.2189,168.5799,2.0000,33,0.000000e+0,-55,1
27,"Zaragoza · valle 1 · N-S quebrado 2° · bifila · tresbolillo ×1 · 10 filas · az 0°",21-mar,720,48.7237,176.0853,2.0000,33,0.000000e+0,-55,1
27,"Zaragoza · valle 1 · N-S quebrado 2° · bifila · tresbolillo ×1 · 10 filas · az 0°",21-mar,740,48.7373,183.6681,2.0000,33,0.000000e+0,-55,1
27,"Zaragoza · valle 1 · N-S quebrado 2° · bifila · tresbolillo ×1 · 10 filas · az 0°",21-mar,760,48.2591,191.1814,2.0000,33,0.000000e+0,-55,1
27,"Zaragoza · valle 1 · N-S quebrado 2° · bifila · tresbolillo ×1 · 10 filas · az 0°",21-mar,780,47.3064,198.4885,2.0000,33,0.000000e+0,-55,1
27,"Zaragoza · valle 1 · N-S quebrado 2° · bifila · tresbolillo ×1 · 10 filas · az 0°",21-mar,800,45.9109,205.4797,2.0000,33,0.000000e+0,-55,1
27,"Zaragoza · valle 1 · N-S quebrado 2° · bifila · tresbolillo ×1 · 10 filas · az 0°",21-mar,820,44.1149,212.0823,2.0000,33,0.000000e+0,-55,1
27,"Zaragoza · valle 1 · N-S quebrado 2° · bifila · tresbolillo ×1 · 10 filas · az 0°",21-mar,840,41.9653,218.2604,2.0000,33,0.000000e+0,-55,1
27,"Zaragoza · valle 1 · N-S quebrado 2° · bifila · tresbolillo ×1 · 10 filas · az 0°",21-mar,860,39.5099,224.0098,2.0000,33,0.000000e+0,-55,1
27,"Zaragoza · valle 1 · N-S quebrado 2° · bifila · tresbolillo ×1 · 10 filas · az 0°",21-mar,880,36.7942,229.3489,2.0000,33,0.000000e+0,-55,1
27,"Zaragoza · valle 1 · N-S quebrado 2° · bifila · tresbolillo ×1 · 10 filas · az 0°",21-mar,900,33.8596,234.3105,2.0000,33,0.000000e+0,-55,1
27,"Zaragoza · valle 1 · N-S quebrado 2° · bifila · tresbolillo ×1 · 10 filas · az 0°",21-mar,920,30.7428,238.9347,2.0000,33,0.000000e+0,-55,1
27,"Zaragoza · valle 1 · N-S quebrado 2° · bifila · tresbolillo ×1 · 10 filas · az 0°",21-mar,940,27.4756,243.2645,2.0000,33,0.000000e+0,-24.5,1
27,"Zaragoza · valle 1 · N-S quebrado 2° · bifila · tresbolillo ×1 · 10 filas · az 0°",21-mar,960,24.0859,247.3426,2.0000,33,0.000000e+0,-12.5,1
27,"Zaragoza · valle 1 · N-S quebrado 2° · bifila · tresbolillo ×1 · 10 filas · az 0°",21-mar,980,20.5978,251.2099,2.0000,33,0.000000e+0,-4,1
27,"Zaragoza · valle 1 · N-S quebrado 2° · bifila · tresbolillo ×1 · 10 filas · az 0°",21-mar,1000,17.0327,254.9045,2.0000,33,0.000000e+0,3.5,1
27,"Zaragoza · valle 1 · N-S quebrado 2° · bifila · tresbolillo ×1 · 10 filas · az 0°",21-mar,1020,13.4108,258.4622,2.0000,33,0.000000e+0,14,1
27,"Zaragoza · valle 1 · N-S quebrado 2° · bifila · tresbolillo ×1 · 10 filas · az 0°",21-mar,1040,9.7530,261.9160,2.0000,33,0.000000e+0,10,1
27,"Zaragoza · valle 1 · N-S quebrado 2° · bifila · tresbolillo ×1 · 10 filas · az 0°",21-mar,1060,6.0879,265.2972,2.0000,33,2.888337e-2,6.5,0
27,"Zaragoza · valle 1 · N-S quebrado 2° · bifila · tresbolillo ×1 · 10 filas · az 0°",21-mar,1080,2.4866,268.6354,2.0000,64,0.000000e+0,2.5,1
27,"Zaragoza · valle 1 · N-S quebrado 2° · bifila · tresbolillo ×1 · 10 filas · az 0°",21-dic,480,4.5444,126.9401,2.0000,64,0.000000e+0,-4,1
27,"Zaragoza · valle 1 · N-S quebrado 2° · bifila · tresbolillo ×1 · 10 filas · az 0°",21-dic,500,7.4023,130.4970,2.0000,33,0.000000e+0,-23,1
27,"Zaragoza · valle 1 · N-S quebrado 2° · bifila · tresbolillo ×1 · 10 filas · az 0°",21-dic,520,10.1358,134.1991,2.0000,33,0.000000e+0,-38,1
27,"Zaragoza · valle 1 · N-S quebrado 2° · bifila · tresbolillo ×1 · 10 filas · az 0°",21-dic,540,12.7098,138.0581,2.0000,33,0.000000e+0,-55,1
27,"Zaragoza · valle 1 · N-S quebrado 2° · bifila · tresbolillo ×1 · 10 filas · az 0°",21-dic,560,15.0987,142.0828,2.0000,33,0.000000e+0,-55,1
27,"Zaragoza · valle 1 · N-S quebrado 2° · bifila · tresbolillo ×1 · 10 filas · az 0°",21-dic,580,17.2795,146.2782,2.0000,33,0.000000e+0,-55,1
27,"Zaragoza · valle 1 · N-S quebrado 2° · bifila · tresbolillo ×1 · 10 filas · az 0°",21-dic,600,19.2301,150.6447,2.0000,33,0.000000e+0,-55,1
27,"Zaragoza · valle 1 · N-S quebrado 2° · bifila · tresbolillo ×1 · 10 filas · az 0°",21-dic,620,20.9291,155.1771,2.0000,33,0.000000e+0,-55,1
27,"Zaragoza · valle 1 · N-S quebrado 2° · bifila · tresbolillo ×1 · 10 filas · az 0°",21-dic,640,22.3561,159.8636,2.0000,33,0.000000e+0,-55,1
27,"Zaragoza · valle 1 · N-S quebrado 2° · bifila · tresbolillo ×1 · 10 filas · az 0°",21-dic,660,23.4927,164.6856,2.0000,33,0.000000e+0,-55,1
27,"Zaragoza · valle 1 · N-S quebrado 2° · bifila · tresbolillo ×1 · 10 filas · az 0°",21-dic,680,24.3230,169.6174,2.0000,33,0.000000e+0,-55,1
27,"Zaragoza · valle 1 · N-S quebrado 2° · bifila · tresbolillo ×1 · 10 filas · az 0°",21-dic,700,24.8347,174.6273,2.0000,33,0.000000e+0,-55,1
27,"Zaragoza · valle 1 · N-S quebrado 2° · bifila · tresbolillo ×1 · 10 filas · az 0°",21-dic,720,25.0202,179.6788,2.0000,33,0.000000e+0,-55,1
27,"Zaragoza · valle 1 · N-S quebrado 2° · bifila · tresbolillo ×1 · 10 filas · az 0°",21-dic,740,24.8764,184.7327,2.0000,33,0.000000e+0,-55,1
27,"Zaragoza · valle 1 · N-S quebrado 2° · bifila · tresbolillo ×1 · 10 filas · az 0°",21-dic,760,24.4057,189.7500,2.0000,33,0.000000e+0,-55,1
27,"Zaragoza · valle 1 · N-S quebrado 2° · bifila · tresbolillo ×1 · 10 filas · az 0°",21-dic,780,23.6152,194.6936,2.0000,33,0.000000e+0,-55,1
27,"Zaragoza · valle 1 · N-S quebrado 2° · bifila · tresbolillo ×1 · 10 filas · az 0°",21-dic,800,22.5166,199.5310,2.0000,33,0.000000e+0,-55,1
27,"Zaragoza · valle 1 · N-S quebrado 2° · bifila · tresbolillo ×1 · 10 filas · az 0°",21-dic,820,21.1254,204.2358,2.0000,33,0.000000e+0,-55,1
27,"Zaragoza · valle 1 · N-S quebrado 2° · bifila · tresbolillo ×1 · 10 filas · az 0°",21-dic,840,19.4598,208.7885,2.0000,33,0.000000e+0,-55,1
27,"Zaragoza · valle 1 · N-S quebrado 2° · bifila · tresbolillo ×1 · 10 filas · az 0°",21-dic,860,17.5399,213.1765,2.0000,33,0.000000e+0,-29,1
27,"Zaragoza · valle 1 · N-S quebrado 2° · bifila · tresbolillo ×1 · 10 filas · az 0°",21-dic,880,15.3871,217.3936,2.0000,33,0.000000e+0,-12.5,1
27,"Zaragoza · valle 1 · N-S quebrado 2° · bifila · tresbolillo ×1 · 10 filas · az 0°",21-dic,900,13.0234,221.4397,2.0000,33,0.000000e+0,-2,1
27,"Zaragoza · valle 1 · N-S quebrado 2° · bifila · tresbolillo ×1 · 10 filas · az 0°",21-dic,920,10.4715,225.3193,2.0000,33,0.000000e+0,6,1
27,"Zaragoza · valle 1 · N-S quebrado 2° · bifila · tresbolillo ×1 · 10 filas · az 0°",21-dic,940,7.7566,229.0407,2.0000,33,2.232266e-2,12,0
27,"Zaragoza · valle 1 · N-S quebrado 2° · bifila · tresbolillo ×1 · 10 filas · az 0°",21-dic,960,4.9112,232.6152,2.0000,64,3.422087e-2,7,0
27,"Zaragoza · valle 1 · N-S quebrado 2° · bifila · tresbolillo ×1 · 10 filas · az 0°",21-dic,980,2.0112,236.0562,2.0000,64,5.496248e-2,3.5,0
28,"Arequipa · valle 3 · N-S constante 0° · quebrado · alineadas ×2 · 8 filas · az 0°",21-jun,700,4.7742,63.8712,0.0000,33,0.000000e+0,-6,1
28,"Arequipa · valle 3 · N-S constante 0° · quebrado · alineadas ×2 · 8 filas · az 0°",21-jun,720,8.9729,62.1856,0.0000,17,0.000000e+0,-15,1
28,"Arequipa · valle 3 · N-S constante 0° · quebrado · alineadas ×2 · 8 filas · az 0°",21-jun,740,13.1432,60.3097,0.0000,17,0.000000e+0,-32.5,1
28,"Arequipa · valle 3 · N-S constante 0° · quebrado · alineadas ×2 · 8 filas · az 0°",21-jun,760,17.2453,58.2184,0.0000,17,0.000000e+0,-51.5,1
28,"Arequipa · valle 3 · N-S constante 0° · quebrado · alineadas ×2 · 8 filas · az 0°",21-jun,780,21.2561,55.8815,0.0000,17,0.000000e+0,-55,1
28,"Arequipa · valle 3 · N-S constante 0° · quebrado · alineadas ×2 · 8 filas · az 0°",21-jun,800,25.1539,53.2637,0.0000,17,0.000000e+0,-55,1
28,"Arequipa · valle 3 · N-S constante 0° · quebrado · alineadas ×2 · 8 filas · az 0°",21-jun,820,28.9146,50.3241,0.0000,17,0.000000e+0,-55,1
28,"Arequipa · valle 3 · N-S constante 0° · quebrado · alineadas ×2 · 8 filas · az 0°",21-jun,840,32.5098,47.0168,0.0000,17,0.000000e+0,-55,1
28,"Arequipa · valle 3 · N-S constante 0° · quebrado · alineadas ×2 · 8 filas · az 0°",21-jun,860,35.9052,43.2920,0.0000,17,0.000000e+0,-55,1
28,"Arequipa · valle 3 · N-S constante 0° · quebrado · alineadas ×2 · 8 filas · az 0°",21-jun,880,39.0602,39.0991,0.0000,17,0.000000e+0,-55,1
28,"Arequipa · valle 3 · N-S constante 0° · quebrado · alineadas ×2 · 8 filas · az 0°",21-jun,900,41.9268,34.3923,0.0000,17,0.000000e+0,-55,1
28,"Arequipa · valle 3 · N-S constante 0° · quebrado · alineadas ×2 · 8 filas · az 0°",21-jun,920,44.4499,29.1395,0.0000,17,0.000000e+0,-55,1
28,"Arequipa · valle 3 · N-S constante 0° · quebrado · alineadas ×2 · 8 filas · az 0°",21-jun,940,46.5693,23.3352,0.0000,17,0.000000e+0,-55,1
28,"Arequipa · valle 3 · N-S constante 0° · quebrado · alineadas ×2 · 8 filas · az 0°",21-jun,960,48.2231,17.0150,0.0000,17,0.000000e+0,-55,1
28,"Arequipa · valle 3 · N-S constante 0° · quebrado · alineadas ×2 · 8 filas · az 0°",21-jun,980,49.3544,10.2679,0.0000,17,0.000000e+0,-55,1
28,"Arequipa · valle 3 · N-S constante 0° · quebrado · alineadas ×2 · 8 filas · az 0°",21-jun,1000,49.9185,3.2390,0.0000,17,0.000000e+0,-55,1
28,"Arequipa · valle 3 · N-S constante 0° · quebrado · alineadas ×2 · 8 filas · az 0°",21-jun,1020,49.8916,356.1171,0.0000,17,0.000000e+0,-55,1
28,"Arequipa · valle 3 · N-S constante 0° · quebrado · alineadas ×2 · 8 filas · az 0°",21-jun,1040,49.2748,349.1064,0.0000,17,0.000000e+0,-55,1
28,"Arequipa · valle 3 · N-S constante 0° · quebrado · alineadas ×2 · 8 filas · az 0°",21-jun,1060,48.0942,342.3928,0.0000,17,0.000000e+0,-55,1
28,"Arequipa · valle 3 · N-S constante 0° · quebrado · alineadas ×2 · 8 filas · az 0°",21-jun,1080,46.3957,336.1165,0.0000,17,0.000000e+0,-55,1
28,"Arequipa · valle 3 · N-S constante 0° · quebrado · alineadas ×2 · 8 filas · az 0°",21-jun,1100,44.2372,330.3613,0.0000,17,0.000000e+0,-55,1
28,"Arequipa · valle 3 · N-S constante 0° · quebrado · alineadas ×2 · 8 filas · az 0°",21-jun,1120,41.6806,325.1587,0.0000,17,0.000000e+0,-55,1
28,"Arequipa · valle 3 · N-S constante 0° · quebrado · alineadas ×2 · 8 filas · az 0°",21-jun,1140,38.7857,320.5000,0.0000,17,0.000000e+0,-55,1
28,"Arequipa · valle 3 · N-S constante 0° · quebrado · alineadas ×2 · 8 filas · az 0°",21-jun,1160,35.6071,316.3514,0.0000,17,0.000000e+0,-55,1
28,"Arequipa · valle 3 · N-S constante 0° · quebrado · alineadas ×2 · 8 filas · az 0°",21-jun,1180,32.1920,312.6665,0.0000,17,0.000000e+0,-55,1
28,"Arequipa · valle 3 · N-S constante 0° · quebrado · alineadas ×2 · 8 filas · az 0°",21-jun,1200,28.5805,309.3944,0.0000,17,0.000000e+0,-55,1
28,"Arequipa · valle 3 · N-S constante 0° · quebrado · alineadas ×2 · 8 filas · az 0°",21-jun,1220,24.8063,306.4858,0.0000,17,0.000000e+0,-40.5,1
28,"Arequipa · valle 3 · N-S constante 0° · quebrado · alineadas ×2 · 8 filas · az 0°",21-jun,1240,20.8973,303.8950,0.0000,17,0.000000e+0,-21.5,1
28,"Arequipa · valle 3 · N-S constante 0° · quebrado · alineadas ×2 · 8 filas · az 0°",21-jun,1260,16.8774,301.5817,0.0000,17,0.000000e+0,-10.5,1
28,"Arequipa · valle 3 · N-S constante 0° · quebrado · alineadas ×2 · 8 filas · az 0°",21-jun,1280,12.7680,299.5110,0.0000,17,0.000000e+0,-2,1
28,"Arequipa · valle 3 · N-S constante 0° · quebrado · alineadas ×2 · 8 filas · az 0°",21-jun,1300,8.5930,297.6533,0.0000,17,0.000000e+0,6,1
28,"Arequipa · valle 3 · N-S constante 0° · quebrado · alineadas ×2 · 8 filas · az 0°",21-jun,1320,4.3962,295.9837,0.0000,33,0.000000e+0,1,1
28,"Arequipa · valle 3 · N-S constante 0° · quebrado · alineadas ×2 · 8 filas · az 0°",21-mar,680,6.1794,87.8345,0.0000,17,0.000000e+0,-6.5,1
28,"Arequipa · valle 3 · N-S constante 0° · quebrado · alineadas ×2 · 8 filas · az 0°",21-mar,700,10.9081,86.3640,0.0000,17,0.000000e+0,-18,1
28,"Arequipa · valle 3 · N-S constante 0° · quebrado · alineadas ×2 · 8 filas · az 0°",21-mar,720,15.6602,84.8431,0.0000,17,0.000000e+0,-35,1
28,"Arequipa · valle 3 · N-S constante 0° · quebrado · alineadas ×2 · 8 filas · az 0°",21-mar,740,20.4114,83.2469,0.0000,17,0.000000e+0,-53.5,1
28,"Arequipa · valle 3 · N-S constante 0° · quebrado · alineadas ×2 · 8 filas · az 0°",21-mar,760,25.1514,81.5460,0.0000,17,0.000000e+0,-55,1
28,"Arequipa · valle 3 · N-S constante 0° · quebrado · alineadas ×2 · 8 filas · az 0°",21-mar,780,29.8721,79.7046,0.0000,17,0.000000e+0,-55,1
28,"Arequipa · valle 3 · N-S constante 0° · quebrado · alineadas ×2 · 8 filas · az 0°",21-mar,800,34.5652,77.6773,0.0000,17,0.000000e+0,-55,1
28,"Arequipa · valle 3 · N-S constante 0° · quebrado · alineadas ×2 · 8 filas · az 0°",21-mar,820,39.2209,75.4045,0.0000,17,0.000000e+0,-55,1
28,"Arequipa · valle 3 · N-S constante 0° · quebrado · alineadas ×2 · 8 filas · az 0°",21-mar,840,43.8256,72.8064,0.0000,17,0.000000e+0,-55,1
28,"Arequipa · valle 3 · N-S constante 0° · quebrado · alineadas ×2 · 8 filas · az 0°",21-mar,860,48.3608,69.7727,0.0000,17,0.000000e+0,-55,1
28,"Arequipa · valle 3 · N-S constante 0° · quebrado · alineadas ×2 · 8 filas · az 0°",21-mar,880,52.7997,66.1475,0.0000,17,0.000000e+0,-55,1
28,"Arequipa · valle 3 · N-S constante 0° · quebrado · alineadas ×2 · 8 filas · az 0°",21-mar,900,57.1020,61.7065,0.0000,17,0.000000e+0,-55,1
28,"Arequipa · valle 3 · N-S constante 0° · quebrado · alineadas ×2 · 8 filas · az 0°",21-mar,920,61.2050,56.1234,0.0000,17,0.000000e+0,-55,1
28,"Arequipa · valle 3 · N-S constante 0° · quebrado · alineadas ×2 · 8 filas · az 0°",21-mar,940,65.0093,48.9323,0.0000,17,0.000000e+0,-55,1
28,"Arequipa · valle 3 · N-S constante 0° · quebrado · alineadas ×2 · 8 filas · az 0°",21-mar,960,68.3560,39.5174,0.0000,17,0.000000e+0,-55,1
28,"Arequipa · valle 3 · N-S constante 0° · quebrado · alineadas ×2 · 8 filas · az 0°",21-mar,980,71.0006,27.2555,0.0000,17,0.000000e+0,-55,1
28,"Arequipa · valle 3 · N-S constante 0° · quebrado · alineadas ×2 · 8 filas · az 0°",21-mar,1000,72.6192,12.0480,0.0000,17,0.000000e+0,-55,1
28,"Arequipa · valle 3 · N-S constante 0° · quebrado · alineadas ×2 · 8 filas · az 0°",21-mar,1020,72.9172,355.1449,0.0000,17,0.000000e+0,-55,1
28,"Arequipa · valle 3 · N-S constante 0° · quebrado · alineadas ×2 · 8 filas · az 0°",21-mar,1040,71.8293,338.9743,0.0000,17,0.000000e+0,-55,1
28,"Arequipa · valle 3 · N-S constante 0° · quebrado · alineadas ×2 · 8 filas · az 0°",21-mar,1060,69.5760,325.4193,0.0000,17,0.000000e+0,-55,1
28,"Arequipa · valle 3 · N-S constante 0° · quebrado · alineadas ×2 · 8 filas · az 0°",21-mar,1080,66.4904,314.8661,0.0000,17,0.000000e+0,-55,1
28,"Arequipa · valle 3 · N-S constante 0° · quebrado · alineadas ×2 · 8 filas · az 0°",21-mar,1100,62.8553,306.8185,0.0000,17,0.000000e+0,-55,1
28,"Arequipa · valle 3 · N-S constante 0° · quebrado · alineadas ×2 · 8 filas · az 0°",21-mar,1120,58.8631,300.6237,0.0000,17,0.000000e+0,-55,1
28,"Arequipa · valle 3 · N-S constante 0° · quebrado · alineadas ×2 · 8 filas · az 0°",21-mar,1140,54.6351,295.7491,0.0000,17,0.000000e+0,-55,1
28,"Arequipa · valle 3 · N-S constante 0° · quebrado · alineadas ×2 · 8 filas · az 0°",21-mar,1160,50.2473,291.8140,0.0000,17,0.000000e+0,-55,1
28,"Arequipa · valle 3 · N-S constante 0° · quebrado · alineadas ×2 · 8 filas · az 0°",21-mar,1180,45.7481,288.5555,0.0000,17,0.000000e+0,-55,1
28,"Arequipa · valle 3 · N-S constante 0° · quebrado · alineadas ×2 · 8 filas · az 0°",21-mar,1200,41.1691,285.7922,0.0000,17,0.000000e+0,-55,1
28,"Arequipa · valle 3 · N-S constante 0° · quebrado · alineadas ×2 · 8 filas · az 0°",21-mar,1220,36.5321,283.3969,0.0000,17,0.000000e+0,-55,1
28,"Arequipa · valle 3 · N-S constante 0° · quebrado · alineadas ×2 · 8 filas · az 0°",21-mar,1240,31.8523,281.2784,0.0000,17,0.000000e+0,-55,1
28,"Arequipa · valle 3 · N-S constante 0° · quebrado · alineadas ×2 · 8 filas · az 0°",21-mar,1260,27.1408,279.3695,0.0000,17,0.000000e+0,-29.5,1
28,"Arequipa · valle 3 · N-S constante 0° · quebrado · alineadas ×2 · 8 filas · az 0°",21-mar,1280,22.4065,277.6197,0.0000,17,0.000000e+0,-16.5,1
28,"Arequipa · valle 3 · N-S constante 0° · quebrado · alineadas ×2 · 8 filas · az 0°",21-mar,1300,17.6572,275.9894,0.0000,17,0.000000e+0,-7,1
28,"Arequipa · valle 3 · N-S constante 0° · quebrado · alineadas ×2 · 8 filas · az 0°",21-mar,1320,12.9018,274.4469,0.0000,17,0.000000e+0,1,1
28,"Arequipa · valle 3 · N-S constante 0° · quebrado · alineadas ×2 · 8 filas · az 0°",21-mar,1340,8.1561,272.9659,0.0000,17,4.391907e-1,8,0
28,"Arequipa · valle 3 · N-S constante 0° · quebrado · alineadas ×2 · 8 filas · az 0°",21-mar,1360,3.4752,271.5234,0.0000,33,0.000000e+0,1,1
28,"Arequipa · valle 3 · N-S constante 0° · quebrado · alineadas ×2 · 8 filas · az 0°",21-dic,640,5.5090,112.8863,0.0000,33,0.000000e+0,-7,1
28,"Arequipa · valle 3 · N-S constante 0° · quebrado · alineadas ×2 · 8 filas · az 0°",21-dic,660,9.8795,111.6997,0.0000,17,0.000000e+0,-16.5,1
28,"Arequipa · valle 3 · N-S constante 0° · quebrado · alineadas ×2 · 8 filas · az 0°",21-dic,680,14.3190,110.6399,0.0000,17,0.000000e+0,-33.5,1
28,"Arequipa · valle 3 · N-S constante 0° · quebrado · alineadas ×2 · 8 filas · az 0°",21-dic,700,18.8002,109.7012,0.0000,17,0.000000e+0,-51,1
28,"Arequipa · valle 3 · N-S constante 0° · quebrado · alineadas ×2 · 8 filas · az 0°",21-dic,720,23.3118,108.8811,0.0000,17,0.000000e+0,-55,1
28,"Arequipa · valle 3 · N-S constante 0° · quebrado · alineadas ×2 · 8 filas · az 0°",21-dic,740,27.8469,108.1807,0.0000,17,0.000000e+0,-55,1
28,"Arequipa · valle 3 · N-S constante 0° · quebrado · alineadas ×2 · 8 filas · az 0°",21-dic,760,32.4005,107.6058,0.0000,17,0.000000e+0,-55,1
28,"Arequipa · valle 3 · N-S constante 0° · quebrado · alineadas ×2 · 8 filas · az 0°",21-dic,780,36.9680,107.1676,0.0000,17,0.000000e+0,-55,1
28,"Arequipa · valle 3 · N-S constante 0° · quebrado · alineadas ×2 · 8 filas · az 0°",21-dic,800,41.5453,106.8854,0.0000,17,0.000000e+0,-55,1
28,"Arequipa · valle 3 · N-S constante 0° · quebrado · alineadas ×2 · 8 filas · az 0°",21-dic,820,46.1277,106.7892,0.0000,17,0.000000e+0,-55,1
28,"Arequipa · valle 3 · N-S constante 0° · quebrado · alineadas ×2 · 8 filas · az 0°",21-dic,840,50.7102,106.9266,0.0000,17,0.000000e+0,-55,1
28,"Arequipa · valle 3 · N-S constante 0° · quebrado · alineadas ×2 · 8 filas · az 0°",21-dic,860,55.2860,107.3727,0.0000,17,0.000000e+0,-55,1
28,"Arequipa · valle 3 · N-S constante 0° · quebrado · alineadas ×2 · 8 filas · az 0°",21-dic,880,59.8457,108.2507,0.0000,17,0.000000e+0,-55,1
28,"Arequipa · valle 3 · N-S constante 0° · quebrado · alineadas ×2 · 8 filas · az 0°",21-dic,900,64.3745,109.7715,0.0000,17,0.000000e+0,-55,1
28,"Arequipa · valle 3 · N-S constante 0° · quebrado · alineadas ×2 · 8 filas · az 0°",21-dic,920,68.8464,112.3221,0.0000,17,0.000000e+0,-55,1
28,"Arequipa · valle 3 · N-S constante 0° · quebrado · alineadas ×2 · 8 filas · az 0°",21-dic,940,73.2097,116.6755,0.0000,17,0.000000e+0,-55,1
28,"Arequipa · valle 3 · N-S constante 0° · quebrado · alineadas ×2 · 8 filas · az 0°",21-dic,960,77.3452,124.5416,0.0000,17,0.000000e+0,-55,1
28,"Arequipa · valle 3 · N-S constante 0° · quebrado · alineadas ×2 · 8 filas · az 0°",21-dic,980,80.9293,139.9625,0.0000,17,0.000000e+0,-55,1
28,"Arequipa · valle 3 · N-S constante 0° · quebrado · alineadas ×2 · 8 filas · az 0°",21-dic,1000,83.0437,169.7235,0.0000,17,0.000000e+0,-55,1
28,"Arequipa · valle 3 · N-S constante 0° · quebrado · alineadas ×2 · 8 filas · az 0°",21-dic,1020,82.3507,206.0083,0.0000,17,0.000000e+0,-55,1
28,"Arequipa · valle 3 · N-S constante 0° · quebrado · alineadas ×2 · 8 filas · az 0°",21-dic,1040,79.3872,228.4830,0.0000,17,0.000000e+0,-55,1
28,"Arequipa · valle 3 · N-S constante 0° · quebrado · alineadas ×2 · 8 filas · az 0°",21-dic,1060,75.4845,239.6903,0.0000,17,0.000000e+0,-55,1
28,"Arequipa · valle 3 · N-S constante 0° · quebrado · alineadas ×2 · 8 filas · az 0°",21-dic,1080,71.2217,245.6266,0.0000,17,0.000000e+0,-55,1
28,"Arequipa · valle 3 · N-S constante 0° · quebrado · alineadas ×2 · 8 filas · az 0°",21-dic,1100,66.7992,249.0147,0.0000,17,0.000000e+0,-55,1
28,"Arequipa · valle 3 · N-S constante 0° · quebrado · alineadas ×2 · 8 filas · az 0°",21-dic,1120,62.2968,251.0263,0.0000,17,0.000000e+0,-55,1
28,"Arequipa · valle 3 · N-S constante 0° · quebrado · alineadas ×2 · 8 filas · az 0°",21-dic,1140,57.7514,252.2170,0.0000,17,0.000000e+0,-55,1
28,"Arequipa · valle 3 · N-S constante 0° · quebrado · alineadas ×2 · 8 filas · az 0°",21-dic,1160,53.1829,252.8767,0.0000,17,0.000000e+0,-55,1
28,"Arequipa · valle 3 · N-S constante 0° · quebrado · alineadas ×2 · 8 filas · az 0°",21-dic,1180,48.6031,253.1691,0.0000,17,0.000000e+0,-55,1
28,"Arequipa · valle 3 · N-S constante 0° · quebrado · alineadas ×2 · 8 filas · az 0°",21-dic,1200,44.0199,253.1917,0.0000,17,0.000000e+0,-55,1
28,"Arequipa · valle 3 · N-S constante 0° · quebrado · alineadas ×2 · 8 filas · az 0°",21-dic,1220,39.4393,253.0053,0.0000,17,0.000000e+0,-55,1
28,"Arequipa · valle 3 · N-S constante 0° · quebrado · alineadas ×2 · 8 filas · az 0°",21-dic,1240,34.8660,252.6483,0.0000,17,0.000000e+0,-55,1
28,"Arequipa · valle 3 · N-S constante 0° · quebrado · alineadas ×2 · 8 filas · az 0°",21-dic,1260,30.3044,252.1454,0.0000,17,0.000000e+0,-55,1
28,"Arequipa · valle 3 · N-S constante 0° · quebrado · alineadas ×2 · 8 filas · az 0°",21-dic,1280,25.7587,251.5118,0.0000,17,0.000000e+0,-28,1
28,"Arequipa · valle 3 · N-S constante 0° · quebrado · alineadas ×2 · 8 filas · az 0°",21-dic,1300,21.2337,250.7559,0.0000,17,0.000000e+0,-16,1
28,"Arequipa · valle 3 · N-S constante 0° · quebrado · alineadas ×2 · 8 filas · az 0°",21-dic,1320,16.7351,249.8813,0.0000,17,0.000000e+0,-7,1
28,"Arequipa · valle 3 · N-S constante 0° · quebrado · alineadas ×2 · 8 filas · az 0°",21-dic,1340,12.2712,248.8874,0.0000,17,0.000000e+0,0.5,1
28,"Arequipa · valle 3 · N-S constante 0° · quebrado · alineadas ×2 · 8 filas · az 0°",21-dic,1360,7.8581,247.7702,0.0000,17,0.000000e+0,8,1
28,"Arequipa · valle 3 · N-S constante 0° · quebrado · alineadas ×2 · 8 filas · az 0°",21-dic,1380,3.5464,246.5223,0.0000,33,0.000000e+0,3,1
29,"Arequipa · llano · N-S constante -6° · mono · tresbolillo ×1 · 8 filas · az 0°",21-jun,700,4.7742,63.8712,0.0000,33,0.000000e+0,-29,1
29,"Arequipa · llano · N-S constante -6° · mono · tresbolillo ×1 · 8 filas · az 0°",21-jun,720,8.9729,62.1856,0.0000,17,0.000000e+0,-48,1
29,"Arequipa · llano · N-S constante -6° · mono · tresbolillo ×1 · 8 filas · az 0°",21-jun,740,13.1432,60.3097,0.0000,17,0.000000e+0,-55,1
29,"Arequipa · llano · N-S constante -6° · mono · tresbolillo ×1 · 8 filas · az 0°",21-jun,760,17.2453,58.2184,0.0000,17,0.000000e+0,-55,1
29,"Arequipa · llano · N-S constante -6° · mono · tresbolillo ×1 · 8 filas · az 0°",21-jun,780,21.2561,55.8815,0.0000,17,0.000000e+0,-55,1
29,"Arequipa · llano · N-S constante -6° · mono · tresbolillo ×1 · 8 filas · az 0°",21-jun,800,25.1539,53.2637,0.0000,17,0.000000e+0,-55,1
29,"Arequipa · llano · N-S constante -6° · mono · tresbolillo ×1 · 8 filas · az 0°",21-jun,820,28.9146,50.3241,0.0000,17,0.000000e+0,-55,1
29,"Arequipa · llano · N-S constante -6° · mono · tresbolillo ×1 · 8 filas · az 0°",21-jun,840,32.5098,47.0168,0.0000,17,0.000000e+0,-55,1
29,"Arequipa · llano · N-S constante -6° · mono · tresbolillo ×1 · 8 filas · az 0°",21-jun,860,35.9052,43.2920,0.0000,17,0.000000e+0,-55,1
29,"Arequipa · llano · N-S constante -6° · mono · tresbolillo ×1 · 8 filas · az 0°",21-jun,880,39.0602,39.0991,0.0000,17,0.000000e+0,-55,1
29,"Arequipa · llano · N-S constante -6° · mono · tresbolillo ×1 · 8 filas · az 0°",21-jun,900,41.9268,34.3923,0.0000,17,0.000000e+0,-55,1
29,"Arequipa · llano · N-S constante -6° · mono · tresbolillo ×1 · 8 filas · az 0°",21-jun,920,44.4499,29.1395,0.0000,17,0.000000e+0,-55,1
29,"Arequipa · llano · N-S constante -6° · mono · tresbolillo ×1 · 8 filas · az 0°",21-jun,940,46.5693,23.3352,0.0000,17,0.000000e+0,-55,1
29,"Arequipa · llano · N-S constante -6° · mono · tresbolillo ×1 · 8 filas · az 0°",21-jun,960,48.2231,17.0150,0.0000,17,0.000000e+0,-55,1
29,"Arequipa · llano · N-S constante -6° · mono · tresbolillo ×1 · 8 filas · az 0°",21-jun,980,49.3544,10.2679,0.0000,17,0.000000e+0,-55,1
29,"Arequipa · llano · N-S constante -6° · mono · tresbolillo ×1 · 8 filas · az 0°",21-jun,1000,49.9185,3.2390,0.0000,17,0.000000e+0,-55,1
29,"Arequipa · llano · N-S constante -6° · mono · tresbolillo ×1 · 8 filas · az 0°",21-jun,1020,49.8916,356.1171,0.0000,17,0.000000e+0,-55,1
29,"Arequipa · llano · N-S constante -6° · mono · tresbolillo ×1 · 8 filas · az 0°",21-jun,1040,49.2748,349.1064,0.0000,17,0.000000e+0,-55,1
29,"Arequipa · llano · N-S constante -6° · mono · tresbolillo ×1 · 8 filas · az 0°",21-jun,1060,48.0942,342.3928,0.0000,17,0.000000e+0,-55,1
29,"Arequipa · llano · N-S constante -6° · mono · tresbolillo ×1 · 8 filas · az 0°",21-jun,1080,46.3957,336.1165,0.0000,17,0.000000e+0,-55,1
29,"Arequipa · llano · N-S constante -6° · mono · tresbolillo ×1 · 8 filas · az 0°",21-jun,1100,44.2372,330.3613,0.0000,17,0.000000e+0,-55,1
29,"Arequipa · llano · N-S constante -6° · mono · tresbolillo ×1 · 8 filas · az 0°",21-jun,1120,41.6806,325.1587,0.0000,17,0.000000e+0,-55,1
29,"Arequipa · llano · N-S constante -6° · mono · tresbolillo ×1 · 8 filas · az 0°",21-jun,1140,38.7857,320.5000,0.0000,17,0.000000e+0,-55,1
29,"Arequipa · llano · N-S constante -6° · mono · tresbolillo ×1 · 8 filas · az 0°",21-jun,1160,35.6071,316.3514,0.0000,17,0.000000e+0,-55,1
29,"Arequipa · llano · N-S constante -6° · mono · tresbolillo ×1 · 8 filas · az 0°",21-jun,1180,32.1920,312.6665,0.0000,17,0.000000e+0,-55,1
29,"Arequipa · llano · N-S constante -6° · mono · tresbolillo ×1 · 8 filas · az 0°",21-jun,1200,28.5805,309.3944,0.0000,17,0.000000e+0,-55,1
29,"Arequipa · llano · N-S constante -6° · mono · tresbolillo ×1 · 8 filas · az 0°",21-jun,1220,24.8063,306.4858,0.0000,17,0.000000e+0,-55,1
29,"Arequipa · llano · N-S constante -6° · mono · tresbolillo ×1 · 8 filas · az 0°",21-jun,1240,20.8973,303.8950,0.0000,17,0.000000e+0,-55,1
29,"Arequipa · llano · N-S constante -6° · mono · tresbolillo ×1 · 8 filas · az 0°",21-jun,1260,16.8774,301.5817,0.0000,17,0.000000e+0,-54.5,1
29,"Arequipa · llano · N-S constante -6° · mono · tresbolillo ×1 · 8 filas · az 0°",21-jun,1280,12.7680,299.5110,0.0000,17,0.000000e+0,-32,1
29,"Arequipa · llano · N-S constante -6° · mono · tresbolillo ×1 · 8 filas · az 0°",21-jun,1300,8.5930,297.6533,0.0000,17,0.000000e+0,-20.5,1
29,"Arequipa · llano · N-S constante -6° · mono · tresbolillo ×1 · 8 filas · az 0°",21-jun,1320,4.3962,295.9837,0.0000,33,0.000000e+0,-12,1
29,"Arequipa · llano · N-S constante -6° · mono · tresbolillo ×1 · 8 filas · az 0°",21-mar,680,6.1794,87.8345,0.0000,17,0.000000e+0,-22.5,1
29,"Arequipa · llano · N-S constante -6° · mono · tresbolillo ×1 · 8 filas · az 0°",21-mar,700,10.9081,86.3640,0.0000,17,0.000000e+0,-40.5,1
29,"Arequipa · llano · N-S constante -6° · mono · tresbolillo ×1 · 8 filas · az 0°",21-mar,720,15.6602,84.8431,0.0000,17,0.000000e+0,-55,1
29,"Arequipa · llano · N-S constante -6° · mono · tresbolillo ×1 · 8 filas · az 0°",21-mar,740,20.4114,83.2469,0.0000,17,0.000000e+0,-55,1
29,"Arequipa · llano · N-S constante -6° · mono · tresbolillo ×1 · 8 filas · az 0°",21-mar,760,25.1514,81.5460,0.0000,17,0.000000e+0,-55,1
29,"Arequipa · llano · N-S constante -6° · mono · tresbolillo ×1 · 8 filas · az 0°",21-mar,780,29.8721,79.7046,0.0000,17,0.000000e+0,-55,1
29,"Arequipa · llano · N-S constante -6° · mono · tresbolillo ×1 · 8 filas · az 0°",21-mar,800,34.5652,77.6773,0.0000,17,0.000000e+0,-55,1
29,"Arequipa · llano · N-S constante -6° · mono · tresbolillo ×1 · 8 filas · az 0°",21-mar,820,39.2209,75.4045,0.0000,17,0.000000e+0,-55,1
29,"Arequipa · llano · N-S constante -6° · mono · tresbolillo ×1 · 8 filas · az 0°",21-mar,840,43.8256,72.8064,0.0000,17,0.000000e+0,-55,1
29,"Arequipa · llano · N-S constante -6° · mono · tresbolillo ×1 · 8 filas · az 0°",21-mar,860,48.3608,69.7727,0.0000,17,0.000000e+0,-55,1
29,"Arequipa · llano · N-S constante -6° · mono · tresbolillo ×1 · 8 filas · az 0°",21-mar,880,52.7997,66.1475,0.0000,17,0.000000e+0,-55,1
29,"Arequipa · llano · N-S constante -6° · mono · tresbolillo ×1 · 8 filas · az 0°",21-mar,900,57.1020,61.7065,0.0000,17,0.000000e+0,-55,1
29,"Arequipa · llano · N-S constante -6° · mono · tresbolillo ×1 · 8 filas · az 0°",21-mar,920,61.2050,56.1234,0.0000,17,0.000000e+0,-55,1
29,"Arequipa · llano · N-S constante -6° · mono · tresbolillo ×1 · 8 filas · az 0°",21-mar,940,65.0093,48.9323,0.0000,17,0.000000e+0,-55,1
29,"Arequipa · llano · N-S constante -6° · mono · tresbolillo ×1 · 8 filas · az 0°",21-mar,960,68.3560,39.5174,0.0000,17,0.000000e+0,-55,1
29,"Arequipa · llano · N-S constante -6° · mono · tresbolillo ×1 · 8 filas · az 0°",21-mar,980,71.0006,27.2555,0.0000,17,0.000000e+0,-55,1
29,"Arequipa · llano · N-S constante -6° · mono · tresbolillo ×1 · 8 filas · az 0°",21-mar,1000,72.6192,12.0480,0.0000,17,0.000000e+0,-55,1
29,"Arequipa · llano · N-S constante -6° · mono · tresbolillo ×1 · 8 filas · az 0°",21-mar,1020,72.9172,355.1449,0.0000,17,0.000000e+0,-55,1
29,"Arequipa · llano · N-S constante -6° · mono · tresbolillo ×1 · 8 filas · az 0°",21-mar,1040,71.8293,338.9743,0.0000,17,0.000000e+0,-55,1
29,"Arequipa · llano · N-S constante -6° · mono · tresbolillo ×1 · 8 filas · az 0°",21-mar,1060,69.5760,325.4193,0.0000,17,0.000000e+0,-55,1
29,"Arequipa · llano · N-S constante -6° · mono · tresbolillo ×1 · 8 filas · az 0°",21-mar,1080,66.4904,314.8661,0.0000,17,0.000000e+0,-55,1
29,"Arequipa · llano · N-S constante -6° · mono · tresbolillo ×1 · 8 filas · az 0°",21-mar,1100,62.8553,306.8185,0.0000,17,0.000000e+0,-55,1
29,"Arequipa · llano · N-S constante -6° · mono · tresbolillo ×1 · 8 filas · az 0°",21-mar,1120,58.8631,300.6237,0.0000,17,0.000000e+0,-55,1
29,"Arequipa · llano · N-S constante -6° · mono · tresbolillo ×1 · 8 filas · az 0°",21-mar,1140,54.6351,295.7491,0.0000,17,0.000000e+0,-55,1
29,"Arequipa · llano · N-S constante -6° · mono · tresbolillo ×1 · 8 filas · az 0°",21-mar,1160,50.2473,291.8140,0.0000,17,0.000000e+0,-55,1
29,"Arequipa · llano · N-S constante -6° · mono · tresbolillo ×1 · 8 filas · az 0°",21-mar,1180,45.7481,288.5555,0.0000,17,0.000000e+0,-55,1
29,"Arequipa · llano · N-S constante -6° · mono · tresbolillo ×1 · 8 filas · az 0°",21-mar,1200,41.1691,285.7922,0.0000,17,0.000000e+0,-55,1
29,"Arequipa · llano · N-S constante -6° · mono · tresbolillo ×1 · 8 filas · az 0°",21-mar,1220,36.5321,283.3969,0.0000,17,0.000000e+0,-55,1
29,"Arequipa · llano · N-S constante -6° · mono · tresbolillo ×1 · 8 filas · az 0°",21-mar,1240,31.8523,281.2784,0.0000,17,0.000000e+0,-55,1
29,"Arequipa · llano · N-S constante -6° · mono · tresbolillo ×1 · 8 filas · az 0°",21-mar,1260,27.1408,279.3695,0.0000,17,0.000000e+0,-55,1
29,"Arequipa · llano · N-S constante -6° · mono · tresbolillo ×1 · 8 filas · az 0°",21-mar,1280,22.4065,277.6197,0.0000,17,0.000000e+0,-55,1
29,"Arequipa · llano · N-S constante -6° · mono · tresbolillo ×1 · 8 filas · az 0°",21-mar,1300,17.6572,275.9894,0.0000,17,0.000000e+0,-34,1
29,"Arequipa · llano · N-S constante -6° · mono · tresbolillo ×1 · 8 filas · az 0°",21-mar,1320,12.9018,274.4469,0.0000,17,0.000000e+0,-22,1
29,"Arequipa · llano · N-S constante -6° · mono · tresbolillo ×1 · 8 filas · az 0°",21-mar,1340,8.1561,272.9659,0.0000,17,0.000000e+0,-13,1
29,"Arequipa · llano · N-S constante -6° · mono · tresbolillo ×1 · 8 filas · az 0°",21-mar,1360,3.4752,271.5234,0.0000,33,0.000000e+0,-5.5,1
29,"Arequipa · llano · N-S constante -6° · mono · tresbolillo ×1 · 8 filas · az 0°",21-dic,640,5.5090,112.8863,0.0000,33,0.000000e+0,-12,1
29,"Arequipa · llano · N-S constante -6° · mono · tresbolillo ×1 · 8 filas · az 0°",21-dic,660,9.8795,111.6997,0.0000,17,0.000000e+0,-29.5,1
29,"Arequipa · llano · N-S constante -6° · mono · tresbolillo ×1 · 8 filas · az 0°",21-dic,680,14.3190,110.6399,0.0000,17,0.000000e+0,-48,1
29,"Arequipa · llano · N-S constante -6° · mono · tresbolillo ×1 · 8 filas · az 0°",21-dic,700,18.8002,109.7012,0.0000,17,0.000000e+0,-55,1
29,"Arequipa · llano · N-S constante -6° · mono · tresbolillo ×1 · 8 filas · az 0°",21-dic,720,23.3118,108.8811,0.0000,17,0.000000e+0,-55,1
29,"Arequipa · llano · N-S constante -6° · mono · tresbolillo ×1 · 8 filas · az 0°",21-dic,740,27.8469,108.1807,0.0000,17,0.000000e+0,-55,1
29,"Arequipa · llano · N-S constante -6° · mono · tresbolillo ×1 · 8 filas · az 0°",21-dic,760,32.4005,107.6058,0.0000,17,0.000000e+0,-55,1
29,"Arequipa · llano · N-S constante -6° · mono · tresbolillo ×1 · 8 filas · az 0°",21-dic,780,36.9680,107.1676,0.0000,17,0.000000e+0,-55,1
29,"Arequipa · llano · N-S constante -6° · mono · tresbolillo ×1 · 8 filas · az 0°",21-dic,800,41.5453,106.8854,0.0000,17,0.000000e+0,-55,1
29,"Arequipa · llano · N-S constante -6° · mono · tresbolillo ×1 · 8 filas · az 0°",21-dic,820,46.1277,106.7892,0.0000,17,0.000000e+0,-55,1
29,"Arequipa · llano · N-S constante -6° · mono · tresbolillo ×1 · 8 filas · az 0°",21-dic,840,50.7102,106.9266,0.0000,17,0.000000e+0,-55,1
29,"Arequipa · llano · N-S constante -6° · mono · tresbolillo ×1 · 8 filas · az 0°",21-dic,860,55.2860,107.3727,0.0000,17,0.000000e+0,-55,1
29,"Arequipa · llano · N-S constante -6° · mono · tresbolillo ×1 · 8 filas · az 0°",21-dic,880,59.8457,108.2507,0.0000,17,0.000000e+0,-55,1
29,"Arequipa · llano · N-S constante -6° · mono · tresbolillo ×1 · 8 filas · az 0°",21-dic,900,64.3745,109.7715,0.0000,17,0.000000e+0,-55,1
29,"Arequipa · llano · N-S constante -6° · mono · tresbolillo ×1 · 8 filas · az 0°",21-dic,920,68.8464,112.3221,0.0000,17,0.000000e+0,-55,1
29,"Arequipa · llano · N-S constante -6° · mono · tresbolillo ×1 · 8 filas · az 0°",21-dic,940,73.2097,116.6755,0.0000,17,0.000000e+0,-55,1
29,"Arequipa · llano · N-S constante -6° · mono · tresbolillo ×1 · 8 filas · az 0°",21-dic,960,77.3452,124.5416,0.0000,17,0.000000e+0,-55,1
29,"Arequipa · llano · N-S constante -6° · mono · tresbolillo ×1 · 8 filas · az 0°",21-dic,980,80.9293,139.9625,0.0000,17,0.000000e+0,-55,1
29,"Arequipa · llano · N-S constante -6° · mono · tresbolillo ×1 · 8 filas · az 0°",21-dic,1000,83.0437,169.7235,0.0000,17,0.000000e+0,-55,1
29,"Arequipa · llano · N-S constante -6° · mono · tresbolillo ×1 · 8 filas · az 0°",21-dic,1020,82.3507,206.0083,0.0000,17,0.000000e+0,-55,1
29,"Arequipa · llano · N-S constante -6° · mono · tresbolillo ×1 · 8 filas · az 0°",21-dic,1040,79.3872,228.4830,0.0000,17,0.000000e+0,-55,1
29,"Arequipa · llano · N-S constante -6° · mono · tresbolillo ×1 · 8 filas · az 0°",21-dic,1060,75.4845,239.6903,0.0000,17,0.000000e+0,-55,1
29,"Arequipa · llano · N-S constante -6° · mono · tresbolillo ×1 · 8 filas · az 0°",21-dic,1080,71.2217,245.6266,0.0000,17,0.000000e+0,-55,1
29,"Arequipa · llano · N-S constante -6° · mono · tresbolillo ×1 · 8 filas · az 0°",21-dic,1100,66.7992,249.0147,0.0000,17,0.000000e+0,-55,1
29,"Arequipa · llano · N-S constante -6° · mono · tresbolillo ×1 · 8 filas · az 0°",21-dic,1120,62.2968,251.0263,0.0000,17,0.000000e+0,-55,1
29,"Arequipa · llano · N-S constante -6° · mono · tresbolillo ×1 · 8 filas · az 0°",21-dic,1140,57.7514,252.2170,0.0000,17,0.000000e+0,-55,1
29,"Arequipa · llano · N-S constante -6° · mono · tresbolillo ×1 · 8 filas · az 0°",21-dic,1160,53.1829,252.8767,0.0000,17,0.000000e+0,-55,1
29,"Arequipa · llano · N-S constante -6° · mono · tresbolillo ×1 · 8 filas · az 0°",21-dic,1180,48.6031,253.1691,0.0000,17,0.000000e+0,-55,1
29,"Arequipa · llano · N-S constante -6° · mono · tresbolillo ×1 · 8 filas · az 0°",21-dic,1200,44.0199,253.1917,0.0000,17,0.000000e+0,-55,1
29,"Arequipa · llano · N-S constante -6° · mono · tresbolillo ×1 · 8 filas · az 0°",21-dic,1220,39.4393,253.0053,0.0000,17,0.000000e+0,-55,1
29,"Arequipa · llano · N-S constante -6° · mono · tresbolillo ×1 · 8 filas · az 0°",21-dic,1240,34.8660,252.6483,0.0000,17,0.000000e+0,-55,1
29,"Arequipa · llano · N-S constante -6° · mono · tresbolillo ×1 · 8 filas · az 0°",21-dic,1260,30.3044,252.1454,0.0000,17,0.000000e+0,-55,1
29,"Arequipa · llano · N-S constante -6° · mono · tresbolillo ×1 · 8 filas · az 0°",21-dic,1280,25.7587,251.5118,0.0000,17,0.000000e+0,-55,1
29,"Arequipa · llano · N-S constante -6° · mono · tresbolillo ×1 · 8 filas · az 0°",21-dic,1300,21.2337,250.7559,0.0000,17,0.000000e+0,-41.5,1
29,"Arequipa · llano · N-S constante -6° · mono · tresbolillo ×1 · 8 filas · az 0°",21-dic,1320,16.7351,249.8813,0.0000,17,0.000000e+0,-27,1
29,"Arequipa · llano · N-S constante -6° · mono · tresbolillo ×1 · 8 filas · az 0°",21-dic,1340,12.2712,248.8874,0.0000,17,0.000000e+0,-17.5,1
29,"Arequipa · llano · N-S constante -6° · mono · tresbolillo ×1 · 8 filas · az 0°",21-dic,1360,7.8581,247.7702,0.0000,17,0.000000e+0,-9,1
29,"Arequipa · llano · N-S constante -6° · mono · tresbolillo ×1 · 8 filas · az 0°",21-dic,1380,3.5464,246.5223,0.0000,33,0.000000e+0,-1.5,1
30,"Zaragoza · cresta 1 · N-S aleatorio 2° · mono · bagnarelli ×1 · 6 filas · az -20°",21-jun,300,4.3153,62.0288,3.7183,56,8.580074e-3,-4,0
30,"Zaragoza · cresta 1 · N-S aleatorio 2° · mono · bagnarelli ×1 · 6 filas · az -20°",21-jun,320,7.5953,65.1785,3.7183,28,0.000000e+0,-7.5,1
30,"Zaragoza · cresta 1 · N-S aleatorio 2° · mono · bagnarelli ×1 · 6 filas · az -20°",21-jun,340,10.9965,68.2578,3.7183,28,0.000000e+0,-11,1
30,"Zaragoza · cresta 1 · N-S aleatorio 2° · mono · bagnarelli ×1 · 6 filas · az -20°",21-jun,360,14.4858,71.2858,3.7183,28,0.000000e+0,-14.5,1
30,"Zaragoza · cresta 1 · N-S aleatorio 2° · mono · bagnarelli ×1 · 6 filas · az -20°",21-jun,380,18.0452,74.2827,3.7183,28,0.000000e+0,-18,1
30,"Zaragoza · cresta 1 · N-S aleatorio 2° · mono · bagnarelli ×1 · 6 filas · az -20°",21-jun,400,21.6612,77.2704,3.7183,28,0.000000e+0,-23,1
30,"Zaragoza · cresta 1 · N-S aleatorio 2° · mono · bagnarelli ×1 · 6 filas · az -20°",21-jun,420,25.3226,80.2731,3.7183,28,0.000000e+0,-25.5,1
30,"Zaragoza · cresta 1 · N-S aleatorio 2° · mono · bagnarelli ×1 · 6 filas · az -20°",21-jun,440,29.0187,83.3183,3.7183,28,0.000000e+0,-29.5,1
30,"Zaragoza · cresta 1 · N-S aleatorio 2° · mono · bagnarelli ×1 · 6 filas · az -20°",21-jun,460,32.7391,86.4376,3.7183,28,0.000000e+0,-34,1
30,"Zaragoza · cresta 1 · N-S aleatorio 2° · mono · bagnarelli ×1 · 6 filas · az -20°",21-jun,480,36.4729,89.6687,3.7183,28,0.000000e+0,-37.5,1
30,"Zaragoza · cresta 1 · N-S aleatorio 2° · mono · bagnarelli ×1 · 6 filas · az -20°",21-jun,500,40.2084,93.0578,3.7183,28,0.000000e+0,-55,1
30,"Zaragoza · cresta 1 · N-S aleatorio 2° · mono · bagnarelli ×1 · 6 filas · az -20°",21-jun,520,43.9319,96.6624,3.7183,28,0.000000e+0,-55,1
30,"Zaragoza · cresta 1 · N-S aleatorio 2° · mono · bagnarelli ×1 · 6 filas · az -20°",21-jun,540,47.6271,100.5563,3.7183,28,0.000000e+0,-55,1
30,"Zaragoza · cresta 1 · N-S aleatorio 2° · mono · bagnarelli ×1 · 6 filas · az -20°",21-jun,560,51.2734,104.8355,3.7183,28,0.000000e+0,-55,1
30,"Zaragoza · cresta 1 · N-S aleatorio 2° · mono · bagnarelli ×1 · 6 filas · az -20°",21-jun,580,54.8437,109.6272,3.7183,28,0.000000e+0,-55,1
30,"Zaragoza · cresta 1 · N-S aleatorio 2° · mono · bagnarelli ×1 · 6 filas · az -20°",21-jun,600,58.3011,115.1015,3.7183,28,0.000000e+0,-55,1
30,"Zaragoza · cresta 1 · N-S aleatorio 2° · mono · bagnarelli ×1 · 6 filas · az -20°",21-jun,620,61.5938,121.4838,3.7183,28,0.000000e+0,-55,1
30,"Zaragoza · cresta 1 · N-S aleatorio 2° · mono · bagnarelli ×1 · 6 filas · az -20°",21-jun,640,64.6480,129.0638,3.7183,28,0.000000e+0,-55,1
30,"Zaragoza · cresta 1 · N-S aleatorio 2° · mono · bagnarelli ×1 · 6 filas · az -20°",21-jun,660,67.3579,138.1801,3.7183,28,0.000000e+0,-55,1
30,"Zaragoza · cresta 1 · N-S aleatorio 2° · mono · bagnarelli ×1 · 6 filas · az -20°",21-jun,680,69.5784,149.1387,3.7183,28,0.000000e+0,-55,1
30,"Zaragoza · cresta 1 · N-S aleatorio 2° · mono · bagnarelli ×1 · 6 filas · az -20°",21-jun,700,71.1301,162.0059,3.7183,28,0.000000e+0,-55,1
30,"Zaragoza · cresta 1 · N-S aleatorio 2° · mono · bagnarelli ×1 · 6 filas · az -20°",21-jun,720,71.8368,176.3074,3.7183,28,0.000000e+0,-55,1
30,"Zaragoza · cresta 1 · N-S aleatorio 2° · mono · bagnarelli ×1 · 6 filas · az -20°",21-jun,740,71.5993,190.9409,3.7183,28,0.000000e+0,-55,1
30,"Zaragoza · cresta 1 · N-S aleatorio 2° · mono · bagnarelli ×1 · 6 filas · az -20°",21-jun,760,70.4524,204.6300,3.7183,28,0.000000e+0,-55,1
30,"Zaragoza · cresta 1 · N-S aleatorio 2° · mono · bagnarelli ×1 · 6 filas · az -20°",21-jun,780,68.5438,216.5649,3.7183,28,0.000000e+0,-55,1
30,"Zaragoza · cresta 1 · N-S aleatorio 2° · mono · bagnarelli ×1 · 6 filas · az -20°",21-jun,800,66.0587,226.5756,3.7183,28,0.000000e+0,-55,1
30,"Zaragoza · cresta 1 · N-S aleatorio 2° · mono · bagnarelli ×1 · 6 filas · az -20°",21-jun,820,63.1617,234.8830,3.7183,28,0.000000e+0,-55,1
30,"Zaragoza · cresta 1 · N-S aleatorio 2° · mono · bagnarelli ×1 · 6 filas · az -20°",21-jun,840,59.9777,241.8261,3.7183,28,0.000000e+0,-55,1
30,"Zaragoza · cresta 1 · N-S aleatorio 2° · mono · bagnarelli ×1 · 6 filas · az -20°",21-jun,860,56.5952,247.7238,3.7183,28,0.000000e+0,-55,1
30,"Zaragoza · cresta 1 · N-S aleatorio 2° · mono · bagnarelli ×1 · 6 filas · az -20°",21-jun,880,53.0761,252.8336,3.7183,28,0.000000e+0,-55,1
30,"Zaragoza · cresta 1 · N-S aleatorio 2° · mono · bagnarelli ×1 · 6 filas · az -20°",21-jun,900,49.4641,257.3516,3.7183,28,0.000000e+0,-8.5,1
30,"Zaragoza · cresta 1 · N-S aleatorio 2° · mono · bagnarelli ×1 · 6 filas · az -20°",21-jun,920,45.7905,261.4251,3.7183,28,0.000000e+0,4,1
30,"Zaragoza · cresta 1 · N-S aleatorio 2° · mono · bagnarelli ×1 · 6 filas · az -20°",21-jun,940,42.0789,265.1644,3.7183,28,0.000000e+0,13,1
30,"Zaragoza · cresta 1 · N-S aleatorio 2° · mono · bagnarelli ×1 · 6 filas · az -20°",21-jun,960,38.3476,268.6535,3.7183,28,0.000000e+0,18,1
30,"Zaragoza · cresta 1 · N-S aleatorio 2° · mono · bagnarelli ×1 · 6 filas · az -20°",21-jun,980,34.6113,271.9575,3.7183,28,0.000000e+0,25,1
30,"Zaragoza · cresta 1 · N-S aleatorio 2° · mono · bagnarelli ×1 · 6 filas · az -20°",21-jun,1000,30.8827,275.1277,3.7183,28,0.000000e+0,32,1
30,"Zaragoza · cresta 1 · N-S aleatorio 2° · mono · bagnarelli ×1 · 6 filas · az -20°",21-jun,1020,27.1731,278.2058,3.7183,28,0.000000e+0,29,1
30,"Zaragoza · cresta 1 · N-S aleatorio 2° · mono · bagnarelli ×1 · 6 filas · az -20°",21-jun,1040,23.4930,281.2261,3.7183,28,0.000000e+0,26,1
30,"Zaragoza · cresta 1 · N-S aleatorio 2° · mono · bagnarelli ×1 · 6 filas · az -20°",21-jun,1060,19.8529,284.2181,3.7183,28,9.134756e-3,24.5,0
30,"Zaragoza · cresta 1 · N-S aleatorio 2° · mono · bagnarelli ×1 · 6 filas · az -20°",21-jun,1080,16.2635,287.2075,3.7183,28,5.697163e-3,20,0
30,"Zaragoza · cresta 1 · N-S aleatorio 2° · mono · bagnarelli ×1 · 6 filas · az -20°",21-jun,1100,12.7372,290.2173,3.7183,28,7.239132e-3,17,0
30,"Zaragoza · cresta 1 · N-S aleatorio 2° · mono · bagnarelli ×1 · 6 filas · az -20°",21-jun,1120,9.2889,293.2684,3.7183,28,1.153399e-2,12.5,0
30,"Zaragoza · cresta 1 · N-S aleatorio 2° · mono · bagnarelli ×1 · 6 filas · az -20°",21-jun,1140,5.9421,296.3805,3.7183,56,1.439647e-2,8,0
30,"Zaragoza · cresta 1 · N-S aleatorio 2° · mono · bagnarelli ×1 · 6 filas · az -20°",21-jun,1160,2.7509,299.5720,3.7183,56,1.250910e-1,4,0
30,"Zaragoza · cresta 1 · N-S aleatorio 2° · mono · bagnarelli ×1 · 6 filas · az -20°",21-mar,380,2.2529,91.3999,3.7183,56,1.614154e-2,-3,0
30,"Zaragoza · cresta 1 · N-S aleatorio 2° · mono · bagnarelli ×1 · 6 filas · az -20°",21-mar,400,5.8504,94.7292,3.7183,56,1.150736e-2,-7,0
30,"Zaragoza · cresta 1 · N-S aleatorio 2° · mono · bagnarelli ×1 · 6 filas · az -20°",21-mar,420,9.5200,98.1006,3.7183,28,1.037820e-2,-11,0
30,"Zaragoza · cresta 1 · N-S aleatorio 2° · mono · bagnarelli ×1 · 6 filas · az -20°",21-mar,440,13.1842,101.5436,3.7183,28,1.016290e-2,-14.5,0
30,"Zaragoza · cresta 1 · N-S aleatorio 2° · mono · bagnarelli ×1 · 6 filas · az -20°",21-mar,460,16.8132,105.0894,3.7183,28,0.000000e+0,-19.5,1
30,"Zaragoza · cresta 1 · N-S aleatorio 2° · mono · bagnarelli ×1 · 6 filas · az -20°",21-mar,480,20.3859,108.7709,3.7183,28,7.300738e-3,-24.5,0
30,"Zaragoza · cresta 1 · N-S aleatorio 2° · mono · bagnarelli ×1 · 6 filas · az -20°",21-mar,500,23.8823,112.6235,3.7183,28,0.000000e+0,-30.5,1
30,"Zaragoza · cresta 1 · N-S aleatorio 2° · mono · bagnarelli ×1 · 6 filas · az -20°",21-mar,520,27.2812,116.6855,3.7183,28,0.000000e+0,-36.5,1
30,"Zaragoza · cresta 1 · N-S aleatorio 2° · mono · bagnarelli ×1 · 6 filas · az -20°",21-mar,540,30.5584,120.9974,3.7183,28,0.000000e+0,-55,1
30,"Zaragoza · cresta 1 · N-S aleatorio 2° · mono · bagnarelli ×1 · 6 filas · az -20°",21-mar,560,33.6866,125.6019,3.7183,28,0.000000e+0,-55,1
30,"Zaragoza · cresta 1 · N-S aleatorio 2° · mono · bagnarelli ×1 · 6 filas · az -20°",21-mar,580,36.6339,130.5419,3.7183,28,0.000000e+0,-55,1
30,"Zaragoza · cresta 1 · N-S aleatorio 2° · mono · bagnarelli ×1 · 6 filas · az -20°",21-mar,600,39.3642,135.8579,3.7183,28,0.000000e+0,-55,1
30,"Zaragoza · cresta 1 · N-S aleatorio 2° · mono · bagnarelli ×1 · 6 filas · az -20°",21-mar,620,41.8362,141.5831,3.7183,28,0.000000e+0,-55,1
30,"Zaragoza · cresta 1 · N-S aleatorio 2° · mono · bagnarelli ×1 · 6 filas · az -20°",21-mar,640,44.0046,147.7369,3.7183,28,0.000000e+0,-55,1
30,"Zaragoza · cresta 1 · N-S aleatorio 2° · mono · bagnarelli ×1 · 6 filas · az -20°",21-mar,660,45.8219,154.3164,3.7183,28,0.000000e+0,-55,1
30,"Zaragoza · cresta 1 · N-S aleatorio 2° · mono · bagnarelli ×1 · 6 filas · az -20°",21-mar,680,47.2408,161.2877,3.7183,28,0.000000e+0,-55,1
30,"Zaragoza · cresta 1 · N-S aleatorio 2° · mono · bagnarelli ×1 · 6 filas · az -20°",21-mar,700,48.2189,168.5799,3.7183,28,0.000000e+0,-55,1
30,"Zaragoza · cresta 1 · N-S aleatorio 2° · mono · bagnarelli ×1 · 6 filas · az -20°",21-mar,720,48.7237,176.0853,3.7183,28,0.000000e+0,-55,1
30,"Zaragoza · cresta 1 · N-S aleatorio 2° · mono · bagnarelli ×1 · 6 filas · az -20°",21-mar,740,48.7373,183.6681,3.7183,28,0.000000e+0,-55,1
30,"Zaragoza · cresta 1 · N-S aleatorio 2° · mono · bagnarelli ×1 · 6 filas · az -20°",21-mar,760,48.2591,191.1814,3.7183,28,0.000000e+0,-55,1
30,"Zaragoza · cresta 1 · N-S aleatorio 2° · mono · bagnarelli ×1 · 6 filas · az -20°",21-mar,780,47.3064,198.4885,3.7183,28,0.000000e+0,-55,1
30,"Zaragoza · cresta 1 · N-S aleatorio 2° · mono · bagnarelli ×1 · 6 filas · az -20°",21-mar,800,45.9109,205.4797,3.7183,28,0.000000e+0,-55,1
30,"Zaragoza · cresta 1 · N-S aleatorio 2° · mono · bagnarelli ×1 · 6 filas · az -20°",21-mar,820,44.1149,212.0823,3.7183,28,0.000000e+0,-9.5,1
30,"Zaragoza · cresta 1 · N-S aleatorio 2° · mono · bagnarelli ×1 · 6 filas · az -20°",21-mar,840,41.9653,218.2604,3.7183,28,0.000000e+0,4,1
30,"Zaragoza · cresta 1 · N-S aleatorio 2° · mono · bagnarelli ×1 · 6 filas · az -20°",21-mar,860,39.5099,224.0098,3.7183,28,0.000000e+0,15,1
30,"Zaragoza · cresta 1 · N-S aleatorio 2° · mono · bagnarelli ×1 · 6 filas · az -20°",21-mar,880,36.7942,229.3489,3.7183,28,0.000000e+0,24,1
30,"Zaragoza · cresta 1 · N-S aleatorio 2° · mono · bagnarelli ×1 · 6 filas · az -20°",21-mar,900,33.8596,234.3105,3.7183,28,0.000000e+0,32,1
30,"Zaragoza · cresta 1 · N-S aleatorio 2° · mono · bagnarelli ×1 · 6 filas · az -20°",21-mar,920,30.7428,238.9347,3.7183,28,0.000000e+0,31.5,1
30,"Zaragoza · cresta 1 · N-S aleatorio 2° · mono · bagnarelli ×1 · 6 filas · az -20°",21-mar,940,27.4756,243.2645,3.7183,28,1.154889e-2,28,0
30,"Zaragoza · cresta 1 · N-S aleatorio 2° · mono · bagnarelli ×1 · 6 filas · az -20°",21-mar,960,24.0859,247.3426,3.7183,28,0.000000e+0,24,1
30,"Zaragoza · cresta 1 · N-S aleatorio 2° · mono · bagnarelli ×1 · 6 filas · az -20°",21-mar,980,20.5978,251.2099,3.7183,28,0.000000e+0,20,1
30,"Zaragoza · cresta 1 · N-S aleatorio 2° · mono · bagnarelli ×1 · 6 filas · az -20°",21-mar,1000,17.0327,254.9045,3.7183,28,5.939009e-3,17,0
30,"Zaragoza · cresta 1 · N-S aleatorio 2° · mono · bagnarelli ×1 · 6 filas · az -20°",21-mar,1020,13.4108,258.4622,3.7183,28,1.122520e-2,13.5,0
30,"Zaragoza · cresta 1 · N-S aleatorio 2° · mono · bagnarelli ×1 · 6 filas · az -20°",21-mar,1040,9.7530,261.9160,3.7183,28,1.139063e-3,9.5,0
30,"Zaragoza · cresta 1 · N-S aleatorio 2° · mono · bagnarelli ×1 · 6 filas · az -20°",21-mar,1060,6.0879,265.2972,3.7183,28,1.663527e-2,6.5,0
30,"Zaragoza · cresta 1 · N-S aleatorio 2° · mono · bagnarelli ×1 · 6 filas · az -20°",21-mar,1080,2.4866,268.6354,3.7183,56,3.733834e-2,2.5,0
30,"Zaragoza · cresta 1 · N-S aleatorio 2° · mono · bagnarelli ×1 · 6 filas · az -20°",21-dic,480,4.5444,126.9401,3.7183,56,2.321487e-2,-8.5,0
30,"Zaragoza · cresta 1 · N-S aleatorio 2° · mono · bagnarelli ×1 · 6 filas · az -20°",21-dic,500,7.4023,130.4970,3.7183,28,9.556005e-3,-14,0
30,"Zaragoza · cresta 1 · N-S aleatorio 2° · mono · bagnarelli ×1 · 6 filas · az -20°",21-dic,520,10.1358,134.1991,3.7183,28,0.000000e+0,-19,1
30,"Zaragoza · cresta 1 · N-S aleatorio 2° · mono · bagnarelli ×1 · 6 filas · az -20°",21-dic,540,12.7098,138.0581,3.7183,28,0.000000e+0,-28.5,1
30,"Zaragoza · cresta 1 · N-S aleatorio 2° · mono · bagnarelli ×1 · 6 filas · az -20°",21-dic,560,15.0987,142.0828,3.7183,28,0.000000e+0,-55,1
30,"Zaragoza · cresta 1 · N-S aleatorio 2° · mono · bagnarelli ×1 · 6 filas · az -20°",21-dic,580,17.2795,146.2782,3.7183,28,0.000000e+0,-55,1
30,"Zaragoza · cresta 1 · N-S aleatorio 2° · mono · bagnarelli ×1 · 6 filas · az -20°",21-dic,600,19.2301,150.6447,3.7183,28,0.000000e+0,-55,1
30,"Zaragoza · cresta 1 · N-S aleatorio 2° · mono · bagnarelli ×1 · 6 filas · az -20°",21-dic,620,20.9291,155.1771,3.7183,28,0.000000e+0,-55,1
30,"Zaragoza · cresta 1 · N-S aleatorio 2° · mono · bagnarelli ×1 · 6 filas · az -20°",21-dic,640,22.3561,159.8636,3.7183,28,0.000000e+0,-55,1
30,"Zaragoza · cresta 1 · N-S aleatorio 2° · mono · bagnarelli ×1 · 6 filas · az -20°",21-dic,660,23.4927,164.6856,3.7183,28,0.000000e+0,-55,1
30,"Zaragoza · cresta 1 · N-S aleatorio 2° · mono · bagnarelli ×1 · 6 filas · az -20°",21-dic,680,24.3230,169.6174,3.7183,28,0.000000e+0,-55,1
30,"Zaragoza · cresta 1 · N-S aleatorio 2° · mono · bagnarelli ×1 · 6 filas · az -20°",21-dic,700,24.8347,174.6273,3.7183,28,0.000000e+0,-55,1
30,"Zaragoza · cresta 1 · N-S aleatorio 2° · mono · bagnarelli ×1 · 6 filas · az -20°",21-dic,720,25.0202,179.6788,3.7183,28,0.000000e+0,-55,1
30,"Zaragoza · cresta 1 · N-S aleatorio 2° · mono · bagnarelli ×1 · 6 filas · az -20°",21-dic,740,24.8764,184.7327,3.7183,28,0.000000e+0,4,1
30,"Zaragoza · cresta 1 · N-S aleatorio 2° · mono · bagnarelli ×1 · 6 filas · az -20°",21-dic,760,24.4057,189.7500,3.7183,28,0.000000e+0,18.5,1
30,"Zaragoza · cresta 1 · N-S aleatorio 2° · mono · bagnarelli ×1 · 6 filas · az -20°",21-dic,780,23.6152,194.6936,3.7183,28,0.000000e+0,29,1
30,"Zaragoza · cresta 1 · N-S aleatorio 2° · mono · bagnarelli ×1 · 6 filas · az -20°",21-dic,800,22.5166,199.5310,3.7183,28,0.000000e+0,34,1
30,"Zaragoza · cresta 1 · N-S aleatorio 2° · mono · bagnarelli ×1 · 6 filas · az -20°",21-dic,820,21.1254,204.2358,3.7183,28,0.000000e+0,30,1
30,"Zaragoza · cresta 1 · N-S aleatorio 2° · mono · bagnarelli ×1 · 6 filas · az -20°",21-dic,840,19.4598,208.7885,3.7183,28,9.309975e-3,24.5,0
30,"Zaragoza · cresta 1 · N-S aleatorio 2° · mono · bagnarelli ×1 · 6 filas · az -20°",21-dic,860,17.5399,213.1765,3.7183,28,0.000000e+0,20.5,1
30,"Zaragoza · cresta 1 · N-S aleatorio 2° · mono · bagnarelli ×1 · 6 filas · az -20°",21-dic,880,15.3871,217.3936,3.7183,28,8.120834e-3,18.5,0
30,"Zaragoza · cresta 1 · N-S aleatorio 2° · mono · bagnarelli ×1 · 6 filas · az -20°",21-dic,900,13.0234,221.4397,3.7183,28,1.175803e-2,15.5,0
30,"Zaragoza · cresta 1 · N-S aleatorio 2° · mono · bagnarelli ×1 · 6 filas · az -20°",21-dic,920,10.4715,225.3193,3.7183,28,9.818885e-3,12.5,0
30,"Zaragoza · cresta 1 · N-S aleatorio 2° · mono · bagnarelli ×1 · 6 filas · az -20°",21-dic,940,7.7566,229.0407,3.7183,28,2.151684e-2,7.5,0
30,"Zaragoza · cresta 1 · N-S aleatorio 2° · mono · bagnarelli ×1 · 6 filas · az -20°",21-dic,960,4.9112,232.6152,3.7183,56,2.039927e-2,4.5,0
30,"Zaragoza · cresta 1 · N-S aleatorio 2° · mono · bagnarelli ×1 · 6 filas · az -20°",21-dic,980,2.0112,236.0562,3.7183,56,2.776227e-2,2,0
31,"Zaragoza · aleatorio 13 · N-S senoidal 4° · bifila · alineadas ×1 · 10 filas · az -20°",21-jun,300,4.3153,62.0288,6.1554,64,9.799156e-3,-4.5,0
31,"Zaragoza · aleatorio 13 · N-S senoidal 4° · bifila · alineadas ×1 · 10 filas · az -20°",21-jun,320,7.5953,65.1785,6.1554,33,0.000000e+0,-8,1
31,"Zaragoza · aleatorio 13 · N-S senoidal 4° · bifila · alineadas ×1 · 10 filas · az -20°",21-jun,340,10.9965,68.2578,6.1554,33,0.000000e+0,-11,1
31,"Zaragoza · aleatorio 13 · N-S senoidal 4° · bifila · alineadas ×1 · 10 filas · az -20°",21-jun,360,14.4858,71.2858,6.1554,33,0.000000e+0,-15.5,1
31,"Zaragoza · aleatorio 13 · N-S senoidal 4° · bifila · alineadas ×1 · 10 filas · az -20°",21-jun,380,18.0452,74.2827,6.1554,33,0.000000e+0,-18.5,1
31,"Zaragoza · aleatorio 13 · N-S senoidal 4° · bifila · alineadas ×1 · 10 filas · az -20°",21-jun,400,21.6612,77.2704,6.1554,33,0.000000e+0,-22,1
31,"Zaragoza · aleatorio 13 · N-S senoidal 4° · bifila · alineadas ×1 · 10 filas · az -20°",21-jun,420,25.3226,80.2731,6.1554,33,0.000000e+0,-27,1
31,"Zaragoza · aleatorio 13 · N-S senoidal 4° · bifila · alineadas ×1 · 10 filas · az -20°",21-jun,440,29.0187,83.3183,6.1554,33,0.000000e+0,-37,1
31,"Zaragoza · aleatorio 13 · N-S senoidal 4° · bifila · alineadas ×1 · 10 filas · az -20°",21-jun,460,32.7391,86.4376,6.1554,33,0.000000e+0,-53,1
31,"Zaragoza · aleatorio 13 · N-S senoidal 4° · bifila · alineadas ×1 · 10 filas · az -20°",21-jun,480,36.4729,89.6687,6.1554,33,0.000000e+0,-55,1
31,"Zaragoza · aleatorio 13 · N-S senoidal 4° · bifila · alineadas ×1 · 10 filas · az -20°",21-jun,500,40.2084,93.0578,6.1554,33,0.000000e+0,-55,1
31,"Zaragoza · aleatorio 13 · N-S senoidal 4° · bifila · alineadas ×1 · 10 filas · az -20°",21-jun,520,43.9319,96.6624,6.1554,33,0.000000e+0,-55,1
31,"Zaragoza · aleatorio 13 · N-S senoidal 4° · bifila · alineadas ×1 · 10 filas · az -20°",21-jun,540,47.6271,100.5563,6.1554,33,0.000000e+0,-55,1
31,"Zaragoza · aleatorio 13 · N-S senoidal 4° · bifila · alineadas ×1 · 10 filas · az -20°",21-jun,560,51.2734,104.8355,6.1554,33,0.000000e+0,-55,1
31,"Zaragoza · aleatorio 13 · N-S senoidal 4° · bifila · alineadas ×1 · 10 filas · az -20°",21-jun,580,54.8437,109.6272,6.1554,33,0.000000e+0,-55,1
31,"Zaragoza · aleatorio 13 · N-S senoidal 4° · bifila · alineadas ×1 · 10 filas · az -20°",21-jun,600,58.3011,115.1015,6.1554,33,0.000000e+0,-55,1
31,"Zaragoza · aleatorio 13 · N-S senoidal 4° · bifila · alineadas ×1 · 10 filas · az -20°",21-jun,620,61.5938,121.4838,6.1554,33,0.000000e+0,-55,1
31,"Zaragoza · aleatorio 13 · N-S senoidal 4° · bifila · alineadas ×1 · 10 filas · az -20°",21-jun,640,64.6480,129.0638,6.1554,33,0.000000e+0,-55,1
31,"Zaragoza · aleatorio 13 · N-S senoidal 4° · bifila · alineadas ×1 · 10 filas · az -20°",21-jun,660,67.3579,138.1801,6.1554,33,0.000000e+0,-55,1
31,"Zaragoza · aleatorio 13 · N-S senoidal 4° · bifila · alineadas ×1 · 10 filas · az -20°",21-jun,680,69.5784,149.1387,6.1554,33,0.000000e+0,-55,1
31,"Zaragoza · aleatorio 13 · N-S senoidal 4° · bifila · alineadas ×1 · 10 filas · az -20°",21-jun,700,71.1301,162.0059,6.1554,33,0.000000e+0,-55,1
31,"Zaragoza · aleatorio 13 · N-S senoidal 4° · bifila · alineadas ×1 · 10 filas · az -20°",21-jun,720,71.8368,176.3074,6.1554,33,0.000000e+0,-55,1
31,"Zaragoza · aleatorio 13 · N-S senoidal 4° · bifila · alineadas ×1 · 10 filas · az -20°",21-jun,740,71.5993,190.9409,6.1554,33,0.000000e+0,-55,1
31,"Zaragoza · aleatorio 13 · N-S senoidal 4° · bifila · alineadas ×1 · 10 filas · az -20°",21-jun,760,70.4524,204.6300,6.1554,33,0.000000e+0,-55,1
31,"Zaragoza · aleatorio 13 · N-S senoidal 4° · bifila · alineadas ×1 · 10 filas · az -20°",21-jun,780,68.5438,216.5649,6.1554,33,0.000000e+0,-55,1
31,"Zaragoza · aleatorio 13 · N-S senoidal 4° · bifila · alineadas ×1 · 10 filas · az -20°",21-jun,800,66.0587,226.5756,6.1554,33,0.000000e+0,-55,1
31,"Zaragoza · aleatorio 13 · N-S senoidal 4° · bifila · alineadas ×1 · 10 filas · az -20°",21-jun,820,63.1617,234.8830,6.1554,33,0.000000e+0,-55,1
31,"Zaragoza · aleatorio 13 · N-S senoidal 4° · bifila · alineadas ×1 · 10 filas · az -20°",21-jun,840,59.9777,241.8261,6.1554,33,0.000000e+0,-55,1
31,"Zaragoza · aleatorio 13 · N-S senoidal 4° · bifila · alineadas ×1 · 10 filas · az -20°",21-jun,860,56.5952,247.7238,6.1554,33,0.000000e+0,-55,1
31,"Zaragoza · aleatorio 13 · N-S senoidal 4° · bifila · alineadas ×1 · 10 filas · az -20°",21-jun,880,53.0761,252.8336,6.1554,33,0.000000e+0,-55,1
31,"Zaragoza · aleatorio 13 · N-S senoidal 4° · bifila · alineadas ×1 · 10 filas · az -20°",21-jun,900,49.4641,257.3516,6.1554,33,0.000000e+0,-20.5,1
31,"Zaragoza · aleatorio 13 · N-S senoidal 4° · bifila · alineadas ×1 · 10 filas · az -20°",21-jun,920,45.7905,261.4251,6.1554,33,0.000000e+0,-4,1
31,"Zaragoza · aleatorio 13 · N-S senoidal 4° · bifila · alineadas ×1 · 10 filas · az -20°",21-jun,940,42.0789,265.1644,6.1554,33,0.000000e+0,1,1
31,"Zaragoza · aleatorio 13 · N-S senoidal 4° · bifila · alineadas ×1 · 10 filas · az -20°",21-jun,960,38.3476,268.6535,6.1554,33,0.000000e+0,9.5,1
31,"Zaragoza · aleatorio 13 · N-S senoidal 4° · bifila · alineadas ×1 · 10 filas · az -20°",21-jun,980,34.6113,271.9575,6.1554,33,0.000000e+0,17,1
31,"Zaragoza · aleatorio 13 · N-S senoidal 4° · bifila · alineadas ×1 · 10 filas · az -20°",21-jun,1000,30.8827,275.1277,6.1554,33,0.000000e+0,23.5,1
31,"Zaragoza · aleatorio 13 · N-S senoidal 4° · bifila · alineadas ×1 · 10 filas · az -20°",21-jun,1020,27.1731,278.2058,6.1554,33,0.000000e+0,28,1
31,"Zaragoza · aleatorio 13 · N-S senoidal 4° · bifila · alineadas ×1 · 10 filas · az -20°",21-jun,1040,23.4930,281.2261,6.1554,33,0.000000e+0,26.5,1
31,"Zaragoza · aleatorio 13 · N-S senoidal 4° · bifila · alineadas ×1 · 10 filas · az -20°",21-jun,1060,19.8529,284.2181,6.1554,33,1.990935e-2,24.5,0
31,"Zaragoza · aleatorio 13 · N-S senoidal 4° · bifila · alineadas ×1 · 10 filas · az -20°",21-jun,1080,16.2635,287.2075,6.1554,33,5.821920e-3,19.5,0
31,"Zaragoza · aleatorio 13 · N-S senoidal 4° · bifila · alineadas ×1 · 10 filas · az -20°",21-jun,1100,12.7372,290.2173,6.1554,33,2.434584e-2,16.5,0
31,"Zaragoza · aleatorio 13 · N-S senoidal 4° · bifila · alineadas ×1 · 10 filas · az -20°",21-jun,1120,9.2889,293.2684,6.1554,33,4.928526e-2,12,0
31,"Zaragoza · aleatorio 13 · N-S senoidal 4° · bifila · alineadas ×1 · 10 filas · az -20°",21-jun,1140,5.9421,296.3805,6.1554,64,1.855575e-1,5.5,0
31,"Zaragoza · aleatorio 13 · N-S senoidal 4° · bifila · alineadas ×1 · 10 filas · az -20°",21-jun,1160,2.7509,299.5720,6.1554,64,1.740061e-1,6.5,0
31,"Zaragoza · aleatorio 13 · N-S senoidal 4° · bifila · alineadas ×1 · 10 filas · az -20°",21-mar,380,2.2529,91.3999,6.1554,64,2.686061e-2,-2,0
31,"Zaragoza · aleatorio 13 · N-S senoidal 4° · bifila · alineadas ×1 · 10 filas · az -20°",21-mar,400,5.8504,94.7292,6.1554,64,1.441670e-2,-6.5,0
31,"Zaragoza · aleatorio 13 · N-S senoidal 4° · bifila · alineadas ×1 · 10 filas · az -20°",21-mar,420,9.5200,98.1006,6.1554,33,2.386968e-2,-10,0
31,"Zaragoza · aleatorio 13 · N-S senoidal 4° · bifila · alineadas ×1 · 10 filas · az -20°",21-mar,440,13.1842,101.5436,6.1554,33,2.465753e-2,-17,0
31,"Zaragoza · aleatorio 13 · N-S senoidal 4° · bifila · alineadas ×1 · 10 filas · az -20°",21-mar,460,16.8132,105.0894,6.1554,33,0.000000e+0,-20,1
31,"Zaragoza · aleatorio 13 · N-S senoidal 4° · bifila · alineadas ×1 · 10 filas · az -20°",21-mar,480,20.3859,108.7709,6.1554,33,0.000000e+0,-24.5,1
31,"Zaragoza · aleatorio 13 · N-S senoidal 4° · bifila · alineadas ×1 · 10 filas · az -20°",21-mar,500,23.8823,112.6235,6.1554,33,0.000000e+0,-47,1
31,"Zaragoza · aleatorio 13 · N-S senoidal 4° · bifila · alineadas ×1 · 10 filas · az -20°",21-mar,520,27.2812,116.6855,6.1554,33,0.000000e+0,-55,1
31,"Zaragoza · aleatorio 13 · N-S senoidal 4° · bifila · alineadas ×1 · 10 filas · az -20°",21-mar,540,30.5584,120.9974,6.1554,33,0.000000e+0,-55,1
31,"Zaragoza · aleatorio 13 · N-S senoidal 4° · bifila · alineadas ×1 · 10 filas · az -20°",21-mar,560,33.6866,125.6019,6.1554,33,0.000000e+0,-55,1
31,"Zaragoza · aleatorio 13 · N-S senoidal 4° · bifila · alineadas ×1 · 10 filas · az -20°",21-mar,580,36.6339,130.5419,6.1554,33,0.000000e+0,-55,1
31,"Zaragoza · aleatorio 13 · N-S senoidal 4° · bifila · alineadas ×1 · 10 filas · az -20°",21-mar,600,39.3642,135.8579,6.1554,33,0.000000e+0,-55,1
31,"Zaragoza · aleatorio 13 · N-S senoidal 4° · bifila · alineadas ×1 · 10 filas · az -20°",21-mar,620,41.8362,141.5831,6.1554,33,0.000000e+0,-55,1
31,"Zaragoza · aleatorio 13 · N-S senoidal 4° · bifila · alineadas ×1 · 10 filas · az -20°",21-mar,640,44.0046,147.7369,6.1554,33,0.000000e+0,-55,1
31,"Zaragoza · aleatorio 13 · N-S senoidal 4° · bifila · alineadas ×1 · 10 filas · az -20°",21-mar,660,45.8219,154.3164,6.1554,33,0.000000e+0,-55,1
31,"Zaragoza · aleatorio 13 · N-S senoidal 4° · bifila · alineadas ×1 · 10 filas · az -20°",21-mar,680,47.2408,161.2877,6.1554,33,0.000000e+0,-55,1
31,"Zaragoza · aleatorio 13 · N-S senoidal 4° · bifila · alineadas ×1 · 10 filas · az -20°",21-mar,700,48.2189,168.5799,6.1554,33,0.000000e+0,-55,1
31,"Zaragoza · aleatorio 13 · N-S senoidal 4° · bifila · alineadas ×1 · 10 filas · az -20°",21-mar,720,48.7237,176.0853,6.1554,33,0.000000e+0,-55,1
31,"Zaragoza · aleatorio 13 · N-S senoidal 4° · bifila · alineadas ×1 · 10 filas · az -20°",21-mar,740,48.7373,183.6681,6.1554,33,0.000000e+0,-55,1
31,"Zaragoza · aleatorio 13 · N-S senoidal 4° · bifila · alineadas ×1 · 10 filas · az -20°",21-mar,760,48.2591,191.1814,6.1554,33,0.000000e+0,-55,1
31,"Zaragoza · aleatorio 13 · N-S senoidal 4° · bifila · alineadas ×1 · 10 filas · az -20°",21-mar,780,47.3064,198.4885,6.1554,33,0.000000e+0,-55,1
31,"Zaragoza · aleatorio 13 · N-S senoidal 4° · bifila · alineadas ×1 · 10 filas · az -20°",21-mar,800,45.9109,205.4797,6.1554,33,0.000000e+0,-55,1
31,"Zaragoza · aleatorio 13 · N-S senoidal 4° · bifila · alineadas ×1 · 10 filas · az -20°",21-mar,820,44.1149,212.0823,6.1554,33,0.000000e+0,-55,1
31,"Zaragoza · aleatorio 13 · N-S senoidal 4° · bifila · alineadas ×1 · 10 filas · az -20°",21-mar,840,41.9653,218.2604,6.1554,33,0.000000e+0,-9.5,1
31,"Zaragoza · aleatorio 13 · N-S senoidal 4° · bifila · alineadas ×1 · 10 filas · az -20°",21-mar,860,39.5099,224.0098,6.1554,33,0.000000e+0,4,1
31,"Zaragoza · aleatorio 13 · N-S senoidal 4° · bifila · alineadas ×1 · 10 filas · az -20°",21-mar,880,36.7942,229.3489,6.1554,33,0.000000e+0,14,1
31,"Zaragoza · aleatorio 13 · N-S senoidal 4° · bifila · alineadas ×1 · 10 filas · az -20°",21-mar,900,33.8596,234.3105,6.1554,33,0.000000e+0,22,1
31,"Zaragoza · aleatorio 13 · N-S senoidal 4° · bifila · alineadas ×1 · 10 filas · az -20°",21-mar,920,30.7428,238.9347,6.1554,33,0.000000e+0,29.5,1
31,"Zaragoza · aleatorio 13 · N-S senoidal 4° · bifila · alineadas ×1 · 10 filas · az -20°",21-mar,940,27.4756,243.2645,6.1554,33,5.602804e-3,27.5,0
31,"Zaragoza · aleatorio 13 · N-S senoidal 4° · bifila · alineadas ×1 · 10 filas · az -20°",21-mar,960,24.0859,247.3426,6.1554,33,0.000000e+0,23.5,1
31,"Zaragoza · aleatorio 13 · N-S senoidal 4° · bifila · alineadas ×1 · 10 filas · az -20°",21-mar,980,20.5978,251.2099,6.1554,33,0.000000e+0,20.5,1
31,"Zaragoza · aleatorio 13 · N-S senoidal 4° · bifila · alineadas ×1 · 10 filas · az -20°",21-mar,1000,17.0327,254.9045,6.1554,33,0.000000e+0,16.5,1
31,"Zaragoza · aleatorio 13 · N-S senoidal 4° · bifila · alineadas ×1 · 10 filas · az -20°",21-mar,1020,13.4108,258.4622,6.1554,33,0.000000e+0,13.5,1
31,"Zaragoza · aleatorio 13 · N-S senoidal 4° · bifila · alineadas ×1 · 10 filas · az -20°",21-mar,1040,9.7530,261.9160,6.1554,33,2.725361e-2,10,0
31,"Zaragoza · aleatorio 13 · N-S senoidal 4° · bifila · alineadas ×1 · 10 filas · az -20°",21-mar,1060,6.0879,265.2972,6.1554,33,1.191973e-1,5.5,0
31,"Zaragoza · aleatorio 13 · N-S senoidal 4° · bifila · alineadas ×1 · 10 filas · az -20°",21-mar,1080,2.4866,268.6354,6.1554,64,5.469315e-2,3,0
31,"Zaragoza · aleatorio 13 · N-S senoidal 4° · bifila · alineadas ×1 · 10 filas · az -20°",21-dic,480,4.5444,126.9401,6.1554,64,4.430021e-2,-7,0
31,"Zaragoza · aleatorio 13 · N-S senoidal 4° · bifila · alineadas ×1 · 10 filas · az -20°",21-dic,500,7.4023,130.4970,6.1554,33,1.952737e-2,-12.5,0
31,"Zaragoza · aleatorio 13 · N-S senoidal 4° · bifila · alineadas ×1 · 10 filas · az -20°",21-dic,520,10.1358,134.1991,6.1554,33,0.000000e+0,-19,1
31,"Zaragoza · aleatorio 13 · N-S senoidal 4° · bifila · alineadas ×1 · 10 filas · az -20°",21-dic,540,12.7098,138.0581,6.1554,33,0.000000e+0,-55,1
31,"Zaragoza · aleatorio 13 · N-S senoidal 4° · bifila · alineadas ×1 · 10 filas · az -20°",21-dic,560,15.0987,142.0828,6.1554,33,0.000000e+0,-55,1
31,"Zaragoza · aleatorio 13 · N-S senoidal 4° · bifila · alineadas ×1 · 10 filas · az -20°",21-dic,580,17.2795,146.2782,6.1554,33,0.000000e+0,-55,1
31,"Zaragoza · aleatorio 13 · N-S senoidal 4° · bifila · alineadas ×1 · 10 filas · az -20°",21-dic,600,19.2301,150.6447,6.1554,33,0.000000e+0,-55,1
31,"Zaragoza · aleatorio 13 · N-S senoidal 4° · bifila · alineadas ×1 · 10 filas · az -20°",21-dic,620,20.9291,155.1771,6.1554,33,0.000000e+0,-55,1
31,"Zaragoza · aleatorio 13 · N-S senoidal 4° · bifila · alineadas ×1 · 10 filas · az -20°",21-dic,640,22.3561,159.8636,6.1554,33,0.000000e+0,-55,1
31,"Zaragoza · aleatorio 13 · N-S senoidal 4° · bifila · alineadas ×1 · 10 filas · az -20°",21-dic,660,23.4927,164.6856,6.1554,33,0.000000e+0,-55,1
31,"Zaragoza · aleatorio 13 · N-S senoidal 4° · bifila · alineadas ×1 · 10 filas · az -20°",21-dic,680,24.3230,169.6174,6.1554,33,0.000000e+0,-55,1
31,"Zaragoza · aleatorio 13 · N-S senoidal 4° · bifila · alineadas ×1 · 10 filas · az -20°",21-dic,700,24.8347,174.6273,6.1554,33,0.000000e+0,-55,1
31,"Zaragoza · aleatorio 13 · N-S senoidal 4° · bifila · alineadas ×1 · 10 filas · az -20°",21-dic,720,25.0202,179.6788,6.1554,33,0.000000e+0,-55,1
31,"Zaragoza · aleatorio 13 · N-S senoidal 4° · bifila · alineadas ×1 · 10 filas · az -20°",21-dic,740,24.8764,184.7327,6.1554,33,0.000000e+0,-55,1
31,"Zaragoza · aleatorio 13 · N-S senoidal 4° · bifila · alineadas ×1 · 10 filas · az -20°",21-dic,760,24.4057,189.7500,6.1554,33,0.000000e+0,-1.5,1
31,"Zaragoza · aleatorio 13 · N-S senoidal 4° · bifila · alineadas ×1 · 10 filas · az -20°",21-dic,780,23.6152,194.6936,6.1554,33,0.000000e+0,12,1
31,"Zaragoza · aleatorio 13 · N-S senoidal 4° · bifila · alineadas ×1 · 10 filas · az -20°",21-dic,800,22.5166,199.5310,6.1554,33,0.000000e+0,21.5,1
31,"Zaragoza · aleatorio 13 · N-S senoidal 4° · bifila · alineadas ×1 · 10 filas · az -20°",21-dic,820,21.1254,204.2358,6.1554,33,0.000000e+0,30,1
31,"Zaragoza · aleatorio 13 · N-S senoidal 4° · bifila · alineadas ×1 · 10 filas · az -20°",21-dic,840,19.4598,208.7885,6.1554,33,8.554606e-3,25.5,0
31,"Zaragoza · aleatorio 13 · N-S senoidal 4° · bifila · alineadas ×1 · 10 filas · az -20°",21-dic,860,17.5399,213.1765,6.1554,33,9.135619e-3,21,0
31,"Zaragoza · aleatorio 13 · N-S senoidal 4° · bifila · alineadas ×1 · 10 filas · az -20°",21-dic,880,15.3871,217.3936,6.1554,33,1.268659e-3,18.5,0
31,"Zaragoza · aleatorio 13 · N-S senoidal 4° · bifila · alineadas ×1 · 10 filas · az -20°",21-dic,900,13.0234,221.4397,6.1554,33,2.201213e-2,15.5,0
31,"Zaragoza · aleatorio 13 · N-S senoidal 4° · bifila · alineadas ×1 · 10 filas · az -20°",21-dic,920,10.4715,225.3193,6.1554,33,1.720504e-2,12,0
31,"Zaragoza · aleatorio 13 · N-S senoidal 4° · bifila · alineadas ×1 · 10 filas · az -20°",21-dic,940,7.7566,229.0407,6.1554,33,9.625491e-3,8.5,0
31,"Zaragoza · aleatorio 13 · N-S senoidal 4° · bifila · alineadas ×1 · 10 filas · az -20°",21-dic,960,4.9112,232.6152,6.1554,64,6.904311e-2,5,0
31,"Zaragoza · aleatorio 13 · N-S senoidal 4° · bifila · alineadas ×1 · 10 filas · az -20°",21-dic,980,2.0112,236.0562,6.1554,64,1.344634e-2,2.5,0
32,"Zaragoza · llano · N-S senoidal 3° · quebrado · alineadas ×1 · 6 filas · az 0°",21-jun,300,4.3153,62.0288,5.1962,64,3.725298e-2,-5,0
32,"Zaragoza · llano · N-S senoidal 3° · quebrado · alineadas ×1 · 6 filas · az 0°",21-jun,320,7.5953,65.1785,5.1962,33,1.193311e-2,-8.5,0
32,"Zaragoza · llano · N-S senoidal 3° · quebrado · alineadas ×1 · 6 filas · az 0°",21-jun,340,10.9965,68.2578,5.1962,33,1.920082e-2,-11.5,0
32,"Zaragoza · llano · N-S senoidal 3° · quebrado · alineadas ×1 · 6 filas · az 0°",21-jun,360,14.4858,71.2858,5.1962,33,0.000000e+0,-17,1
32,"Zaragoza · llano · N-S senoidal 3° · quebrado · alineadas ×1 · 6 filas · az 0°",21-jun,380,18.0452,74.2827,5.1962,33,0.000000e+0,-20,1
32,"Zaragoza · llano · N-S senoidal 3° · quebrado · alineadas ×1 · 6 filas · az 0°",21-jun,400,21.6612,77.2704,5.1962,33,0.000000e+0,-22.5,1
32,"Zaragoza · llano · N-S senoidal 3° · quebrado · alineadas ×1 · 6 filas · az 0°",21-jun,420,25.3226,80.2731,5.1962,33,0.000000e+0,-27.5,1
32,"Zaragoza · llano · N-S senoidal 3° · quebrado · alineadas ×1 · 6 filas · az 0°",21-jun,440,29.0187,83.3183,5.1962,33,0.000000e+0,-40.5,1
32,"Zaragoza · llano · N-S senoidal 3° · quebrado · alineadas ×1 · 6 filas · az 0°",21-jun,460,32.7391,86.4376,5.1962,33,0.000000e+0,-54,1
32,"Zaragoza · llano · N-S senoidal 3° · quebrado · alineadas ×1 · 6 filas · az 0°",21-jun,480,36.4729,89.6687,5.1962,33,0.000000e+0,-55,1
32,"Zaragoza · llano · N-S senoidal 3° · quebrado · alineadas ×1 · 6 filas · az 0°",21-jun,500,40.2084,93.0578,5.1962,33,0.000000e+0,-55,1
32,"Zaragoza · llano · N-S senoidal 3° · quebrado · alineadas ×1 · 6 filas · az 0°",21-jun,520,43.9319,96.6624,5.1962,33,0.000000e+0,-55,1
32,"Zaragoza · llano · N-S senoidal 3° · quebrado · alineadas ×1 · 6 filas · az 0°",21-jun,540,47.6271,100.5563,5.1962,33,0.000000e+0,-55,1
32,"Zaragoza · llano · N-S senoidal 3° · quebrado · alineadas ×1 · 6 filas · az 0°",21-jun,560,51.2734,104.8355,5.1962,33,0.000000e+0,-55,1
32,"Zaragoza · llano · N-S senoidal 3° · quebrado · alineadas ×1 · 6 filas · az 0°",21-jun,580,54.8437,109.6272,5.1962,33,0.000000e+0,-55,1
32,"Zaragoza · llano · N-S senoidal 3° · quebrado · alineadas ×1 · 6 filas · az 0°",21-jun,600,58.3011,115.1015,5.1962,33,0.000000e+0,-55,1
32,"Zaragoza · llano · N-S senoidal 3° · quebrado · alineadas ×1 · 6 filas · az 0°",21-jun,620,61.5938,121.4838,5.1962,33,0.000000e+0,-55,1
32,"Zaragoza · llano · N-S senoidal 3° · quebrado · alineadas ×1 · 6 filas · az 0°",21-jun,640,64.6480,129.0638,5.1962,33,0.000000e+0,-55,1
32,"Zaragoza · llano · N-S senoidal 3° · quebrado · alineadas ×1 · 6 filas · az 0°",21-jun,660,67.3579,138.1801,5.1962,33,0.000000e+0,-55,1
32,"Zaragoza · llano · N-S senoidal 3° · quebrado · alineadas ×1 · 6 filas · az 0°",21-jun,680,69.5784,149.1387,5.1962,33,0.000000e+0,-55,1
32,"Zaragoza · llano · N-S senoidal 3° · quebrado · alineadas ×1 · 6 filas · az 0°",21-jun,700,71.1301,162.0059,5.1962,33,0.000000e+0,-55,1
32,"Zaragoza · llano · N-S senoidal 3° · quebrado · alineadas ×1 · 6 filas · az 0°",21-jun,720,71.8368,176.3074,5.1962,33,0.000000e+0,-55,1
32,"Zaragoza · llano · N-S senoidal 3° · quebrado · alineadas ×1 · 6 filas · az 0°",21-jun,740,71.5993,190.9409,5.1962,33,0.000000e+0,-55,1
32,"Zaragoza · llano · N-S senoidal 3° · quebrado · alineadas ×1 · 6 filas · az 0°",21-jun,760,70.4524,204.6300,5.1962,33,0.000000e+0,-55,1
32,"Zaragoza · llano · N-S senoidal 3° · quebrado · alineadas ×1 · 6 filas · az 0°",21-jun,780,68.5438,216.5649,5.1962,33,0.000000e+0,-55,1
32,"Zaragoza · llano · N-S senoidal 3° · quebrado · alineadas ×1 · 6 filas · az 0°",21-jun,800,66.0587,226.5756,5.1962,33,0.000000e+0,-55,1
32,"Zaragoza · llano · N-S senoidal 3° · quebrado · alineadas ×1 · 6 filas · az 0°",21-jun,820,63.1617,234.8830,5.1962,33,0.000000e+0,-55,1
32,"Zaragoza · llano · N-S senoidal 3° · quebrado · alineadas ×1 · 6 filas · az 0°",21-jun,840,59.9777,241.8261,5.1962,33,0.000000e+0,-55,1
32,"Zaragoza · llano · N-S senoidal 3° · quebrado · alineadas ×1 · 6 filas · az 0°",21-jun,860,56.5952,247.7238,5.1962,33,0.000000e+0,-55,1
32,"Zaragoza · llano · N-S senoidal 3° · quebrado · alineadas ×1 · 6 filas · az 0°",21-jun,880,53.0761,252.8336,5.1962,33,0.000000e+0,-55,1
32,"Zaragoza · llano · N-S senoidal 3° · quebrado · alineadas ×1 · 6 filas · az 0°",21-jun,900,49.4641,257.3516,5.1962,33,0.000000e+0,-55,1
32,"Zaragoza · llano · N-S senoidal 3° · quebrado · alineadas ×1 · 6 filas · az 0°",21-jun,920,45.7905,261.4251,5.1962,33,0.000000e+0,-55,1
32,"Zaragoza · llano · N-S senoidal 3° · quebrado · alineadas ×1 · 6 filas · az 0°",21-jun,940,42.0789,265.1644,5.1962,33,0.000000e+0,-12,1
32,"Zaragoza · llano · N-S senoidal 3° · quebrado · alineadas ×1 · 6 filas · az 0°",21-jun,960,38.3476,268.6535,5.1962,33,0.000000e+0,-0.5,1
32,"Zaragoza · llano · N-S senoidal 3° · quebrado · alineadas ×1 · 6 filas · az 0°",21-jun,980,34.6113,271.9575,5.1962,33,0.000000e+0,8.5,1
32,"Zaragoza · llano · N-S senoidal 3° · quebrado · alineadas ×1 · 6 filas · az 0°",21-jun,1000,30.8827,275.1277,5.1962,33,0.000000e+0,16,1
32,"Zaragoza · llano · N-S senoidal 3° · quebrado · alineadas ×1 · 6 filas · az 0°",21-jun,1020,27.1731,278.2058,5.1962,33,0.000000e+0,22.5,1
32,"Zaragoza · llano · N-S senoidal 3° · quebrado · alineadas ×1 · 6 filas · az 0°",21-jun,1040,23.4930,281.2261,5.1962,33,0.000000e+0,22.5,1
32,"Zaragoza · llano · N-S senoidal 3° · quebrado · alineadas ×1 · 6 filas · az 0°",21-jun,1060,19.8529,284.2181,5.1962,33,0.000000e+0,19.5,1
32,"Zaragoza · llano · N-S senoidal 3° · quebrado · alineadas ×1 · 6 filas · az 0°",21-jun,1080,16.2635,287.2075,5.1962,33,0.000000e+0,15.5,1
32,"Zaragoza · llano · N-S senoidal 3° · quebrado · alineadas ×1 · 6 filas · az 0°",21-jun,1100,12.7372,290.2173,5.1962,33,0.000000e+0,13.5,1
32,"Zaragoza · llano · N-S senoidal 3° · quebrado · alineadas ×1 · 6 filas · az 0°",21-jun,1120,9.2889,293.2684,5.1962,33,2.989587e-2,10,0
32,"Zaragoza · llano · N-S senoidal 3° · quebrado · alineadas ×1 · 6 filas · az 0°",21-jun,1140,5.9421,296.3805,5.1962,64,3.081732e-2,7.5,0
32,"Zaragoza · llano · N-S senoidal 3° · quebrado · alineadas ×1 · 6 filas · az 0°",21-jun,1160,2.7509,299.5720,5.1962,64,4.137976e-2,2.5,0
32,"Zaragoza · llano · N-S senoidal 3° · quebrado · alineadas ×1 · 6 filas · az 0°",21-mar,380,2.2529,91.3999,5.1962,64,1.537899e-2,-2,0
32,"Zaragoza · llano · N-S senoidal 3° · quebrado · alineadas ×1 · 6 filas · az 0°",21-mar,400,5.8504,94.7292,5.1962,64,1.245074e-2,-6,0
32,"Zaragoza · llano · N-S senoidal 3° · quebrado · alineadas ×1 · 6 filas · az 0°",21-mar,420,9.5200,98.1006,5.1962,33,0.000000e+0,-10,1
32,"Zaragoza · llano · N-S senoidal 3° · quebrado · alineadas ×1 · 6 filas · az 0°",21-mar,440,13.1842,101.5436,5.1962,33,0.000000e+0,-13.5,1
32,"Zaragoza · llano · N-S senoidal 3° · quebrado · alineadas ×1 · 6 filas · az 0°",21-mar,460,16.8132,105.0894,5.1962,33,0.000000e+0,-17,1
32,"Zaragoza · llano · N-S senoidal 3° · quebrado · alineadas ×1 · 6 filas · az 0°",21-mar,480,20.3859,108.7709,5.1962,33,0.000000e+0,-21.5,1
32,"Zaragoza · llano · N-S senoidal 3° · quebrado · alineadas ×1 · 6 filas · az 0°",21-mar,500,23.8823,112.6235,5.1962,33,0.000000e+0,-28.5,1
32,"Zaragoza · llano · N-S senoidal 3° · quebrado · alineadas ×1 · 6 filas · az 0°",21-mar,520,27.2812,116.6855,5.1962,33,0.000000e+0,-46.5,1
32,"Zaragoza · llano · N-S senoidal 3° · quebrado · alineadas ×1 · 6 filas · az 0°",21-mar,540,30.5584,120.9974,5.1962,33,0.000000e+0,-55,1
32,"Zaragoza · llano · N-S senoidal 3° · quebrado · alineadas ×1 · 6 filas · az 0°",21-mar,560,33.6866,125.6019,5.1962,33,0.000000e+0,-55,1
32,"Zaragoza · llano · N-S senoidal 3° · quebrado · alineadas ×1 · 6 filas · az 0°",21-mar,580,36.6339,130.5419,5.1962,33,0.000000e+0,-55,1
32,"Zaragoza · llano · N-S senoidal 3° · quebrado · alineadas ×1 · 6 filas · az 0°",21-mar,600,39.3642,135.8579,5.1962,33,0.000000e+0,-55,1
32,"Zaragoza · llano · N-S senoidal 3° · quebrado · alineadas ×1 · 6 filas · az 0°",21-mar,620,41.8362,141.5831,5.1962,33,0.000000e+0,-55,1
32,"Zaragoza · llano · N-S senoidal 3° · quebrado · alineadas ×1 · 6 filas · az 0°",21-mar,640,44.0046,147.7369,5.1962,33,0.000000e+0,-55,1
32,"Zaragoza · llano · N-S senoidal 3° · quebrado · alineadas ×1 · 6 filas · az 0°",21-mar,660,45.8219,154.3164,5.1962,33,0.000000e+0,-55,1
32,"Zaragoza · llano · N-S senoidal 3° · quebrado · alineadas ×1 · 6 filas · az 0°",21-mar,680,47.2408,161.2877,5.1962,33,0.000000e+0,-55,1
32,"Zaragoza · llano · N-S senoidal 3° · quebrado · alineadas ×1 · 6 filas · az 0°",21-mar,700,48.2189,168.5799,5.1962,33,0.000000e+0,-55,1
32,"Zaragoza · llano · N-S senoidal 3° · quebrado · alineadas ×1 · 6 filas · az 0°",21-mar,720,48.7237,176.0853,5.1962,33,0.000000e+0,-55,1
32,"Zaragoza · llano · N-S senoidal 3° · quebrado · alineadas ×1 · 6 filas · az 0°",21-mar,740,48.7373,183.6681,5.1962,33,0.000000e+0,-55,1
32,"Zaragoza · llano · N-S senoidal 3° · quebrado · alineadas ×1 · 6 filas · az 0°",21-mar,760,48.2591,191.1814,5.1962,33,0.000000e+0,-55,1
32,"Zaragoza · llano · N-S senoidal 3° · quebrado · alineadas ×1 · 6 filas · az 0°",21-mar,780,47.3064,198.4885,5.1962,33,0.000000e+0,-55,1
32,"Zaragoza · llano · N-S senoidal 3° · quebrado · alineadas ×1 · 6 filas · az 0°",21-mar,800,45.9109,205.4797,5.1962,33,0.000000e+0,-55,1
32,"Zaragoza · llano · N-S senoidal 3° · quebrado · alineadas ×1 · 6 filas · az 0°",21-mar,820,44.1149,212.0823,5.1962,33,0.000000e+0,-55,1
32,"Zaragoza · llano · N-S senoidal 3° · quebrado · alineadas ×1 · 6 filas · az 0°",21-mar,840,41.9653,218.2604,5.1962,33,0.000000e+0,-55,1
32,"Zaragoza · llano · N-S senoidal 3° · quebrado · alineadas ×1 · 6 filas · az 0°",21-mar,860,39.5099,224.0098,5.1962,33,0.000000e+0,-55,1
32,"Zaragoza · llano · N-S senoidal 3° · quebrado · alineadas ×1 · 6 filas · az 0°",21-mar,880,36.7942,229.3489,5.1962,33,0.000000e+0,-30,1
32,"Zaragoza · llano · N-S senoidal 3° · quebrado · alineadas ×1 · 6 filas · az 0°",21-mar,900,33.8596,234.3105,5.1962,33,0.000000e+0,-6.5,1
32,"Zaragoza · llano · N-S senoidal 3° · quebrado · alineadas ×1 · 6 filas · az 0°",21-mar,920,30.7428,238.9347,5.1962,33,0.000000e+0,5.5,1
32,"Zaragoza · llano · N-S senoidal 3° · quebrado · alineadas ×1 · 6 filas · az 0°",21-mar,940,27.4756,243.2645,5.1962,33,0.000000e+0,15,1
32,"Zaragoza · llano · N-S senoidal 3° · quebrado · alineadas ×1 · 6 filas · az 0°",21-mar,960,24.0859,247.3426,5.1962,33,0.000000e+0,23.5,1
32,"Zaragoza · llano · N-S senoidal 3° · quebrado · alineadas ×1 · 6 filas · az 0°",21-mar,980,20.5978,251.2099,5.1962,33,0.000000e+0,22.5,1
32,"Zaragoza · llano · N-S senoidal 3° · quebrado · alineadas ×1 · 6 filas · az 0°",21-mar,1000,17.0327,254.9045,5.1962,33,0.000000e+0,18,1
32,"Zaragoza · llano · N-S senoidal 3° · quebrado · alineadas ×1 · 6 filas · az 0°",21-mar,1020,13.4108,258.4622,5.1962,33,0.000000e+0,13,1
32,"Zaragoza · llano · N-S senoidal 3° · quebrado · alineadas ×1 · 6 filas · az 0°",21-mar,1040,9.7530,261.9160,5.1962,33,0.000000e+0,10,1
32,"Zaragoza · llano · N-S senoidal 3° · quebrado · alineadas ×1 · 6 filas · az 0°",21-mar,1060,6.0879,265.2972,5.1962,33,2.215756e-2,6,0
32,"Zaragoza · llano · N-S senoidal 3° · quebrado · alineadas ×1 · 6 filas · az 0°",21-mar,1080,2.4866,268.6354,5.1962,64,7.680611e-3,2.5,0
32,"Zaragoza · llano · N-S senoidal 3° · quebrado · alineadas ×1 · 6 filas · az 0°",21-dic,480,4.5444,126.9401,5.1962,64,5.227551e-2,-4,0
32,"Zaragoza · llano · N-S senoidal 3° · quebrado · alineadas ×1 · 6 filas · az 0°",21-dic,500,7.4023,130.4970,5.1962,33,2.356899e-2,-11,0
32,"Zaragoza · llano · N-S senoidal 3° · quebrado · alineadas ×1 · 6 filas · az 0°",21-dic,520,10.1358,134.1991,5.1962,33,4.863456e-3,-12,0
32,"Zaragoza · llano · N-S senoidal 3° · quebrado · alineadas ×1 · 6 filas · az 0°",21-dic,540,12.7098,138.0581,5.1962,33,0.000000e+0,-17,1
32,"Zaragoza · llano · N-S senoidal 3° · quebrado · alineadas ×1 · 6 filas · az 0°",21-dic,560,15.0987,142.0828,5.1962,33,0.000000e+0,-28,1
32,"Zaragoza · llano · N-S senoidal 3° · quebrado · alineadas ×1 · 6 filas · az 0°",21-dic,580,17.2795,146.2782,5.1962,33,0.000000e+0,-52.5,1
32,"Zaragoza · llano · N-S senoidal 3° · quebrado · alineadas ×1 · 6 filas · az 0°",21-dic,600,19.2301,150.6447,5.1962,33,0.000000e+0,-55,1
32,"Zaragoza · llano · N-S senoidal 3° · quebrado · alineadas ×1 · 6 filas · az 0°",21-dic,620,20.9291,155.1771,5.1962,33,0.000000e+0,-55,1
32,"Zaragoza · llano · N-S senoidal 3° · quebrado · alineadas ×1 · 6 filas · az 0°",21-dic,640,22.3561,159.8636,5.1962,33,0.000000e+0,-55,1
32,"Zaragoza · llano · N-S senoidal 3° · quebrado · alineadas ×1 · 6 filas · az 0°",21-dic,660,23.4927,164.6856,5.1962,33,0.000000e+0,-55,1
32,"Zaragoza · llano · N-S senoidal 3° · quebrado · alineadas ×1 · 6 filas · az 0°",21-dic,680,24.3230,169.6174,5.1962,33,0.000000e+0,-55,1
32,"Zaragoza · llano · N-S senoidal 3° · quebrado · alineadas ×1 · 6 filas · az 0°",21-dic,700,24.8347,174.6273,5.1962,33,0.000000e+0,-55,1
32,"Zaragoza · llano · N-S senoidal 3° · quebrado · alineadas ×1 · 6 filas · az 0°",21-dic,720,25.0202,179.6788,5.1962,33,0.000000e+0,-55,1
32,"Zaragoza · llano · N-S senoidal 3° · quebrado · alineadas ×1 · 6 filas · az 0°",21-dic,740,24.8764,184.7327,5.1962,33,0.000000e+0,-55,1
32,"Zaragoza · llano · N-S senoidal 3° · quebrado · alineadas ×1 · 6 filas · az 0°",21-dic,760,24.4057,189.7500,5.1962,33,0.000000e+0,-55,1
32,"Zaragoza · llano · N-S senoidal 3° · quebrado · alineadas ×1 · 6 filas · az 0°",21-dic,780,23.6152,194.6936,5.1962,33,0.000000e+0,-55,1
32,"Zaragoza · llano · N-S senoidal 3° · quebrado · alineadas ×1 · 6 filas · az 0°",21-dic,800,22.5166,199.5310,5.1962,33,0.000000e+0,-55,1
32,"Zaragoza · llano · N-S senoidal 3° · quebrado · alineadas ×1 · 6 filas · az 0°",21-dic,820,21.1254,204.2358,5.1962,33,0.000000e+0,-55,1
32,"Zaragoza · llano · N-S senoidal 3° · quebrado · alineadas ×1 · 6 filas · az 0°",21-dic,840,19.4598,208.7885,5.1962,33,0.000000e+0,-2.5,1
32,"Zaragoza · llano · N-S senoidal 3° · quebrado · alineadas ×1 · 6 filas · az 0°",21-dic,860,17.5399,213.1765,5.1962,33,0.000000e+0,11.5,1
32,"Zaragoza · llano · N-S senoidal 3° · quebrado · alineadas ×1 · 6 filas · az 0°",21-dic,880,15.3871,217.3936,5.1962,33,0.000000e+0,22.5,1
32,"Zaragoza · llano · N-S senoidal 3° · quebrado · alineadas ×1 · 6 filas · az 0°",21-dic,900,13.0234,221.4397,5.1962,33,0.000000e+0,20,1
32,"Zaragoza · llano · N-S senoidal 3° · quebrado · alineadas ×1 · 6 filas · az 0°",21-dic,920,10.4715,225.3193,5.1962,33,0.000000e+0,16,1
32,"Zaragoza · llano · N-S senoidal 3° · quebrado · alineadas ×1 · 6 filas · az 0°",21-dic,940,7.7566,229.0407,5.1962,33,1.705855e-2,9.5,0
32,"Zaragoza · llano · N-S senoidal 3° · quebrado · alineadas ×1 · 6 filas · az 0°",21-dic,960,4.9112,232.6152,5.1962,64,2.676455e-2,6,0
32,"Zaragoza · llano · N-S senoidal 3° · quebrado · alineadas ×1 · 6 filas · az 0°",21-dic,980,2.0112,236.0562,5.1962,64,4.674061e-2,3.5,0
33,"Arequipa · cresta 3 · N-S rotula 6° · quebrado · medios ×2 · 10 filas · az 0°",21-jun,700,4.7742,63.8712,0.0000,33,1.007832e-1,-4.5,0
33,"Arequipa · cresta 3 · N-S rotula 6° · quebrado · medios ×2 · 10 filas · az 0°",21-jun,720,8.9729,62.1856,0.0000,17,0.000000e+0,-8.5,1
33,"Arequipa · cresta 3 · N-S rotula 6° · quebrado · medios ×2 · 10 filas · az 0°",21-jun,740,13.1432,60.3097,0.0000,17,0.000000e+0,-25.5,1
33,"Arequipa · cresta 3 · N-S rotula 6° · quebrado · medios ×2 · 10 filas · az 0°",21-jun,760,17.2453,58.2184,0.0000,17,0.000000e+0,-43.5,1
33,"Arequipa · cresta 3 · N-S rotula 6° · quebrado · medios ×2 · 10 filas · az 0°",21-jun,780,21.2561,55.8815,0.0000,17,0.000000e+0,-55,1
33,"Arequipa · cresta 3 · N-S rotula 6° · quebrado · medios ×2 · 10 filas · az 0°",21-jun,800,25.1539,53.2637,0.0000,17,0.000000e+0,-55,1
33,"Arequipa · cresta 3 · N-S rotula 6° · quebrado · medios ×2 · 10 filas · az 0°",21-jun,820,28.9146,50.3241,0.0000,17,0.000000e+0,-55,1
33,"Arequipa · cresta 3 · N-S rotula 6° · quebrado · medios ×2 · 10 filas · az 0°",21-jun,840,32.5098,47.0168,0.0000,17,0.000000e+0,-55,1
33,"Arequipa · cresta 3 · N-S rotula 6° · quebrado · medios ×2 · 10 filas · az 0°",21-jun,860,35.9052,43.2920,0.0000,17,0.000000e+0,-55,1
33,"Arequipa · cresta 3 · N-S rotula 6° · quebrado · medios ×2 · 10 filas · az 0°",21-jun,880,39.0602,39.0991,0.0000,17,0.000000e+0,-55,1
33,"Arequipa · cresta 3 · N-S rotula 6° · quebrado · medios ×2 · 10 filas · az 0°",21-jun,900,41.9268,34.3923,0.0000,17,0.000000e+0,-55,1
33,"Arequipa · cresta 3 · N-S rotula 6° · quebrado · medios ×2 · 10 filas · az 0°",21-jun,920,44.4499,29.1395,0.0000,17,0.000000e+0,-55,1
33,"Arequipa · cresta 3 · N-S rotula 6° · quebrado · medios ×2 · 10 filas · az 0°",21-jun,940,46.5693,23.3352,0.0000,17,0.000000e+0,-55,1
33,"Arequipa · cresta 3 · N-S rotula 6° · quebrado · medios ×2 · 10 filas · az 0°",21-jun,960,48.2231,17.0150,0.0000,17,0.000000e+0,-55,1
33,"Arequipa · cresta 3 · N-S rotula 6° · quebrado · medios ×2 · 10 filas · az 0°",21-jun,980,49.3544,10.2679,0.0000,17,0.000000e+0,-55,1
33,"Arequipa · cresta 3 · N-S rotula 6° · quebrado · medios ×2 · 10 filas · az 0°",21-jun,1000,49.9185,3.2390,0.0000,17,0.000000e+0,-55,1
33,"Arequipa · cresta 3 · N-S rotula 6° · quebrado · medios ×2 · 10 filas · az 0°",21-jun,1020,49.8916,356.1171,0.0000,17,0.000000e+0,-55,1
33,"Arequipa · cresta 3 · N-S rotula 6° · quebrado · medios ×2 · 10 filas · az 0°",21-jun,1040,49.2748,349.1064,0.0000,17,0.000000e+0,-55,1
33,"Arequipa · cresta 3 · N-S rotula 6° · quebrado · medios ×2 · 10 filas · az 0°",21-jun,1060,48.0942,342.3928,0.0000,17,0.000000e+0,-55,1
33,"Arequipa · cresta 3 · N-S rotula 6° · quebrado · medios ×2 · 10 filas · az 0°",21-jun,1080,46.3957,336.1165,0.0000,17,0.000000e+0,-55,1
33,"Arequipa · cresta 3 · N-S rotula 6° · quebrado · medios ×2 · 10 filas · az 0°",21-jun,1100,44.2372,330.3613,0.0000,17,0.000000e+0,-55,1
33,"Arequipa · cresta 3 · N-S rotula 6° · quebrado · medios ×2 · 10 filas · az 0°",21-jun,1120,41.6806,325.1587,0.0000,17,0.000000e+0,-55,1
33,"Arequipa · cresta 3 · N-S rotula 6° · quebrado · medios ×2 · 10 filas · az 0°",21-jun,1140,38.7857,320.5000,0.0000,17,0.000000e+0,-55,1
33,"Arequipa · cresta 3 · N-S rotula 6° · quebrado · medios ×2 · 10 filas · az 0°",21-jun,1160,35.6071,316.3514,0.0000,17,0.000000e+0,-55,1
33,"Arequipa · cresta 3 · N-S rotula 6° · quebrado · medios ×2 · 10 filas · az 0°",21-jun,1180,32.1920,312.6665,0.0000,17,0.000000e+0,-55,1
33,"Arequipa · cresta 3 · N-S rotula 6° · quebrado · medios ×2 · 10 filas · az 0°",21-jun,1200,28.5805,309.3944,0.0000,17,0.000000e+0,-55,1
33,"Arequipa · cresta 3 · N-S rotula 6° · quebrado · medios ×2 · 10 filas · az 0°",21-jun,1220,24.8063,306.4858,0.0000,17,0.000000e+0,-34,1
33,"Arequipa · cresta 3 · N-S rotula 6° · quebrado · medios ×2 · 10 filas · az 0°",21-jun,1240,20.8973,303.8950,0.0000,17,0.000000e+0,-19.5,1
33,"Arequipa · cresta 3 · N-S rotula 6° · quebrado · medios ×2 · 10 filas · az 0°",21-jun,1260,16.8774,301.5817,0.0000,17,0.000000e+0,-9.5,1
33,"Arequipa · cresta 3 · N-S rotula 6° · quebrado · medios ×2 · 10 filas · az 0°",21-jun,1280,12.7680,299.5110,0.0000,17,0.000000e+0,-1,1
33,"Arequipa · cresta 3 · N-S rotula 6° · quebrado · medios ×2 · 10 filas · az 0°",21-jun,1300,8.5930,297.6533,0.0000,17,0.000000e+0,6,1
33,"Arequipa · cresta 3 · N-S rotula 6° · quebrado · medios ×2 · 10 filas · az 0°",21-jun,1320,4.3962,295.9837,0.0000,33,8.190205e-2,4.5,0
33,"Arequipa · cresta 3 · N-S rotula 6° · quebrado · medios ×2 · 10 filas · az 0°",21-mar,680,6.1794,87.8345,0.0000,17,0.000000e+0,-6.5,1
33,"Arequipa · cresta 3 · N-S rotula 6° · quebrado · medios ×2 · 10 filas · az 0°",21-mar,700,10.9081,86.3640,0.0000,17,0.000000e+0,-21,1
33,"Arequipa · cresta 3 · N-S rotula 6° · quebrado · medios ×2 · 10 filas · az 0°",21-mar,720,15.6602,84.8431,0.0000,17,0.000000e+0,-38,1
33,"Arequipa · cresta 3 · N-S rotula 6° · quebrado · medios ×2 · 10 filas · az 0°",21-mar,740,20.4114,83.2469,0.0000,17,0.000000e+0,-55,1
33,"Arequipa · cresta 3 · N-S rotula 6° · quebrado · medios ×2 · 10 filas · az 0°",21-mar,760,25.1514,81.5460,0.0000,17,0.000000e+0,-55,1
33,"Arequipa · cresta 3 · N-S rotula 6° · quebrado · medios ×2 · 10 filas · az 0°",21-mar,780,29.8721,79.7046,0.0000,17,0.000000e+0,-55,1
33,"Arequipa · cresta 3 · N-S rotula 6° · quebrado · medios ×2 · 10 filas · az 0°",21-mar,800,34.5652,77.6773,0.0000,17,0.000000e+0,-55,1
33,"Arequipa · cresta 3 · N-S rotula 6° · quebrado · medios ×2 · 10 filas · az 0°",21-mar,820,39.2209,75.4045,0.0000,17,0.000000e+0,-55,1
33,"Arequipa · cresta 3 · N-S rotula 6° · quebrado · medios ×2 · 10 filas · az 0°",21-mar,840,43.8256,72.8064,0.0000,17,0.000000e+0,-55,1
33,"Arequipa · cresta 3 · N-S rotula 6° · quebrado · medios ×2 · 10 filas · az 0°",21-mar,860,48.3608,69.7727,0.0000,17,0.000000e+0,-55,1
33,"Arequipa · cresta 3 · N-S rotula 6° · quebrado · medios ×2 · 10 filas · az 0°",21-mar,880,52.7997,66.1475,0.0000,17,0.000000e+0,-55,1
33,"Arequipa · cresta 3 · N-S rotula 6° · quebrado · medios ×2 · 10 filas · az 0°",21-mar,900,57.1020,61.7065,0.0000,17,0.000000e+0,-55,1
33,"Arequipa · cresta 3 · N-S rotula 6° · quebrado · medios ×2 · 10 filas · az 0°",21-mar,920,61.2050,56.1234,0.0000,17,0.000000e+0,-55,1
33,"Arequipa · cresta 3 · N-S rotula 6° · quebrado · medios ×2 · 10 filas · az 0°",21-mar,940,65.0093,48.9323,0.0000,17,0.000000e+0,-55,1
33,"Arequipa · cresta 3 · N-S rotula 6° · quebrado · medios ×2 · 10 filas · az 0°",21-mar,960,68.3560,39.5174,0.0000,17,0.000000e+0,-55,1
33,"Arequipa · cresta 3 · N-S rotula 6° · quebrado · medios ×2 · 10 filas · az 0°",21-mar,980,71.0006,27.2555,0.0000,17,0.000000e+0,-55,1
33,"Arequipa · cresta 3 · N-S rotula 6° · quebrado · medios ×2 · 10 filas · az 0°",21-mar,1000,72.6192,12.0480,0.0000,17,0.000000e+0,-55,1
33,"Arequipa · cresta 3 · N-S rotula 6° · quebrado · medios ×2 · 10 filas · az 0°",21-mar,1020,72.9172,355.1449,0.0000,17,0.000000e+0,-55,1
33,"Arequipa · cresta 3 · N-S rotula 6° · quebrado · medios ×2 · 10 filas · az 0°",21-mar,1040,71.8293,338.9743,0.0000,17,0.000000e+0,-55,1
33,"Arequipa · cresta 3 · N-S rotula 6° · quebrado · medios ×2 · 10 filas · az 0°",21-mar,1060,69.5760,325.4193,0.0000,17,0.000000e+0,-55,1
33,"Arequipa · cresta 3 · N-S rotula 6° · quebrado · medios ×2 · 10 filas · az 0°",21-mar,1080,66.4904,314.8661,0.0000,17,0.000000e+0,-55,1
33,"Arequipa · cresta 3 · N-S rotula 6° · quebrado · medios ×2 · 10 filas · az 0°",21-mar,1100,62.8553,306.8185,0.0000,17,0.000000e+0,-55,1
33,"Arequipa · cresta 3 · N-S rotula 6° · quebrado · medios ×2 · 10 filas · az 0°",21-mar,1120,58.8631,300.6237,0.0000,17,0.000000e+0,-55,1
33,"Arequipa · cresta 3 · N-S rotula 6° · quebrado · medios ×2 · 10 filas · az 0°",21-mar,1140,54.6351,295.7491,0.0000,17,0.000000e+0,-55,1
33,"Arequipa · cresta 3 · N-S rotula 6° · quebrado · medios ×2 · 10 filas · az 0°",21-mar,1160,50.2473,291.8140,0.0000,17,0.000000e+0,-55,1
33,"Arequipa · cresta 3 · N-S rotula 6° · quebrado · medios ×2 · 10 filas · az 0°",21-mar,1180,45.7481,288.5555,0.0000,17,0.000000e+0,-55,1
33,"Arequipa · cresta 3 · N-S rotula 6° · quebrado · medios ×2 · 10 filas · az 0°",21-mar,1200,41.1691,285.7922,0.0000,17,0.000000e+0,-55,1
33,"Arequipa · cresta 3 · N-S rotula 6° · quebrado · medios ×2 · 10 filas · az 0°",21-mar,1220,36.5321,283.3969,0.0000,17,0.000000e+0,-55,1
33,"Arequipa · cresta 3 · N-S rotula 6° · quebrado · medios ×2 · 10 filas · az 0°",21-mar,1240,31.8523,281.2784,0.0000,17,0.000000e+0,-55,1
33,"Arequipa · cresta 3 · N-S rotula 6° · quebrado · medios ×2 · 10 filas · az 0°",21-mar,1260,27.1408,279.3695,0.0000,17,0.000000e+0,-35,1
33,"Arequipa · cresta 3 · N-S rotula 6° · quebrado · medios ×2 · 10 filas · az 0°",21-mar,1280,22.4065,277.6197,0.0000,17,0.000000e+0,-20.5,1
33,"Arequipa · cresta 3 · N-S rotula 6° · quebrado · medios ×2 · 10 filas · az 0°",21-mar,1300,17.6572,275.9894,0.0000,17,0.000000e+0,-11,1
33,"Arequipa · cresta 3 · N-S rotula 6° · quebrado · medios ×2 · 10 filas · az 0°",21-mar,1320,12.9018,274.4469,0.0000,17,0.000000e+0,-3,1
33,"Arequipa · cresta 3 · N-S rotula 6° · quebrado · medios ×2 · 10 filas · az 0°",21-mar,1340,8.1561,272.9659,0.0000,17,0.000000e+0,4.5,1
33,"Arequipa · cresta 3 · N-S rotula 6° · quebrado · medios ×2 · 10 filas · az 0°",21-mar,1360,3.4752,271.5234,0.0000,33,0.000000e+0,3,1
33,"Arequipa · cresta 3 · N-S rotula 6° · quebrado · medios ×2 · 10 filas · az 0°",21-dic,640,5.5090,112.8863,0.0000,33,6.781339e-2,-5,0
33,"Arequipa · cresta 3 · N-S rotula 6° · quebrado · medios ×2 · 10 filas · az 0°",21-dic,660,9.8795,111.6997,0.0000,17,0.000000e+0,-13,1
33,"Arequipa · cresta 3 · N-S rotula 6° · quebrado · medios ×2 · 10 filas · az 0°",21-dic,680,14.3190,110.6399,0.0000,17,0.000000e+0,-30.5,1
33,"Arequipa · cresta 3 · N-S rotula 6° · quebrado · medios ×2 · 10 filas · az 0°",21-dic,700,18.8002,109.7012,0.0000,17,0.000000e+0,-48.5,1
33,"Arequipa · cresta 3 · N-S rotula 6° · quebrado · medios ×2 · 10 filas · az 0°",21-dic,720,23.3118,108.8811,0.0000,17,0.000000e+0,-55,1
33,"Arequipa · cresta 3 · N-S rotula 6° · quebrado · medios ×2 · 10 filas · az 0°",21-dic,740,27.8469,108.1807,0.0000,17,0.000000e+0,-55,1
33,"Arequipa · cresta 3 · N-S rotula 6° · quebrado · medios ×2 · 10 filas · az 0°",21-dic,760,32.4005,107.6058,0.0000,17,0.000000e+0,-55,1
33,"Arequipa · cresta 3 · N-S rotula 6° · quebrado · medios ×2 · 10 filas · az 0°",21-dic,780,36.9680,107.1676,0.0000,17,0.000000e+0,-55,1
33,"Arequipa · cresta 3 · N-S rotula 6° · quebrado · medios ×2 · 10 filas · az 0°",21-dic,800,41.5453,106.8854,0.0000,17,0.000000e+0,-55,1
33,"Arequipa · cresta 3 · N-S rotula 6° · quebrado · medios ×2 · 10 filas · az 0°",21-dic,820,46.1277,106.7892,0.0000,17,0.000000e+0,-55,1
33,"Arequipa · cresta 3 · N-S rotula 6° · quebrado · medios ×2 · 10 filas · az 0°",21-dic,840,50.7102,106.9266,0.0000,17,0.000000e+0,-55,1
33,"Arequipa · cresta 3 · N-S rotula 6° · quebrado · medios ×2 · 10 filas · az 0°",21-dic,860,55.2860,107.3727,0.0000,17,0.000000e+0,-55,1
33,"Arequipa · cresta 3 · N-S rotula 6° · quebrado · medios ×2 · 10 filas · az 0°",21-dic,880,59.8457,108.2507,0.0000,17,0.000000e+0,-55,1
33,"Arequipa · cresta 3 · N-S rotula 6° · quebrado · medios ×2 · 10 filas · az 0°",21-dic,900,64.3745,109.7715,0.0000,17,0.000000e+0,-55,1
33,"Arequipa · cresta 3 · N-S rotula 6° · quebrado · medios ×2 · 10 filas · az 0°",21-dic,920,68.8464,112.3221,0.0000,17,0.000000e+0,-55,1
33,"Arequipa · cresta 3 · N-S rotula 6° · quebrado · medios ×2 · 10 filas · az 0°",21-dic,940,73.2097,116.6755,0.0000,17,0.000000e+0,-55,1
33,"Arequipa · cresta 3 · N-S rotula 6° · quebrado · medios ×2 · 10 filas · az 0°",21-dic,960,77.3452,124.5416,0.0000,17,0.000000e+0,-55,1
33,"Arequipa · cresta 3 · N-S rotula 6° · quebrado · medios ×2 · 10 filas · az 0°",21-dic,980,80.9293,139.9625,0.0000,17,0.000000e+0,-55,1
33,"Arequipa · cresta 3 · N-S rotula 6° · quebrado · medios ×2 · 10 filas · az 0°",21-dic,1000,83.0437,169.7235,0.0000,17,0.000000e+0,-55,1
33,"Arequipa · cresta 3 · N-S rotula 6° · quebrado · medios ×2 · 10 filas · az 0°",21-dic,1020,82.3507,206.0083,0.0000,17,0.000000e+0,-55,1
33,"Arequipa · cresta 3 · N-S rotula 6° · quebrado · medios ×2 · 10 filas · az 0°",21-dic,1040,79.3872,228.4830,0.0000,17,0.000000e+0,-55,1
33,"Arequipa · cresta 3 · N-S rotula 6° · quebrado · medios ×2 · 10 filas · az 0°",21-dic,1060,75.4845,239.6903,0.0000,17,0.000000e+0,-55,1
33,"Arequipa · cresta 3 · N-S rotula 6° · quebrado · medios ×2 · 10 filas · az 0°",21-dic,1080,71.2217,245.6266,0.0000,17,0.000000e+0,-55,1
33,"Arequipa · cresta 3 · N-S rotula 6° · quebrado · medios ×2 · 10 filas · az 0°",21-dic,1100,66.7992,249.0147,0.0000,17,0.000000e+0,-55,1
33,"Arequipa · cresta 3 · N-S rotula 6° · quebrado · medios ×2 · 10 filas · az 0°",21-dic,1120,62.2968,251.0263,0.0000,17,0.000000e+0,-55,1
33,"Arequipa · cresta 3 · N-S rotula 6° · quebrado · medios ×2 · 10 filas · az 0°",21-dic,1140,57.7514,252.2170,0.0000,17,0.000000e+0,-55,1
33,"Arequipa · cresta 3 · N-S rotula 6° · quebrado · medios ×2 · 10 filas · az 0°",21-dic,1160,53.1829,252.8767,0.0000,17,0.000000e+0,-55,1
33,"Arequipa · cresta 3 · N-S rotula 6° · quebrado · medios ×2 · 10 filas · az 0°",21-dic,1180,48.6031,253.1691,0.0000,17,0.000000e+0,-55,1
33,"Arequipa · cresta 3 · N-S rotula 6° · quebrado · medios ×2 · 10 filas · az 0°",21-dic,1200,44.0199,253.1917,0.0000,17,0.000000e+0,-55,1
33,"Arequipa · cresta 3 · N-S rotula 6° · quebrado · medios ×2 · 10 filas · az 0°",21-dic,1220,39.4393,253.0053,0.0000,17,0.000000e+0,-55,1
33,"Arequipa · cresta 3 · N-S rotula 6° · quebrado · medios ×2 · 10 filas · az 0°",21-dic,1240,34.8660,252.6483,0.0000,17,0.000000e+0,-55,1
33,"Arequipa · cresta 3 · N-S rotula 6° · quebrado · medios ×2 · 10 filas · az 0°",21-dic,1260,30.3044,252.1454,0.0000,17,0.000000e+0,-55,1
33,"Arequipa · cresta 3 · N-S rotula 6° · quebrado · medios ×2 · 10 filas · az 0°",21-dic,1280,25.7587,251.5118,0.0000,17,0.000000e+0,-30,1
33,"Arequipa · cresta 3 · N-S rotula 6° · quebrado · medios ×2 · 10 filas · az 0°",21-dic,1300,21.2337,250.7559,0.0000,17,0.000000e+0,-17.5,1
33,"Arequipa · cresta 3 · N-S rotula 6° · quebrado · medios ×2 · 10 filas · az 0°",21-dic,1320,16.7351,249.8813,0.0000,17,0.000000e+0,-8.5,1
33,"Arequipa · cresta 3 · N-S rotula 6° · quebrado · medios ×2 · 10 filas · az 0°",21-dic,1340,12.2712,248.8874,0.0000,17,0.000000e+0,-0.5,1
33,"Arequipa · cresta 3 · N-S rotula 6° · quebrado · medios ×2 · 10 filas · az 0°",21-dic,1360,7.8581,247.7702,0.0000,17,4.556757e-2,5.5,0
33,"Arequipa · cresta 3 · N-S rotula 6° · quebrado · medios ×2 · 10 filas · az 0°",21-dic,1380,3.5464,246.5223,0.0000,33,1.800652e-1,6.5,0
34,"Zaragoza · pendiente 3 · N-S constante 0° · bifila · medios ×1 · 10 filas · az 0°",21-jun,300,4.3153,62.0288,0.0000,33,0.000000e+0,-25,1
34,"Zaragoza · pendiente 3 · N-S constante 0° · bifila · medios ×1 · 10 filas · az 0°",21-jun,320,7.5953,65.1785,0.0000,17,0.000000e+0,-38,1
34,"Zaragoza · pendiente 3 · N-S constante 0° · bifila · medios ×1 · 10 filas · az 0°",21-jun,340,10.9965,68.2578,0.0000,17,0.000000e+0,-51.5,1
34,"Zaragoza · pendiente 3 · N-S constante 0° · bifila · medios ×1 · 10 filas · az 0°",21-jun,360,14.4858,71.2858,0.0000,17,0.000000e+0,-55,1
34,"Zaragoza · pendiente 3 · N-S constante 0° · bifila · medios ×1 · 10 filas · az 0°",21-jun,380,18.0452,74.2827,0.0000,17,0.000000e+0,-55,1
34,"Zaragoza · pendiente 3 · N-S constante 0° · bifila · medios ×1 · 10 filas · az 0°",21-jun,400,21.6612,77.2704,0.0000,17,0.000000e+0,-55,1
34,"Zaragoza · pendiente 3 · N-S constante 0° · bifila · medios ×1 · 10 filas · az 0°",21-jun,420,25.3226,80.2731,0.0000,17,0.000000e+0,-55,1
34,"Zaragoza · pendiente 3 · N-S constante 0° · bifila · medios ×1 · 10 filas · az 0°",21-jun,440,29.0187,83.3183,0.0000,17,0.000000e+0,-55,1
34,"Zaragoza · pendiente 3 · N-S constante 0° · bifila · medios ×1 · 10 filas · az 0°",21-jun,460,32.7391,86.4376,0.0000,17,0.000000e+0,-55,1
34,"Zaragoza · pendiente 3 · N-S constante 0° · bifila · medios ×1 · 10 filas · az 0°",21-jun,480,36.4729,89.6687,0.0000,17,0.000000e+0,-55,1
34,"Zaragoza · pendiente 3 · N-S constante 0° · bifila · medios ×1 · 10 filas · az 0°",21-jun,500,40.2084,93.0578,0.0000,17,0.000000e+0,-55,1
34,"Zaragoza · pendiente 3 · N-S constante 0° · bifila · medios ×1 · 10 filas · az 0°",21-jun,520,43.9319,96.6624,0.0000,17,0.000000e+0,-55,1
34,"Zaragoza · pendiente 3 · N-S constante 0° · bifila · medios ×1 · 10 filas · az 0°",21-jun,540,47.6271,100.5563,0.0000,17,0.000000e+0,-55,1
34,"Zaragoza · pendiente 3 · N-S constante 0° · bifila · medios ×1 · 10 filas · az 0°",21-jun,560,51.2734,104.8355,0.0000,17,0.000000e+0,-55,1
34,"Zaragoza · pendiente 3 · N-S constante 0° · bifila · medios ×1 · 10 filas · az 0°",21-jun,580,54.8437,109.6272,0.0000,17,0.000000e+0,-55,1
34,"Zaragoza · pendiente 3 · N-S constante 0° · bifila · medios ×1 · 10 filas · az 0°",21-jun,600,58.3011,115.1015,0.0000,17,0.000000e+0,-55,1
34,"Zaragoza · pendiente 3 · N-S constante 0° · bifila · medios ×1 · 10 filas · az 0°",21-jun,620,61.5938,121.4838,0.0000,17,0.000000e+0,-55,1
34,"Zaragoza · pendiente 3 · N-S constante 0° · bifila · medios ×1 · 10 filas · az 0°",21-jun,640,64.6480,129.0638,0.0000,17,0.000000e+0,-55,1
34,"Zaragoza · pendiente 3 · N-S constante 0° · bifila · medios ×1 · 10 filas · az 0°",21-jun,660,67.3579,138.1801,0.0000,17,0.000000e+0,-55,1
34,"Zaragoza · pendiente 3 · N-S constante 0° · bifila · medios ×1 · 10 filas · az 0°",21-jun,680,69.5784,149.1387,0.0000,17,0.000000e+0,-55,1
34,"Zaragoza · pendiente 3 · N-S constante 0° · bifila · medios ×1 · 10 filas · az 0°",21-jun,700,71.1301,162.0059,0.0000,17,0.000000e+0,-55,1
34,"Zaragoza · pendiente 3 · N-S constante 0° · bifila · medios ×1 · 10 filas · az 0°",21-jun,720,71.8368,176.3074,0.0000,17,0.000000e+0,-55,1
34,"Zaragoza · pendiente 3 · N-S constante 0° · bifila · medios ×1 · 10 filas · az 0°",21-jun,740,71.5993,190.9409,0.0000,17,0.000000e+0,-55,1
34,"Zaragoza · pendiente 3 · N-S constante 0° · bifila · medios ×1 · 10 filas · az 0°",21-jun,760,70.4524,204.6300,0.0000,17,0.000000e+0,-55,1
34,"Zaragoza · pendiente 3 · N-S constante 0° · bifila · medios ×1 · 10 filas · az 0°",21-jun,780,68.5438,216.5649,0.0000,17,0.000000e+0,-55,1
34,"Zaragoza · pendiente 3 · N-S constante 0° · bifila · medios ×1 · 10 filas · az 0°",21-jun,800,66.0587,226.5756,0.0000,17,0.000000e+0,-55,1
34,"Zaragoza · pendiente 3 · N-S constante 0° · bifila · medios ×1 · 10 filas · az 0°",21-jun,820,63.1617,234.8830,0.0000,17,0.000000e+0,-55,1
34,"Zaragoza · pendiente 3 · N-S constante 0° · bifila · medios ×1 · 10 filas · az 0°",21-jun,840,59.9777,241.8261,0.0000,17,0.000000e+0,-55,1
34,"Zaragoza · pendiente 3 · N-S constante 0° · bifila · medios ×1 · 10 filas · az 0°",21-jun,860,56.5952,247.7238,0.0000,17,0.000000e+0,-55,1
34,"Zaragoza · pendiente 3 · N-S constante 0° · bifila · medios ×1 · 10 filas · az 0°",21-jun,880,53.0761,252.8336,0.0000,17,0.000000e+0,-55,1
34,"Zaragoza · pendiente 3 · N-S constante 0° · bifila · medios ×1 · 10 filas · az 0°",21-jun,900,49.4641,257.3516,0.0000,17,0.000000e+0,-55,1
34,"Zaragoza · pendiente 3 · N-S constante 0° · bifila · medios ×1 · 10 filas · az 0°",21-jun,920,45.7905,261.4251,0.0000,17,0.000000e+0,-55,1
34,"Zaragoza · pendiente 3 · N-S constante 0° · bifila · medios ×1 · 10 filas · az 0°",21-jun,940,42.0789,265.1644,0.0000,17,0.000000e+0,-55,1
34,"Zaragoza · pendiente 3 · N-S constante 0° · bifila · medios ×1 · 10 filas · az 0°",21-jun,960,38.3476,268.6535,0.0000,17,0.000000e+0,-55,1
34,"Zaragoza · pendiente 3 · N-S constante 0° · bifila · medios ×1 · 10 filas · az 0°",21-jun,980,34.6113,271.9575,0.0000,17,0.000000e+0,-55,1
34,"Zaragoza · pendiente 3 · N-S constante 0° · bifila · medios ×1 · 10 filas · az 0°",21-jun,1000,30.8827,275.1277,0.0000,17,0.000000e+0,-55,1
34,"Zaragoza · pendiente 3 · N-S constante 0° · bifila · medios ×1 · 10 filas · az 0°",21-jun,1020,27.1731,278.2058,0.0000,17,0.000000e+0,-55,1
34,"Zaragoza · pendiente 3 · N-S constante 0° · bifila · medios ×1 · 10 filas · az 0°",21-jun,1040,23.4930,281.2261,0.0000,17,0.000000e+0,-40,1
34,"Zaragoza · pendiente 3 · N-S constante 0° · bifila · medios ×1 · 10 filas · az 0°",21-jun,1060,19.8529,284.2181,0.0000,17,0.000000e+0,-28.5,1
34,"Zaragoza · pendiente 3 · N-S constante 0° · bifila · medios ×1 · 10 filas · az 0°",21-jun,1080,16.2635,287.2075,0.0000,17,0.000000e+0,-20.5,1
34,"Zaragoza · pendiente 3 · N-S constante 0° · bifila · medios ×1 · 10 filas · az 0°",21-jun,1100,12.7372,290.2173,0.0000,17,0.000000e+0,-13.5,1
34,"Zaragoza · pendiente 3 · N-S constante 0° · bifila · medios ×1 · 10 filas · az 0°",21-jun,1120,9.2889,293.2684,0.0000,17,0.000000e+0,-8,1
34,"Zaragoza · pendiente 3 · N-S constante 0° · bifila · medios ×1 · 10 filas · az 0°",21-jun,1140,5.9421,296.3805,0.0000,33,0.000000e+0,-2.5,1
34,"Zaragoza · pendiente 3 · N-S constante 0° · bifila · medios ×1 · 10 filas · az 0°",21-jun,1160,2.7509,299.5720,0.0000,33,0.000000e+0,3,1
34,"Zaragoza · pendiente 3 · N-S constante 0° · bifila · medios ×1 · 10 filas · az 0°",21-mar,380,2.2529,91.3999,0.0000,33,0.000000e+0,-15.5,1
34,"Zaragoza · pendiente 3 · N-S constante 0° · bifila · medios ×1 · 10 filas · az 0°",21-mar,400,5.8504,94.7292,0.0000,33,0.000000e+0,-28.5,1
34,"Zaragoza · pendiente 3 · N-S constante 0° · bifila · medios ×1 · 10 filas · az 0°",21-mar,420,9.5200,98.1006,0.0000,17,0.000000e+0,-43,1
34,"Zaragoza · pendiente 3 · N-S constante 0° · bifila · medios ×1 · 10 filas · az 0°",21-mar,440,13.1842,101.5436,0.0000,17,0.000000e+0,-55,1
34,"Zaragoza · pendiente 3 · N-S constante 0° · bifila · medios ×1 · 10 filas · az 0°",21-mar,460,16.8132,105.0894,0.0000,17,0.000000e+0,-55,1
34,"Zaragoza · pendiente 3 · N-S constante 0° · bifila · medios ×1 · 10 filas · az 0°",21-mar,480,20.3859,108.7709,0.0000,17,0.000000e+0,-55,1
34,"Zaragoza · pendiente 3 · N-S constante 0° · bifila · medios ×1 · 10 filas · az 0°",21-mar,500,23.8823,112.6235,0.0000,17,0.000000e+0,-55,1
34,"Zaragoza · pendiente 3 · N-S constante 0° · bifila · medios ×1 · 10 filas · az 0°",21-mar,520,27.2812,116.6855,0.0000,17,0.000000e+0,-55,1
34,"Zaragoza · pendiente 3 · N-S constante 0° · bifila · medios ×1 · 10 filas · az 0°",21-mar,540,30.5584,120.9974,0.0000,17,0.000000e+0,-55,1
34,"Zaragoza · pendiente 3 · N-S constante 0° · bifila · medios ×1 · 10 filas · az 0°",21-mar,560,33.6866,125.6019,0.0000,17,0.000000e+0,-55,1
34,"Zaragoza · pendiente 3 · N-S constante 0° · bifila · medios ×1 · 10 filas · az 0°",21-mar,580,36.6339,130.5419,0.0000,17,0.000000e+0,-55,1
34,"Zaragoza · pendiente 3 · N-S constante 0° · bifila · medios ×1 · 10 filas · az 0°",21-mar,600,39.3642,135.8579,0.0000,17,0.000000e+0,-55,1
34,"Zaragoza · pendiente 3 · N-S constante 0° · bifila · medios ×1 · 10 filas · az 0°",21-mar,620,41.8362,141.5831,0.0000,17,0.000000e+0,-55,1
34,"Zaragoza · pendiente 3 · N-S constante 0° · bifila · medios ×1 · 10 filas · az 0°",21-mar,640,44.0046,147.7369,0.0000,17,0.000000e+0,-55,1
34,"Zaragoza · pendiente 3 · N-S constante 0° · bifila · medios ×1 · 10 filas · az 0°",21-mar,660,45.8219,154.3164,0.0000,17,0.000000e+0,-55,1
34,"Zaragoza · pendiente 3 · N-S constante 0° · bifila · medios ×1 · 10 filas · az 0°",21-mar,680,47.2408,161.2877,0.0000,17,0.000000e+0,-55,1
34,"Zaragoza · pendiente 3 · N-S constante 0° · bifila · medios ×1 · 10 filas · az 0°",21-mar,700,48.2189,168.5799,0.0000,17,0.000000e+0,-55,1
34,"Zaragoza · pendiente 3 · N-S constante 0° · bifila · medios ×1 · 10 filas · az 0°",21-mar,720,48.7237,176.0853,0.0000,17,0.000000e+0,-55,1
34,"Zaragoza · pendiente 3 · N-S constante 0° · bifila · medios ×1 · 10 filas · az 0°",21-mar,740,48.7373,183.6681,0.0000,17,0.000000e+0,-55,1
34,"Zaragoza · pendiente 3 · N-S constante 0° · bifila · medios ×1 · 10 filas · az 0°",21-mar,760,48.2591,191.1814,0.0000,17,0.000000e+0,-55,1
34,"Zaragoza · pendiente 3 · N-S constante 0° · bifila · medios ×1 · 10 filas · az 0°",21-mar,780,47.3064,198.4885,0.0000,17,0.000000e+0,-55,1
34,"Zaragoza · pendiente 3 · N-S constante 0° · bifila · medios ×1 · 10 filas · az 0°",21-mar,800,45.9109,205.4797,0.0000,17,0.000000e+0,-55,1
34,"Zaragoza · pendiente 3 · N-S constante 0° · bifila · medios ×1 · 10 filas · az 0°",21-mar,820,44.1149,212.0823,0.0000,17,0.000000e+0,-55,1
34,"Zaragoza · pendiente 3 · N-S constante 0° · bifila · medios ×1 · 10 filas · az 0°",21-mar,840,41.9653,218.2604,0.0000,17,0.000000e+0,-55,1
34,"Zaragoza · pendiente 3 · N-S constante 0° · bifila · medios ×1 · 10 filas · az 0°",21-mar,860,39.5099,224.0098,0.0000,17,0.000000e+0,-55,1
34,"Zaragoza · pendiente 3 · N-S constante 0° · bifila · medios ×1 · 10 filas · az 0°",21-mar,880,36.7942,229.3489,0.0000,17,0.000000e+0,-55,1
34,"Zaragoza · pendiente 3 · N-S constante 0° · bifila · medios ×1 · 10 filas · az 0°",21-mar,900,33.8596,234.3105,0.0000,17,0.000000e+0,-55,1
34,"Zaragoza · pendiente 3 · N-S constante 0° · bifila · medios ×1 · 10 filas · az 0°",21-mar,920,30.7428,238.9347,0.0000,17,0.000000e+0,-55,1
34,"Zaragoza · pendiente 3 · N-S constante 0° · bifila · medios ×1 · 10 filas · az 0°",21-mar,940,27.4756,243.2645,0.0000,17,0.000000e+0,-55,1
34,"Zaragoza · pendiente 3 · N-S constante 0° · bifila · medios ×1 · 10 filas · az 0°",21-mar,960,24.0859,247.3426,0.0000,17,0.000000e+0,-52.5,1
34,"Zaragoza · pendiente 3 · N-S constante 0° · bifila · medios ×1 · 10 filas · az 0°",21-mar,980,20.5978,251.2099,0.0000,17,0.000000e+0,-32,1
34,"Zaragoza · pendiente 3 · N-S constante 0° · bifila · medios ×1 · 10 filas · az 0°",21-mar,1000,17.0327,254.9045,0.0000,17,0.000000e+0,-21.5,1
34,"Zaragoza · pendiente 3 · N-S constante 0° · bifila · medios ×1 · 10 filas · az 0°",21-mar,1020,13.4108,258.4622,0.0000,17,0.000000e+0,-14,1
34,"Zaragoza · pendiente 3 · N-S constante 0° · bifila · medios ×1 · 10 filas · az 0°",21-mar,1040,9.7530,261.9160,0.0000,17,0.000000e+0,-7.5,1
34,"Zaragoza · pendiente 3 · N-S constante 0° · bifila · medios ×1 · 10 filas · az 0°",21-mar,1060,6.0879,265.2972,0.0000,17,0.000000e+0,-1.5,1
34,"Zaragoza · pendiente 3 · N-S constante 0° · bifila · medios ×1 · 10 filas · az 0°",21-mar,1080,2.4866,268.6354,0.0000,33,0.000000e+0,1.5,1
34,"Zaragoza · pendiente 3 · N-S constante 0° · bifila · medios ×1 · 10 filas · az 0°",21-dic,480,4.5444,126.9401,0.0000,33,0.000000e+0,-28,1
34,"Zaragoza · pendiente 3 · N-S constante 0° · bifila · medios ×1 · 10 filas · az 0°",21-dic,500,7.4023,130.4970,0.0000,17,0.000000e+0,-43,1
34,"Zaragoza · pendiente 3 · N-S constante 0° · bifila · medios ×1 · 10 filas · az 0°",21-dic,520,10.1358,134.1991,0.0000,17,0.000000e+0,-55,1
34,"Zaragoza · pendiente 3 · N-S constante 0° · bifila · medios ×1 · 10 filas · az 0°",21-dic,540,12.7098,138.0581,0.0000,17,0.000000e+0,-55,1
34,"Zaragoza · pendiente 3 · N-S constante 0° · bifila · medios ×1 · 10 filas · az 0°",21-dic,560,15.0987,142.0828,0.0000,17,0.000000e+0,-55,1
34,"Zaragoza · pendiente 3 · N-S constante 0° · bifila · medios ×1 · 10 filas · az 0°",21-dic,580,17.2795,146.2782,0.0000,17,0.000000e+0,-55,1
34,"Zaragoza · pendiente 3 · N-S constante 0° · bifila · medios ×1 · 10 filas · az 0°",21-dic,600,19.2301,150.6447,0.0000,17,0.000000e+0,-55,1
34,"Zaragoza · pendiente 3 · N-S constante 0° · bifila · medios ×1 · 10 filas · az 0°",21-dic,620,20.9291,155.1771,0.0000,17,0.000000e+0,-55,1
34,"Zaragoza · pendiente 3 · N-S constante 0° · bifila · medios ×1 · 10 filas · az 0°",21-dic,640,22.3561,159.8636,0.0000,17,0.000000e+0,-55,1
34,"Zaragoza · pendiente 3 · N-S constante 0° · bifila · medios ×1 · 10 filas · az 0°",21-dic,660,23.4927,164.6856,0.0000,17,0.000000e+0,-55,1
34,"Zaragoza · pendiente 3 · N-S constante 0° · bifila · medios ×1 · 10 filas · az 0°",21-dic,680,24.3230,169.6174,0.0000,17,0.000000e+0,-55,1
34,"Zaragoza · pendiente 3 · N-S constante 0° · bifila · medios ×1 · 10 filas · az 0°",21-dic,700,24.8347,174.6273,0.0000,17,0.000000e+0,-55,1
34,"Zaragoza · pendiente 3 · N-S constante 0° · bifila · medios ×1 · 10 filas · az 0°",21-dic,720,25.0202,179.6788,0.0000,17,0.000000e+0,-55,1
34,"Zaragoza · pendiente 3 · N-S constante 0° · bifila · medios ×1 · 10 filas · az 0°",21-dic,740,24.8764,184.7327,0.0000,17,0.000000e+0,-55,1
34,"Zaragoza · pendiente 3 · N-S constante 0° · bifila · medios ×1 · 10 filas · az 0°",21-dic,760,24.4057,189.7500,0.0000,17,0.000000e+0,-55,1
34,"Zaragoza · pendiente 3 · N-S constante 0° · bifila · medios ×1 · 10 filas · az 0°",21-dic,780,23.6152,194.6936,0.0000,17,0.000000e+0,-55,1
34,"Zaragoza · pendiente 3 · N-S constante 0° · bifila · medios ×1 · 10 filas · az 0°",21-dic,800,22.5166,199.5310,0.0000,17,0.000000e+0,-55,1
34,"Zaragoza · pendiente 3 · N-S constante 0° · bifila · medios ×1 · 10 filas · az 0°",21-dic,820,21.1254,204.2358,0.0000,17,0.000000e+0,-55,1
34,"Zaragoza · pendiente 3 · N-S constante 0° · bifila · medios ×1 · 10 filas · az 0°",21-dic,840,19.4598,208.7885,0.0000,17,0.000000e+0,-55,1
34,"Zaragoza · pendiente 3 · N-S constante 0° · bifila · medios ×1 · 10 filas · az 0°",21-dic,860,17.5399,213.1765,0.0000,17,0.000000e+0,-55,1
34,"Zaragoza · pendiente 3 · N-S constante 0° · bifila · medios ×1 · 10 filas · az 0°",21-dic,880,15.3871,217.3936,0.0000,17,0.000000e+0,-42,1
34,"Zaragoza · pendiente 3 · N-S constante 0° · bifila · medios ×1 · 10 filas · az 0°",21-dic,900,13.0234,221.4397,0.0000,17,0.000000e+0,-25.5,1
34,"Zaragoza · pendiente 3 · N-S constante 0° · bifila · medios ×1 · 10 filas · az 0°",21-dic,920,10.4715,225.3193,0.0000,17,0.000000e+0,-15.5,1
34,"Zaragoza · pendiente 3 · N-S constante 0° · bifila · medios ×1 · 10 filas · az 0°",21-dic,940,7.7566,229.0407,0.0000,17,0.000000e+0,-8,1
34,"Zaragoza · pendiente 3 · N-S constante 0° · bifila · medios ×1 · 10 filas · az 0°",21-dic,960,4.9112,232.6152,0.0000,33,0.000000e+0,-1.5,1
34,"Zaragoza · pendiente 3 · N-S constante 0° · bifila · medios ×1 · 10 filas · az 0°",21-dic,980,2.0112,236.0562,0.0000,33,0.000000e+0,1,1
35,"Arequipa · cresta 2 · N-S quebrado 3° · mono · tresbolillo ×1 · 8 filas · az 15°",21-jun,700,4.7742,63.8712,6.0000,64,8.355458e-3,-8,0
35,"Arequipa · cresta 2 · N-S quebrado 3° · mono · tresbolillo ×1 · 8 filas · az 15°",21-jun,720,8.9729,62.1856,6.0000,33,0.000000e+0,-16.5,1
35,"Arequipa · cresta 2 · N-S quebrado 3° · mono · tresbolillo ×1 · 8 filas · az 15°",21-jun,740,13.1432,60.3097,6.0000,33,0.000000e+0,-36.5,1
35,"Arequipa · cresta 2 · N-S quebrado 3° · mono · tresbolillo ×1 · 8 filas · az 15°",21-jun,760,17.2453,58.2184,6.0000,33,0.000000e+0,-55,1
35,"Arequipa · cresta 2 · N-S quebrado 3° · mono · tresbolillo ×1 · 8 filas · az 15°",21-jun,780,21.2561,55.8815,6.0000,33,0.000000e+0,-55,1
35,"Arequipa · cresta 2 · N-S quebrado 3° · mono · tresbolillo ×1 · 8 filas · az 15°",21-jun,800,25.1539,53.2637,6.0000,33,0.000000e+0,-55,1
35,"Arequipa · cresta 2 · N-S quebrado 3° · mono · tresbolillo ×1 · 8 filas · az 15°",21-jun,820,28.9146,50.3241,6.0000,33,0.000000e+0,-55,1
35,"Arequipa · cresta 2 · N-S quebrado 3° · mono · tresbolillo ×1 · 8 filas · az 15°",21-jun,840,32.5098,47.0168,6.0000,33,0.000000e+0,-55,1
35,"Arequipa · cresta 2 · N-S quebrado 3° · mono · tresbolillo ×1 · 8 filas · az 15°",21-jun,860,35.9052,43.2920,6.0000,33,0.000000e+0,-55,1
35,"Arequipa · cresta 2 · N-S quebrado 3° · mono · tresbolillo ×1 · 8 filas · az 15°",21-jun,880,39.0602,39.0991,6.0000,33,0.000000e+0,-55,1
35,"Arequipa · cresta 2 · N-S quebrado 3° · mono · tresbolillo ×1 · 8 filas · az 15°",21-jun,900,41.9268,34.3923,6.0000,33,0.000000e+0,-55,1
35,"Arequipa · cresta 2 · N-S quebrado 3° · mono · tresbolillo ×1 · 8 filas · az 15°",21-jun,920,44.4499,29.1395,6.0000,33,0.000000e+0,-55,1
35,"Arequipa · cresta 2 · N-S quebrado 3° · mono · tresbolillo ×1 · 8 filas · az 15°",21-jun,940,46.5693,23.3352,6.0000,33,0.000000e+0,-55,1
35,"Arequipa · cresta 2 · N-S quebrado 3° · mono · tresbolillo ×1 · 8 filas · az 15°",21-jun,960,48.2231,17.0150,6.0000,33,0.000000e+0,-55,1
35,"Arequipa · cresta 2 · N-S quebrado 3° · mono · tresbolillo ×1 · 8 filas · az 15°",21-jun,980,49.3544,10.2679,6.0000,33,0.000000e+0,-55,1
35,"Arequipa · cresta 2 · N-S quebrado 3° · mono · tresbolillo ×1 · 8 filas · az 15°",21-jun,1000,49.9185,3.2390,6.0000,33,0.000000e+0,-55,1
35,"Arequipa · cresta 2 · N-S quebrado 3° · mono · tresbolillo ×1 · 8 filas · az 15°",21-jun,1020,49.8916,356.1171,6.0000,33,0.000000e+0,-55,1
35,"Arequipa · cresta 2 · N-S quebrado 3° · mono · tresbolillo ×1 · 8 filas · az 15°",21-jun,1040,49.2748,349.1064,6.0000,33,0.000000e+0,-55,1
35,"Arequipa · cresta 2 · N-S quebrado 3° · mono · tresbolillo ×1 · 8 filas · az 15°",21-jun,1060,48.0942,342.3928,6.0000,33,0.000000e+0,-55,1
35,"Arequipa · cresta 2 · N-S quebrado 3° · mono · tresbolillo ×1 · 8 filas · az 15°",21-jun,1080,46.3957,336.1165,6.0000,33,0.000000e+0,-55,1
35,"Arequipa · cresta 2 · N-S quebrado 3° · mono · tresbolillo ×1 · 8 filas · az 15°",21-jun,1100,44.2372,330.3613,6.0000,33,0.000000e+0,-55,1
35,"Arequipa · cresta 2 · N-S quebrado 3° · mono · tresbolillo ×1 · 8 filas · az 15°",21-jun,1120,41.6806,325.1587,6.0000,33,0.000000e+0,-26,1
35,"Arequipa · cresta 2 · N-S quebrado 3° · mono · tresbolillo ×1 · 8 filas · az 15°",21-jun,1140,38.7857,320.5000,6.0000,33,0.000000e+0,-3.5,1
35,"Arequipa · cresta 2 · N-S quebrado 3° · mono · tresbolillo ×1 · 8 filas · az 15°",21-jun,1160,35.6071,316.3514,6.0000,33,0.000000e+0,8.5,1
35,"Arequipa · cresta 2 · N-S quebrado 3° · mono · tresbolillo ×1 · 8 filas · az 15°",21-jun,1180,32.1920,312.6665,6.0000,33,0.000000e+0,18,1
35,"Arequipa · cresta 2 · N-S quebrado 3° · mono · tresbolillo ×1 · 8 filas · az 15°",21-jun,1200,28.5805,309.3944,6.0000,33,0.000000e+0,27,1
35,"Arequipa · cresta 2 · N-S quebrado 3° · mono · tresbolillo ×1 · 8 filas · az 15°",21-jun,1220,24.8063,306.4858,6.0000,33,0.000000e+0,25,1
35,"Arequipa · cresta 2 · N-S quebrado 3° · mono · tresbolillo ×1 · 8 filas · az 15°",21-jun,1240,20.8973,303.8950,6.0000,33,0.000000e+0,21,1
35,"Arequipa · cresta 2 · N-S quebrado 3° · mono · tresbolillo ×1 · 8 filas · az 15°",21-jun,1260,16.8774,301.5817,6.0000,33,1.433104e-2,16.5,0
35,"Arequipa · cresta 2 · N-S quebrado 3° · mono · tresbolillo ×1 · 8 filas · az 15°",21-jun,1280,12.7680,299.5110,6.0000,33,0.000000e+0,11.5,1
35,"Arequipa · cresta 2 · N-S quebrado 3° · mono · tresbolillo ×1 · 8 filas · az 15°",21-jun,1300,8.5930,297.6533,6.0000,33,0.000000e+0,8,1
35,"Arequipa · cresta 2 · N-S quebrado 3° · mono · tresbolillo ×1 · 8 filas · az 15°",21-jun,1320,4.3962,295.9837,6.0000,64,5.269485e-3,4.5,0
35,"Arequipa · cresta 2 · N-S quebrado 3° · mono · tresbolillo ×1 · 8 filas · az 15°",21-mar,680,6.1794,87.8345,6.0000,33,1.254875e-2,-5.5,0
35,"Arequipa · cresta 2 · N-S quebrado 3° · mono · tresbolillo ×1 · 8 filas · az 15°",21-mar,700,10.9081,86.3640,6.0000,33,0.000000e+0,-13,1
35,"Arequipa · cresta 2 · N-S quebrado 3° · mono · tresbolillo ×1 · 8 filas · az 15°",21-mar,720,15.6602,84.8431,6.0000,33,0.000000e+0,-18.5,1
35,"Arequipa · cresta 2 · N-S quebrado 3° · mono · tresbolillo ×1 · 8 filas · az 15°",21-mar,740,20.4114,83.2469,6.0000,33,0.000000e+0,-50.5,1
35,"Arequipa · cresta 2 · N-S quebrado 3° · mono · tresbolillo ×1 · 8 filas · az 15°",21-mar,760,25.1514,81.5460,6.0000,33,0.000000e+0,-55,1
35,"Arequipa · cresta 2 · N-S quebrado 3° · mono · tresbolillo ×1 · 8 filas · az 15°",21-mar,780,29.8721,79.7046,6.0000,33,0.000000e+0,-55,1
35,"Arequipa · cresta 2 · N-S quebrado 3° · mono · tresbolillo ×1 · 8 filas · az 15°",21-mar,800,34.5652,77.6773,6.0000,33,0.000000e+0,-55,1
35,"Arequipa · cresta 2 · N-S quebrado 3° · mono · tresbolillo ×1 · 8 filas · az 15°",21-mar,820,39.2209,75.4045,6.0000,33,0.000000e+0,-55,1
35,"Arequipa · cresta 2 · N-S quebrado 3° · mono · tresbolillo ×1 · 8 filas · az 15°",21-mar,840,43.8256,72.8064,6.0000,33,0.000000e+0,-55,1
35,"Arequipa · cresta 2 · N-S quebrado 3° · mono · tresbolillo ×1 · 8 filas · az 15°",21-mar,860,48.3608,69.7727,6.0000,33,0.000000e+0,-55,1
35,"Arequipa · cresta 2 · N-S quebrado 3° · mono · tresbolillo ×1 · 8 filas · az 15°",21-mar,880,52.7997,66.1475,6.0000,33,0.000000e+0,-55,1
35,"Arequipa · cresta 2 · N-S quebrado 3° · mono · tresbolillo ×1 · 8 filas · az 15°",21-mar,900,57.1020,61.7065,6.0000,33,0.000000e+0,-55,1
35,"Arequipa · cresta 2 · N-S quebrado 3° · mono · tresbolillo ×1 · 8 filas · az 15°",21-mar,920,61.2050,56.1234,6.0000,33,0.000000e+0,-55,1
35,"Arequipa · cresta 2 · N-S quebrado 3° · mono · tresbolillo ×1 · 8 filas · az 15°",21-mar,940,65.0093,48.9323,6.0000,33,0.000000e+0,-55,1
35,"Arequipa · cresta 2 · N-S quebrado 3° · mono · tresbolillo ×1 · 8 filas · az 15°",21-mar,960,68.3560,39.5174,6.0000,33,0.000000e+0,-55,1
35,"Arequipa · cresta 2 · N-S quebrado 3° · mono · tresbolillo ×1 · 8 filas · az 15°",21-mar,980,71.0006,27.2555,6.0000,33,0.000000e+0,-55,1
35,"Arequipa · cresta 2 · N-S quebrado 3° · mono · tresbolillo ×1 · 8 filas · az 15°",21-mar,1000,72.6192,12.0480,6.0000,33,0.000000e+0,-55,1
35,"Arequipa · cresta 2 · N-S quebrado 3° · mono · tresbolillo ×1 · 8 filas · az 15°",21-mar,1020,72.9172,355.1449,6.0000,33,0.000000e+0,-55,1
35,"Arequipa · cresta 2 · N-S quebrado 3° · mono · tresbolillo ×1 · 8 filas · az 15°",21-mar,1040,71.8293,338.9743,6.0000,33,0.000000e+0,-55,1
35,"Arequipa · cresta 2 · N-S quebrado 3° · mono · tresbolillo ×1 · 8 filas · az 15°",21-mar,1060,69.5760,325.4193,6.0000,33,0.000000e+0,-55,1
35,"Arequipa · cresta 2 · N-S quebrado 3° · mono · tresbolillo ×1 · 8 filas · az 15°",21-mar,1080,66.4904,314.8661,6.0000,33,0.000000e+0,-55,1
35,"Arequipa · cresta 2 · N-S quebrado 3° · mono · tresbolillo ×1 · 8 filas · az 15°",21-mar,1100,62.8553,306.8185,6.0000,33,0.000000e+0,-55,1
35,"Arequipa · cresta 2 · N-S quebrado 3° · mono · tresbolillo ×1 · 8 filas · az 15°",21-mar,1120,58.8631,300.6237,6.0000,33,0.000000e+0,-55,1
35,"Arequipa · cresta 2 · N-S quebrado 3° · mono · tresbolillo ×1 · 8 filas · az 15°",21-mar,1140,54.6351,295.7491,6.0000,33,0.000000e+0,-55,1
35,"Arequipa · cresta 2 · N-S quebrado 3° · mono · tresbolillo ×1 · 8 filas · az 15°",21-mar,1160,50.2473,291.8140,6.0000,33,0.000000e+0,-55,1
35,"Arequipa · cresta 2 · N-S quebrado 3° · mono · tresbolillo ×1 · 8 filas · az 15°",21-mar,1180,45.7481,288.5555,6.0000,33,0.000000e+0,-11.5,1
35,"Arequipa · cresta 2 · N-S quebrado 3° · mono · tresbolillo ×1 · 8 filas · az 15°",21-mar,1200,41.1691,285.7922,6.0000,33,0.000000e+0,3,1
35,"Arequipa · cresta 2 · N-S quebrado 3° · mono · tresbolillo ×1 · 8 filas · az 15°",21-mar,1220,36.5321,283.3969,6.0000,33,0.000000e+0,13.5,1
35,"Arequipa · cresta 2 · N-S quebrado 3° · mono · tresbolillo ×1 · 8 filas · az 15°",21-mar,1240,31.8523,281.2784,6.0000,33,0.000000e+0,28,1
35,"Arequipa · cresta 2 · N-S quebrado 3° · mono · tresbolillo ×1 · 8 filas · az 15°",21-mar,1260,27.1408,279.3695,6.0000,33,0.000000e+0,27,1
35,"Arequipa · cresta 2 · N-S quebrado 3° · mono · tresbolillo ×1 · 8 filas · az 15°",21-mar,1280,22.4065,277.6197,6.0000,33,0.000000e+0,22.5,1
35,"Arequipa · cresta 2 · N-S quebrado 3° · mono · tresbolillo ×1 · 8 filas · az 15°",21-mar,1300,17.6572,275.9894,6.0000,33,0.000000e+0,17.5,1
35,"Arequipa · cresta 2 · N-S quebrado 3° · mono · tresbolillo ×1 · 8 filas · az 15°",21-mar,1320,12.9018,274.4469,6.0000,33,0.000000e+0,13.5,1
35,"Arequipa · cresta 2 · N-S quebrado 3° · mono · tresbolillo ×1 · 8 filas · az 15°",21-mar,1340,8.1561,272.9659,6.0000,33,0.000000e+0,9,1
35,"Arequipa · cresta 2 · N-S quebrado 3° · mono · tresbolillo ×1 · 8 filas · az 15°",21-mar,1360,3.4752,271.5234,6.0000,64,1.462114e-2,4.5,0
35,"Arequipa · cresta 2 · N-S quebrado 3° · mono · tresbolillo ×1 · 8 filas · az 15°",21-dic,640,5.5090,112.8863,6.0000,64,0.000000e+0,-5.5,1
35,"Arequipa · cresta 2 · N-S quebrado 3° · mono · tresbolillo ×1 · 8 filas · az 15°",21-dic,660,9.8795,111.6997,6.0000,33,0.000000e+0,-10,1
35,"Arequipa · cresta 2 · N-S quebrado 3° · mono · tresbolillo ×1 · 8 filas · az 15°",21-dic,680,14.3190,110.6399,6.0000,33,0.000000e+0,-14.5,1
35,"Arequipa · cresta 2 · N-S quebrado 3° · mono · tresbolillo ×1 · 8 filas · az 15°",21-dic,700,18.8002,109.7012,6.0000,33,0.000000e+0,-27.5,1
35,"Arequipa · cresta 2 · N-S quebrado 3° · mono · tresbolillo ×1 · 8 filas · az 15°",21-dic,720,23.3118,108.8811,6.0000,33,0.000000e+0,-52.5,1
35,"Arequipa · cresta 2 · N-S quebrado 3° · mono · tresbolillo ×1 · 8 filas · az 15°",21-dic,740,27.8469,108.1807,6.0000,33,0.000000e+0,-55,1
35,"Arequipa · cresta 2 · N-S quebrado 3° · mono · tresbolillo ×1 · 8 filas · az 15°",21-dic,760,32.4005,107.6058,6.0000,33,0.000000e+0,-55,1
35,"Arequipa · cresta 2 · N-S quebrado 3° · mono · tresbolillo ×1 · 8 filas · az 15°",21-dic,780,36.9680,107.1676,6.0000,33,0.000000e+0,-55,1
35,"Arequipa · cresta 2 · N-S quebrado 3° · mono · tresbolillo ×1 · 8 filas · az 15°",21-dic,800,41.5453,106.8854,6.0000,33,0.000000e+0,-55,1
35,"Arequipa · cresta 2 · N-S quebrado 3° · mono · tresbolillo ×1 · 8 filas · az 15°",21-dic,820,46.1277,106.7892,6.0000,33,0.000000e+0,-55,1
35,"Arequipa · cresta 2 · N-S quebrado 3° · mono · tresbolillo ×1 · 8 filas · az 15°",21-dic,840,50.7102,106.9266,6.0000,33,0.000000e+0,-55,1
35,"Arequipa · cresta 2 · N-S quebrado 3° · mono · tresbolillo ×1 · 8 filas · az 15°",21-dic,860,55.2860,107.3727,6.0000,33,0.000000e+0,-55,1
35,"Arequipa · cresta 2 · N-S quebrado 3° · mono · tresbolillo ×1 · 8 filas · az 15°",21-dic,880,59.8457,108.2507,6.0000,33,0.000000e+0,-55,1
35,"Arequipa · cresta 2 · N-S quebrado 3° · mono · tresbolillo ×1 · 8 filas · az 15°",21-dic,900,64.3745,109.7715,6.0000,33,0.000000e+0,-55,1
35,"Arequipa · cresta 2 · N-S quebrado 3° · mono · tresbolillo ×1 · 8 filas · az 15°",21-dic,920,68.8464,112.3221,6.0000,33,0.000000e+0,-55,1
35,"Arequipa · cresta 2 · N-S quebrado 3° · mono · tresbolillo ×1 · 8 filas · az 15°",21-dic,940,73.2097,116.6755,6.0000,33,0.000000e+0,-55,1
35,"Arequipa · cresta 2 · N-S quebrado 3° · mono · tresbolillo ×1 · 8 filas · az 15°",21-dic,960,77.3452,124.5416,6.0000,33,0.000000e+0,-55,1
35,"Arequipa · cresta 2 · N-S quebrado 3° · mono · tresbolillo ×1 · 8 filas · az 15°",21-dic,980,80.9293,139.9625,6.0000,33,0.000000e+0,-55,1
35,"Arequipa · cresta 2 · N-S quebrado 3° · mono · tresbolillo ×1 · 8 filas · az 15°",21-dic,1000,83.0437,169.7235,6.0000,33,0.000000e+0,-55,1
35,"Arequipa · cresta 2 · N-S quebrado 3° · mono · tresbolillo ×1 · 8 filas · az 15°",21-dic,1020,82.3507,206.0083,6.0000,33,0.000000e+0,-55,1
35,"Arequipa · cresta 2 · N-S quebrado 3° · mono · tresbolillo ×1 · 8 filas · az 15°",21-dic,1040,79.3872,228.4830,6.0000,33,0.000000e+0,-55,1
35,"Arequipa · cresta 2 · N-S quebrado 3° · mono · tresbolillo ×1 · 8 filas · az 15°",21-dic,1060,75.4845,239.6903,6.0000,33,0.000000e+0,-55,1
35,"Arequipa · cresta 2 · N-S quebrado 3° · mono · tresbolillo ×1 · 8 filas · az 15°",21-dic,1080,71.2217,245.6266,6.0000,33,0.000000e+0,-55,1
35,"Arequipa · cresta 2 · N-S quebrado 3° · mono · tresbolillo ×1 · 8 filas · az 15°",21-dic,1100,66.7992,249.0147,6.0000,33,0.000000e+0,-55,1
35,"Arequipa · cresta 2 · N-S quebrado 3° · mono · tresbolillo ×1 · 8 filas · az 15°",21-dic,1120,62.2968,251.0263,6.0000,33,0.000000e+0,-55,1
35,"Arequipa · cresta 2 · N-S quebrado 3° · mono · tresbolillo ×1 · 8 filas · az 15°",21-dic,1140,57.7514,252.2170,6.0000,33,0.000000e+0,-55,1
35,"Arequipa · cresta 2 · N-S quebrado 3° · mono · tresbolillo ×1 · 8 filas · az 15°",21-dic,1160,53.1829,252.8767,6.0000,33,0.000000e+0,-55,1
35,"Arequipa · cresta 2 · N-S quebrado 3° · mono · tresbolillo ×1 · 8 filas · az 15°",21-dic,1180,48.6031,253.1691,6.0000,33,0.000000e+0,-55,1
35,"Arequipa · cresta 2 · N-S quebrado 3° · mono · tresbolillo ×1 · 8 filas · az 15°",21-dic,1200,44.0199,253.1917,6.0000,33,0.000000e+0,-55,1
35,"Arequipa · cresta 2 · N-S quebrado 3° · mono · tresbolillo ×1 · 8 filas · az 15°",21-dic,1220,39.4393,253.0053,6.0000,33,0.000000e+0,-9,1
35,"Arequipa · cresta 2 · N-S quebrado 3° · mono · tresbolillo ×1 · 8 filas · az 15°",21-dic,1240,34.8660,252.6483,6.0000,33,0.000000e+0,4.5,1
35,"Arequipa · cresta 2 · N-S quebrado 3° · mono · tresbolillo ×1 · 8 filas · az 15°",21-dic,1260,30.3044,252.1454,6.0000,33,0.000000e+0,14.5,1
35,"Arequipa · cresta 2 · N-S quebrado 3° · mono · tresbolillo ×1 · 8 filas · az 15°",21-dic,1280,25.7587,251.5118,6.0000,33,0.000000e+0,30.5,1
35,"Arequipa · cresta 2 · N-S quebrado 3° · mono · tresbolillo ×1 · 8 filas · az 15°",21-dic,1300,21.2337,250.7559,6.0000,33,1.475673e-2,27,0
35,"Arequipa · cresta 2 · N-S quebrado 3° · mono · tresbolillo ×1 · 8 filas · az 15°",21-dic,1320,16.7351,249.8813,6.0000,33,0.000000e+0,22,1
35,"Arequipa · cresta 2 · N-S quebrado 3° · mono · tresbolillo ×1 · 8 filas · az 15°",21-dic,1340,12.2712,248.8874,6.0000,33,0.000000e+0,17,1
35,"Arequipa · cresta 2 · N-S quebrado 3° · mono · tresbolillo ×1 · 8 filas · az 15°",21-dic,1360,7.8581,247.7702,6.0000,33,0.000000e+0,12,1
35,"Arequipa · cresta 2 · N-S quebrado 3° · mono · tresbolillo ×1 · 8 filas · az 15°",21-dic,1380,3.5464,246.5223,6.0000,64,5.350993e-3,7,0
36,"Arequipa · llano · N-S quebrado 6° · bifila · medios ×1 · 10 filas · az 0°",21-jun,700,4.7742,63.8712,6.0000,64,3.718081e-2,-8,0
36,"Arequipa · llano · N-S quebrado 6° · bifila · medios ×1 · 10 filas · az 0°",21-jun,720,8.9729,62.1856,6.0000,33,1.324081e-2,-11.5,0
36,"Arequipa · llano · N-S quebrado 6° · bifila · medios ×1 · 10 filas · az 0°",21-jun,740,13.1432,60.3097,6.0000,33,2.766902e-3,-16,0
36,"Arequipa · llano · N-S quebrado 6° · bifila · medios ×1 · 10 filas · az 0°",21-jun,760,17.2453,58.2184,6.0000,33,0.000000e+0,-21.5,1
36,"Arequipa · llano · N-S quebrado 6° · bifila · medios ×1 · 10 filas · az 0°",21-jun,780,21.2561,55.8815,6.0000,33,6.458542e-3,-27,0
36,"Arequipa · llano · N-S quebrado 6° · bifila · medios ×1 · 10 filas · az 0°",21-jun,800,25.1539,53.2637,6.0000,33,0.000000e+0,-34.5,1
36,"Arequipa · llano · N-S quebrado 6° · bifila · medios ×1 · 10 filas · az 0°",21-jun,820,28.9146,50.3241,6.0000,33,0.000000e+0,-55,1
36,"Arequipa · llano · N-S quebrado 6° · bifila · medios ×1 · 10 filas · az 0°",21-jun,840,32.5098,47.0168,6.0000,33,0.000000e+0,-55,1
36,"Arequipa · llano · N-S quebrado 6° · bifila · medios ×1 · 10 filas · az 0°",21-jun,860,35.9052,43.2920,6.0000,33,0.000000e+0,-55,1
36,"Arequipa · llano · N-S quebrado 6° · bifila · medios ×1 · 10 filas · az 0°",21-jun,880,39.0602,39.0991,6.0000,33,0.000000e+0,-55,1
36,"Arequipa · llano · N-S quebrado 6° · bifila · medios ×1 · 10 filas · az 0°",21-jun,900,41.9268,34.3923,6.0000,33,0.000000e+0,-55,1
36,"Arequipa · llano · N-S quebrado 6° · bifila · medios ×1 · 10 filas · az 0°",21-jun,920,44.4499,29.1395,6.0000,33,0.000000e+0,-55,1
36,"Arequipa · llano · N-S quebrado 6° · bifila · medios ×1 · 10 filas · az 0°",21-jun,940,46.5693,23.3352,6.0000,33,0.000000e+0,-55,1
36,"Arequipa · llano · N-S quebrado 6° · bifila · medios ×1 · 10 filas · az 0°",21-jun,960,48.2231,17.0150,6.0000,33,0.000000e+0,-55,1
36,"Arequipa · llano · N-S quebrado 6° · bifila · medios ×1 · 10 filas · az 0°",21-jun,980,49.3544,10.2679,6.0000,33,0.000000e+0,-55,1
36,"Arequipa · llano · N-S quebrado 6° · bifila · medios ×1 · 10 filas · az 0°",21-jun,1000,49.9185,3.2390,6.0000,33,0.000000e+0,-55,1
36,"Arequipa · llano · N-S quebrado 6° · bifila · medios ×1 · 10 filas · az 0°",21-jun,1020,49.8916,356.1171,6.0000,33,0.000000e+0,-55,1
36,"Arequipa · llano · N-S quebrado 6° · bifila · medios ×1 · 10 filas · az 0°",21-jun,1040,49.2748,349.1064,6.0000,33,0.000000e+0,-55,1
36,"Arequipa · llano · N-S quebrado 6° · bifila · medios ×1 · 10 filas · az 0°",21-jun,1060,48.0942,342.3928,6.0000,33,0.000000e+0,-55,1
36,"Arequipa · llano · N-S quebrado 6° · bifila · medios ×1 · 10 filas · az 0°",21-jun,1080,46.3957,336.1165,6.0000,33,0.000000e+0,-55,1
36,"Arequipa · llano · N-S quebrado 6° · bifila · medios ×1 · 10 filas · az 0°",21-jun,1100,44.2372,330.3613,6.0000,33,0.000000e+0,-55,1
36,"Arequipa · llano · N-S quebrado 6° · bifila · medios ×1 · 10 filas · az 0°",21-jun,1120,41.6806,325.1587,6.0000,33,0.000000e+0,-55,1
36,"Arequipa · llano · N-S quebrado 6° · bifila · medios ×1 · 10 filas · az 0°",21-jun,1140,38.7857,320.5000,6.0000,33,0.000000e+0,-55,1
36,"Arequipa · llano · N-S quebrado 6° · bifila · medios ×1 · 10 filas · az 0°",21-jun,1160,35.6071,316.3514,6.0000,33,0.000000e+0,-12.5,1
36,"Arequipa · llano · N-S quebrado 6° · bifila · medios ×1 · 10 filas · az 0°",21-jun,1180,32.1920,312.6665,6.0000,33,0.000000e+0,3.5,1
36,"Arequipa · llano · N-S quebrado 6° · bifila · medios ×1 · 10 filas · az 0°",21-jun,1200,28.5805,309.3944,6.0000,33,0.000000e+0,15,1
36,"Arequipa · llano · N-S quebrado 6° · bifila · medios ×1 · 10 filas · az 0°",21-jun,1220,24.8063,306.4858,6.0000,33,0.000000e+0,24.5,1
36,"Arequipa · llano · N-S quebrado 6° · bifila · medios ×1 · 10 filas · az 0°",21-jun,1240,20.8973,303.8950,6.0000,33,3.675369e-3,23,0
36,"Arequipa · llano · N-S quebrado 6° · bifila · medios ×1 · 10 filas · az 0°",21-jun,1260,16.8774,301.5817,6.0000,33,0.000000e+0,18,1
36,"Arequipa · llano · N-S quebrado 6° · bifila · medios ×1 · 10 filas · az 0°",21-jun,1280,12.7680,299.5110,6.0000,33,6.433422e-3,12,0
36,"Arequipa · llano · N-S quebrado 6° · bifila · medios ×1 · 10 filas · az 0°",21-jun,1300,8.5930,297.6533,6.0000,33,5.394645e-2,9.5,0
36,"Arequipa · llano · N-S quebrado 6° · bifila · medios ×1 · 10 filas · az 0°",21-jun,1320,4.3962,295.9837,6.0000,64,2.761240e-2,3,0
36,"Arequipa · llano · N-S quebrado 6° · bifila · medios ×1 · 10 filas · az 0°",21-mar,680,6.1794,87.8345,6.0000,33,0.000000e+0,-6.5,1
36,"Arequipa · llano · N-S quebrado 6° · bifila · medios ×1 · 10 filas · az 0°",21-mar,700,10.9081,86.3640,6.0000,33,0.000000e+0,-12,1
36,"Arequipa · llano · N-S quebrado 6° · bifila · medios ×1 · 10 filas · az 0°",21-mar,720,15.6602,84.8431,6.0000,33,0.000000e+0,-16.5,1
36,"Arequipa · llano · N-S quebrado 6° · bifila · medios ×1 · 10 filas · az 0°",21-mar,740,20.4114,83.2469,6.0000,33,0.000000e+0,-20.5,1
36,"Arequipa · llano · N-S quebrado 6° · bifila · medios ×1 · 10 filas · az 0°",21-mar,760,25.1514,81.5460,6.0000,33,0.000000e+0,-26,1
36,"Arequipa · llano · N-S quebrado 6° · bifila · medios ×1 · 10 filas · az 0°",21-mar,780,29.8721,79.7046,6.0000,33,0.000000e+0,-34.5,1
36,"Arequipa · llano · N-S quebrado 6° · bifila · medios ×1 · 10 filas · az 0°",21-mar,800,34.5652,77.6773,6.0000,33,0.000000e+0,-53.5,1
36,"Arequipa · llano · N-S quebrado 6° · bifila · medios ×1 · 10 filas · az 0°",21-mar,820,39.2209,75.4045,6.0000,33,0.000000e+0,-55,1
36,"Arequipa · llano · N-S quebrado 6° · bifila · medios ×1 · 10 filas · az 0°",21-mar,840,43.8256,72.8064,6.0000,33,0.000000e+0,-55,1
36,"Arequipa · llano · N-S quebrado 6° · bifila · medios ×1 · 10 filas · az 0°",21-mar,860,48.3608,69.7727,6.0000,33,0.000000e+0,-55,1
36,"Arequipa · llano · N-S quebrado 6° · bifila · medios ×1 · 10 filas · az 0°",21-mar,880,52.7997,66.1475,6.0000,33,0.000000e+0,-55,1
36,"Arequipa · llano · N-S quebrado 6° · bifila · medios ×1 · 10 filas · az 0°",21-mar,900,57.1020,61.7065,6.0000,33,0.000000e+0,-55,1
36,"Arequipa · llano · N-S quebrado 6° · bifila · medios ×1 · 10 filas · az 0°",21-mar,920,61.2050,56.1234,6.0000,33,0.000000e+0,-55,1
36,"Arequipa · llano · N-S quebrado 6° · bifila · medios ×1 · 10 filas · az 0°",21-mar,940,65.0093,48.9323,6.0000,33,0.000000e+0,-55,1
36,"Arequipa · llano · N-S quebrado 6° · bifila · medios ×1 · 10 filas · az 0°",21-mar,960,68.3560,39.5174,6.0000,33,0.000000e+0,-55,1
36,"Arequipa · llano · N-S quebrado 6° · bifila · medios ×1 · 10 filas · az 0°",21-mar,980,71.0006,27.2555,6.0000,33,0.000000e+0,-55,1
36,"Arequipa · llano · N-S quebrado 6° · bifila · medios ×1 · 10 filas · az 0°",21-mar,1000,72.6192,12.0480,6.0000,33,0.000000e+0,-55,1
36,"Arequipa · llano · N-S quebrado 6° · bifila · medios ×1 · 10 filas · az 0°",21-mar,1020,72.9172,355.1449,6.0000,33,0.000000e+0,-55,1
36,"Arequipa · llano · N-S quebrado 6° · bifila · medios ×1 · 10 filas · az 0°",21-mar,1040,71.8293,338.9743,6.0000,33,0.000000e+0,-55,1
36,"Arequipa · llano · N-S quebrado 6° · bifila · medios ×1 · 10 filas · az 0°",21-mar,1060,69.5760,325.4193,6.0000,33,0.000000e+0,-55,1
36,"Arequipa · llano · N-S quebrado 6° · bifila · medios ×1 · 10 filas · az 0°",21-mar,1080,66.4904,314.8661,6.0000,33,0.000000e+0,-55,1
36,"Arequipa · llano · N-S quebrado 6° · bifila · medios ×1 · 10 filas · az 0°",21-mar,1100,62.8553,306.8185,6.0000,33,0.000000e+0,-55,1
36,"Arequipa · llano · N-S quebrado 6° · bifila · medios ×1 · 10 filas · az 0°",21-mar,1120,58.8631,300.6237,6.0000,33,0.000000e+0,-55,1
36,"Arequipa · llano · N-S quebrado 6° · bifila · medios ×1 · 10 filas · az 0°",21-mar,1140,54.6351,295.7491,6.0000,33,0.000000e+0,-55,1
36,"Arequipa · llano · N-S quebrado 6° · bifila · medios ×1 · 10 filas · az 0°",21-mar,1160,50.2473,291.8140,6.0000,33,0.000000e+0,-55,1
36,"Arequipa · llano · N-S quebrado 6° · bifila · medios ×1 · 10 filas · az 0°",21-mar,1180,45.7481,288.5555,6.0000,33,0.000000e+0,-21.5,1
36,"Arequipa · llano · N-S quebrado 6° · bifila · medios ×1 · 10 filas · az 0°",21-mar,1200,41.1691,285.7922,6.0000,33,0.000000e+0,-2,1
36,"Arequipa · llano · N-S quebrado 6° · bifila · medios ×1 · 10 filas · az 0°",21-mar,1220,36.5321,283.3969,6.0000,33,0.000000e+0,14.5,1
36,"Arequipa · llano · N-S quebrado 6° · bifila · medios ×1 · 10 filas · az 0°",21-mar,1240,31.8523,281.2784,6.0000,33,0.000000e+0,24,1
36,"Arequipa · llano · N-S quebrado 6° · bifila · medios ×1 · 10 filas · az 0°",21-mar,1260,27.1408,279.3695,6.0000,33,0.000000e+0,27,1
36,"Arequipa · llano · N-S quebrado 6° · bifila · medios ×1 · 10 filas · az 0°",21-mar,1280,22.4065,277.6197,6.0000,33,0.000000e+0,22.5,1
36,"Arequipa · llano · N-S quebrado 6° · bifila · medios ×1 · 10 filas · az 0°",21-mar,1300,17.6572,275.9894,6.0000,33,2.217330e-2,17,0
36,"Arequipa · llano · N-S quebrado 6° · bifila · medios ×1 · 10 filas · az 0°",21-mar,1320,12.9018,274.4469,6.0000,33,0.000000e+0,12,1
36,"Arequipa · llano · N-S quebrado 6° · bifila · medios ×1 · 10 filas · az 0°",21-mar,1340,8.1561,272.9659,6.0000,33,1.540515e-2,8,0
36,"Arequipa · llano · N-S quebrado 6° · bifila · medios ×1 · 10 filas · az 0°",21-mar,1360,3.4752,271.5234,6.0000,64,8.288418e-3,3.5,0
36,"Arequipa · llano · N-S quebrado 6° · bifila · medios ×1 · 10 filas · az 0°",21-dic,640,5.5090,112.8863,6.0000,64,3.223708e-2,-4.5,0
36,"Arequipa · llano · N-S quebrado 6° · bifila · medios ×1 · 10 filas · az 0°",21-dic,660,9.8795,111.6997,6.0000,33,1.519367e-2,-10,0
36,"Arequipa · llano · N-S quebrado 6° · bifila · medios ×1 · 10 filas · az 0°",21-dic,680,14.3190,110.6399,6.0000,33,1.327611e-2,-15,0
36,"Arequipa · llano · N-S quebrado 6° · bifila · medios ×1 · 10 filas · az 0°",21-dic,700,18.8002,109.7012,6.0000,33,0.000000e+0,-19.5,1
36,"Arequipa · llano · N-S quebrado 6° · bifila · medios ×1 · 10 filas · az 0°",21-dic,720,23.3118,108.8811,6.0000,33,0.000000e+0,-23.5,1
36,"Arequipa · llano · N-S quebrado 6° · bifila · medios ×1 · 10 filas · az 0°",21-dic,740,27.8469,108.1807,6.0000,33,0.000000e+0,-28,1
36,"Arequipa · llano · N-S quebrado 6° · bifila · medios ×1 · 10 filas · az 0°",21-dic,760,32.4005,107.6058,6.0000,33,0.000000e+0,-46.5,1
36,"Arequipa · llano · N-S quebrado 6° · bifila · medios ×1 · 10 filas · az 0°",21-dic,780,36.9680,107.1676,6.0000,33,0.000000e+0,-55,1
36,"Arequipa · llano · N-S quebrado 6° · bifila · medios ×1 · 10 filas · az 0°",21-dic,800,41.5453,106.8854,6.0000,33,0.000000e+0,-55,1
36,"Arequipa · llano · N-S quebrado 6° · bifila · medios ×1 · 10 filas · az 0°",21-dic,820,46.1277,106.7892,6.0000,33,0.000000e+0,-55,1
36,"Arequipa · llano · N-S quebrado 6° · bifila · medios ×1 · 10 filas · az 0°",21-dic,840,50.7102,106.9266,6.0000,33,0.000000e+0,-55,1
36,"Arequipa · llano · N-S quebrado 6° · bifila · medios ×1 · 10 filas · az 0°",21-dic,860,55.2860,107.3727,6.0000,33,0.000000e+0,-55,1
36,"Arequipa · llano · N-S quebrado 6° · bifila · medios ×1 · 10 filas · az 0°",21-dic,880,59.8457,108.2507,6.0000,33,0.000000e+0,-55,1
36,"Arequipa · llano · N-S quebrado 6° · bifila · medios ×1 · 10 filas · az 0°",21-dic,900,64.3745,109.7715,6.0000,33,0.000000e+0,-55,1
36,"Arequipa · llano · N-S quebrado 6° · bifila · medios ×1 · 10 filas · az 0°",21-dic,920,68.8464,112.3221,6.0000,33,0.000000e+0,-55,1
36,"Arequipa · llano · N-S quebrado 6° · bifila · medios ×1 · 10 filas · az 0°",21-dic,940,73.2097,116.6755,6.0000,33,0.000000e+0,-55,1
36,"Arequipa · llano · N-S quebrado 6° · bifila · medios ×1 · 10 filas · az 0°",21-dic,960,77.3452,124.5416,6.0000,33,0.000000e+0,-55,1
36,"Arequipa · llano · N-S quebrado 6° · bifila · medios ×1 · 10 filas · az 0°",21-dic,980,80.9293,139.9625,6.0000,33,0.000000e+0,-55,1
36,"Arequipa · llano · N-S quebrado 6° · bifila · medios ×1 · 10 filas · az 0°",21-dic,1000,83.0437,169.7235,6.0000,33,0.000000e+0,-55,1
36,"Arequipa · llano · N-S quebrado 6° · bifila · medios ×1 · 10 filas · az 0°",21-dic,1020,82.3507,206.0083,6.0000,33,0.000000e+0,-55,1
36,"Arequipa · llano · N-S quebrado 6° · bifila · medios ×1 · 10 filas · az 0°",21-dic,1040,79.3872,228.4830,6.0000,33,0.000000e+0,-55,1
36,"Arequipa · llano · N-S quebrado 6° · bifila · medios ×1 · 10 filas · az 0°",21-dic,1060,75.4845,239.6903,6.0000,33,0.000000e+0,-55,1
36,"Arequipa · llano · N-S quebrado 6° · bifila · medios ×1 · 10 filas · az 0°",21-dic,1080,71.2217,245.6266,6.0000,33,0.000000e+0,-55,1
36,"Arequipa · llano · N-S quebrado 6° · bifila · medios ×1 · 10 filas · az 0°",21-dic,1100,66.7992,249.0147,6.0000,33,0.000000e+0,-55,1
36,"Arequipa · llano · N-S quebrado 6° · bifila · medios ×1 · 10 filas · az 0°",21-dic,1120,62.2968,251.0263,6.0000,33,0.000000e+0,-55,1
36,"Arequipa · llano · N-S quebrado 6° · bifila · medios ×1 · 10 filas · az 0°",21-dic,1140,57.7514,252.2170,6.0000,33,0.000000e+0,-55,1
36,"Arequipa · llano · N-S quebrado 6° · bifila · medios ×1 · 10 filas · az 0°",21-dic,1160,53.1829,252.8767,6.0000,33,0.000000e+0,-55,1
36,"Arequipa · llano · N-S quebrado 6° · bifila · medios ×1 · 10 filas · az 0°",21-dic,1180,48.6031,253.1691,6.0000,33,0.000000e+0,-55,1
36,"Arequipa · llano · N-S quebrado 6° · bifila · medios ×1 · 10 filas · az 0°",21-dic,1200,44.0199,253.1917,6.0000,33,0.000000e+0,-9.5,1
36,"Arequipa · llano · N-S quebrado 6° · bifila · medios ×1 · 10 filas · az 0°",21-dic,1220,39.4393,253.0053,6.0000,33,0.000000e+0,4.5,1
36,"Arequipa · llano · N-S quebrado 6° · bifila · medios ×1 · 10 filas · az 0°",21-dic,1240,34.8660,252.6483,6.0000,33,0.000000e+0,15,1
36,"Arequipa · llano · N-S quebrado 6° · bifila · medios ×1 · 10 filas · az 0°",21-dic,1260,30.3044,252.1454,6.0000,33,0.000000e+0,24,1
36,"Arequipa · llano · N-S quebrado 6° · bifila · medios ×1 · 10 filas · az 0°",21-dic,1280,25.7587,251.5118,6.0000,33,4.944042e-3,28,0
36,"Arequipa · llano · N-S quebrado 6° · bifila · medios ×1 · 10 filas · az 0°",21-dic,1300,21.2337,250.7559,6.0000,33,2.528778e-2,23,0
36,"Arequipa · llano · N-S quebrado 6° · bifila · medios ×1 · 10 filas · az 0°",21-dic,1320,16.7351,249.8813,6.0000,33,0.000000e+0,18,1
36,"Arequipa · llano · N-S quebrado 6° · bifila · medios ×1 · 10 filas · az 0°",21-dic,1340,12.2712,248.8874,6.0000,33,1.327056e-2,15,0
36,"Arequipa · llano · N-S quebrado 6° · bifila · medios ×1 · 10 filas · az 0°",21-dic,1360,7.8581,247.7702,6.0000,33,3.506799e-2,8.5,0
36,"Arequipa · llano · N-S quebrado 6° · bifila · medios ×1 · 10 filas · az 0°",21-dic,1380,3.5464,246.5223,6.0000,64,5.961513e-2,4.5,0
37,"Zaragoza · cresta 2 · N-S constante 3° · quebrado · bagnarelli ×1 · 10 filas · az 0°",21-jun,300,4.3153,62.0288,0.0000,28,0.000000e+0,-4,1
37,"Zaragoza · cresta 2 · N-S constante 3° · quebrado · bagnarelli ×1 · 10 filas · az 0°",21-jun,320,7.5953,65.1785,0.0000,14,0.000000e+0,-13.5,1
37,"Zaragoza · cresta 2 · N-S constante 3° · quebrado · bagnarelli ×1 · 10 filas · az 0°",21-jun,340,10.9965,68.2578,0.0000,14,0.000000e+0,-27,1
37,"Zaragoza · cresta 2 · N-S constante 3° · quebrado · bagnarelli ×1 · 10 filas · az 0°",21-jun,360,14.4858,71.2858,0.0000,14,0.000000e+0,-40.5,1
37,"Zaragoza · cresta 2 · N-S constante 3° · quebrado · bagnarelli ×1 · 10 filas · az 0°",21-jun,380,18.0452,74.2827,0.0000,14,0.000000e+0,-54.5,1
37,"Zaragoza · cresta 2 · N-S constante 3° · quebrado · bagnarelli ×1 · 10 filas · az 0°",21-jun,400,21.6612,77.2704,0.0000,14,0.000000e+0,-55,1
37,"Zaragoza · cresta 2 · N-S constante 3° · quebrado · bagnarelli ×1 · 10 filas · az 0°",21-jun,420,25.3226,80.2731,0.0000,14,0.000000e+0,-55,1
37,"Zaragoza · cresta 2 · N-S constante 3° · quebrado · bagnarelli ×1 · 10 filas · az 0°",21-jun,440,29.0187,83.3183,0.0000,14,0.000000e+0,-55,1
37,"Zaragoza · cresta 2 · N-S constante 3° · quebrado · bagnarelli ×1 · 10 filas · az 0°",21-jun,460,32.7391,86.4376,0.0000,14,0.000000e+0,-55,1
37,"Zaragoza · cresta 2 · N-S constante 3° · quebrado · bagnarelli ×1 · 10 filas · az 0°",21-jun,480,36.4729,89.6687,0.0000,14,0.000000e+0,-55,1
37,"Zaragoza · cresta 2 · N-S constante 3° · quebrado · bagnarelli ×1 · 10 filas · az 0°",21-jun,500,40.2084,93.0578,0.0000,14,0.000000e+0,-55,1
37,"Zaragoza · cresta 2 · N-S constante 3° · quebrado · bagnarelli ×1 · 10 filas · az 0°",21-jun,520,43.9319,96.6624,0.0000,14,0.000000e+0,-55,1
37,"Zaragoza · cresta 2 · N-S constante 3° · quebrado · bagnarelli ×1 · 10 filas · az 0°",21-jun,540,47.6271,100.5563,0.0000,14,0.000000e+0,-55,1
37,"Zaragoza · cresta 2 · N-S constante 3° · quebrado · bagnarelli ×1 · 10 filas · az 0°",21-jun,560,51.2734,104.8355,0.0000,14,0.000000e+0,-55,1
37,"Zaragoza · cresta 2 · N-S constante 3° · quebrado · bagnarelli ×1 · 10 filas · az 0°",21-jun,580,54.8437,109.6272,0.0000,14,0.000000e+0,-55,1
37,"Zaragoza · cresta 2 · N-S constante 3° · quebrado · bagnarelli ×1 · 10 filas · az 0°",21-jun,600,58.3011,115.1015,0.0000,14,0.000000e+0,-55,1
37,"Zaragoza · cresta 2 · N-S constante 3° · quebrado · bagnarelli ×1 · 10 filas · az 0°",21-jun,620,61.5938,121.4838,0.0000,14,0.000000e+0,-55,1
37,"Zaragoza · cresta 2 · N-S constante 3° · quebrado · bagnarelli ×1 · 10 filas · az 0°",21-jun,640,64.6480,129.0638,0.0000,14,0.000000e+0,-55,1
37,"Zaragoza · cresta 2 · N-S constante 3° · quebrado · bagnarelli ×1 · 10 filas · az 0°",21-jun,660,67.3579,138.1801,0.0000,14,0.000000e+0,-55,1
37,"Zaragoza · cresta 2 · N-S constante 3° · quebrado · bagnarelli ×1 · 10 filas · az 0°",21-jun,680,69.5784,149.1387,0.0000,14,0.000000e+0,-55,1
37,"Zaragoza · cresta 2 · N-S constante 3° · quebrado · bagnarelli ×1 · 10 filas · az 0°",21-jun,700,71.1301,162.0059,0.0000,14,0.000000e+0,-55,1
37,"Zaragoza · cresta 2 · N-S constante 3° · quebrado · bagnarelli ×1 · 10 filas · az 0°",21-jun,720,71.8368,176.3074,0.0000,14,0.000000e+0,-55,1
37,"Zaragoza · cresta 2 · N-S constante 3° · quebrado · bagnarelli ×1 · 10 filas · az 0°",21-jun,740,71.5993,190.9409,0.0000,14,0.000000e+0,-55,1
37,"Zaragoza · cresta 2 · N-S constante 3° · quebrado · bagnarelli ×1 · 10 filas · az 0°",21-jun,760,70.4524,204.6300,0.0000,14,0.000000e+0,-55,1
37,"Zaragoza · cresta 2 · N-S constante 3° · quebrado · bagnarelli ×1 · 10 filas · az 0°",21-jun,780,68.5438,216.5649,0.0000,14,0.000000e+0,-55,1
37,"Zaragoza · cresta 2 · N-S constante 3° · quebrado · bagnarelli ×1 · 10 filas · az 0°",21-jun,800,66.0587,226.5756,0.0000,14,0.000000e+0,-55,1
37,"Zaragoza · cresta 2 · N-S constante 3° · quebrado · bagnarelli ×1 · 10 filas · az 0°",21-jun,820,63.1617,234.8830,0.0000,14,0.000000e+0,-55,1
37,"Zaragoza · cresta 2 · N-S constante 3° · quebrado · bagnarelli ×1 · 10 filas · az 0°",21-jun,840,59.9777,241.8261,0.0000,14,0.000000e+0,-55,1
37,"Zaragoza · cresta 2 · N-S constante 3° · quebrado · bagnarelli ×1 · 10 filas · az 0°",21-jun,860,56.5952,247.7238,0.0000,14,0.000000e+0,-55,1
37,"Zaragoza · cresta 2 · N-S constante 3° · quebrado · bagnarelli ×1 · 10 filas · az 0°",21-jun,880,53.0761,252.8336,0.0000,14,0.000000e+0,-55,1
37,"Zaragoza · cresta 2 · N-S constante 3° · quebrado · bagnarelli ×1 · 10 filas · az 0°",21-jun,900,49.4641,257.3516,0.0000,14,0.000000e+0,-55,1
37,"Zaragoza · cresta 2 · N-S constante 3° · quebrado · bagnarelli ×1 · 10 filas · az 0°",21-jun,920,45.7905,261.4251,0.0000,14,0.000000e+0,-55,1
37,"Zaragoza · cresta 2 · N-S constante 3° · quebrado · bagnarelli ×1 · 10 filas · az 0°",21-jun,940,42.0789,265.1644,0.0000,14,0.000000e+0,-55,1
37,"Zaragoza · cresta 2 · N-S constante 3° · quebrado · bagnarelli ×1 · 10 filas · az 0°",21-jun,960,38.3476,268.6535,0.0000,14,0.000000e+0,-55,1
37,"Zaragoza · cresta 2 · N-S constante 3° · quebrado · bagnarelli ×1 · 10 filas · az 0°",21-jun,980,34.6113,271.9575,0.0000,14,0.000000e+0,-55,1
37,"Zaragoza · cresta 2 · N-S constante 3° · quebrado · bagnarelli ×1 · 10 filas · az 0°",21-jun,1000,30.8827,275.1277,0.0000,14,0.000000e+0,-55,1
37,"Zaragoza · cresta 2 · N-S constante 3° · quebrado · bagnarelli ×1 · 10 filas · az 0°",21-jun,1020,27.1731,278.2058,0.0000,14,0.000000e+0,-51.5,1
37,"Zaragoza · cresta 2 · N-S constante 3° · quebrado · bagnarelli ×1 · 10 filas · az 0°",21-jun,1040,23.4930,281.2261,0.0000,14,0.000000e+0,-32.5,1
37,"Zaragoza · cresta 2 · N-S constante 3° · quebrado · bagnarelli ×1 · 10 filas · az 0°",21-jun,1060,19.8529,284.2181,0.0000,14,0.000000e+0,-22.5,1
37,"Zaragoza · cresta 2 · N-S constante 3° · quebrado · bagnarelli ×1 · 10 filas · az 0°",21-jun,1080,16.2635,287.2075,0.0000,14,0.000000e+0,-15,1
37,"Zaragoza · cresta 2 · N-S constante 3° · quebrado · bagnarelli ×1 · 10 filas · az 0°",21-jun,1100,12.7372,290.2173,0.0000,14,0.000000e+0,-8.5,1
37,"Zaragoza · cresta 2 · N-S constante 3° · quebrado · bagnarelli ×1 · 10 filas · az 0°",21-jun,1120,9.2889,293.2684,0.0000,14,0.000000e+0,-2.5,1
37,"Zaragoza · cresta 2 · N-S constante 3° · quebrado · bagnarelli ×1 · 10 filas · az 0°",21-jun,1140,5.9421,296.3805,0.0000,28,0.000000e+0,3,1
37,"Zaragoza · cresta 2 · N-S constante 3° · quebrado · bagnarelli ×1 · 10 filas · az 0°",21-jun,1160,2.7509,299.5720,0.0000,28,0.000000e+0,-1.5,1
37,"Zaragoza · cresta 2 · N-S constante 3° · quebrado · bagnarelli ×1 · 10 filas · az 0°",21-mar,380,2.2529,91.3999,0.0000,28,0.000000e+0,-3,1
37,"Zaragoza · cresta 2 · N-S constante 3° · quebrado · bagnarelli ×1 · 10 filas · az 0°",21-mar,400,5.8504,94.7292,0.0000,28,0.000000e+0,-10.5,1
37,"Zaragoza · cresta 2 · N-S constante 3° · quebrado · bagnarelli ×1 · 10 filas · az 0°",21-mar,420,9.5200,98.1006,0.0000,14,0.000000e+0,-24.5,1
37,"Zaragoza · cresta 2 · N-S constante 3° · quebrado · bagnarelli ×1 · 10 filas · az 0°",21-mar,440,13.1842,101.5436,0.0000,14,0.000000e+0,-39,1
37,"Zaragoza · cresta 2 · N-S constante 3° · quebrado · bagnarelli ×1 · 10 filas · az 0°",21-mar,460,16.8132,105.0894,0.0000,14,0.000000e+0,-55,1
37,"Zaragoza · cresta 2 · N-S constante 3° · quebrado · bagnarelli ×1 · 10 filas · az 0°",21-mar,480,20.3859,108.7709,0.0000,14,0.000000e+0,-55,1
37,"Zaragoza · cresta 2 · N-S constante 3° · quebrado · bagnarelli ×1 · 10 filas · az 0°",21-mar,500,23.8823,112.6235,0.0000,14,0.000000e+0,-55,1
37,"Zaragoza · cresta 2 · N-S constante 3° · quebrado · bagnarelli ×1 · 10 filas · az 0°",21-mar,520,27.2812,116.6855,0.0000,14,0.000000e+0,-55,1
37,"Zaragoza · cresta 2 · N-S constante 3° · quebrado · bagnarelli ×1 · 10 filas · az 0°",21-mar,540,30.5584,120.9974,0.0000,14,0.000000e+0,-55,1
37,"Zaragoza · cresta 2 · N-S constante 3° · quebrado · bagnarelli ×1 · 10 filas · az 0°",21-mar,560,33.6866,125.6019,0.0000,14,0.000000e+0,-55,1
37,"Zaragoza · cresta 2 · N-S constante 3° · quebrado · bagnarelli ×1 · 10 filas · az 0°",21-mar,580,36.6339,130.5419,0.0000,14,0.000000e+0,-55,1
37,"Zaragoza · cresta 2 · N-S constante 3° · quebrado · bagnarelli ×1 · 10 filas · az 0°",21-mar,600,39.3642,135.8579,0.0000,14,0.000000e+0,-55,1
37,"Zaragoza · cresta 2 · N-S constante 3° · quebrado · bagnarelli ×1 · 10 filas · az 0°",21-mar,620,41.8362,141.5831,0.0000,14,0.000000e+0,-55,1
37,"Zaragoza · cresta 2 · N-S constante 3° · quebrado · bagnarelli ×1 · 10 filas · az 0°",21-mar,640,44.0046,147.7369,0.0000,14,0.000000e+0,-55,1
37,"Zaragoza · cresta 2 · N-S constante 3° · quebrado · bagnarelli ×1 · 10 filas · az 0°",21-mar,660,45.8219,154.3164,0.0000,14,0.000000e+0,-55,1
37,"Zaragoza · cresta 2 · N-S constante 3° · quebrado · bagnarelli ×1 · 10 filas · az 0°",21-mar,680,47.2408,161.2877,0.0000,14,0.000000e+0,-55,1
37,"Zaragoza · cresta 2 · N-S constante 3° · quebrado · bagnarelli ×1 · 10 filas · az 0°",21-mar,700,48.2189,168.5799,0.0000,14,0.000000e+0,-55,1
37,"Zaragoza · cresta 2 · N-S constante 3° · quebrado · bagnarelli ×1 · 10 filas · az 0°",21-mar,720,48.7237,176.0853,0.0000,14,0.000000e+0,-55,1
37,"Zaragoza · cresta 2 · N-S constante 3° · quebrado · bagnarelli ×1 · 10 filas · az 0°",21-mar,740,48.7373,183.6681,0.0000,14,0.000000e+0,-55,1
37,"Zaragoza · cresta 2 · N-S constante 3° · quebrado · bagnarelli ×1 · 10 filas · az 0°",21-mar,760,48.2591,191.1814,0.0000,14,0.000000e+0,-55,1
37,"Zaragoza · cresta 2 · N-S constante 3° · quebrado · bagnarelli ×1 · 10 filas · az 0°",21-mar,780,47.3064,198.4885,0.0000,14,0.000000e+0,-55,1
37,"Zaragoza · cresta 2 · N-S constante 3° · quebrado · bagnarelli ×1 · 10 filas · az 0°",21-mar,800,45.9109,205.4797,0.0000,14,0.000000e+0,-55,1
37,"Zaragoza · cresta 2 · N-S constante 3° · quebrado · bagnarelli ×1 · 10 filas · az 0°",21-mar,820,44.1149,212.0823,0.0000,14,0.000000e+0,-55,1
37,"Zaragoza · cresta 2 · N-S constante 3° · quebrado · bagnarelli ×1 · 10 filas · az 0°",21-mar,840,41.9653,218.2604,0.0000,14,0.000000e+0,-55,1
37,"Zaragoza · cresta 2 · N-S constante 3° · quebrado · bagnarelli ×1 · 10 filas · az 0°",21-mar,860,39.5099,224.0098,0.0000,14,0.000000e+0,-55,1
37,"Zaragoza · cresta 2 · N-S constante 3° · quebrado · bagnarelli ×1 · 10 filas · az 0°",21-mar,880,36.7942,229.3489,0.0000,14,0.000000e+0,-55,1
37,"Zaragoza · cresta 2 · N-S constante 3° · quebrado · bagnarelli ×1 · 10 filas · az 0°",21-mar,900,33.8596,234.3105,0.0000,14,0.000000e+0,-55,1
37,"Zaragoza · cresta 2 · N-S constante 3° · quebrado · bagnarelli ×1 · 10 filas · az 0°",21-mar,920,30.7428,238.9347,0.0000,14,0.000000e+0,-55,1
37,"Zaragoza · cresta 2 · N-S constante 3° · quebrado · bagnarelli ×1 · 10 filas · az 0°",21-mar,940,27.4756,243.2645,0.0000,14,0.000000e+0,-55,1
37,"Zaragoza · cresta 2 · N-S constante 3° · quebrado · bagnarelli ×1 · 10 filas · az 0°",21-mar,960,24.0859,247.3426,0.0000,14,0.000000e+0,-49,1
37,"Zaragoza · cresta 2 · N-S constante 3° · quebrado · bagnarelli ×1 · 10 filas · az 0°",21-mar,980,20.5978,251.2099,0.0000,14,0.000000e+0,-29.5,1
37,"Zaragoza · cresta 2 · N-S constante 3° · quebrado · bagnarelli ×1 · 10 filas · az 0°",21-mar,1000,17.0327,254.9045,0.0000,14,0.000000e+0,-19.5,1
37,"Zaragoza · cresta 2 · N-S constante 3° · quebrado · bagnarelli ×1 · 10 filas · az 0°",21-mar,1020,13.4108,258.4622,0.0000,14,0.000000e+0,-11.5,1
37,"Zaragoza · cresta 2 · N-S constante 3° · quebrado · bagnarelli ×1 · 10 filas · az 0°",21-mar,1040,9.7530,261.9160,0.0000,14,0.000000e+0,-5,1
37,"Zaragoza · cresta 2 · N-S constante 3° · quebrado · bagnarelli ×1 · 10 filas · az 0°",21-mar,1060,6.0879,265.2972,0.0000,14,0.000000e+0,1.5,1
37,"Zaragoza · cresta 2 · N-S constante 3° · quebrado · bagnarelli ×1 · 10 filas · az 0°",21-mar,1080,2.4866,268.6354,0.0000,28,0.000000e+0,1,1
37,"Zaragoza · cresta 2 · N-S constante 3° · quebrado · bagnarelli ×1 · 10 filas · az 0°",21-dic,480,4.5444,126.9401,0.0000,28,0.000000e+0,-17,1
37,"Zaragoza · cresta 2 · N-S constante 3° · quebrado · bagnarelli ×1 · 10 filas · az 0°",21-dic,500,7.4023,130.4970,0.0000,14,0.000000e+0,-32.5,1
37,"Zaragoza · cresta 2 · N-S constante 3° · quebrado · bagnarelli ×1 · 10 filas · az 0°",21-dic,520,10.1358,134.1991,0.0000,14,0.000000e+0,-49.5,1
37,"Zaragoza · cresta 2 · N-S constante 3° · quebrado · bagnarelli ×1 · 10 filas · az 0°",21-dic,540,12.7098,138.0581,0.0000,14,0.000000e+0,-55,1
37,"Zaragoza · cresta 2 · N-S constante 3° · quebrado · bagnarelli ×1 · 10 filas · az 0°",21-dic,560,15.0987,142.0828,0.0000,14,0.000000e+0,-55,1
37,"Zaragoza · cresta 2 · N-S constante 3° · quebrado · bagnarelli ×1 · 10 filas · az 0°",21-dic,580,17.2795,146.2782,0.0000,14,0.000000e+0,-55,1
37,"Zaragoza · cresta 2 · N-S constante 3° · quebrado · bagnarelli ×1 · 10 filas · az 0°",21-dic,600,19.2301,150.6447,0.0000,14,0.000000e+0,-55,1
37,"Zaragoza · cresta 2 · N-S constante 3° · quebrado · bagnarelli ×1 · 10 filas · az 0°",21-dic,620,20.9291,155.1771,0.0000,14,0.000000e+0,-55,1
37,"Zaragoza · cresta 2 · N-S constante 3° · quebrado · bagnarelli ×1 · 10 filas · az 0°",21-dic,640,22.3561,159.8636,0.0000,14,0.000000e+0,-55,1
37,"Zaragoza · cresta 2 · N-S constante 3° · quebrado · bagnarelli ×1 · 10 filas · az 0°",21-dic,660,23.4927,164.6856,0.0000,14,0.000000e+0,-55,1
37,"Zaragoza · cresta 2 · N-S constante 3° · quebrado · bagnarelli ×1 · 10 filas · az 0°",21-dic,680,24.3230,169.6174,0.0000,14,0.000000e+0,-55,1
37,"Zaragoza · cresta 2 · N-S constante 3° · quebrado · bagnarelli ×1 · 10 filas · az 0°",21-dic,700,24.8347,174.6273,0.0000,14,0.000000e+0,-55,1
37,"Zaragoza · cresta 2 · N-S constante 3° · quebrado · bagnarelli ×1 · 10 filas · az 0°",21-dic,720,25.0202,179.6788,0.0000,14,0.000000e+0,-55,1
37,"Zaragoza · cresta 2 · N-S constante 3° · quebrado · bagnarelli ×1 · 10 filas · az 0°",21-dic,740,24.8764,184.7327,0.0000,14,0.000000e+0,-55,1
37,"Zaragoza · cresta 2 · N-S constante 3° · quebrado · bagnarelli ×1 · 10 filas · az 0°",21-dic,760,24.4057,189.7500,0.0000,14,0.000000e+0,-55,1
37,"Zaragoza · cresta 2 · N-S constante 3° · quebrado · bagnarelli ×1 · 10 filas · az 0°",21-dic,780,23.6152,194.6936,0.0000,14,0.000000e+0,-55,1
37,"Zaragoza · cresta 2 · N-S constante 3° · quebrado · bagnarelli ×1 · 10 filas · az 0°",21-dic,800,22.5166,199.5310,0.0000,14,0.000000e+0,-55,1
37,"Zaragoza · cresta 2 · N-S constante 3° · quebrado · bagnarelli ×1 · 10 filas · az 0°",21-dic,820,21.1254,204.2358,0.0000,14,0.000000e+0,-55,1
37,"Zaragoza · cresta 2 · N-S constante 3° · quebrado · bagnarelli ×1 · 10 filas · az 0°",21-dic,840,19.4598,208.7885,0.0000,14,0.000000e+0,-55,1
37,"Zaragoza · cresta 2 · N-S constante 3° · quebrado · bagnarelli ×1 · 10 filas · az 0°",21-dic,860,17.5399,213.1765,0.0000,14,0.000000e+0,-55,1
37,"Zaragoza · cresta 2 · N-S constante 3° · quebrado · bagnarelli ×1 · 10 filas · az 0°",21-dic,880,15.3871,217.3936,0.0000,14,0.000000e+0,-55,1
37,"Zaragoza · cresta 2 · N-S constante 3° · quebrado · bagnarelli ×1 · 10 filas · az 0°",21-dic,900,13.0234,221.4397,0.0000,14,0.000000e+0,-29,1
37,"Zaragoza · cresta 2 · N-S constante 3° · quebrado · bagnarelli ×1 · 10 filas · az 0°",21-dic,920,10.4715,225.3193,0.0000,14,0.000000e+0,-17.5,1
37,"Zaragoza · cresta 2 · N-S constante 3° · quebrado · bagnarelli ×1 · 10 filas · az 0°",21-dic,940,7.7566,229.0407,0.0000,14,0.000000e+0,-9,1
37,"Zaragoza · cresta 2 · N-S constante 3° · quebrado · bagnarelli ×1 · 10 filas · az 0°",21-dic,960,4.9112,232.6152,0.0000,28,0.000000e+0,-2,1
37,"Zaragoza · cresta 2 · N-S constante 3° · quebrado · bagnarelli ×1 · 10 filas · az 0°",21-dic,980,2.0112,236.0562,0.0000,28,0.000000e+0,4,1
38,"Arequipa · ondulado 0.6 · N-S constante 6° · mono · alineadas ×1 · 8 filas · az 0°",21-jun,700,4.7742,63.8712,0.0000,33,0.000000e+0,-5.5,1
38,"Arequipa · ondulado 0.6 · N-S constante 6° · mono · alineadas ×1 · 8 filas · az 0°",21-jun,720,8.9729,62.1856,0.0000,17,0.000000e+0,-10,1
38,"Arequipa · ondulado 0.6 · N-S constante 6° · mono · alineadas ×1 · 8 filas · az 0°",21-jun,740,13.1432,60.3097,0.0000,17,0.000000e+0,-27,1
38,"Arequipa · ondulado 0.6 · N-S constante 6° · mono · alineadas ×1 · 8 filas · az 0°",21-jun,760,17.2453,58.2184,0.0000,17,0.000000e+0,-45.5,1
38,"Arequipa · ondulado 0.6 · N-S constante 6° · mono · alineadas ×1 · 8 filas · az 0°",21-jun,780,21.2561,55.8815,0.0000,17,0.000000e+0,-55,1
38,"Arequipa · ondulado 0.6 · N-S constante 6° · mono · alineadas ×1 · 8 filas · az 0°",21-jun,800,25.1539,53.2637,0.0000,17,0.000000e+0,-55,1
38,"Arequipa · ondulado 0.6 · N-S constante 6° · mono · alineadas ×1 · 8 filas · az 0°",21-jun,820,28.9146,50.3241,0.0000,17,0.000000e+0,-55,1
38,"Arequipa · ondulado 0.6 · N-S constante 6° · mono · alineadas ×1 · 8 filas · az 0°",21-jun,840,32.5098,47.0168,0.0000,17,0.000000e+0,-55,1
38,"Arequipa · ondulado 0.6 · N-S constante 6° · mono · alineadas ×1 · 8 filas · az 0°",21-jun,860,35.9052,43.2920,0.0000,17,0.000000e+0,-55,1
38,"Arequipa · ondulado 0.6 · N-S constante 6° · mono · alineadas ×1 · 8 filas · az 0°",21-jun,880,39.0602,39.0991,0.0000,17,0.000000e+0,-55,1
38,"Arequipa · ondulado 0.6 · N-S constante 6° · mono · alineadas ×1 · 8 filas · az 0°",21-jun,900,41.9268,34.3923,0.0000,17,0.000000e+0,-55,1
38,"Arequipa · ondulado 0.6 · N-S constante 6° · mono · alineadas ×1 · 8 filas · az 0°",21-jun,920,44.4499,29.1395,0.0000,17,0.000000e+0,-55,1
38,"Arequipa · ondulado 0.6 · N-S constante 6° · mono · alineadas ×1 · 8 filas · az 0°",21-jun,940,46.5693,23.3352,0.0000,17,0.000000e+0,-55,1
38,"Arequipa · ondulado 0.6 · N-S constante 6° · mono · alineadas ×1 · 8 filas · az 0°",21-jun,960,48.2231,17.0150,0.0000,17,0.000000e+0,-55,1
38,"Arequipa · ondulado 0.6 · N-S constante 6° · mono · alineadas ×1 · 8 filas · az 0°",21-jun,980,49.3544,10.2679,0.0000,17,0.000000e+0,-55,1
38,"Arequipa · ondulado 0.6 · N-S constante 6° · mono · alineadas ×1 · 8 filas · az 0°",21-jun,1000,49.9185,3.2390,0.0000,17,0.000000e+0,-55,1
38,"Arequipa · ondulado 0.6 · N-S constante 6° · mono · alineadas ×1 · 8 filas · az 0°",21-jun,1020,49.8916,356.1171,0.0000,17,0.000000e+0,-55,1
38,"Arequipa · ondulado 0.6 · N-S constante 6° · mono · alineadas ×1 · 8 filas · az 0°",21-jun,1040,49.2748,349.1064,0.0000,17,0.000000e+0,-55,1
38,"Arequipa · ondulado 0.6 · N-S constante 6° · mono · alineadas ×1 · 8 filas · az 0°",21-jun,1060,48.0942,342.3928,0.0000,17,0.000000e+0,-55,1
38,"Arequipa · ondulado 0.6 · N-S constante 6° · mono · alineadas ×1 · 8 filas · az 0°",21-jun,1080,46.3957,336.1165,0.0000,17,0.000000e+0,-55,1
38,"Arequipa · ondulado 0.6 · N-S constante 6° · mono · alineadas ×1 · 8 filas · az 0°",21-jun,1100,44.2372,330.3613,0.0000,17,0.000000e+0,-55,1
38,"Arequipa · ondulado 0.6 · N-S constante 6° · mono · alineadas ×1 · 8 filas · az 0°",21-jun,1120,41.6806,325.1587,0.0000,17,0.000000e+0,-55,1
38,"Arequipa · ondulado 0.6 · N-S constante 6° · mono · alineadas ×1 · 8 filas · az 0°",21-jun,1140,38.7857,320.5000,0.0000,17,0.000000e+0,-55,1
38,"Arequipa · ondulado 0.6 · N-S constante 6° · mono · alineadas ×1 · 8 filas · az 0°",21-jun,1160,35.6071,316.3514,0.0000,17,0.000000e+0,-55,1
38,"Arequipa · ondulado 0.6 · N-S constante 6° · mono · alineadas ×1 · 8 filas · az 0°",21-jun,1180,32.1920,312.6665,0.0000,17,0.000000e+0,-55,1
38,"Arequipa · ondulado 0.6 · N-S constante 6° · mono · alineadas ×1 · 8 filas · az 0°",21-jun,1200,28.5805,309.3944,0.0000,17,0.000000e+0,-55,1
38,"Arequipa · ondulado 0.6 · N-S constante 6° · mono · alineadas ×1 · 8 filas · az 0°",21-jun,1220,24.8063,306.4858,0.0000,17,0.000000e+0,-37,1
38,"Arequipa · ondulado 0.6 · N-S constante 6° · mono · alineadas ×1 · 8 filas · az 0°",21-jun,1240,20.8973,303.8950,0.0000,17,0.000000e+0,-21.5,1
38,"Arequipa · ondulado 0.6 · N-S constante 6° · mono · alineadas ×1 · 8 filas · az 0°",21-jun,1260,16.8774,301.5817,0.0000,17,0.000000e+0,-11,1
38,"Arequipa · ondulado 0.6 · N-S constante 6° · mono · alineadas ×1 · 8 filas · az 0°",21-jun,1280,12.7680,299.5110,0.0000,17,0.000000e+0,-3,1
38,"Arequipa · ondulado 0.6 · N-S constante 6° · mono · alineadas ×1 · 8 filas · az 0°",21-jun,1300,8.5930,297.6533,0.0000,17,0.000000e+0,4.5,1
38,"Arequipa · ondulado 0.6 · N-S constante 6° · mono · alineadas ×1 · 8 filas · az 0°",21-jun,1320,4.3962,295.9837,0.0000,33,0.000000e+0,2,1
38,"Arequipa · ondulado 0.6 · N-S constante 6° · mono · alineadas ×1 · 8 filas · az 0°",21-mar,680,6.1794,87.8345,0.0000,17,0.000000e+0,-6.5,1
38,"Arequipa · ondulado 0.6 · N-S constante 6° · mono · alineadas ×1 · 8 filas · az 0°",21-mar,700,10.9081,86.3640,0.0000,17,0.000000e+0,-22.5,1
38,"Arequipa · ondulado 0.6 · N-S constante 6° · mono · alineadas ×1 · 8 filas · az 0°",21-mar,720,15.6602,84.8431,0.0000,17,0.000000e+0,-39.5,1
38,"Arequipa · ondulado 0.6 · N-S constante 6° · mono · alineadas ×1 · 8 filas · az 0°",21-mar,740,20.4114,83.2469,0.0000,17,0.000000e+0,-55,1
38,"Arequipa · ondulado 0.6 · N-S constante 6° · mono · alineadas ×1 · 8 filas · az 0°",21-mar,760,25.1514,81.5460,0.0000,17,0.000000e+0,-55,1
38,"Arequipa · ondulado 0.6 · N-S constante 6° · mono · alineadas ×1 · 8 filas · az 0°",21-mar,780,29.8721,79.7046,0.0000,17,0.000000e+0,-55,1
38,"Arequipa · ondulado 0.6 · N-S constante 6° · mono · alineadas ×1 · 8 filas · az 0°",21-mar,800,34.5652,77.6773,0.0000,17,0.000000e+0,-55,1
38,"Arequipa · ondulado 0.6 · N-S constante 6° · mono · alineadas ×1 · 8 filas · az 0°",21-mar,820,39.2209,75.4045,0.0000,17,0.000000e+0,-55,1
38,"Arequipa · ondulado 0.6 · N-S constante 6° · mono · alineadas ×1 · 8 filas · az 0°",21-mar,840,43.8256,72.8064,0.0000,17,0.000000e+0,-55,1
38,"Arequipa · ondulado 0.6 · N-S constante 6° · mono · alineadas ×1 · 8 filas · az 0°",21-mar,860,48.3608,69.7727,0.0000,17,0.000000e+0,-55,1
38,"Arequipa · ondulado 0.6 · N-S constante 6° · mono · alineadas ×1 · 8 filas · az 0°",21-mar,880,52.7997,66.1475,0.0000,17,0.000000e+0,-55,1
38,"Arequipa · ondulado 0.6 · N-S constante 6° · mono · alineadas ×1 · 8 filas · az 0°",21-mar,900,57.1020,61.7065,0.0000,17,0.000000e+0,-55,1
38,"Arequipa · ondulado 0.6 · N-S constante 6° · mono · alineadas ×1 · 8 filas · az 0°",21-mar,920,61.2050,56.1234,0.0000,17,0.000000e+0,-55,1
38,"Arequipa · ondulado 0.6 · N-S constante 6° · mono · alineadas ×1 · 8 filas · az 0°",21-mar,940,65.0093,48.9323,0.0000,17,0.000000e+0,-55,1
38,"Arequipa · ondulado 0.6 · N-S constante 6° · mono · alineadas ×1 · 8 filas · az 0°",21-mar,960,68.3560,39.5174,0.0000,17,0.000000e+0,-55,1
38,"Arequipa · ondulado 0.6 · N-S constante 6° · mono · alineadas ×1 · 8 filas · az 0°",21-mar,980,71.0006,27.2555,0.0000,17,0.000000e+0,-55,1
38,"Arequipa · ondulado 0.6 · N-S constante 6° · mono · alineadas ×1 · 8 filas · az 0°",21-mar,1000,72.6192,12.0480,0.0000,17,0.000000e+0,-55,1
38,"Arequipa · ondulado 0.6 · N-S constante 6° · mono · alineadas ×1 · 8 filas · az 0°",21-mar,1020,72.9172,355.1449,0.0000,17,0.000000e+0,-55,1
38,"Arequipa · ondulado 0.6 · N-S constante 6° · mono · alineadas ×1 · 8 filas · az 0°",21-mar,1040,71.8293,338.9743,0.0000,17,0.000000e+0,-55,1
38,"Arequipa · ondulado 0.6 · N-S constante 6° · mono · alineadas ×1 · 8 filas · az 0°",21-mar,1060,69.5760,325.4193,0.0000,17,0.000000e+0,-55,1
38,"Arequipa · ondulado 0.6 · N-S constante 6° · mono · alineadas ×1 · 8 filas · az 0°",21-mar,1080,66.4904,314.8661,0.0000,17,0.000000e+0,-55,1
38,"Arequipa · ondulado 0.6 · N-S constante 6° · mono · alineadas ×1 · 8 filas · az 0°",21-mar,1100,62.8553,306.8185,0.0000,17,0.000000e+0,-55,1
38,"Arequipa · ondulado 0.6 · N-S constante 6° · mono · alineadas ×1 · 8 filas · az 0°",21-mar,1120,58.8631,300.6237,0.0000,17,0.000000e+0,-55,1
38,"Arequipa · ondulado 0.6 · N-S constante 6° · mono · alineadas ×1 · 8 filas · az 0°",21-mar,1140,54.6351,295.7491,0.0000,17,0.000000e+0,-55,1
38,"Arequipa · ondulado 0.6 · N-S constante 6° · mono · alineadas ×1 · 8 filas · az 0°",21-mar,1160,50.2473,291.8140,0.0000,17,0.000000e+0,-55,1
38,"Arequipa · ondulado 0.6 · N-S constante 6° · mono · alineadas ×1 · 8 filas · az 0°",21-mar,1180,45.7481,288.5555,0.0000,17,0.000000e+0,-55,1
38,"Arequipa · ondulado 0.6 · N-S constante 6° · mono · alineadas ×1 · 8 filas · az 0°",21-mar,1200,41.1691,285.7922,0.0000,17,0.000000e+0,-55,1
38,"Arequipa · ondulado 0.6 · N-S constante 6° · mono · alineadas ×1 · 8 filas · az 0°",21-mar,1220,36.5321,283.3969,0.0000,17,0.000000e+0,-55,1
38,"Arequipa · ondulado 0.6 · N-S constante 6° · mono · alineadas ×1 · 8 filas · az 0°",21-mar,1240,31.8523,281.2784,0.0000,17,0.000000e+0,-55,1
38,"Arequipa · ondulado 0.6 · N-S constante 6° · mono · alineadas ×1 · 8 filas · az 0°",21-mar,1260,27.1408,279.3695,0.0000,17,0.000000e+0,-38,1
38,"Arequipa · ondulado 0.6 · N-S constante 6° · mono · alineadas ×1 · 8 filas · az 0°",21-mar,1280,22.4065,277.6197,0.0000,17,0.000000e+0,-22.5,1
38,"Arequipa · ondulado 0.6 · N-S constante 6° · mono · alineadas ×1 · 8 filas · az 0°",21-mar,1300,17.6572,275.9894,0.0000,17,0.000000e+0,-13,1
38,"Arequipa · ondulado 0.6 · N-S constante 6° · mono · alineadas ×1 · 8 filas · az 0°",21-mar,1320,12.9018,274.4469,0.0000,17,0.000000e+0,-4.5,1
38,"Arequipa · ondulado 0.6 · N-S constante 6° · mono · alineadas ×1 · 8 filas · az 0°",21-mar,1340,8.1561,272.9659,0.0000,17,0.000000e+0,2.5,1
38,"Arequipa · ondulado 0.6 · N-S constante 6° · mono · alineadas ×1 · 8 filas · az 0°",21-mar,1360,3.4752,271.5234,0.0000,33,0.000000e+0,-2.5,1
38,"Arequipa · ondulado 0.6 · N-S constante 6° · mono · alineadas ×1 · 8 filas · az 0°",21-dic,640,5.5090,112.8863,0.0000,33,0.000000e+0,-15,1
38,"Arequipa · ondulado 0.6 · N-S constante 6° · mono · alineadas ×1 · 8 filas · az 0°",21-dic,660,9.8795,111.6997,0.0000,17,0.000000e+0,-31,1
38,"Arequipa · ondulado 0.6 · N-S constante 6° · mono · alineadas ×1 · 8 filas · az 0°",21-dic,680,14.3190,110.6399,0.0000,17,0.000000e+0,-48,1
38,"Arequipa · ondulado 0.6 · N-S constante 6° · mono · alineadas ×1 · 8 filas · az 0°",21-dic,700,18.8002,109.7012,0.0000,17,0.000000e+0,-55,1
38,"Arequipa · ondulado 0.6 · N-S constante 6° · mono · alineadas ×1 · 8 filas · az 0°",21-dic,720,23.3118,108.8811,0.0000,17,0.000000e+0,-55,1
38,"Arequipa · ondulado 0.6 · N-S constante 6° · mono · alineadas ×1 · 8 filas · az 0°",21-dic,740,27.8469,108.1807,0.0000,17,0.000000e+0,-55,1
38,"Arequipa · ondulado 0.6 · N-S constante 6° · mono · alineadas ×1 · 8 filas · az 0°",21-dic,760,32.4005,107.6058,0.0000,17,0.000000e+0,-55,1
38,"Arequipa · ondulado 0.6 · N-S constante 6° · mono · alineadas ×1 · 8 filas · az 0°",21-dic,780,36.9680,107.1676,0.0000,17,0.000000e+0,-55,1
38,"Arequipa · ondulado 0.6 · N-S constante 6° · mono · alineadas ×1 · 8 filas · az 0°",21-dic,800,41.5453,106.8854,0.0000,17,0.000000e+0,-55,1
38,"Arequipa · ondulado 0.6 · N-S constante 6° · mono · alineadas ×1 · 8 filas · az 0°",21-dic,820,46.1277,106.7892,0.0000,17,0.000000e+0,-55,1
38,"Arequipa · ondulado 0.6 · N-S constante 6° · mono · alineadas ×1 · 8 filas · az 0°",21-dic,840,50.7102,106.9266,0.0000,17,0.000000e+0,-55,1
38,"Arequipa · ondulado 0.6 · N-S constante 6° · mono · alineadas ×1 · 8 filas · az 0°",21-dic,860,55.2860,107.3727,0.0000,17,0.000000e+0,-55,1
38,"Arequipa · ondulado 0.6 · N-S constante 6° · mono · alineadas ×1 · 8 filas · az 0°",21-dic,880,59.8457,108.2507,0.0000,17,0.000000e+0,-55,1
38,"Arequipa · ondulado 0.6 · N-S constante 6° · mono · alineadas ×1 · 8 filas · az 0°",21-dic,900,64.3745,109.7715,0.0000,17,0.000000e+0,-55,1
38,"Arequipa · ondulado 0.6 · N-S constante 6° · mono · alineadas ×1 · 8 filas · az 0°",21-dic,920,68.8464,112.3221,0.0000,17,0.000000e+0,-55,1
38,"Arequipa · ondulado 0.6 · N-S constante 6° · mono · alineadas ×1 · 8 filas · az 0°",21-dic,940,73.2097,116.6755,0.0000,17,0.000000e+0,-55,1
38,"Arequipa · ondulado 0.6 · N-S constante 6° · mono · alineadas ×1 · 8 filas · az 0°",21-dic,960,77.3452,124.5416,0.0000,17,0.000000e+0,-55,1
38,"Arequipa · ondulado 0.6 · N-S constante 6° · mono · alineadas ×1 · 8 filas · az 0°",21-dic,980,80.9293,139.9625,0.0000,17,0.000000e+0,-55,1
38,"Arequipa · ondulado 0.6 · N-S constante 6° · mono · alineadas ×1 · 8 filas · az 0°",21-dic,1000,83.0437,169.7235,0.0000,17,0.000000e+0,-55,1
38,"Arequipa · ondulado 0.6 · N-S constante 6° · mono · alineadas ×1 · 8 filas · az 0°",21-dic,1020,82.3507,206.0083,0.0000,17,0.000000e+0,-55,1
38,"Arequipa · ondulado 0.6 · N-S constante 6° · mono · alineadas ×1 · 8 filas · az 0°",21-dic,1040,79.3872,228.4830,0.0000,17,0.000000e+0,-55,1
38,"Arequipa · ondulado 0.6 · N-S constante 6° · mono · alineadas ×1 · 8 filas · az 0°",21-dic,1060,75.4845,239.6903,0.0000,17,0.000000e+0,-55,1
38,"Arequipa · ondulado 0.6 · N-S constante 6° · mono · alineadas ×1 · 8 filas · az 0°",21-dic,1080,71.2217,245.6266,0.0000,17,0.000000e+0,-55,1
38,"Arequipa · ondulado 0.6 · N-S constante 6° · mono · alineadas ×1 · 8 filas · az 0°",21-dic,1100,66.7992,249.0147,0.0000,17,0.000000e+0,-55,1
38,"Arequipa · ondulado 0.6 · N-S constante 6° · mono · alineadas ×1 · 8 filas · az 0°",21-dic,1120,62.2968,251.0263,0.0000,17,0.000000e+0,-55,1
38,"Arequipa · ondulado 0.6 · N-S constante 6° · mono · alineadas ×1 · 8 filas · az 0°",21-dic,1140,57.7514,252.2170,0.0000,17,0.000000e+0,-55,1
38,"Arequipa · ondulado 0.6 · N-S constante 6° · mono · alineadas ×1 · 8 filas · az 0°",21-dic,1160,53.1829,252.8767,0.0000,17,0.000000e+0,-55,1
38,"Arequipa · ondulado 0.6 · N-S constante 6° · mono · alineadas ×1 · 8 filas · az 0°",21-dic,1180,48.6031,253.1691,0.0000,17,0.000000e+0,-55,1
38,"Arequipa · ondulado 0.6 · N-S constante 6° · mono · alineadas ×1 · 8 filas · az 0°",21-dic,1200,44.0199,253.1917,0.0000,17,0.000000e+0,-55,1
38,"Arequipa · ondulado 0.6 · N-S constante 6° · mono · alineadas ×1 · 8 filas · az 0°",21-dic,1220,39.4393,253.0053,0.0000,17,0.000000e+0,-55,1
38,"Arequipa · ondulado 0.6 · N-S constante 6° · mono · alineadas ×1 · 8 filas · az 0°",21-dic,1240,34.8660,252.6483,0.0000,17,0.000000e+0,-55,1
38,"Arequipa · ondulado 0.6 · N-S constante 6° · mono · alineadas ×1 · 8 filas · az 0°",21-dic,1260,30.3044,252.1454,0.0000,17,0.000000e+0,-55,1
38,"Arequipa · ondulado 0.6 · N-S constante 6° · mono · alineadas ×1 · 8 filas · az 0°",21-dic,1280,25.7587,251.5118,0.0000,17,0.000000e+0,-50.5,1
38,"Arequipa · ondulado 0.6 · N-S constante 6° · mono · alineadas ×1 · 8 filas · az 0°",21-dic,1300,21.2337,250.7559,0.0000,17,0.000000e+0,-29,1
38,"Arequipa · ondulado 0.6 · N-S constante 6° · mono · alineadas ×1 · 8 filas · az 0°",21-dic,1320,16.7351,249.8813,0.0000,17,0.000000e+0,-18,1
38,"Arequipa · ondulado 0.6 · N-S constante 6° · mono · alineadas ×1 · 8 filas · az 0°",21-dic,1340,12.2712,248.8874,0.0000,17,0.000000e+0,-9.5,1
38,"Arequipa · ondulado 0.6 · N-S constante 6° · mono · alineadas ×1 · 8 filas · az 0°",21-dic,1360,7.8581,247.7702,0.0000,17,0.000000e+0,-2,1
38,"Arequipa · ondulado 0.6 · N-S constante 6° · mono · alineadas ×1 · 8 filas · az 0°",21-dic,1380,3.5464,246.5223,0.0000,33,0.000000e+0,5,1
39,"Arequipa · ondulado 2 · N-S constante -3° · mono · alineadas ×1 · 6 filas · az 0°",21-jun,700,4.7742,63.8712,0.0000,33,0.000000e+0,-31.5,1
39,"Arequipa · ondulado 2 · N-S constante -3° · mono · alineadas ×1 · 6 filas · az 0°",21-jun,720,8.9729,62.1856,0.0000,17,0.000000e+0,-23,1
39,"Arequipa · ondulado 2 · N-S constante -3° · mono · alineadas ×1 · 6 filas · az 0°",21-jun,740,13.1432,60.3097,0.0000,17,0.000000e+0,-18,1
39,"Arequipa · ondulado 2 · N-S constante -3° · mono · alineadas ×1 · 6 filas · az 0°",21-jun,760,17.2453,58.2184,0.0000,17,0.000000e+0,-36,1
39,"Arequipa · ondulado 2 · N-S constante -3° · mono · alineadas ×1 · 6 filas · az 0°",21-jun,780,21.2561,55.8815,0.0000,17,0.000000e+0,-55,1
39,"Arequipa · ondulado 2 · N-S constante -3° · mono · alineadas ×1 · 6 filas · az 0°",21-jun,800,25.1539,53.2637,0.0000,17,0.000000e+0,-55,1
39,"Arequipa · ondulado 2 · N-S constante -3° · mono · alineadas ×1 · 6 filas · az 0°",21-jun,820,28.9146,50.3241,0.0000,17,0.000000e+0,-55,1
39,"Arequipa · ondulado 2 · N-S constante -3° · mono · alineadas ×1 · 6 filas · az 0°",21-jun,840,32.5098,47.0168,0.0000,17,0.000000e+0,-55,1
39,"Arequipa · ondulado 2 · N-S constante -3° · mono · alineadas ×1 · 6 filas · az 0°",21-jun,860,35.9052,43.2920,0.0000,17,0.000000e+0,-55,1
39,"Arequipa · ondulado 2 · N-S constante -3° · mono · alineadas ×1 · 6 filas · az 0°",21-jun,880,39.0602,39.0991,0.0000,17,0.000000e+0,-55,1
39,"Arequipa · ondulado 2 · N-S constante -3° · mono · alineadas ×1 · 6 filas · az 0°",21-jun,900,41.9268,34.3923,0.0000,17,0.000000e+0,-55,1
39,"Arequipa · ondulado 2 · N-S constante -3° · mono · alineadas ×1 · 6 filas · az 0°",21-jun,920,44.4499,29.1395,0.0000,17,0.000000e+0,-55,1
39,"Arequipa · ondulado 2 · N-S constante -3° · mono · alineadas ×1 · 6 filas · az 0°",21-jun,940,46.5693,23.3352,0.0000,17,0.000000e+0,-55,1
39,"Arequipa · ondulado 2 · N-S constante -3° · mono · alineadas ×1 · 6 filas · az 0°",21-jun,960,48.2231,17.0150,0.0000,17,0.000000e+0,-55,1
39,"Arequipa · ondulado 2 · N-S constante -3° · mono · alineadas ×1 · 6 filas · az 0°",21-jun,980,49.3544,10.2679,0.0000,17,0.000000e+0,-55,1
39,"Arequipa · ondulado 2 · N-S constante -3° · mono · alineadas ×1 · 6 filas · az 0°",21-jun,1000,49.9185,3.2390,0.0000,17,0.000000e+0,-55,1
39,"Arequipa · ondulado 2 · N-S constante -3° · mono · alineadas ×1 · 6 filas · az 0°",21-jun,1020,49.8916,356.1171,0.0000,17,0.000000e+0,-55,1
39,"Arequipa · ondulado 2 · N-S constante -3° · mono · alineadas ×1 · 6 filas · az 0°",21-jun,1040,49.2748,349.1064,0.0000,17,0.000000e+0,-55,1
39,"Arequipa · ondulado 2 · N-S constante -3° · mono · alineadas ×1 · 6 filas · az 0°",21-jun,1060,48.0942,342.3928,0.0000,17,0.000000e+0,-55,1
39,"Arequipa · ondulado 2 · N-S constante -3° · mono · alineadas ×1 · 6 filas · az 0°",21-jun,1080,46.3957,336.1165,0.0000,17,0.000000e+0,-55,1
39,"Arequipa · ondulado 2 · N-S constante -3° · mono · alineadas ×1 · 6 filas · az 0°",21-jun,1100,44.2372,330.3613,0.0000,17,0.000000e+0,-55,1
39,"Arequipa · ondulado 2 · N-S constante -3° · mono · alineadas ×1 · 6 filas · az 0°",21-jun,1120,41.6806,325.1587,0.0000,17,0.000000e+0,-55,1
39,"Arequipa · ondulado 2 · N-S constante -3° · mono · alineadas ×1 · 6 filas · az 0°",21-jun,1140,38.7857,320.5000,0.0000,17,0.000000e+0,-55,1
39,"Arequipa · ondulado 2 · N-S constante -3° · mono · alineadas ×1 · 6 filas · az 0°",21-jun,1160,35.6071,316.3514,0.0000,17,0.000000e+0,-13.5,1
39,"Arequipa · ondulado 2 · N-S constante -3° · mono · alineadas ×1 · 6 filas · az 0°",21-jun,1180,32.1920,312.6665,0.0000,17,0.000000e+0,4.5,1
39,"Arequipa · ondulado 2 · N-S constante -3° · mono · alineadas ×1 · 6 filas · az 0°",21-jun,1200,28.5805,309.3944,0.0000,17,0.000000e+0,17,1
39,"Arequipa · ondulado 2 · N-S constante -3° · mono · alineadas ×1 · 6 filas · az 0°",21-jun,1220,24.8063,306.4858,0.0000,17,0.000000e+0,27.5,1
39,"Arequipa · ondulado 2 · N-S constante -3° · mono · alineadas ×1 · 6 filas · az 0°",21-jun,1240,20.8973,303.8950,0.0000,17,0.000000e+0,16,1
39,"Arequipa · ondulado 2 · N-S constante -3° · mono · alineadas ×1 · 6 filas · az 0°",21-jun,1260,16.8774,301.5817,0.0000,17,0.000000e+0,-5,1
39,"Arequipa · ondulado 2 · N-S constante -3° · mono · alineadas ×1 · 6 filas · az 0°",21-jun,1280,12.7680,299.5110,0.0000,17,0.000000e+0,-27.5,1
39,"Arequipa · ondulado 2 · N-S constante -3° · mono · alineadas ×1 · 6 filas · az 0°",21-jun,1300,8.5930,297.6533,0.0000,17,0.000000e+0,-4,1
39,"Arequipa · ondulado 2 · N-S constante -3° · mono · alineadas ×1 · 6 filas · az 0°",21-jun,1320,4.3962,295.9837,0.0000,33,0.000000e+0,-3,1
39,"Arequipa · ondulado 2 · N-S constante -3° · mono · alineadas ×1 · 6 filas · az 0°",21-mar,680,6.1794,87.8345,0.0000,17,0.000000e+0,-28.5,1
39,"Arequipa · ondulado 2 · N-S constante -3° · mono · alineadas ×1 · 6 filas · az 0°",21-mar,700,10.9081,86.3640,0.0000,17,0.000000e+0,-24,1
39,"Arequipa · ondulado 2 · N-S constante -3° · mono · alineadas ×1 · 6 filas · az 0°",21-mar,720,15.6602,84.8431,0.0000,17,0.000000e+0,-16,1
39,"Arequipa · ondulado 2 · N-S constante -3° · mono · alineadas ×1 · 6 filas · az 0°",21-mar,740,20.4114,83.2469,0.0000,17,0.000000e+0,-33,1
39,"Arequipa · ondulado 2 · N-S constante -3° · mono · alineadas ×1 · 6 filas · az 0°",21-mar,760,25.1514,81.5460,0.0000,17,0.000000e+0,-51.5,1
39,"Arequipa · ondulado 2 · N-S constante -3° · mono · alineadas ×1 · 6 filas · az 0°",21-mar,780,29.8721,79.7046,0.0000,17,0.000000e+0,-55,1
39,"Arequipa · ondulado 2 · N-S constante -3° · mono · alineadas ×1 · 6 filas · az 0°",21-mar,800,34.5652,77.6773,0.0000,17,0.000000e+0,-55,1
39,"Arequipa · ondulado 2 · N-S constante -3° · mono · alineadas ×1 · 6 filas · az 0°",21-mar,820,39.2209,75.4045,0.0000,17,0.000000e+0,-55,1
39,"Arequipa · ondulado 2 · N-S constante -3° · mono · alineadas ×1 · 6 filas · az 0°",21-mar,840,43.8256,72.8064,0.0000,17,0.000000e+0,-55,1
39,"Arequipa · ondulado 2 · N-S constante -3° · mono · alineadas ×1 · 6 filas · az 0°",21-mar,860,48.3608,69.7727,0.0000,17,0.000000e+0,-55,1
39,"Arequipa · ondulado 2 · N-S constante -3° · mono · alineadas ×1 · 6 filas · az 0°",21-mar,880,52.7997,66.1475,0.0000,17,0.000000e+0,-55,1
39,"Arequipa · ondulado 2 · N-S constante -3° · mono · alineadas ×1 · 6 filas · az 0°",21-mar,900,57.1020,61.7065,0.0000,17,0.000000e+0,-55,1
39,"Arequipa · ondulado 2 · N-S constante -3° · mono · alineadas ×1 · 6 filas · az 0°",21-mar,920,61.2050,56.1234,0.0000,17,0.000000e+0,-55,1
39,"Arequipa · ondulado 2 · N-S constante -3° · mono · alineadas ×1 · 6 filas · az 0°",21-mar,940,65.0093,48.9323,0.0000,17,0.000000e+0,-55,1
39,"Arequipa · ondulado 2 · N-S constante -3° · mono · alineadas ×1 · 6 filas · az 0°",21-mar,960,68.3560,39.5174,0.0000,17,0.000000e+0,-55,1
39,"Arequipa · ondulado 2 · N-S constante -3° · mono · alineadas ×1 · 6 filas · az 0°",21-mar,980,71.0006,27.2555,0.0000,17,0.000000e+0,-55,1
39,"Arequipa · ondulado 2 · N-S constante -3° · mono · alineadas ×1 · 6 filas · az 0°",21-mar,1000,72.6192,12.0480,0.0000,17,0.000000e+0,-55,1
39,"Arequipa · ondulado 2 · N-S constante -3° · mono · alineadas ×1 · 6 filas · az 0°",21-mar,1020,72.9172,355.1449,0.0000,17,0.000000e+0,-55,1
39,"Arequipa · ondulado 2 · N-S constante -3° · mono · alineadas ×1 · 6 filas · az 0°",21-mar,1040,71.8293,338.9743,0.0000,17,0.000000e+0,-55,1
39,"Arequipa · ondulado 2 · N-S constante -3° · mono · alineadas ×1 · 6 filas · az 0°",21-mar,1060,69.5760,325.4193,0.0000,17,0.000000e+0,-55,1
39,"Arequipa · ondulado 2 · N-S constante -3° · mono · alineadas ×1 · 6 filas · az 0°",21-mar,1080,66.4904,314.8661,0.0000,17,0.000000e+0,-55,1
39,"Arequipa · ondulado 2 · N-S constante -3° · mono · alineadas ×1 · 6 filas · az 0°",21-mar,1100,62.8553,306.8185,0.0000,17,0.000000e+0,-55,1
39,"Arequipa · ondulado 2 · N-S constante -3° · mono · alineadas ×1 · 6 filas · az 0°",21-mar,1120,58.8631,300.6237,0.0000,17,0.000000e+0,-55,1
39,"Arequipa · ondulado 2 · N-S constante -3° · mono · alineadas ×1 · 6 filas · az 0°",21-mar,1140,54.6351,295.7491,0.0000,17,0.000000e+0,-55,1
39,"Arequipa · ondulado 2 · N-S constante -3° · mono · alineadas ×1 · 6 filas · az 0°",21-mar,1160,50.2473,291.8140,0.0000,17,0.000000e+0,-55,1
39,"Arequipa · ondulado 2 · N-S constante -3° · mono · alineadas ×1 · 6 filas · az 0°",21-mar,1180,45.7481,288.5555,0.0000,17,0.000000e+0,-14.5,1
39,"Arequipa · ondulado 2 · N-S constante -3° · mono · alineadas ×1 · 6 filas · az 0°",21-mar,1200,41.1691,285.7922,0.0000,17,0.000000e+0,3,1
39,"Arequipa · ondulado 2 · N-S constante -3° · mono · alineadas ×1 · 6 filas · az 0°",21-mar,1220,36.5321,283.3969,0.0000,17,0.000000e+0,15,1
39,"Arequipa · ondulado 2 · N-S constante -3° · mono · alineadas ×1 · 6 filas · az 0°",21-mar,1240,31.8523,281.2784,0.0000,17,0.000000e+0,25,1
39,"Arequipa · ondulado 2 · N-S constante -3° · mono · alineadas ×1 · 6 filas · az 0°",21-mar,1260,27.1408,279.3695,0.0000,17,0.000000e+0,22,1
39,"Arequipa · ondulado 2 · N-S constante -3° · mono · alineadas ×1 · 6 filas · az 0°",21-mar,1280,22.4065,277.6197,0.0000,17,0.000000e+0,2,1
39,"Arequipa · ondulado 2 · N-S constante -3° · mono · alineadas ×1 · 6 filas · az 0°",21-mar,1300,17.6572,275.9894,0.0000,17,0.000000e+0,-19,1
39,"Arequipa · ondulado 2 · N-S constante -3° · mono · alineadas ×1 · 6 filas · az 0°",21-mar,1320,12.9018,274.4469,0.0000,17,0.000000e+0,-12.5,1
39,"Arequipa · ondulado 2 · N-S constante -3° · mono · alineadas ×1 · 6 filas · az 0°",21-mar,1340,8.1561,272.9659,0.0000,17,0.000000e+0,8,1
39,"Arequipa · ondulado 2 · N-S constante -3° · mono · alineadas ×1 · 6 filas · az 0°",21-mar,1360,3.4752,271.5234,0.0000,33,0.000000e+0,0.5,1
39,"Arequipa · ondulado 2 · N-S constante -3° · mono · alineadas ×1 · 6 filas · az 0°",21-dic,640,5.5090,112.8863,0.0000,33,0.000000e+0,-10.5,1
39,"Arequipa · ondulado 2 · N-S constante -3° · mono · alineadas ×1 · 6 filas · az 0°",21-dic,660,9.8795,111.6997,0.0000,17,0.000000e+0,-27,1
39,"Arequipa · ondulado 2 · N-S constante -3° · mono · alineadas ×1 · 6 filas · az 0°",21-dic,680,14.3190,110.6399,0.0000,17,0.000000e+0,-19,1
39,"Arequipa · ondulado 2 · N-S constante -3° · mono · alineadas ×1 · 6 filas · az 0°",21-dic,700,18.8002,109.7012,0.0000,17,0.000000e+0,-26,1
39,"Arequipa · ondulado 2 · N-S constante -3° · mono · alineadas ×1 · 6 filas · az 0°",21-dic,720,23.3118,108.8811,0.0000,17,0.000000e+0,-43.5,1
39,"Arequipa · ondulado 2 · N-S constante -3° · mono · alineadas ×1 · 6 filas · az 0°",21-dic,740,27.8469,108.1807,0.0000,17,0.000000e+0,-55,1
39,"Arequipa · ondulado 2 · N-S constante -3° · mono · alineadas ×1 · 6 filas · az 0°",21-dic,760,32.4005,107.6058,0.0000,17,0.000000e+0,-55,1
39,"Arequipa · ondulado 2 · N-S constante -3° · mono · alineadas ×1 · 6 filas · az 0°",21-dic,780,36.9680,107.1676,0.0000,17,0.000000e+0,-55,1
39,"Arequipa · ondulado 2 · N-S constante -3° · mono · alineadas ×1 · 6 filas · az 0°",21-dic,800,41.5453,106.8854,0.0000,17,0.000000e+0,-55,1
39,"Arequipa · ondulado 2 · N-S constante -3° · mono · alineadas ×1 · 6 filas · az 0°",21-dic,820,46.1277,106.7892,0.0000,17,0.000000e+0,-55,1
39,"Arequipa · ondulado 2 · N-S constante -3° · mono · alineadas ×1 · 6 filas · az 0°",21-dic,840,50.7102,106.9266,0.0000,17,0.000000e+0,-55,1
39,"Arequipa · ondulado 2 · N-S constante -3° · mono · alineadas ×1 · 6 filas · az 0°",21-dic,860,55.2860,107.3727,0.0000,17,0.000000e+0,-55,1
39,"Arequipa · ondulado 2 · N-S constante -3° · mono · alineadas ×1 · 6 filas · az 0°",21-dic,880,59.8457,108.2507,0.0000,17,0.000000e+0,-55,1
39,"Arequipa · ondulado 2 · N-S constante -3° · mono · alineadas ×1 · 6 filas · az 0°",21-dic,900,64.3745,109.7715,0.0000,17,0.000000e+0,-55,1
39,"Arequipa · ondulado 2 · N-S constante -3° · mono · alineadas ×1 · 6 filas · az 0°",21-dic,920,68.8464,112.3221,0.0000,17,0.000000e+0,-55,1
39,"Arequipa · ondulado 2 · N-S constante -3° · mono · alineadas ×1 · 6 filas · az 0°",21-dic,940,73.2097,116.6755,0.0000,17,0.000000e+0,-55,1
39,"Arequipa · ondulado 2 · N-S constante -3° · mono · alineadas ×1 · 6 filas · az 0°",21-dic,960,77.3452,124.5416,0.0000,17,0.000000e+0,-55,1
39,"Arequipa · ondulado 2 · N-S constante -3° · mono · alineadas ×1 · 6 filas · az 0°",21-dic,980,80.9293,139.9625,0.0000,17,0.000000e+0,-55,1
39,"Arequipa · ondulado 2 · N-S constante -3° · mono · alineadas ×1 · 6 filas · az 0°",21-dic,1000,83.0437,169.7235,0.0000,17,0.000000e+0,-55,1
39,"Arequipa · ondulado 2 · N-S constante -3° · mono · alineadas ×1 · 6 filas · az 0°",21-dic,1020,82.3507,206.0083,0.0000,17,0.000000e+0,-55,1
39,"Arequipa · ondulado 2 · N-S constante -3° · mono · alineadas ×1 · 6 filas · az 0°",21-dic,1040,79.3872,228.4830,0.0000,17,0.000000e+0,-55,1
39,"Arequipa · ondulado 2 · N-S constante -3° · mono · alineadas ×1 · 6 filas · az 0°",21-dic,1060,75.4845,239.6903,0.0000,17,0.000000e+0,-55,1
39,"Arequipa · ondulado 2 · N-S constante -3° · mono · alineadas ×1 · 6 filas · az 0°",21-dic,1080,71.2217,245.6266,0.0000,17,0.000000e+0,-55,1
39,"Arequipa · ondulado 2 · N-S constante -3° · mono · alineadas ×1 · 6 filas · az 0°",21-dic,1100,66.7992,249.0147,0.0000,17,0.000000e+0,-55,1
39,"Arequipa · ondulado 2 · N-S constante -3° · mono · alineadas ×1 · 6 filas · az 0°",21-dic,1120,62.2968,251.0263,0.0000,17,0.000000e+0,-55,1
39,"Arequipa · ondulado 2 · N-S constante -3° · mono · alineadas ×1 · 6 filas · az 0°",21-dic,1140,57.7514,252.2170,0.0000,17,0.000000e+0,-55,1
39,"Arequipa · ondulado 2 · N-S constante -3° · mono · alineadas ×1 · 6 filas · az 0°",21-dic,1160,53.1829,252.8767,0.0000,17,0.000000e+0,-55,1
39,"Arequipa · ondulado 2 · N-S constante -3° · mono · alineadas ×1 · 6 filas · az 0°",21-dic,1180,48.6031,253.1691,0.0000,17,0.000000e+0,-55,1
39,"Arequipa · ondulado 2 · N-S constante -3° · mono · alineadas ×1 · 6 filas · az 0°",21-dic,1200,44.0199,253.1917,0.0000,17,0.000000e+0,-3,1
39,"Arequipa · ondulado 2 · N-S constante -3° · mono · alineadas ×1 · 6 filas · az 0°",21-dic,1220,39.4393,253.0053,0.0000,17,0.000000e+0,9.5,1
39,"Arequipa · ondulado 2 · N-S constante -3° · mono · alineadas ×1 · 6 filas · az 0°",21-dic,1240,34.8660,252.6483,0.0000,17,0.000000e+0,19.5,1
39,"Arequipa · ondulado 2 · N-S constante -3° · mono · alineadas ×1 · 6 filas · az 0°",21-dic,1260,30.3044,252.1454,0.0000,17,0.000000e+0,28.5,1
39,"Arequipa · ondulado 2 · N-S constante -3° · mono · alineadas ×1 · 6 filas · az 0°",21-dic,1280,25.7587,251.5118,0.0000,17,0.000000e+0,15,1
39,"Arequipa · ondulado 2 · N-S constante -3° · mono · alineadas ×1 · 6 filas · az 0°",21-dic,1300,21.2337,250.7559,0.0000,17,0.000000e+0,-4,1
39,"Arequipa · ondulado 2 · N-S constante -3° · mono · alineadas ×1 · 6 filas · az 0°",21-dic,1320,16.7351,249.8813,0.0000,17,0.000000e+0,-25,1
39,"Arequipa · ondulado 2 · N-S constante -3° · mono · alineadas ×1 · 6 filas · az 0°",21-dic,1340,12.2712,248.8874,0.0000,17,0.000000e+0,-7.5,1
39,"Arequipa · ondulado 2 · N-S constante -3° · mono · alineadas ×1 · 6 filas · az 0°",21-dic,1360,7.8581,247.7702,0.0000,17,0.000000e+0,3,1
39,"Arequipa · ondulado 2 · N-S constante -3° · mono · alineadas ×1 · 6 filas · az 0°",21-dic,1380,3.5464,246.5223,0.0000,33,0.000000e+0,-6.5,1
