cfg,nombre,dia,minZ,elev,az,torsion_max,mv,fs_min_criba,theta_fs_min,hay_cero
0,"Arequipa · valle 1 · N-S senoidal 6° · mono · medios ×2 · 8 filas · az -20°",21-jun,700,4.7742,63.8712,6.0000,64,8.104344e-3,-4.5,0
0,"Arequipa · valle 1 · N-S senoidal 6° · mono · medios ×2 · 8 filas · az -20°",21-jun,720,8.9729,62.1856,6.0000,33,7.879623e-3,-9,0
0,"Arequipa · valle 1 · N-S senoidal 6° · mono · medios ×2 · 8 filas · az -20°",21-jun,740,13.1432,60.3097,6.0000,33,1.499884e-2,-13,0
0,"Arequipa · valle 1 · N-S senoidal 6° · mono · medios ×2 · 8 filas · az -20°",21-jun,760,17.2453,58.2184,6.0000,33,1.265701e-2,-16.5,0
0,"Arequipa · valle 1 · N-S senoidal 6° · mono · medios ×2 · 8 filas · az -20°",21-jun,780,21.2561,55.8815,6.0000,33,7.620729e-3,-22.5,0
0,"Arequipa · valle 1 · N-S senoidal 6° · mono · medios ×2 · 8 filas · az -20°",21-jun,800,25.1539,53.2637,6.0000,33,1.364395e-2,-25.5,0
0,"Arequipa · valle 1 · N-S senoidal 6° · mono · medios ×2 · 8 filas · az -20°",21-jun,820,28.9146,50.3241,6.0000,33,1.178019e-2,-32,0
0,"Arequipa · valle 1 · N-S senoidal 6° · mono · medios ×2 · 8 filas · az -20°",21-jun,840,32.5098,47.0168,6.0000,33,1.263717e-2,-35,0
0,"Arequipa · valle 1 · N-S senoidal 6° · mono · medios ×2 · 8 filas · az -20°",21-jun,860,35.9052,43.2920,6.0000,33,1.346528e-2,-40.5,0
0,"Arequipa · valle 1 · N-S senoidal 6° · mono · medios ×2 · 8 filas · az -20°",21-jun,880,39.0602,39.0991,6.0000,33,1.410948e-2,-44.5,0
0,"Arequipa · valle 1 · N-S senoidal 6° · mono · medios ×2 · 8 filas · az -20°",21-jun,900,41.9268,34.3923,6.0000,33,1.070289e-2,-48,0
0,"Arequipa · valle 1 · N-S senoidal 6° · mono · medios ×2 · 8 filas · az -20°",21-jun,920,44.4499,29.1395,6.0000,33,0.000000e+0,-55,1
0,"Arequipa · valle 1 · N-S senoidal 6° · mono · medios ×2 · 8 filas · az -20°",21-jun,940,46.5693,23.3352,6.0000,33,0.000000e+0,-55,1
0,"Arequipa · valle 1 · N-S senoidal 6° · mono · medios ×2 · 8 filas · az -20°",21-jun,960,48.2231,17.0150,6.0000,33,0.000000e+0,-55,1
0,"Arequipa · valle 1 · N-S senoidal 6° · mono · medios ×2 · 8 filas · az -20°",21-jun,980,49.3544,10.2679,6.0000,33,0.000000e+0,-55,1
0,"Arequipa · valle 1 · N-S senoidal 6° · mono · medios ×2 · 8 filas · az -20°",21-jun,1000,49.9185,3.2390,6.0000,33,0.000000e+0,-55,1
0,"Arequipa · valle 1 · N-S senoidal 6° · mono · medios ×2 · 8 filas · az -20°",21-jun,1020,49.8916,356.1171,6.0000,33,0.000000e+0,-55,1
0,"Arequipa · valle 1 · N-S senoidal 6° · mono · medios ×2 · 8 filas · az -20°",21-jun,1040,49.2748,349.1064,6.0000,33,0.000000e+0,-55,1
0,"Arequipa · valle 1 · N-S senoidal 6° · mono · medios ×2 · 8 filas · az -20°",21-jun,1060,48.0942,342.3928,6.0000,33,0.000000e+0,-55,1
0,"Arequipa · valle 1 · N-S senoidal 6° · mono · medios ×2 · 8 filas · az -20°",21-jun,1080,46.3957,336.1165,6.0000,33,0.000000e+0,-55,1
0,"Arequipa · valle 1 · N-S senoidal 6° · mono · medios ×2 · 8 filas · az -20°",21-jun,1100,44.2372,330.3613,6.0000,33,0.000000e+0,-55,1
0,"Arequipa · valle 1 · N-S senoidal 6° · mono · medios ×2 · 8 filas · az -20°",21-jun,1120,41.6806,325.1587,6.0000,33,0.000000e+0,-55,1
0,"Arequipa · valle 1 · N-S senoidal 6° · mono · medios ×2 · 8 filas · az -20°",21-jun,1140,38.7857,320.5000,6.0000,33,0.000000e+0,-55,1
0,"Arequipa · valle 1 · N-S senoidal 6° · mono · medios ×2 · 8 filas · az -20°",21-jun,1160,35.6071,316.3514,6.0000,33,0.000000e+0,15,1
0,"Arequipa · valle 1 · N-S senoidal 6° · mono · medios ×2 · 8 filas · az -20°",21-jun,1180,32.1920,312.6665,6.0000,33,0.000000e+0,40.5,1
0,"Arequipa · valle 1 · N-S senoidal 6° · mono · medios ×2 · 8 filas · az -20°",21-jun,1200,28.5805,309.3944,6.0000,33,1.202296e-2,44.5,0
0,"Arequipa · valle 1 · N-S senoidal 6° · mono · medios ×2 · 8 filas · az -20°",21-jun,1220,24.8063,306.4858,6.0000,33,2.115285e-2,40,0
0,"Arequipa · valle 1 · N-S senoidal 6° · mono · medios ×2 · 8 filas · az -20°",21-jun,1240,20.8973,303.8950,6.0000,33,2.084903e-2,33,0
0,"Arequipa · valle 1 · N-S senoidal 6° · mono · medios ×2 · 8 filas · az -20°",21-jun,1260,16.8774,301.5817,6.0000,33,2.213029e-2,25.5,0
0,"Arequipa · valle 1 · N-S senoidal 6° · mono · medios ×2 · 8 filas · az -20°",21-jun,1280,12.7680,299.5110,6.0000,33,4.082092e-2,21,0
0,"Arequipa · valle 1 · N-S senoidal 6° · mono · medios ×2 · 8 filas · az -20°",21-jun,1300,8.5930,297.6533,6.0000,33,4.796708e-2,10,0
0,"Arequipa · valle 1 · N-S senoidal 6° · mono · medios ×2 · 8 filas · az -20°",21-jun,1320,4.3962,295.9837,6.0000,64,4.228583e-2,3,0
0,"Arequipa · valle 1 · N-S senoidal 6° · mono · medios ×2 · 8 filas · az -20°",21-mar,680,6.1794,87.8345,6.0000,33,2.180786e-2,-5,0
0,"Arequipa · valle 1 · N-S senoidal 6° · mono · medios ×2 · 8 filas · az -20°",21-mar,700,10.9081,86.3640,6.0000,33,1.185770e-2,-11,0
0,"Arequipa · valle 1 · N-S senoidal 6° · mono · medios ×2 · 8 filas · az -20°",21-mar,720,15.6602,84.8431,6.0000,33,1.766283e-2,-14.5,0
0,"Arequipa · valle 1 · N-S senoidal 6° · mono · medios ×2 · 8 filas · az -20°",21-mar,740,20.4114,83.2469,6.0000,33,1.229638e-2,-20.5,0
0,"Arequipa · valle 1 · N-S senoidal 6° · mono · medios ×2 · 8 filas · az -20°",21-mar,760,25.1514,81.5460,6.0000,33,6.749410e-3,-25,0
0,"Arequipa · valle 1 · N-S senoidal 6° · mono · medios ×2 · 8 filas · az -20°",21-mar,780,29.8721,79.7046,6.0000,33,8.005111e-3,-30,0
0,"Arequipa · valle 1 · N-S senoidal 6° · mono · medios ×2 · 8 filas · az -20°",21-mar,800,34.5652,77.6773,6.0000,33,2.808896e-3,-34.5,0
0,"Arequipa · valle 1 · N-S senoidal 6° · mono · medios ×2 · 8 filas · az -20°",21-mar,820,39.2209,75.4045,6.0000,33,1.323236e-2,-39.5,0
0,"Arequipa · valle 1 · N-S senoidal 6° · mono · medios ×2 · 8 filas · az -20°",21-mar,840,43.8256,72.8064,6.0000,33,0.000000e+0,-44,1
0,"Arequipa · valle 1 · N-S senoidal 6° · mono · medios ×2 · 8 filas · az -20°",21-mar,860,48.3608,69.7727,6.0000,33,1.294420e-3,-48.5,0
0,"Arequipa · valle 1 · N-S senoidal 6° · mono · medios ×2 · 8 filas · az -20°",21-mar,880,52.7997,66.1475,6.0000,33,0.000000e+0,-55,1
0,"Arequipa · valle 1 · N-S senoidal 6° · mono · medios ×2 · 8 filas · az -20°",21-mar,900,57.1020,61.7065,6.0000,33,0.000000e+0,-55,1
0,"Arequipa · valle 1 · N-S senoidal 6° · mono · medios ×2 · 8 filas · az -20°",21-mar,920,61.2050,56.1234,6.0000,33,0.000000e+0,-55,1
0,"Arequipa · valle 1 · N-S senoidal 6° · mono · medios ×2 · 8 filas · az -20°",21-mar,940,65.0093,48.9323,6.0000,33,0.000000e+0,-55,1
0,"Arequipa · valle 1 · N-S senoidal 6° · mono · medios ×2 · 8 filas · az -20°",21-mar,960,68.3560,39.5174,6.0000,33,0.000000e+0,-55,1
0,"Arequipa · valle 1 · N-S senoidal 6° · mono · medios ×2 · 8 filas · az -20°",21-mar,980,71.0006,27.2555,6.0000,33,0.000000e+0,-55,1
0,"Arequipa · valle 1 · N-S senoidal 6° · mono · medios ×2 · 8 filas · az -20°",21-mar,1000,72.6192,12.0480,6.0000,33,0.000000e+0,-55,1
0,"Arequipa · valle 1 · N-S senoidal 6° · mono · medios ×2 · 8 filas · az -20°",21-mar,1020,72.9172,355.1449,6.0000,33,0.000000e+0,-55,1
0,"Arequipa · valle 1 · N-S senoidal 6° · mono · medios ×2 · 8 filas · az -20°",21-mar,1040,71.8293,338.9743,6.0000,33,0.000000e+0,-55,1
0,"Arequipa · valle 1 · N-S senoidal 6° · mono · medios ×2 · 8 filas · az -20°",21-mar,1060,69.5760,325.4193,6.0000,33,0.000000e+0,-55,1
0,"Arequipa · valle 1 · N-S senoidal 6° · mono · medios ×2 · 8 filas · az -20°",21-mar,1080,66.4904,314.8661,6.0000,33,0.000000e+0,-55,1
0,"Arequipa · valle 1 · N-S senoidal 6° · mono · medios ×2 · 8 filas · az -20°",21-mar,1100,62.8553,306.8185,6.0000,33,0.000000e+0,-55,1
0,"Arequipa · valle 1 · N-S senoidal 6° · mono · medios ×2 · 8 filas · az -20°",21-mar,1120,58.8631,300.6237,6.0000,33,0.000000e+0,-55,1
0,"Arequipa · valle 1 · N-S senoidal 6° · mono · medios ×2 · 8 filas · az -20°",21-mar,1140,54.6351,295.7491,6.0000,33,0.000000e+0,-55,1
0,"Arequipa · valle 1 · N-S senoidal 6° · mono · medios ×2 · 8 filas · az -20°",21-mar,1160,50.2473,291.8140,6.0000,33,0.000000e+0,25.5,1
0,"Arequipa · valle 1 · N-S senoidal 6° · mono · medios ×2 · 8 filas · az -20°",21-mar,1180,45.7481,288.5555,6.0000,33,0.000000e+0,43.5,1
0,"Arequipa · valle 1 · N-S senoidal 6° · mono · medios ×2 · 8 filas · az -20°",21-mar,1200,41.1691,285.7922,6.0000,33,1.173776e-2,45.5,0
0,"Arequipa · valle 1 · N-S senoidal 6° · mono · medios ×2 · 8 filas · az -20°",21-mar,1220,36.5321,283.3969,6.0000,33,1.308465e-2,41.5,0
0,"Arequipa · valle 1 · N-S senoidal 6° · mono · medios ×2 · 8 filas · az -20°",21-mar,1240,31.8523,281.2784,6.0000,33,1.263248e-2,35,0
0,"Arequipa · valle 1 · N-S senoidal 6° · mono · medios ×2 · 8 filas · az -20°",21-mar,1260,27.1408,279.3695,6.0000,33,1.362300e-2,29,0
0,"Arequipa · valle 1 · N-S senoidal 6° · mono · medios ×2 · 8 filas · az -20°",21-mar,1280,22.4065,277.6197,6.0000,33,9.855501e-3,24.5,0
0,"Arequipa · valle 1 · N-S senoidal 6° · mono · medios ×2 · 8 filas · az -20°",21-mar,1300,17.6572,275.9894,6.0000,33,2.084619e-2,17.5,0
0,"Arequipa · valle 1 · N-S senoidal 6° · mono · medios ×2 · 8 filas · az -20°",21-mar,1320,12.9018,274.4469,6.0000,33,1.611285e-2,13,0
0,"Arequipa · valle 1 · N-S senoidal 6° · mono · medios ×2 · 8 filas · az -20°",21-mar,1340,8.1561,272.9659,6.0000,33,1.914381e-2,7.5,0
0,"Arequipa · valle 1 · N-S senoidal 6° · mono · medios ×2 · 8 filas · az -20°",21-mar,1360,3.4752,271.5234,6.0000,64,2.029994e-2,2.5,0
0,"Arequipa · valle 1 · N-S senoidal 6° · mono · medios ×2 · 8 filas · az -20°",21-dic,640,5.5090,112.8863,6.0000,64,3.913313e-2,-2.5,0
0,"Arequipa · valle 1 · N-S senoidal 6° · mono · medios ×2 · 8 filas · az -20°",21-dic,660,9.8795,111.6997,6.0000,33,3.263978e-2,-9.5,0
0,"Arequipa · valle 1 · N-S senoidal 6° · mono · medios ×2 · 8 filas · az -20°",21-dic,680,14.3190,110.6399,6.0000,33,2.932207e-2,-23,0
0,"Arequipa · valle 1 · N-S senoidal 6° · mono · medios ×2 · 8 filas · az -20°",21-dic,700,18.8002,109.7012,6.0000,33,1.459436e-2,-24,0
0,"Arequipa · valle 1 · N-S senoidal 6° · mono · medios ×2 · 8 filas · az -20°",21-dic,720,23.3118,108.8811,6.0000,33,1.276960e-2,-29,0
0,"Arequipa · valle 1 · N-S senoidal 6° · mono · medios ×2 · 8 filas · az -20°",21-dic,740,27.8469,108.1807,6.0000,33,1.493321e-2,-33.5,0
0,"Arequipa · valle 1 · N-S senoidal 6° · mono · medios ×2 · 8 filas · az -20°",21-dic,760,32.4005,107.6058,6.0000,33,1.102022e-2,-38.5,0
0,"Arequipa · valle 1 · N-S senoidal 6° · mono · medios ×2 · 8 filas · az -20°",21-dic,780,36.9680,107.1676,6.0000,33,1.420739e-2,-42.5,0
0,"Arequipa · valle 1 · N-S senoidal 6° · mono · medios ×2 · 8 filas · az -20°",21-dic,800,41.5453,106.8854,6.0000,33,1.048009e-2,-48,0
0,"Arequipa · valle 1 · N-S senoidal 6° · mono · medios ×2 · 8 filas · az -20°",21-dic,820,46.1277,106.7892,6.0000,33,0.000000e+0,-55,1
0,"Arequipa · valle 1 · N-S senoidal 6° · mono · medios ×2 · 8 filas · az -20°",21-dic,840,50.7102,106.9266,6.0000,33,0.000000e+0,-55,1
0,"Arequipa · valle 1 · N-S senoidal 6° · mono · medios ×2 · 8 filas · az -20°",21-dic,860,55.2860,107.3727,6.0000,33,0.000000e+0,-55,1
0,"Arequipa · valle 1 · N-S senoidal 6° · mono · medios ×2 · 8 filas · az -20°",21-dic,880,59.8457,108.2507,6.0000,33,0.000000e+0,-55,1
0,"Arequipa · valle 1 · N-S senoidal 6° · mono · medios ×2 · 8 filas · az -20°",21-dic,900,64.3745,109.7715,6.0000,33,0.000000e+0,-55,1
0,"Arequipa · valle 1 · N-S senoidal 6° · mono · medios ×2 · 8 filas · az -20°",21-dic,920,68.8464,112.3221,6.0000,33,0.000000e+0,-55,1
0,"Arequipa · valle 1 · N-S senoidal 6° · mono · medios ×2 · 8 filas · az -20°",21-dic,940,73.2097,116.6755,6.0000,33,0.000000e+0,-55,1
0,"Arequipa · valle 1 · N-S senoidal 6° · mono · medios ×2 · 8 filas · az -20°",21-dic,960,77.3452,124.5416,6.0000,33,0.000000e+0,-55,1
0,"Arequipa · valle 1 · N-S senoidal 6° · mono · medios ×2 · 8 filas · az -20°",21-dic,980,80.9293,139.9625,6.0000,33,0.000000e+0,-55,1
0,"Arequipa · valle 1 · N-S senoidal 6° · mono · medios ×2 · 8 filas · az -20°",21-dic,1000,83.0437,169.7235,6.0000,33,0.000000e+0,-55,1
0,"Arequipa · valle 1 · N-S senoidal 6° · mono · medios ×2 · 8 filas · az -20°",21-dic,1020,82.3507,206.0083,6.0000,33,0.000000e+0,-55,1
0,"Arequipa · valle 1 · N-S senoidal 6° · mono · medios ×2 · 8 filas · az -20°",21-dic,1040,79.3872,228.4830,6.0000,33,0.000000e+0,-55,1
0,"Arequipa · valle 1 · N-S senoidal 6° · mono · medios ×2 · 8 filas · az -20°",21-dic,1060,75.4845,239.6903,6.0000,33,0.000000e+0,-55,1
0,"Arequipa · valle 1 · N-S senoidal 6° · mono · medios ×2 · 8 filas · az -20°",21-dic,1080,71.2217,245.6266,6.0000,33,0.000000e+0,-55,1
0,"Arequipa · valle 1 · N-S senoidal 6° · mono · medios ×2 · 8 filas · az -20°",21-dic,1100,66.7992,249.0147,6.0000,33,0.000000e+0,-55,1
0,"Arequipa · valle 1 · N-S senoidal 6° · mono · medios ×2 · 8 filas · az -20°",21-dic,1120,62.2968,251.0263,6.0000,33,0.000000e+0,4.5,1
0,"Arequipa · valle 1 · N-S senoidal 6° · mono · medios ×2 · 8 filas · az -20°",21-dic,1140,57.7514,252.2170,6.0000,33,0.000000e+0,25.5,1
0,"Arequipa · valle 1 · N-S senoidal 6° · mono · medios ×2 · 8 filas · az -20°",21-dic,1160,53.1829,252.8767,6.0000,33,0.000000e+0,40.5,1
0,"Arequipa · valle 1 · N-S senoidal 6° · mono · medios ×2 · 8 filas · az -20°",21-dic,1180,48.6031,253.1691,6.0000,33,0.000000e+0,48.5,1
0,"Arequipa · valle 1 · N-S senoidal 6° · mono · medios ×2 · 8 filas · az -20°",21-dic,1200,44.0199,253.1917,6.0000,33,0.000000e+0,44,1
0,"Arequipa · valle 1 · N-S senoidal 6° · mono · medios ×2 · 8 filas · az -20°",21-dic,1220,39.4393,253.0053,6.0000,33,2.898890e-3,39.5,0
0,"Arequipa · valle 1 · N-S senoidal 6° · mono · medios ×2 · 8 filas · az -20°",21-dic,1240,34.8660,252.6483,6.0000,33,1.103880e-2,34.5,0
0,"Arequipa · valle 1 · N-S senoidal 6° · mono · medios ×2 · 8 filas · az -20°",21-dic,1260,30.3044,252.1454,6.0000,33,6.540405e-3,30.5,0
0,"Arequipa · valle 1 · N-S senoidal 6° · mono · medios ×2 · 8 filas · az -20°",21-dic,1280,25.7587,251.5118,6.0000,33,4.761788e-4,25.5,0
0,"Arequipa · valle 1 · N-S senoidal 6° · mono · medios ×2 · 8 filas · az -20°",21-dic,1300,21.2337,250.7559,6.0000,33,4.241479e-3,21,0
0,"Arequipa · valle 1 · N-S senoidal 6° · mono · medios ×2 · 8 filas · az -20°",21-dic,1320,16.7351,249.8813,6.0000,33,1.056628e-2,16.5,0
0,"Arequipa · valle 1 · N-S senoidal 6° · mono · medios ×2 · 8 filas · az -20°",21-dic,1340,12.2712,248.8874,6.0000,33,3.816135e-3,12.5,0
0,"Arequipa · valle 1 · N-S senoidal 6° · mono · medios ×2 · 8 filas · az -20°",21-dic,1360,7.8581,247.7702,6.0000,33,1.018038e-2,8,0
0,"Arequipa · valle 1 · N-S senoidal 6° · mono · medios ×2 · 8 filas · az -20°",21-dic,1380,3.5464,246.5223,6.0000,64,0.000000e+0,3.5,1
1,"Zaragoza · ondulado 1.2 · N-S constante 3° · mono · tresbolillo ×1 · 8 filas · az 15°",21-jun,300,4.3153,62.0288,0.0000,33,0.000000e+0,-8,1
1,"Zaragoza · ondulado 1.2 · N-S constante 3° · mono · tresbolillo ×1 · 8 filas · az 15°",21-jun,320,7.5953,65.1785,0.0000,17,0.000000e+0,-17,1
1,"Zaragoza · ondulado 1.2 · N-S constante 3° · mono · tresbolillo ×1 · 8 filas · az 15°",21-jun,340,10.9965,68.2578,0.0000,17,0.000000e+0,-11.5,1
1,"Zaragoza · ondulado 1.2 · N-S constante 3° · mono · tresbolillo ×1 · 8 filas · az 15°",21-jun,360,14.4858,71.2858,0.0000,17,0.000000e+0,-25.5,1
1,"Zaragoza · ondulado 1.2 · N-S constante 3° · mono · tresbolillo ×1 · 8 filas · az 15°",21-jun,380,18.0452,74.2827,0.0000,17,0.000000e+0,-39.5,1
1,"Zaragoza · ondulado 1.2 · N-S constante 3° · mono · tresbolillo ×1 · 8 filas · az 15°",21-jun,400,21.6612,77.2704,0.0000,17,0.000000e+0,-53.5,1
1,"Zaragoza · ondulado 1.2 · N-S constante 3° · mono · tresbolillo ×1 · 8 filas · az 15°",21-jun,420,25.3226,80.2731,0.0000,17,0.000000e+0,-55,1
1,"Zaragoza · ondulado 1.2 · N-S constante 3° · mono · tresbolillo ×1 · 8 filas · az 15°",21-jun,440,29.0187,83.3183,0.0000,17,0.000000e+0,-55,1
1,"Zaragoza · ondulado 1.2 · N-S constante 3° · mono · tresbolillo ×1 · 8 filas · az 15°",21-jun,460,32.7391,86.4376,0.0000,17,0.000000e+0,-55,1
1,"Zaragoza · ondulado 1.2 · N-S constante 3° · mono · tresbolillo ×1 · 8 filas · az 15°",21-jun,480,36.4729,89.6687,0.0000,17,0.000000e+0,-55,1
1,"Zaragoza · ondulado 1.2 · N-S constante 3° · mono · tresbolillo ×1 · 8 filas · az 15°",21-jun,500,40.2084,93.0578,0.0000,17,0.000000e+0,-55,1
1,"Zaragoza · ondulado 1.2 · N-S constante 3° · mono · tresbolillo ×1 · 8 filas · az 15°",21-jun,520,43.9319,96.6624,0.0000,17,0.000000e+0,-55,1
1,"Zaragoza · ondulado 1.2 · N-S constante 3° · mono · tresbolillo ×1 · 8 filas · az 15°",21-jun,540,47.6271,100.5563,0.0000,17,0.000000e+0,-55,1
1,"Zaragoza · ondulado 1.2 · N-S constante 3° · mono · tresbolillo ×1 · 8 filas · az 15°",21-jun,560,51.2734,104.8355,0.0000,17,0.000000e+0,-55,1
1,"Zaragoza · ondulado 1.2 · N-S constante 3° · mono · tresbolillo ×1 · 8 filas · az 15°",21-jun,580,54.8437,109.6272,0.0000,17,0.000000e+0,-55,1
1,"Zaragoza · ondulado 1.2 · N-S constante 3° · mono · tresbolillo ×1 · 8 filas · az 15°",21-jun,600,58.3011,115.1015,0.0000,17,0.000000e+0,-55,1
1,"Zaragoza · ondulado 1.2 · N-S constante 3° · mono · tresbolillo ×1 · 8 filas · az 15°",21-jun,620,61.5938,121.4838,0.0000,17,0.000000e+0,-55,1
1,"Zaragoza · ondulado 1.2 · N-S constante 3° · mono · tresbolillo ×1 · 8 filas · az 15°",21-jun,640,64.6480,129.0638,0.0000,17,0.000000e+0,-55,1
1,"Zaragoza · ondulado 1.2 · N-S constante 3° · mono · tresbolillo ×1 · 8 filas · az 15°",21-jun,660,67.3579,138.1801,0.0000,17,0.000000e+0,-55,1
1,"Zaragoza · ondulado 1.2 · N-S constante 3° · mono · tresbolillo ×1 · 8 filas · az 15°",21-jun,680,69.5784,149.1387,0.0000,17,0.000000e+0,-55,1
1,"Zaragoza · ondulado 1.2 · N-S constante 3° · mono · tresbolillo ×1 · 8 filas · az 15°",21-jun,700,71.1301,162.0059,0.0000,17,0.000000e+0,-55,1
1,"Zaragoza · ondulado 1.2 · N-S constante 3° · mono · tresbolillo ×1 · 8 filas · az 15°",21-jun,720,71.8368,176.3074,0.0000,17,0.000000e+0,-55,1
1,"Zaragoza · ondulado 1.2 · N-S constante 3° · mono · tresbolillo ×1 · 8 filas · az 15°",21-jun,740,71.5993,190.9409,0.0000,17,0.000000e+0,-55,1
1,"Zaragoza · ondulado 1.2 · N-S constante 3° · mono · tresbolillo ×1 · 8 filas · az 15°",21-jun,760,70.4524,204.6300,0.0000,17,0.000000e+0,-55,1
1,"Zaragoza · ondulado 1.2 · N-S constante 3° · mono · tresbolillo ×1 · 8 filas · az 15°",21-jun,780,68.5438,216.5649,0.0000,17,0.000000e+0,-55,1
1,"Zaragoza · ondulado 1.2 · N-S constante 3° · mono · tresbolillo ×1 · 8 filas · az 15°",21-jun,800,66.0587,226.5756,0.0000,17,0.000000e+0,-55,1
1,"Zaragoza · ondulado 1.2 · N-S constante 3° · mono · tresbolillo ×1 · 8 filas · az 15°",21-jun,820,63.1617,234.8830,0.0000,17,0.000000e+0,-55,1
1,"Zaragoza · ondulado 1.2 · N-S constante 3° · mono · tresbolillo ×1 · 8 filas · az 15°",21-jun,840,59.9777,241.8261,0.0000,17,0.000000e+0,-55,1
1,"Zaragoza · ondulado 1.2 · N-S constante 3° · mono · tresbolillo ×1 · 8 filas · az 15°",21-jun,860,56.5952,247.7238,0.0000,17,0.000000e+0,-55,1
1,"Zaragoza · ondulado 1.2 · N-S constante 3° · mono · tresbolillo ×1 · 8 filas · az 15°",21-jun,880,53.0761,252.8336,0.0000,17,0.000000e+0,-55,1
1,"Zaragoza · ondulado 1.2 · N-S constante 3° · mono · tresbolillo ×1 · 8 filas · az 15°",21-jun,900,49.4641,257.3516,0.0000,17,0.000000e+0,-55,1
1,"Zaragoza · ondulado 1.2 · N-S constante 3° · mono · tresbolillo ×1 · 8 filas · az 15°",21-jun,920,45.7905,261.4251,0.0000,17,0.000000e+0,-55,1
1,"Zaragoza · ondulado 1.2 · N-S constante 3° · mono · tresbolillo ×1 · 8 filas · az 15°",21-jun,940,42.0789,265.1644,0.0000,17,0.000000e+0,-55,1
1,"Zaragoza · ondulado 1.2 · N-S constante 3° · mono · tresbolillo ×1 · 8 filas · az 15°",21-jun,960,38.3476,268.6535,0.0000,17,0.000000e+0,-55,1
1,"Zaragoza · ondulado 1.2 · N-S constante 3° · mono · tresbolillo ×1 · 8 filas · az 15°",21-jun,980,34.6113,271.9575,0.0000,17,0.000000e+0,-55,1
1,"Zaragoza · ondulado 1.2 · N-S constante 3° · mono · tresbolillo ×1 · 8 filas · az 15°",21-jun,1000,30.8827,275.1277,0.0000,17,0.000000e+0,-31.5,1
1,"Zaragoza · ondulado 1.2 · N-S constante 3° · mono · tresbolillo ×1 · 8 filas · az 15°",21-jun,1020,27.1731,278.2058,0.0000,17,0.000000e+0,-18.5,1
1,"Zaragoza · ondulado 1.2 · N-S constante 3° · mono · tresbolillo ×1 · 8 filas · az 15°",21-jun,1040,23.4930,281.2261,0.0000,17,0.000000e+0,-9.5,1
1,"Zaragoza · ondulado 1.2 · N-S constante 3° · mono · tresbolillo ×1 · 8 filas · az 15°",21-jun,1060,19.8529,284.2181,0.0000,17,0.000000e+0,-2.5,1
1,"Zaragoza · ondulado 1.2 · N-S constante 3° · mono · tresbolillo ×1 · 8 filas · az 15°",21-jun,1080,16.2635,287.2075,0.0000,17,0.000000e+0,4,1
1,"Zaragoza · ondulado 1.2 · N-S constante 3° · mono · tresbolillo ×1 · 8 filas · az 15°",21-jun,1100,12.7372,290.2173,0.0000,17,0.000000e+0,9.5,1
1,"Zaragoza · ondulado 1.2 · N-S constante 3° · mono · tresbolillo ×1 · 8 filas · az 15°",21-jun,1120,9.2889,293.2684,0.0000,17,0.000000e+0,3,1
1,"Zaragoza · ondulado 1.2 · N-S constante 3° · mono · tresbolillo ×1 · 8 filas · az 15°",21-jun,1140,5.9421,296.3805,0.0000,33,0.000000e+0,-7,1
1,"Zaragoza · ondulado 1.2 · N-S constante 3° · mono · tresbolillo ×1 · 8 filas · az 15°",21-jun,1160,2.7509,299.5720,0.0000,33,0.000000e+0,-0.5,1
1,"Zaragoza · ondulado 1.2 · N-S constante 3° · mono · tresbolillo ×1 · 8 filas · az 15°",21-mar,380,2.2529,91.3999,0.0000,33,0.000000e+0,-9.5,1
1,"Zaragoza · ondulado 1.2 · N-S constante 3° · mono · tresbolillo ×1 · 8 filas · az 15°",21-mar,400,5.8504,94.7292,0.0000,33,0.000000e+0,-17.5,1
1,"Zaragoza · ondulado 1.2 · N-S constante 3° · mono · tresbolillo ×1 · 8 filas · az 15°",21-mar,420,9.5200,98.1006,0.0000,17,0.000000e+0,-14.5,1
1,"Zaragoza · ondulado 1.2 · N-S constante 3° · mono · tresbolillo ×1 · 8 filas · az 15°",21-mar,440,13.1842,101.5436,0.0000,17,0.000000e+0,-17,1
1,"Zaragoza · ondulado 1.2 · N-S constante 3° · mono · tresbolillo ×1 · 8 filas · az 15°",21-mar,460,16.8132,105.0894,0.0000,17,0.000000e+0,-31,1
1,"Zaragoza · ondulado 1.2 · N-S constante 3° · mono · tresbolillo ×1 · 8 filas · az 15°",21-mar,480,20.3859,108.7709,0.0000,17,0.000000e+0,-45,1
1,"Zaragoza · ondulado 1.2 · N-S constante 3° · mono · tresbolillo ×1 · 8 filas · az 15°",21-mar,500,23.8823,112.6235,0.0000,17,0.000000e+0,-55,1
1,"Zaragoza · ondulado 1.2 · N-S constante 3° · mono · tresbolillo ×1 · 8 filas · az 15°",21-mar,520,27.2812,116.6855,0.0000,17,0.000000e+0,-55,1
1,"Zaragoza · ondulado 1.2 · N-S constante 3° · mono · tresbolillo ×1 · 8 filas · az 15°",21-mar,540,30.5584,120.9974,0.0000,17,0.000000e+0,-55,1
1,"Zaragoza · ondulado 1.2 · N-S constante 3° · mono · tresbolillo ×1 · 8 filas · az 15°",21-mar,560,33.6866,125.6019,0.0000,17,0.000000e+0,-55,1
1,"Zaragoza · ondulado 1.2 · N-S constante 3° · mono · tresbolillo ×1 · 8 filas · az 15°",21-mar,580,36.6339,130.5419,0.0000,17,0.000000e+0,-55,1
1,"Zaragoza · ondulado 1.2 · N-S constante 3° · mono · tresbolillo ×1 · 8 filas · az 15°",21-mar,600,39.3642,135.8579,0.0000,17,0.000000e+0,-55,1
1,"Zaragoza · ondulado 1.2 · N-S constante 3° · mono · tresbolillo ×1 · 8 filas · az 15°",21-mar,620,41.8362,141.5831,0.0000,17,0.000000e+0,-55,1
1,"Zaragoza · ondulado 1.2 · N-S constante 3° · mono · tresbolillo ×1 · 8 filas · az 15°",21-mar,640,44.0046,147.7369,0.0000,17,0.000000e+0,-55,1
1,"Zaragoza · ondulado 1.2 · N-S constante 3° · mono · tresbolillo ×1 · 8 filas · az 15°",21-mar,660,45.8219,154.3164,0.0000,17,0.000000e+0,-55,1
1,"Zaragoza · ondulado 1.2 · N-S constante 3° · mono · tresbolillo ×1 · 8 filas · az 15°",21-mar,680,47.2408,161.2877,0.0000,17,0.000000e+0,-55,1
1,"Zaragoza · ondulado 1.2 · N-S constante 3° · mono · tresbolillo ×1 · 8 filas · az 15°",21-mar,700,48.2189,168.5799,0.0000,17,0.000000e+0,-55,1
1,"Zaragoza · ondulado 1.2 · N-S constante 3° · mono · tresbolillo ×1 · 8 filas · az 15°",21-mar,720,48.7237,176.0853,0.0000,17,0.000000e+0,-55,1
1,"Zaragoza · ondulado 1.2 · N-S constante 3° · mono · tresbolillo ×1 · 8 filas · az 15°",21-mar,740,48.7373,183.6681,0.0000,17,0.000000e+0,-55,1
1,"Zaragoza · ondulado 1.2 · N-S constante 3° · mono · tresbolillo ×1 · 8 filas · az 15°",21-mar,760,48.2591,191.1814,0.0000,17,0.000000e+0,-55,1
1,"Zaragoza · ondulado 1.2 · N-S constante 3° · mono · tresbolillo ×1 · 8 filas · az 15°",21-mar,780,47.3064,198.4885,0.0000,17,0.000000e+0,-55,1
1,"Zaragoza · ondulado 1.2 · N-S constante 3° · mono · tresbolillo ×1 · 8 filas · az 15°",21-mar,800,45.9109,205.4797,0.0000,17,0.000000e+0,-55,1
1,"Zaragoza · ondulado 1.2 · N-S constante 3° · mono · tresbolillo ×1 · 8 filas · az 15°",21-mar,820,44.1149,212.0823,0.0000,17,0.000000e+0,-55,1
1,"Zaragoza · ondulado 1.2 · N-S constante 3° · mono · tresbolillo ×1 · 8 filas · az 15°",21-mar,840,41.9653,218.2604,0.0000,17,0.000000e+0,-55,1
1,"Zaragoza · ondulado 1.2 · N-S constante 3° · mono · tresbolillo ×1 · 8 filas · az 15°",21-mar,860,39.5099,224.0098,0.0000,17,0.000000e+0,-55,1
1,"Zaragoza · ondulado 1.2 · N-S constante 3° · mono · tresbolillo ×1 · 8 filas · az 15°",21-mar,880,36.7942,229.3489,0.0000,17,0.000000e+0,-55,1
1,"Zaragoza · ondulado 1.2 · N-S constante 3° · mono · tresbolillo ×1 · 8 filas · az 15°",21-mar,900,33.8596,234.3105,0.0000,17,0.000000e+0,-55,1
1,"Zaragoza · ondulado 1.2 · N-S constante 3° · mono · tresbolillo ×1 · 8 filas · az 15°",21-mar,920,30.7428,238.9347,0.0000,17,0.000000e+0,-55,1
1,"Zaragoza · ondulado 1.2 · N-S constante 3° · mono · tresbolillo ×1 · 8 filas · az 15°",21-mar,940,27.4756,243.2645,0.0000,17,0.000000e+0,-55,1
1,"Zaragoza · ondulado 1.2 · N-S constante 3° · mono · tresbolillo ×1 · 8 filas · az 15°",21-mar,960,24.0859,247.3426,0.0000,17,0.000000e+0,-29.5,1
1,"Zaragoza · ondulado 1.2 · N-S constante 3° · mono · tresbolillo ×1 · 8 filas · az 15°",21-mar,980,20.5978,251.2099,0.0000,17,0.000000e+0,-14.5,1
1,"Zaragoza · ondulado 1.2 · N-S constante 3° · mono · tresbolillo ×1 · 8 filas · az 15°",21-mar,1000,17.0327,254.9045,0.0000,17,0.000000e+0,-4.5,1
1,"Zaragoza · ondulado 1.2 · N-S constante 3° · mono · tresbolillo ×1 · 8 filas · az 15°",21-mar,1020,13.4108,258.4622,0.0000,17,0.000000e+0,3.5,1
1,"Zaragoza · ondulado 1.2 · N-S constante 3° · mono · tresbolillo ×1 · 8 filas · az 15°",21-mar,1040,9.7530,261.9160,0.0000,17,0.000000e+0,11,1
1,"Zaragoza · ondulado 1.2 · N-S constante 3° · mono · tresbolillo ×1 · 8 filas · az 15°",21-mar,1060,6.0879,265.2972,0.0000,17,0.000000e+0,-2,1
1,"Zaragoza · ondulado 1.2 · N-S constante 3° · mono · tresbolillo ×1 · 8 filas · az 15°",21-mar,1080,2.4866,268.6354,0.0000,33,0.000000e+0,1,1
1,"Zaragoza · ondulado 1.2 · N-S constante 3° · mono · tresbolillo ×1 · 8 filas · az 15°",21-dic,480,4.5444,126.9401,0.0000,33,0.000000e+0,-19.5,1
1,"Zaragoza · ondulado 1.2 · N-S constante 3° · mono · tresbolillo ×1 · 8 filas · az 15°",21-dic,500,7.4023,130.4970,0.0000,17,0.000000e+0,-14,1
1,"Zaragoza · ondulado 1.2 · N-S constante 3° · mono · tresbolillo ×1 · 8 filas · az 15°",21-dic,520,10.1358,134.1991,0.0000,17,0.000000e+0,-17.5,1
1,"Zaragoza · ondulado 1.2 · N-S constante 3° · mono · tresbolillo ×1 · 8 filas · az 15°",21-dic,540,12.7098,138.0581,0.0000,17,0.000000e+0,-31,1
1,"Zaragoza · ondulado 1.2 · N-S constante 3° · mono · tresbolillo ×1 · 8 filas · az 15°",21-dic,560,15.0987,142.0828,0.0000,17,0.000000e+0,-45,1
1,"Zaragoza · ondulado 1.2 · N-S constante 3° · mono · tresbolillo ×1 · 8 filas · az 15°",21-dic,580,17.2795,146.2782,0.0000,17,0.000000e+0,-55,1
1,"Zaragoza · ondulado 1.2 · N-S constante 3° · mono · tresbolillo ×1 · 8 filas · az 15°",21-dic,600,19.2301,150.6447,0.0000,17,0.000000e+0,-55,1
1,"Zaragoza · ondulado 1.2 · N-S constante 3° · mono · tresbolillo ×1 · 8 filas · az 15°",21-dic,620,20.9291,155.1771,0.0000,17,0.000000e+0,-55,1
1,"Zaragoza · ondulado 1.2 · N-S constante 3° · mono · tresbolillo ×1 · 8 filas · az 15°",21-dic,640,22.3561,159.8636,0.0000,17,0.000000e+0,-55,1
1,"Zaragoza · ondulado 1.2 · N-S constante 3° · mono · tresbolillo ×1 · 8 filas · az 15°",21-dic,660,23.4927,164.6856,0.0000,17,0.000000e+0,-55,1
1,"Zaragoza · ondulado 1.2 · N-S constante 3° · mono · tresbolillo ×1 · 8 filas · az 15°",21-dic,680,24.3230,169.6174,0.0000,17,0.000000e+0,-55,1
1,"Zaragoza · ondulado 1.2 · N-S constante 3° · mono · tresbolillo ×1 · 8 filas · az 15°",21-dic,700,24.8347,174.6273,0.0000,17,0.000000e+0,-55,1
1,"Zaragoza · ondulado 1.2 · N-S constante 3° · mono · tresbolillo ×1 · 8 filas · az 15°",21-dic,720,25.0202,179.6788,0.0000,17,0.000000e+0,-55,1
1,"Zaragoza · ondulado 1.2 · N-S constante 3° · mono · tresbolillo ×1 · 8 filas · az 15°",21-dic,740,24.8764,184.7327,0.0000,17,0.000000e+0,-55,1
1,"Zaragoza · ondulado 1.2 · N-S constante 3° · mono · tresbolillo ×1 · 8 filas · az 15°",21-dic,760,24.4057,189.7500,0.0000,17,0.000000e+0,-55,1
1,"Zaragoza · ondulado 1.2 · N-S constante 3° · mono · tresbolillo ×1 · 8 filas · az 15°",21-dic,780,23.6152,194.6936,0.0000,17,0.000000e+0,-55,1
1,"Zaragoza · ondulado 1.2 · N-S constante 3° · mono · tresbolillo ×1 · 8 filas · az 15°",21-dic,800,22.5166,199.5310,0.0000,17,0.000000e+0,-55,1
1,"Zaragoza · ondulado 1.2 · N-S constante 3° · mono · tresbolillo ×1 · 8 filas · az 15°",21-dic,820,21.1254,204.2358,0.0000,17,0.000000e+0,-55,1
1,"Zaragoza · ondulado 1.2 · N-S constante 3° · mono · tresbolillo ×1 · 8 filas · az 15°",21-dic,840,19.4598,208.7885,0.0000,17,0.000000e+0,-55,1
1,"Zaragoza · ondulado 1.2 · N-S constante 3° · mono · tresbolillo ×1 · 8 filas · az 15°",21-dic,860,17.5399,213.1765,0.0000,17,0.000000e+0,-55,1
1,"Zaragoza · ondulado 1.2 · N-S constante 3° · mono · tresbolillo ×1 · 8 filas · az 15°",21-dic,880,15.3871,217.3936,0.0000,17,0.000000e+0,-55,1
1,"Zaragoza · ondulado 1.2 · N-S constante 3° · mono · tresbolillo ×1 · 8 filas · az 15°",21-dic,900,13.0234,221.4397,0.0000,17,0.000000e+0,-33,1
1,"Zaragoza · ondulado 1.2 · N-S constante 3° · mono · tresbolillo ×1 · 8 filas · az 15°",21-dic,920,10.4715,225.3193,0.0000,17,0.000000e+0,-11,1
1,"Zaragoza · ondulado 1.2 · N-S constante 3° · mono · tresbolillo ×1 · 8 filas · az 15°",21-dic,940,7.7566,229.0407,0.0000,17,0.000000e+0,1,1
1,"Zaragoza · ondulado 1.2 · N-S constante 3° · mono · tresbolillo ×1 · 8 filas · az 15°",21-dic,960,4.9112,232.6152,0.0000,33,0.000000e+0,11,1
1,"Zaragoza · ondulado 1.2 · N-S constante 3° · mono · tresbolillo ×1 · 8 filas · az 15°",21-dic,980,2.0112,236.0562,0.0000,33,0.000000e+0,-6,1
2,"Arequipa · pendiente -6 · N-S constante 3° · quebrado · alineadas ×1 · 8 filas · az 0°",21-jun,700,4.7742,63.8712,0.0000,33,0.000000e+0,-9,1
2,"Arequipa · pendiente -6 · N-S constante 3° · quebrado · alineadas ×1 · 8 filas · az 0°",21-jun,720,8.9729,62.1856,0.0000,17,0.000000e+0,-15,1
2,"Arequipa · pendiente -6 · N-S constante 3° · quebrado · alineadas ×1 · 8 filas · az 0°",21-jun,740,13.1432,60.3097,0.0000,17,0.000000e+0,-32.5,1
2,"Arequipa · pendiente -6 · N-S constante 3° · quebrado · alineadas ×1 · 8 filas · az 0°",21-jun,760,17.2453,58.2184,0.0000,17,0.000000e+0,-51,1
2,"Arequipa · pendiente -6 · N-S constante 3° · quebrado · alineadas ×1 · 8 filas · az 0°",21-jun,780,21.2561,55.8815,0.0000,17,0.000000e+0,-55,1
2,"Arequipa · pendiente -6 · N-S constante 3° · quebrado · alineadas ×1 · 8 filas · az 0°",21-jun,800,25.1539,53.2637,0.0000,17,0.000000e+0,-55,1
2,"Arequipa · pendiente -6 · N-S constante 3° · quebrado · alineadas ×1 · 8 filas · az 0°",21-jun,820,28.9146,50.3241,0.0000,17,0.000000e+0,-55,1
2,"Arequipa · pendiente -6 · N-S constante 3° · quebrado · alineadas ×1 · 8 filas · az 0°",21-jun,840,32.5098,47.0168,0.0000,17,0.000000e+0,-55,1
2,"Arequipa · pendiente -6 · N-S constante 3° · quebrado · alineadas ×1 · 8 filas · az 0°",21-jun,860,35.9052,43.2920,0.0000,17,0.000000e+0,-55,1
2,"Arequipa · pendiente -6 · N-S constante 3° · quebrado · alineadas ×1 · 8 filas · az 0°",21-jun,880,39.0602,39.0991,0.0000,17,0.000000e+0,-55,1
2,"Arequipa · pendiente -6 · N-S constante 3° · quebrado · alineadas ×1 · 8 filas · az 0°",21-jun,900,41.9268,34.3923,0.0000,17,0.000000e+0,-55,1
2,"Arequipa · pendiente -6 · N-S constante 3° · quebrado · alineadas ×1 · 8 filas · az 0°",21-jun,920,44.4499,29.1395,0.0000,17,0.000000e+0,-55,1
2,"Arequipa · pendiente -6 · N-S constante 3° · quebrado · alineadas ×1 · 8 filas · az 0°",21-jun,940,46.5693,23.3352,0.0000,17,0.000000e+0,-55,1
2,"Arequipa · pendiente -6 · N-S constante 3° · quebrado · alineadas ×1 · 8 filas · az 0°",21-jun,960,48.2231,17.0150,0.0000,17,0.000000e+0,-55,1
2,"Arequipa · pendiente -6 · N-S constante 3° · quebrado · alineadas ×1 · 8 filas · az 0°",21-jun,980,49.3544,10.2679,0.0000,17,0.000000e+0,-55,1
2,"Arequipa · pendiente -6 · N-S constante 3° · quebrado · alineadas ×1 · 8 filas · az 0°",21-jun,1000,49.9185,3.2390,0.0000,17,0.000000e+0,-55,1
2,"Arequipa · pendiente -6 · N-S constante 3° · quebrado · alineadas ×1 · 8 filas · az 0°",21-jun,1020,49.8916,356.1171,0.0000,17,0.000000e+0,-55,1
2,"Arequipa · pendiente -6 · N-S constante 3° · quebrado · alineadas ×1 · 8 filas · az 0°",21-jun,1040,49.2748,349.1064,0.0000,17,0.000000e+0,-55,1
2,"Arequipa · pendiente -6 · N-S constante 3° · quebrado · alineadas ×1 · 8 filas · az 0°",21-jun,1060,48.0942,342.3928,0.0000,17,0.000000e+0,-55,1
2,"Arequipa · pendiente -6 · N-S constante 3° · quebrado · alineadas ×1 · 8 filas · az 0°",21-jun,1080,46.3957,336.1165,0.0000,17,0.000000e+0,-55,1
2,"Arequipa · pendiente -6 · N-S constante 3° · quebrado · alineadas ×1 · 8 filas · az 0°",21-jun,1100,44.2372,330.3613,0.0000,17,0.000000e+0,-55,1
2,"Arequipa · pendiente -6 · N-S constante 3° · quebrado · alineadas ×1 · 8 filas · az 0°",21-jun,1120,41.6806,325.1587,0.0000,17,0.000000e+0,-55,1
2,"Arequipa · pendiente -6 · N-S constante 3° · quebrado · alineadas ×1 · 8 filas · az 0°",21-jun,1140,38.7857,320.5000,0.0000,17,0.000000e+0,-55,1
2,"Arequipa · pendiente -6 · N-S constante 3° · quebrado · alineadas ×1 · 8 filas · az 0°",21-jun,1160,35.6071,316.3514,0.0000,17,0.000000e+0,-55,1
2,"Arequipa · pendiente -6 · N-S constante 3° · quebrado · alineadas ×1 · 8 filas · az 0°",21-jun,1180,32.1920,312.6665,0.0000,17,0.000000e+0,-55,1
2,"Arequipa · pendiente -6 · N-S constante 3° · quebrado · alineadas ×1 · 8 filas · az 0°",21-jun,1200,28.5805,309.3944,0.0000,17,0.000000e+0,-55,1
2,"Arequipa · pendiente -6 · N-S constante 3° · quebrado · alineadas ×1 · 8 filas · az 0°",21-jun,1220,24.8063,306.4858,0.0000,17,0.000000e+0,-55,1
2,"Arequipa · pendiente -6 · N-S constante 3° · quebrado · alineadas ×1 · 8 filas · az 0°",21-jun,1240,20.8973,303.8950,0.0000,17,0.000000e+0,-55,1
2,"Arequipa · pendiente -6 · N-S constante 3° · quebrado · alineadas ×1 · 8 filas · az 0°",21-jun,1260,16.8774,301.5817,0.0000,17,0.000000e+0,-55,1
2,"Arequipa · pendiente -6 · N-S constante 3° · quebrado · alineadas ×1 · 8 filas · az 0°",21-jun,1280,12.7680,299.5110,0.0000,17,0.000000e+0,-42.5,1
2,"Arequipa · pendiente -6 · N-S constante 3° · quebrado · alineadas ×1 · 8 filas · az 0°",21-jun,1300,8.5930,297.6533,0.0000,17,0.000000e+0,-30,1
2,"Arequipa · pendiente -6 · N-S constante 3° · quebrado · alineadas ×1 · 8 filas · az 0°",21-jun,1320,4.3962,295.9837,0.0000,33,0.000000e+0,-21,1
2,"Arequipa · pendiente -6 · N-S constante 3° · quebrado · alineadas ×1 · 8 filas · az 0°",21-mar,680,6.1794,87.8345,0.0000,17,0.000000e+0,-6,1
2,"Arequipa · pendiente -6 · N-S constante 3° · quebrado · alineadas ×1 · 8 filas · az 0°",21-mar,700,10.9081,86.3640,0.0000,17,0.000000e+0,-22.5,1
2,"Arequipa · pendiente -6 · N-S constante 3° · quebrado · alineadas ×1 · 8 filas · az 0°",21-mar,720,15.6602,84.8431,0.0000,17,0.000000e+0,-40,1
2,"Arequipa · pendiente -6 · N-S constante 3° · quebrado · alineadas ×1 · 8 filas · az 0°",21-mar,740,20.4114,83.2469,0.0000,17,0.000000e+0,-55,1
2,"Arequipa · pendiente -6 · N-S constante 3° · quebrado · alineadas ×1 · 8 filas · az 0°",21-mar,760,25.1514,81.5460,0.0000,17,0.000000e+0,-55,1
2,"Arequipa · pendiente -6 · N-S constante 3° · quebrado · alineadas ×1 · 8 filas · az 0°",21-mar,780,29.8721,79.7046,0.0000,17,0.000000e+0,-55,1
2,"Arequipa · pendiente -6 · N-S constante 3° · quebrado · alineadas ×1 · 8 filas · az 0°",21-mar,800,34.5652,77.6773,0.0000,17,0.000000e+0,-55,1
2,"Arequipa · pendiente -6 · N-S constante 3° · quebrado · alineadas ×1 · 8 filas · az 0°",21-mar,820,39.2209,75.4045,0.0000,17,0.000000e+0,-55,1
2,"Arequipa · pendiente -6 · N-S constante 3° · quebrado · alineadas ×1 · 8 filas · az 0°",21-mar,840,43.8256,72.8064,0.0000,17,0.000000e+0,-55,1
2,"Arequipa · pendiente -6 · N-S constante 3° · quebrado · alineadas ×1 · 8 filas · az 0°",21-mar,860,48.3608,69.7727,0.0000,17,0.000000e+0,-55,1
2,"Arequipa · pendiente -6 · N-S constante 3° · quebrado · alineadas ×1 · 8 filas · az 0°",21-mar,880,52.7997,66.1475,0.0000,17,0.000000e+0,-55,1
2,"Arequipa · pendiente -6 · N-S constante 3° · quebrado · alineadas ×1 · 8 filas · az 0°",21-mar,900,57.1020,61.7065,0.0000,17,0.000000e+0,-55,1
2,"Arequipa · pendiente -6 · N-S constante 3° · quebrado · alineadas ×1 · 8 filas · az 0°",21-mar,920,61.2050,56.1234,0.0000,17,0.000000e+0,-55,1
2,"Arequipa · pendiente -6 · N-S constante 3° · quebrado · alineadas ×1 · 8 filas · az 0°",21-mar,940,65.0093,48.9323,0.0000,17,0.000000e+0,-55,1
2,"Arequipa · pendiente -6 · N-S constante 3° · quebrado · alineadas ×1 · 8 filas · az 0°",21-mar,960,68.3560,39.5174,0.0000,17,0.000000e+0,-55,1
2,"Arequipa · pendiente -6 · N-S constante 3° · quebrado · alineadas ×1 · 8 filas · az 0°",21-mar,980,71.0006,27.2555,0.0000,17,0.000000e+0,-55,1
2,"Arequipa · pendiente -6 · N-S constante 3° · quebrado · alineadas ×1 · 8 filas · az 0°",21-mar,1000,72.6192,12.0480,0.0000,17,0.000000e+0,-55,1
2,"Arequipa · pendiente -6 · N-S constante 3° · quebrado · alineadas ×1 · 8 filas · az 0°",21-mar,1020,72.9172,355.1449,0.0000,17,0.000000e+0,-55,1
2,"Arequipa · pendiente -6 · N-S constante 3° · quebrado · alineadas ×1 · 8 filas · az 0°",21-mar,1040,71.8293,338.9743,0.0000,17,0.000000e+0,-55,1
2,"Arequipa · pendiente -6 · N-S constante 3° · quebrado · alineadas ×1 · 8 filas · az 0°",21-mar,1060,69.5760,325.4193,0.0000,17,0.000000e+0,-55,1
2,"Arequipa · pendiente -6 · N-S constante 3° · quebrado · alineadas ×1 · 8 filas · az 0°",21-mar,1080,66.4904,314.8661,0.0000,17,0.000000e+0,-55,1
2,"Arequipa · pendiente -6 · N-S constante 3° · quebrado · alineadas ×1 · 8 filas · az 0°",21-mar,1100,62.8553,306.8185,0.0000,17,0.000000e+0,-55,1
2,"Arequipa · pendiente -6 · N-S constante 3° · quebrado · alineadas ×1 · 8 filas · az 0°",21-mar,1120,58.8631,300.6237,0.0000,17,0.000000e+0,-55,1
2,"Arequipa · pendiente -6 · N-S constante 3° · quebrado · alineadas ×1 · 8 filas · az 0°",21-mar,1140,54.6351,295.7491,0.0000,17,0.000000e+0,-55,1
2,"Arequipa · pendiente -6 · N-S constante 3° · quebrado · alineadas ×1 · 8 filas · az 0°",21-mar,1160,50.2473,291.8140,0.0000,17,0.000000e+0,-55,1
2,"Arequipa · pendiente -6 · N-S constante 3° · quebrado · alineadas ×1 · 8 filas · az 0°",21-mar,1180,45.7481,288.5555,0.0000,17,0.000000e+0,-55,1
2,"Arequipa · pendiente -6 · N-S constante 3° · quebrado · alineadas ×1 · 8 filas · az 0°",21-mar,1200,41.1691,285.7922,0.0000,17,0.000000e+0,-55,1
2,"Arequipa · pendiente -6 · N-S constante 3° · quebrado · alineadas ×1 · 8 filas · az 0°",21-mar,1220,36.5321,283.3969,0.0000,17,0.000000e+0,-55,1
2,"Arequipa · pendiente -6 · N-S constante 3° · quebrado · alineadas ×1 · 8 filas · az 0°",21-mar,1240,31.8523,281.2784,0.0000,17,0.000000e+0,-55,1
2,"Arequipa · pendiente -6 · N-S constante 3° · quebrado · alineadas ×1 · 8 filas · az 0°",21-mar,1260,27.1408,279.3695,0.0000,17,0.000000e+0,-55,1
2,"Arequipa · pendiente -6 · N-S constante 3° · quebrado · alineadas ×1 · 8 filas · az 0°",21-mar,1280,22.4065,277.6197,0.0000,17,0.000000e+0,-55,1
2,"Arequipa · pendiente -6 · N-S constante 3° · quebrado · alineadas ×1 · 8 filas · az 0°",21-mar,1300,17.6572,275.9894,0.0000,17,0.000000e+0,-55,1
2,"Arequipa · pendiente -6 · N-S constante 3° · quebrado · alineadas ×1 · 8 filas · az 0°",21-mar,1320,12.9018,274.4469,0.0000,17,0.000000e+0,-41.5,1
2,"Arequipa · pendiente -6 · N-S constante 3° · quebrado · alineadas ×1 · 8 filas · az 0°",21-mar,1340,8.1561,272.9659,0.0000,17,0.000000e+0,-29.5,1
2,"Arequipa · pendiente -6 · N-S constante 3° · quebrado · alineadas ×1 · 8 filas · az 0°",21-mar,1360,3.4752,271.5234,0.0000,33,0.000000e+0,-21,1
2,"Arequipa · pendiente -6 · N-S constante 3° · quebrado · alineadas ×1 · 8 filas · az 0°",21-dic,640,5.5090,112.8863,0.0000,33,0.000000e+0,-10,1
2,"Arequipa · pendiente -6 · N-S constante 3° · quebrado · alineadas ×1 · 8 filas · az 0°",21-dic,660,9.8795,111.6997,0.0000,17,0.000000e+0,-26.5,1
2,"Arequipa · pendiente -6 · N-S constante 3° · quebrado · alineadas ×1 · 8 filas · az 0°",21-dic,680,14.3190,110.6399,0.0000,17,0.000000e+0,-43,1
2,"Arequipa · pendiente -6 · N-S constante 3° · quebrado · alineadas ×1 · 8 filas · az 0°",21-dic,700,18.8002,109.7012,0.0000,17,0.000000e+0,-55,1
2,"Arequipa · pendiente -6 · N-S constante 3° · quebrado · alineadas ×1 · 8 filas · az 0°",21-dic,720,23.3118,108.8811,0.0000,17,0.000000e+0,-55,1
2,"Arequipa · pendiente -6 · N-S constante 3° · quebrado · alineadas ×1 · 8 filas · az 0°",21-dic,740,27.8469,108.1807,0.0000,17,0.000000e+0,-55,1
2,"Arequipa · pendiente -6 · N-S constante 3° · quebrado · alineadas ×1 · 8 filas · az 0°",21-dic,760,32.4005,107.6058,0.0000,17,0.000000e+0,-55,1
2,"Arequipa · pendiente -6 · N-S constante 3° · quebrado · alineadas ×1 · 8 filas · az 0°",21-dic,780,36.9680,107.1676,0.0000,17,0.000000e+0,-55,1
2,"Arequipa · pendiente -6 · N-S constante 3° · quebrado · alineadas ×1 · 8 filas · az 0°",21-dic,800,41.5453,106.8854,0.0000,17,0.000000e+0,-55,1
2,"Arequipa · pendiente -6 · N-S constante 3° · quebrado · alineadas ×1 · 8 filas · az 0°",21-dic,820,46.1277,106.7892,0.0000,17,0.000000e+0,-55,1
2,"Arequipa · pendiente -6 · N-S constante 3° · quebrado · alineadas ×1 · 8 filas · az 0°",21-dic,840,50.7102,106.9266,0.0000,17,0.000000e+0,-55,1
2,"Arequipa · pendiente -6 · N-S constante 3° · quebrado · alineadas ×1 · 8 filas · az 0°",21-dic,860,55.2860,107.3727,0.0000,17,0.000000e+0,-55,1
2,"Arequipa · pendiente -6 · N-S constante 3° · quebrado · alineadas ×1 · 8 filas · az 0°",21-dic,880,59.8457,108.2507,0.0000,17,0.000000e+0,-55,1
2,"Arequipa · pendiente -6 · N-S constante 3° · quebrado · alineadas ×1 · 8 filas · az 0°",21-dic,900,64.3745,109.7715,0.0000,17,0.000000e+0,-55,1
2,"Arequipa · pendiente -6 · N-S constante 3° · quebrado · alineadas ×1 · 8 filas · az 0°",21-dic,920,68.8464,112.3221,0.0000,17,0.000000e+0,-55,1
2,"Arequipa · pendiente -6 · N-S constante 3° · quebrado · alineadas ×1 · 8 filas · az 0°",21-dic,940,73.2097,116.6755,0.0000,17,0.000000e+0,-55,1
2,"Arequipa · pendiente -6 · N-S constante 3° · quebrado · alineadas ×1 · 8 filas · az 0°",21-dic,960,77.3452,124.5416,0.0000,17,0.000000e+0,-55,1
2,"Arequipa · pendiente -6 · N-S constante 3° · quebrado · alineadas ×1 · 8 filas · az 0°",21-dic,980,80.9293,139.9625,0.0000,17,0.000000e+0,-55,1
2,"Arequipa · pendiente -6 · N-S constante 3° · quebrado · alineadas ×1 · 8 filas · az 0°",21-dic,1000,83.0437,169.7235,0.0000,17,0.000000e+0,-55,1
2,"Arequipa · pendiente -6 · N-S constante 3° · quebrado · alineadas ×1 · 8 filas · az 0°",21-dic,1020,82.3507,206.0083,0.0000,17,0.000000e+0,-55,1
2,"Arequipa · pendiente -6 · N-S constante 3° · quebrado · alineadas ×1 · 8 filas · az 0°",21-dic,1040,79.3872,228.4830,0.0000,17,0.000000e+0,-55,1
2,"Arequipa · pendiente -6 · N-S constante 3° · quebrado · alineadas ×1 · 8 filas · az 0°",21-dic,1060,75.4845,239.6903,0.0000,17,0.000000e+0,-55,1
2,"Arequipa · pendiente -6 · N-S constante 3° · quebrado · alineadas ×1 · 8 filas · az 0°",21-dic,1080,71.2217,245.6266,0.0000,17,0.000000e+0,-55,1
2,"Arequipa · pendiente -6 · N-S constante 3° · quebrado · alineadas ×1 · 8 filas · az 0°",21-dic,1100,66.7992,249.0147,0.0000,17,0.000000e+0,-55,1
2,"Arequipa · pendiente -6 · N-S constante 3° · quebrado · alineadas ×1 · 8 filas · az 0°",21-dic,1120,62.2968,251.0263,0.0000,17,0.000000e+0,-55,1
2,"Arequipa · pendiente -6 · N-S constante 3° · quebrado · alineadas ×1 · 8 filas · az 0°",21-dic,1140,57.7514,252.2170,0.0000,17,0.000000e+0,-55,1
2,"Arequipa · pendiente -6 · N-S constante 3° · quebrado · alineadas ×1 · 8 filas · az 0°",21-dic,1160,53.1829,252.8767,0.0000,17,0.000000e+0,-55,1
2,"Arequipa · pendiente -6 · N-S constante 3° · quebrado · alineadas ×1 · 8 filas · az 0°",21-dic,1180,48.6031,253.1691,0.0000,17,0.000000e+0,-55,1
2,"Arequipa · pendiente -6 · N-S constante 3° · quebrado · alineadas ×1 · 8 filas · az 0°",21-dic,1200,44.0199,253.1917,0.0000,17,0.000000e+0,-55,1
2,"Arequipa · pendiente -6 · N-S constante 3° · quebrado · alineadas ×1 · 8 filas · az 0°",21-dic,1220,39.4393,253.0053,0.0000,17,0.000000e+0,-55,1
2,"Arequipa · pendiente -6 · N-S constante 3° · quebrado · alineadas ×1 · 8 filas · az 0°",21-dic,1240,34.8660,252.6483,0.0000,17,0.000000e+0,-55,1
2,"Arequipa · pendiente -6 · N-S constante 3° · quebrado · alineadas ×1 · 8 filas · az 0°",21-dic,1260,30.3044,252.1454,0.0000,17,0.000000e+0,-55,1
2,"Arequipa · pendiente -6 · N-S constante 3° · quebrado · alineadas ×1 · 8 filas · az 0°",21-dic,1280,25.7587,251.5118,0.0000,17,0.000000e+0,-55,1
2,"Arequipa · pendiente -6 · N-S constante 3° · quebrado · alineadas ×1 · 8 filas · az 0°",21-dic,1300,21.2337,250.7559,0.0000,17,0.000000e+0,-55,1
2,"Arequipa · pendiente -6 · N-S constante 3° · quebrado · alineadas ×1 · 8 filas · az 0°",21-dic,1320,16.7351,249.8813,0.0000,17,0.000000e+0,-55,1
2,"Arequipa · pendiente -6 · N-S constante 3° · quebrado · alineadas ×1 · 8 filas · az 0°",21-dic,1340,12.2712,248.8874,0.0000,17,0.000000e+0,-46.5,1
2,"Arequipa · pendiente -6 · N-S constante 3° · quebrado · alineadas ×1 · 8 filas · az 0°",21-dic,1360,7.8581,247.7702,0.0000,17,0.000000e+0,-33.5,1
2,"Arequipa · pendiente -6 · N-S constante 3° · quebrado · alineadas ×1 · 8 filas · az 0°",21-dic,1380,3.5464,246.5223,0.0000,33,0.000000e+0,-24,1
3,"Arequipa · cresta 1 · N-S aleatorio 3° · quebrado · alineadas ×2 · 6 filas · az 0°",21-jun,700,4.7742,63.8712,5.5775,64,3.112193e-2,-4,0
3,"Arequipa · cresta 1 · N-S aleatorio 3° · quebrado · alineadas ×2 · 6 filas · az 0°",21-jun,720,8.9729,62.1856,5.5775,33,1.247061e-2,-9,0
3,"Arequipa · cresta 1 · N-S aleatorio 3° · quebrado · alineadas ×2 · 6 filas · az 0°",21-jun,740,13.1432,60.3097,5.5775,33,1.091380e-2,-14.5,0
3,"Arequipa · cresta 1 · N-S aleatorio 3° · quebrado · alineadas ×2 · 6 filas · az 0°",21-jun,760,17.2453,58.2184,5.5775,33,1.524251e-3,-20.5,0
3,"Arequipa · cresta 1 · N-S aleatorio 3° · quebrado · alineadas ×2 · 6 filas · az 0°",21-jun,780,21.2561,55.8815,5.5775,33,9.235060e-3,-25.5,0
3,"Arequipa · cresta 1 · N-S aleatorio 3° · quebrado · alineadas ×2 · 6 filas · az 0°",21-jun,800,25.1539,53.2637,5.5775,33,5.766022e-3,-31,0
3,"Arequipa · cresta 1 · N-S aleatorio 3° · quebrado · alineadas ×2 · 6 filas · az 0°",21-jun,820,28.9146,50.3241,5.5775,33,4.667750e-3,-36.5,0
3,"Arequipa · cresta 1 · N-S aleatorio 3° · quebrado · alineadas ×2 · 6 filas · az 0°",21-jun,840,32.5098,47.0168,5.5775,33,0.000000e+0,-42.5,1
3,"Arequipa · cresta 1 · N-S aleatorio 3° · quebrado · alineadas ×2 · 6 filas · az 0°",21-jun,860,35.9052,43.2920,5.5775,33,0.000000e+0,-55,1
3,"Arequipa · cresta 1 · N-S aleatorio 3° · quebrado · alineadas ×2 · 6 filas · az 0°",21-jun,880,39.0602,39.0991,5.5775,33,0.000000e+0,-55,1
3,"Arequipa · cresta 1 · N-S aleatorio 3° · quebrado · alineadas ×2 · 6 filas · az 0°",21-jun,900,41.9268,34.3923,5.5775,33,0.000000e+0,-55,1
3,"Arequipa · cresta 1 · N-S aleatorio 3° · quebrado · alineadas ×2 · 6 filas · az 0°",21-jun,920,44.4499,29.1395,5.5775,33,0.000000e+0,-55,1
3,"Arequipa · cresta 1 · N-S aleatorio 3° · quebrado · alineadas ×2 · 6 filas · az 0°",21-jun,940,46.5693,23.3352,5.5775,33,0.000000e+0,-55,1
3,"Arequipa · cresta 1 · N-S aleatorio 3° · quebrado · alineadas ×2 · 6 filas · az 0°",21-jun,960,48.2231,17.0150,5.5775,33,0.000000e+0,-55,1
3,"Arequipa · cresta 1 · N-S aleatorio 3° · quebrado · alineadas ×2 · 6 filas · az 0°",21-jun,980,49.3544,10.2679,5.5775,33,0.000000e+0,-55,1
3,"Arequipa · cresta 1 · N-S aleatorio 3° · quebrado · alineadas ×2 · 6 filas · az 0°",21-jun,1000,49.9185,3.2390,5.5775,33,0.000000e+0,-55,1
3,"Arequipa · cresta 1 · N-S aleatorio 3° · quebrado · alineadas ×2 · 6 filas · az 0°",21-jun,1020,49.8916,356.1171,5.5775,33,0.000000e+0,-55,1
3,"Arequipa · cresta 1 · N-S aleatorio 3° · quebrado · alineadas ×2 · 6 filas · az 0°",21-jun,1040,49.2748,349.1064,5.5775,33,0.000000e+0,-55,1
3,"Arequipa · cresta 1 · N-S aleatorio 3° · quebrado · alineadas ×2 · 6 filas · az 0°",21-jun,1060,48.0942,342.3928,5.5775,33,0.000000e+0,-55,1
3,"Arequipa · cresta 1 · N-S aleatorio 3° · quebrado · alineadas ×2 · 6 filas · az 0°",21-jun,1080,46.3957,336.1165,5.5775,33,0.000000e+0,-55,1
3,"Arequipa · cresta 1 · N-S aleatorio 3° · quebrado · alineadas ×2 · 6 filas · az 0°",21-jun,1100,44.2372,330.3613,5.5775,33,0.000000e+0,-55,1
3,"Arequipa · cresta 1 · N-S aleatorio 3° · quebrado · alineadas ×2 · 6 filas · az 0°",21-jun,1120,41.6806,325.1587,5.5775,33,0.000000e+0,14.5,1
3,"Arequipa · cresta 1 · N-S aleatorio 3° · quebrado · alineadas ×2 · 6 filas · az 0°",21-jun,1140,38.7857,320.5000,5.5775,33,0.000000e+0,32.5,1
3,"Arequipa · cresta 1 · N-S aleatorio 3° · quebrado · alineadas ×2 · 6 filas · az 0°",21-jun,1160,35.6071,316.3514,5.5775,33,0.000000e+0,44.5,1
3,"Arequipa · cresta 1 · N-S aleatorio 3° · quebrado · alineadas ×2 · 6 filas · az 0°",21-jun,1180,32.1920,312.6665,5.5775,33,0.000000e+0,38,1
3,"Arequipa · cresta 1 · N-S aleatorio 3° · quebrado · alineadas ×2 · 6 filas · az 0°",21-jun,1200,28.5805,309.3944,5.5775,33,8.565405e-3,33.5,0
3,"Arequipa · cresta 1 · N-S aleatorio 3° · quebrado · alineadas ×2 · 6 filas · az 0°",21-jun,1220,24.8063,306.4858,5.5775,33,1.241615e-2,29.5,0
3,"Arequipa · cresta 1 · N-S aleatorio 3° · quebrado · alineadas ×2 · 6 filas · az 0°",21-jun,1240,20.8973,303.8950,5.5775,33,1.268961e-2,25.5,0
3,"Arequipa · cresta 1 · N-S aleatorio 3° · quebrado · alineadas ×2 · 6 filas · az 0°",21-jun,1260,16.8774,301.5817,5.5775,33,1.361949e-2,18.5,0
3,"Arequipa · cresta 1 · N-S aleatorio 3° · quebrado · alineadas ×2 · 6 filas · az 0°",21-jun,1280,12.7680,299.5110,5.5775,33,1.412823e-2,13.5,0
3,"Arequipa · cresta 1 · N-S aleatorio 3° · quebrado · alineadas ×2 · 6 filas · az 0°",21-jun,1300,8.5930,297.6533,5.5775,33,1.041385e-2,9,0
3,"Arequipa · cresta 1 · N-S aleatorio 3° · quebrado · alineadas ×2 · 6 filas · az 0°",21-jun,1320,4.3962,295.9837,5.5775,64,6.967095e-2,5,0
3,"Arequipa · cresta 1 · N-S aleatorio 3° · quebrado · alineadas ×2 · 6 filas · az 0°",21-mar,680,6.1794,87.8345,5.5775,33,6.584201e-3,-6,0
3,"Arequipa · cresta 1 · N-S aleatorio 3° · quebrado · alineadas ×2 · 6 filas · az 0°",21-mar,700,10.9081,86.3640,5.5775,33,4.616516e-3,-11,0
3,"Arequipa · cresta 1 · N-S aleatorio 3° · quebrado · alineadas ×2 · 6 filas · az 0°",21-mar,720,15.6602,84.8431,5.5775,33,0.000000e+0,-15.5,1
3,"Arequipa · cresta 1 · N-S aleatorio 3° · quebrado · alineadas ×2 · 6 filas · az 0°",21-mar,740,20.4114,83.2469,5.5775,33,0.000000e+0,-20.5,1
3,"Arequipa · cresta 1 · N-S aleatorio 3° · quebrado · alineadas ×2 · 6 filas · az 0°",21-mar,760,25.1514,81.5460,5.5775,33,1.483987e-2,-25,0
3,"Arequipa · cresta 1 · N-S aleatorio 3° · quebrado · alineadas ×2 · 6 filas · az 0°",21-mar,780,29.8721,79.7046,5.5775,33,9.551684e-3,-30,0
3,"Arequipa · cresta 1 · N-S aleatorio 3° · quebrado · alineadas ×2 · 6 filas · az 0°",21-mar,800,34.5652,77.6773,5.5775,33,0.000000e+0,-36,1
3,"Arequipa · cresta 1 · N-S aleatorio 3° · quebrado · alineadas ×2 · 6 filas · az 0°",21-mar,820,39.2209,75.4045,5.5775,33,0.000000e+0,-41,1
3,"Arequipa · cresta 1 · N-S aleatorio 3° · quebrado · alineadas ×2 · 6 filas · az 0°",21-mar,840,43.8256,72.8064,5.5775,33,0.000000e+0,-49.5,1
3,"Arequipa · cresta 1 · N-S aleatorio 3° · quebrado · alineadas ×2 · 6 filas · az 0°",21-mar,860,48.3608,69.7727,5.5775,33,0.000000e+0,-55,1
3,"Arequipa · cresta 1 · N-S aleatorio 3° · quebrado · alineadas ×2 · 6 filas · az 0°",21-mar,880,52.7997,66.1475,5.5775,33,0.000000e+0,-55,1
3,"Arequipa · cresta 1 · N-S aleatorio 3° · quebrado · alineadas ×2 · 6 filas · az 0°",21-mar,900,57.1020,61.7065,5.5775,33,0.000000e+0,-55,1
3,"Arequipa · cresta 1 · N-S aleatorio 3° · quebrado · alineadas ×2 · 6 filas · az 0°",21-mar,920,61.2050,56.1234,5.5775,33,0.000000e+0,-55,1
3,"Arequipa · cresta 1 · N-S aleatorio 3° · quebrado · alineadas ×2 · 6 filas · az 0°",21-mar,940,65.0093,48.9323,5.5775,33,0.000000e+0,-55,1
3,"Arequipa · cresta 1 · N-S aleatorio 3° · quebrado · alineadas ×2 · 6 filas · az 0°",21-mar,960,68.3560,39.5174,5.5775,33,0.000000e+0,-55,1
3,"Arequipa · cresta 1 · N-S aleatorio 3° · quebrado · alineadas ×2 · 6 filas · az 0°",21-mar,980,71.0006,27.2555,5.5775,33,0.000000e+0,-55,1
3,"Arequipa · cresta 1 · N-S aleatorio 3° · quebrado · alineadas ×2 · 6 filas · az 0°",21-mar,1000,72.6192,12.0480,5.5775,33,0.000000e+0,-55,1
3,"Arequipa · cresta 1 · N-S aleatorio 3° · quebrado · alineadas ×2 · 6 filas · az 0°",21-mar,1020,72.9172,355.1449,5.5775,33,0.000000e+0,-55,1
3,"Arequipa · cresta 1 · N-S aleatorio 3° · quebrado · alineadas ×2 · 6 filas · az 0°",21-mar,1040,71.8293,338.9743,5.5775,33,0.000000e+0,-55,1
3,"Arequipa · cresta 1 · N-S aleatorio 3° · quebrado · alineadas ×2 · 6 filas · az 0°",21-mar,1060,69.5760,325.4193,5.5775,33,0.000000e+0,-55,1
3,"Arequipa · cresta 1 · N-S aleatorio 3° · quebrado · alineadas ×2 · 6 filas · az 0°",21-mar,1080,66.4904,314.8661,5.5775,33,0.000000e+0,-55,1
3,"Arequipa · cresta 1 · N-S aleatorio 3° · quebrado · alineadas ×2 · 6 filas · az 0°",21-mar,1100,62.8553,306.8185,5.5775,33,0.000000e+0,-55,1
3,"Arequipa · cresta 1 · N-S aleatorio 3° · quebrado · alineadas ×2 · 6 filas · az 0°",21-mar,1120,58.8631,300.6237,5.5775,33,0.000000e+0,-55,1
3,"Arequipa · cresta 1 · N-S aleatorio 3° · quebrado · alineadas ×2 · 6 filas · az 0°",21-mar,1140,54.6351,295.7491,5.5775,33,0.000000e+0,17.5,1
3,"Arequipa · cresta 1 · N-S aleatorio 3° · quebrado · alineadas ×2 · 6 filas · az 0°",21-mar,1160,50.2473,291.8140,5.5775,33,0.000000e+0,34,1
3,"Arequipa · cresta 1 · N-S aleatorio 3° · quebrado · alineadas ×2 · 6 filas · az 0°",21-mar,1180,45.7481,288.5555,5.5775,33,0.000000e+0,46,1
3,"Arequipa · cresta 1 · N-S aleatorio 3° · quebrado · alineadas ×2 · 6 filas · az 0°",21-mar,1200,41.1691,285.7922,5.5775,33,0.000000e+0,41,1
3,"Arequipa · cresta 1 · N-S aleatorio 3° · quebrado · alineadas ×2 · 6 filas · az 0°",21-mar,1220,36.5321,283.3969,5.5775,33,0.000000e+0,36,1
3,"Arequipa · cresta 1 · N-S aleatorio 3° · quebrado · alineadas ×2 · 6 filas · az 0°",21-mar,1240,31.8523,281.2784,5.5775,33,0.000000e+0,32.5,1
3,"Arequipa · cresta 1 · N-S aleatorio 3° · quebrado · alineadas ×2 · 6 filas · az 0°",21-mar,1260,27.1408,279.3695,5.5775,33,0.000000e+0,27.5,1
3,"Arequipa · cresta 1 · N-S aleatorio 3° · quebrado · alineadas ×2 · 6 filas · az 0°",21-mar,1280,22.4065,277.6197,5.5775,33,1.454781e-2,22.5,0
3,"Arequipa · cresta 1 · N-S aleatorio 3° · quebrado · alineadas ×2 · 6 filas · az 0°",21-mar,1300,17.6572,275.9894,5.5775,33,0.000000e+0,17.5,1
3,"Arequipa · cresta 1 · N-S aleatorio 3° · quebrado · alineadas ×2 · 6 filas · az 0°",21-mar,1320,12.9018,274.4469,5.5775,33,0.000000e+0,13,1
3,"Arequipa · cresta 1 · N-S aleatorio 3° · quebrado · alineadas ×2 · 6 filas · az 0°",21-mar,1340,8.1561,272.9659,5.5775,33,1.172279e-2,8,0
3,"Arequipa · cresta 1 · N-S aleatorio 3° · quebrado · alineadas ×2 · 6 filas · az 0°",21-mar,1360,3.4752,271.5234,5.5775,64,7.696647e-3,3.5,0
3,"Arequipa · cresta 1 · N-S aleatorio 3° · quebrado · alineadas ×2 · 6 filas · az 0°",21-dic,640,5.5090,112.8863,5.5775,64,2.552039e-2,-7,0
3,"Arequipa · cresta 1 · N-S aleatorio 3° · quebrado · alineadas ×2 · 6 filas · az 0°",21-dic,660,9.8795,111.6997,5.5775,33,1.118566e-2,-11,0
3,"Arequipa · cresta 1 · N-S aleatorio 3° · quebrado · alineadas ×2 · 6 filas · az 0°",21-dic,680,14.3190,110.6399,5.5775,33,5.949868e-3,-16,0
3,"Arequipa · cresta 1 · N-S aleatorio 3° · quebrado · alineadas ×2 · 6 filas · az 0°",21-dic,700,18.8002,109.7012,5.5775,33,8.660614e-3,-20.5,0
3,"Arequipa · cresta 1 · N-S aleatorio 3° · quebrado · alineadas ×2 · 6 filas · az 0°",21-dic,720,23.3118,108.8811,5.5775,33,0.000000e+0,-24,1
3,"Arequipa · cresta 1 · N-S aleatorio 3° · quebrado · alineadas ×2 · 6 filas · az 0°",21-dic,740,27.8469,108.1807,5.5775,33,0.000000e+0,-29.5,1
3,"Arequipa · cresta 1 · N-S aleatorio 3° · quebrado · alineadas ×2 · 6 filas · az 0°",21-dic,760,32.4005,107.6058,5.5775,33,0.000000e+0,-33.5,1
3,"Arequipa · cresta 1 · N-S aleatorio 3° · quebrado · alineadas ×2 · 6 filas · az 0°",21-dic,780,36.9680,107.1676,5.5775,33,0.000000e+0,-39,1
3,"Arequipa · cresta 1 · N-S aleatorio 3° · quebrado · alineadas ×2 · 6 filas · az 0°",21-dic,800,41.5453,106.8854,5.5775,33,0.000000e+0,-42.5,1
3,"Arequipa · cresta 1 · N-S aleatorio 3° · quebrado · alineadas ×2 · 6 filas · az 0°",21-dic,820,46.1277,106.7892,5.5775,33,0.000000e+0,-55,1
3,"Arequipa · cresta 1 · N-S aleatorio 3° · quebrado · alineadas ×2 · 6 filas · az 0°",21-dic,840,50.7102,106.9266,5.5775,33,0.000000e+0,-55,1
3,"Arequipa · cresta 1 · N-S aleatorio 3° · quebrado · alineadas ×2 · 6 filas · az 0°",21-dic,860,55.2860,107.3727,5.5775,33,0.000000e+0,-55,1
3,"Arequipa · cresta 1 · N-S aleatorio 3° · quebrado · alineadas ×2 · 6 filas · az 0°",21-dic,880,59.8457,108.2507,5.5775,33,0.000000e+0,-55,1
3,"Arequipa · cresta 1 · N-S aleatorio 3° · quebrado · alineadas ×2 · 6 filas · az 0°",21-dic,900,64.3745,109.7715,5.5775,33,0.000000e+0,-55,1
3,"Arequipa · cresta 1 · N-S aleatorio 3° · quebrado · alineadas ×2 · 6 filas · az 0°",21-dic,920,68.8464,112.3221,5.5775,33,0.000000e+0,-55,1
3,"Arequipa · cresta 1 · N-S aleatorio 3° · quebrado · alineadas ×2 · 6 filas · az 0°",21-dic,940,73.2097,116.6755,5.5775,33,0.000000e+0,-55,1
3,"Arequipa · cresta 1 · N-S aleatorio 3° · quebrado · alineadas ×2 · 6 filas · az 0°",21-dic,960,77.3452,124.5416,5.5775,33,0.000000e+0,-55,1
3,"Arequipa · cresta 1 · N-S aleatorio 3° · quebrado · alineadas ×2 · 6 filas · az 0°",21-dic,980,80.9293,139.9625,5.5775,33,0.000000e+0,-55,1
3,"Arequipa · cresta 1 · N-S aleatorio 3° · quebrado · alineadas ×2 · 6 filas · az 0°",21-dic,1000,83.0437,169.7235,5.5775,33,0.000000e+0,-55,1
3,"Arequipa · cresta 1 · N-S aleatorio 3° · quebrado · alineadas ×2 · 6 filas · az 0°",21-dic,1020,82.3507,206.0083,5.5775,33,0.000000e+0,-55,1
3,"Arequipa · cresta 1 · N-S aleatorio 3° · quebrado · alineadas ×2 · 6 filas · az 0°",21-dic,1040,79.3872,228.4830,5.5775,33,0.000000e+0,-55,1
3,"Arequipa · cresta 1 · N-S aleatorio 3° · quebrado · alineadas ×2 · 6 filas · az 0°",21-dic,1060,75.4845,239.6903,5.5775,33,0.000000e+0,-55,1
3,"Arequipa · cresta 1 · N-S aleatorio 3° · quebrado · alineadas ×2 · 6 filas · az 0°",21-dic,1080,71.2217,245.6266,5.5775,33,0.000000e+0,-55,1
3,"Arequipa · cresta 1 · N-S aleatorio 3° · quebrado · alineadas ×2 · 6 filas · az 0°",21-dic,1100,66.7992,249.0147,5.5775,33,0.000000e+0,-55,1
3,"Arequipa · cresta 1 · N-S aleatorio 3° · quebrado · alineadas ×2 · 6 filas · az 0°",21-dic,1120,62.2968,251.0263,5.5775,33,0.000000e+0,-55,1
3,"Arequipa · cresta 1 · N-S aleatorio 3° · quebrado · alineadas ×2 · 6 filas · az 0°",21-dic,1140,57.7514,252.2170,5.5775,33,0.000000e+0,12,1
3,"Arequipa · cresta 1 · N-S aleatorio 3° · quebrado · alineadas ×2 · 6 filas · az 0°",21-dic,1160,53.1829,252.8767,5.5775,33,0.000000e+0,28.5,1
3,"Arequipa · cresta 1 · N-S aleatorio 3° · quebrado · alineadas ×2 · 6 filas · az 0°",21-dic,1180,48.6031,253.1691,5.5775,33,0.000000e+0,42,1
3,"Arequipa · cresta 1 · N-S aleatorio 3° · quebrado · alineadas ×2 · 6 filas · az 0°",21-dic,1200,44.0199,253.1917,5.5775,33,0.000000e+0,45,1
3,"Arequipa · cresta 1 · N-S aleatorio 3° · quebrado · alineadas ×2 · 6 filas · az 0°",21-dic,1220,39.4393,253.0053,5.5775,33,0.000000e+0,40,1
3,"Arequipa · cresta 1 · N-S aleatorio 3° · quebrado · alineadas ×2 · 6 filas · az 0°",21-dic,1240,34.8660,252.6483,5.5775,33,0.000000e+0,35.5,1
3,"Arequipa · cresta 1 · N-S aleatorio 3° · quebrado · alineadas ×2 · 6 filas · az 0°",21-dic,1260,30.3044,252.1454,5.5775,33,9.092028e-3,31.5,0
3,"Arequipa · cresta 1 · N-S aleatorio 3° · quebrado · alineadas ×2 · 6 filas · az 0°",21-dic,1280,25.7587,251.5118,5.5775,33,0.000000e+0,26.5,1
3,"Arequipa · cresta 1 · N-S aleatorio 3° · quebrado · alineadas ×2 · 6 filas · az 0°",21-dic,1300,21.2337,250.7559,5.5775,33,6.275578e-3,23,0
3,"Arequipa · cresta 1 · N-S aleatorio 3° · quebrado · alineadas ×2 · 6 filas · az 0°",21-dic,1320,16.7351,249.8813,5.5775,33,8.633617e-4,18,0
3,"Arequipa · cresta 1 · N-S aleatorio 3° · quebrado · alineadas ×2 · 6 filas · az 0°",21-dic,1340,12.2712,248.8874,5.5775,33,1.084514e-2,14,0
3,"Arequipa · cresta 1 · N-S aleatorio 3° · quebrado · alineadas ×2 · 6 filas · az 0°",21-dic,1360,7.8581,247.7702,5.5775,33,3.306178e-2,7.5,0
3,"Arequipa · cresta 1 · N-S aleatorio 3° · quebrado · alineadas ×2 · 6 filas · az 0°",21-dic,1380,3.5464,246.5223,5.5775,64,3.516861e-2,3,0
4,"Arequipa · pendiente -6 · N-S constante 6° · mono · alineadas ×1 · 8 filas · az -20°",21-jun,700,4.7742,63.8712,0.0000,33,0.000000e+0,-8.5,1
4,"Arequipa · pendiente -6 · N-S constante 6° · mono · alineadas ×1 · 8 filas · az -20°",21-jun,720,8.9729,62.1856,0.0000,17,0.000000e+0,-13.5,1
4,"Arequipa · pendiente -6 · N-S constante 6° · mono · alineadas ×1 · 8 filas · az -20°",21-jun,740,13.1432,60.3097,0.0000,17,0.000000e+0,-28.5,1
4,"Arequipa · pendiente -6 · N-S constante 6° · mono · alineadas ×1 · 8 filas · az -20°",21-jun,760,17.2453,58.2184,0.0000,17,0.000000e+0,-43.5,1
4,"Arequipa · pendiente -6 · N-S constante 6° · mono · alineadas ×1 · 8 filas · az -20°",21-jun,780,21.2561,55.8815,0.0000,17,0.000000e+0,-55,1
4,"Arequipa · pendiente -6 · N-S constante 6° · mono · alineadas ×1 · 8 filas · az -20°",21-jun,800,25.1539,53.2637,0.0000,17,0.000000e+0,-55,1
4,"Arequipa · pendiente -6 · N-S constante 6° · mono · alineadas ×1 · 8 filas · az -20°",21-jun,820,28.9146,50.3241,0.0000,17,0.000000e+0,-55,1
4,"Arequipa · pendiente -6 · N-S constante 6° · mono · alineadas ×1 · 8 filas · az -20°",21-jun,840,32.5098,47.0168,0.0000,17,0.000000e+0,-55,1
4,"Arequipa · pendiente -6 · N-S constante 6° · mono · alineadas ×1 · 8 filas · az -20°",21-jun,860,35.9052,43.2920,0.0000,17,0.000000e+0,-55,1
4,"Arequipa · pendiente -6 · N-S constante 6° · mono · alineadas ×1 · 8 filas · az -20°",21-jun,880,39.0602,39.0991,0.0000,17,0.000000e+0,-55,1
4,"Arequipa · pendiente -6 · N-S constante 6° · mono · alineadas ×1 · 8 filas · az -20°",21-jun,900,41.9268,34.3923,0.0000,17,0.000000e+0,-55,1
4,"Arequipa · pendiente -6 · N-S constante 6° · mono · alineadas ×1 · 8 filas · az -20°",21-jun,920,44.4499,29.1395,0.0000,17,0.000000e+0,-55,1
4,"Arequipa · pendiente -6 · N-S constante 6° · mono · alineadas ×1 · 8 filas · az -20°",21-jun,940,46.5693,23.3352,0.0000,17,0.000000e+0,-55,1
4,"Arequipa · pendiente -6 · N-S constante 6° · mono · alineadas ×1 · 8 filas · az -20°",21-jun,960,48.2231,17.0150,0.0000,17,0.000000e+0,-55,1
4,"Arequipa · pendiente -6 · N-S constante 6° · mono · alineadas ×1 · 8 filas · az -20°",21-jun,980,49.3544,10.2679,0.0000,17,0.000000e+0,-55,1
4,"Arequipa · pendiente -6 · N-S constante 6° · mono · alineadas ×1 · 8 filas · az -20°",21-jun,1000,49.9185,3.2390,0.0000,17,0.000000e+0,-55,1
4,"Arequipa · pendiente -6 · N-S constante 6° · mono · alineadas ×1 · 8 filas · az -20°",21-jun,1020,49.8916,356.1171,0.0000,17,0.000000e+0,-55,1
4,"Arequipa · pendiente -6 · N-S constante 6° · mono · alineadas ×1 · 8 filas · az -20°",21-jun,1040,49.2748,349.1064,0.0000,17,0.000000e+0,-55,1
4,"Arequipa · pendiente -6 · N-S constante 6° · mono · alineadas ×1 · 8 filas · az -20°",21-jun,1060,48.0942,342.3928,0.0000,17,0.000000e+0,-55,1
4,"Arequipa · pendiente -6 · N-S constante 6° · mono · alineadas ×1 · 8 filas · az -20°",21-jun,1080,46.3957,336.1165,0.0000,17,0.000000e+0,-55,1
4,"Arequipa · pendiente -6 · N-S constante 6° · mono · alineadas ×1 · 8 filas · az -20°",21-jun,1100,44.2372,330.3613,0.0000,17,0.000000e+0,-55,1
4,"Arequipa · pendiente -6 · N-S constante 6° · mono · alineadas ×1 · 8 filas · az -20°",21-jun,1120,41.6806,325.1587,0.0000,17,0.000000e+0,-55,1
4,"Arequipa · pendiente -6 · N-S constante 6° · mono · alineadas ×1 · 8 filas · az -20°",21-jun,1140,38.7857,320.5000,0.0000,17,0.000000e+0,-55,1
4,"Arequipa · pendiente -6 · N-S constante 6° · mono · alineadas ×1 · 8 filas · az -20°",21-jun,1160,35.6071,316.3514,0.0000,17,0.000000e+0,-55,1
4,"Arequipa · pendiente -6 · N-S constante 6° · mono · alineadas ×1 · 8 filas · az -20°",21-jun,1180,32.1920,312.6665,0.0000,17,0.000000e+0,-55,1
4,"Arequipa · pendiente -6 · N-S constante 6° · mono · alineadas ×1 · 8 filas · az -20°",21-jun,1200,28.5805,309.3944,0.0000,17,0.000000e+0,-55,1
4,"Arequipa · pendiente -6 · N-S constante 6° · mono · alineadas ×1 · 8 filas · az -20°",21-jun,1220,24.8063,306.4858,0.0000,17,0.000000e+0,-55,1
4,"Arequipa · pendiente -6 · N-S constante 6° · mono · alineadas ×1 · 8 filas · az -20°",21-jun,1240,20.8973,303.8950,0.0000,17,0.000000e+0,-55,1
4,"Arequipa · pendiente -6 · N-S constante 6° · mono · alineadas ×1 · 8 filas · az -20°",21-jun,1260,16.8774,301.5817,0.0000,17,0.000000e+0,-55,1
4,"Arequipa · pendiente -6 · N-S constante 6° · mono · alineadas ×1 · 8 filas · az -20°",21-jun,1280,12.7680,299.5110,0.0000,17,0.000000e+0,-41.5,1
4,"Arequipa · pendiente -6 · N-S constante 6° · mono · alineadas ×1 · 8 filas · az -20°",21-jun,1300,8.5930,297.6533,0.0000,17,0.000000e+0,-26,1
4,"Arequipa · pendiente -6 · N-S constante 6° · mono · alineadas ×1 · 8 filas · az -20°",21-jun,1320,4.3962,295.9837,0.0000,33,0.000000e+0,-15.5,1
4,"Arequipa · pendiente -6 · N-S constante 6° · mono · alineadas ×1 · 8 filas · az -20°",21-mar,680,6.1794,87.8345,0.0000,17,0.000000e+0,-14,1
4,"Arequipa · pendiente -6 · N-S constante 6° · mono · alineadas ×1 · 8 filas · az -20°",21-mar,700,10.9081,86.3640,0.0000,17,0.000000e+0,-31,1
4,"Arequipa · pendiente -6 · N-S constante 6° · mono · alineadas ×1 · 8 filas · az -20°",21-mar,720,15.6602,84.8431,0.0000,17,0.000000e+0,-48,1
4,"Arequipa · pendiente -6 · N-S constante 6° · mono · alineadas ×1 · 8 filas · az -20°",21-mar,740,20.4114,83.2469,0.0000,17,0.000000e+0,-55,1
4,"Arequipa · pendiente -6 · N-S constante 6° · mono · alineadas ×1 · 8 filas · az -20°",21-mar,760,25.1514,81.5460,0.0000,17,0.000000e+0,-55,1
4,"Arequipa · pendiente -6 · N-S constante 6° · mono · alineadas ×1 · 8 filas · az -20°",21-mar,780,29.8721,79.7046,0.0000,17,0.000000e+0,-55,1
4,"Arequipa · pendiente -6 · N-S constante 6° · mono · alineadas ×1 · 8 filas · az -20°",21-mar,800,34.5652,77.6773,0.0000,17,0.000000e+0,-55,1
4,"Arequipa · pendiente -6 · N-S constante 6° · mono · alineadas ×1 · 8 filas · az -20°",21-mar,820,39.2209,75.4045,0.0000,17,0.000000e+0,-55,1
4,"Arequipa · pendiente -6 · N-S constante 6° · mono · alineadas ×1 · 8 filas · az -20°",21-mar,840,43.8256,72.8064,0.0000,17,0.000000e+0,-55,1
4,"Arequipa · pendiente -6 · N-S constante 6° · mono · alineadas ×1 · 8 filas · az -20°",21-mar,860,48.3608,69.7727,0.0000,17,0.000000e+0,-55,1
4,"Arequipa · pendiente -6 · N-S constante 6° · mono · alineadas ×1 · 8 filas · az -20°",21-mar,880,52.7997,66.1475,0.0000,17,0.000000e+0,-55,1
4,"Arequipa · pendiente -6 · N-S constante 6° · mono · alineadas ×1 · 8 filas · az -20°",21-mar,900,57.1020,61.7065,0.0000,17,0.000000e+0,-55,1
4,"Arequipa · pendiente -6 · N-S constante 6° · mono · alineadas ×1 · 8 filas · az -20°",21-mar,920,61.2050,56.1234,0.0000,17,0.000000e+0,-55,1
4,"Arequipa · pendiente -6 · N-S constante 6° · mono · alineadas ×1 · 8 filas · az -20°",21-mar,940,65.0093,48.9323,0.0000,17,0.000000e+0,-55,1
4,"Arequipa · pendiente -6 · N-S constante 6° · mono · alineadas ×1 · 8 filas · az -20°",21-mar,960,68.3560,39.5174,0.0000,17,0.000000e+0,-55,1
4,"Arequipa · pendiente -6 · N-S constante 6° · mono · alineadas ×1 · 8 filas · az -20°",21-mar,980,71.0006,27.2555,0.0000,17,0.000000e+0,-55,1
4,"Arequipa · pendiente -6 · N-S constante 6° · mono · alineadas ×1 · 8 filas · az -20°",21-mar,1000,72.6192,12.0480,0.0000,17,0.000000e+0,-55,1
4,"Arequipa · pendiente -6 · N-S constante 6° · mono · alineadas ×1 · 8 filas · az -20°",21-mar,1020,72.9172,355.1449,0.0000,17,0.000000e+0,-55,1
4,"Arequipa · pendiente -6 · N-S constante 6° · mono · alineadas ×1 · 8 filas · az -20°",21-mar,1040,71.8293,338.9743,0.0000,17,0.000000e+0,-55,1
4,"Arequipa · pendiente -6 · N-S constante 6° · mono · alineadas ×1 · 8 filas · az -20°",21-mar,1060,69.5760,325.4193,0.0000,17,0.000000e+0,-55,1
4,"Arequipa · pendiente -6 · N-S constante 6° · mono · alineadas ×1 · 8 filas · az -20°",21-mar,1080,66.4904,314.8661,0.0000,17,0.000000e+0,-55,1
4,"Arequipa · pendiente -6 · N-S constante 6° · mono · alineadas ×1 · 8 filas · az -20°",21-mar,1100,62.8553,306.8185,0.0000,17,0.000000e+0,-55,1
4,"Arequipa · pendiente -6 · N-S constante 6° · mono · alineadas ×1 · 8 filas · az -20°",21-mar,1120,58.8631,300.6237,0.0000,17,0.000000e+0,-55,1
4,"Arequipa · pendiente -6 · N-S constante 6° · mono · alineadas ×1 · 8 filas · az -20°",21-mar,1140,54.6351,295.7491,0.0000,17,0.000000e+0,-55,1
4,"Arequipa · pendiente -6 · N-S constante 6° · mono · alineadas ×1 · 8 filas · az -20°",21-mar,1160,50.2473,291.8140,0.0000,17,0.000000e+0,-55,1
4,"Arequipa · pendiente -6 · N-S constante 6° · mono · alineadas ×1 · 8 filas · az -20°",21-mar,1180,45.7481,288.5555,0.0000,17,0.000000e+0,-55,1
4,"Arequipa · pendiente -6 · N-S constante 6° · mono · alineadas ×1 · 8 filas · az -20°",21-mar,1200,41.1691,285.7922,0.0000,17,0.000000e+0,-55,1
4,"Arequipa · pendiente -6 · N-S constante 6° · mono · alineadas ×1 · 8 filas · az -20°",21-mar,1220,36.5321,283.3969,0.0000,17,0.000000e+0,-55,1
4,"Arequipa · pendiente -6 · N-S constante 6° · mono · alineadas ×1 · 8 filas · az -20°",21-mar,1240,31.8523,281.2784,0.0000,17,0.000000e+0,-55,1
4,"Arequipa · pendiente -6 · N-S constante 6° · mono · alineadas ×1 · 8 filas · az -20°",21-mar,1260,27.1408,279.3695,0.0000,17,0.000000e+0,-55,1
4,"Arequipa · pendiente -6 · N-S constante 6° · mono · alineadas ×1 · 8 filas · az -20°",21-mar,1280,22.4065,277.6197,0.0000,17,0.000000e+0,-55,1
4,"Arequipa · pendiente -6 · N-S constante 6° · mono · alineadas ×1 · 8 filas · az -20°",21-mar,1300,17.6572,275.9894,0.0000,17,0.000000e+0,-55,1
4,"Arequipa · pendiente -6 · N-S constante 6° · mono · alineadas ×1 · 8 filas · az -20°",21-mar,1320,12.9018,274.4469,0.0000,17,0.000000e+0,-38,1
4,"Arequipa · pendiente -6 · N-S constante 6° · mono · alineadas ×1 · 8 filas · az -20°",21-mar,1340,8.1561,272.9659,0.0000,17,0.000000e+0,-26,1
4,"Arequipa · pendiente -6 · N-S constante 6° · mono · alineadas ×1 · 8 filas · az -20°",21-mar,1360,3.4752,271.5234,0.0000,33,0.000000e+0,-17.5,1
4,"Arequipa · pendiente -6 · N-S constante 6° · mono · alineadas ×1 · 8 filas · az -20°",21-dic,640,5.5090,112.8863,0.0000,33,0.000000e+0,-30.5,1
4,"Arequipa · pendiente -6 · N-S constante 6° · mono · alineadas ×1 · 8 filas · az -20°",21-dic,660,9.8795,111.6997,0.0000,17,0.000000e+0,-50,1
4,"Arequipa · pendiente -6 · N-S constante 6° · mono · alineadas ×1 · 8 filas · az -20°",21-dic,680,14.3190,110.6399,0.0000,17,0.000000e+0,-55,1
4,"Arequipa · pendiente -6 · N-S constante 6° · mono · alineadas ×1 · 8 filas · az -20°",21-dic,700,18.8002,109.7012,0.0000,17,0.000000e+0,-55,1
4,"Arequipa · pendiente -6 · N-S constante 6° · mono · alineadas ×1 · 8 filas · az -20°",21-dic,720,23.3118,108.8811,0.0000,17,0.000000e+0,-55,1
4,"Arequipa · pendiente -6 · N-S constante 6° · mono · alineadas ×1 · 8 filas · az -20°",21-dic,740,27.8469,108.1807,0.0000,17,0.000000e+0,-55,1
4,"Arequipa · pendiente -6 · N-S constante 6° · mono · alineadas ×1 · 8 filas · az -20°",21-dic,760,32.4005,107.6058,0.0000,17,0.000000e+0,-55,1
4,"Arequipa · pendiente -6 · N-S constante 6° · mono · alineadas ×1 · 8 filas · az -20°",21-dic,780,36.9680,107.1676,0.0000,17,0.000000e+0,-55,1
4,"Arequipa · pendiente -6 · N-S constante 6° · mono · alineadas ×1 · 8 filas · az -20°",21-dic,800,41.5453,106.8854,0.0000,17,0.000000e+0,-55,1
4,"Arequipa · pendiente -6 · N-S constante 6° · mono · alineadas ×1 · 8 filas · az -20°",21-dic,820,46.1277,106.7892,0.0000,17,0.000000e+0,-55,1
4,"Arequipa · pendiente -6 · N-S constante 6° · mono · alineadas ×1 · 8 filas · az -20°",21-dic,840,50.7102,106.9266,0.0000,17,0.000000e+0,-55,1
4,"Arequipa · pendiente -6 · N-S constante 6° · mono · alineadas ×1 · 8 filas · az -20°",21-dic,860,55.2860,107.3727,0.0000,17,0.000000e+0,-55,1
4,"Arequipa · pendiente -6 · N-S constante 6° · mono · alineadas ×1 · 8 filas · az -20°",21-dic,880,59.8457,108.2507,0.0000,17,0.000000e+0,-55,1
4,"Arequipa · pendiente -6 · N-S constante 6° · mono · alineadas ×1 · 8 filas · az -20°",21-dic,900,64.3745,109.7715,0.0000,17,0.000000e+0,-55,1
4,"Arequipa · pendiente -6 · N-S constante 6° · mono · alineadas ×1 · 8 filas · az -20°",21-dic,920,68.8464,112.3221,0.0000,17,0.000000e+0,-55,1
4,"Arequipa · pendiente -6 · N-S constante 6° · mono · alineadas ×1 · 8 filas · az -20°",21-dic,940,73.2097,116.6755,0.0000,17,0.000000e+0,-55,1
4,"Arequipa · pendiente -6 · N-S constante 6° · mono · alineadas ×1 · 8 filas · az -20°",21-dic,960,77.3452,124.5416,0.0000,17,0.000000e+0,-55,1
4,"Arequipa · pendiente -6 · N-S constante 6° · mono · alineadas ×1 · 8 filas · az -20°",21-dic,980,80.9293,139.9625,0.0000,17,0.000000e+0,-55,1
4,"Arequipa · pendiente -6 · N-S constante 6° · mono · alineadas ×1 · 8 filas · az -20°",21-dic,1000,83.0437,169.7235,0.0000,17,0.000000e+0,-55,1
4,"Arequipa · pendiente -6 · N-S constante 6° · mono · alineadas ×1 · 8 filas · az -20°",21-dic,1020,82.3507,206.0083,0.0000,17,0.000000e+0,-55,1
4,"Arequipa · pendiente -6 · N-S constante 6° · mono · alineadas ×1 · 8 filas · az -20°",21-dic,1040,79.3872,228.4830,0.0000,17,0.000000e+0,-55,1
4,"Arequipa · pendiente -6 · N-S constante 6° · mono · alineadas ×1 · 8 filas · az -20°",21-dic,1060,75.4845,239.6903,0.0000,17,0.000000e+0,-55,1
4,"Arequipa · pendiente -6 · N-S constante 6° · mono · alineadas ×1 · 8 filas · az -20°",21-dic,1080,71.2217,245.6266,0.0000,17,0.000000e+0,-55,1
4,"Arequipa · pendiente -6 · N-S constante 6° · mono · alineadas ×1 · 8 filas · az -20°",21-dic,1100,66.7992,249.0147,0.0000,17,0.000000e+0,-55,1
4,"Arequipa · pendiente -6 · N-S constante 6° · mono · alineadas ×1 · 8 filas · az -20°",21-dic,1120,62.2968,251.0263,0.0000,17,0.000000e+0,-55,1
4,"Arequipa · pendiente -6 · N-S constante 6° · mono · alineadas ×1 · 8 filas · az -20°",21-dic,1140,57.7514,252.2170,0.0000,17,0.000000e+0,-55,1
4,"Arequipa · pendiente -6 · N-S constante 6° · mono · alineadas ×1 · 8 filas · az -20°",21-dic,1160,53.1829,252.8767,0.0000,17,0.000000e+0,-55,1
4,"Arequipa · pendiente -6 · N-S constante 6° · mono · alineadas ×1 · 8 filas · az -20°",21-dic,1180,48.6031,253.1691,0.0000,17,0.000000e+0,-55,1
4,"Arequipa · pendiente -6 · N-S constante 6° · mono · alineadas ×1 · 8 filas · az -20°",21-dic,1200,44.0199,253.1917,0.0000,17,0.000000e+0,-55,1
4,"Arequipa · pendiente -6 · N-S constante 6° · mono · alineadas ×1 · 8 filas · az -20°",21-dic,1220,39.4393,253.0053,0.0000,17,0.000000e+0,-55,1
4,"Arequipa · pendiente -6 · N-S constante 6° · mono · alineadas ×1 · 8 filas · az -20°",21-dic,1240,34.8660,252.6483,0.0000,17,0.000000e+0,-55,1
4,"Arequipa · pendiente -6 · N-S constante 6° · mono · alineadas ×1 · 8 filas · az -20°",21-dic,1260,30.3044,252.1454,0.0000,17,0.000000e+0,-55,1
4,"Arequipa · pendiente -6 · N-S constante 6° · mono · alineadas ×1 · 8 filas · az -20°",21-dic,1280,25.7587,251.5118,0.0000,17,0.000000e+0,-55,1
4,"Arequipa · pendiente -6 · N-S constante 6° · mono · alineadas ×1 · 8 filas · az -20°",21-dic,1300,21.2337,250.7559,0.0000,17,0.000000e+0,-55,1
4,"Arequipa · pendiente -6 · N-S constante 6° · mono · alineadas ×1 · 8 filas · az -20°",21-dic,1320,16.7351,249.8813,0.0000,17,0.000000e+0,-55,1
4,"Arequipa · pendiente -6 · N-S constante 6° · mono · alineadas ×1 · 8 filas · az -20°",21-dic,1340,12.2712,248.8874,0.0000,17,0.000000e+0,-40.5,1
4,"Arequipa · pendiente -6 · N-S constante 6° · mono · alineadas ×1 · 8 filas · az -20°",21-dic,1360,7.8581,247.7702,0.0000,17,0.000000e+0,-29.5,1
4,"Arequipa · pendiente -6 · N-S constante 6° · mono · alineadas ×1 · 8 filas · az -20°",21-dic,1380,3.5464,246.5223,0.0000,33,0.000000e+0,-21.5,1
5,"Zaragoza · pendiente 10 · N-S aleatorio 3° · quebrado · bagnarelli ×2 · 10 filas · az -20°",21-jun,300,4.3153,62.0288,5.5775,56,8.403068e-3,-4.5,0
5,"Zaragoza · pendiente 10 · N-S aleatorio 3° · quebrado · bagnarelli ×2 · 10 filas · az -20°",21-jun,320,7.5953,65.1785,5.5775,28,0.000000e+0,-8,1
5,"Zaragoza · pendiente 10 · N-S aleatorio 3° · quebrado · bagnarelli ×2 · 10 filas · az -20°",21-jun,340,10.9965,68.2578,5.5775,28,4.463764e-4,-11,0
5,"Zaragoza · pendiente 10 · N-S aleatorio 3° · quebrado · bagnarelli ×2 · 10 filas · az -20°",21-jun,360,14.4858,71.2858,5.5775,28,0.000000e+0,-14.5,1
5,"Zaragoza · pendiente 10 · N-S aleatorio 3° · quebrado · bagnarelli ×2 · 10 filas · az -20°",21-jun,380,18.0452,74.2827,5.5775,28,0.000000e+0,-18,1
5,"Zaragoza · pendiente 10 · N-S aleatorio 3° · quebrado · bagnarelli ×2 · 10 filas · az -20°",21-jun,400,21.6612,77.2704,5.5775,28,0.000000e+0,-22,1
5,"Zaragoza · pendiente 10 · N-S aleatorio 3° · quebrado · bagnarelli ×2 · 10 filas · az -20°",21-jun,420,25.3226,80.2731,5.5775,28,0.000000e+0,-25.5,1
5,"Zaragoza · pendiente 10 · N-S aleatorio 3° · quebrado · bagnarelli ×2 · 10 filas · az -20°",21-jun,440,29.0187,83.3183,5.5775,28,0.000000e+0,-29.5,1
5,"Zaragoza · pendiente 10 · N-S aleatorio 3° · quebrado · bagnarelli ×2 · 10 filas · az -20°",21-jun,460,32.7391,86.4376,5.5775,28,0.000000e+0,-33.5,1
5,"Zaragoza · pendiente 10 · N-S aleatorio 3° · quebrado · bagnarelli ×2 · 10 filas · az -20°",21-jun,480,36.4729,89.6687,5.5775,28,0.000000e+0,-38.5,1
5,"Zaragoza · pendiente 10 · N-S aleatorio 3° · quebrado · bagnarelli ×2 · 10 filas · az -20°",21-jun,500,40.2084,93.0578,5.5775,28,0.000000e+0,-43,1
5,"Zaragoza · pendiente 10 · N-S aleatorio 3° · quebrado · bagnarelli ×2 · 10 filas · az -20°",21-jun,520,43.9319,96.6624,5.5775,28,0.000000e+0,-47,1
5,"Zaragoza · pendiente 10 · N-S aleatorio 3° · quebrado · bagnarelli ×2 · 10 filas · az -20°",21-jun,540,47.6271,100.5563,5.5775,28,0.000000e+0,-55,1
5,"Zaragoza · pendiente 10 · N-S aleatorio 3° · quebrado · bagnarelli ×2 · 10 filas · az -20°",21-jun,560,51.2734,104.8355,5.5775,28,0.000000e+0,-55,1
5,"Zaragoza · pendiente 10 · N-S aleatorio 3° · quebrado · bagnarelli ×2 · 10 filas · az -20°",21-jun,580,54.8437,109.6272,5.5775,28,0.000000e+0,-55,1
5,"Zaragoza · pendiente 10 · N-S aleatorio 3° · quebrado · bagnarelli ×2 · 10 filas · az -20°",21-jun,600,58.3011,115.1015,5.5775,28,0.000000e+0,-55,1
5,"Zaragoza · pendiente 10 · N-S aleatorio 3° · quebrado · bagnarelli ×2 · 10 filas · az -20°",21-jun,620,61.5938,121.4838,5.5775,28,0.000000e+0,-55,1
5,"Zaragoza · pendiente 10 · N-S aleatorio 3° · quebrado · bagnarelli ×2 · 10 filas · az -20°",21-jun,640,64.6480,129.0638,5.5775,28,0.000000e+0,-55,1
5,"Zaragoza · pendiente 10 · N-S aleatorio 3° · quebrado · bagnarelli ×2 · 10 filas · az -20°",21-jun,660,67.3579,138.1801,5.5775,28,0.000000e+0,-55,1
5,"Zaragoza · pendiente 10 · N-S aleatorio 3° · quebrado · bagnarelli ×2 · 10 filas · az -20°",21-jun,680,69.5784,149.1387,5.5775,28,0.000000e+0,-55,1
5,"Zaragoza · pendiente 10 · N-S aleatorio 3° · quebrado · bagnarelli ×2 · 10 filas · az -20°",21-jun,700,71.1301,162.0059,5.5775,28,0.000000e+0,-55,1
5,"Zaragoza · pendiente 10 · N-S aleatorio 3° · quebrado · bagnarelli ×2 · 10 filas · az -20°",21-jun,720,71.8368,176.3074,5.5775,28,0.000000e+0,-55,1
5,"Zaragoza · pendiente 10 · N-S aleatorio 3° · quebrado · bagnarelli ×2 · 10 filas · az -20°",21-jun,740,71.5993,190.9409,5.5775,28,0.000000e+0,-55,1
5,"Zaragoza · pendiente 10 · N-S aleatorio 3° · quebrado · bagnarelli ×2 · 10 filas · az -20°",21-jun,760,70.4524,204.6300,5.5775,28,0.000000e+0,-55,1
5,"Zaragoza · pendiente 10 · N-S aleatorio 3° · quebrado · bagnarelli ×2 · 10 filas · az -20°",21-jun,780,68.5438,216.5649,5.5775,28,0.000000e+0,-55,1
5,"Zaragoza · pendiente 10 · N-S aleatorio 3° · quebrado · bagnarelli ×2 · 10 filas · az -20°",21-jun,800,66.0587,226.5756,5.5775,28,0.000000e+0,-55,1
5,"Zaragoza · pendiente 10 · N-S aleatorio 3° · quebrado · bagnarelli ×2 · 10 filas · az -20°",21-jun,820,63.1617,234.8830,5.5775,28,0.000000e+0,-55,1
5,"Zaragoza · pendiente 10 · N-S aleatorio 3° · quebrado · bagnarelli ×2 · 10 filas · az -20°",21-jun,840,59.9777,241.8261,5.5775,28,0.000000e+0,7.5,1
5,"Zaragoza · pendiente 10 · N-S aleatorio 3° · quebrado · bagnarelli ×2 · 10 filas · az -20°",21-jun,860,56.5952,247.7238,5.5775,28,0.000000e+0,22.5,1
5,"Zaragoza · pendiente 10 · N-S aleatorio 3° · quebrado · bagnarelli ×2 · 10 filas · az -20°",21-jun,880,53.0761,252.8336,5.5775,28,0.000000e+0,33.5,1
5,"Zaragoza · pendiente 10 · N-S aleatorio 3° · quebrado · bagnarelli ×2 · 10 filas · az -20°",21-jun,900,49.4641,257.3516,5.5775,28,0.000000e+0,43.5,1
5,"Zaragoza · pendiente 10 · N-S aleatorio 3° · quebrado · bagnarelli ×2 · 10 filas · az -20°",21-jun,920,45.7905,261.4251,5.5775,28,0.000000e+0,46,1
5,"Zaragoza · pendiente 10 · N-S aleatorio 3° · quebrado · bagnarelli ×2 · 10 filas · az -20°",21-jun,940,42.0789,265.1644,5.5775,28,0.000000e+0,43.5,1
5,"Zaragoza · pendiente 10 · N-S aleatorio 3° · quebrado · bagnarelli ×2 · 10 filas · az -20°",21-jun,960,38.3476,268.6535,5.5775,28,2.265467e-3,40,0
5,"Zaragoza · pendiente 10 · N-S aleatorio 3° · quebrado · bagnarelli ×2 · 10 filas · az -20°",21-jun,980,34.6113,271.9575,5.5775,28,3.828509e-3,37,0
5,"Zaragoza · pendiente 10 · N-S aleatorio 3° · quebrado · bagnarelli ×2 · 10 filas · az -20°",21-jun,1000,30.8827,275.1277,5.5775,28,1.143017e-2,34,0
5,"Zaragoza · pendiente 10 · N-S aleatorio 3° · quebrado · bagnarelli ×2 · 10 filas · az -20°",21-jun,1020,27.1731,278.2058,5.5775,28,4.157994e-3,31,0
5,"Zaragoza · pendiente 10 · N-S aleatorio 3° · quebrado · bagnarelli ×2 · 10 filas · az -20°",21-jun,1040,23.4930,281.2261,5.5775,28,1.259655e-2,28,0
5,"Zaragoza · pendiente 10 · N-S aleatorio 3° · quebrado · bagnarelli ×2 · 10 filas · az -20°",21-jun,1060,19.8529,284.2181,5.5775,28,2.100026e-2,24,0
5,"Zaragoza · pendiente 10 · N-S aleatorio 3° · quebrado · bagnarelli ×2 · 10 filas · az -20°",21-jun,1080,16.2635,287.2075,5.5775,28,1.696785e-2,20,0
5,"Zaragoza · pendiente 10 · N-S aleatorio 3° · quebrado · bagnarelli ×2 · 10 filas · az -20°",21-jun,1100,12.7372,290.2173,5.5775,28,3.551381e-2,15,0
5,"Zaragoza · pendiente 10 · N-S aleatorio 3° · quebrado · bagnarelli ×2 · 10 filas · az -20°",21-jun,1120,9.2889,293.2684,5.5775,28,9.378606e-2,12.5,0
5,"Zaragoza · pendiente 10 · N-S aleatorio 3° · quebrado · bagnarelli ×2 · 10 filas · az -20°",21-jun,1140,5.9421,296.3805,5.5775,56,1.009209e-1,11,0
5,"Zaragoza · pendiente 10 · N-S aleatorio 3° · quebrado · bagnarelli ×2 · 10 filas · az -20°",21-jun,1160,2.7509,299.5720,5.5775,56,7.035618e-2,7.5,0
5,"Zaragoza · pendiente 10 · N-S aleatorio 3° · quebrado · bagnarelli ×2 · 10 filas · az -20°",21-mar,380,2.2529,91.3999,5.5775,56,1.275340e-2,-3,0
5,"Zaragoza · pendiente 10 · N-S aleatorio 3° · quebrado · bagnarelli ×2 · 10 filas · az -20°",21-mar,400,5.8504,94.7292,5.5775,56,8.659707e-3,-6,0
5,"Zaragoza · pendiente 10 · N-S aleatorio 3° · quebrado · bagnarelli ×2 · 10 filas · az -20°",21-mar,420,9.5200,98.1006,5.5775,28,1.365915e-2,-10,0
5,"Zaragoza · pendiente 10 · N-S aleatorio 3° · quebrado · bagnarelli ×2 · 10 filas · az -20°",21-mar,440,13.1842,101.5436,5.5775,28,1.019757e-2,-15.5,0
5,"Zaragoza · pendiente 10 · N-S aleatorio 3° · quebrado · bagnarelli ×2 · 10 filas · az -20°",21-mar,460,16.8132,105.0894,5.5775,28,1.137574e-2,-20,0
5,"Zaragoza · pendiente 10 · N-S aleatorio 3° · quebrado · bagnarelli ×2 · 10 filas · az -20°",21-mar,480,20.3859,108.7709,5.5775,28,0.000000e+0,-26,1
5,"Zaragoza · pendiente 10 · N-S aleatorio 3° · quebrado · bagnarelli ×2 · 10 filas · az -20°",21-mar,500,23.8823,112.6235,5.5775,28,0.000000e+0,-29.5,1
5,"Zaragoza · pendiente 10 · N-S aleatorio 3° · quebrado · bagnarelli ×2 · 10 filas · az -20°",21-mar,520,27.2812,116.6855,5.5775,28,0.000000e+0,-36,1
5,"Zaragoza · pendiente 10 · N-S aleatorio 3° · quebrado · bagnarelli ×2 · 10 filas · az -20°",21-mar,540,30.5584,120.9974,5.5775,28,0.000000e+0,-42,1
5,"Zaragoza · pendiente 10 · N-S aleatorio 3° · quebrado · bagnarelli ×2 · 10 filas · az -20°",21-mar,560,33.6866,125.6019,5.5775,28,0.000000e+0,-48,1
5,"Zaragoza · pendiente 10 · N-S aleatorio 3° · quebrado · bagnarelli ×2 · 10 filas · az -20°",21-mar,580,36.6339,130.5419,5.5775,28,0.000000e+0,-55,1
5,"Zaragoza · pendiente 10 · N-S aleatorio 3° · quebrado · bagnarelli ×2 · 10 filas · az -20°",21-mar,600,39.3642,135.8579,5.5775,28,0.000000e+0,-55,1
5,"Zaragoza · pendiente 10 · N-S aleatorio 3° · quebrado · bagnarelli ×2 · 10 filas · az -20°",21-mar,620,41.8362,141.5831,5.5775,28,0.000000e+0,-55,1
5,"Zaragoza · pendiente 10 · N-S aleatorio 3° · quebrado · bagnarelli ×2 · 10 filas · az -20°",21-mar,640,44.0046,147.7369,5.5775,28,0.000000e+0,-55,1
5,"Zaragoza · pendiente 10 · N-S aleatorio 3° · quebrado · bagnarelli ×2 · 10 filas · az -20°",21-mar,660,45.8219,154.3164,5.5775,28,0.000000e+0,-55,1
5,"Zaragoza · pendiente 10 · N-S aleatorio 3° · quebrado · bagnarelli ×2 · 10 filas · az -20°",21-mar,680,47.2408,161.2877,5.5775,28,0.000000e+0,-55,1
5,"Zaragoza · pendiente 10 · N-S aleatorio 3° · quebrado · bagnarelli ×2 · 10 filas · az -20°",21-mar,700,48.2189,168.5799,5.5775,28,0.000000e+0,-55,1
5,"Zaragoza · pendiente 10 · N-S aleatorio 3° · quebrado · bagnarelli ×2 · 10 filas · az -20°",21-mar,720,48.7237,176.0853,5.5775,28,0.000000e+0,-55,1
5,"Zaragoza · pendiente 10 · N-S aleatorio 3° · quebrado · bagnarelli ×2 · 10 filas · az -20°",21-mar,740,48.7373,183.6681,5.5775,28,0.000000e+0,-55,1
5,"Zaragoza · pendiente 10 · N-S aleatorio 3° · quebrado · bagnarelli ×2 · 10 filas · az -20°",21-mar,760,48.2591,191.1814,5.5775,28,0.000000e+0,-55,1
5,"Zaragoza · pendiente 10 · N-S aleatorio 3° · quebrado · bagnarelli ×2 · 10 filas · az -20°",21-mar,780,47.3064,198.4885,5.5775,28,0.000000e+0,5.5,1
5,"Zaragoza · pendiente 10 · N-S aleatorio 3° · quebrado · bagnarelli ×2 · 10 filas · az -20°",21-mar,800,45.9109,205.4797,5.5775,28,0.000000e+0,24.5,1
5,"Zaragoza · pendiente 10 · N-S aleatorio 3° · quebrado · bagnarelli ×2 · 10 filas · az -20°",21-mar,820,44.1149,212.0823,5.5775,28,0.000000e+0,38,1
5,"Zaragoza · pendiente 10 · N-S aleatorio 3° · quebrado · bagnarelli ×2 · 10 filas · az -20°",21-mar,840,41.9653,218.2604,5.5775,28,0.000000e+0,45,1
5,"Zaragoza · pendiente 10 · N-S aleatorio 3° · quebrado · bagnarelli ×2 · 10 filas · az -20°",21-mar,860,39.5099,224.0098,5.5775,28,6.412451e-3,42.5,0
5,"Zaragoza · pendiente 10 · N-S aleatorio 3° · quebrado · bagnarelli ×2 · 10 filas · az -20°",21-mar,880,36.7942,229.3489,5.5775,28,0.000000e+0,38.5,1
5,"Zaragoza · pendiente 10 · N-S aleatorio 3° · quebrado · bagnarelli ×2 · 10 filas · az -20°",21-mar,900,33.8596,234.3105,5.5775,28,3.883983e-3,34.5,0
5,"Zaragoza · pendiente 10 · N-S aleatorio 3° · quebrado · bagnarelli ×2 · 10 filas · az -20°",21-mar,920,30.7428,238.9347,5.5775,28,9.337464e-3,31,0
5,"Zaragoza · pendiente 10 · N-S aleatorio 3° · quebrado · bagnarelli ×2 · 10 filas · az -20°",21-mar,940,27.4756,243.2645,5.5775,28,8.063601e-3,27.5,0
5,"Zaragoza · pendiente 10 · N-S aleatorio 3° · quebrado · bagnarelli ×2 · 10 filas · az -20°",21-mar,960,24.0859,247.3426,5.5775,28,6.964575e-3,24,0
5,"Zaragoza · pendiente 10 · N-S aleatorio 3° · quebrado · bagnarelli ×2 · 10 filas · az -20°",21-mar,980,20.5978,251.2099,5.5775,28,0.000000e+0,20.5,1
5,"Zaragoza · pendiente 10 · N-S aleatorio 3° · quebrado · bagnarelli ×2 · 10 filas · az -20°",21-mar,1000,17.0327,254.9045,5.5775,28,1.144223e-2,17,0
5,"Zaragoza · pendiente 10 · N-S aleatorio 3° · quebrado · bagnarelli ×2 · 10 filas · az -20°",21-mar,1020,13.4108,258.4622,5.5775,28,1.364659e-2,13.5,0
5,"Zaragoza · pendiente 10 · N-S aleatorio 3° · quebrado · bagnarelli ×2 · 10 filas · az -20°",21-mar,1040,9.7530,261.9160,5.5775,28,5.641016e-2,10.5,0
5,"Zaragoza · pendiente 10 · N-S aleatorio 3° · quebrado · bagnarelli ×2 · 10 filas · az -20°",21-mar,1060,6.0879,265.2972,5.5775,28,2.405496e-2,7,0
5,"Zaragoza · pendiente 10 · N-S aleatorio 3° · quebrado · bagnarelli ×2 · 10 filas · az -20°",21-mar,1080,2.4866,268.6354,5.5775,56,8.205956e-3,2.5,0
5,"Zaragoza · pendiente 10 · N-S aleatorio 3° · quebrado · bagnarelli ×2 · 10 filas · az -20°",21-dic,480,4.5444,126.9401,5.5775,56,2.720477e-2,-8,0
5,"Zaragoza · pendiente 10 · N-S aleatorio 3° · quebrado · bagnarelli ×2 · 10 filas · az -20°",21-dic,500,7.4023,130.4970,5.5775,28,2.114039e-2,-15.5,0
5,"Zaragoza · pendiente 10 · N-S aleatorio 3° · quebrado · bagnarelli ×2 · 10 filas · az -20°",21-dic,520,10.1358,134.1991,5.5775,28,4.762022e-3,-19.5,0
5,"Zaragoza · pendiente 10 · N-S aleatorio 3° · quebrado · bagnarelli ×2 · 10 filas · az -20°",21-dic,540,12.7098,138.0581,5.5775,28,0.000000e+0,-27.5,1
5,"Zaragoza · pendiente 10 · N-S aleatorio 3° · quebrado · bagnarelli ×2 · 10 filas · az -20°",21-dic,560,15.0987,142.0828,5.5775,28,0.000000e+0,-36.5,1
5,"Zaragoza · pendiente 10 · N-S aleatorio 3° · quebrado · bagnarelli ×2 · 10 filas · az -20°",21-dic,580,17.2795,146.2782,5.5775,28,0.000000e+0,-55,1
5,"Zaragoza · pendiente 10 · N-S aleatorio 3° · quebrado · bagnarelli ×2 · 10 filas · az -20°",21-dic,600,19.2301,150.6447,5.5775,28,0.000000e+0,-55,1
5,"Zaragoza · pendiente 10 · N-S aleatorio 3° · quebrado · bagnarelli ×2 · 10 filas · az -20°",21-dic,620,20.9291,155.1771,5.5775,28,0.000000e+0,-55,1
5,"Zaragoza · pendiente 10 · N-S aleatorio 3° · quebrado · bagnarelli ×2 · 10 filas · az -20°",21-dic,640,22.3561,159.8636,5.5775,28,0.000000e+0,-55,1
5,"Zaragoza · pendiente 10 · N-S aleatorio 3° · quebrado · bagnarelli ×2 · 10 filas · az -20°",21-dic,660,23.4927,164.6856,5.5775,28,0.000000e+0,-55,1
5,"Zaragoza · pendiente 10 · N-S aleatorio 3° · quebrado · bagnarelli ×2 · 10 filas · az -20°",21-dic,680,24.3230,169.6174,5.5775,28,0.000000e+0,-55,1
5,"Zaragoza · pendiente 10 · N-S aleatorio 3° · quebrado · bagnarelli ×2 · 10 filas · az -20°",21-dic,700,24.8347,174.6273,5.5775,28,0.000000e+0,-55,1
5,"Zaragoza · pendiente 10 · N-S aleatorio 3° · quebrado · bagnarelli ×2 · 10 filas · az -20°",21-dic,720,25.0202,179.6788,5.5775,28,0.000000e+0,23.5,1
5,"Zaragoza · pendiente 10 · N-S aleatorio 3° · quebrado · bagnarelli ×2 · 10 filas · az -20°",21-dic,740,24.8764,184.7327,5.5775,28,0.000000e+0,43,1
5,"Zaragoza · pendiente 10 · N-S aleatorio 3° · quebrado · bagnarelli ×2 · 10 filas · az -20°",21-dic,760,24.4057,189.7500,5.5775,28,1.543496e-2,42,0
5,"Zaragoza · pendiente 10 · N-S aleatorio 3° · quebrado · bagnarelli ×2 · 10 filas · az -20°",21-dic,780,23.6152,194.6936,5.5775,28,1.862060e-2,37.5,0
5,"Zaragoza · pendiente 10 · N-S aleatorio 3° · quebrado · bagnarelli ×2 · 10 filas · az -20°",21-dic,800,22.5166,199.5310,5.5775,28,1.479020e-2,33,0
5,"Zaragoza · pendiente 10 · N-S aleatorio 3° · quebrado · bagnarelli ×2 · 10 filas · az -20°",21-dic,820,21.1254,204.2358,5.5775,28,1.360375e-2,29,0
5,"Zaragoza · pendiente 10 · N-S aleatorio 3° · quebrado · bagnarelli ×2 · 10 filas · az -20°",21-dic,840,19.4598,208.7885,5.5775,28,1.677142e-2,25,0
5,"Zaragoza · pendiente 10 · N-S aleatorio 3° · quebrado · bagnarelli ×2 · 10 filas · az -20°",21-dic,860,17.5399,213.1765,5.5775,28,2.154407e-2,21,0
5,"Zaragoza · pendiente 10 · N-S aleatorio 3° · quebrado · bagnarelli ×2 · 10 filas · az -20°",21-dic,880,15.3871,217.3936,5.5775,28,2.750223e-2,17.5,0
5,"Zaragoza · pendiente 10 · N-S aleatorio 3° · quebrado · bagnarelli ×2 · 10 filas · az -20°",21-dic,900,13.0234,221.4397,5.5775,28,4.946160e-2,13.5,0
5,"Zaragoza · pendiente 10 · N-S aleatorio 3° · quebrado · bagnarelli ×2 · 10 filas · az -20°",21-dic,920,10.4715,225.3193,5.5775,28,7.946559e-2,11,0
5,"Zaragoza · pendiente 10 · N-S aleatorio 3° · quebrado · bagnarelli ×2 · 10 filas · az -20°",21-dic,940,7.7566,229.0407,5.5775,28,5.543091e-2,8,0
5,"Zaragoza · pendiente 10 · N-S aleatorio 3° · quebrado · bagnarelli ×2 · 10 filas · az -20°",21-dic,960,4.9112,232.6152,5.5775,56,1.633630e-2,5.5,0
5,"Zaragoza · pendiente 10 · N-S aleatorio 3° · quebrado · bagnarelli ×2 · 10 filas · az -20°",21-dic,980,2.0112,236.0562,5.5775,56,8.246397e-3,2,0
6,"Arequipa · cresta 3 · N-S constante 0° · mono · bagnarelli ×1 · 10 filas · az 15°",21-jun,700,4.7742,63.8712,0.0000,28,8.082321e-1,-6.5,0
6,"Arequipa · cresta 3 · N-S constante 0° · mono · bagnarelli ×1 · 10 filas · az 15°",21-jun,720,8.9729,62.1856,0.0000,14,0.000000e+0,-27,1
6,"Arequipa · cresta 3 · N-S constante 0° · mono · bagnarelli ×1 · 10 filas · az 15°",21-jun,740,13.1432,60.3097,0.0000,14,0.000000e+0,-49.5,1
6,"Arequipa · cresta 3 · N-S constante 0° · mono · bagnarelli ×1 · 10 filas · az 15°",21-jun,760,17.2453,58.2184,0.0000,14,0.000000e+0,-55,1
6,"Arequipa · cresta 3 · N-S constante 0° · mono · bagnarelli ×1 · 10 filas · az 15°",21-jun,780,21.2561,55.8815,0.0000,14,0.000000e+0,-55,1
6,"Arequipa · cresta 3 · N-S constante 0° · mono · bagnarelli ×1 · 10 filas · az 15°",21-jun,800,25.1539,53.2637,0.0000,14,0.000000e+0,-55,1
6,"Arequipa · cresta 3 · N-S constante 0° · mono · bagnarelli ×1 · 10 filas · az 15°",21-jun,820,28.9146,50.3241,0.0000,14,0.000000e+0,-55,1
6,"Arequipa · cresta 3 · N-S constante 0° · mono · bagnarelli ×1 · 10 filas · az 15°",21-jun,840,32.5098,47.0168,0.0000,14,0.000000e+0,-55,1
6,"Arequipa · cresta 3 · N-S constante 0° · mono · bagnarelli ×1 · 10 filas · az 15°",21-jun,860,35.9052,43.2920,0.0000,14,0.000000e+0,-55,1
6,"Arequipa · cresta 3 · N-S constante 0° · mono · bagnarelli ×1 · 10 filas · az 15°",21-jun,880,39.0602,39.0991,0.0000,14,0.000000e+0,-55,1
6,"Arequipa · cresta 3 · N-S constante 0° · mono · bagnarelli ×1 · 10 filas · az 15°",21-jun,900,41.9268,34.3923,0.0000,14,0.000000e+0,-55,1
6,"Arequipa · cresta 3 · N-S constante 0° · mono · bagnarelli ×1 · 10 filas · az 15°",21-jun,920,44.4499,29.1395,0.0000,14,0.000000e+0,-55,1
6,"Arequipa · cresta 3 · N-S constante 0° · mono · bagnarelli ×1 · 10 filas · az 15°",21-jun,940,46.5693,23.3352,0.0000,14,0.000000e+0,-55,1
6,"Arequipa · cresta 3 · N-S constante 0° · mono · bagnarelli ×1 · 10 filas · az 15°",21-jun,960,48.2231,17.0150,0.0000,14,0.000000e+0,-55,1
6,"Arequipa · cresta 3 · N-S constante 0° · mono · bagnarelli ×1 · 10 filas · az 15°",21-jun,980,49.3544,10.2679,0.0000,14,0.000000e+0,-55,1
6,"Arequipa · cresta 3 · N-S constante 0° · mono · bagnarelli ×1 · 10 filas · az 15°",21-jun,1000,49.9185,3.2390,0.0000,14,0.000000e+0,-55,1
6,"Arequipa · cresta 3 · N-S constante 0° · mono · bagnarelli ×1 · 10 filas · az 15°",21-jun,1020,49.8916,356.1171,0.0000,14,0.000000e+0,-55,1
6,"Arequipa · cresta 3 · N-S constante 0° · mono · bagnarelli ×1 · 10 filas · az 15°",21-jun,1040,49.2748,349.1064,0.0000,14,0.000000e+0,-55,1
6,"Arequipa · cresta 3 · N-S constante 0° · mono · bagnarelli ×1 · 10 filas · az 15°",21-jun,1060,48.0942,342.3928,0.0000,14,0.000000e+0,-55,1
6,"Arequipa · cresta 3 · N-S constante 0° · mono · bagnarelli ×1 · 10 filas · az 15°",21-jun,1080,46.3957,336.1165,0.0000,14,0.000000e+0,-55,1
6,"Arequipa · cresta 3 · N-S constante 0° · mono · bagnarelli ×1 · 10 filas · az 15°",21-jun,1100,44.2372,330.3613,0.0000,14,0.000000e+0,-55,1
6,"Arequipa · cresta 3 · N-S constante 0° · mono · bagnarelli ×1 · 10 filas · az 15°",21-jun,1120,41.6806,325.1587,0.0000,14,0.000000e+0,-55,1
6,"Arequipa · cresta 3 · N-S constante 0° · mono · bagnarelli ×1 · 10 filas · az 15°",21-jun,1140,38.7857,320.5000,0.0000,14,0.000000e+0,-55,1
6,"Arequipa · cresta 3 · N-S constante 0° · mono · bagnarelli ×1 · 10 filas · az 15°",21-jun,1160,35.6071,316.3514,0.0000,14,0.000000e+0,-55,1
6,"Arequipa · cresta 3 · N-S constante 0° · mono · bagnarelli ×1 · 10 filas · az 15°",21-jun,1180,32.1920,312.6665,0.0000,14,0.000000e+0,-55,1
6,"Arequipa · cresta 3 · N-S constante 0° · mono · bagnarelli ×1 · 10 filas · az 15°",21-jun,1200,28.5805,309.3944,0.0000,14,0.000000e+0,-55,1
6,"Arequipa · cresta 3 · N-S constante 0° · mono · bagnarelli ×1 · 10 filas · az 15°",21-jun,1220,24.8063,306.4858,0.0000,14,0.000000e+0,-34,1
6,"Arequipa · cresta 3 · N-S constante 0° · mono · bagnarelli ×1 · 10 filas · az 15°",21-jun,1240,20.8973,303.8950,0.0000,14,0.000000e+0,-21,1
6,"Arequipa · cresta 3 · N-S constante 0° · mono · bagnarelli ×1 · 10 filas · az 15°",21-jun,1260,16.8774,301.5817,0.0000,14,0.000000e+0,-11.5,1
6,"Arequipa · cresta 3 · N-S constante 0° · mono · bagnarelli ×1 · 10 filas · az 15°",21-jun,1280,12.7680,299.5110,0.0000,14,0.000000e+0,-4,1
6,"Arequipa · cresta 3 · N-S constante 0° · mono · bagnarelli ×1 · 10 filas · az 15°",21-jun,1300,8.5930,297.6533,0.0000,14,0.000000e+0,3,1
6,"Arequipa · cresta 3 · N-S constante 0° · mono · bagnarelli ×1 · 10 filas · az 15°",21-jun,1320,4.3962,295.9837,0.0000,28,0.000000e+0,3,1
6,"Arequipa · cresta 3 · N-S constante 0° · mono · bagnarelli ×1 · 10 filas · az 15°",21-mar,680,6.1794,87.8345,0.0000,14,0.000000e+0,-6.5,1
6,"Arequipa · cresta 3 · N-S constante 0° · mono · bagnarelli ×1 · 10 filas · az 15°",21-mar,700,10.9081,86.3640,0.0000,14,0.000000e+0,-24.5,1
6,"Arequipa · cresta 3 · N-S constante 0° · mono · bagnarelli ×1 · 10 filas · az 15°",21-mar,720,15.6602,84.8431,0.0000,14,0.000000e+0,-43.5,1
6,"Arequipa · cresta 3 · N-S constante 0° · mono · bagnarelli ×1 · 10 filas · az 15°",21-mar,740,20.4114,83.2469,0.0000,14,0.000000e+0,-55,1
6,"Arequipa · cresta 3 · N-S constante 0° · mono · bagnarelli ×1 · 10 filas · az 15°",21-mar,760,25.1514,81.5460,0.0000,14,0.000000e+0,-55,1
6,"Arequipa · cresta 3 · N-S constante 0° · mono · bagnarelli ×1 · 10 filas · az 15°",21-mar,780,29.8721,79.7046,0.0000,14,0.000000e+0,-55,1
6,"Arequipa · cresta 3 · N-S constante 0° · mono · bagnarelli ×1 · 10 filas · az 15°",21-mar,800,34.5652,77.6773,0.0000,14,0.000000e+0,-55,1
6,"Arequipa · cresta 3 · N-S constante 0° · mono · bagnarelli ×1 · 10 filas · az 15°",21-mar,820,39.2209,75.4045,0.0000,14,0.000000e+0,-55,1
6,"Arequipa · cresta 3 · N-S constante 0° · mono · bagnarelli ×1 · 10 filas · az 15°",21-mar,840,43.8256,72.8064,0.0000,14,0.000000e+0,-55,1
6,"Arequipa · cresta 3 · N-S constante 0° · mono · bagnarelli ×1 · 10 filas · az 15°",21-mar,860,48.3608,69.7727,0.0000,14,0.000000e+0,-55,1
6,"Arequipa · cresta 3 · N-S constante 0° · mono · bagnarelli ×1 · 10 filas · az 15°",21-mar,880,52.7997,66.1475,0.0000,14,0.000000e+0,-55,1
6,"Arequipa · cresta 3 · N-S constante 0° · mono · bagnarelli ×1 · 10 filas · az 15°",21-mar,900,57.1020,61.7065,0.0000,14,0.000000e+0,-55,1
6,"Arequipa · cresta 3 · N-S constante 0° · mono · bagnarelli ×1 · 10 filas · az 15°",21-mar,920,61.2050,56.1234,0.0000,14,0.000000e+0,-55,1
6,"Arequipa · cresta 3 · N-S constante 0° · mono · bagnarelli ×1 · 10 filas · az 15°",21-mar,940,65.0093,48.9323,0.0000,14,0.000000e+0,-55,1
6,"Arequipa · cresta 3 · N-S constante 0° · mono · bagnarelli ×1 · 10 filas · az 15°",21-mar,960,68.3560,39.5174,0.0000,14,0.000000e+0,-55,1
6,"Arequipa · cresta 3 · N-S constante 0° · mono · bagnarelli ×1 · 10 filas · az 15°",21-mar,980,71.0006,27.2555,0.0000,14,0.000000e+0,-55,1
6,"Arequipa · cresta 3 · N-S constante 0° · mono · bagnarelli ×1 · 10 filas · az 15°",21-mar,1000,72.6192,12.0480,0.0000,14,0.000000e+0,-55,1
6,"Arequipa · cresta 3 · N-S constante 0° · mono · bagnarelli ×1 · 10 filas · az 15°",21-mar,1020,72.9172,355.1449,0.0000,14,0.000000e+0,-55,1
6,"Arequipa · cresta 3 · N-S constante 0° · mono · bagnarelli ×1 · 10 filas · az 15°",21-mar,1040,71.8293,338.9743,0.0000,14,0.000000e+0,-55,1
6,"Arequipa · cresta 3 · N-S constante 0° · mono · bagnarelli ×1 · 10 filas · az 15°",21-mar,1060,69.5760,325.4193,0.0000,14,0.000000e+0,-55,1
6,"Arequipa · cresta 3 · N-S constante 0° · mono · bagnarelli ×1 · 10 filas · az 15°",21-mar,1080,66.4904,314.8661,0.0000,14,0.000000e+0,-55,1
6,"Arequipa · cresta 3 · N-S constante 0° · mono · bagnarelli ×1 · 10 filas · az 15°",21-mar,1100,62.8553,306.8185,0.0000,14,0.000000e+0,-55,1
6,"Arequipa · cresta 3 · N-S constante 0° · mono · bagnarelli ×1 · 10 filas · az 15°",21-mar,1120,58.8631,300.6237,0.0000,14,0.000000e+0,-55,1
6,"Arequipa · cresta 3 · N-S constante 0° · mono · bagnarelli ×1 · 10 filas · az 15°",21-mar,1140,54.6351,295.7491,0.0000,14,0.000000e+0,-55,1
6,"Arequipa · cresta 3 · N-S constante 0° · mono · bagnarelli ×1 · 10 filas · az 15°",21-mar,1160,50.2473,291.8140,0.0000,14,0.000000e+0,-55,1
6,"Arequipa · cresta 3 · N-S constante 0° · mono · bagnarelli ×1 · 10 filas · az 15°",21-mar,1180,45.7481,288.5555,0.0000,14,0.000000e+0,-55,1
6,"Arequipa · cresta 3 · N-S constante 0° · mono · bagnarelli ×1 · 10 filas · az 15°",21-mar,1200,41.1691,285.7922,0.0000,14,0.000000e+0,-55,1
6,"Arequipa · cresta 3 · N-S constante 0° · mono · bagnarelli ×1 · 10 filas · az 15°",21-mar,1220,36.5321,283.3969,0.0000,14,0.000000e+0,-55,1
6,"Arequipa · cresta 3 · N-S constante 0° · mono · bagnarelli ×1 · 10 filas · az 15°",21-mar,1240,31.8523,281.2784,0.0000,14,0.000000e+0,-55,1
6,"Arequipa · cresta 3 · N-S constante 0° · mono · bagnarelli ×1 · 10 filas · az 15°",21-mar,1260,27.1408,279.3695,0.0000,14,0.000000e+0,-37.5,1
6,"Arequipa · cresta 3 · N-S constante 0° · mono · bagnarelli ×1 · 10 filas · az 15°",21-mar,1280,22.4065,277.6197,0.0000,14,0.000000e+0,-22.5,1
6,"Arequipa · cresta 3 · N-S constante 0° · mono · bagnarelli ×1 · 10 filas · az 15°",21-mar,1300,17.6572,275.9894,0.0000,14,0.000000e+0,-12.5,1
6,"Arequipa · cresta 3 · N-S constante 0° · mono · bagnarelli ×1 · 10 filas · az 15°",21-mar,1320,12.9018,274.4469,0.0000,14,0.000000e+0,-4,1
6,"Arequipa · cresta 3 · N-S constante 0° · mono · bagnarelli ×1 · 10 filas · az 15°",21-mar,1340,8.1561,272.9659,0.0000,14,0.000000e+0,3.5,1
6,"Arequipa · cresta 3 · N-S constante 0° · mono · bagnarelli ×1 · 10 filas · az 15°",21-mar,1360,3.4752,271.5234,0.0000,28,0.000000e+0,2,1
6,"Arequipa · cresta 3 · N-S constante 0° · mono · bagnarelli ×1 · 10 filas · az 15°",21-dic,640,5.5090,112.8863,0.0000,28,0.000000e+0,-7.5,1
6,"Arequipa · cresta 3 · N-S constante 0° · mono · bagnarelli ×1 · 10 filas · az 15°",21-dic,660,9.8795,111.6997,0.0000,14,0.000000e+0,-19,1
6,"Arequipa · cresta 3 · N-S constante 0° · mono · bagnarelli ×1 · 10 filas · az 15°",21-dic,680,14.3190,110.6399,0.0000,14,0.000000e+0,-35,1
6,"Arequipa · cresta 3 · N-S constante 0° · mono · bagnarelli ×1 · 10 filas · az 15°",21-dic,700,18.8002,109.7012,0.0000,14,0.000000e+0,-52,1
6,"Arequipa · cresta 3 · N-S constante 0° · mono · bagnarelli ×1 · 10 filas · az 15°",21-dic,720,23.3118,108.8811,0.0000,14,0.000000e+0,-55,1
6,"Arequipa · cresta 3 · N-S constante 0° · mono · bagnarelli ×1 · 10 filas · az 15°",21-dic,740,27.8469,108.1807,0.0000,14,0.000000e+0,-55,1
6,"Arequipa · cresta 3 · N-S constante 0° · mono · bagnarelli ×1 · 10 filas · az 15°",21-dic,760,32.4005,107.6058,0.0000,14,0.000000e+0,-55,1
6,"Arequipa · cresta 3 · N-S constante 0° · mono · bagnarelli ×1 · 10 filas · az 15°",21-dic,780,36.9680,107.1676,0.0000,14,0.000000e+0,-55,1
6,"Arequipa · cresta 3 · N-S constante 0° · mono · bagnarelli ×1 · 10 filas · az 15°",21-dic,800,41.5453,106.8854,0.0000,14,0.000000e+0,-55,1
6,"Arequipa · cresta 3 · N-S constante 0° · mono · bagnarelli ×1 · 10 filas · az 15°",21-dic,820,46.1277,106.7892,0.0000,14,0.000000e+0,-55,1
6,"Arequipa · cresta 3 · N-S constante 0° · mono · bagnarelli ×1 · 10 filas · az 15°",21-dic,840,50.7102,106.9266,0.0000,14,0.000000e+0,-55,1
6,"Arequipa · cresta 3 · N-S constante 0° · mono · bagnarelli ×1 · 10 filas · az 15°",21-dic,860,55.2860,107.3727,0.0000,14,0.000000e+0,-55,1
6,"Arequipa · cresta 3 · N-S constante 0° · mono · bagnarelli ×1 · 10 filas · az 15°",21-dic,880,59.8457,108.2507,0.0000,14,0.000000e+0,-55,1
6,"Arequipa · cresta 3 · N-S constante 0° · mono · bagnarelli ×1 · 10 filas · az 15°",21-dic,900,64.3745,109.7715,0.0000,14,0.000000e+0,-55,1
6,"Arequipa · cresta 3 · N-S constante 0° · mono · bagnarelli ×1 · 10 filas · az 15°",21-dic,920,68.8464,112.3221,0.0000,14,0.000000e+0,-55,1
6,"Arequipa · cresta 3 · N-S constante 0° · mono · bagnarelli ×1 · 10 filas · az 15°",21-dic,940,73.2097,116.6755,0.0000,14,0.000000e+0,-55,1
6,"Arequipa · cresta 3 · N-S constante 0° · mono · bagnarelli ×1 · 10 filas · az 15°",21-dic,960,77.3452,124.5416,0.0000,14,0.000000e+0,-55,1
6,"Arequipa · cresta 3 · N-S constante 0° · mono · bagnarelli ×1 · 10 filas · az 15°",21-dic,980,80.9293,139.9625,0.0000,14,0.000000e+0,-55,1
6,"Arequipa · cresta 3 · N-S constante 0° · mono · bagnarelli ×1 · 10 filas · az 15°",21-dic,1000,83.0437,169.7235,0.0000,14,0.000000e+0,-55,1
6,"Arequipa · cresta 3 · N-S constante 0° · mono · bagnarelli ×1 · 10 filas · az 15°",21-dic,1020,82.3507,206.0083,0.0000,14,0.000000e+0,-55,1
6,"Arequipa · cresta 3 · N-S constante 0° · mono · bagnarelli ×1 · 10 filas · az 15°",21-dic,1040,79.3872,228.4830,0.0000,14,0.000000e+0,-55,1
6,"Arequipa · cresta 3 · N-S constante 0° · mono · bagnarelli ×1 · 10 filas · az 15°",21-dic,1060,75.4845,239.6903,0.0000,14,0.000000e+0,-55,1
6,"Arequipa · cresta 3 · N-S constante 0° · mono · bagnarelli ×1 · 10 filas · az 15°",21-dic,1080,71.2217,245.6266,0.0000,14,0.000000e+0,-55,1
6,"Arequipa · cresta 3 · N-S constante 0° · mono · bagnarelli ×1 · 10 filas · az 15°",21-dic,1100,66.7992,249.0147,0.0000,14,0.000000e+0,-55,1
6,"Arequipa · cresta 3 · N-S constante 0° · mono · bagnarelli ×1 · 10 filas · az 15°",21-dic,1120,62.2968,251.0263,0.0000,14,0.000000e+0,-55,1
6,"Arequipa · cresta 3 · N-S constante 0° · mono · bagnarelli ×1 · 10 filas · az 15°",21-dic,1140,57.7514,252.2170,0.0000,14,0.000000e+0,-55,1
6,"Arequipa · cresta 3 · N-S constante 0° · mono · bagnarelli ×1 · 10 filas · az 15°",21-dic,1160,53.1829,252.8767,0.0000,14,0.000000e+0,-55,1
6,"Arequipa · cresta 3 · N-S constante 0° · mono · bagnarelli ×1 · 10 filas · az 15°",21-dic,1180,48.6031,253.1691,0.0000,14,0.000000e+0,-55,1
6,"Arequipa · cresta 3 · N-S constante 0° · mono · bagnarelli ×1 · 10 filas · az 15°",21-dic,1200,44.0199,253.1917,0.0000,14,0.000000e+0,-55,1
6,"Arequipa · cresta 3 · N-S constante 0° · mono · bagnarelli ×1 · 10 filas · az 15°",21-dic,1220,39.4393,253.0053,0.0000,14,0.000000e+0,-55,1
6,"Arequipa · cresta 3 · N-S constante 0° · mono · bagnarelli ×1 · 10 filas · az 15°",21-dic,1240,34.8660,252.6483,0.0000,14,0.000000e+0,-55,1
6,"Arequipa · cresta 3 · N-S constante 0° · mono · bagnarelli ×1 · 10 filas · az 15°",21-dic,1260,30.3044,252.1454,0.0000,14,0.000000e+0,-55,1
6,"Arequipa · cresta 3 · N-S constante 0° · mono · bagnarelli ×1 · 10 filas · az 15°",21-dic,1280,25.7587,251.5118,0.0000,14,0.000000e+0,-55,1
6,"Arequipa · cresta 3 · N-S constante 0° · mono · bagnarelli ×1 · 10 filas · az 15°",21-dic,1300,21.2337,250.7559,0.0000,14,0.000000e+0,-29.5,1
6,"Arequipa · cresta 3 · N-S constante 0° · mono · bagnarelli ×1 · 10 filas · az 15°",21-dic,1320,16.7351,249.8813,0.0000,14,0.000000e+0,-17,1
6,"Arequipa · cresta 3 · N-S constante 0° · mono · bagnarelli ×1 · 10 filas · az 15°",21-dic,1340,12.2712,248.8874,0.0000,14,0.000000e+0,-7.5,1
6,"Arequipa · cresta 3 · N-S constante 0° · mono · bagnarelli ×1 · 10 filas · az 15°",21-dic,1360,7.8581,247.7702,0.0000,14,0.000000e+0,1,1
6,"Arequipa · cresta 3 · N-S constante 0° · mono · bagnarelli ×1 · 10 filas · az 15°",21-dic,1380,3.5464,246.5223,0.0000,28,0.000000e+0,2.5,1
7,"Arequipa · pendiente 6 · N-S rotula 2° · mono · alineadas ×1 · 8 filas · az 0°",21-jun,700,4.7742,63.8712,0.0000,33,0.000000e+0,-35,1
7,"Arequipa · pendiente 6 · N-S rotula 2° · mono · alineadas ×1 · 8 filas · az 0°",21-jun,720,8.9729,62.1856,0.0000,17,0.000000e+0,-54.5,1
7,"Arequipa · pendiente 6 · N-S rotula 2° · mono · alineadas ×1 · 8 filas · az 0°",21-jun,740,13.1432,60.3097,0.0000,17,0.000000e+0,-55,1
7,"Arequipa · pendiente 6 · N-S rotula 2° · mono · alineadas ×1 · 8 filas · az 0°",21-jun,760,17.2453,58.2184,0.0000,17,0.000000e+0,-55,1
7,"Arequipa · pendiente 6 · N-S rotula 2° · mono · alineadas ×1 · 8 filas · az 0°",21-jun,780,21.2561,55.8815,0.0000,17,0.000000e+0,-55,1
7,"Arequipa · pendiente 6 · N-S rotula 2° · mono · alineadas ×1 · 8 filas · az 0°",21-jun,800,25.1539,53.2637,0.0000,17,0.000000e+0,-55,1
7,"Arequipa · pendiente 6 · N-S rotula 2° · mono · alineadas ×1 · 8 filas · az 0°",21-jun,820,28.9146,50.3241,0.0000,17,0.000000e+0,-55,1
7,"Arequipa · pendiente 6 · N-S rotula 2° · mono · alineadas ×1 · 8 filas · az 0°",21-jun,840,32.5098,47.0168,0.0000,17,0.000000e+0,-55,1
7,"Arequipa · pendiente 6 · N-S rotula 2° · mono · alineadas ×1 · 8 filas · az 0°",21-jun,860,35.9052,43.2920,0.0000,17,0.000000e+0,-55,1
7,"Arequipa · pendiente 6 · N-S rotula 2° · mono · alineadas ×1 · 8 filas · az 0°",21-jun,880,39.0602,39.0991,0.0000,17,0.000000e+0,-55,1
7,"Arequipa · pendiente 6 · N-S rotula 2° · mono · alineadas ×1 · 8 filas · az 0°",21-jun,900,41.9268,34.3923,0.0000,17,0.000000e+0,-55,1
7,"Arequipa · pendiente 6 · N-S rotula 2° · mono · alineadas ×1 · 8 filas · az 0°",21-jun,920,44.4499,29.1395,0.0000,17,0.000000e+0,-55,1
7,"Arequipa · pendiente 6 · N-S rotula 2° · mono · alineadas ×1 · 8 filas · az 0°",21-jun,940,46.5693,23.3352,0.0000,17,0.000000e+0,-55,1
7,"Arequipa · pendiente 6 · N-S rotula 2° · mono · alineadas ×1 · 8 filas · az 0°",21-jun,960,48.2231,17.0150,0.0000,17,0.000000e+0,-55,1
7,"Arequipa · pendiente 6 · N-S rotula 2° · mono · alineadas ×1 · 8 filas · az 0°",21-jun,980,49.3544,10.2679,0.0000,17,0.000000e+0,-55,1
7,"Arequipa · pendiente 6 · N-S rotula 2° · mono · alineadas ×1 · 8 filas · az 0°",21-jun,1000,49.9185,3.2390,0.0000,17,0.000000e+0,-55,1
7,"Arequipa · pendiente 6 · N-S rotula 2° · mono · alineadas ×1 · 8 filas · az 0°",21-jun,1020,49.8916,356.1171,0.0000,17,0.000000e+0,-55,1
7,"Arequipa · pendiente 6 · N-S rotula 2° · mono · alineadas ×1 · 8 filas · az 0°",21-jun,1040,49.2748,349.1064,0.0000,17,0.000000e+0,-55,1
7,"Arequipa · pendiente 6 · N-S rotula 2° · mono · alineadas ×1 · 8 filas · az 0°",21-jun,1060,48.0942,342.3928,0.0000,17,0.000000e+0,-55,1
7,"Arequipa · pendiente 6 · N-S rotula 2° · mono · alineadas ×1 · 8 filas · az 0°",21-jun,1080,46.3957,336.1165,0.0000,17,0.000000e+0,-55,1
7,"Arequipa · pendiente 6 · N-S rotula 2° · mono · alineadas ×1 · 8 filas · az 0°",21-jun,1100,44.2372,330.3613,0.0000,17,0.000000e+0,-55,1
7,"Arequipa · pendiente 6 · N-S rotula 2° · mono · alineadas ×1 · 8 filas · az 0°",21-jun,1120,41.6806,325.1587,0.0000,17,0.000000e+0,-55,1
7,"Arequipa · pendiente 6 · N-S rotula 2° · mono · alineadas ×1 · 8 filas · az 0°",21-jun,1140,38.7857,320.5000,0.0000,17,0.000000e+0,-55,1
7,"Arequipa · pendiente 6 · N-S rotula 2° · mono · alineadas ×1 · 8 filas · az 0°",21-jun,1160,35.6071,316.3514,0.0000,17,0.000000e+0,-55,1
7,"Arequipa · pendiente 6 · N-S rotula 2° · mono · alineadas ×1 · 8 filas · az 0°",21-jun,1180,32.1920,312.6665,0.0000,17,0.000000e+0,-55,1
7,"Arequipa · pendiente 6 · N-S rotula 2° · mono · alineadas ×1 · 8 filas · az 0°",21-jun,1200,28.5805,309.3944,0.0000,17,0.000000e+0,-55,1
7,"Arequipa · pendiente 6 · N-S rotula 2° · mono · alineadas ×1 · 8 filas · az 0°",21-jun,1220,24.8063,306.4858,0.0000,17,0.000000e+0,-55,1
7,"Arequipa · pendiente 6 · N-S rotula 2° · mono · alineadas ×1 · 8 filas · az 0°",21-jun,1240,20.8973,303.8950,0.0000,17,0.000000e+0,-29.5,1
7,"Arequipa · pendiente 6 · N-S rotula 2° · mono · alineadas ×1 · 8 filas · az 0°",21-jun,1260,16.8774,301.5817,0.0000,17,0.000000e+0,-16.5,1
7,"Arequipa · pendiente 6 · N-S rotula 2° · mono · alineadas ×1 · 8 filas · az 0°",21-jun,1280,12.7680,299.5110,0.0000,17,0.000000e+0,-7.5,1
7,"Arequipa · pendiente 6 · N-S rotula 2° · mono · alineadas ×1 · 8 filas · az 0°",21-jun,1300,8.5930,297.6533,0.0000,17,0.000000e+0,0.5,1
7,"Arequipa · pendiente 6 · N-S rotula 2° · mono · alineadas ×1 · 8 filas · az 0°",21-jun,1320,4.3962,295.9837,0.0000,33,0.000000e+0,2.5,1
7,"Arequipa · pendiente 6 · N-S rotula 2° · mono · alineadas ×1 · 8 filas · az 0°",21-mar,680,6.1794,87.8345,0.0000,17,0.000000e+0,-38,1
7,"Arequipa · pendiente 6 · N-S rotula 2° · mono · alineadas ×1 · 8 filas · az 0°",21-mar,700,10.9081,86.3640,0.0000,17,0.000000e+0,-55,1
7,"Arequipa · pendiente 6 · N-S rotula 2° · mono · alineadas ×1 · 8 filas · az 0°",21-mar,720,15.6602,84.8431,0.0000,17,0.000000e+0,-55,1
7,"Arequipa · pendiente 6 · N-S rotula 2° · mono · alineadas ×1 · 8 filas · az 0°",21-mar,740,20.4114,83.2469,0.0000,17,0.000000e+0,-55,1
7,"Arequipa · pendiente 6 · N-S rotula 2° · mono · alineadas ×1 · 8 filas · az 0°",21-mar,760,25.1514,81.5460,0.0000,17,0.000000e+0,-55,1
7,"Arequipa · pendiente 6 · N-S rotula 2° · mono · alineadas ×1 · 8 filas · az 0°",21-mar,780,29.8721,79.7046,0.0000,17,0.000000e+0,-55,1
7,"Arequipa · pendiente 6 · N-S rotula 2° · mono · alineadas ×1 · 8 filas · az 0°",21-mar,800,34.5652,77.6773,0.0000,17,0.000000e+0,-55,1
7,"Arequipa · pendiente 6 · N-S rotula 2° · mono · alineadas ×1 · 8 filas · az 0°",21-mar,820,39.2209,75.4045,0.0000,17,0.000000e+0,-55,1
7,"Arequipa · pendiente 6 · N-S rotula 2° · mono · alineadas ×1 · 8 filas · az 0°",21-mar,840,43.8256,72.8064,0.0000,17,0.000000e+0,-55,1
7,"Arequipa · pendiente 6 · N-S rotula 2° · mono · alineadas ×1 · 8 filas · az 0°",21-mar,860,48.3608,69.7727,0.0000,17,0.000000e+0,-55,1
7,"Arequipa · pendiente 6 · N-S rotula 2° · mono · alineadas ×1 · 8 filas · az 0°",21-mar,880,52.7997,66.1475,0.0000,17,0.000000e+0,-55,1
7,"Arequipa · pendiente 6 · N-S rotula 2° · mono · alineadas ×1 · 8 filas · az 0°",21-mar,900,57.1020,61.7065,0.0000,17,0.000000e+0,-55,1
7,"Arequipa · pendiente 6 · N-S rotula 2° · mono · alineadas ×1 · 8 filas · az 0°",21-mar,920,61.2050,56.1234,0.0000,17,0.000000e+0,-55,1
7,"Arequipa · pendiente 6 · N-S rotula 2° · mono · alineadas ×1 · 8 filas · az 0°",21-mar,940,65.0093,48.9323,0.0000,17,0.000000e+0,-55,1
7,"Arequipa · pendiente 6 · N-S rotula 2° · mono · alineadas ×1 · 8 filas · az 0°",21-mar,960,68.3560,39.5174,0.0000,17,0.000000e+0,-55,1
7,"Arequipa · pendiente 6 · N-S rotula 2° · mono · alineadas ×1 · 8 filas · az 0°",21-mar,980,71.0006,27.2555,0.0000,17,0.000000e+0,-55,1
7,"Arequipa · pendiente 6 · N-S rotula 2° · mono · alineadas ×1 · 8 filas · az 0°",21-mar,1000,72.6192,12.0480,0.0000,17,0.000000e+0,-55,1
7,"Arequipa · pendiente 6 · N-S rotula 2° · mono · alineadas ×1 · 8 filas · az 0°",21-mar,1020,72.9172,355.1449,0.0000,17,0.000000e+0,-55,1
7,"Arequipa · pendiente 6 · N-S rotula 2° · mono · alineadas ×1 · 8 filas · az 0°",21-mar,1040,71.8293,338.9743,0.0000,17,0.000000e+0,-55,1
7,"Arequipa · pendiente 6 · N-S rotula 2° · mono · alineadas ×1 · 8 filas · az 0°",21-mar,1060,69.5760,325.4193,0.0000,17,0.000000e+0,-55,1
7,"Arequipa · pendiente 6 · N-S rotula 2° · mono · alineadas ×1 · 8 filas · az 0°",21-mar,1080,66.4904,314.8661,0.0000,17,0.000000e+0,-55,1
7,"Arequipa · pendiente 6 · N-S rotula 2° · mono · alineadas ×1 · 8 filas · az 0°",21-mar,1100,62.8553,306.8185,0.0000,17,0.000000e+0,-55,1
7,"Arequipa · pendiente 6 · N-S rotula 2° · mono · alineadas ×1 · 8 filas · az 0°",21-mar,1120,58.8631,300.6237,0.0000,17,0.000000e+0,-55,1
7,"Arequipa · pendiente 6 · N-S rotula 2° · mono · alineadas ×1 · 8 filas · az 0°",21-mar,1140,54.6351,295.7491,0.0000,17,0.000000e+0,-55,1
7,"Arequipa · pendiente 6 · N-S rotula 2° · mono · alineadas ×1 · 8 filas · az 0°",21-mar,1160,50.2473,291.8140,0.0000,17,0.000000e+0,-55,1
7,"Arequipa · pendiente 6 · N-S rotula 2° · mono · alineadas ×1 · 8 filas · az 0°",21-mar,1180,45.7481,288.5555,0.0000,17,0.000000e+0,-55,1
7,"Arequipa · pendiente 6 · N-S rotula 2° · mono · alineadas ×1 · 8 filas · az 0°",21-mar,1200,41.1691,285.7922,0.0000,17,0.000000e+0,-55,1
7,"Arequipa · pendiente 6 · N-S rotula 2° · mono · alineadas ×1 · 8 filas · az 0°",21-mar,1220,36.5321,283.3969,0.0000,17,0.000000e+0,-55,1
7,"Arequipa · pendiente 6 · N-S rotula 2° · mono · alineadas ×1 · 8 filas · az 0°",21-mar,1240,31.8523,281.2784,0.0000,17,0.000000e+0,-55,1
7,"Arequipa · pendiente 6 · N-S rotula 2° · mono · alineadas ×1 · 8 filas · az 0°",21-mar,1260,27.1408,279.3695,0.0000,17,0.000000e+0,-40,1
7,"Arequipa · pendiente 6 · N-S rotula 2° · mono · alineadas ×1 · 8 filas · az 0°",21-mar,1280,22.4065,277.6197,0.0000,17,0.000000e+0,-23.5,1
7,"Arequipa · pendiente 6 · N-S rotula 2° · mono · alineadas ×1 · 8 filas · az 0°",21-mar,1300,17.6572,275.9894,0.0000,17,0.000000e+0,-13,1
7,"Arequipa · pendiente 6 · N-S rotula 2° · mono · alineadas ×1 · 8 filas · az 0°",21-mar,1320,12.9018,274.4469,0.0000,17,0.000000e+0,-4.5,1
7,"Arequipa · pendiente 6 · N-S rotula 2° · mono · alineadas ×1 · 8 filas · az 0°",21-mar,1340,8.1561,272.9659,0.0000,17,0.000000e+0,3,1
7,"Arequipa · pendiente 6 · N-S rotula 2° · mono · alineadas ×1 · 8 filas · az 0°",21-mar,1360,3.4752,271.5234,0.0000,33,0.000000e+0,-2.5,1
7,"Arequipa · pendiente 6 · N-S rotula 2° · mono · alineadas ×1 · 8 filas · az 0°",21-dic,640,5.5090,112.8863,0.0000,33,0.000000e+0,-37.5,1
7,"Arequipa · pendiente 6 · N-S rotula 2° · mono · alineadas ×1 · 8 filas · az 0°",21-dic,660,9.8795,111.6997,0.0000,17,0.000000e+0,-55,1
7,"Arequipa · pendiente 6 · N-S rotula 2° · mono · alineadas ×1 · 8 filas · az 0°",21-dic,680,14.3190,110.6399,0.0000,17,0.000000e+0,-55,1
7,"Arequipa · pendiente 6 · N-S rotula 2° · mono · alineadas ×1 · 8 filas · az 0°",21-dic,700,18.8002,109.7012,0.0000,17,0.000000e+0,-55,1
7,"Arequipa · pendiente 6 · N-S rotula 2° · mono · alineadas ×1 · 8 filas · az 0°",21-dic,720,23.3118,108.8811,0.0000,17,0.000000e+0,-55,1
7,"Arequipa · pendiente 6 · N-S rotula 2° · mono · alineadas ×1 · 8 filas · az 0°",21-dic,740,27.8469,108.1807,0.0000,17,0.000000e+0,-55,1
7,"Arequipa · pendiente 6 · N-S rotula 2° · mono · alineadas ×1 · 8 filas · az 0°",21-dic,760,32.4005,107.6058,0.0000,17,0.000000e+0,-55,1
7,"Arequipa · pendiente 6 · N-S rotula 2° · mono · alineadas ×1 · 8 filas · az 0°",21-dic,780,36.9680,107.1676,0.0000,17,0.000000e+0,-55,1
7,"Arequipa · pendiente 6 · N-S rotula 2° · mono · alineadas ×1 · 8 filas · az 0°",21-dic,800,41.5453,106.8854,0.0000,17,0.000000e+0,-55,1
7,"Arequipa · pendiente 6 · N-S rotula 2° · mono · alineadas ×1 · 8 filas · az 0°",21-dic,820,46.1277,106.7892,0.0000,17,0.000000e+0,-55,1
7,"Arequipa · pendiente 6 · N-S rotula 2° · mono · alineadas ×1 · 8 filas · az 0°",21-dic,840,50.7102,106.9266,0.0000,17,0.000000e+0,-55,1
7,"Arequipa · pendiente 6 · N-S rotula 2° · mono · alineadas ×1 · 8 filas · az 0°",21-dic,860,55.2860,107.3727,0.0000,17,0.000000e+0,-55,1
7,"Arequipa · pendiente 6 · N-S rotula 2° · mono · alineadas ×1 · 8 filas · az 0°",21-dic,880,59.8457,108.2507,0.0000,17,0.000000e+0,-55,1
7,"Arequipa · pendiente 6 · N-S rotula 2° · mono · alineadas ×1 · 8 filas · az 0°",21-dic,900,64.3745,109.7715,0.0000,17,0.000000e+0,-55,1
7,"Arequipa · pendiente 6 · N-S rotula 2° · mono · alineadas ×1 · 8 filas · az 0°",21-dic,920,68.8464,112.3221,0.0000,17,0.000000e+0,-55,1
7,"Arequipa · pendiente 6 · N-S rotula 2° · mono · alineadas ×1 · 8 filas · az 0°",21-dic,940,73.2097,116.6755,0.0000,17,0.000000e+0,-55,1
7,"Arequipa · pendiente 6 · N-S rotula 2° · mono · alineadas ×1 · 8 filas · az 0°",21-dic,960,77.3452,124.5416,0.0000,17,0.000000e+0,-55,1
7,"Arequipa · pendiente 6 · N-S rotula 2° · mono · alineadas ×1 · 8 filas · az 0°",21-dic,980,80.9293,139.9625,0.0000,17,0.000000e+0,-55,1
7,"Arequipa · pendiente 6 · N-S rotula 2° · mono · alineadas ×1 · 8 filas · az 0°",21-dic,1000,83.0437,169.7235,0.0000,17,0.000000e+0,-55,1
7,"Arequipa · pendiente 6 · N-S rotula 2° · mono · alineadas ×1 · 8 filas · az 0°",21-dic,1020,82.3507,206.0083,0.0000,17,0.000000e+0,-55,1
7,"Arequipa · pendiente 6 · N-S rotula 2° · mono · alineadas ×1 · 8 filas · az 0°",21-dic,1040,79.3872,228.4830,0.0000,17,0.000000e+0,-55,1
7,"Arequipa · pendiente 6 · N-S rotula 2° · mono · alineadas ×1 · 8 filas · az 0°",21-dic,1060,75.4845,239.6903,0.0000,17,0.000000e+0,-55,1
7,"Arequipa · pendiente 6 · N-S rotula 2° · mono · alineadas ×1 · 8 filas · az 0°",21-dic,1080,71.2217,245.6266,0.0000,17,0.000000e+0,-55,1
7,"Arequipa · pendiente 6 · N-S rotula 2° · mono · alineadas ×1 · 8 filas · az 0°",21-dic,1100,66.7992,249.0147,0.0000,17,0.000000e+0,-55,1
7,"Arequipa · pendiente 6 · N-S rotula 2° · mono · alineadas ×1 · 8 filas · az 0°",21-dic,1120,62.2968,251.0263,0.0000,17,0.000000e+0,-55,1
7,"Arequipa · pendiente 6 · N-S rotula 2° · mono · alineadas ×1 · 8 filas · az 0°",21-dic,1140,57.7514,252.2170,0.0000,17,0.000000e+0,-55,1
7,"Arequipa · pendiente 6 · N-S rotula 2° · mono · alineadas ×1 · 8 filas · az 0°",21-dic,1160,53.1829,252.8767,0.0000,17,0.000000e+0,-55,1
7,"Arequipa · pendiente 6 · N-S rotula 2° · mono · alineadas ×1 · 8 filas · az 0°",21-dic,1180,48.6031,253.1691,0.0000,17,0.000000e+0,-55,1
7,"Arequipa · pendiente 6 · N-S rotula 2° · mono · alineadas ×1 · 8 filas · az 0°",21-dic,1200,44.0199,253.1917,0.0000,17,0.000000e+0,-55,1
7,"Arequipa · pendiente 6 · N-S rotula 2° · mono · alineadas ×1 · 8 filas · az 0°",21-dic,1220,39.4393,253.0053,0.0000,17,0.000000e+0,-55,1
7,"Arequipa · pendiente 6 · N-S rotula 2° · mono · alineadas ×1 · 8 filas · az 0°",21-dic,1240,34.8660,252.6483,0.0000,17,0.000000e+0,-55,1
7,"Arequipa · pendiente 6 · N-S rotula 2° · mono · alineadas ×1 · 8 filas · az 0°",21-dic,1260,30.3044,252.1454,0.0000,17,0.000000e+0,-55,1
7,"Arequipa · pendiente 6 · N-S rotula 2° · mono · alineadas ×1 · 8 filas · az 0°",21-dic,1280,25.7587,251.5118,0.0000,17,0.000000e+0,-38,1
7,"Arequipa · pendiente 6 · N-S rotula 2° · mono · alineadas ×1 · 8 filas · az 0°",21-dic,1300,21.2337,250.7559,0.0000,17,0.000000e+0,-23,1
7,"Arequipa · pendiente 6 · N-S rotula 2° · mono · alineadas ×1 · 8 filas · az 0°",21-dic,1320,16.7351,249.8813,0.0000,17,0.000000e+0,-13,1
7,"Arequipa · pendiente 6 · N-S rotula 2° · mono · alineadas ×1 · 8 filas · az 0°",21-dic,1340,12.2712,248.8874,0.0000,17,0.000000e+0,-5,1
7,"Arequipa · pendiente 6 · N-S rotula 2° · mono · alineadas ×1 · 8 filas · az 0°",21-dic,1360,7.8581,247.7702,0.0000,17,0.000000e+0,2.5,1
7,"Arequipa · pendiente 6 · N-S rotula 2° · mono · alineadas ×1 · 8 filas · az 0°",21-dic,1380,3.5464,246.5223,0.0000,33,0.000000e+0,-1.5,1
8,"Arequipa · valle 2 · N-S senoidal 2° · quebrado · alineadas ×1 · 6 filas · az -20°",21-jun,700,4.7742,63.8712,3.4641,64,1.450313e-2,-5,0
8,"Arequipa · valle 2 · N-S senoidal 2° · quebrado · alineadas ×1 · 6 filas · az -20°",21-jun,720,8.9729,62.1856,3.4641,33,2.643796e-2,-9,0
8,"Arequipa · valle 2 · N-S senoidal 2° · quebrado · alineadas ×1 · 6 filas · az -20°",21-jun,740,13.1432,60.3097,3.4641,33,0.000000e+0,-13,1
8,"Arequipa · valle 2 · N-S senoidal 2° · quebrado · alineadas ×1 · 6 filas · az -20°",21-jun,760,17.2453,58.2184,3.4641,33,0.000000e+0,-18.5,1
8,"Arequipa · valle 2 · N-S senoidal 2° · quebrado · alineadas ×1 · 6 filas · az -20°",21-jun,780,21.2561,55.8815,3.4641,33,5.036419e-3,-22,0
8,"Arequipa · valle 2 · N-S senoidal 2° · quebrado · alineadas ×1 · 6 filas · az -20°",21-jun,800,25.1539,53.2637,3.4641,33,0.000000e+0,-32.5,1
8,"Arequipa · valle 2 · N-S senoidal 2° · quebrado · alineadas ×1 · 6 filas · az -20°",21-jun,820,28.9146,50.3241,3.4641,33,0.000000e+0,-49.5,1
8,"Arequipa · valle 2 · N-S senoidal 2° · quebrado · alineadas ×1 · 6 filas · az -20°",21-jun,840,32.5098,47.0168,3.4641,33,0.000000e+0,-55,1
8,"Arequipa · valle 2 · N-S senoidal 2° · quebrado · alineadas ×1 · 6 filas · az -20°",21-jun,860,35.9052,43.2920,3.4641,33,0.000000e+0,-55,1
8,"Arequipa · valle 2 · N-S senoidal 2° · quebrado · alineadas ×1 · 6 filas · az -20°",21-jun,880,39.0602,39.0991,3.4641,33,0.000000e+0,-55,1
8,"Arequipa · valle 2 · N-S senoidal 2° · quebrado · alineadas ×1 · 6 filas · az -20°",21-jun,900,41.9268,34.3923,3.4641,33,0.000000e+0,-55,1
8,"Arequipa · valle 2 · N-S senoidal 2° · quebrado · alineadas ×1 · 6 filas · az -20°",21-jun,920,44.4499,29.1395,3.4641,33,0.000000e+0,-55,1
8,"Arequipa · valle 2 · N-S senoidal 2° · quebrado · alineadas ×1 · 6 filas · az -20°",21-jun,940,46.5693,23.3352,3.4641,33,0.000000e+0,-55,1
8,"Arequipa · valle 2 · N-S senoidal 2° · quebrado · alineadas ×1 · 6 filas · az -20°",21-jun,960,48.2231,17.0150,3.4641,33,0.000000e+0,-55,1
8,"Arequipa · valle 2 · N-S senoidal 2° · quebrado · alineadas ×1 · 6 filas · az -20°",21-jun,980,49.3544,10.2679,3.4641,33,0.000000e+0,-55,1
8,"Arequipa · valle 2 · N-S senoidal 2° · quebrado · alineadas ×1 · 6 filas · az -20°",21-jun,1000,49.9185,3.2390,3.4641,33,0.000000e+0,-55,1
8,"Arequipa · valle 2 · N-S senoidal 2° · quebrado · alineadas ×1 · 6 filas · az -20°",21-jun,1020,49.8916,356.1171,3.4641,33,0.000000e+0,-55,1
8,"Arequipa · valle 2 · N-S senoidal 2° · quebrado · alineadas ×1 · 6 filas · az -20°",21-jun,1040,49.2748,349.1064,3.4641,33,0.000000e+0,-55,1
8,"Arequipa · valle 2 · N-S senoidal 2° · quebrado · alineadas ×1 · 6 filas · az -20°",21-jun,1060,48.0942,342.3928,3.4641,33,0.000000e+0,-55,1
8,"Arequipa · valle 2 · N-S senoidal 2° · quebrado · alineadas ×1 · 6 filas · az -20°",21-jun,1080,46.3957,336.1165,3.4641,33,0.000000e+0,-55,1
8,"Arequipa · valle 2 · N-S senoidal 2° · quebrado · alineadas ×1 · 6 filas · az -20°",21-jun,1100,44.2372,330.3613,3.4641,33,0.000000e+0,-55,1
8,"Arequipa · valle 2 · N-S senoidal 2° · quebrado · alineadas ×1 · 6 filas · az -20°",21-jun,1120,41.6806,325.1587,3.4641,33,0.000000e+0,-55,1
8,"Arequipa · valle 2 · N-S senoidal 2° · quebrado · alineadas ×1 · 6 filas · az -20°",21-jun,1140,38.7857,320.5000,3.4641,33,0.000000e+0,-55,1
8,"Arequipa · valle 2 · N-S senoidal 2° · quebrado · alineadas ×1 · 6 filas · az -20°",21-jun,1160,35.6071,316.3514,3.4641,33,0.000000e+0,-55,1
8,"Arequipa · valle 2 · N-S senoidal 2° · quebrado · alineadas ×1 · 6 filas · az -20°",21-jun,1180,32.1920,312.6665,3.4641,33,0.000000e+0,-55,1
8,"Arequipa · valle 2 · N-S senoidal 2° · quebrado · alineadas ×1 · 6 filas · az -20°",21-jun,1200,28.5805,309.3944,3.4641,33,0.000000e+0,-55,1
8,"Arequipa · valle 2 · N-S senoidal 2° · quebrado · alineadas ×1 · 6 filas · az -20°",21-jun,1220,24.8063,306.4858,3.4641,33,0.000000e+0,-14,1
8,"Arequipa · valle 2 · N-S senoidal 2° · quebrado · alineadas ×1 · 6 filas · az -20°",21-jun,1240,20.8973,303.8950,3.4641,33,0.000000e+0,3.5,1
8,"Arequipa · valle 2 · N-S senoidal 2° · quebrado · alineadas ×1 · 6 filas · az -20°",21-jun,1260,16.8774,301.5817,3.4641,33,0.000000e+0,16.5,1
8,"Arequipa · valle 2 · N-S senoidal 2° · quebrado · alineadas ×1 · 6 filas · az -20°",21-jun,1280,12.7680,299.5110,3.4641,33,0.000000e+0,17.5,1
8,"Arequipa · valle 2 · N-S senoidal 2° · quebrado · alineadas ×1 · 6 filas · az -20°",21-jun,1300,8.5930,297.6533,3.4641,33,2.372285e-2,11.5,0
8,"Arequipa · valle 2 · N-S senoidal 2° · quebrado · alineadas ×1 · 6 filas · az -20°",21-jun,1320,4.3962,295.9837,3.4641,64,7.235016e-2,5,0
8,"Arequipa · valle 2 · N-S senoidal 2° · quebrado · alineadas ×1 · 6 filas · az -20°",21-mar,680,6.1794,87.8345,3.4641,33,3.028536e-2,-6,0
8,"Arequipa · valle 2 · N-S senoidal 2° · quebrado · alineadas ×1 · 6 filas · az -20°",21-mar,700,10.9081,86.3640,3.4641,33,1.664634e-2,-11,0
8,"Arequipa · valle 2 · N-S senoidal 2° · quebrado · alineadas ×1 · 6 filas · az -20°",21-mar,720,15.6602,84.8431,3.4641,33,0.000000e+0,-17,1
8,"Arequipa · valle 2 · N-S senoidal 2° · quebrado · alineadas ×1 · 6 filas · az -20°",21-mar,740,20.4114,83.2469,3.4641,33,0.000000e+0,-21,1
8,"Arequipa · valle 2 · N-S senoidal 2° · quebrado · alineadas ×1 · 6 filas · az -20°",21-mar,760,25.1514,81.5460,3.4641,33,0.000000e+0,-30.5,1
8,"Arequipa · valle 2 · N-S senoidal 2° · quebrado · alineadas ×1 · 6 filas · az -20°",21-mar,780,29.8721,79.7046,3.4641,33,0.000000e+0,-48.5,1
8,"Arequipa · valle 2 · N-S senoidal 2° · quebrado · alineadas ×1 · 6 filas · az -20°",21-mar,800,34.5652,77.6773,3.4641,33,0.000000e+0,-55,1
8,"Arequipa · valle 2 · N-S senoidal 2° · quebrado · alineadas ×1 · 6 filas · az -20°",21-mar,820,39.2209,75.4045,3.4641,33,0.000000e+0,-55,1
8,"Arequipa · valle 2 · N-S senoidal 2° · quebrado · alineadas ×1 · 6 filas · az -20°",21-mar,840,43.8256,72.8064,3.4641,33,0.000000e+0,-55,1
8,"Arequipa · valle 2 · N-S senoidal 2° · quebrado · alineadas ×1 · 6 filas · az -20°",21-mar,860,48.3608,69.7727,3.4641,33,0.000000e+0,-55,1
8,"Arequipa · valle 2 · N-S senoidal 2° · quebrado · alineadas ×1 · 6 filas · az -20°",21-mar,880,52.7997,66.1475,3.4641,33,0.000000e+0,-55,1
8,"Arequipa · valle 2 · N-S senoidal 2° · quebrado · alineadas ×1 · 6 filas · az -20°",21-mar,900,57.1020,61.7065,3.4641,33,0.000000e+0,-55,1
8,"Arequipa · valle 2 · N-S senoidal 2° · quebrado · alineadas ×1 · 6 filas · az -20°",21-mar,920,61.2050,56.1234,3.4641,33,0.000000e+0,-55,1
8,"Arequipa · valle 2 · N-S senoidal 2° · quebrado · alineadas ×1 · 6 filas · az -20°",21-mar,940,65.0093,48.9323,3.4641,33,0.000000e+0,-55,1
8,"Arequipa · valle 2 · N-S senoidal 2° · quebrado · alineadas ×1 · 6 filas · az -20°",21-mar,960,68.3560,39.5174,3.4641,33,0.000000e+0,-55,1
8,"Arequipa · valle 2 · N-S senoidal 2° · quebrado · alineadas ×1 · 6 filas · az -20°",21-mar,980,71.0006,27.2555,3.4641,33,0.000000e+0,-55,1
8,"Arequipa · valle 2 · N-S senoidal 2° · quebrado · alineadas ×1 · 6 filas · az -20°",21-mar,1000,72.6192,12.0480,3.4641,33,0.000000e+0,-55,1
8,"Arequipa · valle 2 · N-S senoidal 2° · quebrado · alineadas ×1 · 6 filas · az -20°",21-mar,1020,72.9172,355.1449,3.4641,33,0.000000e+0,-55,1
8,"Arequipa · valle 2 · N-S senoidal 2° · quebrado · alineadas ×1 · 6 filas · az -20°",21-mar,1040,71.8293,338.9743,3.4641,33,0.000000e+0,-55,1
8,"Arequipa · valle 2 · N-S senoidal 2° · quebrado · alineadas ×1 · 6 filas · az -20°",21-mar,1060,69.5760,325.4193,3.4641,33,0.000000e+0,-55,1
8,"Arequipa · valle 2 · N-S senoidal 2° · quebrado · alineadas ×1 · 6 filas · az -20°",21-mar,1080,66.4904,314.8661,3.4641,33,0.000000e+0,-55,1
8,"Arequipa · valle 2 · N-S senoidal 2° · quebrado · alineadas ×1 · 6 filas · az -20°",21-mar,1100,62.8553,306.8185,3.4641,33,0.000000e+0,-55,1
8,"Arequipa · valle 2 · N-S senoidal 2° · quebrado · alineadas ×1 · 6 filas · az -20°",21-mar,1120,58.8631,300.6237,3.4641,33,0.000000e+0,-55,1
8,"Arequipa · valle 2 · N-S senoidal 2° · quebrado · alineadas ×1 · 6 filas · az -20°",21-mar,1140,54.6351,295.7491,3.4641,33,0.000000e+0,-55,1
8,"Arequipa · valle 2 · N-S senoidal 2° · quebrado · alineadas ×1 · 6 filas · az -20°",21-mar,1160,50.2473,291.8140,3.4641,33,0.000000e+0,-55,1
8,"Arequipa · valle 2 · N-S senoidal 2° · quebrado · alineadas ×1 · 6 filas · az -20°",21-mar,1180,45.7481,288.5555,3.4641,33,0.000000e+0,-55,1
8,"Arequipa · valle 2 · N-S senoidal 2° · quebrado · alineadas ×1 · 6 filas · az -20°",21-mar,1200,41.1691,285.7922,3.4641,33,0.000000e+0,-55,1
8,"Arequipa · valle 2 · N-S senoidal 2° · quebrado · alineadas ×1 · 6 filas · az -20°",21-mar,1220,36.5321,283.3969,3.4641,33,0.000000e+0,-15.5,1
8,"Arequipa · valle 2 · N-S senoidal 2° · quebrado · alineadas ×1 · 6 filas · az -20°",21-mar,1240,31.8523,281.2784,3.4641,33,0.000000e+0,0.5,1
8,"Arequipa · valle 2 · N-S senoidal 2° · quebrado · alineadas ×1 · 6 filas · az -20°",21-mar,1260,27.1408,279.3695,3.4641,33,0.000000e+0,12,1
8,"Arequipa · valle 2 · N-S senoidal 2° · quebrado · alineadas ×1 · 6 filas · az -20°",21-mar,1280,22.4065,277.6197,3.4641,33,0.000000e+0,22,1
8,"Arequipa · valle 2 · N-S senoidal 2° · quebrado · alineadas ×1 · 6 filas · az -20°",21-mar,1300,17.6572,275.9894,3.4641,33,0.000000e+0,18,1
8,"Arequipa · valle 2 · N-S senoidal 2° · quebrado · alineadas ×1 · 6 filas · az -20°",21-mar,1320,12.9018,274.4469,3.4641,33,1.850349e-2,14,0
8,"Arequipa · valle 2 · N-S senoidal 2° · quebrado · alineadas ×1 · 6 filas · az -20°",21-mar,1340,8.1561,272.9659,3.4641,33,1.734465e-2,8,0
8,"Arequipa · valle 2 · N-S senoidal 2° · quebrado · alineadas ×1 · 6 filas · az -20°",21-mar,1360,3.4752,271.5234,3.4641,64,2.509103e-2,4,0
8,"Arequipa · valle 2 · N-S senoidal 2° · quebrado · alineadas ×1 · 6 filas · az -20°",21-dic,640,5.5090,112.8863,3.4641,64,6.584392e-2,-9,0
8,"Arequipa · valle 2 · N-S senoidal 2° · quebrado · alineadas ×1 · 6 filas · az -20°",21-dic,660,9.8795,111.6997,3.4641,33,2.384393e-2,-13.5,0
8,"Arequipa · valle 2 · N-S senoidal 2° · quebrado · alineadas ×1 · 6 filas · az -20°",21-dic,680,14.3190,110.6399,3.4641,33,1.511766e-2,-17,0
8,"Arequipa · valle 2 · N-S senoidal 2° · quebrado · alineadas ×1 · 6 filas · az -20°",21-dic,700,18.8002,109.7012,3.4641,33,0.000000e+0,-26,1
8,"Arequipa · valle 2 · N-S senoidal 2° · quebrado · alineadas ×1 · 6 filas · az -20°",21-dic,720,23.3118,108.8811,3.4641,33,0.000000e+0,-45.5,1
8,"Arequipa · valle 2 · N-S senoidal 2° · quebrado · alineadas ×1 · 6 filas · az -20°",21-dic,740,27.8469,108.1807,3.4641,33,0.000000e+0,-55,1
8,"Arequipa · valle 2 · N-S senoidal 2° · quebrado · alineadas ×1 · 6 filas · az -20°",21-dic,760,32.4005,107.6058,3.4641,33,0.000000e+0,-55,1
8,"Arequipa · valle 2 · N-S senoidal 2° · quebrado · alineadas ×1 · 6 filas · az -20°",21-dic,780,36.9680,107.1676,3.4641,33,0.000000e+0,-55,1
8,"Arequipa · valle 2 · N-S senoidal 2° · quebrado · alineadas ×1 · 6 filas · az -20°",21-dic,800,41.5453,106.8854,3.4641,33,0.000000e+0,-55,1
8,"Arequipa · valle 2 · N-S senoidal 2° · quebrado · alineadas ×1 · 6 filas · az -20°",21-dic,820,46.1277,106.7892,3.4641,33,0.000000e+0,-55,1
8,"Arequipa · valle 2 · N-S senoidal 2° · quebrado · alineadas ×1 · 6 filas · az -20°",21-dic,840,50.7102,106.9266,3.4641,33,0.000000e+0,-55,1
8,"Arequipa · valle 2 · N-S senoidal 2° · quebrado · alineadas ×1 · 6 filas · az -20°",21-dic,860,55.2860,107.3727,3.4641,33,0.000000e+0,-55,1
8,"Arequipa · valle 2 · N-S senoidal 2° · quebrado · alineadas ×1 · 6 filas · az -20°",21-dic,880,59.8457,108.2507,3.4641,33,0.000000e+0,-55,1
8,"Arequipa · valle 2 · N-S senoidal 2° · quebrado · alineadas ×1 · 6 filas · az -20°",21-dic,900,64.3745,109.7715,3.4641,33,0.000000e+0,-55,1
8,"Arequipa · valle 2 · N-S senoidal 2° · quebrado · alineadas ×1 · 6 filas · az -20°",21-dic,920,68.8464,112.3221,3.4641,33,0.000000e+0,-55,1
8,"Arequipa · valle 2 · N-S senoidal 2° · quebrado · alineadas ×1 · 6 filas · az -20°",21-dic,940,73.2097,116.6755,3.4641,33,0.000000e+0,-55,1
8,"Arequipa · valle 2 · N-S senoidal 2° · quebrado · alineadas ×1 · 6 filas · az -20°",21-dic,960,77.3452,124.5416,3.4641,33,0.000000e+0,-55,1
8,"Arequipa · valle 2 · N-S senoidal 2° · quebrado · alineadas ×1 · 6 filas · az -20°",21-dic,980,80.9293,139.9625,3.4641,33,0.000000e+0,-55,1
8,"Arequipa · valle 2 · N-S senoidal 2° · quebrado · alineadas ×1 · 6 filas · az -20°",21-dic,1000,83.0437,169.7235,3.4641,33,0.000000e+0,-55,1
8,"Arequipa · valle 2 · N-S senoidal 2° · quebrado · alineadas ×1 · 6 filas · az -20°",21-dic,1020,82.3507,206.0083,3.4641,33,0.000000e+0,-55,1
8,"Arequipa · valle 2 · N-S senoidal 2° · quebrado · alineadas ×1 · 6 filas · az -20°",21-dic,1040,79.3872,228.4830,3.4641,33,0.000000e+0,-55,1
8,"Arequipa · valle 2 · N-S senoidal 2° · quebrado · alineadas ×1 · 6 filas · az -20°",21-dic,1060,75.4845,239.6903,3.4641,33,0.000000e+0,-55,1
8,"Arequipa · valle 2 · N-S senoidal 2° · quebrado · alineadas ×1 · 6 filas · az -20°",21-dic,1080,71.2217,245.6266,3.4641,33,0.000000e+0,-55,1
8,"Arequipa · valle 2 · N-S senoidal 2° · quebrado · alineadas ×1 · 6 filas · az -20°",21-dic,1100,66.7992,249.0147,3.4641,33,0.000000e+0,-55,1
8,"Arequipa · valle 2 · N-S senoidal 2° · quebrado · alineadas ×1 · 6 filas · az -20°",21-dic,1120,62.2968,251.0263,3.4641,33,0.000000e+0,-55,1
8,"Arequipa · valle 2 · N-S senoidal 2° · quebrado · alineadas ×1 · 6 filas · az -20°",21-dic,1140,57.7514,252.2170,3.4641,33,0.000000e+0,-55,1
8,"Arequipa · valle 2 · N-S senoidal 2° · quebrado · alineadas ×1 · 6 filas · az -20°",21-dic,1160,53.1829,252.8767,3.4641,33,0.000000e+0,-55,1
8,"Arequipa · valle 2 · N-S senoidal 2° · quebrado · alineadas ×1 · 6 filas · az -20°",21-dic,1180,48.6031,253.1691,3.4641,33,0.000000e+0,-55,1
8,"Arequipa · valle 2 · N-S senoidal 2° · quebrado · alineadas ×1 · 6 filas · az -20°",21-dic,1200,44.0199,253.1917,3.4641,33,0.000000e+0,-25.5,1
8,"Arequipa · valle 2 · N-S senoidal 2° · quebrado · alineadas ×1 · 6 filas · az -20°",21-dic,1220,39.4393,253.0053,3.4641,33,0.000000e+0,-7,1
8,"Arequipa · valle 2 · N-S senoidal 2° · quebrado · alineadas ×1 · 6 filas · az -20°",21-dic,1240,34.8660,252.6483,3.4641,33,0.000000e+0,4.5,1
8,"Arequipa · valle 2 · N-S senoidal 2° · quebrado · alineadas ×1 · 6 filas · az -20°",21-dic,1260,30.3044,252.1454,3.4641,33,0.000000e+0,13.5,1
8,"Arequipa · valle 2 · N-S senoidal 2° · quebrado · alineadas ×1 · 6 filas · az -20°",21-dic,1280,25.7587,251.5118,3.4641,33,0.000000e+0,22,1
8,"Arequipa · valle 2 · N-S senoidal 2° · quebrado · alineadas ×1 · 6 filas · az -20°",21-dic,1300,21.2337,250.7559,3.4641,33,0.000000e+0,21,1
8,"Arequipa · valle 2 · N-S senoidal 2° · quebrado · alineadas ×1 · 6 filas · az -20°",21-dic,1320,16.7351,249.8813,3.4641,33,0.000000e+0,15.5,1
8,"Arequipa · valle 2 · N-S senoidal 2° · quebrado · alineadas ×1 · 6 filas · az -20°",21-dic,1340,12.2712,248.8874,3.4641,33,0.000000e+0,12,1
8,"Arequipa · valle 2 · N-S senoidal 2° · quebrado · alineadas ×1 · 6 filas · az -20°",21-dic,1360,7.8581,247.7702,3.4641,33,1.998315e-2,8,0
8,"Arequipa · valle 2 · N-S senoidal 2° · quebrado · alineadas ×1 · 6 filas · az -20°",21-dic,1380,3.5464,246.5223,3.4641,64,1.523679e-3,3.5,0
9,"Zaragoza · pendiente -10 · N-S senoidal 4° · mono · alineadas ×1 · 6 filas · az 15°",21-jun,300,4.3153,62.0288,6.9282,64,6.704163e-2,-9,0
9,"Zaragoza · pendiente -10 · N-S senoidal 4° · mono · alineadas ×1 · 6 filas · az 15°",21-jun,320,7.5953,65.1785,6.9282,33,1.198977e-1,-9,0
9,"Zaragoza · pendiente -10 · N-S senoidal 4° · mono · alineadas ×1 · 6 filas · az 15°",21-jun,340,10.9965,68.2578,6.9282,33,6.913310e-2,-11.5,0
9,"Zaragoza · pendiente -10 · N-S senoidal 4° · mono · alineadas ×1 · 6 filas · az 15°",21-jun,360,14.4858,71.2858,6.9282,33,1.463038e-2,-16.5,0
9,"Zaragoza · pendiente -10 · N-S senoidal 4° · mono · alineadas ×1 · 6 filas · az 15°",21-jun,380,18.0452,74.2827,6.9282,33,2.781116e-2,-21,0
9,"Zaragoza · pendiente -10 · N-S senoidal 4° · mono · alineadas ×1 · 6 filas · az 15°",21-jun,400,21.6612,77.2704,6.9282,33,1.415514e-2,-23,0
9,"Zaragoza · pendiente -10 · N-S senoidal 4° · mono · alineadas ×1 · 6 filas · az 15°",21-jun,420,25.3226,80.2731,6.9282,33,0.000000e+0,-30.5,1
9,"Zaragoza · pendiente -10 · N-S senoidal 4° · mono · alineadas ×1 · 6 filas · az 15°",21-jun,440,29.0187,83.3183,6.9282,33,0.000000e+0,-32.5,1
9,"Zaragoza · pendiente -10 · N-S senoidal 4° · mono · alineadas ×1 · 6 filas · az 15°",21-jun,460,32.7391,86.4376,6.9282,33,0.000000e+0,-35.5,1
9,"Zaragoza · pendiente -10 · N-S senoidal 4° · mono · alineadas ×1 · 6 filas · az 15°",21-jun,480,36.4729,89.6687,6.9282,33,0.000000e+0,-39.5,1
9,"Zaragoza · pendiente -10 · N-S senoidal 4° · mono · alineadas ×1 · 6 filas · az 15°",21-jun,500,40.2084,93.0578,6.9282,33,0.000000e+0,-48.5,1
9,"Zaragoza · pendiente -10 · N-S senoidal 4° · mono · alineadas ×1 · 6 filas · az 15°",21-jun,520,43.9319,96.6624,6.9282,33,0.000000e+0,-55,1
9,"Zaragoza · pendiente -10 · N-S senoidal 4° · mono · alineadas ×1 · 6 filas · az 15°",21-jun,540,47.6271,100.5563,6.9282,33,0.000000e+0,-55,1
9,"Zaragoza · pendiente -10 · N-S senoidal 4° · mono · alineadas ×1 · 6 filas · az 15°",21-jun,560,51.2734,104.8355,6.9282,33,0.000000e+0,-55,1
9,"Zaragoza · pendiente -10 · N-S senoidal 4° · mono · alineadas ×1 · 6 filas · az 15°",21-jun,580,54.8437,109.6272,6.9282,33,0.000000e+0,-55,1
9,"Zaragoza · pendiente -10 · N-S senoidal 4° · mono · alineadas ×1 · 6 filas · az 15°",21-jun,600,58.3011,115.1015,6.9282,33,0.000000e+0,-55,1
9,"Zaragoza · pendiente -10 · N-S senoidal 4° · mono · alineadas ×1 · 6 filas · az 15°",21-jun,620,61.5938,121.4838,6.9282,33,0.000000e+0,-55,1
9,"Zaragoza · pendiente -10 · N-S senoidal 4° · mono · alineadas ×1 · 6 filas · az 15°",21-jun,640,64.6480,129.0638,6.9282,33,0.000000e+0,-55,1
9,"Zaragoza · pendiente -10 · N-S senoidal 4° · mono · alineadas ×1 · 6 filas · az 15°",21-jun,660,67.3579,138.1801,6.9282,33,0.000000e+0,-55,1
9,"Zaragoza · pendiente -10 · N-S senoidal 4° · mono · alineadas ×1 · 6 filas · az 15°",21-jun,680,69.5784,149.1387,6.9282,33,0.000000e+0,-55,1
9,"Zaragoza · pendiente -10 · N-S senoidal 4° · mono · alineadas ×1 · 6 filas · az 15°",21-jun,700,71.1301,162.0059,6.9282,33,0.000000e+0,-55,1
9,"Zaragoza · pendiente -10 · N-S senoidal 4° · mono · alineadas ×1 · 6 filas · az 15°",21-jun,720,71.8368,176.3074,6.9282,33,0.000000e+0,-55,1
9,"Zaragoza · pendiente -10 · N-S senoidal 4° · mono · alineadas ×1 · 6 filas · az 15°",21-jun,740,71.5993,190.9409,6.9282,33,0.000000e+0,-55,1
9,"Zaragoza · pendiente -10 · N-S senoidal 4° · mono · alineadas ×1 · 6 filas · az 15°",21-jun,760,70.4524,204.6300,6.9282,33,0.000000e+0,-55,1
9,"Zaragoza · pendiente -10 · N-S senoidal 4° · mono · alineadas ×1 · 6 filas · az 15°",21-jun,780,68.5438,216.5649,6.9282,33,0.000000e+0,-55,1
9,"Zaragoza · pendiente -10 · N-S senoidal 4° · mono · alineadas ×1 · 6 filas · az 15°",21-jun,800,66.0587,226.5756,6.9282,33,0.000000e+0,-55,1
9,"Zaragoza · pendiente -10 · N-S senoidal 4° · mono · alineadas ×1 · 6 filas · az 15°",21-jun,820,63.1617,234.8830,6.9282,33,0.000000e+0,-55,1
9,"Zaragoza · pendiente -10 · N-S senoidal 4° · mono · alineadas ×1 · 6 filas · az 15°",21-jun,840,59.9777,241.8261,6.9282,33,0.000000e+0,-55,1
9,"Zaragoza · pendiente -10 · N-S senoidal 4° · mono · alineadas ×1 · 6 filas · az 15°",21-jun,860,56.5952,247.7238,6.9282,33,0.000000e+0,-55,1
9,"Zaragoza · pendiente -10 · N-S senoidal 4° · mono · alineadas ×1 · 6 filas · az 15°",21-jun,880,53.0761,252.8336,6.9282,33,0.000000e+0,-55,1
9,"Zaragoza · pendiente -10 · N-S senoidal 4° · mono · alineadas ×1 · 6 filas · az 15°",21-jun,900,49.4641,257.3516,6.9282,33,0.000000e+0,-55,1
9,"Zaragoza · pendiente -10 · N-S senoidal 4° · mono · alineadas ×1 · 6 filas · az 15°",21-jun,920,45.7905,261.4251,6.9282,33,0.000000e+0,-55,1
9,"Zaragoza · pendiente -10 · N-S senoidal 4° · mono · alineadas ×1 · 6 filas · az 15°",21-jun,940,42.0789,265.1644,6.9282,33,0.000000e+0,-26.5,1
9,"Zaragoza · pendiente -10 · N-S senoidal 4° · mono · alineadas ×1 · 6 filas · az 15°",21-jun,960,38.3476,268.6535,6.9282,33,0.000000e+0,-8,1
9,"Zaragoza · pendiente -10 · N-S senoidal 4° · mono · alineadas ×1 · 6 filas · az 15°",21-jun,980,34.6113,271.9575,6.9282,33,0.000000e+0,3,1
9,"Zaragoza · pendiente -10 · N-S senoidal 4° · mono · alineadas ×1 · 6 filas · az 15°",21-jun,1000,30.8827,275.1277,6.9282,33,0.000000e+0,12,1
9,"Zaragoza · pendiente -10 · N-S senoidal 4° · mono · alineadas ×1 · 6 filas · az 15°",21-jun,1020,27.1731,278.2058,6.9282,33,0.000000e+0,19.5,1
9,"Zaragoza · pendiente -10 · N-S senoidal 4° · mono · alineadas ×1 · 6 filas · az 15°",21-jun,1040,23.4930,281.2261,6.9282,33,0.000000e+0,21.5,1
9,"Zaragoza · pendiente -10 · N-S senoidal 4° · mono · alineadas ×1 · 6 filas · az 15°",21-jun,1060,19.8529,284.2181,6.9282,33,0.000000e+0,18,1
9,"Zaragoza · pendiente -10 · N-S senoidal 4° · mono · alineadas ×1 · 6 filas · az 15°",21-jun,1080,16.2635,287.2075,6.9282,33,0.000000e+0,15,1
9,"Zaragoza · pendiente -10 · N-S senoidal 4° · mono · alineadas ×1 · 6 filas · az 15°",21-jun,1100,12.7372,290.2173,6.9282,33,0.000000e+0,12.5,1
9,"Zaragoza · pendiente -10 · N-S senoidal 4° · mono · alineadas ×1 · 6 filas · az 15°",21-jun,1120,9.2889,293.2684,6.9282,33,0.000000e+0,7,1
9,"Zaragoza · pendiente -10 · N-S senoidal 4° · mono · alineadas ×1 · 6 filas · az 15°",21-jun,1140,5.9421,296.3805,6.9282,64,4.177109e-3,6,0
9,"Zaragoza · pendiente -10 · N-S senoidal 4° · mono · alineadas ×1 · 6 filas · az 15°",21-jun,1160,2.7509,299.5720,6.9282,64,9.488611e-3,3.5,0
9,"Zaragoza · pendiente -10 · N-S senoidal 4° · mono · alineadas ×1 · 6 filas · az 15°",21-mar,380,2.2529,91.3999,6.9282,64,1.572502e-2,-2,0
9,"Zaragoza · pendiente -10 · N-S senoidal 4° · mono · alineadas ×1 · 6 filas · az 15°",21-mar,400,5.8504,94.7292,6.9282,64,3.973634e-3,-6,0
9,"Zaragoza · pendiente -10 · N-S senoidal 4° · mono · alineadas ×1 · 6 filas · az 15°",21-mar,420,9.5200,98.1006,6.9282,33,3.209906e-2,-10,0
9,"Zaragoza · pendiente -10 · N-S senoidal 4° · mono · alineadas ×1 · 6 filas · az 15°",21-mar,440,13.1842,101.5436,6.9282,33,8.541303e-3,-13,0
9,"Zaragoza · pendiente -10 · N-S senoidal 4° · mono · alineadas ×1 · 6 filas · az 15°",21-mar,460,16.8132,105.0894,6.9282,33,0.000000e+0,-17.5,1
9,"Zaragoza · pendiente -10 · N-S senoidal 4° · mono · alineadas ×1 · 6 filas · az 15°",21-mar,480,20.3859,108.7709,6.9282,33,0.000000e+0,-20.5,1
9,"Zaragoza · pendiente -10 · N-S senoidal 4° · mono · alineadas ×1 · 6 filas · az 15°",21-mar,500,23.8823,112.6235,6.9282,33,0.000000e+0,-24.5,1
9,"Zaragoza · pendiente -10 · N-S senoidal 4° · mono · alineadas ×1 · 6 filas · az 15°",21-mar,520,27.2812,116.6855,6.9282,33,0.000000e+0,-29.5,1
9,"Zaragoza · pendiente -10 · N-S senoidal 4° · mono · alineadas ×1 · 6 filas · az 15°",21-mar,540,30.5584,120.9974,6.9282,33,0.000000e+0,-32.5,1
9,"Zaragoza · pendiente -10 · N-S senoidal 4° · mono · alineadas ×1 · 6 filas · az 15°",21-mar,560,33.6866,125.6019,6.9282,33,0.000000e+0,-34.5,1
9,"Zaragoza · pendiente -10 · N-S senoidal 4° · mono · alineadas ×1 · 6 filas · az 15°",21-mar,580,36.6339,130.5419,6.9282,33,0.000000e+0,-45.5,1
9,"Zaragoza · pendiente -10 · N-S senoidal 4° · mono · alineadas ×1 · 6 filas · az 15°",21-mar,600,39.3642,135.8579,6.9282,33,0.000000e+0,-55,1
9,"Zaragoza · pendiente -10 · N-S senoidal 4° · mono · alineadas ×1 · 6 filas · az 15°",21-mar,620,41.8362,141.5831,6.9282,33,0.000000e+0,-55,1
9,"Zaragoza · pendiente -10 · N-S senoidal 4° · mono · alineadas ×1 · 6 filas · az 15°",21-mar,640,44.0046,147.7369,6.9282,33,0.000000e+0,-55,1
9,"Zaragoza · pendiente -10 · N-S senoidal 4° · mono · alineadas ×1 · 6 filas · az 15°",21-mar,660,45.8219,154.3164,6.9282,33,0.000000e+0,-55,1
9,"Zaragoza · pendiente -10 · N-S senoidal 4° · mono · alineadas ×1 · 6 filas · az 15°",21-mar,680,47.2408,161.2877,6.9282,33,0.000000e+0,-55,1
9,"Zaragoza · pendiente -10 · N-S senoidal 4° · mono · alineadas ×1 · 6 filas · az 15°",21-mar,700,48.2189,168.5799,6.9282,33,0.000000e+0,-55,1
9,"Zaragoza · pendiente -10 · N-S senoidal 4° · mono · alineadas ×1 · 6 filas · az 15°",21-mar,720,48.7237,176.0853,6.9282,33,0.000000e+0,-55,1
9,"Zaragoza · pendiente -10 · N-S senoidal 4° · mono · alineadas ×1 · 6 filas · az 15°",21-mar,740,48.7373,183.6681,6.9282,33,0.000000e+0,-55,1
9,"Zaragoza · pendiente -10 · N-S senoidal 4° · mono · alineadas ×1 · 6 filas · az 15°",21-mar,760,48.2591,191.1814,6.9282,33,0.000000e+0,-55,1
9,"Zaragoza · pendiente -10 · N-S senoidal 4° · mono · alineadas ×1 · 6 filas · az 15°",21-mar,780,47.3064,198.4885,6.9282,33,0.000000e+0,-55,1
9,"Zaragoza · pendiente -10 · N-S senoidal 4° · mono · alineadas ×1 · 6 filas · az 15°",21-mar,800,45.9109,205.4797,6.9282,33,0.000000e+0,-55,1
9,"Zaragoza · pendiente -10 · N-S senoidal 4° · mono · alineadas ×1 · 6 filas · az 15°",21-mar,820,44.1149,212.0823,6.9282,33,0.000000e+0,-55,1
9,"Zaragoza · pendiente -10 · N-S senoidal 4° · mono · alineadas ×1 · 6 filas · az 15°",21-mar,840,41.9653,218.2604,6.9282,33,0.000000e+0,-55,1
9,"Zaragoza · pendiente -10 · N-S senoidal 4° · mono · alineadas ×1 · 6 filas · az 15°",21-mar,860,39.5099,224.0098,6.9282,33,0.000000e+0,-55,1
9,"Zaragoza · pendiente -10 · N-S senoidal 4° · mono · alineadas ×1 · 6 filas · az 15°",21-mar,880,36.7942,229.3489,6.9282,33,0.000000e+0,-55,1
9,"Zaragoza · pendiente -10 · N-S senoidal 4° · mono · alineadas ×1 · 6 filas · az 15°",21-mar,900,33.8596,234.3105,6.9282,33,0.000000e+0,-55,1
9,"Zaragoza · pendiente -10 · N-S senoidal 4° · mono · alineadas ×1 · 6 filas · az 15°",21-mar,920,30.7428,238.9347,6.9282,33,0.000000e+0,-16.5,1
9,"Zaragoza · pendiente -10 · N-S senoidal 4° · mono · alineadas ×1 · 6 filas · az 15°",21-mar,940,27.4756,243.2645,6.9282,33,0.000000e+0,0.5,1
9,"Zaragoza · pendiente -10 · N-S senoidal 4° · mono · alineadas ×1 · 6 filas · az 15°",21-mar,960,24.0859,247.3426,6.9282,33,0.000000e+0,12.5,1
9,"Zaragoza · pendiente -10 · N-S senoidal 4° · mono · alineadas ×1 · 6 filas · az 15°",21-mar,980,20.5978,251.2099,6.9282,33,0.000000e+0,22,1
9,"Zaragoza · pendiente -10 · N-S senoidal 4° · mono · alineadas ×1 · 6 filas · az 15°",21-mar,1000,17.0327,254.9045,6.9282,33,0.000000e+0,20,1
9,"Zaragoza · pendiente -10 · N-S senoidal 4° · mono · alineadas ×1 · 6 filas · az 15°",21-mar,1020,13.4108,258.4622,6.9282,33,0.000000e+0,16.5,1
9,"Zaragoza · pendiente -10 · N-S senoidal 4° · mono · alineadas ×1 · 6 filas · az 15°",21-mar,1040,9.7530,261.9160,6.9282,33,0.000000e+0,11.5,1
9,"Zaragoza · pendiente -10 · N-S senoidal 4° · mono · alineadas ×1 · 6 filas · az 15°",21-mar,1060,6.0879,265.2972,6.9282,33,1.011095e-2,6.5,0
9,"Zaragoza · pendiente -10 · N-S senoidal 4° · mono · alineadas ×1 · 6 filas · az 15°",21-mar,1080,2.4866,268.6354,6.9282,64,6.520736e-3,2.5,0
9,"Zaragoza · pendiente -10 · N-S senoidal 4° · mono · alineadas ×1 · 6 filas · az 15°",21-dic,480,4.5444,126.9401,6.9282,64,3.041075e-2,-3.5,0
9,"Zaragoza · pendiente -10 · N-S senoidal 4° · mono · alineadas ×1 · 6 filas · az 15°",21-dic,500,7.4023,130.4970,6.9282,33,6.176246e-2,-9,0
9,"Zaragoza · pendiente -10 · N-S senoidal 4° · mono · alineadas ×1 · 6 filas · az 15°",21-dic,520,10.1358,134.1991,6.9282,33,5.885490e-2,-11,0
9,"Zaragoza · pendiente -10 · N-S senoidal 4° · mono · alineadas ×1 · 6 filas · az 15°",21-dic,540,12.7098,138.0581,6.9282,33,3.429895e-2,-14,0
9,"Zaragoza · pendiente -10 · N-S senoidal 4° · mono · alineadas ×1 · 6 filas · az 15°",21-dic,560,15.0987,142.0828,6.9282,33,3.147086e-2,-21.5,0
9,"Zaragoza · pendiente -10 · N-S senoidal 4° · mono · alineadas ×1 · 6 filas · az 15°",21-dic,580,17.2795,146.2782,6.9282,33,2.967314e-2,-22.5,0
9,"Zaragoza · pendiente -10 · N-S senoidal 4° · mono · alineadas ×1 · 6 filas · az 15°",21-dic,600,19.2301,150.6447,6.9282,33,2.651434e-3,-26,0
9,"Zaragoza · pendiente -10 · N-S senoidal 4° · mono · alineadas ×1 · 6 filas · az 15°",21-dic,620,20.9291,155.1771,6.9282,33,0.000000e+0,-28.5,1
9,"Zaragoza · pendiente -10 · N-S senoidal 4° · mono · alineadas ×1 · 6 filas · az 15°",21-dic,640,22.3561,159.8636,6.9282,33,0.000000e+0,-34.5,1
9,"Zaragoza · pendiente -10 · N-S senoidal 4° · mono · alineadas ×1 · 6 filas · az 15°",21-dic,660,23.4927,164.6856,6.9282,33,0.000000e+0,-55,1
9,"Zaragoza · pendiente -10 · N-S senoidal 4° · mono · alineadas ×1 · 6 filas · az 15°",21-dic,680,24.3230,169.6174,6.9282,33,0.000000e+0,-55,1
9,"Zaragoza · pendiente -10 · N-S senoidal 4° · mono · alineadas ×1 · 6 filas · az 15°",21-dic,700,24.8347,174.6273,6.9282,33,0.000000e+0,-55,1
9,"Zaragoza · pendiente -10 · N-S senoidal 4° · mono · alineadas ×1 · 6 filas · az 15°",21-dic,720,25.0202,179.6788,6.9282,33,0.000000e+0,-55,1
9,"Zaragoza · pendiente -10 · N-S senoidal 4° · mono · alineadas ×1 · 6 filas · az 15°",21-dic,740,24.8764,184.7327,6.9282,33,0.000000e+0,-55,1
9,"Zaragoza · pendiente -10 · N-S senoidal 4° · mono · alineadas ×1 · 6 filas · az 15°",21-dic,760,24.4057,189.7500,6.9282,33,0.000000e+0,-55,1
9,"Zaragoza · pendiente -10 · N-S senoidal 4° · mono · alineadas ×1 · 6 filas · az 15°",21-dic,780,23.6152,194.6936,6.9282,33,0.000000e+0,-55,1
9,"Zaragoza · pendiente -10 · N-S senoidal 4° · mono · alineadas ×1 · 6 filas · az 15°",21-dic,800,22.5166,199.5310,6.9282,33,0.000000e+0,-55,1
9,"Zaragoza · pendiente -10 · N-S senoidal 4° · mono · alineadas ×1 · 6 filas · az 15°",21-dic,820,21.1254,204.2358,6.9282,33,0.000000e+0,-55,1
9,"Zaragoza · pendiente -10 · N-S senoidal 4° · mono · alineadas ×1 · 6 filas · az 15°",21-dic,840,19.4598,208.7885,6.9282,33,0.000000e+0,-55,1
9,"Zaragoza · pendiente -10 · N-S senoidal 4° · mono · alineadas ×1 · 6 filas · az 15°",21-dic,860,17.5399,213.1765,6.9282,33,0.000000e+0,-55,1
9,"Zaragoza · pendiente -10 · N-S senoidal 4° · mono · alineadas ×1 · 6 filas · az 15°",21-dic,880,15.3871,217.3936,6.9282,33,0.000000e+0,-10.5,1
9,"Zaragoza · pendiente -10 · N-S senoidal 4° · mono · alineadas ×1 · 6 filas · az 15°",21-dic,900,13.0234,221.4397,6.9282,33,0.000000e+0,10,1
9,"Zaragoza · pendiente -10 · N-S senoidal 4° · mono · alineadas ×1 · 6 filas · az 15°",21-dic,920,10.4715,225.3193,6.9282,33,0.000000e+0,24,1
9,"Zaragoza · pendiente -10 · N-S senoidal 4° · mono · alineadas ×1 · 6 filas · az 15°",21-dic,940,7.7566,229.0407,6.9282,33,0.000000e+0,18,1
9,"Zaragoza · pendiente -10 · N-S senoidal 4° · mono · alineadas ×1 · 6 filas · az 15°",21-dic,960,4.9112,232.6152,6.9282,64,3.182459e-2,6.5,0
9,"Zaragoza · pendiente -10 · N-S senoidal 4° · mono · alineadas ×1 · 6 filas · az 15°",21-dic,980,2.0112,236.0562,6.9282,64,2.929247e-2,1.5,0
10,"Zaragoza · valle 1 · N-S senoidal 4° · quebrado · alineadas ×2 · 10 filas · az -20°",21-jun,300,4.3153,62.0288,4.7023,64,1.202120e-2,-4.5,0
10,"Zaragoza · valle 1 · N-S senoidal 4° · quebrado · alineadas ×2 · 10 filas · az -20°",21-jun,320,7.5953,65.1785,4.7023,33,1.458214e-2,-7.5,0
10,"Zaragoza · valle 1 · N-S senoidal 4° · quebrado · alineadas ×2 · 10 filas · az -20°",21-jun,340,10.9965,68.2578,4.7023,33,9.898469e-3,-11,0
10,"Zaragoza · valle 1 · N-S senoidal 4° · quebrado · alineadas ×2 · 10 filas · az -20°",21-jun,360,14.4858,71.2858,4.7023,33,9.142021e-3,-14.5,0
10,"Zaragoza · valle 1 · N-S senoidal 4° · quebrado · alineadas ×2 · 10 filas · az -20°",21-jun,380,18.0452,74.2827,4.7023,33,1.341305e-2,-18,0
10,"Zaragoza · valle 1 · N-S senoidal 4° · quebrado · alineadas ×2 · 10 filas · az -20°",21-jun,400,21.6612,77.2704,4.7023,33,0.000000e+0,-22,1
10,"Zaragoza · valle 1 · N-S senoidal 4° · quebrado · alineadas ×2 · 10 filas · az -20°",21-jun,420,25.3226,80.2731,4.7023,33,1.064097e-2,-25,0
10,"Zaragoza · valle 1 · N-S senoidal 4° · quebrado · alineadas ×2 · 10 filas · az -20°",21-jun,440,29.0187,83.3183,4.7023,33,1.245883e-2,-29.5,0
10,"Zaragoza · valle 1 · N-S senoidal 4° · quebrado · alineadas ×2 · 10 filas · az -20°",21-jun,460,32.7391,86.4376,4.7023,33,4.301055e-3,-34,0
10,"Zaragoza · valle 1 · N-S senoidal 4° · quebrado · alineadas ×2 · 10 filas · az -20°",21-jun,480,36.4729,89.6687,4.7023,33,0.000000e+0,-38.5,1
10,"Zaragoza · valle 1 · N-S senoidal 4° · quebrado · alineadas ×2 · 10 filas · az -20°",21-jun,500,40.2084,93.0578,4.7023,33,0.000000e+0,-44,1
10,"Zaragoza · valle 1 · N-S senoidal 4° · quebrado · alineadas ×2 · 10 filas · az -20°",21-jun,520,43.9319,96.6624,4.7023,33,0.000000e+0,-55,1
10,"Zaragoza · valle 1 · N-S senoidal 4° · quebrado · alineadas ×2 · 10 filas · az -20°",21-jun,540,47.6271,100.5563,4.7023,33,0.000000e+0,-55,1
10,"Zaragoza · valle 1 · N-S senoidal 4° · quebrado · alineadas ×2 · 10 filas · az -20°",21-jun,560,51.2734,104.8355,4.7023,33,0.000000e+0,-55,1
10,"Zaragoza · valle 1 · N-S senoidal 4° · quebrado · alineadas ×2 · 10 filas · az -20°",21-jun,580,54.8437,109.6272,4.7023,33,0.000000e+0,-55,1
10,"Zaragoza · valle 1 · N-S senoidal 4° · quebrado · alineadas ×2 · 10 filas · az -20°",21-jun,600,58.3011,115.1015,4.7023,33,0.000000e+0,-55,1
10,"Zaragoza · valle 1 · N-S senoidal 4° · quebrado · alineadas ×2 · 10 filas · az -20°",21-jun,620,61.5938,121.4838,4.7023,33,0.000000e+0,-55,1
10,"Zaragoza · valle 1 · N-S senoidal 4° · quebrado · alineadas ×2 · 10 filas · az -20°",21-jun,640,64.6480,129.0638,4.7023,33,0.000000e+0,-55,1
10,"Zaragoza · valle 1 · N-S senoidal 4° · quebrado · alineadas ×2 · 10 filas · az -20°",21-jun,660,67.3579,138.1801,4.7023,33,0.000000e+0,-55,1
10,"Zaragoza · valle 1 · N-S senoidal 4° · quebrado · alineadas ×2 · 10 filas · az -20°",21-jun,680,69.5784,149.1387,4.7023,33,0.000000e+0,-55,1
10,"Zaragoza · valle 1 · N-S senoidal 4° · quebrado · alineadas ×2 · 10 filas · az -20°",21-jun,700,71.1301,162.0059,4.7023,33,0.000000e+0,-55,1
10,"Zaragoza · valle 1 · N-S senoidal 4° · quebrado · alineadas ×2 · 10 filas · az -20°",21-jun,720,71.8368,176.3074,4.7023,33,0.000000e+0,-55,1
10,"Zaragoza · valle 1 · N-S senoidal 4° · quebrado · alineadas ×2 · 10 filas · az -20°",21-jun,740,71.5993,190.9409,4.7023,33,0.000000e+0,-55,1
10,"Zaragoza · valle 1 · N-S senoidal 4° · quebrado · alineadas ×2 · 10 filas · az -20°",21-jun,760,70.4524,204.6300,4.7023,33,0.000000e+0,-55,1
10,"Zaragoza · valle 1 · N-S senoidal 4° · quebrado · alineadas ×2 · 10 filas · az -20°",21-jun,780,68.5438,216.5649,4.7023,33,0.000000e+0,-55,1
10,"Zaragoza · valle 1 · N-S senoidal 4° · quebrado · alineadas ×2 · 10 filas · az -20°",21-jun,800,66.0587,226.5756,4.7023,33,0.000000e+0,-55,1
10,"Zaragoza · valle 1 · N-S senoidal 4° · quebrado · alineadas ×2 · 10 filas · az -20°",21-jun,820,63.1617,234.8830,4.7023,33,0.000000e+0,-55,1
10,"Zaragoza · valle 1 · N-S senoidal 4° · quebrado · alineadas ×2 · 10 filas · az -20°",21-jun,840,59.9777,241.8261,4.7023,33,0.000000e+0,-55,1
10,"Zaragoza · valle 1 · N-S senoidal 4° · quebrado · alineadas ×2 · 10 filas · az -20°",21-jun,860,56.5952,247.7238,4.7023,33,0.000000e+0,-0.5,1
10,"Zaragoza · valle 1 · N-S senoidal 4° · quebrado · alineadas ×2 · 10 filas · az -20°",21-jun,880,53.0761,252.8336,4.7023,33,0.000000e+0,14,1
10,"Zaragoza · valle 1 · N-S senoidal 4° · quebrado · alineadas ×2 · 10 filas · az -20°",21-jun,900,49.4641,257.3516,4.7023,33,0.000000e+0,25,1
10,"Zaragoza · valle 1 · N-S senoidal 4° · quebrado · alineadas ×2 · 10 filas · az -20°",21-jun,920,45.7905,261.4251,4.7023,33,0.000000e+0,34,1
10,"Zaragoza · valle 1 · N-S senoidal 4° · quebrado · alineadas ×2 · 10 filas · az -20°",21-jun,940,42.0789,265.1644,4.7023,33,0.000000e+0,39.5,1
10,"Zaragoza · valle 1 · N-S senoidal 4° · quebrado · alineadas ×2 · 10 filas · az -20°",21-jun,960,38.3476,268.6535,4.7023,33,0.000000e+0,39,1
10,"Zaragoza · valle 1 · N-S senoidal 4° · quebrado · alineadas ×2 · 10 filas · az -20°",21-jun,980,34.6113,271.9575,4.7023,33,1.860265e-3,36,0
10,"Zaragoza · valle 1 · N-S senoidal 4° · quebrado · alineadas ×2 · 10 filas · az -20°",21-jun,1000,30.8827,275.1277,4.7023,33,1.120862e-2,34,0
10,"Zaragoza · valle 1 · N-S senoidal 4° · quebrado · alineadas ×2 · 10 filas · az -20°",21-jun,1020,27.1731,278.2058,4.7023,33,1.211150e-2,29.5,0
10,"Zaragoza · valle 1 · N-S senoidal 4° · quebrado · alineadas ×2 · 10 filas · az -20°",21-jun,1040,23.4930,281.2261,4.7023,33,1.366167e-2,26.5,0
10,"Zaragoza · valle 1 · N-S senoidal 4° · quebrado · alineadas ×2 · 10 filas · az -20°",21-jun,1060,19.8529,284.2181,4.7023,33,1.302798e-2,23.5,0
10,"Zaragoza · valle 1 · N-S senoidal 4° · quebrado · alineadas ×2 · 10 filas · az -20°",21-jun,1080,16.2635,287.2075,4.7023,33,1.625673e-2,19.5,0
10,"Zaragoza · valle 1 · N-S senoidal 4° · quebrado · alineadas ×2 · 10 filas · az -20°",21-jun,1100,12.7372,290.2173,4.7023,33,2.051944e-2,15,0
10,"Zaragoza · valle 1 · N-S senoidal 4° · quebrado · alineadas ×2 · 10 filas · az -20°",21-jun,1120,9.2889,293.2684,4.7023,33,4.852366e-2,12,0
10,"Zaragoza · valle 1 · N-S senoidal 4° · quebrado · alineadas ×2 · 10 filas · az -20°",21-jun,1140,5.9421,296.3805,4.7023,64,7.694276e-2,9,0
10,"Zaragoza · valle 1 · N-S senoidal 4° · quebrado · alineadas ×2 · 10 filas · az -20°",21-jun,1160,2.7509,299.5720,4.7023,64,1.135308e-1,0,0
10,"Zaragoza · valle 1 · N-S senoidal 4° · quebrado · alineadas ×2 · 10 filas · az -20°",21-mar,380,2.2529,91.3999,4.7023,64,4.654615e-2,-2,0
10,"Zaragoza · valle 1 · N-S senoidal 4° · quebrado · alineadas ×2 · 10 filas · az -20°",21-mar,400,5.8504,94.7292,4.7023,64,3.346556e-2,-6.5,0
10,"Zaragoza · valle 1 · N-S senoidal 4° · quebrado · alineadas ×2 · 10 filas · az -20°",21-mar,420,9.5200,98.1006,4.7023,33,3.116962e-2,-11,0
10,"Zaragoza · valle 1 · N-S senoidal 4° · quebrado · alineadas ×2 · 10 filas · az -20°",21-mar,440,13.1842,101.5436,4.7023,33,2.547080e-2,-15,0
10,"Zaragoza · valle 1 · N-S senoidal 4° · quebrado · alineadas ×2 · 10 filas · az -20°",21-mar,460,16.8132,105.0894,4.7023,33,1.372236e-2,-20,0
10,"Zaragoza · valle 1 · N-S senoidal 4° · quebrado · alineadas ×2 · 10 filas · az -20°",21-mar,480,20.3859,108.7709,4.7023,33,1.382554e-2,-25.5,0
10,"Zaragoza · valle 1 · N-S senoidal 4° · quebrado · alineadas ×2 · 10 filas · az -20°",21-mar,500,23.8823,112.6235,4.7023,33,1.471110e-2,-31,0
10,"Zaragoza · valle 1 · N-S senoidal 4° · quebrado · alineadas ×2 · 10 filas · az -20°",21-mar,520,27.2812,116.6855,4.7023,33,1.382208e-2,-35.5,0
10,"Zaragoza · valle 1 · N-S senoidal 4° · quebrado · alineadas ×2 · 10 filas · az -20°",21-mar,540,30.5584,120.9974,4.7023,33,0.000000e+0,-52,1
10,"Zaragoza · valle 1 · N-S senoidal 4° · quebrado · alineadas ×2 · 10 filas · az -20°",21-mar,560,33.6866,125.6019,4.7023,33,0.000000e+0,-55,1
10,"Zaragoza · valle 1 · N-S senoidal 4° · quebrado · alineadas ×2 · 10 filas · az -20°",21-mar,580,36.6339,130.5419,4.7023,33,0.000000e+0,-55,1
10,"Zaragoza · valle 1 · N-S senoidal 4° · quebrado · alineadas ×2 · 10 filas · az -20°",21-mar,600,39.3642,135.8579,4.7023,33,0.000000e+0,-55,1
10,"Zaragoza · valle 1 · N-S senoidal 4° · quebrado · alineadas ×2 · 10 filas · az -20°",21-mar,620,41.8362,141.5831,4.7023,33,0.000000e+0,-55,1
10,"Zaragoza · valle 1 · N-S senoidal 4° · quebrado · alineadas ×2 · 10 filas · az -20°",21-mar,640,44.0046,147.7369,4.7023,33,0.000000e+0,-55,1
10,"Zaragoza · valle 1 · N-S senoidal 4° · quebrado · alineadas ×2 · 10 filas · az -20°",21-mar,660,45.8219,154.3164,4.7023,33,0.000000e+0,-55,1
10,"Zaragoza · valle 1 · N-S senoidal 4° · quebrado · alineadas ×2 · 10 filas · az -20°",21-mar,680,47.2408,161.2877,4.7023,33,0.000000e+0,-55,1
10,"Zaragoza · valle 1 · N-S senoidal 4° · quebrado · alineadas ×2 · 10 filas · az -20°",21-mar,700,48.2189,168.5799,4.7023,33,0.000000e+0,-55,1
10,"Zaragoza · valle 1 · N-S senoidal 4° · quebrado · alineadas ×2 · 10 filas · az -20°",21-mar,720,48.7237,176.0853,4.7023,33,0.000000e+0,-55,1
10,"Zaragoza · valle 1 · N-S senoidal 4° · quebrado · alineadas ×2 · 10 filas · az -20°",21-mar,740,48.7373,183.6681,4.7023,33,0.000000e+0,-55,1
10,"Zaragoza · valle 1 · N-S senoidal 4° · quebrado · alineadas ×2 · 10 filas · az -20°",21-mar,760,48.2591,191.1814,4.7023,33,0.000000e+0,-55,1
10,"Zaragoza · valle 1 · N-S senoidal 4° · quebrado · alineadas ×2 · 10 filas · az -20°",21-mar,780,47.3064,198.4885,4.7023,33,0.000000e+0,-55,1
10,"Zaragoza · valle 1 · N-S senoidal 4° · quebrado · alineadas ×2 · 10 filas · az -20°",21-mar,800,45.9109,205.4797,4.7023,33,0.000000e+0,2.5,1
10,"Zaragoza · valle 1 · N-S senoidal 4° · quebrado · alineadas ×2 · 10 filas · az -20°",21-mar,820,44.1149,212.0823,4.7023,33,0.000000e+0,19,1
10,"Zaragoza · valle 1 · N-S senoidal 4° · quebrado · alineadas ×2 · 10 filas · az -20°",21-mar,840,41.9653,218.2604,4.7023,33,0.000000e+0,31,1
10,"Zaragoza · valle 1 · N-S senoidal 4° · quebrado · alineadas ×2 · 10 filas · az -20°",21-mar,860,39.5099,224.0098,4.7023,33,0.000000e+0,41,1
10,"Zaragoza · valle 1 · N-S senoidal 4° · quebrado · alineadas ×2 · 10 filas · az -20°",21-mar,880,36.7942,229.3489,4.7023,33,8.382280e-3,39,0
10,"Zaragoza · valle 1 · N-S senoidal 4° · quebrado · alineadas ×2 · 10 filas · az -20°",21-mar,900,33.8596,234.3105,4.7023,33,1.164929e-2,35.5,0
10,"Zaragoza · valle 1 · N-S senoidal 4° · quebrado · alineadas ×2 · 10 filas · az -20°",21-mar,920,30.7428,238.9347,4.7023,33,0.000000e+0,31.5,1
10,"Zaragoza · valle 1 · N-S senoidal 4° · quebrado · alineadas ×2 · 10 filas · az -20°",21-mar,940,27.4756,243.2645,4.7023,33,9.532000e-3,27.5,0
10,"Zaragoza · valle 1 · N-S senoidal 4° · quebrado · alineadas ×2 · 10 filas · az -20°",21-mar,960,24.0859,247.3426,4.7023,33,9.317342e-3,24.5,0
10,"Zaragoza · valle 1 · N-S senoidal 4° · quebrado · alineadas ×2 · 10 filas · az -20°",21-mar,980,20.5978,251.2099,4.7023,33,0.000000e+0,20.5,1
10,"Zaragoza · valle 1 · N-S senoidal 4° · quebrado · alineadas ×2 · 10 filas · az -20°",21-mar,1000,17.0327,254.9045,4.7023,33,8.193991e-3,17,0
10,"Zaragoza · valle 1 · N-S senoidal 4° · quebrado · alineadas ×2 · 10 filas · az -20°",21-mar,1020,13.4108,258.4622,4.7023,33,1.723707e-4,13.5,0
10,"Zaragoza · valle 1 · N-S senoidal 4° · quebrado · alineadas ×2 · 10 filas · az -20°",21-mar,1040,9.7530,261.9160,4.7023,33,2.842656e-2,9.5,0
10,"Zaragoza · valle 1 · N-S senoidal 4° · quebrado · alineadas ×2 · 10 filas · az -20°",21-mar,1060,6.0879,265.2972,4.7023,33,2.904070e-2,6,0
10,"Zaragoza · valle 1 · N-S senoidal 4° · quebrado · alineadas ×2 · 10 filas · az -20°",21-mar,1080,2.4866,268.6354,4.7023,64,3.911246e-2,2,0
10,"Zaragoza · valle 1 · N-S senoidal 4° · quebrado · alineadas ×2 · 10 filas · az -20°",21-dic,480,4.5444,126.9401,4.7023,64,1.084888e-1,-8.5,0
10,"Zaragoza · valle 1 · N-S senoidal 4° · quebrado · alineadas ×2 · 10 filas · az -20°",21-dic,500,7.4023,130.4970,4.7023,33,6.518251e-2,-11.5,0
10,"Zaragoza · valle 1 · N-S senoidal 4° · quebrado · alineadas ×2 · 10 filas · az -20°",21-dic,520,10.1358,134.1991,4.7023,33,3.827143e-2,-22,0
10,"Zaragoza · valle 1 · N-S senoidal 4° · quebrado · alineadas ×2 · 10 filas · az -20°",21-dic,540,12.7098,138.0581,4.7023,33,1.669510e-2,-30.5,0
10,"Zaragoza · valle 1 · N-S senoidal 4° · quebrado · alineadas ×2 · 10 filas · az -20°",21-dic,560,15.0987,142.0828,4.7023,33,0.000000e+0,-53,1
10,"Zaragoza · valle 1 · N-S senoidal 4° · quebrado · alineadas ×2 · 10 filas · az -20°",21-dic,580,17.2795,146.2782,4.7023,33,0.000000e+0,-55,1
10,"Zaragoza · valle 1 · N-S senoidal 4° · quebrado · alineadas ×2 · 10 filas · az -20°",21-dic,600,19.2301,150.6447,4.7023,33,0.000000e+0,-55,1
10,"Zaragoza · valle 1 · N-S senoidal 4° · quebrado · alineadas ×2 · 10 filas · az -20°",21-dic,620,20.9291,155.1771,4.7023,33,0.000000e+0,-55,1
10,"Zaragoza · valle 1 · N-S senoidal 4° · quebrado · alineadas ×2 · 10 filas · az -20°",21-dic,640,22.3561,159.8636,4.7023,33,0.000000e+0,-55,1
10,"Zaragoza · valle 1 · N-S senoidal 4° · quebrado · alineadas ×2 · 10 filas · az -20°",21-dic,660,23.4927,164.6856,4.7023,33,0.000000e+0,-55,1
10,"Zaragoza · valle 1 · N-S senoidal 4° · quebrado · alineadas ×2 · 10 filas · az -20°",21-dic,680,24.3230,169.6174,4.7023,33,0.000000e+0,-55,1
10,"Zaragoza · valle 1 · N-S senoidal 4° · quebrado · alineadas ×2 · 10 filas · az -20°",21-dic,700,24.8347,174.6273,4.7023,33,0.000000e+0,-55,1
10,"Zaragoza · valle 1 · N-S senoidal 4° · quebrado · alineadas ×2 · 10 filas · az -20°",21-dic,720,25.0202,179.6788,4.7023,33,0.000000e+0,1.5,1
10,"Zaragoza · valle 1 · N-S senoidal 4° · quebrado · alineadas ×2 · 10 filas · az -20°",21-dic,740,24.8764,184.7327,4.7023,33,0.000000e+0,23,1
10,"Zaragoza · valle 1 · N-S senoidal 4° · quebrado · alineadas ×2 · 10 filas · az -20°",21-dic,760,24.4057,189.7500,4.7023,33,0.000000e+0,37.5,1
10,"Zaragoza · valle 1 · N-S senoidal 4° · quebrado · alineadas ×2 · 10 filas · az -20°",21-dic,780,23.6152,194.6936,4.7023,33,0.000000e+0,39,1
10,"Zaragoza · valle 1 · N-S senoidal 4° · quebrado · alineadas ×2 · 10 filas · az -20°",21-dic,800,22.5166,199.5310,4.7023,33,1.481196e-2,32,0
10,"Zaragoza · valle 1 · N-S senoidal 4° · quebrado · alineadas ×2 · 10 filas · az -20°",21-dic,820,21.1254,204.2358,4.7023,33,1.658533e-2,29,0
10,"Zaragoza · valle 1 · N-S senoidal 4° · quebrado · alineadas ×2 · 10 filas · az -20°",21-dic,840,19.4598,208.7885,4.7023,33,1.627806e-2,25.5,0
10,"Zaragoza · valle 1 · N-S senoidal 4° · quebrado · alineadas ×2 · 10 filas · az -20°",21-dic,860,17.5399,213.1765,4.7023,33,1.390598e-2,21.5,0
10,"Zaragoza · valle 1 · N-S senoidal 4° · quebrado · alineadas ×2 · 10 filas · az -20°",21-dic,880,15.3871,217.3936,4.7023,33,2.975735e-2,17,0
10,"Zaragoza · valle 1 · N-S senoidal 4° · quebrado · alineadas ×2 · 10 filas · az -20°",21-dic,900,13.0234,221.4397,4.7023,33,2.271472e-2,15,0
10,"Zaragoza · valle 1 · N-S senoidal 4° · quebrado · alineadas ×2 · 10 filas · az -20°",21-dic,920,10.4715,225.3193,4.7023,33,3.633765e-2,12.5,0
10,"Zaragoza · valle 1 · N-S senoidal 4° · quebrado · alineadas ×2 · 10 filas · az -20°",21-dic,940,7.7566,229.0407,4.7023,33,2.386787e-2,9,0
10,"Zaragoza · valle 1 · N-S senoidal 4° · quebrado · alineadas ×2 · 10 filas · az -20°",21-dic,960,4.9112,232.6152,4.7023,64,2.452820e-2,5.5,0
10,"Zaragoza · valle 1 · N-S senoidal 4° · quebrado · alineadas ×2 · 10 filas · az -20°",21-dic,980,2.0112,236.0562,4.7023,64,2.919333e-2,2,0
11,"Arequipa · llano · N-S constante 0° · mono · medios ×2 · 6 filas · az 0°",21-jun,700,4.7742,63.8712,0.0000,33,0.000000e+0,-18.5,1
11,"Arequipa · llano · N-S constante 0° · mono · medios ×2 · 6 filas · az 0°",21-jun,720,8.9729,62.1856,0.0000,17,0.000000e+0,-36,1
11,"Arequipa · llano · N-S constante 0° · mono · medios ×2 · 6 filas · az 0°",21-jun,740,13.1432,60.3097,0.0000,17,0.000000e+0,-55,1
11,"Arequipa · llano · N-S constante 0° · mono · medios ×2 · 6 filas · az 0°",21-jun,760,17.2453,58.2184,0.0000,17,0.000000e+0,-55,1
11,"Arequipa · llano · N-S constante 0° · mono · medios ×2 · 6 filas · az 0°",21-jun,780,21.2561,55.8815,0.0000,17,0.000000e+0,-55,1
11,"Arequipa · llano · N-S constante 0° · mono · medios ×2 · 6 filas · az 0°",21-jun,800,25.1539,53.2637,0.0000,17,0.000000e+0,-55,1
11,"Arequipa · llano · N-S constante 0° · mono · medios ×2 · 6 filas · az 0°",21-jun,820,28.9146,50.3241,0.0000,17,0.000000e+0,-55,1
11,"Arequipa · llano · N-S constante 0° · mono · medios ×2 · 6 filas · az 0°",21-jun,840,32.5098,47.0168,0.0000,17,0.000000e+0,-55,1
11,"Arequipa · llano · N-S constante 0° · mono · medios ×2 · 6 filas · az 0°",21-jun,860,35.9052,43.2920,0.0000,17,0.000000e+0,-55,1
11,"Arequipa · llano · N-S constante 0° · mono · medios ×2 · 6 filas · az 0°",21-jun,880,39.0602,39.0991,0.0000,17,0.000000e+0,-55,1
11,"Arequipa · llano · N-S constante 0° · mono · medios ×2 · 6 filas · az 0°",21-jun,900,41.9268,34.3923,0.0000,17,0.000000e+0,-55,1
11,"Arequipa · llano · N-S constante 0° · mono · medios ×2 · 6 filas · az 0°",21-jun,920,44.4499,29.1395,0.0000,17,0.000000e+0,-55,1
11,"Arequipa · llano · N-S constante 0° · mono · medios ×2 · 6 filas · az 0°",21-jun,940,46.5693,23.3352,0.0000,17,0.000000e+0,-55,1
11,"Arequipa · llano · N-S constante 0° · mono · medios ×2 · 6 filas · az 0°",21-jun,960,48.2231,17.0150,0.0000,17,0.000000e+0,-55,1
11,"Arequipa · llano · N-S constante 0° · mono · medios ×2 · 6 filas · az 0°",21-jun,980,49.3544,10.2679,0.0000,17,0.000000e+0,-55,1
11,"Arequipa · llano · N-S constante 0° · mono · medios ×2 · 6 filas · az 0°",21-jun,1000,49.9185,3.2390,0.0000,17,0.000000e+0,-55,1
11,"Arequipa · llano · N-S constante 0° · mono · medios ×2 · 6 filas · az 0°",21-jun,1020,49.8916,356.1171,0.0000,17,0.000000e+0,-55,1
11,"Arequipa · llano · N-S constante 0° · mono · medios ×2 · 6 filas · az 0°",21-jun,1040,49.2748,349.1064,0.0000,17,0.000000e+0,-55,1
11,"Arequipa · llano · N-S constante 0° · mono · medios ×2 · 6 filas · az 0°",21-jun,1060,48.0942,342.3928,0.0000,17,0.000000e+0,-55,1
11,"Arequipa · llano · N-S constante 0° · mono · medios ×2 · 6 filas · az 0°",21-jun,1080,46.3957,336.1165,0.0000,17,0.000000e+0,-55,1
11,"Arequipa · llano · N-S constante 0° · mono · medios ×2 · 6 filas · az 0°",21-jun,1100,44.2372,330.3613,0.0000,17,0.000000e+0,-55,1
11,"Arequipa · llano · N-S constante 0° · mono · medios ×2 · 6 filas · az 0°",21-jun,1120,41.6806,325.1587,0.0000,17,0.000000e+0,-55,1
11,"Arequipa · llano · N-S constante 0° · mono · medios ×2 · 6 filas · az 0°",21-jun,1140,38.7857,320.5000,0.0000,17,0.000000e+0,-55,1
11,"Arequipa · llano · N-S constante 0° · mono · medios ×2 · 6 filas · az 0°",21-jun,1160,35.6071,316.3514,0.0000,17,0.000000e+0,-55,1
11,"Arequipa · llano · N-S constante 0° · mono · medios ×2 · 6 filas · az 0°",21-jun,1180,32.1920,312.6665,0.0000,17,0.000000e+0,-55,1
11,"Arequipa · llano · N-S constante 0° · mono · medios ×2 · 6 filas · az 0°",21-jun,1200,28.5805,309.3944,0.0000,17,0.000000e+0,-55,1
11,"Arequipa · llano · N-S constante 0° · mono · medios ×2 · 6 filas · az 0°",21-jun,1220,24.8063,306.4858,0.0000,17,0.000000e+0,-55,1
11,"Arequipa · llano · N-S constante 0° · mono · medios ×2 · 6 filas · az 0°",21-jun,1240,20.8973,303.8950,0.0000,17,0.000000e+0,-55,1
11,"Arequipa · llano · N-S constante 0° · mono · medios ×2 · 6 filas · az 0°",21-jun,1260,16.8774,301.5817,0.0000,17,0.000000e+0,-38,1
11,"Arequipa · llano · N-S constante 0° · mono · medios ×2 · 6 filas · az 0°",21-jun,1280,12.7680,299.5110,0.0000,17,0.000000e+0,-24.5,1
11,"Arequipa · llano · N-S constante 0° · mono · medios ×2 · 6 filas · az 0°",21-jun,1300,8.5930,297.6533,0.0000,17,0.000000e+0,-15,1
11,"Arequipa · llano · N-S constante 0° · mono · medios ×2 · 6 filas · az 0°",21-jun,1320,4.3962,295.9837,0.0000,33,0.000000e+0,-7.5,1
11,"Arequipa · llano · N-S constante 0° · mono · medios ×2 · 6 filas · az 0°",21-mar,680,6.1794,87.8345,0.0000,17,0.000000e+0,-21.5,1
11,"Arequipa · llano · N-S constante 0° · mono · medios ×2 · 6 filas · az 0°",21-mar,700,10.9081,86.3640,0.0000,17,0.000000e+0,-39,1
11,"Arequipa · llano · N-S constante 0° · mono · medios ×2 · 6 filas · az 0°",21-mar,720,15.6602,84.8431,0.0000,17,0.000000e+0,-55,1
11,"Arequipa · llano · N-S constante 0° · mono · medios ×2 · 6 filas · az 0°",21-mar,740,20.4114,83.2469,0.0000,17,0.000000e+0,-55,1
11,"Arequipa · llano · N-S constante 0° · mono · medios ×2 · 6 filas · az 0°",21-mar,760,25.1514,81.5460,0.0000,17,0.000000e+0,-55,1
11,"Arequipa · llano · N-S constante 0° · mono · medios ×2 · 6 filas · az 0°",21-mar,780,29.8721,79.7046,0.0000,17,0.000000e+0,-55,1
11,"Arequipa · llano · N-S constante 0° · mono · medios ×2 · 6 filas · az 0°",21-mar,800,34.5652,77.6773,0.0000,17,0.000000e+0,-55,1
11,"Arequipa · llano · N-S constante 0° · mono · medios ×2 · 6 filas · az 0°",21-mar,820,39.2209,75.4045,0.0000,17,0.000000e+0,-55,1
11,"Arequipa · llano · N-S constante 0° · mono · medios ×2 · 6 filas · az 0°",21-mar,840,43.8256,72.8064,0.0000,17,0.000000e+0,-55,1
11,"Arequipa · llano · N-S constante 0° · mono · medios ×2 · 6 filas · az 0°",21-mar,860,48.3608,69.7727,0.0000,17,0.000000e+0,-55,1
11,"Arequipa · llano · N-S constante 0° · mono · medios ×2 · 6 filas · az 0°",21-mar,880,52.7997,66.1475,0.0000,17,0.000000e+0,-55,1
11,"Arequipa · llano · N-S constante 0° · mono · medios ×2 · 6 filas · az 0°",21-mar,900,57.1020,61.7065,0.0000,17,0.000000e+0,-55,1
11,"Arequipa · llano · N-S constante 0° · mono · medios ×2 · 6 filas · az 0°",21-mar,920,61.2050,56.1234,0.0000,17,0.000000e+0,-55,1
11,"Arequipa · llano · N-S constante 0° · mono · medios ×2 · 6 filas · az 0°",21-mar,940,65.0093,48.9323,0.0000,17,0.000000e+0,-55,1
11,"Arequipa · llano · N-S constante 0° · mono · medios ×2 · 6 filas · az 0°",21-mar,960,68.3560,39.5174,0.0000,17,0.000000e+0,-55,1
11,"Arequipa · llano · N-S constante 0° · mono · medios ×2 · 6 filas · az 0°",21-mar,980,71.0006,27.2555,0.0000,17,0.000000e+0,-55,1
11,"Arequipa · llano · N-S constante 0° · mono · medios ×2 · 6 filas · az 0°",21-mar,1000,72.6192,12.0480,0.0000,17,0.000000e+0,-55,1
11,"Arequipa · llano · N-S constante 0° · mono · medios ×2 · 6 filas · az 0°",21-mar,1020,72.9172,355.1449,0.0000,17,0.000000e+0,-55,1
11,"Arequipa · llano · N-S constante 0° · mono · medios ×2 · 6 filas · az 0°",21-mar,1040,71.8293,338.9743,0.0000,17,0.000000e+0,-55,1
11,"Arequipa · llano · N-S constante 0° · mono · medios ×2 · 6 filas · az 0°",21-mar,1060,69.5760,325.4193,0.0000,17,0.000000e+0,-55,1
11,"Arequipa · llano · N-S constante 0° · mono · medios ×2 · 6 filas · az 0°",21-mar,1080,66.4904,314.8661,0.0000,17,0.000000e+0,-55,1
11,"Arequipa · llano · N-S constante 0° · mono · medios ×2 · 6 filas · az 0°",21-mar,1100,62.8553,306.8185,0.0000,17,0.000000e+0,-55,1
11,"Arequipa · llano · N-S constante 0° · mono · medios ×2 · 6 filas · az 0°",21-mar,1120,58.8631,300.6237,0.0000,17,0.000000e+0,-55,1
11,"Arequipa · llano · N-S constante 0° · mono · medios ×2 · 6 filas · az 0°",21-mar,1140,54.6351,295.7491,0.0000,17,0.000000e+0,-55,1
11,"Arequipa · llano · N-S constante 0° · mono · medios ×2 · 6 filas · az 0°",21-mar,1160,50.2473,291.8140,0.0000,17,0.000000e+0,-55,1
11,"Arequipa · llano · N-S constante 0° · mono · medios ×2 · 6 filas · az 0°",21-mar,1180,45.7481,288.5555,0.0000,17,0.000000e+0,-55,1
11,"Arequipa · llano · N-S constante 0° · mono · medios ×2 · 6 filas · az 0°",21-mar,1200,41.1691,285.7922,0.0000,17,0.000000e+0,-55,1
11,"Arequipa · llano · N-S constante 0° · mono · medios ×2 · 6 filas · az 0°",21-mar,1220,36.5321,283.3969,0.0000,17,0.000000e+0,-55,1
11,"Arequipa · llano · N-S constante 0° · mono · medios ×2 · 6 filas · az 0°",21-mar,1240,31.8523,281.2784,0.0000,17,0.000000e+0,-55,1
11,"Arequipa · llano · N-S constante 0° · mono · medios ×2 · 6 filas · az 0°",21-mar,1260,27.1408,279.3695,0.0000,17,0.000000e+0,-55,1
11,"Arequipa · llano · N-S constante 0° · mono · medios ×2 · 6 filas · az 0°",21-mar,1280,22.4065,277.6197,0.0000,17,0.000000e+0,-52.5,1
11,"Arequipa · llano · N-S constante 0° · mono · medios ×2 · 6 filas · az 0°",21-mar,1300,17.6572,275.9894,0.0000,17,0.000000e+0,-32,1
11,"Arequipa · llano · N-S constante 0° · mono · medios ×2 · 6 filas · az 0°",21-mar,1320,12.9018,274.4469,0.0000,17,0.000000e+0,-21,1
11,"Arequipa · llano · N-S constante 0° · mono · medios ×2 · 6 filas · az 0°",21-mar,1340,8.1561,272.9659,0.0000,17,0.000000e+0,-12.5,1
11,"Arequipa · llano · N-S constante 0° · mono · medios ×2 · 6 filas · az 0°",21-mar,1360,3.4752,271.5234,0.0000,33,0.000000e+0,-5,1
11,"Arequipa · llano · N-S constante 0° · mono · medios ×2 · 6 filas · az 0°",21-dic,640,5.5090,112.8863,0.0000,33,0.000000e+0,-21,1
11,"Arequipa · llano · N-S constante 0° · mono · medios ×2 · 6 filas · az 0°",21-dic,660,9.8795,111.6997,0.0000,17,0.000000e+0,-38,1
11,"Arequipa · llano · N-S constante 0° · mono · medios ×2 · 6 filas · az 0°",21-dic,680,14.3190,110.6399,0.0000,17,0.000000e+0,-55,1
11,"Arequipa · llano · N-S constante 0° · mono · medios ×2 · 6 filas · az 0°",21-dic,700,18.8002,109.7012,0.0000,17,0.000000e+0,-55,1
11,"Arequipa · llano · N-S constante 0° · mono · medios ×2 · 6 filas · az 0°",21-dic,720,23.3118,108.8811,0.0000,17,0.000000e+0,-55,1
11,"Arequipa · llano · N-S constante 0° · mono · medios ×2 · 6 filas · az 0°",21-dic,740,27.8469,108.1807,0.0000,17,0.000000e+0,-55,1
11,"Arequipa · llano · N-S constante 0° · mono · medios ×2 · 6 filas · az 0°",21-dic,760,32.4005,107.6058,0.0000,17,0.000000e+0,-55,1
11,"Arequipa · llano · N-S constante 0° · mono · medios ×2 · 6 filas · az 0°",21-dic,780,36.9680,107.1676,0.0000,17,0.000000e+0,-55,1
11,"Arequipa · llano · N-S constante 0° · mono · medios ×2 · 6 filas · az 0°",21-dic,800,41.5453,106.8854,0.0000,17,0.000000e+0,-55,1
11,"Arequipa · llano · N-S constante 0° · mono · medios ×2 · 6 filas · az 0°",21-dic,820,46.1277,106.7892,0.0000,17,0.000000e+0,-55,1
11,"Arequipa · llano · N-S constante 0° · mono · medios ×2 · 6 filas · az 0°",21-dic,840,50.7102,106.9266,0.0000,17,0.000000e+0,-55,1
11,"Arequipa · llano · N-S constante 0° · mono · medios ×2 · 6 filas · az 0°",21-dic,860,55.2860,107.3727,0.0000,17,0.000000e+0,-55,1
11,"Arequipa · llano · N-S constante 0° · mono · medios ×2 · 6 filas · az 0°",21-dic,880,59.8457,108.2507,0.0000,17,0.000000e+0,-55,1
11,"Arequipa · llano · N-S constante 0° · mono · medios ×2 · 6 filas · az 0°",21-dic,900,64.3745,109.7715,0.0000,17,0.000000e+0,-55,1
11,"Arequipa · llano · N-S constante 0° · mono · medios ×2 · 6 filas · az 0°",21-dic,920,68.8464,112.3221,0.0000,17,0.000000e+0,-55,1
11,"Arequipa · llano · N-S constante 0° · mono · medios ×2 · 6 filas · az 0°",21-dic,940,73.2097,116.6755,0.0000,17,0.000000e+0,-55,1
11,"Arequipa · llano · N-S constante 0° · mono · medios ×2 · 6 filas · az 0°",21-dic,960,77.3452,124.5416,0.0000,17,0.000000e+0,-55,1
11,"Arequipa · llano · N-S constante 0° · mono · medios ×2 · 6 filas · az 0°",21-dic,980,80.9293,139.9625,0.0000,17,0.000000e+0,-55,1
11,"Arequipa · llano · N-S constante 0° · mono · medios ×2 · 6 filas · az 0°",21-dic,1000,83.0437,169.7235,0.0000,17,0.000000e+0,-55,1
11,"Arequipa · llano · N-S constante 0° · mono · medios ×2 · 6 filas · az 0°",21-dic,1020,82.3507,206.0083,0.0000,17,0.000000e+0,-55,1
11,"Arequipa · llano · N-S constante 0° · mono · medios ×2 · 6 filas · az 0°",21-dic,1040,79.3872,228.4830,0.0000,17,0.000000e+0,-55,1
11,"Arequipa · llano · N-S constante 0° · mono · medios ×2 · 6 filas · az 0°",21-dic,1060,75.4845,239.6903,0.0000,17,0.000000e+0,-55,1
11,"Arequipa · llano · N-S constante 0° · mono · medios ×2 · 6 filas · az 0°",21-dic,1080,71.2217,245.6266,0.0000,17,0.000000e+0,-55,1
11,"Arequipa · llano · N-S constante 0° · mono · medios ×2 · 6 filas · az 0°",21-dic,1100,66.7992,249.0147,0.0000,17,0.000000e+0,-55,1
11,"Arequipa · llano · N-S constante 0° · mono · medios ×2 · 6 filas · az 0°",21-dic,1120,62.2968,251.0263,0.0000,17,0.000000e+0,-55,1
11,"Arequipa · llano · N-S constante 0° · mono · medios ×2 · 6 filas · az 0°",21-dic,1140,57.7514,252.2170,0.0000,17,0.000000e+0,-55,1
11,"Arequipa · llano · N-S constante 0° · mono · medios ×2 · 6 filas · az 0°",21-dic,1160,53.1829,252.8767,0.0000,17,0.000000e+0,-55,1
11,"Arequipa · llano · N-S constante 0° · mono · medios ×2 · 6 filas · az 0°",21-dic,1180,48.6031,253.1691,0.0000,17,0.000000e+0,-55,1
11,"Arequipa · llano · N-S constante 0° · mono · medios ×2 · 6 filas · az 0°",21-dic,1200,44.0199,253.1917,0.0000,17,0.000000e+0,-55,1
11,"Arequipa · llano · N-S constante 0° · mono · medios ×2 · 6 filas · az 0°",21-dic,1220,39.4393,253.0053,0.0000,17,0.000000e+0,-55,1
11,"Arequipa · llano · N-S constante 0° · mono · medios ×2 · 6 filas · az 0°",21-dic,1240,34.8660,252.6483,0.0000,17,0.000000e+0,-55,1
11,"Arequipa · llano · N-S constante 0° · mono · medios ×2 · 6 filas · az 0°",21-dic,1260,30.3044,252.1454,0.0000,17,0.000000e+0,-55,1
11,"Arequipa · llano · N-S constante 0° · mono · medios ×2 · 6 filas · az 0°",21-dic,1280,25.7587,251.5118,0.0000,17,0.000000e+0,-55,1
11,"Arequipa · llano · N-S constante 0° · mono · medios ×2 · 6 filas · az 0°",21-dic,1300,21.2337,250.7559,0.0000,17,0.000000e+0,-51,1
11,"Arequipa · llano · N-S constante 0° · mono · medios ×2 · 6 filas · az 0°",21-dic,1320,16.7351,249.8813,0.0000,17,0.000000e+0,-32,1
11,"Arequipa · llano · N-S constante 0° · mono · medios ×2 · 6 filas · az 0°",21-dic,1340,12.2712,248.8874,0.0000,17,0.000000e+0,-21.5,1
11,"Arequipa · llano · N-S constante 0° · mono · medios ×2 · 6 filas · az 0°",21-dic,1360,7.8581,247.7702,0.0000,17,0.000000e+0,-13,1
11,"Arequipa · llano · N-S constante 0° · mono · medios ×2 · 6 filas · az 0°",21-dic,1380,3.5464,246.5223,0.0000,33,0.000000e+0,-5.5,1
12,"Zaragoza · aleatorio 42 · N-S aleatorio 2° · mono · tresbolillo ×1 · 6 filas · az -20°",21-jun,300,4.3153,62.0288,3.7183,64,1.378209e-2,-4.5,0
12,"Zaragoza · aleatorio 42 · N-S aleatorio 2° · mono · tresbolillo ×1 · 6 filas · az -20°",21-jun,320,7.5953,65.1785,3.7183,33,0.000000e+0,-7.5,1
12,"Zaragoza · aleatorio 42 · N-S aleatorio 2° · mono · tresbolillo ×1 · 6 filas · az -20°",21-jun,340,10.9965,68.2578,3.7183,33,0.000000e+0,-11,1
12,"Zaragoza · aleatorio 42 · N-S aleatorio 2° · mono · tresbolillo ×1 · 6 filas · az -20°",21-jun,360,14.4858,71.2858,3.7183,33,0.000000e+0,-15,1
12,"Zaragoza · aleatorio 42 · N-S aleatorio 2° · mono · tresbolillo ×1 · 6 filas · az -20°",21-jun,380,18.0452,74.2827,3.7183,33,0.000000e+0,-28,1
12,"Zaragoza · aleatorio 42 · N-S aleatorio 2° · mono · tresbolillo ×1 · 6 filas · az -20°",21-jun,400,21.6612,77.2704,3.7183,33,0.000000e+0,-42,1
12,"Zaragoza · aleatorio 42 · N-S aleatorio 2° · mono · tresbolillo ×1 · 6 filas · az -20°",21-jun,420,25.3226,80.2731,3.7183,33,0.000000e+0,-55,1
12,"Zaragoza · aleatorio 42 · N-S aleatorio 2° · mono · tresbolillo ×1 · 6 filas · az -20°",21-jun,440,29.0187,83.3183,3.7183,33,0.000000e+0,-55,1
12,"Zaragoza · aleatorio 42 · N-S aleatorio 2° · mono · tresbolillo ×1 · 6 filas · az -20°",21-jun,460,32.7391,86.4376,3.7183,33,0.000000e+0,-55,1
12,"Zaragoza · aleatorio 42 · N-S aleatorio 2° · mono · tresbolillo ×1 · 6 filas · az -20°",21-jun,480,36.4729,89.6687,3.7183,33,0.000000e+0,-55,1
12,"Zaragoza · aleatorio 42 · N-S aleatorio 2° · mono · tresbolillo ×1 · 6 filas · az -20°",21-jun,500,40.2084,93.0578,3.7183,33,0.000000e+0,-55,1
12,"Zaragoza · aleatorio 42 · N-S aleatorio 2° · mono · tresbolillo ×1 · 6 filas · az -20°",21-jun,520,43.9319,96.6624,3.7183,33,0.000000e+0,-55,1
12,"Zaragoza · aleatorio 42 · N-S aleatorio 2° · mono · tresbolillo ×1 · 6 filas · az -20°",21-jun,540,47.6271,100.5563,3.7183,33,0.000000e+0,-55,1
12,"Zaragoza · aleatorio 42 · N-S aleatorio 2° · mono · tresbolillo ×1 · 6 filas · az -20°",21-jun,560,51.2734,104.8355,3.7183,33,0.000000e+0,-55,1
12,"Zaragoza · aleatorio 42 · N-S aleatorio 2° · mono · tresbolillo ×1 · 6 filas · az -20°",21-jun,580,54.8437,109.6272,3.7183,33,0.000000e+0,-55,1
12,"Zaragoza · aleatorio 42 · N-S aleatorio 2° · mono · tresbolillo ×1 · 6 filas · az -20°",21-jun,600,58.3011,115.1015,3.7183,33,0.000000e+0,-55,1
12,"Zaragoza · aleatorio 42 · N-S aleatorio 2° · mono · tresbolillo ×1 · 6 filas · az -20°",21-jun,620,61.5938,121.4838,3.7183,33,0.000000e+0,-55,1
12,"Zaragoza · aleatorio 42 · N-S aleatorio 2° · mono · tresbolillo ×1 · 6 filas · az -20°",21-jun,640,64.6480,129.0638,3.7183,33,0.000000e+0,-55,1
12,"Zaragoza · aleatorio 42 · N-S aleatorio 2° · mono · tresbolillo ×1 · 6 filas · az -20°",21-jun,660,67.3579,138.1801,3.7183,33,0.000000e+0,-55,1
12,"Zaragoza · aleatorio 42 · N-S aleatorio 2° · mono · tresbolillo ×1 · 6 filas · az -20°",21-jun,680,69.5784,149.1387,3.7183,33,0.000000e+0,-55,1
12,"Zaragoza · aleatorio 42 · N-S aleatorio 2° · mono · tresbolillo ×1 · 6 filas · az -20°",21-jun,700,71.1301,162.0059,3.7183,33,0.000000e+0,-55,1
12,"Zaragoza · aleatorio 42 · N-S aleatorio 2° · mono · tresbolillo ×1 · 6 filas · az -20°",21-jun,720,71.8368,176.3074,3.7183,33,0.000000e+0,-55,1
12,"Zaragoza · aleatorio 42 · N-S aleatorio 2° · mono · tresbolillo ×1 · 6 filas · az -20°",21-jun,740,71.5993,190.9409,3.7183,33,0.000000e+0,-55,1
12,"Zaragoza · aleatorio 42 · N-S aleatorio 2° · mono · tresbolillo ×1 · 6 filas · az -20°",21-jun,760,70.4524,204.6300,3.7183,33,0.000000e+0,-55,1
12,"Zaragoza · aleatorio 42 · N-S aleatorio 2° · mono · tresbolillo ×1 · 6 filas · az -20°",21-jun,780,68.5438,216.5649,3.7183,33,0.000000e+0,-55,1
12,"Zaragoza · aleatorio 42 · N-S aleatorio 2° · mono · tresbolillo ×1 · 6 filas · az -20°",21-jun,800,66.0587,226.5756,3.7183,33,0.000000e+0,-55,1
12,"Zaragoza · aleatorio 42 · N-S aleatorio 2° · mono · tresbolillo ×1 · 6 filas · az -20°",21-jun,820,63.1617,234.8830,3.7183,33,0.000000e+0,-55,1
12,"Zaragoza · aleatorio 42 · N-S aleatorio 2° · mono · tresbolillo ×1 · 6 filas · az -20°",21-jun,840,59.9777,241.8261,3.7183,33,0.000000e+0,-55,1
12,"Zaragoza · aleatorio 42 · N-S aleatorio 2° · mono · tresbolillo ×1 · 6 filas · az -20°",21-jun,860,56.5952,247.7238,3.7183,33,0.000000e+0,-55,1
12,"Zaragoza · aleatorio 42 · N-S aleatorio 2° · mono · tresbolillo ×1 · 6 filas · az -20°",21-jun,880,53.0761,252.8336,3.7183,33,0.000000e+0,-55,1
12,"Zaragoza · aleatorio 42 · N-S aleatorio 2° · mono · tresbolillo ×1 · 6 filas · az -20°",21-jun,900,49.4641,257.3516,3.7183,33,0.000000e+0,-55,1
12,"Zaragoza · aleatorio 42 · N-S aleatorio 2° · mono · tresbolillo ×1 · 6 filas · az -20°",21-jun,920,45.7905,261.4251,3.7183,33,0.000000e+0,-55,1
12,"Zaragoza · aleatorio 42 · N-S aleatorio 2° · mono · tresbolillo ×1 · 6 filas · az -20°",21-jun,940,42.0789,265.1644,3.7183,33,0.000000e+0,-55,1
12,"Zaragoza · aleatorio 42 · N-S aleatorio 2° · mono · tresbolillo ×1 · 6 filas · az -20°",21-jun,960,38.3476,268.6535,3.7183,33,0.000000e+0,-55,1
12,"Zaragoza · aleatorio 42 · N-S aleatorio 2° · mono · tresbolillo ×1 · 6 filas · az -20°",21-jun,980,34.6113,271.9575,3.7183,33,0.000000e+0,-25.5,1
12,"Zaragoza · aleatorio 42 · N-S aleatorio 2° · mono · tresbolillo ×1 · 6 filas · az -20°",21-jun,1000,30.8827,275.1277,3.7183,33,0.000000e+0,-14.5,1
12,"Zaragoza · aleatorio 42 · N-S aleatorio 2° · mono · tresbolillo ×1 · 6 filas · az -20°",21-jun,1020,27.1731,278.2058,3.7183,33,0.000000e+0,-6,1
12,"Zaragoza · aleatorio 42 · N-S aleatorio 2° · mono · tresbolillo ×1 · 6 filas · az -20°",21-jun,1040,23.4930,281.2261,3.7183,33,0.000000e+0,1,1
12,"Zaragoza · aleatorio 42 · N-S aleatorio 2° · mono · tresbolillo ×1 · 6 filas · az -20°",21-jun,1060,19.8529,284.2181,3.7183,33,0.000000e+0,7,1
12,"Zaragoza · aleatorio 42 · N-S aleatorio 2° · mono · tresbolillo ×1 · 6 filas · az -20°",21-jun,1080,16.2635,287.2075,3.7183,33,0.000000e+0,13.5,1
12,"Zaragoza · aleatorio 42 · N-S aleatorio 2° · mono · tresbolillo ×1 · 6 filas · az -20°",21-jun,1100,12.7372,290.2173,3.7183,33,0.000000e+0,15,1
12,"Zaragoza · aleatorio 42 · N-S aleatorio 2° · mono · tresbolillo ×1 · 6 filas · az -20°",21-jun,1120,9.2889,293.2684,3.7183,33,0.000000e+0,11,1
12,"Zaragoza · aleatorio 42 · N-S aleatorio 2° · mono · tresbolillo ×1 · 6 filas · az -20°",21-jun,1140,5.9421,296.3805,3.7183,64,0.000000e+0,6.5,1
12,"Zaragoza · aleatorio 42 · N-S aleatorio 2° · mono · tresbolillo ×1 · 6 filas · az -20°",21-jun,1160,2.7509,299.5720,3.7183,64,2.579019e-2,4.5,0
12,"Zaragoza · aleatorio 42 · N-S aleatorio 2° · mono · tresbolillo ×1 · 6 filas · az -20°",21-mar,380,2.2529,91.3999,3.7183,64,4.299065e-2,-3,0
12,"Zaragoza · aleatorio 42 · N-S aleatorio 2° · mono · tresbolillo ×1 · 6 filas · az -20°",21-mar,400,5.8504,94.7292,3.7183,64,1.498814e-2,-7,0
12,"Zaragoza · aleatorio 42 · N-S aleatorio 2° · mono · tresbolillo ×1 · 6 filas · az -20°",21-mar,420,9.5200,98.1006,3.7183,33,1.512889e-2,-11,0
12,"Zaragoza · aleatorio 42 · N-S aleatorio 2° · mono · tresbolillo ×1 · 6 filas · az -20°",21-mar,440,13.1842,101.5436,3.7183,33,0.000000e+0,-19.5,1
12,"Zaragoza · aleatorio 42 · N-S aleatorio 2° · mono · tresbolillo ×1 · 6 filas · az -20°",21-mar,460,16.8132,105.0894,3.7183,33,0.000000e+0,-37.5,1
12,"Zaragoza · aleatorio 42 · N-S aleatorio 2° · mono · tresbolillo ×1 · 6 filas · az -20°",21-mar,480,20.3859,108.7709,3.7183,33,0.000000e+0,-55,1
12,"Zaragoza · aleatorio 42 · N-S aleatorio 2° · mono · tresbolillo ×1 · 6 filas · az -20°",21-mar,500,23.8823,112.6235,3.7183,33,0.000000e+0,-55,1
12,"Zaragoza · aleatorio 42 · N-S aleatorio 2° · mono · tresbolillo ×1 · 6 filas · az -20°",21-mar,520,27.2812,116.6855,3.7183,33,0.000000e+0,-55,1
12,"Zaragoza · aleatorio 42 · N-S aleatorio 2° · mono · tresbolillo ×1 · 6 filas · az -20°",21-mar,540,30.5584,120.9974,3.7183,33,0.000000e+0,-55,1
12,"Zaragoza · aleatorio 42 · N-S aleatorio 2° · mono · tresbolillo ×1 · 6 filas · az -20°",21-mar,560,33.6866,125.6019,3.7183,33,0.000000e+0,-55,1
12,"Zaragoza · aleatorio 42 · N-S aleatorio 2° · mono · tresbolillo ×1 · 6 filas · az -20°",21-mar,580,36.6339,130.5419,3.7183,33,0.000000e+0,-55,1
12,"Zaragoza · aleatorio 42 · N-S aleatorio 2° · mono · tresbolillo ×1 · 6 filas · az -20°",21-mar,600,39.3642,135.8579,3.7183,33,0.000000e+0,-55,1
12,"Zaragoza · aleatorio 42 · N-S aleatorio 2° · mono · tresbolillo ×1 · 6 filas · az -20°",21-mar,620,41.8362,141.5831,3.7183,33,0.000000e+0,-55,1
12,"Zaragoza · aleatorio 42 · N-S aleatorio 2° · mono · tresbolillo ×1 · 6 filas · az -20°",21-mar,640,44.0046,147.7369,3.7183,33,0.000000e+0,-55,1
12,"Zaragoza · aleatorio 42 · N-S aleatorio 2° · mono · tresbolillo ×1 · 6 filas · az -20°",21-mar,660,45.8219,154.3164,3.7183,33,0.000000e+0,-55,1
12,"Zaragoza · aleatorio 42 · N-S aleatorio 2° · mono · tresbolillo ×1 · 6 filas · az -20°",21-mar,680,47.2408,161.2877,3.7183,33,0.000000e+0,-55,1
12,"Zaragoza · aleatorio 42 · N-S aleatorio 2° · mono · tresbolillo ×1 · 6 filas · az -20°",21-mar,700,48.2189,168.5799,3.7183,33,0.000000e+0,-55,1
12,"Zaragoza · aleatorio 42 · N-S aleatorio 2° · mono · tresbolillo ×1 · 6 filas · az -20°",21-mar,720,48.7237,176.0853,3.7183,33,0.000000e+0,-55,1
12,"Zaragoza · aleatorio 42 · N-S aleatorio 2° · mono · tresbolillo ×1 · 6 filas · az -20°",21-mar,740,48.7373,183.6681,3.7183,33,0.000000e+0,-55,1
12,"Zaragoza · aleatorio 42 · N-S aleatorio 2° · mono · tresbolillo ×1 · 6 filas · az -20°",21-mar,760,48.2591,191.1814,3.7183,33,0.000000e+0,-55,1
12,"Zaragoza · aleatorio 42 · N-S aleatorio 2° · mono · tresbolillo ×1 · 6 filas · az -20°",21-mar,780,47.3064,198.4885,3.7183,33,0.000000e+0,-55,1
12,"Zaragoza · aleatorio 42 · N-S aleatorio 2° · mono · tresbolillo ×1 · 6 filas · az -20°",21-mar,800,45.9109,205.4797,3.7183,33,0.000000e+0,-55,1
12,"Zaragoza · aleatorio 42 · N-S aleatorio 2° · mono · tresbolillo ×1 · 6 filas · az -20°",21-mar,820,44.1149,212.0823,3.7183,33,0.000000e+0,-55,1
12,"Zaragoza · aleatorio 42 · N-S aleatorio 2° · mono · tresbolillo ×1 · 6 filas · az -20°",21-mar,840,41.9653,218.2604,3.7183,33,0.000000e+0,-55,1
12,"Zaragoza · aleatorio 42 · N-S aleatorio 2° · mono · tresbolillo ×1 · 6 filas · az -20°",21-mar,860,39.5099,224.0098,3.7183,33,0.000000e+0,-55,1
12,"Zaragoza · aleatorio 42 · N-S aleatorio 2° · mono · tresbolillo ×1 · 6 filas · az -20°",21-mar,880,36.7942,229.3489,3.7183,33,0.000000e+0,-55,1
12,"Zaragoza · aleatorio 42 · N-S aleatorio 2° · mono · tresbolillo ×1 · 6 filas · az -20°",21-mar,900,33.8596,234.3105,3.7183,33,0.000000e+0,-21.5,1
12,"Zaragoza · aleatorio 42 · N-S aleatorio 2° · mono · tresbolillo ×1 · 6 filas · az -20°",21-mar,920,30.7428,238.9347,3.7183,33,0.000000e+0,-11,1
12,"Zaragoza · aleatorio 42 · N-S aleatorio 2° · mono · tresbolillo ×1 · 6 filas · az -20°",21-mar,940,27.4756,243.2645,3.7183,33,0.000000e+0,-2.5,1
12,"Zaragoza · aleatorio 42 · N-S aleatorio 2° · mono · tresbolillo ×1 · 6 filas · az -20°",21-mar,960,24.0859,247.3426,3.7183,33,0.000000e+0,4,1
12,"Zaragoza · aleatorio 42 · N-S aleatorio 2° · mono · tresbolillo ×1 · 6 filas · az -20°",21-mar,980,20.5978,251.2099,3.7183,33,0.000000e+0,10.5,1
12,"Zaragoza · aleatorio 42 · N-S aleatorio 2° · mono · tresbolillo ×1 · 6 filas · az -20°",21-mar,1000,17.0327,254.9045,3.7183,33,0.000000e+0,16.5,1
12,"Zaragoza · aleatorio 42 · N-S aleatorio 2° · mono · tresbolillo ×1 · 6 filas · az -20°",21-mar,1020,13.4108,258.4622,3.7183,33,1.110154e-2,13.5,0
12,"Zaragoza · aleatorio 42 · N-S aleatorio 2° · mono · tresbolillo ×1 · 6 filas · az -20°",21-mar,1040,9.7530,261.9160,3.7183,33,0.000000e+0,9.5,1
12,"Zaragoza · aleatorio 42 · N-S aleatorio 2° · mono · tresbolillo ×1 · 6 filas · az -20°",21-mar,1060,6.0879,265.2972,3.7183,33,1.504568e-3,6.5,0
12,"Zaragoza · aleatorio 42 · N-S aleatorio 2° · mono · tresbolillo ×1 · 6 filas · az -20°",21-mar,1080,2.4866,268.6354,3.7183,64,6.622721e-2,3,0
12,"Zaragoza · aleatorio 42 · N-S aleatorio 2° · mono · tresbolillo ×1 · 6 filas · az -20°",21-dic,480,4.5444,126.9401,3.7183,64,2.716835e-2,-8,0
12,"Zaragoza · aleatorio 42 · N-S aleatorio 2° · mono · tresbolillo ×1 · 6 filas · az -20°",21-dic,500,7.4023,130.4970,3.7183,33,0.000000e+0,-20.5,1
12,"Zaragoza · aleatorio 42 · N-S aleatorio 2° · mono · tresbolillo ×1 · 6 filas · az -20°",21-dic,520,10.1358,134.1991,3.7183,33,0.000000e+0,-49,1
12,"Zaragoza · aleatorio 42 · N-S aleatorio 2° · mono · tresbolillo ×1 · 6 filas · az -20°",21-dic,540,12.7098,138.0581,3.7183,33,0.000000e+0,-55,1
12,"Zaragoza · aleatorio 42 · N-S aleatorio 2° · mono · tresbolillo ×1 · 6 filas · az -20°",21-dic,560,15.0987,142.0828,3.7183,33,0.000000e+0,-55,1
12,"Zaragoza · aleatorio 42 · N-S aleatorio 2° · mono · tresbolillo ×1 · 6 filas · az -20°",21-dic,580,17.2795,146.2782,3.7183,33,0.000000e+0,-55,1
12,"Zaragoza · aleatorio 42 · N-S aleatorio 2° · mono · tresbolillo ×1 · 6 filas · az -20°",21-dic,600,19.2301,150.6447,3.7183,33,0.000000e+0,-55,1
12,"Zaragoza · aleatorio 42 · N-S aleatorio 2° · mono · tresbolillo ×1 · 6 filas · az -20°",21-dic,620,20.9291,155.1771,3.7183,33,0.000000e+0,-55,1
12,"Zaragoza · aleatorio 42 · N-S aleatorio 2° · mono · tresbolillo ×1 · 6 filas · az -20°",21-dic,640,22.3561,159.8636,3.7183,33,0.000000e+0,-55,1
12,"Zaragoza · aleatorio 42 · N-S aleatorio 2° · mono · tresbolillo ×1 · 6 filas · az -20°",21-dic,660,23.4927,164.6856,3.7183,33,0.000000e+0,-55,1
12,"Zaragoza · aleatorio 42 · N-S aleatorio 2° · mono · tresbolillo ×1 · 6 filas · az -20°",21-dic,680,24.3230,169.6174,3.7183,33,0.000000e+0,-55,1
12,"Zaragoza · aleatorio 42 · N-S aleatorio 2° · mono · tresbolillo ×1 · 6 filas · az -20°",21-dic,700,24.8347,174.6273,3.7183,33,0.000000e+0,-55,1
12,"Zaragoza · aleatorio 42 · N-S aleatorio 2° · mono · tresbolillo ×1 · 6 filas · az -20°",21-dic,720,25.0202,179.6788,3.7183,33,0.000000e+0,-55,1
12,"Zaragoza · aleatorio 42 · N-S aleatorio 2° · mono · tresbolillo ×1 · 6 filas · az -20°",21-dic,740,24.8764,184.7327,3.7183,33,0.000000e+0,-55,1
12,"Zaragoza · aleatorio 42 · N-S aleatorio 2° · mono · tresbolillo ×1 · 6 filas · az -20°",21-dic,760,24.4057,189.7500,3.7183,33,0.000000e+0,-55,1
12,"Zaragoza · aleatorio 42 · N-S aleatorio 2° · mono · tresbolillo ×1 · 6 filas · az -20°",21-dic,780,23.6152,194.6936,3.7183,33,0.000000e+0,-55,1
12,"Zaragoza · aleatorio 42 · N-S aleatorio 2° · mono · tresbolillo ×1 · 6 filas · az -20°",21-dic,800,22.5166,199.5310,3.7183,33,0.000000e+0,-19.5,1
12,"Zaragoza · aleatorio 42 · N-S aleatorio 2° · mono · tresbolillo ×1 · 6 filas · az -20°",21-dic,820,21.1254,204.2358,3.7183,33,0.000000e+0,-8.5,1
12,"Zaragoza · aleatorio 42 · N-S aleatorio 2° · mono · tresbolillo ×1 · 6 filas · az -20°",21-dic,840,19.4598,208.7885,3.7183,33,0.000000e+0,0,1
12,"Zaragoza · aleatorio 42 · N-S aleatorio 2° · mono · tresbolillo ×1 · 6 filas · az -20°",21-dic,860,17.5399,213.1765,3.7183,33,0.000000e+0,6.5,1
12,"Zaragoza · aleatorio 42 · N-S aleatorio 2° · mono · tresbolillo ×1 · 6 filas · az -20°",21-dic,880,15.3871,217.3936,3.7183,33,0.000000e+0,16.5,1
12,"Zaragoza · aleatorio 42 · N-S aleatorio 2° · mono · tresbolillo ×1 · 6 filas · az -20°",21-dic,900,13.0234,221.4397,3.7183,33,0.000000e+0,15.5,1
12,"Zaragoza · aleatorio 42 · N-S aleatorio 2° · mono · tresbolillo ×1 · 6 filas · az -20°",21-dic,920,10.4715,225.3193,3.7183,33,0.000000e+0,12,1
12,"Zaragoza · aleatorio 42 · N-S aleatorio 2° · mono · tresbolillo ×1 · 6 filas · az -20°",21-dic,940,7.7566,229.0407,3.7183,33,0.000000e+0,8,1
12,"Zaragoza · aleatorio 42 · N-S aleatorio 2° · mono · tresbolillo ×1 · 6 filas · az -20°",21-dic,960,4.9112,232.6152,3.7183,64,2.157049e-2,5.5,0
12,"Zaragoza · aleatorio 42 · N-S aleatorio 2° · mono · tresbolillo ×1 · 6 filas · az -20°",21-dic,980,2.0112,236.0562,3.7183,64,8.429026e-3,2.5,0
13,"Arequipa · pendiente 10 · N-S rotula 4° · mono · alineadas ×1 · 6 filas · az 0°",21-jun,700,4.7742,63.8712,0.0000,33,0.000000e+0,-47.5,1
13,"Arequipa · pendiente 10 · N-S rotula 4° · mono · alineadas ×1 · 6 filas · az 0°",21-jun,720,8.9729,62.1856,0.0000,17,0.000000e+0,-55,1
13,"Arequipa · pendiente 10 · N-S rotula 4° · mono · alineadas ×1 · 6 filas · az 0°",21-jun,740,13.1432,60.3097,0.0000,17,0.000000e+0,-55,1
13,"Arequipa · pendiente 10 · N-S rotula 4° · mono · alineadas ×1 · 6 filas · az 0°",21-jun,760,17.2453,58.2184,0.0000,17,0.000000e+0,-55,1
13,"Arequipa · pendiente 10 · N-S rotula 4° · mono · alineadas ×1 · 6 filas · az 0°",21-jun,780,21.2561,55.8815,0.0000,17,0.000000e+0,-55,1
13,"Arequipa · pendiente 10 · N-S rotula 4° · mono · alineadas ×1 · 6 filas · az 0°",21-jun,800,25.1539,53.2637,0.0000,17,0.000000e+0,-55,1
13,"Arequipa · pendiente 10 · N-S rotula 4° · mono · alineadas ×1 · 6 filas · az 0°",21-jun,820,28.9146,50.3241,0.0000,17,0.000000e+0,-55,1
13,"Arequipa · pendiente 10 · N-S rotula 4° · mono · alineadas ×1 · 6 filas · az 0°",21-jun,840,32.5098,47.0168,0.0000,17,0.000000e+0,-55,1
13,"Arequipa · pendiente 10 · N-S rotula 4° · mono · alineadas ×1 · 6 filas · az 0°",21-jun,860,35.9052,43.2920,0.0000,17,0.000000e+0,-55,1
13,"Arequipa · pendiente 10 · N-S rotula 4° · mono · alineadas ×1 · 6 filas · az 0°",21-jun,880,39.0602,39.0991,0.0000,17,0.000000e+0,-55,1
13,"Arequipa · pendiente 10 · N-S rotula 4° · mono · alineadas ×1 · 6 filas · az 0°",21-jun,900,41.9268,34.3923,0.0000,17,0.000000e+0,-55,1
13,"Arequipa · pendiente 10 · N-S rotula 4° · mono · alineadas ×1 · 6 filas · az 0°",21-jun,920,44.4499,29.1395,0.0000,17,0.000000e+0,-55,1
13,"Arequipa · pendiente 10 · N-S rotula 4° · mono · alineadas ×1 · 6 filas · az 0°",21-jun,940,46.5693,23.3352,0.0000,17,0.000000e+0,-55,1
13,"Arequipa · pendiente 10 · N-S rotula 4° · mono · alineadas ×1 · 6 filas · az 0°",21-jun,960,48.2231,17.0150,0.0000,17,0.000000e+0,-55,1
13,"Arequipa · pendiente 10 · N-S rotula 4° · mono · alineadas ×1 · 6 filas · az 0°",21-jun,980,49.3544,10.2679,0.0000,17,0.000000e+0,-55,1
13,"Arequipa · pendiente 10 · N-S rotula 4° · mono · alineadas ×1 · 6 filas · az 0°",21-jun,1000,49.9185,3.2390,0.0000,17,0.000000e+0,-55,1
13,"Arequipa · pendiente 10 · N-S rotula 4° · mono · alineadas ×1 · 6 filas · az 0°",21-jun,1020,49.8916,356.1171,0.0000,17,0.000000e+0,-55,1
13,"Arequipa · pendiente 10 · N-S rotula 4° · mono · alineadas ×1 · 6 filas · az 0°",21-jun,1040,49.2748,349.1064,0.0000,17,0.000000e+0,-55,1
13,"Arequipa · pendiente 10 · N-S rotula 4° · mono · alineadas ×1 · 6 filas · az 0°",21-jun,1060,48.0942,342.3928,0.0000,17,0.000000e+0,-55,1
13,"Arequipa · pendiente 10 · N-S rotula 4° · mono · alineadas ×1 · 6 filas · az 0°",21-jun,1080,46.3957,336.1165,0.0000,17,0.000000e+0,-55,1
13,"Arequipa · pendiente 10 · N-S rotula 4° · mono · alineadas ×1 · 6 filas · az 0°",21-jun,1100,44.2372,330.3613,0.0000,17,0.000000e+0,-55,1
13,"Arequipa · pendiente 10 · N-S rotula 4° · mono · alineadas ×1 · 6 filas · az 0°",21-jun,1120,41.6806,325.1587,0.0000,17,0.000000e+0,-55,1
13,"Arequipa · pendiente 10 · N-S rotula 4° · mono · alineadas ×1 · 6 filas · az 0°",21-jun,1140,38.7857,320.5000,0.0000,17,0.000000e+0,-55,1
13,"Arequipa · pendiente 10 · N-S rotula 4° · mono · alineadas ×1 · 6 filas · az 0°",21-jun,1160,35.6071,316.3514,0.0000,17,0.000000e+0,-55,1
13,"Arequipa · pendiente 10 · N-S rotula 4° · mono · alineadas ×1 · 6 filas · az 0°",21-jun,1180,32.1920,312.6665,0.0000,17,0.000000e+0,-55,1
13,"Arequipa · pendiente 10 · N-S rotula 4° · mono · alineadas ×1 · 6 filas · az 0°",21-jun,1200,28.5805,309.3944,0.0000,17,0.000000e+0,-55,1
13,"Arequipa · pendiente 10 · N-S rotula 4° · mono · alineadas ×1 · 6 filas · az 0°",21-jun,1220,24.8063,306.4858,0.0000,17,0.000000e+0,-30.5,1
13,"Arequipa · pendiente 10 · N-S rotula 4° · mono · alineadas ×1 · 6 filas · az 0°",21-jun,1240,20.8973,303.8950,0.0000,17,0.000000e+0,-15.5,1
13,"Arequipa · pendiente 10 · N-S rotula 4° · mono · alineadas ×1 · 6 filas · az 0°",21-jun,1260,16.8774,301.5817,0.0000,17,0.000000e+0,-5.5,1
13,"Arequipa · pendiente 10 · N-S rotula 4° · mono · alineadas ×1 · 6 filas · az 0°",21-jun,1280,12.7680,299.5110,0.0000,17,0.000000e+0,3,1
13,"Arequipa · pendiente 10 · N-S rotula 4° · mono · alineadas ×1 · 6 filas · az 0°",21-jun,1300,8.5930,297.6533,0.0000,17,0.000000e+0,9,1
13,"Arequipa · pendiente 10 · N-S rotula 4° · mono · alineadas ×1 · 6 filas · az 0°",21-jun,1320,4.3962,295.9837,0.0000,33,0.000000e+0,-8,1
13,"Arequipa · pendiente 10 · N-S rotula 4° · mono · alineadas ×1 · 6 filas · az 0°",21-mar,680,6.1794,87.8345,0.0000,17,0.000000e+0,-51.5,1
13,"Arequipa · pendiente 10 · N-S rotula 4° · mono · alineadas ×1 · 6 filas · az 0°",21-mar,700,10.9081,86.3640,0.0000,17,0.000000e+0,-55,1
13,"Arequipa · pendiente 10 · N-S rotula 4° · mono · alineadas ×1 · 6 filas · az 0°",21-mar,720,15.6602,84.8431,0.0000,17,0.000000e+0,-55,1
13,"Arequipa · pendiente 10 · N-S rotula 4° · mono · alineadas ×1 · 6 filas · az 0°",21-mar,740,20.4114,83.2469,0.0000,17,0.000000e+0,-55,1
13,"Arequipa · pendiente 10 · N-S rotula 4° · mono · alineadas ×1 · 6 filas · az 0°",21-mar,760,25.1514,81.5460,0.0000,17,0.000000e+0,-55,1
13,"Arequipa · pendiente 10 · N-S rotula 4° · mono · alineadas ×1 · 6 filas · az 0°",21-mar,780,29.8721,79.7046,0.0000,17,0.000000e+0,-55,1
13,"Arequipa · pendiente 10 · N-S rotula 4° · mono · alineadas ×1 · 6 filas · az 0°",21-mar,800,34.5652,77.6773,0.0000,17,0.000000e+0,-55,1
13,"Arequipa · pendiente 10 · N-S rotula 4° · mono · alineadas ×1 · 6 filas · az 0°",21-mar,820,39.2209,75.4045,0.0000,17,0.000000e+0,-55,1
13,"Arequipa · pendiente 10 · N-S rotula 4° · mono · alineadas ×1 · 6 filas · az 0°",21-mar,840,43.8256,72.8064,0.0000,17,0.000000e+0,-55,1
13,"Arequipa · pendiente 10 · N-S rotula 4° · mono · alineadas ×1 · 6 filas · az 0°",21-mar,860,48.3608,69.7727,0.0000,17,0.000000e+0,-55,1
13,"Arequipa · pendiente 10 · N-S rotula 4° · mono · alineadas ×1 · 6 filas · az 0°",21-mar,880,52.7997,66.1475,0.0000,17,0.000000e+0,-55,1
13,"Arequipa · pendiente 10 · N-S rotula 4° · mono · alineadas ×1 · 6 filas · az 0°",21-mar,900,57.1020,61.7065,0.0000,17,0.000000e+0,-55,1
13,"Arequipa · pendiente 10 · N-S rotula 4° · mono · alineadas ×1 · 6 filas · az 0°",21-mar,920,61.2050,56.1234,0.0000,17,0.000000e+0,-55,1
13,"Arequipa · pendiente 10 · N-S rotula 4° · mono · alineadas ×1 · 6 filas · az 0°",21-mar,940,65.0093,48.9323,0.0000,17,0.000000e+0,-55,1
13,"Arequipa · pendiente 10 · N-S rotula 4° · mono · alineadas ×1 · 6 filas · az 0°",21-mar,960,68.3560,39.5174,0.0000,17,0.000000e+0,-55,1
13,"Arequipa · pendiente 10 · N-S rotula 4° · mono · alineadas ×1 · 6 filas · az 0°",21-mar,980,71.0006,27.2555,0.0000,17,0.000000e+0,-55,1
13,"Arequipa · pendiente 10 · N-S rotula 4° · mono · alineadas ×1 · 6 filas · az 0°",21-mar,1000,72.6192,12.0480,0.0000,17,0.000000e+0,-55,1
13,"Arequipa · pendiente 10 · N-S rotula 4° · mono · alineadas ×1 · 6 filas · az 0°",21-mar,1020,72.9172,355.1449,0.0000,17,0.000000e+0,-55,1
13,"Arequipa · pendiente 10 · N-S rotula 4° · mono · alineadas ×1 · 6 filas · az 0°",21-mar,1040,71.8293,338.9743,0.0000,17,0.000000e+0,-55,1
13,"Arequipa · pendiente 10 · N-S rotula 4° · mono · alineadas ×1 · 6 filas · az 0°",21-mar,1060,69.5760,325.4193,0.0000,17,0.000000e+0,-55,1
13,"Arequipa · pendiente 10 · N-S rotula 4° · mono · alineadas ×1 · 6 filas · az 0°",21-mar,1080,66.4904,314.8661,0.0000,17,0.000000e+0,-55,1
13,"Arequipa · pendiente 10 · N-S rotula 4° · mono · alineadas ×1 · 6 filas · az 0°",21-mar,1100,62.8553,306.8185,0.0000,17,0.000000e+0,-55,1
13,"Arequipa · pendiente 10 · N-S rotula 4° · mono · alineadas ×1 · 6 filas · az 0°",21-mar,1120,58.8631,300.6237,0.0000,17,0.000000e+0,-55,1
13,"Arequipa · pendiente 10 · N-S rotula 4° · mono · alineadas ×1 · 6 filas · az 0°",21-mar,1140,54.6351,295.7491,0.0000,17,0.000000e+0,-55,1
13,"Arequipa · pendiente 10 · N-S rotula 4° · mono · alineadas ×1 · 6 filas · az 0°",21-mar,1160,50.2473,291.8140,0.0000,17,0.000000e+0,-55,1
13,"Arequipa · pendiente 10 · N-S rotula 4° · mono · alineadas ×1 · 6 filas · az 0°",21-mar,1180,45.7481,288.5555,0.0000,17,0.000000e+0,-55,1
13,"Arequipa · pendiente 10 · N-S rotula 4° · mono · alineadas ×1 · 6 filas · az 0°",21-mar,1200,41.1691,285.7922,0.0000,17,0.000000e+0,-55,1
13,"Arequipa · pendiente 10 · N-S rotula 4° · mono · alineadas ×1 · 6 filas · az 0°",21-mar,1220,36.5321,283.3969,0.0000,17,0.000000e+0,-55,1
13,"Arequipa · pendiente 10 · N-S rotula 4° · mono · alineadas ×1 · 6 filas · az 0°",21-mar,1240,31.8523,281.2784,0.0000,17,0.000000e+0,-44,1
13,"Arequipa · pendiente 10 · N-S rotula 4° · mono · alineadas ×1 · 6 filas · az 0°",21-mar,1260,27.1408,279.3695,0.0000,17,0.000000e+0,-22.5,1
13,"Arequipa · pendiente 10 · N-S rotula 4° · mono · alineadas ×1 · 6 filas · az 0°",21-mar,1280,22.4065,277.6197,0.0000,17,0.000000e+0,-11,1
13,"Arequipa · pendiente 10 · N-S rotula 4° · mono · alineadas ×1 · 6 filas · az 0°",21-mar,1300,17.6572,275.9894,0.0000,17,0.000000e+0,-2,1
13,"Arequipa · pendiente 10 · N-S rotula 4° · mono · alineadas ×1 · 6 filas · az 0°",21-mar,1320,12.9018,274.4469,0.0000,17,0.000000e+0,5.5,1
13,"Arequipa · pendiente 10 · N-S rotula 4° · mono · alineadas ×1 · 6 filas · az 0°",21-mar,1340,8.1561,272.9659,0.0000,17,0.000000e+0,3.5,1
13,"Arequipa · pendiente 10 · N-S rotula 4° · mono · alineadas ×1 · 6 filas · az 0°",21-mar,1360,3.4752,271.5234,0.0000,33,0.000000e+0,-13,1
13,"Arequipa · pendiente 10 · N-S rotula 4° · mono · alineadas ×1 · 6 filas · az 0°",21-dic,640,5.5090,112.8863,0.0000,33,0.000000e+0,-50.5,1
13,"Arequipa · pendiente 10 · N-S rotula 4° · mono · alineadas ×1 · 6 filas · az 0°",21-dic,660,9.8795,111.6997,0.0000,17,0.000000e+0,-55,1
13,"Arequipa · pendiente 10 · N-S rotula 4° · mono · alineadas ×1 · 6 filas · az 0°",21-dic,680,14.3190,110.6399,0.0000,17,0.000000e+0,-55,1
13,"Arequipa · pendiente 10 · N-S rotula 4° · mono · alineadas ×1 · 6 filas · az 0°",21-dic,700,18.8002,109.7012,0.0000,17,0.000000e+0,-55,1
13,"Arequipa · pendiente 10 · N-S rotula 4° · mono · alineadas ×1 · 6 filas · az 0°",21-dic,720,23.3118,108.8811,0.0000,17,0.000000e+0,-55,1
13,"Arequipa · pendiente 10 · N-S rotula 4° · mono · alineadas ×1 · 6 filas · az 0°",21-dic,740,27.8469,108.1807,0.0000,17,0.000000e+0,-55,1
13,"Arequipa · pendiente 10 · N-S rotula 4° · mono · alineadas ×1 · 6 filas · az 0°",21-dic,760,32.4005,107.6058,0.0000,17,0.000000e+0,-55,1
13,"Arequipa · pendiente 10 · N-S rotula 4° · mono · alineadas ×1 · 6 filas · az 0°",21-dic,780,36.9680,107.1676,0.0000,17,0.000000e+0,-55,1
13,"Arequipa · pendiente 10 · N-S rotula 4° · mono · alineadas ×1 · 6 filas · az 0°",21-dic,800,41.5453,106.8854,0.0000,17,0.000000e+0,-55,1
13,"Arequipa · pendiente 10 · N-S rotula 4° · mono · alineadas ×1 · 6 filas · az 0°",21-dic,820,46.1277,106.7892,0.0000,17,0.000000e+0,-55,1
13,"Arequipa · pendiente 10 · N-S rotula 4° · mono · alineadas ×1 · 6 filas · az 0°",21-dic,840,50.7102,106.9266,0.0000,17,0.000000e+0,-55,1
13,"Arequipa · pendiente 10 · N-S rotula 4° · mono · alineadas ×1 · 6 filas · az 0°",21-dic,860,55.2860,107.3727,0.0000,17,0.000000e+0,-55,1
13,"Arequipa · pendiente 10 · N-S rotula 4° · mono · alineadas ×1 · 6 filas · az 0°",21-dic,880,59.8457,108.2507,0.0000,17,0.000000e+0,-55,1
13,"Arequipa · pendiente 10 · N-S rotula 4° · mono · alineadas ×1 · 6 filas · az 0°",21-dic,900,64.3745,109.7715,0.0000,17,0.000000e+0,-55,1
13,"Arequipa · pendiente 10 · N-S rotula 4° · mono · alineadas ×1 · 6 filas · az 0°",21-dic,920,68.8464,112.3221,0.0000,17,0.000000e+0,-55,1
13,"Arequipa · pendiente 10 · N-S rotula 4° · mono · alineadas ×1 · 6 filas · az 0°",21-dic,940,73.2097,116.6755,0.0000,17,0.000000e+0,-55,1
13,"Arequipa · pendiente 10 · N-S rotula 4° · mono · alineadas ×1 · 6 filas · az 0°",21-dic,960,77.3452,124.5416,0.0000,17,0.000000e+0,-55,1
13,"Arequipa · pendiente 10 · N-S rotula 4° · mono · alineadas ×1 · 6 filas · az 0°",21-dic,980,80.9293,139.9625,0.0000,17,0.000000e+0,-55,1
13,"Arequipa · pendiente 10 · N-S rotula 4° · mono · alineadas ×1 · 6 filas · az 0°",21-dic,1000,83.0437,169.7235,0.0000,17,0.000000e+0,-55,1
13,"Arequipa · pendiente 10 · N-S rotula 4° · mono · alineadas ×1 · 6 filas · az 0°",21-dic,1020,82.3507,206.0083,0.0000,17,0.000000e+0,-55,1
13,"Arequipa · pendiente 10 · N-S rotula 4° · mono · alineadas ×1 · 6 filas · az 0°",21-dic,1040,79.3872,228.4830,0.0000,17,0.000000e+0,-55,1
13,"Arequipa · pendiente 10 · N-S rotula 4° · mono · alineadas ×1 · 6 filas · az 0°",21-dic,1060,75.4845,239.6903,0.0000,17,0.000000e+0,-55,1
13,"Arequipa · pendiente 10 · N-S rotula 4° · mono · alineadas ×1 · 6 filas · az 0°",21-dic,1080,71.2217,245.6266,0.0000,17,0.000000e+0,-55,1
13,"Arequipa · pendiente 10 · N-S rotula 4° · mono · alineadas ×1 · 6 filas · az 0°",21-dic,1100,66.7992,249.0147,0.0000,17,0.000000e+0,-55,1
13,"Arequipa · pendiente 10 · N-S rotula 4° · mono · alineadas ×1 · 6 filas · az 0°",21-dic,1120,62.2968,251.0263,0.0000,17,0.000000e+0,-55,1
13,"Arequipa · pendiente 10 · N-S rotula 4° · mono · alineadas ×1 · 6 filas · az 0°",21-dic,1140,57.7514,252.2170,0.0000,17,0.000000e+0,-55,1
13,"Arequipa · pendiente 10 · N-S rotula 4° · mono · alineadas ×1 · 6 filas · az 0°",21-dic,1160,53.1829,252.8767,0.0000,17,0.000000e+0,-55,1
13,"Arequipa · pendiente 10 · N-S rotula 4° · mono · alineadas ×1 · 6 filas · az 0°",21-dic,1180,48.6031,253.1691,0.0000,17,0.000000e+0,-55,1
13,"Arequipa · pendiente 10 · N-S rotula 4° · mono · alineadas ×1 · 6 filas · az 0°",21-dic,1200,44.0199,253.1917,0.0000,17,0.000000e+0,-55,1
13,"Arequipa · pendiente 10 · N-S rotula 4° · mono · alineadas ×1 · 6 filas · az 0°",21-dic,1220,39.4393,253.0053,0.0000,17,0.000000e+0,-55,1
13,"Arequipa · pendiente 10 · N-S rotula 4° · mono · alineadas ×1 · 6 filas · az 0°",21-dic,1240,34.8660,252.6483,0.0000,17,0.000000e+0,-55,1
13,"Arequipa · pendiente 10 · N-S rotula 4° · mono · alineadas ×1 · 6 filas · az 0°",21-dic,1260,30.3044,252.1454,0.0000,17,0.000000e+0,-38,1
13,"Arequipa · pendiente 10 · N-S rotula 4° · mono · alineadas ×1 · 6 filas · az 0°",21-dic,1280,25.7587,251.5118,0.0000,17,0.000000e+0,-21,1
13,"Arequipa · pendiente 10 · N-S rotula 4° · mono · alineadas ×1 · 6 filas · az 0°",21-dic,1300,21.2337,250.7559,0.0000,17,0.000000e+0,-10.5,1
13,"Arequipa · pendiente 10 · N-S rotula 4° · mono · alineadas ×1 · 6 filas · az 0°",21-dic,1320,16.7351,249.8813,0.0000,17,0.000000e+0,-2,1
13,"Arequipa · pendiente 10 · N-S rotula 4° · mono · alineadas ×1 · 6 filas · az 0°",21-dic,1340,12.2712,248.8874,0.0000,17,0.000000e+0,5.5,1
13,"Arequipa · pendiente 10 · N-S rotula 4° · mono · alineadas ×1 · 6 filas · az 0°",21-dic,1360,7.8581,247.7702,0.0000,17,0.000000e+0,5,1
13,"Arequipa · pendiente 10 · N-S rotula 4° · mono · alineadas ×1 · 6 filas · az 0°",21-dic,1380,3.5464,246.5223,0.0000,33,0.000000e+0,-11.5,1
14,"Zaragoza · aleatorio 42 · N-S constante 0° · mono · medios ×1 · 6 filas · az 0°",21-jun,300,4.3153,62.0288,0.0000,33,0.000000e+0,-5,1
14,"Zaragoza · aleatorio 42 · N-S constante 0° · mono · medios ×1 · 6 filas · az 0°",21-jun,320,7.5953,65.1785,0.0000,17,0.000000e+0,-17,1
14,"Zaragoza · aleatorio 42 · N-S constante 0° · mono · medios ×1 · 6 filas · az 0°",21-jun,340,10.9965,68.2578,0.0000,17,0.000000e+0,-29.5,1
14,"Zaragoza · aleatorio 42 · N-S constante 0° · mono · medios ×1 · 6 filas · az 0°",21-jun,360,14.4858,71.2858,0.0000,17,0.000000e+0,-42,1
14,"Zaragoza · aleatorio 42 · N-S constante 0° · mono · medios ×1 · 6 filas · az 0°",21-jun,380,18.0452,74.2827,0.0000,17,0.000000e+0,-55,1
14,"Zaragoza · aleatorio 42 · N-S constante 0° · mono · medios ×1 · 6 filas · az 0°",21-jun,400,21.6612,77.2704,0.0000,17,0.000000e+0,-55,1
14,"Zaragoza · aleatorio 42 · N-S constante 0° · mono · medios ×1 · 6 filas · az 0°",21-jun,420,25.3226,80.2731,0.0000,17,0.000000e+0,-55,1
14,"Zaragoza · aleatorio 42 · N-S constante 0° · mono · medios ×1 · 6 filas · az 0°",21-jun,440,29.0187,83.3183,0.0000,17,0.000000e+0,-55,1
14,"Zaragoza · aleatorio 42 · N-S constante 0° · mono · medios ×1 · 6 filas · az 0°",21-jun,460,32.7391,86.4376,0.0000,17,0.000000e+0,-55,1
14,"Zaragoza · aleatorio 42 · N-S constante 0° · mono · medios ×1 · 6 filas · az 0°",21-jun,480,36.4729,89.6687,0.0000,17,0.000000e+0,-55,1
14,"Zaragoza · aleatorio 42 · N-S constante 0° · mono · medios ×1 · 6 filas · az 0°",21-jun,500,40.2084,93.0578,0.0000,17,0.000000e+0,-55,1
14,"Zaragoza · aleatorio 42 · N-S constante 0° · mono · medios ×1 · 6 filas · az 0°",21-jun,520,43.9319,96.6624,0.0000,17,0.000000e+0,-55,1
14,"Zaragoza · aleatorio 42 · N-S constante 0° · mono · medios ×1 · 6 filas · az 0°",21-jun,540,47.6271,100.5563,0.0000,17,0.000000e+0,-55,1
14,"Zaragoza · aleatorio 42 · N-S constante 0° · mono · medios ×1 · 6 filas · az 0°",21-jun,560,51.2734,104.8355,0.0000,17,0.000000e+0,-55,1
14,"Zaragoza · aleatorio 42 · N-S constante 0° · mono · medios ×1 · 6 filas · az 0°",21-jun,580,54.8437,109.6272,0.0000,17,0.000000e+0,-55,1
14,"Zaragoza · aleatorio 42 · N-S constante 0° · mono · medios ×1 · 6 filas · az 0°",21-jun,600,58.3011,115.1015,0.0000,17,0.000000e+0,-55,1
14,"Zaragoza · aleatorio 42 · N-S constante 0° · mono · medios ×1 · 6 filas · az 0°",21-jun,620,61.5938,121.4838,0.0000,17,0.000000e+0,-55,1
14,"Zaragoza · aleatorio 42 · N-S constante 0° · mono · medios ×1 · 6 filas · az 0°",21-jun,640,64.6480,129.0638,0.0000,17,0.000000e+0,-55,1
14,"Zaragoza · aleatorio 42 · N-S constante 0° · mono · medios ×1 · 6 filas · az 0°",21-jun,660,67.3579,138.1801,0.0000,17,0.000000e+0,-55,1
14,"Zaragoza · aleatorio 42 · N-S constante 0° · mono · medios ×1 · 6 filas · az 0°",21-jun,680,69.5784,149.1387,0.0000,17,0.000000e+0,-55,1
14,"Zaragoza · aleatorio 42 · N-S constante 0° · mono · medios ×1 · 6 filas · az 0°",21-jun,700,71.1301,162.0059,0.0000,17,0.000000e+0,-55,1
14,"Zaragoza · aleatorio 42 · N-S constante 0° · mono · medios ×1 · 6 filas · az 0°",21-jun,720,71.8368,176.3074,0.0000,17,0.000000e+0,-55,1
14,"Zaragoza · aleatorio 42 · N-S constante 0° · mono · medios ×1 · 6 filas · az 0°",21-jun,740,71.5993,190.9409,0.0000,17,0.000000e+0,-55,1
14,"Zaragoza · aleatorio 42 · N-S constante 0° · mono · medios ×1 · 6 filas · az 0°",21-jun,760,70.4524,204.6300,0.0000,17,0.000000e+0,-55,1
14,"Zaragoza · aleatorio 42 · N-S constante 0° · mono · medios ×1 · 6 filas · az 0°",21-jun,780,68.5438,216.5649,0.0000,17,0.000000e+0,-55,1
14,"Zaragoza · aleatorio 42 · N-S constante 0° · mono · medios ×1 · 6 filas · az 0°",21-jun,800,66.0587,226.5756,0.0000,17,0.000000e+0,-55,1
14,"Zaragoza · aleatorio 42 · N-S constante 0° · mono · medios ×1 · 6 filas · az 0°",21-jun,820,63.1617,234.8830,0.0000,17,0.000000e+0,-55,1
14,"Zaragoza · aleatorio 42 · N-S constante 0° · mono · medios ×1 · 6 filas · az 0°",21-jun,840,59.9777,241.8261,0.0000,17,0.000000e+0,-55,1
14,"Zaragoza · aleatorio 42 · N-S constante 0° · mono · medios ×1 · 6 filas · az 0°",21-jun,860,56.5952,247.7238,0.0000,17,0.000000e+0,-55,1
14,"Zaragoza · aleatorio 42 · N-S constante 0° · mono · medios ×1 · 6 filas · az 0°",21-jun,880,53.0761,252.8336,0.0000,17,0.000000e+0,-55,1
14,"Zaragoza · aleatorio 42 · N-S constante 0° · mono · medios ×1 · 6 filas · az 0°",21-jun,900,49.4641,257.3516,0.0000,17,0.000000e+0,-55,1
14,"Zaragoza · aleatorio 42 · N-S constante 0° · mono · medios ×1 · 6 filas · az 0°",21-jun,920,45.7905,261.4251,0.0000,17,0.000000e+0,-55,1
14,"Zaragoza · aleatorio 42 · N-S constante 0° · mono · medios ×1 · 6 filas · az 0°",21-jun,940,42.0789,265.1644,0.0000,17,0.000000e+0,-55,1
14,"Zaragoza · aleatorio 42 · N-S constante 0° · mono · medios ×1 · 6 filas · az 0°",21-jun,960,38.3476,268.6535,0.0000,17,0.000000e+0,-55,1
14,"Zaragoza · aleatorio 42 · N-S constante 0° · mono · medios ×1 · 6 filas · az 0°",21-jun,980,34.6113,271.9575,0.0000,17,0.000000e+0,-55,1
14,"Zaragoza · aleatorio 42 · N-S constante 0° · mono · medios ×1 · 6 filas · az 0°",21-jun,1000,30.8827,275.1277,0.0000,17,0.000000e+0,-55,1
14,"Zaragoza · aleatorio 42 · N-S constante 0° · mono · medios ×1 · 6 filas · az 0°",21-jun,1020,27.1731,278.2058,0.0000,17,0.000000e+0,-52.5,1
14,"Zaragoza · aleatorio 42 · N-S constante 0° · mono · medios ×1 · 6 filas · az 0°",21-jun,1040,23.4930,281.2261,0.0000,17,0.000000e+0,-33,1
14,"Zaragoza · aleatorio 42 · N-S constante 0° · mono · medios ×1 · 6 filas · az 0°",21-jun,1060,19.8529,284.2181,0.0000,17,0.000000e+0,-23.5,1
14,"Zaragoza · aleatorio 42 · N-S constante 0° · mono · medios ×1 · 6 filas · az 0°",21-jun,1080,16.2635,287.2075,0.0000,17,0.000000e+0,-16,1
14,"Zaragoza · aleatorio 42 · N-S constante 0° · mono · medios ×1 · 6 filas · az 0°",21-jun,1100,12.7372,290.2173,0.0000,17,0.000000e+0,-9.5,1
14,"Zaragoza · aleatorio 42 · N-S constante 0° · mono · medios ×1 · 6 filas · az 0°",21-jun,1120,9.2889,293.2684,0.0000,17,0.000000e+0,-4,1
14,"Zaragoza · aleatorio 42 · N-S constante 0° · mono · medios ×1 · 6 filas · az 0°",21-jun,1140,5.9421,296.3805,0.0000,33,0.000000e+0,1.5,1
14,"Zaragoza · aleatorio 42 · N-S constante 0° · mono · medios ×1 · 6 filas · az 0°",21-jun,1160,2.7509,299.5720,0.0000,33,0.000000e+0,0,1
14,"Zaragoza · aleatorio 42 · N-S constante 0° · mono · medios ×1 · 6 filas · az 0°",21-mar,380,2.2529,91.3999,0.0000,33,1.845923e-1,-2.5,0
14,"Zaragoza · aleatorio 42 · N-S constante 0° · mono · medios ×1 · 6 filas · az 0°",21-mar,400,5.8504,94.7292,0.0000,33,0.000000e+0,-8,1
14,"Zaragoza · aleatorio 42 · N-S constante 0° · mono · medios ×1 · 6 filas · az 0°",21-mar,420,9.5200,98.1006,0.0000,17,0.000000e+0,-21.5,1
14,"Zaragoza · aleatorio 42 · N-S constante 0° · mono · medios ×1 · 6 filas · az 0°",21-mar,440,13.1842,101.5436,0.0000,17,0.000000e+0,-35.5,1
14,"Zaragoza · aleatorio 42 · N-S constante 0° · mono · medios ×1 · 6 filas · az 0°",21-mar,460,16.8132,105.0894,0.0000,17,0.000000e+0,-50.5,1
14,"Zaragoza · aleatorio 42 · N-S constante 0° · mono · medios ×1 · 6 filas · az 0°",21-mar,480,20.3859,108.7709,0.0000,17,0.000000e+0,-55,1
14,"Zaragoza · aleatorio 42 · N-S constante 0° · mono · medios ×1 · 6 filas · az 0°",21-mar,500,23.8823,112.6235,0.0000,17,0.000000e+0,-55,1
14,"Zaragoza · aleatorio 42 · N-S constante 0° · mono · medios ×1 · 6 filas · az 0°",21-mar,520,27.2812,116.6855,0.0000,17,0.000000e+0,-55,1
14,"Zaragoza · aleatorio 42 · N-S constante 0° · mono · medios ×1 · 6 filas · az 0°",21-mar,540,30.5584,120.9974,0.0000,17,0.000000e+0,-55,1
14,"Zaragoza · aleatorio 42 · N-S constante 0° · mono · medios ×1 · 6 filas · az 0°",21-mar,560,33.6866,125.6019,0.0000,17,0.000000e+0,-55,1
14,"Zaragoza · aleatorio 42 · N-S constante 0° · mono · medios ×1 · 6 filas · az 0°",21-mar,580,36.6339,130.5419,0.0000,17,0.000000e+0,-55,1
14,"Zaragoza · aleatorio 42 · N-S constante 0° · mono · medios ×1 · 6 filas · az 0°",21-mar,600,39.3642,135.8579,0.0000,17,0.000000e+0,-55,1
14,"Zaragoza · aleatorio 42 · N-S constante 0° · mono · medios ×1 · 6 filas · az 0°",21-mar,620,41.8362,141.5831,0.0000,17,0.000000e+0,-55,1
14,"Zaragoza · aleatorio 42 · N-S constante 0° · mono · medios ×1 · 6 filas · az 0°",21-mar,640,44.0046,147.7369,0.0000,17,0.000000e+0,-55,1
14,"Zaragoza · aleatorio 42 · N-S constante 0° · mono · medios ×1 · 6 filas · az 0°",21-mar,660,45.8219,154.3164,0.0000,17,0.000000e+0,-55,1
14,"Zaragoza · aleatorio 42 · N-S constante 0° · mono · medios ×1 · 6 filas · az 0°",21-mar,680,47.2408,161.2877,0.0000,17,0.000000e+0,-55,1
14,"Zaragoza · aleatorio 42 · N-S constante 0° · mono · medios ×1 · 6 filas · az 0°",21-mar,700,48.2189,168.5799,0.0000,17,0.000000e+0,-55,1
14,"Zaragoza · aleatorio 42 · N-S constante 0° · mono · medios ×1 · 6 filas · az 0°",21-mar,720,48.7237,176.0853,0.0000,17,0.000000e+0,-55,1
14,"Zaragoza · aleatorio 42 · N-S constante 0° · mono · medios ×1 · 6 filas · az 0°",21-mar,740,48.7373,183.6681,0.0000,17,0.000000e+0,-55,1
14,"Zaragoza · aleatorio 42 · N-S constante 0° · mono · medios ×1 · 6 filas · az 0°",21-mar,760,48.2591,191.1814,0.0000,17,0.000000e+0,-55,1
14,"Zaragoza · aleatorio 42 · N-S constante 0° · mono · medios ×1 · 6 filas · az 0°",21-mar,780,47.3064,198.4885,0.0000,17,0.000000e+0,-55,1
14,"Zaragoza · aleatorio 42 · N-S constante 0° · mono · medios ×1 · 6 filas · az 0°",21-mar,800,45.9109,205.4797,0.0000,17,0.000000e+0,-55,1
14,"Zaragoza · aleatorio 42 · N-S constante 0° · mono · medios ×1 · 6 filas · az 0°",21-mar,820,44.1149,212.0823,0.0000,17,0.000000e+0,-55,1
14,"Zaragoza · aleatorio 42 · N-S constante 0° · mono · medios ×1 · 6 filas · az 0°",21-mar,840,41.9653,218.2604,0.0000,17,0.000000e+0,-55,1
14,"Zaragoza · aleatorio 42 · N-S constante 0° · mono · medios ×1 · 6 filas · az 0°",21-mar,860,39.5099,224.0098,0.0000,17,0.000000e+0,-55,1
14,"Zaragoza · aleatorio 42 · N-S constante 0° · mono · medios ×1 · 6 filas · az 0°",21-mar,880,36.7942,229.3489,0.0000,17,0.000000e+0,-55,1
14,"Zaragoza · aleatorio 42 · N-S constante 0° · mono · medios ×1 · 6 filas · az 0°",21-mar,900,33.8596,234.3105,0.0000,17,0.000000e+0,-55,1
14,"Zaragoza · aleatorio 42 · N-S constante 0° · mono · medios ×1 · 6 filas · az 0°",21-mar,920,30.7428,238.9347,0.0000,17,0.000000e+0,-55,1
14,"Zaragoza · aleatorio 42 · N-S constante 0° · mono · medios ×1 · 6 filas · az 0°",21-mar,940,27.4756,243.2645,0.0000,17,0.000000e+0,-55,1
14,"Zaragoza · aleatorio 42 · N-S constante 0° · mono · medios ×1 · 6 filas · az 0°",21-mar,960,24.0859,247.3426,0.0000,17,0.000000e+0,-41,1
14,"Zaragoza · aleatorio 42 · N-S constante 0° · mono · medios ×1 · 6 filas · az 0°",21-mar,980,20.5978,251.2099,0.0000,17,0.000000e+0,-26.5,1
14,"Zaragoza · aleatorio 42 · N-S constante 0° · mono · medios ×1 · 6 filas · az 0°",21-mar,1000,17.0327,254.9045,0.0000,17,0.000000e+0,-17,1
14,"Zaragoza · aleatorio 42 · N-S constante 0° · mono · medios ×1 · 6 filas · az 0°",21-mar,1020,13.4108,258.4622,0.0000,17,0.000000e+0,-10,1
14,"Zaragoza · aleatorio 42 · N-S constante 0° · mono · medios ×1 · 6 filas · az 0°",21-mar,1040,9.7530,261.9160,0.0000,17,0.000000e+0,-3.5,1
14,"Zaragoza · aleatorio 42 · N-S constante 0° · mono · medios ×1 · 6 filas · az 0°",21-mar,1060,6.0879,265.2972,0.0000,17,0.000000e+0,2,1
14,"Zaragoza · aleatorio 42 · N-S constante 0° · mono · medios ×1 · 6 filas · az 0°",21-mar,1080,2.4866,268.6354,0.0000,33,0.000000e+0,-1.5,1
14,"Zaragoza · aleatorio 42 · N-S constante 0° · mono · medios ×1 · 6 filas · az 0°",21-dic,480,4.5444,126.9401,0.0000,33,0.000000e+0,-7.5,1
14,"Zaragoza · aleatorio 42 · N-S constante 0° · mono · medios ×1 · 6 filas · az 0°",21-dic,500,7.4023,130.4970,0.0000,17,0.000000e+0,-22,1
14,"Zaragoza · aleatorio 42 · N-S constante 0° · mono · medios ×1 · 6 filas · az 0°",21-dic,520,10.1358,134.1991,0.0000,17,0.000000e+0,-37.5,1
14,"Zaragoza · aleatorio 42 · N-S constante 0° · mono · medios ×1 · 6 filas · az 0°",21-dic,540,12.7098,138.0581,0.0000,17,0.000000e+0,-55,1
14,"Zaragoza · aleatorio 42 · N-S constante 0° · mono · medios ×1 · 6 filas · az 0°",21-dic,560,15.0987,142.0828,0.0000,17,0.000000e+0,-55,1
14,"Zaragoza · aleatorio 42 · N-S constante 0° · mono · medios ×1 · 6 filas · az 0°",21-dic,580,17.2795,146.2782,0.0000,17,0.000000e+0,-55,1
14,"Zaragoza · aleatorio 42 · N-S constante 0° · mono · medios ×1 · 6 filas · az 0°",21-dic,600,19.2301,150.6447,0.0000,17,0.000000e+0,-55,1
14,"Zaragoza · aleatorio 42 · N-S constante 0° · mono · medios ×1 · 6 filas · az 0°",21-dic,620,20.9291,155.1771,0.0000,17,0.000000e+0,-55,1
14,"Zaragoza · aleatorio 42 · N-S constante 0° · mono · medios ×1 · 6 filas · az 0°",21-dic,640,22.3561,159.8636,0.0000,17,0.000000e+0,-55,1
14,"Zaragoza · aleatorio 42 · N-S constante 0° · mono · medios ×1 · 6 filas · az 0°",21-dic,660,23.4927,164.6856,0.0000,17,0.000000e+0,-55,1
14,"Zaragoza · aleatorio 42 · N-S constante 0° · mono · medios ×1 · 6 filas · az 0°",21-dic,680,24.3230,169.6174,0.0000,17,0.000000e+0,-55,1
14,"Zaragoza · aleatorio 42 · N-S constante 0° · mono · medios ×1 · 6 filas · az 0°",21-dic,700,24.8347,174.6273,0.0000,17,0.000000e+0,-55,1
14,"Zaragoza · aleatorio 42 · N-S constante 0° · mono · medios ×1 · 6 filas · az 0°",21-dic,720,25.0202,179.6788,0.0000,17,0.000000e+0,-55,1
14,"Zaragoza · aleatorio 42 · N-S constante 0° · mono · medios ×1 · 6 filas · az 0°",21-dic,740,24.8764,184.7327,0.0000,17,0.000000e+0,-55,1
14,"Zaragoza · aleatorio 42 · N-S constante 0° · mono · medios ×1 · 6 filas · az 0°",21-dic,760,24.4057,189.7500,0.0000,17,0.000000e+0,-55,1
14,"Zaragoza · aleatorio 42 · N-S constante 0° · mono · medios ×1 · 6 filas · az 0°",21-dic,780,23.6152,194.6936,0.0000,17,0.000000e+0,-55,1
14,"Zaragoza · aleatorio 42 · N-S constante 0° · mono · medios ×1 · 6 filas · az 0°",21-dic,800,22.5166,199.5310,0.0000,17,0.000000e+0,-55,1
14,"Zaragoza · aleatorio 42 · N-S constante 0° · mono · medios ×1 · 6 filas · az 0°",21-dic,820,21.1254,204.2358,0.0000,17,0.000000e+0,-55,1
14,"Zaragoza · aleatorio 42 · N-S constante 0° · mono · medios ×1 · 6 filas · az 0°",21-dic,840,19.4598,208.7885,0.0000,17,0.000000e+0,-55,1
14,"Zaragoza · aleatorio 42 · N-S constante 0° · mono · medios ×1 · 6 filas · az 0°",21-dic,860,17.5399,213.1765,0.0000,17,0.000000e+0,-55,1
14,"Zaragoza · aleatorio 42 · N-S constante 0° · mono · medios ×1 · 6 filas · az 0°",21-dic,880,15.3871,217.3936,0.0000,17,0.000000e+0,-35,1
14,"Zaragoza · aleatorio 42 · N-S constante 0° · mono · medios ×1 · 6 filas · az 0°",21-dic,900,13.0234,221.4397,0.0000,17,0.000000e+0,-20.5,1
14,"Zaragoza · aleatorio 42 · N-S constante 0° · mono · medios ×1 · 6 filas · az 0°",21-dic,920,10.4715,225.3193,0.0000,17,0.000000e+0,-11.5,1
14,"Zaragoza · aleatorio 42 · N-S constante 0° · mono · medios ×1 · 6 filas · az 0°",21-dic,940,7.7566,229.0407,0.0000,17,0.000000e+0,-4,1
14,"Zaragoza · aleatorio 42 · N-S constante 0° · mono · medios ×1 · 6 filas · az 0°",21-dic,960,4.9112,232.6152,0.0000,33,0.000000e+0,2,1
14,"Zaragoza · aleatorio 42 · N-S constante 0° · mono · medios ×1 · 6 filas · az 0°",21-dic,980,2.0112,236.0562,0.0000,33,0.000000e+0,-1.5,1
15,"Zaragoza · cresta 1 · N-S rotula 4° · quebrado · alineadas ×1 · 8 filas · az 15°",21-jun,300,4.3153,62.0288,0.0000,33,8.323663e-2,-3.5,0
15,"Zaragoza · cresta 1 · N-S rotula 4° · quebrado · alineadas ×1 · 8 filas · az 15°",21-jun,320,7.5953,65.1785,0.0000,17,0.000000e+0,-16,1
15,"Zaragoza · cresta 1 · N-S rotula 4° · quebrado · alineadas ×1 · 8 filas · az 15°",21-jun,340,10.9965,68.2578,0.0000,17,0.000000e+0,-31,1
15,"Zaragoza · cresta 1 · N-S rotula 4° · quebrado · alineadas ×1 · 8 filas · az 15°",21-jun,360,14.4858,71.2858,0.0000,17,0.000000e+0,-46.5,1
15,"Zaragoza · cresta 1 · N-S rotula 4° · quebrado · alineadas ×1 · 8 filas · az 15°",21-jun,380,18.0452,74.2827,0.0000,17,0.000000e+0,-55,1
15,"Zaragoza · cresta 1 · N-S rotula 4° · quebrado · alineadas ×1 · 8 filas · az 15°",21-jun,400,21.6612,77.2704,0.0000,17,0.000000e+0,-55,1
15,"Zaragoza · cresta 1 · N-S rotula 4° · quebrado · alineadas ×1 · 8 filas · az 15°",21-jun,420,25.3226,80.2731,0.0000,17,0.000000e+0,-55,1
15,"Zaragoza · cresta 1 · N-S rotula 4° · quebrado · alineadas ×1 · 8 filas · az 15°",21-jun,440,29.0187,83.3183,0.0000,17,0.000000e+0,-55,1
15,"Zaragoza · cresta 1 · N-S rotula 4° · quebrado · alineadas ×1 · 8 filas · az 15°",21-jun,460,32.7391,86.4376,0.0000,17,0.000000e+0,-55,1
15,"Zaragoza · cresta 1 · N-S rotula 4° · quebrado · alineadas ×1 · 8 filas · az 15°",21-jun,480,36.4729,89.6687,0.0000,17,0.000000e+0,-55,1
15,"Zaragoza · cresta 1 · N-S rotula 4° · quebrado · alineadas ×1 · 8 filas · az 15°",21-jun,500,40.2084,93.0578,0.0000,17,0.000000e+0,-55,1
15,"Zaragoza · cresta 1 · N-S rotula 4° · quebrado · alineadas ×1 · 8 filas · az 15°",21-jun,520,43.9319,96.6624,0.0000,17,0.000000e+0,-55,1
15,"Zaragoza · cresta 1 · N-S rotula 4° · quebrado · alineadas ×1 · 8 filas · az 15°",21-jun,540,47.6271,100.5563,0.0000,17,0.000000e+0,-55,1
15,"Zaragoza · cresta 1 · N-S rotula 4° · quebrado · alineadas ×1 · 8 filas · az 15°",21-jun,560,51.2734,104.8355,0.0000,17,0.000000e+0,-55,1
15,"Zaragoza · cresta 1 · N-S rotula 4° · quebrado · alineadas ×1 · 8 filas · az 15°",21-jun,580,54.8437,109.6272,0.0000,17,0.000000e+0,-55,1
15,"Zaragoza · cresta 1 · N-S rotula 4° · quebrado · alineadas ×1 · 8 filas · az 15°",21-jun,600,58.3011,115.1015,0.0000,17,0.000000e+0,-55,1
15,"Zaragoza · cresta 1 · N-S rotula 4° · quebrado · alineadas ×1 · 8 filas · az 15°",21-jun,620,61.5938,121.4838,0.0000,17,0.000000e+0,-55,1
15,"Zaragoza · cresta 1 · N-S rotula 4° · quebrado · alineadas ×1 · 8 filas · az 15°",21-jun,640,64.6480,129.0638,0.0000,17,0.000000e+0,-55,1
15,"Zaragoza · cresta 1 · N-S rotula 4° · quebrado · alineadas ×1 · 8 filas · az 15°",21-jun,660,67.3579,138.1801,0.0000,17,0.000000e+0,-55,1
15,"Zaragoza · cresta 1 · N-S rotula 4° · quebrado · alineadas ×1 · 8 filas · az 15°",21-jun,680,69.5784,149.1387,0.0000,17,0.000000e+0,-55,1
15,"Zaragoza · cresta 1 · N-S rotula 4° · quebrado · alineadas ×1 · 8 filas · az 15°",21-jun,700,71.1301,162.0059,0.0000,17,0.000000e+0,-55,1
15,"Zaragoza · cresta 1 · N-S rotula 4° · quebrado · alineadas ×1 · 8 filas · az 15°",21-jun,720,71.8368,176.3074,0.0000,17,0.000000e+0,-55,1
15,"Zaragoza · cresta 1 · N-S rotula 4° · quebrado · alineadas ×1 · 8 filas · az 15°",21-jun,740,71.5993,190.9409,0.0000,17,0.000000e+0,-55,1
15,"Zaragoza · cresta 1 · N-S rotula 4° · quebrado · alineadas ×1 · 8 filas · az 15°",21-jun,760,70.4524,204.6300,0.0000,17,0.000000e+0,-55,1
15,"Zaragoza · cresta 1 · N-S rotula 4° · quebrado · alineadas ×1 · 8 filas · az 15°",21-jun,780,68.5438,216.5649,0.0000,17,0.000000e+0,-55,1
15,"Zaragoza · cresta 1 · N-S rotula 4° · quebrado · alineadas ×1 · 8 filas · az 15°",21-jun,800,66.0587,226.5756,0.0000,17,0.000000e+0,-55,1
15,"Zaragoza · cresta 1 · N-S rotula 4° · quebrado · alineadas ×1 · 8 filas · az 15°",21-jun,820,63.1617,234.8830,0.0000,17,0.000000e+0,-55,1
15,"Zaragoza · cresta 1 · N-S rotula 4° · quebrado · alineadas ×1 · 8 filas · az 15°",21-jun,840,59.9777,241.8261,0.0000,17,0.000000e+0,-55,1
15,"Zaragoza · cresta 1 · N-S rotula 4° · quebrado · alineadas ×1 · 8 filas · az 15°",21-jun,860,56.5952,247.7238,0.0000,17,0.000000e+0,-55,1
15,"Zaragoza · cresta 1 · N-S rotula 4° · quebrado · alineadas ×1 · 8 filas · az 15°",21-jun,880,53.0761,252.8336,0.0000,17,0.000000e+0,-55,1
15,"Zaragoza · cresta 1 · N-S rotula 4° · quebrado · alineadas ×1 · 8 filas · az 15°",21-jun,900,49.4641,257.3516,0.0000,17,0.000000e+0,-55,1
15,"Zaragoza · cresta 1 · N-S rotula 4° · quebrado · alineadas ×1 · 8 filas · az 15°",21-jun,920,45.7905,261.4251,0.0000,17,0.000000e+0,-55,1
15,"Zaragoza · cresta 1 · N-S rotula 4° · quebrado · alineadas ×1 · 8 filas · az 15°",21-jun,940,42.0789,265.1644,0.0000,17,0.000000e+0,-55,1
15,"Zaragoza · cresta 1 · N-S rotula 4° · quebrado · alineadas ×1 · 8 filas · az 15°",21-jun,960,38.3476,268.6535,0.0000,17,0.000000e+0,-55,1
15,"Zaragoza · cresta 1 · N-S rotula 4° · quebrado · alineadas ×1 · 8 filas · az 15°",21-jun,980,34.6113,271.9575,0.0000,17,0.000000e+0,-55,1
15,"Zaragoza · cresta 1 · N-S rotula 4° · quebrado · alineadas ×1 · 8 filas · az 15°",21-jun,1000,30.8827,275.1277,0.0000,17,0.000000e+0,-55,1
15,"Zaragoza · cresta 1 · N-S rotula 4° · quebrado · alineadas ×1 · 8 filas · az 15°",21-jun,1020,27.1731,278.2058,0.0000,17,0.000000e+0,-55,1
15,"Zaragoza · cresta 1 · N-S rotula 4° · quebrado · alineadas ×1 · 8 filas · az 15°",21-jun,1040,23.4930,281.2261,0.0000,17,0.000000e+0,-39,1
15,"Zaragoza · cresta 1 · N-S rotula 4° · quebrado · alineadas ×1 · 8 filas · az 15°",21-jun,1060,19.8529,284.2181,0.0000,17,0.000000e+0,-27.5,1
15,"Zaragoza · cresta 1 · N-S rotula 4° · quebrado · alineadas ×1 · 8 filas · az 15°",21-jun,1080,16.2635,287.2075,0.0000,17,0.000000e+0,-19.5,1
15,"Zaragoza · cresta 1 · N-S rotula 4° · quebrado · alineadas ×1 · 8 filas · az 15°",21-jun,1100,12.7372,290.2173,0.0000,17,0.000000e+0,-12.5,1
15,"Zaragoza · cresta 1 · N-S rotula 4° · quebrado · alineadas ×1 · 8 filas · az 15°",21-jun,1120,9.2889,293.2684,0.0000,17,0.000000e+0,-6.5,1
15,"Zaragoza · cresta 1 · N-S rotula 4° · quebrado · alineadas ×1 · 8 filas · az 15°",21-jun,1140,5.9421,296.3805,0.0000,33,0.000000e+0,-1,1
15,"Zaragoza · cresta 1 · N-S rotula 4° · quebrado · alineadas ×1 · 8 filas · az 15°",21-jun,1160,2.7509,299.5720,0.0000,33,1.998007e-1,2,0
15,"Zaragoza · cresta 1 · N-S rotula 4° · quebrado · alineadas ×1 · 8 filas · az 15°",21-mar,380,2.2529,91.3999,0.0000,33,3.431475e-1,-1.5,0
15,"Zaragoza · cresta 1 · N-S rotula 4° · quebrado · alineadas ×1 · 8 filas · az 15°",21-mar,400,5.8504,94.7292,0.0000,33,0.000000e+0,-11.5,1
15,"Zaragoza · cresta 1 · N-S rotula 4° · quebrado · alineadas ×1 · 8 filas · az 15°",21-mar,420,9.5200,98.1006,0.0000,17,0.000000e+0,-25,1
15,"Zaragoza · cresta 1 · N-S rotula 4° · quebrado · alineadas ×1 · 8 filas · az 15°",21-mar,440,13.1842,101.5436,0.0000,17,0.000000e+0,-39.5,1
15,"Zaragoza · cresta 1 · N-S rotula 4° · quebrado · alineadas ×1 · 8 filas · az 15°",21-mar,460,16.8132,105.0894,0.0000,17,0.000000e+0,-54.5,1
15,"Zaragoza · cresta 1 · N-S rotula 4° · quebrado · alineadas ×1 · 8 filas · az 15°",21-mar,480,20.3859,108.7709,0.0000,17,0.000000e+0,-55,1
15,"Zaragoza · cresta 1 · N-S rotula 4° · quebrado · alineadas ×1 · 8 filas · az 15°",21-mar,500,23.8823,112.6235,0.0000,17,0.000000e+0,-55,1
15,"Zaragoza · cresta 1 · N-S rotula 4° · quebrado · alineadas ×1 · 8 filas · az 15°",21-mar,520,27.2812,116.6855,0.0000,17,0.000000e+0,-55,1
15,"Zaragoza · cresta 1 · N-S rotula 4° · quebrado · alineadas ×1 · 8 filas · az 15°",21-mar,540,30.5584,120.9974,0.0000,17,0.000000e+0,-55,1
15,"Zaragoza · cresta 1 · N-S rotula 4° · quebrado · alineadas ×1 · 8 filas · az 15°",21-mar,560,33.6866,125.6019,0.0000,17,0.000000e+0,-55,1
15,"Zaragoza · cresta 1 · N-S rotula 4° · quebrado · alineadas ×1 · 8 filas · az 15°",21-mar,580,36.6339,130.5419,0.0000,17,0.000000e+0,-55,1
15,"Zaragoza · cresta 1 · N-S rotula 4° · quebrado · alineadas ×1 · 8 filas · az 15°",21-mar,600,39.3642,135.8579,0.0000,17,0.000000e+0,-55,1
15,"Zaragoza · cresta 1 · N-S rotula 4° · quebrado · alineadas ×1 · 8 filas · az 15°",21-mar,620,41.8362,141.5831,0.0000,17,0.000000e+0,-55,1
15,"Zaragoza · cresta 1 · N-S rotula 4° · quebrado · alineadas ×1 · 8 filas · az 15°",21-mar,640,44.0046,147.7369,0.0000,17,0.000000e+0,-55,1
15,"Zaragoza · cresta 1 · N-S rotula 4° · quebrado · alineadas ×1 · 8 filas · az 15°",21-mar,660,45.8219,154.3164,0.0000,17,0.000000e+0,-55,1
15,"Zaragoza · cresta 1 · N-S rotula 4° · quebrado · alineadas ×1 · 8 filas · az 15°",21-mar,680,47.2408,161.2877,0.0000,17,0.000000e+0,-55,1
15,"Zaragoza · cresta 1 · N-S rotula 4° · quebrado · alineadas ×1 · 8 filas · az 15°",21-mar,700,48.2189,168.5799,0.0000,17,0.000000e+0,-55,1
15,"Zaragoza · cresta 1 · N-S rotula 4° · quebrado · alineadas ×1 · 8 filas · az 15°",21-mar,720,48.7237,176.0853,0.0000,17,0.000000e+0,-55,1
15,"Zaragoza · cresta 1 · N-S rotula 4° · quebrado · alineadas ×1 · 8 filas · az 15°",21-mar,740,48.7373,183.6681,0.0000,17,0.000000e+0,-55,1
15,"Zaragoza · cresta 1 · N-S rotula 4° · quebrado · alineadas ×1 · 8 filas · az 15°",21-mar,760,48.2591,191.1814,0.0000,17,0.000000e+0,-55,1
15,"Zaragoza · cresta 1 · N-S rotula 4° · quebrado · alineadas ×1 · 8 filas · az 15°",21-mar,780,47.3064,198.4885,0.0000,17,0.000000e+0,-55,1
15,"Zaragoza · cresta 1 · N-S rotula 4° · quebrado · alineadas ×1 · 8 filas · az 15°",21-mar,800,45.9109,205.4797,0.0000,17,0.000000e+0,-55,1
15,"Zaragoza · cresta 1 · N-S rotula 4° · quebrado · alineadas ×1 · 8 filas · az 15°",21-mar,820,44.1149,212.0823,0.0000,17,0.000000e+0,-55,1
15,"Zaragoza · cresta 1 · N-S rotula 4° · quebrado · alineadas ×1 · 8 filas · az 15°",21-mar,840,41.9653,218.2604,0.0000,17,0.000000e+0,-55,1
15,"Zaragoza · cresta 1 · N-S rotula 4° · quebrado · alineadas ×1 · 8 filas · az 15°",21-mar,860,39.5099,224.0098,0.0000,17,0.000000e+0,-55,1
15,"Zaragoza · cresta 1 · N-S rotula 4° · quebrado · alineadas ×1 · 8 filas · az 15°",21-mar,880,36.7942,229.3489,0.0000,17,0.000000e+0,-55,1
15,"Zaragoza · cresta 1 · N-S rotula 4° · quebrado · alineadas ×1 · 8 filas · az 15°",21-mar,900,33.8596,234.3105,0.0000,17,0.000000e+0,-55,1
15,"Zaragoza · cresta 1 · N-S rotula 4° · quebrado · alineadas ×1 · 8 filas · az 15°",21-mar,920,30.7428,238.9347,0.0000,17,0.000000e+0,-55,1
15,"Zaragoza · cresta 1 · N-S rotula 4° · quebrado · alineadas ×1 · 8 filas · az 15°",21-mar,940,27.4756,243.2645,0.0000,17,0.000000e+0,-55,1
15,"Zaragoza · cresta 1 · N-S rotula 4° · quebrado · alineadas ×1 · 8 filas · az 15°",21-mar,960,24.0859,247.3426,0.0000,17,0.000000e+0,-55,1
15,"Zaragoza · cresta 1 · N-S rotula 4° · quebrado · alineadas ×1 · 8 filas · az 15°",21-mar,980,20.5978,251.2099,0.0000,17,0.000000e+0,-34.5,1
15,"Zaragoza · cresta 1 · N-S rotula 4° · quebrado · alineadas ×1 · 8 filas · az 15°",21-mar,1000,17.0327,254.9045,0.0000,17,0.000000e+0,-22,1
15,"Zaragoza · cresta 1 · N-S rotula 4° · quebrado · alineadas ×1 · 8 filas · az 15°",21-mar,1020,13.4108,258.4622,0.0000,17,0.000000e+0,-13.5,1
15,"Zaragoza · cresta 1 · N-S rotula 4° · quebrado · alineadas ×1 · 8 filas · az 15°",21-mar,1040,9.7530,261.9160,0.0000,17,0.000000e+0,-6.5,1
15,"Zaragoza · cresta 1 · N-S rotula 4° · quebrado · alineadas ×1 · 8 filas · az 15°",21-mar,1060,6.0879,265.2972,0.0000,17,0.000000e+0,-0.5,1
15,"Zaragoza · cresta 1 · N-S rotula 4° · quebrado · alineadas ×1 · 8 filas · az 15°",21-mar,1080,2.4866,268.6354,0.0000,33,4.288892e-2,1.5,0
15,"Zaragoza · cresta 1 · N-S rotula 4° · quebrado · alineadas ×1 · 8 filas · az 15°",21-dic,480,4.5444,126.9401,0.0000,33,0.000000e+0,-4.5,1
15,"Zaragoza · cresta 1 · N-S rotula 4° · quebrado · alineadas ×1 · 8 filas · az 15°",21-dic,500,7.4023,130.4970,0.0000,17,0.000000e+0,-15,1
15,"Zaragoza · cresta 1 · N-S rotula 4° · quebrado · alineadas ×1 · 8 filas · az 15°",21-dic,520,10.1358,134.1991,0.0000,17,0.000000e+0,-26,1
15,"Zaragoza · cresta 1 · N-S rotula 4° · quebrado · alineadas ×1 · 8 filas · az 15°",21-dic,540,12.7098,138.0581,0.0000,17,0.000000e+0,-38,1
15,"Zaragoza · cresta 1 · N-S rotula 4° · quebrado · alineadas ×1 · 8 filas · az 15°",21-dic,560,15.0987,142.0828,0.0000,17,0.000000e+0,-51,1
15,"Zaragoza · cresta 1 · N-S rotula 4° · quebrado · alineadas ×1 · 8 filas · az 15°",21-dic,580,17.2795,146.2782,0.0000,17,0.000000e+0,-55,1
15,"Zaragoza · cresta 1 · N-S rotula 4° · quebrado · alineadas ×1 · 8 filas · az 15°",21-dic,600,19.2301,150.6447,0.0000,17,0.000000e+0,-55,1
15,"Zaragoza · cresta 1 · N-S rotula 4° · quebrado · alineadas ×1 · 8 filas · az 15°",21-dic,620,20.9291,155.1771,0.0000,17,0.000000e+0,-55,1
15,"Zaragoza · cresta 1 · N-S rotula 4° · quebrado · alineadas ×1 · 8 filas · az 15°",21-dic,640,22.3561,159.8636,0.0000,17,0.000000e+0,-55,1
15,"Zaragoza · cresta 1 · N-S rotula 4° · quebrado · alineadas ×1 · 8 filas · az 15°",21-dic,660,23.4927,164.6856,0.0000,17,0.000000e+0,-55,1
15,"Zaragoza · cresta 1 · N-S rotula 4° · quebrado · alineadas ×1 · 8 filas · az 15°",21-dic,680,24.3230,169.6174,0.0000,17,0.000000e+0,-55,1
15,"Zaragoza · cresta 1 · N-S rotula 4° · quebrado · alineadas ×1 · 8 filas · az 15°",21-dic,700,24.8347,174.6273,0.0000,17,0.000000e+0,-55,1
15,"Zaragoza · cresta 1 · N-S rotula 4° · quebrado · alineadas ×1 · 8 filas · az 15°",21-dic,720,25.0202,179.6788,0.0000,17,0.000000e+0,-55,1
15,"Zaragoza · cresta 1 · N-S rotula 4° · quebrado · alineadas ×1 · 8 filas · az 15°",21-dic,740,24.8764,184.7327,0.0000,17,0.000000e+0,-55,1
15,"Zaragoza · cresta 1 · N-S rotula 4° · quebrado · alineadas ×1 · 8 filas · az 15°",21-dic,760,24.4057,189.7500,0.0000,17,0.000000e+0,-55,1
15,"Zaragoza · cresta 1 · N-S rotula 4° · quebrado · alineadas ×1 · 8 filas · az 15°",21-dic,780,23.6152,194.6936,0.0000,17,0.000000e+0,-55,1
15,"Zaragoza · cresta 1 · N-S rotula 4° · quebrado · alineadas ×1 · 8 filas · az 15°",21-dic,800,22.5166,199.5310,0.0000,17,0.000000e+0,-55,1
15,"Zaragoza · cresta 1 · N-S rotula 4° · quebrado · alineadas ×1 · 8 filas · az 15°",21-dic,820,21.1254,204.2358,0.0000,17,0.000000e+0,-55,1
15,"Zaragoza · cresta 1 · N-S rotula 4° · quebrado · alineadas ×1 · 8 filas · az 15°",21-dic,840,19.4598,208.7885,0.0000,17,0.000000e+0,-55,1
15,"Zaragoza · cresta 1 · N-S rotula 4° · quebrado · alineadas ×1 · 8 filas · az 15°",21-dic,860,17.5399,213.1765,0.0000,17,0.000000e+0,-55,1
15,"Zaragoza · cresta 1 · N-S rotula 4° · quebrado · alineadas ×1 · 8 filas · az 15°",21-dic,880,15.3871,217.3936,0.0000,17,0.000000e+0,-55,1
15,"Zaragoza · cresta 1 · N-S rotula 4° · quebrado · alineadas ×1 · 8 filas · az 15°",21-dic,900,13.0234,221.4397,0.0000,17,0.000000e+0,-30.5,1
15,"Zaragoza · cresta 1 · N-S rotula 4° · quebrado · alineadas ×1 · 8 filas · az 15°",21-dic,920,10.4715,225.3193,0.0000,17,0.000000e+0,-15,1
15,"Zaragoza · cresta 1 · N-S rotula 4° · quebrado · alineadas ×1 · 8 filas · az 15°",21-dic,940,7.7566,229.0407,0.0000,17,0.000000e+0,-5,1
15,"Zaragoza · cresta 1 · N-S rotula 4° · quebrado · alineadas ×1 · 8 filas · az 15°",21-dic,960,4.9112,232.6152,0.0000,33,0.000000e+0,3,1
15,"Zaragoza · cresta 1 · N-S rotula 4° · quebrado · alineadas ×1 · 8 filas · az 15°",21-dic,980,2.0112,236.0562,0.0000,33,1.940512e-1,0,0
16,"Arequipa · cresta 1 · N-S constante -3° · mono · alineadas ×1 · 10 filas · az 15°",21-jun,700,4.7742,63.8712,0.0000,33,0.000000e+0,-26,1
16,"Arequipa · cresta 1 · N-S constante -3° · mono · alineadas ×1 · 10 filas · az 15°",21-jun,720,8.9729,62.1856,0.0000,17,0.000000e+0,-48,1
16,"Arequipa · cresta 1 · N-S constante -3° · mono · alineadas ×1 · 10 filas · az 15°",21-jun,740,13.1432,60.3097,0.0000,17,0.000000e+0,-55,1
16,"Arequipa · cresta 1 · N-S constante -3° · mono · alineadas ×1 · 10 filas · az 15°",21-jun,760,17.2453,58.2184,0.0000,17,0.000000e+0,-55,1
16,"Arequipa · cresta 1 · N-S constante -3° · mono · alineadas ×1 · 10 filas · az 15°",21-jun,780,21.2561,55.8815,0.0000,17,0.000000e+0,-55,1
16,"Arequipa · cresta 1 · N-S constante -3° · mono · alineadas ×1 · 10 filas · az 15°",21-jun,800,25.1539,53.2637,0.0000,17,0.000000e+0,-55,1
16,"Arequipa · cresta 1 · N-S constante -3° · mono · alineadas ×1 · 10 filas · az 15°",21-jun,820,28.9146,50.3241,0.0000,17,0.000000e+0,-55,1
16,"Arequipa · cresta 1 · N-S constante -3° · mono · alineadas ×1 · 10 filas · az 15°",21-jun,840,32.5098,47.0168,0.0000,17,0.000000e+0,-55,1
16,"Arequipa · cresta 1 · N-S constante -3° · mono · alineadas ×1 · 10 filas · az 15°",21-jun,860,35.9052,43.2920,0.0000,17,0.000000e+0,-55,1
16,"Arequipa · cresta 1 · N-S constante -3° · mono · alineadas ×1 · 10 filas · az 15°",21-jun,880,39.0602,39.0991,0.0000,17,0.000000e+0,-55,1
16,"Arequipa · cresta 1 · N-S constante -3° · mono · alineadas ×1 · 10 filas · az 15°",21-jun,900,41.9268,34.3923,0.0000,17,0.000000e+0,-55,1
16,"Arequipa · cresta 1 · N-S constante -3° · mono · alineadas ×1 · 10 filas · az 15°",21-jun,920,44.4499,29.1395,0.0000,17,0.000000e+0,-55,1
16,"Arequipa · cresta 1 · N-S constante -3° · mono · alineadas ×1 · 10 filas · az 15°",21-jun,940,46.5693,23.3352,0.0000,17,0.000000e+0,-55,1
16,"Arequipa · cresta 1 · N-S constante -3° · mono · alineadas ×1 · 10 filas · az 15°",21-jun,960,48.2231,17.0150,0.0000,17,0.000000e+0,-55,1
16,"Arequipa · cresta 1 · N-S constante -3° · mono · alineadas ×1 · 10 filas · az 15°",21-jun,980,49.3544,10.2679,0.0000,17,0.000000e+0,-55,1
16,"Arequipa · cresta 1 · N-S constante -3° · mono · alineadas ×1 · 10 filas · az 15°",21-jun,1000,49.9185,3.2390,0.0000,17,0.000000e+0,-55,1
16,"Arequipa · cresta 1 · N-S constante -3° · mono · alineadas ×1 · 10 filas · az 15°",21-jun,1020,49.8916,356.1171,0.0000,17,0.000000e+0,-55,1
16,"Arequipa · cresta 1 · N-S constante -3° · mono · alineadas ×1 · 10 filas · az 15°",21-jun,1040,49.2748,349.1064,0.0000,17,0.000000e+0,-55,1
16,"Arequipa · cresta 1 · N-S constante -3° · mono · alineadas ×1 · 10 filas · az 15°",21-jun,1060,48.0942,342.3928,0.0000,17,0.000000e+0,-55,1
16,"Arequipa · cresta 1 · N-S constante -3° · mono · alineadas ×1 · 10 filas · az 15°",21-jun,1080,46.3957,336.1165,0.0000,17,0.000000e+0,-55,1
16,"Arequipa · cresta 1 · N-S constante -3° · mono · alineadas ×1 · 10 filas · az 15°",21-jun,1100,44.2372,330.3613,0.0000,17,0.000000e+0,-55,1
16,"Arequipa · cresta 1 · N-S constante -3° · mono · alineadas ×1 · 10 filas · az 15°",21-jun,1120,41.6806,325.1587,0.0000,17,0.000000e+0,-55,1
16,"Arequipa · cresta 1 · N-S constante -3° · mono · alineadas ×1 · 10 filas · az 15°",21-jun,1140,38.7857,320.5000,0.0000,17,0.000000e+0,-55,1
16,"Arequipa · cresta 1 · N-S constante -3° · mono · alineadas ×1 · 10 filas · az 15°",21-jun,1160,35.6071,316.3514,0.0000,17,0.000000e+0,-55,1
16,"Arequipa · cresta 1 · N-S constante -3° · mono · alineadas ×1 · 10 filas · az 15°",21-jun,1180,32.1920,312.6665,0.0000,17,0.000000e+0,-55,1
16,"Arequipa · cresta 1 · N-S constante -3° · mono · alineadas ×1 · 10 filas · az 15°",21-jun,1200,28.5805,309.3944,0.0000,17,0.000000e+0,-55,1
16,"Arequipa · cresta 1 · N-S constante -3° · mono · alineadas ×1 · 10 filas · az 15°",21-jun,1220,24.8063,306.4858,0.0000,17,0.000000e+0,-55,1
16,"Arequipa · cresta 1 · N-S constante -3° · mono · alineadas ×1 · 10 filas · az 15°",21-jun,1240,20.8973,303.8950,0.0000,17,0.000000e+0,-40,1
16,"Arequipa · cresta 1 · N-S constante -3° · mono · alineadas ×1 · 10 filas · az 15°",21-jun,1260,16.8774,301.5817,0.0000,17,0.000000e+0,-26,1
16,"Arequipa · cresta 1 · N-S constante -3° · mono · alineadas ×1 · 10 filas · az 15°",21-jun,1280,12.7680,299.5110,0.0000,17,0.000000e+0,-17,1
16,"Arequipa · cresta 1 · N-S constante -3° · mono · alineadas ×1 · 10 filas · az 15°",21-jun,1300,8.5930,297.6533,0.0000,17,0.000000e+0,-9,1
16,"Arequipa · cresta 1 · N-S constante -3° · mono · alineadas ×1 · 10 filas · az 15°",21-jun,1320,4.3962,295.9837,0.0000,33,0.000000e+0,-2,1
16,"Arequipa · cresta 1 · N-S constante -3° · mono · alineadas ×1 · 10 filas · az 15°",21-mar,680,6.1794,87.8345,0.0000,17,0.000000e+0,-20.5,1
16,"Arequipa · cresta 1 · N-S constante -3° · mono · alineadas ×1 · 10 filas · az 15°",21-mar,700,10.9081,86.3640,0.0000,17,0.000000e+0,-39,1
16,"Arequipa · cresta 1 · N-S constante -3° · mono · alineadas ×1 · 10 filas · az 15°",21-mar,720,15.6602,84.8431,0.0000,17,0.000000e+0,-55,1
16,"Arequipa · cresta 1 · N-S constante -3° · mono · alineadas ×1 · 10 filas · az 15°",21-mar,740,20.4114,83.2469,0.0000,17,0.000000e+0,-55,1
16,"Arequipa · cresta 1 · N-S constante -3° · mono · alineadas ×1 · 10 filas · az 15°",21-mar,760,25.1514,81.5460,0.0000,17,0.000000e+0,-55,1
16,"Arequipa · cresta 1 · N-S constante -3° · mono · alineadas ×1 · 10 filas · az 15°",21-mar,780,29.8721,79.7046,0.0000,17,0.000000e+0,-55,1
16,"Arequipa · cresta 1 · N-S constante -3° · mono · alineadas ×1 · 10 filas · az 15°",21-mar,800,34.5652,77.6773,0.0000,17,0.000000e+0,-55,1
16,"Arequipa · cresta 1 · N-S constante -3° · mono · alineadas ×1 · 10 filas · az 15°",21-mar,820,39.2209,75.4045,0.0000,17,0.000000e+0,-55,1
16,"Arequipa · cresta 1 · N-S constante -3° · mono · alineadas ×1 · 10 filas · az 15°",21-mar,840,43.8256,72.8064,0.0000,17,0.000000e+0,-55,1
16,"Arequipa · cresta 1 · N-S constante -3° · mono · alineadas ×1 · 10 filas · az 15°",21-mar,860,48.3608,69.7727,0.0000,17,0.000000e+0,-55,1
16,"Arequipa · cresta 1 · N-S constante -3° · mono · alineadas ×1 · 10 filas · az 15°",21-mar,880,52.7997,66.1475,0.0000,17,0.000000e+0,-55,1
16,"Arequipa · cresta 1 · N-S constante -3° · mono · alineadas ×1 · 10 filas · az 15°",21-mar,900,57.1020,61.7065,0.0000,17,0.000000e+0,-55,1
16,"Arequipa · cresta 1 · N-S constante -3° · mono · alineadas ×1 · 10 filas · az 15°",21-mar,920,61.2050,56.1234,0.0000,17,0.000000e+0,-55,1
16,"Arequipa · cresta 1 · N-S constante -3° · mono · alineadas ×1 · 10 filas · az 15°",21-mar,940,65.0093,48.9323,0.0000,17,0.000000e+0,-55,1
16,"Arequipa · cresta 1 · N-S constante -3° · mono · alineadas ×1 · 10 filas · az 15°",21-mar,960,68.3560,39.5174,0.0000,17,0.000000e+0,-55,1
16,"Arequipa · cresta 1 · N-S constante -3° · mono · alineadas ×1 · 10 filas · az 15°",21-mar,980,71.0006,27.2555,0.0000,17,0.000000e+0,-55,1
16,"Arequipa · cresta 1 · N-S constante -3° · mono · alineadas ×1 · 10 filas · az 15°",21-mar,1000,72.6192,12.0480,0.0000,17,0.000000e+0,-55,1
16,"Arequipa · cresta 1 · N-S constante -3° · mono · alineadas ×1 · 10 filas · az 15°",21-mar,1020,72.9172,355.1449,0.0000,17,0.000000e+0,-55,1
16,"Arequipa · cresta 1 · N-S constante -3° · mono · alineadas ×1 · 10 filas · az 15°",21-mar,1040,71.8293,338.9743,0.0000,17,0.000000e+0,-55,1
16,"Arequipa · cresta 1 · N-S constante -3° · mono · alineadas ×1 · 10 filas · az 15°",21-mar,1060,69.5760,325.4193,0.0000,17,0.000000e+0,-55,1
16,"Arequipa · cresta 1 · N-S constante -3° · mono · alineadas ×1 · 10 filas · az 15°",21-mar,1080,66.4904,314.8661,0.0000,17,0.000000e+0,-55,1
16,"Arequipa · cresta 1 · N-S constante -3° · mono · alineadas ×1 · 10 filas · az 15°",21-mar,1100,62.8553,306.8185,0.0000,17,0.000000e+0,-55,1
16,"Arequipa · cresta 1 · N-S constante -3° · mono · alineadas ×1 · 10 filas · az 15°",21-mar,1120,58.8631,300.6237,0.0000,17,0.000000e+0,-55,1
16,"Arequipa · cresta 1 · N-S constante -3° · mono · alineadas ×1 · 10 filas · az 15°",21-mar,1140,54.6351,295.7491,0.0000,17,0.000000e+0,-55,1
16,"Arequipa · cresta 1 · N-S constante -3° · mono · alineadas ×1 · 10 filas · az 15°",21-mar,1160,50.2473,291.8140,0.0000,17,0.000000e+0,-55,1
16,"Arequipa · cresta 1 · N-S constante -3° · mono · alineadas ×1 · 10 filas · az 15°",21-mar,1180,45.7481,288.5555,0.0000,17,0.000000e+0,-55,1
16,"Arequipa · cresta 1 · N-S constante -3° · mono · alineadas ×1 · 10 filas · az 15°",21-mar,1200,41.1691,285.7922,0.0000,17,0.000000e+0,-55,1
16,"Arequipa · cresta 1 · N-S constante -3° · mono · alineadas ×1 · 10 filas · az 15°",21-mar,1220,36.5321,283.3969,0.0000,17,0.000000e+0,-55,1
16,"Arequipa · cresta 1 · N-S constante -3° · mono · alineadas ×1 · 10 filas · az 15°",21-mar,1240,31.8523,281.2784,0.0000,17,0.000000e+0,-55,1
16,"Arequipa · cresta 1 · N-S constante -3° · mono · alineadas ×1 · 10 filas · az 15°",21-mar,1260,27.1408,279.3695,0.0000,17,0.000000e+0,-55,1
16,"Arequipa · cresta 1 · N-S constante -3° · mono · alineadas ×1 · 10 filas · az 15°",21-mar,1280,22.4065,277.6197,0.0000,17,0.000000e+0,-37.5,1
16,"Arequipa · cresta 1 · N-S constante -3° · mono · alineadas ×1 · 10 filas · az 15°",21-mar,1300,17.6572,275.9894,0.0000,17,0.000000e+0,-24,1
16,"Arequipa · cresta 1 · N-S constante -3° · mono · alineadas ×1 · 10 filas · az 15°",21-mar,1320,12.9018,274.4469,0.0000,17,0.000000e+0,-14.5,1
16,"Arequipa · cresta 1 · N-S constante -3° · mono · alineadas ×1 · 10 filas · az 15°",21-mar,1340,8.1561,272.9659,0.0000,17,0.000000e+0,-6.5,1
16,"Arequipa · cresta 1 · N-S constante -3° · mono · alineadas ×1 · 10 filas · az 15°",21-mar,1360,3.4752,271.5234,0.0000,33,0.000000e+0,1.5,1
16,"Arequipa · cresta 1 · N-S constante -3° · mono · alineadas ×1 · 10 filas · az 15°",21-dic,640,5.5090,112.8863,0.0000,33,0.000000e+0,-12.5,1
16,"Arequipa · cresta 1 · N-S constante -3° · mono · alineadas ×1 · 10 filas · az 15°",21-dic,660,9.8795,111.6997,0.0000,17,0.000000e+0,-28.5,1
16,"Arequipa · cresta 1 · N-S constante -3° · mono · alineadas ×1 · 10 filas · az 15°",21-dic,680,14.3190,110.6399,0.0000,17,0.000000e+0,-45.5,1
16,"Arequipa · cresta 1 · N-S constante -3° · mono · alineadas ×1 · 10 filas · az 15°",21-dic,700,18.8002,109.7012,0.0000,17,0.000000e+0,-55,1
16,"Arequipa · cresta 1 · N-S constante -3° · mono · alineadas ×1 · 10 filas · az 15°",21-dic,720,23.3118,108.8811,0.0000,17,0.000000e+0,-55,1
16,"Arequipa · cresta 1 · N-S constante -3° · mono · alineadas ×1 · 10 filas · az 15°",21-dic,740,27.8469,108.1807,0.0000,17,0.000000e+0,-55,1
16,"Arequipa · cresta 1 · N-S constante -3° · mono · alineadas ×1 · 10 filas · az 15°",21-dic,760,32.4005,107.6058,0.0000,17,0.000000e+0,-55,1
16,"Arequipa · cresta 1 · N-S constante -3° · mono · alineadas ×1 · 10 filas · az 15°",21-dic,780,36.9680,107.1676,0.0000,17,0.000000e+0,-55,1
16,"Arequipa · cresta 1 · N-S constante -3° · mono · alineadas ×1 · 10 filas · az 15°",21-dic,800,41.5453,106.8854,0.0000,17,0.000000e+0,-55,1
16,"Arequipa · cresta 1 · N-S constante -3° · mono · alineadas ×1 · 10 filas · az 15°",21-dic,820,46.1277,106.7892,0.0000,17,0.000000e+0,-55,1
16,"Arequipa · cresta 1 · N-S constante -3° · mono · alineadas ×1 · 10 filas · az 15°",21-dic,840,50.7102,106.9266,0.0000,17,0.000000e+0,-55,1
16,"Arequipa · cresta 1 · N-S constante -3° · mono · alineadas ×1 · 10 filas · az 15°",21-dic,860,55.2860,107.3727,0.0000,17,0.000000e+0,-55,1
16,"Arequipa · cresta 1 · N-S constante -3° · mono · alineadas ×1 · 10 filas · az 15°",21-dic,880,59.8457,108.2507,0.0000,17,0.000000e+0,-55,1
16,"Arequipa · cresta 1 · N-S constante -3° · mono · alineadas ×1 · 10 filas · az 15°",21-dic,900,64.3745,109.7715,0.0000,17,0.000000e+0,-55,1
16,"Arequipa · cresta 1 · N-S constante -3° · mono · alineadas ×1 · 10 filas · az 15°",21-dic,920,68.8464,112.3221,0.0000,17,0.000000e+0,-55,1
16,"Arequipa · cresta 1 · N-S constante -3° · mono · alineadas ×1 · 10 filas · az 15°",21-dic,940,73.2097,116.6755,0.0000,17,0.000000e+0,-55,1
16,"Arequipa · cresta 1 · N-S constante -3° · mono · alineadas ×1 · 10 filas · az 15°",21-dic,960,77.3452,124.5416,0.0000,17,0.000000e+0,-55,1
16,"Arequipa · cresta 1 · N-S constante -3° · mono · alineadas ×1 · 10 filas · az 15°",21-dic,980,80.9293,139.9625,0.0000,17,0.000000e+0,-55,1
16,"Arequipa · cresta 1 · N-S constante -3° · mono · alineadas ×1 · 10 filas · az 15°",21-dic,1000,83.0437,169.7235,0.0000,17,0.000000e+0,-55,1
16,"Arequipa · cresta 1 · N-S constante -3° · mono · alineadas ×1 · 10 filas · az 15°",21-dic,1020,82.3507,206.0083,0.0000,17,0.000000e+0,-55,1
16,"Arequipa · cresta 1 · N-S constante -3° · mono · alineadas ×1 · 10 filas · az 15°",21-dic,1040,79.3872,228.4830,0.0000,17,0.000000e+0,-55,1
16,"Arequipa · cresta 1 · N-S constante -3° · mono · alineadas ×1 · 10 filas · az 15°",21-dic,1060,75.4845,239.6903,0.0000,17,0.000000e+0,-55,1
16,"Arequipa · cresta 1 · N-S constante -3° · mono · alineadas ×1 · 10 filas · az 15°",21-dic,1080,71.2217,245.6266,0.0000,17,0.000000e+0,-55,1
16,"Arequipa · cresta 1 · N-S constante -3° · mono · alineadas ×1 · 10 filas · az 15°",21-dic,1100,66.7992,249.0147,0.0000,17,0.000000e+0,-55,1
16,"Arequipa · cresta 1 · N-S constante -3° · mono · alineadas ×1 · 10 filas · az 15°",21-dic,1120,62.2968,251.0263,0.0000,17,0.000000e+0,-55,1
16,"Arequipa · cresta 1 · N-S constante -3° · mono · alineadas ×1 · 10 filas · az 15°",21-dic,1140,57.7514,252.2170,0.0000,17,0.000000e+0,-55,1
16,"Arequipa · cresta 1 · N-S constante -3° · mono · alineadas ×1 · 10 filas · az 15°",21-dic,1160,53.1829,252.8767,0.0000,17,0.000000e+0,-55,1
16,"Arequipa · cresta 1 · N-S constante -3° · mono · alineadas ×1 · 10 filas · az 15°",21-dic,1180,48.6031,253.1691,0.0000,17,0.000000e+0,-55,1
16,"Arequipa · cresta 1 · N-S constante -3° · mono · alineadas ×1 · 10 filas · az 15°",21-dic,1200,44.0199,253.1917,0.0000,17,0.000000e+0,-55,1
16,"Arequipa · cresta 1 · N-S constante -3° · mono · alineadas ×1 · 10 filas · az 15°",21-dic,1220,39.4393,253.0053,0.0000,17,0.000000e+0,-55,1
16,"Arequipa · cresta 1 · N-S constante -3° · mono · alineadas ×1 · 10 filas · az 15°",21-dic,1240,34.8660,252.6483,0.0000,17,0.000000e+0,-55,1
16,"Arequipa · cresta 1 · N-S constante -3° · mono · alineadas ×1 · 10 filas · az 15°",21-dic,1260,30.3044,252.1454,0.0000,17,0.000000e+0,-55,1
16,"Arequipa · cresta 1 · N-S constante -3° · mono · alineadas ×1 · 10 filas · az 15°",21-dic,1280,25.7587,251.5118,0.0000,17,0.000000e+0,-55,1
16,"Arequipa · cresta 1 · N-S constante -3° · mono · alineadas ×1 · 10 filas · az 15°",21-dic,1300,21.2337,250.7559,0.0000,17,0.000000e+0,-43,1
16,"Arequipa · cresta 1 · N-S constante -3° · mono · alineadas ×1 · 10 filas · az 15°",21-dic,1320,16.7351,249.8813,0.0000,17,0.000000e+0,-26,1
16,"Arequipa · cresta 1 · N-S constante -3° · mono · alineadas ×1 · 10 filas · az 15°",21-dic,1340,12.2712,248.8874,0.0000,17,0.000000e+0,-15,1
16,"Arequipa · cresta 1 · N-S constante -3° · mono · alineadas ×1 · 10 filas · az 15°",21-dic,1360,7.8581,247.7702,0.0000,17,0.000000e+0,-6,1
16,"Arequipa · cresta 1 · N-S constante -3° · mono · alineadas ×1 · 10 filas · az 15°",21-dic,1380,3.5464,246.5223,0.0000,33,5.043872e-1,2,0
17,"Arequipa · pendiente -3 · N-S senoidal 2° · bifila · tresbolillo ×1 · 6 filas · az 0°",21-jun,700,4.7742,63.8712,1.7321,64,1.394469e-2,-5.5,0
17,"Arequipa · pendiente -3 · N-S senoidal 2° · bifila · tresbolillo ×1 · 6 filas · az 0°",21-jun,720,8.9729,62.1856,1.7321,33,0.000000e+0,-18,1
17,"Arequipa · pendiente -3 · N-S senoidal 2° · bifila · tresbolillo ×1 · 6 filas · az 0°",21-jun,740,13.1432,60.3097,1.7321,33,0.000000e+0,-36,1
17,"Arequipa · pendiente -3 · N-S senoidal 2° · bifila · tresbolillo ×1 · 6 filas · az 0°",21-jun,760,17.2453,58.2184,1.7321,33,0.000000e+0,-55,1
17,"Arequipa · pendiente -3 · N-S senoidal 2° · bifila · tresbolillo ×1 · 6 filas · az 0°",21-jun,780,21.2561,55.8815,1.7321,33,0.000000e+0,-55,1
17,"Arequipa · pendiente -3 · N-S senoidal 2° · bifila · tresbolillo ×1 · 6 filas · az 0°",21-jun,800,25.1539,53.2637,1.7321,33,0.000000e+0,-55,1
17,"Arequipa · pendiente -3 · N-S senoidal 2° · bifila · tresbolillo ×1 · 6 filas · az 0°",21-jun,820,28.9146,50.3241,1.7321,33,0.000000e+0,-55,1
17,"Arequipa · pendiente -3 · N-S senoidal 2° · bifila · tresbolillo ×1 · 6 filas · az 0°",21-jun,840,32.5098,47.0168,1.7321,33,0.000000e+0,-55,1
17,"Arequipa · pendiente -3 · N-S senoidal 2° · bifila · tresbolillo ×1 · 6 filas · az 0°",21-jun,860,35.9052,43.2920,1.7321,33,0.000000e+0,-55,1
17,"Arequipa · pendiente -3 · N-S senoidal 2° · bifila · tresbolillo ×1 · 6 filas · az 0°",21-jun,880,39.0602,39.0991,1.7321,33,0.000000e+0,-55,1
17,"Arequipa · pendiente -3 · N-S senoidal 2° · bifila · tresbolillo ×1 · 6 filas · az 0°",21-jun,900,41.9268,34.3923,1.7321,33,0.000000e+0,-55,1
17,"Arequipa · pendiente -3 · N-S senoidal 2° · bifila · tresbolillo ×1 · 6 filas · az 0°",21-jun,920,44.4499,29.1395,1.7321,33,0.000000e+0,-55,1
17,"Arequipa · pendiente -3 · N-S senoidal 2° · bifila · tresbolillo ×1 · 6 filas · az 0°",21-jun,940,46.5693,23.3352,1.7321,33,0.000000e+0,-55,1
17,"Arequipa · pendiente -3 · N-S senoidal 2° · bifila · tresbolillo ×1 · 6 filas · az 0°",21-jun,960,48.2231,17.0150,1.7321,33,0.000000e+0,-55,1
17,"Arequipa · pendiente -3 · N-S senoidal 2° · bifila · tresbolillo ×1 · 6 filas · az 0°",21-jun,980,49.3544,10.2679,1.7321,33,0.000000e+0,-55,1
17,"Arequipa · pendiente -3 · N-S senoidal 2° · bifila · tresbolillo ×1 · 6 filas · az 0°",21-jun,1000,49.9185,3.2390,1.7321,33,0.000000e+0,-55,1
17,"Arequipa · pendiente -3 · N-S senoidal 2° · bifila · tresbolillo ×1 · 6 filas · az 0°",21-jun,1020,49.8916,356.1171,1.7321,33,0.000000e+0,-55,1
17,"Arequipa · pendiente -3 · N-S senoidal 2° · bifila · tresbolillo ×1 · 6 filas · az 0°",21-jun,1040,49.2748,349.1064,1.7321,33,0.000000e+0,-55,1
17,"Arequipa · pendiente -3 · N-S senoidal 2° · bifila · tresbolillo ×1 · 6 filas · az 0°",21-jun,1060,48.0942,342.3928,1.7321,33,0.000000e+0,-55,1
17,"Arequipa · pendiente -3 · N-S senoidal 2° · bifila · tresbolillo ×1 · 6 filas · az 0°",21-jun,1080,46.3957,336.1165,1.7321,33,0.000000e+0,-55,1
17,"Arequipa · pendiente -3 · N-S senoidal 2° · bifila · tresbolillo ×1 · 6 filas · az 0°",21-jun,1100,44.2372,330.3613,1.7321,33,0.000000e+0,-55,1
17,"Arequipa · pendiente -3 · N-S senoidal 2° · bifila · tresbolillo ×1 · 6 filas · az 0°",21-jun,1120,41.6806,325.1587,1.7321,33,0.000000e+0,-55,1
17,"Arequipa · pendiente -3 · N-S senoidal 2° · bifila · tresbolillo ×1 · 6 filas · az 0°",21-jun,1140,38.7857,320.5000,1.7321,33,0.000000e+0,-55,1
17,"Arequipa · pendiente -3 · N-S senoidal 2° · bifila · tresbolillo ×1 · 6 filas · az 0°",21-jun,1160,35.6071,316.3514,1.7321,33,0.000000e+0,-55,1
17,"Arequipa · pendiente -3 · N-S senoidal 2° · bifila · tresbolillo ×1 · 6 filas · az 0°",21-jun,1180,32.1920,312.6665,1.7321,33,0.000000e+0,-55,1
17,"Arequipa · pendiente -3 · N-S senoidal 2° · bifila · tresbolillo ×1 · 6 filas · az 0°",21-jun,1200,28.5805,309.3944,1.7321,33,0.000000e+0,-55,1
17,"Arequipa · pendiente -3 · N-S senoidal 2° · bifila · tresbolillo ×1 · 6 filas · az 0°",21-jun,1220,24.8063,306.4858,1.7321,33,0.000000e+0,-55,1
17,"Arequipa · pendiente -3 · N-S senoidal 2° · bifila · tresbolillo ×1 · 6 filas · az 0°",21-jun,1240,20.8973,303.8950,1.7321,33,0.000000e+0,-31,1
17,"Arequipa · pendiente -3 · N-S senoidal 2° · bifila · tresbolillo ×1 · 6 filas · az 0°",21-jun,1260,16.8774,301.5817,1.7321,33,0.000000e+0,-18,1
17,"Arequipa · pendiente -3 · N-S senoidal 2° · bifila · tresbolillo ×1 · 6 filas · az 0°",21-jun,1280,12.7680,299.5110,1.7321,33,0.000000e+0,-8.5,1
17,"Arequipa · pendiente -3 · N-S senoidal 2° · bifila · tresbolillo ×1 · 6 filas · az 0°",21-jun,1300,8.5930,297.6533,1.7321,33,0.000000e+0,-0.5,1
17,"Arequipa · pendiente -3 · N-S senoidal 2° · bifila · tresbolillo ×1 · 6 filas · az 0°",21-jun,1320,4.3962,295.9837,1.7321,64,0.000000e+0,4.5,1
17,"Arequipa · pendiente -3 · N-S senoidal 2° · bifila · tresbolillo ×1 · 6 filas · az 0°",21-mar,680,6.1794,87.8345,1.7321,33,0.000000e+0,-6,1
17,"Arequipa · pendiente -3 · N-S senoidal 2° · bifila · tresbolillo ×1 · 6 filas · az 0°",21-mar,700,10.9081,86.3640,1.7321,33,0.000000e+0,-19.5,1
17,"Arequipa · pendiente -3 · N-S senoidal 2° · bifila · tresbolillo ×1 · 6 filas · az 0°",21-mar,720,15.6602,84.8431,1.7321,33,0.000000e+0,-37,1
17,"Arequipa · pendiente -3 · N-S senoidal 2° · bifila · tresbolillo ×1 · 6 filas · az 0°",21-mar,740,20.4114,83.2469,1.7321,33,0.000000e+0,-55,1
17,"Arequipa · pendiente -3 · N-S senoidal 2° · bifila · tresbolillo ×1 · 6 filas · az 0°",21-mar,760,25.1514,81.5460,1.7321,33,0.000000e+0,-55,1
17,"Arequipa · pendiente -3 · N-S senoidal 2° · bifila · tresbolillo ×1 · 6 filas · az 0°",21-mar,780,29.8721,79.7046,1.7321,33,0.000000e+0,-55,1
17,"Arequipa · pendiente -3 · N-S senoidal 2° · bifila · tresbolillo ×1 · 6 filas · az 0°",21-mar,800,34.5652,77.6773,1.7321,33,0.000000e+0,-55,1
17,"Arequipa · pendiente -3 · N-S senoidal 2° · bifila · tresbolillo ×1 · 6 filas · az 0°",21-mar,820,39.2209,75.4045,1.7321,33,0.000000e+0,-55,1
17,"Arequipa · pendiente -3 · N-S senoidal 2° · bifila · tresbolillo ×1 · 6 filas · az 0°",21-mar,840,43.8256,72.8064,1.7321,33,0.000000e+0,-55,1
17,"Arequipa · pendiente -3 · N-S senoidal 2° · bifila · tresbolillo ×1 · 6 filas · az 0°",21-mar,860,48.3608,69.7727,1.7321,33,0.000000e+0,-55,1
17,"Arequipa · pendiente -3 · N-S senoidal 2° · bifila · tresbolillo ×1 · 6 filas · az 0°",21-mar,880,52.7997,66.1475,1.7321,33,0.000000e+0,-55,1
17,"Arequipa · pendiente -3 · N-S senoidal 2° · bifila · tresbolillo ×1 · 6 filas · az 0°",21-mar,900,57.1020,61.7065,1.7321,33,0.000000e+0,-55,1
17,"Arequipa · pendiente -3 · N-S senoidal 2° · bifila · tresbolillo ×1 · 6 filas · az 0°",21-mar,920,61.2050,56.1234,1.7321,33,0.000000e+0,-55,1
17,"Arequipa · pendiente -3 · N-S senoidal 2° · bifila · tresbolillo ×1 · 6 filas · az 0°",21-mar,940,65.0093,48.9323,1.7321,33,0.000000e+0,-55,1
17,"Arequipa · pendiente -3 · N-S senoidal 2° · bifila · tresbolillo ×1 · 6 filas · az 0°",21-mar,960,68.3560,39.5174,1.7321,33,0.000000e+0,-55,1
17,"Arequipa · pendiente -3 · N-S senoidal 2° · bifila · tresbolillo ×1 · 6 filas · az 0°",21-mar,980,71.0006,27.2555,1.7321,33,0.000000e+0,-55,1
17,"Arequipa · pendiente -3 · N-S senoidal 2° · bifila · tresbolillo ×1 · 6 filas · az 0°",21-mar,1000,72.6192,12.0480,1.7321,33,0.000000e+0,-55,1
17,"Arequipa · pendiente -3 · N-S senoidal 2° · bifila · tresbolillo ×1 · 6 filas · az 0°",21-mar,1020,72.9172,355.1449,1.7321,33,0.000000e+0,-55,1
17,"Arequipa · pendiente -3 · N-S senoidal 2° · bifila · tresbolillo ×1 · 6 filas · az 0°",21-mar,1040,71.8293,338.9743,1.7321,33,0.000000e+0,-55,1
17,"Arequipa · pendiente -3 · N-S senoidal 2° · bifila · tresbolillo ×1 · 6 filas · az 0°",21-mar,1060,69.5760,325.4193,1.7321,33,0.000000e+0,-55,1
17,"Arequipa · pendiente -3 · N-S senoidal 2° · bifila · tresbolillo ×1 · 6 filas · az 0°",21-mar,1080,66.4904,314.8661,1.7321,33,0.000000e+0,-55,1
17,"Arequipa · pendiente -3 · N-S senoidal 2° · bifila · tresbolillo ×1 · 6 filas · az 0°",21-mar,1100,62.8553,306.8185,1.7321,33,0.000000e+0,-55,1
17,"Arequipa · pendiente -3 · N-S senoidal 2° · bifila · tresbolillo ×1 · 6 filas · az 0°",21-mar,1120,58.8631,300.6237,1.7321,33,0.000000e+0,-55,1
17,"Arequipa · pendiente -3 · N-S senoidal 2° · bifila · tresbolillo ×1 · 6 filas · az 0°",21-mar,1140,54.6351,295.7491,1.7321,33,0.000000e+0,-55,1
17,"Arequipa · pendiente -3 · N-S senoidal 2° · bifila · tresbolillo ×1 · 6 filas · az 0°",21-mar,1160,50.2473,291.8140,1.7321,33,0.000000e+0,-55,1
17,"Arequipa · pendiente -3 · N-S senoidal 2° · bifila · tresbolillo ×1 · 6 filas · az 0°",21-mar,1180,45.7481,288.5555,1.7321,33,0.000000e+0,-55,1
17,"Arequipa · pendiente -3 · N-S senoidal 2° · bifila · tresbolillo ×1 · 6 filas · az 0°",21-mar,1200,41.1691,285.7922,1.7321,33,0.000000e+0,-55,1
17,"Arequipa · pendiente -3 · N-S senoidal 2° · bifila · tresbolillo ×1 · 6 filas · az 0°",21-mar,1220,36.5321,283.3969,1.7321,33,0.000000e+0,-55,1
17,"Arequipa · pendiente -3 · N-S senoidal 2° · bifila · tresbolillo ×1 · 6 filas · az 0°",21-mar,1240,31.8523,281.2784,1.7321,33,0.000000e+0,-55,1
17,"Arequipa · pendiente -3 · N-S senoidal 2° · bifila · tresbolillo ×1 · 6 filas · az 0°",21-mar,1260,27.1408,279.3695,1.7321,33,0.000000e+0,-40.5,1
17,"Arequipa · pendiente -3 · N-S senoidal 2° · bifila · tresbolillo ×1 · 6 filas · az 0°",21-mar,1280,22.4065,277.6197,1.7321,33,0.000000e+0,-24,1
17,"Arequipa · pendiente -3 · N-S senoidal 2° · bifila · tresbolillo ×1 · 6 filas · az 0°",21-mar,1300,17.6572,275.9894,1.7321,33,0.000000e+0,-13.5,1
17,"Arequipa · pendiente -3 · N-S senoidal 2° · bifila · tresbolillo ×1 · 6 filas · az 0°",21-mar,1320,12.9018,274.4469,1.7321,33,0.000000e+0,-5,1
17,"Arequipa · pendiente -3 · N-S senoidal 2° · bifila · tresbolillo ×1 · 6 filas · az 0°",21-mar,1340,8.1561,272.9659,1.7321,33,0.000000e+0,2.5,1
17,"Arequipa · pendiente -3 · N-S senoidal 2° · bifila · tresbolillo ×1 · 6 filas · az 0°",21-mar,1360,3.4752,271.5234,1.7321,64,0.000000e+0,3.5,1
17,"Arequipa · pendiente -3 · N-S senoidal 2° · bifila · tresbolillo ×1 · 6 filas · az 0°",21-dic,640,5.5090,112.8863,1.7321,64,0.000000e+0,-6,1
17,"Arequipa · pendiente -3 · N-S senoidal 2° · bifila · tresbolillo ×1 · 6 filas · az 0°",21-dic,660,9.8795,111.6997,1.7321,33,0.000000e+0,-17,1
17,"Arequipa · pendiente -3 · N-S senoidal 2° · bifila · tresbolillo ×1 · 6 filas · az 0°",21-dic,680,14.3190,110.6399,1.7321,33,0.000000e+0,-34,1
17,"Arequipa · pendiente -3 · N-S senoidal 2° · bifila · tresbolillo ×1 · 6 filas · az 0°",21-dic,700,18.8002,109.7012,1.7321,33,0.000000e+0,-51.5,1
17,"Arequipa · pendiente -3 · N-S senoidal 2° · bifila · tresbolillo ×1 · 6 filas · az 0°",21-dic,720,23.3118,108.8811,1.7321,33,0.000000e+0,-55,1
17,"Arequipa · pendiente -3 · N-S senoidal 2° · bifila · tresbolillo ×1 · 6 filas · az 0°",21-dic,740,27.8469,108.1807,1.7321,33,0.000000e+0,-55,1
17,"Arequipa · pendiente -3 · N-S senoidal 2° · bifila · tresbolillo ×1 · 6 filas · az 0°",21-dic,760,32.4005,107.6058,1.7321,33,0.000000e+0,-55,1
17,"Arequipa · pendiente -3 · N-S senoidal 2° · bifila · tresbolillo ×1 · 6 filas · az 0°",21-dic,780,36.9680,107.1676,1.7321,33,0.000000e+0,-55,1
17,"Arequipa · pendiente -3 · N-S senoidal 2° · bifila · tresbolillo ×1 · 6 filas · az 0°",21-dic,800,41.5453,106.8854,1.7321,33,0.000000e+0,-55,1
17,"Arequipa · pendiente -3 · N-S senoidal 2° · bifila · tresbolillo ×1 · 6 filas · az 0°",21-dic,820,46.1277,106.7892,1.7321,33,0.000000e+0,-55,1
17,"Arequipa · pendiente -3 · N-S senoidal 2° · bifila · tresbolillo ×1 · 6 filas · az 0°",21-dic,840,50.7102,106.9266,1.7321,33,0.000000e+0,-55,1
17,"Arequipa · pendiente -3 · N-S senoidal 2° · bifila · tresbolillo ×1 · 6 filas · az 0°",21-dic,860,55.2860,107.3727,1.7321,33,0.000000e+0,-55,1
17,"Arequipa · pendiente -3 · N-S senoidal 2° · bifila · tresbolillo ×1 · 6 filas · az 0°",21-dic,880,59.8457,108.2507,1.7321,33,0.000000e+0,-55,1
17,"Arequipa · pendiente -3 · N-S senoidal 2° · bifila · tresbolillo ×1 · 6 filas · az 0°",21-dic,900,64.3745,109.7715,1.7321,33,0.000000e+0,-55,1
17,"Arequipa · pendiente -3 · N-S senoidal 2° · bifila · tresbolillo ×1 · 6 filas · az 0°",21-dic,920,68.8464,112.3221,1.7321,33,0.000000e+0,-55,1
17,"Arequipa · pendiente -3 · N-S senoidal 2° · bifila · tresbolillo ×1 · 6 filas · az 0°",21-dic,940,73.2097,116.6755,1.7321,33,0.000000e+0,-55,1
17,"Arequipa · pendiente -3 · N-S senoidal 2° · bifila · tresbolillo ×1 · 6 filas · az 0°",21-dic,960,77.3452,124.5416,1.7321,33,0.000000e+0,-55,1
17,"Arequipa · pendiente -3 · N-S senoidal 2° · bifila · tresbolillo ×1 · 6 filas · az 0°",21-dic,980,80.9293,139.9625,1.7321,33,0.000000e+0,-55,1
17,"Arequipa · pendiente -3 · N-S senoidal 2° · bifila · tresbolillo ×1 · 6 filas · az 0°",21-dic,1000,83.0437,169.7235,1.7321,33,0.000000e+0,-55,1
17,"Arequipa · pendiente -3 · N-S senoidal 2° · bifila · tresbolillo ×1 · 6 filas · az 0°",21-dic,1020,82.3507,206.0083,1.7321,33,0.000000e+0,-55,1
17,"Arequipa · pendiente -3 · N-S senoidal 2° · bifila · tresbolillo ×1 · 6 filas · az 0°",21-dic,1040,79.3872,228.4830,1.7321,33,0.000000e+0,-55,1
17,"Arequipa · pendiente -3 · N-S senoidal 2° · bifila · tresbolillo ×1 · 6 filas · az 0°",21-dic,1060,75.4845,239.6903,1.7321,33,0.000000e+0,-55,1
17,"Arequipa · pendiente -3 · N-S senoidal 2° · bifila · tresbolillo ×1 · 6 filas · az 0°",21-dic,1080,71.2217,245.6266,1.7321,33,0.000000e+0,-55,1
17,"Arequipa · pendiente -3 · N-S senoidal 2° · bifila · tresbolillo ×1 · 6 filas · az 0°",21-dic,1100,66.7992,249.0147,1.7321,33,0.000000e+0,-55,1
17,"Arequipa · pendiente -3 · N-S senoidal 2° · bifila · tresbolillo ×1 · 6 filas · az 0°",21-dic,1120,62.2968,251.0263,1.7321,33,0.000000e+0,-55,1
17,"Arequipa · pendiente -3 · N-S senoidal 2° · bifila · tresbolillo ×1 · 6 filas · az 0°",21-dic,1140,57.7514,252.2170,1.7321,33,0.000000e+0,-55,1
17,"Arequipa · pendiente -3 · N-S senoidal 2° · bifila · tresbolillo ×1 · 6 filas · az 0°",21-dic,1160,53.1829,252.8767,1.7321,33,0.000000e+0,-55,1
17,"Arequipa · pendiente -3 · N-S senoidal 2° · bifila · tresbolillo ×1 · 6 filas · az 0°",21-dic,1180,48.6031,253.1691,1.7321,33,0.000000e+0,-55,1
17,"Arequipa · pendiente -3 · N-S senoidal 2° · bifila · tresbolillo ×1 · 6 filas · az 0°",21-dic,1200,44.0199,253.1917,1.7321,33,0.000000e+0,-55,1
17,"Arequipa · pendiente -3 · N-S senoidal 2° · bifila · tresbolillo ×1 · 6 filas · az 0°",21-dic,1220,39.4393,253.0053,1.7321,33,0.000000e+0,-55,1
17,"Arequipa · pendiente -3 · N-S senoidal 2° · bifila · tresbolillo ×1 · 6 filas · az 0°",21-dic,1240,34.8660,252.6483,1.7321,33,0.000000e+0,-55,1
17,"Arequipa · pendiente -3 · N-S senoidal 2° · bifila · tresbolillo ×1 · 6 filas · az 0°",21-dic,1260,30.3044,252.1454,1.7321,33,0.000000e+0,-55,1
17,"Arequipa · pendiente -3 · N-S senoidal 2° · bifila · tresbolillo ×1 · 6 filas · az 0°",21-dic,1280,25.7587,251.5118,1.7321,33,0.000000e+0,-37,1
17,"Arequipa · pendiente -3 · N-S senoidal 2° · bifila · tresbolillo ×1 · 6 filas · az 0°",21-dic,1300,21.2337,250.7559,1.7321,33,0.000000e+0,-22,1
17,"Arequipa · pendiente -3 · N-S senoidal 2° · bifila · tresbolillo ×1 · 6 filas · az 0°",21-dic,1320,16.7351,249.8813,1.7321,33,0.000000e+0,-12.5,1
17,"Arequipa · pendiente -3 · N-S senoidal 2° · bifila · tresbolillo ×1 · 6 filas · az 0°",21-dic,1340,12.2712,248.8874,1.7321,33,0.000000e+0,-4.5,1
17,"Arequipa · pendiente -3 · N-S senoidal 2° · bifila · tresbolillo ×1 · 6 filas · az 0°",21-dic,1360,7.8581,247.7702,1.7321,33,0.000000e+0,3,1
17,"Arequipa · pendiente -3 · N-S senoidal 2° · bifila · tresbolillo ×1 · 6 filas · az 0°",21-dic,1380,3.5464,246.5223,1.7321,64,7.769837e-3,4,0
18,"Arequipa · cresta 1 · N-S aleatorio 3° · mono · tresbolillo ×2 · 6 filas · az 0°",21-jun,700,4.7742,63.8712,5.5775,64,1.978186e-2,-4,0
18,"Arequipa · cresta 1 · N-S aleatorio 3° · mono · tresbolillo ×2 · 6 filas · az 0°",21-jun,720,8.9729,62.1856,5.5775,33,7.345283e-3,-9,0
18,"Arequipa · cresta 1 · N-S aleatorio 3° · mono · tresbolillo ×2 · 6 filas · az 0°",21-jun,740,13.1432,60.3097,5.5775,33,9.923113e-3,-14,0
18,"Arequipa · cresta 1 · N-S aleatorio 3° · mono · tresbolillo ×2 · 6 filas · az 0°",21-jun,760,17.2453,58.2184,5.5775,33,2.691254e-3,-20.5,0
18,"Arequipa · cresta 1 · N-S aleatorio 3° · mono · tresbolillo ×2 · 6 filas · az 0°",21-jun,780,21.2561,55.8815,5.5775,33,0.000000e+0,-25,1
18,"Arequipa · cresta 1 · N-S aleatorio 3° · mono · tresbolillo ×2 · 6 filas · az 0°",21-jun,800,25.1539,53.2637,5.5775,33,0.000000e+0,-30.5,1
18,"Arequipa · cresta 1 · N-S aleatorio 3° · mono · tresbolillo ×2 · 6 filas · az 0°",21-jun,820,28.9146,50.3241,5.5775,33,0.000000e+0,-36,1
18,"Arequipa · cresta 1 · N-S aleatorio 3° · mono · tresbolillo ×2 · 6 filas · az 0°",21-jun,840,32.5098,47.0168,5.5775,33,0.000000e+0,-49,1
18,"Arequipa · cresta 1 · N-S aleatorio 3° · mono · tresbolillo ×2 · 6 filas · az 0°",21-jun,860,35.9052,43.2920,5.5775,33,0.000000e+0,-55,1
18,"Arequipa · cresta 1 · N-S aleatorio 3° · mono · tresbolillo ×2 · 6 filas · az 0°",21-jun,880,39.0602,39.0991,5.5775,33,0.000000e+0,-55,1
18,"Arequipa · cresta 1 · N-S aleatorio 3° · mono · tresbolillo ×2 · 6 filas · az 0°",21-jun,900,41.9268,34.3923,5.5775,33,0.000000e+0,-55,1
18,"Arequipa · cresta 1 · N-S aleatorio 3° · mono · tresbolillo ×2 · 6 filas · az 0°",21-jun,920,44.4499,29.1395,5.5775,33,0.000000e+0,-55,1
18,"Arequipa · cresta 1 · N-S aleatorio 3° · mono · tresbolillo ×2 · 6 filas · az 0°",21-jun,940,46.5693,23.3352,5.5775,33,0.000000e+0,-55,1
18,"Arequipa · cresta 1 · N-S aleatorio 3° · mono · tresbolillo ×2 · 6 filas · az 0°",21-jun,960,48.2231,17.0150,5.5775,33,0.000000e+0,-55,1
18,"Arequipa · cresta 1 · N-S aleatorio 3° · mono · tresbolillo ×2 · 6 filas · az 0°",21-jun,980,49.3544,10.2679,5.5775,33,0.000000e+0,-55,1
18,"Arequipa · cresta 1 · N-S aleatorio 3° · mono · tresbolillo ×2 · 6 filas · az 0°",21-jun,1000,49.9185,3.2390,5.5775,33,0.000000e+0,-55,1
18,"Arequipa · cresta 1 · N-S aleatorio 3° · mono · tresbolillo ×2 · 6 filas · az 0°",21-jun,1020,49.8916,356.1171,5.5775,33,0.000000e+0,-55,1
18,"Arequipa · cresta 1 · N-S aleatorio 3° · mono · tresbolillo ×2 · 6 filas · az 0°",21-jun,1040,49.2748,349.1064,5.5775,33,0.000000e+0,-55,1
18,"Arequipa · cresta 1 · N-S aleatorio 3° · mono · tresbolillo ×2 · 6 filas · az 0°",21-jun,1060,48.0942,342.3928,5.5775,33,0.000000e+0,-55,1
18,"Arequipa · cresta 1 · N-S aleatorio 3° · mono · tresbolillo ×2 · 6 filas · az 0°",21-jun,1080,46.3957,336.1165,5.5775,33,0.000000e+0,-55,1
18,"Arequipa · cresta 1 · N-S aleatorio 3° · mono · tresbolillo ×2 · 6 filas · az 0°",21-jun,1100,44.2372,330.3613,5.5775,33,0.000000e+0,-55,1
18,"Arequipa · cresta 1 · N-S aleatorio 3° · mono · tresbolillo ×2 · 6 filas · az 0°",21-jun,1120,41.6806,325.1587,5.5775,33,0.000000e+0,24,1
18,"Arequipa · cresta 1 · N-S aleatorio 3° · mono · tresbolillo ×2 · 6 filas · az 0°",21-jun,1140,38.7857,320.5000,5.5775,33,0.000000e+0,42,1
18,"Arequipa · cresta 1 · N-S aleatorio 3° · mono · tresbolillo ×2 · 6 filas · az 0°",21-jun,1160,35.6071,316.3514,5.5775,33,0.000000e+0,44.5,1
18,"Arequipa · cresta 1 · N-S aleatorio 3° · mono · tresbolillo ×2 · 6 filas · az 0°",21-jun,1180,32.1920,312.6665,5.5775,33,0.000000e+0,38,1
18,"Arequipa · cresta 1 · N-S aleatorio 3° · mono · tresbolillo ×2 · 6 filas · az 0°",21-jun,1200,28.5805,309.3944,5.5775,33,8.565405e-3,33.5,0
18,"Arequipa · cresta 1 · N-S aleatorio 3° · mono · tresbolillo ×2 · 6 filas · az 0°",21-jun,1220,24.8063,306.4858,5.5775,33,0.000000e+0,27.5,1
18,"Arequipa · cresta 1 · N-S aleatorio 3° · mono · tresbolillo ×2 · 6 filas · az 0°",21-jun,1240,20.8973,303.8950,5.5775,33,0.000000e+0,23,1
18,"Arequipa · cresta 1 · N-S aleatorio 3° · mono · tresbolillo ×2 · 6 filas · az 0°",21-jun,1260,16.8774,301.5817,5.5775,33,1.045277e-2,20.5,0
18,"Arequipa · cresta 1 · N-S aleatorio 3° · mono · tresbolillo ×2 · 6 filas · az 0°",21-jun,1280,12.7680,299.5110,5.5775,33,1.485403e-2,14,0
18,"Arequipa · cresta 1 · N-S aleatorio 3° · mono · tresbolillo ×2 · 6 filas · az 0°",21-jun,1300,8.5930,297.6533,5.5775,33,1.275017e-2,9.5,0
18,"Arequipa · cresta 1 · N-S aleatorio 3° · mono · tresbolillo ×2 · 6 filas · az 0°",21-jun,1320,4.3962,295.9837,5.5775,64,3.577252e-2,6,0
18,"Arequipa · cresta 1 · N-S aleatorio 3° · mono · tresbolillo ×2 · 6 filas · az 0°",21-mar,680,6.1794,87.8345,5.5775,33,9.015911e-3,-6,0
18,"Arequipa · cresta 1 · N-S aleatorio 3° · mono · tresbolillo ×2 · 6 filas · az 0°",21-mar,700,10.9081,86.3640,5.5775,33,4.616516e-3,-11,0
18,"Arequipa · cresta 1 · N-S aleatorio 3° · mono · tresbolillo ×2 · 6 filas · az 0°",21-mar,720,15.6602,84.8431,5.5775,33,5.670278e-3,-15.5,0
18,"Arequipa · cresta 1 · N-S aleatorio 3° · mono · tresbolillo ×2 · 6 filas · az 0°",21-mar,740,20.4114,83.2469,5.5775,33,7.264549e-3,-21,0
18,"Arequipa · cresta 1 · N-S aleatorio 3° · mono · tresbolillo ×2 · 6 filas · az 0°",21-mar,760,25.1514,81.5460,5.5775,33,1.483987e-2,-25,0
18,"Arequipa · cresta 1 · N-S aleatorio 3° · mono · tresbolillo ×2 · 6 filas · az 0°",21-mar,780,29.8721,79.7046,5.5775,33,6.179054e-3,-30,0
18,"Arequipa · cresta 1 · N-S aleatorio 3° · mono · tresbolillo ×2 · 6 filas · az 0°",21-mar,800,34.5652,77.6773,5.5775,33,0.000000e+0,-36,1
18,"Arequipa · cresta 1 · N-S aleatorio 3° · mono · tresbolillo ×2 · 6 filas · az 0°",21-mar,820,39.2209,75.4045,5.5775,33,0.000000e+0,-47,1
18,"Arequipa · cresta 1 · N-S aleatorio 3° · mono · tresbolillo ×2 · 6 filas · az 0°",21-mar,840,43.8256,72.8064,5.5775,33,0.000000e+0,-55,1
18,"Arequipa · cresta 1 · N-S aleatorio 3° · mono · tresbolillo ×2 · 6 filas · az 0°",21-mar,860,48.3608,69.7727,5.5775,33,0.000000e+0,-55,1
18,"Arequipa · cresta 1 · N-S aleatorio 3° · mono · tresbolillo ×2 · 6 filas · az 0°",21-mar,880,52.7997,66.1475,5.5775,33,0.000000e+0,-55,1
18,"Arequipa · cresta 1 · N-S aleatorio 3° · mono · tresbolillo ×2 · 6 filas · az 0°",21-mar,900,57.1020,61.7065,5.5775,33,0.000000e+0,-55,1
18,"Arequipa · cresta 1 · N-S aleatorio 3° · mono · tresbolillo ×2 · 6 filas · az 0°",21-mar,920,61.2050,56.1234,5.5775,33,0.000000e+0,-55,1
18,"Arequipa · cresta 1 · N-S aleatorio 3° · mono · tresbolillo ×2 · 6 filas · az 0°",21-mar,940,65.0093,48.9323,5.5775,33,0.000000e+0,-55,1
18,"Arequipa · cresta 1 · N-S aleatorio 3° · mono · tresbolillo ×2 · 6 filas · az 0°",21-mar,960,68.3560,39.5174,5.5775,33,0.000000e+0,-55,1
18,"Arequipa · cresta 1 · N-S aleatorio 3° · mono · tresbolillo ×2 · 6 filas · az 0°",21-mar,980,71.0006,27.2555,5.5775,33,0.000000e+0,-55,1
18,"Arequipa · cresta 1 · N-S aleatorio 3° · mono · tresbolillo ×2 · 6 filas · az 0°",21-mar,1000,72.6192,12.0480,5.5775,33,0.000000e+0,-55,1
18,"Arequipa · cresta 1 · N-S aleatorio 3° · mono · tresbolillo ×2 · 6 filas · az 0°",21-mar,1020,72.9172,355.1449,5.5775,33,0.000000e+0,-55,1
18,"Arequipa · cresta 1 · N-S aleatorio 3° · mono · tresbolillo ×2 · 6 filas · az 0°",21-mar,1040,71.8293,338.9743,5.5775,33,0.000000e+0,-55,1
18,"Arequipa · cresta 1 · N-S aleatorio 3° · mono · tresbolillo ×2 · 6 filas · az 0°",21-mar,1060,69.5760,325.4193,5.5775,33,0.000000e+0,-55,1
18,"Arequipa · cresta 1 · N-S aleatorio 3° · mono · tresbolillo ×2 · 6 filas · az 0°",21-mar,1080,66.4904,314.8661,5.5775,33,0.000000e+0,-55,1
18,"Arequipa · cresta 1 · N-S aleatorio 3° · mono · tresbolillo ×2 · 6 filas · az 0°",21-mar,1100,62.8553,306.8185,5.5775,33,0.000000e+0,-55,1
18,"Arequipa · cresta 1 · N-S aleatorio 3° · mono · tresbolillo ×2 · 6 filas · az 0°",21-mar,1120,58.8631,300.6237,5.5775,33,0.000000e+0,-55,1
18,"Arequipa · cresta 1 · N-S aleatorio 3° · mono · tresbolillo ×2 · 6 filas · az 0°",21-mar,1140,54.6351,295.7491,5.5775,33,0.000000e+0,21,1
18,"Arequipa · cresta 1 · N-S aleatorio 3° · mono · tresbolillo ×2 · 6 filas · az 0°",21-mar,1160,50.2473,291.8140,5.5775,33,0.000000e+0,37,1
18,"Arequipa · cresta 1 · N-S aleatorio 3° · mono · tresbolillo ×2 · 6 filas · az 0°",21-mar,1180,45.7481,288.5555,5.5775,33,0.000000e+0,46,1
18,"Arequipa · cresta 1 · N-S aleatorio 3° · mono · tresbolillo ×2 · 6 filas · az 0°",21-mar,1200,41.1691,285.7922,5.5775,33,0.000000e+0,41,1
18,"Arequipa · cresta 1 · N-S aleatorio 3° · mono · tresbolillo ×2 · 6 filas · az 0°",21-mar,1220,36.5321,283.3969,5.5775,33,0.000000e+0,36,1
18,"Arequipa · cresta 1 · N-S aleatorio 3° · mono · tresbolillo ×2 · 6 filas · az 0°",21-mar,1240,31.8523,281.2784,5.5775,33,0.000000e+0,31,1
18,"Arequipa · cresta 1 · N-S aleatorio 3° · mono · tresbolillo ×2 · 6 filas · az 0°",21-mar,1260,27.1408,279.3695,5.5775,33,0.000000e+0,27,1
18,"Arequipa · cresta 1 · N-S aleatorio 3° · mono · tresbolillo ×2 · 6 filas · az 0°",21-mar,1280,22.4065,277.6197,5.5775,33,1.454781e-2,22.5,0
18,"Arequipa · cresta 1 · N-S aleatorio 3° · mono · tresbolillo ×2 · 6 filas · az 0°",21-mar,1300,17.6572,275.9894,5.5775,33,0.000000e+0,17.5,1
18,"Arequipa · cresta 1 · N-S aleatorio 3° · mono · tresbolillo ×2 · 6 filas · az 0°",21-mar,1320,12.9018,274.4469,5.5775,33,0.000000e+0,13,1
18,"Arequipa · cresta 1 · N-S aleatorio 3° · mono · tresbolillo ×2 · 6 filas · az 0°",21-mar,1340,8.1561,272.9659,5.5775,33,0.000000e+0,8,1
18,"Arequipa · cresta 1 · N-S aleatorio 3° · mono · tresbolillo ×2 · 6 filas · az 0°",21-mar,1360,3.4752,271.5234,5.5775,64,5.203610e-3,3.5,0
18,"Arequipa · cresta 1 · N-S aleatorio 3° · mono · tresbolillo ×2 · 6 filas · az 0°",21-dic,640,5.5090,112.8863,5.5775,64,1.495655e-2,-7,0
18,"Arequipa · cresta 1 · N-S aleatorio 3° · mono · tresbolillo ×2 · 6 filas · az 0°",21-dic,660,9.8795,111.6997,5.5775,33,1.118566e-2,-11,0
18,"Arequipa · cresta 1 · N-S aleatorio 3° · mono · tresbolillo ×2 · 6 filas · az 0°",21-dic,680,14.3190,110.6399,5.5775,33,1.181429e-2,-16,0
18,"Arequipa · cresta 1 · N-S aleatorio 3° · mono · tresbolillo ×2 · 6 filas · az 0°",21-dic,700,18.8002,109.7012,5.5775,33,1.086645e-2,-20.5,0
18,"Arequipa · cresta 1 · N-S aleatorio 3° · mono · tresbolillo ×2 · 6 filas · az 0°",21-dic,720,23.3118,108.8811,5.5775,33,0.000000e+0,-24,1
18,"Arequipa · cresta 1 · N-S aleatorio 3° · mono · tresbolillo ×2 · 6 filas · az 0°",21-dic,740,27.8469,108.1807,5.5775,33,0.000000e+0,-30,1
18,"Arequipa · cresta 1 · N-S aleatorio 3° · mono · tresbolillo ×2 · 6 filas · az 0°",21-dic,760,32.4005,107.6058,5.5775,33,0.000000e+0,-34.5,1
18,"Arequipa · cresta 1 · N-S aleatorio 3° · mono · tresbolillo ×2 · 6 filas · az 0°",21-dic,780,36.9680,107.1676,5.5775,33,0.000000e+0,-40.5,1
18,"Arequipa · cresta 1 · N-S aleatorio 3° · mono · tresbolillo ×2 · 6 filas · az 0°",21-dic,800,41.5453,106.8854,5.5775,33,0.000000e+0,-55,1
18,"Arequipa · cresta 1 · N-S aleatorio 3° · mono · tresbolillo ×2 · 6 filas · az 0°",21-dic,820,46.1277,106.7892,5.5775,33,0.000000e+0,-55,1
18,"Arequipa · cresta 1 · N-S aleatorio 3° · mono · tresbolillo ×2 · 6 filas · az 0°",21-dic,840,50.7102,106.9266,5.5775,33,0.000000e+0,-55,1
18,"Arequipa · cresta 1 · N-S aleatorio 3° · mono · tresbolillo ×2 · 6 filas · az 0°",21-dic,860,55.2860,107.3727,5.5775,33,0.000000e+0,-55,1
18,"Arequipa · cresta 1 · N-S aleatorio 3° · mono · tresbolillo ×2 · 6 filas · az 0°",21-dic,880,59.8457,108.2507,5.5775,33,0.000000e+0,-55,1
18,"Arequipa · cresta 1 · N-S aleatorio 3° · mono · tresbolillo ×2 · 6 filas · az 0°",21-dic,900,64.3745,109.7715,5.5775,33,0.000000e+0,-55,1
18,"Arequipa · cresta 1 · N-S aleatorio 3° · mono · tresbolillo ×2 · 6 filas · az 0°",21-dic,920,68.8464,112.3221,5.5775,33,0.000000e+0,-55,1
18,"Arequipa · cresta 1 · N-S aleatorio 3° · mono · tresbolillo ×2 · 6 filas · az 0°",21-dic,940,73.2097,116.6755,5.5775,33,0.000000e+0,-55,1
18,"Arequipa · cresta 1 · N-S aleatorio 3° · mono · tresbolillo ×2 · 6 filas · az 0°",21-dic,960,77.3452,124.5416,5.5775,33,0.000000e+0,-55,1
18,"Arequipa · cresta 1 · N-S aleatorio 3° · mono · tresbolillo ×2 · 6 filas · az 0°",21-dic,980,80.9293,139.9625,5.5775,33,0.000000e+0,-55,1
18,"Arequipa · cresta 1 · N-S aleatorio 3° · mono · tresbolillo ×2 · 6 filas · az 0°",21-dic,1000,83.0437,169.7235,5.5775,33,0.000000e+0,-55,1
18,"Arequipa · cresta 1 · N-S aleatorio 3° · mono · tresbolillo ×2 · 6 filas · az 0°",21-dic,1020,82.3507,206.0083,5.5775,33,0.000000e+0,-55,1
18,"Arequipa · cresta 1 · N-S aleatorio 3° · mono · tresbolillo ×2 · 6 filas · az 0°",21-dic,1040,79.3872,228.4830,5.5775,33,0.000000e+0,-55,1
18,"Arequipa · cresta 1 · N-S aleatorio 3° · mono · tresbolillo ×2 · 6 filas · az 0°",21-dic,1060,75.4845,239.6903,5.5775,33,0.000000e+0,-55,1
18,"Arequipa · cresta 1 · N-S aleatorio 3° · mono · tresbolillo ×2 · 6 filas · az 0°",21-dic,1080,71.2217,245.6266,5.5775,33,0.000000e+0,-55,1
18,"Arequipa · cresta 1 · N-S aleatorio 3° · mono · tresbolillo ×2 · 6 filas · az 0°",21-dic,1100,66.7992,249.0147,5.5775,33,0.000000e+0,-55,1
18,"Arequipa · cresta 1 · N-S aleatorio 3° · mono · tresbolillo ×2 · 6 filas · az 0°",21-dic,1120,62.2968,251.0263,5.5775,33,0.000000e+0,-55,1
18,"Arequipa · cresta 1 · N-S aleatorio 3° · mono · tresbolillo ×2 · 6 filas · az 0°",21-dic,1140,57.7514,252.2170,5.5775,33,0.000000e+0,12,1
18,"Arequipa · cresta 1 · N-S aleatorio 3° · mono · tresbolillo ×2 · 6 filas · az 0°",21-dic,1160,53.1829,252.8767,5.5775,33,0.000000e+0,28.5,1
18,"Arequipa · cresta 1 · N-S aleatorio 3° · mono · tresbolillo ×2 · 6 filas · az 0°",21-dic,1180,48.6031,253.1691,5.5775,33,0.000000e+0,42,1
18,"Arequipa · cresta 1 · N-S aleatorio 3° · mono · tresbolillo ×2 · 6 filas · az 0°",21-dic,1200,44.0199,253.1917,5.5775,33,0.000000e+0,45,1
18,"Arequipa · cresta 1 · N-S aleatorio 3° · mono · tresbolillo ×2 · 6 filas · az 0°",21-dic,1220,39.4393,253.0053,5.5775,33,0.000000e+0,40,1
18,"Arequipa · cresta 1 · N-S aleatorio 3° · mono · tresbolillo ×2 · 6 filas · az 0°",21-dic,1240,34.8660,252.6483,5.5775,33,2.656362e-3,36.5,0
18,"Arequipa · cresta 1 · N-S aleatorio 3° · mono · tresbolillo ×2 · 6 filas · az 0°",21-dic,1260,30.3044,252.1454,5.5775,33,2.670102e-3,32,0
18,"Arequipa · cresta 1 · N-S aleatorio 3° · mono · tresbolillo ×2 · 6 filas · az 0°",21-dic,1280,25.7587,251.5118,5.5775,33,0.000000e+0,27.5,1
18,"Arequipa · cresta 1 · N-S aleatorio 3° · mono · tresbolillo ×2 · 6 filas · az 0°",21-dic,1300,21.2337,250.7559,5.5775,33,0.000000e+0,23,1
18,"Arequipa · cresta 1 · N-S aleatorio 3° · mono · tresbolillo ×2 · 6 filas · az 0°",21-dic,1320,16.7351,249.8813,5.5775,33,3.292821e-3,18.5,0
18,"Arequipa · cresta 1 · N-S aleatorio 3° · mono · tresbolillo ×2 · 6 filas · az 0°",21-dic,1340,12.2712,248.8874,5.5775,33,1.199956e-2,13.5,0
18,"Arequipa · cresta 1 · N-S aleatorio 3° · mono · tresbolillo ×2 · 6 filas · az 0°",21-dic,1360,7.8581,247.7702,5.5775,33,1.176556e-2,9.5,0
18,"Arequipa · cresta 1 · N-S aleatorio 3° · mono · tresbolillo ×2 · 6 filas · az 0°",21-dic,1380,3.5464,246.5223,5.5775,64,3.468034e-2,2.5,0
19,"Zaragoza · pendiente 6 · N-S constante -3° · quebrado · alineadas ×1 · 10 filas · az -20°",21-jun,300,4.3153,62.0288,0.0000,33,0.000000e+0,-33,1
19,"Zaragoza · pendiente 6 · N-S constante -3° · quebrado · alineadas ×1 · 10 filas · az -20°",21-jun,320,7.5953,65.1785,0.0000,17,0.000000e+0,-45,1
19,"Zaragoza · pendiente 6 · N-S constante -3° · quebrado · alineadas ×1 · 10 filas · az -20°",21-jun,340,10.9965,68.2578,0.0000,17,0.000000e+0,-55,1
19,"Zaragoza · pendiente 6 · N-S constante -3° · quebrado · alineadas ×1 · 10 filas · az -20°",21-jun,360,14.4858,71.2858,0.0000,17,0.000000e+0,-55,1
19,"Zaragoza · pendiente 6 · N-S constante -3° · quebrado · alineadas ×1 · 10 filas · az -20°",21-jun,380,18.0452,74.2827,0.0000,17,0.000000e+0,-55,1
19,"Zaragoza · pendiente 6 · N-S constante -3° · quebrado · alineadas ×1 · 10 filas · az -20°",21-jun,400,21.6612,77.2704,0.0000,17,0.000000e+0,-55,1
19,"Zaragoza · pendiente 6 · N-S constante -3° · quebrado · alineadas ×1 · 10 filas · az -20°",21-jun,420,25.3226,80.2731,0.0000,17,0.000000e+0,-55,1
19,"Zaragoza · pendiente 6 · N-S constante -3° · quebrado · alineadas ×1 · 10 filas · az -20°",21-jun,440,29.0187,83.3183,0.0000,17,0.000000e+0,-55,1
19,"Zaragoza · pendiente 6 · N-S constante -3° · quebrado · alineadas ×1 · 10 filas · az -20°",21-jun,460,32.7391,86.4376,0.0000,17,0.000000e+0,-55,1
19,"Zaragoza · pendiente 6 · N-S constante -3° · quebrado · alineadas ×1 · 10 filas · az -20°",21-jun,480,36.4729,89.6687,0.0000,17,0.000000e+0,-55,1
19,"Zaragoza · pendiente 6 · N-S constante -3° · quebrado · alineadas ×1 · 10 filas · az -20°",21-jun,500,40.2084,93.0578,0.0000,17,0.000000e+0,-55,1
19,"Zaragoza · pendiente 6 · N-S constante -3° · quebrado · alineadas ×1 · 10 filas · az -20°",21-jun,520,43.9319,96.6624,0.0000,17,0.000000e+0,-55,1
19,"Zaragoza · pendiente 6 · N-S constante -3° · quebrado · alineadas ×1 · 10 filas · az -20°",21-jun,540,47.6271,100.5563,0.0000,17,0.000000e+0,-55,1
19,"Zaragoza · pendiente 6 · N-S constante -3° · quebrado · alineadas ×1 · 10 filas · az -20°",21-jun,560,51.2734,104.8355,0.0000,17,0.000000e+0,-55,1
19,"Zaragoza · pendiente 6 · N-S constante -3° · quebrado · alineadas ×1 · 10 filas · az -20°",21-jun,580,54.8437,109.6272,0.0000,17,0.000000e+0,-55,1
19,"Zaragoza · pendiente 6 · N-S constante -3° · quebrado · alineadas ×1 · 10 filas · az -20°",21-jun,600,58.3011,115.1015,0.0000,17,0.000000e+0,-55,1
19,"Zaragoza · pendiente 6 · N-S constante -3° · quebrado · alineadas ×1 · 10 filas · az -20°",21-jun,620,61.5938,121.4838,0.0000,17,0.000000e+0,-55,1
19,"Zaragoza · pendiente 6 · N-S constante -3° · quebrado · alineadas ×1 · 10 filas · az -20°",21-jun,640,64.6480,129.0638,0.0000,17,0.000000e+0,-55,1
19,"Zaragoza · pendiente 6 · N-S constante -3° · quebrado · alineadas ×1 · 10 filas · az -20°",21-jun,660,67.3579,138.1801,0.0000,17,0.000000e+0,-55,1
19,"Zaragoza · pendiente 6 · N-S constante -3° · quebrado · alineadas ×1 · 10 filas · az -20°",21-jun,680,69.5784,149.1387,0.0000,17,0.000000e+0,-55,1
19,"Zaragoza · pendiente 6 · N-S constante -3° · quebrado · alineadas ×1 · 10 filas · az -20°",21-jun,700,71.1301,162.0059,0.0000,17,0.000000e+0,-55,1
19,"Zaragoza · pendiente 6 · N-S constante -3° · quebrado · alineadas ×1 · 10 filas · az -20°",21-jun,720,71.8368,176.3074,0.0000,17,0.000000e+0,-55,1
19,"Zaragoza · pendiente 6 · N-S constante -3° · quebrado · alineadas ×1 · 10 filas · az -20°",21-jun,740,71.5993,190.9409,0.0000,17,0.000000e+0,-55,1
19,"Zaragoza · pendiente 6 · N-S constante -3° · quebrado · alineadas ×1 · 10 filas · az -20°",21-jun,760,70.4524,204.6300,0.0000,17,0.000000e+0,-55,1
19,"Zaragoza · pendiente 6 · N-S constante -3° · quebrado · alineadas ×1 · 10 filas · az -20°",21-jun,780,68.5438,216.5649,0.0000,17,0.000000e+0,-55,1
19,"Zaragoza · pendiente 6 · N-S constante -3° · quebrado · alineadas ×1 · 10 filas · az -20°",21-jun,800,66.0587,226.5756,0.0000,17,0.000000e+0,-55,1
19,"Zaragoza · pendiente 6 · N-S constante -3° · quebrado · alineadas ×1 · 10 filas · az -20°",21-jun,820,63.1617,234.8830,0.0000,17,0.000000e+0,-55,1
19,"Zaragoza · pendiente 6 · N-S constante -3° · quebrado · alineadas ×1 · 10 filas · az -20°",21-jun,840,59.9777,241.8261,0.0000,17,0.000000e+0,-55,1
19,"Zaragoza · pendiente 6 · N-S constante -3° · quebrado · alineadas ×1 · 10 filas · az -20°",21-jun,860,56.5952,247.7238,0.0000,17,0.000000e+0,-55,1
19,"Zaragoza · pendiente 6 · N-S constante -3° · quebrado · alineadas ×1 · 10 filas · az -20°",21-jun,880,53.0761,252.8336,0.0000,17,0.000000e+0,-55,1
19,"Zaragoza · pendiente 6 · N-S constante -3° · quebrado · alineadas ×1 · 10 filas · az -20°",21-jun,900,49.4641,257.3516,0.0000,17,0.000000e+0,-55,1
19,"Zaragoza · pendiente 6 · N-S constante -3° · quebrado · alineadas ×1 · 10 filas · az -20°",21-jun,920,45.7905,261.4251,0.0000,17,0.000000e+0,-55,1
19,"Zaragoza · pendiente 6 · N-S constante -3° · quebrado · alineadas ×1 · 10 filas · az -20°",21-jun,940,42.0789,265.1644,0.0000,17,0.000000e+0,-55,1
19,"Zaragoza · pendiente 6 · N-S constante -3° · quebrado · alineadas ×1 · 10 filas · az -20°",21-jun,960,38.3476,268.6535,0.0000,17,0.000000e+0,-55,1
19,"Zaragoza · pendiente 6 · N-S constante -3° · quebrado · alineadas ×1 · 10 filas · az -20°",21-jun,980,34.6113,271.9575,0.0000,17,0.000000e+0,-55,1
19,"Zaragoza · pendiente 6 · N-S constante -3° · quebrado · alineadas ×1 · 10 filas · az -20°",21-jun,1000,30.8827,275.1277,0.0000,17,0.000000e+0,-55,1
19,"Zaragoza · pendiente 6 · N-S constante -3° · quebrado · alineadas ×1 · 10 filas · az -20°",21-jun,1020,27.1731,278.2058,0.0000,17,0.000000e+0,-55,1
19,"Zaragoza · pendiente 6 · N-S constante -3° · quebrado · alineadas ×1 · 10 filas · az -20°",21-jun,1040,23.4930,281.2261,0.0000,17,0.000000e+0,-46,1
19,"Zaragoza · pendiente 6 · N-S constante -3° · quebrado · alineadas ×1 · 10 filas · az -20°",21-jun,1060,19.8529,284.2181,0.0000,17,0.000000e+0,-31,1
19,"Zaragoza · pendiente 6 · N-S constante -3° · quebrado · alineadas ×1 · 10 filas · az -20°",21-jun,1080,16.2635,287.2075,0.0000,17,0.000000e+0,-22.5,1
19,"Zaragoza · pendiente 6 · N-S constante -3° · quebrado · alineadas ×1 · 10 filas · az -20°",21-jun,1100,12.7372,290.2173,0.0000,17,0.000000e+0,-15,1
19,"Zaragoza · pendiente 6 · N-S constante -3° · quebrado · alineadas ×1 · 10 filas · az -20°",21-jun,1120,9.2889,293.2684,0.0000,17,0.000000e+0,-8.5,1
19,"Zaragoza · pendiente 6 · N-S constante -3° · quebrado · alineadas ×1 · 10 filas · az -20°",21-jun,1140,5.9421,296.3805,0.0000,33,0.000000e+0,-2.5,1
19,"Zaragoza · pendiente 6 · N-S constante -3° · quebrado · alineadas ×1 · 10 filas · az -20°",21-jun,1160,2.7509,299.5720,0.0000,33,0.000000e+0,3.5,1
19,"Zaragoza · pendiente 6 · N-S constante -3° · quebrado · alineadas ×1 · 10 filas · az -20°",21-mar,380,2.2529,91.3999,0.0000,33,0.000000e+0,-19.5,1
19,"Zaragoza · pendiente 6 · N-S constante -3° · quebrado · alineadas ×1 · 10 filas · az -20°",21-mar,400,5.8504,94.7292,0.0000,33,0.000000e+0,-34,1
19,"Zaragoza · pendiente 6 · N-S constante -3° · quebrado · alineadas ×1 · 10 filas · az -20°",21-mar,420,9.5200,98.1006,0.0000,17,0.000000e+0,-50.5,1
19,"Zaragoza · pendiente 6 · N-S constante -3° · quebrado · alineadas ×1 · 10 filas · az -20°",21-mar,440,13.1842,101.5436,0.0000,17,0.000000e+0,-55,1
19,"Zaragoza · pendiente 6 · N-S constante -3° · quebrado · alineadas ×1 · 10 filas · az -20°",21-mar,460,16.8132,105.0894,0.0000,17,0.000000e+0,-55,1
19,"Zaragoza · pendiente 6 · N-S constante -3° · quebrado · alineadas ×1 · 10 filas · az -20°",21-mar,480,20.3859,108.7709,0.0000,17,0.000000e+0,-55,1
19,"Zaragoza · pendiente 6 · N-S constante -3° · quebrado · alineadas ×1 · 10 filas · az -20°",21-mar,500,23.8823,112.6235,0.0000,17,0.000000e+0,-55,1
19,"Zaragoza · pendiente 6 · N-S constante -3° · quebrado · alineadas ×1 · 10 filas · az -20°",21-mar,520,27.2812,116.6855,0.0000,17,0.000000e+0,-55,1
19,"Zaragoza · pendiente 6 · N-S constante -3° · quebrado · alineadas ×1 · 10 filas · az -20°",21-mar,540,30.5584,120.9974,0.0000,17,0.000000e+0,-55,1
19,"Zaragoza · pendiente 6 · N-S constante -3° · quebrado · alineadas ×1 · 10 filas · az -20°",21-mar,560,33.6866,125.6019,0.0000,17,0.000000e+0,-55,1
19,"Zaragoza · pendiente 6 · N-S constante -3° · quebrado · alineadas ×1 · 10 filas · az -20°",21-mar,580,36.6339,130.5419,0.0000,17,0.000000e+0,-55,1
19,"Zaragoza · pendiente 6 · N-S constante -3° · quebrado · alineadas ×1 · 10 filas · az -20°",21-mar,600,39.3642,135.8579,0.0000,17,0.000000e+0,-55,1
19,"Zaragoza · pendiente 6 · N-S constante -3° · quebrado · alineadas ×1 · 10 filas · az -20°",21-mar,620,41.8362,141.5831,0.0000,17,0.000000e+0,-55,1
19,"Zaragoza · pendiente 6 · N-S constante -3° · quebrado · alineadas ×1 · 10 filas · az -20°",21-mar,640,44.0046,147.7369,0.0000,17,0.000000e+0,-55,1
19,"Zaragoza · pendiente 6 · N-S constante -3° · quebrado · alineadas ×1 · 10 filas · az -20°",21-mar,660,45.8219,154.3164,0.0000,17,0.000000e+0,-55,1
19,"Zaragoza · pendiente 6 · N-S constante -3° · quebrado · alineadas ×1 · 10 filas · az -20°",21-mar,680,47.2408,161.2877,0.0000,17,0.000000e+0,-55,1
19,"Zaragoza · pendiente 6 · N-S constante -3° · quebrado · alineadas ×1 · 10 filas · az -20°",21-mar,700,48.2189,168.5799,0.0000,17,0.000000e+0,-55,1
19,"Zaragoza · pendiente 6 · N-S constante -3° · quebrado · alineadas ×1 · 10 filas · az -20°",21-mar,720,48.7237,176.0853,0.0000,17,0.000000e+0,-55,1
19,"Zaragoza · pendiente 6 · N-S constante -3° · quebrado · alineadas ×1 · 10 filas · az -20°",21-mar,740,48.7373,183.6681,0.0000,17,0.000000e+0,-55,1
19,"Zaragoza · pendiente 6 · N-S constante -3° · quebrado · alineadas ×1 · 10 filas · az -20°",21-mar,760,48.2591,191.1814,0.0000,17,0.000000e+0,-55,1
19,"Zaragoza · pendiente 6 · N-S constante -3° · quebrado · alineadas ×1 · 10 filas · az -20°",21-mar,780,47.3064,198.4885,0.0000,17,0.000000e+0,-55,1
19,"Zaragoza · pendiente 6 · N-S constante -3° · quebrado · alineadas ×1 · 10 filas · az -20°",21-mar,800,45.9109,205.4797,0.0000,17,0.000000e+0,-55,1
19,"Zaragoza · pendiente 6 · N-S constante -3° · quebrado · alineadas ×1 · 10 filas · az -20°",21-mar,820,44.1149,212.0823,0.0000,17,0.000000e+0,-55,1
19,"Zaragoza · pendiente 6 · N-S constante -3° · quebrado · alineadas ×1 · 10 filas · az -20°",21-mar,840,41.9653,218.2604,0.0000,17,0.000000e+0,-55,1
19,"Zaragoza · pendiente 6 · N-S constante -3° · quebrado · alineadas ×1 · 10 filas · az -20°",21-mar,860,39.5099,224.0098,0.0000,17,0.000000e+0,-55,1
19,"Zaragoza · pendiente 6 · N-S constante -3° · quebrado · alineadas ×1 · 10 filas · az -20°",21-mar,880,36.7942,229.3489,0.0000,17,0.000000e+0,-55,1
19,"Zaragoza · pendiente 6 · N-S constante -3° · quebrado · alineadas ×1 · 10 filas · az -20°",21-mar,900,33.8596,234.3105,0.0000,17,0.000000e+0,-55,1
19,"Zaragoza · pendiente 6 · N-S constante -3° · quebrado · alineadas ×1 · 10 filas · az -20°",21-mar,920,30.7428,238.9347,0.0000,17,0.000000e+0,-55,1
19,"Zaragoza · pendiente 6 · N-S constante -3° · quebrado · alineadas ×1 · 10 filas · az -20°",21-mar,940,27.4756,243.2645,0.0000,17,0.000000e+0,-39.5,1
19,"Zaragoza · pendiente 6 · N-S constante -3° · quebrado · alineadas ×1 · 10 filas · az -20°",21-mar,960,24.0859,247.3426,0.0000,17,0.000000e+0,-27,1
19,"Zaragoza · pendiente 6 · N-S constante -3° · quebrado · alineadas ×1 · 10 filas · az -20°",21-mar,980,20.5978,251.2099,0.0000,17,0.000000e+0,-19,1
19,"Zaragoza · pendiente 6 · N-S constante -3° · quebrado · alineadas ×1 · 10 filas · az -20°",21-mar,1000,17.0327,254.9045,0.0000,17,0.000000e+0,-12.5,1
19,"Zaragoza · pendiente 6 · N-S constante -3° · quebrado · alineadas ×1 · 10 filas · az -20°",21-mar,1020,13.4108,258.4622,0.0000,17,0.000000e+0,-6.5,1
19,"Zaragoza · pendiente 6 · N-S constante -3° · quebrado · alineadas ×1 · 10 filas · az -20°",21-mar,1040,9.7530,261.9160,0.0000,17,0.000000e+0,-1,1
19,"Zaragoza · pendiente 6 · N-S constante -3° · quebrado · alineadas ×1 · 10 filas · az -20°",21-mar,1060,6.0879,265.2972,0.0000,17,0.000000e+0,4.5,1
19,"Zaragoza · pendiente 6 · N-S constante -3° · quebrado · alineadas ×1 · 10 filas · az -20°",21-mar,1080,2.4866,268.6354,0.0000,33,0.000000e+0,-2,1
19,"Zaragoza · pendiente 6 · N-S constante -3° · quebrado · alineadas ×1 · 10 filas · az -20°",21-dic,480,4.5444,126.9401,0.0000,33,0.000000e+0,-29,1
19,"Zaragoza · pendiente 6 · N-S constante -3° · quebrado · alineadas ×1 · 10 filas · az -20°",21-dic,500,7.4023,130.4970,0.0000,17,0.000000e+0,-53,1
19,"Zaragoza · pendiente 6 · N-S constante -3° · quebrado · alineadas ×1 · 10 filas · az -20°",21-dic,520,10.1358,134.1991,0.0000,17,0.000000e+0,-55,1
19,"Zaragoza · pendiente 6 · N-S constante -3° · quebrado · alineadas ×1 · 10 filas · az -20°",21-dic,540,12.7098,138.0581,0.0000,17,0.000000e+0,-55,1
19,"Zaragoza · pendiente 6 · N-S constante -3° · quebrado · alineadas ×1 · 10 filas · az -20°",21-dic,560,15.0987,142.0828,0.0000,17,0.000000e+0,-55,1
19,"Zaragoza · pendiente 6 · N-S constante -3° · quebrado · alineadas ×1 · 10 filas · az -20°",21-dic,580,17.2795,146.2782,0.0000,17,0.000000e+0,-55,1
19,"Zaragoza · pendiente 6 · N-S constante -3° · quebrado · alineadas ×1 · 10 filas · az -20°",21-dic,600,19.2301,150.6447,0.0000,17,0.000000e+0,-55,1
19,"Zaragoza · pendiente 6 · N-S constante -3° · quebrado · alineadas ×1 · 10 filas · az -20°",21-dic,620,20.9291,155.1771,0.0000,17,0.000000e+0,-55,1
19,"Zaragoza · pendiente 6 · N-S constante -3° · quebrado · alineadas ×1 · 10 filas · az -20°",21-dic,640,22.3561,159.8636,0.0000,17,0.000000e+0,-55,1
19,"Zaragoza · pendiente 6 · N-S constante -3° · quebrado · alineadas ×1 · 10 filas · az -20°",21-dic,660,23.4927,164.6856,0.0000,17,0.000000e+0,-55,1
19,"Zaragoza · pendiente 6 · N-S constante -3° · quebrado · alineadas ×1 · 10 filas · az -20°",21-dic,680,24.3230,169.6174,0.0000,17,0.000000e+0,-55,1
19,"Zaragoza · pendiente 6 · N-S constante -3° · quebrado · alineadas ×1 · 10 filas · az -20°",21-dic,700,24.8347,174.6273,0.0000,17,0.000000e+0,-55,1
19,"Zaragoza · pendiente 6 · N-S constante -3° · quebrado · alineadas ×1 · 10 filas · az -20°",21-dic,720,25.0202,179.6788,0.0000,17,0.000000e+0,-55,1
19,"Zaragoza · pendiente 6 · N-S constante -3° · quebrado · alineadas ×1 · 10 filas · az -20°",21-dic,740,24.8764,184.7327,0.0000,17,0.000000e+0,-55,1
19,"Zaragoza · pendiente 6 · N-S constante -3° · quebrado · alineadas ×1 · 10 filas · az -20°",21-dic,760,24.4057,189.7500,0.0000,17,0.000000e+0,-55,1
19,"Zaragoza · pendiente 6 · N-S constante -3° · quebrado · alineadas ×1 · 10 filas · az -20°",21-dic,780,23.6152,194.6936,0.0000,17,0.000000e+0,-55,1
19,"Zaragoza · pendiente 6 · N-S constante -3° · quebrado · alineadas ×1 · 10 filas · az -20°",21-dic,800,22.5166,199.5310,0.0000,17,0.000000e+0,-55,1
19,"Zaragoza · pendiente 6 · N-S constante -3° · quebrado · alineadas ×1 · 10 filas · az -20°",21-dic,820,21.1254,204.2358,0.0000,17,0.000000e+0,-36,1
19,"Zaragoza · pendiente 6 · N-S constante -3° · quebrado · alineadas ×1 · 10 filas · az -20°",21-dic,840,19.4598,208.7885,0.0000,17,0.000000e+0,-24.5,1
19,"Zaragoza · pendiente 6 · N-S constante -3° · quebrado · alineadas ×1 · 10 filas · az -20°",21-dic,860,17.5399,213.1765,0.0000,17,0.000000e+0,-16.5,1
19,"Zaragoza · pendiente 6 · N-S constante -3° · quebrado · alineadas ×1 · 10 filas · az -20°",21-dic,880,15.3871,217.3936,0.0000,17,0.000000e+0,-10.5,1
19,"Zaragoza · pendiente 6 · N-S constante -3° · quebrado · alineadas ×1 · 10 filas · az -20°",21-dic,900,13.0234,221.4397,0.0000,17,0.000000e+0,-5,1
19,"Zaragoza · pendiente 6 · N-S constante -3° · quebrado · alineadas ×1 · 10 filas · az -20°",21-dic,920,10.4715,225.3193,0.0000,17,0.000000e+0,0,1
19,"Zaragoza · pendiente 6 · N-S constante -3° · quebrado · alineadas ×1 · 10 filas · az -20°",21-dic,940,7.7566,229.0407,0.0000,17,0.000000e+0,4.5,1
19,"Zaragoza · pendiente 6 · N-S constante -3° · quebrado · alineadas ×1 · 10 filas · az -20°",21-dic,960,4.9112,232.6152,0.0000,33,0.000000e+0,0,1
19,"Zaragoza · pendiente 6 · N-S constante -3° · quebrado · alineadas ×1 · 10 filas · az -20°",21-dic,980,2.0112,236.0562,0.0000,33,0.000000e+0,-10.5,1
20,"Zaragoza · llano · N-S rotula 2° · bifila · tresbolillo ×1 · 10 filas · az 0°",21-jun,300,4.3153,62.0288,0.0000,33,0.000000e+0,-17,1
20,"Zaragoza · llano · N-S rotula 2° · bifila · tresbolillo ×1 · 10 filas · az 0°",21-jun,320,7.5953,65.1785,0.0000,17,0.000000e+0,-29.5,1
20,"Zaragoza · llano · N-S rotula 2° · bifila · tresbolillo ×1 · 10 filas · az 0°",21-jun,340,10.9965,68.2578,0.0000,17,0.000000e+0,-42.5,1
20,"Zaragoza · llano · N-S rotula 2° · bifila · tresbolillo ×1 · 10 filas · az 0°",21-jun,360,14.4858,71.2858,0.0000,17,0.000000e+0,-55,1
20,"Zaragoza · llano · N-S rotula 2° · bifila · tresbolillo ×1 · 10 filas · az 0°",21-jun,380,18.0452,74.2827,0.0000,17,0.000000e+0,-55,1
20,"Zaragoza · llano · N-S rotula 2° · bifila · tresbolillo ×1 · 10 filas · az 0°",21-jun,400,21.6612,77.2704,0.0000,17,0.000000e+0,-55,1
20,"Zaragoza · llano · N-S rotula 2° · bifila · tresbolillo ×1 · 10 filas · az 0°",21-jun,420,25.3226,80.2731,0.0000,17,0.000000e+0,-55,1
20,"Zaragoza · llano · N-S rotula 2° · bifila · tresbolillo ×1 · 10 filas · az 0°",21-jun,440,29.0187,83.3183,0.0000,17,0.000000e+0,-55,1
20,"Zaragoza · llano · N-S rotula 2° · bifila · tresbolillo ×1 · 10 filas · az 0°",21-jun,460,32.7391,86.4376,0.0000,17,0.000000e+0,-55,1
20,"Zaragoza · llano · N-S rotula 2° · bifila · tresbolillo ×1 · 10 filas · az 0°",21-jun,480,36.4729,89.6687,0.0000,17,0.000000e+0,-55,1
20,"Zaragoza · llano · N-S rotula 2° · bifila · tresbolillo ×1 · 10 filas · az 0°",21-jun,500,40.2084,93.0578,0.0000,17,0.000000e+0,-55,1
20,"Zaragoza · llano · N-S rotula 2° · bifila · tresbolillo ×1 · 10 filas · az 0°",21-jun,520,43.9319,96.6624,0.0000,17,0.000000e+0,-55,1
20,"Zaragoza · llano · N-S rotula 2° · bifila · tresbolillo ×1 · 10 filas · az 0°",21-jun,540,47.6271,100.5563,0.0000,17,0.000000e+0,-55,1
20,"Zaragoza · llano · N-S rotula 2° · bifila · tresbolillo ×1 · 10 filas · az 0°",21-jun,560,51.2734,104.8355,0.0000,17,0.000000e+0,-55,1
20,"Zaragoza · llano · N-S rotula 2° · bifila · tresbolillo ×1 · 10 filas · az 0°",21-jun,580,54.8437,109.6272,0.0000,17,0.000000e+0,-55,1
20,"Zaragoza · llano · N-S rotula 2° · bifila · tresbolillo ×1 · 10 filas · az 0°",21-jun,600,58.3011,115.1015,0.0000,17,0.000000e+0,-55,1
20,"Zaragoza · llano · N-S rotula 2° · bifila · tresbolillo ×1 · 10 filas · az 0°",21-jun,620,61.5938,121.4838,0.0000,17,0.000000e+0,-55,1
20,"Zaragoza · llano · N-S rotula 2° · bifila · tresbolillo ×1 · 10 filas · az 0°",21-jun,640,64.6480,129.0638,0.0000,17,0.000000e+0,-55,1
20,"Zaragoza · llano · N-S rotula 2° · bifila · tresbolillo ×1 · 10 filas · az 0°",21-jun,660,67.3579,138.1801,0.0000,17,0.000000e+0,-55,1
20,"Zaragoza · llano · N-S rotula 2° · bifila · tresbolillo ×1 · 10 filas · az 0°",21-jun,680,69.5784,149.1387,0.0000,17,0.000000e+0,-55,1
20,"Zaragoza · llano · N-S rotula 2° · bifila · tresbolillo ×1 · 10 filas · az 0°",21-jun,700,71.1301,162.0059,0.0000,17,0.000000e+0,-55,1
20,"Zaragoza · llano · N-S rotula 2° · bifila · tresbolillo ×1 · 10 filas · az 0°",21-jun,720,71.8368,176.3074,0.0000,17,0.000000e+0,-55,1
20,"Zaragoza · llano · N-S rotula 2° · bifila · tresbolillo ×1 · 10 filas · az 0°",21-jun,740,71.5993,190.9409,0.0000,17,0.000000e+0,-55,1
20,"Zaragoza · llano · N-S rotula 2° · bifila · tresbolillo ×1 · 10 filas · az 0°",21-jun,760,70.4524,204.6300,0.0000,17,0.000000e+0,-55,1
20,"Zaragoza · llano · N-S rotula 2° · bifila · tresbolillo ×1 · 10 filas · az 0°",21-jun,780,68.5438,216.5649,0.0000,17,0.000000e+0,-55,1
20,"Zaragoza · llano · N-S rotula 2° · bifila · tresbolillo ×1 · 10 filas · az 0°",21-jun,800,66.0587,226.5756,0.0000,17,0.000000e+0,-55,1
20,"Zaragoza · llano · N-S rotula 2° · bifila · tresbolillo ×1 · 10 filas · az 0°",21-jun,820,63.1617,234.8830,0.0000,17,0.000000e+0,-55,1
20,"Zaragoza · llano · N-S rotula 2° · bifila · tresbolillo ×1 · 10 filas · az 0°",21-jun,840,59.9777,241.8261,0.0000,17,0.000000e+0,-55,1
20,"Zaragoza · llano · N-S rotula 2° · bifila · tresbolillo ×1 · 10 filas · az 0°",21-jun,860,56.5952,247.7238,0.0000,17,0.000000e+0,-55,1
20,"Zaragoza · llano · N-S rotula 2° · bifila · tresbolillo ×1 · 10 filas · az 0°",21-jun,880,53.0761,252.8336,0.0000,17,0.000000e+0,-55,1
20,"Zaragoza · llano · N-S rotula 2° · bifila · tresbolillo ×1 · 10 filas · az 0°",21-jun,900,49.4641,257.3516,0.0000,17,0.000000e+0,-55,1
20,"Zaragoza · llano · N-S rotula 2° · bifila · tresbolillo ×1 · 10 filas · az 0°",21-jun,920,45.7905,261.4251,0.0000,17,0.000000e+0,-55,1
20,"Zaragoza · llano · N-S rotula 2° · bifila · tresbolillo ×1 · 10 filas · az 0°",21-jun,940,42.0789,265.1644,0.0000,17,0.000000e+0,-55,1
20,"Zaragoza · llano · N-S rotula 2° · bifila · tresbolillo ×1 · 10 filas · az 0°",21-jun,960,38.3476,268.6535,0.0000,17,0.000000e+0,-55,1
20,"Zaragoza · llano · N-S rotula 2° · bifila · tresbolillo ×1 · 10 filas · az 0°",21-jun,980,34.6113,271.9575,0.0000,17,0.000000e+0,-55,1
20,"Zaragoza · llano · N-S rotula 2° · bifila · tresbolillo ×1 · 10 filas · az 0°",21-jun,1000,30.8827,275.1277,0.0000,17,0.000000e+0,-55,1
20,"Zaragoza · llano · N-S rotula 2° · bifila · tresbolillo ×1 · 10 filas · az 0°",21-jun,1020,27.1731,278.2058,0.0000,17,0.000000e+0,-55,1
20,"Zaragoza · llano · N-S rotula 2° · bifila · tresbolillo ×1 · 10 filas · az 0°",21-jun,1040,23.4930,281.2261,0.0000,17,0.000000e+0,-55,1
20,"Zaragoza · llano · N-S rotula 2° · bifila · tresbolillo ×1 · 10 filas · az 0°",21-jun,1060,19.8529,284.2181,0.0000,17,0.000000e+0,-41,1
20,"Zaragoza · llano · N-S rotula 2° · bifila · tresbolillo ×1 · 10 filas · az 0°",21-jun,1080,16.2635,287.2075,0.0000,17,0.000000e+0,-30,1
20,"Zaragoza · llano · N-S rotula 2° · bifila · tresbolillo ×1 · 10 filas · az 0°",21-jun,1100,12.7372,290.2173,0.0000,17,0.000000e+0,-22.5,1
20,"Zaragoza · llano · N-S rotula 2° · bifila · tresbolillo ×1 · 10 filas · az 0°",21-jun,1120,9.2889,293.2684,0.0000,17,0.000000e+0,-16,1
20,"Zaragoza · llano · N-S rotula 2° · bifila · tresbolillo ×1 · 10 filas · az 0°",21-jun,1140,5.9421,296.3805,0.0000,33,0.000000e+0,-10,1
20,"Zaragoza · llano · N-S rotula 2° · bifila · tresbolillo ×1 · 10 filas · az 0°",21-jun,1160,2.7509,299.5720,0.0000,33,0.000000e+0,-4.5,1
20,"Zaragoza · llano · N-S rotula 2° · bifila · tresbolillo ×1 · 10 filas · az 0°",21-mar,380,2.2529,91.3999,0.0000,33,0.000000e+0,-7.5,1
20,"Zaragoza · llano · N-S rotula 2° · bifila · tresbolillo ×1 · 10 filas · az 0°",21-mar,400,5.8504,94.7292,0.0000,33,0.000000e+0,-20.5,1
20,"Zaragoza · llano · N-S rotula 2° · bifila · tresbolillo ×1 · 10 filas · az 0°",21-mar,420,9.5200,98.1006,0.0000,17,0.000000e+0,-34,1
20,"Zaragoza · llano · N-S rotula 2° · bifila · tresbolillo ×1 · 10 filas · az 0°",21-mar,440,13.1842,101.5436,0.0000,17,0.000000e+0,-49,1
20,"Zaragoza · llano · N-S rotula 2° · bifila · tresbolillo ×1 · 10 filas · az 0°",21-mar,460,16.8132,105.0894,0.0000,17,0.000000e+0,-55,1
20,"Zaragoza · llano · N-S rotula 2° · bifila · tresbolillo ×1 · 10 filas · az 0°",21-mar,480,20.3859,108.7709,0.0000,17,0.000000e+0,-55,1
20,"Zaragoza · llano · N-S rotula 2° · bifila · tresbolillo ×1 · 10 filas · az 0°",21-mar,500,23.8823,112.6235,0.0000,17,0.000000e+0,-55,1
20,"Zaragoza · llano · N-S rotula 2° · bifila · tresbolillo ×1 · 10 filas · az 0°",21-mar,520,27.2812,116.6855,0.0000,17,0.000000e+0,-55,1
20,"Zaragoza · llano · N-S rotula 2° · bifila · tresbolillo ×1 · 10 filas · az 0°",21-mar,540,30.5584,120.9974,0.0000,17,0.000000e+0,-55,1
20,"Zaragoza · llano · N-S rotula 2° · bifila · tresbolillo ×1 · 10 filas · az 0°",21-mar,560,33.6866,125.6019,0.0000,17,0.000000e+0,-55,1
20,"Zaragoza · llano · N-S rotula 2° · bifila · tresbolillo ×1 · 10 filas · az 0°",21-mar,580,36.6339,130.5419,0.0000,17,0.000000e+0,-55,1
20,"Zaragoza · llano · N-S rotula 2° · bifila · tresbolillo ×1 · 10 filas · az 0°",21-mar,600,39.3642,135.8579,0.0000,17,0.000000e+0,-55,1
20,"Zaragoza · llano · N-S rotula 2° · bifila · tresbolillo ×1 · 10 filas · az 0°",21-mar,620,41.8362,141.5831,0.0000,17,0.000000e+0,-55,1
20,"Zaragoza · llano · N-S rotula 2° · bifila · tresbolillo ×1 · 10 filas · az 0°",21-mar,640,44.0046,147.7369,0.0000,17,0.000000e+0,-55,1
20,"Zaragoza · llano · N-S rotula 2° · bifila · tresbolillo ×1 · 10 filas · az 0°",21-mar,660,45.8219,154.3164,0.0000,17,0.000000e+0,-55,1
20,"Zaragoza · llano · N-S rotula 2° · bifila · tresbolillo ×1 · 10 filas · az 0°",21-mar,680,47.2408,161.2877,0.0000,17,0.000000e+0,-55,1
20,"Zaragoza · llano · N-S rotula 2° · bifila · tresbolillo ×1 · 10 filas · az 0°",21-mar,700,48.2189,168.5799,0.0000,17,0.000000e+0,-55,1
20,"Zaragoza · llano · N-S rotula 2° · bifila · tresbolillo ×1 · 10 filas · az 0°",21-mar,720,48.7237,176.0853,0.0000,17,0.000000e+0,-55,1
20,"Zaragoza · llano · N-S rotula 2° · bifila · tresbolillo ×1 · 10 filas · az 0°",21-mar,740,48.7373,183.6681,0.0000,17,0.000000e+0,-55,1
20,"Zaragoza · llano · N-S rotula 2° · bifila · tresbolillo ×1 · 10 filas · az 0°",21-mar,760,48.2591,191.1814,0.0000,17,0.000000e+0,-55,1
20,"Zaragoza · llano · N-S rotula 2° · bifila · tresbolillo ×1 · 10 filas · az 0°",21-mar,780,47.3064,198.4885,0.0000,17,0.000000e+0,-55,1
20,"Zaragoza · llano · N-S rotula 2° · bifila · tresbolillo ×1 · 10 filas · az 0°",21-mar,800,45.9109,205.4797,0.0000,17,0.000000e+0,-55,1
20,"Zaragoza · llano · N-S rotula 2° · bifila · tresbolillo ×1 · 10 filas · az 0°",21-mar,820,44.1149,212.0823,0.0000,17,0.000000e+0,-55,1
20,"Zaragoza · llano · N-S rotula 2° · bifila · tresbolillo ×1 · 10 filas · az 0°",21-mar,840,41.9653,218.2604,0.0000,17,0.000000e+0,-55,1
20,"Zaragoza · llano · N-S rotula 2° · bifila · tresbolillo ×1 · 10 filas · az 0°",21-mar,860,39.5099,224.0098,0.0000,17,0.000000e+0,-55,1
20,"Zaragoza · llano · N-S rotula 2° · bifila · tresbolillo ×1 · 10 filas · az 0°",21-mar,880,36.7942,229.3489,0.0000,17,0.000000e+0,-55,1
20,"Zaragoza · llano · N-S rotula 2° · bifila · tresbolillo ×1 · 10 filas · az 0°",21-mar,900,33.8596,234.3105,0.0000,17,0.000000e+0,-55,1
20,"Zaragoza · llano · N-S rotula 2° · bifila · tresbolillo ×1 · 10 filas · az 0°",21-mar,920,30.7428,238.9347,0.0000,17,0.000000e+0,-55,1
20,"Zaragoza · llano · N-S rotula 2° · bifila · tresbolillo ×1 · 10 filas · az 0°",21-mar,940,27.4756,243.2645,0.0000,17,0.000000e+0,-55,1
20,"Zaragoza · llano · N-S rotula 2° · bifila · tresbolillo ×1 · 10 filas · az 0°",21-mar,960,24.0859,247.3426,0.0000,17,0.000000e+0,-55,1
20,"Zaragoza · llano · N-S rotula 2° · bifila · tresbolillo ×1 · 10 filas · az 0°",21-mar,980,20.5978,251.2099,0.0000,17,0.000000e+0,-46.5,1
20,"Zaragoza · llano · N-S rotula 2° · bifila · tresbolillo ×1 · 10 filas · az 0°",21-mar,1000,17.0327,254.9045,0.0000,17,0.000000e+0,-32,1
20,"Zaragoza · llano · N-S rotula 2° · bifila · tresbolillo ×1 · 10 filas · az 0°",21-mar,1020,13.4108,258.4622,0.0000,17,0.000000e+0,-22.5,1
20,"Zaragoza · llano · N-S rotula 2° · bifila · tresbolillo ×1 · 10 filas · az 0°",21-mar,1040,9.7530,261.9160,0.0000,17,0.000000e+0,-15.5,1
20,"Zaragoza · llano · N-S rotula 2° · bifila · tresbolillo ×1 · 10 filas · az 0°",21-mar,1060,6.0879,265.2972,0.0000,17,0.000000e+0,-9,1
20,"Zaragoza · llano · N-S rotula 2° · bifila · tresbolillo ×1 · 10 filas · az 0°",21-mar,1080,2.4866,268.6354,0.0000,33,0.000000e+0,-3.5,1
20,"Zaragoza · llano · N-S rotula 2° · bifila · tresbolillo ×1 · 10 filas · az 0°",21-dic,480,4.5444,126.9401,0.0000,33,0.000000e+0,-20,1
20,"Zaragoza · llano · N-S rotula 2° · bifila · tresbolillo ×1 · 10 filas · az 0°",21-dic,500,7.4023,130.4970,0.0000,17,0.000000e+0,-34.5,1
20,"Zaragoza · llano · N-S rotula 2° · bifila · tresbolillo ×1 · 10 filas · az 0°",21-dic,520,10.1358,134.1991,0.0000,17,0.000000e+0,-51.5,1
20,"Zaragoza · llano · N-S rotula 2° · bifila · tresbolillo ×1 · 10 filas · az 0°",21-dic,540,12.7098,138.0581,0.0000,17,0.000000e+0,-55,1
20,"Zaragoza · llano · N-S rotula 2° · bifila · tresbolillo ×1 · 10 filas · az 0°",21-dic,560,15.0987,142.0828,0.0000,17,0.000000e+0,-55,1
20,"Zaragoza · llano · N-S rotula 2° · bifila · tresbolillo ×1 · 10 filas · az 0°",21-dic,580,17.2795,146.2782,0.0000,17,0.000000e+0,-55,1
20,"Zaragoza · llano · N-S rotula 2° · bifila · tresbolillo ×1 · 10 filas · az 0°",21-dic,600,19.2301,150.6447,0.0000,17,0.000000e+0,-55,1
20,"Zaragoza · llano · N-S rotula 2° · bifila · tresbolillo ×1 · 10 filas · az 0°",21-dic,620,20.9291,155.1771,0.0000,17,0.000000e+0,-55,1
20,"Zaragoza · llano · N-S rotula 2° · bifila · tresbolillo ×1 · 10 filas · az 0°",21-dic,640,22.3561,159.8636,0.0000,17,0.000000e+0,-55,1
20,"Zaragoza · llano · N-S rotula 2° · bifila · tresbolillo ×1 · 10 filas · az 0°",21-dic,660,23.4927,164.6856,0.0000,17,0.000000e+0,-55,1
20,"Zaragoza · llano · N-S rotula 2° · bifila · tresbolillo ×1 · 10 filas · az 0°",21-dic,680,24.3230,169.6174,0.0000,17,0.000000e+0,-55,1
20,"Zaragoza · llano · N-S rotula 2° · bifila · tresbolillo ×1 · 10 filas · az 0°",21-dic,700,24.8347,174.6273,0.0000,17,0.000000e+0,-55,1
20,"Zaragoza · llano · N-S rotula 2° · bifila · tresbolillo ×1 · 10 filas · az 0°",21-dic,720,25.0202,179.6788,0.0000,17,0.000000e+0,-55,1
20,"Zaragoza · llano · N-S rotula 2° · bifila · tresbolillo ×1 · 10 filas · az 0°",21-dic,740,24.8764,184.7327,0.0000,17,0.000000e+0,-55,1
20,"Zaragoza · llano · N-S rotula 2° · bifila · tresbolillo ×1 · 10 filas · az 0°",21-dic,760,24.4057,189.7500,0.0000,17,0.000000e+0,-55,1
20,"Zaragoza · llano · N-S rotula 2° · bifila · tresbolillo ×1 · 10 filas · az 0°",21-dic,780,23.6152,194.6936,0.0000,17,0.000000e+0,-55,1
20,"Zaragoza · llano · N-S rotula 2° · bifila · tresbolillo ×1 · 10 filas · az 0°",21-dic,800,22.5166,199.5310,0.0000,17,0.000000e+0,-55,1
20,"Zaragoza · llano · N-S rotula 2° · bifila · tresbolillo ×1 · 10 filas · az 0°",21-dic,820,21.1254,204.2358,0.0000,17,0.000000e+0,-55,1
20,"Zaragoza · llano · N-S rotula 2° · bifila · tresbolillo ×1 · 10 filas · az 0°",21-dic,840,19.4598,208.7885,0.0000,17,0.000000e+0,-55,1
20,"Zaragoza · llano · N-S rotula 2° · bifila · tresbolillo ×1 · 10 filas · az 0°",21-dic,860,17.5399,213.1765,0.0000,17,0.000000e+0,-55,1
20,"Zaragoza · llano · N-S rotula 2° · bifila · tresbolillo ×1 · 10 filas · az 0°",21-dic,880,15.3871,217.3936,0.0000,17,0.000000e+0,-55,1
20,"Zaragoza · llano · N-S rotula 2° · bifila · tresbolillo ×1 · 10 filas · az 0°",21-dic,900,13.0234,221.4397,0.0000,17,0.000000e+0,-36.5,1
20,"Zaragoza · llano · N-S rotula 2° · bifila · tresbolillo ×1 · 10 filas · az 0°",21-dic,920,10.4715,225.3193,0.0000,17,0.000000e+0,-24.5,1
20,"Zaragoza · llano · N-S rotula 2° · bifila · tresbolillo ×1 · 10 filas · az 0°",21-dic,940,7.7566,229.0407,0.0000,17,0.000000e+0,-16,1
20,"Zaragoza · llano · N-S rotula 2° · bifila · tresbolillo ×1 · 10 filas · az 0°",21-dic,960,4.9112,232.6152,0.0000,33,0.000000e+0,-9.5,1
20,"Zaragoza · llano · N-S rotula 2° · bifila · tresbolillo ×1 · 10 filas · az 0°",21-dic,980,2.0112,236.0562,0.0000,33,0.000000e+0,-3.5,1
21,"Zaragoza · pendiente 10 · N-S senoidal 4° · mono · medios ×1 · 6 filas · az 15°",21-jun,300,4.3153,62.0288,6.9282,64,2.448860e-2,-5,0
21,"Zaragoza · pendiente 10 · N-S senoidal 4° · mono · medios ×1 · 6 filas · az 15°",21-jun,320,7.5953,65.1785,6.9282,33,0.000000e+0,-12.5,1
21,"Zaragoza · pendiente 10 · N-S senoidal 4° · mono · medios ×1 · 6 filas · az 15°",21-jun,340,10.9965,68.2578,6.9282,33,0.000000e+0,-16.5,1
21,"Zaragoza · pendiente 10 · N-S senoidal 4° · mono · medios ×1 · 6 filas · az 15°",21-jun,360,14.4858,71.2858,6.9282,33,0.000000e+0,-20,1
21,"Zaragoza · pendiente 10 · N-S senoidal 4° · mono · medios ×1 · 6 filas · az 15°",21-jun,380,18.0452,74.2827,6.9282,33,0.000000e+0,-22.5,1
21,"Zaragoza · pendiente 10 · N-S senoidal 4° · mono · medios ×1 · 6 filas · az 15°",21-jun,400,21.6612,77.2704,6.9282,33,0.000000e+0,-25.5,1
21,"Zaragoza · pendiente 10 · N-S senoidal 4° · mono · medios ×1 · 6 filas · az 15°",21-jun,420,25.3226,80.2731,6.9282,33,0.000000e+0,-37,1
21,"Zaragoza · pendiente 10 · N-S senoidal 4° · mono · medios ×1 · 6 filas · az 15°",21-jun,440,29.0187,83.3183,6.9282,33,0.000000e+0,-49,1
21,"Zaragoza · pendiente 10 · N-S senoidal 4° · mono · medios ×1 · 6 filas · az 15°",21-jun,460,32.7391,86.4376,6.9282,33,0.000000e+0,-55,1
21,"Zaragoza · pendiente 10 · N-S senoidal 4° · mono · medios ×1 · 6 filas · az 15°",21-jun,480,36.4729,89.6687,6.9282,33,0.000000e+0,-55,1
21,"Zaragoza · pendiente 10 · N-S senoidal 4° · mono · medios ×1 · 6 filas · az 15°",21-jun,500,40.2084,93.0578,6.9282,33,0.000000e+0,-55,1
21,"Zaragoza · pendiente 10 · N-S senoidal 4° · mono · medios ×1 · 6 filas · az 15°",21-jun,520,43.9319,96.6624,6.9282,33,0.000000e+0,-55,1
21,"Zaragoza · pendiente 10 · N-S senoidal 4° · mono · medios ×1 · 6 filas · az 15°",21-jun,540,47.6271,100.5563,6.9282,33,0.000000e+0,-55,1
21,"Zaragoza · pendiente 10 · N-S senoidal 4° · mono · medios ×1 · 6 filas · az 15°",21-jun,560,51.2734,104.8355,6.9282,33,0.000000e+0,-55,1
21,"Zaragoza · pendiente 10 · N-S senoidal 4° · mono · medios ×1 · 6 filas · az 15°",21-jun,580,54.8437,109.6272,6.9282,33,0.000000e+0,-55,1
21,"Zaragoza · pendiente 10 · N-S senoidal 4° · mono · medios ×1 · 6 filas · az 15°",21-jun,600,58.3011,115.1015,6.9282,33,0.000000e+0,-55,1
21,"Zaragoza · pendiente 10 · N-S senoidal 4° · mono · medios ×1 · 6 filas · az 15°",21-jun,620,61.5938,121.4838,6.9282,33,0.000000e+0,-55,1
21,"Zaragoza · pendiente 10 · N-S senoidal 4° · mono · medios ×1 · 6 filas · az 15°",21-jun,640,64.6480,129.0638,6.9282,33,0.000000e+0,-55,1
21,"Zaragoza · pendiente 10 · N-S senoidal 4° · mono · medios ×1 · 6 filas · az 15°",21-jun,660,67.3579,138.1801,6.9282,33,0.000000e+0,-55,1
21,"Zaragoza · pendiente 10 · N-S senoidal 4° · mono · medios ×1 · 6 filas · az 15°",21-jun,680,69.5784,149.1387,6.9282,33,0.000000e+0,-55,1
21,"Zaragoza · pendiente 10 · N-S senoidal 4° · mono · medios ×1 · 6 filas · az 15°",21-jun,700,71.1301,162.0059,6.9282,33,0.000000e+0,-55,1
21,"Zaragoza · pendiente 10 · N-S senoidal 4° · mono · medios ×1 · 6 filas · az 15°",21-jun,720,71.8368,176.3074,6.9282,33,0.000000e+0,-55,1
21,"Zaragoza · pendiente 10 · N-S senoidal 4° · mono · medios ×1 · 6 filas · az 15°",21-jun,740,71.5993,190.9409,6.9282,33,0.000000e+0,-55,1
21,"Zaragoza · pendiente 10 · N-S senoidal 4° · mono · medios ×1 · 6 filas · az 15°",21-jun,760,70.4524,204.6300,6.9282,33,0.000000e+0,-55,1
21,"Zaragoza · pendiente 10 · N-S senoidal 4° · mono · medios ×1 · 6 filas · az 15°",21-jun,780,68.5438,216.5649,6.9282,33,0.000000e+0,-55,1
21,"Zaragoza · pendiente 10 · N-S senoidal 4° · mono · medios ×1 · 6 filas · az 15°",21-jun,800,66.0587,226.5756,6.9282,33,0.000000e+0,-55,1
21,"Zaragoza · pendiente 10 · N-S senoidal 4° · mono · medios ×1 · 6 filas · az 15°",21-jun,820,63.1617,234.8830,6.9282,33,0.000000e+0,-55,1
21,"Zaragoza · pendiente 10 · N-S senoidal 4° · mono · medios ×1 · 6 filas · az 15°",21-jun,840,59.9777,241.8261,6.9282,33,0.000000e+0,-55,1
21,"Zaragoza · pendiente 10 · N-S senoidal 4° · mono · medios ×1 · 6 filas · az 15°",21-jun,860,56.5952,247.7238,6.9282,33,0.000000e+0,-55,1
21,"Zaragoza · pendiente 10 · N-S senoidal 4° · mono · medios ×1 · 6 filas · az 15°",21-jun,880,53.0761,252.8336,6.9282,33,0.000000e+0,-55,1
21,"Zaragoza · pendiente 10 · N-S senoidal 4° · mono · medios ×1 · 6 filas · az 15°",21-jun,900,49.4641,257.3516,6.9282,33,0.000000e+0,2.5,1
21,"Zaragoza · pendiente 10 · N-S senoidal 4° · mono · medios ×1 · 6 filas · az 15°",21-jun,920,45.7905,261.4251,6.9282,33,0.000000e+0,18,1
21,"Zaragoza · pendiente 10 · N-S senoidal 4° · mono · medios ×1 · 6 filas · az 15°",21-jun,940,42.0789,265.1644,6.9282,33,0.000000e+0,29.5,1
21,"Zaragoza · pendiente 10 · N-S senoidal 4° · mono · medios ×1 · 6 filas · az 15°",21-jun,960,38.3476,268.6535,6.9282,33,0.000000e+0,39.5,1
21,"Zaragoza · pendiente 10 · N-S senoidal 4° · mono · medios ×1 · 6 filas · az 15°",21-jun,980,34.6113,271.9575,6.9282,33,0.000000e+0,35,1
21,"Zaragoza · pendiente 10 · N-S senoidal 4° · mono · medios ×1 · 6 filas · az 15°",21-jun,1000,30.8827,275.1277,6.9282,33,0.000000e+0,31.5,1
21,"Zaragoza · pendiente 10 · N-S senoidal 4° · mono · medios ×1 · 6 filas · az 15°",21-jun,1020,27.1731,278.2058,6.9282,33,0.000000e+0,27,1
21,"Zaragoza · pendiente 10 · N-S senoidal 4° · mono · medios ×1 · 6 filas · az 15°",21-jun,1040,23.4930,281.2261,6.9282,33,8.503500e-3,23.5,0
21,"Zaragoza · pendiente 10 · N-S senoidal 4° · mono · medios ×1 · 6 filas · az 15°",21-jun,1060,19.8529,284.2181,6.9282,33,0.000000e+0,19.5,1
21,"Zaragoza · pendiente 10 · N-S senoidal 4° · mono · medios ×1 · 6 filas · az 15°",21-jun,1080,16.2635,287.2075,6.9282,33,0.000000e+0,16.5,1
21,"Zaragoza · pendiente 10 · N-S senoidal 4° · mono · medios ×1 · 6 filas · az 15°",21-jun,1100,12.7372,290.2173,6.9282,33,1.012796e-2,12.5,0
21,"Zaragoza · pendiente 10 · N-S senoidal 4° · mono · medios ×1 · 6 filas · az 15°",21-jun,1120,9.2889,293.2684,6.9282,33,1.496283e-2,9,0
21,"Zaragoza · pendiente 10 · N-S senoidal 4° · mono · medios ×1 · 6 filas · az 15°",21-jun,1140,5.9421,296.3805,6.9282,64,1.331133e-2,5.5,0
21,"Zaragoza · pendiente 10 · N-S senoidal 4° · mono · medios ×1 · 6 filas · az 15°",21-jun,1160,2.7509,299.5720,6.9282,64,1.896786e-2,2,0
21,"Zaragoza · pendiente 10 · N-S senoidal 4° · mono · medios ×1 · 6 filas · az 15°",21-mar,380,2.2529,91.3999,6.9282,64,8.922451e-3,-2,0
21,"Zaragoza · pendiente 10 · N-S senoidal 4° · mono · medios ×1 · 6 filas · az 15°",21-mar,400,5.8504,94.7292,6.9282,64,1.469539e-2,-5.5,0
21,"Zaragoza · pendiente 10 · N-S senoidal 4° · mono · medios ×1 · 6 filas · az 15°",21-mar,420,9.5200,98.1006,6.9282,33,0.000000e+0,-10.5,1
21,"Zaragoza · pendiente 10 · N-S senoidal 4° · mono · medios ×1 · 6 filas · az 15°",21-mar,440,13.1842,101.5436,6.9282,33,0.000000e+0,-14,1
21,"Zaragoza · pendiente 10 · N-S senoidal 4° · mono · medios ×1 · 6 filas · az 15°",21-mar,460,16.8132,105.0894,6.9282,33,8.230696e-3,-17,0
21,"Zaragoza · pendiente 10 · N-S senoidal 4° · mono · medios ×1 · 6 filas · az 15°",21-mar,480,20.3859,108.7709,6.9282,33,0.000000e+0,-21,1
21,"Zaragoza · pendiente 10 · N-S senoidal 4° · mono · medios ×1 · 6 filas · az 15°",21-mar,500,23.8823,112.6235,6.9282,33,0.000000e+0,-24,1
21,"Zaragoza · pendiente 10 · N-S senoidal 4° · mono · medios ×1 · 6 filas · az 15°",21-mar,520,27.2812,116.6855,6.9282,33,0.000000e+0,-34.5,1
21,"Zaragoza · pendiente 10 · N-S senoidal 4° · mono · medios ×1 · 6 filas · az 15°",21-mar,540,30.5584,120.9974,6.9282,33,0.000000e+0,-53,1
21,"Zaragoza · pendiente 10 · N-S senoidal 4° · mono · medios ×1 · 6 filas · az 15°",21-mar,560,33.6866,125.6019,6.9282,33,0.000000e+0,-55,1
21,"Zaragoza · pendiente 10 · N-S senoidal 4° · mono · medios ×1 · 6 filas · az 15°",21-mar,580,36.6339,130.5419,6.9282,33,0.000000e+0,-55,1
21,"Zaragoza · pendiente 10 · N-S senoidal 4° · mono · medios ×1 · 6 filas · az 15°",21-mar,600,39.3642,135.8579,6.9282,33,0.000000e+0,-55,1
21,"Zaragoza · pendiente 10 · N-S senoidal 4° · mono · medios ×1 · 6 filas · az 15°",21-mar,620,41.8362,141.5831,6.9282,33,0.000000e+0,-55,1
21,"Zaragoza · pendiente 10 · N-S senoidal 4° · mono · medios ×1 · 6 filas · az 15°",21-mar,640,44.0046,147.7369,6.9282,33,0.000000e+0,-55,1
21,"Zaragoza · pendiente 10 · N-S senoidal 4° · mono · medios ×1 · 6 filas · az 15°",21-mar,660,45.8219,154.3164,6.9282,33,0.000000e+0,-55,1
21,"Zaragoza · pendiente 10 · N-S senoidal 4° · mono · medios ×1 · 6 filas · az 15°",21-mar,680,47.2408,161.2877,6.9282,33,0.000000e+0,-55,1
21,"Zaragoza · pendiente 10 · N-S senoidal 4° · mono · medios ×1 · 6 filas · az 15°",21-mar,700,48.2189,168.5799,6.9282,33,0.000000e+0,-55,1
21,"Zaragoza · pendiente 10 · N-S senoidal 4° · mono · medios ×1 · 6 filas · az 15°",21-mar,720,48.7237,176.0853,6.9282,33,0.000000e+0,-55,1
21,"Zaragoza · pendiente 10 · N-S senoidal 4° · mono · medios ×1 · 6 filas · az 15°",21-mar,740,48.7373,183.6681,6.9282,33,0.000000e+0,-55,1
21,"Zaragoza · pendiente 10 · N-S senoidal 4° · mono · medios ×1 · 6 filas · az 15°",21-mar,760,48.2591,191.1814,6.9282,33,0.000000e+0,-55,1
21,"Zaragoza · pendiente 10 · N-S senoidal 4° · mono · medios ×1 · 6 filas · az 15°",21-mar,780,47.3064,198.4885,6.9282,33,0.000000e+0,-55,1
21,"Zaragoza · pendiente 10 · N-S senoidal 4° · mono · medios ×1 · 6 filas · az 15°",21-mar,800,45.9109,205.4797,6.9282,33,0.000000e+0,-55,1
21,"Zaragoza · pendiente 10 · N-S senoidal 4° · mono · medios ×1 · 6 filas · az 15°",21-mar,820,44.1149,212.0823,6.9282,33,0.000000e+0,-55,1
21,"Zaragoza · pendiente 10 · N-S senoidal 4° · mono · medios ×1 · 6 filas · az 15°",21-mar,840,41.9653,218.2604,6.9282,33,0.000000e+0,-55,1
21,"Zaragoza · pendiente 10 · N-S senoidal 4° · mono · medios ×1 · 6 filas · az 15°",21-mar,860,39.5099,224.0098,6.9282,33,0.000000e+0,-55,1
21,"Zaragoza · pendiente 10 · N-S senoidal 4° · mono · medios ×1 · 6 filas · az 15°",21-mar,880,36.7942,229.3489,6.9282,33,0.000000e+0,-3,1
21,"Zaragoza · pendiente 10 · N-S senoidal 4° · mono · medios ×1 · 6 filas · az 15°",21-mar,900,33.8596,234.3105,6.9282,33,0.000000e+0,19,1
21,"Zaragoza · pendiente 10 · N-S senoidal 4° · mono · medios ×1 · 6 filas · az 15°",21-mar,920,30.7428,238.9347,6.9282,33,0.000000e+0,33.5,1
21,"Zaragoza · pendiente 10 · N-S senoidal 4° · mono · medios ×1 · 6 filas · az 15°",21-mar,940,27.4756,243.2645,6.9282,33,0.000000e+0,36.5,1
21,"Zaragoza · pendiente 10 · N-S senoidal 4° · mono · medios ×1 · 6 filas · az 15°",21-mar,960,24.0859,247.3426,6.9282,33,3.608417e-4,31.5,0
21,"Zaragoza · pendiente 10 · N-S senoidal 4° · mono · medios ×1 · 6 filas · az 15°",21-mar,980,20.5978,251.2099,6.9282,33,2.939243e-2,24.5,0
21,"Zaragoza · pendiente 10 · N-S senoidal 4° · mono · medios ×1 · 6 filas · az 15°",21-mar,1000,17.0327,254.9045,6.9282,33,1.905843e-2,19.5,0
21,"Zaragoza · pendiente 10 · N-S senoidal 4° · mono · medios ×1 · 6 filas · az 15°",21-mar,1020,13.4108,258.4622,6.9282,33,3.656500e-2,16.5,0
21,"Zaragoza · pendiente 10 · N-S senoidal 4° · mono · medios ×1 · 6 filas · az 15°",21-mar,1040,9.7530,261.9160,6.9282,33,3.049420e-2,10.5,0
21,"Zaragoza · pendiente 10 · N-S senoidal 4° · mono · medios ×1 · 6 filas · az 15°",21-mar,1060,6.0879,265.2972,6.9282,33,2.390927e-2,7,0
21,"Zaragoza · pendiente 10 · N-S senoidal 4° · mono · medios ×1 · 6 filas · az 15°",21-mar,1080,2.4866,268.6354,6.9282,64,2.005214e-2,3.5,0
21,"Zaragoza · pendiente 10 · N-S senoidal 4° · mono · medios ×1 · 6 filas · az 15°",21-dic,480,4.5444,126.9401,6.9282,64,1.252146e-2,-5.5,0
21,"Zaragoza · pendiente 10 · N-S senoidal 4° · mono · medios ×1 · 6 filas · az 15°",21-dic,500,7.4023,130.4970,6.9282,33,2.855017e-3,-8,0
21,"Zaragoza · pendiente 10 · N-S senoidal 4° · mono · medios ×1 · 6 filas · az 15°",21-dic,520,10.1358,134.1991,6.9282,33,0.000000e+0,-10.5,1
21,"Zaragoza · pendiente 10 · N-S senoidal 4° · mono · medios ×1 · 6 filas · az 15°",21-dic,540,12.7098,138.0581,6.9282,33,0.000000e+0,-13.5,1
21,"Zaragoza · pendiente 10 · N-S senoidal 4° · mono · medios ×1 · 6 filas · az 15°",21-dic,560,15.0987,142.0828,6.9282,33,0.000000e+0,-17,1
21,"Zaragoza · pendiente 10 · N-S senoidal 4° · mono · medios ×1 · 6 filas · az 15°",21-dic,580,17.2795,146.2782,6.9282,33,0.000000e+0,-20,1
21,"Zaragoza · pendiente 10 · N-S senoidal 4° · mono · medios ×1 · 6 filas · az 15°",21-dic,600,19.2301,150.6447,6.9282,33,0.000000e+0,-40,1
21,"Zaragoza · pendiente 10 · N-S senoidal 4° · mono · medios ×1 · 6 filas · az 15°",21-dic,620,20.9291,155.1771,6.9282,33,0.000000e+0,-55,1
21,"Zaragoza · pendiente 10 · N-S senoidal 4° · mono · medios ×1 · 6 filas · az 15°",21-dic,640,22.3561,159.8636,6.9282,33,0.000000e+0,-55,1
21,"Zaragoza · pendiente 10 · N-S senoidal 4° · mono · medios ×1 · 6 filas · az 15°",21-dic,660,23.4927,164.6856,6.9282,33,0.000000e+0,-55,1
21,"Zaragoza · pendiente 10 · N-S senoidal 4° · mono · medios ×1 · 6 filas · az 15°",21-dic,680,24.3230,169.6174,6.9282,33,0.000000e+0,-55,1
21,"Zaragoza · pendiente 10 · N-S senoidal 4° · mono · medios ×1 · 6 filas · az 15°",21-dic,700,24.8347,174.6273,6.9282,33,0.000000e+0,-55,1
21,"Zaragoza · pendiente 10 · N-S senoidal 4° · mono · medios ×1 · 6 filas · az 15°",21-dic,720,25.0202,179.6788,6.9282,33,0.000000e+0,-55,1
21,"Zaragoza · pendiente 10 · N-S senoidal 4° · mono · medios ×1 · 6 filas · az 15°",21-dic,740,24.8764,184.7327,6.9282,33,0.000000e+0,-55,1
21,"Zaragoza · pendiente 10 · N-S senoidal 4° · mono · medios ×1 · 6 filas · az 15°",21-dic,760,24.4057,189.7500,6.9282,33,0.000000e+0,-55,1
21,"Zaragoza · pendiente 10 · N-S senoidal 4° · mono · medios ×1 · 6 filas · az 15°",21-dic,780,23.6152,194.6936,6.9282,33,0.000000e+0,-55,1
21,"Zaragoza · pendiente 10 · N-S senoidal 4° · mono · medios ×1 · 6 filas · az 15°",21-dic,800,22.5166,199.5310,6.9282,33,0.000000e+0,-55,1
21,"Zaragoza · pendiente 10 · N-S senoidal 4° · mono · medios ×1 · 6 filas · az 15°",21-dic,820,21.1254,204.2358,6.9282,33,0.000000e+0,-55,1
21,"Zaragoza · pendiente 10 · N-S senoidal 4° · mono · medios ×1 · 6 filas · az 15°",21-dic,840,19.4598,208.7885,6.9282,33,0.000000e+0,-55,1
21,"Zaragoza · pendiente 10 · N-S senoidal 4° · mono · medios ×1 · 6 filas · az 15°",21-dic,860,17.5399,213.1765,6.9282,33,0.000000e+0,14.5,1
21,"Zaragoza · pendiente 10 · N-S senoidal 4° · mono · medios ×1 · 6 filas · az 15°",21-dic,880,15.3871,217.3936,6.9282,33,0.000000e+0,37.5,1
21,"Zaragoza · pendiente 10 · N-S senoidal 4° · mono · medios ×1 · 6 filas · az 15°",21-dic,900,13.0234,221.4397,6.9282,33,1.141828e-2,31,0
21,"Zaragoza · pendiente 10 · N-S senoidal 4° · mono · medios ×1 · 6 filas · az 15°",21-dic,920,10.4715,225.3193,6.9282,33,4.072722e-2,18.5,0
21,"Zaragoza · pendiente 10 · N-S senoidal 4° · mono · medios ×1 · 6 filas · az 15°",21-dic,940,7.7566,229.0407,6.9282,33,9.093057e-2,17.5,0
21,"Zaragoza · pendiente 10 · N-S senoidal 4° · mono · medios ×1 · 6 filas · az 15°",21-dic,960,4.9112,232.6152,6.9282,64,9.314373e-2,10.5,0
21,"Zaragoza · pendiente 10 · N-S senoidal 4° · mono · medios ×1 · 6 filas · az 15°",21-dic,980,2.0112,236.0562,6.9282,64,8.250504e-2,6.5,0
22,"Zaragoza · valle 1 · N-S constante 0° · quebrado · medios ×2 · 8 filas · az 15°",21-jun,300,4.3153,62.0288,0.0000,33,0.000000e+0,-13.5,1
22,"Zaragoza · valle 1 · N-S constante 0° · quebrado · medios ×2 · 8 filas · az 15°",21-jun,320,7.5953,65.1785,0.0000,17,0.000000e+0,-28,1
22,"Zaragoza · valle 1 · N-S constante 0° · quebrado · medios ×2 · 8 filas · az 15°",21-jun,340,10.9965,68.2578,0.0000,17,0.000000e+0,-42,1
22,"Zaragoza · valle 1 · N-S constante 0° · quebrado · medios ×2 · 8 filas · az 15°",21-jun,360,14.4858,71.2858,0.0000,17,0.000000e+0,-55,1
22,"Zaragoza · valle 1 · N-S constante 0° · quebrado · medios ×2 · 8 filas · az 15°",21-jun,380,18.0452,74.2827,0.0000,17,0.000000e+0,-55,1
22,"Zaragoza · valle 1 · N-S constante 0° · quebrado · medios ×2 · 8 filas · az 15°",21-jun,400,21.6612,77.2704,0.0000,17,0.000000e+0,-55,1
22,"Zaragoza · valle 1 · N-S constante 0° · quebrado · medios ×2 · 8 filas · az 15°",21-jun,420,25.3226,80.2731,0.0000,17,0.000000e+0,-55,1
22,"Zaragoza · valle 1 · N-S constante 0° · quebrado · medios ×2 · 8 filas · az 15°",21-jun,440,29.0187,83.3183,0.0000,17,0.000000e+0,-55,1
22,"Zaragoza · valle 1 · N-S constante 0° · quebrado · medios ×2 · 8 filas · az 15°",21-jun,460,32.7391,86.4376,0.0000,17,0.000000e+0,-55,1
22,"Zaragoza · valle 1 · N-S constante 0° · quebrado · medios ×2 · 8 filas · az 15°",21-jun,480,36.4729,89.6687,0.0000,17,0.000000e+0,-55,1
22,"Zaragoza · valle 1 · N-S constante 0° · quebrado · medios ×2 · 8 filas · az 15°",21-jun,500,40.2084,93.0578,0.0000,17,0.000000e+0,-55,1
22,"Zaragoza · valle 1 · N-S constante 0° · quebrado · medios ×2 · 8 filas · az 15°",21-jun,520,43.9319,96.6624,0.0000,17,0.000000e+0,-55,1
22,"Zaragoza · valle 1 · N-S constante 0° · quebrado · medios ×2 · 8 filas · az 15°",21-jun,540,47.6271,100.5563,0.0000,17,0.000000e+0,-55,1
22,"Zaragoza · valle 1 · N-S constante 0° · quebrado · medios ×2 · 8 filas · az 15°",21-jun,560,51.2734,104.8355,0.0000,17,0.000000e+0,-55,1
22,"Zaragoza · valle 1 · N-S constante 0° · quebrado · medios ×2 · 8 filas · az 15°",21-jun,580,54.8437,109.6272,0.0000,17,0.000000e+0,-55,1
22,"Zaragoza · valle 1 · N-S constante 0° · quebrado · medios ×2 · 8 filas · az 15°",21-jun,600,58.3011,115.1015,0.0000,17,0.000000e+0,-55,1
22,"Zaragoza · valle 1 · N-S constante 0° · quebrado · medios ×2 · 8 filas · az 15°",21-jun,620,61.5938,121.4838,0.0000,17,0.000000e+0,-55,1
22,"Zaragoza · valle 1 · N-S constante 0° · quebrado · medios ×2 · 8 filas · az 15°",21-jun,640,64.6480,129.0638,0.0000,17,0.000000e+0,-55,1
22,"Zaragoza · valle 1 · N-S constante 0° · quebrado · medios ×2 · 8 filas · az 15°",21-jun,660,67.3579,138.1801,0.0000,17,0.000000e+0,-55,1
22,"Zaragoza · valle 1 · N-S constante 0° · quebrado · medios ×2 · 8 filas · az 15°",21-jun,680,69.5784,149.1387,0.0000,17,0.000000e+0,-55,1
22,"Zaragoza · valle 1 · N-S constante 0° · quebrado · medios ×2 · 8 filas · az 15°",21-jun,700,71.1301,162.0059,0.0000,17,0.000000e+0,-55,1
22,"Zaragoza · valle 1 · N-S constante 0° · quebrado · medios ×2 · 8 filas · az 15°",21-jun,720,71.8368,176.3074,0.0000,17,0.000000e+0,-55,1
22,"Zaragoza · valle 1 · N-S constante 0° · quebrado · medios ×2 · 8 filas · az 15°",21-jun,740,71.5993,190.9409,0.0000,17,0.000000e+0,-55,1
22,"Zaragoza · valle 1 · N-S constante 0° · quebrado · medios ×2 · 8 filas · az 15°",21-jun,760,70.4524,204.6300,0.0000,17,0.000000e+0,-55,1
22,"Zaragoza · valle 1 · N-S constante 0° · quebrado · medios ×2 · 8 filas · az 15°",21-jun,780,68.5438,216.5649,0.0000,17,0.000000e+0,-55,1
22,"Zaragoza · valle 1 · N-S constante 0° · quebrado · medios ×2 · 8 filas · az 15°",21-jun,800,66.0587,226.5756,0.0000,17,0.000000e+0,-55,1
22,"Zaragoza · valle 1 · N-S constante 0° · quebrado · medios ×2 · 8 filas · az 15°",21-jun,820,63.1617,234.8830,0.0000,17,0.000000e+0,-55,1
22,"Zaragoza · valle 1 · N-S constante 0° · quebrado · medios ×2 · 8 filas · az 15°",21-jun,840,59.9777,241.8261,0.0000,17,0.000000e+0,-55,1
22,"Zaragoza · valle 1 · N-S constante 0° · quebrado · medios ×2 · 8 filas · az 15°",21-jun,860,56.5952,247.7238,0.0000,17,0.000000e+0,-55,1
22,"Zaragoza · valle 1 · N-S constante 0° · quebrado · medios ×2 · 8 filas · az 15°",21-jun,880,53.0761,252.8336,0.0000,17,0.000000e+0,-55,1
22,"Zaragoza · valle 1 · N-S constante 0° · quebrado · medios ×2 · 8 filas · az 15°",21-jun,900,49.4641,257.3516,0.0000,17,0.000000e+0,-55,1
22,"Zaragoza · valle 1 · N-S constante 0° · quebrado · medios ×2 · 8 filas · az 15°",21-jun,920,45.7905,261.4251,0.0000,17,0.000000e+0,-55,1
22,"Zaragoza · valle 1 · N-S constante 0° · quebrado · medios ×2 · 8 filas · az 15°",21-jun,940,42.0789,265.1644,0.0000,17,0.000000e+0,-55,1
22,"Zaragoza · valle 1 · N-S constante 0° · quebrado · medios ×2 · 8 filas · az 15°",21-jun,960,38.3476,268.6535,0.0000,17,0.000000e+0,-55,1
22,"Zaragoza · valle 1 · N-S constante 0° · quebrado · medios ×2 · 8 filas · az 15°",21-jun,980,34.6113,271.9575,0.0000,17,0.000000e+0,-55,1
22,"Zaragoza · valle 1 · N-S constante 0° · quebrado · medios ×2 · 8 filas · az 15°",21-jun,1000,30.8827,275.1277,0.0000,17,0.000000e+0,-55,1
22,"Zaragoza · valle 1 · N-S constante 0° · quebrado · medios ×2 · 8 filas · az 15°",21-jun,1020,27.1731,278.2058,0.0000,17,0.000000e+0,-55,1
22,"Zaragoza · valle 1 · N-S constante 0° · quebrado · medios ×2 · 8 filas · az 15°",21-jun,1040,23.4930,281.2261,0.0000,17,0.000000e+0,-40,1
22,"Zaragoza · valle 1 · N-S constante 0° · quebrado · medios ×2 · 8 filas · az 15°",21-jun,1060,19.8529,284.2181,0.0000,17,0.000000e+0,-28,1
22,"Zaragoza · valle 1 · N-S constante 0° · quebrado · medios ×2 · 8 filas · az 15°",21-jun,1080,16.2635,287.2075,0.0000,17,0.000000e+0,-19.5,1
22,"Zaragoza · valle 1 · N-S constante 0° · quebrado · medios ×2 · 8 filas · az 15°",21-jun,1100,12.7372,290.2173,0.0000,17,0.000000e+0,-13,1
22,"Zaragoza · valle 1 · N-S constante 0° · quebrado · medios ×2 · 8 filas · az 15°",21-jun,1120,9.2889,293.2684,0.0000,17,0.000000e+0,-7.5,1
22,"Zaragoza · valle 1 · N-S constante 0° · quebrado · medios ×2 · 8 filas · az 15°",21-jun,1140,5.9421,296.3805,0.0000,33,0.000000e+0,-2,1
22,"Zaragoza · valle 1 · N-S constante 0° · quebrado · medios ×2 · 8 filas · az 15°",21-jun,1160,2.7509,299.5720,0.0000,33,0.000000e+0,3,1
22,"Zaragoza · valle 1 · N-S constante 0° · quebrado · medios ×2 · 8 filas · az 15°",21-mar,380,2.2529,91.3999,0.0000,33,0.000000e+0,-3,1
22,"Zaragoza · valle 1 · N-S constante 0° · quebrado · medios ×2 · 8 filas · az 15°",21-mar,400,5.8504,94.7292,0.0000,33,0.000000e+0,-14,1
22,"Zaragoza · valle 1 · N-S constante 0° · quebrado · medios ×2 · 8 filas · az 15°",21-mar,420,9.5200,98.1006,0.0000,17,0.000000e+0,-27,1
22,"Zaragoza · valle 1 · N-S constante 0° · quebrado · medios ×2 · 8 filas · az 15°",21-mar,440,13.1842,101.5436,0.0000,17,0.000000e+0,-40.5,1
22,"Zaragoza · valle 1 · N-S constante 0° · quebrado · medios ×2 · 8 filas · az 15°",21-mar,460,16.8132,105.0894,0.0000,17,0.000000e+0,-54.5,1
22,"Zaragoza · valle 1 · N-S constante 0° · quebrado · medios ×2 · 8 filas · az 15°",21-mar,480,20.3859,108.7709,0.0000,17,0.000000e+0,-55,1
22,"Zaragoza · valle 1 · N-S constante 0° · quebrado · medios ×2 · 8 filas · az 15°",21-mar,500,23.8823,112.6235,0.0000,17,0.000000e+0,-55,1
22,"Zaragoza · valle 1 · N-S constante 0° · quebrado · medios ×2 · 8 filas · az 15°",21-mar,520,27.2812,116.6855,0.0000,17,0.000000e+0,-55,1
22,"Zaragoza · valle 1 · N-S constante 0° · quebrado · medios ×2 · 8 filas · az 15°",21-mar,540,30.5584,120.9974,0.0000,17,0.000000e+0,-55,1
22,"Zaragoza · valle 1 · N-S constante 0° · quebrado · medios ×2 · 8 filas · az 15°",21-mar,560,33.6866,125.6019,0.0000,17,0.000000e+0,-55,1
22,"Zaragoza · valle 1 · N-S constante 0° · quebrado · medios ×2 · 8 filas · az 15°",21-mar,580,36.6339,130.5419,0.0000,17,0.000000e+0,-55,1
22,"Zaragoza · valle 1 · N-S constante 0° · quebrado · medios ×2 · 8 filas · az 15°",21-mar,600,39.3642,135.8579,0.0000,17,0.000000e+0,-55,1
22,"Zaragoza · valle 1 · N-S constante 0° · quebrado · medios ×2 · 8 filas · az 15°",21-mar,620,41.8362,141.5831,0.0000,17,0.000000e+0,-55,1
22,"Zaragoza · valle 1 · N-S constante 0° · quebrado · medios ×2 · 8 filas · az 15°",21-mar,640,44.0046,147.7369,0.0000,17,0.000000e+0,-55,1
22,"Zaragoza · valle 1 · N-S constante 0° · quebrado · medios ×2 · 8 filas · az 15°",21-mar,660,45.8219,154.3164,0.0000,17,0.000000e+0,-55,1
22,"Zaragoza · valle 1 · N-S constante 0° · quebrado · medios ×2 · 8 filas · az 15°",21-mar,680,47.2408,161.2877,0.0000,17,0.000000e+0,-55,1
22,"Zaragoza · valle 1 · N-S constante 0° · quebrado · medios ×2 · 8 filas · az 15°",21-mar,700,48.2189,168.5799,0.0000,17,0.000000e+0,-55,1
22,"Zaragoza · valle 1 · N-S constante 0° · quebrado · medios ×2 · 8 filas · az 15°",21-mar,720,48.7237,176.0853,0.0000,17,0.000000e+0,-55,1
22,"Zaragoza · valle 1 · N-S constante 0° · quebrado · medios ×2 · 8 filas · az 15°",21-mar,740,48.7373,183.6681,0.0000,17,0.000000e+0,-55,1
22,"Zaragoza · valle 1 · N-S constante 0° · quebrado · medios ×2 · 8 filas · az 15°",21-mar,760,48.2591,191.1814,0.0000,17,0.000000e+0,-55,1
22,"Zaragoza · valle 1 · N-S constante 0° · quebrado · medios ×2 · 8 filas · az 15°",21-mar,780,47.3064,198.4885,0.0000,17,0.000000e+0,-55,1
22,"Zaragoza · valle 1 · N-S constante 0° · quebrado · medios ×2 · 8 filas · az 15°",21-mar,800,45.9109,205.4797,0.0000,17,0.000000e+0,-55,1
22,"Zaragoza · valle 1 · N-S constante 0° · quebrado · medios ×2 · 8 filas · az 15°",21-mar,820,44.1149,212.0823,0.0000,17,0.000000e+0,-55,1
22,"Zaragoza · valle 1 · N-S constante 0° · quebrado · medios ×2 · 8 filas · az 15°",21-mar,840,41.9653,218.2604,0.0000,17,0.000000e+0,-55,1
22,"Zaragoza · valle 1 · N-S constante 0° · quebrado · medios ×2 · 8 filas · az 15°",21-mar,860,39.5099,224.0098,0.0000,17,0.000000e+0,-55,1
22,"Zaragoza · valle 1 · N-S constante 0° · quebrado · medios ×2 · 8 filas · az 15°",21-mar,880,36.7942,229.3489,0.0000,17,0.000000e+0,-55,1
22,"Zaragoza · valle 1 · N-S constante 0° · quebrado · medios ×2 · 8 filas · az 15°",21-mar,900,33.8596,234.3105,0.0000,17,0.000000e+0,-55,1
22,"Zaragoza · valle 1 · N-S constante 0° · quebrado · medios ×2 · 8 filas · az 15°",21-mar,920,30.7428,238.9347,0.0000,17,0.000000e+0,-55,1
22,"Zaragoza · valle 1 · N-S constante 0° · quebrado · medios ×2 · 8 filas · az 15°",21-mar,940,27.4756,243.2645,0.0000,17,0.000000e+0,-55,1
22,"Zaragoza · valle 1 · N-S constante 0° · quebrado · medios ×2 · 8 filas · az 15°",21-mar,960,24.0859,247.3426,0.0000,17,0.000000e+0,-55,1
22,"Zaragoza · valle 1 · N-S constante 0° · quebrado · medios ×2 · 8 filas · az 15°",21-mar,980,20.5978,251.2099,0.0000,17,0.000000e+0,-43.5,1
22,"Zaragoza · valle 1 · N-S constante 0° · quebrado · medios ×2 · 8 filas · az 15°",21-mar,1000,17.0327,254.9045,0.0000,17,0.000000e+0,-27,1
22,"Zaragoza · valle 1 · N-S constante 0° · quebrado · medios ×2 · 8 filas · az 15°",21-mar,1020,13.4108,258.4622,0.0000,17,0.000000e+0,-17,1
22,"Zaragoza · valle 1 · N-S constante 0° · quebrado · medios ×2 · 8 filas · az 15°",21-mar,1040,9.7530,261.9160,0.0000,17,0.000000e+0,-9.5,1
22,"Zaragoza · valle 1 · N-S constante 0° · quebrado · medios ×2 · 8 filas · az 15°",21-mar,1060,6.0879,265.2972,0.0000,17,0.000000e+0,-2.5,1
22,"Zaragoza · valle 1 · N-S constante 0° · quebrado · medios ×2 · 8 filas · az 15°",21-mar,1080,2.4866,268.6354,0.0000,33,0.000000e+0,2.5,1
22,"Zaragoza · valle 1 · N-S constante 0° · quebrado · medios ×2 · 8 filas · az 15°",21-dic,480,4.5444,126.9401,0.0000,33,0.000000e+0,-10,1
22,"Zaragoza · valle 1 · N-S constante 0° · quebrado · medios ×2 · 8 filas · az 15°",21-dic,500,7.4023,130.4970,0.0000,17,0.000000e+0,-22,1
22,"Zaragoza · valle 1 · N-S constante 0° · quebrado · medios ×2 · 8 filas · az 15°",21-dic,520,10.1358,134.1991,0.0000,17,0.000000e+0,-34,1
22,"Zaragoza · valle 1 · N-S constante 0° · quebrado · medios ×2 · 8 filas · az 15°",21-dic,540,12.7098,138.0581,0.0000,17,0.000000e+0,-47.5,1
22,"Zaragoza · valle 1 · N-S constante 0° · quebrado · medios ×2 · 8 filas · az 15°",21-dic,560,15.0987,142.0828,0.0000,17,0.000000e+0,-55,1
22,"Zaragoza · valle 1 · N-S constante 0° · quebrado · medios ×2 · 8 filas · az 15°",21-dic,580,17.2795,146.2782,0.0000,17,0.000000e+0,-55,1
22,"Zaragoza · valle 1 · N-S constante 0° · quebrado · medios ×2 · 8 filas · az 15°",21-dic,600,19.2301,150.6447,0.0000,17,0.000000e+0,-55,1
22,"Zaragoza · valle 1 · N-S constante 0° · quebrado · medios ×2 · 8 filas · az 15°",21-dic,620,20.9291,155.1771,0.0000,17,0.000000e+0,-55,1
22,"Zaragoza · valle 1 · N-S constante 0° · quebrado · medios ×2 · 8 filas · az 15°",21-dic,640,22.3561,159.8636,0.0000,17,0.000000e+0,-55,1
22,"Zaragoza · valle 1 · N-S constante 0° · quebrado · medios ×2 · 8 filas · az 15°",21-dic,660,23.4927,164.6856,0.0000,17,0.000000e+0,-55,1
22,"Zaragoza · valle 1 · N-S constante 0° · quebrado · medios ×2 · 8 filas · az 15°",21-dic,680,24.3230,169.6174,0.0000,17,0.000000e+0,-55,1
22,"Zaragoza · valle 1 · N-S constante 0° · quebrado · medios ×2 · 8 filas · az 15°",21-dic,700,24.8347,174.6273,0.0000,17,0.000000e+0,-55,1
22,"Zaragoza · valle 1 · N-S constante 0° · quebrado · medios ×2 · 8 filas · az 15°",21-dic,720,25.0202,179.6788,0.0000,17,0.000000e+0,-55,1
22,"Zaragoza · valle 1 · N-S constante 0° · quebrado · medios ×2 · 8 filas · az 15°",21-dic,740,24.8764,184.7327,0.0000,17,0.000000e+0,-55,1
22,"Zaragoza · valle 1 · N-S constante 0° · quebrado · medios ×2 · 8 filas · az 15°",21-dic,760,24.4057,189.7500,0.0000,17,0.000000e+0,-55,1
22,"Zaragoza · valle 1 · N-S constante 0° · quebrado · medios ×2 · 8 filas · az 15°",21-dic,780,23.6152,194.6936,0.0000,17,0.000000e+0,-55,1
22,"Zaragoza · valle 1 · N-S constante 0° · quebrado · medios ×2 · 8 filas · az 15°",21-dic,800,22.5166,199.5310,0.0000,17,0.000000e+0,-55,1
22,"Zaragoza · valle 1 · N-S constante 0° · quebrado · medios ×2 · 8 filas · az 15°",21-dic,820,21.1254,204.2358,0.0000,17,0.000000e+0,-55,1
22,"Zaragoza · valle 1 · N-S constante 0° · quebrado · medios ×2 · 8 filas · az 15°",21-dic,840,19.4598,208.7885,0.0000,17,0.000000e+0,-55,1
22,"Zaragoza · valle 1 · N-S constante 0° · quebrado · medios ×2 · 8 filas · az 15°",21-dic,860,17.5399,213.1765,0.0000,17,0.000000e+0,-55,1
22,"Zaragoza · valle 1 · N-S constante 0° · quebrado · medios ×2 · 8 filas · az 15°",21-dic,880,15.3871,217.3936,0.0000,17,0.000000e+0,-55,1
22,"Zaragoza · valle 1 · N-S constante 0° · quebrado · medios ×2 · 8 filas · az 15°",21-dic,900,13.0234,221.4397,0.0000,17,0.000000e+0,-55,1
22,"Zaragoza · valle 1 · N-S constante 0° · quebrado · medios ×2 · 8 filas · az 15°",21-dic,920,10.4715,225.3193,0.0000,17,0.000000e+0,-28.5,1
22,"Zaragoza · valle 1 · N-S constante 0° · quebrado · medios ×2 · 8 filas · az 15°",21-dic,940,7.7566,229.0407,0.0000,17,0.000000e+0,-14.5,1
22,"Zaragoza · valle 1 · N-S constante 0° · quebrado · medios ×2 · 8 filas · az 15°",21-dic,960,4.9112,232.6152,0.0000,33,0.000000e+0,-5,1
22,"Zaragoza · valle 1 · N-S constante 0° · quebrado · medios ×2 · 8 filas · az 15°",21-dic,980,2.0112,236.0562,0.0000,33,0.000000e+0,2.5,1
23,"Zaragoza · aleatorio 7 · N-S rotula 6° · quebrado · tresbolillo ×1 · 8 filas · az 0°",21-jun,300,4.3153,62.0288,0.0000,33,1.385593e-1,-4.5,0
23,"Zaragoza · aleatorio 7 · N-S rotula 6° · quebrado · tresbolillo ×1 · 8 filas · az 0°",21-jun,320,7.5953,65.1785,0.0000,17,2.413154e-2,-7.5,0
23,"Zaragoza · aleatorio 7 · N-S rotula 6° · quebrado · tresbolillo ×1 · 8 filas · az 0°",21-jun,340,10.9965,68.2578,0.0000,17,3.101487e-2,-11.5,0
23,"Zaragoza · aleatorio 7 · N-S rotula 6° · quebrado · tresbolillo ×1 · 8 filas · az 0°",21-jun,360,14.4858,71.2858,0.0000,17,2.741536e-2,-16,0
23,"Zaragoza · aleatorio 7 · N-S rotula 6° · quebrado · tresbolillo ×1 · 8 filas · az 0°",21-jun,380,18.0452,74.2827,0.0000,17,1.650886e-2,-18.5,0
23,"Zaragoza · aleatorio 7 · N-S rotula 6° · quebrado · tresbolillo ×1 · 8 filas · az 0°",21-jun,400,21.6612,77.2704,0.0000,17,0.000000e+0,-22.5,1
23,"Zaragoza · aleatorio 7 · N-S rotula 6° · quebrado · tresbolillo ×1 · 8 filas · az 0°",21-jun,420,25.3226,80.2731,0.0000,17,0.000000e+0,-27.5,1
23,"Zaragoza · aleatorio 7 · N-S rotula 6° · quebrado · tresbolillo ×1 · 8 filas · az 0°",21-jun,440,29.0187,83.3183,0.0000,17,0.000000e+0,-30,1
23,"Zaragoza · aleatorio 7 · N-S rotula 6° · quebrado · tresbolillo ×1 · 8 filas · az 0°",21-jun,460,32.7391,86.4376,0.0000,17,0.000000e+0,-42,1
23,"Zaragoza · aleatorio 7 · N-S rotula 6° · quebrado · tresbolillo ×1 · 8 filas · az 0°",21-jun,480,36.4729,89.6687,0.0000,17,0.000000e+0,-55,1
23,"Zaragoza · aleatorio 7 · N-S rotula 6° · quebrado · tresbolillo ×1 · 8 filas · az 0°",21-jun,500,40.2084,93.0578,0.0000,17,0.000000e+0,-55,1
23,"Zaragoza · aleatorio 7 · N-S rotula 6° · quebrado · tresbolillo ×1 · 8 filas · az 0°",21-jun,520,43.9319,96.6624,0.0000,17,0.000000e+0,-55,1
23,"Zaragoza · aleatorio 7 · N-S rotula 6° · quebrado · tresbolillo ×1 · 8 filas · az 0°",21-jun,540,47.6271,100.5563,0.0000,17,0.000000e+0,-55,1
23,"Zaragoza · aleatorio 7 · N-S rotula 6° · quebrado · tresbolillo ×1 · 8 filas · az 0°",21-jun,560,51.2734,104.8355,0.0000,17,0.000000e+0,-55,1
23,"Zaragoza · aleatorio 7 · N-S rotula 6° · quebrado · tresbolillo ×1 · 8 filas · az 0°",21-jun,580,54.8437,109.6272,0.0000,17,0.000000e+0,-55,1
23,"Zaragoza · aleatorio 7 · N-S rotula 6° · quebrado · tresbolillo ×1 · 8 filas · az 0°",21-jun,600,58.3011,115.1015,0.0000,17,0.000000e+0,-55,1
23,"Zaragoza · aleatorio 7 · N-S rotula 6° · quebrado · tresbolillo ×1 · 8 filas · az 0°",21-jun,620,61.5938,121.4838,0.0000,17,0.000000e+0,-55,1
23,"Zaragoza · aleatorio 7 · N-S rotula 6° · quebrado · tresbolillo ×1 · 8 filas · az 0°",21-jun,640,64.6480,129.0638,0.0000,17,0.000000e+0,-55,1
23,"Zaragoza · aleatorio 7 · N-S rotula 6° · quebrado · tresbolillo ×1 · 8 filas · az 0°",21-jun,660,67.3579,138.1801,0.0000,17,0.000000e+0,-55,1
23,"Zaragoza · aleatorio 7 · N-S rotula 6° · quebrado · tresbolillo ×1 · 8 filas · az 0°",21-jun,680,69.5784,149.1387,0.0000,17,0.000000e+0,-55,1
23,"Zaragoza · aleatorio 7 · N-S rotula 6° · quebrado · tresbolillo ×1 · 8 filas · az 0°",21-jun,700,71.1301,162.0059,0.0000,17,0.000000e+0,-55,1
23,"Zaragoza · aleatorio 7 · N-S rotula 6° · quebrado · tresbolillo ×1 · 8 filas · az 0°",21-jun,720,71.8368,176.3074,0.0000,17,0.000000e+0,-55,1
23,"Zaragoza · aleatorio 7 · N-S rotula 6° · quebrado · tresbolillo ×1 · 8 filas · az 0°",21-jun,740,71.5993,190.9409,0.0000,17,0.000000e+0,-55,1
23,"Zaragoza · aleatorio 7 · N-S rotula 6° · quebrado · tresbolillo ×1 · 8 filas · az 0°",21-jun,760,70.4524,204.6300,0.0000,17,0.000000e+0,-55,1
23,"Zaragoza · aleatorio 7 · N-S rotula 6° · quebrado · tresbolillo ×1 · 8 filas · az 0°",21-jun,780,68.5438,216.5649,0.0000,17,0.000000e+0,-55,1
23,"Zaragoza · aleatorio 7 · N-S rotula 6° · quebrado · tresbolillo ×1 · 8 filas · az 0°",21-jun,800,66.0587,226.5756,0.0000,17,0.000000e+0,-55,1
23,"Zaragoza · aleatorio 7 · N-S rotula 6° · quebrado · tresbolillo ×1 · 8 filas · az 0°",21-jun,820,63.1617,234.8830,0.0000,17,0.000000e+0,-55,1
23,"Zaragoza · aleatorio 7 · N-S rotula 6° · quebrado · tresbolillo ×1 · 8 filas · az 0°",21-jun,840,59.9777,241.8261,0.0000,17,0.000000e+0,-55,1
23,"Zaragoza · aleatorio 7 · N-S rotula 6° · quebrado · tresbolillo ×1 · 8 filas · az 0°",21-jun,860,56.5952,247.7238,0.0000,17,0.000000e+0,-55,1
23,"Zaragoza · aleatorio 7 · N-S rotula 6° · quebrado · tresbolillo ×1 · 8 filas · az 0°",21-jun,880,53.0761,252.8336,0.0000,17,0.000000e+0,-55,1
23,"Zaragoza · aleatorio 7 · N-S rotula 6° · quebrado · tresbolillo ×1 · 8 filas · az 0°",21-jun,900,49.4641,257.3516,0.0000,17,0.000000e+0,-13,1
23,"Zaragoza · aleatorio 7 · N-S rotula 6° · quebrado · tresbolillo ×1 · 8 filas · az 0°",21-jun,920,45.7905,261.4251,0.0000,17,0.000000e+0,2,1
23,"Zaragoza · aleatorio 7 · N-S rotula 6° · quebrado · tresbolillo ×1 · 8 filas · az 0°",21-jun,940,42.0789,265.1644,0.0000,17,0.000000e+0,12,1
23,"Zaragoza · aleatorio 7 · N-S rotula 6° · quebrado · tresbolillo ×1 · 8 filas · az 0°",21-jun,960,38.3476,268.6535,0.0000,17,0.000000e+0,20,1
23,"Zaragoza · aleatorio 7 · N-S rotula 6° · quebrado · tresbolillo ×1 · 8 filas · az 0°",21-jun,980,34.6113,271.9575,0.0000,17,0.000000e+0,27.5,1
23,"Zaragoza · aleatorio 7 · N-S rotula 6° · quebrado · tresbolillo ×1 · 8 filas · az 0°",21-jun,1000,30.8827,275.1277,0.0000,17,0.000000e+0,29,1
23,"Zaragoza · aleatorio 7 · N-S rotula 6° · quebrado · tresbolillo ×1 · 8 filas · az 0°",21-jun,1020,27.1731,278.2058,0.0000,17,0.000000e+0,26.5,1
23,"Zaragoza · aleatorio 7 · N-S rotula 6° · quebrado · tresbolillo ×1 · 8 filas · az 0°",21-jun,1040,23.4930,281.2261,0.0000,17,0.000000e+0,22.5,1
23,"Zaragoza · aleatorio 7 · N-S rotula 6° · quebrado · tresbolillo ×1 · 8 filas · az 0°",21-jun,1060,19.8529,284.2181,0.0000,17,1.966857e-2,19,0
23,"Zaragoza · aleatorio 7 · N-S rotula 6° · quebrado · tresbolillo ×1 · 8 filas · az 0°",21-jun,1080,16.2635,287.2075,0.0000,17,1.503664e-2,17,0
23,"Zaragoza · aleatorio 7 · N-S rotula 6° · quebrado · tresbolillo ×1 · 8 filas · az 0°",21-jun,1100,12.7372,290.2173,0.0000,17,1.631151e-2,15,0
23,"Zaragoza · aleatorio 7 · N-S rotula 6° · quebrado · tresbolillo ×1 · 8 filas · az 0°",21-jun,1120,9.2889,293.2684,0.0000,17,2.433314e-2,9.5,0
23,"Zaragoza · aleatorio 7 · N-S rotula 6° · quebrado · tresbolillo ×1 · 8 filas · az 0°",21-jun,1140,5.9421,296.3805,0.0000,33,2.180850e-2,7.5,0
23,"Zaragoza · aleatorio 7 · N-S rotula 6° · quebrado · tresbolillo ×1 · 8 filas · az 0°",21-jun,1160,2.7509,299.5720,0.0000,33,4.130538e-1,1.5,0
23,"Zaragoza · aleatorio 7 · N-S rotula 6° · quebrado · tresbolillo ×1 · 8 filas · az 0°",21-mar,380,2.2529,91.3999,0.0000,33,1.396385e-2,-2,0
23,"Zaragoza · aleatorio 7 · N-S rotula 6° · quebrado · tresbolillo ×1 · 8 filas · az 0°",21-mar,400,5.8504,94.7292,0.0000,33,7.715876e-3,-6,0
23,"Zaragoza · aleatorio 7 · N-S rotula 6° · quebrado · tresbolillo ×1 · 8 filas · az 0°",21-mar,420,9.5200,98.1006,0.0000,17,2.763106e-3,-9.5,0
23,"Zaragoza · aleatorio 7 · N-S rotula 6° · quebrado · tresbolillo ×1 · 8 filas · az 0°",21-mar,440,13.1842,101.5436,0.0000,17,0.000000e+0,-13.5,1
23,"Zaragoza · aleatorio 7 · N-S rotula 6° · quebrado · tresbolillo ×1 · 8 filas · az 0°",21-mar,460,16.8132,105.0894,0.0000,17,0.000000e+0,-17.5,1
23,"Zaragoza · aleatorio 7 · N-S rotula 6° · quebrado · tresbolillo ×1 · 8 filas · az 0°",21-mar,480,20.3859,108.7709,0.0000,17,3.898988e-3,-22.5,0
23,"Zaragoza · aleatorio 7 · N-S rotula 6° · quebrado · tresbolillo ×1 · 8 filas · az 0°",21-mar,500,23.8823,112.6235,0.0000,17,7.719233e-3,-24.5,0
23,"Zaragoza · aleatorio 7 · N-S rotula 6° · quebrado · tresbolillo ×1 · 8 filas · az 0°",21-mar,520,27.2812,116.6855,0.0000,17,0.000000e+0,-33,1
23,"Zaragoza · aleatorio 7 · N-S rotula 6° · quebrado · tresbolillo ×1 · 8 filas · az 0°",21-mar,540,30.5584,120.9974,0.0000,17,0.000000e+0,-51.5,1
23,"Zaragoza · aleatorio 7 · N-S rotula 6° · quebrado · tresbolillo ×1 · 8 filas · az 0°",21-mar,560,33.6866,125.6019,0.0000,17,0.000000e+0,-55,1
23,"Zaragoza · aleatorio 7 · N-S rotula 6° · quebrado · tresbolillo ×1 · 8 filas · az 0°",21-mar,580,36.6339,130.5419,0.0000,17,0.000000e+0,-55,1
23,"Zaragoza · aleatorio 7 · N-S rotula 6° · quebrado · tresbolillo ×1 · 8 filas · az 0°",21-mar,600,39.3642,135.8579,0.0000,17,0.000000e+0,-55,1
23,"Zaragoza · aleatorio 7 · N-S rotula 6° · quebrado · tresbolillo ×1 · 8 filas · az 0°",21-mar,620,41.8362,141.5831,0.0000,17,0.000000e+0,-55,1
23,"Zaragoza · aleatorio 7 · N-S rotula 6° · quebrado · tresbolillo ×1 · 8 filas · az 0°",21-mar,640,44.0046,147.7369,0.0000,17,0.000000e+0,-55,1
23,"Zaragoza · aleatorio 7 · N-S rotula 6° · quebrado · tresbolillo ×1 · 8 filas · az 0°",21-mar,660,45.8219,154.3164,0.0000,17,0.000000e+0,-55,1
23,"Zaragoza · aleatorio 7 · N-S rotula 6° · quebrado · tresbolillo ×1 · 8 filas · az 0°",21-mar,680,47.2408,161.2877,0.0000,17,0.000000e+0,-55,1
23,"Zaragoza · aleatorio 7 · N-S rotula 6° · quebrado · tresbolillo ×1 · 8 filas · az 0°",21-mar,700,48.2189,168.5799,0.0000,17,0.000000e+0,-55,1
23,"Zaragoza · aleatorio 7 · N-S rotula 6° · quebrado · tresbolillo ×1 · 8 filas · az 0°",21-mar,720,48.7237,176.0853,0.0000,17,0.000000e+0,-55,1
23,"Zaragoza · aleatorio 7 · N-S rotula 6° · quebrado · tresbolillo ×1 · 8 filas · az 0°",21-mar,740,48.7373,183.6681,0.0000,17,0.000000e+0,-55,1
23,"Zaragoza · aleatorio 7 · N-S rotula 6° · quebrado · tresbolillo ×1 · 8 filas · az 0°",21-mar,760,48.2591,191.1814,0.0000,17,0.000000e+0,-55,1
23,"Zaragoza · aleatorio 7 · N-S rotula 6° · quebrado · tresbolillo ×1 · 8 filas · az 0°",21-mar,780,47.3064,198.4885,0.0000,17,0.000000e+0,-55,1
23,"Zaragoza · aleatorio 7 · N-S rotula 6° · quebrado · tresbolillo ×1 · 8 filas · az 0°",21-mar,800,45.9109,205.4797,0.0000,17,0.000000e+0,-55,1
23,"Zaragoza · aleatorio 7 · N-S rotula 6° · quebrado · tresbolillo ×1 · 8 filas · az 0°",21-mar,820,44.1149,212.0823,0.0000,17,0.000000e+0,-55,1
23,"Zaragoza · aleatorio 7 · N-S rotula 6° · quebrado · tresbolillo ×1 · 8 filas · az 0°",21-mar,840,41.9653,218.2604,0.0000,17,0.000000e+0,-55,1
23,"Zaragoza · aleatorio 7 · N-S rotula 6° · quebrado · tresbolillo ×1 · 8 filas · az 0°",21-mar,860,39.5099,224.0098,0.0000,17,0.000000e+0,-19,1
23,"Zaragoza · aleatorio 7 · N-S rotula 6° · quebrado · tresbolillo ×1 · 8 filas · az 0°",21-mar,880,36.7942,229.3489,0.0000,17,0.000000e+0,4.5,1
23,"Zaragoza · aleatorio 7 · N-S rotula 6° · quebrado · tresbolillo ×1 · 8 filas · az 0°",21-mar,900,33.8596,234.3105,0.0000,17,0.000000e+0,18,1
23,"Zaragoza · aleatorio 7 · N-S rotula 6° · quebrado · tresbolillo ×1 · 8 filas · az 0°",21-mar,920,30.7428,238.9347,0.0000,17,0.000000e+0,28.5,1
23,"Zaragoza · aleatorio 7 · N-S rotula 6° · quebrado · tresbolillo ×1 · 8 filas · az 0°",21-mar,940,27.4756,243.2645,0.0000,17,0.000000e+0,28,1
23,"Zaragoza · aleatorio 7 · N-S rotula 6° · quebrado · tresbolillo ×1 · 8 filas · az 0°",21-mar,960,24.0859,247.3426,0.0000,17,0.000000e+0,23,1
23,"Zaragoza · aleatorio 7 · N-S rotula 6° · quebrado · tresbolillo ×1 · 8 filas · az 0°",21-mar,980,20.5978,251.2099,0.0000,17,1.235171e-3,20.5,0
23,"Zaragoza · aleatorio 7 · N-S rotula 6° · quebrado · tresbolillo ×1 · 8 filas · az 0°",21-mar,1000,17.0327,254.9045,0.0000,17,2.939667e-2,19.5,0
23,"Zaragoza · aleatorio 7 · N-S rotula 6° · quebrado · tresbolillo ×1 · 8 filas · az 0°",21-mar,1020,13.4108,258.4622,0.0000,17,0.000000e+0,13,1
23,"Zaragoza · aleatorio 7 · N-S rotula 6° · quebrado · tresbolillo ×1 · 8 filas · az 0°",21-mar,1040,9.7530,261.9160,0.0000,17,0.000000e+0,9,1
23,"Zaragoza · aleatorio 7 · N-S rotula 6° · quebrado · tresbolillo ×1 · 8 filas · az 0°",21-mar,1060,6.0879,265.2972,0.0000,17,2.517801e-2,6.5,0
23,"Zaragoza · aleatorio 7 · N-S rotula 6° · quebrado · tresbolillo ×1 · 8 filas · az 0°",21-mar,1080,2.4866,268.6354,0.0000,33,1.152267e-2,2.5,0
23,"Zaragoza · aleatorio 7 · N-S rotula 6° · quebrado · tresbolillo ×1 · 8 filas · az 0°",21-dic,480,4.5444,126.9401,0.0000,33,9.278483e-2,-1,0
23,"Zaragoza · aleatorio 7 · N-S rotula 6° · quebrado · tresbolillo ×1 · 8 filas · az 0°",21-dic,500,7.4023,130.4970,0.0000,17,3.754217e-2,-9.5,0
23,"Zaragoza · aleatorio 7 · N-S rotula 6° · quebrado · tresbolillo ×1 · 8 filas · az 0°",21-dic,520,10.1358,134.1991,0.0000,17,7.161917e-2,-13,0
23,"Zaragoza · aleatorio 7 · N-S rotula 6° · quebrado · tresbolillo ×1 · 8 filas · az 0°",21-dic,540,12.7098,138.0581,0.0000,17,1.698723e-2,-19,0
23,"Zaragoza · aleatorio 7 · N-S rotula 6° · quebrado · tresbolillo ×1 · 8 filas · az 0°",21-dic,560,15.0987,142.0828,0.0000,17,2.665047e-2,-24,0
23,"Zaragoza · aleatorio 7 · N-S rotula 6° · quebrado · tresbolillo ×1 · 8 filas · az 0°",21-dic,580,17.2795,146.2782,0.0000,17,0.000000e+0,-46.5,1
23,"Zaragoza · aleatorio 7 · N-S rotula 6° · quebrado · tresbolillo ×1 · 8 filas · az 0°",21-dic,600,19.2301,150.6447,0.0000,17,0.000000e+0,-55,1
23,"Zaragoza · aleatorio 7 · N-S rotula 6° · quebrado · tresbolillo ×1 · 8 filas · az 0°",21-dic,620,20.9291,155.1771,0.0000,17,0.000000e+0,-55,1
23,"Zaragoza · aleatorio 7 · N-S rotula 6° · quebrado · tresbolillo ×1 · 8 filas · az 0°",21-dic,640,22.3561,159.8636,0.0000,17,0.000000e+0,-55,1
23,"Zaragoza · aleatorio 7 · N-S rotula 6° · quebrado · tresbolillo ×1 · 8 filas · az 0°",21-dic,660,23.4927,164.6856,0.0000,17,0.000000e+0,-55,1
23,"Zaragoza · aleatorio 7 · N-S rotula 6° · quebrado · tresbolillo ×1 · 8 filas · az 0°",21-dic,680,24.3230,169.6174,0.0000,17,0.000000e+0,-55,1
23,"Zaragoza · aleatorio 7 · N-S rotula 6° · quebrado · tresbolillo ×1 · 8 filas · az 0°",21-dic,700,24.8347,174.6273,0.0000,17,0.000000e+0,-55,1
23,"Zaragoza · aleatorio 7 · N-S rotula 6° · quebrado · tresbolillo ×1 · 8 filas · az 0°",21-dic,720,25.0202,179.6788,0.0000,17,0.000000e+0,-55,1
23,"Zaragoza · aleatorio 7 · N-S rotula 6° · quebrado · tresbolillo ×1 · 8 filas · az 0°",21-dic,740,24.8764,184.7327,0.0000,17,0.000000e+0,-55,1
23,"Zaragoza · aleatorio 7 · N-S rotula 6° · quebrado · tresbolillo ×1 · 8 filas · az 0°",21-dic,760,24.4057,189.7500,0.0000,17,0.000000e+0,-55,1
23,"Zaragoza · aleatorio 7 · N-S rotula 6° · quebrado · tresbolillo ×1 · 8 filas · az 0°",21-dic,780,23.6152,194.6936,0.0000,17,0.000000e+0,-55,1
23,"Zaragoza · aleatorio 7 · N-S rotula 6° · quebrado · tresbolillo ×1 · 8 filas · az 0°",21-dic,800,22.5166,199.5310,0.0000,17,0.000000e+0,-55,1
23,"Zaragoza · aleatorio 7 · N-S rotula 6° · quebrado · tresbolillo ×1 · 8 filas · az 0°",21-dic,820,21.1254,204.2358,0.0000,17,0.000000e+0,-4,1
23,"Zaragoza · aleatorio 7 · N-S rotula 6° · quebrado · tresbolillo ×1 · 8 filas · az 0°",21-dic,840,19.4598,208.7885,0.0000,17,0.000000e+0,16,1
23,"Zaragoza · aleatorio 7 · N-S rotula 6° · quebrado · tresbolillo ×1 · 8 filas · az 0°",21-dic,860,17.5399,213.1765,0.0000,17,0.000000e+0,30,1
23,"Zaragoza · aleatorio 7 · N-S rotula 6° · quebrado · tresbolillo ×1 · 8 filas · az 0°",21-dic,880,15.3871,217.3936,0.0000,17,3.793158e-2,29.5,0
23,"Zaragoza · aleatorio 7 · N-S rotula 6° · quebrado · tresbolillo ×1 · 8 filas · az 0°",21-dic,900,13.0234,221.4397,0.0000,17,2.610678e-2,17.5,0
23,"Zaragoza · aleatorio 7 · N-S rotula 6° · quebrado · tresbolillo ×1 · 8 filas · az 0°",21-dic,920,10.4715,225.3193,0.0000,17,2.433206e-2,12.5,0
23,"Zaragoza · aleatorio 7 · N-S rotula 6° · quebrado · tresbolillo ×1 · 8 filas · az 0°",21-dic,940,7.7566,229.0407,0.0000,17,9.078739e-2,10,0
23,"Zaragoza · aleatorio 7 · N-S rotula 6° · quebrado · tresbolillo ×1 · 8 filas · az 0°",21-dic,960,4.9112,232.6152,0.0000,33,6.793235e-2,4.5,0
23,"Zaragoza · aleatorio 7 · N-S rotula 6° · quebrado · tresbolillo ×1 · 8 filas · az 0°",21-dic,980,2.0112,236.0562,0.0000,33,2.958416e-1,4.5,0
24,"Zaragoza · llano · N-S aleatorio 3° · bifila · tresbolillo ×2 · 10 filas · az 0°",21-jun,300,4.3153,62.0288,5.1440,64,2.308951e-2,-4,0
24,"Zaragoza · llano · N-S aleatorio 3° · bifila · tresbolillo ×2 · 10 filas · az 0°",21-jun,320,7.5953,65.1785,5.1440,33,1.211135e-2,-8,0
24,"Zaragoza · llano · N-S aleatorio 3° · bifila · tresbolillo ×2 · 10 filas · az 0°",21-jun,340,10.9965,68.2578,5.1440,33,1.315798e-3,-11.5,0
24,"Zaragoza · llano · N-S aleatorio 3° · bifila · tresbolillo ×2 · 10 filas · az 0°",21-jun,360,14.4858,71.2858,5.1440,33,1.100966e-2,-15,0
24,"Zaragoza · llano · N-S aleatorio 3° · bifila · tresbolillo ×2 · 10 filas · az 0°",21-jun,380,18.0452,74.2827,5.1440,33,4.734606e-3,-19,0
24,"Zaragoza · llano · N-S aleatorio 3° · bifila · tresbolillo ×2 · 10 filas · az 0°",21-jun,400,21.6612,77.2704,5.1440,33,0.000000e+0,-22.5,1
24,"Zaragoza · llano · N-S aleatorio 3° · bifila · tresbolillo ×2 · 10 filas · az 0°",21-jun,420,25.3226,80.2731,5.1440,33,0.000000e+0,-26,1
24,"Zaragoza · llano · N-S aleatorio 3° · bifila · tresbolillo ×2 · 10 filas · az 0°",21-jun,440,29.0187,83.3183,5.1440,33,0.000000e+0,-29.5,1
24,"Zaragoza · llano · N-S aleatorio 3° · bifila · tresbolillo ×2 · 10 filas · az 0°",21-jun,460,32.7391,86.4376,5.1440,33,0.000000e+0,-35.5,1
24,"Zaragoza · llano · N-S aleatorio 3° · bifila · tresbolillo ×2 · 10 filas · az 0°",21-jun,480,36.4729,89.6687,5.1440,33,0.000000e+0,-51,1
24,"Zaragoza · llano · N-S aleatorio 3° · bifila · tresbolillo ×2 · 10 filas · az 0°",21-jun,500,40.2084,93.0578,5.1440,33,0.000000e+0,-55,1
24,"Zaragoza · llano · N-S aleatorio 3° · bifila · tresbolillo ×2 · 10 filas · az 0°",21-jun,520,43.9319,96.6624,5.1440,33,0.000000e+0,-55,1
24,"Zaragoza · llano · N-S aleatorio 3° · bifila · tresbolillo ×2 · 10 filas · az 0°",21-jun,540,47.6271,100.5563,5.1440,33,0.000000e+0,-55,1
24,"Zaragoza · llano · N-S aleatorio 3° · bifila · tresbolillo ×2 · 10 filas · az 0°",21-jun,560,51.2734,104.8355,5.1440,33,0.000000e+0,-55,1
24,"Zaragoza · llano · N-S aleatorio 3° · bifila · tresbolillo ×2 · 10 filas · az 0°",21-jun,580,54.8437,109.6272,5.1440,33,0.000000e+0,-55,1
24,"Zaragoza · llano · N-S aleatorio 3° · bifila · tresbolillo ×2 · 10 filas · az 0°",21-jun,600,58.3011,115.1015,5.1440,33,0.000000e+0,-55,1
24,"Zaragoza · llano · N-S aleatorio 3° · bifila · tresbolillo ×2 · 10 filas · az 0°",21-jun,620,61.5938,121.4838,5.1440,33,0.000000e+0,-55,1
24,"Zaragoza · llano · N-S aleatorio 3° · bifila · tresbolillo ×2 · 10 filas · az 0°",21-jun,640,64.6480,129.0638,5.1440,33,0.000000e+0,-55,1
24,"Zaragoza · llano · N-S aleatorio 3° · bifila · tresbolillo ×2 · 10 filas · az 0°",21-jun,660,67.3579,138.1801,5.1440,33,0.000000e+0,-55,1
24,"Zaragoza · llano · N-S aleatorio 3° · bifila · tresbolillo ×2 · 10 filas · az 0°",21-jun,680,69.5784,149.1387,5.1440,33,0.000000e+0,-55,1
24,"Zaragoza · llano · N-S aleatorio 3° · bifila · tresbolillo ×2 · 10 filas · az 0°",21-jun,700,71.1301,162.0059,5.1440,33,0.000000e+0,-55,1
24,"Zaragoza · llano · N-S aleatorio 3° · bifila · tresbolillo ×2 · 10 filas · az 0°",21-jun,720,71.8368,176.3074,5.1440,33,0.000000e+0,-55,1
24,"Zaragoza · llano · N-S aleatorio 3° · bifila · tresbolillo ×2 · 10 filas · az 0°",21-jun,740,71.5993,190.9409,5.1440,33,0.000000e+0,-55,1
24,"Zaragoza · llano · N-S aleatorio 3° · bifila · tresbolillo ×2 · 10 filas · az 0°",21-jun,760,70.4524,204.6300,5.1440,33,0.000000e+0,-55,1
24,"Zaragoza · llano · N-S aleatorio 3° · bifila · tresbolillo ×2 · 10 filas · az 0°",21-jun,780,68.5438,216.5649,5.1440,33,0.000000e+0,-55,1
24,"Zaragoza · llano · N-S aleatorio 3° · bifila · tresbolillo ×2 · 10 filas · az 0°",21-jun,800,66.0587,226.5756,5.1440,33,0.000000e+0,-55,1
24,"Zaragoza · llano · N-S aleatorio 3° · bifila · tresbolillo ×2 · 10 filas · az 0°",21-jun,820,63.1617,234.8830,5.1440,33,0.000000e+0,-55,1
24,"Zaragoza · llano · N-S aleatorio 3° · bifila · tresbolillo ×2 · 10 filas · az 0°",21-jun,840,59.9777,241.8261,5.1440,33,0.000000e+0,-55,1
24,"Zaragoza · llano · N-S aleatorio 3° · bifila · tresbolillo ×2 · 10 filas · az 0°",21-jun,860,56.5952,247.7238,5.1440,33,0.000000e+0,-6.5,1
24,"Zaragoza · llano · N-S aleatorio 3° · bifila · tresbolillo ×2 · 10 filas · az 0°",21-jun,880,53.0761,252.8336,5.1440,33,0.000000e+0,14,1
24,"Zaragoza · llano · N-S aleatorio 3° · bifila · tresbolillo ×2 · 10 filas · az 0°",21-jun,900,49.4641,257.3516,5.1440,33,0.000000e+0,27,1
24,"Zaragoza · llano · N-S aleatorio 3° · bifila · tresbolillo ×2 · 10 filas · az 0°",21-jun,920,45.7905,261.4251,5.1440,33,0.000000e+0,38,1
24,"Zaragoza · llano · N-S aleatorio 3° · bifila · tresbolillo ×2 · 10 filas · az 0°",21-jun,940,42.0789,265.1644,5.1440,33,0.000000e+0,42,1
24,"Zaragoza · llano · N-S aleatorio 3° · bifila · tresbolillo ×2 · 10 filas · az 0°",21-jun,960,38.3476,268.6535,5.1440,33,0.000000e+0,38,1
24,"Zaragoza · llano · N-S aleatorio 3° · bifila · tresbolillo ×2 · 10 filas · az 0°",21-jun,980,34.6113,271.9575,5.1440,33,0.000000e+0,34,1
24,"Zaragoza · llano · N-S aleatorio 3° · bifila · tresbolillo ×2 · 10 filas · az 0°",21-jun,1000,30.8827,275.1277,5.1440,33,0.000000e+0,29.5,1
24,"Zaragoza · llano · N-S aleatorio 3° · bifila · tresbolillo ×2 · 10 filas · az 0°",21-jun,1020,27.1731,278.2058,5.1440,33,0.000000e+0,26,1
24,"Zaragoza · llano · N-S aleatorio 3° · bifila · tresbolillo ×2 · 10 filas · az 0°",21-jun,1040,23.4930,281.2261,5.1440,33,0.000000e+0,23.5,1
24,"Zaragoza · llano · N-S aleatorio 3° · bifila · tresbolillo ×2 · 10 filas · az 0°",21-jun,1060,19.8529,284.2181,5.1440,33,0.000000e+0,19.5,1
24,"Zaragoza · llano · N-S aleatorio 3° · bifila · tresbolillo ×2 · 10 filas · az 0°",21-jun,1080,16.2635,287.2075,5.1440,33,1.252484e-2,16,0
24,"Zaragoza · llano · N-S aleatorio 3° · bifila · tresbolillo ×2 · 10 filas · az 0°",21-jun,1100,12.7372,290.2173,5.1440,33,7.660761e-3,13.5,0
24,"Zaragoza · llano · N-S aleatorio 3° · bifila · tresbolillo ×2 · 10 filas · az 0°",21-jun,1120,9.2889,293.2684,5.1440,33,1.648935e-2,9,0
24,"Zaragoza · llano · N-S aleatorio 3° · bifila · tresbolillo ×2 · 10 filas · az 0°",21-jun,1140,5.9421,296.3805,5.1440,64,2.292018e-2,6,0
24,"Zaragoza · llano · N-S aleatorio 3° · bifila · tresbolillo ×2 · 10 filas · az 0°",21-jun,1160,2.7509,299.5720,5.1440,64,4.111908e-2,3.5,0
24,"Zaragoza · llano · N-S aleatorio 3° · bifila · tresbolillo ×2 · 10 filas · az 0°",21-mar,380,2.2529,91.3999,5.1440,64,1.843814e-2,-2,0
24,"Zaragoza · llano · N-S aleatorio 3° · bifila · tresbolillo ×2 · 10 filas · az 0°",21-mar,400,5.8504,94.7292,5.1440,64,1.259214e-2,-6,0
24,"Zaragoza · llano · N-S aleatorio 3° · bifila · tresbolillo ×2 · 10 filas · az 0°",21-mar,420,9.5200,98.1006,5.1440,33,6.155242e-3,-10,0
24,"Zaragoza · llano · N-S aleatorio 3° · bifila · tresbolillo ×2 · 10 filas · az 0°",21-mar,440,13.1842,101.5436,5.1440,33,0.000000e+0,-13.5,1
24,"Zaragoza · llano · N-S aleatorio 3° · bifila · tresbolillo ×2 · 10 filas · az 0°",21-mar,460,16.8132,105.0894,5.1440,33,0.000000e+0,-17.5,1
24,"Zaragoza · llano · N-S aleatorio 3° · bifila · tresbolillo ×2 · 10 filas · az 0°",21-mar,480,20.3859,108.7709,5.1440,33,8.983304e-3,-22,0
24,"Zaragoza · llano · N-S aleatorio 3° · bifila · tresbolillo ×2 · 10 filas · az 0°",21-mar,500,23.8823,112.6235,5.1440,33,1.180849e-3,-26,0
24,"Zaragoza · llano · N-S aleatorio 3° · bifila · tresbolillo ×2 · 10 filas · az 0°",21-mar,520,27.2812,116.6855,5.1440,33,0.000000e+0,-31,1
24,"Zaragoza · llano · N-S aleatorio 3° · bifila · tresbolillo ×2 · 10 filas · az 0°",21-mar,540,30.5584,120.9974,5.1440,33,0.000000e+0,-47.5,1
24,"Zaragoza · llano · N-S aleatorio 3° · bifila · tresbolillo ×2 · 10 filas · az 0°",21-mar,560,33.6866,125.6019,5.1440,33,0.000000e+0,-55,1
24,"Zaragoza · llano · N-S aleatorio 3° · bifila · tresbolillo ×2 · 10 filas · az 0°",21-mar,580,36.6339,130.5419,5.1440,33,0.000000e+0,-55,1
24,"Zaragoza · llano · N-S aleatorio 3° · bifila · tresbolillo ×2 · 10 filas · az 0°",21-mar,600,39.3642,135.8579,5.1440,33,0.000000e+0,-55,1
24,"Zaragoza · llano · N-S aleatorio 3° · bifila · tresbolillo ×2 · 10 filas · az 0°",21-mar,620,41.8362,141.5831,5.1440,33,0.000000e+0,-55,1
24,"Zaragoza · llano · N-S aleatorio 3° · bifila · tresbolillo ×2 · 10 filas · az 0°",21-mar,640,44.0046,147.7369,5.1440,33,0.000000e+0,-55,1
24,"Zaragoza · llano · N-S aleatorio 3° · bifila · tresbolillo ×2 · 10 filas · az 0°",21-mar,660,45.8219,154.3164,5.1440,33,0.000000e+0,-55,1
24,"Zaragoza · llano · N-S aleatorio 3° · bifila · tresbolillo ×2 · 10 filas · az 0°",21-mar,680,47.2408,161.2877,5.1440,33,0.000000e+0,-55,1
24,"Zaragoza · llano · N-S aleatorio 3° · bifila · tresbolillo ×2 · 10 filas · az 0°",21-mar,700,48.2189,168.5799,5.1440,33,0.000000e+0,-55,1
24,"Zaragoza · llano · N-S aleatorio 3° · bifila · tresbolillo ×2 · 10 filas · az 0°",21-mar,720,48.7237,176.0853,5.1440,33,0.000000e+0,-55,1
24,"Zaragoza · llano · N-S aleatorio 3° · bifila · tresbolillo ×2 · 10 filas · az 0°",21-mar,740,48.7373,183.6681,5.1440,33,0.000000e+0,-55,1
24,"Zaragoza · llano · N-S aleatorio 3° · bifila · tresbolillo ×2 · 10 filas · az 0°",21-mar,760,48.2591,191.1814,5.1440,33,0.000000e+0,-55,1
24,"Zaragoza · llano · N-S aleatorio 3° · bifila · tresbolillo ×2 · 10 filas · az 0°",21-mar,780,47.3064,198.4885,5.1440,33,0.000000e+0,-55,1
24,"Zaragoza · llano · N-S aleatorio 3° · bifila · tresbolillo ×2 · 10 filas · az 0°",21-mar,800,45.9109,205.4797,5.1440,33,0.000000e+0,-55,1
24,"Zaragoza · llano · N-S aleatorio 3° · bifila · tresbolillo ×2 · 10 filas · az 0°",21-mar,820,44.1149,212.0823,5.1440,33,0.000000e+0,-55,1
24,"Zaragoza · llano · N-S aleatorio 3° · bifila · tresbolillo ×2 · 10 filas · az 0°",21-mar,840,41.9653,218.2604,5.1440,33,0.000000e+0,6.5,1
24,"Zaragoza · llano · N-S aleatorio 3° · bifila · tresbolillo ×2 · 10 filas · az 0°",21-mar,860,39.5099,224.0098,5.1440,33,0.000000e+0,25.5,1
24,"Zaragoza · llano · N-S aleatorio 3° · bifila · tresbolillo ×2 · 10 filas · az 0°",21-mar,880,36.7942,229.3489,5.1440,33,0.000000e+0,39.5,1
24,"Zaragoza · llano · N-S aleatorio 3° · bifila · tresbolillo ×2 · 10 filas · az 0°",21-mar,900,33.8596,234.3105,5.1440,33,0.000000e+0,39.5,1
24,"Zaragoza · llano · N-S aleatorio 3° · bifila · tresbolillo ×2 · 10 filas · az 0°",21-mar,920,30.7428,238.9347,5.1440,33,0.000000e+0,35.5,1
24,"Zaragoza · llano · N-S aleatorio 3° · bifila · tresbolillo ×2 · 10 filas · az 0°",21-mar,940,27.4756,243.2645,5.1440,33,0.000000e+0,31,1
24,"Zaragoza · llano · N-S aleatorio 3° · bifila · tresbolillo ×2 · 10 filas · az 0°",21-mar,960,24.0859,247.3426,5.1440,33,0.000000e+0,25.5,1
24,"Zaragoza · llano · N-S aleatorio 3° · bifila · tresbolillo ×2 · 10 filas · az 0°",21-mar,980,20.5978,251.2099,5.1440,33,0.000000e+0,21.5,1
24,"Zaragoza · llano · N-S aleatorio 3° · bifila · tresbolillo ×2 · 10 filas · az 0°",21-mar,1000,17.0327,254.9045,5.1440,33,0.000000e+0,17,1
24,"Zaragoza · llano · N-S aleatorio 3° · bifila · tresbolillo ×2 · 10 filas · az 0°",21-mar,1020,13.4108,258.4622,5.1440,33,0.000000e+0,14,1
24,"Zaragoza · llano · N-S aleatorio 3° · bifila · tresbolillo ×2 · 10 filas · az 0°",21-mar,1040,9.7530,261.9160,5.1440,33,7.807158e-3,10,0
24,"Zaragoza · llano · N-S aleatorio 3° · bifila · tresbolillo ×2 · 10 filas · az 0°",21-mar,1060,6.0879,265.2972,5.1440,33,2.238428e-2,6.5,0
24,"Zaragoza · llano · N-S aleatorio 3° · bifila · tresbolillo ×2 · 10 filas · az 0°",21-mar,1080,2.4866,268.6354,5.1440,64,5.819387e-4,2.5,0
24,"Zaragoza · llano · N-S aleatorio 3° · bifila · tresbolillo ×2 · 10 filas · az 0°",21-dic,480,4.5444,126.9401,5.1440,64,3.854724e-2,-6.5,0
24,"Zaragoza · llano · N-S aleatorio 3° · bifila · tresbolillo ×2 · 10 filas · az 0°",21-dic,500,7.4023,130.4970,5.1440,33,1.804503e-2,-10,0
24,"Zaragoza · llano · N-S aleatorio 3° · bifila · tresbolillo ×2 · 10 filas · az 0°",21-dic,520,10.1358,134.1991,5.1440,33,2.797899e-2,-14,0
24,"Zaragoza · llano · N-S aleatorio 3° · bifila · tresbolillo ×2 · 10 filas · az 0°",21-dic,540,12.7098,138.0581,5.1440,33,1.338912e-2,-19.5,0
24,"Zaragoza · llano · N-S aleatorio 3° · bifila · tresbolillo ×2 · 10 filas · az 0°",21-dic,560,15.0987,142.0828,5.1440,33,1.483624e-2,-24.5,0
24,"Zaragoza · llano · N-S aleatorio 3° · bifila · tresbolillo ×2 · 10 filas · az 0°",21-dic,580,17.2795,146.2782,5.1440,33,3.485091e-3,-30,0
24,"Zaragoza · llano · N-S aleatorio 3° · bifila · tresbolillo ×2 · 10 filas · az 0°",21-dic,600,19.2301,150.6447,5.1440,33,0.000000e+0,-52.5,1
24,"Zaragoza · llano · N-S aleatorio 3° · bifila · tresbolillo ×2 · 10 filas · az 0°",21-dic,620,20.9291,155.1771,5.1440,33,0.000000e+0,-55,1
24,"Zaragoza · llano · N-S aleatorio 3° · bifila · tresbolillo ×2 · 10 filas · az 0°",21-dic,640,22.3561,159.8636,5.1440,33,0.000000e+0,-55,1
24,"Zaragoza · llano · N-S aleatorio 3° · bifila · tresbolillo ×2 · 10 filas · az 0°",21-dic,660,23.4927,164.6856,5.1440,33,0.000000e+0,-55,1
24,"Zaragoza · llano · N-S aleatorio 3° · bifila · tresbolillo ×2 · 10 filas · az 0°",21-dic,680,24.3230,169.6174,5.1440,33,0.000000e+0,-55,1
24,"Zaragoza · llano · N-S aleatorio 3° · bifila · tresbolillo ×2 · 10 filas · az 0°",21-dic,700,24.8347,174.6273,5.1440,33,0.000000e+0,-55,1
24,"Zaragoza · llano · N-S aleatorio 3° · bifila · tresbolillo ×2 · 10 filas · az 0°",21-dic,720,25.0202,179.6788,5.1440,33,0.000000e+0,-55,1
24,"Zaragoza · llano · N-S aleatorio 3° · bifila · tresbolillo ×2 · 10 filas · az 0°",21-dic,740,24.8764,184.7327,5.1440,33,0.000000e+0,-55,1
24,"Zaragoza · llano · N-S aleatorio 3° · bifila · tresbolillo ×2 · 10 filas · az 0°",21-dic,760,24.4057,189.7500,5.1440,33,0.000000e+0,-55,1
24,"Zaragoza · llano · N-S aleatorio 3° · bifila · tresbolillo ×2 · 10 filas · az 0°",21-dic,780,23.6152,194.6936,5.1440,33,0.000000e+0,-55,1
24,"Zaragoza · llano · N-S aleatorio 3° · bifila · tresbolillo ×2 · 10 filas · az 0°",21-dic,800,22.5166,199.5310,5.1440,33,0.000000e+0,16.5,1
24,"Zaragoza · llano · N-S aleatorio 3° · bifila · tresbolillo ×2 · 10 filas · az 0°",21-dic,820,21.1254,204.2358,5.1440,33,0.000000e+0,38.5,1
24,"Zaragoza · llano · N-S aleatorio 3° · bifila · tresbolillo ×2 · 10 filas · az 0°",21-dic,840,19.4598,208.7885,5.1440,33,3.176539e-3,39,0
24,"Zaragoza · llano · N-S aleatorio 3° · bifila · tresbolillo ×2 · 10 filas · az 0°",21-dic,860,17.5399,213.1765,5.1440,33,0.000000e+0,32,1
24,"Zaragoza · llano · N-S aleatorio 3° · bifila · tresbolillo ×2 · 10 filas · az 0°",21-dic,880,15.3871,217.3936,5.1440,33,0.000000e+0,26.5,1
24,"Zaragoza · llano · N-S aleatorio 3° · bifila · tresbolillo ×2 · 10 filas · az 0°",21-dic,900,13.0234,221.4397,5.1440,33,0.000000e+0,21.5,1
24,"Zaragoza · llano · N-S aleatorio 3° · bifila · tresbolillo ×2 · 10 filas · az 0°",21-dic,920,10.4715,225.3193,5.1440,33,1.973483e-2,15,0
24,"Zaragoza · llano · N-S aleatorio 3° · bifila · tresbolillo ×2 · 10 filas · az 0°",21-dic,940,7.7566,229.0407,5.1440,33,2.852037e-2,8.5,0
24,"Zaragoza · llano · N-S aleatorio 3° · bifila · tresbolillo ×2 · 10 filas · az 0°",21-dic,960,4.9112,232.6152,5.1440,64,5.561637e-2,5,0
24,"Zaragoza · llano · N-S aleatorio 3° · bifila · tresbolillo ×2 · 10 filas · az 0°",21-dic,980,2.0112,236.0562,5.1440,64,7.258220e-2,1,0
25,"Zaragoza · cresta 1 · N-S quebrado 4° · quebrado · medios ×1 · 6 filas · az 15°",21-jun,300,4.3153,62.0288,8.0000,64,4.944267e-2,-6,0
25,"Zaragoza · cresta 1 · N-S quebrado 4° · quebrado · medios ×1 · 6 filas · az 15°",21-jun,320,7.5953,65.1785,8.0000,33,0.000000e+0,-13,1
25,"Zaragoza · cresta 1 · N-S quebrado 4° · quebrado · medios ×1 · 6 filas · az 15°",21-jun,340,10.9965,68.2578,8.0000,33,0.000000e+0,-18.5,1
25,"Zaragoza · cresta 1 · N-S quebrado 4° · quebrado · medios ×1 · 6 filas · az 15°",21-jun,360,14.4858,71.2858,8.0000,33,0.000000e+0,-20.5,1
25,"Zaragoza · cresta 1 · N-S quebrado 4° · quebrado · medios ×1 · 6 filas · az 15°",21-jun,380,18.0452,74.2827,8.0000,33,0.000000e+0,-23.5,1
25,"Zaragoza · cresta 1 · N-S quebrado 4° · quebrado · medios ×1 · 6 filas · az 15°",21-jun,400,21.6612,77.2704,8.0000,33,0.000000e+0,-28,1
25,"Zaragoza · cresta 1 · N-S quebrado 4° · quebrado · medios ×1 · 6 filas · az 15°",21-jun,420,25.3226,80.2731,8.0000,33,0.000000e+0,-29,1
25,"Zaragoza · cresta 1 · N-S quebrado 4° · quebrado · medios ×1 · 6 filas · az 15°",21-jun,440,29.0187,83.3183,8.0000,33,0.000000e+0,-33.5,1
25,"Zaragoza · cresta 1 · N-S quebrado 4° · quebrado · medios ×1 · 6 filas · az 15°",21-jun,460,32.7391,86.4376,8.0000,33,0.000000e+0,-36.5,1
25,"Zaragoza · cresta 1 · N-S quebrado 4° · quebrado · medios ×1 · 6 filas · az 15°",21-jun,480,36.4729,89.6687,8.0000,33,0.000000e+0,-44,1
25,"Zaragoza · cresta 1 · N-S quebrado 4° · quebrado · medios ×1 · 6 filas · az 15°",21-jun,500,40.2084,93.0578,8.0000,33,0.000000e+0,-55,1
25,"Zaragoza · cresta 1 · N-S quebrado 4° · quebrado · medios ×1 · 6 filas · az 15°",21-jun,520,43.9319,96.6624,8.0000,33,0.000000e+0,-55,1
25,"Zaragoza · cresta 1 · N-S quebrado 4° · quebrado · medios ×1 · 6 filas · az 15°",21-jun,540,47.6271,100.5563,8.0000,33,0.000000e+0,-55,1
25,"Zaragoza · cresta 1 · N-S quebrado 4° · quebrado · medios ×1 · 6 filas · az 15°",21-jun,560,51.2734,104.8355,8.0000,33,0.000000e+0,-55,1
25,"Zaragoza · cresta 1 · N-S quebrado 4° · quebrado · medios ×1 · 6 filas · az 15°",21-jun,580,54.8437,109.6272,8.0000,33,0.000000e+0,-55,1
25,"Zaragoza · cresta 1 · N-S quebrado 4° · quebrado · medios ×1 · 6 filas · az 15°",21-jun,600,58.3011,115.1015,8.0000,33,0.000000e+0,-55,1
25,"Zaragoza · cresta 1 · N-S quebrado 4° · quebrado · medios ×1 · 6 filas · az 15°",21-jun,620,61.5938,121.4838,8.0000,33,0.000000e+0,-55,1
25,"Zaragoza · cresta 1 · N-S quebrado 4° · quebrado · medios ×1 · 6 filas · az 15°",21-jun,640,64.6480,129.0638,8.0000,33,0.000000e+0,-55,1
25,"Zaragoza · cresta 1 · N-S quebrado 4° · quebrado · medios ×1 · 6 filas · az 15°",21-jun,660,67.3579,138.1801,8.0000,33,0.000000e+0,-55,1
25,"Zaragoza · cresta 1 · N-S quebrado 4° · quebrado · medios ×1 · 6 filas · az 15°",21-jun,680,69.5784,149.1387,8.0000,33,0.000000e+0,-55,1
25,"Zaragoza · cresta 1 · N-S quebrado 4° · quebrado · medios ×1 · 6 filas · az 15°",21-jun,700,71.1301,162.0059,8.0000,33,0.000000e+0,-55,1
25,"Zaragoza · cresta 1 · N-S quebrado 4° · quebrado · medios ×1 · 6 filas · az 15°",21-jun,720,71.8368,176.3074,8.0000,33,0.000000e+0,-55,1
25,"Zaragoza · cresta 1 · N-S quebrado 4° · quebrado · medios ×1 · 6 filas · az 15°",21-jun,740,71.5993,190.9409,8.0000,33,0.000000e+0,-55,1
25,"Zaragoza · cresta 1 · N-S quebrado 4° · quebrado · medios ×1 · 6 filas · az 15°",21-jun,760,70.4524,204.6300,8.0000,33,0.000000e+0,-55,1
25,"Zaragoza · cresta 1 · N-S quebrado 4° · quebrado · medios ×1 · 6 filas · az 15°",21-jun,780,68.5438,216.5649,8.0000,33,0.000000e+0,-55,1
25,"Zaragoza · cresta 1 · N-S quebrado 4° · quebrado · medios ×1 · 6 filas · az 15°",21-jun,800,66.0587,226.5756,8.0000,33,0.000000e+0,-55,1
25,"Zaragoza · cresta 1 · N-S quebrado 4° · quebrado · medios ×1 · 6 filas · az 15°",21-jun,820,63.1617,234.8830,8.0000,33,0.000000e+0,-55,1
25,"Zaragoza · cresta 1 · N-S quebrado 4° · quebrado · medios ×1 · 6 filas · az 15°",21-jun,840,59.9777,241.8261,8.0000,33,0.000000e+0,-55,1
25,"Zaragoza · cresta 1 · N-S quebrado 4° · quebrado · medios ×1 · 6 filas · az 15°",21-jun,860,56.5952,247.7238,8.0000,33,0.000000e+0,-55,1
25,"Zaragoza · cresta 1 · N-S quebrado 4° · quebrado · medios ×1 · 6 filas · az 15°",21-jun,880,53.0761,252.8336,8.0000,33,0.000000e+0,-55,1
25,"Zaragoza · cresta 1 · N-S quebrado 4° · quebrado · medios ×1 · 6 filas · az 15°",21-jun,900,49.4641,257.3516,8.0000,33,0.000000e+0,-15.5,1
25,"Zaragoza · cresta 1 · N-S quebrado 4° · quebrado · medios ×1 · 6 filas · az 15°",21-jun,920,45.7905,261.4251,8.0000,33,0.000000e+0,5,1
25,"Zaragoza · cresta 1 · N-S quebrado 4° · quebrado · medios ×1 · 6 filas · az 15°",21-jun,940,42.0789,265.1644,8.0000,33,0.000000e+0,17.5,1
25,"Zaragoza · cresta 1 · N-S quebrado 4° · quebrado · medios ×1 · 6 filas · az 15°",21-jun,960,38.3476,268.6535,8.0000,33,0.000000e+0,28,1
25,"Zaragoza · cresta 1 · N-S quebrado 4° · quebrado · medios ×1 · 6 filas · az 15°",21-jun,980,34.6113,271.9575,8.0000,33,0.000000e+0,35.5,1
25,"Zaragoza · cresta 1 · N-S quebrado 4° · quebrado · medios ×1 · 6 filas · az 15°",21-jun,1000,30.8827,275.1277,8.0000,33,0.000000e+0,29.5,1
25,"Zaragoza · cresta 1 · N-S quebrado 4° · quebrado · medios ×1 · 6 filas · az 15°",21-jun,1020,27.1731,278.2058,8.0000,33,0.000000e+0,25,1
25,"Zaragoza · cresta 1 · N-S quebrado 4° · quebrado · medios ×1 · 6 filas · az 15°",21-jun,1040,23.4930,281.2261,8.0000,33,0.000000e+0,21.5,1
25,"Zaragoza · cresta 1 · N-S quebrado 4° · quebrado · medios ×1 · 6 filas · az 15°",21-jun,1060,19.8529,284.2181,8.0000,33,0.000000e+0,19.5,1
25,"Zaragoza · cresta 1 · N-S quebrado 4° · quebrado · medios ×1 · 6 filas · az 15°",21-jun,1080,16.2635,287.2075,8.0000,33,0.000000e+0,16,1
25,"Zaragoza · cresta 1 · N-S quebrado 4° · quebrado · medios ×1 · 6 filas · az 15°",21-jun,1100,12.7372,290.2173,8.0000,33,0.000000e+0,12,1
25,"Zaragoza · cresta 1 · N-S quebrado 4° · quebrado · medios ×1 · 6 filas · az 15°",21-jun,1120,9.2889,293.2684,8.0000,33,0.000000e+0,8.5,1
25,"Zaragoza · cresta 1 · N-S quebrado 4° · quebrado · medios ×1 · 6 filas · az 15°",21-jun,1140,5.9421,296.3805,8.0000,64,1.071230e-2,5.5,0
25,"Zaragoza · cresta 1 · N-S quebrado 4° · quebrado · medios ×1 · 6 filas · az 15°",21-jun,1160,2.7509,299.5720,8.0000,64,3.899084e-2,4,0
25,"Zaragoza · cresta 1 · N-S quebrado 4° · quebrado · medios ×1 · 6 filas · az 15°",21-mar,380,2.2529,91.3999,8.0000,64,2.068322e-3,-3.5,0
25,"Zaragoza · cresta 1 · N-S quebrado 4° · quebrado · medios ×1 · 6 filas · az 15°",21-mar,400,5.8504,94.7292,8.0000,64,1.259269e-2,-6.5,0
25,"Zaragoza · cresta 1 · N-S quebrado 4° · quebrado · medios ×1 · 6 filas · az 15°",21-mar,420,9.5200,98.1006,8.0000,33,0.000000e+0,-10,1
25,"Zaragoza · cresta 1 · N-S quebrado 4° · quebrado · medios ×1 · 6 filas · az 15°",21-mar,440,13.1842,101.5436,8.0000,33,0.000000e+0,-13.5,1
25,"Zaragoza · cresta 1 · N-S quebrado 4° · quebrado · medios ×1 · 6 filas · az 15°",21-mar,460,16.8132,105.0894,8.0000,33,0.000000e+0,-18,1
25,"Zaragoza · cresta 1 · N-S quebrado 4° · quebrado · medios ×1 · 6 filas · az 15°",21-mar,480,20.3859,108.7709,8.0000,33,0.000000e+0,-20,1
25,"Zaragoza · cresta 1 · N-S quebrado 4° · quebrado · medios ×1 · 6 filas · az 15°",21-mar,500,23.8823,112.6235,8.0000,33,0.000000e+0,-26,1
25,"Zaragoza · cresta 1 · N-S quebrado 4° · quebrado · medios ×1 · 6 filas · az 15°",21-mar,520,27.2812,116.6855,8.0000,33,0.000000e+0,-28,1
25,"Zaragoza · cresta 1 · N-S quebrado 4° · quebrado · medios ×1 · 6 filas · az 15°",21-mar,540,30.5584,120.9974,8.0000,33,2.309432e-2,-30.5,0
25,"Zaragoza · cresta 1 · N-S quebrado 4° · quebrado · medios ×1 · 6 filas · az 15°",21-mar,560,33.6866,125.6019,8.0000,33,1.975578e-2,-34.5,0
25,"Zaragoza · cresta 1 · N-S quebrado 4° · quebrado · medios ×1 · 6 filas · az 15°",21-mar,580,36.6339,130.5419,8.0000,33,0.000000e+0,-55,1
25,"Zaragoza · cresta 1 · N-S quebrado 4° · quebrado · medios ×1 · 6 filas · az 15°",21-mar,600,39.3642,135.8579,8.0000,33,0.000000e+0,-55,1
25,"Zaragoza · cresta 1 · N-S quebrado 4° · quebrado · medios ×1 · 6 filas · az 15°",21-mar,620,41.8362,141.5831,8.0000,33,0.000000e+0,-55,1
25,"Zaragoza · cresta 1 · N-S quebrado 4° · quebrado · medios ×1 · 6 filas · az 15°",21-mar,640,44.0046,147.7369,8.0000,33,0.000000e+0,-55,1
25,"Zaragoza · cresta 1 · N-S quebrado 4° · quebrado · medios ×1 · 6 filas · az 15°",21-mar,660,45.8219,154.3164,8.0000,33,0.000000e+0,-55,1
25,"Zaragoza · cresta 1 · N-S quebrado 4° · quebrado · medios ×1 · 6 filas · az 15°",21-mar,680,47.2408,161.2877,8.0000,33,0.000000e+0,-55,1
25,"Zaragoza · cresta 1 · N-S quebrado 4° · quebrado · medios ×1 · 6 filas · az 15°",21-mar,700,48.2189,168.5799,8.0000,33,0.000000e+0,-55,1
25,"Zaragoza · cresta 1 · N-S quebrado 4° · quebrado · medios ×1 · 6 filas · az 15°",21-mar,720,48.7237,176.0853,8.0000,33,0.000000e+0,-55,1
25,"Zaragoza · cresta 1 · N-S quebrado 4° · quebrado · medios ×1 · 6 filas · az 15°",21-mar,740,48.7373,183.6681,8.0000,33,0.000000e+0,-55,1
25,"Zaragoza · cresta 1 · N-S quebrado 4° · quebrado · medios ×1 · 6 filas · az 15°",21-mar,760,48.2591,191.1814,8.0000,33,0.000000e+0,-55,1
25,"Zaragoza · cresta 1 · N-S quebrado 4° · quebrado · medios ×1 · 6 filas · az 15°",21-mar,780,47.3064,198.4885,8.0000,33,0.000000e+0,-55,1
25,"Zaragoza · cresta 1 · N-S quebrado 4° · quebrado · medios ×1 · 6 filas · az 15°",21-mar,800,45.9109,205.4797,8.0000,33,0.000000e+0,-55,1
25,"Zaragoza · cresta 1 · N-S quebrado 4° · quebrado · medios ×1 · 6 filas · az 15°",21-mar,820,44.1149,212.0823,8.0000,33,0.000000e+0,-55,1
25,"Zaragoza · cresta 1 · N-S quebrado 4° · quebrado · medios ×1 · 6 filas · az 15°",21-mar,840,41.9653,218.2604,8.0000,33,0.000000e+0,-55,1
25,"Zaragoza · cresta 1 · N-S quebrado 4° · quebrado · medios ×1 · 6 filas · az 15°",21-mar,860,39.5099,224.0098,8.0000,33,0.000000e+0,-55,1
25,"Zaragoza · cresta 1 · N-S quebrado 4° · quebrado · medios ×1 · 6 filas · az 15°",21-mar,880,36.7942,229.3489,8.0000,33,0.000000e+0,-55,1
25,"Zaragoza · cresta 1 · N-S quebrado 4° · quebrado · medios ×1 · 6 filas · az 15°",21-mar,900,33.8596,234.3105,8.0000,33,0.000000e+0,6,1
25,"Zaragoza · cresta 1 · N-S quebrado 4° · quebrado · medios ×1 · 6 filas · az 15°",21-mar,920,30.7428,238.9347,8.0000,33,0.000000e+0,21.5,1
25,"Zaragoza · cresta 1 · N-S quebrado 4° · quebrado · medios ×1 · 6 filas · az 15°",21-mar,940,27.4756,243.2645,8.0000,33,0.000000e+0,34.5,1
25,"Zaragoza · cresta 1 · N-S quebrado 4° · quebrado · medios ×1 · 6 filas · az 15°",21-mar,960,24.0859,247.3426,8.0000,33,0.000000e+0,29.5,1
25,"Zaragoza · cresta 1 · N-S quebrado 4° · quebrado · medios ×1 · 6 filas · az 15°",21-mar,980,20.5978,251.2099,8.0000,33,0.000000e+0,26,1
25,"Zaragoza · cresta 1 · N-S quebrado 4° · quebrado · medios ×1 · 6 filas · az 15°",21-mar,1000,17.0327,254.9045,8.0000,33,0.000000e+0,20.5,1
25,"Zaragoza · cresta 1 · N-S quebrado 4° · quebrado · medios ×1 · 6 filas · az 15°",21-mar,1020,13.4108,258.4622,8.0000,33,0.000000e+0,15.5,1
25,"Zaragoza · cresta 1 · N-S quebrado 4° · quebrado · medios ×1 · 6 filas · az 15°",21-mar,1040,9.7530,261.9160,8.0000,33,1.854271e-2,12,0
25,"Zaragoza · cresta 1 · N-S quebrado 4° · quebrado · medios ×1 · 6 filas · az 15°",21-mar,1060,6.0879,265.2972,8.0000,33,1.053972e-2,8,0
25,"Zaragoza · cresta 1 · N-S quebrado 4° · quebrado · medios ×1 · 6 filas · az 15°",21-mar,1080,2.4866,268.6354,8.0000,64,0.000000e+0,3.5,1
25,"Zaragoza · cresta 1 · N-S quebrado 4° · quebrado · medios ×1 · 6 filas · az 15°",21-dic,480,4.5444,126.9401,8.0000,64,0.000000e+0,-3.5,1
25,"Zaragoza · cresta 1 · N-S quebrado 4° · quebrado · medios ×1 · 6 filas · az 15°",21-dic,500,7.4023,130.4970,8.0000,33,0.000000e+0,-7,1
25,"Zaragoza · cresta 1 · N-S quebrado 4° · quebrado · medios ×1 · 6 filas · az 15°",21-dic,520,10.1358,134.1991,8.0000,33,0.000000e+0,-9.5,1
25,"Zaragoza · cresta 1 · N-S quebrado 4° · quebrado · medios ×1 · 6 filas · az 15°",21-dic,540,12.7098,138.0581,8.0000,33,0.000000e+0,-13,1
25,"Zaragoza · cresta 1 · N-S quebrado 4° · quebrado · medios ×1 · 6 filas · az 15°",21-dic,560,15.0987,142.0828,8.0000,33,0.000000e+0,-16,1
25,"Zaragoza · cresta 1 · N-S quebrado 4° · quebrado · medios ×1 · 6 filas · az 15°",21-dic,580,17.2795,146.2782,8.0000,33,0.000000e+0,-21,1
25,"Zaragoza · cresta 1 · N-S quebrado 4° · quebrado · medios ×1 · 6 filas · az 15°",21-dic,600,19.2301,150.6447,8.0000,33,0.000000e+0,-25,1
25,"Zaragoza · cresta 1 · N-S quebrado 4° · quebrado · medios ×1 · 6 filas · az 15°",21-dic,620,20.9291,155.1771,8.0000,33,0.000000e+0,-28,1
25,"Zaragoza · cresta 1 · N-S quebrado 4° · quebrado · medios ×1 · 6 filas · az 15°",21-dic,640,22.3561,159.8636,8.0000,33,0.000000e+0,-46,1
25,"Zaragoza · cresta 1 · N-S quebrado 4° · quebrado · medios ×1 · 6 filas · az 15°",21-dic,660,23.4927,164.6856,8.0000,33,0.000000e+0,-55,1
25,"Zaragoza · cresta 1 · N-S quebrado 4° · quebrado · medios ×1 · 6 filas · az 15°",21-dic,680,24.3230,169.6174,8.0000,33,0.000000e+0,-55,1
25,"Zaragoza · cresta 1 · N-S quebrado 4° · quebrado · medios ×1 · 6 filas · az 15°",21-dic,700,24.8347,174.6273,8.0000,33,0.000000e+0,-55,1
25,"Zaragoza · cresta 1 · N-S quebrado 4° · quebrado · medios ×1 · 6 filas · az 15°",21-dic,720,25.0202,179.6788,8.0000,33,0.000000e+0,-55,1
25,"Zaragoza · cresta 1 · N-S quebrado 4° · quebrado · medios ×1 · 6 filas · az 15°",21-dic,740,24.8764,184.7327,8.0000,33,0.000000e+0,-55,1
25,"Zaragoza · cresta 1 · N-S quebrado 4° · quebrado · medios ×1 · 6 filas · az 15°",21-dic,760,24.4057,189.7500,8.0000,33,0.000000e+0,-55,1
25,"Zaragoza · cresta 1 · N-S quebrado 4° · quebrado · medios ×1 · 6 filas · az 15°",21-dic,780,23.6152,194.6936,8.0000,33,0.000000e+0,-55,1
25,"Zaragoza · cresta 1 · N-S quebrado 4° · quebrado · medios ×1 · 6 filas · az 15°",21-dic,800,22.5166,199.5310,8.0000,33,0.000000e+0,-55,1
25,"Zaragoza · cresta 1 · N-S quebrado 4° · quebrado · medios ×1 · 6 filas · az 15°",21-dic,820,21.1254,204.2358,8.0000,33,0.000000e+0,-55,1
25,"Zaragoza · cresta 1 · N-S quebrado 4° · quebrado · medios ×1 · 6 filas · az 15°",21-dic,840,19.4598,208.7885,8.0000,33,0.000000e+0,-55,1
25,"Zaragoza · cresta 1 · N-S quebrado 4° · quebrado · medios ×1 · 6 filas · az 15°",21-dic,860,17.5399,213.1765,8.0000,33,0.000000e+0,-1,1
25,"Zaragoza · cresta 1 · N-S quebrado 4° · quebrado · medios ×1 · 6 filas · az 15°",21-dic,880,15.3871,217.3936,8.0000,33,0.000000e+0,24.5,1
25,"Zaragoza · cresta 1 · N-S quebrado 4° · quebrado · medios ×1 · 6 filas · az 15°",21-dic,900,13.0234,221.4397,8.0000,33,0.000000e+0,31.5,1
25,"Zaragoza · cresta 1 · N-S quebrado 4° · quebrado · medios ×1 · 6 filas · az 15°",21-dic,920,10.4715,225.3193,8.0000,33,0.000000e+0,24,1
25,"Zaragoza · cresta 1 · N-S quebrado 4° · quebrado · medios ×1 · 6 filas · az 15°",21-dic,940,7.7566,229.0407,8.0000,33,0.000000e+0,17.5,1
25,"Zaragoza · cresta 1 · N-S quebrado 4° · quebrado · medios ×1 · 6 filas · az 15°",21-dic,960,4.9112,232.6152,8.0000,64,7.639985e-2,5,0
25,"Zaragoza · cresta 1 · N-S quebrado 4° · quebrado · medios ×1 · 6 filas · az 15°",21-dic,980,2.0112,236.0562,8.0000,64,2.278959e-2,7.5,0
26,"Zaragoza · llano · N-S aleatorio 6° · quebrado · bagnarelli ×1 · 8 filas · az 0°",21-jun,300,4.3153,62.0288,11.1550,56,5.915688e-2,-4,0
26,"Zaragoza · llano · N-S aleatorio 6° · quebrado · bagnarelli ×1 · 8 filas · az 0°",21-jun,320,7.5953,65.1785,11.1550,28,4.195226e-2,-6,0
26,"Zaragoza · llano · N-S aleatorio 6° · quebrado · bagnarelli ×1 · 8 filas · az 0°",21-jun,340,10.9965,68.2578,11.1550,28,3.000304e-2,-10,0
26,"Zaragoza · llano · N-S aleatorio 6° · quebrado · bagnarelli ×1 · 8 filas · az 0°",21-jun,360,14.4858,71.2858,11.1550,28,1.668523e-2,-15,0
26,"Zaragoza · llano · N-S aleatorio 6° · quebrado · bagnarelli ×1 · 8 filas · az 0°",21-jun,380,18.0452,74.2827,11.1550,28,1.043568e-2,-19,0
26,"Zaragoza · llano · N-S aleatorio 6° · quebrado · bagnarelli ×1 · 8 filas · az 0°",21-jun,400,21.6612,77.2704,11.1550,28,1.939905e-3,-22.5,0
26,"Zaragoza · llano · N-S aleatorio 6° · quebrado · bagnarelli ×1 · 8 filas · az 0°",21-jun,420,25.3226,80.2731,11.1550,28,7.826325e-3,-25,0
26,"Zaragoza · llano · N-S aleatorio 6° · quebrado · bagnarelli ×1 · 8 filas · az 0°",21-jun,440,29.0187,83.3183,11.1550,28,9.814659e-3,-29.5,0
26,"Zaragoza · llano · N-S aleatorio 6° · quebrado · bagnarelli ×1 · 8 filas · az 0°",21-jun,460,32.7391,86.4376,11.1550,28,4.762046e-3,-33,0
26,"Zaragoza · llano · N-S aleatorio 6° · quebrado · bagnarelli ×1 · 8 filas · az 0°",21-jun,480,36.4729,89.6687,11.1550,28,0.000000e+0,-36.5,1
26,"Zaragoza · llano · N-S aleatorio 6° · quebrado · bagnarelli ×1 · 8 filas · az 0°",21-jun,500,40.2084,93.0578,11.1550,28,0.000000e+0,-40.5,1
26,"Zaragoza · llano · N-S aleatorio 6° · quebrado · bagnarelli ×1 · 8 filas · az 0°",21-jun,520,43.9319,96.6624,11.1550,28,0.000000e+0,-44,1
26,"Zaragoza · llano · N-S aleatorio 6° · quebrado · bagnarelli ×1 · 8 filas · az 0°",21-jun,540,47.6271,100.5563,11.1550,28,0.000000e+0,-48,1
26,"Zaragoza · llano · N-S aleatorio 6° · quebrado · bagnarelli ×1 · 8 filas · az 0°",21-jun,560,51.2734,104.8355,11.1550,28,0.000000e+0,-52.5,1
26,"Zaragoza · llano · N-S aleatorio 6° · quebrado · bagnarelli ×1 · 8 filas · az 0°",21-jun,580,54.8437,109.6272,11.1550,28,2.693066e-3,-55,0
26,"Zaragoza · llano · N-S aleatorio 6° · quebrado · bagnarelli ×1 · 8 filas · az 0°",21-jun,600,58.3011,115.1015,11.1550,28,1.380153e-2,-55,0
26,"Zaragoza · llano · N-S aleatorio 6° · quebrado · bagnarelli ×1 · 8 filas · az 0°",21-jun,620,61.5938,121.4838,11.1550,28,2.791703e-2,-55,0
26,"Zaragoza · llano · N-S aleatorio 6° · quebrado · bagnarelli ×1 · 8 filas · az 0°",21-jun,640,64.6480,129.0638,11.1550,28,4.152056e-2,-55,0
26,"Zaragoza · llano · N-S aleatorio 6° · quebrado · bagnarelli ×1 · 8 filas · az 0°",21-jun,660,67.3579,138.1801,11.1550,28,0.000000e+0,-55,1
26,"Zaragoza · llano · N-S aleatorio 6° · quebrado · bagnarelli ×1 · 8 filas · az 0°",21-jun,680,69.5784,149.1387,11.1550,28,0.000000e+0,-55,1
26,"Zaragoza · llano · N-S aleatorio 6° · quebrado · bagnarelli ×1 · 8 filas · az 0°",21-jun,700,71.1301,162.0059,11.1550,28,0.000000e+0,-55,1
26,"Zaragoza · llano · N-S aleatorio 6° · quebrado · bagnarelli ×1 · 8 filas · az 0°",21-jun,720,71.8368,176.3074,11.1550,28,0.000000e+0,-55,1
26,"Zaragoza · llano · N-S aleatorio 6° · quebrado · bagnarelli ×1 · 8 filas · az 0°",21-jun,740,71.5993,190.9409,11.1550,28,0.000000e+0,-55,1
26,"Zaragoza · llano · N-S aleatorio 6° · quebrado · bagnarelli ×1 · 8 filas · az 0°",21-jun,760,70.4524,204.6300,11.1550,28,0.000000e+0,-55,1
26,"Zaragoza · llano · N-S aleatorio 6° · quebrado · bagnarelli ×1 · 8 filas · az 0°",21-jun,780,68.5438,216.5649,11.1550,28,0.000000e+0,-55,1
26,"Zaragoza · llano · N-S aleatorio 6° · quebrado · bagnarelli ×1 · 8 filas · az 0°",21-jun,800,66.0587,226.5756,11.1550,28,0.000000e+0,-55,1
26,"Zaragoza · llano · N-S aleatorio 6° · quebrado · bagnarelli ×1 · 8 filas · az 0°",21-jun,820,63.1617,234.8830,11.1550,28,0.000000e+0,35.5,1
26,"Zaragoza · llano · N-S aleatorio 6° · quebrado · bagnarelli ×1 · 8 filas · az 0°",21-jun,840,59.9777,241.8261,11.1550,28,2.007963e-3,55,0
26,"Zaragoza · llano · N-S aleatorio 6° · quebrado · bagnarelli ×1 · 8 filas · az 0°",21-jun,860,56.5952,247.7238,11.1550,28,1.585420e-2,55,0
26,"Zaragoza · llano · N-S aleatorio 6° · quebrado · bagnarelli ×1 · 8 filas · az 0°",21-jun,880,53.0761,252.8336,11.1550,28,8.349167e-3,54.5,0
26,"Zaragoza · llano · N-S aleatorio 6° · quebrado · bagnarelli ×1 · 8 filas · az 0°",21-jun,900,49.4641,257.3516,11.1550,28,0.000000e+0,49.5,1
26,"Zaragoza · llano · N-S aleatorio 6° · quebrado · bagnarelli ×1 · 8 filas · az 0°",21-jun,920,45.7905,261.4251,11.1550,28,3.204771e-3,46,0
26,"Zaragoza · llano · N-S aleatorio 6° · quebrado · bagnarelli ×1 · 8 filas · az 0°",21-jun,940,42.0789,265.1644,11.1550,28,0.000000e+0,41.5,1
26,"Zaragoza · llano · N-S aleatorio 6° · quebrado · bagnarelli ×1 · 8 filas · az 0°",21-jun,960,38.3476,268.6535,11.1550,28,1.228617e-2,38.5,0
26,"Zaragoza · llano · N-S aleatorio 6° · quebrado · bagnarelli ×1 · 8 filas · az 0°",21-jun,980,34.6113,271.9575,11.1550,28,0.000000e+0,34.5,1
26,"Zaragoza · llano · N-S aleatorio 6° · quebrado · bagnarelli ×1 · 8 filas · az 0°",21-jun,1000,30.8827,275.1277,11.1550,28,2.619891e-3,31.5,0
26,"Zaragoza · llano · N-S aleatorio 6° · quebrado · bagnarelli ×1 · 8 filas · az 0°",21-jun,1020,27.1731,278.2058,11.1550,28,1.026279e-2,28,0
26,"Zaragoza · llano · N-S aleatorio 6° · quebrado · bagnarelli ×1 · 8 filas · az 0°",21-jun,1040,23.4930,281.2261,11.1550,28,5.979124e-3,23,0
26,"Zaragoza · llano · N-S aleatorio 6° · quebrado · bagnarelli ×1 · 8 filas · az 0°",21-jun,1060,19.8529,284.2181,11.1550,28,1.259155e-3,20,0
26,"Zaragoza · llano · N-S aleatorio 6° · quebrado · bagnarelli ×1 · 8 filas · az 0°",21-jun,1080,16.2635,287.2075,11.1550,28,1.065073e-2,17,0
26,"Zaragoza · llano · N-S aleatorio 6° · quebrado · bagnarelli ×1 · 8 filas · az 0°",21-jun,1100,12.7372,290.2173,11.1550,28,1.443128e-2,12,0
26,"Zaragoza · llano · N-S aleatorio 6° · quebrado · bagnarelli ×1 · 8 filas · az 0°",21-jun,1120,9.2889,293.2684,11.1550,28,4.493827e-2,9.5,0
26,"Zaragoza · llano · N-S aleatorio 6° · quebrado · bagnarelli ×1 · 8 filas · az 0°",21-jun,1140,5.9421,296.3805,11.1550,56,5.460435e-2,6.5,0
26,"Zaragoza · llano · N-S aleatorio 6° · quebrado · bagnarelli ×1 · 8 filas · az 0°",21-jun,1160,2.7509,299.5720,11.1550,56,1.009528e-1,3.5,0
26,"Zaragoza · llano · N-S aleatorio 6° · quebrado · bagnarelli ×1 · 8 filas · az 0°",21-mar,380,2.2529,91.3999,11.1550,56,1.048656e-2,-2,0
26,"Zaragoza · llano · N-S aleatorio 6° · quebrado · bagnarelli ×1 · 8 filas · az 0°",21-mar,400,5.8504,94.7292,11.1550,56,1.896075e-2,-5.5,0
26,"Zaragoza · llano · N-S aleatorio 6° · quebrado · bagnarelli ×1 · 8 filas · az 0°",21-mar,420,9.5200,98.1006,11.1550,28,9.206147e-3,-9.5,0
26,"Zaragoza · llano · N-S aleatorio 6° · quebrado · bagnarelli ×1 · 8 filas · az 0°",21-mar,440,13.1842,101.5436,11.1550,28,1.048748e-2,-13,0
26,"Zaragoza · llano · N-S aleatorio 6° · quebrado · bagnarelli ×1 · 8 filas · az 0°",21-mar,460,16.8132,105.0894,11.1550,28,1.023905e-2,-18,0
26,"Zaragoza · llano · N-S aleatorio 6° · quebrado · bagnarelli ×1 · 8 filas · az 0°",21-mar,480,20.3859,108.7709,11.1550,28,1.668199e-2,-22.5,0
26,"Zaragoza · llano · N-S aleatorio 6° · quebrado · bagnarelli ×1 · 8 filas · az 0°",21-mar,500,23.8823,112.6235,11.1550,28,1.185651e-2,-25,0
26,"Zaragoza · llano · N-S aleatorio 6° · quebrado · bagnarelli ×1 · 8 filas · az 0°",21-mar,520,27.2812,116.6855,11.1550,28,1.212823e-2,-30,0
26,"Zaragoza · llano · N-S aleatorio 6° · quebrado · bagnarelli ×1 · 8 filas · az 0°",21-mar,540,30.5584,120.9974,11.1550,28,4.267915e-3,-33.5,0
26,"Zaragoza · llano · N-S aleatorio 6° · quebrado · bagnarelli ×1 · 8 filas · az 0°",21-mar,560,33.6866,125.6019,11.1550,28,8.840853e-3,-39,0
26,"Zaragoza · llano · N-S aleatorio 6° · quebrado · bagnarelli ×1 · 8 filas · az 0°",21-mar,580,36.6339,130.5419,11.1550,28,1.056733e-2,-44,0
26,"Zaragoza · llano · N-S aleatorio 6° · quebrado · bagnarelli ×1 · 8 filas · az 0°",21-mar,600,39.3642,135.8579,11.1550,28,1.161683e-2,-49,0
26,"Zaragoza · llano · N-S aleatorio 6° · quebrado · bagnarelli ×1 · 8 filas · az 0°",21-mar,620,41.8362,141.5831,11.1550,28,0.000000e+0,-55,1
26,"Zaragoza · llano · N-S aleatorio 6° · quebrado · bagnarelli ×1 · 8 filas · az 0°",21-mar,640,44.0046,147.7369,11.1550,28,8.936429e-3,-55,0
26,"Zaragoza · llano · N-S aleatorio 6° · quebrado · bagnarelli ×1 · 8 filas · az 0°",21-mar,660,45.8219,154.3164,11.1550,28,3.065659e-2,-55,0
26,"Zaragoza · llano · N-S aleatorio 6° · quebrado · bagnarelli ×1 · 8 filas · az 0°",21-mar,680,47.2408,161.2877,11.1550,28,0.000000e+0,-55,1
26,"Zaragoza · llano · N-S aleatorio 6° · quebrado · bagnarelli ×1 · 8 filas · az 0°",21-mar,700,48.2189,168.5799,11.1550,28,0.000000e+0,-55,1
26,"Zaragoza · llano · N-S aleatorio 6° · quebrado · bagnarelli ×1 · 8 filas · az 0°",21-mar,720,48.7237,176.0853,11.1550,28,0.000000e+0,-55,1
26,"Zaragoza · llano · N-S aleatorio 6° · quebrado · bagnarelli ×1 · 8 filas · az 0°",21-mar,740,48.7373,183.6681,11.1550,28,0.000000e+0,-55,1
26,"Zaragoza · llano · N-S aleatorio 6° · quebrado · bagnarelli ×1 · 8 filas · az 0°",21-mar,760,48.2591,191.1814,11.1550,28,0.000000e+0,-55,1
26,"Zaragoza · llano · N-S aleatorio 6° · quebrado · bagnarelli ×1 · 8 filas · az 0°",21-mar,780,47.3064,198.4885,11.1550,28,0.000000e+0,-55,1
26,"Zaragoza · llano · N-S aleatorio 6° · quebrado · bagnarelli ×1 · 8 filas · az 0°",21-mar,800,45.9109,205.4797,11.1550,28,0.000000e+0,31.5,1
26,"Zaragoza · llano · N-S aleatorio 6° · quebrado · bagnarelli ×1 · 8 filas · az 0°",21-mar,820,44.1149,212.0823,11.1550,28,8.254924e-4,55,0
26,"Zaragoza · llano · N-S aleatorio 6° · quebrado · bagnarelli ×1 · 8 filas · az 0°",21-mar,840,41.9653,218.2604,11.1550,28,1.287394e-2,55,0
26,"Zaragoza · llano · N-S aleatorio 6° · quebrado · bagnarelli ×1 · 8 filas · az 0°",21-mar,860,39.5099,224.0098,11.1550,28,1.486600e-2,49,0
26,"Zaragoza · llano · N-S aleatorio 6° · quebrado · bagnarelli ×1 · 8 filas · az 0°",21-mar,880,36.7942,229.3489,11.1550,28,8.873375e-3,44.5,0
26,"Zaragoza · llano · N-S aleatorio 6° · quebrado · bagnarelli ×1 · 8 filas · az 0°",21-mar,900,33.8596,234.3105,11.1550,28,1.004376e-2,40,0
26,"Zaragoza · llano · N-S aleatorio 6° · quebrado · bagnarelli ×1 · 8 filas · az 0°",21-mar,920,30.7428,238.9347,11.1550,28,1.260373e-2,33.5,0
26,"Zaragoza · llano · N-S aleatorio 6° · quebrado · bagnarelli ×1 · 8 filas · az 0°",21-mar,940,27.4756,243.2645,11.1550,28,6.677543e-3,30,0
26,"Zaragoza · llano · N-S aleatorio 6° · quebrado · bagnarelli ×1 · 8 filas · az 0°",21-mar,960,24.0859,247.3426,11.1550,28,1.629043e-2,26,0
26,"Zaragoza · llano · N-S aleatorio 6° · quebrado · bagnarelli ×1 · 8 filas · az 0°",21-mar,980,20.5978,251.2099,11.1550,28,9.697208e-3,22,0
26,"Zaragoza · llano · N-S aleatorio 6° · quebrado · bagnarelli ×1 · 8 filas · az 0°",21-mar,1000,17.0327,254.9045,11.1550,28,1.006571e-2,18,0
26,"Zaragoza · llano · N-S aleatorio 6° · quebrado · bagnarelli ×1 · 8 filas · az 0°",21-mar,1020,13.4108,258.4622,11.1550,28,1.770306e-2,12.5,0
26,"Zaragoza · llano · N-S aleatorio 6° · quebrado · bagnarelli ×1 · 8 filas · az 0°",21-mar,1040,9.7530,261.9160,11.1550,28,1.439700e-2,10,0
26,"Zaragoza · llano · N-S aleatorio 6° · quebrado · bagnarelli ×1 · 8 filas · az 0°",21-mar,1060,6.0879,265.2972,11.1550,28,1.159804e-2,6,0
26,"Zaragoza · llano · N-S aleatorio 6° · quebrado · bagnarelli ×1 · 8 filas · az 0°",21-mar,1080,2.4866,268.6354,11.1550,56,5.856143e-3,2.5,0
26,"Zaragoza · llano · N-S aleatorio 6° · quebrado · bagnarelli ×1 · 8 filas · az 0°",21-dic,480,4.5444,126.9401,11.1550,56,7.033874e-2,-3.5,0
26,"Zaragoza · llano · N-S aleatorio 6° · quebrado · bagnarelli ×1 · 8 filas · az 0°",21-dic,500,7.4023,130.4970,11.1550,28,4.539193e-2,-6.5,0
26,"Zaragoza · llano · N-S aleatorio 6° · quebrado · bagnarelli ×1 · 8 filas · az 0°",21-dic,520,10.1358,134.1991,11.1550,28,4.259547e-2,-15,0
26,"Zaragoza · llano · N-S aleatorio 6° · quebrado · bagnarelli ×1 · 8 filas · az 0°",21-dic,540,12.7098,138.0581,11.1550,28,2.527749e-2,-17.5,0
26,"Zaragoza · llano · N-S aleatorio 6° · quebrado · bagnarelli ×1 · 8 filas · az 0°",21-dic,560,15.0987,142.0828,11.1550,28,1.808811e-2,-20.5,0
26,"Zaragoza · llano · N-S aleatorio 6° · quebrado · bagnarelli ×1 · 8 filas · az 0°",21-dic,580,17.2795,146.2782,11.1550,28,1.717490e-2,-27.5,0
26,"Zaragoza · llano · N-S aleatorio 6° · quebrado · bagnarelli ×1 · 8 filas · az 0°",21-dic,600,19.2301,150.6447,11.1550,28,1.663246e-2,-36.5,0
26,"Zaragoza · llano · N-S aleatorio 6° · quebrado · bagnarelli ×1 · 8 filas · az 0°",21-dic,620,20.9291,155.1771,11.1550,28,1.967926e-2,-43,0
26,"Zaragoza · llano · N-S aleatorio 6° · quebrado · bagnarelli ×1 · 8 filas · az 0°",21-dic,640,22.3561,159.8636,11.1550,28,9.868959e-4,-43,0
26,"Zaragoza · llano · N-S aleatorio 6° · quebrado · bagnarelli ×1 · 8 filas · az 0°",21-dic,660,23.4927,164.6856,11.1550,28,0.000000e+0,-52.5,1
26,"Zaragoza · llano · N-S aleatorio 6° · quebrado · bagnarelli ×1 · 8 filas · az 0°",21-dic,680,24.3230,169.6174,11.1550,28,2.038625e-3,-54.5,0
26,"Zaragoza · llano · N-S aleatorio 6° · quebrado · bagnarelli ×1 · 8 filas · az 0°",21-dic,700,24.8347,174.6273,11.1550,28,0.000000e+0,-55,1
26,"Zaragoza · llano · N-S aleatorio 6° · quebrado · bagnarelli ×1 · 8 filas · az 0°",21-dic,720,25.0202,179.6788,11.1550,28,0.000000e+0,-55,1
26,"Zaragoza · llano · N-S aleatorio 6° · quebrado · bagnarelli ×1 · 8 filas · az 0°",21-dic,740,24.8764,184.7327,11.1550,28,0.000000e+0,-55,1
26,"Zaragoza · llano · N-S aleatorio 6° · quebrado · bagnarelli ×1 · 8 filas · az 0°",21-dic,760,24.4057,189.7500,11.1550,28,0.000000e+0,-55,1
26,"Zaragoza · llano · N-S aleatorio 6° · quebrado · bagnarelli ×1 · 8 filas · az 0°",21-dic,780,23.6152,194.6936,11.1550,28,0.000000e+0,53.5,1
26,"Zaragoza · llano · N-S aleatorio 6° · quebrado · bagnarelli ×1 · 8 filas · az 0°",21-dic,800,22.5166,199.5310,11.1550,28,2.478089e-2,51.5,0
26,"Zaragoza · llano · N-S aleatorio 6° · quebrado · bagnarelli ×1 · 8 filas · az 0°",21-dic,820,21.1254,204.2358,11.1550,28,2.515987e-2,43,0
26,"Zaragoza · llano · N-S aleatorio 6° · quebrado · bagnarelli ×1 · 8 filas · az 0°",21-dic,840,19.4598,208.7885,11.1550,28,2.200109e-2,35.5,0
26,"Zaragoza · llano · N-S aleatorio 6° · quebrado · bagnarelli ×1 · 8 filas · az 0°",21-dic,860,17.5399,213.1765,11.1550,28,3.173490e-2,29,0
26,"Zaragoza · llano · N-S aleatorio 6° · quebrado · bagnarelli ×1 · 8 filas · az 0°",21-dic,880,15.3871,217.3936,11.1550,28,2.530898e-2,24.5,0
26,"Zaragoza · llano · N-S aleatorio 6° · quebrado · bagnarelli ×1 · 8 filas · az 0°",21-dic,900,13.0234,221.4397,11.1550,28,4.435592e-2,21.5,0
26,"Zaragoza · llano · N-S aleatorio 6° · quebrado · bagnarelli ×1 · 8 filas · az 0°",21-dic,920,10.4715,225.3193,11.1550,28,6.731832e-2,9.5,0
26,"Zaragoza · llano · N-S aleatorio 6° · quebrado · bagnarelli ×1 · 8 filas · az 0°",21-dic,940,7.7566,229.0407,11.1550,28,6.943002e-2,5.5,0
26,"Zaragoza · llano · N-S aleatorio 6° · quebrado · bagnarelli ×1 · 8 filas · az 0°",21-dic,960,4.9112,232.6152,11.1550,56,1.103147e-1,4.5,0
26,"Zaragoza · llano · N-S aleatorio 6° · quebrado · bagnarelli ×1 · 8 filas · az 0°",21-dic,980,2.0112,236.0562,11.1550,56,1.137587e-1,0,0
27,"Arequipa · ondulado 0.6 · N-S constante -6° · mono · tresbolillo ×1 · 6 filas · az 0°",21-jun,700,4.7742,63.8712,0.0000,33,0.000000e+0,-16.5,1
27,"Arequipa · ondulado 0.6 · N-S constante -6° · mono · tresbolillo ×1 · 6 filas · az 0°",21-jun,720,8.9729,62.1856,0.0000,17,0.000000e+0,-34,1
27,"Arequipa · ondulado 0.6 · N-S constante -6° · mono · tresbolillo ×1 · 6 filas · az 0°",21-jun,740,13.1432,60.3097,0.0000,17,0.000000e+0,-53.5,1
27,"Arequipa · ondulado 0.6 · N-S constante -6° · mono · tresbolillo ×1 · 6 filas · az 0°",21-jun,760,17.2453,58.2184,0.0000,17,0.000000e+0,-55,1
27,"Arequipa · ondulado 0.6 · N-S constante -6° · mono · tresbolillo ×1 · 6 filas · az 0°",21-jun,780,21.2561,55.8815,0.0000,17,0.000000e+0,-55,1
27,"Arequipa · ondulado 0.6 · N-S constante -6° · mono · tresbolillo ×1 · 6 filas · az 0°",21-jun,800,25.1539,53.2637,0.0000,17,0.000000e+0,-55,1
27,"Arequipa · ondulado 0.6 · N-S constante -6° · mono · tresbolillo ×1 · 6 filas · az 0°",21-jun,820,28.9146,50.3241,0.0000,17,0.000000e+0,-55,1
27,"Arequipa · ondulado 0.6 · N-S constante -6° · mono · tresbolillo ×1 · 6 filas · az 0°",21-jun,840,32.5098,47.0168,0.0000,17,0.000000e+0,-55,1
27,"Arequipa · ondulado 0.6 · N-S constante -6° · mono · tresbolillo ×1 · 6 filas · az 0°",21-jun,860,35.9052,43.2920,0.0000,17,0.000000e+0,-55,1
27,"Arequipa · ondulado 0.6 · N-S constante -6° · mono · tresbolillo ×1 · 6 filas · az 0°",21-jun,880,39.0602,39.0991,0.0000,17,0.000000e+0,-55,1
27,"Arequipa · ondulado 0.6 · N-S constante -6° · mono · tresbolillo ×1 · 6 filas · az 0°",21-jun,900,41.9268,34.3923,0.0000,17,0.000000e+0,-55,1
27,"Arequipa · ondulado 0.6 · N-S constante -6° · mono · tresbolillo ×1 · 6 filas · az 0°",21-jun,920,44.4499,29.1395,0.0000,17,0.000000e+0,-55,1
27,"Arequipa · ondulado 0.6 · N-S constante -6° · mono · tresbolillo ×1 · 6 filas · az 0°",21-jun,940,46.5693,23.3352,0.0000,17,0.000000e+0,-55,1
27,"Arequipa · ondulado 0.6 · N-S constante -6° · mono · tresbolillo ×1 · 6 filas · az 0°",21-jun,960,48.2231,17.0150,0.0000,17,0.000000e+0,-55,1
27,"Arequipa · ondulado 0.6 · N-S constante -6° · mono · tresbolillo ×1 · 6 filas · az 0°",21-jun,980,49.3544,10.2679,0.0000,17,0.000000e+0,-55,1
27,"Arequipa · ondulado 0.6 · N-S constante -6° · mono · tresbolillo ×1 · 6 filas · az 0°",21-jun,1000,49.9185,3.2390,0.0000,17,0.000000e+0,-55,1
27,"Arequipa · ondulado 0.6 · N-S constante -6° · mono · tresbolillo ×1 · 6 filas · az 0°",21-jun,1020,49.8916,356.1171,0.0000,17,0.000000e+0,-55,1
27,"Arequipa · ondulado 0.6 · N-S constante -6° · mono · tresbolillo ×1 · 6 filas · az 0°",21-jun,1040,49.2748,349.1064,0.0000,17,0.000000e+0,-55,1
27,"Arequipa · ondulado 0.6 · N-S constante -6° · mono · tresbolillo ×1 · 6 filas · az 0°",21-jun,1060,48.0942,342.3928,0.0000,17,0.000000e+0,-55,1
27,"Arequipa · ondulado 0.6 · N-S constante -6° · mono · tresbolillo ×1 · 6 filas · az 0°",21-jun,1080,46.3957,336.1165,0.0000,17,0.000000e+0,-55,1
27,"Arequipa · ondulado 0.6 · N-S constante -6° · mono · tresbolillo ×1 · 6 filas · az 0°",21-jun,1100,44.2372,330.3613,0.0000,17,0.000000e+0,-55,1
27,"Arequipa · ondulado 0.6 · N-S constante -6° · mono · tresbolillo ×1 · 6 filas · az 0°",21-jun,1120,41.6806,325.1587,0.0000,17,0.000000e+0,-55,1
27,"Arequipa · ondulado 0.6 · N-S constante -6° · mono · tresbolillo ×1 · 6 filas · az 0°",21-jun,1140,38.7857,320.5000,0.0000,17,0.000000e+0,-55,1
27,"Arequipa · ondulado 0.6 · N-S constante -6° · mono · tresbolillo ×1 · 6 filas · az 0°",21-jun,1160,35.6071,316.3514,0.0000,17,0.000000e+0,-55,1
27,"Arequipa · ondulado 0.6 · N-S constante -6° · mono · tresbolillo ×1 · 6 filas · az 0°",21-jun,1180,32.1920,312.6665,0.0000,17,0.000000e+0,-55,1
27,"Arequipa · ondulado 0.6 · N-S constante -6° · mono · tresbolillo ×1 · 6 filas · az 0°",21-jun,1200,28.5805,309.3944,0.0000,17,0.000000e+0,-55,1
27,"Arequipa · ondulado 0.6 · N-S constante -6° · mono · tresbolillo ×1 · 6 filas · az 0°",21-jun,1220,24.8063,306.4858,0.0000,17,0.000000e+0,-55,1
27,"Arequipa · ondulado 0.6 · N-S constante -6° · mono · tresbolillo ×1 · 6 filas · az 0°",21-jun,1240,20.8973,303.8950,0.0000,17,0.000000e+0,-24.5,1
27,"Arequipa · ondulado 0.6 · N-S constante -6° · mono · tresbolillo ×1 · 6 filas · az 0°",21-jun,1260,16.8774,301.5817,0.0000,17,0.000000e+0,-12,1
27,"Arequipa · ondulado 0.6 · N-S constante -6° · mono · tresbolillo ×1 · 6 filas · az 0°",21-jun,1280,12.7680,299.5110,0.0000,17,0.000000e+0,-2.5,1
27,"Arequipa · ondulado 0.6 · N-S constante -6° · mono · tresbolillo ×1 · 6 filas · az 0°",21-jun,1300,8.5930,297.6533,0.0000,17,0.000000e+0,5.5,1
27,"Arequipa · ondulado 0.6 · N-S constante -6° · mono · tresbolillo ×1 · 6 filas · az 0°",21-jun,1320,4.3962,295.9837,0.0000,33,0.000000e+0,3,1
27,"Arequipa · ondulado 0.6 · N-S constante -6° · mono · tresbolillo ×1 · 6 filas · az 0°",21-mar,680,6.1794,87.8345,0.0000,17,0.000000e+0,-10,1
27,"Arequipa · ondulado 0.6 · N-S constante -6° · mono · tresbolillo ×1 · 6 filas · az 0°",21-mar,700,10.9081,86.3640,0.0000,17,0.000000e+0,-27.5,1
27,"Arequipa · ondulado 0.6 · N-S constante -6° · mono · tresbolillo ×1 · 6 filas · az 0°",21-mar,720,15.6602,84.8431,0.0000,17,0.000000e+0,-45.5,1
27,"Arequipa · ondulado 0.6 · N-S constante -6° · mono · tresbolillo ×1 · 6 filas · az 0°",21-mar,740,20.4114,83.2469,0.0000,17,0.000000e+0,-55,1
27,"Arequipa · ondulado 0.6 · N-S constante -6° · mono · tresbolillo ×1 · 6 filas · az 0°",21-mar,760,25.1514,81.5460,0.0000,17,0.000000e+0,-55,1
27,"Arequipa · ondulado 0.6 · N-S constante -6° · mono · tresbolillo ×1 · 6 filas · az 0°",21-mar,780,29.8721,79.7046,0.0000,17,0.000000e+0,-55,1
27,"Arequipa · ondulado 0.6 · N-S constante -6° · mono · tresbolillo ×1 · 6 filas · az 0°",21-mar,800,34.5652,77.6773,0.0000,17,0.000000e+0,-55,1
27,"Arequipa · ondulado 0.6 · N-S constante -6° · mono · tresbolillo ×1 · 6 filas · az 0°",21-mar,820,39.2209,75.4045,0.0000,17,0.000000e+0,-55,1
27,"Arequipa · ondulado 0.6 · N-S constante -6° · mono · tresbolillo ×1 · 6 filas · az 0°",21-mar,840,43.8256,72.8064,0.0000,17,0.000000e+0,-55,1
27,"Arequipa · ondulado 0.6 · N-S constante -6° · mono · tresbolillo ×1 · 6 filas · az 0°",21-mar,860,48.3608,69.7727,0.0000,17,0.000000e+0,-55,1
27,"Arequipa · ondulado 0.6 · N-S constante -6° · mono · tresbolillo ×1 · 6 filas · az 0°",21-mar,880,52.7997,66.1475,0.0000,17,0.000000e+0,-55,1
27,"Arequipa · ondulado 0.6 · N-S constante -6° · mono · tresbolillo ×1 · 6 filas · az 0°",21-mar,900,57.1020,61.7065,0.0000,17,0.000000e+0,-55,1
27,"Arequipa · ondulado 0.6 · N-S constante -6° · mono · tresbolillo ×1 · 6 filas · az 0°",21-mar,920,61.2050,56.1234,0.0000,17,0.000000e+0,-55,1
27,"Arequipa · ondulado 0.6 · N-S constante -6° · mono · tresbolillo ×1 · 6 filas · az 0°",21-mar,940,65.0093,48.9323,0.0000,17,0.000000e+0,-55,1
27,"Arequipa · ondulado 0.6 · N-S constante -6° · mono · tresbolillo ×1 · 6 filas · az 0°",21-mar,960,68.3560,39.5174,0.0000,17,0.000000e+0,-55,1
27,"Arequipa · ondulado 0.6 · N-S constante -6° · mono · tresbolillo ×1 · 6 filas · az 0°",21-mar,980,71.0006,27.2555,0.0000,17,0.000000e+0,-55,1
27,"Arequipa · ondulado 0.6 · N-S constante -6° · mono · tresbolillo ×1 · 6 filas · az 0°",21-mar,1000,72.6192,12.0480,0.0000,17,0.000000e+0,-55,1
27,"Arequipa · ondulado 0.6 · N-S constante -6° · mono · tresbolillo ×1 · 6 filas · az 0°",21-mar,1020,72.9172,355.1449,0.0000,17,0.000000e+0,-55,1
27,"Arequipa · ondulado 0.6 · N-S constante -6° · mono · tresbolillo ×1 · 6 filas · az 0°",21-mar,1040,71.8293,338.9743,0.0000,17,0.000000e+0,-55,1
27,"Arequipa · ondulado 0.6 · N-S constante -6° · mono · tresbolillo ×1 · 6 filas · az 0°",21-mar,1060,69.5760,325.4193,0.0000,17,0.000000e+0,-55,1
27,"Arequipa · ondulado 0.6 · N-S constante -6° · mono · tresbolillo ×1 · 6 filas · az 0°",21-mar,1080,66.4904,314.8661,0.0000,17,0.000000e+0,-55,1
27,"Arequipa · ondulado 0.6 · N-S constante -6° · mono · tresbolillo ×1 · 6 filas · az 0°",21-mar,1100,62.8553,306.8185,0.0000,17,0.000000e+0,-55,1
27,"Arequipa · ondulado 0.6 · N-S constante -6° · mono · tresbolillo ×1 · 6 filas · az 0°",21-mar,1120,58.8631,300.6237,0.0000,17,0.000000e+0,-55,1
27,"Arequipa · ondulado 0.6 · N-S constante -6° · mono · tresbolillo ×1 · 6 filas · az 0°",21-mar,1140,54.6351,295.7491,0.0000,17,0.000000e+0,-55,1
27,"Arequipa · ondulado 0.6 · N-S constante -6° · mono · tresbolillo ×1 · 6 filas · az 0°",21-mar,1160,50.2473,291.8140,0.0000,17,0.000000e+0,-55,1
27,"Arequipa · ondulado 0.6 · N-S constante -6° · mono · tresbolillo ×1 · 6 filas · az 0°",21-mar,1180,45.7481,288.5555,0.0000,17,0.000000e+0,-55,1
27,"Arequipa · ondulado 0.6 · N-S constante -6° · mono · tresbolillo ×1 · 6 filas · az 0°",21-mar,1200,41.1691,285.7922,0.0000,17,0.000000e+0,-55,1
27,"Arequipa · ondulado 0.6 · N-S constante -6° · mono · tresbolillo ×1 · 6 filas · az 0°",21-mar,1220,36.5321,283.3969,0.0000,17,0.000000e+0,-55,1
27,"Arequipa · ondulado 0.6 · N-S constante -6° · mono · tresbolillo ×1 · 6 filas · az 0°",21-mar,1240,31.8523,281.2784,0.0000,17,0.000000e+0,-55,1
27,"Arequipa · ondulado 0.6 · N-S constante -6° · mono · tresbolillo ×1 · 6 filas · az 0°",21-mar,1260,27.1408,279.3695,0.0000,17,0.000000e+0,-25.5,1
27,"Arequipa · ondulado 0.6 · N-S constante -6° · mono · tresbolillo ×1 · 6 filas · az 0°",21-mar,1280,22.4065,277.6197,0.0000,17,0.000000e+0,-13,1
27,"Arequipa · ondulado 0.6 · N-S constante -6° · mono · tresbolillo ×1 · 6 filas · az 0°",21-mar,1300,17.6572,275.9894,0.0000,17,0.000000e+0,-3.5,1
27,"Arequipa · ondulado 0.6 · N-S constante -6° · mono · tresbolillo ×1 · 6 filas · az 0°",21-mar,1320,12.9018,274.4469,0.0000,17,0.000000e+0,4.5,1
27,"Arequipa · ondulado 0.6 · N-S constante -6° · mono · tresbolillo ×1 · 6 filas · az 0°",21-mar,1340,8.1561,272.9659,0.0000,17,0.000000e+0,5.5,1
27,"Arequipa · ondulado 0.6 · N-S constante -6° · mono · tresbolillo ×1 · 6 filas · az 0°",21-mar,1360,3.4752,271.5234,0.0000,33,0.000000e+0,-2,1
27,"Arequipa · ondulado 0.6 · N-S constante -6° · mono · tresbolillo ×1 · 6 filas · az 0°",21-dic,640,5.5090,112.8863,0.0000,33,0.000000e+0,-7,1
27,"Arequipa · ondulado 0.6 · N-S constante -6° · mono · tresbolillo ×1 · 6 filas · az 0°",21-dic,660,9.8795,111.6997,0.0000,17,0.000000e+0,-16.5,1
27,"Arequipa · ondulado 0.6 · N-S constante -6° · mono · tresbolillo ×1 · 6 filas · az 0°",21-dic,680,14.3190,110.6399,0.0000,17,0.000000e+0,-34,1
27,"Arequipa · ondulado 0.6 · N-S constante -6° · mono · tresbolillo ×1 · 6 filas · az 0°",21-dic,700,18.8002,109.7012,0.0000,17,0.000000e+0,-52.5,1
27,"Arequipa · ondulado 0.6 · N-S constante -6° · mono · tresbolillo ×1 · 6 filas · az 0°",21-dic,720,23.3118,108.8811,0.0000,17,0.000000e+0,-55,1
27,"Arequipa · ondulado 0.6 · N-S constante -6° · mono · tresbolillo ×1 · 6 filas · az 0°",21-dic,740,27.8469,108.1807,0.0000,17,0.000000e+0,-55,1
27,"Arequipa · ondulado 0.6 · N-S constante -6° · mono · tresbolillo ×1 · 6 filas · az 0°",21-dic,760,32.4005,107.6058,0.0000,17,0.000000e+0,-55,1
27,"Arequipa · ondulado 0.6 · N-S constante -6° · mono · tresbolillo ×1 · 6 filas · az 0°",21-dic,780,36.9680,107.1676,0.0000,17,0.000000e+0,-55,1
27,"Arequipa · ondulado 0.6 · N-S constante -6° · mono · tresbolillo ×1 · 6 filas · az 0°",21-dic,800,41.5453,106.8854,0.0000,17,0.000000e+0,-55,1
27,"Arequipa · ondulado 0.6 · N-S constante -6° · mono · tresbolillo ×1 · 6 filas · az 0°",21-dic,820,46.1277,106.7892,0.0000,17,0.000000e+0,-55,1
27,"Arequipa · ondulado 0.6 · N-S constante -6° · mono · tresbolillo ×1 · 6 filas · az 0°",21-dic,840,50.7102,106.9266,0.0000,17,0.000000e+0,-55,1
27,"Arequipa · ondulado 0.6 · N-S constante -6° · mono · tresbolillo ×1 · 6 filas · az 0°",21-dic,860,55.2860,107.3727,0.0000,17,0.000000e+0,-55,1
27,"Arequipa · ondulado 0.6 · N-S constante -6° · mono · tresbolillo ×1 · 6 filas · az 0°",21-dic,880,59.8457,108.2507,0.0000,17,0.000000e+0,-55,1
27,"Arequipa · ondulado 0.6 · N-S constante -6° · mono · tresbolillo ×1 · 6 filas · az 0°",21-dic,900,64.3745,109.7715,0.0000,17,0.000000e+0,-55,1
27,"Arequipa · ondulado 0.6 · N-S constante -6° · mono · tresbolillo ×1 · 6 filas · az 0°",21-dic,920,68.8464,112.3221,0.0000,17,0.000000e+0,-55,1
27,"Arequipa · ondulado 0.6 · N-S constante -6° · mono · tresbolillo ×1 · 6 filas · az 0°",21-dic,940,73.2097,116.6755,0.0000,17,0.000000e+0,-55,1
27,"Arequipa · ondulado 0.6 · N-S constante -6° · mono · tresbolillo ×1 · 6 filas · az 0°",21-dic,960,77.3452,124.5416,0.0000,17,0.000000e+0,-55,1
27,"Arequipa · ondulado 0.6 · N-S constante -6° · mono · tresbolillo ×1 · 6 filas · az 0°",21-dic,980,80.9293,139.9625,0.0000,17,0.000000e+0,-55,1
27,"Arequipa · ondulado 0.6 · N-S constante -6° · mono · tresbolillo ×1 · 6 filas · az 0°",21-dic,1000,83.0437,169.7235,0.0000,17,0.000000e+0,-55,1
27,"Arequipa · ondulado 0.6 · N-S constante -6° · mono · tresbolillo ×1 · 6 filas · az 0°",21-dic,1020,82.3507,206.0083,0.0000,17,0.000000e+0,-55,1
27,"Arequipa · ondulado 0.6 · N-S constante -6° · mono · tresbolillo ×1 · 6 filas · az 0°",21-dic,1040,79.3872,228.4830,0.0000,17,0.000000e+0,-55,1
27,"Arequipa · ondulado 0.6 · N-S constante -6° · mono · tresbolillo ×1 · 6 filas · az 0°",21-dic,1060,75.4845,239.6903,0.0000,17,0.000000e+0,-55,1
27,"Arequipa · ondulado 0.6 · N-S constante -6° · mono · tresbolillo ×1 · 6 filas · az 0°",21-dic,1080,71.2217,245.6266,0.0000,17,0.000000e+0,-55,1
27,"Arequipa · ondulado 0.6 · N-S constante -6° · mono · tresbolillo ×1 · 6 filas · az 0°",21-dic,1100,66.7992,249.0147,0.0000,17,0.000000e+0,-55,1
27,"Arequipa · ondulado 0.6 · N-S constante -6° · mono · tresbolillo ×1 · 6 filas · az 0°",21-dic,1120,62.2968,251.0263,0.0000,17,0.000000e+0,-55,1
27,"Arequipa · ondulado 0.6 · N-S constante -6° · mono · tresbolillo ×1 · 6 filas · az 0°",21-dic,1140,57.7514,252.2170,0.0000,17,0.000000e+0,-55,1
27,"Arequipa · ondulado 0.6 · N-S constante -6° · mono · tresbolillo ×1 · 6 filas · az 0°",21-dic,1160,53.1829,252.8767,0.0000,17,0.000000e+0,-55,1
27,"Arequipa · ondulado 0.6 · N-S constante -6° · mono · tresbolillo ×1 · 6 filas · az 0°",21-dic,1180,48.6031,253.1691,0.0000,17,0.000000e+0,-55,1
27,"Arequipa · ondulado 0.6 · N-S constante -6° · mono · tresbolillo ×1 · 6 filas · az 0°",21-dic,1200,44.0199,253.1917,0.0000,17,0.000000e+0,-55,1
27,"Arequipa · ondulado 0.6 · N-S constante -6° · mono · tresbolillo ×1 · 6 filas · az 0°",21-dic,1220,39.4393,253.0053,0.0000,17,0.000000e+0,-55,1
27,"Arequipa · ondulado 0.6 · N-S constante -6° · mono · tresbolillo ×1 · 6 filas · az 0°",21-dic,1240,34.8660,252.6483,0.0000,17,0.000000e+0,-55,1
27,"Arequipa · ondulado 0.6 · N-S constante -6° · mono · tresbolillo ×1 · 6 filas · az 0°",21-dic,1260,30.3044,252.1454,0.0000,17,0.000000e+0,-32,1
27,"Arequipa · ondulado 0.6 · N-S constante -6° · mono · tresbolillo ×1 · 6 filas · az 0°",21-dic,1280,25.7587,251.5118,0.0000,17,0.000000e+0,-17.5,1
27,"Arequipa · ondulado 0.6 · N-S constante -6° · mono · tresbolillo ×1 · 6 filas · az 0°",21-dic,1300,21.2337,250.7559,0.0000,17,0.000000e+0,-7.5,1
27,"Arequipa · ondulado 0.6 · N-S constante -6° · mono · tresbolillo ×1 · 6 filas · az 0°",21-dic,1320,16.7351,249.8813,0.0000,17,0.000000e+0,0.5,1
27,"Arequipa · ondulado 0.6 · N-S constante -6° · mono · tresbolillo ×1 · 6 filas · az 0°",21-dic,1340,12.2712,248.8874,0.0000,17,0.000000e+0,8.5,1
27,"Arequipa · ondulado 0.6 · N-S constante -6° · mono · tresbolillo ×1 · 6 filas · az 0°",21-dic,1360,7.8581,247.7702,0.0000,17,0.000000e+0,-3.5,1
27,"Arequipa · ondulado 0.6 · N-S constante -6° · mono · tresbolillo ×1 · 6 filas · az 0°",21-dic,1380,3.5464,246.5223,0.0000,33,0.000000e+0,-2,1
28,"Zaragoza · aleatorio 7 · N-S constante 3° · quebrado · medios ×1 · 6 filas · az 15°",21-jun,300,4.3153,62.0288,0.0000,33,0.000000e+0,-3.5,1
28,"Zaragoza · aleatorio 7 · N-S constante 3° · quebrado · medios ×1 · 6 filas · az 15°",21-jun,320,7.5953,65.1785,0.0000,17,0.000000e+0,-9.5,1
28,"Zaragoza · aleatorio 7 · N-S constante 3° · quebrado · medios ×1 · 6 filas · az 15°",21-jun,340,10.9965,68.2578,0.0000,17,0.000000e+0,-24,1
28,"Zaragoza · aleatorio 7 · N-S constante 3° · quebrado · medios ×1 · 6 filas · az 15°",21-jun,360,14.4858,71.2858,0.0000,17,0.000000e+0,-38,1
28,"Zaragoza · aleatorio 7 · N-S constante 3° · quebrado · medios ×1 · 6 filas · az 15°",21-jun,380,18.0452,74.2827,0.0000,17,0.000000e+0,-52.5,1
28,"Zaragoza · aleatorio 7 · N-S constante 3° · quebrado · medios ×1 · 6 filas · az 15°",21-jun,400,21.6612,77.2704,0.0000,17,0.000000e+0,-55,1
28,"Zaragoza · aleatorio 7 · N-S constante 3° · quebrado · medios ×1 · 6 filas · az 15°",21-jun,420,25.3226,80.2731,0.0000,17,0.000000e+0,-55,1
28,"Zaragoza · aleatorio 7 · N-S constante 3° · quebrado · medios ×1 · 6 filas · az 15°",21-jun,440,29.0187,83.3183,0.0000,17,0.000000e+0,-55,1
28,"Zaragoza · aleatorio 7 · N-S constante 3° · quebrado · medios ×1 · 6 filas · az 15°",21-jun,460,32.7391,86.4376,0.0000,17,0.000000e+0,-55,1
28,"Zaragoza · aleatorio 7 · N-S constante 3° · quebrado · medios ×1 · 6 filas · az 15°",21-jun,480,36.4729,89.6687,0.0000,17,0.000000e+0,-55,1
28,"Zaragoza · aleatorio 7 · N-S constante 3° · quebrado · medios ×1 · 6 filas · az 15°",21-jun,500,40.2084,93.0578,0.0000,17,0.000000e+0,-55,1
28,"Zaragoza · aleatorio 7 · N-S constante 3° · quebrado · medios ×1 · 6 filas · az 15°",21-jun,520,43.9319,96.6624,0.0000,17,0.000000e+0,-55,1
28,"Zaragoza · aleatorio 7 · N-S constante 3° · quebrado · medios ×1 · 6 filas · az 15°",21-jun,540,47.6271,100.5563,0.0000,17,0.000000e+0,-55,1
28,"Zaragoza · aleatorio 7 · N-S constante 3° · quebrado · medios ×1 · 6 filas · az 15°",21-jun,560,51.2734,104.8355,0.0000,17,0.000000e+0,-55,1
28,"Zaragoza · aleatorio 7 · N-S constante 3° · quebrado · medios ×1 · 6 filas · az 15°",21-jun,580,54.8437,109.6272,0.0000,17,0.000000e+0,-55,1
28,"Zaragoza · aleatorio 7 · N-S constante 3° · quebrado · medios ×1 · 6 filas · az 15°",21-jun,600,58.3011,115.1015,0.0000,17,0.000000e+0,-55,1
28,"Zaragoza · aleatorio 7 · N-S constante 3° · quebrado · medios ×1 · 6 filas · az 15°",21-jun,620,61.5938,121.4838,0.0000,17,0.000000e+0,-55,1
28,"Zaragoza · aleatorio 7 · N-S constante 3° · quebrado · medios ×1 · 6 filas · az 15°",21-jun,640,64.6480,129.0638,0.0000,17,0.000000e+0,-55,1
28,"Zaragoza · aleatorio 7 · N-S constante 3° · quebrado · medios ×1 · 6 filas · az 15°",21-jun,660,67.3579,138.1801,0.0000,17,0.000000e+0,-55,1
28,"Zaragoza · aleatorio 7 · N-S constante 3° · quebrado · medios ×1 · 6 filas · az 15°",21-jun,680,69.5784,149.1387,0.0000,17,0.000000e+0,-55,1
28,"Zaragoza · aleatorio 7 · N-S constante 3° · quebrado · medios ×1 · 6 filas · az 15°",21-jun,700,71.1301,162.0059,0.0000,17,0.000000e+0,-55,1
28,"Zaragoza · aleatorio 7 · N-S constante 3° · quebrado · medios ×1 · 6 filas · az 15°",21-jun,720,71.8368,176.3074,0.0000,17,0.000000e+0,-55,1
28,"Zaragoza · aleatorio 7 · N-S constante 3° · quebrado · medios ×1 · 6 filas · az 15°",21-jun,740,71.5993,190.9409,0.0000,17,0.000000e+0,-55,1
28,"Zaragoza · aleatorio 7 · N-S constante 3° · quebrado · medios ×1 · 6 filas · az 15°",21-jun,760,70.4524,204.6300,0.0000,17,0.000000e+0,-55,1
28,"Zaragoza · aleatorio 7 · N-S constante 3° · quebrado · medios ×1 · 6 filas · az 15°",21-jun,780,68.5438,216.5649,0.0000,17,0.000000e+0,-55,1
28,"Zaragoza · aleatorio 7 · N-S constante 3° · quebrado · medios ×1 · 6 filas · az 15°",21-jun,800,66.0587,226.5756,0.0000,17,0.000000e+0,-55,1
28,"Zaragoza · aleatorio 7 · N-S constante 3° · quebrado · medios ×1 · 6 filas · az 15°",21-jun,820,63.1617,234.8830,0.0000,17,0.000000e+0,-55,1
28,"Zaragoza · aleatorio 7 · N-S constante 3° · quebrado · medios ×1 · 6 filas · az 15°",21-jun,840,59.9777,241.8261,0.0000,17,0.000000e+0,-55,1
28,"Zaragoza · aleatorio 7 · N-S constante 3° · quebrado · medios ×1 · 6 filas · az 15°",21-jun,860,56.5952,247.7238,0.0000,17,0.000000e+0,-55,1
28,"Zaragoza · aleatorio 7 · N-S constante 3° · quebrado · medios ×1 · 6 filas · az 15°",21-jun,880,53.0761,252.8336,0.0000,17,0.000000e+0,-55,1
28,"Zaragoza · aleatorio 7 · N-S constante 3° · quebrado · medios ×1 · 6 filas · az 15°",21-jun,900,49.4641,257.3516,0.0000,17,0.000000e+0,-55,1
28,"Zaragoza · aleatorio 7 · N-S constante 3° · quebrado · medios ×1 · 6 filas · az 15°",21-jun,920,45.7905,261.4251,0.0000,17,0.000000e+0,-55,1
28,"Zaragoza · aleatorio 7 · N-S constante 3° · quebrado · medios ×1 · 6 filas · az 15°",21-jun,940,42.0789,265.1644,0.0000,17,0.000000e+0,-55,1
28,"Zaragoza · aleatorio 7 · N-S constante 3° · quebrado · medios ×1 · 6 filas · az 15°",21-jun,960,38.3476,268.6535,0.0000,17,0.000000e+0,-55,1
28,"Zaragoza · aleatorio 7 · N-S constante 3° · quebrado · medios ×1 · 6 filas · az 15°",21-jun,980,34.6113,271.9575,0.0000,17,0.000000e+0,-55,1
28,"Zaragoza · aleatorio 7 · N-S constante 3° · quebrado · medios ×1 · 6 filas · az 15°",21-jun,1000,30.8827,275.1277,0.0000,17,0.000000e+0,-55,1
28,"Zaragoza · aleatorio 7 · N-S constante 3° · quebrado · medios ×1 · 6 filas · az 15°",21-jun,1020,27.1731,278.2058,0.0000,17,0.000000e+0,-37,1
28,"Zaragoza · aleatorio 7 · N-S constante 3° · quebrado · medios ×1 · 6 filas · az 15°",21-jun,1040,23.4930,281.2261,0.0000,17,0.000000e+0,-24,1
28,"Zaragoza · aleatorio 7 · N-S constante 3° · quebrado · medios ×1 · 6 filas · az 15°",21-jun,1060,19.8529,284.2181,0.0000,17,0.000000e+0,-15.5,1
28,"Zaragoza · aleatorio 7 · N-S constante 3° · quebrado · medios ×1 · 6 filas · az 15°",21-jun,1080,16.2635,287.2075,0.0000,17,0.000000e+0,-8.5,1
28,"Zaragoza · aleatorio 7 · N-S constante 3° · quebrado · medios ×1 · 6 filas · az 15°",21-jun,1100,12.7372,290.2173,0.0000,17,0.000000e+0,-2,1
28,"Zaragoza · aleatorio 7 · N-S constante 3° · quebrado · medios ×1 · 6 filas · az 15°",21-jun,1120,9.2889,293.2684,0.0000,17,0.000000e+0,3.5,1
28,"Zaragoza · aleatorio 7 · N-S constante 3° · quebrado · medios ×1 · 6 filas · az 15°",21-jun,1140,5.9421,296.3805,0.0000,33,0.000000e+0,4.5,1
28,"Zaragoza · aleatorio 7 · N-S constante 3° · quebrado · medios ×1 · 6 filas · az 15°",21-jun,1160,2.7509,299.5720,0.0000,33,4.983755e-1,2,0
28,"Zaragoza · aleatorio 7 · N-S constante 3° · quebrado · medios ×1 · 6 filas · az 15°",21-mar,380,2.2529,91.3999,0.0000,33,0.000000e+0,-1.5,1
28,"Zaragoza · aleatorio 7 · N-S constante 3° · quebrado · medios ×1 · 6 filas · az 15°",21-mar,400,5.8504,94.7292,0.0000,33,0.000000e+0,-8,1
28,"Zaragoza · aleatorio 7 · N-S constante 3° · quebrado · medios ×1 · 6 filas · az 15°",21-mar,420,9.5200,98.1006,0.0000,17,0.000000e+0,-16,1
28,"Zaragoza · aleatorio 7 · N-S constante 3° · quebrado · medios ×1 · 6 filas · az 15°",21-mar,440,13.1842,101.5436,0.0000,17,0.000000e+0,-29.5,1
28,"Zaragoza · aleatorio 7 · N-S constante 3° · quebrado · medios ×1 · 6 filas · az 15°",21-mar,460,16.8132,105.0894,0.0000,17,0.000000e+0,-43.5,1
28,"Zaragoza · aleatorio 7 · N-S constante 3° · quebrado · medios ×1 · 6 filas · az 15°",21-mar,480,20.3859,108.7709,0.0000,17,0.000000e+0,-55,1
28,"Zaragoza · aleatorio 7 · N-S constante 3° · quebrado · medios ×1 · 6 filas · az 15°",21-mar,500,23.8823,112.6235,0.0000,17,0.000000e+0,-55,1
28,"Zaragoza · aleatorio 7 · N-S constante 3° · quebrado · medios ×1 · 6 filas · az 15°",21-mar,520,27.2812,116.6855,0.0000,17,0.000000e+0,-55,1
28,"Zaragoza · aleatorio 7 · N-S constante 3° · quebrado · medios ×1 · 6 filas · az 15°",21-mar,540,30.5584,120.9974,0.0000,17,0.000000e+0,-55,1
28,"Zaragoza · aleatorio 7 · N-S constante 3° · quebrado · medios ×1 · 6 filas · az 15°",21-mar,560,33.6866,125.6019,0.0000,17,0.000000e+0,-55,1
28,"Zaragoza · aleatorio 7 · N-S constante 3° · quebrado · medios ×1 · 6 filas · az 15°",21-mar,580,36.6339,130.5419,0.0000,17,0.000000e+0,-55,1
28,"Zaragoza · aleatorio 7 · N-S constante 3° · quebrado · medios ×1 · 6 filas · az 15°",21-mar,600,39.3642,135.8579,0.0000,17,0.000000e+0,-55,1
28,"Zaragoza · aleatorio 7 · N-S constante 3° · quebrado · medios ×1 · 6 filas · az 15°",21-mar,620,41.8362,141.5831,0.0000,17,0.000000e+0,-55,1
28,"Zaragoza · aleatorio 7 · N-S constante 3° · quebrado · medios ×1 · 6 filas · az 15°",21-mar,640,44.0046,147.7369,0.0000,17,0.000000e+0,-55,1
28,"Zaragoza · aleatorio 7 · N-S constante 3° · quebrado · medios ×1 · 6 filas · az 15°",21-mar,660,45.8219,154.3164,0.0000,17,0.000000e+0,-55,1
28,"Zaragoza · aleatorio 7 · N-S constante 3° · quebrado · medios ×1 · 6 filas · az 15°",21-mar,680,47.2408,161.2877,0.0000,17,0.000000e+0,-55,1
28,"Zaragoza · aleatorio 7 · N-S constante 3° · quebrado · medios ×1 · 6 filas · az 15°",21-mar,700,48.2189,168.5799,0.0000,17,0.000000e+0,-55,1
28,"Zaragoza · aleatorio 7 · N-S constante 3° · quebrado · medios ×1 · 6 filas · az 15°",21-mar,720,48.7237,176.0853,0.0000,17,0.000000e+0,-55,1
28,"Zaragoza · aleatorio 7 · N-S constante 3° · quebrado · medios ×1 · 6 filas · az 15°",21-mar,740,48.7373,183.6681,0.0000,17,0.000000e+0,-55,1
28,"Zaragoza · aleatorio 7 · N-S constante 3° · quebrado · medios ×1 · 6 filas · az 15°",21-mar,760,48.2591,191.1814,0.0000,17,0.000000e+0,-55,1
28,"Zaragoza · aleatorio 7 · N-S constante 3° · quebrado · medios ×1 · 6 filas · az 15°",21-mar,780,47.3064,198.4885,0.0000,17,0.000000e+0,-55,1
28,"Zaragoza · aleatorio 7 · N-S constante 3° · quebrado · medios ×1 · 6 filas · az 15°",21-mar,800,45.9109,205.4797,0.0000,17,0.000000e+0,-55,1
28,"Zaragoza · aleatorio 7 · N-S constante 3° · quebrado · medios ×1 · 6 filas · az 15°",21-mar,820,44.1149,212.0823,0.0000,17,0.000000e+0,-55,1
28,"Zaragoza · aleatorio 7 · N-S constante 3° · quebrado · medios ×1 · 6 filas · az 15°",21-mar,840,41.9653,218.2604,0.0000,17,0.000000e+0,-55,1
28,"Zaragoza · aleatorio 7 · N-S constante 3° · quebrado · medios ×1 · 6 filas · az 15°",21-mar,860,39.5099,224.0098,0.0000,17,0.000000e+0,-55,1
28,"Zaragoza · aleatorio 7 · N-S constante 3° · quebrado · medios ×1 · 6 filas · az 15°",21-mar,880,36.7942,229.3489,0.0000,17,0.000000e+0,-55,1
28,"Zaragoza · aleatorio 7 · N-S constante 3° · quebrado · medios ×1 · 6 filas · az 15°",21-mar,900,33.8596,234.3105,0.0000,17,0.000000e+0,-55,1
28,"Zaragoza · aleatorio 7 · N-S constante 3° · quebrado · medios ×1 · 6 filas · az 15°",21-mar,920,30.7428,238.9347,0.0000,17,0.000000e+0,-55,1
28,"Zaragoza · aleatorio 7 · N-S constante 3° · quebrado · medios ×1 · 6 filas · az 15°",21-mar,940,27.4756,243.2645,0.0000,17,0.000000e+0,-55,1
28,"Zaragoza · aleatorio 7 · N-S constante 3° · quebrado · medios ×1 · 6 filas · az 15°",21-mar,960,24.0859,247.3426,0.0000,17,0.000000e+0,-55,1
28,"Zaragoza · aleatorio 7 · N-S constante 3° · quebrado · medios ×1 · 6 filas · az 15°",21-mar,980,20.5978,251.2099,0.0000,17,0.000000e+0,-30.5,1
28,"Zaragoza · aleatorio 7 · N-S constante 3° · quebrado · medios ×1 · 6 filas · az 15°",21-mar,1000,17.0327,254.9045,0.0000,17,0.000000e+0,-17.5,1
28,"Zaragoza · aleatorio 7 · N-S constante 3° · quebrado · medios ×1 · 6 filas · az 15°",21-mar,1020,13.4108,258.4622,0.0000,17,0.000000e+0,-8.5,1
28,"Zaragoza · aleatorio 7 · N-S constante 3° · quebrado · medios ×1 · 6 filas · az 15°",21-mar,1040,9.7530,261.9160,0.0000,17,0.000000e+0,-1,1
28,"Zaragoza · aleatorio 7 · N-S constante 3° · quebrado · medios ×1 · 6 filas · az 15°",21-mar,1060,6.0879,265.2972,0.0000,17,0.000000e+0,5.5,1
28,"Zaragoza · aleatorio 7 · N-S constante 3° · quebrado · medios ×1 · 6 filas · az 15°",21-mar,1080,2.4866,268.6354,0.0000,33,0.000000e+0,-2.5,1
28,"Zaragoza · aleatorio 7 · N-S constante 3° · quebrado · medios ×1 · 6 filas · az 15°",21-dic,480,4.5444,126.9401,0.0000,33,0.000000e+0,-7,1
28,"Zaragoza · aleatorio 7 · N-S constante 3° · quebrado · medios ×1 · 6 filas · az 15°",21-dic,500,7.4023,130.4970,0.0000,17,0.000000e+0,-17,1
28,"Zaragoza · aleatorio 7 · N-S constante 3° · quebrado · medios ×1 · 6 filas · az 15°",21-dic,520,10.1358,134.1991,0.0000,17,0.000000e+0,-30,1
28,"Zaragoza · aleatorio 7 · N-S constante 3° · quebrado · medios ×1 · 6 filas · az 15°",21-dic,540,12.7098,138.0581,0.0000,17,0.000000e+0,-43.5,1
28,"Zaragoza · aleatorio 7 · N-S constante 3° · quebrado · medios ×1 · 6 filas · az 15°",21-dic,560,15.0987,142.0828,0.0000,17,0.000000e+0,-55,1
28,"Zaragoza · aleatorio 7 · N-S constante 3° · quebrado · medios ×1 · 6 filas · az 15°",21-dic,580,17.2795,146.2782,0.0000,17,0.000000e+0,-55,1
28,"Zaragoza · aleatorio 7 · N-S constante 3° · quebrado · medios ×1 · 6 filas · az 15°",21-dic,600,19.2301,150.6447,0.0000,17,0.000000e+0,-55,1
28,"Zaragoza · aleatorio 7 · N-S constante 3° · quebrado · medios ×1 · 6 filas · az 15°",21-dic,620,20.9291,155.1771,0.0000,17,0.000000e+0,-55,1
28,"Zaragoza · aleatorio 7 · N-S constante 3° · quebrado · medios ×1 · 6 filas · az 15°",21-dic,640,22.3561,159.8636,0.0000,17,0.000000e+0,-55,1
28,"Zaragoza · aleatorio 7 · N-S constante 3° · quebrado · medios ×1 · 6 filas · az 15°",21-dic,660,23.4927,164.6856,0.0000,17,0.000000e+0,-55,1
28,"Zaragoza · aleatorio 7 · N-S constante 3° · quebrado · medios ×1 · 6 filas · az 15°",21-dic,680,24.3230,169.6174,0.0000,17,0.000000e+0,-55,1
28,"Zaragoza · aleatorio 7 · N-S constante 3° · quebrado · medios ×1 · 6 filas · az 15°",21-dic,700,24.8347,174.6273,0.0000,17,0.000000e+0,-55,1
28,"Zaragoza · aleatorio 7 · N-S constante 3° · quebrado · medios ×1 · 6 filas · az 15°",21-dic,720,25.0202,179.6788,0.0000,17,0.000000e+0,-55,1
28,"Zaragoza · aleatorio 7 · N-S constante 3° · quebrado · medios ×1 · 6 filas · az 15°",21-dic,740,24.8764,184.7327,0.0000,17,0.000000e+0,-55,1
28,"Zaragoza · aleatorio 7 · N-S constante 3° · quebrado · medios ×1 · 6 filas · az 15°",21-dic,760,24.4057,189.7500,0.0000,17,0.000000e+0,-55,1
28,"Zaragoza · aleatorio 7 · N-S constante 3° · quebrado · medios ×1 · 6 filas · az 15°",21-dic,780,23.6152,194.6936,0.0000,17,0.000000e+0,-55,1
28,"Zaragoza · aleatorio 7 · N-S constante 3° · quebrado · medios ×1 · 6 filas · az 15°",21-dic,800,22.5166,199.5310,0.0000,17,0.000000e+0,-55,1
28,"Zaragoza · aleatorio 7 · N-S constante 3° · quebrado · medios ×1 · 6 filas · az 15°",21-dic,820,21.1254,204.2358,0.0000,17,0.000000e+0,-55,1
28,"Zaragoza · aleatorio 7 · N-S constante 3° · quebrado · medios ×1 · 6 filas · az 15°",21-dic,840,19.4598,208.7885,0.0000,17,0.000000e+0,-55,1
28,"Zaragoza · aleatorio 7 · N-S constante 3° · quebrado · medios ×1 · 6 filas · az 15°",21-dic,860,17.5399,213.1765,0.0000,17,0.000000e+0,-55,1
28,"Zaragoza · aleatorio 7 · N-S constante 3° · quebrado · medios ×1 · 6 filas · az 15°",21-dic,880,15.3871,217.3936,0.0000,17,0.000000e+0,-55,1
28,"Zaragoza · aleatorio 7 · N-S constante 3° · quebrado · medios ×1 · 6 filas · az 15°",21-dic,900,13.0234,221.4397,0.0000,17,0.000000e+0,-55,1
28,"Zaragoza · aleatorio 7 · N-S constante 3° · quebrado · medios ×1 · 6 filas · az 15°",21-dic,920,10.4715,225.3193,0.0000,17,0.000000e+0,-26,1
28,"Zaragoza · aleatorio 7 · N-S constante 3° · quebrado · medios ×1 · 6 filas · az 15°",21-dic,940,7.7566,229.0407,0.0000,17,0.000000e+0,-11,1
28,"Zaragoza · aleatorio 7 · N-S constante 3° · quebrado · medios ×1 · 6 filas · az 15°",21-dic,960,4.9112,232.6152,0.0000,33,0.000000e+0,-1,1
28,"Zaragoza · aleatorio 7 · N-S constante 3° · quebrado · medios ×1 · 6 filas · az 15°",21-dic,980,2.0112,236.0562,0.0000,33,0.000000e+0,6,1
29,"Zaragoza · llano · N-S aleatorio 6° · bifila · bagnarelli ×1 · 8 filas · az 0°",21-jun,300,4.3153,62.0288,10.2881,56,3.481716e-2,-7.5,0
29,"Zaragoza · llano · N-S aleatorio 6° · bifila · bagnarelli ×1 · 8 filas · az 0°",21-jun,320,7.5953,65.1785,10.2881,28,3.015691e-2,-10.5,0
29,"Zaragoza · llano · N-S aleatorio 6° · bifila · bagnarelli ×1 · 8 filas · az 0°",21-jun,340,10.9965,68.2578,10.2881,28,2.808921e-2,-10,0
29,"Zaragoza · llano · N-S aleatorio 6° · bifila · bagnarelli ×1 · 8 filas · az 0°",21-jun,360,14.4858,71.2858,10.2881,28,8.950846e-3,-14.5,0
29,"Zaragoza · llano · N-S aleatorio 6° · bifila · bagnarelli ×1 · 8 filas · az 0°",21-jun,380,18.0452,74.2827,10.2881,28,7.161263e-3,-19,0
29,"Zaragoza · llano · N-S aleatorio 6° · bifila · bagnarelli ×1 · 8 filas · az 0°",21-jun,400,21.6612,77.2704,10.2881,28,0.000000e+0,-23,1
29,"Zaragoza · llano · N-S aleatorio 6° · bifila · bagnarelli ×1 · 8 filas · az 0°",21-jun,420,25.3226,80.2731,10.2881,28,9.107284e-3,-26.5,0
29,"Zaragoza · llano · N-S aleatorio 6° · bifila · bagnarelli ×1 · 8 filas · az 0°",21-jun,440,29.0187,83.3183,10.2881,28,0.000000e+0,-29.5,1
29,"Zaragoza · llano · N-S aleatorio 6° · bifila · bagnarelli ×1 · 8 filas · az 0°",21-jun,460,32.7391,86.4376,10.2881,28,9.355538e-3,-33,0
29,"Zaragoza · llano · N-S aleatorio 6° · bifila · bagnarelli ×1 · 8 filas · az 0°",21-jun,480,36.4729,89.6687,10.2881,28,0.000000e+0,-36.5,1
29,"Zaragoza · llano · N-S aleatorio 6° · bifila · bagnarelli ×1 · 8 filas · az 0°",21-jun,500,40.2084,93.0578,10.2881,28,0.000000e+0,-42,1
29,"Zaragoza · llano · N-S aleatorio 6° · bifila · bagnarelli ×1 · 8 filas · az 0°",21-jun,520,43.9319,96.6624,10.2881,28,0.000000e+0,-45,1
29,"Zaragoza · llano · N-S aleatorio 6° · bifila · bagnarelli ×1 · 8 filas · az 0°",21-jun,540,47.6271,100.5563,10.2881,28,1.162749e-2,-47.5,0
29,"Zaragoza · llano · N-S aleatorio 6° · bifila · bagnarelli ×1 · 8 filas · az 0°",21-jun,560,51.2734,104.8355,10.2881,28,0.000000e+0,-53.5,1
29,"Zaragoza · llano · N-S aleatorio 6° · bifila · bagnarelli ×1 · 8 filas · az 0°",21-jun,580,54.8437,109.6272,10.2881,28,1.988331e-3,-55,0
29,"Zaragoza · llano · N-S aleatorio 6° · bifila · bagnarelli ×1 · 8 filas · az 0°",21-jun,600,58.3011,115.1015,10.2881,28,1.397744e-2,-55,0
29,"Zaragoza · llano · N-S aleatorio 6° · bifila · bagnarelli ×1 · 8 filas · az 0°",21-jun,620,61.5938,121.4838,10.2881,28,3.033374e-2,-55,0
29,"Zaragoza · llano · N-S aleatorio 6° · bifila · bagnarelli ×1 · 8 filas · az 0°",21-jun,640,64.6480,129.0638,10.2881,28,9.586994e-3,-55,0
29,"Zaragoza · llano · N-S aleatorio 6° · bifila · bagnarelli ×1 · 8 filas · az 0°",21-jun,660,67.3579,138.1801,10.2881,28,0.000000e+0,-55,1
29,"Zaragoza · llano · N-S aleatorio 6° · bifila · bagnarelli ×1 · 8 filas · az 0°",21-jun,680,69.5784,149.1387,10.2881,28,0.000000e+0,-55,1
29,"Zaragoza · llano · N-S aleatorio 6° · bifila · bagnarelli ×1 · 8 filas · az 0°",21-jun,700,71.1301,162.0059,10.2881,28,0.000000e+0,-55,1
29,"Zaragoza · llano · N-S aleatorio 6° · bifila · bagnarelli ×1 · 8 filas · az 0°",21-jun,720,71.8368,176.3074,10.2881,28,0.000000e+0,-55,1
29,"Zaragoza · llano · N-S aleatorio 6° · bifila · bagnarelli ×1 · 8 filas · az 0°",21-jun,740,71.5993,190.9409,10.2881,28,0.000000e+0,-55,1
29,"Zaragoza · llano · N-S aleatorio 6° · bifila · bagnarelli ×1 · 8 filas · az 0°",21-jun,760,70.4524,204.6300,10.2881,28,0.000000e+0,-55,1
29,"Zaragoza · llano · N-S aleatorio 6° · bifila · bagnarelli ×1 · 8 filas · az 0°",21-jun,780,68.5438,216.5649,10.2881,28,0.000000e+0,-55,1
29,"Zaragoza · llano · N-S aleatorio 6° · bifila · bagnarelli ×1 · 8 filas · az 0°",21-jun,800,66.0587,226.5756,10.2881,28,0.000000e+0,-55,1
29,"Zaragoza · llano · N-S aleatorio 6° · bifila · bagnarelli ×1 · 8 filas · az 0°",21-jun,820,63.1617,234.8830,10.2881,28,0.000000e+0,-55,1
29,"Zaragoza · llano · N-S aleatorio 6° · bifila · bagnarelli ×1 · 8 filas · az 0°",21-jun,840,59.9777,241.8261,10.2881,28,0.000000e+0,24,1
29,"Zaragoza · llano · N-S aleatorio 6° · bifila · bagnarelli ×1 · 8 filas · az 0°",21-jun,860,56.5952,247.7238,10.2881,28,0.000000e+0,41.5,1
29,"Zaragoza · llano · N-S aleatorio 6° · bifila · bagnarelli ×1 · 8 filas · az 0°",21-jun,880,53.0761,252.8336,10.2881,28,0.000000e+0,54.5,1
29,"Zaragoza · llano · N-S aleatorio 6° · bifila · bagnarelli ×1 · 8 filas · az 0°",21-jun,900,49.4641,257.3516,10.2881,28,3.328222e-3,49.5,0
29,"Zaragoza · llano · N-S aleatorio 6° · bifila · bagnarelli ×1 · 8 filas · az 0°",21-jun,920,45.7905,261.4251,10.2881,28,0.000000e+0,46.5,1
29,"Zaragoza · llano · N-S aleatorio 6° · bifila · bagnarelli ×1 · 8 filas · az 0°",21-jun,940,42.0789,265.1644,10.2881,28,5.874303e-3,42,0
29,"Zaragoza · llano · N-S aleatorio 6° · bifila · bagnarelli ×1 · 8 filas · az 0°",21-jun,960,38.3476,268.6535,10.2881,28,0.000000e+0,38.5,1
29,"Zaragoza · llano · N-S aleatorio 6° · bifila · bagnarelli ×1 · 8 filas · az 0°",21-jun,980,34.6113,271.9575,10.2881,28,0.000000e+0,34.5,1
29,"Zaragoza · llano · N-S aleatorio 6° · bifila · bagnarelli ×1 · 8 filas · az 0°",21-jun,1000,30.8827,275.1277,10.2881,28,0.000000e+0,30.5,1
29,"Zaragoza · llano · N-S aleatorio 6° · bifila · bagnarelli ×1 · 8 filas · az 0°",21-jun,1020,27.1731,278.2058,10.2881,28,0.000000e+0,28,1
29,"Zaragoza · llano · N-S aleatorio 6° · bifila · bagnarelli ×1 · 8 filas · az 0°",21-jun,1040,23.4930,281.2261,10.2881,28,7.664401e-3,23,0
29,"Zaragoza · llano · N-S aleatorio 6° · bifila · bagnarelli ×1 · 8 filas · az 0°",21-jun,1060,19.8529,284.2181,10.2881,28,5.314409e-3,21,0
29,"Zaragoza · llano · N-S aleatorio 6° · bifila · bagnarelli ×1 · 8 filas · az 0°",21-jun,1080,16.2635,287.2075,10.2881,28,9.751779e-3,17,0
29,"Zaragoza · llano · N-S aleatorio 6° · bifila · bagnarelli ×1 · 8 filas · az 0°",21-jun,1100,12.7372,290.2173,10.2881,28,1.608029e-2,15.5,0
29,"Zaragoza · llano · N-S aleatorio 6° · bifila · bagnarelli ×1 · 8 filas · az 0°",21-jun,1120,9.2889,293.2684,10.2881,28,2.197273e-2,8.5,0
29,"Zaragoza · llano · N-S aleatorio 6° · bifila · bagnarelli ×1 · 8 filas · az 0°",21-jun,1140,5.9421,296.3805,10.2881,56,2.581070e-2,9,0
29,"Zaragoza · llano · N-S aleatorio 6° · bifila · bagnarelli ×1 · 8 filas · az 0°",21-jun,1160,2.7509,299.5720,10.2881,56,3.255627e-2,0.5,0
29,"Zaragoza · llano · N-S aleatorio 6° · bifila · bagnarelli ×1 · 8 filas · az 0°",21-mar,380,2.2529,91.3999,10.2881,56,4.675570e-3,-2.5,0
29,"Zaragoza · llano · N-S aleatorio 6° · bifila · bagnarelli ×1 · 8 filas · az 0°",21-mar,400,5.8504,94.7292,10.2881,56,1.393421e-2,-5.5,0
29,"Zaragoza · llano · N-S aleatorio 6° · bifila · bagnarelli ×1 · 8 filas · az 0°",21-mar,420,9.5200,98.1006,10.2881,28,1.857634e-2,-9,0
29,"Zaragoza · llano · N-S aleatorio 6° · bifila · bagnarelli ×1 · 8 filas · az 0°",21-mar,440,13.1842,101.5436,10.2881,28,1.169511e-2,-14.5,0
29,"Zaragoza · llano · N-S aleatorio 6° · bifila · bagnarelli ×1 · 8 filas · az 0°",21-mar,460,16.8132,105.0894,10.2881,28,1.023616e-2,-17.5,0
29,"Zaragoza · llano · N-S aleatorio 6° · bifila · bagnarelli ×1 · 8 filas · az 0°",21-mar,480,20.3859,108.7709,10.2881,28,0.000000e+0,-21,1
29,"Zaragoza · llano · N-S aleatorio 6° · bifila · bagnarelli ×1 · 8 filas · az 0°",21-mar,500,23.8823,112.6235,10.2881,28,1.301587e-2,-27.5,0
29,"Zaragoza · llano · N-S aleatorio 6° · bifila · bagnarelli ×1 · 8 filas · az 0°",21-mar,520,27.2812,116.6855,10.2881,28,6.794399e-3,-30,0
29,"Zaragoza · llano · N-S aleatorio 6° · bifila · bagnarelli ×1 · 8 filas · az 0°",21-mar,540,30.5584,120.9974,10.2881,28,9.450175e-3,-34,0
29,"Zaragoza · llano · N-S aleatorio 6° · bifila · bagnarelli ×1 · 8 filas · az 0°",21-mar,560,33.6866,125.6019,10.2881,28,0.000000e+0,-37.5,1
29,"Zaragoza · llano · N-S aleatorio 6° · bifila · bagnarelli ×1 · 8 filas · az 0°",21-mar,580,36.6339,130.5419,10.2881,28,0.000000e+0,-43.5,1
29,"Zaragoza · llano · N-S aleatorio 6° · bifila · bagnarelli ×1 · 8 filas · az 0°",21-mar,600,39.3642,135.8579,10.2881,28,0.000000e+0,-48.5,1
29,"Zaragoza · llano · N-S aleatorio 6° · bifila · bagnarelli ×1 · 8 filas · az 0°",21-mar,620,41.8362,141.5831,10.2881,28,0.000000e+0,-55,1
29,"Zaragoza · llano · N-S aleatorio 6° · bifila · bagnarelli ×1 · 8 filas · az 0°",21-mar,640,44.0046,147.7369,10.2881,28,1.089477e-2,-55,0
29,"Zaragoza · llano · N-S aleatorio 6° · bifila · bagnarelli ×1 · 8 filas · az 0°",21-mar,660,45.8219,154.3164,10.2881,28,3.167661e-2,-55,0
29,"Zaragoza · llano · N-S aleatorio 6° · bifila · bagnarelli ×1 · 8 filas · az 0°",21-mar,680,47.2408,161.2877,10.2881,28,0.000000e+0,-55,1
29,"Zaragoza · llano · N-S aleatorio 6° · bifila · bagnarelli ×1 · 8 filas · az 0°",21-mar,700,48.2189,168.5799,10.2881,28,0.000000e+0,-55,1
29,"Zaragoza · llano · N-S aleatorio 6° · bifila · bagnarelli ×1 · 8 filas · az 0°",21-mar,720,48.7237,176.0853,10.2881,28,0.000000e+0,-55,1
29,"Zaragoza · llano · N-S aleatorio 6° · bifila · bagnarelli ×1 · 8 filas · az 0°",21-mar,740,48.7373,183.6681,10.2881,28,0.000000e+0,-55,1
29,"Zaragoza · llano · N-S aleatorio 6° · bifila · bagnarelli ×1 · 8 filas · az 0°",21-mar,760,48.2591,191.1814,10.2881,28,0.000000e+0,-55,1
29,"Zaragoza · llano · N-S aleatorio 6° · bifila · bagnarelli ×1 · 8 filas · az 0°",21-mar,780,47.3064,198.4885,10.2881,28,0.000000e+0,-55,1
29,"Zaragoza · llano · N-S aleatorio 6° · bifila · bagnarelli ×1 · 8 filas · az 0°",21-mar,800,45.9109,205.4797,10.2881,28,0.000000e+0,-55,1
29,"Zaragoza · llano · N-S aleatorio 6° · bifila · bagnarelli ×1 · 8 filas · az 0°",21-mar,820,44.1149,212.0823,10.2881,28,0.000000e+0,32,1
29,"Zaragoza · llano · N-S aleatorio 6° · bifila · bagnarelli ×1 · 8 filas · az 0°",21-mar,840,41.9653,218.2604,10.2881,28,0.000000e+0,53.5,1
29,"Zaragoza · llano · N-S aleatorio 6° · bifila · bagnarelli ×1 · 8 filas · az 0°",21-mar,860,39.5099,224.0098,10.2881,28,1.164573e-2,50,0
29,"Zaragoza · llano · N-S aleatorio 6° · bifila · bagnarelli ×1 · 8 filas · az 0°",21-mar,880,36.7942,229.3489,10.2881,28,9.007910e-3,44.5,0
29,"Zaragoza · llano · N-S aleatorio 6° · bifila · bagnarelli ×1 · 8 filas · az 0°",21-mar,900,33.8596,234.3105,10.2881,28,9.066866e-3,39.5,0
29,"Zaragoza · llano · N-S aleatorio 6° · bifila · bagnarelli ×1 · 8 filas · az 0°",21-mar,920,30.7428,238.9347,10.2881,28,9.179566e-3,35,0
29,"Zaragoza · llano · N-S aleatorio 6° · bifila · bagnarelli ×1 · 8 filas · az 0°",21-mar,940,27.4756,243.2645,10.2881,28,1.188055e-2,29.5,0
29,"Zaragoza · llano · N-S aleatorio 6° · bifila · bagnarelli ×1 · 8 filas · az 0°",21-mar,960,24.0859,247.3426,10.2881,28,1.538405e-2,25,0
29,"Zaragoza · llano · N-S aleatorio 6° · bifila · bagnarelli ×1 · 8 filas · az 0°",21-mar,980,20.5978,251.2099,10.2881,28,1.786460e-2,22.5,0
29,"Zaragoza · llano · N-S aleatorio 6° · bifila · bagnarelli ×1 · 8 filas · az 0°",21-mar,1000,17.0327,254.9045,10.2881,28,1.174396e-2,17,0
29,"Zaragoza · llano · N-S aleatorio 6° · bifila · bagnarelli ×1 · 8 filas · az 0°",21-mar,1020,13.4108,258.4622,10.2881,28,9.837967e-3,13,0
29,"Zaragoza · llano · N-S aleatorio 6° · bifila · bagnarelli ×1 · 8 filas · az 0°",21-mar,1040,9.7530,261.9160,10.2881,28,1.393480e-2,10.5,0
29,"Zaragoza · llano · N-S aleatorio 6° · bifila · bagnarelli ×1 · 8 filas · az 0°",21-mar,1060,6.0879,265.2972,10.2881,28,9.287191e-3,5.5,0
29,"Zaragoza · llano · N-S aleatorio 6° · bifila · bagnarelli ×1 · 8 filas · az 0°",21-mar,1080,2.4866,268.6354,10.2881,56,1.526629e-3,2.5,0
29,"Zaragoza · llano · N-S aleatorio 6° · bifila · bagnarelli ×1 · 8 filas · az 0°",21-dic,480,4.5444,126.9401,10.2881,56,4.988025e-2,-2,0
29,"Zaragoza · llano · N-S aleatorio 6° · bifila · bagnarelli ×1 · 8 filas · az 0°",21-dic,500,7.4023,130.4970,10.2881,28,5.296657e-2,-6,0
29,"Zaragoza · llano · N-S aleatorio 6° · bifila · bagnarelli ×1 · 8 filas · az 0°",21-dic,520,10.1358,134.1991,10.2881,28,5.118405e-2,-10,0
29,"Zaragoza · llano · N-S aleatorio 6° · bifila · bagnarelli ×1 · 8 filas · az 0°",21-dic,540,12.7098,138.0581,10.2881,28,3.661866e-2,-14.5,0
29,"Zaragoza · llano · N-S aleatorio 6° · bifila · bagnarelli ×1 · 8 filas · az 0°",21-dic,560,15.0987,142.0828,10.2881,28,1.974947e-2,-24,0
29,"Zaragoza · llano · N-S aleatorio 6° · bifila · bagnarelli ×1 · 8 filas · az 0°",21-dic,580,17.2795,146.2782,10.2881,28,1.675258e-2,-26.5,0
29,"Zaragoza · llano · N-S aleatorio 6° · bifila · bagnarelli ×1 · 8 filas · az 0°",21-dic,600,19.2301,150.6447,10.2881,28,1.878978e-2,-32.5,0
29,"Zaragoza · llano · N-S aleatorio 6° · bifila · bagnarelli ×1 · 8 filas · az 0°",21-dic,620,20.9291,155.1771,10.2881,28,0.000000e+0,-37.5,1
29,"Zaragoza · llano · N-S aleatorio 6° · bifila · bagnarelli ×1 · 8 filas · az 0°",21-dic,640,22.3561,159.8636,10.2881,28,0.000000e+0,-46,1
29,"Zaragoza · llano · N-S aleatorio 6° · bifila · bagnarelli ×1 · 8 filas · az 0°",21-dic,660,23.4927,164.6856,10.2881,28,0.000000e+0,-54,1
29,"Zaragoza · llano · N-S aleatorio 6° · bifila · bagnarelli ×1 · 8 filas · az 0°",21-dic,680,24.3230,169.6174,10.2881,28,0.000000e+0,-54.5,1
29,"Zaragoza · llano · N-S aleatorio 6° · bifila · bagnarelli ×1 · 8 filas · az 0°",21-dic,700,24.8347,174.6273,10.2881,28,0.000000e+0,-55,1
29,"Zaragoza · llano · N-S aleatorio 6° · bifila · bagnarelli ×1 · 8 filas · az 0°",21-dic,720,25.0202,179.6788,10.2881,28,0.000000e+0,-55,1
29,"Zaragoza · llano · N-S aleatorio 6° · bifila · bagnarelli ×1 · 8 filas · az 0°",21-dic,740,24.8764,184.7327,10.2881,28,0.000000e+0,-55,1
29,"Zaragoza · llano · N-S aleatorio 6° · bifila · bagnarelli ×1 · 8 filas · az 0°",21-dic,760,24.4057,189.7500,10.2881,28,0.000000e+0,-55,1
29,"Zaragoza · llano · N-S aleatorio 6° · bifila · bagnarelli ×1 · 8 filas · az 0°",21-dic,780,23.6152,194.6936,10.2881,28,0.000000e+0,26.5,1
29,"Zaragoza · llano · N-S aleatorio 6° · bifila · bagnarelli ×1 · 8 filas · az 0°",21-dic,800,22.5166,199.5310,10.2881,28,2.489909e-2,50.5,0
29,"Zaragoza · llano · N-S aleatorio 6° · bifila · bagnarelli ×1 · 8 filas · az 0°",21-dic,820,21.1254,204.2358,10.2881,28,2.478895e-2,43.5,0
29,"Zaragoza · llano · N-S aleatorio 6° · bifila · bagnarelli ×1 · 8 filas · az 0°",21-dic,840,19.4598,208.7885,10.2881,28,8.725707e-3,31.5,0
29,"Zaragoza · llano · N-S aleatorio 6° · bifila · bagnarelli ×1 · 8 filas · az 0°",21-dic,860,17.5399,213.1765,10.2881,28,3.330836e-2,29,0
29,"Zaragoza · llano · N-S aleatorio 6° · bifila · bagnarelli ×1 · 8 filas · az 0°",21-dic,880,15.3871,217.3936,10.2881,28,3.062552e-2,23.5,0
29,"Zaragoza · llano · N-S aleatorio 6° · bifila · bagnarelli ×1 · 8 filas · az 0°",21-dic,900,13.0234,221.4397,10.2881,28,3.257734e-2,19.5,0
29,"Zaragoza · llano · N-S aleatorio 6° · bifila · bagnarelli ×1 · 8 filas · az 0°",21-dic,920,10.4715,225.3193,10.2881,28,2.188944e-2,13.5,0
29,"Zaragoza · llano · N-S aleatorio 6° · bifila · bagnarelli ×1 · 8 filas · az 0°",21-dic,940,7.7566,229.0407,10.2881,28,4.471526e-2,6.5,0
29,"Zaragoza · llano · N-S aleatorio 6° · bifila · bagnarelli ×1 · 8 filas · az 0°",21-dic,960,4.9112,232.6152,10.2881,56,5.534383e-2,8,0
29,"Zaragoza · llano · N-S aleatorio 6° · bifila · bagnarelli ×1 · 8 filas · az 0°",21-dic,980,2.0112,236.0562,10.2881,56,5.081355e-2,1.5,0
30,"Zaragoza · valle 2 · N-S aleatorio 6° · quebrado · medios ×1 · 6 filas · az -20°",21-jun,300,4.3153,62.0288,11.1550,64,3.931060e-2,-4,0
30,"Zaragoza · valle 2 · N-S aleatorio 6° · quebrado · medios ×1 · 6 filas · az -20°",21-jun,320,7.5953,65.1785,11.1550,33,8.226179e-4,-8,0
30,"Zaragoza · valle 2 · N-S aleatorio 6° · quebrado · medios ×1 · 6 filas · az -20°",21-jun,340,10.9965,68.2578,11.1550,33,2.773616e-2,-11,0
30,"Zaragoza · valle 2 · N-S aleatorio 6° · quebrado · medios ×1 · 6 filas · az -20°",21-jun,360,14.4858,71.2858,11.1550,33,0.000000e+0,-15,1
30,"Zaragoza · valle 2 · N-S aleatorio 6° · quebrado · medios ×1 · 6 filas · az -20°",21-jun,380,18.0452,74.2827,11.1550,33,0.000000e+0,-18.5,1
30,"Zaragoza · valle 2 · N-S aleatorio 6° · quebrado · medios ×1 · 6 filas · az -20°",21-jun,400,21.6612,77.2704,11.1550,33,8.182002e-3,-21,0
30,"Zaragoza · valle 2 · N-S aleatorio 6° · quebrado · medios ×1 · 6 filas · az -20°",21-jun,420,25.3226,80.2731,11.1550,33,0.000000e+0,-26,1
30,"Zaragoza · valle 2 · N-S aleatorio 6° · quebrado · medios ×1 · 6 filas · az -20°",21-jun,440,29.0187,83.3183,11.1550,33,0.000000e+0,-30.5,1
30,"Zaragoza · valle 2 · N-S aleatorio 6° · quebrado · medios ×1 · 6 filas · az -20°",21-jun,460,32.7391,86.4376,11.1550,33,0.000000e+0,-33,1
30,"Zaragoza · valle 2 · N-S aleatorio 6° · quebrado · medios ×1 · 6 filas · az -20°",21-jun,480,36.4729,89.6687,11.1550,33,0.000000e+0,-39,1
30,"Zaragoza · valle 2 · N-S aleatorio 6° · quebrado · medios ×1 · 6 filas · az -20°",21-jun,500,40.2084,93.0578,11.1550,33,0.000000e+0,-43.5,1
30,"Zaragoza · valle 2 · N-S aleatorio 6° · quebrado · medios ×1 · 6 filas · az -20°",21-jun,520,43.9319,96.6624,11.1550,33,0.000000e+0,-46,1
30,"Zaragoza · valle 2 · N-S aleatorio 6° · quebrado · medios ×1 · 6 filas · az -20°",21-jun,540,47.6271,100.5563,11.1550,33,0.000000e+0,-55,1
30,"Zaragoza · valle 2 · N-S aleatorio 6° · quebrado · medios ×1 · 6 filas · az -20°",21-jun,560,51.2734,104.8355,11.1550,33,0.000000e+0,-55,1
30,"Zaragoza · valle 2 · N-S aleatorio 6° · quebrado · medios ×1 · 6 filas · az -20°",21-jun,580,54.8437,109.6272,11.1550,33,0.000000e+0,-55,1
30,"Zaragoza · valle 2 · N-S aleatorio 6° · quebrado · medios ×1 · 6 filas · az -20°",21-jun,600,58.3011,115.1015,11.1550,33,0.000000e+0,-55,1
30,"Zaragoza · valle 2 · N-S aleatorio 6° · quebrado · medios ×1 · 6 filas · az -20°",21-jun,620,61.5938,121.4838,11.1550,33,0.000000e+0,-55,1
30,"Zaragoza · valle 2 · N-S aleatorio 6° · quebrado · medios ×1 · 6 filas · az -20°",21-jun,640,64.6480,129.0638,11.1550,33,0.000000e+0,-55,1
30,"Zaragoza · valle 2 · N-S aleatorio 6° · quebrado · medios ×1 · 6 filas · az -20°",21-jun,660,67.3579,138.1801,11.1550,33,0.000000e+0,-55,1
30,"Zaragoza · valle 2 · N-S aleatorio 6° · quebrado · medios ×1 · 6 filas · az -20°",21-jun,680,69.5784,149.1387,11.1550,33,0.000000e+0,-55,1
30,"Zaragoza · valle 2 · N-S aleatorio 6° · quebrado · medios ×1 · 6 filas · az -20°",21-jun,700,71.1301,162.0059,11.1550,33,0.000000e+0,-55,1
30,"Zaragoza · valle 2 · N-S aleatorio 6° · quebrado · medios ×1 · 6 filas · az -20°",21-jun,720,71.8368,176.3074,11.1550,33,0.000000e+0,-55,1
30,"Zaragoza · valle 2 · N-S aleatorio 6° · quebrado · medios ×1 · 6 filas · az -20°",21-jun,740,71.5993,190.9409,11.1550,33,0.000000e+0,-55,1
30,"Zaragoza · valle 2 · N-S aleatorio 6° · quebrado · medios ×1 · 6 filas · az -20°",21-jun,760,70.4524,204.6300,11.1550,33,0.000000e+0,-55,1
30,"Zaragoza · valle 2 · N-S aleatorio 6° · quebrado · medios ×1 · 6 filas · az -20°",21-jun,780,68.5438,216.5649,11.1550,33,0.000000e+0,-55,1
30,"Zaragoza · valle 2 · N-S aleatorio 6° · quebrado · medios ×1 · 6 filas · az -20°",21-jun,800,66.0587,226.5756,11.1550,33,0.000000e+0,-55,1
30,"Zaragoza · valle 2 · N-S aleatorio 6° · quebrado · medios ×1 · 6 filas · az -20°",21-jun,820,63.1617,234.8830,11.1550,33,0.000000e+0,-55,1
30,"Zaragoza · valle 2 · N-S aleatorio 6° · quebrado · medios ×1 · 6 filas · az -20°",21-jun,840,59.9777,241.8261,11.1550,33,0.000000e+0,-55,1
30,"Zaragoza · valle 2 · N-S aleatorio 6° · quebrado · medios ×1 · 6 filas · az -20°",21-jun,860,56.5952,247.7238,11.1550,33,0.000000e+0,-4.5,1
30,"Zaragoza · valle 2 · N-S aleatorio 6° · quebrado · medios ×1 · 6 filas · az -20°",21-jun,880,53.0761,252.8336,11.1550,33,0.000000e+0,11.5,1
30,"Zaragoza · valle 2 · N-S aleatorio 6° · quebrado · medios ×1 · 6 filas · az -20°",21-jun,900,49.4641,257.3516,11.1550,33,0.000000e+0,22.5,1
30,"Zaragoza · valle 2 · N-S aleatorio 6° · quebrado · medios ×1 · 6 filas · az -20°",21-jun,920,45.7905,261.4251,11.1550,33,0.000000e+0,32,1
30,"Zaragoza · valle 2 · N-S aleatorio 6° · quebrado · medios ×1 · 6 filas · az -20°",21-jun,940,42.0789,265.1644,11.1550,33,0.000000e+0,33.5,1
30,"Zaragoza · valle 2 · N-S aleatorio 6° · quebrado · medios ×1 · 6 filas · az -20°",21-jun,960,38.3476,268.6535,11.1550,33,0.000000e+0,36.5,1
30,"Zaragoza · valle 2 · N-S aleatorio 6° · quebrado · medios ×1 · 6 filas · az -20°",21-jun,980,34.6113,271.9575,11.1550,33,1.937582e-2,37.5,0
30,"Zaragoza · valle 2 · N-S aleatorio 6° · quebrado · medios ×1 · 6 filas · az -20°",21-jun,1000,30.8827,275.1277,11.1550,33,6.156444e-3,34.5,0
30,"Zaragoza · valle 2 · N-S aleatorio 6° · quebrado · medios ×1 · 6 filas · az -20°",21-jun,1020,27.1731,278.2058,11.1550,33,0.000000e+0,30,1
30,"Zaragoza · valle 2 · N-S aleatorio 6° · quebrado · medios ×1 · 6 filas · az -20°",21-jun,1040,23.4930,281.2261,11.1550,33,2.345132e-2,28,0
30,"Zaragoza · valle 2 · N-S aleatorio 6° · quebrado · medios ×1 · 6 filas · az -20°",21-jun,1060,19.8529,284.2181,11.1550,33,1.746460e-2,23,0
30,"Zaragoza · valle 2 · N-S aleatorio 6° · quebrado · medios ×1 · 6 filas · az -20°",21-jun,1080,16.2635,287.2075,11.1550,33,2.818289e-2,20,0
30,"Zaragoza · valle 2 · N-S aleatorio 6° · quebrado · medios ×1 · 6 filas · az -20°",21-jun,1100,12.7372,290.2173,11.1550,33,2.771004e-2,15,0
30,"Zaragoza · valle 2 · N-S aleatorio 6° · quebrado · medios ×1 · 6 filas · az -20°",21-jun,1120,9.2889,293.2684,11.1550,33,3.506241e-2,10.5,0
30,"Zaragoza · valle 2 · N-S aleatorio 6° · quebrado · medios ×1 · 6 filas · az -20°",21-jun,1140,5.9421,296.3805,11.1550,64,7.737290e-2,4,0
30,"Zaragoza · valle 2 · N-S aleatorio 6° · quebrado · medios ×1 · 6 filas · az -20°",21-jun,1160,2.7509,299.5720,11.1550,64,8.777189e-2,-1.5,0
30,"Zaragoza · valle 2 · N-S aleatorio 6° · quebrado · medios ×1 · 6 filas · az -20°",21-mar,380,2.2529,91.3999,11.1550,64,6.716352e-2,-3.5,0
30,"Zaragoza · valle 2 · N-S aleatorio 6° · quebrado · medios ×1 · 6 filas · az -20°",21-mar,400,5.8504,94.7292,11.1550,64,3.913336e-2,-5,0
30,"Zaragoza · valle 2 · N-S aleatorio 6° · quebrado · medios ×1 · 6 filas · az -20°",21-mar,420,9.5200,98.1006,11.1550,33,7.553763e-2,-10,0
30,"Zaragoza · valle 2 · N-S aleatorio 6° · quebrado · medios ×1 · 6 filas · az -20°",21-mar,440,13.1842,101.5436,11.1550,33,4.033875e-2,-15.5,0
30,"Zaragoza · valle 2 · N-S aleatorio 6° · quebrado · medios ×1 · 6 filas · az -20°",21-mar,460,16.8132,105.0894,11.1550,33,1.626548e-2,-18,0
30,"Zaragoza · valle 2 · N-S aleatorio 6° · quebrado · medios ×1 · 6 filas · az -20°",21-mar,480,20.3859,108.7709,11.1550,33,1.945490e-2,-25.5,0
30,"Zaragoza · valle 2 · N-S aleatorio 6° · quebrado · medios ×1 · 6 filas · az -20°",21-mar,500,23.8823,112.6235,11.1550,33,0.000000e+0,-27.5,1
30,"Zaragoza · valle 2 · N-S aleatorio 6° · quebrado · medios ×1 · 6 filas · az -20°",21-mar,520,27.2812,116.6855,11.1550,33,0.000000e+0,-33.5,1
30,"Zaragoza · valle 2 · N-S aleatorio 6° · quebrado · medios ×1 · 6 filas · az -20°",21-mar,540,30.5584,120.9974,11.1550,33,0.000000e+0,-41,1
30,"Zaragoza · valle 2 · N-S aleatorio 6° · quebrado · medios ×1 · 6 filas · az -20°",21-mar,560,33.6866,125.6019,11.1550,33,0.000000e+0,-55,1
30,"Zaragoza · valle 2 · N-S aleatorio 6° · quebrado · medios ×1 · 6 filas · az -20°",21-mar,580,36.6339,130.5419,11.1550,33,0.000000e+0,-55,1
30,"Zaragoza · valle 2 · N-S aleatorio 6° · quebrado · medios ×1 · 6 filas · az -20°",21-mar,600,39.3642,135.8579,11.1550,33,0.000000e+0,-55,1
30,"Zaragoza · valle 2 · N-S aleatorio 6° · quebrado · medios ×1 · 6 filas · az -20°",21-mar,620,41.8362,141.5831,11.1550,33,0.000000e+0,-55,1
30,"Zaragoza · valle 2 · N-S aleatorio 6° · quebrado · medios ×1 · 6 filas · az -20°",21-mar,640,44.0046,147.7369,11.1550,33,0.000000e+0,-55,1
30,"Zaragoza · valle 2 · N-S aleatorio 6° · quebrado · medios ×1 · 6 filas · az -20°",21-mar,660,45.8219,154.3164,11.1550,33,0.000000e+0,-55,1
30,"Zaragoza · valle 2 · N-S aleatorio 6° · quebrado · medios ×1 · 6 filas · az -20°",21-mar,680,47.2408,161.2877,11.1550,33,0.000000e+0,-55,1
30,"Zaragoza · valle 2 · N-S aleatorio 6° · quebrado · medios ×1 · 6 filas · az -20°",21-mar,700,48.2189,168.5799,11.1550,33,0.000000e+0,-55,1
30,"Zaragoza · valle 2 · N-S aleatorio 6° · quebrado · medios ×1 · 6 filas · az -20°",21-mar,720,48.7237,176.0853,11.1550,33,0.000000e+0,-55,1
30,"Zaragoza · valle 2 · N-S aleatorio 6° · quebrado · medios ×1 · 6 filas · az -20°",21-mar,740,48.7373,183.6681,11.1550,33,0.000000e+0,-55,1
30,"Zaragoza · valle 2 · N-S aleatorio 6° · quebrado · medios ×1 · 6 filas · az -20°",21-mar,760,48.2591,191.1814,11.1550,33,0.000000e+0,-55,1
30,"Zaragoza · valle 2 · N-S aleatorio 6° · quebrado · medios ×1 · 6 filas · az -20°",21-mar,780,47.3064,198.4885,11.1550,33,0.000000e+0,-55,1
30,"Zaragoza · valle 2 · N-S aleatorio 6° · quebrado · medios ×1 · 6 filas · az -20°",21-mar,800,45.9109,205.4797,11.1550,33,0.000000e+0,-7,1
30,"Zaragoza · valle 2 · N-S aleatorio 6° · quebrado · medios ×1 · 6 filas · az -20°",21-mar,820,44.1149,212.0823,11.1550,33,0.000000e+0,13,1
30,"Zaragoza · valle 2 · N-S aleatorio 6° · quebrado · medios ×1 · 6 filas · az -20°",21-mar,840,41.9653,218.2604,11.1550,33,0.000000e+0,25.5,1
30,"Zaragoza · valle 2 · N-S aleatorio 6° · quebrado · medios ×1 · 6 filas · az -20°",21-mar,860,39.5099,224.0098,11.1550,33,0.000000e+0,36,1
30,"Zaragoza · valle 2 · N-S aleatorio 6° · quebrado · medios ×1 · 6 filas · az -20°",21-mar,880,36.7942,229.3489,11.1550,33,0.000000e+0,39,1
30,"Zaragoza · valle 2 · N-S aleatorio 6° · quebrado · medios ×1 · 6 filas · az -20°",21-mar,900,33.8596,234.3105,11.1550,33,0.000000e+0,33,1
30,"Zaragoza · valle 2 · N-S aleatorio 6° · quebrado · medios ×1 · 6 filas · az -20°",21-mar,920,30.7428,238.9347,11.1550,33,0.000000e+0,31.5,1
30,"Zaragoza · valle 2 · N-S aleatorio 6° · quebrado · medios ×1 · 6 filas · az -20°",21-mar,940,27.4756,243.2645,11.1550,33,0.000000e+0,26,1
30,"Zaragoza · valle 2 · N-S aleatorio 6° · quebrado · medios ×1 · 6 filas · az -20°",21-mar,960,24.0859,247.3426,11.1550,33,0.000000e+0,23.5,1
30,"Zaragoza · valle 2 · N-S aleatorio 6° · quebrado · medios ×1 · 6 filas · az -20°",21-mar,980,20.5978,251.2099,11.1550,33,0.000000e+0,20.5,1
30,"Zaragoza · valle 2 · N-S aleatorio 6° · quebrado · medios ×1 · 6 filas · az -20°",21-mar,1000,17.0327,254.9045,11.1550,33,0.000000e+0,17.5,1
30,"Zaragoza · valle 2 · N-S aleatorio 6° · quebrado · medios ×1 · 6 filas · az -20°",21-mar,1020,13.4108,258.4622,11.1550,33,1.749229e-2,13.5,0
30,"Zaragoza · valle 2 · N-S aleatorio 6° · quebrado · medios ×1 · 6 filas · az -20°",21-mar,1040,9.7530,261.9160,11.1550,33,7.029383e-3,9.5,0
30,"Zaragoza · valle 2 · N-S aleatorio 6° · quebrado · medios ×1 · 6 filas · az -20°",21-mar,1060,6.0879,265.2972,11.1550,33,2.483996e-2,6.5,0
30,"Zaragoza · valle 2 · N-S aleatorio 6° · quebrado · medios ×1 · 6 filas · az -20°",21-mar,1080,2.4866,268.6354,11.1550,64,2.541593e-2,1,0
30,"Zaragoza · valle 2 · N-S aleatorio 6° · quebrado · medios ×1 · 6 filas · az -20°",21-dic,480,4.5444,126.9401,11.1550,64,5.414608e-2,-7.5,0
30,"Zaragoza · valle 2 · N-S aleatorio 6° · quebrado · medios ×1 · 6 filas · az -20°",21-dic,500,7.4023,130.4970,11.1550,33,5.608457e-2,-8,0
30,"Zaragoza · valle 2 · N-S aleatorio 6° · quebrado · medios ×1 · 6 filas · az -20°",21-dic,520,10.1358,134.1991,11.1550,33,4.126129e-2,-18.5,0
30,"Zaragoza · valle 2 · N-S aleatorio 6° · quebrado · medios ×1 · 6 filas · az -20°",21-dic,540,12.7098,138.0581,11.1550,33,0.000000e+0,-23,1
30,"Zaragoza · valle 2 · N-S aleatorio 6° · quebrado · medios ×1 · 6 filas · az -20°",21-dic,560,15.0987,142.0828,11.1550,33,0.000000e+0,-30,1
30,"Zaragoza · valle 2 · N-S aleatorio 6° · quebrado · medios ×1 · 6 filas · az -20°",21-dic,580,17.2795,146.2782,11.1550,33,0.000000e+0,-55,1
30,"Zaragoza · valle 2 · N-S aleatorio 6° · quebrado · medios ×1 · 6 filas · az -20°",21-dic,600,19.2301,150.6447,11.1550,33,0.000000e+0,-55,1
30,"Zaragoza · valle 2 · N-S aleatorio 6° · quebrado · medios ×1 · 6 filas · az -20°",21-dic,620,20.9291,155.1771,11.1550,33,0.000000e+0,-55,1
30,"Zaragoza · valle 2 · N-S aleatorio 6° · quebrado · medios ×1 · 6 filas · az -20°",21-dic,640,22.3561,159.8636,11.1550,33,0.000000e+0,-55,1
30,"Zaragoza · valle 2 · N-S aleatorio 6° · quebrado · medios ×1 · 6 filas · az -20°",21-dic,660,23.4927,164.6856,11.1550,33,0.000000e+0,-55,1
30,"Zaragoza · valle 2 · N-S aleatorio 6° · quebrado · medios ×1 · 6 filas · az -20°",21-dic,680,24.3230,169.6174,11.1550,33,0.000000e+0,-55,1
30,"Zaragoza · valle 2 · N-S aleatorio 6° · quebrado · medios ×1 · 6 filas · az -20°",21-dic,700,24.8347,174.6273,11.1550,33,0.000000e+0,-55,1
30,"Zaragoza · valle 2 · N-S aleatorio 6° · quebrado · medios ×1 · 6 filas · az -20°",21-dic,720,25.0202,179.6788,11.1550,33,0.000000e+0,-55,1
30,"Zaragoza · valle 2 · N-S aleatorio 6° · quebrado · medios ×1 · 6 filas · az -20°",21-dic,740,24.8764,184.7327,11.1550,33,0.000000e+0,13.5,1
30,"Zaragoza · valle 2 · N-S aleatorio 6° · quebrado · medios ×1 · 6 filas · az -20°",21-dic,760,24.4057,189.7500,11.1550,33,0.000000e+0,28,1
30,"Zaragoza · valle 2 · N-S aleatorio 6° · quebrado · medios ×1 · 6 filas · az -20°",21-dic,780,23.6152,194.6936,11.1550,33,1.791817e-2,36.5,0
30,"Zaragoza · valle 2 · N-S aleatorio 6° · quebrado · medios ×1 · 6 filas · az -20°",21-dic,800,22.5166,199.5310,11.1550,33,2.345434e-2,32.5,0
30,"Zaragoza · valle 2 · N-S aleatorio 6° · quebrado · medios ×1 · 6 filas · az -20°",21-dic,820,21.1254,204.2358,11.1550,33,1.432761e-2,28.5,0
30,"Zaragoza · valle 2 · N-S aleatorio 6° · quebrado · medios ×1 · 6 filas · az -20°",21-dic,840,19.4598,208.7885,11.1550,33,2.408926e-2,22.5,0
30,"Zaragoza · valle 2 · N-S aleatorio 6° · quebrado · medios ×1 · 6 filas · az -20°",21-dic,860,17.5399,213.1765,11.1550,33,1.116690e-2,20,0
30,"Zaragoza · valle 2 · N-S aleatorio 6° · quebrado · medios ×1 · 6 filas · az -20°",21-dic,880,15.3871,217.3936,11.1550,33,2.412303e-2,19,0
30,"Zaragoza · valle 2 · N-S aleatorio 6° · quebrado · medios ×1 · 6 filas · az -20°",21-dic,900,13.0234,221.4397,11.1550,33,2.429526e-2,16,0
30,"Zaragoza · valle 2 · N-S aleatorio 6° · quebrado · medios ×1 · 6 filas · az -20°",21-dic,920,10.4715,225.3193,11.1550,33,2.963781e-2,12,0
30,"Zaragoza · valle 2 · N-S aleatorio 6° · quebrado · medios ×1 · 6 filas · az -20°",21-dic,940,7.7566,229.0407,11.1550,33,2.208377e-2,9,0
30,"Zaragoza · valle 2 · N-S aleatorio 6° · quebrado · medios ×1 · 6 filas · az -20°",21-dic,960,4.9112,232.6152,11.1550,64,1.398643e-2,6,0
30,"Zaragoza · valle 2 · N-S aleatorio 6° · quebrado · medios ×1 · 6 filas · az -20°",21-dic,980,2.0112,236.0562,11.1550,64,1.375550e-2,3,0
31,"Zaragoza · pendiente 10 · N-S senoidal 4° · mono · medios ×1 · 10 filas · az 0°",21-jun,300,4.3153,62.0288,4.7023,64,1.983314e-2,-4.5,0
31,"Zaragoza · pendiente 10 · N-S senoidal 4° · mono · medios ×1 · 10 filas · az 0°",21-jun,320,7.5953,65.1785,4.7023,33,1.298312e-2,-8,0
31,"Zaragoza · pendiente 10 · N-S senoidal 4° · mono · medios ×1 · 10 filas · az 0°",21-jun,340,10.9965,68.2578,4.7023,33,1.316735e-2,-12.5,0
31,"Zaragoza · pendiente 10 · N-S senoidal 4° · mono · medios ×1 · 10 filas · az 0°",21-jun,360,14.4858,71.2858,4.7023,33,0.000000e+0,-18,1
31,"Zaragoza · pendiente 10 · N-S senoidal 4° · mono · medios ×1 · 10 filas · az 0°",21-jun,380,18.0452,74.2827,4.7023,33,0.000000e+0,-30,1
31,"Zaragoza · pendiente 10 · N-S senoidal 4° · mono · medios ×1 · 10 filas · az 0°",21-jun,400,21.6612,77.2704,4.7023,33,0.000000e+0,-42.5,1
31,"Zaragoza · pendiente 10 · N-S senoidal 4° · mono · medios ×1 · 10 filas · az 0°",21-jun,420,25.3226,80.2731,4.7023,33,0.000000e+0,-55,1
31,"Zaragoza · pendiente 10 · N-S senoidal 4° · mono · medios ×1 · 10 filas · az 0°",21-jun,440,29.0187,83.3183,4.7023,33,0.000000e+0,-55,1
31,"Zaragoza · pendiente 10 · N-S senoidal 4° · mono · medios ×1 · 10 filas · az 0°",21-jun,460,32.7391,86.4376,4.7023,33,0.000000e+0,-55,1
31,"Zaragoza · pendiente 10 · N-S senoidal 4° · mono · medios ×1 · 10 filas · az 0°",21-jun,480,36.4729,89.6687,4.7023,33,0.000000e+0,-55,1
31,"Zaragoza · pendiente 10 · N-S senoidal 4° · mono · medios ×1 · 10 filas · az 0°",21-jun,500,40.2084,93.0578,4.7023,33,0.000000e+0,-55,1
31,"Zaragoza · pendiente 10 · N-S senoidal 4° · mono · medios ×1 · 10 filas · az 0°",21-jun,520,43.9319,96.6624,4.7023,33,0.000000e+0,-55,1
31,"Zaragoza · pendiente 10 · N-S senoidal 4° · mono · medios ×1 · 10 filas · az 0°",21-jun,540,47.6271,100.5563,4.7023,33,0.000000e+0,-55,1
31,"Zaragoza · pendiente 10 · N-S senoidal 4° · mono · medios ×1 · 10 filas · az 0°",21-jun,560,51.2734,104.8355,4.7023,33,0.000000e+0,-55,1
31,"Zaragoza · pendiente 10 · N-S senoidal 4° · mono · medios ×1 · 10 filas · az 0°",21-jun,580,54.8437,109.6272,4.7023,33,0.000000e+0,-55,1
31,"Zaragoza · pendiente 10 · N-S senoidal 4° · mono · medios ×1 · 10 filas · az 0°",21-jun,600,58.3011,115.1015,4.7023,33,0.000000e+0,-55,1
31,"Zaragoza · pendiente 10 · N-S senoidal 4° · mono · medios ×1 · 10 filas · az 0°",21-jun,620,61.5938,121.4838,4.7023,33,0.000000e+0,-55,1
31,"Zaragoza · pendiente 10 · N-S senoidal 4° · mono · medios ×1 · 10 filas · az 0°",21-jun,640,64.6480,129.0638,4.7023,33,0.000000e+0,-55,1
31,"Zaragoza · pendiente 10 · N-S senoidal 4° · mono · medios ×1 · 10 filas · az 0°",21-jun,660,67.3579,138.1801,4.7023,33,0.000000e+0,-55,1
31,"Zaragoza · pendiente 10 · N-S senoidal 4° · mono · medios ×1 · 10 filas · az 0°",21-jun,680,69.5784,149.1387,4.7023,33,0.000000e+0,-55,1
31,"Zaragoza · pendiente 10 · N-S senoidal 4° · mono · medios ×1 · 10 filas · az 0°",21-jun,700,71.1301,162.0059,4.7023,33,0.000000e+0,-55,1
31,"Zaragoza · pendiente 10 · N-S senoidal 4° · mono · medios ×1 · 10 filas · az 0°",21-jun,720,71.8368,176.3074,4.7023,33,0.000000e+0,-55,1
31,"Zaragoza · pendiente 10 · N-S senoidal 4° · mono · medios ×1 · 10 filas · az 0°",21-jun,740,71.5993,190.9409,4.7023,33,0.000000e+0,-55,1
31,"Zaragoza · pendiente 10 · N-S senoidal 4° · mono · medios ×1 · 10 filas · az 0°",21-jun,760,70.4524,204.6300,4.7023,33,0.000000e+0,-55,1
31,"Zaragoza · pendiente 10 · N-S senoidal 4° · mono · medios ×1 · 10 filas · az 0°",21-jun,780,68.5438,216.5649,4.7023,33,0.000000e+0,-55,1
31,"Zaragoza · pendiente 10 · N-S senoidal 4° · mono · medios ×1 · 10 filas · az 0°",21-jun,800,66.0587,226.5756,4.7023,33,0.000000e+0,-55,1
31,"Zaragoza · pendiente 10 · N-S senoidal 4° · mono · medios ×1 · 10 filas · az 0°",21-jun,820,63.1617,234.8830,4.7023,33,0.000000e+0,-55,1
31,"Zaragoza · pendiente 10 · N-S senoidal 4° · mono · medios ×1 · 10 filas · az 0°",21-jun,840,59.9777,241.8261,4.7023,33,0.000000e+0,-55,1
31,"Zaragoza · pendiente 10 · N-S senoidal 4° · mono · medios ×1 · 10 filas · az 0°",21-jun,860,56.5952,247.7238,4.7023,33,0.000000e+0,-55,1
31,"Zaragoza · pendiente 10 · N-S senoidal 4° · mono · medios ×1 · 10 filas · az 0°",21-jun,880,53.0761,252.8336,4.7023,33,0.000000e+0,-55,1
31,"Zaragoza · pendiente 10 · N-S senoidal 4° · mono · medios ×1 · 10 filas · az 0°",21-jun,900,49.4641,257.3516,4.7023,33,0.000000e+0,-20.5,1
31,"Zaragoza · pendiente 10 · N-S senoidal 4° · mono · medios ×1 · 10 filas · az 0°",21-jun,920,45.7905,261.4251,4.7023,33,0.000000e+0,-1.5,1
31,"Zaragoza · pendiente 10 · N-S senoidal 4° · mono · medios ×1 · 10 filas · az 0°",21-jun,940,42.0789,265.1644,4.7023,33,0.000000e+0,10,1
31,"Zaragoza · pendiente 10 · N-S senoidal 4° · mono · medios ×1 · 10 filas · az 0°",21-jun,960,38.3476,268.6535,4.7023,33,0.000000e+0,17.5,1
31,"Zaragoza · pendiente 10 · N-S senoidal 4° · mono · medios ×1 · 10 filas · az 0°",21-jun,980,34.6113,271.9575,4.7023,33,0.000000e+0,25,1
31,"Zaragoza · pendiente 10 · N-S senoidal 4° · mono · medios ×1 · 10 filas · az 0°",21-jun,1000,30.8827,275.1277,4.7023,33,5.258122e-3,31,0
31,"Zaragoza · pendiente 10 · N-S senoidal 4° · mono · medios ×1 · 10 filas · az 0°",21-jun,1020,27.1731,278.2058,4.7023,33,8.315446e-3,27.5,0
31,"Zaragoza · pendiente 10 · N-S senoidal 4° · mono · medios ×1 · 10 filas · az 0°",21-jun,1040,23.4930,281.2261,4.7023,33,9.236480e-3,24,0
31,"Zaragoza · pendiente 10 · N-S senoidal 4° · mono · medios ×1 · 10 filas · az 0°",21-jun,1060,19.8529,284.2181,4.7023,33,1.477376e-2,20.5,0
31,"Zaragoza · pendiente 10 · N-S senoidal 4° · mono · medios ×1 · 10 filas · az 0°",21-jun,1080,16.2635,287.2075,4.7023,33,3.248224e-2,17,0
31,"Zaragoza · pendiente 10 · N-S senoidal 4° · mono · medios ×1 · 10 filas · az 0°",21-jun,1100,12.7372,290.2173,4.7023,33,5.264042e-2,13.5,0
31,"Zaragoza · pendiente 10 · N-S senoidal 4° · mono · medios ×1 · 10 filas · az 0°",21-jun,1120,9.2889,293.2684,4.7023,33,5.853570e-2,10,0
31,"Zaragoza · pendiente 10 · N-S senoidal 4° · mono · medios ×1 · 10 filas · az 0°",21-jun,1140,5.9421,296.3805,4.7023,64,7.138362e-2,6.5,0
31,"Zaragoza · pendiente 10 · N-S senoidal 4° · mono · medios ×1 · 10 filas · az 0°",21-jun,1160,2.7509,299.5720,4.7023,64,3.995365e-2,4,0
31,"Zaragoza · pendiente 10 · N-S senoidal 4° · mono · medios ×1 · 10 filas · az 0°",21-mar,380,2.2529,91.3999,4.7023,64,1.516016e-2,-2,0
31,"Zaragoza · pendiente 10 · N-S senoidal 4° · mono · medios ×1 · 10 filas · az 0°",21-mar,400,5.8504,94.7292,4.7023,64,7.009850e-3,-6,0
31,"Zaragoza · pendiente 10 · N-S senoidal 4° · mono · medios ×1 · 10 filas · az 0°",21-mar,420,9.5200,98.1006,4.7023,33,1.537406e-4,-9.5,0
31,"Zaragoza · pendiente 10 · N-S senoidal 4° · mono · medios ×1 · 10 filas · az 0°",21-mar,440,13.1842,101.5436,4.7023,33,0.000000e+0,-13,1
31,"Zaragoza · pendiente 10 · N-S senoidal 4° · mono · medios ×1 · 10 filas · az 0°",21-mar,460,16.8132,105.0894,4.7023,33,0.000000e+0,-26.5,1
31,"Zaragoza · pendiente 10 · N-S senoidal 4° · mono · medios ×1 · 10 filas · az 0°",21-mar,480,20.3859,108.7709,4.7023,33,0.000000e+0,-41,1
31,"Zaragoza · pendiente 10 · N-S senoidal 4° · mono · medios ×1 · 10 filas · az 0°",21-mar,500,23.8823,112.6235,4.7023,33,0.000000e+0,-55,1
31,"Zaragoza · pendiente 10 · N-S senoidal 4° · mono · medios ×1 · 10 filas · az 0°",21-mar,520,27.2812,116.6855,4.7023,33,0.000000e+0,-55,1
31,"Zaragoza · pendiente 10 · N-S senoidal 4° · mono · medios ×1 · 10 filas · az 0°",21-mar,540,30.5584,120.9974,4.7023,33,0.000000e+0,-55,1
31,"Zaragoza · pendiente 10 · N-S senoidal 4° · mono · medios ×1 · 10 filas · az 0°",21-mar,560,33.6866,125.6019,4.7023,33,0.000000e+0,-55,1
31,"Zaragoza · pendiente 10 · N-S senoidal 4° · mono · medios ×1 · 10 filas · az 0°",21-mar,580,36.6339,130.5419,4.7023,33,0.000000e+0,-55,1
31,"Zaragoza · pendiente 10 · N-S senoidal 4° · mono · medios ×1 · 10 filas · az 0°",21-mar,600,39.3642,135.8579,4.7023,33,0.000000e+0,-55,1
31,"Zaragoza · pendiente 10 · N-S senoidal 4° · mono · medios ×1 · 10 filas · az 0°",21-mar,620,41.8362,141.5831,4.7023,33,0.000000e+0,-55,1
31,"Zaragoza · pendiente 10 · N-S senoidal 4° · mono · medios ×1 · 10 filas · az 0°",21-mar,640,44.0046,147.7369,4.7023,33,0.000000e+0,-55,1
31,"Zaragoza · pendiente 10 · N-S senoidal 4° · mono · medios ×1 · 10 filas · az 0°",21-mar,660,45.8219,154.3164,4.7023,33,0.000000e+0,-55,1
31,"Zaragoza · pendiente 10 · N-S senoidal 4° · mono · medios ×1 · 10 filas · az 0°",21-mar,680,47.2408,161.2877,4.7023,33,0.000000e+0,-55,1
31,"Zaragoza · pendiente 10 · N-S senoidal 4° · mono · medios ×1 · 10 filas · az 0°",21-mar,700,48.2189,168.5799,4.7023,33,0.000000e+0,-55,1
31,"Zaragoza · pendiente 10 · N-S senoidal 4° · mono · medios ×1 · 10 filas · az 0°",21-mar,720,48.7237,176.0853,4.7023,33,0.000000e+0,-55,1
31,"Zaragoza · pendiente 10 · N-S senoidal 4° · mono · medios ×1 · 10 filas · az 0°",21-mar,740,48.7373,183.6681,4.7023,33,0.000000e+0,-55,1
31,"Zaragoza · pendiente 10 · N-S senoidal 4° · mono · medios ×1 · 10 filas · az 0°",21-mar,760,48.2591,191.1814,4.7023,33,0.000000e+0,-55,1
31,"Zaragoza · pendiente 10 · N-S senoidal 4° · mono · medios ×1 · 10 filas · az 0°",21-mar,780,47.3064,198.4885,4.7023,33,0.000000e+0,-55,1
31,"Zaragoza · pendiente 10 · N-S senoidal 4° · mono · medios ×1 · 10 filas · az 0°",21-mar,800,45.9109,205.4797,4.7023,33,0.000000e+0,-55,1
31,"Zaragoza · pendiente 10 · N-S senoidal 4° · mono · medios ×1 · 10 filas · az 0°",21-mar,820,44.1149,212.0823,4.7023,33,0.000000e+0,-55,1
31,"Zaragoza · pendiente 10 · N-S senoidal 4° · mono · medios ×1 · 10 filas · az 0°",21-mar,840,41.9653,218.2604,4.7023,33,0.000000e+0,-55,1
31,"Zaragoza · pendiente 10 · N-S senoidal 4° · mono · medios ×1 · 10 filas · az 0°",21-mar,860,39.5099,224.0098,4.7023,33,0.000000e+0,-55,1
31,"Zaragoza · pendiente 10 · N-S senoidal 4° · mono · medios ×1 · 10 filas · az 0°",21-mar,880,36.7942,229.3489,4.7023,33,0.000000e+0,1,1
31,"Zaragoza · pendiente 10 · N-S senoidal 4° · mono · medios ×1 · 10 filas · az 0°",21-mar,900,33.8596,234.3105,4.7023,33,0.000000e+0,14,1
31,"Zaragoza · pendiente 10 · N-S senoidal 4° · mono · medios ×1 · 10 filas · az 0°",21-mar,920,30.7428,238.9347,4.7023,33,0.000000e+0,24.5,1
31,"Zaragoza · pendiente 10 · N-S senoidal 4° · mono · medios ×1 · 10 filas · az 0°",21-mar,940,27.4756,243.2645,4.7023,33,0.000000e+0,31,1
31,"Zaragoza · pendiente 10 · N-S senoidal 4° · mono · medios ×1 · 10 filas · az 0°",21-mar,960,24.0859,247.3426,4.7023,33,1.738394e-2,26,0
31,"Zaragoza · pendiente 10 · N-S senoidal 4° · mono · medios ×1 · 10 filas · az 0°",21-mar,980,20.5978,251.2099,4.7023,33,1.364129e-2,21.5,0
31,"Zaragoza · pendiente 10 · N-S senoidal 4° · mono · medios ×1 · 10 filas · az 0°",21-mar,1000,17.0327,254.9045,4.7023,33,2.599988e-2,17.5,0
31,"Zaragoza · pendiente 10 · N-S senoidal 4° · mono · medios ×1 · 10 filas · az 0°",21-mar,1020,13.4108,258.4622,4.7023,33,4.152592e-2,14,0
31,"Zaragoza · pendiente 10 · N-S senoidal 4° · mono · medios ×1 · 10 filas · az 0°",21-mar,1040,9.7530,261.9160,4.7023,33,4.267865e-2,10,0
31,"Zaragoza · pendiente 10 · N-S senoidal 4° · mono · medios ×1 · 10 filas · az 0°",21-mar,1060,6.0879,265.2972,4.7023,33,1.013799e-2,6,0
31,"Zaragoza · pendiente 10 · N-S senoidal 4° · mono · medios ×1 · 10 filas · az 0°",21-mar,1080,2.4866,268.6354,4.7023,64,1.286674e-2,2.5,0
31,"Zaragoza · pendiente 10 · N-S senoidal 4° · mono · medios ×1 · 10 filas · az 0°",21-dic,480,4.5444,126.9401,4.7023,64,2.044969e-2,-6.5,0
31,"Zaragoza · pendiente 10 · N-S senoidal 4° · mono · medios ×1 · 10 filas · az 0°",21-dic,500,7.4023,130.4970,4.7023,33,1.533093e-2,-9.5,0
31,"Zaragoza · pendiente 10 · N-S senoidal 4° · mono · medios ×1 · 10 filas · az 0°",21-dic,520,10.1358,134.1991,4.7023,33,0.000000e+0,-18,1
31,"Zaragoza · pendiente 10 · N-S senoidal 4° · mono · medios ×1 · 10 filas · az 0°",21-dic,540,12.7098,138.0581,4.7023,33,0.000000e+0,-36.5,1
31,"Zaragoza · pendiente 10 · N-S senoidal 4° · mono · medios ×1 · 10 filas · az 0°",21-dic,560,15.0987,142.0828,4.7023,33,0.000000e+0,-55,1
31,"Zaragoza · pendiente 10 · N-S senoidal 4° · mono · medios ×1 · 10 filas · az 0°",21-dic,580,17.2795,146.2782,4.7023,33,0.000000e+0,-55,1
31,"Zaragoza · pendiente 10 · N-S senoidal 4° · mono · medios ×1 · 10 filas · az 0°",21-dic,600,19.2301,150.6447,4.7023,33,0.000000e+0,-55,1
31,"Zaragoza · pendiente 10 · N-S senoidal 4° · mono · medios ×1 · 10 filas · az 0°",21-dic,620,20.9291,155.1771,4.7023,33,0.000000e+0,-55,1
31,"Zaragoza · pendiente 10 · N-S senoidal 4° · mono · medios ×1 · 10 filas · az 0°",21-dic,640,22.3561,159.8636,4.7023,33,0.000000e+0,-55,1
31,"Zaragoza · pendiente 10 · N-S senoidal 4° · mono · medios ×1 · 10 filas · az 0°",21-dic,660,23.4927,164.6856,4.7023,33,0.000000e+0,-55,1
31,"Zaragoza · pendiente 10 · N-S senoidal 4° · mono · medios ×1 · 10 filas · az 0°",21-dic,680,24.3230,169.6174,4.7023,33,0.000000e+0,-55,1
31,"Zaragoza · pendiente 10 · N-S senoidal 4° · mono · medios ×1 · 10 filas · az 0°",21-dic,700,24.8347,174.6273,4.7023,33,0.000000e+0,-55,1
31,"Zaragoza · pendiente 10 · N-S senoidal 4° · mono · medios ×1 · 10 filas · az 0°",21-dic,720,25.0202,179.6788,4.7023,33,0.000000e+0,-55,1
31,"Zaragoza · pendiente 10 · N-S senoidal 4° · mono · medios ×1 · 10 filas · az 0°",21-dic,740,24.8764,184.7327,4.7023,33,0.000000e+0,-55,1
31,"Zaragoza · pendiente 10 · N-S senoidal 4° · mono · medios ×1 · 10 filas · az 0°",21-dic,760,24.4057,189.7500,4.7023,33,0.000000e+0,-55,1
31,"Zaragoza · pendiente 10 · N-S senoidal 4° · mono · medios ×1 · 10 filas · az 0°",21-dic,780,23.6152,194.6936,4.7023,33,0.000000e+0,-55,1
31,"Zaragoza · pendiente 10 · N-S senoidal 4° · mono · medios ×1 · 10 filas · az 0°",21-dic,800,22.5166,199.5310,4.7023,33,0.000000e+0,-55,1
31,"Zaragoza · pendiente 10 · N-S senoidal 4° · mono · medios ×1 · 10 filas · az 0°",21-dic,820,21.1254,204.2358,4.7023,33,0.000000e+0,0,1
31,"Zaragoza · pendiente 10 · N-S senoidal 4° · mono · medios ×1 · 10 filas · az 0°",21-dic,840,19.4598,208.7885,4.7023,33,0.000000e+0,18,1
31,"Zaragoza · pendiente 10 · N-S senoidal 4° · mono · medios ×1 · 10 filas · az 0°",21-dic,860,17.5399,213.1765,4.7023,33,0.000000e+0,31,1
31,"Zaragoza · pendiente 10 · N-S senoidal 4° · mono · medios ×1 · 10 filas · az 0°",21-dic,880,15.3871,217.3936,4.7023,33,3.359485e-2,23,0
31,"Zaragoza · pendiente 10 · N-S senoidal 4° · mono · medios ×1 · 10 filas · az 0°",21-dic,900,13.0234,221.4397,4.7023,33,6.287763e-2,18,0
31,"Zaragoza · pendiente 10 · N-S senoidal 4° · mono · medios ×1 · 10 filas · az 0°",21-dic,920,10.4715,225.3193,4.7023,33,7.460892e-2,12.5,0
31,"Zaragoza · pendiente 10 · N-S senoidal 4° · mono · medios ×1 · 10 filas · az 0°",21-dic,940,7.7566,229.0407,4.7023,33,1.173025e-1,12,0
31,"Zaragoza · pendiente 10 · N-S senoidal 4° · mono · medios ×1 · 10 filas · az 0°",21-dic,960,4.9112,232.6152,4.7023,64,1.103914e-1,7.5,0
31,"Zaragoza · pendiente 10 · N-S senoidal 4° · mono · medios ×1 · 10 filas · az 0°",21-dic,980,2.0112,236.0562,4.7023,64,5.255337e-2,4,0
32,"Zaragoza · llano · N-S aleatorio 6° · mono · medios ×1 · 6 filas · az 0°",21-jun,300,4.3153,62.0288,11.1550,64,6.042150e-2,-2,0
32,"Zaragoza · llano · N-S aleatorio 6° · mono · medios ×1 · 6 filas · az 0°",21-jun,320,7.5953,65.1785,11.1550,33,3.196843e-2,-6,0
32,"Zaragoza · llano · N-S aleatorio 6° · mono · medios ×1 · 6 filas · az 0°",21-jun,340,10.9965,68.2578,11.1550,33,2.083561e-2,-10.5,0
32,"Zaragoza · llano · N-S aleatorio 6° · mono · medios ×1 · 6 filas · az 0°",21-jun,360,14.4858,71.2858,11.1550,33,9.648568e-3,-14.5,0
32,"Zaragoza · llano · N-S aleatorio 6° · mono · medios ×1 · 6 filas · az 0°",21-jun,380,18.0452,74.2827,11.1550,33,1.041961e-2,-18,0
32,"Zaragoza · llano · N-S aleatorio 6° · mono · medios ×1 · 6 filas · az 0°",21-jun,400,21.6612,77.2704,11.1550,33,0.000000e+0,-22.5,1
32,"Zaragoza · llano · N-S aleatorio 6° · mono · medios ×1 · 6 filas · az 0°",21-jun,420,25.3226,80.2731,11.1550,33,0.000000e+0,-25.5,1
32,"Zaragoza · llano · N-S aleatorio 6° · mono · medios ×1 · 6 filas · az 0°",21-jun,440,29.0187,83.3183,11.1550,33,0.000000e+0,-30,1
32,"Zaragoza · llano · N-S aleatorio 6° · mono · medios ×1 · 6 filas · az 0°",21-jun,460,32.7391,86.4376,11.1550,33,0.000000e+0,-33.5,1
32,"Zaragoza · llano · N-S aleatorio 6° · mono · medios ×1 · 6 filas · az 0°",21-jun,480,36.4729,89.6687,11.1550,33,0.000000e+0,-36.5,1
32,"Zaragoza · llano · N-S aleatorio 6° · mono · medios ×1 · 6 filas · az 0°",21-jun,500,40.2084,93.0578,11.1550,33,0.000000e+0,-40.5,1
32,"Zaragoza · llano · N-S aleatorio 6° · mono · medios ×1 · 6 filas · az 0°",21-jun,520,43.9319,96.6624,11.1550,33,0.000000e+0,-44.5,1
32,"Zaragoza · llano · N-S aleatorio 6° · mono · medios ×1 · 6 filas · az 0°",21-jun,540,47.6271,100.5563,11.1550,33,0.000000e+0,-55,1
32,"Zaragoza · llano · N-S aleatorio 6° · mono · medios ×1 · 6 filas · az 0°",21-jun,560,51.2734,104.8355,11.1550,33,0.000000e+0,-55,1
32,"Zaragoza · llano · N-S aleatorio 6° · mono · medios ×1 · 6 filas · az 0°",21-jun,580,54.8437,109.6272,11.1550,33,0.000000e+0,-55,1
32,"Zaragoza · llano · N-S aleatorio 6° · mono · medios ×1 · 6 filas · az 0°",21-jun,600,58.3011,115.1015,11.1550,33,0.000000e+0,-55,1
32,"Zaragoza · llano · N-S aleatorio 6° · mono · medios ×1 · 6 filas · az 0°",21-jun,620,61.5938,121.4838,11.1550,33,0.000000e+0,-55,1
32,"Zaragoza · llano · N-S aleatorio 6° · mono · medios ×1 · 6 filas · az 0°",21-jun,640,64.6480,129.0638,11.1550,33,0.000000e+0,-55,1
32,"Zaragoza · llano · N-S aleatorio 6° · mono · medios ×1 · 6 filas · az 0°",21-jun,660,67.3579,138.1801,11.1550,33,0.000000e+0,-55,1
32,"Zaragoza · llano · N-S aleatorio 6° · mono · medios ×1 · 6 filas · az 0°",21-jun,680,69.5784,149.1387,11.1550,33,0.000000e+0,-55,1
32,"Zaragoza · llano · N-S aleatorio 6° · mono · medios ×1 · 6 filas · az 0°",21-jun,700,71.1301,162.0059,11.1550,33,0.000000e+0,-55,1
32,"Zaragoza · llano · N-S aleatorio 6° · mono · medios ×1 · 6 filas · az 0°",21-jun,720,71.8368,176.3074,11.1550,33,0.000000e+0,-55,1
32,"Zaragoza · llano · N-S aleatorio 6° · mono · medios ×1 · 6 filas · az 0°",21-jun,740,71.5993,190.9409,11.1550,33,0.000000e+0,-55,1
32,"Zaragoza · llano · N-S aleatorio 6° · mono · medios ×1 · 6 filas · az 0°",21-jun,760,70.4524,204.6300,11.1550,33,0.000000e+0,-55,1
32,"Zaragoza · llano · N-S aleatorio 6° · mono · medios ×1 · 6 filas · az 0°",21-jun,780,68.5438,216.5649,11.1550,33,0.000000e+0,-55,1
32,"Zaragoza · llano · N-S aleatorio 6° · mono · medios ×1 · 6 filas · az 0°",21-jun,800,66.0587,226.5756,11.1550,33,0.000000e+0,-55,1
32,"Zaragoza · llano · N-S aleatorio 6° · mono · medios ×1 · 6 filas · az 0°",21-jun,820,63.1617,234.8830,11.1550,33,0.000000e+0,-55,1
32,"Zaragoza · llano · N-S aleatorio 6° · mono · medios ×1 · 6 filas · az 0°",21-jun,840,59.9777,241.8261,11.1550,33,0.000000e+0,-55,1
32,"Zaragoza · llano · N-S aleatorio 6° · mono · medios ×1 · 6 filas · az 0°",21-jun,860,56.5952,247.7238,11.1550,33,0.000000e+0,1.5,1
32,"Zaragoza · llano · N-S aleatorio 6° · mono · medios ×1 · 6 filas · az 0°",21-jun,880,53.0761,252.8336,11.1550,33,0.000000e+0,19.5,1
32,"Zaragoza · llano · N-S aleatorio 6° · mono · medios ×1 · 6 filas · az 0°",21-jun,900,49.4641,257.3516,11.1550,33,0.000000e+0,32.5,1
32,"Zaragoza · llano · N-S aleatorio 6° · mono · medios ×1 · 6 filas · az 0°",21-jun,920,45.7905,261.4251,11.1550,33,0.000000e+0,43.5,1
32,"Zaragoza · llano · N-S aleatorio 6° · mono · medios ×1 · 6 filas · az 0°",21-jun,940,42.0789,265.1644,11.1550,33,0.000000e+0,40.5,1
32,"Zaragoza · llano · N-S aleatorio 6° · mono · medios ×1 · 6 filas · az 0°",21-jun,960,38.3476,268.6535,11.1550,33,0.000000e+0,35.5,1
32,"Zaragoza · llano · N-S aleatorio 6° · mono · medios ×1 · 6 filas · az 0°",21-jun,980,34.6113,271.9575,11.1550,33,0.000000e+0,34.5,1
32,"Zaragoza · llano · N-S aleatorio 6° · mono · medios ×1 · 6 filas · az 0°",21-jun,1000,30.8827,275.1277,11.1550,33,0.000000e+0,31.5,1
32,"Zaragoza · llano · N-S aleatorio 6° · mono · medios ×1 · 6 filas · az 0°",21-jun,1020,27.1731,278.2058,11.1550,33,0.000000e+0,27,1
32,"Zaragoza · llano · N-S aleatorio 6° · mono · medios ×1 · 6 filas · az 0°",21-jun,1040,23.4930,281.2261,11.1550,33,3.084078e-3,24.5,0
32,"Zaragoza · llano · N-S aleatorio 6° · mono · medios ×1 · 6 filas · az 0°",21-jun,1060,19.8529,284.2181,11.1550,33,9.343359e-3,21,0
32,"Zaragoza · llano · N-S aleatorio 6° · mono · medios ×1 · 6 filas · az 0°",21-jun,1080,16.2635,287.2075,11.1550,33,3.746107e-3,17.5,0
32,"Zaragoza · llano · N-S aleatorio 6° · mono · medios ×1 · 6 filas · az 0°",21-jun,1100,12.7372,290.2173,11.1550,33,1.398339e-2,12.5,0
32,"Zaragoza · llano · N-S aleatorio 6° · mono · medios ×1 · 6 filas · az 0°",21-jun,1120,9.2889,293.2684,11.1550,33,1.384160e-2,9.5,0
32,"Zaragoza · llano · N-S aleatorio 6° · mono · medios ×1 · 6 filas · az 0°",21-jun,1140,5.9421,296.3805,11.1550,64,3.677682e-2,4.5,0
32,"Zaragoza · llano · N-S aleatorio 6° · mono · medios ×1 · 6 filas · az 0°",21-jun,1160,2.7509,299.5720,11.1550,64,4.029500e-2,0.5,0
32,"Zaragoza · llano · N-S aleatorio 6° · mono · medios ×1 · 6 filas · az 0°",21-mar,380,2.2529,91.3999,11.1550,64,1.725884e-2,-2.5,0
32,"Zaragoza · llano · N-S aleatorio 6° · mono · medios ×1 · 6 filas · az 0°",21-mar,400,5.8504,94.7292,11.1550,64,1.548810e-2,-6,0
32,"Zaragoza · llano · N-S aleatorio 6° · mono · medios ×1 · 6 filas · az 0°",21-mar,420,9.5200,98.1006,11.1550,33,4.003206e-3,-10,0
32,"Zaragoza · llano · N-S aleatorio 6° · mono · medios ×1 · 6 filas · az 0°",21-mar,440,13.1842,101.5436,11.1550,33,2.532247e-2,-14.5,0
32,"Zaragoza · llano · N-S aleatorio 6° · mono · medios ×1 · 6 filas · az 0°",21-mar,460,16.8132,105.0894,11.1550,33,5.812082e-3,-16.5,0
32,"Zaragoza · llano · N-S aleatorio 6° · mono · medios ×1 · 6 filas · az 0°",21-mar,480,20.3859,108.7709,11.1550,33,6.580989e-3,-21,0
32,"Zaragoza · llano · N-S aleatorio 6° · mono · medios ×1 · 6 filas · az 0°",21-mar,500,23.8823,112.6235,11.1550,33,0.000000e+0,-25,1
32,"Zaragoza · llano · N-S aleatorio 6° · mono · medios ×1 · 6 filas · az 0°",21-mar,520,27.2812,116.6855,11.1550,33,3.169189e-3,-30,0
32,"Zaragoza · llano · N-S aleatorio 6° · mono · medios ×1 · 6 filas · az 0°",21-mar,540,30.5584,120.9974,11.1550,33,0.000000e+0,-33.5,1
32,"Zaragoza · llano · N-S aleatorio 6° · mono · medios ×1 · 6 filas · az 0°",21-mar,560,33.6866,125.6019,11.1550,33,0.000000e+0,-38,1
32,"Zaragoza · llano · N-S aleatorio 6° · mono · medios ×1 · 6 filas · az 0°",21-mar,580,36.6339,130.5419,11.1550,33,0.000000e+0,-48,1
32,"Zaragoza · llano · N-S aleatorio 6° · mono · medios ×1 · 6 filas · az 0°",21-mar,600,39.3642,135.8579,11.1550,33,0.000000e+0,-55,1
32,"Zaragoza · llano · N-S aleatorio 6° · mono · medios ×1 · 6 filas · az 0°",21-mar,620,41.8362,141.5831,11.1550,33,0.000000e+0,-55,1
32,"Zaragoza · llano · N-S aleatorio 6° · mono · medios ×1 · 6 filas · az 0°",21-mar,640,44.0046,147.7369,11.1550,33,0.000000e+0,-55,1
32,"Zaragoza · llano · N-S aleatorio 6° · mono · medios ×1 · 6 filas · az 0°",21-mar,660,45.8219,154.3164,11.1550,33,0.000000e+0,-55,1
32,"Zaragoza · llano · N-S aleatorio 6° · mono · medios ×1 · 6 filas · az 0°",21-mar,680,47.2408,161.2877,11.1550,33,0.000000e+0,-55,1
32,"Zaragoza · llano · N-S aleatorio 6° · mono · medios ×1 · 6 filas · az 0°",21-mar,700,48.2189,168.5799,11.1550,33,0.000000e+0,-55,1
32,"Zaragoza · llano · N-S aleatorio 6° · mono · medios ×1 · 6 filas · az 0°",21-mar,720,48.7237,176.0853,11.1550,33,0.000000e+0,-55,1
32,"Zaragoza · llano · N-S aleatorio 6° · mono · medios ×1 · 6 filas · az 0°",21-mar,740,48.7373,183.6681,11.1550,33,0.000000e+0,-55,1
32,"Zaragoza · llano · N-S aleatorio 6° · mono · medios ×1 · 6 filas · az 0°",21-mar,760,48.2591,191.1814,11.1550,33,0.000000e+0,-55,1
32,"Zaragoza · llano · N-S aleatorio 6° · mono · medios ×1 · 6 filas · az 0°",21-mar,780,47.3064,198.4885,11.1550,33,0.000000e+0,-55,1
32,"Zaragoza · llano · N-S aleatorio 6° · mono · medios ×1 · 6 filas · az 0°",21-mar,800,45.9109,205.4797,11.1550,33,0.000000e+0,-55,1
32,"Zaragoza · llano · N-S aleatorio 6° · mono · medios ×1 · 6 filas · az 0°",21-mar,820,44.1149,212.0823,11.1550,33,0.000000e+0,-55,1
32,"Zaragoza · llano · N-S aleatorio 6° · mono · medios ×1 · 6 filas · az 0°",21-mar,840,41.9653,218.2604,11.1550,33,0.000000e+0,9,1
32,"Zaragoza · llano · N-S aleatorio 6° · mono · medios ×1 · 6 filas · az 0°",21-mar,860,39.5099,224.0098,11.1550,33,0.000000e+0,28,1
32,"Zaragoza · llano · N-S aleatorio 6° · mono · medios ×1 · 6 filas · az 0°",21-mar,880,36.7942,229.3489,11.1550,33,0.000000e+0,42.5,1
32,"Zaragoza · llano · N-S aleatorio 6° · mono · medios ×1 · 6 filas · az 0°",21-mar,900,33.8596,234.3105,11.1550,33,0.000000e+0,42,1
32,"Zaragoza · llano · N-S aleatorio 6° · mono · medios ×1 · 6 filas · az 0°",21-mar,920,30.7428,238.9347,11.1550,33,0.000000e+0,36,1
32,"Zaragoza · llano · N-S aleatorio 6° · mono · medios ×1 · 6 filas · az 0°",21-mar,940,27.4756,243.2645,11.1550,33,1.507984e-2,31,0
32,"Zaragoza · llano · N-S aleatorio 6° · mono · medios ×1 · 6 filas · az 0°",21-mar,960,24.0859,247.3426,11.1550,33,5.256190e-3,25.5,0
32,"Zaragoza · llano · N-S aleatorio 6° · mono · medios ×1 · 6 filas · az 0°",21-mar,980,20.5978,251.2099,11.1550,33,9.634655e-3,21.5,0
32,"Zaragoza · llano · N-S aleatorio 6° · mono · medios ×1 · 6 filas · az 0°",21-mar,1000,17.0327,254.9045,11.1550,33,3.058150e-3,17.5,0
32,"Zaragoza · llano · N-S aleatorio 6° · mono · medios ×1 · 6 filas · az 0°",21-mar,1020,13.4108,258.4622,11.1550,33,1.081158e-2,13.5,0
32,"Zaragoza · llano · N-S aleatorio 6° · mono · medios ×1 · 6 filas · az 0°",21-mar,1040,9.7530,261.9160,11.1550,33,0.000000e+0,10,1
32,"Zaragoza · llano · N-S aleatorio 6° · mono · medios ×1 · 6 filas · az 0°",21-mar,1060,6.0879,265.2972,11.1550,33,1.228265e-2,6.5,0
32,"Zaragoza · llano · N-S aleatorio 6° · mono · medios ×1 · 6 filas · az 0°",21-mar,1080,2.4866,268.6354,11.1550,64,7.014271e-3,2.5,0
32,"Zaragoza · llano · N-S aleatorio 6° · mono · medios ×1 · 6 filas · az 0°",21-dic,480,4.5444,126.9401,11.1550,64,9.685221e-2,-4.5,0
32,"Zaragoza · llano · N-S aleatorio 6° · mono · medios ×1 · 6 filas · az 0°",21-dic,500,7.4023,130.4970,11.1550,33,3.658864e-2,-9,0
32,"Zaragoza · llano · N-S aleatorio 6° · mono · medios ×1 · 6 filas · az 0°",21-dic,520,10.1358,134.1991,11.1550,33,2.880819e-2,-13.5,0
32,"Zaragoza · llano · N-S aleatorio 6° · mono · medios ×1 · 6 filas · az 0°",21-dic,540,12.7098,138.0581,11.1550,33,4.372426e-2,-19.5,0
32,"Zaragoza · llano · N-S aleatorio 6° · mono · medios ×1 · 6 filas · az 0°",21-dic,560,15.0987,142.0828,11.1550,33,1.687343e-2,-22.5,0
32,"Zaragoza · llano · N-S aleatorio 6° · mono · medios ×1 · 6 filas · az 0°",21-dic,580,17.2795,146.2782,11.1550,33,2.027453e-2,-28,0
32,"Zaragoza · llano · N-S aleatorio 6° · mono · medios ×1 · 6 filas · az 0°",21-dic,600,19.2301,150.6447,11.1550,33,0.000000e+0,-29,1
32,"Zaragoza · llano · N-S aleatorio 6° · mono · medios ×1 · 6 filas · az 0°",21-dic,620,20.9291,155.1771,11.1550,33,0.000000e+0,-55,1
32,"Zaragoza · llano · N-S aleatorio 6° · mono · medios ×1 · 6 filas · az 0°",21-dic,640,22.3561,159.8636,11.1550,33,0.000000e+0,-55,1
32,"Zaragoza · llano · N-S aleatorio 6° · mono · medios ×1 · 6 filas · az 0°",21-dic,660,23.4927,164.6856,11.1550,33,0.000000e+0,-55,1
32,"Zaragoza · llano · N-S aleatorio 6° · mono · medios ×1 · 6 filas · az 0°",21-dic,680,24.3230,169.6174,11.1550,33,0.000000e+0,-55,1
32,"Zaragoza · llano · N-S aleatorio 6° · mono · medios ×1 · 6 filas · az 0°",21-dic,700,24.8347,174.6273,11.1550,33,0.000000e+0,-55,1
32,"Zaragoza · llano · N-S aleatorio 6° · mono · medios ×1 · 6 filas · az 0°",21-dic,720,25.0202,179.6788,11.1550,33,0.000000e+0,-55,1
32,"Zaragoza · llano · N-S aleatorio 6° · mono · medios ×1 · 6 filas · az 0°",21-dic,740,24.8764,184.7327,11.1550,33,0.000000e+0,-55,1
32,"Zaragoza · llano · N-S aleatorio 6° · mono · medios ×1 · 6 filas · az 0°",21-dic,760,24.4057,189.7500,11.1550,33,0.000000e+0,-55,1
32,"Zaragoza · llano · N-S aleatorio 6° · mono · medios ×1 · 6 filas · az 0°",21-dic,780,23.6152,194.6936,11.1550,33,0.000000e+0,-55,1
32,"Zaragoza · llano · N-S aleatorio 6° · mono · medios ×1 · 6 filas · az 0°",21-dic,800,22.5166,199.5310,11.1550,33,0.000000e+0,13,1
32,"Zaragoza · llano · N-S aleatorio 6° · mono · medios ×1 · 6 filas · az 0°",21-dic,820,21.1254,204.2358,11.1550,33,0.000000e+0,36.5,1
32,"Zaragoza · llano · N-S aleatorio 6° · mono · medios ×1 · 6 filas · az 0°",21-dic,840,19.4598,208.7885,11.1550,33,0.000000e+0,40.5,1
32,"Zaragoza · llano · N-S aleatorio 6° · mono · medios ×1 · 6 filas · az 0°",21-dic,860,17.5399,213.1765,11.1550,33,2.867491e-2,29,0
32,"Zaragoza · llano · N-S aleatorio 6° · mono · medios ×1 · 6 filas · az 0°",21-dic,880,15.3871,217.3936,11.1550,33,2.612984e-2,23.5,0
32,"Zaragoza · llano · N-S aleatorio 6° · mono · medios ×1 · 6 filas · az 0°",21-dic,900,13.0234,221.4397,11.1550,33,3.918525e-2,22,0
32,"Zaragoza · llano · N-S aleatorio 6° · mono · medios ×1 · 6 filas · az 0°",21-dic,920,10.4715,225.3193,11.1550,33,2.970951e-2,14,0
32,"Zaragoza · llano · N-S aleatorio 6° · mono · medios ×1 · 6 filas · az 0°",21-dic,940,7.7566,229.0407,11.1550,33,3.471384e-2,10.5,0
32,"Zaragoza · llano · N-S aleatorio 6° · mono · medios ×1 · 6 filas · az 0°",21-dic,960,4.9112,232.6152,11.1550,64,9.275146e-2,2,0
32,"Zaragoza · llano · N-S aleatorio 6° · mono · medios ×1 · 6 filas · az 0°",21-dic,980,2.0112,236.0562,11.1550,64,9.016467e-2,-1,0
33,"Arequipa · pendiente 10 · N-S constante 3° · mono · medios ×2 · 8 filas · az 0°",21-jun,700,4.7742,63.8712,0.0000,33,0.000000e+0,-41.5,1
33,"Arequipa · pendiente 10 · N-S constante 3° · mono · medios ×2 · 8 filas · az 0°",21-jun,720,8.9729,62.1856,0.0000,17,0.000000e+0,-55,1
33,"Arequipa · pendiente 10 · N-S constante 3° · mono · medios ×2 · 8 filas · az 0°",21-jun,740,13.1432,60.3097,0.0000,17,0.000000e+0,-55,1
33,"Arequipa · pendiente 10 · N-S constante 3° · mono · medios ×2 · 8 filas · az 0°",21-jun,760,17.2453,58.2184,0.0000,17,0.000000e+0,-55,1
33,"Arequipa · pendiente 10 · N-S constante 3° · mono · medios ×2 · 8 filas · az 0°",21-jun,780,21.2561,55.8815,0.0000,17,0.000000e+0,-55,1
33,"Arequipa · pendiente 10 · N-S constante 3° · mono · medios ×2 · 8 filas · az 0°",21-jun,800,25.1539,53.2637,0.0000,17,0.000000e+0,-55,1
33,"Arequipa · pendiente 10 · N-S constante 3° · mono · medios ×2 · 8 filas · az 0°",21-jun,820,28.9146,50.3241,0.0000,17,0.000000e+0,-55,1
33,"Arequipa · pendiente 10 · N-S constante 3° · mono · medios ×2 · 8 filas · az 0°",21-jun,840,32.5098,47.0168,0.0000,17,0.000000e+0,-55,1
33,"Arequipa · pendiente 10 · N-S constante 3° · mono · medios ×2 · 8 filas · az 0°",21-jun,860,35.9052,43.2920,0.0000,17,0.000000e+0,-55,1
33,"Arequipa · pendiente 10 · N-S constante 3° · mono · medios ×2 · 8 filas · az 0°",21-jun,880,39.0602,39.0991,0.0000,17,0.000000e+0,-55,1
33,"Arequipa · pendiente 10 · N-S constante 3° · mono · medios ×2 · 8 filas · az 0°",21-jun,900,41.9268,34.3923,0.0000,17,0.000000e+0,-55,1
33,"Arequipa · pendiente 10 · N-S constante 3° · mono · medios ×2 · 8 filas · az 0°",21-jun,920,44.4499,29.1395,0.0000,17,0.000000e+0,-55,1
33,"Arequipa · pendiente 10 · N-S constante 3° · mono · medios ×2 · 8 filas · az 0°",21-jun,940,46.5693,23.3352,0.0000,17,0.000000e+0,-55,1
33,"Arequipa · pendiente 10 · N-S constante 3° · mono · medios ×2 · 8 filas · az 0°",21-jun,960,48.2231,17.0150,0.0000,17,0.000000e+0,-55,1
33,"Arequipa · pendiente 10 · N-S constante 3° · mono · medios ×2 · 8 filas · az 0°",21-jun,980,49.3544,10.2679,0.0000,17,0.000000e+0,-55,1
33,"Arequipa · pendiente 10 · N-S constante 3° · mono · medios ×2 · 8 filas · az 0°",21-jun,1000,49.9185,3.2390,0.0000,17,0.000000e+0,-55,1
33,"Arequipa · pendiente 10 · N-S constante 3° · mono · medios ×2 · 8 filas · az 0°",21-jun,1020,49.8916,356.1171,0.0000,17,0.000000e+0,-55,1
33,"Arequipa · pendiente 10 · N-S constante 3° · mono · medios ×2 · 8 filas · az 0°",21-jun,1040,49.2748,349.1064,0.0000,17,0.000000e+0,-55,1
33,"Arequipa · pendiente 10 · N-S constante 3° · mono · medios ×2 · 8 filas · az 0°",21-jun,1060,48.0942,342.3928,0.0000,17,0.000000e+0,-55,1
33,"Arequipa · pendiente 10 · N-S constante 3° · mono · medios ×2 · 8 filas · az 0°",21-jun,1080,46.3957,336.1165,0.0000,17,0.000000e+0,-55,1
33,"Arequipa · pendiente 10 · N-S constante 3° · mono · medios ×2 · 8 filas · az 0°",21-jun,1100,44.2372,330.3613,0.0000,17,0.000000e+0,-55,1
33,"Arequipa · pendiente 10 · N-S constante 3° · mono · medios ×2 · 8 filas · az 0°",21-jun,1120,41.6806,325.1587,0.0000,17,0.000000e+0,-55,1
33,"Arequipa · pendiente 10 · N-S constante 3° · mono · medios ×2 · 8 filas · az 0°",21-jun,1140,38.7857,320.5000,0.0000,17,0.000000e+0,-55,1
33,"Arequipa · pendiente 10 · N-S constante 3° · mono · medios ×2 · 8 filas · az 0°",21-jun,1160,35.6071,316.3514,0.0000,17,0.000000e+0,-55,1
33,"Arequipa · pendiente 10 · N-S constante 3° · mono · medios ×2 · 8 filas · az 0°",21-jun,1180,32.1920,312.6665,0.0000,17,0.000000e+0,-55,1
33,"Arequipa · pendiente 10 · N-S constante 3° · mono · medios ×2 · 8 filas · az 0°",21-jun,1200,28.5805,309.3944,0.0000,17,0.000000e+0,-55,1
33,"Arequipa · pendiente 10 · N-S constante 3° · mono · medios ×2 · 8 filas · az 0°",21-jun,1220,24.8063,306.4858,0.0000,17,0.000000e+0,-24.5,1
33,"Arequipa · pendiente 10 · N-S constante 3° · mono · medios ×2 · 8 filas · az 0°",21-jun,1240,20.8973,303.8950,0.0000,17,0.000000e+0,-12,1
33,"Arequipa · pendiente 10 · N-S constante 3° · mono · medios ×2 · 8 filas · az 0°",21-jun,1260,16.8774,301.5817,0.0000,17,0.000000e+0,-2.5,1
33,"Arequipa · pendiente 10 · N-S constante 3° · mono · medios ×2 · 8 filas · az 0°",21-jun,1280,12.7680,299.5110,0.0000,17,0.000000e+0,5.5,1
33,"Arequipa · pendiente 10 · N-S constante 3° · mono · medios ×2 · 8 filas · az 0°",21-jun,1300,8.5930,297.6533,0.0000,17,0.000000e+0,3.5,1
33,"Arequipa · pendiente 10 · N-S constante 3° · mono · medios ×2 · 8 filas · az 0°",21-jun,1320,4.3962,295.9837,0.0000,33,0.000000e+0,-13.5,1
33,"Arequipa · pendiente 10 · N-S constante 3° · mono · medios ×2 · 8 filas · az 0°",21-mar,680,6.1794,87.8345,0.0000,17,0.000000e+0,-51,1
33,"Arequipa · pendiente 10 · N-S constante 3° · mono · medios ×2 · 8 filas · az 0°",21-mar,700,10.9081,86.3640,0.0000,17,0.000000e+0,-55,1
33,"Arequipa · pendiente 10 · N-S constante 3° · mono · medios ×2 · 8 filas · az 0°",21-mar,720,15.6602,84.8431,0.0000,17,0.000000e+0,-55,1
33,"Arequipa · pendiente 10 · N-S constante 3° · mono · medios ×2 · 8 filas · az 0°",21-mar,740,20.4114,83.2469,0.0000,17,0.000000e+0,-55,1
33,"Arequipa · pendiente 10 · N-S constante 3° · mono · medios ×2 · 8 filas · az 0°",21-mar,760,25.1514,81.5460,0.0000,17,0.000000e+0,-55,1
33,"Arequipa · pendiente 10 · N-S constante 3° · mono · medios ×2 · 8 filas · az 0°",21-mar,780,29.8721,79.7046,0.0000,17,0.000000e+0,-55,1
33,"Arequipa · pendiente 10 · N-S constante 3° · mono · medios ×2 · 8 filas · az 0°",21-mar,800,34.5652,77.6773,0.0000,17,0.000000e+0,-55,1
33,"Arequipa · pendiente 10 · N-S constante 3° · mono · medios ×2 · 8 filas · az 0°",21-mar,820,39.2209,75.4045,0.0000,17,0.000000e+0,-55,1
33,"Arequipa · pendiente 10 · N-S constante 3° · mono · medios ×2 · 8 filas · az 0°",21-mar,840,43.8256,72.8064,0.0000,17,0.000000e+0,-55,1
33,"Arequipa · pendiente 10 · N-S constante 3° · mono · medios ×2 · 8 filas · az 0°",21-mar,860,48.3608,69.7727,0.0000,17,0.000000e+0,-55,1
33,"Arequipa · pendiente 10 · N-S constante 3° · mono · medios ×2 · 8 filas · az 0°",21-mar,880,52.7997,66.1475,0.0000,17,0.000000e+0,-55,1
33,"Arequipa · pendiente 10 · N-S constante 3° · mono · medios ×2 · 8 filas · az 0°",21-mar,900,57.1020,61.7065,0.0000,17,0.000000e+0,-55,1
33,"Arequipa · pendiente 10 · N-S constante 3° · mono · medios ×2 · 8 filas · az 0°",21-mar,920,61.2050,56.1234,0.0000,17,0.000000e+0,-55,1
33,"Arequipa · pendiente 10 · N-S constante 3° · mono · medios ×2 · 8 filas · az 0°",21-mar,940,65.0093,48.9323,0.0000,17,0.000000e+0,-55,1
33,"Arequipa · pendiente 10 · N-S constante 3° · mono · medios ×2 · 8 filas · az 0°",21-mar,960,68.3560,39.5174,0.0000,17,0.000000e+0,-55,1
33,"Arequipa · pendiente 10 · N-S constante 3° · mono · medios ×2 · 8 filas · az 0°",21-mar,980,71.0006,27.2555,0.0000,17,0.000000e+0,-55,1
33,"Arequipa · pendiente 10 · N-S constante 3° · mono · medios ×2 · 8 filas · az 0°",21-mar,1000,72.6192,12.0480,0.0000,17,0.000000e+0,-55,1
33,"Arequipa · pendiente 10 · N-S constante 3° · mono · medios ×2 · 8 filas · az 0°",21-mar,1020,72.9172,355.1449,0.0000,17,0.000000e+0,-55,1
33,"Arequipa · pendiente 10 · N-S constante 3° · mono · medios ×2 · 8 filas · az 0°",21-mar,1040,71.8293,338.9743,0.0000,17,0.000000e+0,-55,1
33,"Arequipa · pendiente 10 · N-S constante 3° · mono · medios ×2 · 8 filas · az 0°",21-mar,1060,69.5760,325.4193,0.0000,17,0.000000e+0,-55,1
33,"Arequipa · pendiente 10 · N-S constante 3° · mono · medios ×2 · 8 filas · az 0°",21-mar,1080,66.4904,314.8661,0.0000,17,0.000000e+0,-55,1
33,"Arequipa · pendiente 10 · N-S constante 3° · mono · medios ×2 · 8 filas · az 0°",21-mar,1100,62.8553,306.8185,0.0000,17,0.000000e+0,-55,1
33,"Arequipa · pendiente 10 · N-S constante 3° · mono · medios ×2 · 8 filas · az 0°",21-mar,1120,58.8631,300.6237,0.0000,17,0.000000e+0,-55,1
33,"Arequipa · pendiente 10 · N-S constante 3° · mono · medios ×2 · 8 filas · az 0°",21-mar,1140,54.6351,295.7491,0.0000,17,0.000000e+0,-55,1
33,"Arequipa · pendiente 10 · N-S constante 3° · mono · medios ×2 · 8 filas · az 0°",21-mar,1160,50.2473,291.8140,0.0000,17,0.000000e+0,-55,1
33,"Arequipa · pendiente 10 · N-S constante 3° · mono · medios ×2 · 8 filas · az 0°",21-mar,1180,45.7481,288.5555,0.0000,17,0.000000e+0,-55,1
33,"Arequipa · pendiente 10 · N-S constante 3° · mono · medios ×2 · 8 filas · az 0°",21-mar,1200,41.1691,285.7922,0.0000,17,0.000000e+0,-55,1
33,"Arequipa · pendiente 10 · N-S constante 3° · mono · medios ×2 · 8 filas · az 0°",21-mar,1220,36.5321,283.3969,0.0000,17,0.000000e+0,-55,1
33,"Arequipa · pendiente 10 · N-S constante 3° · mono · medios ×2 · 8 filas · az 0°",21-mar,1240,31.8523,281.2784,0.0000,17,0.000000e+0,-40.5,1
33,"Arequipa · pendiente 10 · N-S constante 3° · mono · medios ×2 · 8 filas · az 0°",21-mar,1260,27.1408,279.3695,0.0000,17,0.000000e+0,-21.5,1
33,"Arequipa · pendiente 10 · N-S constante 3° · mono · medios ×2 · 8 filas · az 0°",21-mar,1280,22.4065,277.6197,0.0000,17,0.000000e+0,-10.5,1
33,"Arequipa · pendiente 10 · N-S constante 3° · mono · medios ×2 · 8 filas · az 0°",21-mar,1300,17.6572,275.9894,0.0000,17,0.000000e+0,-1.5,1
33,"Arequipa · pendiente 10 · N-S constante 3° · mono · medios ×2 · 8 filas · az 0°",21-mar,1320,12.9018,274.4469,0.0000,17,0.000000e+0,6,1
33,"Arequipa · pendiente 10 · N-S constante 3° · mono · medios ×2 · 8 filas · az 0°",21-mar,1340,8.1561,272.9659,0.0000,17,0.000000e+0,3,1
33,"Arequipa · pendiente 10 · N-S constante 3° · mono · medios ×2 · 8 filas · az 0°",21-mar,1360,3.4752,271.5234,0.0000,33,0.000000e+0,-13.5,1
33,"Arequipa · pendiente 10 · N-S constante 3° · mono · medios ×2 · 8 filas · az 0°",21-dic,640,5.5090,112.8863,0.0000,33,0.000000e+0,-55,1
33,"Arequipa · pendiente 10 · N-S constante 3° · mono · medios ×2 · 8 filas · az 0°",21-dic,660,9.8795,111.6997,0.0000,17,0.000000e+0,-55,1
33,"Arequipa · pendiente 10 · N-S constante 3° · mono · medios ×2 · 8 filas · az 0°",21-dic,680,14.3190,110.6399,0.0000,17,0.000000e+0,-55,1
33,"Arequipa · pendiente 10 · N-S constante 3° · mono · medios ×2 · 8 filas · az 0°",21-dic,700,18.8002,109.7012,0.0000,17,0.000000e+0,-55,1
33,"Arequipa · pendiente 10 · N-S constante 3° · mono · medios ×2 · 8 filas · az 0°",21-dic,720,23.3118,108.8811,0.0000,17,0.000000e+0,-55,1
33,"Arequipa · pendiente 10 · N-S constante 3° · mono · medios ×2 · 8 filas · az 0°",21-dic,740,27.8469,108.1807,0.0000,17,0.000000e+0,-55,1
33,"Arequipa · pendiente 10 · N-S constante 3° · mono · medios ×2 · 8 filas · az 0°",21-dic,760,32.4005,107.6058,0.0000,17,0.000000e+0,-55,1
33,"Arequipa · pendiente 10 · N-S constante 3° · mono · medios ×2 · 8 filas · az 0°",21-dic,780,36.9680,107.1676,0.0000,17,0.000000e+0,-55,1
33,"Arequipa · pendiente 10 · N-S constante 3° · mono · medios ×2 · 8 filas · az 0°",21-dic,800,41.5453,106.8854,0.0000,17,0.000000e+0,-55,1
33,"Arequipa · pendiente 10 · N-S constante 3° · mono · medios ×2 · 8 filas · az 0°",21-dic,820,46.1277,106.7892,0.0000,17,0.000000e+0,-55,1
33,"Arequipa · pendiente 10 · N-S constante 3° · mono · medios ×2 · 8 filas · az 0°",21-dic,840,50.7102,106.9266,0.0000,17,0.000000e+0,-55,1
33,"Arequipa · pendiente 10 · N-S constante 3° · mono · medios ×2 · 8 filas · az 0°",21-dic,860,55.2860,107.3727,0.0000,17,0.000000e+0,-55,1
33,"Arequipa · pendiente 10 · N-S constante 3° · mono · medios ×2 · 8 filas · az 0°",21-dic,880,59.8457,108.2507,0.0000,17,0.000000e+0,-55,1
33,"Arequipa · pendiente 10 · N-S constante 3° · mono · medios ×2 · 8 filas · az 0°",21-dic,900,64.3745,109.7715,0.0000,17,0.000000e+0,-55,1
33,"Arequipa · pendiente 10 · N-S constante 3° · mono · medios ×2 · 8 filas · az 0°",21-dic,920,68.8464,112.3221,0.0000,17,0.000000e+0,-55,1
33,"Arequipa · pendiente 10 · N-S constante 3° · mono · medios ×2 · 8 filas · az 0°",21-dic,940,73.2097,116.6755,0.0000,17,0.000000e+0,-55,1
33,"Arequipa · pendiente 10 · N-S constante 3° · mono · medios ×2 · 8 filas · az 0°",21-dic,960,77.3452,124.5416,0.0000,17,0.000000e+0,-55,1
33,"Arequipa · pendiente 10 · N-S constante 3° · mono · medios ×2 · 8 filas · az 0°",21-dic,980,80.9293,139.9625,0.0000,17,0.000000e+0,-55,1
33,"Arequipa · pendiente 10 · N-S constante 3° · mono · medios ×2 · 8 filas · az 0°",21-dic,1000,83.0437,169.7235,0.0000,17,0.000000e+0,-55,1
33,"Arequipa · pendiente 10 · N-S constante 3° · mono · medios ×2 · 8 filas · az 0°",21-dic,1020,82.3507,206.0083,0.0000,17,0.000000e+0,-55,1
33,"Arequipa · pendiente 10 · N-S constante 3° · mono · medios ×2 · 8 filas · az 0°",21-dic,1040,79.3872,228.4830,0.0000,17,0.000000e+0,-55,1
33,"Arequipa · pendiente 10 · N-S constante 3° · mono · medios ×2 · 8 filas · az 0°",21-dic,1060,75.4845,239.6903,0.0000,17,0.000000e+0,-55,1
33,"Arequipa · pendiente 10 · N-S constante 3° · mono · medios ×2 · 8 filas · az 0°",21-dic,1080,71.2217,245.6266,0.0000,17,0.000000e+0,-55,1
33,"Arequipa · pendiente 10 · N-S constante 3° · mono · medios ×2 · 8 filas · az 0°",21-dic,1100,66.7992,249.0147,0.0000,17,0.000000e+0,-55,1
33,"Arequipa · pendiente 10 · N-S constante 3° · mono · medios ×2 · 8 filas · az 0°",21-dic,1120,62.2968,251.0263,0.0000,17,0.000000e+0,-55,1
33,"Arequipa · pendiente 10 · N-S constante 3° · mono · medios ×2 · 8 filas · az 0°",21-dic,1140,57.7514,252.2170,0.0000,17,0.000000e+0,-55,1
33,"Arequipa · pendiente 10 · N-S constante 3° · mono · medios ×2 · 8 filas · az 0°",21-dic,1160,53.1829,252.8767,0.0000,17,0.000000e+0,-55,1
33,"Arequipa · pendiente 10 · N-S constante 3° · mono · medios ×2 · 8 filas · az 0°",21-dic,1180,48.6031,253.1691,0.0000,17,0.000000e+0,-55,1
33,"Arequipa · pendiente 10 · N-S constante 3° · mono · medios ×2 · 8 filas · az 0°",21-dic,1200,44.0199,253.1917,0.0000,17,0.000000e+0,-55,1
33,"Arequipa · pendiente 10 · N-S constante 3° · mono · medios ×2 · 8 filas · az 0°",21-dic,1220,39.4393,253.0053,0.0000,17,0.000000e+0,-55,1
33,"Arequipa · pendiente 10 · N-S constante 3° · mono · medios ×2 · 8 filas · az 0°",21-dic,1240,34.8660,252.6483,0.0000,17,0.000000e+0,-55,1
33,"Arequipa · pendiente 10 · N-S constante 3° · mono · medios ×2 · 8 filas · az 0°",21-dic,1260,30.3044,252.1454,0.0000,17,0.000000e+0,-43,1
33,"Arequipa · pendiente 10 · N-S constante 3° · mono · medios ×2 · 8 filas · az 0°",21-dic,1280,25.7587,251.5118,0.0000,17,0.000000e+0,-23.5,1
33,"Arequipa · pendiente 10 · N-S constante 3° · mono · medios ×2 · 8 filas · az 0°",21-dic,1300,21.2337,250.7559,0.0000,17,0.000000e+0,-12.5,1
33,"Arequipa · pendiente 10 · N-S constante 3° · mono · medios ×2 · 8 filas · az 0°",21-dic,1320,16.7351,249.8813,0.0000,17,0.000000e+0,-4,1
33,"Arequipa · pendiente 10 · N-S constante 3° · mono · medios ×2 · 8 filas · az 0°",21-dic,1340,12.2712,248.8874,0.0000,17,0.000000e+0,3.5,1
33,"Arequipa · pendiente 10 · N-S constante 3° · mono · medios ×2 · 8 filas · az 0°",21-dic,1360,7.8581,247.7702,0.0000,17,0.000000e+0,9,1
33,"Arequipa · pendiente 10 · N-S constante 3° · mono · medios ×2 · 8 filas · az 0°",21-dic,1380,3.5464,246.5223,0.0000,33,0.000000e+0,-7,1
34,"Zaragoza · llano · N-S quebrado 6° · quebrado · bagnarelli ×1 · 6 filas · az 15°",21-jun,300,4.3153,62.0288,12.0000,56,5.589509e-2,-1,0
34,"Zaragoza · llano · N-S quebrado 6° · quebrado · bagnarelli ×1 · 6 filas · az 15°",21-jun,320,7.5953,65.1785,12.0000,28,1.163837e-2,-14.5,0
34,"Zaragoza · llano · N-S quebrado 6° · quebrado · bagnarelli ×1 · 6 filas · az 15°",21-jun,340,10.9965,68.2578,12.0000,28,4.175956e-3,-18,0
34,"Zaragoza · llano · N-S quebrado 6° · quebrado · bagnarelli ×1 · 6 filas · az 15°",21-jun,360,14.4858,71.2858,12.0000,28,3.143044e-3,-21,0
34,"Zaragoza · llano · N-S quebrado 6° · quebrado · bagnarelli ×1 · 6 filas · az 15°",21-jun,380,18.0452,74.2827,12.0000,28,1.253438e-2,-24,0
34,"Zaragoza · llano · N-S quebrado 6° · quebrado · bagnarelli ×1 · 6 filas · az 15°",21-jun,400,21.6612,77.2704,12.0000,28,0.000000e+0,-27,1
34,"Zaragoza · llano · N-S quebrado 6° · quebrado · bagnarelli ×1 · 6 filas · az 15°",21-jun,420,25.3226,80.2731,12.0000,28,0.000000e+0,-30,1
34,"Zaragoza · llano · N-S quebrado 6° · quebrado · bagnarelli ×1 · 6 filas · az 15°",21-jun,440,29.0187,83.3183,12.0000,28,0.000000e+0,-33,1
34,"Zaragoza · llano · N-S quebrado 6° · quebrado · bagnarelli ×1 · 6 filas · az 15°",21-jun,460,32.7391,86.4376,12.0000,28,0.000000e+0,-36.5,1
34,"Zaragoza · llano · N-S quebrado 6° · quebrado · bagnarelli ×1 · 6 filas · az 15°",21-jun,480,36.4729,89.6687,12.0000,28,0.000000e+0,-38.5,1
34,"Zaragoza · llano · N-S quebrado 6° · quebrado · bagnarelli ×1 · 6 filas · az 15°",21-jun,500,40.2084,93.0578,12.0000,28,0.000000e+0,-42,1
34,"Zaragoza · llano · N-S quebrado 6° · quebrado · bagnarelli ×1 · 6 filas · az 15°",21-jun,520,43.9319,96.6624,12.0000,28,0.000000e+0,-46,1
34,"Zaragoza · llano · N-S quebrado 6° · quebrado · bagnarelli ×1 · 6 filas · az 15°",21-jun,540,47.6271,100.5563,12.0000,28,0.000000e+0,-48.5,1
34,"Zaragoza · llano · N-S quebrado 6° · quebrado · bagnarelli ×1 · 6 filas · az 15°",21-jun,560,51.2734,104.8355,12.0000,28,0.000000e+0,-52,1
34,"Zaragoza · llano · N-S quebrado 6° · quebrado · bagnarelli ×1 · 6 filas · az 15°",21-jun,580,54.8437,109.6272,12.0000,28,0.000000e+0,-55,1
34,"Zaragoza · llano · N-S quebrado 6° · quebrado · bagnarelli ×1 · 6 filas · az 15°",21-jun,600,58.3011,115.1015,12.0000,28,5.325229e-3,-55,0
34,"Zaragoza · llano · N-S quebrado 6° · quebrado · bagnarelli ×1 · 6 filas · az 15°",21-jun,620,61.5938,121.4838,12.0000,28,1.751642e-2,-55,0
34,"Zaragoza · llano · N-S quebrado 6° · quebrado · bagnarelli ×1 · 6 filas · az 15°",21-jun,640,64.6480,129.0638,12.0000,28,3.207862e-2,-55,0
34,"Zaragoza · llano · N-S quebrado 6° · quebrado · bagnarelli ×1 · 6 filas · az 15°",21-jun,660,67.3579,138.1801,12.0000,28,5.318112e-2,-55,0
34,"Zaragoza · llano · N-S quebrado 6° · quebrado · bagnarelli ×1 · 6 filas · az 15°",21-jun,680,69.5784,149.1387,12.0000,28,0.000000e+0,-55,1
34,"Zaragoza · llano · N-S quebrado 6° · quebrado · bagnarelli ×1 · 6 filas · az 15°",21-jun,700,71.1301,162.0059,12.0000,28,0.000000e+0,-55,1
34,"Zaragoza · llano · N-S quebrado 6° · quebrado · bagnarelli ×1 · 6 filas · az 15°",21-jun,720,71.8368,176.3074,12.0000,28,0.000000e+0,-55,1
34,"Zaragoza · llano · N-S quebrado 6° · quebrado · bagnarelli ×1 · 6 filas · az 15°",21-jun,740,71.5993,190.9409,12.0000,28,0.000000e+0,-55,1
34,"Zaragoza · llano · N-S quebrado 6° · quebrado · bagnarelli ×1 · 6 filas · az 15°",21-jun,760,70.4524,204.6300,12.0000,28,0.000000e+0,-55,1
34,"Zaragoza · llano · N-S quebrado 6° · quebrado · bagnarelli ×1 · 6 filas · az 15°",21-jun,780,68.5438,216.5649,12.0000,28,0.000000e+0,-55,1
34,"Zaragoza · llano · N-S quebrado 6° · quebrado · bagnarelli ×1 · 6 filas · az 15°",21-jun,800,66.0587,226.5756,12.0000,28,0.000000e+0,-55,1
34,"Zaragoza · llano · N-S quebrado 6° · quebrado · bagnarelli ×1 · 6 filas · az 15°",21-jun,820,63.1617,234.8830,12.0000,28,0.000000e+0,-55,1
34,"Zaragoza · llano · N-S quebrado 6° · quebrado · bagnarelli ×1 · 6 filas · az 15°",21-jun,840,59.9777,241.8261,12.0000,28,0.000000e+0,12,1
34,"Zaragoza · llano · N-S quebrado 6° · quebrado · bagnarelli ×1 · 6 filas · az 15°",21-jun,860,56.5952,247.7238,12.0000,28,0.000000e+0,37.5,1
34,"Zaragoza · llano · N-S quebrado 6° · quebrado · bagnarelli ×1 · 6 filas · az 15°",21-jun,880,53.0761,252.8336,12.0000,28,2.072778e-3,55,0
34,"Zaragoza · llano · N-S quebrado 6° · quebrado · bagnarelli ×1 · 6 filas · az 15°",21-jun,900,49.4641,257.3516,12.0000,28,0.000000e+0,53,1
34,"Zaragoza · llano · N-S quebrado 6° · quebrado · bagnarelli ×1 · 6 filas · az 15°",21-jun,920,45.7905,261.4251,12.0000,28,0.000000e+0,49,1
34,"Zaragoza · llano · N-S quebrado 6° · quebrado · bagnarelli ×1 · 6 filas · az 15°",21-jun,940,42.0789,265.1644,12.0000,28,0.000000e+0,44.5,1
34,"Zaragoza · llano · N-S quebrado 6° · quebrado · bagnarelli ×1 · 6 filas · az 15°",21-jun,960,38.3476,268.6535,12.0000,28,0.000000e+0,40.5,1
34,"Zaragoza · llano · N-S quebrado 6° · quebrado · bagnarelli ×1 · 6 filas · az 15°",21-jun,980,34.6113,271.9575,12.0000,28,0.000000e+0,36,1
34,"Zaragoza · llano · N-S quebrado 6° · quebrado · bagnarelli ×1 · 6 filas · az 15°",21-jun,1000,30.8827,275.1277,12.0000,28,0.000000e+0,31,1
34,"Zaragoza · llano · N-S quebrado 6° · quebrado · bagnarelli ×1 · 6 filas · az 15°",21-jun,1020,27.1731,278.2058,12.0000,28,0.000000e+0,28,1
34,"Zaragoza · llano · N-S quebrado 6° · quebrado · bagnarelli ×1 · 6 filas · az 15°",21-jun,1040,23.4930,281.2261,12.0000,28,0.000000e+0,23.5,1
34,"Zaragoza · llano · N-S quebrado 6° · quebrado · bagnarelli ×1 · 6 filas · az 15°",21-jun,1060,19.8529,284.2181,12.0000,28,0.000000e+0,20,1
34,"Zaragoza · llano · N-S quebrado 6° · quebrado · bagnarelli ×1 · 6 filas · az 15°",21-jun,1080,16.2635,287.2075,12.0000,28,0.000000e+0,16,1
34,"Zaragoza · llano · N-S quebrado 6° · quebrado · bagnarelli ×1 · 6 filas · az 15°",21-jun,1100,12.7372,290.2173,12.0000,28,0.000000e+0,11.5,1
34,"Zaragoza · llano · N-S quebrado 6° · quebrado · bagnarelli ×1 · 6 filas · az 15°",21-jun,1120,9.2889,293.2684,12.0000,28,0.000000e+0,6.5,1
34,"Zaragoza · llano · N-S quebrado 6° · quebrado · bagnarelli ×1 · 6 filas · az 15°",21-jun,1140,5.9421,296.3805,12.0000,56,3.531713e-3,5,0
34,"Zaragoza · llano · N-S quebrado 6° · quebrado · bagnarelli ×1 · 6 filas · az 15°",21-jun,1160,2.7509,299.5720,12.0000,56,0.000000e+0,1,1
34,"Zaragoza · llano · N-S quebrado 6° · quebrado · bagnarelli ×1 · 6 filas · az 15°",21-mar,380,2.2529,91.3999,12.0000,56,1.111368e-2,-3,0
34,"Zaragoza · llano · N-S quebrado 6° · quebrado · bagnarelli ×1 · 6 filas · az 15°",21-mar,400,5.8504,94.7292,12.0000,56,0.000000e+0,-7.5,1
34,"Zaragoza · llano · N-S quebrado 6° · quebrado · bagnarelli ×1 · 6 filas · az 15°",21-mar,420,9.5200,98.1006,12.0000,28,0.000000e+0,-10.5,1
34,"Zaragoza · llano · N-S quebrado 6° · quebrado · bagnarelli ×1 · 6 filas · az 15°",21-mar,440,13.1842,101.5436,12.0000,28,2.470600e-3,-13.5,0
34,"Zaragoza · llano · N-S quebrado 6° · quebrado · bagnarelli ×1 · 6 filas · az 15°",21-mar,460,16.8132,105.0894,12.0000,28,0.000000e+0,-17,1
34,"Zaragoza · llano · N-S quebrado 6° · quebrado · bagnarelli ×1 · 6 filas · az 15°",21-mar,480,20.3859,108.7709,12.0000,28,0.000000e+0,-20,1
34,"Zaragoza · llano · N-S quebrado 6° · quebrado · bagnarelli ×1 · 6 filas · az 15°",21-mar,500,23.8823,112.6235,12.0000,28,1.558879e-2,-23.5,0
34,"Zaragoza · llano · N-S quebrado 6° · quebrado · bagnarelli ×1 · 6 filas · az 15°",21-mar,520,27.2812,116.6855,12.0000,28,0.000000e+0,-27,1
34,"Zaragoza · llano · N-S quebrado 6° · quebrado · bagnarelli ×1 · 6 filas · az 15°",21-mar,540,30.5584,120.9974,12.0000,28,7.402106e-3,-30.5,0
34,"Zaragoza · llano · N-S quebrado 6° · quebrado · bagnarelli ×1 · 6 filas · az 15°",21-mar,560,33.6866,125.6019,12.0000,28,0.000000e+0,-34,1
34,"Zaragoza · llano · N-S quebrado 6° · quebrado · bagnarelli ×1 · 6 filas · az 15°",21-mar,580,36.6339,130.5419,12.0000,28,0.000000e+0,-39,1
34,"Zaragoza · llano · N-S quebrado 6° · quebrado · bagnarelli ×1 · 6 filas · az 15°",21-mar,600,39.3642,135.8579,12.0000,28,0.000000e+0,-43.5,1
34,"Zaragoza · llano · N-S quebrado 6° · quebrado · bagnarelli ×1 · 6 filas · az 15°",21-mar,620,41.8362,141.5831,12.0000,28,0.000000e+0,-47,1
34,"Zaragoza · llano · N-S quebrado 6° · quebrado · bagnarelli ×1 · 6 filas · az 15°",21-mar,640,44.0046,147.7369,12.0000,28,0.000000e+0,-50.5,1
34,"Zaragoza · llano · N-S quebrado 6° · quebrado · bagnarelli ×1 · 6 filas · az 15°",21-mar,660,45.8219,154.3164,12.0000,28,7.653918e-3,-55,0
34,"Zaragoza · llano · N-S quebrado 6° · quebrado · bagnarelli ×1 · 6 filas · az 15°",21-mar,680,47.2408,161.2877,12.0000,28,1.373030e-2,-55,0
34,"Zaragoza · llano · N-S quebrado 6° · quebrado · bagnarelli ×1 · 6 filas · az 15°",21-mar,700,48.2189,168.5799,12.0000,28,3.385075e-2,-55,0
34,"Zaragoza · llano · N-S quebrado 6° · quebrado · bagnarelli ×1 · 6 filas · az 15°",21-mar,720,48.7237,176.0853,12.0000,28,0.000000e+0,-55,1
34,"Zaragoza · llano · N-S quebrado 6° · quebrado · bagnarelli ×1 · 6 filas · az 15°",21-mar,740,48.7373,183.6681,12.0000,28,0.000000e+0,-55,1
34,"Zaragoza · llano · N-S quebrado 6° · quebrado · bagnarelli ×1 · 6 filas · az 15°",21-mar,760,48.2591,191.1814,12.0000,28,0.000000e+0,-55,1
34,"Zaragoza · llano · N-S quebrado 6° · quebrado · bagnarelli ×1 · 6 filas · az 15°",21-mar,780,47.3064,198.4885,12.0000,28,0.000000e+0,-55,1
34,"Zaragoza · llano · N-S quebrado 6° · quebrado · bagnarelli ×1 · 6 filas · az 15°",21-mar,800,45.9109,205.4797,12.0000,28,0.000000e+0,-55,1
34,"Zaragoza · llano · N-S quebrado 6° · quebrado · bagnarelli ×1 · 6 filas · az 15°",21-mar,820,44.1149,212.0823,12.0000,28,0.000000e+0,-55,1
34,"Zaragoza · llano · N-S quebrado 6° · quebrado · bagnarelli ×1 · 6 filas · az 15°",21-mar,840,41.9653,218.2604,12.0000,28,0.000000e+0,-55,1
34,"Zaragoza · llano · N-S quebrado 6° · quebrado · bagnarelli ×1 · 6 filas · az 15°",21-mar,860,39.5099,224.0098,12.0000,28,0.000000e+0,42,1
34,"Zaragoza · llano · N-S quebrado 6° · quebrado · bagnarelli ×1 · 6 filas · az 15°",21-mar,880,36.7942,229.3489,12.0000,28,0.000000e+0,55,1
34,"Zaragoza · llano · N-S quebrado 6° · quebrado · bagnarelli ×1 · 6 filas · az 15°",21-mar,900,33.8596,234.3105,12.0000,28,0.000000e+0,49.5,1
34,"Zaragoza · llano · N-S quebrado 6° · quebrado · bagnarelli ×1 · 6 filas · az 15°",21-mar,920,30.7428,238.9347,12.0000,28,0.000000e+0,43.5,1
34,"Zaragoza · llano · N-S quebrado 6° · quebrado · bagnarelli ×1 · 6 filas · az 15°",21-mar,940,27.4756,243.2645,12.0000,28,9.328068e-3,38.5,0
34,"Zaragoza · llano · N-S quebrado 6° · quebrado · bagnarelli ×1 · 6 filas · az 15°",21-mar,960,24.0859,247.3426,12.0000,28,0.000000e+0,32.5,1
34,"Zaragoza · llano · N-S quebrado 6° · quebrado · bagnarelli ×1 · 6 filas · az 15°",21-mar,980,20.5978,251.2099,12.0000,28,0.000000e+0,27.5,1
34,"Zaragoza · llano · N-S quebrado 6° · quebrado · bagnarelli ×1 · 6 filas · az 15°",21-mar,1000,17.0327,254.9045,12.0000,28,0.000000e+0,22,1
34,"Zaragoza · llano · N-S quebrado 6° · quebrado · bagnarelli ×1 · 6 filas · az 15°",21-mar,1020,13.4108,258.4622,12.0000,28,0.000000e+0,17.5,1
34,"Zaragoza · llano · N-S quebrado 6° · quebrado · bagnarelli ×1 · 6 filas · az 15°",21-mar,1040,9.7530,261.9160,12.0000,28,0.000000e+0,13,1
34,"Zaragoza · llano · N-S quebrado 6° · quebrado · bagnarelli ×1 · 6 filas · az 15°",21-mar,1060,6.0879,265.2972,12.0000,28,0.000000e+0,7,1
34,"Zaragoza · llano · N-S quebrado 6° · quebrado · bagnarelli ×1 · 6 filas · az 15°",21-mar,1080,2.4866,268.6354,12.0000,56,1.137249e-2,2.5,0
34,"Zaragoza · llano · N-S quebrado 6° · quebrado · bagnarelli ×1 · 6 filas · az 15°",21-dic,480,4.5444,126.9401,12.0000,56,0.000000e+0,-2.5,1
34,"Zaragoza · llano · N-S quebrado 6° · quebrado · bagnarelli ×1 · 6 filas · az 15°",21-dic,500,7.4023,130.4970,12.0000,28,1.082834e-2,-5.5,0
34,"Zaragoza · llano · N-S quebrado 6° · quebrado · bagnarelli ×1 · 6 filas · az 15°",21-dic,520,10.1358,134.1991,12.0000,28,0.000000e+0,-9,1
34,"Zaragoza · llano · N-S quebrado 6° · quebrado · bagnarelli ×1 · 6 filas · az 15°",21-dic,540,12.7098,138.0581,12.0000,28,0.000000e+0,-12.5,1
34,"Zaragoza · llano · N-S quebrado 6° · quebrado · bagnarelli ×1 · 6 filas · az 15°",21-dic,560,15.0987,142.0828,12.0000,28,0.000000e+0,-15,1
34,"Zaragoza · llano · N-S quebrado 6° · quebrado · bagnarelli ×1 · 6 filas · az 15°",21-dic,580,17.2795,146.2782,12.0000,28,0.000000e+0,-18,1
34,"Zaragoza · llano · N-S quebrado 6° · quebrado · bagnarelli ×1 · 6 filas · az 15°",21-dic,600,19.2301,150.6447,12.0000,28,0.000000e+0,-21.5,1
34,"Zaragoza · llano · N-S quebrado 6° · quebrado · bagnarelli ×1 · 6 filas · az 15°",21-dic,620,20.9291,155.1771,12.0000,28,5.891440e-3,-25,0
34,"Zaragoza · llano · N-S quebrado 6° · quebrado · bagnarelli ×1 · 6 filas · az 15°",21-dic,640,22.3561,159.8636,12.0000,28,0.000000e+0,-31,1
34,"Zaragoza · llano · N-S quebrado 6° · quebrado · bagnarelli ×1 · 6 filas · az 15°",21-dic,660,23.4927,164.6856,12.0000,28,0.000000e+0,-36.5,1
34,"Zaragoza · llano · N-S quebrado 6° · quebrado · bagnarelli ×1 · 6 filas · az 15°",21-dic,680,24.3230,169.6174,12.0000,28,6.087256e-4,-40,0
34,"Zaragoza · llano · N-S quebrado 6° · quebrado · bagnarelli ×1 · 6 filas · az 15°",21-dic,700,24.8347,174.6273,12.0000,28,1.509338e-2,-46.5,0
34,"Zaragoza · llano · N-S quebrado 6° · quebrado · bagnarelli ×1 · 6 filas · az 15°",21-dic,720,25.0202,179.6788,12.0000,28,5.692825e-4,-54,0
34,"Zaragoza · llano · N-S quebrado 6° · quebrado · bagnarelli ×1 · 6 filas · az 15°",21-dic,740,24.8764,184.7327,12.0000,28,1.631172e-2,-55,0
34,"Zaragoza · llano · N-S quebrado 6° · quebrado · bagnarelli ×1 · 6 filas · az 15°",21-dic,760,24.4057,189.7500,12.0000,28,0.000000e+0,-55,1
34,"Zaragoza · llano · N-S quebrado 6° · quebrado · bagnarelli ×1 · 6 filas · az 15°",21-dic,780,23.6152,194.6936,12.0000,28,0.000000e+0,-55,1
34,"Zaragoza · llano · N-S quebrado 6° · quebrado · bagnarelli ×1 · 6 filas · az 15°",21-dic,800,22.5166,199.5310,12.0000,28,0.000000e+0,-55,1
34,"Zaragoza · llano · N-S quebrado 6° · quebrado · bagnarelli ×1 · 6 filas · az 15°",21-dic,820,21.1254,204.2358,12.0000,28,0.000000e+0,-55,1
34,"Zaragoza · llano · N-S quebrado 6° · quebrado · bagnarelli ×1 · 6 filas · az 15°",21-dic,840,19.4598,208.7885,12.0000,28,0.000000e+0,41,1
34,"Zaragoza · llano · N-S quebrado 6° · quebrado · bagnarelli ×1 · 6 filas · az 15°",21-dic,860,17.5399,213.1765,12.0000,28,0.000000e+0,53,1
34,"Zaragoza · llano · N-S quebrado 6° · quebrado · bagnarelli ×1 · 6 filas · az 15°",21-dic,880,15.3871,217.3936,12.0000,28,0.000000e+0,43,1
34,"Zaragoza · llano · N-S quebrado 6° · quebrado · bagnarelli ×1 · 6 filas · az 15°",21-dic,900,13.0234,221.4397,12.0000,28,0.000000e+0,36,1
34,"Zaragoza · llano · N-S quebrado 6° · quebrado · bagnarelli ×1 · 6 filas · az 15°",21-dic,920,10.4715,225.3193,12.0000,28,0.000000e+0,28.5,1
34,"Zaragoza · llano · N-S quebrado 6° · quebrado · bagnarelli ×1 · 6 filas · az 15°",21-dic,940,7.7566,229.0407,12.0000,28,3.354787e-2,17.5,0
34,"Zaragoza · llano · N-S quebrado 6° · quebrado · bagnarelli ×1 · 6 filas · az 15°",21-dic,960,4.9112,232.6152,12.0000,56,9.521790e-2,0.5,0
34,"Zaragoza · llano · N-S quebrado 6° · quebrado · bagnarelli ×1 · 6 filas · az 15°",21-dic,980,2.0112,236.0562,12.0000,56,2.152837e-2,5.5,0
35,"Arequipa · valle 2 · N-S rotula 3° · mono · tresbolillo ×1 · 6 filas · az 0°",21-jun,700,4.7742,63.8712,0.0000,33,0.000000e+0,-7,1
35,"Arequipa · valle 2 · N-S rotula 3° · mono · tresbolillo ×1 · 6 filas · az 0°",21-jun,720,8.9729,62.1856,0.0000,17,0.000000e+0,-16.5,1
35,"Arequipa · valle 2 · N-S rotula 3° · mono · tresbolillo ×1 · 6 filas · az 0°",21-jun,740,13.1432,60.3097,0.0000,17,0.000000e+0,-34,1
35,"Arequipa · valle 2 · N-S rotula 3° · mono · tresbolillo ×1 · 6 filas · az 0°",21-jun,760,17.2453,58.2184,0.0000,17,0.000000e+0,-53,1
35,"Arequipa · valle 2 · N-S rotula 3° · mono · tresbolillo ×1 · 6 filas · az 0°",21-jun,780,21.2561,55.8815,0.0000,17,0.000000e+0,-55,1
35,"Arequipa · valle 2 · N-S rotula 3° · mono · tresbolillo ×1 · 6 filas · az 0°",21-jun,800,25.1539,53.2637,0.0000,17,0.000000e+0,-55,1
35,"Arequipa · valle 2 · N-S rotula 3° · mono · tresbolillo ×1 · 6 filas · az 0°",21-jun,820,28.9146,50.3241,0.0000,17,0.000000e+0,-55,1
35,"Arequipa · valle 2 · N-S rotula 3° · mono · tresbolillo ×1 · 6 filas · az 0°",21-jun,840,32.5098,47.0168,0.0000,17,0.000000e+0,-55,1
35,"Arequipa · valle 2 · N-S rotula 3° · mono · tresbolillo ×1 · 6 filas · az 0°",21-jun,860,35.9052,43.2920,0.0000,17,0.000000e+0,-55,1
35,"Arequipa · valle 2 · N-S rotula 3° · mono · tresbolillo ×1 · 6 filas · az 0°",21-jun,880,39.0602,39.0991,0.0000,17,0.000000e+0,-55,1
35,"Arequipa · valle 2 · N-S rotula 3° · mono · tresbolillo ×1 · 6 filas · az 0°",21-jun,900,41.9268,34.3923,0.0000,17,0.000000e+0,-55,1
35,"Arequipa · valle 2 · N-S rotula 3° · mono · tresbolillo ×1 · 6 filas · az 0°",21-jun,920,44.4499,29.1395,0.0000,17,0.000000e+0,-55,1
35,"Arequipa · valle 2 · N-S rotula 3° · mono · tresbolillo ×1 · 6 filas · az 0°",21-jun,940,46.5693,23.3352,0.0000,17,0.000000e+0,-55,1
35,"Arequipa · valle 2 · N-S rotula 3° · mono · tresbolillo ×1 · 6 filas · az 0°",21-jun,960,48.2231,17.0150,0.0000,17,0.000000e+0,-55,1
35,"Arequipa · valle 2 · N-S rotula 3° · mono · tresbolillo ×1 · 6 filas · az 0°",21-jun,980,49.3544,10.2679,0.0000,17,0.000000e+0,-55,1
35,"Arequipa · valle 2 · N-S rotula 3° · mono · tresbolillo ×1 · 6 filas · az 0°",21-jun,1000,49.9185,3.2390,0.0000,17,0.000000e+0,-55,1
35,"Arequipa · valle 2 · N-S rotula 3° · mono · tresbolillo ×1 · 6 filas · az 0°",21-jun,1020,49.8916,356.1171,0.0000,17,0.000000e+0,-55,1
35,"Arequipa · valle 2 · N-S rotula 3° · mono · tresbolillo ×1 · 6 filas · az 0°",21-jun,1040,49.2748,349.1064,0.0000,17,0.000000e+0,-55,1
35,"Arequipa · valle 2 · N-S rotula 3° · mono · tresbolillo ×1 · 6 filas · az 0°",21-jun,1060,48.0942,342.3928,0.0000,17,0.000000e+0,-55,1
35,"Arequipa · valle 2 · N-S rotula 3° · mono · tresbolillo ×1 · 6 filas · az 0°",21-jun,1080,46.3957,336.1165,0.0000,17,0.000000e+0,-55,1
35,"Arequipa · valle 2 · N-S rotula 3° · mono · tresbolillo ×1 · 6 filas · az 0°",21-jun,1100,44.2372,330.3613,0.0000,17,0.000000e+0,-55,1
35,"Arequipa · valle 2 · N-S rotula 3° · mono · tresbolillo ×1 · 6 filas · az 0°",21-jun,1120,41.6806,325.1587,0.0000,17,0.000000e+0,-55,1
35,"Arequipa · valle 2 · N-S rotula 3° · mono · tresbolillo ×1 · 6 filas · az 0°",21-jun,1140,38.7857,320.5000,0.0000,17,0.000000e+0,-55,1
35,"Arequipa · valle 2 · N-S rotula 3° · mono · tresbolillo ×1 · 6 filas · az 0°",21-jun,1160,35.6071,316.3514,0.0000,17,0.000000e+0,-55,1
35,"Arequipa · valle 2 · N-S rotula 3° · mono · tresbolillo ×1 · 6 filas · az 0°",21-jun,1180,32.1920,312.6665,0.0000,17,0.000000e+0,-55,1
35,"Arequipa · valle 2 · N-S rotula 3° · mono · tresbolillo ×1 · 6 filas · az 0°",21-jun,1200,28.5805,309.3944,0.0000,17,0.000000e+0,-55,1
35,"Arequipa · valle 2 · N-S rotula 3° · mono · tresbolillo ×1 · 6 filas · az 0°",21-jun,1220,24.8063,306.4858,0.0000,17,0.000000e+0,-44.5,1
35,"Arequipa · valle 2 · N-S rotula 3° · mono · tresbolillo ×1 · 6 filas · az 0°",21-jun,1240,20.8973,303.8950,0.0000,17,0.000000e+0,-23.5,1
35,"Arequipa · valle 2 · N-S rotula 3° · mono · tresbolillo ×1 · 6 filas · az 0°",21-jun,1260,16.8774,301.5817,0.0000,17,0.000000e+0,-12,1
35,"Arequipa · valle 2 · N-S rotula 3° · mono · tresbolillo ×1 · 6 filas · az 0°",21-jun,1280,12.7680,299.5110,0.0000,17,0.000000e+0,-3,1
35,"Arequipa · valle 2 · N-S rotula 3° · mono · tresbolillo ×1 · 6 filas · az 0°",21-jun,1300,8.5930,297.6533,0.0000,17,0.000000e+0,4.5,1
35,"Arequipa · valle 2 · N-S rotula 3° · mono · tresbolillo ×1 · 6 filas · az 0°",21-jun,1320,4.3962,295.9837,0.0000,33,0.000000e+0,3.5,1
35,"Arequipa · valle 2 · N-S rotula 3° · mono · tresbolillo ×1 · 6 filas · az 0°",21-mar,680,6.1794,87.8345,0.0000,17,0.000000e+0,-9.5,1
35,"Arequipa · valle 2 · N-S rotula 3° · mono · tresbolillo ×1 · 6 filas · az 0°",21-mar,700,10.9081,86.3640,0.0000,17,0.000000e+0,-19,1
35,"Arequipa · valle 2 · N-S rotula 3° · mono · tresbolillo ×1 · 6 filas · az 0°",21-mar,720,15.6602,84.8431,0.0000,17,0.000000e+0,-36.5,1
35,"Arequipa · valle 2 · N-S rotula 3° · mono · tresbolillo ×1 · 6 filas · az 0°",21-mar,740,20.4114,83.2469,0.0000,17,0.000000e+0,-55,1
35,"Arequipa · valle 2 · N-S rotula 3° · mono · tresbolillo ×1 · 6 filas · az 0°",21-mar,760,25.1514,81.5460,0.0000,17,0.000000e+0,-55,1
35,"Arequipa · valle 2 · N-S rotula 3° · mono · tresbolillo ×1 · 6 filas · az 0°",21-mar,780,29.8721,79.7046,0.0000,17,0.000000e+0,-55,1
35,"Arequipa · valle 2 · N-S rotula 3° · mono · tresbolillo ×1 · 6 filas · az 0°",21-mar,800,34.5652,77.6773,0.0000,17,0.000000e+0,-55,1
35,"Arequipa · valle 2 · N-S rotula 3° · mono · tresbolillo ×1 · 6 filas · az 0°",21-mar,820,39.2209,75.4045,0.0000,17,0.000000e+0,-55,1
35,"Arequipa · valle 2 · N-S rotula 3° · mono · tresbolillo ×1 · 6 filas · az 0°",21-mar,840,43.8256,72.8064,0.0000,17,0.000000e+0,-55,1
35,"Arequipa · valle 2 · N-S rotula 3° · mono · tresbolillo ×1 · 6 filas · az 0°",21-mar,860,48.3608,69.7727,0.0000,17,0.000000e+0,-55,1
35,"Arequipa · valle 2 · N-S rotula 3° · mono · tresbolillo ×1 · 6 filas · az 0°",21-mar,880,52.7997,66.1475,0.0000,17,0.000000e+0,-55,1
35,"Arequipa · valle 2 · N-S rotula 3° · mono · tresbolillo ×1 · 6 filas · az 0°",21-mar,900,57.1020,61.7065,0.0000,17,0.000000e+0,-55,1
35,"Arequipa · valle 2 · N-S rotula 3° · mono · tresbolillo ×1 · 6 filas · az 0°",21-mar,920,61.2050,56.1234,0.0000,17,0.000000e+0,-55,1
35,"Arequipa · valle 2 · N-S rotula 3° · mono · tresbolillo ×1 · 6 filas · az 0°",21-mar,940,65.0093,48.9323,0.0000,17,0.000000e+0,-55,1
35,"Arequipa · valle 2 · N-S rotula 3° · mono · tresbolillo ×1 · 6 filas · az 0°",21-mar,960,68.3560,39.5174,0.0000,17,0.000000e+0,-55,1
35,"Arequipa · valle 2 · N-S rotula 3° · mono · tresbolillo ×1 · 6 filas · az 0°",21-mar,980,71.0006,27.2555,0.0000,17,0.000000e+0,-55,1
35,"Arequipa · valle 2 · N-S rotula 3° · mono · tresbolillo ×1 · 6 filas · az 0°",21-mar,1000,72.6192,12.0480,0.0000,17,0.000000e+0,-55,1
35,"Arequipa · valle 2 · N-S rotula 3° · mono · tresbolillo ×1 · 6 filas · az 0°",21-mar,1020,72.9172,355.1449,0.0000,17,0.000000e+0,-55,1
35,"Arequipa · valle 2 · N-S rotula 3° · mono · tresbolillo ×1 · 6 filas · az 0°",21-mar,1040,71.8293,338.9743,0.0000,17,0.000000e+0,-55,1
35,"Arequipa · valle 2 · N-S rotula 3° · mono · tresbolillo ×1 · 6 filas · az 0°",21-mar,1060,69.5760,325.4193,0.0000,17,0.000000e+0,-55,1
35,"Arequipa · valle 2 · N-S rotula 3° · mono · tresbolillo ×1 · 6 filas · az 0°",21-mar,1080,66.4904,314.8661,0.0000,17,0.000000e+0,-55,1
35,"Arequipa · valle 2 · N-S rotula 3° · mono · tresbolillo ×1 · 6 filas · az 0°",21-mar,1100,62.8553,306.8185,0.0000,17,0.000000e+0,-55,1
35,"Arequipa · valle 2 · N-S rotula 3° · mono · tresbolillo ×1 · 6 filas · az 0°",21-mar,1120,58.8631,300.6237,0.0000,17,0.000000e+0,-55,1
35,"Arequipa · valle 2 · N-S rotula 3° · mono · tresbolillo ×1 · 6 filas · az 0°",21-mar,1140,54.6351,295.7491,0.0000,17,0.000000e+0,-55,1
35,"Arequipa · valle 2 · N-S rotula 3° · mono · tresbolillo ×1 · 6 filas · az 0°",21-mar,1160,50.2473,291.8140,0.0000,17,0.000000e+0,-55,1
35,"Arequipa · valle 2 · N-S rotula 3° · mono · tresbolillo ×1 · 6 filas · az 0°",21-mar,1180,45.7481,288.5555,0.0000,17,0.000000e+0,-55,1
35,"Arequipa · valle 2 · N-S rotula 3° · mono · tresbolillo ×1 · 6 filas · az 0°",21-mar,1200,41.1691,285.7922,0.0000,17,0.000000e+0,-55,1
35,"Arequipa · valle 2 · N-S rotula 3° · mono · tresbolillo ×1 · 6 filas · az 0°",21-mar,1220,36.5321,283.3969,0.0000,17,0.000000e+0,-55,1
35,"Arequipa · valle 2 · N-S rotula 3° · mono · tresbolillo ×1 · 6 filas · az 0°",21-mar,1240,31.8523,281.2784,0.0000,17,0.000000e+0,-55,1
35,"Arequipa · valle 2 · N-S rotula 3° · mono · tresbolillo ×1 · 6 filas · az 0°",21-mar,1260,27.1408,279.3695,0.0000,17,0.000000e+0,-32,1
35,"Arequipa · valle 2 · N-S rotula 3° · mono · tresbolillo ×1 · 6 filas · az 0°",21-mar,1280,22.4065,277.6197,0.0000,17,0.000000e+0,-18.5,1
35,"Arequipa · valle 2 · N-S rotula 3° · mono · tresbolillo ×1 · 6 filas · az 0°",21-mar,1300,17.6572,275.9894,0.0000,17,0.000000e+0,-8.5,1
35,"Arequipa · valle 2 · N-S rotula 3° · mono · tresbolillo ×1 · 6 filas · az 0°",21-mar,1320,12.9018,274.4469,0.0000,17,0.000000e+0,-0.5,1
35,"Arequipa · valle 2 · N-S rotula 3° · mono · tresbolillo ×1 · 6 filas · az 0°",21-mar,1340,8.1561,272.9659,0.0000,17,0.000000e+0,7,1
35,"Arequipa · valle 2 · N-S rotula 3° · mono · tresbolillo ×1 · 6 filas · az 0°",21-mar,1360,3.4752,271.5234,0.0000,33,0.000000e+0,2,1
35,"Arequipa · valle 2 · N-S rotula 3° · mono · tresbolillo ×1 · 6 filas · az 0°",21-dic,640,5.5090,112.8863,0.0000,33,0.000000e+0,-10,1
35,"Arequipa · valle 2 · N-S rotula 3° · mono · tresbolillo ×1 · 6 filas · az 0°",21-dic,660,9.8795,111.6997,0.0000,17,0.000000e+0,-18,1
35,"Arequipa · valle 2 · N-S rotula 3° · mono · tresbolillo ×1 · 6 filas · az 0°",21-dic,680,14.3190,110.6399,0.0000,17,0.000000e+0,-35,1
35,"Arequipa · valle 2 · N-S rotula 3° · mono · tresbolillo ×1 · 6 filas · az 0°",21-dic,700,18.8002,109.7012,0.0000,17,0.000000e+0,-52.5,1
35,"Arequipa · valle 2 · N-S rotula 3° · mono · tresbolillo ×1 · 6 filas · az 0°",21-dic,720,23.3118,108.8811,0.0000,17,0.000000e+0,-55,1
35,"Arequipa · valle 2 · N-S rotula 3° · mono · tresbolillo ×1 · 6 filas · az 0°",21-dic,740,27.8469,108.1807,0.0000,17,0.000000e+0,-55,1
35,"Arequipa · valle 2 · N-S rotula 3° · mono · tresbolillo ×1 · 6 filas · az 0°",21-dic,760,32.4005,107.6058,0.0000,17,0.000000e+0,-55,1
35,"Arequipa · valle 2 · N-S rotula 3° · mono · tresbolillo ×1 · 6 filas · az 0°",21-dic,780,36.9680,107.1676,0.0000,17,0.000000e+0,-55,1
35,"Arequipa · valle 2 · N-S rotula 3° · mono · tresbolillo ×1 · 6 filas · az 0°",21-dic,800,41.5453,106.8854,0.0000,17,0.000000e+0,-55,1
35,"Arequipa · valle 2 · N-S rotula 3° · mono · tresbolillo ×1 · 6 filas · az 0°",21-dic,820,46.1277,106.7892,0.0000,17,0.000000e+0,-55,1
35,"Arequipa · valle 2 · N-S rotula 3° · mono · tresbolillo ×1 · 6 filas · az 0°",21-dic,840,50.7102,106.9266,0.0000,17,0.000000e+0,-55,1
35,"Arequipa · valle 2 · N-S rotula 3° · mono · tresbolillo ×1 · 6 filas · az 0°",21-dic,860,55.2860,107.3727,0.0000,17,0.000000e+0,-55,1
35,"Arequipa · valle 2 · N-S rotula 3° · mono · tresbolillo ×1 · 6 filas · az 0°",21-dic,880,59.8457,108.2507,0.0000,17,0.000000e+0,-55,1
35,"Arequipa · valle 2 · N-S rotula 3° · mono · tresbolillo ×1 · 6 filas · az 0°",21-dic,900,64.3745,109.7715,0.0000,17,0.000000e+0,-55,1
35,"Arequipa · valle 2 · N-S rotula 3° · mono · tresbolillo ×1 · 6 filas · az 0°",21-dic,920,68.8464,112.3221,0.0000,17,0.000000e+0,-55,1
35,"Arequipa · valle 2 · N-S rotula 3° · mono · tresbolillo ×1 · 6 filas · az 0°",21-dic,940,73.2097,116.6755,0.0000,17,0.000000e+0,-55,1
35,"Arequipa · valle 2 · N-S rotula 3° · mono · tresbolillo ×1 · 6 filas · az 0°",21-dic,960,77.3452,124.5416,0.0000,17,0.000000e+0,-55,1
35,"Arequipa · valle 2 · N-S rotula 3° · mono · tresbolillo ×1 · 6 filas · az 0°",21-dic,980,80.9293,139.9625,0.0000,17,0.000000e+0,-55,1
35,"Arequipa · valle 2 · N-S rotula 3° · mono · tresbolillo ×1 · 6 filas · az 0°",21-dic,1000,83.0437,169.7235,0.0000,17,0.000000e+0,-55,1
35,"Arequipa · valle 2 · N-S rotula 3° · mono · tresbolillo ×1 · 6 filas · az 0°",21-dic,1020,82.3507,206.0083,0.0000,17,0.000000e+0,-55,1
35,"Arequipa · valle 2 · N-S rotula 3° · mono · tresbolillo ×1 · 6 filas · az 0°",21-dic,1040,79.3872,228.4830,0.0000,17,0.000000e+0,-55,1
35,"Arequipa · valle 2 · N-S rotula 3° · mono · tresbolillo ×1 · 6 filas · az 0°",21-dic,1060,75.4845,239.6903,0.0000,17,0.000000e+0,-55,1
35,"Arequipa · valle 2 · N-S rotula 3° · mono · tresbolillo ×1 · 6 filas · az 0°",21-dic,1080,71.2217,245.6266,0.0000,17,0.000000e+0,-55,1
35,"Arequipa · valle 2 · N-S rotula 3° · mono · tresbolillo ×1 · 6 filas · az 0°",21-dic,1100,66.7992,249.0147,0.0000,17,0.000000e+0,-55,1
35,"Arequipa · valle 2 · N-S rotula 3° · mono · tresbolillo ×1 · 6 filas · az 0°",21-dic,1120,62.2968,251.0263,0.0000,17,0.000000e+0,-55,1
35,"Arequipa · valle 2 · N-S rotula 3° · mono · tresbolillo ×1 · 6 filas · az 0°",21-dic,1140,57.7514,252.2170,0.0000,17,0.000000e+0,-55,1
35,"Arequipa · valle 2 · N-S rotula 3° · mono · tresbolillo ×1 · 6 filas · az 0°",21-dic,1160,53.1829,252.8767,0.0000,17,0.000000e+0,-55,1
35,"Arequipa · valle 2 · N-S rotula 3° · mono · tresbolillo ×1 · 6 filas · az 0°",21-dic,1180,48.6031,253.1691,0.0000,17,0.000000e+0,-55,1
35,"Arequipa · valle 2 · N-S rotula 3° · mono · tresbolillo ×1 · 6 filas · az 0°",21-dic,1200,44.0199,253.1917,0.0000,17,0.000000e+0,-55,1
35,"Arequipa · valle 2 · N-S rotula 3° · mono · tresbolillo ×1 · 6 filas · az 0°",21-dic,1220,39.4393,253.0053,0.0000,17,0.000000e+0,-55,1
35,"Arequipa · valle 2 · N-S rotula 3° · mono · tresbolillo ×1 · 6 filas · az 0°",21-dic,1240,34.8660,252.6483,0.0000,17,0.000000e+0,-55,1
35,"Arequipa · valle 2 · N-S rotula 3° · mono · tresbolillo ×1 · 6 filas · az 0°",21-dic,1260,30.3044,252.1454,0.0000,17,0.000000e+0,-55,1
35,"Arequipa · valle 2 · N-S rotula 3° · mono · tresbolillo ×1 · 6 filas · az 0°",21-dic,1280,25.7587,251.5118,0.0000,17,0.000000e+0,-30,1
35,"Arequipa · valle 2 · N-S rotula 3° · mono · tresbolillo ×1 · 6 filas · az 0°",21-dic,1300,21.2337,250.7559,0.0000,17,0.000000e+0,-18,1
35,"Arequipa · valle 2 · N-S rotula 3° · mono · tresbolillo ×1 · 6 filas · az 0°",21-dic,1320,16.7351,249.8813,0.0000,17,0.000000e+0,-8.5,1
35,"Arequipa · valle 2 · N-S rotula 3° · mono · tresbolillo ×1 · 6 filas · az 0°",21-dic,1340,12.2712,248.8874,0.0000,17,0.000000e+0,-1,1
35,"Arequipa · valle 2 · N-S rotula 3° · mono · tresbolillo ×1 · 6 filas · az 0°",21-dic,1360,7.8581,247.7702,0.0000,17,0.000000e+0,6.5,1
35,"Arequipa · valle 2 · N-S rotula 3° · mono · tresbolillo ×1 · 6 filas · az 0°",21-dic,1380,3.5464,246.5223,0.0000,33,0.000000e+0,4,1
36,"Arequipa · ondulado 2 · N-S constante 6° · bifila · alineadas ×1 · 8 filas · az 0°",21-jun,700,4.7742,63.8712,0.0000,33,0.000000e+0,-14,1
36,"Arequipa · ondulado 2 · N-S constante 6° · bifila · alineadas ×1 · 8 filas · az 0°",21-jun,720,8.9729,62.1856,0.0000,17,0.000000e+0,-12,1
36,"Arequipa · ondulado 2 · N-S constante 6° · bifila · alineadas ×1 · 8 filas · az 0°",21-jun,740,13.1432,60.3097,0.0000,17,0.000000e+0,-29.5,1
36,"Arequipa · ondulado 2 · N-S constante 6° · bifila · alineadas ×1 · 8 filas · az 0°",21-jun,760,17.2453,58.2184,0.0000,17,0.000000e+0,-21,1
36,"Arequipa · ondulado 2 · N-S constante 6° · bifila · alineadas ×1 · 8 filas · az 0°",21-jun,780,21.2561,55.8815,0.0000,17,0.000000e+0,-30.5,1
36,"Arequipa · ondulado 2 · N-S constante 6° · bifila · alineadas ×1 · 8 filas · az 0°",21-jun,800,25.1539,53.2637,0.0000,17,0.000000e+0,-49.5,1
36,"Arequipa · ondulado 2 · N-S constante 6° · bifila · alineadas ×1 · 8 filas · az 0°",21-jun,820,28.9146,50.3241,0.0000,17,0.000000e+0,-55,1
36,"Arequipa · ondulado 2 · N-S constante 6° · bifila · alineadas ×1 · 8 filas · az 0°",21-jun,840,32.5098,47.0168,0.0000,17,0.000000e+0,-55,1
36,"Arequipa · ondulado 2 · N-S constante 6° · bifila · alineadas ×1 · 8 filas · az 0°",21-jun,860,35.9052,43.2920,0.0000,17,0.000000e+0,-55,1
36,"Arequipa · ondulado 2 · N-S constante 6° · bifila · alineadas ×1 · 8 filas · az 0°",21-jun,880,39.0602,39.0991,0.0000,17,0.000000e+0,-55,1
36,"Arequipa · ondulado 2 · N-S constante 6° · bifila · alineadas ×1 · 8 filas · az 0°",21-jun,900,41.9268,34.3923,0.0000,17,0.000000e+0,-55,1
36,"Arequipa · ondulado 2 · N-S constante 6° · bifila · alineadas ×1 · 8 filas · az 0°",21-jun,920,44.4499,29.1395,0.0000,17,0.000000e+0,-55,1
36,"Arequipa · ondulado 2 · N-S constante 6° · bifila · alineadas ×1 · 8 filas · az 0°",21-jun,940,46.5693,23.3352,0.0000,17,0.000000e+0,-55,1
36,"Arequipa · ondulado 2 · N-S constante 6° · bifila · alineadas ×1 · 8 filas · az 0°",21-jun,960,48.2231,17.0150,0.0000,17,0.000000e+0,-55,1
36,"Arequipa · ondulado 2 · N-S constante 6° · bifila · alineadas ×1 · 8 filas · az 0°",21-jun,980,49.3544,10.2679,0.0000,17,0.000000e+0,-55,1
36,"Arequipa · ondulado 2 · N-S constante 6° · bifila · alineadas ×1 · 8 filas · az 0°",21-jun,1000,49.9185,3.2390,0.0000,17,0.000000e+0,-55,1
36,"Arequipa · ondulado 2 · N-S constante 6° · bifila · alineadas ×1 · 8 filas · az 0°",21-jun,1020,49.8916,356.1171,0.0000,17,0.000000e+0,-55,1
36,"Arequipa · ondulado 2 · N-S constante 6° · bifila · alineadas ×1 · 8 filas · az 0°",21-jun,1040,49.2748,349.1064,0.0000,17,0.000000e+0,-55,1
36,"Arequipa · ondulado 2 · N-S constante 6° · bifila · alineadas ×1 · 8 filas · az 0°",21-jun,1060,48.0942,342.3928,0.0000,17,0.000000e+0,-55,1
36,"Arequipa · ondulado 2 · N-S constante 6° · bifila · alineadas ×1 · 8 filas · az 0°",21-jun,1080,46.3957,336.1165,0.0000,17,0.000000e+0,-55,1
36,"Arequipa · ondulado 2 · N-S constante 6° · bifila · alineadas ×1 · 8 filas · az 0°",21-jun,1100,44.2372,330.3613,0.0000,17,0.000000e+0,-55,1
36,"Arequipa · ondulado 2 · N-S constante 6° · bifila · alineadas ×1 · 8 filas · az 0°",21-jun,1120,41.6806,325.1587,0.0000,17,0.000000e+0,-55,1
36,"Arequipa · ondulado 2 · N-S constante 6° · bifila · alineadas ×1 · 8 filas · az 0°",21-jun,1140,38.7857,320.5000,0.0000,17,0.000000e+0,-55,1
36,"Arequipa · ondulado 2 · N-S constante 6° · bifila · alineadas ×1 · 8 filas · az 0°",21-jun,1160,35.6071,316.3514,0.0000,17,0.000000e+0,-55,1
36,"Arequipa · ondulado 2 · N-S constante 6° · bifila · alineadas ×1 · 8 filas · az 0°",21-jun,1180,32.1920,312.6665,0.0000,17,0.000000e+0,-21.5,1
36,"Arequipa · ondulado 2 · N-S constante 6° · bifila · alineadas ×1 · 8 filas · az 0°",21-jun,1200,28.5805,309.3944,0.0000,17,0.000000e+0,-5.5,1
36,"Arequipa · ondulado 2 · N-S constante 6° · bifila · alineadas ×1 · 8 filas · az 0°",21-jun,1220,24.8063,306.4858,0.0000,17,0.000000e+0,5,1
36,"Arequipa · ondulado 2 · N-S constante 6° · bifila · alineadas ×1 · 8 filas · az 0°",21-jun,1240,20.8973,303.8950,0.0000,17,0.000000e+0,14,1
36,"Arequipa · ondulado 2 · N-S constante 6° · bifila · alineadas ×1 · 8 filas · az 0°",21-jun,1260,16.8774,301.5817,0.0000,17,0.000000e+0,10.5,1
36,"Arequipa · ondulado 2 · N-S constante 6° · bifila · alineadas ×1 · 8 filas · az 0°",21-jun,1280,12.7680,299.5110,0.0000,17,0.000000e+0,-7.5,1
36,"Arequipa · ondulado 2 · N-S constante 6° · bifila · alineadas ×1 · 8 filas · az 0°",21-jun,1300,8.5930,297.6533,0.0000,17,0.000000e+0,5,1
36,"Arequipa · ondulado 2 · N-S constante 6° · bifila · alineadas ×1 · 8 filas · az 0°",21-jun,1320,4.3962,295.9837,0.0000,33,0.000000e+0,-7.5,1
36,"Arequipa · ondulado 2 · N-S constante 6° · bifila · alineadas ×1 · 8 filas · az 0°",21-mar,680,6.1794,87.8345,0.0000,17,0.000000e+0,-8.5,1
36,"Arequipa · ondulado 2 · N-S constante 6° · bifila · alineadas ×1 · 8 filas · az 0°",21-mar,700,10.9081,86.3640,0.0000,17,0.000000e+0,-31.5,1
36,"Arequipa · ondulado 2 · N-S constante 6° · bifila · alineadas ×1 · 8 filas · az 0°",21-mar,720,15.6602,84.8431,0.0000,17,0.000000e+0,-23.5,1
36,"Arequipa · ondulado 2 · N-S constante 6° · bifila · alineadas ×1 · 8 filas · az 0°",21-mar,740,20.4114,83.2469,0.0000,17,0.000000e+0,-23.5,1
36,"Arequipa · ondulado 2 · N-S constante 6° · bifila · alineadas ×1 · 8 filas · az 0°",21-mar,760,25.1514,81.5460,0.0000,17,0.000000e+0,-41,1
36,"Arequipa · ondulado 2 · N-S constante 6° · bifila · alineadas ×1 · 8 filas · az 0°",21-mar,780,29.8721,79.7046,0.0000,17,0.000000e+0,-55,1
36,"Arequipa · ondulado 2 · N-S constante 6° · bifila · alineadas ×1 · 8 filas · az 0°",21-mar,800,34.5652,77.6773,0.0000,17,0.000000e+0,-55,1
36,"Arequipa · ondulado 2 · N-S constante 6° · bifila · alineadas ×1 · 8 filas · az 0°",21-mar,820,39.2209,75.4045,0.0000,17,0.000000e+0,-55,1
36,"Arequipa · ondulado 2 · N-S constante 6° · bifila · alineadas ×1 · 8 filas · az 0°",21-mar,840,43.8256,72.8064,0.0000,17,0.000000e+0,-55,1
36,"Arequipa · ondulado 2 · N-S constante 6° · bifila · alineadas ×1 · 8 filas · az 0°",21-mar,860,48.3608,69.7727,0.0000,17,0.000000e+0,-55,1
36,"Arequipa · ondulado 2 · N-S constante 6° · bifila · alineadas ×1 · 8 filas · az 0°",21-mar,880,52.7997,66.1475,0.0000,17,0.000000e+0,-55,1
36,"Arequipa · ondulado 2 · N-S constante 6° · bifila · alineadas ×1 · 8 filas · az 0°",21-mar,900,57.1020,61.7065,0.0000,17,0.000000e+0,-55,1
36,"Arequipa · ondulado 2 · N-S constante 6° · bifila · alineadas ×1 · 8 filas · az 0°",21-mar,920,61.2050,56.1234,0.0000,17,0.000000e+0,-55,1
36,"Arequipa · ondulado 2 · N-S constante 6° · bifila · alineadas ×1 · 8 filas · az 0°",21-mar,940,65.0093,48.9323,0.0000,17,0.000000e+0,-55,1
36,"Arequipa · ondulado 2 · N-S constante 6° · bifila · alineadas ×1 · 8 filas · az 0°",21-mar,960,68.3560,39.5174,0.0000,17,0.000000e+0,-55,1
36,"Arequipa · ondulado 2 · N-S constante 6° · bifila · alineadas ×1 · 8 filas · az 0°",21-mar,980,71.0006,27.2555,0.0000,17,0.000000e+0,-55,1
36,"Arequipa · ondulado 2 · N-S constante 6° · bifila · alineadas ×1 · 8 filas · az 0°",21-mar,1000,72.6192,12.0480,0.0000,17,0.000000e+0,-55,1
36,"Arequipa · ondulado 2 · N-S constante 6° · bifila · alineadas ×1 · 8 filas · az 0°",21-mar,1020,72.9172,355.1449,0.0000,17,0.000000e+0,-55,1
36,"Arequipa · ondulado 2 · N-S constante 6° · bifila · alineadas ×1 · 8 filas · az 0°",21-mar,1040,71.8293,338.9743,0.0000,17,0.000000e+0,-55,1
36,"Arequipa · ondulado 2 · N-S constante 6° · bifila · alineadas ×1 · 8 filas · az 0°",21-mar,1060,69.5760,325.4193,0.0000,17,0.000000e+0,-55,1
36,"Arequipa · ondulado 2 · N-S constante 6° · bifila · alineadas ×1 · 8 filas · az 0°",21-mar,1080,66.4904,314.8661,0.0000,17,0.000000e+0,-55,1
36,"Arequipa · ondulado 2 · N-S constante 6° · bifila · alineadas ×1 · 8 filas · az 0°",21-mar,1100,62.8553,306.8185,0.0000,17,0.000000e+0,-55,1
36,"Arequipa · ondulado 2 · N-S constante 6° · bifila · alineadas ×1 · 8 filas · az 0°",21-mar,1120,58.8631,300.6237,0.0000,17,0.000000e+0,-55,1
36,"Arequipa · ondulado 2 · N-S constante 6° · bifila · alineadas ×1 · 8 filas · az 0°",21-mar,1140,54.6351,295.7491,0.0000,17,0.000000e+0,-55,1
36,"Arequipa · ondulado 2 · N-S constante 6° · bifila · alineadas ×1 · 8 filas · az 0°",21-mar,1160,50.2473,291.8140,0.0000,17,0.000000e+0,-55,1
36,"Arequipa · ondulado 2 · N-S constante 6° · bifila · alineadas ×1 · 8 filas · az 0°",21-mar,1180,45.7481,288.5555,0.0000,17,0.000000e+0,-55,1
36,"Arequipa · ondulado 2 · N-S constante 6° · bifila · alineadas ×1 · 8 filas · az 0°",21-mar,1200,41.1691,285.7922,0.0000,17,0.000000e+0,-55,1
36,"Arequipa · ondulado 2 · N-S constante 6° · bifila · alineadas ×1 · 8 filas · az 0°",21-mar,1220,36.5321,283.3969,0.0000,17,0.000000e+0,-18,1
36,"Arequipa · ondulado 2 · N-S constante 6° · bifila · alineadas ×1 · 8 filas · az 0°",21-mar,1240,31.8523,281.2784,0.0000,17,0.000000e+0,-5,1
36,"Arequipa · ondulado 2 · N-S constante 6° · bifila · alineadas ×1 · 8 filas · az 0°",21-mar,1260,27.1408,279.3695,0.0000,17,0.000000e+0,4.5,1
36,"Arequipa · ondulado 2 · N-S constante 6° · bifila · alineadas ×1 · 8 filas · az 0°",21-mar,1280,22.4065,277.6197,0.0000,17,0.000000e+0,13,1
36,"Arequipa · ondulado 2 · N-S constante 6° · bifila · alineadas ×1 · 8 filas · az 0°",21-mar,1300,17.6572,275.9894,0.0000,17,0.000000e+0,14,1
36,"Arequipa · ondulado 2 · N-S constante 6° · bifila · alineadas ×1 · 8 filas · az 0°",21-mar,1320,12.9018,274.4469,0.0000,17,0.000000e+0,-3,1
36,"Arequipa · ondulado 2 · N-S constante 6° · bifila · alineadas ×1 · 8 filas · az 0°",21-mar,1340,8.1561,272.9659,0.0000,17,0.000000e+0,-3.5,1
36,"Arequipa · ondulado 2 · N-S constante 6° · bifila · alineadas ×1 · 8 filas · az 0°",21-mar,1360,3.4752,271.5234,0.0000,33,0.000000e+0,-2.5,1
36,"Arequipa · ondulado 2 · N-S constante 6° · bifila · alineadas ×1 · 8 filas · az 0°",21-dic,640,5.5090,112.8863,0.0000,33,0.000000e+0,-24.5,1
36,"Arequipa · ondulado 2 · N-S constante 6° · bifila · alineadas ×1 · 8 filas · az 0°",21-dic,660,9.8795,111.6997,0.0000,17,0.000000e+0,-27.5,1
36,"Arequipa · ondulado 2 · N-S constante 6° · bifila · alineadas ×1 · 8 filas · az 0°",21-dic,680,14.3190,110.6399,0.0000,17,0.000000e+0,-20,1
36,"Arequipa · ondulado 2 · N-S constante 6° · bifila · alineadas ×1 · 8 filas · az 0°",21-dic,700,18.8002,109.7012,0.0000,17,0.000000e+0,-30.5,1
36,"Arequipa · ondulado 2 · N-S constante 6° · bifila · alineadas ×1 · 8 filas · az 0°",21-dic,720,23.3118,108.8811,0.0000,17,0.000000e+0,-47,1
36,"Arequipa · ondulado 2 · N-S constante 6° · bifila · alineadas ×1 · 8 filas · az 0°",21-dic,740,27.8469,108.1807,0.0000,17,0.000000e+0,-55,1
36,"Arequipa · ondulado 2 · N-S constante 6° · bifila · alineadas ×1 · 8 filas · az 0°",21-dic,760,32.4005,107.6058,0.0000,17,0.000000e+0,-55,1
36,"Arequipa · ondulado 2 · N-S constante 6° · bifila · alineadas ×1 · 8 filas · az 0°",21-dic,780,36.9680,107.1676,0.0000,17,0.000000e+0,-55,1
36,"Arequipa · ondulado 2 · N-S constante 6° · bifila · alineadas ×1 · 8 filas · az 0°",21-dic,800,41.5453,106.8854,0.0000,17,0.000000e+0,-55,1
36,"Arequipa · ondulado 2 · N-S constante 6° · bifila · alineadas ×1 · 8 filas · az 0°",21-dic,820,46.1277,106.7892,0.0000,17,0.000000e+0,-55,1
36,"Arequipa · ondulado 2 · N-S constante 6° · bifila · alineadas ×1 · 8 filas · az 0°",21-dic,840,50.7102,106.9266,0.0000,17,0.000000e+0,-55,1
36,"Arequipa · ondulado 2 · N-S constante 6° · bifila · alineadas ×1 · 8 filas · az 0°",21-dic,860,55.2860,107.3727,0.0000,17,0.000000e+0,-55,1
36,"Arequipa · ondulado 2 · N-S constante 6° · bifila · alineadas ×1 · 8 filas · az 0°",21-dic,880,59.8457,108.2507,0.0000,17,0.000000e+0,-55,1
36,"Arequipa · ondulado 2 · N-S constante 6° · bifila · alineadas ×1 · 8 filas · az 0°",21-dic,900,64.3745,109.7715,0.0000,17,0.000000e+0,-55,1
36,"Arequipa · ondulado 2 · N-S constante 6° · bifila · alineadas ×1 · 8 filas · az 0°",21-dic,920,68.8464,112.3221,0.0000,17,0.000000e+0,-55,1
36,"Arequipa · ondulado 2 · N-S constante 6° · bifila · alineadas ×1 · 8 filas · az 0°",21-dic,940,73.2097,116.6755,0.0000,17,0.000000e+0,-55,1
36,"Arequipa · ondulado 2 · N-S constante 6° · bifila · alineadas ×1 · 8 filas · az 0°",21-dic,960,77.3452,124.5416,0.0000,17,0.000000e+0,-55,1
36,"Arequipa · ondulado 2 · N-S constante 6° · bifila · alineadas ×1 · 8 filas · az 0°",21-dic,980,80.9293,139.9625,0.0000,17,0.000000e+0,-55,1
36,"Arequipa · ondulado 2 · N-S constante 6° · bifila · alineadas ×1 · 8 filas · az 0°",21-dic,1000,83.0437,169.7235,0.0000,17,0.000000e+0,-55,1
36,"Arequipa · ondulado 2 · N-S constante 6° · bifila · alineadas ×1 · 8 filas · az 0°",21-dic,1020,82.3507,206.0083,0.0000,17,0.000000e+0,-55,1
36,"Arequipa · ondulado 2 · N-S constante 6° · bifila · alineadas ×1 · 8 filas · az 0°",21-dic,1040,79.3872,228.4830,0.0000,17,0.000000e+0,-55,1
36,"Arequipa · ondulado 2 · N-S constante 6° · bifila · alineadas ×1 · 8 filas · az 0°",21-dic,1060,75.4845,239.6903,0.0000,17,0.000000e+0,-55,1
36,"Arequipa · ondulado 2 · N-S constante 6° · bifila · alineadas ×1 · 8 filas · az 0°",21-dic,1080,71.2217,245.6266,0.0000,17,0.000000e+0,-55,1
36,"Arequipa · ondulado 2 · N-S constante 6° · bifila · alineadas ×1 · 8 filas · az 0°",21-dic,1100,66.7992,249.0147,0.0000,17,0.000000e+0,-55,1
36,"Arequipa · ondulado 2 · N-S constante 6° · bifila · alineadas ×1 · 8 filas · az 0°",21-dic,1120,62.2968,251.0263,0.0000,17,0.000000e+0,-55,1
36,"Arequipa · ondulado 2 · N-S constante 6° · bifila · alineadas ×1 · 8 filas · az 0°",21-dic,1140,57.7514,252.2170,0.0000,17,0.000000e+0,-55,1
36,"Arequipa · ondulado 2 · N-S constante 6° · bifila · alineadas ×1 · 8 filas · az 0°",21-dic,1160,53.1829,252.8767,0.0000,17,0.000000e+0,-55,1
36,"Arequipa · ondulado 2 · N-S constante 6° · bifila · alineadas ×1 · 8 filas · az 0°",21-dic,1180,48.6031,253.1691,0.0000,17,0.000000e+0,-55,1
36,"Arequipa · ondulado 2 · N-S constante 6° · bifila · alineadas ×1 · 8 filas · az 0°",21-dic,1200,44.0199,253.1917,0.0000,17,0.000000e+0,-55,1
36,"Arequipa · ondulado 2 · N-S constante 6° · bifila · alineadas ×1 · 8 filas · az 0°",21-dic,1220,39.4393,253.0053,0.0000,17,0.000000e+0,-55,1
36,"Arequipa · ondulado 2 · N-S constante 6° · bifila · alineadas ×1 · 8 filas · az 0°",21-dic,1240,34.8660,252.6483,0.0000,17,0.000000e+0,-22,1
36,"Arequipa · ondulado 2 · N-S constante 6° · bifila · alineadas ×1 · 8 filas · az 0°",21-dic,1260,30.3044,252.1454,0.0000,17,0.000000e+0,-8.5,1
36,"Arequipa · ondulado 2 · N-S constante 6° · bifila · alineadas ×1 · 8 filas · az 0°",21-dic,1280,25.7587,251.5118,0.0000,17,0.000000e+0,1,1
36,"Arequipa · ondulado 2 · N-S constante 6° · bifila · alineadas ×1 · 8 filas · az 0°",21-dic,1300,21.2337,250.7559,0.0000,17,0.000000e+0,9,1
36,"Arequipa · ondulado 2 · N-S constante 6° · bifila · alineadas ×1 · 8 filas · az 0°",21-dic,1320,16.7351,249.8813,0.0000,17,0.000000e+0,16.5,1
36,"Arequipa · ondulado 2 · N-S constante 6° · bifila · alineadas ×1 · 8 filas · az 0°",21-dic,1340,12.2712,248.8874,0.0000,17,0.000000e+0,7,1
36,"Arequipa · ondulado 2 · N-S constante 6° · bifila · alineadas ×1 · 8 filas · az 0°",21-dic,1360,7.8581,247.7702,0.0000,17,0.000000e+0,-9.5,1
36,"Arequipa · ondulado 2 · N-S constante 6° · bifila · alineadas ×1 · 8 filas · az 0°",21-dic,1380,3.5464,246.5223,0.0000,33,0.000000e+0,6,1
37,"Zaragoza · aleatorio 13 · N-S senoidal 3° · bifila · alineadas ×1 · 6 filas · az 0°",21-jun,300,4.3153,62.0288,2.5981,64,0.000000e+0,-5.5,1
37,"Zaragoza · aleatorio 13 · N-S senoidal 3° · bifila · alineadas ×1 · 6 filas · az 0°",21-jun,320,7.5953,65.1785,2.5981,33,0.000000e+0,-9,1
37,"Zaragoza · aleatorio 13 · N-S senoidal 3° · bifila · alineadas ×1 · 6 filas · az 0°",21-jun,340,10.9965,68.2578,2.5981,33,0.000000e+0,-14,1
37,"Zaragoza · aleatorio 13 · N-S senoidal 3° · bifila · alineadas ×1 · 6 filas · az 0°",21-jun,360,14.4858,71.2858,2.5981,33,0.000000e+0,-26,1
37,"Zaragoza · aleatorio 13 · N-S senoidal 3° · bifila · alineadas ×1 · 6 filas · az 0°",21-jun,380,18.0452,74.2827,2.5981,33,0.000000e+0,-38.5,1
37,"Zaragoza · aleatorio 13 · N-S senoidal 3° · bifila · alineadas ×1 · 6 filas · az 0°",21-jun,400,21.6612,77.2704,2.5981,33,0.000000e+0,-51.5,1
37,"Zaragoza · aleatorio 13 · N-S senoidal 3° · bifila · alineadas ×1 · 6 filas · az 0°",21-jun,420,25.3226,80.2731,2.5981,33,0.000000e+0,-55,1
37,"Zaragoza · aleatorio 13 · N-S senoidal 3° · bifila · alineadas ×1 · 6 filas · az 0°",21-jun,440,29.0187,83.3183,2.5981,33,0.000000e+0,-55,1
37,"Zaragoza · aleatorio 13 · N-S senoidal 3° · bifila · alineadas ×1 · 6 filas · az 0°",21-jun,460,32.7391,86.4376,2.5981,33,0.000000e+0,-55,1
37,"Zaragoza · aleatorio 13 · N-S senoidal 3° · bifila · alineadas ×1 · 6 filas · az 0°",21-jun,480,36.4729,89.6687,2.5981,33,0.000000e+0,-55,1
37,"Zaragoza · aleatorio 13 · N-S senoidal 3° · bifila · alineadas ×1 · 6 filas · az 0°",21-jun,500,40.2084,93.0578,2.5981,33,0.000000e+0,-55,1
37,"Zaragoza · aleatorio 13 · N-S senoidal 3° · bifila · alineadas ×1 · 6 filas · az 0°",21-jun,520,43.9319,96.6624,2.5981,33,0.000000e+0,-55,1
37,"Zaragoza · aleatorio 13 · N-S senoidal 3° · bifila · alineadas ×1 · 6 filas · az 0°",21-jun,540,47.6271,100.5563,2.5981,33,0.000000e+0,-55,1
37,"Zaragoza · aleatorio 13 · N-S senoidal 3° · bifila · alineadas ×1 · 6 filas · az 0°",21-jun,560,51.2734,104.8355,2.5981,33,0.000000e+0,-55,1
37,"Zaragoza · aleatorio 13 · N-S senoidal 3° · bifila · alineadas ×1 · 6 filas · az 0°",21-jun,580,54.8437,109.6272,2.5981,33,0.000000e+0,-55,1
37,"Zaragoza · aleatorio 13 · N-S senoidal 3° · bifila · alineadas ×1 · 6 filas · az 0°",21-jun,600,58.3011,115.1015,2.5981,33,0.000000e+0,-55,1
37,"Zaragoza · aleatorio 13 · N-S senoidal 3° · bifila · alineadas ×1 · 6 filas · az 0°",21-jun,620,61.5938,121.4838,2.5981,33,0.000000e+0,-55,1
37,"Zaragoza · aleatorio 13 · N-S senoidal 3° · bifila · alineadas ×1 · 6 filas · az 0°",21-jun,640,64.6480,129.0638,2.5981,33,0.000000e+0,-55,1
37,"Zaragoza · aleatorio 13 · N-S senoidal 3° · bifila · alineadas ×1 · 6 filas · az 0°",21-jun,660,67.3579,138.1801,2.5981,33,0.000000e+0,-55,1
37,"Zaragoza · aleatorio 13 · N-S senoidal 3° · bifila · alineadas ×1 · 6 filas · az 0°",21-jun,680,69.5784,149.1387,2.5981,33,0.000000e+0,-55,1
37,"Zaragoza · aleatorio 13 · N-S senoidal 3° · bifila · alineadas ×1 · 6 filas · az 0°",21-jun,700,71.1301,162.0059,2.5981,33,0.000000e+0,-55,1
37,"Zaragoza · aleatorio 13 · N-S senoidal 3° · bifila · alineadas ×1 · 6 filas · az 0°",21-jun,720,71.8368,176.3074,2.5981,33,0.000000e+0,-55,1
37,"Zaragoza · aleatorio 13 · N-S senoidal 3° · bifila · alineadas ×1 · 6 filas · az 0°",21-jun,740,71.5993,190.9409,2.5981,33,0.000000e+0,-55,1
37,"Zaragoza · aleatorio 13 · N-S senoidal 3° · bifila · alineadas ×1 · 6 filas · az 0°",21-jun,760,70.4524,204.6300,2.5981,33,0.000000e+0,-55,1
37,"Zaragoza · aleatorio 13 · N-S senoidal 3° · bifila · alineadas ×1 · 6 filas · az 0°",21-jun,780,68.5438,216.5649,2.5981,33,0.000000e+0,-55,1
37,"Zaragoza · aleatorio 13 · N-S senoidal 3° · bifila · alineadas ×1 · 6 filas · az 0°",21-jun,800,66.0587,226.5756,2.5981,33,0.000000e+0,-55,1
37,"Zaragoza · aleatorio 13 · N-S senoidal 3° · bifila · alineadas ×1 · 6 filas · az 0°",21-jun,820,63.1617,234.8830,2.5981,33,0.000000e+0,-55,1
37,"Zaragoza · aleatorio 13 · N-S senoidal 3° · bifila · alineadas ×1 · 6 filas · az 0°",21-jun,840,59.9777,241.8261,2.5981,33,0.000000e+0,-55,1
37,"Zaragoza · aleatorio 13 · N-S senoidal 3° · bifila · alineadas ×1 · 6 filas · az 0°",21-jun,860,56.5952,247.7238,2.5981,33,0.000000e+0,-55,1
37,"Zaragoza · aleatorio 13 · N-S senoidal 3° · bifila · alineadas ×1 · 6 filas · az 0°",21-jun,880,53.0761,252.8336,2.5981,33,0.000000e+0,-55,1
37,"Zaragoza · aleatorio 13 · N-S senoidal 3° · bifila · alineadas ×1 · 6 filas · az 0°",21-jun,900,49.4641,257.3516,2.5981,33,0.000000e+0,-55,1
37,"Zaragoza · aleatorio 13 · N-S senoidal 3° · bifila · alineadas ×1 · 6 filas · az 0°",21-jun,920,45.7905,261.4251,2.5981,33,0.000000e+0,-55,1
37,"Zaragoza · aleatorio 13 · N-S senoidal 3° · bifila · alineadas ×1 · 6 filas · az 0°",21-jun,940,42.0789,265.1644,2.5981,33,0.000000e+0,-55,1
37,"Zaragoza · aleatorio 13 · N-S senoidal 3° · bifila · alineadas ×1 · 6 filas · az 0°",21-jun,960,38.3476,268.6535,2.5981,33,0.000000e+0,-55,1
37,"Zaragoza · aleatorio 13 · N-S senoidal 3° · bifila · alineadas ×1 · 6 filas · az 0°",21-jun,980,34.6113,271.9575,2.5981,33,0.000000e+0,-26,1
37,"Zaragoza · aleatorio 13 · N-S senoidal 3° · bifila · alineadas ×1 · 6 filas · az 0°",21-jun,1000,30.8827,275.1277,2.5981,33,0.000000e+0,-14,1
37,"Zaragoza · aleatorio 13 · N-S senoidal 3° · bifila · alineadas ×1 · 6 filas · az 0°",21-jun,1020,27.1731,278.2058,2.5981,33,0.000000e+0,-6,1
37,"Zaragoza · aleatorio 13 · N-S senoidal 3° · bifila · alineadas ×1 · 6 filas · az 0°",21-jun,1040,23.4930,281.2261,2.5981,33,0.000000e+0,1,1
37,"Zaragoza · aleatorio 13 · N-S senoidal 3° · bifila · alineadas ×1 · 6 filas · az 0°",21-jun,1060,19.8529,284.2181,2.5981,33,0.000000e+0,5,1
37,"Zaragoza · aleatorio 13 · N-S senoidal 3° · bifila · alineadas ×1 · 6 filas · az 0°",21-jun,1080,16.2635,287.2075,2.5981,33,0.000000e+0,11,1
37,"Zaragoza · aleatorio 13 · N-S senoidal 3° · bifila · alineadas ×1 · 6 filas · az 0°",21-jun,1100,12.7372,290.2173,2.5981,33,0.000000e+0,12.5,1
37,"Zaragoza · aleatorio 13 · N-S senoidal 3° · bifila · alineadas ×1 · 6 filas · az 0°",21-jun,1120,9.2889,293.2684,2.5981,33,1.820635e-2,10,0
37,"Zaragoza · aleatorio 13 · N-S senoidal 3° · bifila · alineadas ×1 · 6 filas · az 0°",21-jun,1140,5.9421,296.3805,2.5981,64,4.794495e-2,7,0
37,"Zaragoza · aleatorio 13 · N-S senoidal 3° · bifila · alineadas ×1 · 6 filas · az 0°",21-jun,1160,2.7509,299.5720,2.5981,64,8.418703e-2,2.5,0
37,"Zaragoza · aleatorio 13 · N-S senoidal 3° · bifila · alineadas ×1 · 6 filas · az 0°",21-mar,380,2.2529,91.3999,2.5981,64,1.276299e-2,-2,0
37,"Zaragoza · aleatorio 13 · N-S senoidal 3° · bifila · alineadas ×1 · 6 filas · az 0°",21-mar,400,5.8504,94.7292,2.5981,64,8.947793e-3,-6,0
37,"Zaragoza · aleatorio 13 · N-S senoidal 3° · bifila · alineadas ×1 · 6 filas · az 0°",21-mar,420,9.5200,98.1006,2.5981,33,0.000000e+0,-10,1
37,"Zaragoza · aleatorio 13 · N-S senoidal 3° · bifila · alineadas ×1 · 6 filas · az 0°",21-mar,440,13.1842,101.5436,2.5981,33,0.000000e+0,-19.5,1
37,"Zaragoza · aleatorio 13 · N-S senoidal 3° · bifila · alineadas ×1 · 6 filas · az 0°",21-mar,460,16.8132,105.0894,2.5981,33,0.000000e+0,-33.5,1
37,"Zaragoza · aleatorio 13 · N-S senoidal 3° · bifila · alineadas ×1 · 6 filas · az 0°",21-mar,480,20.3859,108.7709,2.5981,33,0.000000e+0,-48.5,1
37,"Zaragoza · aleatorio 13 · N-S senoidal 3° · bifila · alineadas ×1 · 6 filas · az 0°",21-mar,500,23.8823,112.6235,2.5981,33,0.000000e+0,-55,1
37,"Zaragoza · aleatorio 13 · N-S senoidal 3° · bifila · alineadas ×1 · 6 filas · az 0°",21-mar,520,27.2812,116.6855,2.5981,33,0.000000e+0,-55,1
37,"Zaragoza · aleatorio 13 · N-S senoidal 3° · bifila · alineadas ×1 · 6 filas · az 0°",21-mar,540,30.5584,120.9974,2.5981,33,0.000000e+0,-55,1
37,"Zaragoza · aleatorio 13 · N-S senoidal 3° · bifila · alineadas ×1 · 6 filas · az 0°",21-mar,560,33.6866,125.6019,2.5981,33,0.000000e+0,-55,1
37,"Zaragoza · aleatorio 13 · N-S senoidal 3° · bifila · alineadas ×1 · 6 filas · az 0°",21-mar,580,36.6339,130.5419,2.5981,33,0.000000e+0,-55,1
37,"Zaragoza · aleatorio 13 · N-S senoidal 3° · bifila · alineadas ×1 · 6 filas · az 0°",21-mar,600,39.3642,135.8579,2.5981,33,0.000000e+0,-55,1
37,"Zaragoza · aleatorio 13 · N-S senoidal 3° · bifila · alineadas ×1 · 6 filas · az 0°",21-mar,620,41.8362,141.5831,2.5981,33,0.000000e+0,-55,1
37,"Zaragoza · aleatorio 13 · N-S senoidal 3° · bifila · alineadas ×1 · 6 filas · az 0°",21-mar,640,44.0046,147.7369,2.5981,33,0.000000e+0,-55,1
37,"Zaragoza · aleatorio 13 · N-S senoidal 3° · bifila · alineadas ×1 · 6 filas · az 0°",21-mar,660,45.8219,154.3164,2.5981,33,0.000000e+0,-55,1
37,"Zaragoza · aleatorio 13 · N-S senoidal 3° · bifila · alineadas ×1 · 6 filas · az 0°",21-mar,680,47.2408,161.2877,2.5981,33,0.000000e+0,-55,1
37,"Zaragoza · aleatorio 13 · N-S senoidal 3° · bifila · alineadas ×1 · 6 filas · az 0°",21-mar,700,48.2189,168.5799,2.5981,33,0.000000e+0,-55,1
37,"Zaragoza · aleatorio 13 · N-S senoidal 3° · bifila · alineadas ×1 · 6 filas · az 0°",21-mar,720,48.7237,176.0853,2.5981,33,0.000000e+0,-55,1
37,"Zaragoza · aleatorio 13 · N-S senoidal 3° · bifila · alineadas ×1 · 6 filas · az 0°",21-mar,740,48.7373,183.6681,2.5981,33,0.000000e+0,-55,1
37,"Zaragoza · aleatorio 13 · N-S senoidal 3° · bifila · alineadas ×1 · 6 filas · az 0°",21-mar,760,48.2591,191.1814,2.5981,33,0.000000e+0,-55,1
37,"Zaragoza · aleatorio 13 · N-S senoidal 3° · bifila · alineadas ×1 · 6 filas · az 0°",21-mar,780,47.3064,198.4885,2.5981,33,0.000000e+0,-55,1
37,"Zaragoza · aleatorio 13 · N-S senoidal 3° · bifila · alineadas ×1 · 6 filas · az 0°",21-mar,800,45.9109,205.4797,2.5981,33,0.000000e+0,-55,1
37,"Zaragoza · aleatorio 13 · N-S senoidal 3° · bifila · alineadas ×1 · 6 filas · az 0°",21-mar,820,44.1149,212.0823,2.5981,33,0.000000e+0,-55,1
37,"Zaragoza · aleatorio 13 · N-S senoidal 3° · bifila · alineadas ×1 · 6 filas · az 0°",21-mar,840,41.9653,218.2604,2.5981,33,0.000000e+0,-55,1
37,"Zaragoza · aleatorio 13 · N-S senoidal 3° · bifila · alineadas ×1 · 6 filas · az 0°",21-mar,860,39.5099,224.0098,2.5981,33,0.000000e+0,-55,1
37,"Zaragoza · aleatorio 13 · N-S senoidal 3° · bifila · alineadas ×1 · 6 filas · az 0°",21-mar,880,36.7942,229.3489,2.5981,33,0.000000e+0,-55,1
37,"Zaragoza · aleatorio 13 · N-S senoidal 3° · bifila · alineadas ×1 · 6 filas · az 0°",21-mar,900,33.8596,234.3105,2.5981,33,0.000000e+0,-55,1
37,"Zaragoza · aleatorio 13 · N-S senoidal 3° · bifila · alineadas ×1 · 6 filas · az 0°",21-mar,920,30.7428,238.9347,2.5981,33,0.000000e+0,-29,1
37,"Zaragoza · aleatorio 13 · N-S senoidal 3° · bifila · alineadas ×1 · 6 filas · az 0°",21-mar,940,27.4756,243.2645,2.5981,33,0.000000e+0,-13.5,1
37,"Zaragoza · aleatorio 13 · N-S senoidal 3° · bifila · alineadas ×1 · 6 filas · az 0°",21-mar,960,24.0859,247.3426,2.5981,33,0.000000e+0,-4,1
37,"Zaragoza · aleatorio 13 · N-S senoidal 3° · bifila · alineadas ×1 · 6 filas · az 0°",21-mar,980,20.5978,251.2099,2.5981,33,0.000000e+0,4,1
37,"Zaragoza · aleatorio 13 · N-S senoidal 3° · bifila · alineadas ×1 · 6 filas · az 0°",21-mar,1000,17.0327,254.9045,2.5981,33,0.000000e+0,11,1
37,"Zaragoza · aleatorio 13 · N-S senoidal 3° · bifila · alineadas ×1 · 6 filas · az 0°",21-mar,1020,13.4108,258.4622,2.5981,33,0.000000e+0,13,1
37,"Zaragoza · aleatorio 13 · N-S senoidal 3° · bifila · alineadas ×1 · 6 filas · az 0°",21-mar,1040,9.7530,261.9160,2.5981,33,0.000000e+0,9.5,1
37,"Zaragoza · aleatorio 13 · N-S senoidal 3° · bifila · alineadas ×1 · 6 filas · az 0°",21-mar,1060,6.0879,265.2972,2.5981,33,2.977115e-2,6,0
37,"Zaragoza · aleatorio 13 · N-S senoidal 3° · bifila · alineadas ×1 · 6 filas · az 0°",21-mar,1080,2.4866,268.6354,2.5981,64,0.000000e+0,2.5,1
37,"Zaragoza · aleatorio 13 · N-S senoidal 3° · bifila · alineadas ×1 · 6 filas · az 0°",21-dic,480,4.5444,126.9401,2.5981,64,0.000000e+0,-5,1
37,"Zaragoza · aleatorio 13 · N-S senoidal 3° · bifila · alineadas ×1 · 6 filas · az 0°",21-dic,500,7.4023,130.4970,2.5981,33,0.000000e+0,-9.5,1
37,"Zaragoza · aleatorio 13 · N-S senoidal 3° · bifila · alineadas ×1 · 6 filas · az 0°",21-dic,520,10.1358,134.1991,2.5981,33,0.000000e+0,-24.5,1
37,"Zaragoza · aleatorio 13 · N-S senoidal 3° · bifila · alineadas ×1 · 6 filas · az 0°",21-dic,540,12.7098,138.0581,2.5981,33,0.000000e+0,-41,1
37,"Zaragoza · aleatorio 13 · N-S senoidal 3° · bifila · alineadas ×1 · 6 filas · az 0°",21-dic,560,15.0987,142.0828,2.5981,33,0.000000e+0,-55,1
37,"Zaragoza · aleatorio 13 · N-S senoidal 3° · bifila · alineadas ×1 · 6 filas · az 0°",21-dic,580,17.2795,146.2782,2.5981,33,0.000000e+0,-55,1
37,"Zaragoza · aleatorio 13 · N-S senoidal 3° · bifila · alineadas ×1 · 6 filas · az 0°",21-dic,600,19.2301,150.6447,2.5981,33,0.000000e+0,-55,1
37,"Zaragoza · aleatorio 13 · N-S senoidal 3° · bifila · alineadas ×1 · 6 filas · az 0°",21-dic,620,20.9291,155.1771,2.5981,33,0.000000e+0,-55,1
37,"Zaragoza · aleatorio 13 · N-S senoidal 3° · bifila · alineadas ×1 · 6 filas · az 0°",21-dic,640,22.3561,159.8636,2.5981,33,0.000000e+0,-55,1
37,"Zaragoza · aleatorio 13 · N-S senoidal 3° · bifila · alineadas ×1 · 6 filas · az 0°",21-dic,660,23.4927,164.6856,2.5981,33,0.000000e+0,-55,1
37,"Zaragoza · aleatorio 13 · N-S senoidal 3° · bifila · alineadas ×1 · 6 filas · az 0°",21-dic,680,24.3230,169.6174,2.5981,33,0.000000e+0,-55,1
37,"Zaragoza · aleatorio 13 · N-S senoidal 3° · bifila · alineadas ×1 · 6 filas · az 0°",21-dic,700,24.8347,174.6273,2.5981,33,0.000000e+0,-55,1
37,"Zaragoza · aleatorio 13 · N-S senoidal 3° · bifila · alineadas ×1 · 6 filas · az 0°",21-dic,720,25.0202,179.6788,2.5981,33,0.000000e+0,-55,1
37,"Zaragoza · aleatorio 13 · N-S senoidal 3° · bifila · alineadas ×1 · 6 filas · az 0°",21-dic,740,24.8764,184.7327,2.5981,33,0.000000e+0,-55,1
37,"Zaragoza · aleatorio 13 · N-S senoidal 3° · bifila · alineadas ×1 · 6 filas · az 0°",21-dic,760,24.4057,189.7500,2.5981,33,0.000000e+0,-55,1
37,"Zaragoza · aleatorio 13 · N-S senoidal 3° · bifila · alineadas ×1 · 6 filas · az 0°",21-dic,780,23.6152,194.6936,2.5981,33,0.000000e+0,-55,1
37,"Zaragoza · aleatorio 13 · N-S senoidal 3° · bifila · alineadas ×1 · 6 filas · az 0°",21-dic,800,22.5166,199.5310,2.5981,33,0.000000e+0,-55,1
37,"Zaragoza · aleatorio 13 · N-S senoidal 3° · bifila · alineadas ×1 · 6 filas · az 0°",21-dic,820,21.1254,204.2358,2.5981,33,0.000000e+0,-55,1
37,"Zaragoza · aleatorio 13 · N-S senoidal 3° · bifila · alineadas ×1 · 6 filas · az 0°",21-dic,840,19.4598,208.7885,2.5981,33,0.000000e+0,-55,1
37,"Zaragoza · aleatorio 13 · N-S senoidal 3° · bifila · alineadas ×1 · 6 filas · az 0°",21-dic,860,17.5399,213.1765,2.5981,33,0.000000e+0,-15.5,1
37,"Zaragoza · aleatorio 13 · N-S senoidal 3° · bifila · alineadas ×1 · 6 filas · az 0°",21-dic,880,15.3871,217.3936,2.5981,33,0.000000e+0,-3,1
37,"Zaragoza · aleatorio 13 · N-S senoidal 3° · bifila · alineadas ×1 · 6 filas · az 0°",21-dic,900,13.0234,221.4397,2.5981,33,0.000000e+0,6.5,1
37,"Zaragoza · aleatorio 13 · N-S senoidal 3° · bifila · alineadas ×1 · 6 filas · az 0°",21-dic,920,10.4715,225.3193,2.5981,33,0.000000e+0,14.5,1
37,"Zaragoza · aleatorio 13 · N-S senoidal 3° · bifila · alineadas ×1 · 6 filas · az 0°",21-dic,940,7.7566,229.0407,2.5981,33,2.625706e-2,9.5,0
37,"Zaragoza · aleatorio 13 · N-S senoidal 3° · bifila · alineadas ×1 · 6 filas · az 0°",21-dic,960,4.9112,232.6152,2.5981,64,4.686054e-2,6,0
37,"Zaragoza · aleatorio 13 · N-S senoidal 3° · bifila · alineadas ×1 · 6 filas · az 0°",21-dic,980,2.0112,236.0562,2.5981,64,5.508896e-2,3,0
38,"Zaragoza · pendiente 3 · N-S constante 0° · mono · alineadas ×1 · 8 filas · az 0°",21-jun,300,4.3153,62.0288,0.0000,33,0.000000e+0,-25,1
38,"Zaragoza · pendiente 3 · N-S constante 0° · mono · alineadas ×1 · 8 filas · az 0°",21-jun,320,7.5953,65.1785,0.0000,17,0.000000e+0,-38,1
38,"Zaragoza · pendiente 3 · N-S constante 0° · mono · alineadas ×1 · 8 filas · az 0°",21-jun,340,10.9965,68.2578,0.0000,17,0.000000e+0,-51.5,1
38,"Zaragoza · pendiente 3 · N-S constante 0° · mono · alineadas ×1 · 8 filas · az 0°",21-jun,360,14.4858,71.2858,0.0000,17,0.000000e+0,-55,1
38,"Zaragoza · pendiente 3 · N-S constante 0° · mono · alineadas ×1 · 8 filas · az 0°",21-jun,380,18.0452,74.2827,0.0000,17,0.000000e+0,-55,1
38,"Zaragoza · pendiente 3 · N-S constante 0° · mono · alineadas ×1 · 8 filas · az 0°",21-jun,400,21.6612,77.2704,0.0000,17,0.000000e+0,-55,1
38,"Zaragoza · pendiente 3 · N-S constante 0° · mono · alineadas ×1 · 8 filas · az 0°",21-jun,420,25.3226,80.2731,0.0000,17,0.000000e+0,-55,1
38,"Zaragoza · pendiente 3 · N-S constante 0° · mono · alineadas ×1 · 8 filas · az 0°",21-jun,440,29.0187,83.3183,0.0000,17,0.000000e+0,-55,1
38,"Zaragoza · pendiente 3 · N-S constante 0° · mono · alineadas ×1 · 8 filas · az 0°",21-jun,460,32.7391,86.4376,0.0000,17,0.000000e+0,-55,1
38,"Zaragoza · pendiente 3 · N-S constante 0° · mono · alineadas ×1 · 8 filas · az 0°",21-jun,480,36.4729,89.6687,0.0000,17,0.000000e+0,-55,1
38,"Zaragoza · pendiente 3 · N-S constante 0° · mono · alineadas ×1 · 8 filas · az 0°",21-jun,500,40.2084,93.0578,0.0000,17,0.000000e+0,-55,1
38,"Zaragoza · pendiente 3 · N-S constante 0° · mono · alineadas ×1 · 8 filas · az 0°",21-jun,520,43.9319,96.6624,0.0000,17,0.000000e+0,-55,1
38,"Zaragoza · pendiente 3 · N-S constante 0° · mono · alineadas ×1 · 8 filas · az 0°",21-jun,540,47.6271,100.5563,0.0000,17,0.000000e+0,-55,1
38,"Zaragoza · pendiente 3 · N-S constante 0° · mono · alineadas ×1 · 8 filas · az 0°",21-jun,560,51.2734,104.8355,0.0000,17,0.000000e+0,-55,1
38,"Zaragoza · pendiente 3 · N-S constante 0° · mono · alineadas ×1 · 8 filas · az 0°",21-jun,580,54.8437,109.6272,0.0000,17,0.000000e+0,-55,1
38,"Zaragoza · pendiente 3 · N-S constante 0° · mono · alineadas ×1 · 8 filas · az 0°",21-jun,600,58.3011,115.1015,0.0000,17,0.000000e+0,-55,1
38,"Zaragoza · pendiente 3 · N-S constante 0° · mono · alineadas ×1 · 8 filas · az 0°",21-jun,620,61.5938,121.4838,0.0000,17,0.000000e+0,-55,1
38,"Zaragoza · pendiente 3 · N-S constante 0° · mono · alineadas ×1 · 8 filas · az 0°",21-jun,640,64.6480,129.0638,0.0000,17,0.000000e+0,-55,1
38,"Zaragoza · pendiente 3 · N-S constante 0° · mono · alineadas ×1 · 8 filas · az 0°",21-jun,660,67.3579,138.1801,0.0000,17,0.000000e+0,-55,1
38,"Zaragoza · pendiente 3 · N-S constante 0° · mono · alineadas ×1 · 8 filas · az 0°",21-jun,680,69.5784,149.1387,0.0000,17,0.000000e+0,-55,1
38,"Zaragoza · pendiente 3 · N-S constante 0° · mono · alineadas ×1 · 8 filas · az 0°",21-jun,700,71.1301,162.0059,0.0000,17,0.000000e+0,-55,1
38,"Zaragoza · pendiente 3 · N-S constante 0° · mono · alineadas ×1 · 8 filas · az 0°",21-jun,720,71.8368,176.3074,0.0000,17,0.000000e+0,-55,1
38,"Zaragoza · pendiente 3 · N-S constante 0° · mono · alineadas ×1 · 8 filas · az 0°",21-jun,740,71.5993,190.9409,0.0000,17,0.000000e+0,-55,1
38,"Zaragoza · pendiente 3 · N-S constante 0° · mono · alineadas ×1 · 8 filas · az 0°",21-jun,760,70.4524,204.6300,0.0000,17,0.000000e+0,-55,1
38,"Zaragoza · pendiente 3 · N-S constante 0° · mono · alineadas ×1 · 8 filas · az 0°",21-jun,780,68.5438,216.5649,0.0000,17,0.000000e+0,-55,1
38,"Zaragoza · pendiente 3 · N-S constante 0° · mono · alineadas ×1 · 8 filas · az 0°",21-jun,800,66.0587,226.5756,0.0000,17,0.000000e+0,-55,1
38,"Zaragoza · pendiente 3 · N-S constante 0° · mono · alineadas ×1 · 8 filas · az 0°",21-jun,820,63.1617,234.8830,0.0000,17,0.000000e+0,-55,1
38,"Zaragoza · pendiente 3 · N-S constante 0° · mono · alineadas ×1 · 8 filas · az 0°",21-jun,840,59.9777,241.8261,0.0000,17,0.000000e+0,-55,1
38,"Zaragoza · pendiente 3 · N-S constante 0° · mono · alineadas ×1 · 8 filas · az 0°",21-jun,860,56.5952,247.7238,0.0000,17,0.000000e+0,-55,1
38,"Zaragoza · pendiente 3 · N-S constante 0° · mono · alineadas ×1 · 8 filas · az 0°",21-jun,880,53.0761,252.8336,0.0000,17,0.000000e+0,-55,1
38,"Zaragoza · pendiente 3 · N-S constante 0° · mono · alineadas ×1 · 8 filas · az 0°",21-jun,900,49.4641,257.3516,0.0000,17,0.000000e+0,-55,1
38,"Zaragoza · pendiente 3 · N-S constante 0° · mono · alineadas ×1 · 8 filas · az 0°",21-jun,920,45.7905,261.4251,0.0000,17,0.000000e+0,-55,1
38,"Zaragoza · pendiente 3 · N-S constante 0° · mono · alineadas ×1 · 8 filas · az 0°",21-jun,940,42.0789,265.1644,0.0000,17,0.000000e+0,-55,1
38,"Zaragoza · pendiente 3 · N-S constante 0° · mono · alineadas ×1 · 8 filas · az 0°",21-jun,960,38.3476,268.6535,0.0000,17,0.000000e+0,-55,1
38,"Zaragoza · pendiente 3 · N-S constante 0° · mono · alineadas ×1 · 8 filas · az 0°",21-jun,980,34.6113,271.9575,0.0000,17,0.000000e+0,-55,1
38,"Zaragoza · pendiente 3 · N-S constante 0° · mono · alineadas ×1 · 8 filas · az 0°",21-jun,1000,30.8827,275.1277,0.0000,17,0.000000e+0,-55,1
38,"Zaragoza · pendiente 3 · N-S constante 0° · mono · alineadas ×1 · 8 filas · az 0°",21-jun,1020,27.1731,278.2058,0.0000,17,0.000000e+0,-55,1
38,"Zaragoza · pendiente 3 · N-S constante 0° · mono · alineadas ×1 · 8 filas · az 0°",21-jun,1040,23.4930,281.2261,0.0000,17,0.000000e+0,-40,1
38,"Zaragoza · pendiente 3 · N-S constante 0° · mono · alineadas ×1 · 8 filas · az 0°",21-jun,1060,19.8529,284.2181,0.0000,17,0.000000e+0,-28.5,1
38,"Zaragoza · pendiente 3 · N-S constante 0° · mono · alineadas ×1 · 8 filas · az 0°",21-jun,1080,16.2635,287.2075,0.0000,17,0.000000e+0,-20.5,1
38,"Zaragoza · pendiente 3 · N-S constante 0° · mono · alineadas ×1 · 8 filas · az 0°",21-jun,1100,12.7372,290.2173,0.0000,17,0.000000e+0,-13.5,1
38,"Zaragoza · pendiente 3 · N-S constante 0° · mono · alineadas ×1 · 8 filas · az 0°",21-jun,1120,9.2889,293.2684,0.0000,17,0.000000e+0,-8,1
38,"Zaragoza · pendiente 3 · N-S constante 0° · mono · alineadas ×1 · 8 filas · az 0°",21-jun,1140,5.9421,296.3805,0.0000,33,0.000000e+0,-2.5,1
38,"Zaragoza · pendiente 3 · N-S constante 0° · mono · alineadas ×1 · 8 filas · az 0°",21-jun,1160,2.7509,299.5720,0.0000,33,0.000000e+0,3,1
38,"Zaragoza · pendiente 3 · N-S constante 0° · mono · alineadas ×1 · 8 filas · az 0°",21-mar,380,2.2529,91.3999,0.0000,33,0.000000e+0,-15.5,1
38,"Zaragoza · pendiente 3 · N-S constante 0° · mono · alineadas ×1 · 8 filas · az 0°",21-mar,400,5.8504,94.7292,0.0000,33,0.000000e+0,-28.5,1
38,"Zaragoza · pendiente 3 · N-S constante 0° · mono · alineadas ×1 · 8 filas · az 0°",21-mar,420,9.5200,98.1006,0.0000,17,0.000000e+0,-43,1
38,"Zaragoza · pendiente 3 · N-S constante 0° · mono · alineadas ×1 · 8 filas · az 0°",21-mar,440,13.1842,101.5436,0.0000,17,0.000000e+0,-55,1
38,"Zaragoza · pendiente 3 · N-S constante 0° · mono · alineadas ×1 · 8 filas · az 0°",21-mar,460,16.8132,105.0894,0.0000,17,0.000000e+0,-55,1
38,"Zaragoza · pendiente 3 · N-S constante 0° · mono · alineadas ×1 · 8 filas · az 0°",21-mar,480,20.3859,108.7709,0.0000,17,0.000000e+0,-55,1
38,"Zaragoza · pendiente 3 · N-S constante 0° · mono · alineadas ×1 · 8 filas · az 0°",21-mar,500,23.8823,112.6235,0.0000,17,0.000000e+0,-55,1
38,"Zaragoza · pendiente 3 · N-S constante 0° · mono · alineadas ×1 · 8 filas · az 0°",21-mar,520,27.2812,116.6855,0.0000,17,0.000000e+0,-55,1
38,"Zaragoza · pendiente 3 · N-S constante 0° · mono · alineadas ×1 · 8 filas · az 0°",21-mar,540,30.5584,120.9974,0.0000,17,0.000000e+0,-55,1
38,"Zaragoza · pendiente 3 · N-S constante 0° · mono · alineadas ×1 · 8 filas · az 0°",21-mar,560,33.6866,125.6019,0.0000,17,0.000000e+0,-55,1
38,"Zaragoza · pendiente 3 · N-S constante 0° · mono · alineadas ×1 · 8 filas · az 0°",21-mar,580,36.6339,130.5419,0.0000,17,0.000000e+0,-55,1
38,"Zaragoza · pendiente 3 · N-S constante 0° · mono · alineadas ×1 · 8 filas · az 0°",21-mar,600,39.3642,135.8579,0.0000,17,0.000000e+0,-55,1
38,"Zaragoza · pendiente 3 · N-S constante 0° · mono · alineadas ×1 · 8 filas · az 0°",21-mar,620,41.8362,141.5831,0.0000,17,0.000000e+0,-55,1
38,"Zaragoza · pendiente 3 · N-S constante 0° · mono · alineadas ×1 · 8 filas · az 0°",21-mar,640,44.0046,147.7369,0.0000,17,0.000000e+0,-55,1
38,"Zaragoza · pendiente 3 · N-S constante 0° · mono · alineadas ×1 · 8 filas · az 0°",21-mar,660,45.8219,154.3164,0.0000,17,0.000000e+0,-55,1
38,"Zaragoza · pendiente 3 · N-S constante 0° · mono · alineadas ×1 · 8 filas · az 0°",21-mar,680,47.2408,161.2877,0.0000,17,0.000000e+0,-55,1
38,"Zaragoza · pendiente 3 · N-S constante 0° · mono · alineadas ×1 · 8 filas · az 0°",21-mar,700,48.2189,168.5799,0.0000,17,0.000000e+0,-55,1
38,"Zaragoza · pendiente 3 · N-S constante 0° · mono · alineadas ×1 · 8 filas · az 0°",21-mar,720,48.7237,176.0853,0.0000,17,0.000000e+0,-55,1
38,"Zaragoza · pendiente 3 · N-S constante 0° · mono · alineadas ×1 · 8 filas · az 0°",21-mar,740,48.7373,183.6681,0.0000,17,0.000000e+0,-55,1
38,"Zaragoza · pendiente 3 · N-S constante 0° · mono · alineadas ×1 · 8 filas · az 0°",21-mar,760,48.2591,191.1814,0.0000,17,0.000000e+0,-55,1
38,"Zaragoza · pendiente 3 · N-S constante 0° · mono · alineadas ×1 · 8 filas · az 0°",21-mar,780,47.3064,198.4885,0.0000,17,0.000000e+0,-55,1
38,"Zaragoza · pendiente 3 · N-S constante 0° · mono · alineadas ×1 · 8 filas · az 0°",21-mar,800,45.9109,205.4797,0.0000,17,0.000000e+0,-55,1
38,"Zaragoza · pendiente 3 · N-S constante 0° · mono · alineadas ×1 · 8 filas · az 0°",21-mar,820,44.1149,212.0823,0.0000,17,0.000000e+0,-55,1
38,"Zaragoza · pendiente 3 · N-S constante 0° · mono · alineadas ×1 · 8 filas · az 0°",21-mar,840,41.9653,218.2604,0.0000,17,0.000000e+0,-55,1
38,"Zaragoza · pendiente 3 · N-S constante 0° · mono · alineadas ×1 · 8 filas · az 0°",21-mar,860,39.5099,224.0098,0.0000,17,0.000000e+0,-55,1
38,"Zaragoza · pendiente 3 · N-S constante 0° · mono · alineadas ×1 · 8 filas · az 0°",21-mar,880,36.7942,229.3489,0.0000,17,0.000000e+0,-55,1
38,"Zaragoza · pendiente 3 · N-S constante 0° · mono · alineadas ×1 · 8 filas · az 0°",21-mar,900,33.8596,234.3105,0.0000,17,0.000000e+0,-55,1
38,"Zaragoza · pendiente 3 · N-S constante 0° · mono · alineadas ×1 · 8 filas · az 0°",21-mar,920,30.7428,238.9347,0.0000,17,0.000000e+0,-55,1
38,"Zaragoza · pendiente 3 · N-S constante 0° · mono · alineadas ×1 · 8 filas · az 0°",21-mar,940,27.4756,243.2645,0.0000,17,0.000000e+0,-55,1
38,"Zaragoza · pendiente 3 · N-S constante 0° · mono · alineadas ×1 · 8 filas · az 0°",21-mar,960,24.0859,247.3426,0.0000,17,0.000000e+0,-52.5,1
38,"Zaragoza · pendiente 3 · N-S constante 0° · mono · alineadas ×1 · 8 filas · az 0°",21-mar,980,20.5978,251.2099,0.0000,17,0.000000e+0,-32,1
38,"Zaragoza · pendiente 3 · N-S constante 0° · mono · alineadas ×1 · 8 filas · az 0°",21-mar,1000,17.0327,254.9045,0.0000,17,0.000000e+0,-21.5,1
38,"Zaragoza · pendiente 3 · N-S constante 0° · mono · alineadas ×1 · 8 filas · az 0°",21-mar,1020,13.4108,258.4622,0.0000,17,0.000000e+0,-14,1
38,"Zaragoza · pendiente 3 · N-S constante 0° · mono · alineadas ×1 · 8 filas · az 0°",21-mar,1040,9.7530,261.9160,0.0000,17,0.000000e+0,-7.5,1
38,"Zaragoza · pendiente 3 · N-S constante 0° · mono · alineadas ×1 · 8 filas · az 0°",21-mar,1060,6.0879,265.2972,0.0000,17,0.000000e+0,-1.5,1
38,"Zaragoza · pendiente 3 · N-S constante 0° · mono · alineadas ×1 · 8 filas · az 0°",21-mar,1080,2.4866,268.6354,0.0000,33,0.000000e+0,1.5,1
38,"Zaragoza · pendiente 3 · N-S constante 0° · mono · alineadas ×1 · 8 filas · az 0°",21-dic,480,4.5444,126.9401,0.0000,33,0.000000e+0,-28,1
38,"Zaragoza · pendiente 3 · N-S constante 0° · mono · alineadas ×1 · 8 filas · az 0°",21-dic,500,7.4023,130.4970,0.0000,17,0.000000e+0,-43,1
38,"Zaragoza · pendiente 3 · N-S constante 0° · mono · alineadas ×1 · 8 filas · az 0°",21-dic,520,10.1358,134.1991,0.0000,17,0.000000e+0,-55,1
38,"Zaragoza · pendiente 3 · N-S constante 0° · mono · alineadas ×1 · 8 filas · az 0°",21-dic,540,12.7098,138.0581,0.0000,17,0.000000e+0,-55,1
38,"Zaragoza · pendiente 3 · N-S constante 0° · mono · alineadas ×1 · 8 filas · az 0°",21-dic,560,15.0987,142.0828,0.0000,17,0.000000e+0,-55,1
38,"Zaragoza · pendiente 3 · N-S constante 0° · mono · alineadas ×1 · 8 filas · az 0°",21-dic,580,17.2795,146.2782,0.0000,17,0.000000e+0,-55,1
38,"Zaragoza · pendiente 3 · N-S constante 0° · mono · alineadas ×1 · 8 filas · az 0°",21-dic,600,19.2301,150.6447,0.0000,17,0.000000e+0,-55,1
38,"Zaragoza · pendiente 3 · N-S constante 0° · mono · alineadas ×1 · 8 filas · az 0°",21-dic,620,20.9291,155.1771,0.0000,17,0.000000e+0,-55,1
38,"Zaragoza · pendiente 3 · N-S constante 0° · mono · alineadas ×1 · 8 filas · az 0°",21-dic,640,22.3561,159.8636,0.0000,17,0.000000e+0,-55,1
38,"Zaragoza · pendiente 3 · N-S constante 0° · mono · alineadas ×1 · 8 filas · az 0°",21-dic,660,23.4927,164.6856,0.0000,17,0.000000e+0,-55,1
38,"Zaragoza · pendiente 3 · N-S constante 0° · mono · alineadas ×1 · 8 filas · az 0°",21-dic,680,24.3230,169.6174,0.0000,17,0.000000e+0,-55,1
38,"Zaragoza · pendiente 3 · N-S constante 0° · mono · alineadas ×1 · 8 filas · az 0°",21-dic,700,24.8347,174.6273,0.0000,17,0.000000e+0,-55,1
38,"Zaragoza · pendiente 3 · N-S constante 0° · mono · alineadas ×1 · 8 filas · az 0°",21-dic,720,25.0202,179.6788,0.0000,17,0.000000e+0,-55,1
38,"Zaragoza · pendiente 3 · N-S constante 0° · mono · alineadas ×1 · 8 filas · az 0°",21-dic,740,24.8764,184.7327,0.0000,17,0.000000e+0,-55,1
38,"Zaragoza · pendiente 3 · N-S constante 0° · mono · alineadas ×1 · 8 filas · az 0°",21-dic,760,24.4057,189.7500,0.0000,17,0.000000e+0,-55,1
38,"Zaragoza · pendiente 3 · N-S constante 0° · mono · alineadas ×1 · 8 filas · az 0°",21-dic,780,23.6152,194.6936,0.0000,17,0.000000e+0,-55,1
38,"Zaragoza · pendiente 3 · N-S constante 0° · mono · alineadas ×1 · 8 filas · az 0°",21-dic,800,22.5166,199.5310,0.0000,17,0.000000e+0,-55,1
38,"Zaragoza · pendiente 3 · N-S constante 0° · mono · alineadas ×1 · 8 filas · az 0°",21-dic,820,21.1254,204.2358,0.0000,17,0.000000e+0,-55,1
38,"Zaragoza · pendiente 3 · N-S constante 0° · mono · alineadas ×1 · 8 filas · az 0°",21-dic,840,19.4598,208.7885,0.0000,17,0.000000e+0,-55,1
38,"Zaragoza · pendiente 3 · N-S constante 0° · mono · alineadas ×1 · 8 filas · az 0°",21-dic,860,17.5399,213.1765,0.0000,17,0.000000e+0,-55,1
38,"Zaragoza · pendiente 3 · N-S constante 0° · mono · alineadas ×1 · 8 filas · az 0°",21-dic,880,15.3871,217.3936,0.0000,17,0.000000e+0,-42,1
38,"Zaragoza · pendiente 3 · N-S constante 0° · mono · alineadas ×1 · 8 filas · az 0°",21-dic,900,13.0234,221.4397,0.0000,17,0.000000e+0,-25.5,1
38,"Zaragoza · pendiente 3 · N-S constante 0° · mono · alineadas ×1 · 8 filas · az 0°",21-dic,920,10.4715,225.3193,0.0000,17,0.000000e+0,-15.5,1
38,"Zaragoza · pendiente 3 · N-S constante 0° · mono · alineadas ×1 · 8 filas · az 0°",21-dic,940,7.7566,229.0407,0.0000,17,0.000000e+0,-8,1
38,"Zaragoza · pendiente 3 · N-S constante 0° · mono · alineadas ×1 · 8 filas · az 0°",21-dic,960,4.9112,232.6152,0.0000,33,0.000000e+0,-1.5,1
38,"Zaragoza · pendiente 3 · N-S constante 0° · mono · alineadas ×1 · 8 filas · az 0°",21-dic,980,2.0112,236.0562,0.0000,33,0.000000e+0,1,1
39,"Zaragoza · pendiente -6 · N-S aleatorio 4° · bifila · alineadas ×1 · 8 filas · az 0°",21-jun,300,4.3153,62.0288,6.8587,64,5.779858e-2,-6.5,0
39,"Zaragoza · pendiente -6 · N-S aleatorio 4° · bifila · alineadas ×1 · 8 filas · az 0°",21-jun,320,7.5953,65.1785,6.8587,33,4.295829e-2,-8.5,0
39,"Zaragoza · pendiente -6 · N-S aleatorio 4° · bifila · alineadas ×1 · 8 filas · az 0°",21-jun,340,10.9965,68.2578,6.8587,33,1.144173e-2,-11.5,0
39,"Zaragoza · pendiente -6 · N-S aleatorio 4° · bifila · alineadas ×1 · 8 filas · az 0°",21-jun,360,14.4858,71.2858,6.8587,33,1.328798e-2,-15,0
39,"Zaragoza · pendiente -6 · N-S aleatorio 4° · bifila · alineadas ×1 · 8 filas · az 0°",21-jun,380,18.0452,74.2827,6.8587,33,0.000000e+0,-19,1
39,"Zaragoza · pendiente -6 · N-S aleatorio 4° · bifila · alineadas ×1 · 8 filas · az 0°",21-jun,400,21.6612,77.2704,6.8587,33,0.000000e+0,-23,1
39,"Zaragoza · pendiente -6 · N-S aleatorio 4° · bifila · alineadas ×1 · 8 filas · az 0°",21-jun,420,25.3226,80.2731,6.8587,33,0.000000e+0,-26.5,1
39,"Zaragoza · pendiente -6 · N-S aleatorio 4° · bifila · alineadas ×1 · 8 filas · az 0°",21-jun,440,29.0187,83.3183,6.8587,33,0.000000e+0,-30.5,1
39,"Zaragoza · pendiente -6 · N-S aleatorio 4° · bifila · alineadas ×1 · 8 filas · az 0°",21-jun,460,32.7391,86.4376,6.8587,33,0.000000e+0,-33.5,1
39,"Zaragoza · pendiente -6 · N-S aleatorio 4° · bifila · alineadas ×1 · 8 filas · az 0°",21-jun,480,36.4729,89.6687,6.8587,33,0.000000e+0,-37,1
39,"Zaragoza · pendiente -6 · N-S aleatorio 4° · bifila · alineadas ×1 · 8 filas · az 0°",21-jun,500,40.2084,93.0578,6.8587,33,0.000000e+0,-52.5,1
39,"Zaragoza · pendiente -6 · N-S aleatorio 4° · bifila · alineadas ×1 · 8 filas · az 0°",21-jun,520,43.9319,96.6624,6.8587,33,0.000000e+0,-55,1
39,"Zaragoza · pendiente -6 · N-S aleatorio 4° · bifila · alineadas ×1 · 8 filas · az 0°",21-jun,540,47.6271,100.5563,6.8587,33,0.000000e+0,-55,1
39,"Zaragoza · pendiente -6 · N-S aleatorio 4° · bifila · alineadas ×1 · 8 filas · az 0°",21-jun,560,51.2734,104.8355,6.8587,33,0.000000e+0,-55,1
39,"Zaragoza · pendiente -6 · N-S aleatorio 4° · bifila · alineadas ×1 · 8 filas · az 0°",21-jun,580,54.8437,109.6272,6.8587,33,0.000000e+0,-55,1
39,"Zaragoza · pendiente -6 · N-S aleatorio 4° · bifila · alineadas ×1 · 8 filas · az 0°",21-jun,600,58.3011,115.1015,6.8587,33,0.000000e+0,-55,1
39,"Zaragoza · pendiente -6 · N-S aleatorio 4° · bifila · alineadas ×1 · 8 filas · az 0°",21-jun,620,61.5938,121.4838,6.8587,33,0.000000e+0,-55,1
39,"Zaragoza · pendiente -6 · N-S aleatorio 4° · bifila · alineadas ×1 · 8 filas · az 0°",21-jun,640,64.6480,129.0638,6.8587,33,0.000000e+0,-55,1
39,"Zaragoza · pendiente -6 · N-S aleatorio 4° · bifila · alineadas ×1 · 8 filas · az 0°",21-jun,660,67.3579,138.1801,6.8587,33,0.000000e+0,-55,1
39,"Zaragoza · pendiente -6 · N-S aleatorio 4° · bifila · alineadas ×1 · 8 filas · az 0°",21-jun,680,69.5784,149.1387,6.8587,33,0.000000e+0,-55,1
39,"Zaragoza · pendiente -6 · N-S aleatorio 4° · bifila · alineadas ×1 · 8 filas · az 0°",21-jun,700,71.1301,162.0059,6.8587,33,0.000000e+0,-55,1
39,"Zaragoza · pendiente -6 · N-S aleatorio 4° · bifila · alineadas ×1 · 8 filas · az 0°",21-jun,720,71.8368,176.3074,6.8587,33,0.000000e+0,-55,1
39,"Zaragoza · pendiente -6 · N-S aleatorio 4° · bifila · alineadas ×1 · 8 filas · az 0°",21-jun,740,71.5993,190.9409,6.8587,33,0.000000e+0,-55,1
39,"Zaragoza · pendiente -6 · N-S aleatorio 4° · bifila · alineadas ×1 · 8 filas · az 0°",21-jun,760,70.4524,204.6300,6.8587,33,0.000000e+0,-55,1
39,"Zaragoza · pendiente -6 · N-S aleatorio 4° · bifila · alineadas ×1 · 8 filas · az 0°",21-jun,780,68.5438,216.5649,6.8587,33,0.000000e+0,-55,1
39,"Zaragoza · pendiente -6 · N-S aleatorio 4° · bifila · alineadas ×1 · 8 filas · az 0°",21-jun,800,66.0587,226.5756,6.8587,33,0.000000e+0,-55,1
39,"Zaragoza · pendiente -6 · N-S aleatorio 4° · bifila · alineadas ×1 · 8 filas · az 0°",21-jun,820,63.1617,234.8830,6.8587,33,0.000000e+0,-55,1
39,"Zaragoza · pendiente -6 · N-S aleatorio 4° · bifila · alineadas ×1 · 8 filas · az 0°",21-jun,840,59.9777,241.8261,6.8587,33,0.000000e+0,-55,1
39,"Zaragoza · pendiente -6 · N-S aleatorio 4° · bifila · alineadas ×1 · 8 filas · az 0°",21-jun,860,56.5952,247.7238,6.8587,33,0.000000e+0,-55,1
39,"Zaragoza · pendiente -6 · N-S aleatorio 4° · bifila · alineadas ×1 · 8 filas · az 0°",21-jun,880,53.0761,252.8336,6.8587,33,0.000000e+0,-55,1
39,"Zaragoza · pendiente -6 · N-S aleatorio 4° · bifila · alineadas ×1 · 8 filas · az 0°",21-jun,900,49.4641,257.3516,6.8587,33,0.000000e+0,-55,1
39,"Zaragoza · pendiente -6 · N-S aleatorio 4° · bifila · alineadas ×1 · 8 filas · az 0°",21-jun,920,45.7905,261.4251,6.8587,33,0.000000e+0,-20,1
39,"Zaragoza · pendiente -6 · N-S aleatorio 4° · bifila · alineadas ×1 · 8 filas · az 0°",21-jun,940,42.0789,265.1644,6.8587,33,0.000000e+0,-4,1
39,"Zaragoza · pendiente -6 · N-S aleatorio 4° · bifila · alineadas ×1 · 8 filas · az 0°",21-jun,960,38.3476,268.6535,6.8587,33,0.000000e+0,6,1
39,"Zaragoza · pendiente -6 · N-S aleatorio 4° · bifila · alineadas ×1 · 8 filas · az 0°",21-jun,980,34.6113,271.9575,6.8587,33,0.000000e+0,14.5,1
39,"Zaragoza · pendiente -6 · N-S aleatorio 4° · bifila · alineadas ×1 · 8 filas · az 0°",21-jun,1000,30.8827,275.1277,6.8587,33,0.000000e+0,22,1
39,"Zaragoza · pendiente -6 · N-S aleatorio 4° · bifila · alineadas ×1 · 8 filas · az 0°",21-jun,1020,27.1731,278.2058,6.8587,33,0.000000e+0,24,1
39,"Zaragoza · pendiente -6 · N-S aleatorio 4° · bifila · alineadas ×1 · 8 filas · az 0°",21-jun,1040,23.4930,281.2261,6.8587,33,0.000000e+0,22,1
39,"Zaragoza · pendiente -6 · N-S aleatorio 4° · bifila · alineadas ×1 · 8 filas · az 0°",21-jun,1060,19.8529,284.2181,6.8587,33,0.000000e+0,19,1
39,"Zaragoza · pendiente -6 · N-S aleatorio 4° · bifila · alineadas ×1 · 8 filas · az 0°",21-jun,1080,16.2635,287.2075,6.8587,33,0.000000e+0,16,1
39,"Zaragoza · pendiente -6 · N-S aleatorio 4° · bifila · alineadas ×1 · 8 filas · az 0°",21-jun,1100,12.7372,290.2173,6.8587,33,5.188299e-3,14,0
39,"Zaragoza · pendiente -6 · N-S aleatorio 4° · bifila · alineadas ×1 · 8 filas · az 0°",21-jun,1120,9.2889,293.2684,6.8587,33,6.594012e-3,9,0
39,"Zaragoza · pendiente -6 · N-S aleatorio 4° · bifila · alineadas ×1 · 8 filas · az 0°",21-jun,1140,5.9421,296.3805,6.8587,64,2.143786e-2,6.5,0
39,"Zaragoza · pendiente -6 · N-S aleatorio 4° · bifila · alineadas ×1 · 8 filas · az 0°",21-jun,1160,2.7509,299.5720,6.8587,64,2.567583e-2,3,0
39,"Zaragoza · pendiente -6 · N-S aleatorio 4° · bifila · alineadas ×1 · 8 filas · az 0°",21-mar,380,2.2529,91.3999,6.8587,64,1.713685e-2,-2.5,0
39,"Zaragoza · pendiente -6 · N-S aleatorio 4° · bifila · alineadas ×1 · 8 filas · az 0°",21-mar,400,5.8504,94.7292,6.8587,64,1.783567e-2,-6,0
39,"Zaragoza · pendiente -6 · N-S aleatorio 4° · bifila · alineadas ×1 · 8 filas · az 0°",21-mar,420,9.5200,98.1006,6.8587,33,2.132650e-2,-10,0
39,"Zaragoza · pendiente -6 · N-S aleatorio 4° · bifila · alineadas ×1 · 8 filas · az 0°",21-mar,440,13.1842,101.5436,6.8587,33,4.667596e-3,-13.5,0
39,"Zaragoza · pendiente -6 · N-S aleatorio 4° · bifila · alineadas ×1 · 8 filas · az 0°",21-mar,460,16.8132,105.0894,6.8587,33,2.322728e-2,-17.5,0
39,"Zaragoza · pendiente -6 · N-S aleatorio 4° · bifila · alineadas ×1 · 8 filas · az 0°",21-mar,480,20.3859,108.7709,6.8587,33,3.324819e-3,-21.5,0
39,"Zaragoza · pendiente -6 · N-S aleatorio 4° · bifila · alineadas ×1 · 8 filas · az 0°",21-mar,500,23.8823,112.6235,6.8587,33,2.495686e-2,-26.5,0
39,"Zaragoza · pendiente -6 · N-S aleatorio 4° · bifila · alineadas ×1 · 8 filas · az 0°",21-mar,520,27.2812,116.6855,6.8587,33,0.000000e+0,-30,1
39,"Zaragoza · pendiente -6 · N-S aleatorio 4° · bifila · alineadas ×1 · 8 filas · az 0°",21-mar,540,30.5584,120.9974,6.8587,33,2.302617e-2,-33,0
39,"Zaragoza · pendiente -6 · N-S aleatorio 4° · bifila · alineadas ×1 · 8 filas · az 0°",21-mar,560,33.6866,125.6019,6.8587,33,0.000000e+0,-55,1
39,"Zaragoza · pendiente -6 · N-S aleatorio 4° · bifila · alineadas ×1 · 8 filas · az 0°",21-mar,580,36.6339,130.5419,6.8587,33,0.000000e+0,-55,1
39,"Zaragoza · pendiente -6 · N-S aleatorio 4° · bifila · alineadas ×1 · 8 filas · az 0°",21-mar,600,39.3642,135.8579,6.8587,33,0.000000e+0,-55,1
39,"Zaragoza · pendiente -6 · N-S aleatorio 4° · bifila · alineadas ×1 · 8 filas · az 0°",21-mar,620,41.8362,141.5831,6.8587,33,0.000000e+0,-55,1
39,"Zaragoza · pendiente -6 · N-S aleatorio 4° · bifila · alineadas ×1 · 8 filas · az 0°",21-mar,640,44.0046,147.7369,6.8587,33,0.000000e+0,-55,1
39,"Zaragoza · pendiente -6 · N-S aleatorio 4° · bifila · alineadas ×1 · 8 filas · az 0°",21-mar,660,45.8219,154.3164,6.8587,33,0.000000e+0,-55,1
39,"Zaragoza · pendiente -6 · N-S aleatorio 4° · bifila · alineadas ×1 · 8 filas · az 0°",21-mar,680,47.2408,161.2877,6.8587,33,0.000000e+0,-55,1
39,"Zaragoza · pendiente -6 · N-S aleatorio 4° · bifila · alineadas ×1 · 8 filas · az 0°",21-mar,700,48.2189,168.5799,6.8587,33,0.000000e+0,-55,1
39,"Zaragoza · pendiente -6 · N-S aleatorio 4° · bifila · alineadas ×1 · 8 filas · az 0°",21-mar,720,48.7237,176.0853,6.8587,33,0.000000e+0,-55,1
39,"Zaragoza · pendiente -6 · N-S aleatorio 4° · bifila · alineadas ×1 · 8 filas · az 0°",21-mar,740,48.7373,183.6681,6.8587,33,0.000000e+0,-55,1
39,"Zaragoza · pendiente -6 · N-S aleatorio 4° · bifila · alineadas ×1 · 8 filas · az 0°",21-mar,760,48.2591,191.1814,6.8587,33,0.000000e+0,-55,1
39,"Zaragoza · pendiente -6 · N-S aleatorio 4° · bifila · alineadas ×1 · 8 filas · az 0°",21-mar,780,47.3064,198.4885,6.8587,33,0.000000e+0,-55,1
39,"Zaragoza · pendiente -6 · N-S aleatorio 4° · bifila · alineadas ×1 · 8 filas · az 0°",21-mar,800,45.9109,205.4797,6.8587,33,0.000000e+0,-55,1
39,"Zaragoza · pendiente -6 · N-S aleatorio 4° · bifila · alineadas ×1 · 8 filas · az 0°",21-mar,820,44.1149,212.0823,6.8587,33,0.000000e+0,-55,1
39,"Zaragoza · pendiente -6 · N-S aleatorio 4° · bifila · alineadas ×1 · 8 filas · az 0°",21-mar,840,41.9653,218.2604,6.8587,33,0.000000e+0,-55,1
39,"Zaragoza · pendiente -6 · N-S aleatorio 4° · bifila · alineadas ×1 · 8 filas · az 0°",21-mar,860,39.5099,224.0098,6.8587,33,0.000000e+0,-55,1
39,"Zaragoza · pendiente -6 · N-S aleatorio 4° · bifila · alineadas ×1 · 8 filas · az 0°",21-mar,880,36.7942,229.3489,6.8587,33,0.000000e+0,-18.5,1
39,"Zaragoza · pendiente -6 · N-S aleatorio 4° · bifila · alineadas ×1 · 8 filas · az 0°",21-mar,900,33.8596,234.3105,6.8587,33,0.000000e+0,-0.5,1
39,"Zaragoza · pendiente -6 · N-S aleatorio 4° · bifila · alineadas ×1 · 8 filas · az 0°",21-mar,920,30.7428,238.9347,6.8587,33,0.000000e+0,11,1
39,"Zaragoza · pendiente -6 · N-S aleatorio 4° · bifila · alineadas ×1 · 8 filas · az 0°",21-mar,940,27.4756,243.2645,6.8587,33,0.000000e+0,20.5,1
39,"Zaragoza · pendiente -6 · N-S aleatorio 4° · bifila · alineadas ×1 · 8 filas · az 0°",21-mar,960,24.0859,247.3426,6.8587,33,0.000000e+0,25.5,1
39,"Zaragoza · pendiente -6 · N-S aleatorio 4° · bifila · alineadas ×1 · 8 filas · az 0°",21-mar,980,20.5978,251.2099,6.8587,33,0.000000e+0,21,1
39,"Zaragoza · pendiente -6 · N-S aleatorio 4° · bifila · alineadas ×1 · 8 filas · az 0°",21-mar,1000,17.0327,254.9045,6.8587,33,0.000000e+0,17.5,1
39,"Zaragoza · pendiente -6 · N-S aleatorio 4° · bifila · alineadas ×1 · 8 filas · az 0°",21-mar,1020,13.4108,258.4622,6.8587,33,0.000000e+0,13.5,1
39,"Zaragoza · pendiente -6 · N-S aleatorio 4° · bifila · alineadas ×1 · 8 filas · az 0°",21-mar,1040,9.7530,261.9160,6.8587,33,1.453173e-2,9.5,0
39,"Zaragoza · pendiente -6 · N-S aleatorio 4° · bifila · alineadas ×1 · 8 filas · az 0°",21-mar,1060,6.0879,265.2972,6.8587,33,0.000000e+0,6,1
39,"Zaragoza · pendiente -6 · N-S aleatorio 4° · bifila · alineadas ×1 · 8 filas · az 0°",21-mar,1080,2.4866,268.6354,6.8587,64,1.425242e-2,2.5,0
39,"Zaragoza · pendiente -6 · N-S aleatorio 4° · bifila · alineadas ×1 · 8 filas · az 0°",21-dic,480,4.5444,126.9401,6.8587,64,1.066602e-1,-4.5,0
39,"Zaragoza · pendiente -6 · N-S aleatorio 4° · bifila · alineadas ×1 · 8 filas · az 0°",21-dic,500,7.4023,130.4970,6.8587,33,8.638880e-2,-7.5,0
39,"Zaragoza · pendiente -6 · N-S aleatorio 4° · bifila · alineadas ×1 · 8 filas · az 0°",21-dic,520,10.1358,134.1991,6.8587,33,4.234734e-2,-15,0
39,"Zaragoza · pendiente -6 · N-S aleatorio 4° · bifila · alineadas ×1 · 8 filas · az 0°",21-dic,540,12.7098,138.0581,6.8587,33,3.343622e-2,-18.5,0
39,"Zaragoza · pendiente -6 · N-S aleatorio 4° · bifila · alineadas ×1 · 8 filas · az 0°",21-dic,560,15.0987,142.0828,6.8587,33,1.884654e-2,-23.5,0
39,"Zaragoza · pendiente -6 · N-S aleatorio 4° · bifila · alineadas ×1 · 8 filas · az 0°",21-dic,580,17.2795,146.2782,6.8587,33,0.000000e+0,-27,1
39,"Zaragoza · pendiente -6 · N-S aleatorio 4° · bifila · alineadas ×1 · 8 filas · az 0°",21-dic,600,19.2301,150.6447,6.8587,33,0.000000e+0,-49.5,1
39,"Zaragoza · pendiente -6 · N-S aleatorio 4° · bifila · alineadas ×1 · 8 filas · az 0°",21-dic,620,20.9291,155.1771,6.8587,33,0.000000e+0,-55,1
39,"Zaragoza · pendiente -6 · N-S aleatorio 4° · bifila · alineadas ×1 · 8 filas · az 0°",21-dic,640,22.3561,159.8636,6.8587,33,0.000000e+0,-55,1
39,"Zaragoza · pendiente -6 · N-S aleatorio 4° · bifila · alineadas ×1 · 8 filas · az 0°",21-dic,660,23.4927,164.6856,6.8587,33,0.000000e+0,-55,1
39,"Zaragoza · pendiente -6 · N-S aleatorio 4° · bifila · alineadas ×1 · 8 filas · az 0°",21-dic,680,24.3230,169.6174,6.8587,33,0.000000e+0,-55,1
39,"Zaragoza · pendiente -6 · N-S aleatorio 4° · bifila · alineadas ×1 · 8 filas · az 0°",21-dic,700,24.8347,174.6273,6.8587,33,0.000000e+0,-55,1
39,"Zaragoza · pendiente -6 · N-S aleatorio 4° · bifila · alineadas ×1 · 8 filas · az 0°",21-dic,720,25.0202,179.6788,6.8587,33,0.000000e+0,-55,1
39,"Zaragoza · pendiente -6 · N-S aleatorio 4° · bifila · alineadas ×1 · 8 filas · az 0°",21-dic,740,24.8764,184.7327,6.8587,33,0.000000e+0,-55,1
39,"Zaragoza · pendiente -6 · N-S aleatorio 4° · bifila · alineadas ×1 · 8 filas · az 0°",21-dic,760,24.4057,189.7500,6.8587,33,0.000000e+0,-55,1
39,"Zaragoza · pendiente -6 · N-S aleatorio 4° · bifila · alineadas ×1 · 8 filas · az 0°",21-dic,780,23.6152,194.6936,6.8587,33,0.000000e+0,-55,1
39,"Zaragoza · pendiente -6 · N-S aleatorio 4° · bifila · alineadas ×1 · 8 filas · az 0°",21-dic,800,22.5166,199.5310,6.8587,33,0.000000e+0,-55,1
39,"Zaragoza · pendiente -6 · N-S aleatorio 4° · bifila · alineadas ×1 · 8 filas · az 0°",21-dic,820,21.1254,204.2358,6.8587,33,0.000000e+0,-25,1
39,"Zaragoza · pendiente -6 · N-S aleatorio 4° · bifila · alineadas ×1 · 8 filas · az 0°",21-dic,840,19.4598,208.7885,6.8587,33,0.000000e+0,2,1
39,"Zaragoza · pendiente -6 · N-S aleatorio 4° · bifila · alineadas ×1 · 8 filas · az 0°",21-dic,860,17.5399,213.1765,6.8587,33,0.000000e+0,16,1
39,"Zaragoza · pendiente -6 · N-S aleatorio 4° · bifila · alineadas ×1 · 8 filas · az 0°",21-dic,880,15.3871,217.3936,6.8587,33,0.000000e+0,27,1
39,"Zaragoza · pendiente -6 · N-S aleatorio 4° · bifila · alineadas ×1 · 8 filas · az 0°",21-dic,900,13.0234,221.4397,6.8587,33,0.000000e+0,21,1
39,"Zaragoza · pendiente -6 · N-S aleatorio 4° · bifila · alineadas ×1 · 8 filas · az 0°",21-dic,920,10.4715,225.3193,6.8587,33,0.000000e+0,17,1
39,"Zaragoza · pendiente -6 · N-S aleatorio 4° · bifila · alineadas ×1 · 8 filas · az 0°",21-dic,940,7.7566,229.0407,6.8587,33,2.022426e-2,9,0
39,"Zaragoza · pendiente -6 · N-S aleatorio 4° · bifila · alineadas ×1 · 8 filas · az 0°",21-dic,960,4.9112,232.6152,6.8587,64,3.032127e-2,6,0
39,"Zaragoza · pendiente -6 · N-S aleatorio 4° · bifila · alineadas ×1 · 8 filas · az 0°",21-dic,980,2.0112,236.0562,6.8587,64,3.470766e-2,1.5,0
