bloque,cfg,nombre,dia,minZ,elev,unidad_o_pareja,bisection_deg,barrido_fino_deg,delta_deg,cruces
bt3dPairMaxMag,28,"Zaragoza · aleatorio 7 · N-S constante 3° · quebrado · medios ×1 · 6 filas · az 15°",21-mar,460,16.813,pareja 3,20.998753,20.950000,0.04875322,1
bt3dPairMaxMag,25,"Zaragoza · cresta 1 · N-S quebrado 4° · quebrado · medios ×1 · 6 filas · az 15°",21-mar,1080,2.487,pareja 2,3.948132,3.900000,0.04813230,1
bt3dPairMaxMag,37,"Zaragoza · aleatorio 13 · N-S senoidal 3° · bifila · alineadas ×1 · 6 filas · az 0°",21-jun,1020,27.173,pareja 4,38.247781,38.200000,0.04778133,1
bt3dPairMaxMag,5,"Zaragoza · pendiente 10 · N-S aleatorio 3° · quebrado · bagnarelli ×2 · 10 filas · az -20°",21-jun,320,7.595,pareja 6,43.146711,43.100000,0.04671132,1
bt3dPairMaxMag,37,"Zaragoza · aleatorio 13 · N-S senoidal 3° · bifila · alineadas ×1 · 6 filas · az 0°",21-jun,360,14.486,pareja 0,22.496627,22.450000,0.04662685,1
bt3dPairMaxMag,37,"Zaragoza · aleatorio 13 · N-S senoidal 3° · bifila · alineadas ×1 · 6 filas · az 0°",21-jun,1020,27.173,pareja 2,41.696544,41.650000,0.04654444,1
bt3dPairMaxMag,14,"Zaragoza · aleatorio 42 · N-S constante 0° · mono · medios ×1 · 6 filas · az 0°",21-jun,1140,5.942,pareja 0,13.946328,13.900000,0.04632835,1
bt3dPairMaxMag,5,"Zaragoza · pendiente 10 · N-S aleatorio 3° · quebrado · bagnarelli ×2 · 10 filas · az -20°",21-jun,320,7.595,pareja 2,42.446143,42.400000,0.04614344,1
bt3dPairMaxMag,3,"Arequipa · cresta 1 · N-S aleatorio 3° · quebrado · alineadas ×2 · 6 filas · az 0°",21-mar,1300,17.657,pareja 1,49.395654,49.350000,0.04565431,1
bt3dPairMaxMag,18,"Arequipa · cresta 1 · N-S aleatorio 3° · mono · tresbolillo ×2 · 6 filas · az 0°",21-mar,1300,17.657,pareja 1,49.395654,49.350000,0.04565431,1
bt3dPairMaxMag,37,"Zaragoza · aleatorio 13 · N-S senoidal 3° · bifila · alineadas ×1 · 6 filas · az 0°",21-jun,340,10.996,pareja 0,15.745248,15.700000,0.04524776,1
bt3dPairMaxMag,15,"Zaragoza · cresta 1 · N-S rotula 4° · quebrado · alineadas ×1 · 8 filas · az 15°",21-mar,500,23.882,pareja 0,42.545198,42.500000,0.04519813,1
bt3dPairMaxMag,15,"Zaragoza · cresta 1 · N-S rotula 4° · quebrado · alineadas ×1 · 8 filas · az 15°",21-mar,500,23.882,pareja 1,42.545198,42.500000,0.04519813,1
bt3dPairMaxMag,15,"Zaragoza · cresta 1 · N-S rotula 4° · quebrado · alineadas ×1 · 8 filas · az 15°",21-mar,500,23.882,pareja 2,42.545198,42.500000,0.04519813,1
bt3dPairMaxMag,15,"Zaragoza · cresta 1 · N-S rotula 4° · quebrado · alineadas ×1 · 8 filas · az 15°",21-mar,400,5.850,pareja 0,2.194805,2.150000,0.04480548,1
bt3dPairMaxMag,15,"Zaragoza · cresta 1 · N-S rotula 4° · quebrado · alineadas ×1 · 8 filas · az 15°",21-mar,400,5.850,pareja 1,2.194805,2.150000,0.04480548,1
bt3dPairMaxMag,15,"Zaragoza · cresta 1 · N-S rotula 4° · quebrado · alineadas ×1 · 8 filas · az 15°",21-mar,400,5.850,pareja 2,2.194805,2.150000,0.04480548,1
bt3dPairMaxMag,22,"Zaragoza · valle 1 · N-S constante 0° · quebrado · medios ×2 · 8 filas · az 15°",21-mar,400,5.850,pareja 4,2.194805,2.150000,0.04480548,1
bt3dPairMaxMag,22,"Zaragoza · valle 1 · N-S constante 0° · quebrado · medios ×2 · 8 filas · az 15°",21-mar,400,5.850,pareja 5,2.194805,2.150000,0.04480548,1
bt3dPairMaxMag,22,"Zaragoza · valle 1 · N-S constante 0° · quebrado · medios ×2 · 8 filas · az 15°",21-mar,400,5.850,pareja 6,2.194805,2.150000,0.04480548,1
bt3dPairMaxMag,14,"Zaragoza · aleatorio 42 · N-S constante 0° · mono · medios ×1 · 6 filas · az 0°",21-dic,980,2.011,pareja 1,1.894398,1.850000,0.04439786,1
bt3dPairMaxMag,25,"Zaragoza · cresta 1 · N-S quebrado 4° · quebrado · medios ×1 · 6 filas · az 15°",21-mar,1080,2.487,pareja 0,15.642791,15.600000,0.04279120,1
bt3dPairMaxMag,25,"Zaragoza · cresta 1 · N-S quebrado 4° · quebrado · medios ×1 · 6 filas · az 15°",21-mar,1080,2.487,pareja 1,15.642791,15.600000,0.04279120,1
bt3dPairMaxMag,5,"Zaragoza · pendiente 10 · N-S aleatorio 3° · quebrado · bagnarelli ×2 · 10 filas · az -20°",21-jun,320,7.595,pareja 5,43.592708,43.550000,0.04270760,1
bt3dPairMaxMag,14,"Zaragoza · aleatorio 42 · N-S constante 0° · mono · medios ×1 · 6 filas · az 0°",21-dic,980,2.011,pareja 3,9.642643,9.600000,0.04264327,1
bt3dPairMaxMag,17,"Arequipa · pendiente -3 · N-S senoidal 2° · bifila · tresbolillo ×1 · 6 filas · az 0°",21-mar,1340,8.156,pareja 0,20.991616,20.950000,0.04161607,1
bt3dPairMaxMag,25,"Zaragoza · cresta 1 · N-S quebrado 4° · quebrado · medios ×1 · 6 filas · az 15°",21-jun,1120,9.289,pareja 3,5.691209,5.650000,0.04120906,1
bt3dPairMaxMag,25,"Zaragoza · cresta 1 · N-S quebrado 4° · quebrado · medios ×1 · 6 filas · az 15°",21-jun,1120,9.289,pareja 4,5.691209,5.650000,0.04120906,1
bt3dPairMaxMag,28,"Zaragoza · aleatorio 7 · N-S constante 3° · quebrado · medios ×1 · 6 filas · az 15°",21-mar,460,16.813,pareja 2,10.091132,10.050000,0.04113247,1
bt3dPairMaxMag,28,"Zaragoza · aleatorio 7 · N-S constante 3° · quebrado · medios ×1 · 6 filas · az 15°",21-mar,380,2.253,pareja 0,19.790939,19.750000,0.04093863,1
bt3dPairMaxMag,14,"Zaragoza · aleatorio 42 · N-S constante 0° · mono · medios ×1 · 6 filas · az 0°",21-jun,1140,5.942,pareja 3,16.490498,16.450000,0.04049849,1
bt3dPairMaxMag,5,"Zaragoza · pendiente 10 · N-S aleatorio 3° · quebrado · bagnarelli ×2 · 10 filas · az -20°",21-jun,320,7.595,pareja 8,43.440371,43.400000,0.04037133,1
bt3dPairMaxMag,25,"Zaragoza · cresta 1 · N-S quebrado 4° · quebrado · medios ×1 · 6 filas · az 15°",21-dic,520,10.136,pareja 3,25.790145,25.750000,0.04014474,1
bt3dPairMaxMag,25,"Zaragoza · cresta 1 · N-S quebrado 4° · quebrado · medios ×1 · 6 filas · az 15°",21-dic,520,10.136,pareja 4,25.790145,25.750000,0.04014474,1
bt3dPairMaxMag,14,"Zaragoza · aleatorio 42 · N-S constante 0° · mono · medios ×1 · 6 filas · az 0°",21-jun,380,18.045,pareja 1,38.139651,38.100000,0.03965064,1
bt3dPairMaxMag,15,"Zaragoza · cresta 1 · N-S rotula 4° · quebrado · alineadas ×1 · 8 filas · az 15°",21-dic,500,7.402,pareja 3,12.839641,12.800000,0.03964075,1
bt3dPairMaxMag,28,"Zaragoza · aleatorio 7 · N-S constante 3° · quebrado · medios ×1 · 6 filas · az 15°",21-dic,940,7.757,pareja 0,11.439592,11.400000,0.03959201,1
bt3dPairMaxMag,3,"Arequipa · cresta 1 · N-S aleatorio 3° · quebrado · alineadas ×2 · 6 filas · az 0°",21-mar,1300,17.657,pareja 2,31.688725,31.650000,0.03872458,1
bt3dPairMaxMag,18,"Arequipa · cresta 1 · N-S aleatorio 3° · mono · tresbolillo ×2 · 6 filas · az 0°",21-mar,1300,17.657,pareja 2,31.688725,31.650000,0.03872458,1
bt3dPairMaxMag,9,"Zaragoza · pendiente -10 · N-S senoidal 4° · mono · alineadas ×1 · 6 filas · az 15°",21-jun,440,29.019,pareja 1,34.638338,34.600000,0.03833790,1
bt3dPairMaxMag,9,"Zaragoza · pendiente -10 · N-S senoidal 4° · mono · alineadas ×1 · 6 filas · az 15°",21-jun,440,29.019,pareja 4,34.638338,34.600000,0.03833790,1
bt3dPairMaxMag,33,"Arequipa · pendiente 10 · N-S constante 3° · mono · medios ×2 · 8 filas · az 0°",21-mar,680,6.179,pareja 0,38.937864,38.900000,0.03786397,1
bt3dPairMaxMag,33,"Arequipa · pendiente 10 · N-S constante 3° · mono · medios ×2 · 8 filas · az 0°",21-mar,680,6.179,pareja 1,38.937864,38.900000,0.03786397,1
bt3dPairMaxMag,33,"Arequipa · pendiente 10 · N-S constante 3° · mono · medios ×2 · 8 filas · az 0°",21-mar,680,6.179,pareja 2,38.937864,38.900000,0.03786397,1
bt3dPairMaxMag,33,"Arequipa · pendiente 10 · N-S constante 3° · mono · medios ×2 · 8 filas · az 0°",21-mar,680,6.179,pareja 3,38.937864,38.900000,0.03786397,1
bt3dPairMaxMag,33,"Arequipa · pendiente 10 · N-S constante 3° · mono · medios ×2 · 8 filas · az 0°",21-mar,680,6.179,pareja 4,38.937864,38.900000,0.03786397,1
bt3dPairMaxMag,33,"Arequipa · pendiente 10 · N-S constante 3° · mono · medios ×2 · 8 filas · az 0°",21-mar,680,6.179,pareja 5,38.937864,38.900000,0.03786397,1
bt3dPairMaxMag,33,"Arequipa · pendiente 10 · N-S constante 3° · mono · medios ×2 · 8 filas · az 0°",21-mar,680,6.179,pareja 6,38.937864,38.900000,0.03786397,1
bt3dPairMaxMag,28,"Zaragoza · aleatorio 7 · N-S constante 3° · quebrado · medios ×1 · 6 filas · az 15°",21-dic,940,7.757,pareja 4,33.587186,33.550000,0.03718584,1
bt3dPairMaxMag,15,"Zaragoza · cresta 1 · N-S rotula 4° · quebrado · alineadas ×1 · 8 filas · az 15°",21-dic,500,7.402,pareja 4,20.337159,20.300000,0.03715872,1
bt3dPairMaxMag,15,"Zaragoza · cresta 1 · N-S rotula 4° · quebrado · alineadas ×1 · 8 filas · az 15°",21-dic,500,7.402,pareja 5,20.337159,20.300000,0.03715872,1
bt3dPairMaxMag,15,"Zaragoza · cresta 1 · N-S rotula 4° · quebrado · alineadas ×1 · 8 filas · az 15°",21-dic,500,7.402,pareja 6,20.337159,20.300000,0.03715872,1
bt3dPairMaxMag,28,"Zaragoza · aleatorio 7 · N-S constante 3° · quebrado · medios ×1 · 6 filas · az 15°",21-mar,380,2.253,pareja 1,17.936351,17.900000,0.03635104,1
bt3dPairMaxMag,28,"Zaragoza · aleatorio 7 · N-S constante 3° · quebrado · medios ×1 · 6 filas · az 15°",21-mar,460,16.813,pareja 4,28.885649,28.850000,0.03564919,1
bt3dPairMaxMag,22,"Zaragoza · valle 1 · N-S constante 0° · quebrado · medios ×2 · 8 filas · az 15°",21-dic,540,12.710,pareja 4,17.535520,17.500000,0.03551964,1
bt3dPairMaxMag,22,"Zaragoza · valle 1 · N-S constante 0° · quebrado · medios ×2 · 8 filas · az 15°",21-dic,540,12.710,pareja 5,17.535520,17.500000,0.03551964,1
bt3dPairMaxMag,22,"Zaragoza · valle 1 · N-S constante 0° · quebrado · medios ×2 · 8 filas · az 15°",21-dic,540,12.710,pareja 6,17.535520,17.500000,0.03551964,1
bt3dPairMaxMag,9,"Zaragoza · pendiente -10 · N-S senoidal 4° · mono · alineadas ×1 · 6 filas · az 15°",21-jun,440,29.019,pareja 2,37.184274,37.150000,0.03427425,1
bt3dPairMaxMag,1,"Zaragoza · ondulado 1.2 · N-S constante 3° · mono · tresbolillo ×1 · 8 filas · az 15°",21-dic,580,17.279,pareja 0,11.784077,11.750000,0.03407706,1
bt3dPairMaxMag,1,"Zaragoza · ondulado 1.2 · N-S constante 3° · mono · tresbolillo ×1 · 8 filas · az 15°",21-dic,580,17.279,pareja 3,11.784077,11.750000,0.03407706,1
bt3dPairMaxMag,1,"Zaragoza · ondulado 1.2 · N-S constante 3° · mono · tresbolillo ×1 · 8 filas · az 15°",21-dic,580,17.279,pareja 4,11.784077,11.750000,0.03407706,1
bt3dPairMaxMag,7,"Arequipa · pendiente 6 · N-S rotula 2° · mono · alineadas ×1 · 8 filas · az 0°",21-dic,1340,12.271,pareja 0,5.183829,5.150000,0.03382941,1
bt3dPairMaxMag,7,"Arequipa · pendiente 6 · N-S rotula 2° · mono · alineadas ×1 · 8 filas · az 0°",21-dic,1340,12.271,pareja 1,5.183829,5.150000,0.03382941,1
bt3dPairMaxMag,7,"Arequipa · pendiente 6 · N-S rotula 2° · mono · alineadas ×1 · 8 filas · az 0°",21-dic,1340,12.271,pareja 2,5.183829,5.150000,0.03382941,1
bt3dPairMaxMag,7,"Arequipa · pendiente 6 · N-S rotula 2° · mono · alineadas ×1 · 8 filas · az 0°",21-dic,1340,12.271,pareja 3,5.183829,5.150000,0.03382941,1
bt3dPairMaxMag,7,"Arequipa · pendiente 6 · N-S rotula 2° · mono · alineadas ×1 · 8 filas · az 0°",21-dic,1340,12.271,pareja 4,5.183829,5.150000,0.03382941,1
bt3dPairMaxMag,7,"Arequipa · pendiente 6 · N-S rotula 2° · mono · alineadas ×1 · 8 filas · az 0°",21-dic,1340,12.271,pareja 5,5.183829,5.150000,0.03382941,1
bt3dPairMaxMag,7,"Arequipa · pendiente 6 · N-S rotula 2° · mono · alineadas ×1 · 8 filas · az 0°",21-dic,1340,12.271,pareja 6,5.183829,5.150000,0.03382941,1
bt3dPairMaxMag,3,"Arequipa · cresta 1 · N-S aleatorio 3° · quebrado · alineadas ×2 · 6 filas · az 0°",21-mar,1300,17.657,pareja 3,19.683324,19.650000,0.03332364,1
bt3dPairMaxMag,18,"Arequipa · cresta 1 · N-S aleatorio 3° · mono · tresbolillo ×2 · 6 filas · az 0°",21-mar,1300,17.657,pareja 3,19.683324,19.650000,0.03332364,1
bt3dPairMaxMag,25,"Zaragoza · cresta 1 · N-S quebrado 4° · quebrado · medios ×1 · 6 filas · az 15°",21-dic,520,10.136,pareja 2,18.782024,18.750000,0.03202389,1
bt3dPairMaxMag,16,"Arequipa · cresta 1 · N-S constante -3° · mono · alineadas ×1 · 10 filas · az 15°",21-jun,1320,4.396,pareja 0,13.281968,13.250000,0.03196782,1
bt3dPairMaxMag,16,"Arequipa · cresta 1 · N-S constante -3° · mono · alineadas ×1 · 10 filas · az 15°",21-jun,1320,4.396,pareja 1,13.281968,13.250000,0.03196782,1
bt3dPairMaxMag,16,"Arequipa · cresta 1 · N-S constante -3° · mono · alineadas ×1 · 10 filas · az 15°",21-jun,1320,4.396,pareja 2,13.281968,13.250000,0.03196782,1
bt3dPairMaxMag,16,"Arequipa · cresta 1 · N-S constante -3° · mono · alineadas ×1 · 10 filas · az 15°",21-jun,1320,4.396,pareja 3,13.281968,13.250000,0.03196782,1
bt3dPairMaxMag,8,"Arequipa · valle 2 · N-S senoidal 2° · quebrado · alineadas ×1 · 6 filas · az -20°",21-jun,800,25.154,pareja 3,27.080919,27.050000,0.03091872,1
bt3dPairMaxMag,1,"Zaragoza · ondulado 1.2 · N-S constante 3° · mono · tresbolillo ×1 · 8 filas · az 15°",21-jun,440,29.019,pareja 0,25.180591,25.150000,0.03059119,1
bt3dPairMaxMag,1,"Zaragoza · ondulado 1.2 · N-S constante 3° · mono · tresbolillo ×1 · 8 filas · az 15°",21-jun,440,29.019,pareja 3,25.180591,25.150000,0.03059119,1
bt3dPairMaxMag,1,"Zaragoza · ondulado 1.2 · N-S constante 3° · mono · tresbolillo ×1 · 8 filas · az 15°",21-jun,440,29.019,pareja 4,25.180591,25.150000,0.03059119,1
bt3dPairMaxMag,16,"Arequipa · cresta 1 · N-S constante -3° · mono · alineadas ×1 · 10 filas · az 15°",21-mar,680,6.179,pareja 4,11.479922,11.450000,0.02992216,1
bt3dPairMaxMag,14,"Zaragoza · aleatorio 42 · N-S constante 0° · mono · medios ×1 · 6 filas · az 0°",21-jun,380,18.045,pareja 2,18.579883,18.550000,0.02988300,1
bt3dPairMaxMag,16,"Arequipa · cresta 1 · N-S constante -3° · mono · alineadas ×1 · 10 filas · az 15°",21-mar,680,6.179,pareja 5,17.179850,17.150000,0.02985032,1
bt3dPairMaxMag,16,"Arequipa · cresta 1 · N-S constante -3° · mono · alineadas ×1 · 10 filas · az 15°",21-mar,680,6.179,pareja 6,17.179850,17.150000,0.02985032,1
bt3dPairMaxMag,16,"Arequipa · cresta 1 · N-S constante -3° · mono · alineadas ×1 · 10 filas · az 15°",21-mar,680,6.179,pareja 7,17.179850,17.150000,0.02985032,1
bt3dPairMaxMag,16,"Arequipa · cresta 1 · N-S constante -3° · mono · alineadas ×1 · 10 filas · az 15°",21-mar,680,6.179,pareja 8,17.179850,17.150000,0.02985032,1
bt3dPairMaxMag,14,"Zaragoza · aleatorio 42 · N-S constante 0° · mono · medios ×1 · 6 filas · az 0°",21-jun,1140,5.942,pareja 2,23.528434,23.500000,0.02843355,1
bt3dPairMaxMag,15,"Zaragoza · cresta 1 · N-S rotula 4° · quebrado · alineadas ×1 · 8 filas · az 15°",21-mar,400,5.850,pareja 3,9.177948,9.150000,0.02794783,1
bt3dPairMaxMag,22,"Zaragoza · valle 1 · N-S constante 0° · quebrado · medios ×2 · 8 filas · az 15°",21-mar,400,5.850,pareja 3,9.177948,9.150000,0.02794783,1
bt3dPairMaxMag,37,"Zaragoza · aleatorio 13 · N-S senoidal 3° · bifila · alineadas ×1 · 6 filas · az 0°",21-jun,360,14.486,pareja 3,53.726988,53.700000,0.02698819,1
bt3dPairMaxMag,22,"Zaragoza · valle 1 · N-S constante 0° · quebrado · medios ×2 · 8 filas · az 15°",21-dic,540,12.710,pareja 0,35.326612,35.300000,0.02661210,1
bt3dPairMaxMag,22,"Zaragoza · valle 1 · N-S constante 0° · quebrado · medios ×2 · 8 filas · az 15°",21-dic,540,12.710,pareja 1,35.326612,35.300000,0.02661210,1
bt3dPairMaxMag,22,"Zaragoza · valle 1 · N-S constante 0° · quebrado · medios ×2 · 8 filas · az 15°",21-dic,540,12.710,pareja 2,35.326612,35.300000,0.02661210,1
bt3dPairMaxMag,5,"Zaragoza · pendiente 10 · N-S aleatorio 3° · quebrado · bagnarelli ×2 · 10 filas · az -20°",21-jun,320,7.595,pareja 0,43.276220,43.250000,0.02622020,1
bt3dPairMaxMag,8,"Arequipa · valle 2 · N-S senoidal 2° · quebrado · alineadas ×1 · 6 filas · az -20°",21-jun,800,25.154,pareja 4,27.726007,27.700000,0.02600712,1
bt3dPairMaxMag,9,"Zaragoza · pendiente -10 · N-S senoidal 4° · mono · alineadas ×1 · 6 filas · az 15°",21-jun,440,29.019,pareja 0,32.325962,32.300000,0.02596212,1
bt3dPairMaxMag,9,"Zaragoza · pendiente -10 · N-S senoidal 4° · mono · alineadas ×1 · 6 filas · az 15°",21-jun,440,29.019,pareja 3,32.325962,32.300000,0.02596212,1
bt3dPairMaxMag,5,"Zaragoza · pendiente 10 · N-S aleatorio 3° · quebrado · bagnarelli ×2 · 10 filas · az -20°",21-jun,320,7.595,pareja 7,42.975598,42.950000,0.02559777,1
bt3dPairMaxMag,37,"Zaragoza · aleatorio 13 · N-S senoidal 3° · bifila · alineadas ×1 · 6 filas · az 0°",21-jun,340,10.996,pareja 2,39.925454,39.900000,0.02545441,1
bt3dPairMaxMag,3,"Arequipa · cresta 1 · N-S aleatorio 3° · quebrado · alineadas ×2 · 6 filas · az 0°",21-mar,1300,17.657,pareja 0,50.675231,50.650000,0.02523145,1
bt3dPairMaxMag,18,"Arequipa · cresta 1 · N-S aleatorio 3° · mono · tresbolillo ×2 · 6 filas · az 0°",21-mar,1300,17.657,pareja 0,50.675231,50.650000,0.02523145,1
bt3dPairMaxMag,17,"Arequipa · pendiente -3 · N-S senoidal 2° · bifila · tresbolillo ×1 · 6 filas · az 0°",21-mar,1340,8.156,pareja 1,21.074940,21.050000,0.02494038,1
bt3dPairMaxMag,17,"Arequipa · pendiente -3 · N-S senoidal 2° · bifila · tresbolillo ×1 · 6 filas · az 0°",21-mar,1340,8.156,pareja 4,21.074940,21.050000,0.02494038,1
bt3dPairMaxMag,28,"Zaragoza · aleatorio 7 · N-S constante 3° · quebrado · medios ×1 · 6 filas · az 15°",21-mar,380,2.253,pareja 4,1.674884,1.650000,0.02488448,1
bt3dPairMaxMag,20,"Zaragoza · llano · N-S rotula 2° · bifila · tresbolillo ×1 · 10 filas · az 0°",21-jun,1160,2.751,pareja 0,4.824776,4.800000,0.02477569,1
bt3dPairMaxMag,20,"Zaragoza · llano · N-S rotula 2° · bifila · tresbolillo ×1 · 10 filas · az 0°",21-jun,1160,2.751,pareja 1,4.824776,4.800000,0.02477569,1
bt3dPairMaxMag,20,"Zaragoza · llano · N-S rotula 2° · bifila · tresbolillo ×1 · 10 filas · az 0°",21-jun,1160,2.751,pareja 2,4.824776,4.800000,0.02477569,1
bt3dPairMaxMag,20,"Zaragoza · llano · N-S rotula 2° · bifila · tresbolillo ×1 · 10 filas · az 0°",21-jun,1160,2.751,pareja 3,4.824776,4.800000,0.02477569,1
bt3dPairMaxMag,20,"Zaragoza · llano · N-S rotula 2° · bifila · tresbolillo ×1 · 10 filas · az 0°",21-jun,1160,2.751,pareja 4,4.824776,4.800000,0.02477569,1
bt3dPairMaxMag,20,"Zaragoza · llano · N-S rotula 2° · bifila · tresbolillo ×1 · 10 filas · az 0°",21-jun,1160,2.751,pareja 5,4.824776,4.800000,0.02477569,1
bt3dPairMaxMag,20,"Zaragoza · llano · N-S rotula 2° · bifila · tresbolillo ×1 · 10 filas · az 0°",21-jun,1160,2.751,pareja 6,4.824776,4.800000,0.02477569,1
bt3dPairMaxMag,20,"Zaragoza · llano · N-S rotula 2° · bifila · tresbolillo ×1 · 10 filas · az 0°",21-jun,1160,2.751,pareja 7,4.824776,4.800000,0.02477569,1
bt3dPairMaxMag,20,"Zaragoza · llano · N-S rotula 2° · bifila · tresbolillo ×1 · 10 filas · az 0°",21-jun,1160,2.751,pareja 8,4.824776,4.800000,0.02477569,1
bt3dPairMaxMag,19,"Zaragoza · pendiente 6 · N-S constante -3° · quebrado · alineadas ×1 · 10 filas · az -20°",21-dic,900,13.023,pareja 0,5.324703,5.300000,0.02470274,1
bt3dPairMaxMag,19,"Zaragoza · pendiente 6 · N-S constante -3° · quebrado · alineadas ×1 · 10 filas · az -20°",21-dic,900,13.023,pareja 1,5.324703,5.300000,0.02470274,1
bt3dPairMaxMag,19,"Zaragoza · pendiente 6 · N-S constante -3° · quebrado · alineadas ×1 · 10 filas · az -20°",21-dic,900,13.023,pareja 2,5.324703,5.300000,0.02470274,1
bt3dPairMaxMag,19,"Zaragoza · pendiente 6 · N-S constante -3° · quebrado · alineadas ×1 · 10 filas · az -20°",21-dic,900,13.023,pareja 3,5.324703,5.300000,0.02470274,1
bt3dPairMaxMag,19,"Zaragoza · pendiente 6 · N-S constante -3° · quebrado · alineadas ×1 · 10 filas · az -20°",21-dic,900,13.023,pareja 4,5.324703,5.300000,0.02470274,1
bt3dPairMaxMag,19,"Zaragoza · pendiente 6 · N-S constante -3° · quebrado · alineadas ×1 · 10 filas · az -20°",21-dic,900,13.023,pareja 5,5.324703,5.300000,0.02470274,1
bt3dPairMaxMag,19,"Zaragoza · pendiente 6 · N-S constante -3° · quebrado · alineadas ×1 · 10 filas · az -20°",21-dic,900,13.023,pareja 6,5.324703,5.300000,0.02470274,1
bt3dPairMaxMag,19,"Zaragoza · pendiente 6 · N-S constante -3° · quebrado · alineadas ×1 · 10 filas · az -20°",21-dic,900,13.023,pareja 7,5.324703,5.300000,0.02470274,1
bt3dPairMaxMag,19,"Zaragoza · pendiente 6 · N-S constante -3° · quebrado · alineadas ×1 · 10 filas · az -20°",21-dic,900,13.023,pareja 8,5.324703,5.300000,0.02470274,1
bt3dPairMaxMag,37,"Zaragoza · aleatorio 13 · N-S senoidal 3° · bifila · alineadas ×1 · 6 filas · az 0°",21-jun,1020,27.173,pareja 3,39.474544,39.450000,0.02454439,1
bt3dPairMaxMag,22,"Zaragoza · valle 1 · N-S constante 0° · quebrado · medios ×2 · 8 filas · az 15°",21-dic,540,12.710,pareja 3,25.824334,25.800000,0.02433420,1
bt3dPairMaxMag,14,"Zaragoza · aleatorio 42 · N-S constante 0° · mono · medios ×1 · 6 filas · az 0°",21-dic,980,2.011,pareja 0,7.224136,7.200000,0.02413599,1
bt3dPairMaxMag,22,"Zaragoza · valle 1 · N-S constante 0° · quebrado · medios ×2 · 8 filas · az 15°",21-jun,320,7.595,pareja 3,15.673928,15.650000,0.02392757,1
bt3dPairMaxMag,20,"Zaragoza · llano · N-S rotula 2° · bifila · tresbolillo ×1 · 10 filas · az 0°",21-mar,1040,9.753,pareja 0,15.673232,15.650000,0.02323240,1
bt3dPairMaxMag,20,"Zaragoza · llano · N-S rotula 2° · bifila · tresbolillo ×1 · 10 filas · az 0°",21-mar,1040,9.753,pareja 1,15.673232,15.650000,0.02323240,1
bt3dPairMaxMag,20,"Zaragoza · llano · N-S rotula 2° · bifila · tresbolillo ×1 · 10 filas · az 0°",21-mar,1040,9.753,pareja 2,15.673232,15.650000,0.02323240,1
bt3dPairMaxMag,20,"Zaragoza · llano · N-S rotula 2° · bifila · tresbolillo ×1 · 10 filas · az 0°",21-mar,1040,9.753,pareja 3,15.673232,15.650000,0.02323240,1
bt3dPairMaxMag,20,"Zaragoza · llano · N-S rotula 2° · bifila · tresbolillo ×1 · 10 filas · az 0°",21-mar,1040,9.753,pareja 4,15.673232,15.650000,0.02323240,1
bt3dPairMaxMag,20,"Zaragoza · llano · N-S rotula 2° · bifila · tresbolillo ×1 · 10 filas · az 0°",21-mar,1040,9.753,pareja 5,15.673232,15.650000,0.02323240,1
bt3dPairMaxMag,20,"Zaragoza · llano · N-S rotula 2° · bifila · tresbolillo ×1 · 10 filas · az 0°",21-mar,1040,9.753,pareja 6,15.673232,15.650000,0.02323240,1
bt3dPairMaxMag,20,"Zaragoza · llano · N-S rotula 2° · bifila · tresbolillo ×1 · 10 filas · az 0°",21-mar,1040,9.753,pareja 7,15.673232,15.650000,0.02323240,1
bt3dPairMaxMag,20,"Zaragoza · llano · N-S rotula 2° · bifila · tresbolillo ×1 · 10 filas · az 0°",21-mar,1040,9.753,pareja 8,15.673232,15.650000,0.02323240,1
bt3dPairMaxMag,34,"Zaragoza · llano · N-S quebrado 6° · quebrado · bagnarelli ×1 · 6 filas · az 15°",21-dic,900,13.023,pareja 3,30.522759,30.500000,0.02275880,1
bt3dPairMaxMag,34,"Zaragoza · llano · N-S quebrado 6° · quebrado · bagnarelli ×1 · 6 filas · az 15°",21-dic,900,13.023,pareja 4,30.522759,30.500000,0.02275880,1
bt3dPairMaxMag,22,"Zaragoza · valle 1 · N-S constante 0° · quebrado · medios ×2 · 8 filas · az 15°",21-jun,320,7.595,pareja 4,8.372573,8.350000,0.02257310,1
bt3dPairMaxMag,22,"Zaragoza · valle 1 · N-S constante 0° · quebrado · medios ×2 · 8 filas · az 15°",21-jun,320,7.595,pareja 5,8.372573,8.350000,0.02257310,1
bt3dPairMaxMag,22,"Zaragoza · valle 1 · N-S constante 0° · quebrado · medios ×2 · 8 filas · az 15°",21-jun,320,7.595,pareja 6,8.372573,8.350000,0.02257310,1
bt3dPairMaxMag,14,"Zaragoza · aleatorio 42 · N-S constante 0° · mono · medios ×1 · 6 filas · az 0°",21-jun,1140,5.942,pareja 1,8.421838,8.400000,0.02183846,1
bt3dPairMaxMag,21,"Zaragoza · pendiente 10 · N-S senoidal 4° · mono · medios ×1 · 6 filas · az 15°",21-jun,1020,27.173,pareja 1,22.321805,22.300000,0.02180515,1
bt3dPairMaxMag,21,"Zaragoza · pendiente 10 · N-S senoidal 4° · mono · medios ×1 · 6 filas · az 15°",21-jun,1020,27.173,pareja 4,22.321805,22.300000,0.02180515,1
bt3dPairMaxMag,3,"Arequipa · cresta 1 · N-S aleatorio 3° · quebrado · alineadas ×2 · 6 filas · az 0°",21-mar,1300,17.657,pareja 4,20.170950,20.150000,0.02094960,1
bt3dPairMaxMag,18,"Arequipa · cresta 1 · N-S aleatorio 3° · mono · tresbolillo ×2 · 6 filas · az 0°",21-mar,1300,17.657,pareja 4,20.170950,20.150000,0.02094960,1
bt3dPairMaxMag,25,"Zaragoza · cresta 1 · N-S quebrado 4° · quebrado · medios ×1 · 6 filas · az 15°",21-jun,1120,9.289,pareja 0,24.620882,24.600000,0.02088241,1
bt3dPairMaxMag,25,"Zaragoza · cresta 1 · N-S quebrado 4° · quebrado · medios ×1 · 6 filas · az 15°",21-jun,1120,9.289,pareja 1,24.620882,24.600000,0.02088241,1
bt3dPairMaxMag,35,"Arequipa · valle 2 · N-S rotula 3° · mono · tresbolillo ×1 · 6 filas · az 0°",21-mar,740,20.411,pareja 2,41.570731,41.550000,0.02073141,1
bt3dPairMaxMag,2,"Arequipa · pendiente -6 · N-S constante 3° · quebrado · alineadas ×1 · 8 filas · az 0°",21-mar,1340,8.156,pareja 0,29.768741,29.750000,0.01874118,1
bt3dPairMaxMag,2,"Arequipa · pendiente -6 · N-S constante 3° · quebrado · alineadas ×1 · 8 filas · az 0°",21-mar,1340,8.156,pareja 1,29.768741,29.750000,0.01874118,1
bt3dPairMaxMag,2,"Arequipa · pendiente -6 · N-S constante 3° · quebrado · alineadas ×1 · 8 filas · az 0°",21-mar,1340,8.156,pareja 2,29.768741,29.750000,0.01874118,1
bt3dPairMaxMag,2,"Arequipa · pendiente -6 · N-S constante 3° · quebrado · alineadas ×1 · 8 filas · az 0°",21-mar,1340,8.156,pareja 3,29.768741,29.750000,0.01874118,1
bt3dPairMaxMag,2,"Arequipa · pendiente -6 · N-S constante 3° · quebrado · alineadas ×1 · 8 filas · az 0°",21-mar,1340,8.156,pareja 4,29.768741,29.750000,0.01874118,1
bt3dPairMaxMag,2,"Arequipa · pendiente -6 · N-S constante 3° · quebrado · alineadas ×1 · 8 filas · az 0°",21-mar,1340,8.156,pareja 5,29.768741,29.750000,0.01874118,1
bt3dPairMaxMag,2,"Arequipa · pendiente -6 · N-S constante 3° · quebrado · alineadas ×1 · 8 filas · az 0°",21-mar,1340,8.156,pareja 6,29.768741,29.750000,0.01874118,1
bt3dPairMaxMag,16,"Arequipa · cresta 1 · N-S constante -3° · mono · alineadas ×1 · 10 filas · az 15°",21-mar,680,6.179,pareja 0,5.968042,5.950000,0.01804178,1
bt3dPairMaxMag,16,"Arequipa · cresta 1 · N-S constante -3° · mono · alineadas ×1 · 10 filas · az 15°",21-mar,680,6.179,pareja 1,5.968042,5.950000,0.01804178,1
bt3dPairMaxMag,16,"Arequipa · cresta 1 · N-S constante -3° · mono · alineadas ×1 · 10 filas · az 15°",21-mar,680,6.179,pareja 2,5.968042,5.950000,0.01804178,1
bt3dPairMaxMag,16,"Arequipa · cresta 1 · N-S constante -3° · mono · alineadas ×1 · 10 filas · az 15°",21-mar,680,6.179,pareja 3,5.968042,5.950000,0.01804178,1
bt3dPairMaxMag,11,"Arequipa · llano · N-S constante 0° · mono · medios ×2 · 6 filas · az 0°",21-mar,720,15.660,pareja 0,27.317705,27.300000,0.01770480,1
bt3dPairMaxMag,11,"Arequipa · llano · N-S constante 0° · mono · medios ×2 · 6 filas · az 0°",21-mar,720,15.660,pareja 1,27.317705,27.300000,0.01770480,1
bt3dPairMaxMag,11,"Arequipa · llano · N-S constante 0° · mono · medios ×2 · 6 filas · az 0°",21-mar,720,15.660,pareja 2,27.317705,27.300000,0.01770480,1
bt3dPairMaxMag,11,"Arequipa · llano · N-S constante 0° · mono · medios ×2 · 6 filas · az 0°",21-mar,720,15.660,pareja 3,27.317705,27.300000,0.01770480,1
bt3dPairMaxMag,11,"Arequipa · llano · N-S constante 0° · mono · medios ×2 · 6 filas · az 0°",21-mar,720,15.660,pareja 4,27.317705,27.300000,0.01770480,1
bt3dPairMaxMag,4,"Arequipa · pendiente -6 · N-S constante 6° · mono · alineadas ×1 · 8 filas · az -20°",21-mar,1340,8.156,pareja 0,26.267225,26.250000,0.01722530,1
bt3dPairMaxMag,4,"Arequipa · pendiente -6 · N-S constante 6° · mono · alineadas ×1 · 8 filas · az -20°",21-mar,1340,8.156,pareja 1,26.267225,26.250000,0.01722530,1
bt3dPairMaxMag,4,"Arequipa · pendiente -6 · N-S constante 6° · mono · alineadas ×1 · 8 filas · az -20°",21-mar,1340,8.156,pareja 2,26.267225,26.250000,0.01722530,1
bt3dPairMaxMag,4,"Arequipa · pendiente -6 · N-S constante 6° · mono · alineadas ×1 · 8 filas · az -20°",21-mar,1340,8.156,pareja 3,26.267225,26.250000,0.01722530,1
bt3dPairMaxMag,4,"Arequipa · pendiente -6 · N-S constante 6° · mono · alineadas ×1 · 8 filas · az -20°",21-mar,1340,8.156,pareja 4,26.267225,26.250000,0.01722530,1
bt3dPairMaxMag,4,"Arequipa · pendiente -6 · N-S constante 6° · mono · alineadas ×1 · 8 filas · az -20°",21-mar,1340,8.156,pareja 5,26.267225,26.250000,0.01722530,1
bt3dPairMaxMag,4,"Arequipa · pendiente -6 · N-S constante 6° · mono · alineadas ×1 · 8 filas · az -20°",21-mar,1340,8.156,pareja 6,26.267225,26.250000,0.01722530,1
bt3dPairMaxMag,1,"Zaragoza · ondulado 1.2 · N-S constante 3° · mono · tresbolillo ×1 · 8 filas · az 15°",21-dic,560,15.099,pareja 0,4.066558,4.050000,0.01655789,1
bt3dPairMaxMag,1,"Zaragoza · ondulado 1.2 · N-S constante 3° · mono · tresbolillo ×1 · 8 filas · az 15°",21-dic,560,15.099,pareja 3,4.066558,4.050000,0.01655789,1
bt3dPairMaxMag,1,"Zaragoza · ondulado 1.2 · N-S constante 3° · mono · tresbolillo ×1 · 8 filas · az 15°",21-dic,560,15.099,pareja 4,4.066558,4.050000,0.01655789,1
bt3dPairMaxMag,25,"Zaragoza · cresta 1 · N-S quebrado 4° · quebrado · medios ×1 · 6 filas · az 15°",21-jun,1120,9.289,pareja 2,14.866531,14.850000,0.01653143,1
bt3dPairMaxMag,33,"Arequipa · pendiente 10 · N-S constante 3° · mono · medios ×2 · 8 filas · az 0°",21-mar,700,10.908,pareja 0,54.065372,54.050000,0.01537166,1
bt3dPairMaxMag,33,"Arequipa · pendiente 10 · N-S constante 3° · mono · medios ×2 · 8 filas · az 0°",21-mar,700,10.908,pareja 1,54.065372,54.050000,0.01537166,1
bt3dPairMaxMag,33,"Arequipa · pendiente 10 · N-S constante 3° · mono · medios ×2 · 8 filas · az 0°",21-mar,700,10.908,pareja 2,54.065372,54.050000,0.01537166,1
bt3dPairMaxMag,33,"Arequipa · pendiente 10 · N-S constante 3° · mono · medios ×2 · 8 filas · az 0°",21-mar,700,10.908,pareja 3,54.065372,54.050000,0.01537166,1
bt3dPairMaxMag,33,"Arequipa · pendiente 10 · N-S constante 3° · mono · medios ×2 · 8 filas · az 0°",21-mar,700,10.908,pareja 4,54.065372,54.050000,0.01537166,1
bt3dPairMaxMag,33,"Arequipa · pendiente 10 · N-S constante 3° · mono · medios ×2 · 8 filas · az 0°",21-mar,700,10.908,pareja 5,54.065372,54.050000,0.01537166,1
bt3dPairMaxMag,33,"Arequipa · pendiente 10 · N-S constante 3° · mono · medios ×2 · 8 filas · az 0°",21-mar,700,10.908,pareja 6,54.065372,54.050000,0.01537166,1
bt3dPairMaxMag,17,"Arequipa · pendiente -3 · N-S senoidal 2° · bifila · tresbolillo ×1 · 6 filas · az 0°",21-mar,1340,8.156,pareja 3,21.114646,21.100000,0.01464581,1
bt3dPairMaxMag,5,"Zaragoza · pendiente 10 · N-S aleatorio 3° · quebrado · bagnarelli ×2 · 10 filas · az -20°",21-jun,320,7.595,pareja 1,42.664492,42.650000,0.01449180,1
bt3dPairMaxMag,35,"Arequipa · valle 2 · N-S rotula 3° · mono · tresbolillo ×1 · 6 filas · az 0°",21-mar,740,20.411,pareja 3,14.164419,14.150000,0.01441934,1
bt3dPairMaxMag,35,"Arequipa · valle 2 · N-S rotula 3° · mono · tresbolillo ×1 · 6 filas · az 0°",21-mar,740,20.411,pareja 4,14.164419,14.150000,0.01441934,1
bt3dPairMaxMag,5,"Zaragoza · pendiente 10 · N-S aleatorio 3° · quebrado · bagnarelli ×2 · 10 filas · az -20°",21-jun,320,7.595,pareja 4,43.663746,43.650000,0.01374618,1
bt3dPairMaxMag,5,"Zaragoza · pendiente 10 · N-S aleatorio 3° · quebrado · bagnarelli ×2 · 10 filas · az -20°",21-jun,320,7.595,pareja 3,43.113489,43.100000,0.01348896,1
bt3dPairMaxMag,25,"Zaragoza · cresta 1 · N-S quebrado 4° · quebrado · medios ×1 · 6 filas · az 15°",21-dic,520,10.136,pareja 0,11.963303,11.950000,0.01330347,1
bt3dPairMaxMag,25,"Zaragoza · cresta 1 · N-S quebrado 4° · quebrado · medios ×1 · 6 filas · az 15°",21-dic,520,10.136,pareja 1,11.963303,11.950000,0.01330347,1
bt3dPairMaxMag,14,"Zaragoza · aleatorio 42 · N-S constante 0° · mono · medios ×1 · 6 filas · az 0°",21-jun,380,18.045,pareja 3,26.562860,26.550000,0.01285973,1
bt3dPairMaxMag,21,"Zaragoza · pendiente 10 · N-S senoidal 4° · mono · medios ×1 · 6 filas · az 15°",21-jun,1020,27.173,pareja 0,22.762210,22.750000,0.01220989,1
bt3dPairMaxMag,21,"Zaragoza · pendiente 10 · N-S senoidal 4° · mono · medios ×1 · 6 filas · az 15°",21-jun,1020,27.173,pareja 3,22.762210,22.750000,0.01220989,1
bt3dPairMaxMag,37,"Zaragoza · aleatorio 13 · N-S senoidal 3° · bifila · alineadas ×1 · 6 filas · az 0°",21-jun,360,14.486,pareja 2,52.760245,52.750000,0.01024475,1
bt3dPairMaxMag,16,"Arequipa · cresta 1 · N-S constante -3° · mono · alineadas ×1 · 10 filas · az 15°",21-jun,1320,4.396,pareja 4,7.760040,7.750000,0.01004029,1
bt3dPairMaxMag,21,"Zaragoza · pendiente 10 · N-S senoidal 4° · mono · medios ×1 · 6 filas · az 15°",21-jun,1020,27.173,pareja 2,21.859990,21.850000,0.00999031,1
bt3dPairMaxMag,14,"Zaragoza · aleatorio 42 · N-S constante 0° · mono · medios ×1 · 6 filas · az 0°",21-jun,380,18.045,pareja 0,29.859344,29.850000,0.00934438,1
bt3dPairMaxMag,37,"Zaragoza · aleatorio 13 · N-S senoidal 3° · bifila · alineadas ×1 · 6 filas · az 0°",21-jun,340,10.996,pareja 4,40.359212,40.350000,0.00921224,1
bt3dPairMaxMag,27,"Arequipa · ondulado 0.6 · N-S constante -6° · mono · tresbolillo ×1 · 6 filas · az 0°",21-mar,700,10.908,pareja 0,4.908703,4.900000,0.00870324,1
bt3dPairMaxMag,27,"Arequipa · ondulado 0.6 · N-S constante -6° · mono · tresbolillo ×1 · 6 filas · az 0°",21-mar,700,10.908,pareja 2,4.908703,4.900000,0.00870324,1
bt3dPairMaxMag,27,"Arequipa · ondulado 0.6 · N-S constante -6° · mono · tresbolillo ×1 · 6 filas · az 0°",21-mar,700,10.908,pareja 3,4.908703,4.900000,0.00870324,1
bt3dPairMaxMag,16,"Arequipa · cresta 1 · N-S constante -3° · mono · alineadas ×1 · 10 filas · az 15°",21-jun,1320,4.396,pareja 5,2.356990,2.350000,0.00699011,1
bt3dPairMaxMag,16,"Arequipa · cresta 1 · N-S constante -3° · mono · alineadas ×1 · 10 filas · az 15°",21-jun,1320,4.396,pareja 6,2.356990,2.350000,0.00699011,1
bt3dPairMaxMag,16,"Arequipa · cresta 1 · N-S constante -3° · mono · alineadas ×1 · 10 filas · az 15°",21-jun,1320,4.396,pareja 7,2.356990,2.350000,0.00699011,1
bt3dPairMaxMag,16,"Arequipa · cresta 1 · N-S constante -3° · mono · alineadas ×1 · 10 filas · az 15°",21-jun,1320,4.396,pareja 8,2.356990,2.350000,0.00699011,1
bt3dPairMaxMag,37,"Zaragoza · aleatorio 13 · N-S senoidal 3° · bifila · alineadas ×1 · 6 filas · az 0°",21-jun,360,14.486,pareja 4,53.656139,53.650000,0.00613946,1
bt3dPairMaxMag,37,"Zaragoza · aleatorio 13 · N-S senoidal 3° · bifila · alineadas ×1 · 6 filas · az 0°",21-jun,360,14.486,pareja 1,32.854755,32.850000,0.00475512,1
bt3dPairMaxMag,28,"Zaragoza · aleatorio 7 · N-S constante 3° · quebrado · medios ×1 · 6 filas · az 15°",21-dic,940,7.757,pareja 1,13.354305,13.350000,0.00430542,1
bt3dPairMaxMag,13,"Arequipa · pendiente 10 · N-S rotula 4° · mono · alineadas ×1 · 6 filas · az 0°",21-dic,1300,21.234,pareja 0,10.854255,10.850000,0.00425490,1
bt3dPairMaxMag,13,"Arequipa · pendiente 10 · N-S rotula 4° · mono · alineadas ×1 · 6 filas · az 0°",21-dic,1300,21.234,pareja 1,10.854255,10.850000,0.00425490,1
bt3dPairMaxMag,13,"Arequipa · pendiente 10 · N-S rotula 4° · mono · alineadas ×1 · 6 filas · az 0°",21-dic,1300,21.234,pareja 2,10.854255,10.850000,0.00425490,1
bt3dPairMaxMag,13,"Arequipa · pendiente 10 · N-S rotula 4° · mono · alineadas ×1 · 6 filas · az 0°",21-dic,1300,21.234,pareja 3,10.854255,10.850000,0.00425490,1
bt3dPairMaxMag,13,"Arequipa · pendiente 10 · N-S rotula 4° · mono · alineadas ×1 · 6 filas · az 0°",21-dic,1300,21.234,pareja 4,10.854255,10.850000,0.00425490,1
bt3dPairMaxMag,28,"Zaragoza · aleatorio 7 · N-S constante 3° · quebrado · medios ×1 · 6 filas · az 15°",21-dic,940,7.757,pareja 3,44.254098,44.250000,0.00409775,1
bt3dPairMaxMag,15,"Zaragoza · cresta 1 · N-S rotula 4° · quebrado · alineadas ×1 · 8 filas · az 15°",21-dic,500,7.402,pareja 0,5.704017,5.700000,0.00401711,1
bt3dPairMaxMag,15,"Zaragoza · cresta 1 · N-S rotula 4° · quebrado · alineadas ×1 · 8 filas · az 15°",21-dic,500,7.402,pareja 1,5.704017,5.700000,0.00401711,1
bt3dPairMaxMag,15,"Zaragoza · cresta 1 · N-S rotula 4° · quebrado · alineadas ×1 · 8 filas · az 15°",21-dic,500,7.402,pareja 2,5.704017,5.700000,0.00401711,1
bt3dPairMaxMag,14,"Zaragoza · aleatorio 42 · N-S constante 0° · mono · medios ×1 · 6 filas · az 0°",21-dic,980,2.011,pareja 2,16.203730,16.200000,0.00373032,1
bt3dPairMaxMag,13,"Arequipa · pendiente 10 · N-S rotula 4° · mono · alineadas ×1 · 6 filas · az 0°",21-jun,1220,24.806,pareja 0,30.603252,30.600000,0.00325218,1
bt3dPairMaxMag,13,"Arequipa · pendiente 10 · N-S rotula 4° · mono · alineadas ×1 · 6 filas · az 0°",21-jun,1220,24.806,pareja 1,30.603252,30.600000,0.00325218,1
bt3dPairMaxMag,13,"Arequipa · pendiente 10 · N-S rotula 4° · mono · alineadas ×1 · 6 filas · az 0°",21-jun,1220,24.806,pareja 2,30.603252,30.600000,0.00325218,1
bt3dPairMaxMag,13,"Arequipa · pendiente 10 · N-S rotula 4° · mono · alineadas ×1 · 6 filas · az 0°",21-jun,1220,24.806,pareja 3,30.603252,30.600000,0.00325218,1
bt3dPairMaxMag,13,"Arequipa · pendiente 10 · N-S rotula 4° · mono · alineadas ×1 · 6 filas · az 0°",21-jun,1220,24.806,pareja 4,30.603252,30.600000,0.00325218,1
bt3dPairMaxMag,17,"Arequipa · pendiente -3 · N-S senoidal 2° · bifila · tresbolillo ×1 · 6 filas · az 0°",21-mar,1340,8.156,pareja 2,21.153040,21.150000,0.00304037,1
bt3dPairMaxMag,22,"Zaragoza · valle 1 · N-S constante 0° · quebrado · medios ×2 · 8 filas · az 15°",21-jun,320,7.595,pareja 0,23.453002,23.450000,0.00300232,1
bt3dPairMaxMag,22,"Zaragoza · valle 1 · N-S constante 0° · quebrado · medios ×2 · 8 filas · az 15°",21-jun,320,7.595,pareja 1,23.453002,23.450000,0.00300232,1
bt3dPairMaxMag,22,"Zaragoza · valle 1 · N-S constante 0° · quebrado · medios ×2 · 8 filas · az 15°",21-jun,320,7.595,pareja 2,23.453002,23.450000,0.00300232,1
bt3dPairMaxMag,37,"Zaragoza · aleatorio 13 · N-S senoidal 3° · bifila · alineadas ×1 · 6 filas · az 0°",21-jun,340,10.996,pareja 3,40.452306,40.450000,0.00230628,1
bt3dPairMaxMag,37,"Zaragoza · aleatorio 13 · N-S senoidal 3° · bifila · alineadas ×1 · 6 filas · az 0°",21-jun,340,10.996,pareja 1,24.950722,24.950000,0.00072241,1
bt3dPairMaxMag,15,"Zaragoza · cresta 1 · N-S rotula 4° · quebrado · alineadas ×1 · 8 filas · az 15°",21-mar,400,5.850,pareja 4,16.400659,16.400000,0.00065941,1
bt3dPairMaxMag,15,"Zaragoza · cresta 1 · N-S rotula 4° · quebrado · alineadas ×1 · 8 filas · az 15°",21-mar,400,5.850,pareja 5,16.400659,16.400000,0.00065941,1
bt3dPairMaxMag,15,"Zaragoza · cresta 1 · N-S rotula 4° · quebrado · alineadas ×1 · 8 filas · az 15°",21-mar,400,5.850,pareja 6,16.400659,16.400000,0.00065941,1
bt3dPairMaxMag,22,"Zaragoza · valle 1 · N-S constante 0° · quebrado · medios ×2 · 8 filas · az 15°",21-mar,400,5.850,pareja 0,16.400659,16.400000,0.00065941,1
bt3dPairMaxMag,22,"Zaragoza · valle 1 · N-S constante 0° · quebrado · medios ×2 · 8 filas · az 15°",21-mar,400,5.850,pareja 1,16.400659,16.400000,0.00065941,1
bt3dPairMaxMag,22,"Zaragoza · valle 1 · N-S constante 0° · quebrado · medios ×2 · 8 filas · az 15°",21-mar,400,5.850,pareja 2,16.400659,16.400000,0.00065941,1
bt3dPairMaxMag,0,"Arequipa · valle 1 · N-S senoidal 6° · mono · medios ×2 · 8 filas · az -20°",21-jun,1040,49.275,pareja 0,55.000000,55.000000,0.00000000,0
bt3dPairMaxMag,0,"Arequipa · valle 1 · N-S senoidal 6° · mono · medios ×2 · 8 filas · az -20°",21-jun,1040,49.275,pareja 1,55.000000,55.000000,0.00000000,0
bt3dPairMaxMag,0,"Arequipa · valle 1 · N-S senoidal 6° · mono · medios ×2 · 8 filas · az -20°",21-jun,1040,49.275,pareja 2,55.000000,55.000000,0.00000000,0
bt3dPairMaxMag,0,"Arequipa · valle 1 · N-S senoidal 6° · mono · medios ×2 · 8 filas · az -20°",21-jun,1040,49.275,pareja 3,55.000000,55.000000,0.00000000,0
bt3dPairMaxMag,0,"Arequipa · valle 1 · N-S senoidal 6° · mono · medios ×2 · 8 filas · az -20°",21-jun,1040,49.275,pareja 4,55.000000,55.000000,0.00000000,0
bt3dPairMaxMag,0,"Arequipa · valle 1 · N-S senoidal 6° · mono · medios ×2 · 8 filas · az -20°",21-jun,1040,49.275,pareja 5,55.000000,55.000000,0.00000000,0
bt3dPairMaxMag,0,"Arequipa · valle 1 · N-S senoidal 6° · mono · medios ×2 · 8 filas · az -20°",21-jun,1040,49.275,pareja 6,55.000000,55.000000,0.00000000,0
bt3dPairMaxMag,0,"Arequipa · valle 1 · N-S senoidal 6° · mono · medios ×2 · 8 filas · az -20°",21-mar,900,57.102,pareja 0,55.000000,55.000000,0.00000000,0
bt3dPairMaxMag,0,"Arequipa · valle 1 · N-S senoidal 6° · mono · medios ×2 · 8 filas · az -20°",21-mar,900,57.102,pareja 1,55.000000,55.000000,0.00000000,0
bt3dPairMaxMag,0,"Arequipa · valle 1 · N-S senoidal 6° · mono · medios ×2 · 8 filas · az -20°",21-mar,900,57.102,pareja 2,55.000000,55.000000,0.00000000,0
bt3dPairMaxMag,0,"Arequipa · valle 1 · N-S senoidal 6° · mono · medios ×2 · 8 filas · az -20°",21-mar,900,57.102,pareja 3,55.000000,55.000000,0.00000000,0
bt3dPairMaxMag,0,"Arequipa · valle 1 · N-S senoidal 6° · mono · medios ×2 · 8 filas · az -20°",21-mar,900,57.102,pareja 4,55.000000,55.000000,0.00000000,0
bt3dPairMaxMag,0,"Arequipa · valle 1 · N-S senoidal 6° · mono · medios ×2 · 8 filas · az -20°",21-mar,900,57.102,pareja 5,55.000000,55.000000,0.00000000,0
bt3dPairMaxMag,0,"Arequipa · valle 1 · N-S senoidal 6° · mono · medios ×2 · 8 filas · az -20°",21-mar,900,57.102,pareja 6,55.000000,55.000000,0.00000000,0
bt3dPairMaxMag,0,"Arequipa · valle 1 · N-S senoidal 6° · mono · medios ×2 · 8 filas · az -20°",21-mar,1040,71.829,pareja 0,55.000000,55.000000,0.00000000,0
bt3dPairMaxMag,0,"Arequipa · valle 1 · N-S senoidal 6° · mono · medios ×2 · 8 filas · az -20°",21-mar,1040,71.829,pareja 1,55.000000,55.000000,0.00000000,0
bt3dPairMaxMag,0,"Arequipa · valle 1 · N-S senoidal 6° · mono · medios ×2 · 8 filas · az -20°",21-mar,1040,71.829,pareja 2,55.000000,55.000000,0.00000000,0
bt3dPairMaxMag,0,"Arequipa · valle 1 · N-S senoidal 6° · mono · medios ×2 · 8 filas · az -20°",21-mar,1040,71.829,pareja 3,55.000000,55.000000,0.00000000,0
bt3dPairMaxMag,0,"Arequipa · valle 1 · N-S senoidal 6° · mono · medios ×2 · 8 filas · az -20°",21-mar,1040,71.829,pareja 4,55.000000,55.000000,0.00000000,0
bt3dPairMaxMag,0,"Arequipa · valle 1 · N-S senoidal 6° · mono · medios ×2 · 8 filas · az -20°",21-mar,1040,71.829,pareja 5,55.000000,55.000000,0.00000000,0
bt3dPairMaxMag,0,"Arequipa · valle 1 · N-S senoidal 6° · mono · medios ×2 · 8 filas · az -20°",21-mar,1040,71.829,pareja 6,55.000000,55.000000,0.00000000,0
bt3dPairMaxMag,0,"Arequipa · valle 1 · N-S senoidal 6° · mono · medios ×2 · 8 filas · az -20°",21-dic,1000,83.044,pareja 0,55.000000,55.000000,0.00000000,0
bt3dPairMaxMag,0,"Arequipa · valle 1 · N-S senoidal 6° · mono · medios ×2 · 8 filas · az -20°",21-dic,1000,83.044,pareja 1,55.000000,55.000000,0.00000000,0
bt3dPairMaxMag,0,"Arequipa · valle 1 · N-S senoidal 6° · mono · medios ×2 · 8 filas · az -20°",21-dic,1000,83.044,pareja 2,55.000000,55.000000,0.00000000,0
bt3dPairMaxMag,0,"Arequipa · valle 1 · N-S senoidal 6° · mono · medios ×2 · 8 filas · az -20°",21-dic,1000,83.044,pareja 3,55.000000,55.000000,0.00000000,0
bt3dPairMaxMag,0,"Arequipa · valle 1 · N-S senoidal 6° · mono · medios ×2 · 8 filas · az -20°",21-dic,1000,83.044,pareja 4,55.000000,55.000000,0.00000000,0
bt3dPairMaxMag,0,"Arequipa · valle 1 · N-S senoidal 6° · mono · medios ×2 · 8 filas · az -20°",21-dic,1000,83.044,pareja 5,55.000000,55.000000,0.00000000,0
bt3dPairMaxMag,0,"Arequipa · valle 1 · N-S senoidal 6° · mono · medios ×2 · 8 filas · az -20°",21-dic,1000,83.044,pareja 6,55.000000,55.000000,0.00000000,0
bt3dPairMaxMag,0,"Arequipa · valle 1 · N-S senoidal 6° · mono · medios ×2 · 8 filas · az -20°",21-dic,1060,75.485,pareja 0,55.000000,55.000000,0.00000000,0
bt3dPairMaxMag,0,"Arequipa · valle 1 · N-S senoidal 6° · mono · medios ×2 · 8 filas · az -20°",21-dic,1060,75.485,pareja 1,55.000000,55.000000,0.00000000,0
bt3dPairMaxMag,0,"Arequipa · valle 1 · N-S senoidal 6° · mono · medios ×2 · 8 filas · az -20°",21-dic,1060,75.485,pareja 2,55.000000,55.000000,0.00000000,0
bt3dPairMaxMag,0,"Arequipa · valle 1 · N-S senoidal 6° · mono · medios ×2 · 8 filas · az -20°",21-dic,1060,75.485,pareja 3,55.000000,55.000000,0.00000000,0
bt3dPairMaxMag,0,"Arequipa · valle 1 · N-S senoidal 6° · mono · medios ×2 · 8 filas · az -20°",21-dic,1060,75.485,pareja 4,55.000000,55.000000,0.00000000,0
bt3dPairMaxMag,0,"Arequipa · valle 1 · N-S senoidal 6° · mono · medios ×2 · 8 filas · az -20°",21-dic,1060,75.485,pareja 5,55.000000,55.000000,0.00000000,0
bt3dPairMaxMag,0,"Arequipa · valle 1 · N-S senoidal 6° · mono · medios ×2 · 8 filas · az -20°",21-dic,1060,75.485,pareja 6,55.000000,55.000000,0.00000000,0
bt3dPairMaxMag,1,"Zaragoza · ondulado 1.2 · N-S constante 3° · mono · tresbolillo ×1 · 8 filas · az 15°",21-jun,440,29.019,pareja 1,55.000000,55.000000,0.00000000,0
bt3dPairMaxMag,1,"Zaragoza · ondulado 1.2 · N-S constante 3° · mono · tresbolillo ×1 · 8 filas · az 15°",21-jun,440,29.019,pareja 2,55.000000,55.000000,0.00000000,0
bt3dPairMaxMag,1,"Zaragoza · ondulado 1.2 · N-S constante 3° · mono · tresbolillo ×1 · 8 filas · az 15°",21-jun,440,29.019,pareja 5,55.000000,55.000000,0.00000000,0
bt3dPairMaxMag,1,"Zaragoza · ondulado 1.2 · N-S constante 3° · mono · tresbolillo ×1 · 8 filas · az 15°",21-jun,440,29.019,pareja 6,55.000000,55.000000,0.00000000,0
bt3dPairMaxMag,1,"Zaragoza · ondulado 1.2 · N-S constante 3° · mono · tresbolillo ×1 · 8 filas · az 15°",21-jun,560,51.273,pareja 0,55.000000,55.000000,0.00000000,0
bt3dPairMaxMag,1,"Zaragoza · ondulado 1.2 · N-S constante 3° · mono · tresbolillo ×1 · 8 filas · az 15°",21-jun,560,51.273,pareja 1,55.000000,55.000000,0.00000000,0
bt3dPairMaxMag,1,"Zaragoza · ondulado 1.2 · N-S constante 3° · mono · tresbolillo ×1 · 8 filas · az 15°",21-jun,560,51.273,pareja 2,55.000000,55.000000,0.00000000,0
bt3dPairMaxMag,1,"Zaragoza · ondulado 1.2 · N-S constante 3° · mono · tresbolillo ×1 · 8 filas · az 15°",21-jun,560,51.273,pareja 3,55.000000,55.000000,0.00000000,0
bt3dPairMaxMag,1,"Zaragoza · ondulado 1.2 · N-S constante 3° · mono · tresbolillo ×1 · 8 filas · az 15°",21-jun,560,51.273,pareja 4,55.000000,55.000000,0.00000000,0
bt3dPairMaxMag,1,"Zaragoza · ondulado 1.2 · N-S constante 3° · mono · tresbolillo ×1 · 8 filas · az 15°",21-jun,560,51.273,pareja 5,55.000000,55.000000,0.00000000,0
bt3dPairMaxMag,1,"Zaragoza · ondulado 1.2 · N-S constante 3° · mono · tresbolillo ×1 · 8 filas · az 15°",21-jun,560,51.273,pareja 6,55.000000,55.000000,0.00000000,0
bt3dPairMaxMag,1,"Zaragoza · ondulado 1.2 · N-S constante 3° · mono · tresbolillo ×1 · 8 filas · az 15°",21-mar,560,33.687,pareja 0,55.000000,55.000000,0.00000000,0
bt3dPairMaxMag,1,"Zaragoza · ondulado 1.2 · N-S constante 3° · mono · tresbolillo ×1 · 8 filas · az 15°",21-mar,560,33.687,pareja 1,55.000000,55.000000,0.00000000,0
bt3dPairMaxMag,1,"Zaragoza · ondulado 1.2 · N-S constante 3° · mono · tresbolillo ×1 · 8 filas · az 15°",21-mar,560,33.687,pareja 2,55.000000,55.000000,0.00000000,0
bt3dPairMaxMag,1,"Zaragoza · ondulado 1.2 · N-S constante 3° · mono · tresbolillo ×1 · 8 filas · az 15°",21-mar,560,33.687,pareja 3,55.000000,55.000000,0.00000000,0
bt3dPairMaxMag,1,"Zaragoza · ondulado 1.2 · N-S constante 3° · mono · tresbolillo ×1 · 8 filas · az 15°",21-mar,560,33.687,pareja 4,55.000000,55.000000,0.00000000,0
bt3dPairMaxMag,1,"Zaragoza · ondulado 1.2 · N-S constante 3° · mono · tresbolillo ×1 · 8 filas · az 15°",21-mar,560,33.687,pareja 5,55.000000,55.000000,0.00000000,0
bt3dPairMaxMag,1,"Zaragoza · ondulado 1.2 · N-S constante 3° · mono · tresbolillo ×1 · 8 filas · az 15°",21-mar,560,33.687,pareja 6,55.000000,55.000000,0.00000000,0
bt3dPairMaxMag,1,"Zaragoza · ondulado 1.2 · N-S constante 3° · mono · tresbolillo ×1 · 8 filas · az 15°",21-mar,900,33.860,pareja 0,55.000000,55.000000,0.00000000,0
bt3dPairMaxMag,1,"Zaragoza · ondulado 1.2 · N-S constante 3° · mono · tresbolillo ×1 · 8 filas · az 15°",21-mar,900,33.860,pareja 1,55.000000,55.000000,0.00000000,0
bt3dPairMaxMag,1,"Zaragoza · ondulado 1.2 · N-S constante 3° · mono · tresbolillo ×1 · 8 filas · az 15°",21-mar,900,33.860,pareja 2,55.000000,55.000000,0.00000000,0
bt3dPairMaxMag,1,"Zaragoza · ondulado 1.2 · N-S constante 3° · mono · tresbolillo ×1 · 8 filas · az 15°",21-mar,900,33.860,pareja 3,55.000000,55.000000,0.00000000,0
bt3dPairMaxMag,1,"Zaragoza · ondulado 1.2 · N-S constante 3° · mono · tresbolillo ×1 · 8 filas · az 15°",21-mar,900,33.860,pareja 4,55.000000,55.000000,0.00000000,0
bt3dPairMaxMag,1,"Zaragoza · ondulado 1.2 · N-S constante 3° · mono · tresbolillo ×1 · 8 filas · az 15°",21-mar,900,33.860,pareja 5,55.000000,55.000000,0.00000000,0
bt3dPairMaxMag,1,"Zaragoza · ondulado 1.2 · N-S constante 3° · mono · tresbolillo ×1 · 8 filas · az 15°",21-mar,900,33.860,pareja 6,55.000000,55.000000,0.00000000,0
bt3dPairMaxMag,1,"Zaragoza · ondulado 1.2 · N-S constante 3° · mono · tresbolillo ×1 · 8 filas · az 15°",21-mar,940,27.476,pareja 0,55.000000,55.000000,0.00000000,0
bt3dPairMaxMag,1,"Zaragoza · ondulado 1.2 · N-S constante 3° · mono · tresbolillo ×1 · 8 filas · az 15°",21-mar,940,27.476,pareja 1,55.000000,55.000000,0.00000000,0
bt3dPairMaxMag,1,"Zaragoza · ondulado 1.2 · N-S constante 3° · mono · tresbolillo ×1 · 8 filas · az 15°",21-mar,940,27.476,pareja 2,55.000000,55.000000,0.00000000,0
bt3dPairMaxMag,1,"Zaragoza · ondulado 1.2 · N-S constante 3° · mono · tresbolillo ×1 · 8 filas · az 15°",21-mar,940,27.476,pareja 3,55.000000,55.000000,0.00000000,0
bt3dPairMaxMag,1,"Zaragoza · ondulado 1.2 · N-S constante 3° · mono · tresbolillo ×1 · 8 filas · az 15°",21-mar,940,27.476,pareja 4,55.000000,55.000000,0.00000000,0
bt3dPairMaxMag,1,"Zaragoza · ondulado 1.2 · N-S constante 3° · mono · tresbolillo ×1 · 8 filas · az 15°",21-mar,940,27.476,pareja 5,55.000000,55.000000,0.00000000,0
bt3dPairMaxMag,1,"Zaragoza · ondulado 1.2 · N-S constante 3° · mono · tresbolillo ×1 · 8 filas · az 15°",21-mar,940,27.476,pareja 6,55.000000,55.000000,0.00000000,0
bt3dPairMaxMag,1,"Zaragoza · ondulado 1.2 · N-S constante 3° · mono · tresbolillo ×1 · 8 filas · az 15°",21-dic,560,15.099,pareja 1,55.000000,55.000000,0.00000000,0
bt3dPairMaxMag,1,"Zaragoza · ondulado 1.2 · N-S constante 3° · mono · tresbolillo ×1 · 8 filas · az 15°",21-dic,560,15.099,pareja 2,55.000000,55.000000,0.00000000,0
bt3dPairMaxMag,1,"Zaragoza · ondulado 1.2 · N-S constante 3° · mono · tresbolillo ×1 · 8 filas · az 15°",21-dic,560,15.099,pareja 5,55.000000,55.000000,0.00000000,0
bt3dPairMaxMag,1,"Zaragoza · ondulado 1.2 · N-S constante 3° · mono · tresbolillo ×1 · 8 filas · az 15°",21-dic,560,15.099,pareja 6,55.000000,55.000000,0.00000000,0
bt3dPairMaxMag,1,"Zaragoza · ondulado 1.2 · N-S constante 3° · mono · tresbolillo ×1 · 8 filas · az 15°",21-dic,580,17.279,pareja 1,55.000000,55.000000,0.00000000,0
bt3dPairMaxMag,1,"Zaragoza · ondulado 1.2 · N-S constante 3° · mono · tresbolillo ×1 · 8 filas · az 15°",21-dic,580,17.279,pareja 2,55.000000,55.000000,0.00000000,0
bt3dPairMaxMag,1,"Zaragoza · ondulado 1.2 · N-S constante 3° · mono · tresbolillo ×1 · 8 filas · az 15°",21-dic,580,17.279,pareja 5,55.000000,55.000000,0.00000000,0
bt3dPairMaxMag,1,"Zaragoza · ondulado 1.2 · N-S constante 3° · mono · tresbolillo ×1 · 8 filas · az 15°",21-dic,580,17.279,pareja 6,55.000000,55.000000,0.00000000,0
bt3dPairMaxMag,2,"Arequipa · pendiente -6 · N-S constante 3° · quebrado · alineadas ×1 · 8 filas · az 0°",21-jun,840,32.510,pareja 0,55.000000,55.000000,0.00000000,0
bt3dPairMaxMag,2,"Arequipa · pendiente -6 · N-S constante 3° · quebrado · alineadas ×1 · 8 filas · az 0°",21-jun,840,32.510,pareja 1,55.000000,55.000000,0.00000000,0
bt3dPairMaxMag,2,"Arequipa · pendiente -6 · N-S constante 3° · quebrado · alineadas ×1 · 8 filas · az 0°",21-jun,840,32.510,pareja 2,55.000000,55.000000,0.00000000,0
bt3dPairMaxMag,2,"Arequipa · pendiente -6 · N-S constante 3° · quebrado · alineadas ×1 · 8 filas · az 0°",21-jun,840,32.510,pareja 3,55.000000,55.000000,0.00000000,0
bt3dPairMaxMag,2,"Arequipa · pendiente -6 · N-S constante 3° · quebrado · alineadas ×1 · 8 filas · az 0°",21-jun,840,32.510,pareja 4,55.000000,55.000000,0.00000000,0
bt3dPairMaxMag,2,"Arequipa · pendiente -6 · N-S constante 3° · quebrado · alineadas ×1 · 8 filas · az 0°",21-jun,840,32.510,pareja 5,55.000000,55.000000,0.00000000,0
bt3dPairMaxMag,2,"Arequipa · pendiente -6 · N-S constante 3° · quebrado · alineadas ×1 · 8 filas · az 0°",21-jun,840,32.510,pareja 6,55.000000,55.000000,0.00000000,0
bt3dPairMaxMag,2,"Arequipa · pendiente -6 · N-S constante 3° · quebrado · alineadas ×1 · 8 filas · az 0°",21-jun,1060,48.094,pareja 0,55.000000,55.000000,0.00000000,0
bt3dPairMaxMag,2,"Arequipa · pendiente -6 · N-S constante 3° · quebrado · alineadas ×1 · 8 filas · az 0°",21-jun,1060,48.094,pareja 1,55.000000,55.000000,0.00000000,0
bt3dPairMaxMag,2,"Arequipa · pendiente -6 · N-S constante 3° · quebrado · alineadas ×1 · 8 filas · az 0°",21-jun,1060,48.094,pareja 2,55.000000,55.000000,0.00000000,0
bt3dPairMaxMag,2,"Arequipa · pendiente -6 · N-S constante 3° · quebrado · alineadas ×1 · 8 filas · az 0°",21-jun,1060,48.094,pareja 3,55.000000,55.000000,0.00000000,0
bt3dPairMaxMag,2,"Arequipa · pendiente -6 · N-S constante 3° · quebrado · alineadas ×1 · 8 filas · az 0°",21-jun,1060,48.094,pareja 4,55.000000,55.000000,0.00000000,0
bt3dPairMaxMag,2,"Arequipa · pendiente -6 · N-S constante 3° · quebrado · alineadas ×1 · 8 filas · az 0°",21-jun,1060,48.094,pareja 5,55.000000,55.000000,0.00000000,0
bt3dPairMaxMag,2,"Arequipa · pendiente -6 · N-S constante 3° · quebrado · alineadas ×1 · 8 filas · az 0°",21-jun,1060,48.094,pareja 6,55.000000,55.000000,0.00000000,0
bt3dPairMaxMag,2,"Arequipa · pendiente -6 · N-S constante 3° · quebrado · alineadas ×1 · 8 filas · az 0°",21-dic,980,80.929,pareja 0,55.000000,55.000000,0.00000000,0
bt3dPairMaxMag,2,"Arequipa · pendiente -6 · N-S constante 3° · quebrado · alineadas ×1 · 8 filas · az 0°",21-dic,980,80.929,pareja 1,55.000000,55.000000,0.00000000,0
bt3dPairMaxMag,2,"Arequipa · pendiente -6 · N-S constante 3° · quebrado · alineadas ×1 · 8 filas · az 0°",21-dic,980,80.929,pareja 2,55.000000,55.000000,0.00000000,0
bt3dPairMaxMag,2,"Arequipa · pendiente -6 · N-S constante 3° · quebrado · alineadas ×1 · 8 filas · az 0°",21-dic,980,80.929,pareja 3,55.000000,55.000000,0.00000000,0
bt3dPairMaxMag,2,"Arequipa · pendiente -6 · N-S constante 3° · quebrado · alineadas ×1 · 8 filas · az 0°",21-dic,980,80.929,pareja 4,55.000000,55.000000,0.00000000,0
bt3dPairMaxMag,2,"Arequipa · pendiente -6 · N-S constante 3° · quebrado · alineadas ×1 · 8 filas · az 0°",21-dic,980,80.929,pareja 5,55.000000,55.000000,0.00000000,0
bt3dPairMaxMag,2,"Arequipa · pendiente -6 · N-S constante 3° · quebrado · alineadas ×1 · 8 filas · az 0°",21-dic,980,80.929,pareja 6,55.000000,55.000000,0.00000000,0
bt3dPairMaxMag,2,"Arequipa · pendiente -6 · N-S constante 3° · quebrado · alineadas ×1 · 8 filas · az 0°",21-dic,1100,66.799,pareja 0,55.000000,55.000000,0.00000000,0
bt3dPairMaxMag,2,"Arequipa · pendiente -6 · N-S constante 3° · quebrado · alineadas ×1 · 8 filas · az 0°",21-dic,1100,66.799,pareja 1,55.000000,55.000000,0.00000000,0
bt3dPairMaxMag,2,"Arequipa · pendiente -6 · N-S constante 3° · quebrado · alineadas ×1 · 8 filas · az 0°",21-dic,1100,66.799,pareja 2,55.000000,55.000000,0.00000000,0
bt3dPairMaxMag,2,"Arequipa · pendiente -6 · N-S constante 3° · quebrado · alineadas ×1 · 8 filas · az 0°",21-dic,1100,66.799,pareja 3,55.000000,55.000000,0.00000000,0
bt3dPairMaxMag,2,"Arequipa · pendiente -6 · N-S constante 3° · quebrado · alineadas ×1 · 8 filas · az 0°",21-dic,1100,66.799,pareja 4,55.000000,55.000000,0.00000000,0
bt3dPairMaxMag,2,"Arequipa · pendiente -6 · N-S constante 3° · quebrado · alineadas ×1 · 8 filas · az 0°",21-dic,1100,66.799,pareja 5,55.000000,55.000000,0.00000000,0
bt3dPairMaxMag,2,"Arequipa · pendiente -6 · N-S constante 3° · quebrado · alineadas ×1 · 8 filas · az 0°",21-dic,1100,66.799,pareja 6,55.000000,55.000000,0.00000000,0
bt3dPairMaxMag,3,"Arequipa · cresta 1 · N-S aleatorio 3° · quebrado · alineadas ×2 · 6 filas · az 0°",21-jun,940,46.569,pareja 0,55.000000,55.000000,0.00000000,0
bt3dPairMaxMag,3,"Arequipa · cresta 1 · N-S aleatorio 3° · quebrado · alineadas ×2 · 6 filas · az 0°",21-jun,940,46.569,pareja 1,55.000000,55.000000,0.00000000,0
bt3dPairMaxMag,3,"Arequipa · cresta 1 · N-S aleatorio 3° · quebrado · alineadas ×2 · 6 filas · az 0°",21-jun,940,46.569,pareja 2,55.000000,55.000000,0.00000000,0
bt3dPairMaxMag,3,"Arequipa · cresta 1 · N-S aleatorio 3° · quebrado · alineadas ×2 · 6 filas · az 0°",21-jun,940,46.569,pareja 3,55.000000,55.000000,0.00000000,0
bt3dPairMaxMag,3,"Arequipa · cresta 1 · N-S aleatorio 3° · quebrado · alineadas ×2 · 6 filas · az 0°",21-jun,940,46.569,pareja 4,55.000000,55.000000,0.00000000,0
bt3dPairMaxMag,3,"Arequipa · cresta 1 · N-S aleatorio 3° · quebrado · alineadas ×2 · 6 filas · az 0°",21-jun,1160,35.607,pareja 0,55.000000,55.000000,0.00000000,0
bt3dPairMaxMag,3,"Arequipa · cresta 1 · N-S aleatorio 3° · quebrado · alineadas ×2 · 6 filas · az 0°",21-jun,1160,35.607,pareja 1,55.000000,55.000000,0.00000000,0
bt3dPairMaxMag,3,"Arequipa · cresta 1 · N-S aleatorio 3° · quebrado · alineadas ×2 · 6 filas · az 0°",21-jun,1160,35.607,pareja 2,55.000000,55.000000,0.00000000,0
bt3dPairMaxMag,3,"Arequipa · cresta 1 · N-S aleatorio 3° · quebrado · alineadas ×2 · 6 filas · az 0°",21-jun,1160,35.607,pareja 3,55.000000,55.000000,0.00000000,0
bt3dPairMaxMag,3,"Arequipa · cresta 1 · N-S aleatorio 3° · quebrado · alineadas ×2 · 6 filas · az 0°",21-jun,1160,35.607,pareja 4,55.000000,55.000000,0.00000000,0
bt3dPairMaxMag,3,"Arequipa · cresta 1 · N-S aleatorio 3° · quebrado · alineadas ×2 · 6 filas · az 0°",21-dic,1200,44.020,pareja 0,55.000000,55.000000,0.00000000,0
bt3dPairMaxMag,3,"Arequipa · cresta 1 · N-S aleatorio 3° · quebrado · alineadas ×2 · 6 filas · az 0°",21-dic,1200,44.020,pareja 1,55.000000,55.000000,0.00000000,0
bt3dPairMaxMag,3,"Arequipa · cresta 1 · N-S aleatorio 3° · quebrado · alineadas ×2 · 6 filas · az 0°",21-dic,1200,44.020,pareja 2,55.000000,55.000000,0.00000000,0
bt3dPairMaxMag,3,"Arequipa · cresta 1 · N-S aleatorio 3° · quebrado · alineadas ×2 · 6 filas · az 0°",21-dic,1200,44.020,pareja 3,55.000000,55.000000,0.00000000,0
bt3dPairMaxMag,3,"Arequipa · cresta 1 · N-S aleatorio 3° · quebrado · alineadas ×2 · 6 filas · az 0°",21-dic,1200,44.020,pareja 4,55.000000,55.000000,0.00000000,0
bt3dPairMaxMag,4,"Arequipa · pendiente -6 · N-S constante 6° · mono · alineadas ×1 · 8 filas · az -20°",21-jun,1240,20.897,pareja 0,55.000000,55.000000,0.00000000,0
bt3dPairMaxMag,4,"Arequipa · pendiente -6 · N-S constante 6° · mono · alineadas ×1 · 8 filas · az -20°",21-jun,1240,20.897,pareja 1,55.000000,55.000000,0.00000000,0
bt3dPairMaxMag,4,"Arequipa · pendiente -6 · N-S constante 6° · mono · alineadas ×1 · 8 filas · az -20°",21-jun,1240,20.897,pareja 2,55.000000,55.000000,0.00000000,0
bt3dPairMaxMag,4,"Arequipa · pendiente -6 · N-S constante 6° · mono · alineadas ×1 · 8 filas · az -20°",21-jun,1240,20.897,pareja 3,55.000000,55.000000,0.00000000,0
bt3dPairMaxMag,4,"Arequipa · pendiente -6 · N-S constante 6° · mono · alineadas ×1 · 8 filas · az -20°",21-jun,1240,20.897,pareja 4,55.000000,55.000000,0.00000000,0
bt3dPairMaxMag,4,"Arequipa · pendiente -6 · N-S constante 6° · mono · alineadas ×1 · 8 filas · az -20°",21-jun,1240,20.897,pareja 5,55.000000,55.000000,0.00000000,0
bt3dPairMaxMag,4,"Arequipa · pendiente -6 · N-S constante 6° · mono · alineadas ×1 · 8 filas · az -20°",21-jun,1240,20.897,pareja 6,55.000000,55.000000,0.00000000,0
bt3dPairMaxMag,4,"Arequipa · pendiente -6 · N-S constante 6° · mono · alineadas ×1 · 8 filas · az -20°",21-mar,900,57.102,pareja 0,55.000000,55.000000,0.00000000,0
bt3dPairMaxMag,4,"Arequipa · pendiente -6 · N-S constante 6° · mono · alineadas ×1 · 8 filas · az -20°",21-mar,900,57.102,pareja 1,55.000000,55.000000,0.00000000,0
bt3dPairMaxMag,4,"Arequipa · pendiente -6 · N-S constante 6° · mono · alineadas ×1 · 8 filas · az -20°",21-mar,900,57.102,pareja 2,55.000000,55.000000,0.00000000,0
bt3dPairMaxMag,4,"Arequipa · pendiente -6 · N-S constante 6° · mono · alineadas ×1 · 8 filas · az -20°",21-mar,900,57.102,pareja 3,55.000000,55.000000,0.00000000,0
bt3dPairMaxMag,4,"Arequipa · pendiente -6 · N-S constante 6° · mono · alineadas ×1 · 8 filas · az -20°",21-mar,900,57.102,pareja 4,55.000000,55.000000,0.00000000,0
bt3dPairMaxMag,4,"Arequipa · pendiente -6 · N-S constante 6° · mono · alineadas ×1 · 8 filas · az -20°",21-mar,900,57.102,pareja 5,55.000000,55.000000,0.00000000,0
bt3dPairMaxMag,4,"Arequipa · pendiente -6 · N-S constante 6° · mono · alineadas ×1 · 8 filas · az -20°",21-mar,900,57.102,pareja 6,55.000000,55.000000,0.00000000,0
bt3dPairMaxMag,4,"Arequipa · pendiente -6 · N-S constante 6° · mono · alineadas ×1 · 8 filas · az -20°",21-mar,960,68.356,pareja 0,55.000000,55.000000,0.00000000,0
bt3dPairMaxMag,4,"Arequipa · pendiente -6 · N-S constante 6° · mono · alineadas ×1 · 8 filas · az -20°",21-mar,960,68.356,pareja 1,55.000000,55.000000,0.00000000,0
bt3dPairMaxMag,4,"Arequipa · pendiente -6 · N-S constante 6° · mono · alineadas ×1 · 8 filas · az -20°",21-mar,960,68.356,pareja 2,55.000000,55.000000,0.00000000,0
bt3dPairMaxMag,4,"Arequipa · pendiente -6 · N-S constante 6° · mono · alineadas ×1 · 8 filas · az -20°",21-mar,960,68.356,pareja 3,55.000000,55.000000,0.00000000,0
bt3dPairMaxMag,4,"Arequipa · pendiente -6 · N-S constante 6° · mono · alineadas ×1 · 8 filas · az -20°",21-mar,960,68.356,pareja 4,55.000000,55.000000,0.00000000,0
bt3dPairMaxMag,4,"Arequipa · pendiente -6 · N-S constante 6° · mono · alineadas ×1 · 8 filas · az -20°",21-mar,960,68.356,pareja 5,55.000000,55.000000,0.00000000,0
bt3dPairMaxMag,4,"Arequipa · pendiente -6 · N-S constante 6° · mono · alineadas ×1 · 8 filas · az -20°",21-mar,960,68.356,pareja 6,55.000000,55.000000,0.00000000,0
bt3dPairMaxMag,4,"Arequipa · pendiente -6 · N-S constante 6° · mono · alineadas ×1 · 8 filas · az -20°",21-mar,1040,71.829,pareja 0,55.000000,55.000000,0.00000000,0
bt3dPairMaxMag,4,"Arequipa · pendiente -6 · N-S constante 6° · mono · alineadas ×1 · 8 filas · az -20°",21-mar,1040,71.829,pareja 1,55.000000,55.000000,0.00000000,0
bt3dPairMaxMag,4,"Arequipa · pendiente -6 · N-S constante 6° · mono · alineadas ×1 · 8 filas · az -20°",21-mar,1040,71.829,pareja 2,55.000000,55.000000,0.00000000,0
bt3dPairMaxMag,4,"Arequipa · pendiente -6 · N-S constante 6° · mono · alineadas ×1 · 8 filas · az -20°",21-mar,1040,71.829,pareja 3,55.000000,55.000000,0.00000000,0
bt3dPairMaxMag,4,"Arequipa · pendiente -6 · N-S constante 6° · mono · alineadas ×1 · 8 filas · az -20°",21-mar,1040,71.829,pareja 4,55.000000,55.000000,0.00000000,0
bt3dPairMaxMag,4,"Arequipa · pendiente -6 · N-S constante 6° · mono · alineadas ×1 · 8 filas · az -20°",21-mar,1040,71.829,pareja 5,55.000000,55.000000,0.00000000,0
bt3dPairMaxMag,4,"Arequipa · pendiente -6 · N-S constante 6° · mono · alineadas ×1 · 8 filas · az -20°",21-mar,1040,71.829,pareja 6,55.000000,55.000000,0.00000000,0
bt3dPairMaxMag,4,"Arequipa · pendiente -6 · N-S constante 6° · mono · alineadas ×1 · 8 filas · az -20°",21-dic,780,36.968,pareja 0,55.000000,55.000000,0.00000000,0
bt3dPairMaxMag,4,"Arequipa · pendiente -6 · N-S constante 6° · mono · alineadas ×1 · 8 filas · az -20°",21-dic,780,36.968,pareja 1,55.000000,55.000000,0.00000000,0
bt3dPairMaxMag,4,"Arequipa · pendiente -6 · N-S constante 6° · mono · alineadas ×1 · 8 filas · az -20°",21-dic,780,36.968,pareja 2,55.000000,55.000000,0.00000000,0
bt3dPairMaxMag,4,"Arequipa · pendiente -6 · N-S constante 6° · mono · alineadas ×1 · 8 filas · az -20°",21-dic,780,36.968,pareja 3,55.000000,55.000000,0.00000000,0
bt3dPairMaxMag,4,"Arequipa · pendiente -6 · N-S constante 6° · mono · alineadas ×1 · 8 filas · az -20°",21-dic,780,36.968,pareja 4,55.000000,55.000000,0.00000000,0
bt3dPairMaxMag,4,"Arequipa · pendiente -6 · N-S constante 6° · mono · alineadas ×1 · 8 filas · az -20°",21-dic,780,36.968,pareja 5,55.000000,55.000000,0.00000000,0
bt3dPairMaxMag,4,"Arequipa · pendiente -6 · N-S constante 6° · mono · alineadas ×1 · 8 filas · az -20°",21-dic,780,36.968,pareja 6,55.000000,55.000000,0.00000000,0
bt3dPairMaxMag,4,"Arequipa · pendiente -6 · N-S constante 6° · mono · alineadas ×1 · 8 filas · az -20°",21-dic,1300,21.234,pareja 0,55.000000,55.000000,0.00000000,0
bt3dPairMaxMag,4,"Arequipa · pendiente -6 · N-S constante 6° · mono · alineadas ×1 · 8 filas · az -20°",21-dic,1300,21.234,pareja 1,55.000000,55.000000,0.00000000,0
bt3dPairMaxMag,4,"Arequipa · pendiente -6 · N-S constante 6° · mono · alineadas ×1 · 8 filas · az -20°",21-dic,1300,21.234,pareja 2,55.000000,55.000000,0.00000000,0
bt3dPairMaxMag,4,"Arequipa · pendiente -6 · N-S constante 6° · mono · alineadas ×1 · 8 filas · az -20°",21-dic,1300,21.234,pareja 3,55.000000,55.000000,0.00000000,0
bt3dPairMaxMag,4,"Arequipa · pendiente -6 · N-S constante 6° · mono · alineadas ×1 · 8 filas · az -20°",21-dic,1300,21.234,pareja 4,55.000000,55.000000,0.00000000,0
bt3dPairMaxMag,4,"Arequipa · pendiente -6 · N-S constante 6° · mono · alineadas ×1 · 8 filas · az -20°",21-dic,1300,21.234,pareja 5,55.000000,55.000000,0.00000000,0
bt3dPairMaxMag,4,"Arequipa · pendiente -6 · N-S constante 6° · mono · alineadas ×1 · 8 filas · az -20°",21-dic,1300,21.234,pareja 6,55.000000,55.000000,0.00000000,0
bt3dPairMaxMag,5,"Zaragoza · pendiente 10 · N-S aleatorio 3° · quebrado · bagnarelli ×2 · 10 filas · az -20°",21-jun,760,70.452,pareja 0,55.000000,55.000000,0.00000000,0
bt3dPairMaxMag,5,"Zaragoza · pendiente 10 · N-S aleatorio 3° · quebrado · bagnarelli ×2 · 10 filas · az -20°",21-jun,760,70.452,pareja 1,55.000000,55.000000,0.00000000,0
bt3dPairMaxMag,5,"Zaragoza · pendiente 10 · N-S aleatorio 3° · quebrado · bagnarelli ×2 · 10 filas · az -20°",21-jun,760,70.452,pareja 2,55.000000,55.000000,0.00000000,0
bt3dPairMaxMag,5,"Zaragoza · pendiente 10 · N-S aleatorio 3° · quebrado · bagnarelli ×2 · 10 filas · az -20°",21-jun,760,70.452,pareja 3,55.000000,55.000000,0.00000000,0
bt3dPairMaxMag,5,"Zaragoza · pendiente 10 · N-S aleatorio 3° · quebrado · bagnarelli ×2 · 10 filas · az -20°",21-jun,760,70.452,pareja 4,55.000000,55.000000,0.00000000,0
bt3dPairMaxMag,5,"Zaragoza · pendiente 10 · N-S aleatorio 3° · quebrado · bagnarelli ×2 · 10 filas · az -20°",21-jun,760,70.452,pareja 5,55.000000,55.000000,0.00000000,0
bt3dPairMaxMag,5,"Zaragoza · pendiente 10 · N-S aleatorio 3° · quebrado · bagnarelli ×2 · 10 filas · az -20°",21-jun,760,70.452,pareja 6,55.000000,55.000000,0.00000000,0
bt3dPairMaxMag,5,"Zaragoza · pendiente 10 · N-S aleatorio 3° · quebrado · bagnarelli ×2 · 10 filas · az -20°",21-jun,760,70.452,pareja 7,55.000000,55.000000,0.00000000,0
bt3dPairMaxMag,5,"Zaragoza · pendiente 10 · N-S aleatorio 3° · quebrado · bagnarelli ×2 · 10 filas · az -20°",21-jun,760,70.452,pareja 8,55.000000,55.000000,0.00000000,0
bt3dPairMaxMag,5,"Zaragoza · pendiente 10 · N-S aleatorio 3° · quebrado · bagnarelli ×2 · 10 filas · az -20°",21-mar,840,41.965,pareja 0,55.000000,55.000000,0.00000000,0
bt3dPairMaxMag,5,"Zaragoza · pendiente 10 · N-S aleatorio 3° · quebrado · bagnarelli ×2 · 10 filas · az -20°",21-mar,840,41.965,pareja 1,55.000000,55.000000,0.00000000,0
bt3dPairMaxMag,5,"Zaragoza · pendiente 10 · N-S aleatorio 3° · quebrado · bagnarelli ×2 · 10 filas · az -20°",21-mar,840,41.965,pareja 2,55.000000,55.000000,0.00000000,0
bt3dPairMaxMag,5,"Zaragoza · pendiente 10 · N-S aleatorio 3° · quebrado · bagnarelli ×2 · 10 filas · az -20°",21-mar,840,41.965,pareja 3,55.000000,55.000000,0.00000000,0
bt3dPairMaxMag,5,"Zaragoza · pendiente 10 · N-S aleatorio 3° · quebrado · bagnarelli ×2 · 10 filas · az -20°",21-mar,840,41.965,pareja 4,55.000000,55.000000,0.00000000,0
bt3dPairMaxMag,5,"Zaragoza · pendiente 10 · N-S aleatorio 3° · quebrado · bagnarelli ×2 · 10 filas · az -20°",21-mar,840,41.965,pareja 5,55.000000,55.000000,0.00000000,0
bt3dPairMaxMag,5,"Zaragoza · pendiente 10 · N-S aleatorio 3° · quebrado · bagnarelli ×2 · 10 filas · az -20°",21-mar,840,41.965,pareja 6,55.000000,55.000000,0.00000000,0
bt3dPairMaxMag,5,"Zaragoza · pendiente 10 · N-S aleatorio 3° · quebrado · bagnarelli ×2 · 10 filas · az -20°",21-mar,840,41.965,pareja 7,55.000000,55.000000,0.00000000,0
bt3dPairMaxMag,5,"Zaragoza · pendiente 10 · N-S aleatorio 3° · quebrado · bagnarelli ×2 · 10 filas · az -20°",21-mar,840,41.965,pareja 8,55.000000,55.000000,0.00000000,0
bt3dPairMaxMag,6,"Arequipa · cresta 3 · N-S constante 0° · mono · bagnarelli ×1 · 10 filas · az 15°",21-jun,880,39.060,pareja 0,55.000000,55.000000,0.00000000,0
bt3dPairMaxMag,6,"Arequipa · cresta 3 · N-S constante 0° · mono · bagnarelli ×1 · 10 filas · az 15°",21-jun,880,39.060,pareja 1,55.000000,55.000000,0.00000000,0
bt3dPairMaxMag,6,"Arequipa · cresta 3 · N-S constante 0° · mono · bagnarelli ×1 · 10 filas · az 15°",21-jun,880,39.060,pareja 2,55.000000,55.000000,0.00000000,0
bt3dPairMaxMag,6,"Arequipa · cresta 3 · N-S constante 0° · mono · bagnarelli ×1 · 10 filas · az 15°",21-jun,880,39.060,pareja 3,55.000000,55.000000,0.00000000,0
bt3dPairMaxMag,6,"Arequipa · cresta 3 · N-S constante 0° · mono · bagnarelli ×1 · 10 filas · az 15°",21-jun,880,39.060,pareja 4,55.000000,55.000000,0.00000000,0
bt3dPairMaxMag,6,"Arequipa · cresta 3 · N-S constante 0° · mono · bagnarelli ×1 · 10 filas · az 15°",21-jun,880,39.060,pareja 5,55.000000,55.000000,0.00000000,0
bt3dPairMaxMag,6,"Arequipa · cresta 3 · N-S constante 0° · mono · bagnarelli ×1 · 10 filas · az 15°",21-jun,880,39.060,pareja 6,55.000000,55.000000,0.00000000,0
bt3dPairMaxMag,6,"Arequipa · cresta 3 · N-S constante 0° · mono · bagnarelli ×1 · 10 filas · az 15°",21-jun,880,39.060,pareja 7,55.000000,55.000000,0.00000000,0
bt3dPairMaxMag,6,"Arequipa · cresta 3 · N-S constante 0° · mono · bagnarelli ×1 · 10 filas · az 15°",21-jun,880,39.060,pareja 8,55.000000,55.000000,0.00000000,0
bt3dPairMaxMag,6,"Arequipa · cresta 3 · N-S constante 0° · mono · bagnarelli ×1 · 10 filas · az 15°",21-dic,860,55.286,pareja 0,55.000000,55.000000,0.00000000,0
bt3dPairMaxMag,6,"Arequipa · cresta 3 · N-S constante 0° · mono · bagnarelli ×1 · 10 filas · az 15°",21-dic,860,55.286,pareja 1,55.000000,55.000000,0.00000000,0
bt3dPairMaxMag,6,"Arequipa · cresta 3 · N-S constante 0° · mono · bagnarelli ×1 · 10 filas · az 15°",21-dic,860,55.286,pareja 2,55.000000,55.000000,0.00000000,0
bt3dPairMaxMag,6,"Arequipa · cresta 3 · N-S constante 0° · mono · bagnarelli ×1 · 10 filas · az 15°",21-dic,860,55.286,pareja 3,55.000000,55.000000,0.00000000,0
bt3dPairMaxMag,6,"Arequipa · cresta 3 · N-S constante 0° · mono · bagnarelli ×1 · 10 filas · az 15°",21-dic,860,55.286,pareja 4,55.000000,55.000000,0.00000000,0
bt3dPairMaxMag,6,"Arequipa · cresta 3 · N-S constante 0° · mono · bagnarelli ×1 · 10 filas · az 15°",21-dic,860,55.286,pareja 5,55.000000,55.000000,0.00000000,0
bt3dPairMaxMag,6,"Arequipa · cresta 3 · N-S constante 0° · mono · bagnarelli ×1 · 10 filas · az 15°",21-dic,860,55.286,pareja 6,55.000000,55.000000,0.00000000,0
bt3dPairMaxMag,6,"Arequipa · cresta 3 · N-S constante 0° · mono · bagnarelli ×1 · 10 filas · az 15°",21-dic,860,55.286,pareja 7,55.000000,55.000000,0.00000000,0
bt3dPairMaxMag,6,"Arequipa · cresta 3 · N-S constante 0° · mono · bagnarelli ×1 · 10 filas · az 15°",21-dic,860,55.286,pareja 8,55.000000,55.000000,0.00000000,0
bt3dPairMaxMag,6,"Arequipa · cresta 3 · N-S constante 0° · mono · bagnarelli ×1 · 10 filas · az 15°",21-dic,1200,44.020,pareja 0,55.000000,55.000000,0.00000000,0
bt3dPairMaxMag,6,"Arequipa · cresta 3 · N-S constante 0° · mono · bagnarelli ×1 · 10 filas · az 15°",21-dic,1200,44.020,pareja 1,55.000000,55.000000,0.00000000,0
bt3dPairMaxMag,6,"Arequipa · cresta 3 · N-S constante 0° · mono · bagnarelli ×1 · 10 filas · az 15°",21-dic,1200,44.020,pareja 2,55.000000,55.000000,0.00000000,0
bt3dPairMaxMag,6,"Arequipa · cresta 3 · N-S constante 0° · mono · bagnarelli ×1 · 10 filas · az 15°",21-dic,1200,44.020,pareja 3,55.000000,55.000000,0.00000000,0
bt3dPairMaxMag,6,"Arequipa · cresta 3 · N-S constante 0° · mono · bagnarelli ×1 · 10 filas · az 15°",21-dic,1200,44.020,pareja 4,55.000000,55.000000,0.00000000,0
bt3dPairMaxMag,6,"Arequipa · cresta 3 · N-S constante 0° · mono · bagnarelli ×1 · 10 filas · az 15°",21-dic,1200,44.020,pareja 5,55.000000,55.000000,0.00000000,0
bt3dPairMaxMag,6,"Arequipa · cresta 3 · N-S constante 0° · mono · bagnarelli ×1 · 10 filas · az 15°",21-dic,1200,44.020,pareja 6,55.000000,55.000000,0.00000000,0
bt3dPairMaxMag,6,"Arequipa · cresta 3 · N-S constante 0° · mono · bagnarelli ×1 · 10 filas · az 15°",21-dic,1200,44.020,pareja 7,55.000000,55.000000,0.00000000,0
bt3dPairMaxMag,6,"Arequipa · cresta 3 · N-S constante 0° · mono · bagnarelli ×1 · 10 filas · az 15°",21-dic,1200,44.020,pareja 8,55.000000,55.000000,0.00000000,0
bt3dPairMaxMag,6,"Arequipa · cresta 3 · N-S constante 0° · mono · bagnarelli ×1 · 10 filas · az 15°",21-dic,1220,39.439,pareja 0,55.000000,55.000000,0.00000000,0
bt3dPairMaxMag,6,"Arequipa · cresta 3 · N-S constante 0° · mono · bagnarelli ×1 · 10 filas · az 15°",21-dic,1220,39.439,pareja 1,55.000000,55.000000,0.00000000,0
bt3dPairMaxMag,6,"Arequipa · cresta 3 · N-S constante 0° · mono · bagnarelli ×1 · 10 filas · az 15°",21-dic,1220,39.439,pareja 2,55.000000,55.000000,0.00000000,0
bt3dPairMaxMag,6,"Arequipa · cresta 3 · N-S constante 0° · mono · bagnarelli ×1 · 10 filas · az 15°",21-dic,1220,39.439,pareja 3,55.000000,55.000000,0.00000000,0
bt3dPairMaxMag,6,"Arequipa · cresta 3 · N-S constante 0° · mono · bagnarelli ×1 · 10 filas · az 15°",21-dic,1220,39.439,pareja 4,55.000000,55.000000,0.00000000,0
bt3dPairMaxMag,6,"Arequipa · cresta 3 · N-S constante 0° · mono · bagnarelli ×1 · 10 filas · az 15°",21-dic,1220,39.439,pareja 5,55.000000,55.000000,0.00000000,0
bt3dPairMaxMag,6,"Arequipa · cresta 3 · N-S constante 0° · mono · bagnarelli ×1 · 10 filas · az 15°",21-dic,1220,39.439,pareja 6,55.000000,55.000000,0.00000000,0
bt3dPairMaxMag,6,"Arequipa · cresta 3 · N-S constante 0° · mono · bagnarelli ×1 · 10 filas · az 15°",21-dic,1220,39.439,pareja 7,55.000000,55.000000,0.00000000,0
bt3dPairMaxMag,6,"Arequipa · cresta 3 · N-S constante 0° · mono · bagnarelli ×1 · 10 filas · az 15°",21-dic,1220,39.439,pareja 8,55.000000,55.000000,0.00000000,0
bt3dPairMaxMag,7,"Arequipa · pendiente 6 · N-S rotula 2° · mono · alineadas ×1 · 8 filas · az 0°",21-jun,940,46.569,pareja 0,55.000000,55.000000,0.00000000,0
bt3dPairMaxMag,7,"Arequipa · pendiente 6 · N-S rotula 2° · mono · alineadas ×1 · 8 filas · az 0°",21-jun,940,46.569,pareja 1,55.000000,55.000000,0.00000000,0
bt3dPairMaxMag,7,"Arequipa · pendiente 6 · N-S rotula 2° · mono · alineadas ×1 · 8 filas · az 0°",21-jun,940,46.569,pareja 2,55.000000,55.000000,0.00000000,0
bt3dPairMaxMag,7,"Arequipa · pendiente 6 · N-S rotula 2° · mono · alineadas ×1 · 8 filas · az 0°",21-jun,940,46.569,pareja 3,55.000000,55.000000,0.00000000,0
bt3dPairMaxMag,7,"Arequipa · pendiente 6 · N-S rotula 2° · mono · alineadas ×1 · 8 filas · az 0°",21-jun,940,46.569,pareja 4,55.000000,55.000000,0.00000000,0
bt3dPairMaxMag,7,"Arequipa · pendiente 6 · N-S rotula 2° · mono · alineadas ×1 · 8 filas · az 0°",21-jun,940,46.569,pareja 5,55.000000,55.000000,0.00000000,0
bt3dPairMaxMag,7,"Arequipa · pendiente 6 · N-S rotula 2° · mono · alineadas ×1 · 8 filas · az 0°",21-jun,940,46.569,pareja 6,55.000000,55.000000,0.00000000,0
bt3dPairMaxMag,7,"Arequipa · pendiente 6 · N-S rotula 2° · mono · alineadas ×1 · 8 filas · az 0°",21-jun,1060,48.094,pareja 0,55.000000,55.000000,0.00000000,0
bt3dPairMaxMag,7,"Arequipa · pendiente 6 · N-S rotula 2° · mono · alineadas ×1 · 8 filas · az 0°",21-jun,1060,48.094,pareja 1,55.000000,55.000000,0.00000000,0
bt3dPairMaxMag,7,"Arequipa · pendiente 6 · N-S rotula 2° · mono · alineadas ×1 · 8 filas · az 0°",21-jun,1060,48.094,pareja 2,55.000000,55.000000,0.00000000,0
bt3dPairMaxMag,7,"Arequipa · pendiente 6 · N-S rotula 2° · mono · alineadas ×1 · 8 filas · az 0°",21-jun,1060,48.094,pareja 3,55.000000,55.000000,0.00000000,0
bt3dPairMaxMag,7,"Arequipa · pendiente 6 · N-S rotula 2° · mono · alineadas ×1 · 8 filas · az 0°",21-jun,1060,48.094,pareja 4,55.000000,55.000000,0.00000000,0
bt3dPairMaxMag,7,"Arequipa · pendiente 6 · N-S rotula 2° · mono · alineadas ×1 · 8 filas · az 0°",21-jun,1060,48.094,pareja 5,55.000000,55.000000,0.00000000,0
bt3dPairMaxMag,7,"Arequipa · pendiente 6 · N-S rotula 2° · mono · alineadas ×1 · 8 filas · az 0°",21-jun,1060,48.094,pareja 6,55.000000,55.000000,0.00000000,0
bt3dPairMaxMag,7,"Arequipa · pendiente 6 · N-S rotula 2° · mono · alineadas ×1 · 8 filas · az 0°",21-mar,1040,71.829,pareja 0,55.000000,55.000000,0.00000000,0
bt3dPairMaxMag,7,"Arequipa · pendiente 6 · N-S rotula 2° · mono · alineadas ×1 · 8 filas · az 0°",21-mar,1040,71.829,pareja 1,55.000000,55.000000,0.00000000,0
bt3dPairMaxMag,7,"Arequipa · pendiente 6 · N-S rotula 2° · mono · alineadas ×1 · 8 filas · az 0°",21-mar,1040,71.829,pareja 2,55.000000,55.000000,0.00000000,0
bt3dPairMaxMag,7,"Arequipa · pendiente 6 · N-S rotula 2° · mono · alineadas ×1 · 8 filas · az 0°",21-mar,1040,71.829,pareja 3,55.000000,55.000000,0.00000000,0
bt3dPairMaxMag,7,"Arequipa · pendiente 6 · N-S rotula 2° · mono · alineadas ×1 · 8 filas · az 0°",21-mar,1040,71.829,pareja 4,55.000000,55.000000,0.00000000,0
bt3dPairMaxMag,7,"Arequipa · pendiente 6 · N-S rotula 2° · mono · alineadas ×1 · 8 filas · az 0°",21-mar,1040,71.829,pareja 5,55.000000,55.000000,0.00000000,0
bt3dPairMaxMag,7,"Arequipa · pendiente 6 · N-S rotula 2° · mono · alineadas ×1 · 8 filas · az 0°",21-mar,1040,71.829,pareja 6,55.000000,55.000000,0.00000000,0
bt3dPairMaxMag,7,"Arequipa · pendiente 6 · N-S rotula 2° · mono · alineadas ×1 · 8 filas · az 0°",21-mar,1100,62.855,pareja 0,55.000000,55.000000,0.00000000,0
bt3dPairMaxMag,7,"Arequipa · pendiente 6 · N-S rotula 2° · mono · alineadas ×1 · 8 filas · az 0°",21-mar,1100,62.855,pareja 1,55.000000,55.000000,0.00000000,0
bt3dPairMaxMag,7,"Arequipa · pendiente 6 · N-S rotula 2° · mono · alineadas ×1 · 8 filas · az 0°",21-mar,1100,62.855,pareja 2,55.000000,55.000000,0.00000000,0
bt3dPairMaxMag,7,"Arequipa · pendiente 6 · N-S rotula 2° · mono · alineadas ×1 · 8 filas · az 0°",21-mar,1100,62.855,pareja 3,55.000000,55.000000,0.00000000,0
bt3dPairMaxMag,7,"Arequipa · pendiente 6 · N-S rotula 2° · mono · alineadas ×1 · 8 filas · az 0°",21-mar,1100,62.855,pareja 4,55.000000,55.000000,0.00000000,0
bt3dPairMaxMag,7,"Arequipa · pendiente 6 · N-S rotula 2° · mono · alineadas ×1 · 8 filas · az 0°",21-mar,1100,62.855,pareja 5,55.000000,55.000000,0.00000000,0
bt3dPairMaxMag,7,"Arequipa · pendiente 6 · N-S rotula 2° · mono · alineadas ×1 · 8 filas · az 0°",21-mar,1100,62.855,pareja 6,55.000000,55.000000,0.00000000,0
bt3dPairMaxMag,7,"Arequipa · pendiente 6 · N-S rotula 2° · mono · alineadas ×1 · 8 filas · az 0°",21-dic,700,18.800,pareja 0,55.000000,55.000000,0.00000000,0
bt3dPairMaxMag,7,"Arequipa · pendiente 6 · N-S rotula 2° · mono · alineadas ×1 · 8 filas · az 0°",21-dic,700,18.800,pareja 1,55.000000,55.000000,0.00000000,0
bt3dPairMaxMag,7,"Arequipa · pendiente 6 · N-S rotula 2° · mono · alineadas ×1 · 8 filas · az 0°",21-dic,700,18.800,pareja 2,55.000000,55.000000,0.00000000,0
bt3dPairMaxMag,7,"Arequipa · pendiente 6 · N-S rotula 2° · mono · alineadas ×1 · 8 filas · az 0°",21-dic,700,18.800,pareja 3,55.000000,55.000000,0.00000000,0
bt3dPairMaxMag,7,"Arequipa · pendiente 6 · N-S rotula 2° · mono · alineadas ×1 · 8 filas · az 0°",21-dic,700,18.800,pareja 4,55.000000,55.000000,0.00000000,0
bt3dPairMaxMag,7,"Arequipa · pendiente 6 · N-S rotula 2° · mono · alineadas ×1 · 8 filas · az 0°",21-dic,700,18.800,pareja 5,55.000000,55.000000,0.00000000,0
bt3dPairMaxMag,7,"Arequipa · pendiente 6 · N-S rotula 2° · mono · alineadas ×1 · 8 filas · az 0°",21-dic,700,18.800,pareja 6,55.000000,55.000000,0.00000000,0
bt3dPairMaxMag,7,"Arequipa · pendiente 6 · N-S rotula 2° · mono · alineadas ×1 · 8 filas · az 0°",21-dic,740,27.847,pareja 0,55.000000,55.000000,0.00000000,0
bt3dPairMaxMag,7,"Arequipa · pendiente 6 · N-S rotula 2° · mono · alineadas ×1 · 8 filas · az 0°",21-dic,740,27.847,pareja 1,55.000000,55.000000,0.00000000,0
bt3dPairMaxMag,7,"Arequipa · pendiente 6 · N-S rotula 2° · mono · alineadas ×1 · 8 filas · az 0°",21-dic,740,27.847,pareja 2,55.000000,55.000000,0.00000000,0
bt3dPairMaxMag,7,"Arequipa · pendiente 6 · N-S rotula 2° · mono · alineadas ×1 · 8 filas · az 0°",21-dic,740,27.847,pareja 3,55.000000,55.000000,0.00000000,0
bt3dPairMaxMag,7,"Arequipa · pendiente 6 · N-S rotula 2° · mono · alineadas ×1 · 8 filas · az 0°",21-dic,740,27.847,pareja 4,55.000000,55.000000,0.00000000,0
bt3dPairMaxMag,7,"Arequipa · pendiente 6 · N-S rotula 2° · mono · alineadas ×1 · 8 filas · az 0°",21-dic,740,27.847,pareja 5,55.000000,55.000000,0.00000000,0
bt3dPairMaxMag,7,"Arequipa · pendiente 6 · N-S rotula 2° · mono · alineadas ×1 · 8 filas · az 0°",21-dic,740,27.847,pareja 6,55.000000,55.000000,0.00000000,0
bt3dPairMaxMag,7,"Arequipa · pendiente 6 · N-S rotula 2° · mono · alineadas ×1 · 8 filas · az 0°",21-dic,780,36.968,pareja 0,55.000000,55.000000,0.00000000,0
bt3dPairMaxMag,7,"Arequipa · pendiente 6 · N-S rotula 2° · mono · alineadas ×1 · 8 filas · az 0°",21-dic,780,36.968,pareja 1,55.000000,55.000000,0.00000000,0
bt3dPairMaxMag,7,"Arequipa · pendiente 6 · N-S rotula 2° · mono · alineadas ×1 · 8 filas · az 0°",21-dic,780,36.968,pareja 2,55.000000,55.000000,0.00000000,0
bt3dPairMaxMag,7,"Arequipa · pendiente 6 · N-S rotula 2° · mono · alineadas ×1 · 8 filas · az 0°",21-dic,780,36.968,pareja 3,55.000000,55.000000,0.00000000,0
bt3dPairMaxMag,7,"Arequipa · pendiente 6 · N-S rotula 2° · mono · alineadas ×1 · 8 filas · az 0°",21-dic,780,36.968,pareja 4,55.000000,55.000000,0.00000000,0
bt3dPairMaxMag,7,"Arequipa · pendiente 6 · N-S rotula 2° · mono · alineadas ×1 · 8 filas · az 0°",21-dic,780,36.968,pareja 5,55.000000,55.000000,0.00000000,0
bt3dPairMaxMag,7,"Arequipa · pendiente 6 · N-S rotula 2° · mono · alineadas ×1 · 8 filas · az 0°",21-dic,780,36.968,pareja 6,55.000000,55.000000,0.00000000,0
bt3dPairMaxMag,8,"Arequipa · valle 2 · N-S senoidal 2° · quebrado · alineadas ×1 · 6 filas · az -20°",21-jun,800,25.154,pareja 0,55.000000,55.000000,0.00000000,0
bt3dPairMaxMag,8,"Arequipa · valle 2 · N-S senoidal 2° · quebrado · alineadas ×1 · 6 filas · az -20°",21-jun,800,25.154,pareja 1,55.000000,55.000000,0.00000000,0
bt3dPairMaxMag,8,"Arequipa · valle 2 · N-S senoidal 2° · quebrado · alineadas ×1 · 6 filas · az -20°",21-jun,800,25.154,pareja 2,55.000000,55.000000,0.00000000,0
bt3dPairMaxMag,8,"Arequipa · valle 2 · N-S senoidal 2° · quebrado · alineadas ×1 · 6 filas · az -20°",21-jun,1000,49.919,pareja 0,55.000000,55.000000,0.00000000,0
bt3dPairMaxMag,8,"Arequipa · valle 2 · N-S senoidal 2° · quebrado · alineadas ×1 · 6 filas · az -20°",21-jun,1000,49.919,pareja 1,55.000000,55.000000,0.00000000,0
bt3dPairMaxMag,8,"Arequipa · valle 2 · N-S senoidal 2° · quebrado · alineadas ×1 · 6 filas · az -20°",21-jun,1000,49.919,pareja 2,55.000000,55.000000,0.00000000,0
bt3dPairMaxMag,8,"Arequipa · valle 2 · N-S senoidal 2° · quebrado · alineadas ×1 · 6 filas · az -20°",21-jun,1000,49.919,pareja 3,55.000000,55.000000,0.00000000,0
bt3dPairMaxMag,8,"Arequipa · valle 2 · N-S senoidal 2° · quebrado · alineadas ×1 · 6 filas · az -20°",21-jun,1000,49.919,pareja 4,55.000000,55.000000,0.00000000,0
bt3dPairMaxMag,8,"Arequipa · valle 2 · N-S senoidal 2° · quebrado · alineadas ×1 · 6 filas · az -20°",21-mar,1040,71.829,pareja 0,55.000000,55.000000,0.00000000,0
bt3dPairMaxMag,8,"Arequipa · valle 2 · N-S senoidal 2° · quebrado · alineadas ×1 · 6 filas · az -20°",21-mar,1040,71.829,pareja 1,55.000000,55.000000,0.00000000,0
bt3dPairMaxMag,8,"Arequipa · valle 2 · N-S senoidal 2° · quebrado · alineadas ×1 · 6 filas · az -20°",21-mar,1040,71.829,pareja 2,55.000000,55.000000,0.00000000,0
bt3dPairMaxMag,8,"Arequipa · valle 2 · N-S senoidal 2° · quebrado · alineadas ×1 · 6 filas · az -20°",21-mar,1040,71.829,pareja 3,55.000000,55.000000,0.00000000,0
bt3dPairMaxMag,8,"Arequipa · valle 2 · N-S senoidal 2° · quebrado · alineadas ×1 · 6 filas · az -20°",21-mar,1040,71.829,pareja 4,55.000000,55.000000,0.00000000,0
bt3dPairMaxMag,8,"Arequipa · valle 2 · N-S senoidal 2° · quebrado · alineadas ×1 · 6 filas · az -20°",21-mar,1180,45.748,pareja 0,55.000000,55.000000,0.00000000,0
bt3dPairMaxMag,8,"Arequipa · valle 2 · N-S senoidal 2° · quebrado · alineadas ×1 · 6 filas · az -20°",21-mar,1180,45.748,pareja 1,55.000000,55.000000,0.00000000,0
bt3dPairMaxMag,8,"Arequipa · valle 2 · N-S senoidal 2° · quebrado · alineadas ×1 · 6 filas · az -20°",21-mar,1180,45.748,pareja 2,55.000000,55.000000,0.00000000,0
bt3dPairMaxMag,8,"Arequipa · valle 2 · N-S senoidal 2° · quebrado · alineadas ×1 · 6 filas · az -20°",21-mar,1180,45.748,pareja 3,55.000000,55.000000,0.00000000,0
bt3dPairMaxMag,8,"Arequipa · valle 2 · N-S senoidal 2° · quebrado · alineadas ×1 · 6 filas · az -20°",21-mar,1180,45.748,pareja 4,55.000000,55.000000,0.00000000,0
bt3dPairMaxMag,8,"Arequipa · valle 2 · N-S senoidal 2° · quebrado · alineadas ×1 · 6 filas · az -20°",21-dic,800,41.545,pareja 0,55.000000,55.000000,0.00000000,0
bt3dPairMaxMag,8,"Arequipa · valle 2 · N-S senoidal 2° · quebrado · alineadas ×1 · 6 filas · az -20°",21-dic,800,41.545,pareja 1,55.000000,55.000000,0.00000000,0
bt3dPairMaxMag,8,"Arequipa · valle 2 · N-S senoidal 2° · quebrado · alineadas ×1 · 6 filas · az -20°",21-dic,800,41.545,pareja 2,55.000000,55.000000,0.00000000,0
bt3dPairMaxMag,8,"Arequipa · valle 2 · N-S senoidal 2° · quebrado · alineadas ×1 · 6 filas · az -20°",21-dic,800,41.545,pareja 3,55.000000,55.000000,0.00000000,0
bt3dPairMaxMag,8,"Arequipa · valle 2 · N-S senoidal 2° · quebrado · alineadas ×1 · 6 filas · az -20°",21-dic,800,41.545,pareja 4,55.000000,55.000000,0.00000000,0
bt3dPairMaxMag,8,"Arequipa · valle 2 · N-S senoidal 2° · quebrado · alineadas ×1 · 6 filas · az -20°",21-dic,840,50.710,pareja 0,55.000000,55.000000,0.00000000,0
bt3dPairMaxMag,8,"Arequipa · valle 2 · N-S senoidal 2° · quebrado · alineadas ×1 · 6 filas · az -20°",21-dic,840,50.710,pareja 1,55.000000,55.000000,0.00000000,0
bt3dPairMaxMag,8,"Arequipa · valle 2 · N-S senoidal 2° · quebrado · alineadas ×1 · 6 filas · az -20°",21-dic,840,50.710,pareja 2,55.000000,55.000000,0.00000000,0
bt3dPairMaxMag,8,"Arequipa · valle 2 · N-S senoidal 2° · quebrado · alineadas ×1 · 6 filas · az -20°",21-dic,840,50.710,pareja 3,55.000000,55.000000,0.00000000,0
bt3dPairMaxMag,8,"Arequipa · valle 2 · N-S senoidal 2° · quebrado · alineadas ×1 · 6 filas · az -20°",21-dic,840,50.710,pareja 4,55.000000,55.000000,0.00000000,0
bt3dPairMaxMag,8,"Arequipa · valle 2 · N-S senoidal 2° · quebrado · alineadas ×1 · 6 filas · az -20°",21-dic,880,59.846,pareja 0,55.000000,55.000000,0.00000000,0
bt3dPairMaxMag,8,"Arequipa · valle 2 · N-S senoidal 2° · quebrado · alineadas ×1 · 6 filas · az -20°",21-dic,880,59.846,pareja 1,55.000000,55.000000,0.00000000,0
bt3dPairMaxMag,8,"Arequipa · valle 2 · N-S senoidal 2° · quebrado · alineadas ×1 · 6 filas · az -20°",21-dic,880,59.846,pareja 2,55.000000,55.000000,0.00000000,0
bt3dPairMaxMag,8,"Arequipa · valle 2 · N-S senoidal 2° · quebrado · alineadas ×1 · 6 filas · az -20°",21-dic,880,59.846,pareja 3,55.000000,55.000000,0.00000000,0
bt3dPairMaxMag,8,"Arequipa · valle 2 · N-S senoidal 2° · quebrado · alineadas ×1 · 6 filas · az -20°",21-dic,880,59.846,pareja 4,55.000000,55.000000,0.00000000,0
bt3dPairMaxMag,9,"Zaragoza · pendiente -10 · N-S senoidal 4° · mono · alineadas ×1 · 6 filas · az 15°",21-jun,940,42.079,pareja 0,55.000000,55.000000,0.00000000,0
bt3dPairMaxMag,9,"Zaragoza · pendiente -10 · N-S senoidal 4° · mono · alineadas ×1 · 6 filas · az 15°",21-jun,940,42.079,pareja 1,55.000000,55.000000,0.00000000,0
bt3dPairMaxMag,9,"Zaragoza · pendiente -10 · N-S senoidal 4° · mono · alineadas ×1 · 6 filas · az 15°",21-jun,940,42.079,pareja 2,55.000000,55.000000,0.00000000,0
bt3dPairMaxMag,9,"Zaragoza · pendiente -10 · N-S senoidal 4° · mono · alineadas ×1 · 6 filas · az 15°",21-jun,940,42.079,pareja 3,55.000000,55.000000,0.00000000,0
bt3dPairMaxMag,9,"Zaragoza · pendiente -10 · N-S senoidal 4° · mono · alineadas ×1 · 6 filas · az 15°",21-jun,940,42.079,pareja 4,55.000000,55.000000,0.00000000,0
bt3dPairMaxMag,9,"Zaragoza · pendiente -10 · N-S senoidal 4° · mono · alineadas ×1 · 6 filas · az 15°",21-mar,600,39.364,pareja 0,55.000000,55.000000,0.00000000,0
bt3dPairMaxMag,9,"Zaragoza · pendiente -10 · N-S senoidal 4° · mono · alineadas ×1 · 6 filas · az 15°",21-mar,600,39.364,pareja 1,55.000000,55.000000,0.00000000,0
bt3dPairMaxMag,9,"Zaragoza · pendiente -10 · N-S senoidal 4° · mono · alineadas ×1 · 6 filas · az 15°",21-mar,600,39.364,pareja 2,55.000000,55.000000,0.00000000,0
bt3dPairMaxMag,9,"Zaragoza · pendiente -10 · N-S senoidal 4° · mono · alineadas ×1 · 6 filas · az 15°",21-mar,600,39.364,pareja 3,55.000000,55.000000,0.00000000,0
bt3dPairMaxMag,9,"Zaragoza · pendiente -10 · N-S senoidal 4° · mono · alineadas ×1 · 6 filas · az 15°",21-mar,600,39.364,pareja 4,55.000000,55.000000,0.00000000,0
bt3dPairMaxMag,9,"Zaragoza · pendiente -10 · N-S senoidal 4° · mono · alineadas ×1 · 6 filas · az 15°",21-mar,900,33.860,pareja 0,55.000000,55.000000,0.00000000,0
bt3dPairMaxMag,9,"Zaragoza · pendiente -10 · N-S senoidal 4° · mono · alineadas ×1 · 6 filas · az 15°",21-mar,900,33.860,pareja 1,55.000000,55.000000,0.00000000,0
bt3dPairMaxMag,9,"Zaragoza · pendiente -10 · N-S senoidal 4° · mono · alineadas ×1 · 6 filas · az 15°",21-mar,900,33.860,pareja 2,55.000000,55.000000,0.00000000,0
bt3dPairMaxMag,9,"Zaragoza · pendiente -10 · N-S senoidal 4° · mono · alineadas ×1 · 6 filas · az 15°",21-mar,900,33.860,pareja 3,55.000000,55.000000,0.00000000,0
bt3dPairMaxMag,9,"Zaragoza · pendiente -10 · N-S senoidal 4° · mono · alineadas ×1 · 6 filas · az 15°",21-mar,900,33.860,pareja 4,55.000000,55.000000,0.00000000,0
bt3dPairMaxMag,9,"Zaragoza · pendiente -10 · N-S senoidal 4° · mono · alineadas ×1 · 6 filas · az 15°",21-dic,920,10.471,pareja 0,55.000000,55.000000,0.00000000,0
bt3dPairMaxMag,9,"Zaragoza · pendiente -10 · N-S senoidal 4° · mono · alineadas ×1 · 6 filas · az 15°",21-dic,920,10.471,pareja 1,55.000000,55.000000,0.00000000,0
bt3dPairMaxMag,9,"Zaragoza · pendiente -10 · N-S senoidal 4° · mono · alineadas ×1 · 6 filas · az 15°",21-dic,920,10.471,pareja 2,55.000000,55.000000,0.00000000,0
bt3dPairMaxMag,9,"Zaragoza · pendiente -10 · N-S senoidal 4° · mono · alineadas ×1 · 6 filas · az 15°",21-dic,920,10.471,pareja 3,55.000000,55.000000,0.00000000,0
bt3dPairMaxMag,9,"Zaragoza · pendiente -10 · N-S senoidal 4° · mono · alineadas ×1 · 6 filas · az 15°",21-dic,920,10.471,pareja 4,55.000000,55.000000,0.00000000,0
bt3dPairMaxMag,10,"Zaragoza · valle 1 · N-S senoidal 4° · quebrado · alineadas ×2 · 10 filas · az -20°",21-jun,500,40.208,pareja 0,55.000000,55.000000,0.00000000,0
bt3dPairMaxMag,10,"Zaragoza · valle 1 · N-S senoidal 4° · quebrado · alineadas ×2 · 10 filas · az -20°",21-jun,500,40.208,pareja 1,55.000000,55.000000,0.00000000,0
bt3dPairMaxMag,10,"Zaragoza · valle 1 · N-S senoidal 4° · quebrado · alineadas ×2 · 10 filas · az -20°",21-jun,500,40.208,pareja 2,55.000000,55.000000,0.00000000,0
bt3dPairMaxMag,10,"Zaragoza · valle 1 · N-S senoidal 4° · quebrado · alineadas ×2 · 10 filas · az -20°",21-jun,500,40.208,pareja 3,55.000000,55.000000,0.00000000,0
bt3dPairMaxMag,10,"Zaragoza · valle 1 · N-S senoidal 4° · quebrado · alineadas ×2 · 10 filas · az -20°",21-jun,500,40.208,pareja 4,55.000000,55.000000,0.00000000,0
bt3dPairMaxMag,10,"Zaragoza · valle 1 · N-S senoidal 4° · quebrado · alineadas ×2 · 10 filas · az -20°",21-jun,500,40.208,pareja 5,55.000000,55.000000,0.00000000,0
bt3dPairMaxMag,10,"Zaragoza · valle 1 · N-S senoidal 4° · quebrado · alineadas ×2 · 10 filas · az -20°",21-jun,500,40.208,pareja 6,55.000000,55.000000,0.00000000,0
bt3dPairMaxMag,10,"Zaragoza · valle 1 · N-S senoidal 4° · quebrado · alineadas ×2 · 10 filas · az -20°",21-jun,500,40.208,pareja 7,55.000000,55.000000,0.00000000,0
bt3dPairMaxMag,10,"Zaragoza · valle 1 · N-S senoidal 4° · quebrado · alineadas ×2 · 10 filas · az -20°",21-jun,500,40.208,pareja 8,55.000000,55.000000,0.00000000,0
bt3dPairMaxMag,10,"Zaragoza · valle 1 · N-S senoidal 4° · quebrado · alineadas ×2 · 10 filas · az -20°",21-dic,600,19.230,pareja 0,55.000000,55.000000,0.00000000,0
bt3dPairMaxMag,10,"Zaragoza · valle 1 · N-S senoidal 4° · quebrado · alineadas ×2 · 10 filas · az -20°",21-dic,600,19.230,pareja 1,55.000000,55.000000,0.00000000,0
bt3dPairMaxMag,10,"Zaragoza · valle 1 · N-S senoidal 4° · quebrado · alineadas ×2 · 10 filas · az -20°",21-dic,600,19.230,pareja 2,55.000000,55.000000,0.00000000,0
bt3dPairMaxMag,10,"Zaragoza · valle 1 · N-S senoidal 4° · quebrado · alineadas ×2 · 10 filas · az -20°",21-dic,600,19.230,pareja 3,55.000000,55.000000,0.00000000,0
bt3dPairMaxMag,10,"Zaragoza · valle 1 · N-S senoidal 4° · quebrado · alineadas ×2 · 10 filas · az -20°",21-dic,600,19.230,pareja 4,55.000000,55.000000,0.00000000,0
bt3dPairMaxMag,10,"Zaragoza · valle 1 · N-S senoidal 4° · quebrado · alineadas ×2 · 10 filas · az -20°",21-dic,600,19.230,pareja 5,55.000000,55.000000,0.00000000,0
bt3dPairMaxMag,10,"Zaragoza · valle 1 · N-S senoidal 4° · quebrado · alineadas ×2 · 10 filas · az -20°",21-dic,600,19.230,pareja 6,55.000000,55.000000,0.00000000,0
bt3dPairMaxMag,10,"Zaragoza · valle 1 · N-S senoidal 4° · quebrado · alineadas ×2 · 10 filas · az -20°",21-dic,600,19.230,pareja 7,55.000000,55.000000,0.00000000,0
bt3dPairMaxMag,10,"Zaragoza · valle 1 · N-S senoidal 4° · quebrado · alineadas ×2 · 10 filas · az -20°",21-dic,600,19.230,pareja 8,55.000000,55.000000,0.00000000,0
bt3dPairMaxMag,10,"Zaragoza · valle 1 · N-S senoidal 4° · quebrado · alineadas ×2 · 10 filas · az -20°",21-dic,780,23.615,pareja 0,55.000000,55.000000,0.00000000,0
bt3dPairMaxMag,10,"Zaragoza · valle 1 · N-S senoidal 4° · quebrado · alineadas ×2 · 10 filas · az -20°",21-dic,780,23.615,pareja 1,55.000000,55.000000,0.00000000,0
bt3dPairMaxMag,10,"Zaragoza · valle 1 · N-S senoidal 4° · quebrado · alineadas ×2 · 10 filas · az -20°",21-dic,780,23.615,pareja 2,55.000000,55.000000,0.00000000,0
bt3dPairMaxMag,10,"Zaragoza · valle 1 · N-S senoidal 4° · quebrado · alineadas ×2 · 10 filas · az -20°",21-dic,780,23.615,pareja 3,55.000000,55.000000,0.00000000,0
bt3dPairMaxMag,10,"Zaragoza · valle 1 · N-S senoidal 4° · quebrado · alineadas ×2 · 10 filas · az -20°",21-dic,780,23.615,pareja 4,55.000000,55.000000,0.00000000,0
bt3dPairMaxMag,10,"Zaragoza · valle 1 · N-S senoidal 4° · quebrado · alineadas ×2 · 10 filas · az -20°",21-dic,780,23.615,pareja 5,55.000000,55.000000,0.00000000,0
bt3dPairMaxMag,10,"Zaragoza · valle 1 · N-S senoidal 4° · quebrado · alineadas ×2 · 10 filas · az -20°",21-dic,780,23.615,pareja 6,55.000000,55.000000,0.00000000,0
bt3dPairMaxMag,10,"Zaragoza · valle 1 · N-S senoidal 4° · quebrado · alineadas ×2 · 10 filas · az -20°",21-dic,780,23.615,pareja 7,55.000000,55.000000,0.00000000,0
bt3dPairMaxMag,10,"Zaragoza · valle 1 · N-S senoidal 4° · quebrado · alineadas ×2 · 10 filas · az -20°",21-dic,780,23.615,pareja 8,55.000000,55.000000,0.00000000,0
bt3dPairMaxMag,11,"Arequipa · llano · N-S constante 0° · mono · medios ×2 · 6 filas · az 0°",21-mar,840,43.826,pareja 0,55.000000,55.000000,0.00000000,0
bt3dPairMaxMag,11,"Arequipa · llano · N-S constante 0° · mono · medios ×2 · 6 filas · az 0°",21-mar,840,43.826,pareja 1,55.000000,55.000000,0.00000000,0
bt3dPairMaxMag,11,"Arequipa · llano · N-S constante 0° · mono · medios ×2 · 6 filas · az 0°",21-mar,840,43.826,pareja 2,55.000000,55.000000,0.00000000,0
bt3dPairMaxMag,11,"Arequipa · llano · N-S constante 0° · mono · medios ×2 · 6 filas · az 0°",21-mar,840,43.826,pareja 3,55.000000,55.000000,0.00000000,0
bt3dPairMaxMag,11,"Arequipa · llano · N-S constante 0° · mono · medios ×2 · 6 filas · az 0°",21-mar,840,43.826,pareja 4,55.000000,55.000000,0.00000000,0
bt3dPairMaxMag,11,"Arequipa · llano · N-S constante 0° · mono · medios ×2 · 6 filas · az 0°",21-mar,980,71.001,pareja 0,55.000000,55.000000,0.00000000,0
bt3dPairMaxMag,11,"Arequipa · llano · N-S constante 0° · mono · medios ×2 · 6 filas · az 0°",21-mar,980,71.001,pareja 1,55.000000,55.000000,0.00000000,0
bt3dPairMaxMag,11,"Arequipa · llano · N-S constante 0° · mono · medios ×2 · 6 filas · az 0°",21-mar,980,71.001,pareja 2,55.000000,55.000000,0.00000000,0
bt3dPairMaxMag,11,"Arequipa · llano · N-S constante 0° · mono · medios ×2 · 6 filas · az 0°",21-mar,980,71.001,pareja 3,55.000000,55.000000,0.00000000,0
bt3dPairMaxMag,11,"Arequipa · llano · N-S constante 0° · mono · medios ×2 · 6 filas · az 0°",21-mar,980,71.001,pareja 4,55.000000,55.000000,0.00000000,0
bt3dPairMaxMag,12,"Zaragoza · aleatorio 42 · N-S aleatorio 2° · mono · tresbolillo ×1 · 6 filas · az -20°",21-jun,540,47.627,pareja 0,55.000000,55.000000,0.00000000,0
bt3dPairMaxMag,12,"Zaragoza · aleatorio 42 · N-S aleatorio 2° · mono · tresbolillo ×1 · 6 filas · az -20°",21-jun,540,47.627,pareja 1,55.000000,55.000000,0.00000000,0
bt3dPairMaxMag,12,"Zaragoza · aleatorio 42 · N-S aleatorio 2° · mono · tresbolillo ×1 · 6 filas · az -20°",21-jun,540,47.627,pareja 2,55.000000,55.000000,0.00000000,0
bt3dPairMaxMag,12,"Zaragoza · aleatorio 42 · N-S aleatorio 2° · mono · tresbolillo ×1 · 6 filas · az -20°",21-jun,540,47.627,pareja 3,55.000000,55.000000,0.00000000,0
bt3dPairMaxMag,12,"Zaragoza · aleatorio 42 · N-S aleatorio 2° · mono · tresbolillo ×1 · 6 filas · az -20°",21-jun,540,47.627,pareja 4,55.000000,55.000000,0.00000000,0
bt3dPairMaxMag,12,"Zaragoza · aleatorio 42 · N-S aleatorio 2° · mono · tresbolillo ×1 · 6 filas · az -20°",21-mar,760,48.259,pareja 0,55.000000,55.000000,0.00000000,0
bt3dPairMaxMag,12,"Zaragoza · aleatorio 42 · N-S aleatorio 2° · mono · tresbolillo ×1 · 6 filas · az -20°",21-mar,760,48.259,pareja 1,55.000000,55.000000,0.00000000,0
bt3dPairMaxMag,12,"Zaragoza · aleatorio 42 · N-S aleatorio 2° · mono · tresbolillo ×1 · 6 filas · az -20°",21-mar,760,48.259,pareja 2,55.000000,55.000000,0.00000000,0
bt3dPairMaxMag,12,"Zaragoza · aleatorio 42 · N-S aleatorio 2° · mono · tresbolillo ×1 · 6 filas · az -20°",21-mar,760,48.259,pareja 3,55.000000,55.000000,0.00000000,0
bt3dPairMaxMag,12,"Zaragoza · aleatorio 42 · N-S aleatorio 2° · mono · tresbolillo ×1 · 6 filas · az -20°",21-mar,760,48.259,pareja 4,55.000000,55.000000,0.00000000,0
bt3dPairMaxMag,12,"Zaragoza · aleatorio 42 · N-S aleatorio 2° · mono · tresbolillo ×1 · 6 filas · az -20°",21-dic,660,23.493,pareja 0,55.000000,55.000000,0.00000000,0
bt3dPairMaxMag,12,"Zaragoza · aleatorio 42 · N-S aleatorio 2° · mono · tresbolillo ×1 · 6 filas · az -20°",21-dic,660,23.493,pareja 1,55.000000,55.000000,0.00000000,0
bt3dPairMaxMag,12,"Zaragoza · aleatorio 42 · N-S aleatorio 2° · mono · tresbolillo ×1 · 6 filas · az -20°",21-dic,660,23.493,pareja 2,55.000000,55.000000,0.00000000,0
bt3dPairMaxMag,12,"Zaragoza · aleatorio 42 · N-S aleatorio 2° · mono · tresbolillo ×1 · 6 filas · az -20°",21-dic,660,23.493,pareja 3,55.000000,55.000000,0.00000000,0
bt3dPairMaxMag,12,"Zaragoza · aleatorio 42 · N-S aleatorio 2° · mono · tresbolillo ×1 · 6 filas · az -20°",21-dic,660,23.493,pareja 4,55.000000,55.000000,0.00000000,0
bt3dPairMaxMag,13,"Arequipa · pendiente 10 · N-S rotula 4° · mono · alineadas ×1 · 6 filas · az 0°",21-jun,940,46.569,pareja 0,55.000000,55.000000,0.00000000,0
bt3dPairMaxMag,13,"Arequipa · pendiente 10 · N-S rotula 4° · mono · alineadas ×1 · 6 filas · az 0°",21-jun,940,46.569,pareja 1,55.000000,55.000000,0.00000000,0
bt3dPairMaxMag,13,"Arequipa · pendiente 10 · N-S rotula 4° · mono · alineadas ×1 · 6 filas · az 0°",21-jun,940,46.569,pareja 2,55.000000,55.000000,0.00000000,0
bt3dPairMaxMag,13,"Arequipa · pendiente 10 · N-S rotula 4° · mono · alineadas ×1 · 6 filas · az 0°",21-jun,940,46.569,pareja 3,55.000000,55.000000,0.00000000,0
bt3dPairMaxMag,13,"Arequipa · pendiente 10 · N-S rotula 4° · mono · alineadas ×1 · 6 filas · az 0°",21-jun,940,46.569,pareja 4,55.000000,55.000000,0.00000000,0
bt3dPairMaxMag,13,"Arequipa · pendiente 10 · N-S rotula 4° · mono · alineadas ×1 · 6 filas · az 0°",21-dic,1080,71.222,pareja 0,55.000000,55.000000,0.00000000,0
bt3dPairMaxMag,13,"Arequipa · pendiente 10 · N-S rotula 4° · mono · alineadas ×1 · 6 filas · az 0°",21-dic,1080,71.222,pareja 1,55.000000,55.000000,0.00000000,0
bt3dPairMaxMag,13,"Arequipa · pendiente 10 · N-S rotula 4° · mono · alineadas ×1 · 6 filas · az 0°",21-dic,1080,71.222,pareja 2,55.000000,55.000000,0.00000000,0
bt3dPairMaxMag,13,"Arequipa · pendiente 10 · N-S rotula 4° · mono · alineadas ×1 · 6 filas · az 0°",21-dic,1080,71.222,pareja 3,55.000000,55.000000,0.00000000,0
bt3dPairMaxMag,13,"Arequipa · pendiente 10 · N-S rotula 4° · mono · alineadas ×1 · 6 filas · az 0°",21-dic,1080,71.222,pareja 4,55.000000,55.000000,0.00000000,0
bt3dPairMaxMag,14,"Zaragoza · aleatorio 42 · N-S constante 0° · mono · medios ×1 · 6 filas · az 0°",21-jun,380,18.045,pareja 4,55.000000,55.000000,0.00000000,0
bt3dPairMaxMag,14,"Zaragoza · aleatorio 42 · N-S constante 0° · mono · medios ×1 · 6 filas · az 0°",21-mar,720,48.724,pareja 0,55.000000,55.000000,0.00000000,0
bt3dPairMaxMag,14,"Zaragoza · aleatorio 42 · N-S constante 0° · mono · medios ×1 · 6 filas · az 0°",21-mar,720,48.724,pareja 1,55.000000,55.000000,0.00000000,0
bt3dPairMaxMag,14,"Zaragoza · aleatorio 42 · N-S constante 0° · mono · medios ×1 · 6 filas · az 0°",21-mar,720,48.724,pareja 2,55.000000,55.000000,0.00000000,0
bt3dPairMaxMag,14,"Zaragoza · aleatorio 42 · N-S constante 0° · mono · medios ×1 · 6 filas · az 0°",21-mar,720,48.724,pareja 3,55.000000,55.000000,0.00000000,0
bt3dPairMaxMag,14,"Zaragoza · aleatorio 42 · N-S constante 0° · mono · medios ×1 · 6 filas · az 0°",21-mar,720,48.724,pareja 4,55.000000,55.000000,0.00000000,0
bt3dPairMaxMag,14,"Zaragoza · aleatorio 42 · N-S constante 0° · mono · medios ×1 · 6 filas · az 0°",21-dic,780,23.615,pareja 0,55.000000,55.000000,0.00000000,0
bt3dPairMaxMag,14,"Zaragoza · aleatorio 42 · N-S constante 0° · mono · medios ×1 · 6 filas · az 0°",21-dic,780,23.615,pareja 1,55.000000,55.000000,0.00000000,0
bt3dPairMaxMag,14,"Zaragoza · aleatorio 42 · N-S constante 0° · mono · medios ×1 · 6 filas · az 0°",21-dic,780,23.615,pareja 2,55.000000,55.000000,0.00000000,0
bt3dPairMaxMag,14,"Zaragoza · aleatorio 42 · N-S constante 0° · mono · medios ×1 · 6 filas · az 0°",21-dic,780,23.615,pareja 3,55.000000,55.000000,0.00000000,0
bt3dPairMaxMag,14,"Zaragoza · aleatorio 42 · N-S constante 0° · mono · medios ×1 · 6 filas · az 0°",21-dic,780,23.615,pareja 4,55.000000,55.000000,0.00000000,0
bt3dPairMaxMag,15,"Zaragoza · cresta 1 · N-S rotula 4° · quebrado · alineadas ×1 · 8 filas · az 15°",21-jun,440,29.019,pareja 0,55.000000,55.000000,0.00000000,0
bt3dPairMaxMag,15,"Zaragoza · cresta 1 · N-S rotula 4° · quebrado · alineadas ×1 · 8 filas · az 15°",21-jun,440,29.019,pareja 1,55.000000,55.000000,0.00000000,0
bt3dPairMaxMag,15,"Zaragoza · cresta 1 · N-S rotula 4° · quebrado · alineadas ×1 · 8 filas · az 15°",21-jun,440,29.019,pareja 2,55.000000,55.000000,0.00000000,0
bt3dPairMaxMag,15,"Zaragoza · cresta 1 · N-S rotula 4° · quebrado · alineadas ×1 · 8 filas · az 15°",21-jun,440,29.019,pareja 3,55.000000,55.000000,0.00000000,0
bt3dPairMaxMag,15,"Zaragoza · cresta 1 · N-S rotula 4° · quebrado · alineadas ×1 · 8 filas · az 15°",21-jun,440,29.019,pareja 4,55.000000,55.000000,0.00000000,0
bt3dPairMaxMag,15,"Zaragoza · cresta 1 · N-S rotula 4° · quebrado · alineadas ×1 · 8 filas · az 15°",21-jun,440,29.019,pareja 5,55.000000,55.000000,0.00000000,0
bt3dPairMaxMag,15,"Zaragoza · cresta 1 · N-S rotula 4° · quebrado · alineadas ×1 · 8 filas · az 15°",21-jun,440,29.019,pareja 6,55.000000,55.000000,0.00000000,0
bt3dPairMaxMag,15,"Zaragoza · cresta 1 · N-S rotula 4° · quebrado · alineadas ×1 · 8 filas · az 15°",21-jun,820,63.162,pareja 0,55.000000,55.000000,0.00000000,0
bt3dPairMaxMag,15,"Zaragoza · cresta 1 · N-S rotula 4° · quebrado · alineadas ×1 · 8 filas · az 15°",21-jun,820,63.162,pareja 1,55.000000,55.000000,0.00000000,0
bt3dPairMaxMag,15,"Zaragoza · cresta 1 · N-S rotula 4° · quebrado · alineadas ×1 · 8 filas · az 15°",21-jun,820,63.162,pareja 2,55.000000,55.000000,0.00000000,0
bt3dPairMaxMag,15,"Zaragoza · cresta 1 · N-S rotula 4° · quebrado · alineadas ×1 · 8 filas · az 15°",21-jun,820,63.162,pareja 3,55.000000,55.000000,0.00000000,0
bt3dPairMaxMag,15,"Zaragoza · cresta 1 · N-S rotula 4° · quebrado · alineadas ×1 · 8 filas · az 15°",21-jun,820,63.162,pareja 4,55.000000,55.000000,0.00000000,0
bt3dPairMaxMag,15,"Zaragoza · cresta 1 · N-S rotula 4° · quebrado · alineadas ×1 · 8 filas · az 15°",21-jun,820,63.162,pareja 5,55.000000,55.000000,0.00000000,0
bt3dPairMaxMag,15,"Zaragoza · cresta 1 · N-S rotula 4° · quebrado · alineadas ×1 · 8 filas · az 15°",21-jun,820,63.162,pareja 6,55.000000,55.000000,0.00000000,0
bt3dPairMaxMag,15,"Zaragoza · cresta 1 · N-S rotula 4° · quebrado · alineadas ×1 · 8 filas · az 15°",21-mar,500,23.882,pareja 3,55.000000,55.000000,0.00000000,0
bt3dPairMaxMag,15,"Zaragoza · cresta 1 · N-S rotula 4° · quebrado · alineadas ×1 · 8 filas · az 15°",21-mar,500,23.882,pareja 4,55.000000,55.000000,0.00000000,0
bt3dPairMaxMag,15,"Zaragoza · cresta 1 · N-S rotula 4° · quebrado · alineadas ×1 · 8 filas · az 15°",21-mar,500,23.882,pareja 5,55.000000,55.000000,0.00000000,0
bt3dPairMaxMag,15,"Zaragoza · cresta 1 · N-S rotula 4° · quebrado · alineadas ×1 · 8 filas · az 15°",21-mar,500,23.882,pareja 6,55.000000,55.000000,0.00000000,0
bt3dPairMaxMag,15,"Zaragoza · cresta 1 · N-S rotula 4° · quebrado · alineadas ×1 · 8 filas · az 15°",21-dic,740,24.876,pareja 0,55.000000,55.000000,0.00000000,0
bt3dPairMaxMag,15,"Zaragoza · cresta 1 · N-S rotula 4° · quebrado · alineadas ×1 · 8 filas · az 15°",21-dic,740,24.876,pareja 1,55.000000,55.000000,0.00000000,0
bt3dPairMaxMag,15,"Zaragoza · cresta 1 · N-S rotula 4° · quebrado · alineadas ×1 · 8 filas · az 15°",21-dic,740,24.876,pareja 2,55.000000,55.000000,0.00000000,0
bt3dPairMaxMag,15,"Zaragoza · cresta 1 · N-S rotula 4° · quebrado · alineadas ×1 · 8 filas · az 15°",21-dic,740,24.876,pareja 3,55.000000,55.000000,0.00000000,0
bt3dPairMaxMag,15,"Zaragoza · cresta 1 · N-S rotula 4° · quebrado · alineadas ×1 · 8 filas · az 15°",21-dic,740,24.876,pareja 4,55.000000,55.000000,0.00000000,0
bt3dPairMaxMag,15,"Zaragoza · cresta 1 · N-S rotula 4° · quebrado · alineadas ×1 · 8 filas · az 15°",21-dic,740,24.876,pareja 5,55.000000,55.000000,0.00000000,0
bt3dPairMaxMag,15,"Zaragoza · cresta 1 · N-S rotula 4° · quebrado · alineadas ×1 · 8 filas · az 15°",21-dic,740,24.876,pareja 6,55.000000,55.000000,0.00000000,0
bt3dPairMaxMag,15,"Zaragoza · cresta 1 · N-S rotula 4° · quebrado · alineadas ×1 · 8 filas · az 15°",21-dic,840,19.460,pareja 0,55.000000,55.000000,0.00000000,0
bt3dPairMaxMag,15,"Zaragoza · cresta 1 · N-S rotula 4° · quebrado · alineadas ×1 · 8 filas · az 15°",21-dic,840,19.460,pareja 1,55.000000,55.000000,0.00000000,0
bt3dPairMaxMag,15,"Zaragoza · cresta 1 · N-S rotula 4° · quebrado · alineadas ×1 · 8 filas · az 15°",21-dic,840,19.460,pareja 2,55.000000,55.000000,0.00000000,0
bt3dPairMaxMag,15,"Zaragoza · cresta 1 · N-S rotula 4° · quebrado · alineadas ×1 · 8 filas · az 15°",21-dic,840,19.460,pareja 3,55.000000,55.000000,0.00000000,0
bt3dPairMaxMag,15,"Zaragoza · cresta 1 · N-S rotula 4° · quebrado · alineadas ×1 · 8 filas · az 15°",21-dic,840,19.460,pareja 4,55.000000,55.000000,0.00000000,0
bt3dPairMaxMag,15,"Zaragoza · cresta 1 · N-S rotula 4° · quebrado · alineadas ×1 · 8 filas · az 15°",21-dic,840,19.460,pareja 5,55.000000,55.000000,0.00000000,0
bt3dPairMaxMag,15,"Zaragoza · cresta 1 · N-S rotula 4° · quebrado · alineadas ×1 · 8 filas · az 15°",21-dic,840,19.460,pareja 6,55.000000,55.000000,0.00000000,0
bt3dPairMaxMag,16,"Arequipa · cresta 1 · N-S constante -3° · mono · alineadas ×1 · 10 filas · az 15°",21-jun,1140,38.786,pareja 0,55.000000,55.000000,0.00000000,0
bt3dPairMaxMag,16,"Arequipa · cresta 1 · N-S constante -3° · mono · alineadas ×1 · 10 filas · az 15°",21-jun,1140,38.786,pareja 1,55.000000,55.000000,0.00000000,0
bt3dPairMaxMag,16,"Arequipa · cresta 1 · N-S constante -3° · mono · alineadas ×1 · 10 filas · az 15°",21-jun,1140,38.786,pareja 2,55.000000,55.000000,0.00000000,0
bt3dPairMaxMag,16,"Arequipa · cresta 1 · N-S constante -3° · mono · alineadas ×1 · 10 filas · az 15°",21-jun,1140,38.786,pareja 3,55.000000,55.000000,0.00000000,0
bt3dPairMaxMag,16,"Arequipa · cresta 1 · N-S constante -3° · mono · alineadas ×1 · 10 filas · az 15°",21-jun,1140,38.786,pareja 4,55.000000,55.000000,0.00000000,0
bt3dPairMaxMag,16,"Arequipa · cresta 1 · N-S constante -3° · mono · alineadas ×1 · 10 filas · az 15°",21-jun,1140,38.786,pareja 5,55.000000,55.000000,0.00000000,0
bt3dPairMaxMag,16,"Arequipa · cresta 1 · N-S constante -3° · mono · alineadas ×1 · 10 filas · az 15°",21-jun,1140,38.786,pareja 6,55.000000,55.000000,0.00000000,0
bt3dPairMaxMag,16,"Arequipa · cresta 1 · N-S constante -3° · mono · alineadas ×1 · 10 filas · az 15°",21-jun,1140,38.786,pareja 7,55.000000,55.000000,0.00000000,0
bt3dPairMaxMag,16,"Arequipa · cresta 1 · N-S constante -3° · mono · alineadas ×1 · 10 filas · az 15°",21-jun,1140,38.786,pareja 8,55.000000,55.000000,0.00000000,0
bt3dPairMaxMag,16,"Arequipa · cresta 1 · N-S constante -3° · mono · alineadas ×1 · 10 filas · az 15°",21-mar,1160,50.247,pareja 0,55.000000,55.000000,0.00000000,0
bt3dPairMaxMag,16,"Arequipa · cresta 1 · N-S constante -3° · mono · alineadas ×1 · 10 filas · az 15°",21-mar,1160,50.247,pareja 1,55.000000,55.000000,0.00000000,0
bt3dPairMaxMag,16,"Arequipa · cresta 1 · N-S constante -3° · mono · alineadas ×1 · 10 filas · az 15°",21-mar,1160,50.247,pareja 2,55.000000,55.000000,0.00000000,0
bt3dPairMaxMag,16,"Arequipa · cresta 1 · N-S constante -3° · mono · alineadas ×1 · 10 filas · az 15°",21-mar,1160,50.247,pareja 3,55.000000,55.000000,0.00000000,0
bt3dPairMaxMag,16,"Arequipa · cresta 1 · N-S constante -3° · mono · alineadas ×1 · 10 filas · az 15°",21-mar,1160,50.247,pareja 4,55.000000,55.000000,0.00000000,0
bt3dPairMaxMag,16,"Arequipa · cresta 1 · N-S constante -3° · mono · alineadas ×1 · 10 filas · az 15°",21-mar,1160,50.247,pareja 5,55.000000,55.000000,0.00000000,0
bt3dPairMaxMag,16,"Arequipa · cresta 1 · N-S constante -3° · mono · alineadas ×1 · 10 filas · az 15°",21-mar,1160,50.247,pareja 6,55.000000,55.000000,0.00000000,0
bt3dPairMaxMag,16,"Arequipa · cresta 1 · N-S constante -3° · mono · alineadas ×1 · 10 filas · az 15°",21-mar,1160,50.247,pareja 7,55.000000,55.000000,0.00000000,0
bt3dPairMaxMag,16,"Arequipa · cresta 1 · N-S constante -3° · mono · alineadas ×1 · 10 filas · az 15°",21-mar,1160,50.247,pareja 8,55.000000,55.000000,0.00000000,0
bt3dPairMaxMag,17,"Arequipa · pendiente -3 · N-S senoidal 2° · bifila · tresbolillo ×1 · 6 filas · az 0°",21-mar,840,43.826,pareja 0,55.000000,55.000000,0.00000000,0
bt3dPairMaxMag,17,"Arequipa · pendiente -3 · N-S senoidal 2° · bifila · tresbolillo ×1 · 6 filas · az 0°",21-mar,840,43.826,pareja 1,55.000000,55.000000,0.00000000,0
bt3dPairMaxMag,17,"Arequipa · pendiente -3 · N-S senoidal 2° · bifila · tresbolillo ×1 · 6 filas · az 0°",21-mar,840,43.826,pareja 2,55.000000,55.000000,0.00000000,0
bt3dPairMaxMag,17,"Arequipa · pendiente -3 · N-S senoidal 2° · bifila · tresbolillo ×1 · 6 filas · az 0°",21-mar,840,43.826,pareja 3,55.000000,55.000000,0.00000000,0
bt3dPairMaxMag,17,"Arequipa · pendiente -3 · N-S senoidal 2° · bifila · tresbolillo ×1 · 6 filas · az 0°",21-mar,840,43.826,pareja 4,55.000000,55.000000,0.00000000,0
bt3dPairMaxMag,17,"Arequipa · pendiente -3 · N-S senoidal 2° · bifila · tresbolillo ×1 · 6 filas · az 0°",21-mar,1140,54.635,pareja 0,55.000000,55.000000,0.00000000,0
bt3dPairMaxMag,17,"Arequipa · pendiente -3 · N-S senoidal 2° · bifila · tresbolillo ×1 · 6 filas · az 0°",21-mar,1140,54.635,pareja 1,55.000000,55.000000,0.00000000,0
bt3dPairMaxMag,17,"Arequipa · pendiente -3 · N-S senoidal 2° · bifila · tresbolillo ×1 · 6 filas · az 0°",21-mar,1140,54.635,pareja 2,55.000000,55.000000,0.00000000,0
bt3dPairMaxMag,17,"Arequipa · pendiente -3 · N-S senoidal 2° · bifila · tresbolillo ×1 · 6 filas · az 0°",21-mar,1140,54.635,pareja 3,55.000000,55.000000,0.00000000,0
bt3dPairMaxMag,17,"Arequipa · pendiente -3 · N-S senoidal 2° · bifila · tresbolillo ×1 · 6 filas · az 0°",21-mar,1140,54.635,pareja 4,55.000000,55.000000,0.00000000,0
bt3dPairMaxMag,17,"Arequipa · pendiente -3 · N-S senoidal 2° · bifila · tresbolillo ×1 · 6 filas · az 0°",21-dic,1000,83.044,pareja 0,55.000000,55.000000,0.00000000,0
bt3dPairMaxMag,17,"Arequipa · pendiente -3 · N-S senoidal 2° · bifila · tresbolillo ×1 · 6 filas · az 0°",21-dic,1000,83.044,pareja 1,55.000000,55.000000,0.00000000,0
bt3dPairMaxMag,17,"Arequipa · pendiente -3 · N-S senoidal 2° · bifila · tresbolillo ×1 · 6 filas · az 0°",21-dic,1000,83.044,pareja 2,55.000000,55.000000,0.00000000,0
bt3dPairMaxMag,17,"Arequipa · pendiente -3 · N-S senoidal 2° · bifila · tresbolillo ×1 · 6 filas · az 0°",21-dic,1000,83.044,pareja 3,55.000000,55.000000,0.00000000,0
bt3dPairMaxMag,17,"Arequipa · pendiente -3 · N-S senoidal 2° · bifila · tresbolillo ×1 · 6 filas · az 0°",21-dic,1000,83.044,pareja 4,55.000000,55.000000,0.00000000,0
bt3dPairMaxMag,17,"Arequipa · pendiente -3 · N-S senoidal 2° · bifila · tresbolillo ×1 · 6 filas · az 0°",21-dic,1020,82.351,pareja 0,55.000000,55.000000,0.00000000,0
bt3dPairMaxMag,17,"Arequipa · pendiente -3 · N-S senoidal 2° · bifila · tresbolillo ×1 · 6 filas · az 0°",21-dic,1020,82.351,pareja 1,55.000000,55.000000,0.00000000,0
bt3dPairMaxMag,17,"Arequipa · pendiente -3 · N-S senoidal 2° · bifila · tresbolillo ×1 · 6 filas · az 0°",21-dic,1020,82.351,pareja 2,55.000000,55.000000,0.00000000,0
bt3dPairMaxMag,17,"Arequipa · pendiente -3 · N-S senoidal 2° · bifila · tresbolillo ×1 · 6 filas · az 0°",21-dic,1020,82.351,pareja 3,55.000000,55.000000,0.00000000,0
bt3dPairMaxMag,17,"Arequipa · pendiente -3 · N-S senoidal 2° · bifila · tresbolillo ×1 · 6 filas · az 0°",21-dic,1020,82.351,pareja 4,55.000000,55.000000,0.00000000,0
bt3dPairMaxMag,17,"Arequipa · pendiente -3 · N-S senoidal 2° · bifila · tresbolillo ×1 · 6 filas · az 0°",21-dic,1100,66.799,pareja 0,55.000000,55.000000,0.00000000,0
bt3dPairMaxMag,17,"Arequipa · pendiente -3 · N-S senoidal 2° · bifila · tresbolillo ×1 · 6 filas · az 0°",21-dic,1100,66.799,pareja 1,55.000000,55.000000,0.00000000,0
bt3dPairMaxMag,17,"Arequipa · pendiente -3 · N-S senoidal 2° · bifila · tresbolillo ×1 · 6 filas · az 0°",21-dic,1100,66.799,pareja 2,55.000000,55.000000,0.00000000,0
bt3dPairMaxMag,17,"Arequipa · pendiente -3 · N-S senoidal 2° · bifila · tresbolillo ×1 · 6 filas · az 0°",21-dic,1100,66.799,pareja 3,55.000000,55.000000,0.00000000,0
bt3dPairMaxMag,17,"Arequipa · pendiente -3 · N-S senoidal 2° · bifila · tresbolillo ×1 · 6 filas · az 0°",21-dic,1100,66.799,pareja 4,55.000000,55.000000,0.00000000,0
bt3dPairMaxMag,17,"Arequipa · pendiente -3 · N-S senoidal 2° · bifila · tresbolillo ×1 · 6 filas · az 0°",21-dic,1140,57.751,pareja 0,55.000000,55.000000,0.00000000,0
bt3dPairMaxMag,17,"Arequipa · pendiente -3 · N-S senoidal 2° · bifila · tresbolillo ×1 · 6 filas · az 0°",21-dic,1140,57.751,pareja 1,55.000000,55.000000,0.00000000,0
bt3dPairMaxMag,17,"Arequipa · pendiente -3 · N-S senoidal 2° · bifila · tresbolillo ×1 · 6 filas · az 0°",21-dic,1140,57.751,pareja 2,55.000000,55.000000,0.00000000,0
bt3dPairMaxMag,17,"Arequipa · pendiente -3 · N-S senoidal 2° · bifila · tresbolillo ×1 · 6 filas · az 0°",21-dic,1140,57.751,pareja 3,55.000000,55.000000,0.00000000,0
bt3dPairMaxMag,17,"Arequipa · pendiente -3 · N-S senoidal 2° · bifila · tresbolillo ×1 · 6 filas · az 0°",21-dic,1140,57.751,pareja 4,55.000000,55.000000,0.00000000,0
bt3dPairMaxMag,18,"Arequipa · cresta 1 · N-S aleatorio 3° · mono · tresbolillo ×2 · 6 filas · az 0°",21-jun,920,44.450,pareja 0,55.000000,55.000000,0.00000000,0
bt3dPairMaxMag,18,"Arequipa · cresta 1 · N-S aleatorio 3° · mono · tresbolillo ×2 · 6 filas · az 0°",21-jun,920,44.450,pareja 1,55.000000,55.000000,0.00000000,0
bt3dPairMaxMag,18,"Arequipa · cresta 1 · N-S aleatorio 3° · mono · tresbolillo ×2 · 6 filas · az 0°",21-jun,920,44.450,pareja 2,55.000000,55.000000,0.00000000,0
bt3dPairMaxMag,18,"Arequipa · cresta 1 · N-S aleatorio 3° · mono · tresbolillo ×2 · 6 filas · az 0°",21-jun,920,44.450,pareja 3,55.000000,55.000000,0.00000000,0
bt3dPairMaxMag,18,"Arequipa · cresta 1 · N-S aleatorio 3° · mono · tresbolillo ×2 · 6 filas · az 0°",21-jun,920,44.450,pareja 4,55.000000,55.000000,0.00000000,0
bt3dPairMaxMag,18,"Arequipa · cresta 1 · N-S aleatorio 3° · mono · tresbolillo ×2 · 6 filas · az 0°",21-jun,1140,38.786,pareja 0,55.000000,55.000000,0.00000000,0
bt3dPairMaxMag,18,"Arequipa · cresta 1 · N-S aleatorio 3° · mono · tresbolillo ×2 · 6 filas · az 0°",21-jun,1140,38.786,pareja 1,55.000000,55.000000,0.00000000,0
bt3dPairMaxMag,18,"Arequipa · cresta 1 · N-S aleatorio 3° · mono · tresbolillo ×2 · 6 filas · az 0°",21-jun,1140,38.786,pareja 2,55.000000,55.000000,0.00000000,0
bt3dPairMaxMag,18,"Arequipa · cresta 1 · N-S aleatorio 3° · mono · tresbolillo ×2 · 6 filas · az 0°",21-jun,1140,38.786,pareja 3,55.000000,55.000000,0.00000000,0
bt3dPairMaxMag,18,"Arequipa · cresta 1 · N-S aleatorio 3° · mono · tresbolillo ×2 · 6 filas · az 0°",21-jun,1140,38.786,pareja 4,55.000000,55.000000,0.00000000,0
bt3dPairMaxMag,18,"Arequipa · cresta 1 · N-S aleatorio 3° · mono · tresbolillo ×2 · 6 filas · az 0°",21-mar,840,43.826,pareja 0,55.000000,55.000000,0.00000000,0
bt3dPairMaxMag,18,"Arequipa · cresta 1 · N-S aleatorio 3° · mono · tresbolillo ×2 · 6 filas · az 0°",21-mar,840,43.826,pareja 1,55.000000,55.000000,0.00000000,0
bt3dPairMaxMag,18,"Arequipa · cresta 1 · N-S aleatorio 3° · mono · tresbolillo ×2 · 6 filas · az 0°",21-mar,840,43.826,pareja 2,55.000000,55.000000,0.00000000,0
bt3dPairMaxMag,18,"Arequipa · cresta 1 · N-S aleatorio 3° · mono · tresbolillo ×2 · 6 filas · az 0°",21-mar,840,43.826,pareja 3,55.000000,55.000000,0.00000000,0
bt3dPairMaxMag,18,"Arequipa · cresta 1 · N-S aleatorio 3° · mono · tresbolillo ×2 · 6 filas · az 0°",21-mar,840,43.826,pareja 4,55.000000,55.000000,0.00000000,0
bt3dPairMaxMag,18,"Arequipa · cresta 1 · N-S aleatorio 3° · mono · tresbolillo ×2 · 6 filas · az 0°",21-mar,1060,69.576,pareja 0,55.000000,55.000000,0.00000000,0
bt3dPairMaxMag,18,"Arequipa · cresta 1 · N-S aleatorio 3° · mono · tresbolillo ×2 · 6 filas · az 0°",21-mar,1060,69.576,pareja 1,55.000000,55.000000,0.00000000,0
bt3dPairMaxMag,18,"Arequipa · cresta 1 · N-S aleatorio 3° · mono · tresbolillo ×2 · 6 filas · az 0°",21-mar,1060,69.576,pareja 2,55.000000,55.000000,0.00000000,0
bt3dPairMaxMag,18,"Arequipa · cresta 1 · N-S aleatorio 3° · mono · tresbolillo ×2 · 6 filas · az 0°",21-mar,1060,69.576,pareja 3,55.000000,55.000000,0.00000000,0
bt3dPairMaxMag,18,"Arequipa · cresta 1 · N-S aleatorio 3° · mono · tresbolillo ×2 · 6 filas · az 0°",21-mar,1060,69.576,pareja 4,55.000000,55.000000,0.00000000,0
bt3dPairMaxMag,18,"Arequipa · cresta 1 · N-S aleatorio 3° · mono · tresbolillo ×2 · 6 filas · az 0°",21-dic,800,41.545,pareja 0,55.000000,55.000000,0.00000000,0
bt3dPairMaxMag,18,"Arequipa · cresta 1 · N-S aleatorio 3° · mono · tresbolillo ×2 · 6 filas · az 0°",21-dic,800,41.545,pareja 1,55.000000,55.000000,0.00000000,0
bt3dPairMaxMag,18,"Arequipa · cresta 1 · N-S aleatorio 3° · mono · tresbolillo ×2 · 6 filas · az 0°",21-dic,800,41.545,pareja 2,55.000000,55.000000,0.00000000,0
bt3dPairMaxMag,18,"Arequipa · cresta 1 · N-S aleatorio 3° · mono · tresbolillo ×2 · 6 filas · az 0°",21-dic,800,41.545,pareja 3,55.000000,55.000000,0.00000000,0
bt3dPairMaxMag,18,"Arequipa · cresta 1 · N-S aleatorio 3° · mono · tresbolillo ×2 · 6 filas · az 0°",21-dic,800,41.545,pareja 4,55.000000,55.000000,0.00000000,0
bt3dPairMaxMag,18,"Arequipa · cresta 1 · N-S aleatorio 3° · mono · tresbolillo ×2 · 6 filas · az 0°",21-dic,880,59.846,pareja 0,55.000000,55.000000,0.00000000,0
bt3dPairMaxMag,18,"Arequipa · cresta 1 · N-S aleatorio 3° · mono · tresbolillo ×2 · 6 filas · az 0°",21-dic,880,59.846,pareja 1,55.000000,55.000000,0.00000000,0
bt3dPairMaxMag,18,"Arequipa · cresta 1 · N-S aleatorio 3° · mono · tresbolillo ×2 · 6 filas · az 0°",21-dic,880,59.846,pareja 2,55.000000,55.000000,0.00000000,0
bt3dPairMaxMag,18,"Arequipa · cresta 1 · N-S aleatorio 3° · mono · tresbolillo ×2 · 6 filas · az 0°",21-dic,880,59.846,pareja 3,55.000000,55.000000,0.00000000,0
bt3dPairMaxMag,18,"Arequipa · cresta 1 · N-S aleatorio 3° · mono · tresbolillo ×2 · 6 filas · az 0°",21-dic,880,59.846,pareja 4,55.000000,55.000000,0.00000000,0
bt3dPairMaxMag,18,"Arequipa · cresta 1 · N-S aleatorio 3° · mono · tresbolillo ×2 · 6 filas · az 0°",21-dic,1080,71.222,pareja 0,55.000000,55.000000,0.00000000,0
bt3dPairMaxMag,18,"Arequipa · cresta 1 · N-S aleatorio 3° · mono · tresbolillo ×2 · 6 filas · az 0°",21-dic,1080,71.222,pareja 1,55.000000,55.000000,0.00000000,0
bt3dPairMaxMag,18,"Arequipa · cresta 1 · N-S aleatorio 3° · mono · tresbolillo ×2 · 6 filas · az 0°",21-dic,1080,71.222,pareja 2,55.000000,55.000000,0.00000000,0
bt3dPairMaxMag,18,"Arequipa · cresta 1 · N-S aleatorio 3° · mono · tresbolillo ×2 · 6 filas · az 0°",21-dic,1080,71.222,pareja 3,55.000000,55.000000,0.00000000,0
bt3dPairMaxMag,18,"Arequipa · cresta 1 · N-S aleatorio 3° · mono · tresbolillo ×2 · 6 filas · az 0°",21-dic,1080,71.222,pareja 4,55.000000,55.000000,0.00000000,0
bt3dPairMaxMag,19,"Zaragoza · pendiente 6 · N-S constante -3° · quebrado · alineadas ×1 · 10 filas · az -20°",21-jun,400,21.661,pareja 0,55.000000,55.000000,0.00000000,0
bt3dPairMaxMag,19,"Zaragoza · pendiente 6 · N-S constante -3° · quebrado · alineadas ×1 · 10 filas · az -20°",21-jun,400,21.661,pareja 1,55.000000,55.000000,0.00000000,0
bt3dPairMaxMag,19,"Zaragoza · pendiente 6 · N-S constante -3° · quebrado · alineadas ×1 · 10 filas · az -20°",21-jun,400,21.661,pareja 2,55.000000,55.000000,0.00000000,0
bt3dPairMaxMag,19,"Zaragoza · pendiente 6 · N-S constante -3° · quebrado · alineadas ×1 · 10 filas · az -20°",21-jun,400,21.661,pareja 3,55.000000,55.000000,0.00000000,0
bt3dPairMaxMag,19,"Zaragoza · pendiente 6 · N-S constante -3° · quebrado · alineadas ×1 · 10 filas · az -20°",21-jun,400,21.661,pareja 4,55.000000,55.000000,0.00000000,0
bt3dPairMaxMag,19,"Zaragoza · pendiente 6 · N-S constante -3° · quebrado · alineadas ×1 · 10 filas · az -20°",21-jun,400,21.661,pareja 5,55.000000,55.000000,0.00000000,0
bt3dPairMaxMag,19,"Zaragoza · pendiente 6 · N-S constante -3° · quebrado · alineadas ×1 · 10 filas · az -20°",21-jun,400,21.661,pareja 6,55.000000,55.000000,0.00000000,0
bt3dPairMaxMag,19,"Zaragoza · pendiente 6 · N-S constante -3° · quebrado · alineadas ×1 · 10 filas · az -20°",21-jun,400,21.661,pareja 7,55.000000,55.000000,0.00000000,0
bt3dPairMaxMag,19,"Zaragoza · pendiente 6 · N-S constante -3° · quebrado · alineadas ×1 · 10 filas · az -20°",21-jun,400,21.661,pareja 8,55.000000,55.000000,0.00000000,0
bt3dPairMaxMag,19,"Zaragoza · pendiente 6 · N-S constante -3° · quebrado · alineadas ×1 · 10 filas · az -20°",21-jun,580,54.844,pareja 0,55.000000,55.000000,0.00000000,0
bt3dPairMaxMag,19,"Zaragoza · pendiente 6 · N-S constante -3° · quebrado · alineadas ×1 · 10 filas · az -20°",21-jun,580,54.844,pareja 1,55.000000,55.000000,0.00000000,0
bt3dPairMaxMag,19,"Zaragoza · pendiente 6 · N-S constante -3° · quebrado · alineadas ×1 · 10 filas · az -20°",21-jun,580,54.844,pareja 2,55.000000,55.000000,0.00000000,0
bt3dPairMaxMag,19,"Zaragoza · pendiente 6 · N-S constante -3° · quebrado · alineadas ×1 · 10 filas · az -20°",21-jun,580,54.844,pareja 3,55.000000,55.000000,0.00000000,0
bt3dPairMaxMag,19,"Zaragoza · pendiente 6 · N-S constante -3° · quebrado · alineadas ×1 · 10 filas · az -20°",21-jun,580,54.844,pareja 4,55.000000,55.000000,0.00000000,0
bt3dPairMaxMag,19,"Zaragoza · pendiente 6 · N-S constante -3° · quebrado · alineadas ×1 · 10 filas · az -20°",21-jun,580,54.844,pareja 5,55.000000,55.000000,0.00000000,0
bt3dPairMaxMag,19,"Zaragoza · pendiente 6 · N-S constante -3° · quebrado · alineadas ×1 · 10 filas · az -20°",21-jun,580,54.844,pareja 6,55.000000,55.000000,0.00000000,0
bt3dPairMaxMag,19,"Zaragoza · pendiente 6 · N-S constante -3° · quebrado · alineadas ×1 · 10 filas · az -20°",21-jun,580,54.844,pareja 7,55.000000,55.000000,0.00000000,0
bt3dPairMaxMag,19,"Zaragoza · pendiente 6 · N-S constante -3° · quebrado · alineadas ×1 · 10 filas · az -20°",21-jun,580,54.844,pareja 8,55.000000,55.000000,0.00000000,0
bt3dPairMaxMag,19,"Zaragoza · pendiente 6 · N-S constante -3° · quebrado · alineadas ×1 · 10 filas · az -20°",21-jun,660,67.358,pareja 0,55.000000,55.000000,0.00000000,0
bt3dPairMaxMag,19,"Zaragoza · pendiente 6 · N-S constante -3° · quebrado · alineadas ×1 · 10 filas · az -20°",21-jun,660,67.358,pareja 1,55.000000,55.000000,0.00000000,0
bt3dPairMaxMag,19,"Zaragoza · pendiente 6 · N-S constante -3° · quebrado · alineadas ×1 · 10 filas · az -20°",21-jun,660,67.358,pareja 2,55.000000,55.000000,0.00000000,0
bt3dPairMaxMag,19,"Zaragoza · pendiente 6 · N-S constante -3° · quebrado · alineadas ×1 · 10 filas · az -20°",21-jun,660,67.358,pareja 3,55.000000,55.000000,0.00000000,0
bt3dPairMaxMag,19,"Zaragoza · pendiente 6 · N-S constante -3° · quebrado · alineadas ×1 · 10 filas · az -20°",21-jun,660,67.358,pareja 4,55.000000,55.000000,0.00000000,0
bt3dPairMaxMag,19,"Zaragoza · pendiente 6 · N-S constante -3° · quebrado · alineadas ×1 · 10 filas · az -20°",21-jun,660,67.358,pareja 5,55.000000,55.000000,0.00000000,0
bt3dPairMaxMag,19,"Zaragoza · pendiente 6 · N-S constante -3° · quebrado · alineadas ×1 · 10 filas · az -20°",21-jun,660,67.358,pareja 6,55.000000,55.000000,0.00000000,0
bt3dPairMaxMag,19,"Zaragoza · pendiente 6 · N-S constante -3° · quebrado · alineadas ×1 · 10 filas · az -20°",21-jun,660,67.358,pareja 7,55.000000,55.000000,0.00000000,0
bt3dPairMaxMag,19,"Zaragoza · pendiente 6 · N-S constante -3° · quebrado · alineadas ×1 · 10 filas · az -20°",21-jun,660,67.358,pareja 8,55.000000,55.000000,0.00000000,0
bt3dPairMaxMag,19,"Zaragoza · pendiente 6 · N-S constante -3° · quebrado · alineadas ×1 · 10 filas · az -20°",21-mar,880,36.794,pareja 0,55.000000,55.000000,0.00000000,0
bt3dPairMaxMag,19,"Zaragoza · pendiente 6 · N-S constante -3° · quebrado · alineadas ×1 · 10 filas · az -20°",21-mar,880,36.794,pareja 1,55.000000,55.000000,0.00000000,0
bt3dPairMaxMag,19,"Zaragoza · pendiente 6 · N-S constante -3° · quebrado · alineadas ×1 · 10 filas · az -20°",21-mar,880,36.794,pareja 2,55.000000,55.000000,0.00000000,0
bt3dPairMaxMag,19,"Zaragoza · pendiente 6 · N-S constante -3° · quebrado · alineadas ×1 · 10 filas · az -20°",21-mar,880,36.794,pareja 3,55.000000,55.000000,0.00000000,0
bt3dPairMaxMag,19,"Zaragoza · pendiente 6 · N-S constante -3° · quebrado · alineadas ×1 · 10 filas · az -20°",21-mar,880,36.794,pareja 4,55.000000,55.000000,0.00000000,0
bt3dPairMaxMag,19,"Zaragoza · pendiente 6 · N-S constante -3° · quebrado · alineadas ×1 · 10 filas · az -20°",21-mar,880,36.794,pareja 5,55.000000,55.000000,0.00000000,0
bt3dPairMaxMag,19,"Zaragoza · pendiente 6 · N-S constante -3° · quebrado · alineadas ×1 · 10 filas · az -20°",21-mar,880,36.794,pareja 6,55.000000,55.000000,0.00000000,0
bt3dPairMaxMag,19,"Zaragoza · pendiente 6 · N-S constante -3° · quebrado · alineadas ×1 · 10 filas · az -20°",21-mar,880,36.794,pareja 7,55.000000,55.000000,0.00000000,0
bt3dPairMaxMag,19,"Zaragoza · pendiente 6 · N-S constante -3° · quebrado · alineadas ×1 · 10 filas · az -20°",21-mar,880,36.794,pareja 8,55.000000,55.000000,0.00000000,0
bt3dPairMaxMag,19,"Zaragoza · pendiente 6 · N-S constante -3° · quebrado · alineadas ×1 · 10 filas · az -20°",21-dic,600,19.230,pareja 0,55.000000,55.000000,0.00000000,0
bt3dPairMaxMag,19,"Zaragoza · pendiente 6 · N-S constante -3° · quebrado · alineadas ×1 · 10 filas · az -20°",21-dic,600,19.230,pareja 1,55.000000,55.000000,0.00000000,0
bt3dPairMaxMag,19,"Zaragoza · pendiente 6 · N-S constante -3° · quebrado · alineadas ×1 · 10 filas · az -20°",21-dic,600,19.230,pareja 2,55.000000,55.000000,0.00000000,0
bt3dPairMaxMag,19,"Zaragoza · pendiente 6 · N-S constante -3° · quebrado · alineadas ×1 · 10 filas · az -20°",21-dic,600,19.230,pareja 3,55.000000,55.000000,0.00000000,0
bt3dPairMaxMag,19,"Zaragoza · pendiente 6 · N-S constante -3° · quebrado · alineadas ×1 · 10 filas · az -20°",21-dic,600,19.230,pareja 4,55.000000,55.000000,0.00000000,0
bt3dPairMaxMag,19,"Zaragoza · pendiente 6 · N-S constante -3° · quebrado · alineadas ×1 · 10 filas · az -20°",21-dic,600,19.230,pareja 5,55.000000,55.000000,0.00000000,0
bt3dPairMaxMag,19,"Zaragoza · pendiente 6 · N-S constante -3° · quebrado · alineadas ×1 · 10 filas · az -20°",21-dic,600,19.230,pareja 6,55.000000,55.000000,0.00000000,0
bt3dPairMaxMag,19,"Zaragoza · pendiente 6 · N-S constante -3° · quebrado · alineadas ×1 · 10 filas · az -20°",21-dic,600,19.230,pareja 7,55.000000,55.000000,0.00000000,0
bt3dPairMaxMag,19,"Zaragoza · pendiente 6 · N-S constante -3° · quebrado · alineadas ×1 · 10 filas · az -20°",21-dic,600,19.230,pareja 8,55.000000,55.000000,0.00000000,0
bt3dPairMaxMag,19,"Zaragoza · pendiente 6 · N-S constante -3° · quebrado · alineadas ×1 · 10 filas · az -20°",21-dic,680,24.323,pareja 0,55.000000,55.000000,0.00000000,0
bt3dPairMaxMag,19,"Zaragoza · pendiente 6 · N-S constante -3° · quebrado · alineadas ×1 · 10 filas · az -20°",21-dic,680,24.323,pareja 1,55.000000,55.000000,0.00000000,0
bt3dPairMaxMag,19,"Zaragoza · pendiente 6 · N-S constante -3° · quebrado · alineadas ×1 · 10 filas · az -20°",21-dic,680,24.323,pareja 2,55.000000,55.000000,0.00000000,0
bt3dPairMaxMag,19,"Zaragoza · pendiente 6 · N-S constante -3° · quebrado · alineadas ×1 · 10 filas · az -20°",21-dic,680,24.323,pareja 3,55.000000,55.000000,0.00000000,0
bt3dPairMaxMag,19,"Zaragoza · pendiente 6 · N-S constante -3° · quebrado · alineadas ×1 · 10 filas · az -20°",21-dic,680,24.323,pareja 4,55.000000,55.000000,0.00000000,0
bt3dPairMaxMag,19,"Zaragoza · pendiente 6 · N-S constante -3° · quebrado · alineadas ×1 · 10 filas · az -20°",21-dic,680,24.323,pareja 5,55.000000,55.000000,0.00000000,0
bt3dPairMaxMag,19,"Zaragoza · pendiente 6 · N-S constante -3° · quebrado · alineadas ×1 · 10 filas · az -20°",21-dic,680,24.323,pareja 6,55.000000,55.000000,0.00000000,0
bt3dPairMaxMag,19,"Zaragoza · pendiente 6 · N-S constante -3° · quebrado · alineadas ×1 · 10 filas · az -20°",21-dic,680,24.323,pareja 7,55.000000,55.000000,0.00000000,0
bt3dPairMaxMag,19,"Zaragoza · pendiente 6 · N-S constante -3° · quebrado · alineadas ×1 · 10 filas · az -20°",21-dic,680,24.323,pareja 8,55.000000,55.000000,0.00000000,0
bt3dPairMaxMag,20,"Zaragoza · llano · N-S rotula 2° · bifila · tresbolillo ×1 · 10 filas · az 0°",21-jun,620,61.594,pareja 0,55.000000,55.000000,0.00000000,0
bt3dPairMaxMag,20,"Zaragoza · llano · N-S rotula 2° · bifila · tresbolillo ×1 · 10 filas · az 0°",21-jun,620,61.594,pareja 1,55.000000,55.000000,0.00000000,0
bt3dPairMaxMag,20,"Zaragoza · llano · N-S rotula 2° · bifila · tresbolillo ×1 · 10 filas · az 0°",21-jun,620,61.594,pareja 2,55.000000,55.000000,0.00000000,0
bt3dPairMaxMag,20,"Zaragoza · llano · N-S rotula 2° · bifila · tresbolillo ×1 · 10 filas · az 0°",21-jun,620,61.594,pareja 3,55.000000,55.000000,0.00000000,0
bt3dPairMaxMag,20,"Zaragoza · llano · N-S rotula 2° · bifila · tresbolillo ×1 · 10 filas · az 0°",21-jun,620,61.594,pareja 4,55.000000,55.000000,0.00000000,0
bt3dPairMaxMag,20,"Zaragoza · llano · N-S rotula 2° · bifila · tresbolillo ×1 · 10 filas · az 0°",21-jun,620,61.594,pareja 5,55.000000,55.000000,0.00000000,0
bt3dPairMaxMag,20,"Zaragoza · llano · N-S rotula 2° · bifila · tresbolillo ×1 · 10 filas · az 0°",21-jun,620,61.594,pareja 6,55.000000,55.000000,0.00000000,0
bt3dPairMaxMag,20,"Zaragoza · llano · N-S rotula 2° · bifila · tresbolillo ×1 · 10 filas · az 0°",21-jun,620,61.594,pareja 7,55.000000,55.000000,0.00000000,0
bt3dPairMaxMag,20,"Zaragoza · llano · N-S rotula 2° · bifila · tresbolillo ×1 · 10 filas · az 0°",21-jun,620,61.594,pareja 8,55.000000,55.000000,0.00000000,0
bt3dPairMaxMag,20,"Zaragoza · llano · N-S rotula 2° · bifila · tresbolillo ×1 · 10 filas · az 0°",21-jun,780,68.544,pareja 0,55.000000,55.000000,0.00000000,0
bt3dPairMaxMag,20,"Zaragoza · llano · N-S rotula 2° · bifila · tresbolillo ×1 · 10 filas · az 0°",21-jun,780,68.544,pareja 1,55.000000,55.000000,0.00000000,0
bt3dPairMaxMag,20,"Zaragoza · llano · N-S rotula 2° · bifila · tresbolillo ×1 · 10 filas · az 0°",21-jun,780,68.544,pareja 2,55.000000,55.000000,0.00000000,0
bt3dPairMaxMag,20,"Zaragoza · llano · N-S rotula 2° · bifila · tresbolillo ×1 · 10 filas · az 0°",21-jun,780,68.544,pareja 3,55.000000,55.000000,0.00000000,0
bt3dPairMaxMag,20,"Zaragoza · llano · N-S rotula 2° · bifila · tresbolillo ×1 · 10 filas · az 0°",21-jun,780,68.544,pareja 4,55.000000,55.000000,0.00000000,0
bt3dPairMaxMag,20,"Zaragoza · llano · N-S rotula 2° · bifila · tresbolillo ×1 · 10 filas · az 0°",21-jun,780,68.544,pareja 5,55.000000,55.000000,0.00000000,0
bt3dPairMaxMag,20,"Zaragoza · llano · N-S rotula 2° · bifila · tresbolillo ×1 · 10 filas · az 0°",21-jun,780,68.544,pareja 6,55.000000,55.000000,0.00000000,0
bt3dPairMaxMag,20,"Zaragoza · llano · N-S rotula 2° · bifila · tresbolillo ×1 · 10 filas · az 0°",21-jun,780,68.544,pareja 7,55.000000,55.000000,0.00000000,0
bt3dPairMaxMag,20,"Zaragoza · llano · N-S rotula 2° · bifila · tresbolillo ×1 · 10 filas · az 0°",21-jun,780,68.544,pareja 8,55.000000,55.000000,0.00000000,0
bt3dPairMaxMag,21,"Zaragoza · pendiente 10 · N-S senoidal 4° · mono · medios ×1 · 6 filas · az 15°",21-mar,580,36.634,pareja 0,55.000000,55.000000,0.00000000,0
bt3dPairMaxMag,21,"Zaragoza · pendiente 10 · N-S senoidal 4° · mono · medios ×1 · 6 filas · az 15°",21-mar,580,36.634,pareja 1,55.000000,55.000000,0.00000000,0
bt3dPairMaxMag,21,"Zaragoza · pendiente 10 · N-S senoidal 4° · mono · medios ×1 · 6 filas · az 15°",21-mar,580,36.634,pareja 2,55.000000,55.000000,0.00000000,0
bt3dPairMaxMag,21,"Zaragoza · pendiente 10 · N-S senoidal 4° · mono · medios ×1 · 6 filas · az 15°",21-mar,580,36.634,pareja 3,55.000000,55.000000,0.00000000,0
bt3dPairMaxMag,21,"Zaragoza · pendiente 10 · N-S senoidal 4° · mono · medios ×1 · 6 filas · az 15°",21-mar,580,36.634,pareja 4,55.000000,55.000000,0.00000000,0
bt3dPairMaxMag,21,"Zaragoza · pendiente 10 · N-S senoidal 4° · mono · medios ×1 · 6 filas · az 15°",21-mar,620,41.836,pareja 0,55.000000,55.000000,0.00000000,0
bt3dPairMaxMag,21,"Zaragoza · pendiente 10 · N-S senoidal 4° · mono · medios ×1 · 6 filas · az 15°",21-mar,620,41.836,pareja 1,55.000000,55.000000,0.00000000,0
bt3dPairMaxMag,21,"Zaragoza · pendiente 10 · N-S senoidal 4° · mono · medios ×1 · 6 filas · az 15°",21-mar,620,41.836,pareja 2,55.000000,55.000000,0.00000000,0
bt3dPairMaxMag,21,"Zaragoza · pendiente 10 · N-S senoidal 4° · mono · medios ×1 · 6 filas · az 15°",21-mar,620,41.836,pareja 3,55.000000,55.000000,0.00000000,0
bt3dPairMaxMag,21,"Zaragoza · pendiente 10 · N-S senoidal 4° · mono · medios ×1 · 6 filas · az 15°",21-mar,620,41.836,pareja 4,55.000000,55.000000,0.00000000,0
bt3dPairMaxMag,22,"Zaragoza · valle 1 · N-S constante 0° · quebrado · medios ×2 · 8 filas · az 15°",21-jun,740,71.599,pareja 0,55.000000,55.000000,0.00000000,0
bt3dPairMaxMag,22,"Zaragoza · valle 1 · N-S constante 0° · quebrado · medios ×2 · 8 filas · az 15°",21-jun,740,71.599,pareja 1,55.000000,55.000000,0.00000000,0
bt3dPairMaxMag,22,"Zaragoza · valle 1 · N-S constante 0° · quebrado · medios ×2 · 8 filas · az 15°",21-jun,740,71.599,pareja 2,55.000000,55.000000,0.00000000,0
bt3dPairMaxMag,22,"Zaragoza · valle 1 · N-S constante 0° · quebrado · medios ×2 · 8 filas · az 15°",21-jun,740,71.599,pareja 3,55.000000,55.000000,0.00000000,0
bt3dPairMaxMag,22,"Zaragoza · valle 1 · N-S constante 0° · quebrado · medios ×2 · 8 filas · az 15°",21-jun,740,71.599,pareja 4,55.000000,55.000000,0.00000000,0
bt3dPairMaxMag,22,"Zaragoza · valle 1 · N-S constante 0° · quebrado · medios ×2 · 8 filas · az 15°",21-jun,740,71.599,pareja 5,55.000000,55.000000,0.00000000,0
bt3dPairMaxMag,22,"Zaragoza · valle 1 · N-S constante 0° · quebrado · medios ×2 · 8 filas · az 15°",21-jun,740,71.599,pareja 6,55.000000,55.000000,0.00000000,0
bt3dPairMaxMag,22,"Zaragoza · valle 1 · N-S constante 0° · quebrado · medios ×2 · 8 filas · az 15°",21-jun,1020,27.173,pareja 0,55.000000,55.000000,0.00000000,0
bt3dPairMaxMag,22,"Zaragoza · valle 1 · N-S constante 0° · quebrado · medios ×2 · 8 filas · az 15°",21-jun,1020,27.173,pareja 1,55.000000,55.000000,0.00000000,0
bt3dPairMaxMag,22,"Zaragoza · valle 1 · N-S constante 0° · quebrado · medios ×2 · 8 filas · az 15°",21-jun,1020,27.173,pareja 2,55.000000,55.000000,0.00000000,0
bt3dPairMaxMag,22,"Zaragoza · valle 1 · N-S constante 0° · quebrado · medios ×2 · 8 filas · az 15°",21-jun,1020,27.173,pareja 3,55.000000,55.000000,0.00000000,0
bt3dPairMaxMag,22,"Zaragoza · valle 1 · N-S constante 0° · quebrado · medios ×2 · 8 filas · az 15°",21-jun,1020,27.173,pareja 4,55.000000,55.000000,0.00000000,0
bt3dPairMaxMag,22,"Zaragoza · valle 1 · N-S constante 0° · quebrado · medios ×2 · 8 filas · az 15°",21-jun,1020,27.173,pareja 5,55.000000,55.000000,0.00000000,0
bt3dPairMaxMag,22,"Zaragoza · valle 1 · N-S constante 0° · quebrado · medios ×2 · 8 filas · az 15°",21-jun,1020,27.173,pareja 6,55.000000,55.000000,0.00000000,0
bt3dPairMaxMag,22,"Zaragoza · valle 1 · N-S constante 0° · quebrado · medios ×2 · 8 filas · az 15°",21-mar,580,36.634,pareja 0,55.000000,55.000000,0.00000000,0
bt3dPairMaxMag,22,"Zaragoza · valle 1 · N-S constante 0° · quebrado · medios ×2 · 8 filas · az 15°",21-mar,580,36.634,pareja 1,55.000000,55.000000,0.00000000,0
bt3dPairMaxMag,22,"Zaragoza · valle 1 · N-S constante 0° · quebrado · medios ×2 · 8 filas · az 15°",21-mar,580,36.634,pareja 2,55.000000,55.000000,0.00000000,0
bt3dPairMaxMag,22,"Zaragoza · valle 1 · N-S constante 0° · quebrado · medios ×2 · 8 filas · az 15°",21-mar,580,36.634,pareja 3,55.000000,55.000000,0.00000000,0
bt3dPairMaxMag,22,"Zaragoza · valle 1 · N-S constante 0° · quebrado · medios ×2 · 8 filas · az 15°",21-mar,580,36.634,pareja 4,55.000000,55.000000,0.00000000,0
bt3dPairMaxMag,22,"Zaragoza · valle 1 · N-S constante 0° · quebrado · medios ×2 · 8 filas · az 15°",21-mar,580,36.634,pareja 5,55.000000,55.000000,0.00000000,0
bt3dPairMaxMag,22,"Zaragoza · valle 1 · N-S constante 0° · quebrado · medios ×2 · 8 filas · az 15°",21-mar,580,36.634,pareja 6,55.000000,55.000000,0.00000000,0
bt3dPairMaxMag,22,"Zaragoza · valle 1 · N-S constante 0° · quebrado · medios ×2 · 8 filas · az 15°",21-dic,600,19.230,pareja 0,55.000000,55.000000,0.00000000,0
bt3dPairMaxMag,22,"Zaragoza · valle 1 · N-S constante 0° · quebrado · medios ×2 · 8 filas · az 15°",21-dic,600,19.230,pareja 1,55.000000,55.000000,0.00000000,0
bt3dPairMaxMag,22,"Zaragoza · valle 1 · N-S constante 0° · quebrado · medios ×2 · 8 filas · az 15°",21-dic,600,19.230,pareja 2,55.000000,55.000000,0.00000000,0
bt3dPairMaxMag,22,"Zaragoza · valle 1 · N-S constante 0° · quebrado · medios ×2 · 8 filas · az 15°",21-dic,600,19.230,pareja 3,55.000000,55.000000,0.00000000,0
bt3dPairMaxMag,22,"Zaragoza · valle 1 · N-S constante 0° · quebrado · medios ×2 · 8 filas · az 15°",21-dic,600,19.230,pareja 4,55.000000,55.000000,0.00000000,0
bt3dPairMaxMag,22,"Zaragoza · valle 1 · N-S constante 0° · quebrado · medios ×2 · 8 filas · az 15°",21-dic,600,19.230,pareja 5,55.000000,55.000000,0.00000000,0
bt3dPairMaxMag,22,"Zaragoza · valle 1 · N-S constante 0° · quebrado · medios ×2 · 8 filas · az 15°",21-dic,600,19.230,pareja 6,55.000000,55.000000,0.00000000,0
bt3dPairMaxMag,22,"Zaragoza · valle 1 · N-S constante 0° · quebrado · medios ×2 · 8 filas · az 15°",21-dic,640,22.356,pareja 0,55.000000,55.000000,0.00000000,0
bt3dPairMaxMag,22,"Zaragoza · valle 1 · N-S constante 0° · quebrado · medios ×2 · 8 filas · az 15°",21-dic,640,22.356,pareja 1,55.000000,55.000000,0.00000000,0
bt3dPairMaxMag,22,"Zaragoza · valle 1 · N-S constante 0° · quebrado · medios ×2 · 8 filas · az 15°",21-dic,640,22.356,pareja 2,55.000000,55.000000,0.00000000,0
bt3dPairMaxMag,22,"Zaragoza · valle 1 · N-S constante 0° · quebrado · medios ×2 · 8 filas · az 15°",21-dic,640,22.356,pareja 3,55.000000,55.000000,0.00000000,0
bt3dPairMaxMag,22,"Zaragoza · valle 1 · N-S constante 0° · quebrado · medios ×2 · 8 filas · az 15°",21-dic,640,22.356,pareja 4,55.000000,55.000000,0.00000000,0
bt3dPairMaxMag,22,"Zaragoza · valle 1 · N-S constante 0° · quebrado · medios ×2 · 8 filas · az 15°",21-dic,640,22.356,pareja 5,55.000000,55.000000,0.00000000,0
bt3dPairMaxMag,22,"Zaragoza · valle 1 · N-S constante 0° · quebrado · medios ×2 · 8 filas · az 15°",21-dic,640,22.356,pareja 6,55.000000,55.000000,0.00000000,0
bt3dPairMaxMag,23,"Zaragoza · aleatorio 7 · N-S rotula 6° · quebrado · tresbolillo ×1 · 8 filas · az 0°",21-jun,800,66.059,pareja 0,55.000000,55.000000,0.00000000,0
bt3dPairMaxMag,23,"Zaragoza · aleatorio 7 · N-S rotula 6° · quebrado · tresbolillo ×1 · 8 filas · az 0°",21-jun,800,66.059,pareja 1,55.000000,55.000000,0.00000000,0
bt3dPairMaxMag,23,"Zaragoza · aleatorio 7 · N-S rotula 6° · quebrado · tresbolillo ×1 · 8 filas · az 0°",21-jun,800,66.059,pareja 2,55.000000,55.000000,0.00000000,0
bt3dPairMaxMag,23,"Zaragoza · aleatorio 7 · N-S rotula 6° · quebrado · tresbolillo ×1 · 8 filas · az 0°",21-jun,800,66.059,pareja 3,55.000000,55.000000,0.00000000,0
bt3dPairMaxMag,23,"Zaragoza · aleatorio 7 · N-S rotula 6° · quebrado · tresbolillo ×1 · 8 filas · az 0°",21-jun,800,66.059,pareja 4,55.000000,55.000000,0.00000000,0
bt3dPairMaxMag,23,"Zaragoza · aleatorio 7 · N-S rotula 6° · quebrado · tresbolillo ×1 · 8 filas · az 0°",21-jun,800,66.059,pareja 5,55.000000,55.000000,0.00000000,0
bt3dPairMaxMag,23,"Zaragoza · aleatorio 7 · N-S rotula 6° · quebrado · tresbolillo ×1 · 8 filas · az 0°",21-jun,800,66.059,pareja 6,55.000000,55.000000,0.00000000,0
bt3dPairMaxMag,23,"Zaragoza · aleatorio 7 · N-S rotula 6° · quebrado · tresbolillo ×1 · 8 filas · az 0°",21-mar,840,41.965,pareja 0,55.000000,55.000000,0.00000000,0
bt3dPairMaxMag,23,"Zaragoza · aleatorio 7 · N-S rotula 6° · quebrado · tresbolillo ×1 · 8 filas · az 0°",21-mar,840,41.965,pareja 1,55.000000,55.000000,0.00000000,0
bt3dPairMaxMag,23,"Zaragoza · aleatorio 7 · N-S rotula 6° · quebrado · tresbolillo ×1 · 8 filas · az 0°",21-mar,840,41.965,pareja 2,55.000000,55.000000,0.00000000,0
bt3dPairMaxMag,23,"Zaragoza · aleatorio 7 · N-S rotula 6° · quebrado · tresbolillo ×1 · 8 filas · az 0°",21-mar,840,41.965,pareja 3,55.000000,55.000000,0.00000000,0
bt3dPairMaxMag,23,"Zaragoza · aleatorio 7 · N-S rotula 6° · quebrado · tresbolillo ×1 · 8 filas · az 0°",21-mar,840,41.965,pareja 4,55.000000,55.000000,0.00000000,0
bt3dPairMaxMag,23,"Zaragoza · aleatorio 7 · N-S rotula 6° · quebrado · tresbolillo ×1 · 8 filas · az 0°",21-mar,840,41.965,pareja 5,55.000000,55.000000,0.00000000,0
bt3dPairMaxMag,23,"Zaragoza · aleatorio 7 · N-S rotula 6° · quebrado · tresbolillo ×1 · 8 filas · az 0°",21-mar,840,41.965,pareja 6,55.000000,55.000000,0.00000000,0
bt3dPairMaxMag,23,"Zaragoza · aleatorio 7 · N-S rotula 6° · quebrado · tresbolillo ×1 · 8 filas · az 0°",21-dic,620,20.929,pareja 0,55.000000,55.000000,0.00000000,0
bt3dPairMaxMag,23,"Zaragoza · aleatorio 7 · N-S rotula 6° · quebrado · tresbolillo ×1 · 8 filas · az 0°",21-dic,620,20.929,pareja 1,55.000000,55.000000,0.00000000,0
bt3dPairMaxMag,23,"Zaragoza · aleatorio 7 · N-S rotula 6° · quebrado · tresbolillo ×1 · 8 filas · az 0°",21-dic,620,20.929,pareja 2,55.000000,55.000000,0.00000000,0
bt3dPairMaxMag,23,"Zaragoza · aleatorio 7 · N-S rotula 6° · quebrado · tresbolillo ×1 · 8 filas · az 0°",21-dic,620,20.929,pareja 3,55.000000,55.000000,0.00000000,0
bt3dPairMaxMag,23,"Zaragoza · aleatorio 7 · N-S rotula 6° · quebrado · tresbolillo ×1 · 8 filas · az 0°",21-dic,620,20.929,pareja 4,55.000000,55.000000,0.00000000,0
bt3dPairMaxMag,23,"Zaragoza · aleatorio 7 · N-S rotula 6° · quebrado · tresbolillo ×1 · 8 filas · az 0°",21-dic,620,20.929,pareja 5,55.000000,55.000000,0.00000000,0
bt3dPairMaxMag,23,"Zaragoza · aleatorio 7 · N-S rotula 6° · quebrado · tresbolillo ×1 · 8 filas · az 0°",21-dic,620,20.929,pareja 6,55.000000,55.000000,0.00000000,0
bt3dPairMaxMag,23,"Zaragoza · aleatorio 7 · N-S rotula 6° · quebrado · tresbolillo ×1 · 8 filas · az 0°",21-dic,700,24.835,pareja 0,55.000000,55.000000,0.00000000,0
bt3dPairMaxMag,23,"Zaragoza · aleatorio 7 · N-S rotula 6° · quebrado · tresbolillo ×1 · 8 filas · az 0°",21-dic,700,24.835,pareja 1,55.000000,55.000000,0.00000000,0
bt3dPairMaxMag,23,"Zaragoza · aleatorio 7 · N-S rotula 6° · quebrado · tresbolillo ×1 · 8 filas · az 0°",21-dic,700,24.835,pareja 2,55.000000,55.000000,0.00000000,0
bt3dPairMaxMag,23,"Zaragoza · aleatorio 7 · N-S rotula 6° · quebrado · tresbolillo ×1 · 8 filas · az 0°",21-dic,700,24.835,pareja 3,55.000000,55.000000,0.00000000,0
bt3dPairMaxMag,23,"Zaragoza · aleatorio 7 · N-S rotula 6° · quebrado · tresbolillo ×1 · 8 filas · az 0°",21-dic,700,24.835,pareja 4,55.000000,55.000000,0.00000000,0
bt3dPairMaxMag,23,"Zaragoza · aleatorio 7 · N-S rotula 6° · quebrado · tresbolillo ×1 · 8 filas · az 0°",21-dic,700,24.835,pareja 5,55.000000,55.000000,0.00000000,0
bt3dPairMaxMag,23,"Zaragoza · aleatorio 7 · N-S rotula 6° · quebrado · tresbolillo ×1 · 8 filas · az 0°",21-dic,700,24.835,pareja 6,55.000000,55.000000,0.00000000,0
bt3dPairMaxMag,23,"Zaragoza · aleatorio 7 · N-S rotula 6° · quebrado · tresbolillo ×1 · 8 filas · az 0°",21-dic,720,25.020,pareja 0,55.000000,55.000000,0.00000000,0
bt3dPairMaxMag,23,"Zaragoza · aleatorio 7 · N-S rotula 6° · quebrado · tresbolillo ×1 · 8 filas · az 0°",21-dic,720,25.020,pareja 1,55.000000,55.000000,0.00000000,0
bt3dPairMaxMag,23,"Zaragoza · aleatorio 7 · N-S rotula 6° · quebrado · tresbolillo ×1 · 8 filas · az 0°",21-dic,720,25.020,pareja 2,55.000000,55.000000,0.00000000,0
bt3dPairMaxMag,23,"Zaragoza · aleatorio 7 · N-S rotula 6° · quebrado · tresbolillo ×1 · 8 filas · az 0°",21-dic,720,25.020,pareja 3,55.000000,55.000000,0.00000000,0
bt3dPairMaxMag,23,"Zaragoza · aleatorio 7 · N-S rotula 6° · quebrado · tresbolillo ×1 · 8 filas · az 0°",21-dic,720,25.020,pareja 4,55.000000,55.000000,0.00000000,0
bt3dPairMaxMag,23,"Zaragoza · aleatorio 7 · N-S rotula 6° · quebrado · tresbolillo ×1 · 8 filas · az 0°",21-dic,720,25.020,pareja 5,55.000000,55.000000,0.00000000,0
bt3dPairMaxMag,23,"Zaragoza · aleatorio 7 · N-S rotula 6° · quebrado · tresbolillo ×1 · 8 filas · az 0°",21-dic,720,25.020,pareja 6,55.000000,55.000000,0.00000000,0
bt3dPairMaxMag,24,"Zaragoza · llano · N-S aleatorio 3° · bifila · tresbolillo ×2 · 10 filas · az 0°",21-jun,480,36.473,pareja 0,55.000000,55.000000,0.00000000,0
bt3dPairMaxMag,24,"Zaragoza · llano · N-S aleatorio 3° · bifila · tresbolillo ×2 · 10 filas · az 0°",21-jun,480,36.473,pareja 1,55.000000,55.000000,0.00000000,0
bt3dPairMaxMag,24,"Zaragoza · llano · N-S aleatorio 3° · bifila · tresbolillo ×2 · 10 filas · az 0°",21-jun,480,36.473,pareja 2,55.000000,55.000000,0.00000000,0
bt3dPairMaxMag,24,"Zaragoza · llano · N-S aleatorio 3° · bifila · tresbolillo ×2 · 10 filas · az 0°",21-jun,480,36.473,pareja 3,55.000000,55.000000,0.00000000,0
bt3dPairMaxMag,24,"Zaragoza · llano · N-S aleatorio 3° · bifila · tresbolillo ×2 · 10 filas · az 0°",21-jun,480,36.473,pareja 4,55.000000,55.000000,0.00000000,0
bt3dPairMaxMag,24,"Zaragoza · llano · N-S aleatorio 3° · bifila · tresbolillo ×2 · 10 filas · az 0°",21-jun,480,36.473,pareja 5,55.000000,55.000000,0.00000000,0
bt3dPairMaxMag,24,"Zaragoza · llano · N-S aleatorio 3° · bifila · tresbolillo ×2 · 10 filas · az 0°",21-jun,480,36.473,pareja 6,55.000000,55.000000,0.00000000,0
bt3dPairMaxMag,24,"Zaragoza · llano · N-S aleatorio 3° · bifila · tresbolillo ×2 · 10 filas · az 0°",21-jun,480,36.473,pareja 7,55.000000,55.000000,0.00000000,0
bt3dPairMaxMag,24,"Zaragoza · llano · N-S aleatorio 3° · bifila · tresbolillo ×2 · 10 filas · az 0°",21-jun,480,36.473,pareja 8,55.000000,55.000000,0.00000000,0
bt3dPairMaxMag,24,"Zaragoza · llano · N-S aleatorio 3° · bifila · tresbolillo ×2 · 10 filas · az 0°",21-jun,760,70.452,pareja 0,55.000000,55.000000,0.00000000,0
bt3dPairMaxMag,24,"Zaragoza · llano · N-S aleatorio 3° · bifila · tresbolillo ×2 · 10 filas · az 0°",21-jun,760,70.452,pareja 1,55.000000,55.000000,0.00000000,0
bt3dPairMaxMag,24,"Zaragoza · llano · N-S aleatorio 3° · bifila · tresbolillo ×2 · 10 filas · az 0°",21-jun,760,70.452,pareja 2,55.000000,55.000000,0.00000000,0
bt3dPairMaxMag,24,"Zaragoza · llano · N-S aleatorio 3° · bifila · tresbolillo ×2 · 10 filas · az 0°",21-jun,760,70.452,pareja 3,55.000000,55.000000,0.00000000,0
bt3dPairMaxMag,24,"Zaragoza · llano · N-S aleatorio 3° · bifila · tresbolillo ×2 · 10 filas · az 0°",21-jun,760,70.452,pareja 4,55.000000,55.000000,0.00000000,0
bt3dPairMaxMag,24,"Zaragoza · llano · N-S aleatorio 3° · bifila · tresbolillo ×2 · 10 filas · az 0°",21-jun,760,70.452,pareja 5,55.000000,55.000000,0.00000000,0
bt3dPairMaxMag,24,"Zaragoza · llano · N-S aleatorio 3° · bifila · tresbolillo ×2 · 10 filas · az 0°",21-jun,760,70.452,pareja 6,55.000000,55.000000,0.00000000,0
bt3dPairMaxMag,24,"Zaragoza · llano · N-S aleatorio 3° · bifila · tresbolillo ×2 · 10 filas · az 0°",21-jun,760,70.452,pareja 7,55.000000,55.000000,0.00000000,0
bt3dPairMaxMag,24,"Zaragoza · llano · N-S aleatorio 3° · bifila · tresbolillo ×2 · 10 filas · az 0°",21-jun,760,70.452,pareja 8,55.000000,55.000000,0.00000000,0
bt3dPairMaxMag,24,"Zaragoza · llano · N-S aleatorio 3° · bifila · tresbolillo ×2 · 10 filas · az 0°",21-mar,600,39.364,pareja 0,55.000000,55.000000,0.00000000,0
bt3dPairMaxMag,24,"Zaragoza · llano · N-S aleatorio 3° · bifila · tresbolillo ×2 · 10 filas · az 0°",21-mar,600,39.364,pareja 1,55.000000,55.000000,0.00000000,0
bt3dPairMaxMag,24,"Zaragoza · llano · N-S aleatorio 3° · bifila · tresbolillo ×2 · 10 filas · az 0°",21-mar,600,39.364,pareja 2,55.000000,55.000000,0.00000000,0
bt3dPairMaxMag,24,"Zaragoza · llano · N-S aleatorio 3° · bifila · tresbolillo ×2 · 10 filas · az 0°",21-mar,600,39.364,pareja 3,55.000000,55.000000,0.00000000,0
bt3dPairMaxMag,24,"Zaragoza · llano · N-S aleatorio 3° · bifila · tresbolillo ×2 · 10 filas · az 0°",21-mar,600,39.364,pareja 4,55.000000,55.000000,0.00000000,0
bt3dPairMaxMag,24,"Zaragoza · llano · N-S aleatorio 3° · bifila · tresbolillo ×2 · 10 filas · az 0°",21-mar,600,39.364,pareja 5,55.000000,55.000000,0.00000000,0
bt3dPairMaxMag,24,"Zaragoza · llano · N-S aleatorio 3° · bifila · tresbolillo ×2 · 10 filas · az 0°",21-mar,600,39.364,pareja 6,55.000000,55.000000,0.00000000,0
bt3dPairMaxMag,24,"Zaragoza · llano · N-S aleatorio 3° · bifila · tresbolillo ×2 · 10 filas · az 0°",21-mar,600,39.364,pareja 7,55.000000,55.000000,0.00000000,0
bt3dPairMaxMag,24,"Zaragoza · llano · N-S aleatorio 3° · bifila · tresbolillo ×2 · 10 filas · az 0°",21-mar,600,39.364,pareja 8,55.000000,55.000000,0.00000000,0
bt3dPairMaxMag,24,"Zaragoza · llano · N-S aleatorio 3° · bifila · tresbolillo ×2 · 10 filas · az 0°",21-dic,680,24.323,pareja 0,55.000000,55.000000,0.00000000,0
bt3dPairMaxMag,24,"Zaragoza · llano · N-S aleatorio 3° · bifila · tresbolillo ×2 · 10 filas · az 0°",21-dic,680,24.323,pareja 1,55.000000,55.000000,0.00000000,0
bt3dPairMaxMag,24,"Zaragoza · llano · N-S aleatorio 3° · bifila · tresbolillo ×2 · 10 filas · az 0°",21-dic,680,24.323,pareja 2,55.000000,55.000000,0.00000000,0
bt3dPairMaxMag,24,"Zaragoza · llano · N-S aleatorio 3° · bifila · tresbolillo ×2 · 10 filas · az 0°",21-dic,680,24.323,pareja 3,55.000000,55.000000,0.00000000,0
bt3dPairMaxMag,24,"Zaragoza · llano · N-S aleatorio 3° · bifila · tresbolillo ×2 · 10 filas · az 0°",21-dic,680,24.323,pareja 4,55.000000,55.000000,0.00000000,0
bt3dPairMaxMag,24,"Zaragoza · llano · N-S aleatorio 3° · bifila · tresbolillo ×2 · 10 filas · az 0°",21-dic,680,24.323,pareja 5,55.000000,55.000000,0.00000000,0
bt3dPairMaxMag,24,"Zaragoza · llano · N-S aleatorio 3° · bifila · tresbolillo ×2 · 10 filas · az 0°",21-dic,680,24.323,pareja 6,55.000000,55.000000,0.00000000,0
bt3dPairMaxMag,24,"Zaragoza · llano · N-S aleatorio 3° · bifila · tresbolillo ×2 · 10 filas · az 0°",21-dic,680,24.323,pareja 7,55.000000,55.000000,0.00000000,0
bt3dPairMaxMag,24,"Zaragoza · llano · N-S aleatorio 3° · bifila · tresbolillo ×2 · 10 filas · az 0°",21-dic,680,24.323,pareja 8,55.000000,55.000000,0.00000000,0
bt3dPairMaxMag,24,"Zaragoza · llano · N-S aleatorio 3° · bifila · tresbolillo ×2 · 10 filas · az 0°",21-dic,720,25.020,pareja 0,55.000000,55.000000,0.00000000,0
bt3dPairMaxMag,24,"Zaragoza · llano · N-S aleatorio 3° · bifila · tresbolillo ×2 · 10 filas · az 0°",21-dic,720,25.020,pareja 1,55.000000,55.000000,0.00000000,0
bt3dPairMaxMag,24,"Zaragoza · llano · N-S aleatorio 3° · bifila · tresbolillo ×2 · 10 filas · az 0°",21-dic,720,25.020,pareja 2,55.000000,55.000000,0.00000000,0
bt3dPairMaxMag,24,"Zaragoza · llano · N-S aleatorio 3° · bifila · tresbolillo ×2 · 10 filas · az 0°",21-dic,720,25.020,pareja 3,55.000000,55.000000,0.00000000,0
bt3dPairMaxMag,24,"Zaragoza · llano · N-S aleatorio 3° · bifila · tresbolillo ×2 · 10 filas · az 0°",21-dic,720,25.020,pareja 4,55.000000,55.000000,0.00000000,0
bt3dPairMaxMag,24,"Zaragoza · llano · N-S aleatorio 3° · bifila · tresbolillo ×2 · 10 filas · az 0°",21-dic,720,25.020,pareja 5,55.000000,55.000000,0.00000000,0
bt3dPairMaxMag,24,"Zaragoza · llano · N-S aleatorio 3° · bifila · tresbolillo ×2 · 10 filas · az 0°",21-dic,720,25.020,pareja 6,55.000000,55.000000,0.00000000,0
bt3dPairMaxMag,24,"Zaragoza · llano · N-S aleatorio 3° · bifila · tresbolillo ×2 · 10 filas · az 0°",21-dic,720,25.020,pareja 7,55.000000,55.000000,0.00000000,0
bt3dPairMaxMag,24,"Zaragoza · llano · N-S aleatorio 3° · bifila · tresbolillo ×2 · 10 filas · az 0°",21-dic,720,25.020,pareja 8,55.000000,55.000000,0.00000000,0
bt3dPairMaxMag,25,"Zaragoza · cresta 1 · N-S quebrado 4° · quebrado · medios ×1 · 6 filas · az 15°",21-jun,880,53.076,pareja 0,55.000000,55.000000,0.00000000,0
bt3dPairMaxMag,25,"Zaragoza · cresta 1 · N-S quebrado 4° · quebrado · medios ×1 · 6 filas · az 15°",21-jun,880,53.076,pareja 1,55.000000,55.000000,0.00000000,0
bt3dPairMaxMag,25,"Zaragoza · cresta 1 · N-S quebrado 4° · quebrado · medios ×1 · 6 filas · az 15°",21-jun,880,53.076,pareja 2,55.000000,55.000000,0.00000000,0
bt3dPairMaxMag,25,"Zaragoza · cresta 1 · N-S quebrado 4° · quebrado · medios ×1 · 6 filas · az 15°",21-jun,880,53.076,pareja 3,55.000000,55.000000,0.00000000,0
bt3dPairMaxMag,25,"Zaragoza · cresta 1 · N-S quebrado 4° · quebrado · medios ×1 · 6 filas · az 15°",21-jun,880,53.076,pareja 4,55.000000,55.000000,0.00000000,0
bt3dPairMaxMag,25,"Zaragoza · cresta 1 · N-S quebrado 4° · quebrado · medios ×1 · 6 filas · az 15°",21-mar,960,24.086,pareja 0,55.000000,55.000000,0.00000000,0
bt3dPairMaxMag,25,"Zaragoza · cresta 1 · N-S quebrado 4° · quebrado · medios ×1 · 6 filas · az 15°",21-mar,960,24.086,pareja 1,55.000000,55.000000,0.00000000,0
bt3dPairMaxMag,25,"Zaragoza · cresta 1 · N-S quebrado 4° · quebrado · medios ×1 · 6 filas · az 15°",21-mar,960,24.086,pareja 2,55.000000,55.000000,0.00000000,0
bt3dPairMaxMag,25,"Zaragoza · cresta 1 · N-S quebrado 4° · quebrado · medios ×1 · 6 filas · az 15°",21-mar,960,24.086,pareja 3,55.000000,55.000000,0.00000000,0
bt3dPairMaxMag,25,"Zaragoza · cresta 1 · N-S quebrado 4° · quebrado · medios ×1 · 6 filas · az 15°",21-mar,960,24.086,pareja 4,55.000000,55.000000,0.00000000,0
bt3dPairMaxMag,26,"Zaragoza · llano · N-S aleatorio 6° · quebrado · bagnarelli ×1 · 8 filas · az 0°",21-jun,800,66.059,pareja 0,55.000000,55.000000,0.00000000,0
bt3dPairMaxMag,26,"Zaragoza · llano · N-S aleatorio 6° · quebrado · bagnarelli ×1 · 8 filas · az 0°",21-jun,800,66.059,pareja 1,55.000000,55.000000,0.00000000,0
bt3dPairMaxMag,26,"Zaragoza · llano · N-S aleatorio 6° · quebrado · bagnarelli ×1 · 8 filas · az 0°",21-jun,800,66.059,pareja 2,55.000000,55.000000,0.00000000,0
bt3dPairMaxMag,26,"Zaragoza · llano · N-S aleatorio 6° · quebrado · bagnarelli ×1 · 8 filas · az 0°",21-jun,800,66.059,pareja 3,55.000000,55.000000,0.00000000,0
bt3dPairMaxMag,26,"Zaragoza · llano · N-S aleatorio 6° · quebrado · bagnarelli ×1 · 8 filas · az 0°",21-jun,800,66.059,pareja 4,55.000000,55.000000,0.00000000,0
bt3dPairMaxMag,26,"Zaragoza · llano · N-S aleatorio 6° · quebrado · bagnarelli ×1 · 8 filas · az 0°",21-jun,800,66.059,pareja 5,55.000000,55.000000,0.00000000,0
bt3dPairMaxMag,26,"Zaragoza · llano · N-S aleatorio 6° · quebrado · bagnarelli ×1 · 8 filas · az 0°",21-jun,800,66.059,pareja 6,55.000000,55.000000,0.00000000,0
bt3dPairMaxMag,26,"Zaragoza · llano · N-S aleatorio 6° · quebrado · bagnarelli ×1 · 8 filas · az 0°",21-mar,720,48.724,pareja 0,55.000000,55.000000,0.00000000,0
bt3dPairMaxMag,26,"Zaragoza · llano · N-S aleatorio 6° · quebrado · bagnarelli ×1 · 8 filas · az 0°",21-mar,720,48.724,pareja 1,55.000000,55.000000,0.00000000,0
bt3dPairMaxMag,26,"Zaragoza · llano · N-S aleatorio 6° · quebrado · bagnarelli ×1 · 8 filas · az 0°",21-mar,720,48.724,pareja 2,55.000000,55.000000,0.00000000,0
bt3dPairMaxMag,26,"Zaragoza · llano · N-S aleatorio 6° · quebrado · bagnarelli ×1 · 8 filas · az 0°",21-mar,720,48.724,pareja 3,55.000000,55.000000,0.00000000,0
bt3dPairMaxMag,26,"Zaragoza · llano · N-S aleatorio 6° · quebrado · bagnarelli ×1 · 8 filas · az 0°",21-mar,720,48.724,pareja 4,55.000000,55.000000,0.00000000,0
bt3dPairMaxMag,26,"Zaragoza · llano · N-S aleatorio 6° · quebrado · bagnarelli ×1 · 8 filas · az 0°",21-mar,720,48.724,pareja 5,55.000000,55.000000,0.00000000,0
bt3dPairMaxMag,26,"Zaragoza · llano · N-S aleatorio 6° · quebrado · bagnarelli ×1 · 8 filas · az 0°",21-mar,720,48.724,pareja 6,55.000000,55.000000,0.00000000,0
bt3dPairMaxMag,26,"Zaragoza · llano · N-S aleatorio 6° · quebrado · bagnarelli ×1 · 8 filas · az 0°",21-mar,780,47.306,pareja 0,55.000000,55.000000,0.00000000,0
bt3dPairMaxMag,26,"Zaragoza · llano · N-S aleatorio 6° · quebrado · bagnarelli ×1 · 8 filas · az 0°",21-mar,780,47.306,pareja 1,55.000000,55.000000,0.00000000,0
bt3dPairMaxMag,26,"Zaragoza · llano · N-S aleatorio 6° · quebrado · bagnarelli ×1 · 8 filas · az 0°",21-mar,780,47.306,pareja 2,55.000000,55.000000,0.00000000,0
bt3dPairMaxMag,26,"Zaragoza · llano · N-S aleatorio 6° · quebrado · bagnarelli ×1 · 8 filas · az 0°",21-mar,780,47.306,pareja 3,55.000000,55.000000,0.00000000,0
bt3dPairMaxMag,26,"Zaragoza · llano · N-S aleatorio 6° · quebrado · bagnarelli ×1 · 8 filas · az 0°",21-mar,780,47.306,pareja 4,55.000000,55.000000,0.00000000,0
bt3dPairMaxMag,26,"Zaragoza · llano · N-S aleatorio 6° · quebrado · bagnarelli ×1 · 8 filas · az 0°",21-mar,780,47.306,pareja 5,55.000000,55.000000,0.00000000,0
bt3dPairMaxMag,26,"Zaragoza · llano · N-S aleatorio 6° · quebrado · bagnarelli ×1 · 8 filas · az 0°",21-mar,780,47.306,pareja 6,55.000000,55.000000,0.00000000,0
bt3dPairMaxMag,27,"Arequipa · ondulado 0.6 · N-S constante -6° · mono · tresbolillo ×1 · 6 filas · az 0°",21-jun,1160,35.607,pareja 0,55.000000,55.000000,0.00000000,0
bt3dPairMaxMag,27,"Arequipa · ondulado 0.6 · N-S constante -6° · mono · tresbolillo ×1 · 6 filas · az 0°",21-jun,1160,35.607,pareja 1,55.000000,55.000000,0.00000000,0
bt3dPairMaxMag,27,"Arequipa · ondulado 0.6 · N-S constante -6° · mono · tresbolillo ×1 · 6 filas · az 0°",21-jun,1160,35.607,pareja 2,55.000000,55.000000,0.00000000,0
bt3dPairMaxMag,27,"Arequipa · ondulado 0.6 · N-S constante -6° · mono · tresbolillo ×1 · 6 filas · az 0°",21-jun,1160,35.607,pareja 3,55.000000,55.000000,0.00000000,0
bt3dPairMaxMag,27,"Arequipa · ondulado 0.6 · N-S constante -6° · mono · tresbolillo ×1 · 6 filas · az 0°",21-jun,1160,35.607,pareja 4,55.000000,55.000000,0.00000000,0
bt3dPairMaxMag,27,"Arequipa · ondulado 0.6 · N-S constante -6° · mono · tresbolillo ×1 · 6 filas · az 0°",21-mar,700,10.908,pareja 1,55.000000,55.000000,0.00000000,0
bt3dPairMaxMag,27,"Arequipa · ondulado 0.6 · N-S constante -6° · mono · tresbolillo ×1 · 6 filas · az 0°",21-mar,700,10.908,pareja 4,55.000000,55.000000,0.00000000,0
bt3dPairMaxMag,27,"Arequipa · ondulado 0.6 · N-S constante -6° · mono · tresbolillo ×1 · 6 filas · az 0°",21-dic,900,64.375,pareja 0,55.000000,55.000000,0.00000000,0
bt3dPairMaxMag,27,"Arequipa · ondulado 0.6 · N-S constante -6° · mono · tresbolillo ×1 · 6 filas · az 0°",21-dic,900,64.375,pareja 1,55.000000,55.000000,0.00000000,0
bt3dPairMaxMag,27,"Arequipa · ondulado 0.6 · N-S constante -6° · mono · tresbolillo ×1 · 6 filas · az 0°",21-dic,900,64.375,pareja 2,55.000000,55.000000,0.00000000,0
bt3dPairMaxMag,27,"Arequipa · ondulado 0.6 · N-S constante -6° · mono · tresbolillo ×1 · 6 filas · az 0°",21-dic,900,64.375,pareja 3,55.000000,55.000000,0.00000000,0
bt3dPairMaxMag,27,"Arequipa · ondulado 0.6 · N-S constante -6° · mono · tresbolillo ×1 · 6 filas · az 0°",21-dic,900,64.375,pareja 4,55.000000,55.000000,0.00000000,0
bt3dPairMaxMag,27,"Arequipa · ondulado 0.6 · N-S constante -6° · mono · tresbolillo ×1 · 6 filas · az 0°",21-dic,1060,75.485,pareja 0,55.000000,55.000000,0.00000000,0
bt3dPairMaxMag,27,"Arequipa · ondulado 0.6 · N-S constante -6° · mono · tresbolillo ×1 · 6 filas · az 0°",21-dic,1060,75.485,pareja 1,55.000000,55.000000,0.00000000,0
bt3dPairMaxMag,27,"Arequipa · ondulado 0.6 · N-S constante -6° · mono · tresbolillo ×1 · 6 filas · az 0°",21-dic,1060,75.485,pareja 2,55.000000,55.000000,0.00000000,0
bt3dPairMaxMag,27,"Arequipa · ondulado 0.6 · N-S constante -6° · mono · tresbolillo ×1 · 6 filas · az 0°",21-dic,1060,75.485,pareja 3,55.000000,55.000000,0.00000000,0
bt3dPairMaxMag,27,"Arequipa · ondulado 0.6 · N-S constante -6° · mono · tresbolillo ×1 · 6 filas · az 0°",21-dic,1060,75.485,pareja 4,55.000000,55.000000,0.00000000,0
bt3dPairMaxMag,28,"Zaragoza · aleatorio 7 · N-S constante 3° · quebrado · medios ×1 · 6 filas · az 15°",21-jun,900,49.464,pareja 0,55.000000,55.000000,0.00000000,0
bt3dPairMaxMag,28,"Zaragoza · aleatorio 7 · N-S constante 3° · quebrado · medios ×1 · 6 filas · az 15°",21-jun,900,49.464,pareja 1,55.000000,55.000000,0.00000000,0
bt3dPairMaxMag,28,"Zaragoza · aleatorio 7 · N-S constante 3° · quebrado · medios ×1 · 6 filas · az 15°",21-jun,900,49.464,pareja 2,55.000000,55.000000,0.00000000,0
bt3dPairMaxMag,28,"Zaragoza · aleatorio 7 · N-S constante 3° · quebrado · medios ×1 · 6 filas · az 15°",21-jun,900,49.464,pareja 3,55.000000,55.000000,0.00000000,0
bt3dPairMaxMag,28,"Zaragoza · aleatorio 7 · N-S constante 3° · quebrado · medios ×1 · 6 filas · az 15°",21-jun,900,49.464,pareja 4,55.000000,55.000000,0.00000000,0
bt3dPairMaxMag,28,"Zaragoza · aleatorio 7 · N-S constante 3° · quebrado · medios ×1 · 6 filas · az 15°",21-mar,460,16.813,pareja 0,55.000000,55.000000,0.00000000,0
bt3dPairMaxMag,28,"Zaragoza · aleatorio 7 · N-S constante 3° · quebrado · medios ×1 · 6 filas · az 15°",21-mar,460,16.813,pareja 1,55.000000,55.000000,0.00000000,0
bt3dPairMaxMag,28,"Zaragoza · aleatorio 7 · N-S constante 3° · quebrado · medios ×1 · 6 filas · az 15°",21-dic,660,23.493,pareja 0,55.000000,55.000000,0.00000000,0
bt3dPairMaxMag,28,"Zaragoza · aleatorio 7 · N-S constante 3° · quebrado · medios ×1 · 6 filas · az 15°",21-dic,660,23.493,pareja 1,55.000000,55.000000,0.00000000,0
bt3dPairMaxMag,28,"Zaragoza · aleatorio 7 · N-S constante 3° · quebrado · medios ×1 · 6 filas · az 15°",21-dic,660,23.493,pareja 2,55.000000,55.000000,0.00000000,0
bt3dPairMaxMag,28,"Zaragoza · aleatorio 7 · N-S constante 3° · quebrado · medios ×1 · 6 filas · az 15°",21-dic,660,23.493,pareja 3,55.000000,55.000000,0.00000000,0
bt3dPairMaxMag,28,"Zaragoza · aleatorio 7 · N-S constante 3° · quebrado · medios ×1 · 6 filas · az 15°",21-dic,660,23.493,pareja 4,55.000000,55.000000,0.00000000,0
bt3dPairMaxMag,28,"Zaragoza · aleatorio 7 · N-S constante 3° · quebrado · medios ×1 · 6 filas · az 15°",21-dic,940,7.757,pareja 2,55.000000,55.000000,0.00000000,0
bt3dPairMaxMag,29,"Zaragoza · llano · N-S aleatorio 6° · bifila · bagnarelli ×1 · 8 filas · az 0°",21-jun,680,69.578,pareja 0,55.000000,55.000000,0.00000000,0
bt3dPairMaxMag,29,"Zaragoza · llano · N-S aleatorio 6° · bifila · bagnarelli ×1 · 8 filas · az 0°",21-jun,680,69.578,pareja 1,55.000000,55.000000,0.00000000,0
bt3dPairMaxMag,29,"Zaragoza · llano · N-S aleatorio 6° · bifila · bagnarelli ×1 · 8 filas · az 0°",21-jun,680,69.578,pareja 2,55.000000,55.000000,0.00000000,0
bt3dPairMaxMag,29,"Zaragoza · llano · N-S aleatorio 6° · bifila · bagnarelli ×1 · 8 filas · az 0°",21-jun,680,69.578,pareja 3,55.000000,55.000000,0.00000000,0
bt3dPairMaxMag,29,"Zaragoza · llano · N-S aleatorio 6° · bifila · bagnarelli ×1 · 8 filas · az 0°",21-jun,680,69.578,pareja 4,55.000000,55.000000,0.00000000,0
bt3dPairMaxMag,29,"Zaragoza · llano · N-S aleatorio 6° · bifila · bagnarelli ×1 · 8 filas · az 0°",21-jun,680,69.578,pareja 5,55.000000,55.000000,0.00000000,0
bt3dPairMaxMag,29,"Zaragoza · llano · N-S aleatorio 6° · bifila · bagnarelli ×1 · 8 filas · az 0°",21-jun,680,69.578,pareja 6,55.000000,55.000000,0.00000000,0
bt3dPairMaxMag,29,"Zaragoza · llano · N-S aleatorio 6° · bifila · bagnarelli ×1 · 8 filas · az 0°",21-jun,960,38.348,pareja 0,55.000000,55.000000,0.00000000,0
bt3dPairMaxMag,29,"Zaragoza · llano · N-S aleatorio 6° · bifila · bagnarelli ×1 · 8 filas · az 0°",21-jun,960,38.348,pareja 1,55.000000,55.000000,0.00000000,0
bt3dPairMaxMag,29,"Zaragoza · llano · N-S aleatorio 6° · bifila · bagnarelli ×1 · 8 filas · az 0°",21-jun,960,38.348,pareja 2,55.000000,55.000000,0.00000000,0
bt3dPairMaxMag,29,"Zaragoza · llano · N-S aleatorio 6° · bifila · bagnarelli ×1 · 8 filas · az 0°",21-jun,960,38.348,pareja 3,55.000000,55.000000,0.00000000,0
bt3dPairMaxMag,29,"Zaragoza · llano · N-S aleatorio 6° · bifila · bagnarelli ×1 · 8 filas · az 0°",21-jun,960,38.348,pareja 4,55.000000,55.000000,0.00000000,0
bt3dPairMaxMag,29,"Zaragoza · llano · N-S aleatorio 6° · bifila · bagnarelli ×1 · 8 filas · az 0°",21-jun,960,38.348,pareja 5,55.000000,55.000000,0.00000000,0
bt3dPairMaxMag,29,"Zaragoza · llano · N-S aleatorio 6° · bifila · bagnarelli ×1 · 8 filas · az 0°",21-jun,960,38.348,pareja 6,55.000000,55.000000,0.00000000,0
bt3dPairMaxMag,29,"Zaragoza · llano · N-S aleatorio 6° · bifila · bagnarelli ×1 · 8 filas · az 0°",21-mar,780,47.306,pareja 0,55.000000,55.000000,0.00000000,0
bt3dPairMaxMag,29,"Zaragoza · llano · N-S aleatorio 6° · bifila · bagnarelli ×1 · 8 filas · az 0°",21-mar,780,47.306,pareja 1,55.000000,55.000000,0.00000000,0
bt3dPairMaxMag,29,"Zaragoza · llano · N-S aleatorio 6° · bifila · bagnarelli ×1 · 8 filas · az 0°",21-mar,780,47.306,pareja 2,55.000000,55.000000,0.00000000,0
bt3dPairMaxMag,29,"Zaragoza · llano · N-S aleatorio 6° · bifila · bagnarelli ×1 · 8 filas · az 0°",21-mar,780,47.306,pareja 3,55.000000,55.000000,0.00000000,0
bt3dPairMaxMag,29,"Zaragoza · llano · N-S aleatorio 6° · bifila · bagnarelli ×1 · 8 filas · az 0°",21-mar,780,47.306,pareja 4,55.000000,55.000000,0.00000000,0
bt3dPairMaxMag,29,"Zaragoza · llano · N-S aleatorio 6° · bifila · bagnarelli ×1 · 8 filas · az 0°",21-mar,780,47.306,pareja 5,55.000000,55.000000,0.00000000,0
bt3dPairMaxMag,29,"Zaragoza · llano · N-S aleatorio 6° · bifila · bagnarelli ×1 · 8 filas · az 0°",21-mar,780,47.306,pareja 6,55.000000,55.000000,0.00000000,0
bt3dPairMaxMag,31,"Zaragoza · pendiente 10 · N-S senoidal 4° · mono · medios ×1 · 10 filas · az 0°",21-mar,540,30.558,pareja 0,55.000000,55.000000,0.00000000,0
bt3dPairMaxMag,31,"Zaragoza · pendiente 10 · N-S senoidal 4° · mono · medios ×1 · 10 filas · az 0°",21-mar,540,30.558,pareja 1,55.000000,55.000000,0.00000000,0
bt3dPairMaxMag,31,"Zaragoza · pendiente 10 · N-S senoidal 4° · mono · medios ×1 · 10 filas · az 0°",21-mar,540,30.558,pareja 2,55.000000,55.000000,0.00000000,0
bt3dPairMaxMag,31,"Zaragoza · pendiente 10 · N-S senoidal 4° · mono · medios ×1 · 10 filas · az 0°",21-mar,540,30.558,pareja 3,55.000000,55.000000,0.00000000,0
bt3dPairMaxMag,31,"Zaragoza · pendiente 10 · N-S senoidal 4° · mono · medios ×1 · 10 filas · az 0°",21-mar,540,30.558,pareja 4,55.000000,55.000000,0.00000000,0
bt3dPairMaxMag,31,"Zaragoza · pendiente 10 · N-S senoidal 4° · mono · medios ×1 · 10 filas · az 0°",21-mar,540,30.558,pareja 5,55.000000,55.000000,0.00000000,0
bt3dPairMaxMag,31,"Zaragoza · pendiente 10 · N-S senoidal 4° · mono · medios ×1 · 10 filas · az 0°",21-mar,540,30.558,pareja 6,55.000000,55.000000,0.00000000,0
bt3dPairMaxMag,31,"Zaragoza · pendiente 10 · N-S senoidal 4° · mono · medios ×1 · 10 filas · az 0°",21-mar,540,30.558,pareja 7,55.000000,55.000000,0.00000000,0
bt3dPairMaxMag,31,"Zaragoza · pendiente 10 · N-S senoidal 4° · mono · medios ×1 · 10 filas · az 0°",21-mar,540,30.558,pareja 8,55.000000,55.000000,0.00000000,0
bt3dPairMaxMag,31,"Zaragoza · pendiente 10 · N-S senoidal 4° · mono · medios ×1 · 10 filas · az 0°",21-mar,620,41.836,pareja 0,55.000000,55.000000,0.00000000,0
bt3dPairMaxMag,31,"Zaragoza · pendiente 10 · N-S senoidal 4° · mono · medios ×1 · 10 filas · az 0°",21-mar,620,41.836,pareja 1,55.000000,55.000000,0.00000000,0
bt3dPairMaxMag,31,"Zaragoza · pendiente 10 · N-S senoidal 4° · mono · medios ×1 · 10 filas · az 0°",21-mar,620,41.836,pareja 2,55.000000,55.000000,0.00000000,0
bt3dPairMaxMag,31,"Zaragoza · pendiente 10 · N-S senoidal 4° · mono · medios ×1 · 10 filas · az 0°",21-mar,620,41.836,pareja 3,55.000000,55.000000,0.00000000,0
bt3dPairMaxMag,31,"Zaragoza · pendiente 10 · N-S senoidal 4° · mono · medios ×1 · 10 filas · az 0°",21-mar,620,41.836,pareja 4,55.000000,55.000000,0.00000000,0
bt3dPairMaxMag,31,"Zaragoza · pendiente 10 · N-S senoidal 4° · mono · medios ×1 · 10 filas · az 0°",21-mar,620,41.836,pareja 5,55.000000,55.000000,0.00000000,0
bt3dPairMaxMag,31,"Zaragoza · pendiente 10 · N-S senoidal 4° · mono · medios ×1 · 10 filas · az 0°",21-mar,620,41.836,pareja 6,55.000000,55.000000,0.00000000,0
bt3dPairMaxMag,31,"Zaragoza · pendiente 10 · N-S senoidal 4° · mono · medios ×1 · 10 filas · az 0°",21-mar,620,41.836,pareja 7,55.000000,55.000000,0.00000000,0
bt3dPairMaxMag,31,"Zaragoza · pendiente 10 · N-S senoidal 4° · mono · medios ×1 · 10 filas · az 0°",21-mar,620,41.836,pareja 8,55.000000,55.000000,0.00000000,0
bt3dPairMaxMag,31,"Zaragoza · pendiente 10 · N-S senoidal 4° · mono · medios ×1 · 10 filas · az 0°",21-dic,660,23.493,pareja 0,55.000000,55.000000,0.00000000,0
bt3dPairMaxMag,31,"Zaragoza · pendiente 10 · N-S senoidal 4° · mono · medios ×1 · 10 filas · az 0°",21-dic,660,23.493,pareja 1,55.000000,55.000000,0.00000000,0
bt3dPairMaxMag,31,"Zaragoza · pendiente 10 · N-S senoidal 4° · mono · medios ×1 · 10 filas · az 0°",21-dic,660,23.493,pareja 2,55.000000,55.000000,0.00000000,0
bt3dPairMaxMag,31,"Zaragoza · pendiente 10 · N-S senoidal 4° · mono · medios ×1 · 10 filas · az 0°",21-dic,660,23.493,pareja 3,55.000000,55.000000,0.00000000,0
bt3dPairMaxMag,31,"Zaragoza · pendiente 10 · N-S senoidal 4° · mono · medios ×1 · 10 filas · az 0°",21-dic,660,23.493,pareja 4,55.000000,55.000000,0.00000000,0
bt3dPairMaxMag,31,"Zaragoza · pendiente 10 · N-S senoidal 4° · mono · medios ×1 · 10 filas · az 0°",21-dic,660,23.493,pareja 5,55.000000,55.000000,0.00000000,0
bt3dPairMaxMag,31,"Zaragoza · pendiente 10 · N-S senoidal 4° · mono · medios ×1 · 10 filas · az 0°",21-dic,660,23.493,pareja 6,55.000000,55.000000,0.00000000,0
bt3dPairMaxMag,31,"Zaragoza · pendiente 10 · N-S senoidal 4° · mono · medios ×1 · 10 filas · az 0°",21-dic,660,23.493,pareja 7,55.000000,55.000000,0.00000000,0
bt3dPairMaxMag,31,"Zaragoza · pendiente 10 · N-S senoidal 4° · mono · medios ×1 · 10 filas · az 0°",21-dic,660,23.493,pareja 8,55.000000,55.000000,0.00000000,0
bt3dPairMaxMag,32,"Zaragoza · llano · N-S aleatorio 6° · mono · medios ×1 · 6 filas · az 0°",21-jun,560,51.273,pareja 0,55.000000,55.000000,0.00000000,0
bt3dPairMaxMag,32,"Zaragoza · llano · N-S aleatorio 6° · mono · medios ×1 · 6 filas · az 0°",21-jun,560,51.273,pareja 1,55.000000,55.000000,0.00000000,0
bt3dPairMaxMag,32,"Zaragoza · llano · N-S aleatorio 6° · mono · medios ×1 · 6 filas · az 0°",21-jun,560,51.273,pareja 2,55.000000,55.000000,0.00000000,0
bt3dPairMaxMag,32,"Zaragoza · llano · N-S aleatorio 6° · mono · medios ×1 · 6 filas · az 0°",21-jun,560,51.273,pareja 3,55.000000,55.000000,0.00000000,0
bt3dPairMaxMag,32,"Zaragoza · llano · N-S aleatorio 6° · mono · medios ×1 · 6 filas · az 0°",21-jun,560,51.273,pareja 4,55.000000,55.000000,0.00000000,0
bt3dPairMaxMag,32,"Zaragoza · llano · N-S aleatorio 6° · mono · medios ×1 · 6 filas · az 0°",21-dic,820,21.125,pareja 0,55.000000,55.000000,0.00000000,0
bt3dPairMaxMag,32,"Zaragoza · llano · N-S aleatorio 6° · mono · medios ×1 · 6 filas · az 0°",21-dic,820,21.125,pareja 1,55.000000,55.000000,0.00000000,0
bt3dPairMaxMag,32,"Zaragoza · llano · N-S aleatorio 6° · mono · medios ×1 · 6 filas · az 0°",21-dic,820,21.125,pareja 2,55.000000,55.000000,0.00000000,0
bt3dPairMaxMag,32,"Zaragoza · llano · N-S aleatorio 6° · mono · medios ×1 · 6 filas · az 0°",21-dic,820,21.125,pareja 3,55.000000,55.000000,0.00000000,0
bt3dPairMaxMag,32,"Zaragoza · llano · N-S aleatorio 6° · mono · medios ×1 · 6 filas · az 0°",21-dic,820,21.125,pareja 4,55.000000,55.000000,0.00000000,0
bt3dPairMaxMag,33,"Arequipa · pendiente 10 · N-S constante 3° · mono · medios ×2 · 8 filas · az 0°",21-jun,880,39.060,pareja 0,55.000000,55.000000,0.00000000,0
bt3dPairMaxMag,33,"Arequipa · pendiente 10 · N-S constante 3° · mono · medios ×2 · 8 filas · az 0°",21-jun,880,39.060,pareja 1,55.000000,55.000000,0.00000000,0
bt3dPairMaxMag,33,"Arequipa · pendiente 10 · N-S constante 3° · mono · medios ×2 · 8 filas · az 0°",21-jun,880,39.060,pareja 2,55.000000,55.000000,0.00000000,0
bt3dPairMaxMag,33,"Arequipa · pendiente 10 · N-S constante 3° · mono · medios ×2 · 8 filas · az 0°",21-jun,880,39.060,pareja 3,55.000000,55.000000,0.00000000,0
bt3dPairMaxMag,33,"Arequipa · pendiente 10 · N-S constante 3° · mono · medios ×2 · 8 filas · az 0°",21-jun,880,39.060,pareja 4,55.000000,55.000000,0.00000000,0
bt3dPairMaxMag,33,"Arequipa · pendiente 10 · N-S constante 3° · mono · medios ×2 · 8 filas · az 0°",21-jun,880,39.060,pareja 5,55.000000,55.000000,0.00000000,0
bt3dPairMaxMag,33,"Arequipa · pendiente 10 · N-S constante 3° · mono · medios ×2 · 8 filas · az 0°",21-jun,880,39.060,pareja 6,55.000000,55.000000,0.00000000,0
bt3dPairMaxMag,33,"Arequipa · pendiente 10 · N-S constante 3° · mono · medios ×2 · 8 filas · az 0°",21-mar,1120,58.863,pareja 0,55.000000,55.000000,0.00000000,0
bt3dPairMaxMag,33,"Arequipa · pendiente 10 · N-S constante 3° · mono · medios ×2 · 8 filas · az 0°",21-mar,1120,58.863,pareja 1,55.000000,55.000000,0.00000000,0
bt3dPairMaxMag,33,"Arequipa · pendiente 10 · N-S constante 3° · mono · medios ×2 · 8 filas · az 0°",21-mar,1120,58.863,pareja 2,55.000000,55.000000,0.00000000,0
bt3dPairMaxMag,33,"Arequipa · pendiente 10 · N-S constante 3° · mono · medios ×2 · 8 filas · az 0°",21-mar,1120,58.863,pareja 3,55.000000,55.000000,0.00000000,0
bt3dPairMaxMag,33,"Arequipa · pendiente 10 · N-S constante 3° · mono · medios ×2 · 8 filas · az 0°",21-mar,1120,58.863,pareja 4,55.000000,55.000000,0.00000000,0
bt3dPairMaxMag,33,"Arequipa · pendiente 10 · N-S constante 3° · mono · medios ×2 · 8 filas · az 0°",21-mar,1120,58.863,pareja 5,55.000000,55.000000,0.00000000,0
bt3dPairMaxMag,33,"Arequipa · pendiente 10 · N-S constante 3° · mono · medios ×2 · 8 filas · az 0°",21-mar,1120,58.863,pareja 6,55.000000,55.000000,0.00000000,0
bt3dPairMaxMag,33,"Arequipa · pendiente 10 · N-S constante 3° · mono · medios ×2 · 8 filas · az 0°",21-dic,680,14.319,pareja 0,55.000000,55.000000,0.00000000,0
bt3dPairMaxMag,33,"Arequipa · pendiente 10 · N-S constante 3° · mono · medios ×2 · 8 filas · az 0°",21-dic,680,14.319,pareja 1,55.000000,55.000000,0.00000000,0
bt3dPairMaxMag,33,"Arequipa · pendiente 10 · N-S constante 3° · mono · medios ×2 · 8 filas · az 0°",21-dic,680,14.319,pareja 2,55.000000,55.000000,0.00000000,0
bt3dPairMaxMag,33,"Arequipa · pendiente 10 · N-S constante 3° · mono · medios ×2 · 8 filas · az 0°",21-dic,680,14.319,pareja 3,55.000000,55.000000,0.00000000,0
bt3dPairMaxMag,33,"Arequipa · pendiente 10 · N-S constante 3° · mono · medios ×2 · 8 filas · az 0°",21-dic,680,14.319,pareja 4,55.000000,55.000000,0.00000000,0
bt3dPairMaxMag,33,"Arequipa · pendiente 10 · N-S constante 3° · mono · medios ×2 · 8 filas · az 0°",21-dic,680,14.319,pareja 5,55.000000,55.000000,0.00000000,0
bt3dPairMaxMag,33,"Arequipa · pendiente 10 · N-S constante 3° · mono · medios ×2 · 8 filas · az 0°",21-dic,680,14.319,pareja 6,55.000000,55.000000,0.00000000,0
bt3dPairMaxMag,33,"Arequipa · pendiente 10 · N-S constante 3° · mono · medios ×2 · 8 filas · az 0°",21-dic,800,41.545,pareja 0,55.000000,55.000000,0.00000000,0
bt3dPairMaxMag,33,"Arequipa · pendiente 10 · N-S constante 3° · mono · medios ×2 · 8 filas · az 0°",21-dic,800,41.545,pareja 1,55.000000,55.000000,0.00000000,0
bt3dPairMaxMag,33,"Arequipa · pendiente 10 · N-S constante 3° · mono · medios ×2 · 8 filas · az 0°",21-dic,800,41.545,pareja 2,55.000000,55.000000,0.00000000,0
bt3dPairMaxMag,33,"Arequipa · pendiente 10 · N-S constante 3° · mono · medios ×2 · 8 filas · az 0°",21-dic,800,41.545,pareja 3,55.000000,55.000000,0.00000000,0
bt3dPairMaxMag,33,"Arequipa · pendiente 10 · N-S constante 3° · mono · medios ×2 · 8 filas · az 0°",21-dic,800,41.545,pareja 4,55.000000,55.000000,0.00000000,0
bt3dPairMaxMag,33,"Arequipa · pendiente 10 · N-S constante 3° · mono · medios ×2 · 8 filas · az 0°",21-dic,800,41.545,pareja 5,55.000000,55.000000,0.00000000,0
bt3dPairMaxMag,33,"Arequipa · pendiente 10 · N-S constante 3° · mono · medios ×2 · 8 filas · az 0°",21-dic,800,41.545,pareja 6,55.000000,55.000000,0.00000000,0
bt3dPairMaxMag,34,"Zaragoza · llano · N-S quebrado 6° · quebrado · bagnarelli ×1 · 6 filas · az 15°",21-jun,700,71.130,pareja 0,55.000000,55.000000,0.00000000,0
bt3dPairMaxMag,34,"Zaragoza · llano · N-S quebrado 6° · quebrado · bagnarelli ×1 · 6 filas · az 15°",21-jun,700,71.130,pareja 1,55.000000,55.000000,0.00000000,0
bt3dPairMaxMag,34,"Zaragoza · llano · N-S quebrado 6° · quebrado · bagnarelli ×1 · 6 filas · az 15°",21-jun,700,71.130,pareja 2,55.000000,55.000000,0.00000000,0
bt3dPairMaxMag,34,"Zaragoza · llano · N-S quebrado 6° · quebrado · bagnarelli ×1 · 6 filas · az 15°",21-jun,700,71.130,pareja 3,55.000000,55.000000,0.00000000,0
bt3dPairMaxMag,34,"Zaragoza · llano · N-S quebrado 6° · quebrado · bagnarelli ×1 · 6 filas · az 15°",21-jun,700,71.130,pareja 4,55.000000,55.000000,0.00000000,0
bt3dPairMaxMag,34,"Zaragoza · llano · N-S quebrado 6° · quebrado · bagnarelli ×1 · 6 filas · az 15°",21-jun,1000,30.883,pareja 0,55.000000,55.000000,0.00000000,0
bt3dPairMaxMag,34,"Zaragoza · llano · N-S quebrado 6° · quebrado · bagnarelli ×1 · 6 filas · az 15°",21-jun,1000,30.883,pareja 1,55.000000,55.000000,0.00000000,0
bt3dPairMaxMag,34,"Zaragoza · llano · N-S quebrado 6° · quebrado · bagnarelli ×1 · 6 filas · az 15°",21-jun,1000,30.883,pareja 2,55.000000,55.000000,0.00000000,0
bt3dPairMaxMag,34,"Zaragoza · llano · N-S quebrado 6° · quebrado · bagnarelli ×1 · 6 filas · az 15°",21-jun,1000,30.883,pareja 3,55.000000,55.000000,0.00000000,0
bt3dPairMaxMag,34,"Zaragoza · llano · N-S quebrado 6° · quebrado · bagnarelli ×1 · 6 filas · az 15°",21-jun,1000,30.883,pareja 4,55.000000,55.000000,0.00000000,0
bt3dPairMaxMag,34,"Zaragoza · llano · N-S quebrado 6° · quebrado · bagnarelli ×1 · 6 filas · az 15°",21-jun,1040,23.493,pareja 0,55.000000,55.000000,0.00000000,0
bt3dPairMaxMag,34,"Zaragoza · llano · N-S quebrado 6° · quebrado · bagnarelli ×1 · 6 filas · az 15°",21-jun,1040,23.493,pareja 1,55.000000,55.000000,0.00000000,0
bt3dPairMaxMag,34,"Zaragoza · llano · N-S quebrado 6° · quebrado · bagnarelli ×1 · 6 filas · az 15°",21-jun,1040,23.493,pareja 2,55.000000,55.000000,0.00000000,0
bt3dPairMaxMag,34,"Zaragoza · llano · N-S quebrado 6° · quebrado · bagnarelli ×1 · 6 filas · az 15°",21-jun,1040,23.493,pareja 3,55.000000,55.000000,0.00000000,0
bt3dPairMaxMag,34,"Zaragoza · llano · N-S quebrado 6° · quebrado · bagnarelli ×1 · 6 filas · az 15°",21-jun,1040,23.493,pareja 4,55.000000,55.000000,0.00000000,0
bt3dPairMaxMag,34,"Zaragoza · llano · N-S quebrado 6° · quebrado · bagnarelli ×1 · 6 filas · az 15°",21-mar,580,36.634,pareja 0,55.000000,55.000000,0.00000000,0
bt3dPairMaxMag,34,"Zaragoza · llano · N-S quebrado 6° · quebrado · bagnarelli ×1 · 6 filas · az 15°",21-mar,580,36.634,pareja 1,55.000000,55.000000,0.00000000,0
bt3dPairMaxMag,34,"Zaragoza · llano · N-S quebrado 6° · quebrado · bagnarelli ×1 · 6 filas · az 15°",21-mar,580,36.634,pareja 2,55.000000,55.000000,0.00000000,0
bt3dPairMaxMag,34,"Zaragoza · llano · N-S quebrado 6° · quebrado · bagnarelli ×1 · 6 filas · az 15°",21-mar,580,36.634,pareja 3,55.000000,55.000000,0.00000000,0
bt3dPairMaxMag,34,"Zaragoza · llano · N-S quebrado 6° · quebrado · bagnarelli ×1 · 6 filas · az 15°",21-mar,580,36.634,pareja 4,55.000000,55.000000,0.00000000,0
bt3dPairMaxMag,34,"Zaragoza · llano · N-S quebrado 6° · quebrado · bagnarelli ×1 · 6 filas · az 15°",21-mar,760,48.259,pareja 0,55.000000,55.000000,0.00000000,0
bt3dPairMaxMag,34,"Zaragoza · llano · N-S quebrado 6° · quebrado · bagnarelli ×1 · 6 filas · az 15°",21-mar,760,48.259,pareja 1,55.000000,55.000000,0.00000000,0
bt3dPairMaxMag,34,"Zaragoza · llano · N-S quebrado 6° · quebrado · bagnarelli ×1 · 6 filas · az 15°",21-mar,760,48.259,pareja 2,55.000000,55.000000,0.00000000,0
bt3dPairMaxMag,34,"Zaragoza · llano · N-S quebrado 6° · quebrado · bagnarelli ×1 · 6 filas · az 15°",21-mar,760,48.259,pareja 3,55.000000,55.000000,0.00000000,0
bt3dPairMaxMag,34,"Zaragoza · llano · N-S quebrado 6° · quebrado · bagnarelli ×1 · 6 filas · az 15°",21-mar,760,48.259,pareja 4,55.000000,55.000000,0.00000000,0
bt3dPairMaxMag,34,"Zaragoza · llano · N-S quebrado 6° · quebrado · bagnarelli ×1 · 6 filas · az 15°",21-mar,820,44.115,pareja 0,55.000000,55.000000,0.00000000,0
bt3dPairMaxMag,34,"Zaragoza · llano · N-S quebrado 6° · quebrado · bagnarelli ×1 · 6 filas · az 15°",21-mar,820,44.115,pareja 1,55.000000,55.000000,0.00000000,0
bt3dPairMaxMag,34,"Zaragoza · llano · N-S quebrado 6° · quebrado · bagnarelli ×1 · 6 filas · az 15°",21-mar,820,44.115,pareja 2,55.000000,55.000000,0.00000000,0
bt3dPairMaxMag,34,"Zaragoza · llano · N-S quebrado 6° · quebrado · bagnarelli ×1 · 6 filas · az 15°",21-mar,820,44.115,pareja 3,55.000000,55.000000,0.00000000,0
bt3dPairMaxMag,34,"Zaragoza · llano · N-S quebrado 6° · quebrado · bagnarelli ×1 · 6 filas · az 15°",21-mar,820,44.115,pareja 4,55.000000,55.000000,0.00000000,0
bt3dPairMaxMag,34,"Zaragoza · llano · N-S quebrado 6° · quebrado · bagnarelli ×1 · 6 filas · az 15°",21-mar,880,36.794,pareja 0,55.000000,55.000000,0.00000000,0
bt3dPairMaxMag,34,"Zaragoza · llano · N-S quebrado 6° · quebrado · bagnarelli ×1 · 6 filas · az 15°",21-mar,880,36.794,pareja 1,55.000000,55.000000,0.00000000,0
bt3dPairMaxMag,34,"Zaragoza · llano · N-S quebrado 6° · quebrado · bagnarelli ×1 · 6 filas · az 15°",21-mar,880,36.794,pareja 2,55.000000,55.000000,0.00000000,0
bt3dPairMaxMag,34,"Zaragoza · llano · N-S quebrado 6° · quebrado · bagnarelli ×1 · 6 filas · az 15°",21-mar,880,36.794,pareja 3,55.000000,55.000000,0.00000000,0
bt3dPairMaxMag,34,"Zaragoza · llano · N-S quebrado 6° · quebrado · bagnarelli ×1 · 6 filas · az 15°",21-mar,880,36.794,pareja 4,55.000000,55.000000,0.00000000,0
bt3dPairMaxMag,34,"Zaragoza · llano · N-S quebrado 6° · quebrado · bagnarelli ×1 · 6 filas · az 15°",21-dic,900,13.023,pareja 0,55.000000,55.000000,0.00000000,0
bt3dPairMaxMag,34,"Zaragoza · llano · N-S quebrado 6° · quebrado · bagnarelli ×1 · 6 filas · az 15°",21-dic,900,13.023,pareja 1,55.000000,55.000000,0.00000000,0
bt3dPairMaxMag,34,"Zaragoza · llano · N-S quebrado 6° · quebrado · bagnarelli ×1 · 6 filas · az 15°",21-dic,900,13.023,pareja 2,55.000000,55.000000,0.00000000,0
bt3dPairMaxMag,35,"Arequipa · valle 2 · N-S rotula 3° · mono · tresbolillo ×1 · 6 filas · az 0°",21-mar,740,20.411,pareja 0,55.000000,55.000000,0.00000000,0
bt3dPairMaxMag,35,"Arequipa · valle 2 · N-S rotula 3° · mono · tresbolillo ×1 · 6 filas · az 0°",21-mar,740,20.411,pareja 1,55.000000,55.000000,0.00000000,0
bt3dPairMaxMag,35,"Arequipa · valle 2 · N-S rotula 3° · mono · tresbolillo ×1 · 6 filas · az 0°",21-mar,1100,62.855,pareja 0,55.000000,55.000000,0.00000000,0
bt3dPairMaxMag,35,"Arequipa · valle 2 · N-S rotula 3° · mono · tresbolillo ×1 · 6 filas · az 0°",21-mar,1100,62.855,pareja 1,55.000000,55.000000,0.00000000,0
bt3dPairMaxMag,35,"Arequipa · valle 2 · N-S rotula 3° · mono · tresbolillo ×1 · 6 filas · az 0°",21-mar,1100,62.855,pareja 2,55.000000,55.000000,0.00000000,0
bt3dPairMaxMag,35,"Arequipa · valle 2 · N-S rotula 3° · mono · tresbolillo ×1 · 6 filas · az 0°",21-mar,1100,62.855,pareja 3,55.000000,55.000000,0.00000000,0
bt3dPairMaxMag,35,"Arequipa · valle 2 · N-S rotula 3° · mono · tresbolillo ×1 · 6 filas · az 0°",21-mar,1100,62.855,pareja 4,55.000000,55.000000,0.00000000,0
bt3dPairMaxMag,35,"Arequipa · valle 2 · N-S rotula 3° · mono · tresbolillo ×1 · 6 filas · az 0°",21-dic,920,68.846,pareja 0,55.000000,55.000000,0.00000000,0
bt3dPairMaxMag,35,"Arequipa · valle 2 · N-S rotula 3° · mono · tresbolillo ×1 · 6 filas · az 0°",21-dic,920,68.846,pareja 1,55.000000,55.000000,0.00000000,0
bt3dPairMaxMag,35,"Arequipa · valle 2 · N-S rotula 3° · mono · tresbolillo ×1 · 6 filas · az 0°",21-dic,920,68.846,pareja 2,55.000000,55.000000,0.00000000,0
bt3dPairMaxMag,35,"Arequipa · valle 2 · N-S rotula 3° · mono · tresbolillo ×1 · 6 filas · az 0°",21-dic,920,68.846,pareja 3,55.000000,55.000000,0.00000000,0
bt3dPairMaxMag,35,"Arequipa · valle 2 · N-S rotula 3° · mono · tresbolillo ×1 · 6 filas · az 0°",21-dic,920,68.846,pareja 4,55.000000,55.000000,0.00000000,0
bt3dPairMaxMag,36,"Arequipa · ondulado 2 · N-S constante 6° · bifila · alineadas ×1 · 8 filas · az 0°",21-jun,860,35.905,pareja 0,55.000000,55.000000,0.00000000,0
bt3dPairMaxMag,36,"Arequipa · ondulado 2 · N-S constante 6° · bifila · alineadas ×1 · 8 filas · az 0°",21-jun,860,35.905,pareja 1,55.000000,55.000000,0.00000000,0
bt3dPairMaxMag,36,"Arequipa · ondulado 2 · N-S constante 6° · bifila · alineadas ×1 · 8 filas · az 0°",21-jun,860,35.905,pareja 2,55.000000,55.000000,0.00000000,0
bt3dPairMaxMag,36,"Arequipa · ondulado 2 · N-S constante 6° · bifila · alineadas ×1 · 8 filas · az 0°",21-jun,860,35.905,pareja 3,55.000000,55.000000,0.00000000,0
bt3dPairMaxMag,36,"Arequipa · ondulado 2 · N-S constante 6° · bifila · alineadas ×1 · 8 filas · az 0°",21-jun,860,35.905,pareja 4,55.000000,55.000000,0.00000000,0
bt3dPairMaxMag,36,"Arequipa · ondulado 2 · N-S constante 6° · bifila · alineadas ×1 · 8 filas · az 0°",21-jun,860,35.905,pareja 5,55.000000,55.000000,0.00000000,0
bt3dPairMaxMag,36,"Arequipa · ondulado 2 · N-S constante 6° · bifila · alineadas ×1 · 8 filas · az 0°",21-jun,860,35.905,pareja 6,55.000000,55.000000,0.00000000,0
bt3dPairMaxMag,36,"Arequipa · ondulado 2 · N-S constante 6° · bifila · alineadas ×1 · 8 filas · az 0°",21-jun,880,39.060,pareja 0,55.000000,55.000000,0.00000000,0
bt3dPairMaxMag,36,"Arequipa · ondulado 2 · N-S constante 6° · bifila · alineadas ×1 · 8 filas · az 0°",21-jun,880,39.060,pareja 1,55.000000,55.000000,0.00000000,0
bt3dPairMaxMag,36,"Arequipa · ondulado 2 · N-S constante 6° · bifila · alineadas ×1 · 8 filas · az 0°",21-jun,880,39.060,pareja 2,55.000000,55.000000,0.00000000,0
bt3dPairMaxMag,36,"Arequipa · ondulado 2 · N-S constante 6° · bifila · alineadas ×1 · 8 filas · az 0°",21-jun,880,39.060,pareja 3,55.000000,55.000000,0.00000000,0
bt3dPairMaxMag,36,"Arequipa · ondulado 2 · N-S constante 6° · bifila · alineadas ×1 · 8 filas · az 0°",21-jun,880,39.060,pareja 4,55.000000,55.000000,0.00000000,0
bt3dPairMaxMag,36,"Arequipa · ondulado 2 · N-S constante 6° · bifila · alineadas ×1 · 8 filas · az 0°",21-jun,880,39.060,pareja 5,55.000000,55.000000,0.00000000,0
bt3dPairMaxMag,36,"Arequipa · ondulado 2 · N-S constante 6° · bifila · alineadas ×1 · 8 filas · az 0°",21-jun,880,39.060,pareja 6,55.000000,55.000000,0.00000000,0
bt3dPairMaxMag,36,"Arequipa · ondulado 2 · N-S constante 6° · bifila · alineadas ×1 · 8 filas · az 0°",21-jun,900,41.927,pareja 0,55.000000,55.000000,0.00000000,0
bt3dPairMaxMag,36,"Arequipa · ondulado 2 · N-S constante 6° · bifila · alineadas ×1 · 8 filas · az 0°",21-jun,900,41.927,pareja 1,55.000000,55.000000,0.00000000,0
bt3dPairMaxMag,36,"Arequipa · ondulado 2 · N-S constante 6° · bifila · alineadas ×1 · 8 filas · az 0°",21-jun,900,41.927,pareja 2,55.000000,55.000000,0.00000000,0
bt3dPairMaxMag,36,"Arequipa · ondulado 2 · N-S constante 6° · bifila · alineadas ×1 · 8 filas · az 0°",21-jun,900,41.927,pareja 3,55.000000,55.000000,0.00000000,0
bt3dPairMaxMag,36,"Arequipa · ondulado 2 · N-S constante 6° · bifila · alineadas ×1 · 8 filas · az 0°",21-jun,900,41.927,pareja 4,55.000000,55.000000,0.00000000,0
bt3dPairMaxMag,36,"Arequipa · ondulado 2 · N-S constante 6° · bifila · alineadas ×1 · 8 filas · az 0°",21-jun,900,41.927,pareja 5,55.000000,55.000000,0.00000000,0
bt3dPairMaxMag,36,"Arequipa · ondulado 2 · N-S constante 6° · bifila · alineadas ×1 · 8 filas · az 0°",21-jun,900,41.927,pareja 6,55.000000,55.000000,0.00000000,0
bt3dPairMaxMag,36,"Arequipa · ondulado 2 · N-S constante 6° · bifila · alineadas ×1 · 8 filas · az 0°",21-jun,1100,44.237,pareja 0,55.000000,55.000000,0.00000000,0
bt3dPairMaxMag,36,"Arequipa · ondulado 2 · N-S constante 6° · bifila · alineadas ×1 · 8 filas · az 0°",21-jun,1100,44.237,pareja 1,55.000000,55.000000,0.00000000,0
bt3dPairMaxMag,36,"Arequipa · ondulado 2 · N-S constante 6° · bifila · alineadas ×1 · 8 filas · az 0°",21-jun,1100,44.237,pareja 2,55.000000,55.000000,0.00000000,0
bt3dPairMaxMag,36,"Arequipa · ondulado 2 · N-S constante 6° · bifila · alineadas ×1 · 8 filas · az 0°",21-jun,1100,44.237,pareja 3,55.000000,55.000000,0.00000000,0
bt3dPairMaxMag,36,"Arequipa · ondulado 2 · N-S constante 6° · bifila · alineadas ×1 · 8 filas · az 0°",21-jun,1100,44.237,pareja 4,55.000000,55.000000,0.00000000,0
bt3dPairMaxMag,36,"Arequipa · ondulado 2 · N-S constante 6° · bifila · alineadas ×1 · 8 filas · az 0°",21-jun,1100,44.237,pareja 5,55.000000,55.000000,0.00000000,0
bt3dPairMaxMag,36,"Arequipa · ondulado 2 · N-S constante 6° · bifila · alineadas ×1 · 8 filas · az 0°",21-jun,1100,44.237,pareja 6,55.000000,55.000000,0.00000000,0
bt3dPairMaxMag,36,"Arequipa · ondulado 2 · N-S constante 6° · bifila · alineadas ×1 · 8 filas · az 0°",21-jun,1140,38.786,pareja 0,55.000000,55.000000,0.00000000,0
bt3dPairMaxMag,36,"Arequipa · ondulado 2 · N-S constante 6° · bifila · alineadas ×1 · 8 filas · az 0°",21-jun,1140,38.786,pareja 1,55.000000,55.000000,0.00000000,0
bt3dPairMaxMag,36,"Arequipa · ondulado 2 · N-S constante 6° · bifila · alineadas ×1 · 8 filas · az 0°",21-jun,1140,38.786,pareja 2,55.000000,55.000000,0.00000000,0
bt3dPairMaxMag,36,"Arequipa · ondulado 2 · N-S constante 6° · bifila · alineadas ×1 · 8 filas · az 0°",21-jun,1140,38.786,pareja 3,55.000000,55.000000,0.00000000,0
bt3dPairMaxMag,36,"Arequipa · ondulado 2 · N-S constante 6° · bifila · alineadas ×1 · 8 filas · az 0°",21-jun,1140,38.786,pareja 4,55.000000,55.000000,0.00000000,0
bt3dPairMaxMag,36,"Arequipa · ondulado 2 · N-S constante 6° · bifila · alineadas ×1 · 8 filas · az 0°",21-jun,1140,38.786,pareja 5,55.000000,55.000000,0.00000000,0
bt3dPairMaxMag,36,"Arequipa · ondulado 2 · N-S constante 6° · bifila · alineadas ×1 · 8 filas · az 0°",21-jun,1140,38.786,pareja 6,55.000000,55.000000,0.00000000,0
bt3dPairMaxMag,36,"Arequipa · ondulado 2 · N-S constante 6° · bifila · alineadas ×1 · 8 filas · az 0°",21-dic,920,68.846,pareja 0,55.000000,55.000000,0.00000000,0
bt3dPairMaxMag,36,"Arequipa · ondulado 2 · N-S constante 6° · bifila · alineadas ×1 · 8 filas · az 0°",21-dic,920,68.846,pareja 1,55.000000,55.000000,0.00000000,0
bt3dPairMaxMag,36,"Arequipa · ondulado 2 · N-S constante 6° · bifila · alineadas ×1 · 8 filas · az 0°",21-dic,920,68.846,pareja 2,55.000000,55.000000,0.00000000,0
bt3dPairMaxMag,36,"Arequipa · ondulado 2 · N-S constante 6° · bifila · alineadas ×1 · 8 filas · az 0°",21-dic,920,68.846,pareja 3,55.000000,55.000000,0.00000000,0
bt3dPairMaxMag,36,"Arequipa · ondulado 2 · N-S constante 6° · bifila · alineadas ×1 · 8 filas · az 0°",21-dic,920,68.846,pareja 4,55.000000,55.000000,0.00000000,0
bt3dPairMaxMag,36,"Arequipa · ondulado 2 · N-S constante 6° · bifila · alineadas ×1 · 8 filas · az 0°",21-dic,920,68.846,pareja 5,55.000000,55.000000,0.00000000,0
bt3dPairMaxMag,36,"Arequipa · ondulado 2 · N-S constante 6° · bifila · alineadas ×1 · 8 filas · az 0°",21-dic,920,68.846,pareja 6,55.000000,55.000000,0.00000000,0
bt3dPairMaxMag,37,"Zaragoza · aleatorio 13 · N-S senoidal 3° · bifila · alineadas ×1 · 6 filas · az 0°",21-jun,460,32.739,pareja 0,55.000000,55.000000,0.00000000,0
bt3dPairMaxMag,37,"Zaragoza · aleatorio 13 · N-S senoidal 3° · bifila · alineadas ×1 · 6 filas · az 0°",21-jun,460,32.739,pareja 1,55.000000,55.000000,0.00000000,0
bt3dPairMaxMag,37,"Zaragoza · aleatorio 13 · N-S senoidal 3° · bifila · alineadas ×1 · 6 filas · az 0°",21-jun,460,32.739,pareja 2,55.000000,55.000000,0.00000000,0
bt3dPairMaxMag,37,"Zaragoza · aleatorio 13 · N-S senoidal 3° · bifila · alineadas ×1 · 6 filas · az 0°",21-jun,460,32.739,pareja 3,55.000000,55.000000,0.00000000,0
bt3dPairMaxMag,37,"Zaragoza · aleatorio 13 · N-S senoidal 3° · bifila · alineadas ×1 · 6 filas · az 0°",21-jun,460,32.739,pareja 4,55.000000,55.000000,0.00000000,0
bt3dPairMaxMag,37,"Zaragoza · aleatorio 13 · N-S senoidal 3° · bifila · alineadas ×1 · 6 filas · az 0°",21-jun,640,64.648,pareja 0,55.000000,55.000000,0.00000000,0
bt3dPairMaxMag,37,"Zaragoza · aleatorio 13 · N-S senoidal 3° · bifila · alineadas ×1 · 6 filas · az 0°",21-jun,640,64.648,pareja 1,55.000000,55.000000,0.00000000,0
bt3dPairMaxMag,37,"Zaragoza · aleatorio 13 · N-S senoidal 3° · bifila · alineadas ×1 · 6 filas · az 0°",21-jun,640,64.648,pareja 2,55.000000,55.000000,0.00000000,0
bt3dPairMaxMag,37,"Zaragoza · aleatorio 13 · N-S senoidal 3° · bifila · alineadas ×1 · 6 filas · az 0°",21-jun,640,64.648,pareja 3,55.000000,55.000000,0.00000000,0
bt3dPairMaxMag,37,"Zaragoza · aleatorio 13 · N-S senoidal 3° · bifila · alineadas ×1 · 6 filas · az 0°",21-jun,640,64.648,pareja 4,55.000000,55.000000,0.00000000,0
bt3dPairMaxMag,37,"Zaragoza · aleatorio 13 · N-S senoidal 3° · bifila · alineadas ×1 · 6 filas · az 0°",21-jun,880,53.076,pareja 0,55.000000,55.000000,0.00000000,0
bt3dPairMaxMag,37,"Zaragoza · aleatorio 13 · N-S senoidal 3° · bifila · alineadas ×1 · 6 filas · az 0°",21-jun,880,53.076,pareja 1,55.000000,55.000000,0.00000000,0
bt3dPairMaxMag,37,"Zaragoza · aleatorio 13 · N-S senoidal 3° · bifila · alineadas ×1 · 6 filas · az 0°",21-jun,880,53.076,pareja 2,55.000000,55.000000,0.00000000,0
bt3dPairMaxMag,37,"Zaragoza · aleatorio 13 · N-S senoidal 3° · bifila · alineadas ×1 · 6 filas · az 0°",21-jun,880,53.076,pareja 3,55.000000,55.000000,0.00000000,0
bt3dPairMaxMag,37,"Zaragoza · aleatorio 13 · N-S senoidal 3° · bifila · alineadas ×1 · 6 filas · az 0°",21-jun,880,53.076,pareja 4,55.000000,55.000000,0.00000000,0
bt3dPairMaxMag,37,"Zaragoza · aleatorio 13 · N-S senoidal 3° · bifila · alineadas ×1 · 6 filas · az 0°",21-jun,920,45.791,pareja 0,55.000000,55.000000,0.00000000,0
bt3dPairMaxMag,37,"Zaragoza · aleatorio 13 · N-S senoidal 3° · bifila · alineadas ×1 · 6 filas · az 0°",21-jun,920,45.791,pareja 1,55.000000,55.000000,0.00000000,0
bt3dPairMaxMag,37,"Zaragoza · aleatorio 13 · N-S senoidal 3° · bifila · alineadas ×1 · 6 filas · az 0°",21-jun,920,45.791,pareja 2,55.000000,55.000000,0.00000000,0
bt3dPairMaxMag,37,"Zaragoza · aleatorio 13 · N-S senoidal 3° · bifila · alineadas ×1 · 6 filas · az 0°",21-jun,920,45.791,pareja 3,55.000000,55.000000,0.00000000,0
bt3dPairMaxMag,37,"Zaragoza · aleatorio 13 · N-S senoidal 3° · bifila · alineadas ×1 · 6 filas · az 0°",21-jun,920,45.791,pareja 4,55.000000,55.000000,0.00000000,0
bt3dPairMaxMag,37,"Zaragoza · aleatorio 13 · N-S senoidal 3° · bifila · alineadas ×1 · 6 filas · az 0°",21-jun,1020,27.173,pareja 0,55.000000,55.000000,0.00000000,0
bt3dPairMaxMag,37,"Zaragoza · aleatorio 13 · N-S senoidal 3° · bifila · alineadas ×1 · 6 filas · az 0°",21-jun,1020,27.173,pareja 1,55.000000,55.000000,0.00000000,0
bt3dPairMaxMag,37,"Zaragoza · aleatorio 13 · N-S senoidal 3° · bifila · alineadas ×1 · 6 filas · az 0°",21-mar,740,48.737,pareja 0,55.000000,55.000000,0.00000000,0
bt3dPairMaxMag,37,"Zaragoza · aleatorio 13 · N-S senoidal 3° · bifila · alineadas ×1 · 6 filas · az 0°",21-mar,740,48.737,pareja 1,55.000000,55.000000,0.00000000,0
bt3dPairMaxMag,37,"Zaragoza · aleatorio 13 · N-S senoidal 3° · bifila · alineadas ×1 · 6 filas · az 0°",21-mar,740,48.737,pareja 2,55.000000,55.000000,0.00000000,0
bt3dPairMaxMag,37,"Zaragoza · aleatorio 13 · N-S senoidal 3° · bifila · alineadas ×1 · 6 filas · az 0°",21-mar,740,48.737,pareja 3,55.000000,55.000000,0.00000000,0
bt3dPairMaxMag,37,"Zaragoza · aleatorio 13 · N-S senoidal 3° · bifila · alineadas ×1 · 6 filas · az 0°",21-mar,740,48.737,pareja 4,55.000000,55.000000,0.00000000,0
bt3dPairMaxMag,37,"Zaragoza · aleatorio 13 · N-S senoidal 3° · bifila · alineadas ×1 · 6 filas · az 0°",21-mar,760,48.259,pareja 0,55.000000,55.000000,0.00000000,0
bt3dPairMaxMag,37,"Zaragoza · aleatorio 13 · N-S senoidal 3° · bifila · alineadas ×1 · 6 filas · az 0°",21-mar,760,48.259,pareja 1,55.000000,55.000000,0.00000000,0
bt3dPairMaxMag,37,"Zaragoza · aleatorio 13 · N-S senoidal 3° · bifila · alineadas ×1 · 6 filas · az 0°",21-mar,760,48.259,pareja 2,55.000000,55.000000,0.00000000,0
bt3dPairMaxMag,37,"Zaragoza · aleatorio 13 · N-S senoidal 3° · bifila · alineadas ×1 · 6 filas · az 0°",21-mar,760,48.259,pareja 3,55.000000,55.000000,0.00000000,0
bt3dPairMaxMag,37,"Zaragoza · aleatorio 13 · N-S senoidal 3° · bifila · alineadas ×1 · 6 filas · az 0°",21-mar,760,48.259,pareja 4,55.000000,55.000000,0.00000000,0
bt3dPairMaxMag,37,"Zaragoza · aleatorio 13 · N-S senoidal 3° · bifila · alineadas ×1 · 6 filas · az 0°",21-dic,800,22.517,pareja 0,55.000000,55.000000,0.00000000,0
bt3dPairMaxMag,37,"Zaragoza · aleatorio 13 · N-S senoidal 3° · bifila · alineadas ×1 · 6 filas · az 0°",21-dic,800,22.517,pareja 1,55.000000,55.000000,0.00000000,0
bt3dPairMaxMag,37,"Zaragoza · aleatorio 13 · N-S senoidal 3° · bifila · alineadas ×1 · 6 filas · az 0°",21-dic,800,22.517,pareja 2,55.000000,55.000000,0.00000000,0
bt3dPairMaxMag,37,"Zaragoza · aleatorio 13 · N-S senoidal 3° · bifila · alineadas ×1 · 6 filas · az 0°",21-dic,800,22.517,pareja 3,55.000000,55.000000,0.00000000,0
bt3dPairMaxMag,37,"Zaragoza · aleatorio 13 · N-S senoidal 3° · bifila · alineadas ×1 · 6 filas · az 0°",21-dic,800,22.517,pareja 4,55.000000,55.000000,0.00000000,0
bt3dPairMaxMag,38,"Zaragoza · pendiente 3 · N-S constante 0° · mono · alineadas ×1 · 8 filas · az 0°",21-jun,1000,30.883,pareja 0,55.000000,55.000000,0.00000000,0
bt3dPairMaxMag,38,"Zaragoza · pendiente 3 · N-S constante 0° · mono · alineadas ×1 · 8 filas · az 0°",21-jun,1000,30.883,pareja 1,55.000000,55.000000,0.00000000,0
bt3dPairMaxMag,38,"Zaragoza · pendiente 3 · N-S constante 0° · mono · alineadas ×1 · 8 filas · az 0°",21-jun,1000,30.883,pareja 2,55.000000,55.000000,0.00000000,0
bt3dPairMaxMag,38,"Zaragoza · pendiente 3 · N-S constante 0° · mono · alineadas ×1 · 8 filas · az 0°",21-jun,1000,30.883,pareja 3,55.000000,55.000000,0.00000000,0
bt3dPairMaxMag,38,"Zaragoza · pendiente 3 · N-S constante 0° · mono · alineadas ×1 · 8 filas · az 0°",21-jun,1000,30.883,pareja 4,55.000000,55.000000,0.00000000,0
bt3dPairMaxMag,38,"Zaragoza · pendiente 3 · N-S constante 0° · mono · alineadas ×1 · 8 filas · az 0°",21-jun,1000,30.883,pareja 5,55.000000,55.000000,0.00000000,0
bt3dPairMaxMag,38,"Zaragoza · pendiente 3 · N-S constante 0° · mono · alineadas ×1 · 8 filas · az 0°",21-jun,1000,30.883,pareja 6,55.000000,55.000000,0.00000000,0
bt3dPairMaxMag,38,"Zaragoza · pendiente 3 · N-S constante 0° · mono · alineadas ×1 · 8 filas · az 0°",21-mar,620,41.836,pareja 0,55.000000,55.000000,0.00000000,0
bt3dPairMaxMag,38,"Zaragoza · pendiente 3 · N-S constante 0° · mono · alineadas ×1 · 8 filas · az 0°",21-mar,620,41.836,pareja 1,55.000000,55.000000,0.00000000,0
bt3dPairMaxMag,38,"Zaragoza · pendiente 3 · N-S constante 0° · mono · alineadas ×1 · 8 filas · az 0°",21-mar,620,41.836,pareja 2,55.000000,55.000000,0.00000000,0
bt3dPairMaxMag,38,"Zaragoza · pendiente 3 · N-S constante 0° · mono · alineadas ×1 · 8 filas · az 0°",21-mar,620,41.836,pareja 3,55.000000,55.000000,0.00000000,0
bt3dPairMaxMag,38,"Zaragoza · pendiente 3 · N-S constante 0° · mono · alineadas ×1 · 8 filas · az 0°",21-mar,620,41.836,pareja 4,55.000000,55.000000,0.00000000,0
bt3dPairMaxMag,38,"Zaragoza · pendiente 3 · N-S constante 0° · mono · alineadas ×1 · 8 filas · az 0°",21-mar,620,41.836,pareja 5,55.000000,55.000000,0.00000000,0
bt3dPairMaxMag,38,"Zaragoza · pendiente 3 · N-S constante 0° · mono · alineadas ×1 · 8 filas · az 0°",21-mar,620,41.836,pareja 6,55.000000,55.000000,0.00000000,0
bt3dPairMaxMag,38,"Zaragoza · pendiente 3 · N-S constante 0° · mono · alineadas ×1 · 8 filas · az 0°",21-mar,640,44.005,pareja 0,55.000000,55.000000,0.00000000,0
bt3dPairMaxMag,38,"Zaragoza · pendiente 3 · N-S constante 0° · mono · alineadas ×1 · 8 filas · az 0°",21-mar,640,44.005,pareja 1,55.000000,55.000000,0.00000000,0
bt3dPairMaxMag,38,"Zaragoza · pendiente 3 · N-S constante 0° · mono · alineadas ×1 · 8 filas · az 0°",21-mar,640,44.005,pareja 2,55.000000,55.000000,0.00000000,0
bt3dPairMaxMag,38,"Zaragoza · pendiente 3 · N-S constante 0° · mono · alineadas ×1 · 8 filas · az 0°",21-mar,640,44.005,pareja 3,55.000000,55.000000,0.00000000,0
bt3dPairMaxMag,38,"Zaragoza · pendiente 3 · N-S constante 0° · mono · alineadas ×1 · 8 filas · az 0°",21-mar,640,44.005,pareja 4,55.000000,55.000000,0.00000000,0
bt3dPairMaxMag,38,"Zaragoza · pendiente 3 · N-S constante 0° · mono · alineadas ×1 · 8 filas · az 0°",21-mar,640,44.005,pareja 5,55.000000,55.000000,0.00000000,0
bt3dPairMaxMag,38,"Zaragoza · pendiente 3 · N-S constante 0° · mono · alineadas ×1 · 8 filas · az 0°",21-mar,640,44.005,pareja 6,55.000000,55.000000,0.00000000,0
bt3dPairMaxMag,39,"Zaragoza · pendiente -6 · N-S aleatorio 4° · bifila · alineadas ×1 · 8 filas · az 0°",21-jun,560,51.273,pareja 0,55.000000,55.000000,0.00000000,0
bt3dPairMaxMag,39,"Zaragoza · pendiente -6 · N-S aleatorio 4° · bifila · alineadas ×1 · 8 filas · az 0°",21-jun,560,51.273,pareja 1,55.000000,55.000000,0.00000000,0
bt3dPairMaxMag,39,"Zaragoza · pendiente -6 · N-S aleatorio 4° · bifila · alineadas ×1 · 8 filas · az 0°",21-jun,560,51.273,pareja 2,55.000000,55.000000,0.00000000,0
bt3dPairMaxMag,39,"Zaragoza · pendiente -6 · N-S aleatorio 4° · bifila · alineadas ×1 · 8 filas · az 0°",21-jun,560,51.273,pareja 3,55.000000,55.000000,0.00000000,0
bt3dPairMaxMag,39,"Zaragoza · pendiente -6 · N-S aleatorio 4° · bifila · alineadas ×1 · 8 filas · az 0°",21-jun,560,51.273,pareja 4,55.000000,55.000000,0.00000000,0
bt3dPairMaxMag,39,"Zaragoza · pendiente -6 · N-S aleatorio 4° · bifila · alineadas ×1 · 8 filas · az 0°",21-jun,560,51.273,pareja 5,55.000000,55.000000,0.00000000,0
bt3dPairMaxMag,39,"Zaragoza · pendiente -6 · N-S aleatorio 4° · bifila · alineadas ×1 · 8 filas · az 0°",21-jun,560,51.273,pareja 6,55.000000,55.000000,0.00000000,0
bt3dPairMaxMag,39,"Zaragoza · pendiente -6 · N-S aleatorio 4° · bifila · alineadas ×1 · 8 filas · az 0°",21-jun,800,66.059,pareja 0,55.000000,55.000000,0.00000000,0
bt3dPairMaxMag,39,"Zaragoza · pendiente -6 · N-S aleatorio 4° · bifila · alineadas ×1 · 8 filas · az 0°",21-jun,800,66.059,pareja 1,55.000000,55.000000,0.00000000,0
bt3dPairMaxMag,39,"Zaragoza · pendiente -6 · N-S aleatorio 4° · bifila · alineadas ×1 · 8 filas · az 0°",21-jun,800,66.059,pareja 2,55.000000,55.000000,0.00000000,0
bt3dPairMaxMag,39,"Zaragoza · pendiente -6 · N-S aleatorio 4° · bifila · alineadas ×1 · 8 filas · az 0°",21-jun,800,66.059,pareja 3,55.000000,55.000000,0.00000000,0
bt3dPairMaxMag,39,"Zaragoza · pendiente -6 · N-S aleatorio 4° · bifila · alineadas ×1 · 8 filas · az 0°",21-jun,800,66.059,pareja 4,55.000000,55.000000,0.00000000,0
bt3dPairMaxMag,39,"Zaragoza · pendiente -6 · N-S aleatorio 4° · bifila · alineadas ×1 · 8 filas · az 0°",21-jun,800,66.059,pareja 5,55.000000,55.000000,0.00000000,0
bt3dPairMaxMag,39,"Zaragoza · pendiente -6 · N-S aleatorio 4° · bifila · alineadas ×1 · 8 filas · az 0°",21-jun,800,66.059,pareja 6,55.000000,55.000000,0.00000000,0
bt3dPairMaxMag,39,"Zaragoza · pendiente -6 · N-S aleatorio 4° · bifila · alineadas ×1 · 8 filas · az 0°",21-jun,920,45.791,pareja 0,55.000000,55.000000,0.00000000,0
bt3dPairMaxMag,39,"Zaragoza · pendiente -6 · N-S aleatorio 4° · bifila · alineadas ×1 · 8 filas · az 0°",21-jun,920,45.791,pareja 1,55.000000,55.000000,0.00000000,0
bt3dPairMaxMag,39,"Zaragoza · pendiente -6 · N-S aleatorio 4° · bifila · alineadas ×1 · 8 filas · az 0°",21-jun,920,45.791,pareja 2,55.000000,55.000000,0.00000000,0
bt3dPairMaxMag,39,"Zaragoza · pendiente -6 · N-S aleatorio 4° · bifila · alineadas ×1 · 8 filas · az 0°",21-jun,920,45.791,pareja 3,55.000000,55.000000,0.00000000,0
bt3dPairMaxMag,39,"Zaragoza · pendiente -6 · N-S aleatorio 4° · bifila · alineadas ×1 · 8 filas · az 0°",21-jun,920,45.791,pareja 4,55.000000,55.000000,0.00000000,0
bt3dPairMaxMag,39,"Zaragoza · pendiente -6 · N-S aleatorio 4° · bifila · alineadas ×1 · 8 filas · az 0°",21-jun,920,45.791,pareja 5,55.000000,55.000000,0.00000000,0
bt3dPairMaxMag,39,"Zaragoza · pendiente -6 · N-S aleatorio 4° · bifila · alineadas ×1 · 8 filas · az 0°",21-jun,920,45.791,pareja 6,55.000000,55.000000,0.00000000,0
bt3dPairMaxMag,39,"Zaragoza · pendiente -6 · N-S aleatorio 4° · bifila · alineadas ×1 · 8 filas · az 0°",21-mar,760,48.259,pareja 0,55.000000,55.000000,0.00000000,0
bt3dPairMaxMag,39,"Zaragoza · pendiente -6 · N-S aleatorio 4° · bifila · alineadas ×1 · 8 filas · az 0°",21-mar,760,48.259,pareja 1,55.000000,55.000000,0.00000000,0
bt3dPairMaxMag,39,"Zaragoza · pendiente -6 · N-S aleatorio 4° · bifila · alineadas ×1 · 8 filas · az 0°",21-mar,760,48.259,pareja 2,55.000000,55.000000,0.00000000,0
bt3dPairMaxMag,39,"Zaragoza · pendiente -6 · N-S aleatorio 4° · bifila · alineadas ×1 · 8 filas · az 0°",21-mar,760,48.259,pareja 3,55.000000,55.000000,0.00000000,0
bt3dPairMaxMag,39,"Zaragoza · pendiente -6 · N-S aleatorio 4° · bifila · alineadas ×1 · 8 filas · az 0°",21-mar,760,48.259,pareja 4,55.000000,55.000000,0.00000000,0
bt3dPairMaxMag,39,"Zaragoza · pendiente -6 · N-S aleatorio 4° · bifila · alineadas ×1 · 8 filas · az 0°",21-mar,760,48.259,pareja 5,55.000000,55.000000,0.00000000,0
bt3dPairMaxMag,39,"Zaragoza · pendiente -6 · N-S aleatorio 4° · bifila · alineadas ×1 · 8 filas · az 0°",21-mar,760,48.259,pareja 6,55.000000,55.000000,0.00000000,0
bt3dPairMaxMag,39,"Zaragoza · pendiente -6 · N-S aleatorio 4° · bifila · alineadas ×1 · 8 filas · az 0°",21-mar,840,41.965,pareja 0,55.000000,55.000000,0.00000000,0
bt3dPairMaxMag,39,"Zaragoza · pendiente -6 · N-S aleatorio 4° · bifila · alineadas ×1 · 8 filas · az 0°",21-mar,840,41.965,pareja 1,55.000000,55.000000,0.00000000,0
bt3dPairMaxMag,39,"Zaragoza · pendiente -6 · N-S aleatorio 4° · bifila · alineadas ×1 · 8 filas · az 0°",21-mar,840,41.965,pareja 2,55.000000,55.000000,0.00000000,0
bt3dPairMaxMag,39,"Zaragoza · pendiente -6 · N-S aleatorio 4° · bifila · alineadas ×1 · 8 filas · az 0°",21-mar,840,41.965,pareja 3,55.000000,55.000000,0.00000000,0
bt3dPairMaxMag,39,"Zaragoza · pendiente -6 · N-S aleatorio 4° · bifila · alineadas ×1 · 8 filas · az 0°",21-mar,840,41.965,pareja 4,55.000000,55.000000,0.00000000,0
bt3dPairMaxMag,39,"Zaragoza · pendiente -6 · N-S aleatorio 4° · bifila · alineadas ×1 · 8 filas · az 0°",21-mar,840,41.965,pareja 5,55.000000,55.000000,0.00000000,0
bt3dPairMaxMag,39,"Zaragoza · pendiente -6 · N-S aleatorio 4° · bifila · alineadas ×1 · 8 filas · az 0°",21-mar,840,41.965,pareja 6,55.000000,55.000000,0.00000000,0
bt3dPairMaxMag,39,"Zaragoza · pendiente -6 · N-S aleatorio 4° · bifila · alineadas ×1 · 8 filas · az 0°",21-mar,920,30.743,pareja 0,55.000000,55.000000,0.00000000,0
bt3dPairMaxMag,39,"Zaragoza · pendiente -6 · N-S aleatorio 4° · bifila · alineadas ×1 · 8 filas · az 0°",21-mar,920,30.743,pareja 1,55.000000,55.000000,0.00000000,0
bt3dPairMaxMag,39,"Zaragoza · pendiente -6 · N-S aleatorio 4° · bifila · alineadas ×1 · 8 filas · az 0°",21-mar,920,30.743,pareja 2,55.000000,55.000000,0.00000000,0
bt3dPairMaxMag,39,"Zaragoza · pendiente -6 · N-S aleatorio 4° · bifila · alineadas ×1 · 8 filas · az 0°",21-mar,920,30.743,pareja 3,55.000000,55.000000,0.00000000,0
bt3dPairMaxMag,39,"Zaragoza · pendiente -6 · N-S aleatorio 4° · bifila · alineadas ×1 · 8 filas · az 0°",21-mar,920,30.743,pareja 4,55.000000,55.000000,0.00000000,0
bt3dPairMaxMag,39,"Zaragoza · pendiente -6 · N-S aleatorio 4° · bifila · alineadas ×1 · 8 filas · az 0°",21-mar,920,30.743,pareja 5,55.000000,55.000000,0.00000000,0
bt3dPairMaxMag,39,"Zaragoza · pendiente -6 · N-S aleatorio 4° · bifila · alineadas ×1 · 8 filas · az 0°",21-mar,920,30.743,pareja 6,55.000000,55.000000,0.00000000,0
bt3dPairMaxMag,39,"Zaragoza · pendiente -6 · N-S aleatorio 4° · bifila · alineadas ×1 · 8 filas · az 0°",21-dic,720,25.020,pareja 0,55.000000,55.000000,0.00000000,0
bt3dPairMaxMag,39,"Zaragoza · pendiente -6 · N-S aleatorio 4° · bifila · alineadas ×1 · 8 filas · az 0°",21-dic,720,25.020,pareja 1,55.000000,55.000000,0.00000000,0
bt3dPairMaxMag,39,"Zaragoza · pendiente -6 · N-S aleatorio 4° · bifila · alineadas ×1 · 8 filas · az 0°",21-dic,720,25.020,pareja 2,55.000000,55.000000,0.00000000,0
bt3dPairMaxMag,39,"Zaragoza · pendiente -6 · N-S aleatorio 4° · bifila · alineadas ×1 · 8 filas · az 0°",21-dic,720,25.020,pareja 3,55.000000,55.000000,0.00000000,0
bt3dPairMaxMag,39,"Zaragoza · pendiente -6 · N-S aleatorio 4° · bifila · alineadas ×1 · 8 filas · az 0°",21-dic,720,25.020,pareja 4,55.000000,55.000000,0.00000000,0
bt3dPairMaxMag,39,"Zaragoza · pendiente -6 · N-S aleatorio 4° · bifila · alineadas ×1 · 8 filas · az 0°",21-dic,720,25.020,pareja 5,55.000000,55.000000,0.00000000,0
bt3dPairMaxMag,39,"Zaragoza · pendiente -6 · N-S aleatorio 4° · bifila · alineadas ×1 · 8 filas · az 0°",21-dic,720,25.020,pareja 6,55.000000,55.000000,0.00000000,0
bt3dPairMaxMag,13,"Arequipa · pendiente 10 · N-S rotula 4° · mono · alineadas ×1 · 6 filas · az 0°",21-mar,1360,3.475,pareja 0,0.000000,0.000000,0.00000000,0
bt3dPairMaxMag,13,"Arequipa · pendiente 10 · N-S rotula 4° · mono · alineadas ×1 · 6 filas · az 0°",21-mar,1360,3.475,pareja 1,0.000000,0.000000,0.00000000,0
bt3dPairMaxMag,13,"Arequipa · pendiente 10 · N-S rotula 4° · mono · alineadas ×1 · 6 filas · az 0°",21-mar,1360,3.475,pareja 2,0.000000,0.000000,0.00000000,0
bt3dPairMaxMag,13,"Arequipa · pendiente 10 · N-S rotula 4° · mono · alineadas ×1 · 6 filas · az 0°",21-mar,1360,3.475,pareja 3,0.000000,0.000000,0.00000000,0
bt3dPairMaxMag,13,"Arequipa · pendiente 10 · N-S rotula 4° · mono · alineadas ×1 · 6 filas · az 0°",21-mar,1360,3.475,pareja 4,0.000000,0.000000,0.00000000,0
bt3dPairMaxMag,14,"Zaragoza · aleatorio 42 · N-S constante 0° · mono · medios ×1 · 6 filas · az 0°",21-jun,1140,5.942,pareja 4,0.000000,0.000000,0.00000000,0
bt3dPairMaxMag,14,"Zaragoza · aleatorio 42 · N-S constante 0° · mono · medios ×1 · 6 filas · az 0°",21-dic,980,2.011,pareja 4,0.000000,0.000000,0.00000000,0
bt3dPairMaxMag,25,"Zaragoza · cresta 1 · N-S quebrado 4° · quebrado · medios ×1 · 6 filas · az 15°",21-mar,1080,2.487,pareja 3,0.000000,0.000000,0.00000000,0
bt3dPairMaxMag,25,"Zaragoza · cresta 1 · N-S quebrado 4° · quebrado · medios ×1 · 6 filas · az 15°",21-mar,1080,2.487,pareja 4,0.000000,0.000000,0.00000000,0
bt3dPairMaxMag,28,"Zaragoza · aleatorio 7 · N-S constante 3° · quebrado · medios ×1 · 6 filas · az 15°",21-mar,380,2.253,pareja 2,0.000000,0.000000,0.00000000,0
bt3dPairMaxMag,28,"Zaragoza · aleatorio 7 · N-S constante 3° · quebrado · medios ×1 · 6 filas · az 15°",21-mar,380,2.253,pareja 3,0.000000,0.000000,0.00000000,0
minGroundLight,22,"Zaragoza · valle 1 · N-S constante 0° · quebrado · medios ×2 · 8 filas · az 15°",21-dic,640,22.356,"[0,1]",54.999966,54.950100,0.04986644,0
minGroundLight,22,"Zaragoza · valle 1 · N-S constante 0° · quebrado · medios ×2 · 8 filas · az 15°",21-dic,640,22.356,"[2,3]",54.999966,54.950100,0.04986644,0
minGroundLight,22,"Zaragoza · valle 1 · N-S constante 0° · quebrado · medios ×2 · 8 filas · az 15°",21-dic,640,22.356,"[4,5]",54.999966,54.950100,0.04986644,0
minGroundLight,22,"Zaragoza · valle 1 · N-S constante 0° · quebrado · medios ×2 · 8 filas · az 15°",21-dic,640,22.356,"[6,7]",54.999966,54.950100,0.04986644,0
minGroundLight,12,"Zaragoza · aleatorio 42 · N-S aleatorio 2° · mono · tresbolillo ×1 · 6 filas · az -20°",21-jun,540,47.627,"[4]",40.546487,40.497000,0.04948697,0
minGroundLight,4,"Arequipa · pendiente -6 · N-S constante 6° · mono · alineadas ×1 · 8 filas · az -20°",21-mar,1040,71.829,"[5]",7.999533,7.950600,0.04893312,0
minGroundLight,4,"Arequipa · pendiente -6 · N-S constante 6° · mono · alineadas ×1 · 8 filas · az -20°",21-mar,1040,71.829,"[6]",7.999533,7.950600,0.04893312,0
minGroundLight,4,"Arequipa · pendiente -6 · N-S constante 6° · mono · alineadas ×1 · 8 filas · az -20°",21-mar,1040,71.829,"[7]",7.999533,7.950600,0.04893312,0
minGroundLight,4,"Arequipa · pendiente -6 · N-S constante 6° · mono · alineadas ×1 · 8 filas · az -20°",21-mar,1040,71.829,"[0]",7.999533,7.950600,0.04893312,0
minGroundLight,4,"Arequipa · pendiente -6 · N-S constante 6° · mono · alineadas ×1 · 8 filas · az -20°",21-mar,1040,71.829,"[1]",7.999533,7.950600,0.04893312,0
minGroundLight,4,"Arequipa · pendiente -6 · N-S constante 6° · mono · alineadas ×1 · 8 filas · az -20°",21-mar,1040,71.829,"[2]",7.999533,7.950600,0.04893312,0
minGroundLight,4,"Arequipa · pendiente -6 · N-S constante 6° · mono · alineadas ×1 · 8 filas · az -20°",21-mar,1040,71.829,"[3]",7.999533,7.950600,0.04893312,0
minGroundLight,4,"Arequipa · pendiente -6 · N-S constante 6° · mono · alineadas ×1 · 8 filas · az -20°",21-mar,1040,71.829,"[4]",7.999533,7.950600,0.04893312,0
minGroundLight,8,"Arequipa · valle 2 · N-S senoidal 2° · quebrado · alineadas ×1 · 6 filas · az -20°",21-mar,1180,45.748,"[2,3]",39.301708,39.252900,0.04880785,0
minGroundLight,17,"Arequipa · pendiente -3 · N-S senoidal 2° · bifila · tresbolillo ×1 · 6 filas · az 0°",21-dic,1100,66.799,"[2,3]",23.858738,23.810700,0.04803804,0
minGroundLight,18,"Arequipa · cresta 1 · N-S aleatorio 3° · mono · tresbolillo ×2 · 6 filas · az 0°",21-dic,880,59.846,"[2]",30.759173,30.711300,0.04787312,0
minGroundLight,1,"Zaragoza · ondulado 1.2 · N-S constante 3° · mono · tresbolillo ×1 · 8 filas · az 15°",21-mar,940,27.476,"[0]",54.999902,54.952100,0.04780247,0
minGroundLight,1,"Zaragoza · ondulado 1.2 · N-S constante 3° · mono · tresbolillo ×1 · 8 filas · az 15°",21-mar,940,27.476,"[1]",54.999902,54.952100,0.04780247,0
minGroundLight,1,"Zaragoza · ondulado 1.2 · N-S constante 3° · mono · tresbolillo ×1 · 8 filas · az 15°",21-mar,940,27.476,"[2]",54.999902,54.952100,0.04780247,0
minGroundLight,1,"Zaragoza · ondulado 1.2 · N-S constante 3° · mono · tresbolillo ×1 · 8 filas · az 15°",21-mar,940,27.476,"[3]",54.999902,54.952100,0.04780247,0
minGroundLight,1,"Zaragoza · ondulado 1.2 · N-S constante 3° · mono · tresbolillo ×1 · 8 filas · az 15°",21-mar,940,27.476,"[4]",54.999902,54.952100,0.04780247,0
minGroundLight,1,"Zaragoza · ondulado 1.2 · N-S constante 3° · mono · tresbolillo ×1 · 8 filas · az 15°",21-mar,940,27.476,"[5]",54.999902,54.952100,0.04780247,0
minGroundLight,1,"Zaragoza · ondulado 1.2 · N-S constante 3° · mono · tresbolillo ×1 · 8 filas · az 15°",21-mar,940,27.476,"[6]",54.999902,54.952100,0.04780247,0
minGroundLight,1,"Zaragoza · ondulado 1.2 · N-S constante 3° · mono · tresbolillo ×1 · 8 filas · az 15°",21-mar,940,27.476,"[7]",54.999902,54.952100,0.04780247,0
minGroundLight,22,"Zaragoza · valle 1 · N-S constante 0° · quebrado · medios ×2 · 8 filas · az 15°",21-mar,400,5.850,"[0,1]",16.447768,16.400600,0.04716787,1
minGroundLight,1,"Zaragoza · ondulado 1.2 · N-S constante 3° · mono · tresbolillo ×1 · 8 filas · az 15°",21-jun,440,29.019,"[1]",26.167479,26.120700,0.04677935,1
minGroundLight,1,"Zaragoza · ondulado 1.2 · N-S constante 3° · mono · tresbolillo ×1 · 8 filas · az 15°",21-jun,440,29.019,"[5]",26.167479,26.120700,0.04677935,1
minGroundLight,12,"Zaragoza · aleatorio 42 · N-S aleatorio 2° · mono · tresbolillo ×1 · 6 filas · az -20°",21-dic,660,23.493,"[2]",12.163690,12.117000,0.04668975,0
minGroundLight,21,"Zaragoza · pendiente 10 · N-S senoidal 4° · mono · medios ×1 · 6 filas · az 15°",21-mar,620,41.836,"[3]",44.483426,44.436800,0.04662587,0
minGroundLight,22,"Zaragoza · valle 1 · N-S constante 0° · quebrado · medios ×2 · 8 filas · az 15°",21-dic,540,12.710,"[0,1]",35.473077,35.426600,0.04647699,1
minGroundLight,8,"Arequipa · valle 2 · N-S senoidal 2° · quebrado · alineadas ×1 · 6 filas · az -20°",21-jun,1000,49.919,"[2,3]",20.368035,20.321900,0.04613515,0
minGroundLight,14,"Zaragoza · aleatorio 42 · N-S constante 0° · mono · medios ×1 · 6 filas · az 0°",21-jun,380,18.045,"[3]",18.775481,18.729900,0.04558065,1
minGroundLight,18,"Arequipa · cresta 1 · N-S aleatorio 3° · mono · tresbolillo ×2 · 6 filas · az 0°",21-mar,1060,69.576,"[4]",13.935638,13.890100,0.04553837,0
minGroundLight,13,"Arequipa · pendiente 10 · N-S rotula 4° · mono · alineadas ×1 · 6 filas · az 0°",21-jun,1220,24.806,"[1]",30.948672,30.903200,0.04547203,1
minGroundLight,13,"Arequipa · pendiente 10 · N-S rotula 4° · mono · alineadas ×1 · 6 filas · az 0°",21-jun,1220,24.806,"[2]",30.948672,30.903200,0.04547203,1
minGroundLight,13,"Arequipa · pendiente 10 · N-S rotula 4° · mono · alineadas ×1 · 6 filas · az 0°",21-jun,1220,24.806,"[3]",30.948672,30.903200,0.04547203,1
minGroundLight,13,"Arequipa · pendiente 10 · N-S rotula 4° · mono · alineadas ×1 · 6 filas · az 0°",21-jun,1220,24.806,"[4]",30.948672,30.903200,0.04547203,1
minGroundLight,13,"Arequipa · pendiente 10 · N-S rotula 4° · mono · alineadas ×1 · 6 filas · az 0°",21-jun,1220,24.806,"[5]",30.948672,30.903200,0.04547203,1
minGroundLight,16,"Arequipa · cresta 1 · N-S constante -3° · mono · alineadas ×1 · 10 filas · az 15°",21-mar,680,6.179,"[9]",17.333222,17.287800,0.04542246,1
minGroundLight,23,"Zaragoza · aleatorio 7 · N-S rotula 6° · quebrado · tresbolillo ×1 · 8 filas · az 0°",21-dic,720,25.020,"[0,1]",8.683566,8.638200,0.04536594,0
minGroundLight,10,"Zaragoza · valle 1 · N-S senoidal 4° · quebrado · alineadas ×2 · 10 filas · az -20°",21-dic,600,19.230,"[4,5]",29.230340,29.185000,0.04533967,0
minGroundLight,12,"Zaragoza · aleatorio 42 · N-S aleatorio 2° · mono · tresbolillo ×1 · 6 filas · az -20°",21-mar,760,48.259,"[2]",26.452010,26.406900,0.04510973,0
minGroundLight,9,"Zaragoza · pendiente -10 · N-S senoidal 4° · mono · alineadas ×1 · 6 filas · az 15°",21-mar,900,33.860,"[3]",46.385343,46.340400,0.04494330,0
minGroundLight,0,"Arequipa · valle 1 · N-S senoidal 6° · mono · medios ×2 · 8 filas · az -20°",21-mar,1040,71.829,"[4]",4.726043,4.681400,0.04464275,0
minGroundLight,0,"Arequipa · valle 1 · N-S senoidal 6° · mono · medios ×2 · 8 filas · az -20°",21-mar,1040,71.829,"[6]",4.726043,4.681400,0.04464275,0
minGroundLight,0,"Arequipa · valle 1 · N-S senoidal 6° · mono · medios ×2 · 8 filas · az -20°",21-mar,1040,71.829,"[7]",4.726043,4.681400,0.04464275,0
minGroundLight,11,"Arequipa · llano · N-S constante 0° · mono · medios ×2 · 6 filas · az 0°",21-mar,720,15.660,"[0]",27.511986,27.467700,0.04428572,1
minGroundLight,11,"Arequipa · llano · N-S constante 0° · mono · medios ×2 · 6 filas · az 0°",21-mar,720,15.660,"[1]",27.511986,27.467700,0.04428572,1
minGroundLight,11,"Arequipa · llano · N-S constante 0° · mono · medios ×2 · 6 filas · az 0°",21-mar,720,15.660,"[2]",27.511986,27.467700,0.04428572,1
minGroundLight,11,"Arequipa · llano · N-S constante 0° · mono · medios ×2 · 6 filas · az 0°",21-mar,720,15.660,"[3]",27.511986,27.467700,0.04428572,1
minGroundLight,11,"Arequipa · llano · N-S constante 0° · mono · medios ×2 · 6 filas · az 0°",21-mar,720,15.660,"[4]",27.511986,27.467700,0.04428572,1
minGroundLight,21,"Zaragoza · pendiente 10 · N-S senoidal 4° · mono · medios ×1 · 6 filas · az 15°",21-mar,620,41.836,"[2]",44.483460,44.440800,0.04265969,0
minGroundLight,16,"Arequipa · cresta 1 · N-S constante -3° · mono · alineadas ×1 · 10 filas · az 15°",21-jun,1320,4.396,"[1]",13.381296,13.339600,0.04169591,1
minGroundLight,16,"Arequipa · cresta 1 · N-S constante -3° · mono · alineadas ×1 · 10 filas · az 15°",21-jun,1320,4.396,"[2]",13.381296,13.339600,0.04169591,1
minGroundLight,16,"Arequipa · cresta 1 · N-S constante -3° · mono · alineadas ×1 · 10 filas · az 15°",21-jun,1320,4.396,"[3]",13.381296,13.339600,0.04169591,1
minGroundLight,10,"Zaragoza · valle 1 · N-S senoidal 4° · quebrado · alineadas ×2 · 10 filas · az -20°",21-dic,600,19.230,"[8,9]",30.827585,30.785900,0.04168540,0
minGroundLight,18,"Arequipa · cresta 1 · N-S aleatorio 3° · mono · tresbolillo ×2 · 6 filas · az 0°",21-dic,1080,71.222,"[1]",19.235484,19.194200,0.04128411,0
minGroundLight,5,"Zaragoza · pendiente 10 · N-S aleatorio 3° · quebrado · bagnarelli ×2 · 10 filas · az -20°",21-jun,760,70.452,"[6,7]",16.011968,15.970700,0.04126762,0
minGroundLight,1,"Zaragoza · ondulado 1.2 · N-S constante 3° · mono · tresbolillo ×1 · 8 filas · az 15°",21-dic,580,17.279,"[1]",12.280666,12.239400,0.04126635,1
minGroundLight,1,"Zaragoza · ondulado 1.2 · N-S constante 3° · mono · tresbolillo ×1 · 8 filas · az 15°",21-dic,580,17.279,"[5]",12.280666,12.239400,0.04126635,1
minGroundLight,5,"Zaragoza · pendiente 10 · N-S aleatorio 3° · quebrado · bagnarelli ×2 · 10 filas · az -20°",21-jun,760,70.452,"[0,1]",16.046406,16.005300,0.04110572,0
minGroundLight,8,"Arequipa · valle 2 · N-S senoidal 2° · quebrado · alineadas ×1 · 6 filas · az -20°",21-dic,840,50.710,"[4,5]",35.187330,35.146400,0.04093050,0
minGroundLight,1,"Zaragoza · ondulado 1.2 · N-S constante 3° · mono · tresbolillo ×1 · 8 filas · az 15°",21-dic,580,17.279,"[0]",12.180330,12.139400,0.04093044,1
minGroundLight,1,"Zaragoza · ondulado 1.2 · N-S constante 3° · mono · tresbolillo ×1 · 8 filas · az 15°",21-dic,580,17.279,"[4]",12.180330,12.139400,0.04093044,1
minGroundLight,9,"Zaragoza · pendiente -10 · N-S senoidal 4° · mono · alineadas ×1 · 6 filas · az 15°",21-jun,940,42.079,"[2]",48.513628,48.473600,0.04002822,0
minGroundLight,8,"Arequipa · valle 2 · N-S senoidal 2° · quebrado · alineadas ×1 · 6 filas · az -20°",21-dic,840,50.710,"[2,3]",35.386374,35.346400,0.03997352,0
minGroundLight,14,"Zaragoza · aleatorio 42 · N-S constante 0° · mono · medios ×1 · 6 filas · az 0°",21-jun,380,18.045,"[4]",40.352708,40.312800,0.03990803,1
minGroundLight,14,"Zaragoza · aleatorio 42 · N-S constante 0° · mono · medios ×1 · 6 filas · az 0°",21-jun,1140,5.942,"[0]",20.436128,20.396300,0.03982846,1
minGroundLight,5,"Zaragoza · pendiente 10 · N-S aleatorio 3° · quebrado · bagnarelli ×2 · 10 filas · az -20°",21-jun,760,70.452,"[2,3]",15.905219,15.865800,0.03941868,0
minGroundLight,1,"Zaragoza · ondulado 1.2 · N-S constante 3° · mono · tresbolillo ×1 · 8 filas · az 15°",21-jun,440,29.019,"[0]",25.810036,25.770700,0.03933633,1
minGroundLight,1,"Zaragoza · ondulado 1.2 · N-S constante 3° · mono · tresbolillo ×1 · 8 filas · az 15°",21-jun,440,29.019,"[4]",25.810036,25.770700,0.03933633,1
minGroundLight,21,"Zaragoza · pendiente 10 · N-S senoidal 4° · mono · medios ×1 · 6 filas · az 15°",21-mar,580,36.634,"[4]",14.646309,14.607100,0.03920930,1
minGroundLight,1,"Zaragoza · ondulado 1.2 · N-S constante 3° · mono · tresbolillo ×1 · 8 filas · az 15°",21-dic,560,15.099,"[1]",4.364926,4.325800,0.03912575,1
minGroundLight,1,"Zaragoza · ondulado 1.2 · N-S constante 3° · mono · tresbolillo ×1 · 8 filas · az 15°",21-dic,560,15.099,"[5]",4.364926,4.325800,0.03912575,1
minGroundLight,13,"Arequipa · pendiente 10 · N-S rotula 4° · mono · alineadas ×1 · 6 filas · az 0°",21-dic,1300,21.234,"[1]",10.991656,10.954200,0.03745576,1
minGroundLight,13,"Arequipa · pendiente 10 · N-S rotula 4° · mono · alineadas ×1 · 6 filas · az 0°",21-dic,1300,21.234,"[2]",10.991656,10.954200,0.03745576,1
minGroundLight,13,"Arequipa · pendiente 10 · N-S rotula 4° · mono · alineadas ×1 · 6 filas · az 0°",21-dic,1300,21.234,"[3]",10.991656,10.954200,0.03745576,1
minGroundLight,13,"Arequipa · pendiente 10 · N-S rotula 4° · mono · alineadas ×1 · 6 filas · az 0°",21-dic,1300,21.234,"[4]",10.991656,10.954200,0.03745576,1
minGroundLight,13,"Arequipa · pendiente 10 · N-S rotula 4° · mono · alineadas ×1 · 6 filas · az 0°",21-dic,1300,21.234,"[5]",10.991656,10.954200,0.03745576,1
minGroundLight,22,"Zaragoza · valle 1 · N-S constante 0° · quebrado · medios ×2 · 8 filas · az 15°",21-jun,320,7.595,"[4,5]",8.409562,8.372600,0.03696205,1
minGroundLight,22,"Zaragoza · valle 1 · N-S constante 0° · quebrado · medios ×2 · 8 filas · az 15°",21-jun,320,7.595,"[6,7]",8.409562,8.372600,0.03696205,1
minGroundLight,17,"Arequipa · pendiente -3 · N-S senoidal 2° · bifila · tresbolillo ×1 · 6 filas · az 0°",21-mar,840,43.826,"[0,1]",47.001866,46.965000,0.03686574,0
minGroundLight,16,"Arequipa · cresta 1 · N-S constante -3° · mono · alineadas ×1 · 10 filas · az 15°",21-mar,680,6.179,"[4]",6.047371,6.010600,0.03677059,1
minGroundLight,8,"Arequipa · valle 2 · N-S senoidal 2° · quebrado · alineadas ×1 · 6 filas · az -20°",21-dic,800,41.545,"[4,5]",44.069724,44.033000,0.03672424,0
minGroundLight,3,"Arequipa · cresta 1 · N-S aleatorio 3° · quebrado · alineadas ×2 · 6 filas · az 0°",21-jun,940,46.569,"[2,3]",23.351745,23.315200,0.03654460,0
minGroundLight,0,"Arequipa · valle 1 · N-S senoidal 6° · mono · medios ×2 · 8 filas · az -20°",21-dic,1000,83.044,"[7]",4.726095,4.689600,0.03649513,0
minGroundLight,21,"Zaragoza · pendiente 10 · N-S senoidal 4° · mono · medios ×1 · 6 filas · az 15°",21-mar,580,36.634,"[3]",53.016350,52.980500,0.03585012,0
minGroundLight,16,"Arequipa · cresta 1 · N-S constante -3° · mono · alineadas ×1 · 10 filas · az 15°",21-mar,680,6.179,"[5]",17.315707,17.279900,0.03580674,1
minGroundLight,8,"Arequipa · valle 2 · N-S senoidal 2° · quebrado · alineadas ×1 · 6 filas · az -20°",21-dic,880,59.846,"[2,3]",26.644079,26.608900,0.03517876,0
minGroundLight,18,"Arequipa · cresta 1 · N-S aleatorio 3° · mono · tresbolillo ×2 · 6 filas · az 0°",21-dic,1080,71.222,"[3]",19.206406,19.171400,0.03500642,0
minGroundLight,0,"Arequipa · valle 1 · N-S senoidal 6° · mono · medios ×2 · 8 filas · az -20°",21-jun,1040,49.275,"[6]",10.126894,10.092000,0.03489379,0
minGroundLight,0,"Arequipa · valle 1 · N-S senoidal 6° · mono · medios ×2 · 8 filas · az -20°",21-jun,1040,49.275,"[2]",10.126894,10.092000,0.03489379,0
minGroundLight,0,"Arequipa · valle 1 · N-S senoidal 6° · mono · medios ×2 · 8 filas · az -20°",21-jun,1040,49.275,"[4]",10.126894,10.092000,0.03489379,0
minGroundLight,22,"Zaragoza · valle 1 · N-S constante 0° · quebrado · medios ×2 · 8 filas · az 15°",21-dic,540,12.710,"[2,3]",33.358635,33.324300,0.03433528,1
minGroundLight,21,"Zaragoza · pendiente 10 · N-S senoidal 4° · mono · medios ×1 · 6 filas · az 15°",21-mar,580,36.634,"[5]",14.841347,14.807100,0.03424714,1
minGroundLight,10,"Zaragoza · valle 1 · N-S senoidal 4° · quebrado · alineadas ×2 · 10 filas · az -20°",21-dic,600,19.230,"[2,3]",26.985640,26.951600,0.03403980,0
minGroundLight,8,"Arequipa · valle 2 · N-S senoidal 2° · quebrado · alineadas ×1 · 6 filas · az -20°",21-dic,800,41.545,"[2,3]",44.366405,44.333000,0.03340476,0
minGroundLight,10,"Zaragoza · valle 1 · N-S senoidal 4° · quebrado · alineadas ×2 · 10 filas · az -20°",21-dic,600,19.230,"[0,1]",25.084792,25.051600,0.03319174,0
minGroundLight,10,"Zaragoza · valle 1 · N-S senoidal 4° · quebrado · alineadas ×2 · 10 filas · az -20°",21-dic,600,19.230,"[6,7]",25.084792,25.051600,0.03319174,0
minGroundLight,0,"Arequipa · valle 1 · N-S senoidal 6° · mono · medios ×2 · 8 filas · az -20°",21-mar,1040,71.829,"[5]",4.726043,4.693000,0.03304346,0
minGroundLight,14,"Zaragoza · aleatorio 42 · N-S constante 0° · mono · medios ×1 · 6 filas · az 0°",21-mar,720,48.724,"[4]",6.462399,6.429500,0.03289893,0
minGroundLight,14,"Zaragoza · aleatorio 42 · N-S constante 0° · mono · medios ×1 · 6 filas · az 0°",21-mar,720,48.724,"[5]",6.462399,6.429500,0.03289893,0
minGroundLight,13,"Arequipa · pendiente 10 · N-S rotula 4° · mono · alineadas ×1 · 6 filas · az 0°",21-jun,1220,24.806,"[0]",31.185433,31.153200,0.03223287,1
minGroundLight,12,"Zaragoza · aleatorio 42 · N-S aleatorio 2° · mono · tresbolillo ×1 · 6 filas · az -20°",21-mar,760,48.259,"[3]",26.788267,26.756900,0.03136680,0
minGroundLight,16,"Arequipa · cresta 1 · N-S constante -3° · mono · alineadas ×1 · 10 filas · az 15°",21-mar,680,6.179,"[0]",6.041384,6.010600,0.03078433,1
minGroundLight,16,"Arequipa · cresta 1 · N-S constante -3° · mono · alineadas ×1 · 10 filas · az 15°",21-mar,680,6.179,"[1]",6.041384,6.010600,0.03078433,1
minGroundLight,16,"Arequipa · cresta 1 · N-S constante -3° · mono · alineadas ×1 · 10 filas · az 15°",21-mar,680,6.179,"[2]",6.041384,6.010600,0.03078433,1
minGroundLight,16,"Arequipa · cresta 1 · N-S constante -3° · mono · alineadas ×1 · 10 filas · az 15°",21-mar,680,6.179,"[3]",6.041384,6.010600,0.03078433,1
minGroundLight,18,"Arequipa · cresta 1 · N-S aleatorio 3° · mono · tresbolillo ×2 · 6 filas · az 0°",21-dic,880,59.846,"[1]",30.939678,30.909300,0.03037829,0
minGroundLight,7,"Arequipa · pendiente 6 · N-S rotula 2° · mono · alineadas ×1 · 8 filas · az 0°",21-dic,1340,12.271,"[0]",5.262875,5.233800,0.02907545,1
minGroundLight,21,"Zaragoza · pendiente 10 · N-S senoidal 4° · mono · medios ×1 · 6 filas · az 15°",21-mar,580,36.634,"[1]",17.236165,17.207100,0.02906526,1
minGroundLight,9,"Zaragoza · pendiente -10 · N-S senoidal 4° · mono · alineadas ×1 · 6 filas · az 15°",21-mar,900,33.860,"[2]",46.385402,46.356500,0.02890227,0
minGroundLight,22,"Zaragoza · valle 1 · N-S constante 0° · quebrado · medios ×2 · 8 filas · az 15°",21-dic,540,12.710,"[4,5]",17.613250,17.585500,0.02775041,1
minGroundLight,22,"Zaragoza · valle 1 · N-S constante 0° · quebrado · medios ×2 · 8 filas · az 15°",21-dic,540,12.710,"[6,7]",17.613250,17.585500,0.02775041,1
minGroundLight,22,"Zaragoza · valle 1 · N-S constante 0° · quebrado · medios ×2 · 8 filas · az 15°",21-jun,740,71.599,"[0,1]",4.726105,4.699000,0.02710486,0
minGroundLight,22,"Zaragoza · valle 1 · N-S constante 0° · quebrado · medios ×2 · 8 filas · az 15°",21-jun,740,71.599,"[2,3]",4.726105,4.699000,0.02710486,0
minGroundLight,22,"Zaragoza · valle 1 · N-S constante 0° · quebrado · medios ×2 · 8 filas · az 15°",21-jun,320,7.595,"[0,1]",23.530006,23.503000,0.02700560,1
minGroundLight,16,"Arequipa · cresta 1 · N-S constante -3° · mono · alineadas ×1 · 10 filas · az 15°",21-mar,680,6.179,"[6]",17.314759,17.287800,0.02695949,1
minGroundLight,16,"Arequipa · cresta 1 · N-S constante -3° · mono · alineadas ×1 · 10 filas · az 15°",21-mar,680,6.179,"[7]",17.314759,17.287800,0.02695949,1
minGroundLight,16,"Arequipa · cresta 1 · N-S constante -3° · mono · alineadas ×1 · 10 filas · az 15°",21-mar,680,6.179,"[8]",17.314759,17.287800,0.02695949,1
minGroundLight,17,"Arequipa · pendiente -3 · N-S senoidal 2° · bifila · tresbolillo ×1 · 6 filas · az 0°",21-dic,1140,57.751,"[2,3]",33.072903,33.046300,0.02660265,0
minGroundLight,18,"Arequipa · cresta 1 · N-S aleatorio 3° · mono · tresbolillo ×2 · 6 filas · az 0°",21-mar,1060,69.576,"[3]",14.110626,14.085800,0.02482607,0
minGroundLight,17,"Arequipa · pendiente -3 · N-S senoidal 2° · bifila · tresbolillo ×1 · 6 filas · az 0°",21-mar,1140,54.635,"[0,1]",34.713903,34.689500,0.02440319,0
minGroundLight,14,"Zaragoza · aleatorio 42 · N-S constante 0° · mono · medios ×1 · 6 filas · az 0°",21-jun,380,18.045,"[0]",30.083349,30.059300,0.02404910,1
minGroundLight,12,"Zaragoza · aleatorio 42 · N-S aleatorio 2° · mono · tresbolillo ×1 · 6 filas · az -20°",21-mar,760,48.259,"[1]",26.926048,26.902100,0.02394832,0
minGroundLight,5,"Zaragoza · pendiente 10 · N-S aleatorio 3° · quebrado · bagnarelli ×2 · 10 filas · az -20°",21-jun,760,70.452,"[8,9]",16.094602,16.070700,0.02390213,0
minGroundLight,1,"Zaragoza · ondulado 1.2 · N-S constante 3° · mono · tresbolillo ×1 · 8 filas · az 15°",21-dic,560,15.099,"[3]",4.299590,4.275800,0.02379017,1
minGroundLight,18,"Arequipa · cresta 1 · N-S aleatorio 3° · mono · tresbolillo ×2 · 6 filas · az 0°",21-jun,920,44.450,"[3]",29.384193,29.361100,0.02309261,0
minGroundLight,18,"Arequipa · cresta 1 · N-S aleatorio 3° · mono · tresbolillo ×2 · 6 filas · az 0°",21-dic,1080,71.222,"[2]",19.144056,19.121400,0.02265604,0
minGroundLight,16,"Arequipa · cresta 1 · N-S constante -3° · mono · alineadas ×1 · 10 filas · az 15°",21-jun,1320,4.396,"[4]",13.382467,13.360000,0.02246720,1
minGroundLight,18,"Arequipa · cresta 1 · N-S aleatorio 3° · mono · tresbolillo ×2 · 6 filas · az 0°",21-dic,880,59.846,"[3]",30.883730,30.861300,0.02243028,0
minGroundLight,12,"Zaragoza · aleatorio 42 · N-S aleatorio 2° · mono · tresbolillo ×1 · 6 filas · az -20°",21-jun,540,47.627,"[3]",40.146867,40.124800,0.02206730,0
minGroundLight,4,"Arequipa · pendiente -6 · N-S constante 6° · mono · alineadas ×1 · 8 filas · az -20°",21-mar,1340,8.156,"[1]",26.587235,26.565300,0.02193508,1
minGroundLight,4,"Arequipa · pendiente -6 · N-S constante 6° · mono · alineadas ×1 · 8 filas · az -20°",21-mar,1340,8.156,"[2]",26.587235,26.565300,0.02193508,1
minGroundLight,4,"Arequipa · pendiente -6 · N-S constante 6° · mono · alineadas ×1 · 8 filas · az -20°",21-mar,1340,8.156,"[3]",26.587235,26.565300,0.02193508,1
minGroundLight,4,"Arequipa · pendiente -6 · N-S constante 6° · mono · alineadas ×1 · 8 filas · az -20°",21-mar,1340,8.156,"[4]",26.587235,26.565300,0.02193508,1
minGroundLight,4,"Arequipa · pendiente -6 · N-S constante 6° · mono · alineadas ×1 · 8 filas · az -20°",21-mar,1340,8.156,"[5]",26.587235,26.565300,0.02193508,1
minGroundLight,4,"Arequipa · pendiente -6 · N-S constante 6° · mono · alineadas ×1 · 8 filas · az -20°",21-mar,1340,8.156,"[6]",26.587235,26.565300,0.02193508,1
minGroundLight,4,"Arequipa · pendiente -6 · N-S constante 6° · mono · alineadas ×1 · 8 filas · az -20°",21-mar,1340,8.156,"[7]",26.587235,26.565300,0.02193508,1
minGroundLight,18,"Arequipa · cresta 1 · N-S aleatorio 3° · mono · tresbolillo ×2 · 6 filas · az 0°",21-dic,880,59.846,"[4]",31.105553,31.083900,0.02165272,0
minGroundLight,7,"Arequipa · pendiente 6 · N-S rotula 2° · mono · alineadas ×1 · 8 filas · az 0°",21-dic,1340,12.271,"[1]",5.253754,5.233800,0.01995383,1
minGroundLight,7,"Arequipa · pendiente 6 · N-S rotula 2° · mono · alineadas ×1 · 8 filas · az 0°",21-dic,1340,12.271,"[2]",5.253754,5.233800,0.01995383,1
minGroundLight,7,"Arequipa · pendiente 6 · N-S rotula 2° · mono · alineadas ×1 · 8 filas · az 0°",21-dic,1340,12.271,"[3]",5.253754,5.233800,0.01995383,1
minGroundLight,7,"Arequipa · pendiente 6 · N-S rotula 2° · mono · alineadas ×1 · 8 filas · az 0°",21-dic,1340,12.271,"[4]",5.253754,5.233800,0.01995383,1
minGroundLight,7,"Arequipa · pendiente 6 · N-S rotula 2° · mono · alineadas ×1 · 8 filas · az 0°",21-dic,1340,12.271,"[5]",5.253754,5.233800,0.01995383,1
minGroundLight,7,"Arequipa · pendiente 6 · N-S rotula 2° · mono · alineadas ×1 · 8 filas · az 0°",21-dic,1340,12.271,"[6]",5.253754,5.233800,0.01995383,1
minGroundLight,7,"Arequipa · pendiente 6 · N-S rotula 2° · mono · alineadas ×1 · 8 filas · az 0°",21-dic,1340,12.271,"[7]",5.253754,5.233800,0.01995383,1
minGroundLight,12,"Zaragoza · aleatorio 42 · N-S aleatorio 2° · mono · tresbolillo ×1 · 6 filas · az -20°",21-dic,660,23.493,"[1]",12.833055,12.813800,0.01925451,0
minGroundLight,18,"Arequipa · cresta 1 · N-S aleatorio 3° · mono · tresbolillo ×2 · 6 filas · az 0°",21-dic,1080,71.222,"[4]",19.324280,19.306500,0.01777969,0
minGroundLight,12,"Zaragoza · aleatorio 42 · N-S aleatorio 2° · mono · tresbolillo ×1 · 6 filas · az -20°",21-dic,660,23.493,"[3]",12.634009,12.617000,0.01700906,0
minGroundLight,12,"Zaragoza · aleatorio 42 · N-S aleatorio 2° · mono · tresbolillo ×1 · 6 filas · az -20°",21-jun,540,47.627,"[1]",40.253740,40.236800,0.01694000,0
minGroundLight,14,"Zaragoza · aleatorio 42 · N-S constante 0° · mono · medios ×1 · 6 filas · az 0°",21-jun,1140,5.942,"[3]",38.657432,38.640500,0.01693192,1
minGroundLight,19,"Zaragoza · pendiente 6 · N-S constante -3° · quebrado · alineadas ×1 · 10 filas · az -20°",21-dic,900,13.023,"[0,1]",5.370082,5.353400,0.01668240,1
minGroundLight,19,"Zaragoza · pendiente 6 · N-S constante -3° · quebrado · alineadas ×1 · 10 filas · az -20°",21-dic,900,13.023,"[2,3]",5.370082,5.353400,0.01668240,1
minGroundLight,19,"Zaragoza · pendiente 6 · N-S constante -3° · quebrado · alineadas ×1 · 10 filas · az -20°",21-dic,900,13.023,"[4,5]",5.370082,5.353400,0.01668240,1
minGroundLight,19,"Zaragoza · pendiente 6 · N-S constante -3° · quebrado · alineadas ×1 · 10 filas · az -20°",21-dic,900,13.023,"[6,7]",5.370082,5.353400,0.01668240,1
minGroundLight,19,"Zaragoza · pendiente 6 · N-S constante -3° · quebrado · alineadas ×1 · 10 filas · az -20°",21-dic,900,13.023,"[8,9]",5.370082,5.353400,0.01668240,1
minGroundLight,5,"Zaragoza · pendiente 10 · N-S aleatorio 3° · quebrado · bagnarelli ×2 · 10 filas · az -20°",21-jun,760,70.452,"[4,5]",16.170249,16.153700,0.01654940,0
minGroundLight,0,"Arequipa · valle 1 · N-S senoidal 6° · mono · medios ×2 · 8 filas · az -20°",21-dic,1060,75.485,"[2]",16.342873,16.326400,0.01647284,0
minGroundLight,0,"Arequipa · valle 1 · N-S senoidal 6° · mono · medios ×2 · 8 filas · az -20°",21-dic,1060,75.485,"[4]",16.342873,16.326400,0.01647284,0
minGroundLight,0,"Arequipa · valle 1 · N-S senoidal 6° · mono · medios ×2 · 8 filas · az -20°",21-dic,1060,75.485,"[6]",16.342873,16.326400,0.01647284,0
minGroundLight,22,"Zaragoza · valle 1 · N-S constante 0° · quebrado · medios ×2 · 8 filas · az 15°",21-mar,400,5.850,"[4,5]",2.210917,2.194800,0.01611691,1
minGroundLight,22,"Zaragoza · valle 1 · N-S constante 0° · quebrado · medios ×2 · 8 filas · az 15°",21-mar,400,5.850,"[6,7]",2.210917,2.194800,0.01611691,1
minGroundLight,9,"Zaragoza · pendiente -10 · N-S senoidal 4° · mono · alineadas ×1 · 6 filas · az 15°",21-mar,900,33.860,"[1]",45.356351,45.340400,0.01595067,0
minGroundLight,9,"Zaragoza · pendiente -10 · N-S senoidal 4° · mono · alineadas ×1 · 6 filas · az 15°",21-mar,900,33.860,"[4]",45.356351,45.340400,0.01595067,0
minGroundLight,17,"Arequipa · pendiente -3 · N-S senoidal 2° · bifila · tresbolillo ×1 · 6 filas · az 0°",21-mar,840,43.826,"[4,5]",46.864920,46.849300,0.01561958,0
minGroundLight,14,"Zaragoza · aleatorio 42 · N-S constante 0° · mono · medios ×1 · 6 filas · az 0°",21-jun,1140,5.942,"[1]",8.487219,8.471800,0.01541883,1
minGroundLight,22,"Zaragoza · valle 1 · N-S constante 0° · quebrado · medios ×2 · 8 filas · az 15°",21-mar,400,5.850,"[2,3]",15.943295,15.927900,0.01539533,1
minGroundLight,0,"Arequipa · valle 1 · N-S senoidal 6° · mono · medios ×2 · 8 filas · az -20°",21-dic,1000,83.044,"[2]",3.189511,3.174700,0.01481114,0
minGroundLight,8,"Arequipa · valle 2 · N-S senoidal 2° · quebrado · alineadas ×1 · 6 filas · az -20°",21-dic,880,59.846,"[4,5]",26.523443,26.508900,0.01454250,0
minGroundLight,14,"Zaragoza · aleatorio 42 · N-S constante 0° · mono · medios ×1 · 6 filas · az 0°",21-jun,1140,5.942,"[4]",4.615984,4.601500,0.01448401,0
minGroundLight,14,"Zaragoza · aleatorio 42 · N-S constante 0° · mono · medios ×1 · 6 filas · az 0°",21-jun,1140,5.942,"[5]",4.615984,4.601500,0.01448401,0
minGroundLight,12,"Zaragoza · aleatorio 42 · N-S aleatorio 2° · mono · tresbolillo ×1 · 6 filas · az -20°",21-mar,760,48.259,"[4]",27.302812,27.288400,0.01441218,0
minGroundLight,13,"Arequipa · pendiente 10 · N-S rotula 4° · mono · alineadas ×1 · 6 filas · az 0°",21-dic,1300,21.234,"[0]",11.018600,11.004200,0.01440020,1
minGroundLight,4,"Arequipa · pendiente -6 · N-S constante 6° · mono · alineadas ×1 · 8 filas · az -20°",21-mar,1340,8.156,"[0]",26.629180,26.615300,0.01388048,1
minGroundLight,17,"Arequipa · pendiente -3 · N-S senoidal 2° · bifila · tresbolillo ×1 · 6 filas · az 0°",21-mar,840,43.826,"[2,3]",46.799137,46.785300,0.01383677,0
minGroundLight,18,"Arequipa · cresta 1 · N-S aleatorio 3° · mono · tresbolillo ×2 · 6 filas · az 0°",21-jun,920,44.450,"[2]",29.384233,29.370600,0.01363286,0
minGroundLight,12,"Zaragoza · aleatorio 42 · N-S aleatorio 2° · mono · tresbolillo ×1 · 6 filas · az -20°",21-dic,660,23.493,"[4]",13.397587,13.384200,0.01338737,0
minGroundLight,14,"Zaragoza · aleatorio 42 · N-S constante 0° · mono · medios ×1 · 6 filas · az 0°",21-jun,1140,5.942,"[2]",8.484376,8.471800,0.01257592,1
minGroundLight,12,"Zaragoza · aleatorio 42 · N-S aleatorio 2° · mono · tresbolillo ×1 · 6 filas · az -20°",21-jun,540,47.627,"[2]",39.886718,39.874800,0.01191759,0
minGroundLight,0,"Arequipa · valle 1 · N-S senoidal 6° · mono · medios ×2 · 8 filas · az -20°",21-mar,1040,71.829,"[2]",2.342852,2.331400,0.01145249,0
minGroundLight,18,"Arequipa · cresta 1 · N-S aleatorio 3° · mono · tresbolillo ×2 · 6 filas · az 0°",21-mar,1060,69.576,"[1]",14.053298,14.043000,0.01029834,0
minGroundLight,9,"Zaragoza · pendiente -10 · N-S senoidal 4° · mono · alineadas ×1 · 6 filas · az 15°",21-jun,940,42.079,"[1]",48.173487,48.163200,0.01028685,0
minGroundLight,9,"Zaragoza · pendiente -10 · N-S senoidal 4° · mono · alineadas ×1 · 6 filas · az 15°",21-jun,940,42.079,"[4]",48.173487,48.163200,0.01028685,0
minGroundLight,14,"Zaragoza · aleatorio 42 · N-S constante 0° · mono · medios ×1 · 6 filas · az 0°",21-jun,380,18.045,"[1]",30.169279,30.159300,0.00997917,1
minGroundLight,1,"Zaragoza · ondulado 1.2 · N-S constante 3° · mono · tresbolillo ×1 · 8 filas · az 15°",21-mar,560,33.687,"[0]",54.999929,54.990000,0.00992920,0
minGroundLight,1,"Zaragoza · ondulado 1.2 · N-S constante 3° · mono · tresbolillo ×1 · 8 filas · az 15°",21-mar,560,33.687,"[1]",54.999929,54.990000,0.00992920,0
minGroundLight,1,"Zaragoza · ondulado 1.2 · N-S constante 3° · mono · tresbolillo ×1 · 8 filas · az 15°",21-mar,560,33.687,"[2]",54.999929,54.990000,0.00992920,0
minGroundLight,1,"Zaragoza · ondulado 1.2 · N-S constante 3° · mono · tresbolillo ×1 · 8 filas · az 15°",21-mar,560,33.687,"[3]",54.999929,54.990000,0.00992920,0
minGroundLight,1,"Zaragoza · ondulado 1.2 · N-S constante 3° · mono · tresbolillo ×1 · 8 filas · az 15°",21-mar,560,33.687,"[4]",54.999929,54.990000,0.00992920,0
minGroundLight,1,"Zaragoza · ondulado 1.2 · N-S constante 3° · mono · tresbolillo ×1 · 8 filas · az 15°",21-mar,560,33.687,"[5]",54.999929,54.990000,0.00992920,0
minGroundLight,1,"Zaragoza · ondulado 1.2 · N-S constante 3° · mono · tresbolillo ×1 · 8 filas · az 15°",21-mar,560,33.687,"[6]",54.999929,54.990000,0.00992920,0
minGroundLight,1,"Zaragoza · ondulado 1.2 · N-S constante 3° · mono · tresbolillo ×1 · 8 filas · az 15°",21-mar,560,33.687,"[7]",54.999929,54.990000,0.00992920,0
minGroundLight,17,"Arequipa · pendiente -3 · N-S senoidal 2° · bifila · tresbolillo ×1 · 6 filas · az 0°",21-mar,1140,54.635,"[4,5]",34.589341,34.579700,0.00964054,0
minGroundLight,21,"Zaragoza · pendiente 10 · N-S senoidal 4° · mono · medios ×1 · 6 filas · az 15°",21-mar,580,36.634,"[2]",18.665817,18.657100,0.00871690,1
minGroundLight,18,"Arequipa · cresta 1 · N-S aleatorio 3° · mono · tresbolillo ×2 · 6 filas · az 0°",21-jun,920,44.450,"[4]",28.410896,28.402300,0.00859590,0
minGroundLight,8,"Arequipa · valle 2 · N-S senoidal 2° · quebrado · alineadas ×1 · 6 filas · az -20°",21-mar,1180,45.748,"[0,1]",39.559861,39.551800,0.00806061,0
minGroundLight,17,"Arequipa · pendiente -3 · N-S senoidal 2° · bifila · tresbolillo ×1 · 6 filas · az 0°",21-mar,1140,54.635,"[2,3]",34.529592,34.521600,0.00799187,0
minGroundLight,14,"Zaragoza · aleatorio 42 · N-S constante 0° · mono · medios ×1 · 6 filas · az 0°",21-jun,380,18.045,"[2]",18.737691,18.729900,0.00779121,1
minGroundLight,8,"Arequipa · valle 2 · N-S senoidal 2° · quebrado · alineadas ×1 · 6 filas · az -20°",21-mar,1040,71.829,"[4,5]",9.594078,9.586600,0.00747830,0
minGroundLight,18,"Arequipa · cresta 1 · N-S aleatorio 3° · mono · tresbolillo ×2 · 6 filas · az 0°",21-mar,1060,69.576,"[2]",14.110633,14.103400,0.00723325,0
minGroundLight,17,"Arequipa · pendiente -3 · N-S senoidal 2° · bifila · tresbolillo ×1 · 6 filas · az 0°",21-dic,1020,82.351,"[2,3]",5.376802,5.370400,0.00640241,0
minGroundLight,18,"Arequipa · cresta 1 · N-S aleatorio 3° · mono · tresbolillo ×2 · 6 filas · az 0°",21-jun,920,44.450,"[1]",29.070431,29.064800,0.00563130,0
minGroundLight,1,"Zaragoza · ondulado 1.2 · N-S constante 3° · mono · tresbolillo ×1 · 8 filas · az 15°",21-jun,440,29.019,"[3]",25.875689,25.870700,0.00498913,1
minGroundLight,8,"Arequipa · valle 2 · N-S senoidal 2° · quebrado · alineadas ×1 · 6 filas · az -20°",21-jun,1000,49.919,"[0,1]",20.572428,20.568200,0.00422767,0
minGroundLight,1,"Zaragoza · ondulado 1.2 · N-S constante 3° · mono · tresbolillo ×1 · 8 filas · az 15°",21-dic,580,17.279,"[3]",12.143365,12.139400,0.00396458,1
minGroundLight,21,"Zaragoza · pendiente 10 · N-S senoidal 4° · mono · medios ×1 · 6 filas · az 15°",21-mar,620,41.836,"[1]",43.890651,43.886800,0.00385066,0
minGroundLight,21,"Zaragoza · pendiente 10 · N-S senoidal 4° · mono · medios ×1 · 6 filas · az 15°",21-mar,620,41.836,"[4]",43.890651,43.886800,0.00385066,0
minGroundLight,11,"Arequipa · llano · N-S constante 0° · mono · medios ×2 · 6 filas · az 0°",21-mar,720,15.660,"[5]",27.571122,27.567700,0.00342153,1
minGroundLight,2,"Arequipa · pendiente -6 · N-S constante 3° · quebrado · alineadas ×1 · 8 filas · az 0°",21-mar,1340,8.156,"[0,1]",29.897843,29.894800,0.00304346,1
minGroundLight,2,"Arequipa · pendiente -6 · N-S constante 3° · quebrado · alineadas ×1 · 8 filas · az 0°",21-mar,1340,8.156,"[2,3]",29.897843,29.894800,0.00304346,1
minGroundLight,2,"Arequipa · pendiente -6 · N-S constante 3° · quebrado · alineadas ×1 · 8 filas · az 0°",21-mar,1340,8.156,"[4,5]",29.897843,29.894800,0.00304346,1
minGroundLight,2,"Arequipa · pendiente -6 · N-S constante 3° · quebrado · alineadas ×1 · 8 filas · az 0°",21-mar,1340,8.156,"[6,7]",29.897843,29.894800,0.00304346,1
minGroundLight,20,"Zaragoza · llano · N-S rotula 2° · bifila · tresbolillo ×1 · 10 filas · az 0°",21-mar,1040,9.753,"[0,1]",15.726028,15.723200,0.00282787,1
minGroundLight,20,"Zaragoza · llano · N-S rotula 2° · bifila · tresbolillo ×1 · 10 filas · az 0°",21-mar,1040,9.753,"[2,3]",15.726028,15.723200,0.00282787,1
minGroundLight,20,"Zaragoza · llano · N-S rotula 2° · bifila · tresbolillo ×1 · 10 filas · az 0°",21-mar,1040,9.753,"[4,5]",15.726028,15.723200,0.00282787,1
minGroundLight,20,"Zaragoza · llano · N-S rotula 2° · bifila · tresbolillo ×1 · 10 filas · az 0°",21-mar,1040,9.753,"[6,7]",15.726028,15.723200,0.00282787,1
minGroundLight,20,"Zaragoza · llano · N-S rotula 2° · bifila · tresbolillo ×1 · 10 filas · az 0°",21-mar,1040,9.753,"[8,9]",15.726028,15.723200,0.00282787,1
minGroundLight,17,"Arequipa · pendiente -3 · N-S senoidal 2° · bifila · tresbolillo ×1 · 6 filas · az 0°",21-dic,1000,83.044,"[2,3]",3.249228,3.246900,0.00232807,0
minGroundLight,16,"Arequipa · cresta 1 · N-S constante -3° · mono · alineadas ×1 · 10 filas · az 15°",21-jun,1320,4.396,"[0]",13.391479,13.389600,0.00187910,1
minGroundLight,16,"Arequipa · cresta 1 · N-S constante -3° · mono · alineadas ×1 · 10 filas · az 15°",21-jun,1320,4.396,"[6]",2.397831,2.399600,0.00176855,1
minGroundLight,16,"Arequipa · cresta 1 · N-S constante -3° · mono · alineadas ×1 · 10 filas · az 15°",21-jun,1320,4.396,"[7]",2.397831,2.399600,0.00176855,1
minGroundLight,16,"Arequipa · cresta 1 · N-S constante -3° · mono · alineadas ×1 · 10 filas · az 15°",21-jun,1320,4.396,"[8]",2.397831,2.399600,0.00176855,1
minGroundLight,16,"Arequipa · cresta 1 · N-S constante -3° · mono · alineadas ×1 · 10 filas · az 15°",21-jun,1320,4.396,"[9]",2.397831,2.399600,0.00176855,1
minGroundLight,8,"Arequipa · valle 2 · N-S senoidal 2° · quebrado · alineadas ×1 · 6 filas · az -20°",21-mar,1040,71.829,"[0,1]",2.338209,2.336600,0.00160942,0
minGroundLight,22,"Zaragoza · valle 1 · N-S constante 0° · quebrado · medios ×2 · 8 filas · az 15°",21-jun,320,7.595,"[2,3]",22.572303,22.573900,0.00159737,1
minGroundLight,8,"Arequipa · valle 2 · N-S senoidal 2° · quebrado · alineadas ×1 · 6 filas · az -20°",21-mar,1040,71.829,"[2,3]",2.336493,2.335000,0.00149269,0
minGroundLight,16,"Arequipa · cresta 1 · N-S constante -3° · mono · alineadas ×1 · 10 filas · az 15°",21-jun,1320,4.396,"[5]",2.401045,2.399600,0.00144497,1
minGroundLight,0,"Arequipa · valle 1 · N-S senoidal 6° · mono · medios ×2 · 8 filas · az -20°",21-dic,1000,83.044,"[4]",4.726094,4.724700,0.00139422,0
minGroundLight,0,"Arequipa · valle 1 · N-S senoidal 6° · mono · medios ×2 · 8 filas · az -20°",21-dic,1000,83.044,"[5]",4.726094,4.724700,0.00139422,0
minGroundLight,0,"Arequipa · valle 1 · N-S senoidal 6° · mono · medios ×2 · 8 filas · az -20°",21-dic,1000,83.044,"[6]",4.726094,4.724700,0.00139422,0
minGroundLight,1,"Zaragoza · ondulado 1.2 · N-S constante 3° · mono · tresbolillo ×1 · 8 filas · az 15°",21-dic,560,15.099,"[0]",4.324480,4.325800,0.00132008,1
minGroundLight,1,"Zaragoza · ondulado 1.2 · N-S constante 3° · mono · tresbolillo ×1 · 8 filas · az 15°",21-dic,560,15.099,"[4]",4.324480,4.325800,0.00132008,1
minGroundLight,9,"Zaragoza · pendiente -10 · N-S senoidal 4° · mono · alineadas ×1 · 6 filas · az 15°",21-jun,940,42.079,"[3]",48.513609,48.513200,0.00040928,0
minGroundLight,6,"Arequipa · cresta 3 · N-S constante 0° · mono · bagnarelli ×1 · 10 filas · az 15°",21-dic,1200,44.020,"[0]",43.328229,43.328400,0.00017140,0
minGroundLight,6,"Arequipa · cresta 3 · N-S constante 0° · mono · bagnarelli ×1 · 10 filas · az 15°",21-dic,1200,44.020,"[1]",43.328229,43.328400,0.00017140,0
minGroundLight,6,"Arequipa · cresta 3 · N-S constante 0° · mono · bagnarelli ×1 · 10 filas · az 15°",21-dic,1200,44.020,"[2]",43.328229,43.328400,0.00017140,0
minGroundLight,6,"Arequipa · cresta 3 · N-S constante 0° · mono · bagnarelli ×1 · 10 filas · az 15°",21-dic,1200,44.020,"[3]",43.328229,43.328400,0.00017140,0
minGroundLight,6,"Arequipa · cresta 3 · N-S constante 0° · mono · bagnarelli ×1 · 10 filas · az 15°",21-dic,1200,44.020,"[4]",43.328229,43.328400,0.00017140,0
minGroundLight,6,"Arequipa · cresta 3 · N-S constante 0° · mono · bagnarelli ×1 · 10 filas · az 15°",21-dic,1200,44.020,"[5]",43.328229,43.328400,0.00017140,0
minGroundLight,6,"Arequipa · cresta 3 · N-S constante 0° · mono · bagnarelli ×1 · 10 filas · az 15°",21-dic,1200,44.020,"[6]",43.328229,43.328400,0.00017140,0
minGroundLight,6,"Arequipa · cresta 3 · N-S constante 0° · mono · bagnarelli ×1 · 10 filas · az 15°",21-dic,1200,44.020,"[7]",43.328229,43.328400,0.00017140,0
minGroundLight,6,"Arequipa · cresta 3 · N-S constante 0° · mono · bagnarelli ×1 · 10 filas · az 15°",21-dic,1200,44.020,"[8]",43.328229,43.328400,0.00017140,0
minGroundLight,6,"Arequipa · cresta 3 · N-S constante 0° · mono · bagnarelli ×1 · 10 filas · az 15°",21-dic,1200,44.020,"[9]",43.328229,43.328400,0.00017140,0
minGroundLight,17,"Arequipa · pendiente -3 · N-S senoidal 2° · bifila · tresbolillo ×1 · 6 filas · az 0°",21-dic,1100,66.799,"[4,5]",23.810529,23.810700,0.00017106,0
minGroundLight,17,"Arequipa · pendiente -3 · N-S senoidal 2° · bifila · tresbolillo ×1 · 6 filas · az 0°",21-dic,1020,82.351,"[0,1]",5.364531,5.364700,0.00016925,0
minGroundLight,1,"Zaragoza · ondulado 1.2 · N-S constante 3° · mono · tresbolillo ×1 · 8 filas · az 15°",21-mar,900,33.860,"[0]",43.720931,43.721100,0.00016922,0
minGroundLight,1,"Zaragoza · ondulado 1.2 · N-S constante 3° · mono · tresbolillo ×1 · 8 filas · az 15°",21-mar,900,33.860,"[1]",43.720931,43.721100,0.00016922,0
minGroundLight,1,"Zaragoza · ondulado 1.2 · N-S constante 3° · mono · tresbolillo ×1 · 8 filas · az 15°",21-mar,900,33.860,"[2]",43.720931,43.721100,0.00016922,0
minGroundLight,1,"Zaragoza · ondulado 1.2 · N-S constante 3° · mono · tresbolillo ×1 · 8 filas · az 15°",21-mar,900,33.860,"[3]",43.720931,43.721100,0.00016922,0
minGroundLight,1,"Zaragoza · ondulado 1.2 · N-S constante 3° · mono · tresbolillo ×1 · 8 filas · az 15°",21-mar,900,33.860,"[4]",43.720931,43.721100,0.00016922,0
minGroundLight,1,"Zaragoza · ondulado 1.2 · N-S constante 3° · mono · tresbolillo ×1 · 8 filas · az 15°",21-mar,900,33.860,"[5]",43.720931,43.721100,0.00016922,0
minGroundLight,1,"Zaragoza · ondulado 1.2 · N-S constante 3° · mono · tresbolillo ×1 · 8 filas · az 15°",21-mar,900,33.860,"[6]",43.720931,43.721100,0.00016922,0
minGroundLight,1,"Zaragoza · ondulado 1.2 · N-S constante 3° · mono · tresbolillo ×1 · 8 filas · az 15°",21-mar,900,33.860,"[7]",43.720931,43.721100,0.00016922,0
minGroundLight,0,"Arequipa · valle 1 · N-S senoidal 6° · mono · medios ×2 · 8 filas · az -20°",21-dic,1060,75.485,"[0]",16.276232,16.276400,0.00016763,0
minGroundLight,0,"Arequipa · valle 1 · N-S senoidal 6° · mono · medios ×2 · 8 filas · az -20°",21-dic,1060,75.485,"[1]",16.276232,16.276400,0.00016763,0
minGroundLight,0,"Arequipa · valle 1 · N-S senoidal 6° · mono · medios ×2 · 8 filas · az -20°",21-dic,1060,75.485,"[5]",16.276232,16.276400,0.00016763,0
minGroundLight,14,"Zaragoza · aleatorio 42 · N-S constante 0° · mono · medios ×1 · 6 filas · az 0°",21-dic,780,23.615,"[0]",32.120533,32.120700,0.00016745,0
minGroundLight,14,"Zaragoza · aleatorio 42 · N-S constante 0° · mono · medios ×1 · 6 filas · az 0°",21-dic,780,23.615,"[1]",32.120533,32.120700,0.00016745,0
minGroundLight,14,"Zaragoza · aleatorio 42 · N-S constante 0° · mono · medios ×1 · 6 filas · az 0°",21-dic,780,23.615,"[2]",32.120533,32.120700,0.00016745,0
minGroundLight,14,"Zaragoza · aleatorio 42 · N-S constante 0° · mono · medios ×1 · 6 filas · az 0°",21-dic,780,23.615,"[3]",32.120533,32.120700,0.00016745,0
minGroundLight,14,"Zaragoza · aleatorio 42 · N-S constante 0° · mono · medios ×1 · 6 filas · az 0°",21-dic,780,23.615,"[4]",32.120533,32.120700,0.00016745,0
minGroundLight,14,"Zaragoza · aleatorio 42 · N-S constante 0° · mono · medios ×1 · 6 filas · az 0°",21-dic,780,23.615,"[5]",32.120533,32.120700,0.00016745,0
minGroundLight,21,"Zaragoza · pendiente 10 · N-S senoidal 4° · mono · medios ×1 · 6 filas · az 15°",21-mar,580,36.634,"[0]",52.030334,52.030500,0.00016640,0
minGroundLight,23,"Zaragoza · aleatorio 7 · N-S rotula 6° · quebrado · tresbolillo ×1 · 8 filas · az 0°",21-mar,840,41.965,"[0,1]",36.550034,36.550200,0.00016618,0
minGroundLight,23,"Zaragoza · aleatorio 7 · N-S rotula 6° · quebrado · tresbolillo ×1 · 8 filas · az 0°",21-mar,840,41.965,"[2,3]",36.550034,36.550200,0.00016618,0
minGroundLight,23,"Zaragoza · aleatorio 7 · N-S rotula 6° · quebrado · tresbolillo ×1 · 8 filas · az 0°",21-mar,840,41.965,"[4,5]",36.550034,36.550200,0.00016618,0
minGroundLight,23,"Zaragoza · aleatorio 7 · N-S rotula 6° · quebrado · tresbolillo ×1 · 8 filas · az 0°",21-mar,840,41.965,"[6,7]",36.550034,36.550200,0.00016618,0
minGroundLight,12,"Zaragoza · aleatorio 42 · N-S aleatorio 2° · mono · tresbolillo ×1 · 6 filas · az -20°",21-dic,660,23.493,"[5]",13.397634,13.397800,0.00016603,0
minGroundLight,0,"Arequipa · valle 1 · N-S senoidal 6° · mono · medios ×2 · 8 filas · az -20°",21-jun,1040,49.275,"[3]",9.441834,9.442000,0.00016567,0
minGroundLight,0,"Arequipa · valle 1 · N-S senoidal 6° · mono · medios ×2 · 8 filas · az -20°",21-jun,1040,49.275,"[7]",9.441834,9.442000,0.00016567,0
minGroundLight,11,"Arequipa · llano · N-S constante 0° · mono · medios ×2 · 6 filas · az 0°",21-mar,980,71.001,"[0]",10.960635,10.960800,0.00016459,0
minGroundLight,11,"Arequipa · llano · N-S constante 0° · mono · medios ×2 · 6 filas · az 0°",21-mar,980,71.001,"[1]",10.960635,10.960800,0.00016459,0
minGroundLight,11,"Arequipa · llano · N-S constante 0° · mono · medios ×2 · 6 filas · az 0°",21-mar,980,71.001,"[2]",10.960635,10.960800,0.00016459,0
minGroundLight,11,"Arequipa · llano · N-S constante 0° · mono · medios ×2 · 6 filas · az 0°",21-mar,980,71.001,"[3]",10.960635,10.960800,0.00016459,0
minGroundLight,11,"Arequipa · llano · N-S constante 0° · mono · medios ×2 · 6 filas · az 0°",21-mar,980,71.001,"[4]",10.960635,10.960800,0.00016459,0
minGroundLight,11,"Arequipa · llano · N-S constante 0° · mono · medios ×2 · 6 filas · az 0°",21-mar,980,71.001,"[5]",10.960635,10.960800,0.00016459,0
minGroundLight,0,"Arequipa · valle 1 · N-S senoidal 6° · mono · medios ×2 · 8 filas · az -20°",21-jun,1040,49.275,"[0]",10.126936,10.127100,0.00016440,0
minGroundLight,0,"Arequipa · valle 1 · N-S senoidal 6° · mono · medios ×2 · 8 filas · az -20°",21-jun,1040,49.275,"[1]",10.126936,10.127100,0.00016440,0
minGroundLight,0,"Arequipa · valle 1 · N-S senoidal 6° · mono · medios ×2 · 8 filas · az -20°",21-jun,1040,49.275,"[5]",10.126936,10.127100,0.00016440,0
minGroundLight,15,"Zaragoza · cresta 1 · N-S rotula 4° · quebrado · alineadas ×1 · 8 filas · az 15°",21-jun,820,63.162,"[0,1]",19.975139,19.975300,0.00016127,0
minGroundLight,15,"Zaragoza · cresta 1 · N-S rotula 4° · quebrado · alineadas ×1 · 8 filas · az 15°",21-jun,820,63.162,"[2,3]",19.975139,19.975300,0.00016127,0
minGroundLight,15,"Zaragoza · cresta 1 · N-S rotula 4° · quebrado · alineadas ×1 · 8 filas · az 15°",21-jun,820,63.162,"[4,5]",19.975139,19.975300,0.00016127,0
minGroundLight,15,"Zaragoza · cresta 1 · N-S rotula 4° · quebrado · alineadas ×1 · 8 filas · az 15°",21-jun,820,63.162,"[6,7]",19.975139,19.975300,0.00016127,0
minGroundLight,7,"Arequipa · pendiente 6 · N-S rotula 2° · mono · alineadas ×1 · 8 filas · az 0°",21-jun,1060,48.094,"[0]",17.187643,17.187800,0.00015736,0
minGroundLight,7,"Arequipa · pendiente 6 · N-S rotula 2° · mono · alineadas ×1 · 8 filas · az 0°",21-jun,1060,48.094,"[1]",17.187643,17.187800,0.00015736,0
minGroundLight,7,"Arequipa · pendiente 6 · N-S rotula 2° · mono · alineadas ×1 · 8 filas · az 0°",21-jun,1060,48.094,"[2]",17.187643,17.187800,0.00015736,0
minGroundLight,7,"Arequipa · pendiente 6 · N-S rotula 2° · mono · alineadas ×1 · 8 filas · az 0°",21-jun,1060,48.094,"[3]",17.187643,17.187800,0.00015736,0
minGroundLight,7,"Arequipa · pendiente 6 · N-S rotula 2° · mono · alineadas ×1 · 8 filas · az 0°",21-jun,1060,48.094,"[4]",17.187643,17.187800,0.00015736,0
minGroundLight,7,"Arequipa · pendiente 6 · N-S rotula 2° · mono · alineadas ×1 · 8 filas · az 0°",21-jun,1060,48.094,"[5]",17.187643,17.187800,0.00015736,0
minGroundLight,7,"Arequipa · pendiente 6 · N-S rotula 2° · mono · alineadas ×1 · 8 filas · az 0°",21-jun,1060,48.094,"[6]",17.187643,17.187800,0.00015736,0
minGroundLight,7,"Arequipa · pendiente 6 · N-S rotula 2° · mono · alineadas ×1 · 8 filas · az 0°",21-jun,1060,48.094,"[7]",17.187643,17.187800,0.00015736,0
minGroundLight,2,"Arequipa · pendiente -6 · N-S constante 3° · quebrado · alineadas ×1 · 8 filas · az 0°",21-dic,980,80.929,"[0,1]",7.834543,7.834700,0.00015673,0
minGroundLight,2,"Arequipa · pendiente -6 · N-S constante 3° · quebrado · alineadas ×1 · 8 filas · az 0°",21-dic,980,80.929,"[2,3]",7.834543,7.834700,0.00015673,0
minGroundLight,2,"Arequipa · pendiente -6 · N-S constante 3° · quebrado · alineadas ×1 · 8 filas · az 0°",21-dic,980,80.929,"[4,5]",7.834543,7.834700,0.00015673,0
minGroundLight,2,"Arequipa · pendiente -6 · N-S constante 3° · quebrado · alineadas ×1 · 8 filas · az 0°",21-dic,980,80.929,"[6,7]",7.834543,7.834700,0.00015673,0
minGroundLight,16,"Arequipa · cresta 1 · N-S constante -3° · mono · alineadas ×1 · 10 filas · az 15°",21-jun,1140,38.786,"[0]",46.346443,46.346600,0.00015671,0
minGroundLight,16,"Arequipa · cresta 1 · N-S constante -3° · mono · alineadas ×1 · 10 filas · az 15°",21-jun,1140,38.786,"[1]",46.346443,46.346600,0.00015671,0
minGroundLight,16,"Arequipa · cresta 1 · N-S constante -3° · mono · alineadas ×1 · 10 filas · az 15°",21-jun,1140,38.786,"[2]",46.346443,46.346600,0.00015671,0
minGroundLight,16,"Arequipa · cresta 1 · N-S constante -3° · mono · alineadas ×1 · 10 filas · az 15°",21-jun,1140,38.786,"[3]",46.346443,46.346600,0.00015671,0
minGroundLight,16,"Arequipa · cresta 1 · N-S constante -3° · mono · alineadas ×1 · 10 filas · az 15°",21-jun,1140,38.786,"[4]",46.346443,46.346600,0.00015671,0
minGroundLight,16,"Arequipa · cresta 1 · N-S constante -3° · mono · alineadas ×1 · 10 filas · az 15°",21-jun,1140,38.786,"[5]",46.346443,46.346600,0.00015671,0
minGroundLight,16,"Arequipa · cresta 1 · N-S constante -3° · mono · alineadas ×1 · 10 filas · az 15°",21-jun,1140,38.786,"[6]",46.346443,46.346600,0.00015671,0
minGroundLight,16,"Arequipa · cresta 1 · N-S constante -3° · mono · alineadas ×1 · 10 filas · az 15°",21-jun,1140,38.786,"[7]",46.346443,46.346600,0.00015671,0
minGroundLight,16,"Arequipa · cresta 1 · N-S constante -3° · mono · alineadas ×1 · 10 filas · az 15°",21-jun,1140,38.786,"[8]",46.346443,46.346600,0.00015671,0
minGroundLight,16,"Arequipa · cresta 1 · N-S constante -3° · mono · alineadas ×1 · 10 filas · az 15°",21-jun,1140,38.786,"[9]",46.346443,46.346600,0.00015671,0
minGroundLight,12,"Zaragoza · aleatorio 42 · N-S aleatorio 2° · mono · tresbolillo ×1 · 6 filas · az -20°",21-mar,760,48.259,"[5]",27.302844,27.303000,0.00015641,0
minGroundLight,14,"Zaragoza · aleatorio 42 · N-S constante 0° · mono · medios ×1 · 6 filas · az 0°",21-mar,720,48.724,"[0]",5.429344,5.429500,0.00015583,0
minGroundLight,14,"Zaragoza · aleatorio 42 · N-S constante 0° · mono · medios ×1 · 6 filas · az 0°",21-mar,720,48.724,"[1]",5.429344,5.429500,0.00015583,0
minGroundLight,14,"Zaragoza · aleatorio 42 · N-S constante 0° · mono · medios ×1 · 6 filas · az 0°",21-mar,720,48.724,"[2]",5.429344,5.429500,0.00015583,0
minGroundLight,14,"Zaragoza · aleatorio 42 · N-S constante 0° · mono · medios ×1 · 6 filas · az 0°",21-mar,720,48.724,"[3]",5.429344,5.429500,0.00015583,0
minGroundLight,8,"Arequipa · valle 2 · N-S senoidal 2° · quebrado · alineadas ×1 · 6 filas · az -20°",21-dic,800,41.545,"[0,1]",43.782846,43.783000,0.00015352,0
minGroundLight,8,"Arequipa · valle 2 · N-S senoidal 2° · quebrado · alineadas ×1 · 6 filas · az -20°",21-jun,1000,49.919,"[4,5]",20.368047,20.368200,0.00015287,0
minGroundLight,22,"Zaragoza · valle 1 · N-S constante 0° · quebrado · medios ×2 · 8 filas · az 15°",21-jun,740,71.599,"[4,5]",3.348850,3.349000,0.00015031,0
minGroundLight,22,"Zaragoza · valle 1 · N-S constante 0° · quebrado · medios ×2 · 8 filas · az 15°",21-jun,740,71.599,"[6,7]",3.348850,3.349000,0.00015031,0
minGroundLight,4,"Arequipa · pendiente -6 · N-S constante 6° · mono · alineadas ×1 · 8 filas · az -20°",21-dic,780,36.968,"[0]",46.471453,46.471600,0.00014707,0
minGroundLight,4,"Arequipa · pendiente -6 · N-S constante 6° · mono · alineadas ×1 · 8 filas · az -20°",21-dic,780,36.968,"[1]",46.471453,46.471600,0.00014707,0
minGroundLight,4,"Arequipa · pendiente -6 · N-S constante 6° · mono · alineadas ×1 · 8 filas · az -20°",21-dic,780,36.968,"[2]",46.471453,46.471600,0.00014707,0
minGroundLight,4,"Arequipa · pendiente -6 · N-S constante 6° · mono · alineadas ×1 · 8 filas · az -20°",21-dic,780,36.968,"[3]",46.471453,46.471600,0.00014707,0
minGroundLight,4,"Arequipa · pendiente -6 · N-S constante 6° · mono · alineadas ×1 · 8 filas · az -20°",21-dic,780,36.968,"[4]",46.471453,46.471600,0.00014707,0
minGroundLight,4,"Arequipa · pendiente -6 · N-S constante 6° · mono · alineadas ×1 · 8 filas · az -20°",21-dic,780,36.968,"[5]",46.471453,46.471600,0.00014707,0
minGroundLight,4,"Arequipa · pendiente -6 · N-S constante 6° · mono · alineadas ×1 · 8 filas · az -20°",21-dic,780,36.968,"[6]",46.471453,46.471600,0.00014707,0
minGroundLight,4,"Arequipa · pendiente -6 · N-S constante 6° · mono · alineadas ×1 · 8 filas · az -20°",21-dic,780,36.968,"[7]",46.471453,46.471600,0.00014707,0
minGroundLight,0,"Arequipa · valle 1 · N-S senoidal 6° · mono · medios ×2 · 8 filas · az -20°",21-mar,1040,71.829,"[0]",2.342853,2.343000,0.00014680,0
minGroundLight,0,"Arequipa · valle 1 · N-S senoidal 6° · mono · medios ×2 · 8 filas · az -20°",21-mar,1040,71.829,"[1]",2.342853,2.343000,0.00014680,0
minGroundLight,9,"Zaragoza · pendiente -10 · N-S senoidal 4° · mono · alineadas ×1 · 6 filas · az 15°",21-mar,900,33.860,"[0]",44.390254,44.390400,0.00014563,0
minGroundLight,7,"Arequipa · pendiente 6 · N-S rotula 2° · mono · alineadas ×1 · 8 filas · az 0°",21-jun,940,46.569,"[0]",22.555155,22.555300,0.00014532,0
minGroundLight,7,"Arequipa · pendiente 6 · N-S rotula 2° · mono · alineadas ×1 · 8 filas · az 0°",21-jun,940,46.569,"[1]",22.555155,22.555300,0.00014532,0
minGroundLight,7,"Arequipa · pendiente 6 · N-S rotula 2° · mono · alineadas ×1 · 8 filas · az 0°",21-jun,940,46.569,"[2]",22.555155,22.555300,0.00014532,0
minGroundLight,7,"Arequipa · pendiente 6 · N-S rotula 2° · mono · alineadas ×1 · 8 filas · az 0°",21-jun,940,46.569,"[3]",22.555155,22.555300,0.00014532,0
minGroundLight,7,"Arequipa · pendiente 6 · N-S rotula 2° · mono · alineadas ×1 · 8 filas · az 0°",21-jun,940,46.569,"[4]",22.555155,22.555300,0.00014532,0
minGroundLight,7,"Arequipa · pendiente 6 · N-S rotula 2° · mono · alineadas ×1 · 8 filas · az 0°",21-jun,940,46.569,"[5]",22.555155,22.555300,0.00014532,0
minGroundLight,7,"Arequipa · pendiente 6 · N-S rotula 2° · mono · alineadas ×1 · 8 filas · az 0°",21-jun,940,46.569,"[6]",22.555155,22.555300,0.00014532,0
minGroundLight,7,"Arequipa · pendiente 6 · N-S rotula 2° · mono · alineadas ×1 · 8 filas · az 0°",21-jun,940,46.569,"[7]",22.555155,22.555300,0.00014532,0
minGroundLight,13,"Arequipa · pendiente 10 · N-S rotula 4° · mono · alineadas ×1 · 6 filas · az 0°",21-jun,940,46.569,"[0]",22.555155,22.555300,0.00014532,0
minGroundLight,13,"Arequipa · pendiente 10 · N-S rotula 4° · mono · alineadas ×1 · 6 filas · az 0°",21-jun,940,46.569,"[1]",22.555155,22.555300,0.00014532,0
minGroundLight,13,"Arequipa · pendiente 10 · N-S rotula 4° · mono · alineadas ×1 · 6 filas · az 0°",21-jun,940,46.569,"[2]",22.555155,22.555300,0.00014532,0
minGroundLight,13,"Arequipa · pendiente 10 · N-S rotula 4° · mono · alineadas ×1 · 6 filas · az 0°",21-jun,940,46.569,"[3]",22.555155,22.555300,0.00014532,0
minGroundLight,13,"Arequipa · pendiente 10 · N-S rotula 4° · mono · alineadas ×1 · 6 filas · az 0°",21-jun,940,46.569,"[4]",22.555155,22.555300,0.00014532,0
minGroundLight,13,"Arequipa · pendiente 10 · N-S rotula 4° · mono · alineadas ×1 · 6 filas · az 0°",21-jun,940,46.569,"[5]",22.555155,22.555300,0.00014532,0
minGroundLight,17,"Arequipa · pendiente -3 · N-S senoidal 2° · bifila · tresbolillo ×1 · 6 filas · az 0°",21-dic,1140,57.751,"[0,1]",32.925556,32.925700,0.00014441,0
minGroundLight,0,"Arequipa · valle 1 · N-S senoidal 6° · mono · medios ×2 · 8 filas · az -20°",21-mar,1040,71.829,"[3]",2.331256,2.331400,0.00014429,0
minGroundLight,4,"Arequipa · pendiente -6 · N-S constante 6° · mono · alineadas ×1 · 8 filas · az -20°",21-mar,960,68.356,"[0]",21.355557,21.355700,0.00014296,0
minGroundLight,4,"Arequipa · pendiente -6 · N-S constante 6° · mono · alineadas ×1 · 8 filas · az -20°",21-mar,960,68.356,"[1]",21.355557,21.355700,0.00014296,0
minGroundLight,4,"Arequipa · pendiente -6 · N-S constante 6° · mono · alineadas ×1 · 8 filas · az -20°",21-mar,960,68.356,"[2]",21.355557,21.355700,0.00014296,0
minGroundLight,4,"Arequipa · pendiente -6 · N-S constante 6° · mono · alineadas ×1 · 8 filas · az -20°",21-mar,960,68.356,"[3]",21.355557,21.355700,0.00014296,0
minGroundLight,4,"Arequipa · pendiente -6 · N-S constante 6° · mono · alineadas ×1 · 8 filas · az -20°",21-mar,960,68.356,"[4]",21.355557,21.355700,0.00014296,0
minGroundLight,4,"Arequipa · pendiente -6 · N-S constante 6° · mono · alineadas ×1 · 8 filas · az -20°",21-mar,960,68.356,"[5]",21.355557,21.355700,0.00014296,0
minGroundLight,4,"Arequipa · pendiente -6 · N-S constante 6° · mono · alineadas ×1 · 8 filas · az -20°",21-mar,960,68.356,"[6]",21.355557,21.355700,0.00014296,0
minGroundLight,4,"Arequipa · pendiente -6 · N-S constante 6° · mono · alineadas ×1 · 8 filas · az -20°",21-mar,960,68.356,"[7]",21.355557,21.355700,0.00014296,0
minGroundLight,15,"Zaragoza · cresta 1 · N-S rotula 4° · quebrado · alineadas ×1 · 8 filas · az 15°",21-dic,840,19.460,"[0,1]",36.001657,36.001800,0.00014291,0
minGroundLight,15,"Zaragoza · cresta 1 · N-S rotula 4° · quebrado · alineadas ×1 · 8 filas · az 15°",21-dic,840,19.460,"[2,3]",36.001657,36.001800,0.00014291,0
minGroundLight,15,"Zaragoza · cresta 1 · N-S rotula 4° · quebrado · alineadas ×1 · 8 filas · az 15°",21-dic,840,19.460,"[4,5]",36.001657,36.001800,0.00014291,0
minGroundLight,15,"Zaragoza · cresta 1 · N-S rotula 4° · quebrado · alineadas ×1 · 8 filas · az 15°",21-dic,840,19.460,"[6,7]",36.001657,36.001800,0.00014291,0
minGroundLight,6,"Arequipa · cresta 3 · N-S constante 0° · mono · bagnarelli ×1 · 10 filas · az 15°",21-dic,1220,39.439,"[0]",47.875659,47.875800,0.00014128,0
minGroundLight,6,"Arequipa · cresta 3 · N-S constante 0° · mono · bagnarelli ×1 · 10 filas · az 15°",21-dic,1220,39.439,"[1]",47.875659,47.875800,0.00014128,0
minGroundLight,6,"Arequipa · cresta 3 · N-S constante 0° · mono · bagnarelli ×1 · 10 filas · az 15°",21-dic,1220,39.439,"[2]",47.875659,47.875800,0.00014128,0
minGroundLight,6,"Arequipa · cresta 3 · N-S constante 0° · mono · bagnarelli ×1 · 10 filas · az 15°",21-dic,1220,39.439,"[3]",47.875659,47.875800,0.00014128,0
minGroundLight,6,"Arequipa · cresta 3 · N-S constante 0° · mono · bagnarelli ×1 · 10 filas · az 15°",21-dic,1220,39.439,"[4]",47.875659,47.875800,0.00014128,0
minGroundLight,6,"Arequipa · cresta 3 · N-S constante 0° · mono · bagnarelli ×1 · 10 filas · az 15°",21-dic,1220,39.439,"[5]",47.875659,47.875800,0.00014128,0
minGroundLight,6,"Arequipa · cresta 3 · N-S constante 0° · mono · bagnarelli ×1 · 10 filas · az 15°",21-dic,1220,39.439,"[6]",47.875659,47.875800,0.00014128,0
minGroundLight,6,"Arequipa · cresta 3 · N-S constante 0° · mono · bagnarelli ×1 · 10 filas · az 15°",21-dic,1220,39.439,"[7]",47.875659,47.875800,0.00014128,0
minGroundLight,6,"Arequipa · cresta 3 · N-S constante 0° · mono · bagnarelli ×1 · 10 filas · az 15°",21-dic,1220,39.439,"[8]",47.875659,47.875800,0.00014128,0
minGroundLight,6,"Arequipa · cresta 3 · N-S constante 0° · mono · bagnarelli ×1 · 10 filas · az 15°",21-dic,1220,39.439,"[9]",47.875659,47.875800,0.00014128,0
minGroundLight,19,"Zaragoza · pendiente 6 · N-S constante -3° · quebrado · alineadas ×1 · 10 filas · az -20°",21-mar,880,36.794,"[0,1]",54.099962,54.100100,0.00013803,0
minGroundLight,19,"Zaragoza · pendiente 6 · N-S constante -3° · quebrado · alineadas ×1 · 10 filas · az -20°",21-mar,880,36.794,"[2,3]",54.099962,54.100100,0.00013803,0
minGroundLight,19,"Zaragoza · pendiente 6 · N-S constante -3° · quebrado · alineadas ×1 · 10 filas · az -20°",21-mar,880,36.794,"[4,5]",54.099962,54.100100,0.00013803,0
minGroundLight,19,"Zaragoza · pendiente 6 · N-S constante -3° · quebrado · alineadas ×1 · 10 filas · az -20°",21-mar,880,36.794,"[6,7]",54.099962,54.100100,0.00013803,0
minGroundLight,19,"Zaragoza · pendiente 6 · N-S constante -3° · quebrado · alineadas ×1 · 10 filas · az -20°",21-mar,880,36.794,"[8,9]",54.099962,54.100100,0.00013803,0
minGroundLight,12,"Zaragoza · aleatorio 42 · N-S aleatorio 2° · mono · tresbolillo ×1 · 6 filas · az -20°",21-jun,540,47.627,"[0]",40.253762,40.253900,0.00013760,0
minGroundLight,18,"Arequipa · cresta 1 · N-S aleatorio 3° · mono · tresbolillo ×2 · 6 filas · az 0°",21-jun,920,44.450,"[0]",28.164665,28.164800,0.00013508,0
minGroundLight,23,"Zaragoza · aleatorio 7 · N-S rotula 6° · quebrado · tresbolillo ×1 · 8 filas · az 0°",21-jun,800,66.059,"[0,1]",19.872866,19.873000,0.00013419,0
minGroundLight,23,"Zaragoza · aleatorio 7 · N-S rotula 6° · quebrado · tresbolillo ×1 · 8 filas · az 0°",21-jun,800,66.059,"[2,3]",19.872866,19.873000,0.00013419,0
minGroundLight,23,"Zaragoza · aleatorio 7 · N-S rotula 6° · quebrado · tresbolillo ×1 · 8 filas · az 0°",21-jun,800,66.059,"[4,5]",19.872866,19.873000,0.00013419,0
minGroundLight,23,"Zaragoza · aleatorio 7 · N-S rotula 6° · quebrado · tresbolillo ×1 · 8 filas · az 0°",21-jun,800,66.059,"[6,7]",19.872866,19.873000,0.00013419,0
minGroundLight,18,"Arequipa · cresta 1 · N-S aleatorio 3° · mono · tresbolillo ×2 · 6 filas · az 0°",21-dic,880,59.846,"[5]",31.105566,31.105700,0.00013374,0
minGroundLight,9,"Zaragoza · pendiente -10 · N-S senoidal 4° · mono · alineadas ×1 · 6 filas · az 15°",21-jun,940,42.079,"[0]",47.863068,47.863200,0.00013213,0
minGroundLight,7,"Arequipa · pendiente 6 · N-S rotula 2° · mono · alineadas ×1 · 8 filas · az 0°",21-mar,1040,71.829,"[0]",8.716069,8.716200,0.00013099,0
minGroundLight,7,"Arequipa · pendiente 6 · N-S rotula 2° · mono · alineadas ×1 · 8 filas · az 0°",21-mar,1040,71.829,"[1]",8.716069,8.716200,0.00013099,0
minGroundLight,7,"Arequipa · pendiente 6 · N-S rotula 2° · mono · alineadas ×1 · 8 filas · az 0°",21-mar,1040,71.829,"[2]",8.716069,8.716200,0.00013099,0
minGroundLight,7,"Arequipa · pendiente 6 · N-S rotula 2° · mono · alineadas ×1 · 8 filas · az 0°",21-mar,1040,71.829,"[3]",8.716069,8.716200,0.00013099,0
minGroundLight,7,"Arequipa · pendiente 6 · N-S rotula 2° · mono · alineadas ×1 · 8 filas · az 0°",21-mar,1040,71.829,"[4]",8.716069,8.716200,0.00013099,0
minGroundLight,7,"Arequipa · pendiente 6 · N-S rotula 2° · mono · alineadas ×1 · 8 filas · az 0°",21-mar,1040,71.829,"[5]",8.716069,8.716200,0.00013099,0
minGroundLight,7,"Arequipa · pendiente 6 · N-S rotula 2° · mono · alineadas ×1 · 8 filas · az 0°",21-mar,1040,71.829,"[6]",8.716069,8.716200,0.00013099,0
minGroundLight,7,"Arequipa · pendiente 6 · N-S rotula 2° · mono · alineadas ×1 · 8 filas · az 0°",21-mar,1040,71.829,"[7]",8.716069,8.716200,0.00013099,0
minGroundLight,6,"Arequipa · cresta 3 · N-S constante 0° · mono · bagnarelli ×1 · 10 filas · az 15°",21-jun,880,39.060,"[0]",28.708970,28.709100,0.00012998,0
minGroundLight,6,"Arequipa · cresta 3 · N-S constante 0° · mono · bagnarelli ×1 · 10 filas · az 15°",21-jun,880,39.060,"[1]",28.708970,28.709100,0.00012998,0
minGroundLight,6,"Arequipa · cresta 3 · N-S constante 0° · mono · bagnarelli ×1 · 10 filas · az 15°",21-jun,880,39.060,"[2]",28.708970,28.709100,0.00012998,0
minGroundLight,6,"Arequipa · cresta 3 · N-S constante 0° · mono · bagnarelli ×1 · 10 filas · az 15°",21-jun,880,39.060,"[3]",28.708970,28.709100,0.00012998,0
minGroundLight,6,"Arequipa · cresta 3 · N-S constante 0° · mono · bagnarelli ×1 · 10 filas · az 15°",21-jun,880,39.060,"[4]",28.708970,28.709100,0.00012998,0
minGroundLight,6,"Arequipa · cresta 3 · N-S constante 0° · mono · bagnarelli ×1 · 10 filas · az 15°",21-jun,880,39.060,"[5]",28.708970,28.709100,0.00012998,0
minGroundLight,6,"Arequipa · cresta 3 · N-S constante 0° · mono · bagnarelli ×1 · 10 filas · az 15°",21-jun,880,39.060,"[6]",28.708970,28.709100,0.00012998,0
minGroundLight,6,"Arequipa · cresta 3 · N-S constante 0° · mono · bagnarelli ×1 · 10 filas · az 15°",21-jun,880,39.060,"[7]",28.708970,28.709100,0.00012998,0
minGroundLight,6,"Arequipa · cresta 3 · N-S constante 0° · mono · bagnarelli ×1 · 10 filas · az 15°",21-jun,880,39.060,"[8]",28.708970,28.709100,0.00012998,0
minGroundLight,6,"Arequipa · cresta 3 · N-S constante 0° · mono · bagnarelli ×1 · 10 filas · az 15°",21-jun,880,39.060,"[9]",28.708970,28.709100,0.00012998,0
minGroundLight,19,"Zaragoza · pendiente 6 · N-S constante -3° · quebrado · alineadas ×1 · 10 filas · az -20°",21-dic,680,24.323,"[0,1]",24.679970,24.680100,0.00012954,0
minGroundLight,19,"Zaragoza · pendiente 6 · N-S constante -3° · quebrado · alineadas ×1 · 10 filas · az -20°",21-dic,680,24.323,"[2,3]",24.679970,24.680100,0.00012954,0
minGroundLight,19,"Zaragoza · pendiente 6 · N-S constante -3° · quebrado · alineadas ×1 · 10 filas · az -20°",21-dic,680,24.323,"[4,5]",24.679970,24.680100,0.00012954,0
minGroundLight,19,"Zaragoza · pendiente 6 · N-S constante -3° · quebrado · alineadas ×1 · 10 filas · az -20°",21-dic,680,24.323,"[6,7]",24.679970,24.680100,0.00012954,0
minGroundLight,19,"Zaragoza · pendiente 6 · N-S constante -3° · quebrado · alineadas ×1 · 10 filas · az -20°",21-dic,680,24.323,"[8,9]",24.679970,24.680100,0.00012954,0
minGroundLight,17,"Arequipa · pendiente -3 · N-S senoidal 2° · bifila · tresbolillo ×1 · 6 filas · az 0°",21-dic,1020,82.351,"[4,5]",5.370271,5.370400,0.00012853,0
minGroundLight,4,"Arequipa · pendiente -6 · N-S constante 6° · mono · alineadas ×1 · 8 filas · az -20°",21-mar,900,57.102,"[0]",35.024376,35.024500,0.00012414,0
minGroundLight,4,"Arequipa · pendiente -6 · N-S constante 6° · mono · alineadas ×1 · 8 filas · az -20°",21-mar,900,57.102,"[1]",35.024376,35.024500,0.00012414,0
minGroundLight,4,"Arequipa · pendiente -6 · N-S constante 6° · mono · alineadas ×1 · 8 filas · az -20°",21-mar,900,57.102,"[2]",35.024376,35.024500,0.00012414,0
minGroundLight,4,"Arequipa · pendiente -6 · N-S constante 6° · mono · alineadas ×1 · 8 filas · az -20°",21-mar,900,57.102,"[3]",35.024376,35.024500,0.00012414,0
minGroundLight,4,"Arequipa · pendiente -6 · N-S constante 6° · mono · alineadas ×1 · 8 filas · az -20°",21-mar,900,57.102,"[4]",35.024376,35.024500,0.00012414,0
minGroundLight,4,"Arequipa · pendiente -6 · N-S constante 6° · mono · alineadas ×1 · 8 filas · az -20°",21-mar,900,57.102,"[5]",35.024376,35.024500,0.00012414,0
minGroundLight,4,"Arequipa · pendiente -6 · N-S constante 6° · mono · alineadas ×1 · 8 filas · az -20°",21-mar,900,57.102,"[6]",35.024376,35.024500,0.00012414,0
minGroundLight,4,"Arequipa · pendiente -6 · N-S constante 6° · mono · alineadas ×1 · 8 filas · az -20°",21-mar,900,57.102,"[7]",35.024376,35.024500,0.00012414,0
minGroundLight,0,"Arequipa · valle 1 · N-S senoidal 6° · mono · medios ×2 · 8 filas · az -20°",21-dic,1060,75.485,"[3]",16.342877,16.343000,0.00012309,0
minGroundLight,0,"Arequipa · valle 1 · N-S senoidal 6° · mono · medios ×2 · 8 filas · az -20°",21-dic,1060,75.485,"[7]",16.342877,16.343000,0.00012309,0
minGroundLight,12,"Zaragoza · aleatorio 42 · N-S aleatorio 2° · mono · tresbolillo ×1 · 6 filas · az -20°",21-mar,760,48.259,"[0]",26.926077,26.926200,0.00012274,0
minGroundLight,13,"Arequipa · pendiente 10 · N-S rotula 4° · mono · alineadas ×1 · 6 filas · az 0°",21-dic,1080,71.222,"[0]",19.207778,19.207900,0.00012184,0
minGroundLight,13,"Arequipa · pendiente 10 · N-S rotula 4° · mono · alineadas ×1 · 6 filas · az 0°",21-dic,1080,71.222,"[1]",19.207778,19.207900,0.00012184,0
minGroundLight,13,"Arequipa · pendiente 10 · N-S rotula 4° · mono · alineadas ×1 · 6 filas · az 0°",21-dic,1080,71.222,"[2]",19.207778,19.207900,0.00012184,0
minGroundLight,13,"Arequipa · pendiente 10 · N-S rotula 4° · mono · alineadas ×1 · 6 filas · az 0°",21-dic,1080,71.222,"[3]",19.207778,19.207900,0.00012184,0
minGroundLight,13,"Arequipa · pendiente 10 · N-S rotula 4° · mono · alineadas ×1 · 6 filas · az 0°",21-dic,1080,71.222,"[4]",19.207778,19.207900,0.00012184,0
minGroundLight,13,"Arequipa · pendiente 10 · N-S rotula 4° · mono · alineadas ×1 · 6 filas · az 0°",21-dic,1080,71.222,"[5]",19.207778,19.207900,0.00012184,0
minGroundLight,18,"Arequipa · cresta 1 · N-S aleatorio 3° · mono · tresbolillo ×2 · 6 filas · az 0°",21-mar,1060,69.576,"[5]",13.789979,13.790100,0.00012125,0
minGroundLight,7,"Arequipa · pendiente 6 · N-S rotula 2° · mono · alineadas ×1 · 8 filas · az 0°",21-dic,780,36.968,"[0]",53.769582,53.769700,0.00011833,0
minGroundLight,7,"Arequipa · pendiente 6 · N-S rotula 2° · mono · alineadas ×1 · 8 filas · az 0°",21-dic,780,36.968,"[1]",53.769582,53.769700,0.00011833,0
minGroundLight,7,"Arequipa · pendiente 6 · N-S rotula 2° · mono · alineadas ×1 · 8 filas · az 0°",21-dic,780,36.968,"[2]",53.769582,53.769700,0.00011833,0
minGroundLight,7,"Arequipa · pendiente 6 · N-S rotula 2° · mono · alineadas ×1 · 8 filas · az 0°",21-dic,780,36.968,"[3]",53.769582,53.769700,0.00011833,0
minGroundLight,7,"Arequipa · pendiente 6 · N-S rotula 2° · mono · alineadas ×1 · 8 filas · az 0°",21-dic,780,36.968,"[4]",53.769582,53.769700,0.00011833,0
minGroundLight,7,"Arequipa · pendiente 6 · N-S rotula 2° · mono · alineadas ×1 · 8 filas · az 0°",21-dic,780,36.968,"[5]",53.769582,53.769700,0.00011833,0
minGroundLight,7,"Arequipa · pendiente 6 · N-S rotula 2° · mono · alineadas ×1 · 8 filas · az 0°",21-dic,780,36.968,"[6]",53.769582,53.769700,0.00011833,0
minGroundLight,7,"Arequipa · pendiente 6 · N-S rotula 2° · mono · alineadas ×1 · 8 filas · az 0°",21-dic,780,36.968,"[7]",53.769582,53.769700,0.00011833,0
minGroundLight,19,"Zaragoza · pendiente 6 · N-S constante -3° · quebrado · alineadas ×1 · 10 filas · az -20°",21-dic,600,19.230,"[0,1]",30.716682,30.716800,0.00011781,0
minGroundLight,19,"Zaragoza · pendiente 6 · N-S constante -3° · quebrado · alineadas ×1 · 10 filas · az -20°",21-dic,600,19.230,"[2,3]",30.716682,30.716800,0.00011781,0
minGroundLight,19,"Zaragoza · pendiente 6 · N-S constante -3° · quebrado · alineadas ×1 · 10 filas · az -20°",21-dic,600,19.230,"[4,5]",30.716682,30.716800,0.00011781,0
minGroundLight,19,"Zaragoza · pendiente 6 · N-S constante -3° · quebrado · alineadas ×1 · 10 filas · az -20°",21-dic,600,19.230,"[6,7]",30.716682,30.716800,0.00011781,0
minGroundLight,19,"Zaragoza · pendiente 6 · N-S constante -3° · quebrado · alineadas ×1 · 10 filas · az -20°",21-dic,600,19.230,"[8,9]",30.716682,30.716800,0.00011781,0
minGroundLight,18,"Arequipa · cresta 1 · N-S aleatorio 3° · mono · tresbolillo ×2 · 6 filas · az 0°",21-mar,1060,69.576,"[0]",13.892883,13.893000,0.00011691,0
minGroundLight,17,"Arequipa · pendiente -3 · N-S senoidal 2° · bifila · tresbolillo ×1 · 6 filas · az 0°",21-dic,1140,57.751,"[4,5]",32.996184,32.996300,0.00011564,0
minGroundLight,21,"Zaragoza · pendiente 10 · N-S senoidal 4° · mono · medios ×1 · 6 filas · az 15°",21-mar,620,41.836,"[5]",43.890684,43.890800,0.00011553,0
minGroundLight,3,"Arequipa · cresta 1 · N-S aleatorio 3° · quebrado · alineadas ×2 · 6 filas · az 0°",21-jun,940,46.569,"[0,1]",22.366686,22.366800,0.00011423,0
minGroundLight,2,"Arequipa · pendiente -6 · N-S constante 3° · quebrado · alineadas ×1 · 8 filas · az 0°",21-jun,1060,48.094,"[0,1]",17.885987,17.886100,0.00011341,0
minGroundLight,2,"Arequipa · pendiente -6 · N-S constante 3° · quebrado · alineadas ×1 · 8 filas · az 0°",21-jun,1060,48.094,"[2,3]",17.885987,17.886100,0.00011341,0
minGroundLight,2,"Arequipa · pendiente -6 · N-S constante 3° · quebrado · alineadas ×1 · 8 filas · az 0°",21-jun,1060,48.094,"[4,5]",17.885987,17.886100,0.00011341,0
minGroundLight,2,"Arequipa · pendiente -6 · N-S constante 3° · quebrado · alineadas ×1 · 8 filas · az 0°",21-jun,1060,48.094,"[6,7]",17.885987,17.886100,0.00011341,0
minGroundLight,18,"Arequipa · cresta 1 · N-S aleatorio 3° · mono · tresbolillo ×2 · 6 filas · az 0°",21-dic,1080,71.222,"[5]",19.324287,19.324400,0.00011311,0
minGroundLight,18,"Arequipa · cresta 1 · N-S aleatorio 3° · mono · tresbolillo ×2 · 6 filas · az 0°",21-dic,880,59.846,"[0]",30.939689,30.939800,0.00011069,0
minGroundLight,18,"Arequipa · cresta 1 · N-S aleatorio 3° · mono · tresbolillo ×2 · 6 filas · az 0°",21-dic,1080,71.222,"[0]",19.235490,19.235600,0.00011031,0
minGroundLight,21,"Zaragoza · pendiente 10 · N-S senoidal 4° · mono · medios ×1 · 6 filas · az 15°",21-mar,620,41.836,"[0]",43.336691,43.336800,0.00010889,0
minGroundLight,2,"Arequipa · pendiente -6 · N-S constante 3° · quebrado · alineadas ×1 · 8 filas · az 0°",21-dic,1100,66.799,"[0,1]",23.679593,23.679700,0.00010702,0
minGroundLight,2,"Arequipa · pendiente -6 · N-S constante 3° · quebrado · alineadas ×1 · 8 filas · az 0°",21-dic,1100,66.799,"[2,3]",23.679593,23.679700,0.00010702,0
minGroundLight,2,"Arequipa · pendiente -6 · N-S constante 3° · quebrado · alineadas ×1 · 8 filas · az 0°",21-dic,1100,66.799,"[4,5]",23.679593,23.679700,0.00010702,0
minGroundLight,2,"Arequipa · pendiente -6 · N-S constante 3° · quebrado · alineadas ×1 · 8 filas · az 0°",21-dic,1100,66.799,"[6,7]",23.679593,23.679700,0.00010702,0
minGroundLight,12,"Zaragoza · aleatorio 42 · N-S aleatorio 2° · mono · tresbolillo ×1 · 6 filas · az -20°",21-dic,660,23.493,"[0]",12.833095,12.833200,0.00010463,0
minGroundLight,19,"Zaragoza · pendiente 6 · N-S constante -3° · quebrado · alineadas ×1 · 10 filas · az -20°",21-jun,580,54.844,"[0,1]",31.086397,31.086500,0.00010325,0
minGroundLight,19,"Zaragoza · pendiente 6 · N-S constante -3° · quebrado · alineadas ×1 · 10 filas · az -20°",21-jun,580,54.844,"[2,3]",31.086397,31.086500,0.00010325,0
minGroundLight,19,"Zaragoza · pendiente 6 · N-S constante -3° · quebrado · alineadas ×1 · 10 filas · az -20°",21-jun,580,54.844,"[4,5]",31.086397,31.086500,0.00010325,0
minGroundLight,19,"Zaragoza · pendiente 6 · N-S constante -3° · quebrado · alineadas ×1 · 10 filas · az -20°",21-jun,580,54.844,"[6,7]",31.086397,31.086500,0.00010325,0
minGroundLight,19,"Zaragoza · pendiente 6 · N-S constante -3° · quebrado · alineadas ×1 · 10 filas · az -20°",21-jun,580,54.844,"[8,9]",31.086397,31.086500,0.00010325,0
minGroundLight,1,"Zaragoza · ondulado 1.2 · N-S constante 3° · mono · tresbolillo ×1 · 8 filas · az 15°",21-jun,560,51.273,"[0]",40.768097,40.768200,0.00010324,0
minGroundLight,1,"Zaragoza · ondulado 1.2 · N-S constante 3° · mono · tresbolillo ×1 · 8 filas · az 15°",21-jun,560,51.273,"[1]",40.768097,40.768200,0.00010324,0
minGroundLight,1,"Zaragoza · ondulado 1.2 · N-S constante 3° · mono · tresbolillo ×1 · 8 filas · az 15°",21-jun,560,51.273,"[2]",40.768097,40.768200,0.00010324,0
minGroundLight,1,"Zaragoza · ondulado 1.2 · N-S constante 3° · mono · tresbolillo ×1 · 8 filas · az 15°",21-jun,560,51.273,"[3]",40.768097,40.768200,0.00010324,0
minGroundLight,1,"Zaragoza · ondulado 1.2 · N-S constante 3° · mono · tresbolillo ×1 · 8 filas · az 15°",21-jun,560,51.273,"[4]",40.768097,40.768200,0.00010324,0
minGroundLight,1,"Zaragoza · ondulado 1.2 · N-S constante 3° · mono · tresbolillo ×1 · 8 filas · az 15°",21-jun,560,51.273,"[5]",40.768097,40.768200,0.00010324,0
minGroundLight,1,"Zaragoza · ondulado 1.2 · N-S constante 3° · mono · tresbolillo ×1 · 8 filas · az 15°",21-jun,560,51.273,"[6]",40.768097,40.768200,0.00010324,0
minGroundLight,1,"Zaragoza · ondulado 1.2 · N-S constante 3° · mono · tresbolillo ×1 · 8 filas · az 15°",21-jun,560,51.273,"[7]",40.768097,40.768200,0.00010324,0
minGroundLight,17,"Arequipa · pendiente -3 · N-S senoidal 2° · bifila · tresbolillo ×1 · 6 filas · az 0°",21-dic,1000,83.044,"[0,1]",3.244703,3.244800,0.00009667,0
minGroundLight,6,"Arequipa · cresta 3 · N-S constante 0° · mono · bagnarelli ×1 · 10 filas · az 15°",21-dic,860,55.286,"[0]",36.690905,36.691000,0.00009498,0
minGroundLight,6,"Arequipa · cresta 3 · N-S constante 0° · mono · bagnarelli ×1 · 10 filas · az 15°",21-dic,860,55.286,"[1]",36.690905,36.691000,0.00009498,0
minGroundLight,6,"Arequipa · cresta 3 · N-S constante 0° · mono · bagnarelli ×1 · 10 filas · az 15°",21-dic,860,55.286,"[2]",36.690905,36.691000,0.00009498,0
minGroundLight,6,"Arequipa · cresta 3 · N-S constante 0° · mono · bagnarelli ×1 · 10 filas · az 15°",21-dic,860,55.286,"[3]",36.690905,36.691000,0.00009498,0
minGroundLight,6,"Arequipa · cresta 3 · N-S constante 0° · mono · bagnarelli ×1 · 10 filas · az 15°",21-dic,860,55.286,"[4]",36.690905,36.691000,0.00009498,0
minGroundLight,6,"Arequipa · cresta 3 · N-S constante 0° · mono · bagnarelli ×1 · 10 filas · az 15°",21-dic,860,55.286,"[5]",36.690905,36.691000,0.00009498,0
minGroundLight,6,"Arequipa · cresta 3 · N-S constante 0° · mono · bagnarelli ×1 · 10 filas · az 15°",21-dic,860,55.286,"[6]",36.690905,36.691000,0.00009498,0
minGroundLight,6,"Arequipa · cresta 3 · N-S constante 0° · mono · bagnarelli ×1 · 10 filas · az 15°",21-dic,860,55.286,"[7]",36.690905,36.691000,0.00009498,0
minGroundLight,6,"Arequipa · cresta 3 · N-S constante 0° · mono · bagnarelli ×1 · 10 filas · az 15°",21-dic,860,55.286,"[8]",36.690905,36.691000,0.00009498,0
minGroundLight,6,"Arequipa · cresta 3 · N-S constante 0° · mono · bagnarelli ×1 · 10 filas · az 15°",21-dic,860,55.286,"[9]",36.690905,36.691000,0.00009498,0
minGroundLight,9,"Zaragoza · pendiente -10 · N-S senoidal 4° · mono · alineadas ×1 · 6 filas · az 15°",21-jun,940,42.079,"[5]",48.173506,48.173600,0.00009420,0
minGroundLight,23,"Zaragoza · aleatorio 7 · N-S rotula 6° · quebrado · tresbolillo ×1 · 8 filas · az 0°",21-dic,720,25.020,"[2,3]",2.688107,2.688200,0.00009329,0
minGroundLight,23,"Zaragoza · aleatorio 7 · N-S rotula 6° · quebrado · tresbolillo ×1 · 8 filas · az 0°",21-dic,720,25.020,"[4,5]",2.688107,2.688200,0.00009329,0
minGroundLight,23,"Zaragoza · aleatorio 7 · N-S rotula 6° · quebrado · tresbolillo ×1 · 8 filas · az 0°",21-dic,720,25.020,"[6,7]",2.688107,2.688200,0.00009329,0
minGroundLight,8,"Arequipa · valle 2 · N-S senoidal 2° · quebrado · alineadas ×1 · 6 filas · az -20°",21-dic,880,59.846,"[0,1]",26.408808,26.408900,0.00009188,0
minGroundLight,20,"Zaragoza · llano · N-S rotula 2° · bifila · tresbolillo ×1 · 10 filas · az 0°",21-jun,780,68.544,"[0,1]",15.177708,15.177800,0.00009173,0
minGroundLight,20,"Zaragoza · llano · N-S rotula 2° · bifila · tresbolillo ×1 · 10 filas · az 0°",21-jun,780,68.544,"[2,3]",15.177708,15.177800,0.00009173,0
minGroundLight,20,"Zaragoza · llano · N-S rotula 2° · bifila · tresbolillo ×1 · 10 filas · az 0°",21-jun,780,68.544,"[4,5]",15.177708,15.177800,0.00009173,0
minGroundLight,20,"Zaragoza · llano · N-S rotula 2° · bifila · tresbolillo ×1 · 10 filas · az 0°",21-jun,780,68.544,"[6,7]",15.177708,15.177800,0.00009173,0
minGroundLight,20,"Zaragoza · llano · N-S rotula 2° · bifila · tresbolillo ×1 · 10 filas · az 0°",21-jun,780,68.544,"[8,9]",15.177708,15.177800,0.00009173,0
minGroundLight,9,"Zaragoza · pendiente -10 · N-S senoidal 4° · mono · alineadas ×1 · 6 filas · az 15°",21-mar,900,33.860,"[5]",45.356410,45.356500,0.00009036,0
minGroundLight,23,"Zaragoza · aleatorio 7 · N-S rotula 6° · quebrado · tresbolillo ×1 · 8 filas · az 0°",21-dic,700,24.835,"[0,1]",13.437611,13.437700,0.00008919,0
minGroundLight,23,"Zaragoza · aleatorio 7 · N-S rotula 6° · quebrado · tresbolillo ×1 · 8 filas · az 0°",21-dic,700,24.835,"[2,3]",13.437611,13.437700,0.00008919,0
minGroundLight,23,"Zaragoza · aleatorio 7 · N-S rotula 6° · quebrado · tresbolillo ×1 · 8 filas · az 0°",21-dic,700,24.835,"[4,5]",13.437611,13.437700,0.00008919,0
minGroundLight,23,"Zaragoza · aleatorio 7 · N-S rotula 6° · quebrado · tresbolillo ×1 · 8 filas · az 0°",21-dic,700,24.835,"[6,7]",13.437611,13.437700,0.00008919,0
minGroundLight,12,"Zaragoza · aleatorio 42 · N-S aleatorio 2° · mono · tresbolillo ×1 · 6 filas · az -20°",21-jun,540,47.627,"[5]",40.546511,40.546600,0.00008864,0
minGroundLight,0,"Arequipa · valle 1 · N-S senoidal 6° · mono · medios ×2 · 8 filas · az -20°",21-dic,1000,83.044,"[3]",3.189512,3.189600,0.00008795,0
minGroundLight,8,"Arequipa · valle 2 · N-S senoidal 2° · quebrado · alineadas ×1 · 6 filas · az -20°",21-dic,840,50.710,"[0,1]",34.996314,34.996400,0.00008631,0
minGroundLight,0,"Arequipa · valle 1 · N-S senoidal 6° · mono · medios ×2 · 8 filas · az -20°",21-dic,1000,83.044,"[0]",3.174615,3.174700,0.00008511,0
minGroundLight,0,"Arequipa · valle 1 · N-S senoidal 6° · mono · medios ×2 · 8 filas · az -20°",21-dic,1000,83.044,"[1]",3.174615,3.174700,0.00008511,0
minGroundLight,7,"Arequipa · pendiente 6 · N-S rotula 2° · mono · alineadas ×1 · 8 filas · az 0°",21-mar,1100,62.855,"[0]",24.315316,24.315400,0.00008422,0
minGroundLight,7,"Arequipa · pendiente 6 · N-S rotula 2° · mono · alineadas ×1 · 8 filas · az 0°",21-mar,1100,62.855,"[1]",24.315316,24.315400,0.00008422,0
minGroundLight,7,"Arequipa · pendiente 6 · N-S rotula 2° · mono · alineadas ×1 · 8 filas · az 0°",21-mar,1100,62.855,"[2]",24.315316,24.315400,0.00008422,0
minGroundLight,7,"Arequipa · pendiente 6 · N-S rotula 2° · mono · alineadas ×1 · 8 filas · az 0°",21-mar,1100,62.855,"[3]",24.315316,24.315400,0.00008422,0
minGroundLight,7,"Arequipa · pendiente 6 · N-S rotula 2° · mono · alineadas ×1 · 8 filas · az 0°",21-mar,1100,62.855,"[4]",24.315316,24.315400,0.00008422,0
minGroundLight,7,"Arequipa · pendiente 6 · N-S rotula 2° · mono · alineadas ×1 · 8 filas · az 0°",21-mar,1100,62.855,"[5]",24.315316,24.315400,0.00008422,0
minGroundLight,7,"Arequipa · pendiente 6 · N-S rotula 2° · mono · alineadas ×1 · 8 filas · az 0°",21-mar,1100,62.855,"[6]",24.315316,24.315400,0.00008422,0
minGroundLight,7,"Arequipa · pendiente 6 · N-S rotula 2° · mono · alineadas ×1 · 8 filas · az 0°",21-mar,1100,62.855,"[7]",24.315316,24.315400,0.00008422,0
minGroundLight,17,"Arequipa · pendiente -3 · N-S senoidal 2° · bifila · tresbolillo ×1 · 6 filas · az 0°",21-dic,1100,66.799,"[0,1]",23.767016,23.767100,0.00008398,0
minGroundLight,2,"Arequipa · pendiente -6 · N-S constante 3° · quebrado · alineadas ×1 · 8 filas · az 0°",21-jun,840,32.510,"[0,1]",52.606918,52.607000,0.00008202,0
minGroundLight,2,"Arequipa · pendiente -6 · N-S constante 3° · quebrado · alineadas ×1 · 8 filas · az 0°",21-jun,840,32.510,"[2,3]",52.606918,52.607000,0.00008202,0
minGroundLight,2,"Arequipa · pendiente -6 · N-S constante 3° · quebrado · alineadas ×1 · 8 filas · az 0°",21-jun,840,32.510,"[4,5]",52.606918,52.607000,0.00008202,0
minGroundLight,2,"Arequipa · pendiente -6 · N-S constante 3° · quebrado · alineadas ×1 · 8 filas · az 0°",21-jun,840,32.510,"[6,7]",52.606918,52.607000,0.00008202,0
minGroundLight,18,"Arequipa · cresta 1 · N-S aleatorio 3° · mono · tresbolillo ×2 · 6 filas · az 0°",21-jun,920,44.450,"[5]",27.552218,27.552300,0.00008180,0
minGroundLight,17,"Arequipa · pendiente -3 · N-S senoidal 2° · bifila · tresbolillo ×1 · 6 filas · az 0°",21-dic,1000,83.044,"[4,5]",3.246819,3.246900,0.00008074,0
minGroundLight,15,"Zaragoza · cresta 1 · N-S rotula 4° · quebrado · alineadas ×1 · 8 filas · az 15°",21-dic,740,24.876,"[0,1]",23.026619,23.026700,0.00008070,0
minGroundLight,15,"Zaragoza · cresta 1 · N-S rotula 4° · quebrado · alineadas ×1 · 8 filas · az 15°",21-dic,740,24.876,"[2,3]",23.026619,23.026700,0.00008070,0
minGroundLight,15,"Zaragoza · cresta 1 · N-S rotula 4° · quebrado · alineadas ×1 · 8 filas · az 15°",21-dic,740,24.876,"[4,5]",23.026619,23.026700,0.00008070,0
minGroundLight,15,"Zaragoza · cresta 1 · N-S rotula 4° · quebrado · alineadas ×1 · 8 filas · az 15°",21-dic,740,24.876,"[6,7]",23.026619,23.026700,0.00008070,0
minGroundLight,16,"Arequipa · cresta 1 · N-S constante -3° · mono · alineadas ×1 · 10 filas · az 15°",21-mar,1160,50.247,"[0]",41.446520,41.446600,0.00008020,0
minGroundLight,16,"Arequipa · cresta 1 · N-S constante -3° · mono · alineadas ×1 · 10 filas · az 15°",21-mar,1160,50.247,"[1]",41.446520,41.446600,0.00008020,0
minGroundLight,16,"Arequipa · cresta 1 · N-S constante -3° · mono · alineadas ×1 · 10 filas · az 15°",21-mar,1160,50.247,"[2]",41.446520,41.446600,0.00008020,0
minGroundLight,16,"Arequipa · cresta 1 · N-S constante -3° · mono · alineadas ×1 · 10 filas · az 15°",21-mar,1160,50.247,"[3]",41.446520,41.446600,0.00008020,0
minGroundLight,16,"Arequipa · cresta 1 · N-S constante -3° · mono · alineadas ×1 · 10 filas · az 15°",21-mar,1160,50.247,"[4]",41.446520,41.446600,0.00008020,0
minGroundLight,16,"Arequipa · cresta 1 · N-S constante -3° · mono · alineadas ×1 · 10 filas · az 15°",21-mar,1160,50.247,"[5]",41.446520,41.446600,0.00008020,0
minGroundLight,16,"Arequipa · cresta 1 · N-S constante -3° · mono · alineadas ×1 · 10 filas · az 15°",21-mar,1160,50.247,"[6]",41.446520,41.446600,0.00008020,0
minGroundLight,16,"Arequipa · cresta 1 · N-S constante -3° · mono · alineadas ×1 · 10 filas · az 15°",21-mar,1160,50.247,"[7]",41.446520,41.446600,0.00008020,0
minGroundLight,16,"Arequipa · cresta 1 · N-S constante -3° · mono · alineadas ×1 · 10 filas · az 15°",21-mar,1160,50.247,"[8]",41.446520,41.446600,0.00008020,0
minGroundLight,16,"Arequipa · cresta 1 · N-S constante -3° · mono · alineadas ×1 · 10 filas · az 15°",21-mar,1160,50.247,"[9]",41.446520,41.446600,0.00008020,0
minGroundLight,20,"Zaragoza · llano · N-S rotula 2° · bifila · tresbolillo ×1 · 10 filas · az 0°",21-jun,620,61.594,"[0,1]",26.759921,26.760000,0.00007859,0
minGroundLight,20,"Zaragoza · llano · N-S rotula 2° · bifila · tresbolillo ×1 · 10 filas · az 0°",21-jun,620,61.594,"[2,3]",26.759921,26.760000,0.00007859,0
minGroundLight,20,"Zaragoza · llano · N-S rotula 2° · bifila · tresbolillo ×1 · 10 filas · az 0°",21-jun,620,61.594,"[4,5]",26.759921,26.760000,0.00007859,0
minGroundLight,20,"Zaragoza · llano · N-S rotula 2° · bifila · tresbolillo ×1 · 10 filas · az 0°",21-jun,620,61.594,"[6,7]",26.759921,26.760000,0.00007859,0
minGroundLight,20,"Zaragoza · llano · N-S rotula 2° · bifila · tresbolillo ×1 · 10 filas · az 0°",21-jun,620,61.594,"[8,9]",26.759921,26.760000,0.00007859,0
minGroundLight,8,"Arequipa · valle 2 · N-S senoidal 2° · quebrado · alineadas ×1 · 6 filas · az -20°",21-mar,1180,45.748,"[4,5]",39.301723,39.301800,0.00007695,0
minGroundLight,3,"Arequipa · cresta 1 · N-S aleatorio 3° · quebrado · alineadas ×2 · 6 filas · az 0°",21-jun,940,46.569,"[4,5]",21.874724,21.874800,0.00007650,0
minGroundLight,11,"Arequipa · llano · N-S constante 0° · mono · medios ×2 · 6 filas · az 0°",21-mar,840,43.826,"[0]",46.864924,46.865000,0.00007640,0
minGroundLight,11,"Arequipa · llano · N-S constante 0° · mono · medios ×2 · 6 filas · az 0°",21-mar,840,43.826,"[1]",46.864924,46.865000,0.00007640,0
minGroundLight,11,"Arequipa · llano · N-S constante 0° · mono · medios ×2 · 6 filas · az 0°",21-mar,840,43.826,"[2]",46.864924,46.865000,0.00007640,0
minGroundLight,11,"Arequipa · llano · N-S constante 0° · mono · medios ×2 · 6 filas · az 0°",21-mar,840,43.826,"[3]",46.864924,46.865000,0.00007640,0
minGroundLight,11,"Arequipa · llano · N-S constante 0° · mono · medios ×2 · 6 filas · az 0°",21-mar,840,43.826,"[4]",46.864924,46.865000,0.00007640,0
minGroundLight,11,"Arequipa · llano · N-S constante 0° · mono · medios ×2 · 6 filas · az 0°",21-mar,840,43.826,"[5]",46.864924,46.865000,0.00007640,0
minGroundLight,19,"Zaragoza · pendiente 6 · N-S constante -3° · quebrado · alineadas ×1 · 10 filas · az -20°",21-jun,660,67.358,"[0,1]",11.004625,11.004700,0.00007493,0
minGroundLight,19,"Zaragoza · pendiente 6 · N-S constante -3° · quebrado · alineadas ×1 · 10 filas · az -20°",21-jun,660,67.358,"[2,3]",11.004625,11.004700,0.00007493,0
minGroundLight,19,"Zaragoza · pendiente 6 · N-S constante -3° · quebrado · alineadas ×1 · 10 filas · az -20°",21-jun,660,67.358,"[4,5]",11.004625,11.004700,0.00007493,0
minGroundLight,19,"Zaragoza · pendiente 6 · N-S constante -3° · quebrado · alineadas ×1 · 10 filas · az -20°",21-jun,660,67.358,"[6,7]",11.004625,11.004700,0.00007493,0
minGroundLight,19,"Zaragoza · pendiente 6 · N-S constante -3° · quebrado · alineadas ×1 · 10 filas · az -20°",21-jun,660,67.358,"[8,9]",11.004625,11.004700,0.00007493,0
minGroundLight,22,"Zaragoza · valle 1 · N-S constante 0° · quebrado · medios ×2 · 8 filas · az 15°",21-mar,580,36.634,"[0,1]",52.507027,52.507100,0.00007293,0
minGroundLight,22,"Zaragoza · valle 1 · N-S constante 0° · quebrado · medios ×2 · 8 filas · az 15°",21-mar,580,36.634,"[2,3]",52.507027,52.507100,0.00007293,0
minGroundLight,22,"Zaragoza · valle 1 · N-S constante 0° · quebrado · medios ×2 · 8 filas · az 15°",21-mar,580,36.634,"[4,5]",52.507027,52.507100,0.00007293,0
minGroundLight,22,"Zaragoza · valle 1 · N-S constante 0° · quebrado · medios ×2 · 8 filas · az 15°",21-mar,580,36.634,"[6,7]",52.507027,52.507100,0.00007293,0
minGroundLight,3,"Arequipa · cresta 1 · N-S aleatorio 3° · quebrado · alineadas ×2 · 6 filas · az 0°",21-jun,1160,35.607,"[4,5]",44.000000,44.000000,0.00000000,0
minGroundLight,3,"Arequipa · cresta 1 · N-S aleatorio 3° · quebrado · alineadas ×2 · 6 filas · az 0°",21-dic,1200,44.020,"[4,5]",44.750000,44.750000,0.00000000,0
minGroundLight,5,"Zaragoza · pendiente 10 · N-S aleatorio 3° · quebrado · bagnarelli ×2 · 10 filas · az -20°",21-jun,320,7.595,"[2,3]",39.000000,39.000000,0.00000000,0
minGroundLight,5,"Zaragoza · pendiente 10 · N-S aleatorio 3° · quebrado · bagnarelli ×2 · 10 filas · az -20°",21-mar,840,41.965,"[4,5]",43.500000,43.500000,0.00000000,0
minGroundLight,5,"Zaragoza · pendiente 10 · N-S aleatorio 3° · quebrado · bagnarelli ×2 · 10 filas · az -20°",21-mar,840,41.965,"[8,9]",4.000000,4.000000,0.00000000,0
minGroundLight,8,"Arequipa · valle 2 · N-S senoidal 2° · quebrado · alineadas ×1 · 6 filas · az -20°",21-jun,800,25.154,"[0,1]",22.900000,22.900000,0.00000000,0
minGroundLight,8,"Arequipa · valle 2 · N-S senoidal 2° · quebrado · alineadas ×1 · 6 filas · az -20°",21-jun,800,25.154,"[2,3]",3.177602,3.177602,0.00000000,0
minGroundLight,9,"Zaragoza · pendiente -10 · N-S senoidal 4° · mono · alineadas ×1 · 6 filas · az 15°",21-mar,600,39.364,"[0]",27.276252,27.276252,0.00000000,0
minGroundLight,9,"Zaragoza · pendiente -10 · N-S senoidal 4° · mono · alineadas ×1 · 6 filas · az 15°",21-mar,600,39.364,"[1]",11.200622,11.200622,0.00000000,0
minGroundLight,9,"Zaragoza · pendiente -10 · N-S senoidal 4° · mono · alineadas ×1 · 6 filas · az 15°",21-mar,600,39.364,"[2]",11.200622,11.200622,0.00000000,0
minGroundLight,9,"Zaragoza · pendiente -10 · N-S senoidal 4° · mono · alineadas ×1 · 6 filas · az 15°",21-mar,600,39.364,"[3]",20.258421,20.258421,0.00000000,0
minGroundLight,9,"Zaragoza · pendiente -10 · N-S senoidal 4° · mono · alineadas ×1 · 6 filas · az 15°",21-mar,600,39.364,"[4]",11.200622,11.200622,0.00000000,0
minGroundLight,9,"Zaragoza · pendiente -10 · N-S senoidal 4° · mono · alineadas ×1 · 6 filas · az 15°",21-mar,600,39.364,"[5]",11.200622,11.200622,0.00000000,0
minGroundLight,9,"Zaragoza · pendiente -10 · N-S senoidal 4° · mono · alineadas ×1 · 6 filas · az 15°",21-dic,920,10.471,"[0]",30.100000,30.100000,0.00000000,0
minGroundLight,9,"Zaragoza · pendiente -10 · N-S senoidal 4° · mono · alineadas ×1 · 6 filas · az 15°",21-dic,920,10.471,"[3]",16.800000,16.800000,0.00000000,0
minGroundLight,10,"Zaragoza · valle 1 · N-S senoidal 4° · quebrado · alineadas ×2 · 10 filas · az -20°",21-jun,500,40.208,"[4,5]",23.250000,23.250000,0.00000000,0
minGroundLight,10,"Zaragoza · valle 1 · N-S senoidal 4° · quebrado · alineadas ×2 · 10 filas · az -20°",21-jun,500,40.208,"[6,7]",27.500000,27.500000,0.00000000,0
minGroundLight,10,"Zaragoza · valle 1 · N-S senoidal 4° · quebrado · alineadas ×2 · 10 filas · az -20°",21-dic,780,23.615,"[8,9]",52.500000,52.500000,0.00000000,0
minGroundLight,13,"Arequipa · pendiente 10 · N-S rotula 4° · mono · alineadas ×1 · 6 filas · az 0°",21-mar,1360,3.475,"[0]",13.417077,13.417077,0.00000000,0
minGroundLight,13,"Arequipa · pendiente 10 · N-S rotula 4° · mono · alineadas ×1 · 6 filas · az 0°",21-mar,1360,3.475,"[1]",13.417077,13.417077,0.00000000,0
minGroundLight,13,"Arequipa · pendiente 10 · N-S rotula 4° · mono · alineadas ×1 · 6 filas · az 0°",21-mar,1360,3.475,"[2]",13.417077,13.417077,0.00000000,0
minGroundLight,13,"Arequipa · pendiente 10 · N-S rotula 4° · mono · alineadas ×1 · 6 filas · az 0°",21-mar,1360,3.475,"[3]",13.417077,13.417077,0.00000000,0
minGroundLight,13,"Arequipa · pendiente 10 · N-S rotula 4° · mono · alineadas ×1 · 6 filas · az 0°",21-mar,1360,3.475,"[4]",13.417077,13.417077,0.00000000,0
minGroundLight,13,"Arequipa · pendiente 10 · N-S rotula 4° · mono · alineadas ×1 · 6 filas · az 0°",21-mar,1360,3.475,"[5]",13.417077,13.417077,0.00000000,0
minGroundLight,15,"Zaragoza · cresta 1 · N-S rotula 4° · quebrado · alineadas ×1 · 8 filas · az 15°",21-mar,400,5.850,"[0,1]",2.194802,2.194802,0.00000000,0
minGroundLight,15,"Zaragoza · cresta 1 · N-S rotula 4° · quebrado · alineadas ×1 · 8 filas · az 15°",21-mar,400,5.850,"[2,3]",2.194802,2.194802,0.00000000,0
minGroundLight,15,"Zaragoza · cresta 1 · N-S rotula 4° · quebrado · alineadas ×1 · 8 filas · az 15°",21-mar,400,5.850,"[4,5]",9.177941,9.177941,0.00000000,0
minGroundLight,15,"Zaragoza · cresta 1 · N-S rotula 4° · quebrado · alineadas ×1 · 8 filas · az 15°",21-mar,400,5.850,"[6,7]",16.400650,16.400650,0.00000000,0
minGroundLight,15,"Zaragoza · cresta 1 · N-S rotula 4° · quebrado · alineadas ×1 · 8 filas · az 15°",21-mar,500,23.882,"[0,1]",42.545143,42.545143,0.00000000,0
minGroundLight,15,"Zaragoza · cresta 1 · N-S rotula 4° · quebrado · alineadas ×1 · 8 filas · az 15°",21-mar,500,23.882,"[2,3]",42.545143,42.545143,0.00000000,0
minGroundLight,15,"Zaragoza · cresta 1 · N-S rotula 4° · quebrado · alineadas ×1 · 8 filas · az 15°",21-dic,500,7.402,"[0,1]",5.704011,5.704011,0.00000000,0
minGroundLight,15,"Zaragoza · cresta 1 · N-S rotula 4° · quebrado · alineadas ×1 · 8 filas · az 15°",21-dic,500,7.402,"[2,3]",5.704011,5.704011,0.00000000,0
minGroundLight,15,"Zaragoza · cresta 1 · N-S rotula 4° · quebrado · alineadas ×1 · 8 filas · az 15°",21-dic,500,7.402,"[4,5]",12.839631,12.839631,0.00000000,0
minGroundLight,15,"Zaragoza · cresta 1 · N-S rotula 4° · quebrado · alineadas ×1 · 8 filas · az 15°",21-dic,500,7.402,"[6,7]",20.337146,20.337146,0.00000000,0
minGroundLight,17,"Arequipa · pendiente -3 · N-S senoidal 2° · bifila · tresbolillo ×1 · 6 filas · az 0°",21-mar,1340,8.156,"[2,3]",28.500000,28.500000,0.00000000,0
minGroundLight,17,"Arequipa · pendiente -3 · N-S senoidal 2° · bifila · tresbolillo ×1 · 6 filas · az 0°",21-mar,1340,8.156,"[4,5]",15.500000,15.500000,0.00000000,0
minGroundLight,18,"Arequipa · cresta 1 · N-S aleatorio 3° · mono · tresbolillo ×2 · 6 filas · az 0°",21-jun,1140,38.786,"[0]",38.053578,38.053578,0.00000000,0
minGroundLight,18,"Arequipa · cresta 1 · N-S aleatorio 3° · mono · tresbolillo ×2 · 6 filas · az 0°",21-jun,1140,38.786,"[1]",38.053578,38.053578,0.00000000,0
minGroundLight,18,"Arequipa · cresta 1 · N-S aleatorio 3° · mono · tresbolillo ×2 · 6 filas · az 0°",21-jun,1140,38.786,"[2]",39.243037,39.243037,0.00000000,0
minGroundLight,18,"Arequipa · cresta 1 · N-S aleatorio 3° · mono · tresbolillo ×2 · 6 filas · az 0°",21-jun,1140,38.786,"[5]",37.239355,37.239355,0.00000000,0
minGroundLight,18,"Arequipa · cresta 1 · N-S aleatorio 3° · mono · tresbolillo ×2 · 6 filas · az 0°",21-mar,840,43.826,"[2]",45.161026,45.161026,0.00000000,0
minGroundLight,18,"Arequipa · cresta 1 · N-S aleatorio 3° · mono · tresbolillo ×2 · 6 filas · az 0°",21-mar,840,43.826,"[3]",44.870370,44.870370,0.00000000,0
minGroundLight,18,"Arequipa · cresta 1 · N-S aleatorio 3° · mono · tresbolillo ×2 · 6 filas · az 0°",21-mar,840,43.826,"[4]",44.506600,44.506600,0.00000000,0
minGroundLight,18,"Arequipa · cresta 1 · N-S aleatorio 3° · mono · tresbolillo ×2 · 6 filas · az 0°",21-mar,840,43.826,"[5]",44.506600,44.506600,0.00000000,0
minGroundLight,18,"Arequipa · cresta 1 · N-S aleatorio 3° · mono · tresbolillo ×2 · 6 filas · az 0°",21-mar,1300,17.657,"[2]",27.407409,27.407409,0.00000000,0
minGroundLight,18,"Arequipa · cresta 1 · N-S aleatorio 3° · mono · tresbolillo ×2 · 6 filas · az 0°",21-mar,1300,17.657,"[5]",15.459644,15.459644,0.00000000,0
minGroundLight,18,"Arequipa · cresta 1 · N-S aleatorio 3° · mono · tresbolillo ×2 · 6 filas · az 0°",21-dic,800,41.545,"[2]",46.802884,46.802884,0.00000000,0
minGroundLight,18,"Arequipa · cresta 1 · N-S aleatorio 3° · mono · tresbolillo ×2 · 6 filas · az 0°",21-dic,800,41.545,"[3]",26.092845,26.092845,0.00000000,0
minGroundLight,18,"Arequipa · cresta 1 · N-S aleatorio 3° · mono · tresbolillo ×2 · 6 filas · az 0°",21-dic,800,41.545,"[4]",26.092845,26.092845,0.00000000,0
minGroundLight,18,"Arequipa · cresta 1 · N-S aleatorio 3° · mono · tresbolillo ×2 · 6 filas · az 0°",21-dic,800,41.545,"[5]",47.641611,47.641611,0.00000000,0
minGroundLight,23,"Zaragoza · aleatorio 7 · N-S rotula 6° · quebrado · tresbolillo ×1 · 8 filas · az 0°",21-dic,620,20.929,"[0,1]",47.666982,47.666982,0.00000000,0
minGroundLight,23,"Zaragoza · aleatorio 7 · N-S rotula 6° · quebrado · tresbolillo ×1 · 8 filas · az 0°",21-dic,620,20.929,"[2,3]",47.666982,47.666982,0.00000000,0
minGroundLight,23,"Zaragoza · aleatorio 7 · N-S rotula 6° · quebrado · tresbolillo ×1 · 8 filas · az 0°",21-dic,620,20.929,"[4,5]",47.666982,47.666982,0.00000000,0
minGroundLight,23,"Zaragoza · aleatorio 7 · N-S rotula 6° · quebrado · tresbolillo ×1 · 8 filas · az 0°",21-dic,620,20.929,"[6,7]",47.666982,47.666982,0.00000000,0
minGroundLight,24,"Zaragoza · llano · N-S aleatorio 3° · bifila · tresbolillo ×2 · 10 filas · az 0°",21-jun,480,36.473,"[0,1]",53.500000,53.500000,0.00000000,0
minGroundLight,24,"Zaragoza · llano · N-S aleatorio 3° · bifila · tresbolillo ×2 · 10 filas · az 0°",21-jun,480,36.473,"[6,7]",1.750000,1.750000,0.00000000,0
minGroundLight,24,"Zaragoza · llano · N-S aleatorio 3° · bifila · tresbolillo ×2 · 10 filas · az 0°",21-jun,480,36.473,"[8,9]",53.526186,53.526186,0.00000000,0
